ISO-10303-21;
HEADER;
/* Generated by software containing ST-Developer
 * from STEP Tools, Inc. (www.steptools.com) 
 */

FILE_DESCRIPTION(
/* description */ (''),
/* implementation_level */ '2;1');

FILE_NAME(
/* name */ '',
/* time_stamp */ '2026-01-13T21:51:50+03:00',
/* author */ ('DELL'),
/* organization */ (''),
/* preprocessor_version */ 'ST-DEVELOPER v19.2',
/* originating_system */ 'Autodesk Inventor 2023',
/* authorisation */ '');

FILE_SCHEMA (('AUTOMOTIVE_DESIGN { 1 0 10303 214 3 1 1 }'));
ENDSEC;

DATA;
#10=MECHANICAL_DESIGN_GEOMETRIC_PRESENTATION_REPRESENTATION('',(#13),#4307);
#11=SHAPE_REPRESENTATION_RELATIONSHIP('SRR','None',#4314,#12);
#12=ADVANCED_BREP_SHAPE_REPRESENTATION('',(#14),#4306);
#13=STYLED_ITEM('',(#4323),#14);
#14=MANIFOLD_SOLID_BREP('\X2\04220432043504400434043E0435\X0\ \X2\04420435043B043E\X0\1',
#2573);
#15=FACE_BOUND('',#295,.T.);
#16=FACE_BOUND('',#296,.T.);
#17=FACE_BOUND('',#298,.T.);
#18=FACE_BOUND('',#301,.T.);
#19=FACE_BOUND('',#407,.T.);
#20=FACE_BOUND('',#409,.T.);
#21=FACE_BOUND('',#410,.T.);
#22=FACE_BOUND('',#411,.T.);
#23=FACE_BOUND('',#412,.T.);
#24=FACE_BOUND('',#413,.T.);
#25=FACE_BOUND('',#414,.T.);
#26=ELLIPSE('',#2614,2.33938263460918,1.6);
#27=ELLIPSE('',#2616,2.33938263460923,1.6);
#28=ELLIPSE('',#2619,2.33938263460922,1.6);
#29=ELLIPSE('',#2621,2.33938263460918,1.6);
#30=ELLIPSE('',#2642,2.3393826346092,1.6);
#31=ELLIPSE('',#2644,2.33938263460921,1.6);
#32=ELLIPSE('',#2645,2.33938263460921,1.6);
#33=ELLIPSE('',#2647,2.3393826346092,1.6);
#34=B_SPLINE_CURVE_WITH_KNOTS('',3,(#3494,#3495,#3496,#3497,#3498,#3499,
#3500,#3501,#3502,#3503,#3504,#3505,#3506,#3507,#3508,#3509,#3510,#3511,
#3512,#3513,#3514,#3515,#3516),.UNSPECIFIED.,.F.,.F.,(4,3,2,2,2,2,2,2,2,
2,4),(-0.0217292797903749,0.,0.0607080578775667,0.121416115755133,0.182107489022265,
0.242798862289396,0.303482245197064,0.364165628104731,0.424872519376992,
0.485579410649252,0.48566820557388),.UNSPECIFIED.);
#35=B_SPLINE_CURVE_WITH_KNOTS('',3,(#3518,#3519,#3520,#3521,#3522,#3523,
#3524),.UNSPECIFIED.,.F.,.F.,(4,3,4),(-0.052975552816763,0.,0.0216990906456101),
 .UNSPECIFIED.);
#36=B_SPLINE_CURVE_WITH_KNOTS('',3,(#3536,#3537,#3538,#3539,#3540,#3541),
 .UNSPECIFIED.,.F.,.F.,(4,2,4),(0.482648478803701,0.482737273152945,0.539083700161469),
 .UNSPECIFIED.);
#37=B_SPLINE_CURVE_WITH_KNOTS('',3,(#3550,#3551,#3552,#3553,#3554,#3555,
#3556,#3557,#3558,#3559,#3560,#3561,#3562,#3563,#3564,#3565,#3566,#3567,
#3568,#3569,#3570),.UNSPECIFIED.,.F.,.F.,(4,2,2,2,2,2,2,2,3,4),(-0.485579499254067,
-0.424873074485184,-0.3641666497163,-0.303486440949648,-0.242806232182997,
-0.182111640754385,-0.121417049325774,-0.0607085246628868,0.,0.00074204261050815),
 .UNSPECIFIED.);
#38=B_SPLINE_CURVE_WITH_KNOTS('',3,(#3572,#3573,#3574,#3575),
 .UNSPECIFIED.,.F.,.F.,(4,4),(0.426978259064214,0.482737287000057),
 .UNSPECIFIED.);
#39=B_SPLINE_CURVE_WITH_KNOTS('',3,(#3586,#3587,#3588,#3589,#3590,#3591,
#3592),.UNSPECIFIED.,.F.,.F.,(4,3,4),(-0.000742002286671178,0.,0.0535929181269564),
 .UNSPECIFIED.);
#40=B_SPLINE_CURVE_WITH_KNOTS('',3,(#3630,#3631,#3632,#3633,#3634,#3635,
#3636,#3637,#3638,#3639,#3640,#3641,#3642,#3643,#3644,#3645,#3646,#3647,
#3648,#3649,#3650,#3651,#3652,#3653,#3654,#3655,#3656,#3657,#3658,#3659,
#3660,#3661,#3662,#3663),.UNSPECIFIED.,.T.,.F.,(4,2,2,2,2,2,2,2,2,2,2,2,
2,2,2,2,4),(0.,0.0607081745660889,0.121416349132178,0.182108525759734,0.242800702387291,
0.303484891319906,0.364169080252521,0.424874253685383,0.485579427118245,
0.546286201757365,0.606992976396485,0.667675564590601,0.728358152784718,
0.789050329412275,0.849742506039831,0.91045068060592,0.971158855172009),
 .UNSPECIFIED.);
#41=B_SPLINE_CURVE_WITH_KNOTS('',3,(#3706,#3707,#3708,#3709,#3710,#3711),
 .UNSPECIFIED.,.F.,.F.,(4,2,4),(0.426537152192275,0.482737275868891,0.53893741536206),
 .UNSPECIFIED.);
#42=B_SPLINE_CURVE_WITH_KNOTS('',3,(#3723,#3724,#3725,#3726),
 .UNSPECIFIED.,.F.,.F.,(4,4),(0.,0.0531305572591531),.UNSPECIFIED.);
#43=B_SPLINE_CURVE_WITH_KNOTS('',3,(#3729,#3730,#3731,#3732),
 .UNSPECIFIED.,.F.,.F.,(4,4),(-0.0531305572470449,0.),.UNSPECIFIED.);
#44=(
BOUNDED_CURVE()
B_SPLINE_CURVE(2,(#3484,#3485,#3486),.UNSPECIFIED.,.F.,.F.)
B_SPLINE_CURVE_WITH_KNOTS((3,3),(0.,0.377185565944288),.UNSPECIFIED.)
CURVE()
GEOMETRIC_REPRESENTATION_ITEM()
RATIONAL_B_SPLINE_CURVE((1.,0.999998435931734,1.))
REPRESENTATION_ITEM('')
);
#45=PLANE('',#2599);
#46=PLANE('',#2603);
#47=PLANE('',#2607);
#48=PLANE('',#2611);
#49=PLANE('',#2612);
#50=PLANE('',#2617);
#51=PLANE('',#2625);
#52=PLANE('',#2626);
#53=PLANE('',#2627);
#54=PLANE('',#2628);
#55=PLANE('',#2629);
#56=PLANE('',#2633);
#57=PLANE('',#2635);
#58=PLANE('',#2636);
#59=PLANE('',#2638);
#60=PLANE('',#2639);
#61=PLANE('',#2651);
#62=PLANE('',#2652);
#63=PLANE('',#2653);
#64=PLANE('',#2654);
#65=PLANE('',#2655);
#66=PLANE('',#2659);
#67=PLANE('',#2660);
#68=PLANE('',#2661);
#69=PLANE('',#2662);
#70=PLANE('',#2663);
#71=PLANE('',#2664);
#72=PLANE('',#2665);
#73=PLANE('',#2666);
#74=PLANE('',#2667);
#75=PLANE('',#2668);
#76=PLANE('',#2672);
#77=PLANE('',#2673);
#78=PLANE('',#2674);
#79=PLANE('',#2675);
#80=PLANE('',#2676);
#81=PLANE('',#2680);
#82=PLANE('',#2681);
#83=PLANE('',#2682);
#84=PLANE('',#2683);
#85=PLANE('',#2684);
#86=PLANE('',#2688);
#87=PLANE('',#2689);
#88=PLANE('',#2690);
#89=PLANE('',#2691);
#90=PLANE('',#2692);
#91=PLANE('',#2696);
#92=PLANE('',#2697);
#93=PLANE('',#2698);
#94=PLANE('',#2699);
#95=PLANE('',#2700);
#96=PLANE('',#2704);
#97=PLANE('',#2705);
#98=PLANE('',#2706);
#99=PLANE('',#2707);
#100=PLANE('',#2708);
#101=PLANE('',#2712);
#102=PLANE('',#2713);
#103=PLANE('',#2714);
#104=PLANE('',#2715);
#105=PLANE('',#2716);
#106=PLANE('',#2720);
#107=PLANE('',#2721);
#108=PLANE('',#2722);
#109=PLANE('',#2723);
#110=PLANE('',#2724);
#111=PLANE('',#2725);
#112=PLANE('',#2726);
#113=PLANE('',#2727);
#114=PLANE('',#2728);
#115=PLANE('',#2729);
#116=PLANE('',#2733);
#117=PLANE('',#2734);
#118=PLANE('',#2735);
#119=PLANE('',#2736);
#120=PLANE('',#2737);
#121=PLANE('',#2741);
#122=PLANE('',#2742);
#123=PLANE('',#2743);
#124=PLANE('',#2744);
#125=PLANE('',#2745);
#126=PLANE('',#2749);
#127=PLANE('',#2750);
#128=PLANE('',#2751);
#129=PLANE('',#2752);
#130=PLANE('',#2753);
#131=PLANE('',#2757);
#132=PLANE('',#2758);
#133=PLANE('',#2759);
#134=PLANE('',#2760);
#135=PLANE('',#2761);
#136=PLANE('',#2765);
#137=PLANE('',#2766);
#138=PLANE('',#2767);
#139=PLANE('',#2768);
#140=PLANE('',#2769);
#141=PLANE('',#2773);
#142=PLANE('',#2774);
#143=PLANE('',#2775);
#144=PLANE('',#2776);
#145=PLANE('',#2777);
#146=PLANE('',#2778);
#147=PLANE('',#2779);
#148=FACE_OUTER_BOUND('',#276,.T.);
#149=FACE_OUTER_BOUND('',#277,.T.);
#150=FACE_OUTER_BOUND('',#278,.T.);
#151=FACE_OUTER_BOUND('',#279,.T.);
#152=FACE_OUTER_BOUND('',#280,.T.);
#153=FACE_OUTER_BOUND('',#281,.T.);
#154=FACE_OUTER_BOUND('',#282,.T.);
#155=FACE_OUTER_BOUND('',#283,.T.);
#156=FACE_OUTER_BOUND('',#284,.T.);
#157=FACE_OUTER_BOUND('',#285,.T.);
#158=FACE_OUTER_BOUND('',#286,.T.);
#159=FACE_OUTER_BOUND('',#287,.T.);
#160=FACE_OUTER_BOUND('',#288,.T.);
#161=FACE_OUTER_BOUND('',#289,.T.);
#162=FACE_OUTER_BOUND('',#290,.T.);
#163=FACE_OUTER_BOUND('',#291,.T.);
#164=FACE_OUTER_BOUND('',#292,.T.);
#165=FACE_OUTER_BOUND('',#293,.T.);
#166=FACE_OUTER_BOUND('',#294,.T.);
#167=FACE_OUTER_BOUND('',#297,.T.);
#168=FACE_OUTER_BOUND('',#299,.T.);
#169=FACE_OUTER_BOUND('',#300,.T.);
#170=FACE_OUTER_BOUND('',#302,.T.);
#171=FACE_OUTER_BOUND('',#303,.T.);
#172=FACE_OUTER_BOUND('',#304,.T.);
#173=FACE_OUTER_BOUND('',#305,.T.);
#174=FACE_OUTER_BOUND('',#306,.T.);
#175=FACE_OUTER_BOUND('',#307,.T.);
#176=FACE_OUTER_BOUND('',#308,.T.);
#177=FACE_OUTER_BOUND('',#309,.T.);
#178=FACE_OUTER_BOUND('',#310,.T.);
#179=FACE_OUTER_BOUND('',#311,.T.);
#180=FACE_OUTER_BOUND('',#312,.T.);
#181=FACE_OUTER_BOUND('',#313,.T.);
#182=FACE_OUTER_BOUND('',#314,.T.);
#183=FACE_OUTER_BOUND('',#315,.T.);
#184=FACE_OUTER_BOUND('',#316,.T.);
#185=FACE_OUTER_BOUND('',#317,.T.);
#186=FACE_OUTER_BOUND('',#318,.T.);
#187=FACE_OUTER_BOUND('',#319,.T.);
#188=FACE_OUTER_BOUND('',#320,.T.);
#189=FACE_OUTER_BOUND('',#321,.T.);
#190=FACE_OUTER_BOUND('',#322,.T.);
#191=FACE_OUTER_BOUND('',#323,.T.);
#192=FACE_OUTER_BOUND('',#324,.T.);
#193=FACE_OUTER_BOUND('',#325,.T.);
#194=FACE_OUTER_BOUND('',#326,.T.);
#195=FACE_OUTER_BOUND('',#327,.T.);
#196=FACE_OUTER_BOUND('',#328,.T.);
#197=FACE_OUTER_BOUND('',#329,.T.);
#198=FACE_OUTER_BOUND('',#330,.T.);
#199=FACE_OUTER_BOUND('',#331,.T.);
#200=FACE_OUTER_BOUND('',#332,.T.);
#201=FACE_OUTER_BOUND('',#333,.T.);
#202=FACE_OUTER_BOUND('',#334,.T.);
#203=FACE_OUTER_BOUND('',#335,.T.);
#204=FACE_OUTER_BOUND('',#336,.T.);
#205=FACE_OUTER_BOUND('',#337,.T.);
#206=FACE_OUTER_BOUND('',#338,.T.);
#207=FACE_OUTER_BOUND('',#339,.T.);
#208=FACE_OUTER_BOUND('',#340,.T.);
#209=FACE_OUTER_BOUND('',#341,.T.);
#210=FACE_OUTER_BOUND('',#342,.T.);
#211=FACE_OUTER_BOUND('',#343,.T.);
#212=FACE_OUTER_BOUND('',#344,.T.);
#213=FACE_OUTER_BOUND('',#345,.T.);
#214=FACE_OUTER_BOUND('',#346,.T.);
#215=FACE_OUTER_BOUND('',#347,.T.);
#216=FACE_OUTER_BOUND('',#348,.T.);
#217=FACE_OUTER_BOUND('',#349,.T.);
#218=FACE_OUTER_BOUND('',#350,.T.);
#219=FACE_OUTER_BOUND('',#351,.T.);
#220=FACE_OUTER_BOUND('',#352,.T.);
#221=FACE_OUTER_BOUND('',#353,.T.);
#222=FACE_OUTER_BOUND('',#354,.T.);
#223=FACE_OUTER_BOUND('',#355,.T.);
#224=FACE_OUTER_BOUND('',#356,.T.);
#225=FACE_OUTER_BOUND('',#357,.T.);
#226=FACE_OUTER_BOUND('',#358,.T.);
#227=FACE_OUTER_BOUND('',#359,.T.);
#228=FACE_OUTER_BOUND('',#360,.T.);
#229=FACE_OUTER_BOUND('',#361,.T.);
#230=FACE_OUTER_BOUND('',#362,.T.);
#231=FACE_OUTER_BOUND('',#363,.T.);
#232=FACE_OUTER_BOUND('',#364,.T.);
#233=FACE_OUTER_BOUND('',#365,.T.);
#234=FACE_OUTER_BOUND('',#366,.T.);
#235=FACE_OUTER_BOUND('',#367,.T.);
#236=FACE_OUTER_BOUND('',#368,.T.);
#237=FACE_OUTER_BOUND('',#369,.T.);
#238=FACE_OUTER_BOUND('',#370,.T.);
#239=FACE_OUTER_BOUND('',#371,.T.);
#240=FACE_OUTER_BOUND('',#372,.T.);
#241=FACE_OUTER_BOUND('',#373,.T.);
#242=FACE_OUTER_BOUND('',#374,.T.);
#243=FACE_OUTER_BOUND('',#375,.T.);
#244=FACE_OUTER_BOUND('',#376,.T.);
#245=FACE_OUTER_BOUND('',#377,.T.);
#246=FACE_OUTER_BOUND('',#378,.T.);
#247=FACE_OUTER_BOUND('',#379,.T.);
#248=FACE_OUTER_BOUND('',#380,.T.);
#249=FACE_OUTER_BOUND('',#381,.T.);
#250=FACE_OUTER_BOUND('',#382,.T.);
#251=FACE_OUTER_BOUND('',#383,.T.);
#252=FACE_OUTER_BOUND('',#384,.T.);
#253=FACE_OUTER_BOUND('',#385,.T.);
#254=FACE_OUTER_BOUND('',#386,.T.);
#255=FACE_OUTER_BOUND('',#387,.T.);
#256=FACE_OUTER_BOUND('',#388,.T.);
#257=FACE_OUTER_BOUND('',#389,.T.);
#258=FACE_OUTER_BOUND('',#390,.T.);
#259=FACE_OUTER_BOUND('',#391,.T.);
#260=FACE_OUTER_BOUND('',#392,.T.);
#261=FACE_OUTER_BOUND('',#393,.T.);
#262=FACE_OUTER_BOUND('',#394,.T.);
#263=FACE_OUTER_BOUND('',#395,.T.);
#264=FACE_OUTER_BOUND('',#396,.T.);
#265=FACE_OUTER_BOUND('',#397,.T.);
#266=FACE_OUTER_BOUND('',#398,.T.);
#267=FACE_OUTER_BOUND('',#399,.T.);
#268=FACE_OUTER_BOUND('',#400,.T.);
#269=FACE_OUTER_BOUND('',#401,.T.);
#270=FACE_OUTER_BOUND('',#402,.T.);
#271=FACE_OUTER_BOUND('',#403,.T.);
#272=FACE_OUTER_BOUND('',#404,.T.);
#273=FACE_OUTER_BOUND('',#405,.T.);
#274=FACE_OUTER_BOUND('',#406,.T.);
#275=FACE_OUTER_BOUND('',#408,.T.);
#276=EDGE_LOOP('',(#1682,#1683,#1684,#1685));
#277=EDGE_LOOP('',(#1686));
#278=EDGE_LOOP('',(#1687,#1688,#1689,#1690));
#279=EDGE_LOOP('',(#1691));
#280=EDGE_LOOP('',(#1692,#1693,#1694,#1695));
#281=EDGE_LOOP('',(#1696));
#282=EDGE_LOOP('',(#1697,#1698,#1699,#1700));
#283=EDGE_LOOP('',(#1701));
#284=EDGE_LOOP('',(#1702,#1703,#1704,#1705));
#285=EDGE_LOOP('',(#1706,#1707,#1708,#1709,#1710,#1711,#1712,#1713,#1714,
#1715));
#286=EDGE_LOOP('',(#1716,#1717,#1718,#1719));
#287=EDGE_LOOP('',(#1720,#1721,#1722,#1723,#1724,#1725,#1726,#1727,#1728,
#1729));
#288=EDGE_LOOP('',(#1730,#1731,#1732,#1733,#1734,#1735,#1736,#1737));
#289=EDGE_LOOP('',(#1738,#1739,#1740,#1741));
#290=EDGE_LOOP('',(#1742,#1743,#1744,#1745));
#291=EDGE_LOOP('',(#1746,#1747,#1748,#1749));
#292=EDGE_LOOP('',(#1750,#1751,#1752,#1753));
#293=EDGE_LOOP('',(#1754,#1755,#1756,#1757));
#294=EDGE_LOOP('',(#1758,#1759,#1760,#1761));
#295=EDGE_LOOP('',(#1762,#1763,#1764,#1765));
#296=EDGE_LOOP('',(#1766));
#297=EDGE_LOOP('',(#1767,#1768,#1769,#1770));
#298=EDGE_LOOP('',(#1771));
#299=EDGE_LOOP('',(#1772,#1773,#1774,#1775));
#300=EDGE_LOOP('',(#1776,#1777,#1778,#1779));
#301=EDGE_LOOP('',(#1780));
#302=EDGE_LOOP('',(#1781,#1782,#1783,#1784));
#303=EDGE_LOOP('',(#1785,#1786,#1787,#1788));
#304=EDGE_LOOP('',(#1789,#1790,#1791,#1792));
#305=EDGE_LOOP('',(#1793,#1794,#1795,#1796,#1797,#1798,#1799,#1800,#1801,
#1802,#1803,#1804,#1805,#1806,#1807,#1808));
#306=EDGE_LOOP('',(#1809,#1810,#1811,#1812,#1813,#1814,#1815));
#307=EDGE_LOOP('',(#1816,#1817,#1818,#1819));
#308=EDGE_LOOP('',(#1820,#1821,#1822,#1823));
#309=EDGE_LOOP('',(#1824,#1825,#1826,#1827));
#310=EDGE_LOOP('',(#1828,#1829,#1830,#1831));
#311=EDGE_LOOP('',(#1832,#1833,#1834,#1835));
#312=EDGE_LOOP('',(#1836,#1837,#1838,#1839,#1840,#1841,#1842,#1843));
#313=EDGE_LOOP('',(#1844,#1845,#1846,#1847));
#314=EDGE_LOOP('',(#1848,#1849,#1850,#1851));
#315=EDGE_LOOP('',(#1852,#1853,#1854,#1855));
#316=EDGE_LOOP('',(#1856,#1857,#1858,#1859));
#317=EDGE_LOOP('',(#1860,#1861,#1862,#1863));
#318=EDGE_LOOP('',(#1864,#1865,#1866,#1867));
#319=EDGE_LOOP('',(#1868,#1869,#1870,#1871));
#320=EDGE_LOOP('',(#1872,#1873,#1874,#1875));
#321=EDGE_LOOP('',(#1876,#1877,#1878,#1879));
#322=EDGE_LOOP('',(#1880,#1881,#1882,#1883));
#323=EDGE_LOOP('',(#1884,#1885,#1886,#1887));
#324=EDGE_LOOP('',(#1888,#1889,#1890,#1891));
#325=EDGE_LOOP('',(#1892,#1893,#1894,#1895));
#326=EDGE_LOOP('',(#1896,#1897,#1898,#1899));
#327=EDGE_LOOP('',(#1900,#1901,#1902,#1903));
#328=EDGE_LOOP('',(#1904,#1905,#1906,#1907));
#329=EDGE_LOOP('',(#1908,#1909,#1910,#1911));
#330=EDGE_LOOP('',(#1912,#1913,#1914,#1915));
#331=EDGE_LOOP('',(#1916,#1917,#1918,#1919));
#332=EDGE_LOOP('',(#1920,#1921,#1922,#1923));
#333=EDGE_LOOP('',(#1924,#1925,#1926,#1927));
#334=EDGE_LOOP('',(#1928,#1929,#1930,#1931));
#335=EDGE_LOOP('',(#1932,#1933,#1934,#1935));
#336=EDGE_LOOP('',(#1936,#1937,#1938,#1939));
#337=EDGE_LOOP('',(#1940,#1941,#1942,#1943));
#338=EDGE_LOOP('',(#1944,#1945,#1946,#1947));
#339=EDGE_LOOP('',(#1948,#1949,#1950,#1951));
#340=EDGE_LOOP('',(#1952,#1953,#1954,#1955));
#341=EDGE_LOOP('',(#1956,#1957,#1958,#1959));
#342=EDGE_LOOP('',(#1960,#1961,#1962,#1963));
#343=EDGE_LOOP('',(#1964,#1965,#1966,#1967));
#344=EDGE_LOOP('',(#1968,#1969,#1970,#1971));
#345=EDGE_LOOP('',(#1972,#1973,#1974,#1975));
#346=EDGE_LOOP('',(#1976,#1977,#1978,#1979));
#347=EDGE_LOOP('',(#1980,#1981,#1982,#1983));
#348=EDGE_LOOP('',(#1984,#1985,#1986,#1987));
#349=EDGE_LOOP('',(#1988,#1989,#1990,#1991));
#350=EDGE_LOOP('',(#1992,#1993,#1994,#1995));
#351=EDGE_LOOP('',(#1996,#1997,#1998,#1999));
#352=EDGE_LOOP('',(#2000,#2001,#2002,#2003));
#353=EDGE_LOOP('',(#2004,#2005,#2006,#2007));
#354=EDGE_LOOP('',(#2008,#2009,#2010,#2011));
#355=EDGE_LOOP('',(#2012,#2013,#2014,#2015));
#356=EDGE_LOOP('',(#2016,#2017,#2018,#2019));
#357=EDGE_LOOP('',(#2020,#2021,#2022,#2023));
#358=EDGE_LOOP('',(#2024,#2025,#2026,#2027));
#359=EDGE_LOOP('',(#2028,#2029,#2030,#2031,#2032,#2033));
#360=EDGE_LOOP('',(#2034,#2035,#2036,#2037));
#361=EDGE_LOOP('',(#2038,#2039,#2040,#2041));
#362=EDGE_LOOP('',(#2042,#2043,#2044,#2045));
#363=EDGE_LOOP('',(#2046,#2047,#2048,#2049));
#364=EDGE_LOOP('',(#2050,#2051,#2052,#2053));
#365=EDGE_LOOP('',(#2054,#2055,#2056,#2057));
#366=EDGE_LOOP('',(#2058,#2059,#2060,#2061));
#367=EDGE_LOOP('',(#2062,#2063,#2064,#2065));
#368=EDGE_LOOP('',(#2066,#2067,#2068,#2069));
#369=EDGE_LOOP('',(#2070,#2071,#2072,#2073));
#370=EDGE_LOOP('',(#2074,#2075,#2076,#2077));
#371=EDGE_LOOP('',(#2078,#2079,#2080,#2081));
#372=EDGE_LOOP('',(#2082,#2083,#2084,#2085));
#373=EDGE_LOOP('',(#2086,#2087,#2088,#2089));
#374=EDGE_LOOP('',(#2090,#2091,#2092,#2093));
#375=EDGE_LOOP('',(#2094,#2095,#2096,#2097));
#376=EDGE_LOOP('',(#2098,#2099,#2100,#2101));
#377=EDGE_LOOP('',(#2102,#2103,#2104,#2105));
#378=EDGE_LOOP('',(#2106,#2107,#2108,#2109));
#379=EDGE_LOOP('',(#2110,#2111,#2112,#2113));
#380=EDGE_LOOP('',(#2114,#2115,#2116,#2117));
#381=EDGE_LOOP('',(#2118,#2119,#2120,#2121));
#382=EDGE_LOOP('',(#2122,#2123,#2124,#2125));
#383=EDGE_LOOP('',(#2126,#2127,#2128,#2129));
#384=EDGE_LOOP('',(#2130,#2131,#2132,#2133));
#385=EDGE_LOOP('',(#2134,#2135,#2136,#2137));
#386=EDGE_LOOP('',(#2138,#2139,#2140,#2141));
#387=EDGE_LOOP('',(#2142,#2143,#2144,#2145));
#388=EDGE_LOOP('',(#2146,#2147,#2148,#2149));
#389=EDGE_LOOP('',(#2150,#2151,#2152,#2153));
#390=EDGE_LOOP('',(#2154,#2155,#2156,#2157));
#391=EDGE_LOOP('',(#2158,#2159,#2160,#2161));
#392=EDGE_LOOP('',(#2162,#2163,#2164,#2165));
#393=EDGE_LOOP('',(#2166,#2167,#2168,#2169));
#394=EDGE_LOOP('',(#2170,#2171,#2172,#2173));
#395=EDGE_LOOP('',(#2174,#2175,#2176,#2177));
#396=EDGE_LOOP('',(#2178,#2179,#2180,#2181));
#397=EDGE_LOOP('',(#2182,#2183,#2184,#2185));
#398=EDGE_LOOP('',(#2186,#2187,#2188,#2189));
#399=EDGE_LOOP('',(#2190,#2191,#2192,#2193));
#400=EDGE_LOOP('',(#2194,#2195,#2196,#2197));
#401=EDGE_LOOP('',(#2198,#2199,#2200,#2201));
#402=EDGE_LOOP('',(#2202,#2203,#2204,#2205));
#403=EDGE_LOOP('',(#2206,#2207,#2208,#2209));
#404=EDGE_LOOP('',(#2210,#2211,#2212,#2213));
#405=EDGE_LOOP('',(#2214,#2215,#2216,#2217));
#406=EDGE_LOOP('',(#2218,#2219,#2220,#2221,#2222,#2223,#2224,#2225,#2226,
#2227,#2228,#2229,#2230,#2231,#2232,#2233,#2234,#2235,#2236,#2237,#2238,
#2239,#2240,#2241,#2242,#2243,#2244,#2245,#2246,#2247,#2248,#2249,#2250,
#2251,#2252,#2253,#2254,#2255,#2256,#2257,#2258,#2259,#2260,#2261,#2262,
#2263,#2264,#2265,#2266,#2267,#2268,#2269,#2270,#2271,#2272,#2273,#2274,
#2275,#2276,#2277,#2278,#2279,#2280,#2281,#2282,#2283,#2284,#2285,#2286,
#2287,#2288,#2289,#2290,#2291,#2292,#2293,#2294,#2295,#2296,#2297,#2298,
#2299,#2300,#2301,#2302,#2303,#2304,#2305,#2306,#2307,#2308,#2309,#2310,
#2311,#2312,#2313));
#407=EDGE_LOOP('',(#2314));
#408=EDGE_LOOP('',(#2315,#2316,#2317,#2318,#2319,#2320,#2321,#2322,#2323,
#2324,#2325,#2326,#2327,#2328,#2329,#2330,#2331,#2332,#2333,#2334,#2335,
#2336,#2337,#2338,#2339,#2340,#2341,#2342,#2343,#2344,#2345,#2346,#2347,
#2348,#2349,#2350,#2351,#2352,#2353,#2354,#2355,#2356,#2357,#2358,#2359,
#2360,#2361,#2362,#2363,#2364,#2365,#2366,#2367,#2368,#2369,#2370,#2371,
#2372,#2373,#2374,#2375,#2376,#2377,#2378,#2379,#2380,#2381,#2382,#2383,
#2384,#2385,#2386,#2387,#2388,#2389,#2390,#2391,#2392,#2393,#2394,#2395,
#2396,#2397,#2398,#2399,#2400,#2401,#2402,#2403,#2404,#2405,#2406,#2407,
#2408,#2409,#2410));
#409=EDGE_LOOP('',(#2411));
#410=EDGE_LOOP('',(#2412));
#411=EDGE_LOOP('',(#2413));
#412=EDGE_LOOP('',(#2414));
#413=EDGE_LOOP('',(#2415));
#414=EDGE_LOOP('',(#2416,#2417,#2418,#2419));
#415=LINE('',#3457,#717);
#416=LINE('',#3464,#718);
#417=LINE('',#3471,#719);
#418=LINE('',#3478,#720);
#419=LINE('',#3488,#721);
#420=LINE('',#3490,#722);
#421=LINE('',#3491,#723);
#422=LINE('',#3526,#724);
#423=LINE('',#3534,#725);
#424=LINE('',#3542,#726);
#425=LINE('',#3545,#727);
#426=LINE('',#3547,#728);
#427=LINE('',#3548,#729);
#428=LINE('',#3577,#730);
#429=LINE('',#3585,#731);
#430=LINE('',#3595,#732);
#431=LINE('',#3599,#733);
#432=LINE('',#3602,#734);
#433=LINE('',#3605,#735);
#434=LINE('',#3606,#736);
#435=LINE('',#3609,#737);
#436=LINE('',#3610,#738);
#437=LINE('',#3613,#739);
#438=LINE('',#3614,#740);
#439=LINE('',#3617,#741);
#440=LINE('',#3618,#742);
#441=LINE('',#3621,#743);
#442=LINE('',#3622,#744);
#443=LINE('',#3627,#745);
#444=LINE('',#3667,#746);
#445=LINE('',#3669,#747);
#446=LINE('',#3671,#748);
#447=LINE('',#3672,#749);
#448=LINE('',#3677,#750);
#449=LINE('',#3679,#751);
#450=LINE('',#3680,#752);
#451=LINE('',#3683,#753);
#452=LINE('',#3685,#754);
#453=LINE('',#3686,#755);
#454=LINE('',#3690,#756);
#455=LINE('',#3691,#757);
#456=LINE('',#3694,#758);
#457=LINE('',#3704,#759);
#458=LINE('',#3713,#760);
#459=LINE('',#3721,#761);
#460=LINE('',#3727,#762);
#461=LINE('',#3733,#763);
#462=LINE('',#3736,#764);
#463=LINE('',#3740,#765);
#464=LINE('',#3743,#766);
#465=LINE('',#3746,#767);
#466=LINE('',#3747,#768);
#467=LINE('',#3750,#769);
#468=LINE('',#3751,#770);
#469=LINE('',#3754,#771);
#470=LINE('',#3755,#772);
#471=LINE('',#3758,#773);
#472=LINE('',#3759,#774);
#473=LINE('',#3762,#775);
#474=LINE('',#3763,#776);
#475=LINE('',#3766,#777);
#476=LINE('',#3770,#778);
#477=LINE('',#3774,#779);
#478=LINE('',#3775,#780);
#479=LINE('',#3778,#781);
#480=LINE('',#3779,#782);
#481=LINE('',#3782,#783);
#482=LINE('',#3783,#784);
#483=LINE('',#3786,#785);
#484=LINE('',#3787,#786);
#485=LINE('',#3789,#787);
#486=LINE('',#3792,#788);
#487=LINE('',#3794,#789);
#488=LINE('',#3795,#790);
#489=LINE('',#3798,#791);
#490=LINE('',#3800,#792);
#491=LINE('',#3801,#793);
#492=LINE('',#3804,#794);
#493=LINE('',#3806,#795);
#494=LINE('',#3807,#796);
#495=LINE('',#3810,#797);
#496=LINE('',#3812,#798);
#497=LINE('',#3813,#799);
#498=LINE('',#3816,#800);
#499=LINE('',#3818,#801);
#500=LINE('',#3819,#802);
#501=LINE('',#3825,#803);
#502=LINE('',#3828,#804);
#503=LINE('',#3830,#805);
#504=LINE('',#3831,#806);
#505=LINE('',#3834,#807);
#506=LINE('',#3836,#808);
#507=LINE('',#3837,#809);
#508=LINE('',#3840,#810);
#509=LINE('',#3842,#811);
#510=LINE('',#3843,#812);
#511=LINE('',#3846,#813);
#512=LINE('',#3848,#814);
#513=LINE('',#3849,#815);
#514=LINE('',#3852,#816);
#515=LINE('',#3854,#817);
#516=LINE('',#3855,#818);
#517=LINE('',#3861,#819);
#518=LINE('',#3864,#820);
#519=LINE('',#3866,#821);
#520=LINE('',#3867,#822);
#521=LINE('',#3870,#823);
#522=LINE('',#3872,#824);
#523=LINE('',#3873,#825);
#524=LINE('',#3876,#826);
#525=LINE('',#3878,#827);
#526=LINE('',#3879,#828);
#527=LINE('',#3882,#829);
#528=LINE('',#3884,#830);
#529=LINE('',#3885,#831);
#530=LINE('',#3888,#832);
#531=LINE('',#3890,#833);
#532=LINE('',#3891,#834);
#533=LINE('',#3897,#835);
#534=LINE('',#3900,#836);
#535=LINE('',#3902,#837);
#536=LINE('',#3903,#838);
#537=LINE('',#3906,#839);
#538=LINE('',#3908,#840);
#539=LINE('',#3909,#841);
#540=LINE('',#3912,#842);
#541=LINE('',#3914,#843);
#542=LINE('',#3915,#844);
#543=LINE('',#3918,#845);
#544=LINE('',#3920,#846);
#545=LINE('',#3921,#847);
#546=LINE('',#3924,#848);
#547=LINE('',#3926,#849);
#548=LINE('',#3927,#850);
#549=LINE('',#3933,#851);
#550=LINE('',#3936,#852);
#551=LINE('',#3938,#853);
#552=LINE('',#3939,#854);
#553=LINE('',#3942,#855);
#554=LINE('',#3944,#856);
#555=LINE('',#3945,#857);
#556=LINE('',#3948,#858);
#557=LINE('',#3950,#859);
#558=LINE('',#3951,#860);
#559=LINE('',#3954,#861);
#560=LINE('',#3956,#862);
#561=LINE('',#3957,#863);
#562=LINE('',#3960,#864);
#563=LINE('',#3962,#865);
#564=LINE('',#3963,#866);
#565=LINE('',#3969,#867);
#566=LINE('',#3972,#868);
#567=LINE('',#3974,#869);
#568=LINE('',#3975,#870);
#569=LINE('',#3978,#871);
#570=LINE('',#3980,#872);
#571=LINE('',#3981,#873);
#572=LINE('',#3984,#874);
#573=LINE('',#3986,#875);
#574=LINE('',#3987,#876);
#575=LINE('',#3990,#877);
#576=LINE('',#3992,#878);
#577=LINE('',#3993,#879);
#578=LINE('',#3996,#880);
#579=LINE('',#3998,#881);
#580=LINE('',#3999,#882);
#581=LINE('',#4005,#883);
#582=LINE('',#4008,#884);
#583=LINE('',#4010,#885);
#584=LINE('',#4011,#886);
#585=LINE('',#4014,#887);
#586=LINE('',#4016,#888);
#587=LINE('',#4017,#889);
#588=LINE('',#4020,#890);
#589=LINE('',#4022,#891);
#590=LINE('',#4023,#892);
#591=LINE('',#4026,#893);
#592=LINE('',#4028,#894);
#593=LINE('',#4029,#895);
#594=LINE('',#4032,#896);
#595=LINE('',#4034,#897);
#596=LINE('',#4035,#898);
#597=LINE('',#4038,#899);
#598=LINE('',#4043,#900);
#599=LINE('',#4044,#901);
#600=LINE('',#4047,#902);
#601=LINE('',#4048,#903);
#602=LINE('',#4051,#904);
#603=LINE('',#4052,#905);
#604=LINE('',#4055,#906);
#605=LINE('',#4056,#907);
#606=LINE('',#4058,#908);
#607=LINE('',#4061,#909);
#608=LINE('',#4063,#910);
#609=LINE('',#4064,#911);
#610=LINE('',#4067,#912);
#611=LINE('',#4069,#913);
#612=LINE('',#4070,#914);
#613=LINE('',#4073,#915);
#614=LINE('',#4075,#916);
#615=LINE('',#4076,#917);
#616=LINE('',#4079,#918);
#617=LINE('',#4081,#919);
#618=LINE('',#4082,#920);
#619=LINE('',#4085,#921);
#620=LINE('',#4087,#922);
#621=LINE('',#4088,#923);
#622=LINE('',#4094,#924);
#623=LINE('',#4097,#925);
#624=LINE('',#4099,#926);
#625=LINE('',#4100,#927);
#626=LINE('',#4103,#928);
#627=LINE('',#4105,#929);
#628=LINE('',#4106,#930);
#629=LINE('',#4109,#931);
#630=LINE('',#4111,#932);
#631=LINE('',#4112,#933);
#632=LINE('',#4115,#934);
#633=LINE('',#4117,#935);
#634=LINE('',#4118,#936);
#635=LINE('',#4121,#937);
#636=LINE('',#4123,#938);
#637=LINE('',#4124,#939);
#638=LINE('',#4130,#940);
#639=LINE('',#4133,#941);
#640=LINE('',#4135,#942);
#641=LINE('',#4136,#943);
#642=LINE('',#4139,#944);
#643=LINE('',#4141,#945);
#644=LINE('',#4142,#946);
#645=LINE('',#4145,#947);
#646=LINE('',#4147,#948);
#647=LINE('',#4148,#949);
#648=LINE('',#4151,#950);
#649=LINE('',#4153,#951);
#650=LINE('',#4154,#952);
#651=LINE('',#4157,#953);
#652=LINE('',#4159,#954);
#653=LINE('',#4160,#955);
#654=LINE('',#4166,#956);
#655=LINE('',#4169,#957);
#656=LINE('',#4171,#958);
#657=LINE('',#4172,#959);
#658=LINE('',#4175,#960);
#659=LINE('',#4177,#961);
#660=LINE('',#4178,#962);
#661=LINE('',#4181,#963);
#662=LINE('',#4183,#964);
#663=LINE('',#4184,#965);
#664=LINE('',#4187,#966);
#665=LINE('',#4189,#967);
#666=LINE('',#4190,#968);
#667=LINE('',#4193,#969);
#668=LINE('',#4195,#970);
#669=LINE('',#4196,#971);
#670=LINE('',#4202,#972);
#671=LINE('',#4205,#973);
#672=LINE('',#4207,#974);
#673=LINE('',#4208,#975);
#674=LINE('',#4211,#976);
#675=LINE('',#4213,#977);
#676=LINE('',#4214,#978);
#677=LINE('',#4217,#979);
#678=LINE('',#4219,#980);
#679=LINE('',#4220,#981);
#680=LINE('',#4223,#982);
#681=LINE('',#4225,#983);
#682=LINE('',#4226,#984);
#683=LINE('',#4229,#985);
#684=LINE('',#4231,#986);
#685=LINE('',#4232,#987);
#686=LINE('',#4238,#988);
#687=LINE('',#4241,#989);
#688=LINE('',#4243,#990);
#689=LINE('',#4244,#991);
#690=LINE('',#4247,#992);
#691=LINE('',#4249,#993);
#692=LINE('',#4250,#994);
#693=LINE('',#4253,#995);
#694=LINE('',#4255,#996);
#695=LINE('',#4256,#997);
#696=LINE('',#4259,#998);
#697=LINE('',#4261,#999);
#698=LINE('',#4262,#1000);
#699=LINE('',#4265,#1001);
#700=LINE('',#4267,#1002);
#701=LINE('',#4268,#1003);
#702=LINE('',#4274,#1004);
#703=LINE('',#4277,#1005);
#704=LINE('',#4279,#1006);
#705=LINE('',#4280,#1007);
#706=LINE('',#4283,#1008);
#707=LINE('',#4285,#1009);
#708=LINE('',#4286,#1010);
#709=LINE('',#4289,#1011);
#710=LINE('',#4291,#1012);
#711=LINE('',#4292,#1013);
#712=LINE('',#4295,#1014);
#713=LINE('',#4297,#1015);
#714=LINE('',#4298,#1016);
#715=LINE('',#4300,#1017);
#716=LINE('',#4301,#1018);
#717=VECTOR('',#2786,2.);
#718=VECTOR('',#2795,2.);
#719=VECTOR('',#2804,2.);
#720=VECTOR('',#2813,2.);
#721=VECTOR('',#2820,10.);
#722=VECTOR('',#2821,10.);
#723=VECTOR('',#2822,10.);
#724=VECTOR('',#2825,10.);
#725=VECTOR('',#2832,10.);
#726=VECTOR('',#2833,10.);
#727=VECTOR('',#2836,10.);
#728=VECTOR('',#2837,10.);
#729=VECTOR('',#2838,10.);
#730=VECTOR('',#2841,10.);
#731=VECTOR('',#2848,10.);
#732=VECTOR('',#2851,10.);
#733=VECTOR('',#2854,10.);
#734=VECTOR('',#2857,10.);
#735=VECTOR('',#2860,10.);
#736=VECTOR('',#2861,10.);
#737=VECTOR('',#2864,10.);
#738=VECTOR('',#2865,10.);
#739=VECTOR('',#2868,10.);
#740=VECTOR('',#2869,10.);
#741=VECTOR('',#2872,10.);
#742=VECTOR('',#2873,10.);
#743=VECTOR('',#2876,10.);
#744=VECTOR('',#2877,10.);
#745=VECTOR('',#2882,5.2);
#746=VECTOR('',#2887,10.);
#747=VECTOR('',#2888,10.);
#748=VECTOR('',#2889,10.);
#749=VECTOR('',#2890,10.);
#750=VECTOR('',#2895,10.);
#751=VECTOR('',#2896,10.);
#752=VECTOR('',#2897,10.);
#753=VECTOR('',#2900,10.);
#754=VECTOR('',#2901,10.);
#755=VECTOR('',#2902,10.);
#756=VECTOR('',#2907,10.);
#757=VECTOR('',#2908,10.);
#758=VECTOR('',#2913,1.6);
#759=VECTOR('',#2922,10.);
#760=VECTOR('',#2923,10.);
#761=VECTOR('',#2930,10.);
#762=VECTOR('',#2931,1.6);
#763=VECTOR('',#2932,10.);
#764=VECTOR('',#2935,10.);
#765=VECTOR('',#2938,10.);
#766=VECTOR('',#2941,10.);
#767=VECTOR('',#2944,10.);
#768=VECTOR('',#2945,10.);
#769=VECTOR('',#2948,10.);
#770=VECTOR('',#2949,10.);
#771=VECTOR('',#2952,10.);
#772=VECTOR('',#2953,10.);
#773=VECTOR('',#2956,10.);
#774=VECTOR('',#2957,10.);
#775=VECTOR('',#2960,10.);
#776=VECTOR('',#2961,10.);
#777=VECTOR('',#2964,10.);
#778=VECTOR('',#2967,10.);
#779=VECTOR('',#2972,10.);
#780=VECTOR('',#2973,10.);
#781=VECTOR('',#2976,10.);
#782=VECTOR('',#2977,10.);
#783=VECTOR('',#2980,10.);
#784=VECTOR('',#2981,10.);
#785=VECTOR('',#2984,10.);
#786=VECTOR('',#2985,10.);
#787=VECTOR('',#2988,10.);
#788=VECTOR('',#2991,10.);
#789=VECTOR('',#2992,10.);
#790=VECTOR('',#2993,10.);
#791=VECTOR('',#2996,10.);
#792=VECTOR('',#2997,10.);
#793=VECTOR('',#2998,10.);
#794=VECTOR('',#3001,10.);
#795=VECTOR('',#3002,10.);
#796=VECTOR('',#3003,10.);
#797=VECTOR('',#3006,10.);
#798=VECTOR('',#3007,10.);
#799=VECTOR('',#3008,10.);
#800=VECTOR('',#3011,10.);
#801=VECTOR('',#3012,10.);
#802=VECTOR('',#3013,10.);
#803=VECTOR('',#3020,10.);
#804=VECTOR('',#3023,10.);
#805=VECTOR('',#3024,10.);
#806=VECTOR('',#3025,10.);
#807=VECTOR('',#3028,10.);
#808=VECTOR('',#3029,10.);
#809=VECTOR('',#3030,10.);
#810=VECTOR('',#3033,10.);
#811=VECTOR('',#3034,10.);
#812=VECTOR('',#3035,10.);
#813=VECTOR('',#3038,10.);
#814=VECTOR('',#3039,10.);
#815=VECTOR('',#3040,10.);
#816=VECTOR('',#3043,10.);
#817=VECTOR('',#3044,10.);
#818=VECTOR('',#3045,10.);
#819=VECTOR('',#3052,10.);
#820=VECTOR('',#3055,10.);
#821=VECTOR('',#3056,10.);
#822=VECTOR('',#3057,10.);
#823=VECTOR('',#3060,10.);
#824=VECTOR('',#3061,10.);
#825=VECTOR('',#3062,10.);
#826=VECTOR('',#3065,10.);
#827=VECTOR('',#3066,10.);
#828=VECTOR('',#3067,10.);
#829=VECTOR('',#3070,10.);
#830=VECTOR('',#3071,10.);
#831=VECTOR('',#3072,10.);
#832=VECTOR('',#3075,10.);
#833=VECTOR('',#3076,10.);
#834=VECTOR('',#3077,10.);
#835=VECTOR('',#3084,10.);
#836=VECTOR('',#3087,10.);
#837=VECTOR('',#3088,10.);
#838=VECTOR('',#3089,10.);
#839=VECTOR('',#3092,10.);
#840=VECTOR('',#3093,10.);
#841=VECTOR('',#3094,10.);
#842=VECTOR('',#3097,10.);
#843=VECTOR('',#3098,10.);
#844=VECTOR('',#3099,10.);
#845=VECTOR('',#3102,10.);
#846=VECTOR('',#3103,10.);
#847=VECTOR('',#3104,10.);
#848=VECTOR('',#3107,10.);
#849=VECTOR('',#3108,10.);
#850=VECTOR('',#3109,10.);
#851=VECTOR('',#3116,10.);
#852=VECTOR('',#3119,10.);
#853=VECTOR('',#3120,10.);
#854=VECTOR('',#3121,10.);
#855=VECTOR('',#3124,10.);
#856=VECTOR('',#3125,10.);
#857=VECTOR('',#3126,10.);
#858=VECTOR('',#3129,10.);
#859=VECTOR('',#3130,10.);
#860=VECTOR('',#3131,10.);
#861=VECTOR('',#3134,10.);
#862=VECTOR('',#3135,10.);
#863=VECTOR('',#3136,10.);
#864=VECTOR('',#3139,10.);
#865=VECTOR('',#3140,10.);
#866=VECTOR('',#3141,10.);
#867=VECTOR('',#3148,10.);
#868=VECTOR('',#3151,10.);
#869=VECTOR('',#3152,10.);
#870=VECTOR('',#3153,10.);
#871=VECTOR('',#3156,10.);
#872=VECTOR('',#3157,10.);
#873=VECTOR('',#3158,10.);
#874=VECTOR('',#3161,10.);
#875=VECTOR('',#3162,10.);
#876=VECTOR('',#3163,10.);
#877=VECTOR('',#3166,10.);
#878=VECTOR('',#3167,10.);
#879=VECTOR('',#3168,10.);
#880=VECTOR('',#3171,10.);
#881=VECTOR('',#3172,10.);
#882=VECTOR('',#3173,10.);
#883=VECTOR('',#3180,10.);
#884=VECTOR('',#3183,10.);
#885=VECTOR('',#3184,10.);
#886=VECTOR('',#3185,10.);
#887=VECTOR('',#3188,10.);
#888=VECTOR('',#3189,10.);
#889=VECTOR('',#3190,10.);
#890=VECTOR('',#3193,10.);
#891=VECTOR('',#3194,10.);
#892=VECTOR('',#3195,10.);
#893=VECTOR('',#3198,10.);
#894=VECTOR('',#3199,10.);
#895=VECTOR('',#3200,10.);
#896=VECTOR('',#3203,10.);
#897=VECTOR('',#3204,10.);
#898=VECTOR('',#3205,10.);
#899=VECTOR('',#3208,10.);
#900=VECTOR('',#3215,10.);
#901=VECTOR('',#3216,10.);
#902=VECTOR('',#3219,10.);
#903=VECTOR('',#3220,10.);
#904=VECTOR('',#3223,10.);
#905=VECTOR('',#3224,10.);
#906=VECTOR('',#3227,10.);
#907=VECTOR('',#3228,10.);
#908=VECTOR('',#3231,10.);
#909=VECTOR('',#3234,10.);
#910=VECTOR('',#3235,10.);
#911=VECTOR('',#3236,10.);
#912=VECTOR('',#3239,10.);
#913=VECTOR('',#3240,10.);
#914=VECTOR('',#3241,10.);
#915=VECTOR('',#3244,10.);
#916=VECTOR('',#3245,10.);
#917=VECTOR('',#3246,10.);
#918=VECTOR('',#3249,10.);
#919=VECTOR('',#3250,10.);
#920=VECTOR('',#3251,10.);
#921=VECTOR('',#3254,10.);
#922=VECTOR('',#3255,10.);
#923=VECTOR('',#3256,10.);
#924=VECTOR('',#3263,10.);
#925=VECTOR('',#3266,10.);
#926=VECTOR('',#3267,10.);
#927=VECTOR('',#3268,10.);
#928=VECTOR('',#3271,10.);
#929=VECTOR('',#3272,10.);
#930=VECTOR('',#3273,10.);
#931=VECTOR('',#3276,10.);
#932=VECTOR('',#3277,10.);
#933=VECTOR('',#3278,10.);
#934=VECTOR('',#3281,10.);
#935=VECTOR('',#3282,10.);
#936=VECTOR('',#3283,10.);
#937=VECTOR('',#3286,10.);
#938=VECTOR('',#3287,10.);
#939=VECTOR('',#3288,10.);
#940=VECTOR('',#3295,10.);
#941=VECTOR('',#3298,10.);
#942=VECTOR('',#3299,10.);
#943=VECTOR('',#3300,10.);
#944=VECTOR('',#3303,10.);
#945=VECTOR('',#3304,10.);
#946=VECTOR('',#3305,10.);
#947=VECTOR('',#3308,10.);
#948=VECTOR('',#3309,10.);
#949=VECTOR('',#3310,10.);
#950=VECTOR('',#3313,10.);
#951=VECTOR('',#3314,10.);
#952=VECTOR('',#3315,10.);
#953=VECTOR('',#3318,10.);
#954=VECTOR('',#3319,10.);
#955=VECTOR('',#3320,10.);
#956=VECTOR('',#3327,10.);
#957=VECTOR('',#3330,10.);
#958=VECTOR('',#3331,10.);
#959=VECTOR('',#3332,10.);
#960=VECTOR('',#3335,10.);
#961=VECTOR('',#3336,10.);
#962=VECTOR('',#3337,10.);
#963=VECTOR('',#3340,10.);
#964=VECTOR('',#3341,10.);
#965=VECTOR('',#3342,10.);
#966=VECTOR('',#3345,10.);
#967=VECTOR('',#3346,10.);
#968=VECTOR('',#3347,10.);
#969=VECTOR('',#3350,10.);
#970=VECTOR('',#3351,10.);
#971=VECTOR('',#3352,10.);
#972=VECTOR('',#3359,10.);
#973=VECTOR('',#3362,10.);
#974=VECTOR('',#3363,10.);
#975=VECTOR('',#3364,10.);
#976=VECTOR('',#3367,10.);
#977=VECTOR('',#3368,10.);
#978=VECTOR('',#3369,10.);
#979=VECTOR('',#3372,10.);
#980=VECTOR('',#3373,10.);
#981=VECTOR('',#3374,10.);
#982=VECTOR('',#3377,10.);
#983=VECTOR('',#3378,10.);
#984=VECTOR('',#3379,10.);
#985=VECTOR('',#3382,10.);
#986=VECTOR('',#3383,10.);
#987=VECTOR('',#3384,10.);
#988=VECTOR('',#3391,10.);
#989=VECTOR('',#3394,10.);
#990=VECTOR('',#3395,10.);
#991=VECTOR('',#3396,10.);
#992=VECTOR('',#3399,10.);
#993=VECTOR('',#3400,10.);
#994=VECTOR('',#3401,10.);
#995=VECTOR('',#3404,10.);
#996=VECTOR('',#3405,10.);
#997=VECTOR('',#3406,10.);
#998=VECTOR('',#3409,10.);
#999=VECTOR('',#3410,10.);
#1000=VECTOR('',#3411,10.);
#1001=VECTOR('',#3414,10.);
#1002=VECTOR('',#3415,10.);
#1003=VECTOR('',#3416,10.);
#1004=VECTOR('',#3423,10.);
#1005=VECTOR('',#3426,10.);
#1006=VECTOR('',#3427,10.);
#1007=VECTOR('',#3428,10.);
#1008=VECTOR('',#3431,10.);
#1009=VECTOR('',#3432,10.);
#1010=VECTOR('',#3433,10.);
#1011=VECTOR('',#3436,10.);
#1012=VECTOR('',#3437,10.);
#1013=VECTOR('',#3438,10.);
#1014=VECTOR('',#3441,10.);
#1015=VECTOR('',#3442,10.);
#1016=VECTOR('',#3443,10.);
#1017=VECTOR('',#3446,10.);
#1018=VECTOR('',#3447,10.);
#1019=CIRCLE('',#2597,2.);
#1020=CIRCLE('',#2598,2.);
#1021=CIRCLE('',#2601,2.);
#1022=CIRCLE('',#2602,2.);
#1023=CIRCLE('',#2605,2.);
#1024=CIRCLE('',#2606,2.);
#1025=CIRCLE('',#2609,2.);
#1026=CIRCLE('',#2610,2.);
#1027=CIRCLE('',#2615,1.6);
#1028=CIRCLE('',#2620,1.6);
#1029=CIRCLE('',#2623,12.4);
#1030=CIRCLE('',#2624,12.4);
#1031=CIRCLE('',#2631,5.2);
#1032=CIRCLE('',#2632,5.2);
#1033=CIRCLE('',#2634,1.6);
#1034=CIRCLE('',#2637,1.6);
#1035=CIRCLE('',#2643,1.6);
#1036=CIRCLE('',#2646,1.6);
#1037=CIRCLE('',#2649,12.4);
#1038=CIRCLE('',#2650,12.4);
#1039=CIRCLE('',#2657,12.4);
#1040=CIRCLE('',#2658,12.4);
#1041=CIRCLE('',#2670,12.4);
#1042=CIRCLE('',#2671,12.4);
#1043=CIRCLE('',#2678,12.4);
#1044=CIRCLE('',#2679,12.4);
#1045=CIRCLE('',#2686,12.4);
#1046=CIRCLE('',#2687,12.4);
#1047=CIRCLE('',#2694,12.4);
#1048=CIRCLE('',#2695,12.4);
#1049=CIRCLE('',#2702,12.4);
#1050=CIRCLE('',#2703,12.4);
#1051=CIRCLE('',#2710,12.4);
#1052=CIRCLE('',#2711,12.4);
#1053=CIRCLE('',#2718,12.4);
#1054=CIRCLE('',#2719,12.4);
#1055=CIRCLE('',#2731,12.4);
#1056=CIRCLE('',#2732,12.4);
#1057=CIRCLE('',#2739,12.4);
#1058=CIRCLE('',#2740,12.4);
#1059=CIRCLE('',#2747,12.4);
#1060=CIRCLE('',#2748,12.4);
#1061=CIRCLE('',#2755,12.4);
#1062=CIRCLE('',#2756,12.4);
#1063=CIRCLE('',#2763,12.4);
#1064=CIRCLE('',#2764,12.4);
#1065=CIRCLE('',#2771,12.4);
#1066=CIRCLE('',#2772,12.4);
#1067=VERTEX_POINT('',#3454);
#1068=VERTEX_POINT('',#3456);
#1069=VERTEX_POINT('',#3461);
#1070=VERTEX_POINT('',#3463);
#1071=VERTEX_POINT('',#3468);
#1072=VERTEX_POINT('',#3470);
#1073=VERTEX_POINT('',#3475);
#1074=VERTEX_POINT('',#3477);
#1075=VERTEX_POINT('',#3482);
#1076=VERTEX_POINT('',#3483);
#1077=VERTEX_POINT('',#3487);
#1078=VERTEX_POINT('',#3489);
#1079=VERTEX_POINT('',#3493);
#1080=VERTEX_POINT('',#3517);
#1081=VERTEX_POINT('',#3525);
#1082=VERTEX_POINT('',#3527);
#1083=VERTEX_POINT('',#3529);
#1084=VERTEX_POINT('',#3531);
#1085=VERTEX_POINT('',#3533);
#1086=VERTEX_POINT('',#3535);
#1087=VERTEX_POINT('',#3544);
#1088=VERTEX_POINT('',#3546);
#1089=VERTEX_POINT('',#3571);
#1090=VERTEX_POINT('',#3576);
#1091=VERTEX_POINT('',#3578);
#1092=VERTEX_POINT('',#3580);
#1093=VERTEX_POINT('',#3582);
#1094=VERTEX_POINT('',#3584);
#1095=VERTEX_POINT('',#3594);
#1096=VERTEX_POINT('',#3596);
#1097=VERTEX_POINT('',#3598);
#1098=VERTEX_POINT('',#3600);
#1099=VERTEX_POINT('',#3604);
#1100=VERTEX_POINT('',#3608);
#1101=VERTEX_POINT('',#3612);
#1102=VERTEX_POINT('',#3616);
#1103=VERTEX_POINT('',#3620);
#1104=VERTEX_POINT('',#3624);
#1105=VERTEX_POINT('',#3626);
#1106=VERTEX_POINT('',#3629);
#1107=VERTEX_POINT('',#3665);
#1108=VERTEX_POINT('',#3666);
#1109=VERTEX_POINT('',#3668);
#1110=VERTEX_POINT('',#3670);
#1111=VERTEX_POINT('',#3673);
#1112=VERTEX_POINT('',#3676);
#1113=VERTEX_POINT('',#3678);
#1114=VERTEX_POINT('',#3682);
#1115=VERTEX_POINT('',#3684);
#1116=VERTEX_POINT('',#3687);
#1117=VERTEX_POINT('',#3696);
#1118=VERTEX_POINT('',#3697);
#1119=VERTEX_POINT('',#3699);
#1120=VERTEX_POINT('',#3701);
#1121=VERTEX_POINT('',#3703);
#1122=VERTEX_POINT('',#3705);
#1123=VERTEX_POINT('',#3712);
#1124=VERTEX_POINT('',#3714);
#1125=VERTEX_POINT('',#3716);
#1126=VERTEX_POINT('',#3718);
#1127=VERTEX_POINT('',#3720);
#1128=VERTEX_POINT('',#3722);
#1129=VERTEX_POINT('',#3728);
#1130=VERTEX_POINT('',#3735);
#1131=VERTEX_POINT('',#3737);
#1132=VERTEX_POINT('',#3739);
#1133=VERTEX_POINT('',#3741);
#1134=VERTEX_POINT('',#3745);
#1135=VERTEX_POINT('',#3749);
#1136=VERTEX_POINT('',#3753);
#1137=VERTEX_POINT('',#3757);
#1138=VERTEX_POINT('',#3761);
#1139=VERTEX_POINT('',#3765);
#1140=VERTEX_POINT('',#3767);
#1141=VERTEX_POINT('',#3769);
#1142=VERTEX_POINT('',#3773);
#1143=VERTEX_POINT('',#3777);
#1144=VERTEX_POINT('',#3781);
#1145=VERTEX_POINT('',#3785);
#1146=VERTEX_POINT('',#3791);
#1147=VERTEX_POINT('',#3793);
#1148=VERTEX_POINT('',#3797);
#1149=VERTEX_POINT('',#3799);
#1150=VERTEX_POINT('',#3803);
#1151=VERTEX_POINT('',#3805);
#1152=VERTEX_POINT('',#3809);
#1153=VERTEX_POINT('',#3811);
#1154=VERTEX_POINT('',#3815);
#1155=VERTEX_POINT('',#3817);
#1156=VERTEX_POINT('',#3821);
#1157=VERTEX_POINT('',#3823);
#1158=VERTEX_POINT('',#3827);
#1159=VERTEX_POINT('',#3829);
#1160=VERTEX_POINT('',#3833);
#1161=VERTEX_POINT('',#3835);
#1162=VERTEX_POINT('',#3839);
#1163=VERTEX_POINT('',#3841);
#1164=VERTEX_POINT('',#3845);
#1165=VERTEX_POINT('',#3847);
#1166=VERTEX_POINT('',#3851);
#1167=VERTEX_POINT('',#3853);
#1168=VERTEX_POINT('',#3857);
#1169=VERTEX_POINT('',#3859);
#1170=VERTEX_POINT('',#3863);
#1171=VERTEX_POINT('',#3865);
#1172=VERTEX_POINT('',#3869);
#1173=VERTEX_POINT('',#3871);
#1174=VERTEX_POINT('',#3875);
#1175=VERTEX_POINT('',#3877);
#1176=VERTEX_POINT('',#3881);
#1177=VERTEX_POINT('',#3883);
#1178=VERTEX_POINT('',#3887);
#1179=VERTEX_POINT('',#3889);
#1180=VERTEX_POINT('',#3893);
#1181=VERTEX_POINT('',#3895);
#1182=VERTEX_POINT('',#3899);
#1183=VERTEX_POINT('',#3901);
#1184=VERTEX_POINT('',#3905);
#1185=VERTEX_POINT('',#3907);
#1186=VERTEX_POINT('',#3911);
#1187=VERTEX_POINT('',#3913);
#1188=VERTEX_POINT('',#3917);
#1189=VERTEX_POINT('',#3919);
#1190=VERTEX_POINT('',#3923);
#1191=VERTEX_POINT('',#3925);
#1192=VERTEX_POINT('',#3929);
#1193=VERTEX_POINT('',#3931);
#1194=VERTEX_POINT('',#3935);
#1195=VERTEX_POINT('',#3937);
#1196=VERTEX_POINT('',#3941);
#1197=VERTEX_POINT('',#3943);
#1198=VERTEX_POINT('',#3947);
#1199=VERTEX_POINT('',#3949);
#1200=VERTEX_POINT('',#3953);
#1201=VERTEX_POINT('',#3955);
#1202=VERTEX_POINT('',#3959);
#1203=VERTEX_POINT('',#3961);
#1204=VERTEX_POINT('',#3965);
#1205=VERTEX_POINT('',#3967);
#1206=VERTEX_POINT('',#3971);
#1207=VERTEX_POINT('',#3973);
#1208=VERTEX_POINT('',#3977);
#1209=VERTEX_POINT('',#3979);
#1210=VERTEX_POINT('',#3983);
#1211=VERTEX_POINT('',#3985);
#1212=VERTEX_POINT('',#3989);
#1213=VERTEX_POINT('',#3991);
#1214=VERTEX_POINT('',#3995);
#1215=VERTEX_POINT('',#3997);
#1216=VERTEX_POINT('',#4001);
#1217=VERTEX_POINT('',#4003);
#1218=VERTEX_POINT('',#4007);
#1219=VERTEX_POINT('',#4009);
#1220=VERTEX_POINT('',#4013);
#1221=VERTEX_POINT('',#4015);
#1222=VERTEX_POINT('',#4019);
#1223=VERTEX_POINT('',#4021);
#1224=VERTEX_POINT('',#4025);
#1225=VERTEX_POINT('',#4027);
#1226=VERTEX_POINT('',#4031);
#1227=VERTEX_POINT('',#4033);
#1228=VERTEX_POINT('',#4037);
#1229=VERTEX_POINT('',#4042);
#1230=VERTEX_POINT('',#4046);
#1231=VERTEX_POINT('',#4050);
#1232=VERTEX_POINT('',#4054);
#1233=VERTEX_POINT('',#4060);
#1234=VERTEX_POINT('',#4062);
#1235=VERTEX_POINT('',#4066);
#1236=VERTEX_POINT('',#4068);
#1237=VERTEX_POINT('',#4072);
#1238=VERTEX_POINT('',#4074);
#1239=VERTEX_POINT('',#4078);
#1240=VERTEX_POINT('',#4080);
#1241=VERTEX_POINT('',#4084);
#1242=VERTEX_POINT('',#4086);
#1243=VERTEX_POINT('',#4090);
#1244=VERTEX_POINT('',#4092);
#1245=VERTEX_POINT('',#4096);
#1246=VERTEX_POINT('',#4098);
#1247=VERTEX_POINT('',#4102);
#1248=VERTEX_POINT('',#4104);
#1249=VERTEX_POINT('',#4108);
#1250=VERTEX_POINT('',#4110);
#1251=VERTEX_POINT('',#4114);
#1252=VERTEX_POINT('',#4116);
#1253=VERTEX_POINT('',#4120);
#1254=VERTEX_POINT('',#4122);
#1255=VERTEX_POINT('',#4126);
#1256=VERTEX_POINT('',#4128);
#1257=VERTEX_POINT('',#4132);
#1258=VERTEX_POINT('',#4134);
#1259=VERTEX_POINT('',#4138);
#1260=VERTEX_POINT('',#4140);
#1261=VERTEX_POINT('',#4144);
#1262=VERTEX_POINT('',#4146);
#1263=VERTEX_POINT('',#4150);
#1264=VERTEX_POINT('',#4152);
#1265=VERTEX_POINT('',#4156);
#1266=VERTEX_POINT('',#4158);
#1267=VERTEX_POINT('',#4162);
#1268=VERTEX_POINT('',#4164);
#1269=VERTEX_POINT('',#4168);
#1270=VERTEX_POINT('',#4170);
#1271=VERTEX_POINT('',#4174);
#1272=VERTEX_POINT('',#4176);
#1273=VERTEX_POINT('',#4180);
#1274=VERTEX_POINT('',#4182);
#1275=VERTEX_POINT('',#4186);
#1276=VERTEX_POINT('',#4188);
#1277=VERTEX_POINT('',#4192);
#1278=VERTEX_POINT('',#4194);
#1279=VERTEX_POINT('',#4198);
#1280=VERTEX_POINT('',#4200);
#1281=VERTEX_POINT('',#4204);
#1282=VERTEX_POINT('',#4206);
#1283=VERTEX_POINT('',#4210);
#1284=VERTEX_POINT('',#4212);
#1285=VERTEX_POINT('',#4216);
#1286=VERTEX_POINT('',#4218);
#1287=VERTEX_POINT('',#4222);
#1288=VERTEX_POINT('',#4224);
#1289=VERTEX_POINT('',#4228);
#1290=VERTEX_POINT('',#4230);
#1291=VERTEX_POINT('',#4234);
#1292=VERTEX_POINT('',#4236);
#1293=VERTEX_POINT('',#4240);
#1294=VERTEX_POINT('',#4242);
#1295=VERTEX_POINT('',#4246);
#1296=VERTEX_POINT('',#4248);
#1297=VERTEX_POINT('',#4252);
#1298=VERTEX_POINT('',#4254);
#1299=VERTEX_POINT('',#4258);
#1300=VERTEX_POINT('',#4260);
#1301=VERTEX_POINT('',#4264);
#1302=VERTEX_POINT('',#4266);
#1303=VERTEX_POINT('',#4270);
#1304=VERTEX_POINT('',#4272);
#1305=VERTEX_POINT('',#4276);
#1306=VERTEX_POINT('',#4278);
#1307=VERTEX_POINT('',#4282);
#1308=VERTEX_POINT('',#4284);
#1309=VERTEX_POINT('',#4288);
#1310=VERTEX_POINT('',#4290);
#1311=VERTEX_POINT('',#4294);
#1312=VERTEX_POINT('',#4296);
#1313=EDGE_CURVE('',#1067,#1067,#1019,.T.);
#1314=EDGE_CURVE('',#1067,#1068,#415,.T.);
#1315=EDGE_CURVE('',#1068,#1068,#1020,.T.);
#1316=EDGE_CURVE('',#1069,#1069,#1021,.T.);
#1317=EDGE_CURVE('',#1069,#1070,#416,.T.);
#1318=EDGE_CURVE('',#1070,#1070,#1022,.T.);
#1319=EDGE_CURVE('',#1071,#1071,#1023,.T.);
#1320=EDGE_CURVE('',#1071,#1072,#417,.T.);
#1321=EDGE_CURVE('',#1072,#1072,#1024,.T.);
#1322=EDGE_CURVE('',#1073,#1073,#1025,.T.);
#1323=EDGE_CURVE('',#1073,#1074,#418,.T.);
#1324=EDGE_CURVE('',#1074,#1074,#1026,.T.);
#1325=EDGE_CURVE('',#1075,#1076,#44,.T.);
#1326=EDGE_CURVE('',#1077,#1075,#419,.T.);
#1327=EDGE_CURVE('',#1078,#1077,#420,.T.);
#1328=EDGE_CURVE('',#1078,#1076,#421,.T.);
#1329=EDGE_CURVE('',#1076,#1079,#34,.T.);
#1330=EDGE_CURVE('',#1080,#1078,#35,.T.);
#1331=EDGE_CURVE('',#1081,#1080,#422,.T.);
#1332=EDGE_CURVE('',#1082,#1081,#26,.T.);
#1333=EDGE_CURVE('',#1083,#1082,#1027,.T.);
#1334=EDGE_CURVE('',#1084,#1083,#27,.T.);
#1335=EDGE_CURVE('',#1085,#1084,#423,.T.);
#1336=EDGE_CURVE('',#1086,#1085,#36,.T.);
#1337=EDGE_CURVE('',#1086,#1079,#424,.T.);
#1338=EDGE_CURVE('',#1079,#1087,#425,.T.);
#1339=EDGE_CURVE('',#1088,#1086,#426,.T.);
#1340=EDGE_CURVE('',#1088,#1087,#427,.T.);
#1341=EDGE_CURVE('',#1087,#1075,#37,.T.);
#1342=EDGE_CURVE('',#1089,#1088,#38,.T.);
#1343=EDGE_CURVE('',#1090,#1089,#428,.T.);
#1344=EDGE_CURVE('',#1091,#1090,#28,.T.);
#1345=EDGE_CURVE('',#1092,#1091,#1028,.T.);
#1346=EDGE_CURVE('',#1093,#1092,#29,.T.);
#1347=EDGE_CURVE('',#1094,#1093,#429,.T.);
#1348=EDGE_CURVE('',#1077,#1094,#39,.T.);
#1349=EDGE_CURVE('',#1094,#1095,#430,.T.);
#1350=EDGE_CURVE('',#1096,#1095,#1029,.T.);
#1351=EDGE_CURVE('',#1097,#1096,#431,.T.);
#1352=EDGE_CURVE('',#1097,#1098,#1030,.T.);
#1353=EDGE_CURVE('',#1098,#1080,#432,.T.);
#1354=EDGE_CURVE('',#1093,#1099,#433,.T.);
#1355=EDGE_CURVE('',#1095,#1099,#434,.T.);
#1356=EDGE_CURVE('',#1092,#1100,#435,.T.);
#1357=EDGE_CURVE('',#1099,#1100,#436,.T.);
#1358=EDGE_CURVE('',#1091,#1101,#437,.T.);
#1359=EDGE_CURVE('',#1100,#1101,#438,.T.);
#1360=EDGE_CURVE('',#1090,#1102,#439,.T.);
#1361=EDGE_CURVE('',#1101,#1102,#440,.T.);
#1362=EDGE_CURVE('',#1089,#1103,#441,.T.);
#1363=EDGE_CURVE('',#1102,#1103,#442,.T.);
#1364=EDGE_CURVE('',#1104,#1104,#1031,.T.);
#1365=EDGE_CURVE('',#1104,#1105,#443,.T.);
#1366=EDGE_CURVE('',#1105,#1105,#1032,.T.);
#1367=EDGE_CURVE('',#1106,#1106,#40,.T.);
#1368=EDGE_CURVE('',#1107,#1108,#444,.T.);
#1369=EDGE_CURVE('',#1107,#1109,#445,.T.);
#1370=EDGE_CURVE('',#1109,#1110,#446,.T.);
#1371=EDGE_CURVE('',#1108,#1110,#447,.T.);
#1372=EDGE_CURVE('',#1111,#1111,#1033,.T.);
#1373=EDGE_CURVE('',#1112,#1107,#448,.T.);
#1374=EDGE_CURVE('',#1112,#1113,#449,.T.);
#1375=EDGE_CURVE('',#1113,#1109,#450,.T.);
#1376=EDGE_CURVE('',#1114,#1112,#451,.T.);
#1377=EDGE_CURVE('',#1114,#1115,#452,.T.);
#1378=EDGE_CURVE('',#1115,#1113,#453,.T.);
#1379=EDGE_CURVE('',#1116,#1116,#1034,.T.);
#1380=EDGE_CURVE('',#1108,#1114,#454,.T.);
#1381=EDGE_CURVE('',#1110,#1115,#455,.T.);
#1382=EDGE_CURVE('',#1116,#1106,#456,.T.);
#1383=EDGE_CURVE('',#1117,#1118,#30,.T.);
#1384=EDGE_CURVE('',#1119,#1117,#1035,.T.);
#1385=EDGE_CURVE('',#1120,#1119,#31,.T.);
#1386=EDGE_CURVE('',#1121,#1120,#457,.T.);
#1387=EDGE_CURVE('',#1122,#1121,#41,.T.);
#1388=EDGE_CURVE('',#1123,#1122,#458,.T.);
#1389=EDGE_CURVE('',#1124,#1123,#32,.T.);
#1390=EDGE_CURVE('',#1125,#1124,#1036,.T.);
#1391=EDGE_CURVE('',#1126,#1125,#33,.T.);
#1392=EDGE_CURVE('',#1127,#1126,#459,.T.);
#1393=EDGE_CURVE('',#1128,#1127,#42,.T.);
#1394=EDGE_CURVE('',#1128,#1111,#460,.T.);
#1395=EDGE_CURVE('',#1129,#1128,#43,.T.);
#1396=EDGE_CURVE('',#1118,#1129,#461,.T.);
#1397=EDGE_CURVE('',#1127,#1130,#462,.T.);
#1398=EDGE_CURVE('',#1131,#1130,#1037,.T.);
#1399=EDGE_CURVE('',#1132,#1131,#463,.T.);
#1400=EDGE_CURVE('',#1132,#1133,#1038,.T.);
#1401=EDGE_CURVE('',#1133,#1129,#464,.T.);
#1402=EDGE_CURVE('',#1126,#1134,#465,.T.);
#1403=EDGE_CURVE('',#1130,#1134,#466,.T.);
#1404=EDGE_CURVE('',#1125,#1135,#467,.T.);
#1405=EDGE_CURVE('',#1134,#1135,#468,.T.);
#1406=EDGE_CURVE('',#1124,#1136,#469,.T.);
#1407=EDGE_CURVE('',#1135,#1136,#470,.T.);
#1408=EDGE_CURVE('',#1123,#1137,#471,.T.);
#1409=EDGE_CURVE('',#1136,#1137,#472,.T.);
#1410=EDGE_CURVE('',#1122,#1138,#473,.T.);
#1411=EDGE_CURVE('',#1137,#1138,#474,.T.);
#1412=EDGE_CURVE('',#1139,#1085,#475,.T.);
#1413=EDGE_CURVE('',#1139,#1140,#1039,.T.);
#1414=EDGE_CURVE('',#1140,#1141,#476,.T.);
#1415=EDGE_CURVE('',#1103,#1141,#1040,.T.);
#1416=EDGE_CURVE('',#1142,#1084,#477,.T.);
#1417=EDGE_CURVE('',#1142,#1139,#478,.T.);
#1418=EDGE_CURVE('',#1143,#1083,#479,.T.);
#1419=EDGE_CURVE('',#1143,#1142,#480,.T.);
#1420=EDGE_CURVE('',#1144,#1082,#481,.T.);
#1421=EDGE_CURVE('',#1144,#1143,#482,.T.);
#1422=EDGE_CURVE('',#1145,#1081,#483,.T.);
#1423=EDGE_CURVE('',#1145,#1144,#484,.T.);
#1424=EDGE_CURVE('',#1098,#1145,#485,.T.);
#1425=EDGE_CURVE('',#1146,#1097,#486,.T.);
#1426=EDGE_CURVE('',#1147,#1096,#487,.T.);
#1427=EDGE_CURVE('',#1146,#1147,#488,.T.);
#1428=EDGE_CURVE('',#1148,#1146,#489,.T.);
#1429=EDGE_CURVE('',#1149,#1147,#490,.T.);
#1430=EDGE_CURVE('',#1148,#1149,#491,.T.);
#1431=EDGE_CURVE('',#1150,#1148,#492,.T.);
#1432=EDGE_CURVE('',#1151,#1149,#493,.T.);
#1433=EDGE_CURVE('',#1150,#1151,#494,.T.);
#1434=EDGE_CURVE('',#1152,#1150,#495,.T.);
#1435=EDGE_CURVE('',#1153,#1151,#496,.T.);
#1436=EDGE_CURVE('',#1152,#1153,#497,.T.);
#1437=EDGE_CURVE('',#1154,#1152,#498,.T.);
#1438=EDGE_CURVE('',#1155,#1153,#499,.T.);
#1439=EDGE_CURVE('',#1154,#1155,#500,.T.);
#1440=EDGE_CURVE('',#1156,#1154,#1041,.T.);
#1441=EDGE_CURVE('',#1157,#1155,#1042,.T.);
#1442=EDGE_CURVE('',#1156,#1157,#501,.T.);
#1443=EDGE_CURVE('',#1158,#1156,#502,.T.);
#1444=EDGE_CURVE('',#1159,#1157,#503,.T.);
#1445=EDGE_CURVE('',#1158,#1159,#504,.T.);
#1446=EDGE_CURVE('',#1160,#1158,#505,.T.);
#1447=EDGE_CURVE('',#1161,#1159,#506,.T.);
#1448=EDGE_CURVE('',#1160,#1161,#507,.T.);
#1449=EDGE_CURVE('',#1162,#1160,#508,.T.);
#1450=EDGE_CURVE('',#1163,#1161,#509,.T.);
#1451=EDGE_CURVE('',#1162,#1163,#510,.T.);
#1452=EDGE_CURVE('',#1164,#1162,#511,.T.);
#1453=EDGE_CURVE('',#1165,#1163,#512,.T.);
#1454=EDGE_CURVE('',#1164,#1165,#513,.T.);
#1455=EDGE_CURVE('',#1166,#1164,#514,.T.);
#1456=EDGE_CURVE('',#1167,#1165,#515,.T.);
#1457=EDGE_CURVE('',#1166,#1167,#516,.T.);
#1458=EDGE_CURVE('',#1168,#1166,#1043,.T.);
#1459=EDGE_CURVE('',#1169,#1167,#1044,.T.);
#1460=EDGE_CURVE('',#1168,#1169,#517,.T.);
#1461=EDGE_CURVE('',#1170,#1168,#518,.T.);
#1462=EDGE_CURVE('',#1171,#1169,#519,.T.);
#1463=EDGE_CURVE('',#1170,#1171,#520,.T.);
#1464=EDGE_CURVE('',#1172,#1170,#521,.T.);
#1465=EDGE_CURVE('',#1173,#1171,#522,.T.);
#1466=EDGE_CURVE('',#1172,#1173,#523,.T.);
#1467=EDGE_CURVE('',#1174,#1172,#524,.T.);
#1468=EDGE_CURVE('',#1175,#1173,#525,.T.);
#1469=EDGE_CURVE('',#1174,#1175,#526,.T.);
#1470=EDGE_CURVE('',#1176,#1174,#527,.T.);
#1471=EDGE_CURVE('',#1177,#1175,#528,.T.);
#1472=EDGE_CURVE('',#1176,#1177,#529,.T.);
#1473=EDGE_CURVE('',#1178,#1176,#530,.T.);
#1474=EDGE_CURVE('',#1179,#1177,#531,.T.);
#1475=EDGE_CURVE('',#1178,#1179,#532,.T.);
#1476=EDGE_CURVE('',#1180,#1178,#1045,.T.);
#1477=EDGE_CURVE('',#1181,#1179,#1046,.T.);
#1478=EDGE_CURVE('',#1180,#1181,#533,.T.);
#1479=EDGE_CURVE('',#1182,#1180,#534,.T.);
#1480=EDGE_CURVE('',#1183,#1181,#535,.T.);
#1481=EDGE_CURVE('',#1182,#1183,#536,.T.);
#1482=EDGE_CURVE('',#1184,#1182,#537,.T.);
#1483=EDGE_CURVE('',#1185,#1183,#538,.T.);
#1484=EDGE_CURVE('',#1184,#1185,#539,.T.);
#1485=EDGE_CURVE('',#1186,#1184,#540,.T.);
#1486=EDGE_CURVE('',#1187,#1185,#541,.T.);
#1487=EDGE_CURVE('',#1186,#1187,#542,.T.);
#1488=EDGE_CURVE('',#1188,#1186,#543,.T.);
#1489=EDGE_CURVE('',#1189,#1187,#544,.T.);
#1490=EDGE_CURVE('',#1188,#1189,#545,.T.);
#1491=EDGE_CURVE('',#1190,#1188,#546,.T.);
#1492=EDGE_CURVE('',#1191,#1189,#547,.T.);
#1493=EDGE_CURVE('',#1190,#1191,#548,.T.);
#1494=EDGE_CURVE('',#1192,#1190,#1047,.T.);
#1495=EDGE_CURVE('',#1193,#1191,#1048,.T.);
#1496=EDGE_CURVE('',#1192,#1193,#549,.T.);
#1497=EDGE_CURVE('',#1194,#1192,#550,.T.);
#1498=EDGE_CURVE('',#1195,#1193,#551,.T.);
#1499=EDGE_CURVE('',#1194,#1195,#552,.T.);
#1500=EDGE_CURVE('',#1196,#1194,#553,.T.);
#1501=EDGE_CURVE('',#1197,#1195,#554,.T.);
#1502=EDGE_CURVE('',#1196,#1197,#555,.T.);
#1503=EDGE_CURVE('',#1198,#1196,#556,.T.);
#1504=EDGE_CURVE('',#1199,#1197,#557,.T.);
#1505=EDGE_CURVE('',#1198,#1199,#558,.T.);
#1506=EDGE_CURVE('',#1200,#1198,#559,.T.);
#1507=EDGE_CURVE('',#1201,#1199,#560,.T.);
#1508=EDGE_CURVE('',#1200,#1201,#561,.T.);
#1509=EDGE_CURVE('',#1202,#1200,#562,.T.);
#1510=EDGE_CURVE('',#1203,#1201,#563,.T.);
#1511=EDGE_CURVE('',#1202,#1203,#564,.T.);
#1512=EDGE_CURVE('',#1204,#1202,#1049,.T.);
#1513=EDGE_CURVE('',#1205,#1203,#1050,.T.);
#1514=EDGE_CURVE('',#1204,#1205,#565,.T.);
#1515=EDGE_CURVE('',#1206,#1204,#566,.T.);
#1516=EDGE_CURVE('',#1207,#1205,#567,.T.);
#1517=EDGE_CURVE('',#1206,#1207,#568,.T.);
#1518=EDGE_CURVE('',#1208,#1206,#569,.T.);
#1519=EDGE_CURVE('',#1209,#1207,#570,.T.);
#1520=EDGE_CURVE('',#1208,#1209,#571,.T.);
#1521=EDGE_CURVE('',#1210,#1208,#572,.T.);
#1522=EDGE_CURVE('',#1211,#1209,#573,.T.);
#1523=EDGE_CURVE('',#1210,#1211,#574,.T.);
#1524=EDGE_CURVE('',#1212,#1210,#575,.T.);
#1525=EDGE_CURVE('',#1213,#1211,#576,.T.);
#1526=EDGE_CURVE('',#1212,#1213,#577,.T.);
#1527=EDGE_CURVE('',#1214,#1212,#578,.T.);
#1528=EDGE_CURVE('',#1215,#1213,#579,.T.);
#1529=EDGE_CURVE('',#1214,#1215,#580,.T.);
#1530=EDGE_CURVE('',#1216,#1214,#1051,.T.);
#1531=EDGE_CURVE('',#1217,#1215,#1052,.T.);
#1532=EDGE_CURVE('',#1216,#1217,#581,.T.);
#1533=EDGE_CURVE('',#1218,#1216,#582,.T.);
#1534=EDGE_CURVE('',#1219,#1217,#583,.T.);
#1535=EDGE_CURVE('',#1218,#1219,#584,.T.);
#1536=EDGE_CURVE('',#1220,#1218,#585,.T.);
#1537=EDGE_CURVE('',#1221,#1219,#586,.T.);
#1538=EDGE_CURVE('',#1220,#1221,#587,.T.);
#1539=EDGE_CURVE('',#1222,#1220,#588,.T.);
#1540=EDGE_CURVE('',#1223,#1221,#589,.T.);
#1541=EDGE_CURVE('',#1222,#1223,#590,.T.);
#1542=EDGE_CURVE('',#1224,#1222,#591,.T.);
#1543=EDGE_CURVE('',#1225,#1223,#592,.T.);
#1544=EDGE_CURVE('',#1224,#1225,#593,.T.);
#1545=EDGE_CURVE('',#1226,#1224,#594,.T.);
#1546=EDGE_CURVE('',#1227,#1225,#595,.T.);
#1547=EDGE_CURVE('',#1226,#1227,#596,.T.);
#1548=EDGE_CURVE('',#1228,#1121,#597,.T.);
#1549=EDGE_CURVE('',#1228,#1226,#1053,.T.);
#1550=EDGE_CURVE('',#1138,#1227,#1054,.T.);
#1551=EDGE_CURVE('',#1229,#1120,#598,.T.);
#1552=EDGE_CURVE('',#1229,#1228,#599,.T.);
#1553=EDGE_CURVE('',#1230,#1119,#600,.T.);
#1554=EDGE_CURVE('',#1230,#1229,#601,.T.);
#1555=EDGE_CURVE('',#1231,#1117,#602,.T.);
#1556=EDGE_CURVE('',#1231,#1230,#603,.T.);
#1557=EDGE_CURVE('',#1232,#1118,#604,.T.);
#1558=EDGE_CURVE('',#1232,#1231,#605,.T.);
#1559=EDGE_CURVE('',#1133,#1232,#606,.T.);
#1560=EDGE_CURVE('',#1233,#1132,#607,.T.);
#1561=EDGE_CURVE('',#1234,#1131,#608,.T.);
#1562=EDGE_CURVE('',#1233,#1234,#609,.T.);
#1563=EDGE_CURVE('',#1235,#1233,#610,.T.);
#1564=EDGE_CURVE('',#1236,#1234,#611,.T.);
#1565=EDGE_CURVE('',#1235,#1236,#612,.T.);
#1566=EDGE_CURVE('',#1237,#1235,#613,.T.);
#1567=EDGE_CURVE('',#1238,#1236,#614,.T.);
#1568=EDGE_CURVE('',#1237,#1238,#615,.T.);
#1569=EDGE_CURVE('',#1239,#1237,#616,.T.);
#1570=EDGE_CURVE('',#1240,#1238,#617,.T.);
#1571=EDGE_CURVE('',#1239,#1240,#618,.T.);
#1572=EDGE_CURVE('',#1241,#1239,#619,.T.);
#1573=EDGE_CURVE('',#1242,#1240,#620,.T.);
#1574=EDGE_CURVE('',#1241,#1242,#621,.T.);
#1575=EDGE_CURVE('',#1243,#1241,#1055,.T.);
#1576=EDGE_CURVE('',#1244,#1242,#1056,.T.);
#1577=EDGE_CURVE('',#1243,#1244,#622,.T.);
#1578=EDGE_CURVE('',#1245,#1243,#623,.T.);
#1579=EDGE_CURVE('',#1246,#1244,#624,.T.);
#1580=EDGE_CURVE('',#1245,#1246,#625,.T.);
#1581=EDGE_CURVE('',#1247,#1245,#626,.T.);
#1582=EDGE_CURVE('',#1248,#1246,#627,.T.);
#1583=EDGE_CURVE('',#1247,#1248,#628,.T.);
#1584=EDGE_CURVE('',#1249,#1247,#629,.T.);
#1585=EDGE_CURVE('',#1250,#1248,#630,.T.);
#1586=EDGE_CURVE('',#1249,#1250,#631,.T.);
#1587=EDGE_CURVE('',#1251,#1249,#632,.T.);
#1588=EDGE_CURVE('',#1252,#1250,#633,.T.);
#1589=EDGE_CURVE('',#1251,#1252,#634,.T.);
#1590=EDGE_CURVE('',#1253,#1251,#635,.T.);
#1591=EDGE_CURVE('',#1254,#1252,#636,.T.);
#1592=EDGE_CURVE('',#1253,#1254,#637,.T.);
#1593=EDGE_CURVE('',#1255,#1253,#1057,.T.);
#1594=EDGE_CURVE('',#1256,#1254,#1058,.T.);
#1595=EDGE_CURVE('',#1255,#1256,#638,.T.);
#1596=EDGE_CURVE('',#1257,#1255,#639,.T.);
#1597=EDGE_CURVE('',#1258,#1256,#640,.T.);
#1598=EDGE_CURVE('',#1257,#1258,#641,.T.);
#1599=EDGE_CURVE('',#1259,#1257,#642,.T.);
#1600=EDGE_CURVE('',#1260,#1258,#643,.T.);
#1601=EDGE_CURVE('',#1259,#1260,#644,.T.);
#1602=EDGE_CURVE('',#1261,#1259,#645,.T.);
#1603=EDGE_CURVE('',#1262,#1260,#646,.T.);
#1604=EDGE_CURVE('',#1261,#1262,#647,.T.);
#1605=EDGE_CURVE('',#1263,#1261,#648,.T.);
#1606=EDGE_CURVE('',#1264,#1262,#649,.T.);
#1607=EDGE_CURVE('',#1263,#1264,#650,.T.);
#1608=EDGE_CURVE('',#1265,#1263,#651,.T.);
#1609=EDGE_CURVE('',#1266,#1264,#652,.T.);
#1610=EDGE_CURVE('',#1265,#1266,#653,.T.);
#1611=EDGE_CURVE('',#1267,#1265,#1059,.T.);
#1612=EDGE_CURVE('',#1268,#1266,#1060,.T.);
#1613=EDGE_CURVE('',#1267,#1268,#654,.T.);
#1614=EDGE_CURVE('',#1269,#1267,#655,.T.);
#1615=EDGE_CURVE('',#1270,#1268,#656,.T.);
#1616=EDGE_CURVE('',#1269,#1270,#657,.T.);
#1617=EDGE_CURVE('',#1271,#1269,#658,.T.);
#1618=EDGE_CURVE('',#1272,#1270,#659,.T.);
#1619=EDGE_CURVE('',#1271,#1272,#660,.T.);
#1620=EDGE_CURVE('',#1273,#1271,#661,.T.);
#1621=EDGE_CURVE('',#1274,#1272,#662,.T.);
#1622=EDGE_CURVE('',#1273,#1274,#663,.T.);
#1623=EDGE_CURVE('',#1275,#1273,#664,.T.);
#1624=EDGE_CURVE('',#1276,#1274,#665,.T.);
#1625=EDGE_CURVE('',#1275,#1276,#666,.T.);
#1626=EDGE_CURVE('',#1277,#1275,#667,.T.);
#1627=EDGE_CURVE('',#1278,#1276,#668,.T.);
#1628=EDGE_CURVE('',#1277,#1278,#669,.T.);
#1629=EDGE_CURVE('',#1279,#1277,#1061,.T.);
#1630=EDGE_CURVE('',#1280,#1278,#1062,.T.);
#1631=EDGE_CURVE('',#1279,#1280,#670,.T.);
#1632=EDGE_CURVE('',#1281,#1279,#671,.T.);
#1633=EDGE_CURVE('',#1282,#1280,#672,.T.);
#1634=EDGE_CURVE('',#1281,#1282,#673,.T.);
#1635=EDGE_CURVE('',#1283,#1281,#674,.T.);
#1636=EDGE_CURVE('',#1284,#1282,#675,.T.);
#1637=EDGE_CURVE('',#1283,#1284,#676,.T.);
#1638=EDGE_CURVE('',#1285,#1283,#677,.T.);
#1639=EDGE_CURVE('',#1286,#1284,#678,.T.);
#1640=EDGE_CURVE('',#1285,#1286,#679,.T.);
#1641=EDGE_CURVE('',#1287,#1285,#680,.T.);
#1642=EDGE_CURVE('',#1288,#1286,#681,.T.);
#1643=EDGE_CURVE('',#1287,#1288,#682,.T.);
#1644=EDGE_CURVE('',#1289,#1287,#683,.T.);
#1645=EDGE_CURVE('',#1290,#1288,#684,.T.);
#1646=EDGE_CURVE('',#1289,#1290,#685,.T.);
#1647=EDGE_CURVE('',#1291,#1289,#1063,.T.);
#1648=EDGE_CURVE('',#1292,#1290,#1064,.T.);
#1649=EDGE_CURVE('',#1291,#1292,#686,.T.);
#1650=EDGE_CURVE('',#1293,#1291,#687,.T.);
#1651=EDGE_CURVE('',#1294,#1292,#688,.T.);
#1652=EDGE_CURVE('',#1293,#1294,#689,.T.);
#1653=EDGE_CURVE('',#1295,#1293,#690,.T.);
#1654=EDGE_CURVE('',#1296,#1294,#691,.T.);
#1655=EDGE_CURVE('',#1295,#1296,#692,.T.);
#1656=EDGE_CURVE('',#1297,#1295,#693,.T.);
#1657=EDGE_CURVE('',#1298,#1296,#694,.T.);
#1658=EDGE_CURVE('',#1297,#1298,#695,.T.);
#1659=EDGE_CURVE('',#1299,#1297,#696,.T.);
#1660=EDGE_CURVE('',#1300,#1298,#697,.T.);
#1661=EDGE_CURVE('',#1299,#1300,#698,.T.);
#1662=EDGE_CURVE('',#1301,#1299,#699,.T.);
#1663=EDGE_CURVE('',#1302,#1300,#700,.T.);
#1664=EDGE_CURVE('',#1301,#1302,#701,.T.);
#1665=EDGE_CURVE('',#1303,#1301,#1065,.T.);
#1666=EDGE_CURVE('',#1304,#1302,#1066,.T.);
#1667=EDGE_CURVE('',#1303,#1304,#702,.T.);
#1668=EDGE_CURVE('',#1305,#1303,#703,.T.);
#1669=EDGE_CURVE('',#1306,#1304,#704,.T.);
#1670=EDGE_CURVE('',#1305,#1306,#705,.T.);
#1671=EDGE_CURVE('',#1307,#1305,#706,.T.);
#1672=EDGE_CURVE('',#1308,#1306,#707,.T.);
#1673=EDGE_CURVE('',#1307,#1308,#708,.T.);
#1674=EDGE_CURVE('',#1309,#1307,#709,.T.);
#1675=EDGE_CURVE('',#1310,#1308,#710,.T.);
#1676=EDGE_CURVE('',#1309,#1310,#711,.T.);
#1677=EDGE_CURVE('',#1311,#1309,#712,.T.);
#1678=EDGE_CURVE('',#1312,#1310,#713,.T.);
#1679=EDGE_CURVE('',#1311,#1312,#714,.T.);
#1680=EDGE_CURVE('',#1140,#1311,#715,.T.);
#1681=EDGE_CURVE('',#1141,#1312,#716,.T.);
#1682=ORIENTED_EDGE('',*,*,#1313,.F.);
#1683=ORIENTED_EDGE('',*,*,#1314,.T.);
#1684=ORIENTED_EDGE('',*,*,#1315,.T.);
#1685=ORIENTED_EDGE('',*,*,#1314,.F.);
#1686=ORIENTED_EDGE('',*,*,#1315,.F.);
#1687=ORIENTED_EDGE('',*,*,#1316,.F.);
#1688=ORIENTED_EDGE('',*,*,#1317,.T.);
#1689=ORIENTED_EDGE('',*,*,#1318,.T.);
#1690=ORIENTED_EDGE('',*,*,#1317,.F.);
#1691=ORIENTED_EDGE('',*,*,#1318,.F.);
#1692=ORIENTED_EDGE('',*,*,#1319,.F.);
#1693=ORIENTED_EDGE('',*,*,#1320,.T.);
#1694=ORIENTED_EDGE('',*,*,#1321,.T.);
#1695=ORIENTED_EDGE('',*,*,#1320,.F.);
#1696=ORIENTED_EDGE('',*,*,#1321,.F.);
#1697=ORIENTED_EDGE('',*,*,#1322,.F.);
#1698=ORIENTED_EDGE('',*,*,#1323,.T.);
#1699=ORIENTED_EDGE('',*,*,#1324,.T.);
#1700=ORIENTED_EDGE('',*,*,#1323,.F.);
#1701=ORIENTED_EDGE('',*,*,#1324,.F.);
#1702=ORIENTED_EDGE('',*,*,#1325,.F.);
#1703=ORIENTED_EDGE('',*,*,#1326,.F.);
#1704=ORIENTED_EDGE('',*,*,#1327,.F.);
#1705=ORIENTED_EDGE('',*,*,#1328,.T.);
#1706=ORIENTED_EDGE('',*,*,#1329,.F.);
#1707=ORIENTED_EDGE('',*,*,#1328,.F.);
#1708=ORIENTED_EDGE('',*,*,#1330,.F.);
#1709=ORIENTED_EDGE('',*,*,#1331,.F.);
#1710=ORIENTED_EDGE('',*,*,#1332,.F.);
#1711=ORIENTED_EDGE('',*,*,#1333,.F.);
#1712=ORIENTED_EDGE('',*,*,#1334,.F.);
#1713=ORIENTED_EDGE('',*,*,#1335,.F.);
#1714=ORIENTED_EDGE('',*,*,#1336,.F.);
#1715=ORIENTED_EDGE('',*,*,#1337,.T.);
#1716=ORIENTED_EDGE('',*,*,#1338,.F.);
#1717=ORIENTED_EDGE('',*,*,#1337,.F.);
#1718=ORIENTED_EDGE('',*,*,#1339,.F.);
#1719=ORIENTED_EDGE('',*,*,#1340,.T.);
#1720=ORIENTED_EDGE('',*,*,#1341,.F.);
#1721=ORIENTED_EDGE('',*,*,#1340,.F.);
#1722=ORIENTED_EDGE('',*,*,#1342,.F.);
#1723=ORIENTED_EDGE('',*,*,#1343,.F.);
#1724=ORIENTED_EDGE('',*,*,#1344,.F.);
#1725=ORIENTED_EDGE('',*,*,#1345,.F.);
#1726=ORIENTED_EDGE('',*,*,#1346,.F.);
#1727=ORIENTED_EDGE('',*,*,#1347,.F.);
#1728=ORIENTED_EDGE('',*,*,#1348,.F.);
#1729=ORIENTED_EDGE('',*,*,#1326,.T.);
#1730=ORIENTED_EDGE('',*,*,#1330,.T.);
#1731=ORIENTED_EDGE('',*,*,#1327,.T.);
#1732=ORIENTED_EDGE('',*,*,#1348,.T.);
#1733=ORIENTED_EDGE('',*,*,#1349,.T.);
#1734=ORIENTED_EDGE('',*,*,#1350,.F.);
#1735=ORIENTED_EDGE('',*,*,#1351,.F.);
#1736=ORIENTED_EDGE('',*,*,#1352,.T.);
#1737=ORIENTED_EDGE('',*,*,#1353,.T.);
#1738=ORIENTED_EDGE('',*,*,#1347,.T.);
#1739=ORIENTED_EDGE('',*,*,#1354,.T.);
#1740=ORIENTED_EDGE('',*,*,#1355,.F.);
#1741=ORIENTED_EDGE('',*,*,#1349,.F.);
#1742=ORIENTED_EDGE('',*,*,#1346,.T.);
#1743=ORIENTED_EDGE('',*,*,#1356,.T.);
#1744=ORIENTED_EDGE('',*,*,#1357,.F.);
#1745=ORIENTED_EDGE('',*,*,#1354,.F.);
#1746=ORIENTED_EDGE('',*,*,#1345,.T.);
#1747=ORIENTED_EDGE('',*,*,#1358,.T.);
#1748=ORIENTED_EDGE('',*,*,#1359,.F.);
#1749=ORIENTED_EDGE('',*,*,#1356,.F.);
#1750=ORIENTED_EDGE('',*,*,#1344,.T.);
#1751=ORIENTED_EDGE('',*,*,#1360,.T.);
#1752=ORIENTED_EDGE('',*,*,#1361,.F.);
#1753=ORIENTED_EDGE('',*,*,#1358,.F.);
#1754=ORIENTED_EDGE('',*,*,#1343,.T.);
#1755=ORIENTED_EDGE('',*,*,#1362,.T.);
#1756=ORIENTED_EDGE('',*,*,#1363,.F.);
#1757=ORIENTED_EDGE('',*,*,#1360,.F.);
#1758=ORIENTED_EDGE('',*,*,#1364,.F.);
#1759=ORIENTED_EDGE('',*,*,#1365,.T.);
#1760=ORIENTED_EDGE('',*,*,#1366,.F.);
#1761=ORIENTED_EDGE('',*,*,#1365,.F.);
#1762=ORIENTED_EDGE('',*,*,#1338,.T.);
#1763=ORIENTED_EDGE('',*,*,#1341,.T.);
#1764=ORIENTED_EDGE('',*,*,#1325,.T.);
#1765=ORIENTED_EDGE('',*,*,#1329,.T.);
#1766=ORIENTED_EDGE('',*,*,#1367,.F.);
#1767=ORIENTED_EDGE('',*,*,#1368,.F.);
#1768=ORIENTED_EDGE('',*,*,#1369,.T.);
#1769=ORIENTED_EDGE('',*,*,#1370,.T.);
#1770=ORIENTED_EDGE('',*,*,#1371,.F.);
#1771=ORIENTED_EDGE('',*,*,#1372,.F.);
#1772=ORIENTED_EDGE('',*,*,#1373,.F.);
#1773=ORIENTED_EDGE('',*,*,#1374,.T.);
#1774=ORIENTED_EDGE('',*,*,#1375,.T.);
#1775=ORIENTED_EDGE('',*,*,#1369,.F.);
#1776=ORIENTED_EDGE('',*,*,#1376,.F.);
#1777=ORIENTED_EDGE('',*,*,#1377,.T.);
#1778=ORIENTED_EDGE('',*,*,#1378,.T.);
#1779=ORIENTED_EDGE('',*,*,#1374,.F.);
#1780=ORIENTED_EDGE('',*,*,#1379,.F.);
#1781=ORIENTED_EDGE('',*,*,#1380,.F.);
#1782=ORIENTED_EDGE('',*,*,#1371,.T.);
#1783=ORIENTED_EDGE('',*,*,#1381,.T.);
#1784=ORIENTED_EDGE('',*,*,#1377,.F.);
#1785=ORIENTED_EDGE('',*,*,#1381,.F.);
#1786=ORIENTED_EDGE('',*,*,#1370,.F.);
#1787=ORIENTED_EDGE('',*,*,#1375,.F.);
#1788=ORIENTED_EDGE('',*,*,#1378,.F.);
#1789=ORIENTED_EDGE('',*,*,#1379,.T.);
#1790=ORIENTED_EDGE('',*,*,#1382,.T.);
#1791=ORIENTED_EDGE('',*,*,#1367,.T.);
#1792=ORIENTED_EDGE('',*,*,#1382,.F.);
#1793=ORIENTED_EDGE('',*,*,#1383,.F.);
#1794=ORIENTED_EDGE('',*,*,#1384,.F.);
#1795=ORIENTED_EDGE('',*,*,#1385,.F.);
#1796=ORIENTED_EDGE('',*,*,#1386,.F.);
#1797=ORIENTED_EDGE('',*,*,#1387,.F.);
#1798=ORIENTED_EDGE('',*,*,#1388,.F.);
#1799=ORIENTED_EDGE('',*,*,#1389,.F.);
#1800=ORIENTED_EDGE('',*,*,#1390,.F.);
#1801=ORIENTED_EDGE('',*,*,#1391,.F.);
#1802=ORIENTED_EDGE('',*,*,#1392,.F.);
#1803=ORIENTED_EDGE('',*,*,#1393,.F.);
#1804=ORIENTED_EDGE('',*,*,#1394,.T.);
#1805=ORIENTED_EDGE('',*,*,#1372,.T.);
#1806=ORIENTED_EDGE('',*,*,#1394,.F.);
#1807=ORIENTED_EDGE('',*,*,#1395,.F.);
#1808=ORIENTED_EDGE('',*,*,#1396,.F.);
#1809=ORIENTED_EDGE('',*,*,#1395,.T.);
#1810=ORIENTED_EDGE('',*,*,#1393,.T.);
#1811=ORIENTED_EDGE('',*,*,#1397,.T.);
#1812=ORIENTED_EDGE('',*,*,#1398,.F.);
#1813=ORIENTED_EDGE('',*,*,#1399,.F.);
#1814=ORIENTED_EDGE('',*,*,#1400,.T.);
#1815=ORIENTED_EDGE('',*,*,#1401,.T.);
#1816=ORIENTED_EDGE('',*,*,#1392,.T.);
#1817=ORIENTED_EDGE('',*,*,#1402,.T.);
#1818=ORIENTED_EDGE('',*,*,#1403,.F.);
#1819=ORIENTED_EDGE('',*,*,#1397,.F.);
#1820=ORIENTED_EDGE('',*,*,#1391,.T.);
#1821=ORIENTED_EDGE('',*,*,#1404,.T.);
#1822=ORIENTED_EDGE('',*,*,#1405,.F.);
#1823=ORIENTED_EDGE('',*,*,#1402,.F.);
#1824=ORIENTED_EDGE('',*,*,#1390,.T.);
#1825=ORIENTED_EDGE('',*,*,#1406,.T.);
#1826=ORIENTED_EDGE('',*,*,#1407,.F.);
#1827=ORIENTED_EDGE('',*,*,#1404,.F.);
#1828=ORIENTED_EDGE('',*,*,#1389,.T.);
#1829=ORIENTED_EDGE('',*,*,#1408,.T.);
#1830=ORIENTED_EDGE('',*,*,#1409,.F.);
#1831=ORIENTED_EDGE('',*,*,#1406,.F.);
#1832=ORIENTED_EDGE('',*,*,#1388,.T.);
#1833=ORIENTED_EDGE('',*,*,#1410,.T.);
#1834=ORIENTED_EDGE('',*,*,#1411,.F.);
#1835=ORIENTED_EDGE('',*,*,#1408,.F.);
#1836=ORIENTED_EDGE('',*,*,#1336,.T.);
#1837=ORIENTED_EDGE('',*,*,#1412,.F.);
#1838=ORIENTED_EDGE('',*,*,#1413,.T.);
#1839=ORIENTED_EDGE('',*,*,#1414,.T.);
#1840=ORIENTED_EDGE('',*,*,#1415,.F.);
#1841=ORIENTED_EDGE('',*,*,#1362,.F.);
#1842=ORIENTED_EDGE('',*,*,#1342,.T.);
#1843=ORIENTED_EDGE('',*,*,#1339,.T.);
#1844=ORIENTED_EDGE('',*,*,#1335,.T.);
#1845=ORIENTED_EDGE('',*,*,#1416,.F.);
#1846=ORIENTED_EDGE('',*,*,#1417,.T.);
#1847=ORIENTED_EDGE('',*,*,#1412,.T.);
#1848=ORIENTED_EDGE('',*,*,#1334,.T.);
#1849=ORIENTED_EDGE('',*,*,#1418,.F.);
#1850=ORIENTED_EDGE('',*,*,#1419,.T.);
#1851=ORIENTED_EDGE('',*,*,#1416,.T.);
#1852=ORIENTED_EDGE('',*,*,#1333,.T.);
#1853=ORIENTED_EDGE('',*,*,#1420,.F.);
#1854=ORIENTED_EDGE('',*,*,#1421,.T.);
#1855=ORIENTED_EDGE('',*,*,#1418,.T.);
#1856=ORIENTED_EDGE('',*,*,#1332,.T.);
#1857=ORIENTED_EDGE('',*,*,#1422,.F.);
#1858=ORIENTED_EDGE('',*,*,#1423,.T.);
#1859=ORIENTED_EDGE('',*,*,#1420,.T.);
#1860=ORIENTED_EDGE('',*,*,#1331,.T.);
#1861=ORIENTED_EDGE('',*,*,#1353,.F.);
#1862=ORIENTED_EDGE('',*,*,#1424,.T.);
#1863=ORIENTED_EDGE('',*,*,#1422,.T.);
#1864=ORIENTED_EDGE('',*,*,#1425,.T.);
#1865=ORIENTED_EDGE('',*,*,#1351,.T.);
#1866=ORIENTED_EDGE('',*,*,#1426,.F.);
#1867=ORIENTED_EDGE('',*,*,#1427,.F.);
#1868=ORIENTED_EDGE('',*,*,#1428,.T.);
#1869=ORIENTED_EDGE('',*,*,#1427,.T.);
#1870=ORIENTED_EDGE('',*,*,#1429,.F.);
#1871=ORIENTED_EDGE('',*,*,#1430,.F.);
#1872=ORIENTED_EDGE('',*,*,#1431,.T.);
#1873=ORIENTED_EDGE('',*,*,#1430,.T.);
#1874=ORIENTED_EDGE('',*,*,#1432,.F.);
#1875=ORIENTED_EDGE('',*,*,#1433,.F.);
#1876=ORIENTED_EDGE('',*,*,#1434,.T.);
#1877=ORIENTED_EDGE('',*,*,#1433,.T.);
#1878=ORIENTED_EDGE('',*,*,#1435,.F.);
#1879=ORIENTED_EDGE('',*,*,#1436,.F.);
#1880=ORIENTED_EDGE('',*,*,#1437,.T.);
#1881=ORIENTED_EDGE('',*,*,#1436,.T.);
#1882=ORIENTED_EDGE('',*,*,#1438,.F.);
#1883=ORIENTED_EDGE('',*,*,#1439,.F.);
#1884=ORIENTED_EDGE('',*,*,#1440,.T.);
#1885=ORIENTED_EDGE('',*,*,#1439,.T.);
#1886=ORIENTED_EDGE('',*,*,#1441,.F.);
#1887=ORIENTED_EDGE('',*,*,#1442,.F.);
#1888=ORIENTED_EDGE('',*,*,#1443,.T.);
#1889=ORIENTED_EDGE('',*,*,#1442,.T.);
#1890=ORIENTED_EDGE('',*,*,#1444,.F.);
#1891=ORIENTED_EDGE('',*,*,#1445,.F.);
#1892=ORIENTED_EDGE('',*,*,#1446,.T.);
#1893=ORIENTED_EDGE('',*,*,#1445,.T.);
#1894=ORIENTED_EDGE('',*,*,#1447,.F.);
#1895=ORIENTED_EDGE('',*,*,#1448,.F.);
#1896=ORIENTED_EDGE('',*,*,#1449,.T.);
#1897=ORIENTED_EDGE('',*,*,#1448,.T.);
#1898=ORIENTED_EDGE('',*,*,#1450,.F.);
#1899=ORIENTED_EDGE('',*,*,#1451,.F.);
#1900=ORIENTED_EDGE('',*,*,#1452,.T.);
#1901=ORIENTED_EDGE('',*,*,#1451,.T.);
#1902=ORIENTED_EDGE('',*,*,#1453,.F.);
#1903=ORIENTED_EDGE('',*,*,#1454,.F.);
#1904=ORIENTED_EDGE('',*,*,#1455,.T.);
#1905=ORIENTED_EDGE('',*,*,#1454,.T.);
#1906=ORIENTED_EDGE('',*,*,#1456,.F.);
#1907=ORIENTED_EDGE('',*,*,#1457,.F.);
#1908=ORIENTED_EDGE('',*,*,#1458,.T.);
#1909=ORIENTED_EDGE('',*,*,#1457,.T.);
#1910=ORIENTED_EDGE('',*,*,#1459,.F.);
#1911=ORIENTED_EDGE('',*,*,#1460,.F.);
#1912=ORIENTED_EDGE('',*,*,#1461,.T.);
#1913=ORIENTED_EDGE('',*,*,#1460,.T.);
#1914=ORIENTED_EDGE('',*,*,#1462,.F.);
#1915=ORIENTED_EDGE('',*,*,#1463,.F.);
#1916=ORIENTED_EDGE('',*,*,#1464,.T.);
#1917=ORIENTED_EDGE('',*,*,#1463,.T.);
#1918=ORIENTED_EDGE('',*,*,#1465,.F.);
#1919=ORIENTED_EDGE('',*,*,#1466,.F.);
#1920=ORIENTED_EDGE('',*,*,#1467,.T.);
#1921=ORIENTED_EDGE('',*,*,#1466,.T.);
#1922=ORIENTED_EDGE('',*,*,#1468,.F.);
#1923=ORIENTED_EDGE('',*,*,#1469,.F.);
#1924=ORIENTED_EDGE('',*,*,#1470,.T.);
#1925=ORIENTED_EDGE('',*,*,#1469,.T.);
#1926=ORIENTED_EDGE('',*,*,#1471,.F.);
#1927=ORIENTED_EDGE('',*,*,#1472,.F.);
#1928=ORIENTED_EDGE('',*,*,#1473,.T.);
#1929=ORIENTED_EDGE('',*,*,#1472,.T.);
#1930=ORIENTED_EDGE('',*,*,#1474,.F.);
#1931=ORIENTED_EDGE('',*,*,#1475,.F.);
#1932=ORIENTED_EDGE('',*,*,#1476,.T.);
#1933=ORIENTED_EDGE('',*,*,#1475,.T.);
#1934=ORIENTED_EDGE('',*,*,#1477,.F.);
#1935=ORIENTED_EDGE('',*,*,#1478,.F.);
#1936=ORIENTED_EDGE('',*,*,#1479,.T.);
#1937=ORIENTED_EDGE('',*,*,#1478,.T.);
#1938=ORIENTED_EDGE('',*,*,#1480,.F.);
#1939=ORIENTED_EDGE('',*,*,#1481,.F.);
#1940=ORIENTED_EDGE('',*,*,#1482,.T.);
#1941=ORIENTED_EDGE('',*,*,#1481,.T.);
#1942=ORIENTED_EDGE('',*,*,#1483,.F.);
#1943=ORIENTED_EDGE('',*,*,#1484,.F.);
#1944=ORIENTED_EDGE('',*,*,#1485,.T.);
#1945=ORIENTED_EDGE('',*,*,#1484,.T.);
#1946=ORIENTED_EDGE('',*,*,#1486,.F.);
#1947=ORIENTED_EDGE('',*,*,#1487,.F.);
#1948=ORIENTED_EDGE('',*,*,#1488,.T.);
#1949=ORIENTED_EDGE('',*,*,#1487,.T.);
#1950=ORIENTED_EDGE('',*,*,#1489,.F.);
#1951=ORIENTED_EDGE('',*,*,#1490,.F.);
#1952=ORIENTED_EDGE('',*,*,#1491,.T.);
#1953=ORIENTED_EDGE('',*,*,#1490,.T.);
#1954=ORIENTED_EDGE('',*,*,#1492,.F.);
#1955=ORIENTED_EDGE('',*,*,#1493,.F.);
#1956=ORIENTED_EDGE('',*,*,#1494,.T.);
#1957=ORIENTED_EDGE('',*,*,#1493,.T.);
#1958=ORIENTED_EDGE('',*,*,#1495,.F.);
#1959=ORIENTED_EDGE('',*,*,#1496,.F.);
#1960=ORIENTED_EDGE('',*,*,#1497,.T.);
#1961=ORIENTED_EDGE('',*,*,#1496,.T.);
#1962=ORIENTED_EDGE('',*,*,#1498,.F.);
#1963=ORIENTED_EDGE('',*,*,#1499,.F.);
#1964=ORIENTED_EDGE('',*,*,#1500,.T.);
#1965=ORIENTED_EDGE('',*,*,#1499,.T.);
#1966=ORIENTED_EDGE('',*,*,#1501,.F.);
#1967=ORIENTED_EDGE('',*,*,#1502,.F.);
#1968=ORIENTED_EDGE('',*,*,#1503,.T.);
#1969=ORIENTED_EDGE('',*,*,#1502,.T.);
#1970=ORIENTED_EDGE('',*,*,#1504,.F.);
#1971=ORIENTED_EDGE('',*,*,#1505,.F.);
#1972=ORIENTED_EDGE('',*,*,#1506,.T.);
#1973=ORIENTED_EDGE('',*,*,#1505,.T.);
#1974=ORIENTED_EDGE('',*,*,#1507,.F.);
#1975=ORIENTED_EDGE('',*,*,#1508,.F.);
#1976=ORIENTED_EDGE('',*,*,#1509,.T.);
#1977=ORIENTED_EDGE('',*,*,#1508,.T.);
#1978=ORIENTED_EDGE('',*,*,#1510,.F.);
#1979=ORIENTED_EDGE('',*,*,#1511,.F.);
#1980=ORIENTED_EDGE('',*,*,#1512,.T.);
#1981=ORIENTED_EDGE('',*,*,#1511,.T.);
#1982=ORIENTED_EDGE('',*,*,#1513,.F.);
#1983=ORIENTED_EDGE('',*,*,#1514,.F.);
#1984=ORIENTED_EDGE('',*,*,#1515,.T.);
#1985=ORIENTED_EDGE('',*,*,#1514,.T.);
#1986=ORIENTED_EDGE('',*,*,#1516,.F.);
#1987=ORIENTED_EDGE('',*,*,#1517,.F.);
#1988=ORIENTED_EDGE('',*,*,#1518,.T.);
#1989=ORIENTED_EDGE('',*,*,#1517,.T.);
#1990=ORIENTED_EDGE('',*,*,#1519,.F.);
#1991=ORIENTED_EDGE('',*,*,#1520,.F.);
#1992=ORIENTED_EDGE('',*,*,#1521,.T.);
#1993=ORIENTED_EDGE('',*,*,#1520,.T.);
#1994=ORIENTED_EDGE('',*,*,#1522,.F.);
#1995=ORIENTED_EDGE('',*,*,#1523,.F.);
#1996=ORIENTED_EDGE('',*,*,#1524,.T.);
#1997=ORIENTED_EDGE('',*,*,#1523,.T.);
#1998=ORIENTED_EDGE('',*,*,#1525,.F.);
#1999=ORIENTED_EDGE('',*,*,#1526,.F.);
#2000=ORIENTED_EDGE('',*,*,#1527,.T.);
#2001=ORIENTED_EDGE('',*,*,#1526,.T.);
#2002=ORIENTED_EDGE('',*,*,#1528,.F.);
#2003=ORIENTED_EDGE('',*,*,#1529,.F.);
#2004=ORIENTED_EDGE('',*,*,#1530,.T.);
#2005=ORIENTED_EDGE('',*,*,#1529,.T.);
#2006=ORIENTED_EDGE('',*,*,#1531,.F.);
#2007=ORIENTED_EDGE('',*,*,#1532,.F.);
#2008=ORIENTED_EDGE('',*,*,#1533,.T.);
#2009=ORIENTED_EDGE('',*,*,#1532,.T.);
#2010=ORIENTED_EDGE('',*,*,#1534,.F.);
#2011=ORIENTED_EDGE('',*,*,#1535,.F.);
#2012=ORIENTED_EDGE('',*,*,#1536,.T.);
#2013=ORIENTED_EDGE('',*,*,#1535,.T.);
#2014=ORIENTED_EDGE('',*,*,#1537,.F.);
#2015=ORIENTED_EDGE('',*,*,#1538,.F.);
#2016=ORIENTED_EDGE('',*,*,#1539,.T.);
#2017=ORIENTED_EDGE('',*,*,#1538,.T.);
#2018=ORIENTED_EDGE('',*,*,#1540,.F.);
#2019=ORIENTED_EDGE('',*,*,#1541,.F.);
#2020=ORIENTED_EDGE('',*,*,#1542,.T.);
#2021=ORIENTED_EDGE('',*,*,#1541,.T.);
#2022=ORIENTED_EDGE('',*,*,#1543,.F.);
#2023=ORIENTED_EDGE('',*,*,#1544,.F.);
#2024=ORIENTED_EDGE('',*,*,#1545,.T.);
#2025=ORIENTED_EDGE('',*,*,#1544,.T.);
#2026=ORIENTED_EDGE('',*,*,#1546,.F.);
#2027=ORIENTED_EDGE('',*,*,#1547,.F.);
#2028=ORIENTED_EDGE('',*,*,#1387,.T.);
#2029=ORIENTED_EDGE('',*,*,#1548,.F.);
#2030=ORIENTED_EDGE('',*,*,#1549,.T.);
#2031=ORIENTED_EDGE('',*,*,#1547,.T.);
#2032=ORIENTED_EDGE('',*,*,#1550,.F.);
#2033=ORIENTED_EDGE('',*,*,#1410,.F.);
#2034=ORIENTED_EDGE('',*,*,#1386,.T.);
#2035=ORIENTED_EDGE('',*,*,#1551,.F.);
#2036=ORIENTED_EDGE('',*,*,#1552,.T.);
#2037=ORIENTED_EDGE('',*,*,#1548,.T.);
#2038=ORIENTED_EDGE('',*,*,#1385,.T.);
#2039=ORIENTED_EDGE('',*,*,#1553,.F.);
#2040=ORIENTED_EDGE('',*,*,#1554,.T.);
#2041=ORIENTED_EDGE('',*,*,#1551,.T.);
#2042=ORIENTED_EDGE('',*,*,#1384,.T.);
#2043=ORIENTED_EDGE('',*,*,#1555,.F.);
#2044=ORIENTED_EDGE('',*,*,#1556,.T.);
#2045=ORIENTED_EDGE('',*,*,#1553,.T.);
#2046=ORIENTED_EDGE('',*,*,#1383,.T.);
#2047=ORIENTED_EDGE('',*,*,#1557,.F.);
#2048=ORIENTED_EDGE('',*,*,#1558,.T.);
#2049=ORIENTED_EDGE('',*,*,#1555,.T.);
#2050=ORIENTED_EDGE('',*,*,#1396,.T.);
#2051=ORIENTED_EDGE('',*,*,#1401,.F.);
#2052=ORIENTED_EDGE('',*,*,#1559,.T.);
#2053=ORIENTED_EDGE('',*,*,#1557,.T.);
#2054=ORIENTED_EDGE('',*,*,#1560,.T.);
#2055=ORIENTED_EDGE('',*,*,#1399,.T.);
#2056=ORIENTED_EDGE('',*,*,#1561,.F.);
#2057=ORIENTED_EDGE('',*,*,#1562,.F.);
#2058=ORIENTED_EDGE('',*,*,#1563,.T.);
#2059=ORIENTED_EDGE('',*,*,#1562,.T.);
#2060=ORIENTED_EDGE('',*,*,#1564,.F.);
#2061=ORIENTED_EDGE('',*,*,#1565,.F.);
#2062=ORIENTED_EDGE('',*,*,#1566,.T.);
#2063=ORIENTED_EDGE('',*,*,#1565,.T.);
#2064=ORIENTED_EDGE('',*,*,#1567,.F.);
#2065=ORIENTED_EDGE('',*,*,#1568,.F.);
#2066=ORIENTED_EDGE('',*,*,#1569,.T.);
#2067=ORIENTED_EDGE('',*,*,#1568,.T.);
#2068=ORIENTED_EDGE('',*,*,#1570,.F.);
#2069=ORIENTED_EDGE('',*,*,#1571,.F.);
#2070=ORIENTED_EDGE('',*,*,#1572,.T.);
#2071=ORIENTED_EDGE('',*,*,#1571,.T.);
#2072=ORIENTED_EDGE('',*,*,#1573,.F.);
#2073=ORIENTED_EDGE('',*,*,#1574,.F.);
#2074=ORIENTED_EDGE('',*,*,#1575,.T.);
#2075=ORIENTED_EDGE('',*,*,#1574,.T.);
#2076=ORIENTED_EDGE('',*,*,#1576,.F.);
#2077=ORIENTED_EDGE('',*,*,#1577,.F.);
#2078=ORIENTED_EDGE('',*,*,#1578,.T.);
#2079=ORIENTED_EDGE('',*,*,#1577,.T.);
#2080=ORIENTED_EDGE('',*,*,#1579,.F.);
#2081=ORIENTED_EDGE('',*,*,#1580,.F.);
#2082=ORIENTED_EDGE('',*,*,#1581,.T.);
#2083=ORIENTED_EDGE('',*,*,#1580,.T.);
#2084=ORIENTED_EDGE('',*,*,#1582,.F.);
#2085=ORIENTED_EDGE('',*,*,#1583,.F.);
#2086=ORIENTED_EDGE('',*,*,#1584,.T.);
#2087=ORIENTED_EDGE('',*,*,#1583,.T.);
#2088=ORIENTED_EDGE('',*,*,#1585,.F.);
#2089=ORIENTED_EDGE('',*,*,#1586,.F.);
#2090=ORIENTED_EDGE('',*,*,#1587,.T.);
#2091=ORIENTED_EDGE('',*,*,#1586,.T.);
#2092=ORIENTED_EDGE('',*,*,#1588,.F.);
#2093=ORIENTED_EDGE('',*,*,#1589,.F.);
#2094=ORIENTED_EDGE('',*,*,#1590,.T.);
#2095=ORIENTED_EDGE('',*,*,#1589,.T.);
#2096=ORIENTED_EDGE('',*,*,#1591,.F.);
#2097=ORIENTED_EDGE('',*,*,#1592,.F.);
#2098=ORIENTED_EDGE('',*,*,#1593,.T.);
#2099=ORIENTED_EDGE('',*,*,#1592,.T.);
#2100=ORIENTED_EDGE('',*,*,#1594,.F.);
#2101=ORIENTED_EDGE('',*,*,#1595,.F.);
#2102=ORIENTED_EDGE('',*,*,#1596,.T.);
#2103=ORIENTED_EDGE('',*,*,#1595,.T.);
#2104=ORIENTED_EDGE('',*,*,#1597,.F.);
#2105=ORIENTED_EDGE('',*,*,#1598,.F.);
#2106=ORIENTED_EDGE('',*,*,#1599,.T.);
#2107=ORIENTED_EDGE('',*,*,#1598,.T.);
#2108=ORIENTED_EDGE('',*,*,#1600,.F.);
#2109=ORIENTED_EDGE('',*,*,#1601,.F.);
#2110=ORIENTED_EDGE('',*,*,#1602,.T.);
#2111=ORIENTED_EDGE('',*,*,#1601,.T.);
#2112=ORIENTED_EDGE('',*,*,#1603,.F.);
#2113=ORIENTED_EDGE('',*,*,#1604,.F.);
#2114=ORIENTED_EDGE('',*,*,#1605,.T.);
#2115=ORIENTED_EDGE('',*,*,#1604,.T.);
#2116=ORIENTED_EDGE('',*,*,#1606,.F.);
#2117=ORIENTED_EDGE('',*,*,#1607,.F.);
#2118=ORIENTED_EDGE('',*,*,#1608,.T.);
#2119=ORIENTED_EDGE('',*,*,#1607,.T.);
#2120=ORIENTED_EDGE('',*,*,#1609,.F.);
#2121=ORIENTED_EDGE('',*,*,#1610,.F.);
#2122=ORIENTED_EDGE('',*,*,#1611,.T.);
#2123=ORIENTED_EDGE('',*,*,#1610,.T.);
#2124=ORIENTED_EDGE('',*,*,#1612,.F.);
#2125=ORIENTED_EDGE('',*,*,#1613,.F.);
#2126=ORIENTED_EDGE('',*,*,#1614,.T.);
#2127=ORIENTED_EDGE('',*,*,#1613,.T.);
#2128=ORIENTED_EDGE('',*,*,#1615,.F.);
#2129=ORIENTED_EDGE('',*,*,#1616,.F.);
#2130=ORIENTED_EDGE('',*,*,#1617,.T.);
#2131=ORIENTED_EDGE('',*,*,#1616,.T.);
#2132=ORIENTED_EDGE('',*,*,#1618,.F.);
#2133=ORIENTED_EDGE('',*,*,#1619,.F.);
#2134=ORIENTED_EDGE('',*,*,#1620,.T.);
#2135=ORIENTED_EDGE('',*,*,#1619,.T.);
#2136=ORIENTED_EDGE('',*,*,#1621,.F.);
#2137=ORIENTED_EDGE('',*,*,#1622,.F.);
#2138=ORIENTED_EDGE('',*,*,#1623,.T.);
#2139=ORIENTED_EDGE('',*,*,#1622,.T.);
#2140=ORIENTED_EDGE('',*,*,#1624,.F.);
#2141=ORIENTED_EDGE('',*,*,#1625,.F.);
#2142=ORIENTED_EDGE('',*,*,#1626,.T.);
#2143=ORIENTED_EDGE('',*,*,#1625,.T.);
#2144=ORIENTED_EDGE('',*,*,#1627,.F.);
#2145=ORIENTED_EDGE('',*,*,#1628,.F.);
#2146=ORIENTED_EDGE('',*,*,#1629,.T.);
#2147=ORIENTED_EDGE('',*,*,#1628,.T.);
#2148=ORIENTED_EDGE('',*,*,#1630,.F.);
#2149=ORIENTED_EDGE('',*,*,#1631,.F.);
#2150=ORIENTED_EDGE('',*,*,#1632,.T.);
#2151=ORIENTED_EDGE('',*,*,#1631,.T.);
#2152=ORIENTED_EDGE('',*,*,#1633,.F.);
#2153=ORIENTED_EDGE('',*,*,#1634,.F.);
#2154=ORIENTED_EDGE('',*,*,#1635,.T.);
#2155=ORIENTED_EDGE('',*,*,#1634,.T.);
#2156=ORIENTED_EDGE('',*,*,#1636,.F.);
#2157=ORIENTED_EDGE('',*,*,#1637,.F.);
#2158=ORIENTED_EDGE('',*,*,#1638,.T.);
#2159=ORIENTED_EDGE('',*,*,#1637,.T.);
#2160=ORIENTED_EDGE('',*,*,#1639,.F.);
#2161=ORIENTED_EDGE('',*,*,#1640,.F.);
#2162=ORIENTED_EDGE('',*,*,#1641,.T.);
#2163=ORIENTED_EDGE('',*,*,#1640,.T.);
#2164=ORIENTED_EDGE('',*,*,#1642,.F.);
#2165=ORIENTED_EDGE('',*,*,#1643,.F.);
#2166=ORIENTED_EDGE('',*,*,#1644,.T.);
#2167=ORIENTED_EDGE('',*,*,#1643,.T.);
#2168=ORIENTED_EDGE('',*,*,#1645,.F.);
#2169=ORIENTED_EDGE('',*,*,#1646,.F.);
#2170=ORIENTED_EDGE('',*,*,#1647,.T.);
#2171=ORIENTED_EDGE('',*,*,#1646,.T.);
#2172=ORIENTED_EDGE('',*,*,#1648,.F.);
#2173=ORIENTED_EDGE('',*,*,#1649,.F.);
#2174=ORIENTED_EDGE('',*,*,#1650,.T.);
#2175=ORIENTED_EDGE('',*,*,#1649,.T.);
#2176=ORIENTED_EDGE('',*,*,#1651,.F.);
#2177=ORIENTED_EDGE('',*,*,#1652,.F.);
#2178=ORIENTED_EDGE('',*,*,#1653,.T.);
#2179=ORIENTED_EDGE('',*,*,#1652,.T.);
#2180=ORIENTED_EDGE('',*,*,#1654,.F.);
#2181=ORIENTED_EDGE('',*,*,#1655,.F.);
#2182=ORIENTED_EDGE('',*,*,#1656,.T.);
#2183=ORIENTED_EDGE('',*,*,#1655,.T.);
#2184=ORIENTED_EDGE('',*,*,#1657,.F.);
#2185=ORIENTED_EDGE('',*,*,#1658,.F.);
#2186=ORIENTED_EDGE('',*,*,#1659,.T.);
#2187=ORIENTED_EDGE('',*,*,#1658,.T.);
#2188=ORIENTED_EDGE('',*,*,#1660,.F.);
#2189=ORIENTED_EDGE('',*,*,#1661,.F.);
#2190=ORIENTED_EDGE('',*,*,#1662,.T.);
#2191=ORIENTED_EDGE('',*,*,#1661,.T.);
#2192=ORIENTED_EDGE('',*,*,#1663,.F.);
#2193=ORIENTED_EDGE('',*,*,#1664,.F.);
#2194=ORIENTED_EDGE('',*,*,#1665,.T.);
#2195=ORIENTED_EDGE('',*,*,#1664,.T.);
#2196=ORIENTED_EDGE('',*,*,#1666,.F.);
#2197=ORIENTED_EDGE('',*,*,#1667,.F.);
#2198=ORIENTED_EDGE('',*,*,#1668,.T.);
#2199=ORIENTED_EDGE('',*,*,#1667,.T.);
#2200=ORIENTED_EDGE('',*,*,#1669,.F.);
#2201=ORIENTED_EDGE('',*,*,#1670,.F.);
#2202=ORIENTED_EDGE('',*,*,#1671,.T.);
#2203=ORIENTED_EDGE('',*,*,#1670,.T.);
#2204=ORIENTED_EDGE('',*,*,#1672,.F.);
#2205=ORIENTED_EDGE('',*,*,#1673,.F.);
#2206=ORIENTED_EDGE('',*,*,#1674,.T.);
#2207=ORIENTED_EDGE('',*,*,#1673,.T.);
#2208=ORIENTED_EDGE('',*,*,#1675,.F.);
#2209=ORIENTED_EDGE('',*,*,#1676,.F.);
#2210=ORIENTED_EDGE('',*,*,#1677,.T.);
#2211=ORIENTED_EDGE('',*,*,#1676,.T.);
#2212=ORIENTED_EDGE('',*,*,#1678,.F.);
#2213=ORIENTED_EDGE('',*,*,#1679,.F.);
#2214=ORIENTED_EDGE('',*,*,#1680,.T.);
#2215=ORIENTED_EDGE('',*,*,#1679,.T.);
#2216=ORIENTED_EDGE('',*,*,#1681,.F.);
#2217=ORIENTED_EDGE('',*,*,#1414,.F.);
#2218=ORIENTED_EDGE('',*,*,#1681,.T.);
#2219=ORIENTED_EDGE('',*,*,#1678,.T.);
#2220=ORIENTED_EDGE('',*,*,#1675,.T.);
#2221=ORIENTED_EDGE('',*,*,#1672,.T.);
#2222=ORIENTED_EDGE('',*,*,#1669,.T.);
#2223=ORIENTED_EDGE('',*,*,#1666,.T.);
#2224=ORIENTED_EDGE('',*,*,#1663,.T.);
#2225=ORIENTED_EDGE('',*,*,#1660,.T.);
#2226=ORIENTED_EDGE('',*,*,#1657,.T.);
#2227=ORIENTED_EDGE('',*,*,#1654,.T.);
#2228=ORIENTED_EDGE('',*,*,#1651,.T.);
#2229=ORIENTED_EDGE('',*,*,#1648,.T.);
#2230=ORIENTED_EDGE('',*,*,#1645,.T.);
#2231=ORIENTED_EDGE('',*,*,#1642,.T.);
#2232=ORIENTED_EDGE('',*,*,#1639,.T.);
#2233=ORIENTED_EDGE('',*,*,#1636,.T.);
#2234=ORIENTED_EDGE('',*,*,#1633,.T.);
#2235=ORIENTED_EDGE('',*,*,#1630,.T.);
#2236=ORIENTED_EDGE('',*,*,#1627,.T.);
#2237=ORIENTED_EDGE('',*,*,#1624,.T.);
#2238=ORIENTED_EDGE('',*,*,#1621,.T.);
#2239=ORIENTED_EDGE('',*,*,#1618,.T.);
#2240=ORIENTED_EDGE('',*,*,#1615,.T.);
#2241=ORIENTED_EDGE('',*,*,#1612,.T.);
#2242=ORIENTED_EDGE('',*,*,#1609,.T.);
#2243=ORIENTED_EDGE('',*,*,#1606,.T.);
#2244=ORIENTED_EDGE('',*,*,#1603,.T.);
#2245=ORIENTED_EDGE('',*,*,#1600,.T.);
#2246=ORIENTED_EDGE('',*,*,#1597,.T.);
#2247=ORIENTED_EDGE('',*,*,#1594,.T.);
#2248=ORIENTED_EDGE('',*,*,#1591,.T.);
#2249=ORIENTED_EDGE('',*,*,#1588,.T.);
#2250=ORIENTED_EDGE('',*,*,#1585,.T.);
#2251=ORIENTED_EDGE('',*,*,#1582,.T.);
#2252=ORIENTED_EDGE('',*,*,#1579,.T.);
#2253=ORIENTED_EDGE('',*,*,#1576,.T.);
#2254=ORIENTED_EDGE('',*,*,#1573,.T.);
#2255=ORIENTED_EDGE('',*,*,#1570,.T.);
#2256=ORIENTED_EDGE('',*,*,#1567,.T.);
#2257=ORIENTED_EDGE('',*,*,#1564,.T.);
#2258=ORIENTED_EDGE('',*,*,#1561,.T.);
#2259=ORIENTED_EDGE('',*,*,#1398,.T.);
#2260=ORIENTED_EDGE('',*,*,#1403,.T.);
#2261=ORIENTED_EDGE('',*,*,#1405,.T.);
#2262=ORIENTED_EDGE('',*,*,#1407,.T.);
#2263=ORIENTED_EDGE('',*,*,#1409,.T.);
#2264=ORIENTED_EDGE('',*,*,#1411,.T.);
#2265=ORIENTED_EDGE('',*,*,#1550,.T.);
#2266=ORIENTED_EDGE('',*,*,#1546,.T.);
#2267=ORIENTED_EDGE('',*,*,#1543,.T.);
#2268=ORIENTED_EDGE('',*,*,#1540,.T.);
#2269=ORIENTED_EDGE('',*,*,#1537,.T.);
#2270=ORIENTED_EDGE('',*,*,#1534,.T.);
#2271=ORIENTED_EDGE('',*,*,#1531,.T.);
#2272=ORIENTED_EDGE('',*,*,#1528,.T.);
#2273=ORIENTED_EDGE('',*,*,#1525,.T.);
#2274=ORIENTED_EDGE('',*,*,#1522,.T.);
#2275=ORIENTED_EDGE('',*,*,#1519,.T.);
#2276=ORIENTED_EDGE('',*,*,#1516,.T.);
#2277=ORIENTED_EDGE('',*,*,#1513,.T.);
#2278=ORIENTED_EDGE('',*,*,#1510,.T.);
#2279=ORIENTED_EDGE('',*,*,#1507,.T.);
#2280=ORIENTED_EDGE('',*,*,#1504,.T.);
#2281=ORIENTED_EDGE('',*,*,#1501,.T.);
#2282=ORIENTED_EDGE('',*,*,#1498,.T.);
#2283=ORIENTED_EDGE('',*,*,#1495,.T.);
#2284=ORIENTED_EDGE('',*,*,#1492,.T.);
#2285=ORIENTED_EDGE('',*,*,#1489,.T.);
#2286=ORIENTED_EDGE('',*,*,#1486,.T.);
#2287=ORIENTED_EDGE('',*,*,#1483,.T.);
#2288=ORIENTED_EDGE('',*,*,#1480,.T.);
#2289=ORIENTED_EDGE('',*,*,#1477,.T.);
#2290=ORIENTED_EDGE('',*,*,#1474,.T.);
#2291=ORIENTED_EDGE('',*,*,#1471,.T.);
#2292=ORIENTED_EDGE('',*,*,#1468,.T.);
#2293=ORIENTED_EDGE('',*,*,#1465,.T.);
#2294=ORIENTED_EDGE('',*,*,#1462,.T.);
#2295=ORIENTED_EDGE('',*,*,#1459,.T.);
#2296=ORIENTED_EDGE('',*,*,#1456,.T.);
#2297=ORIENTED_EDGE('',*,*,#1453,.T.);
#2298=ORIENTED_EDGE('',*,*,#1450,.T.);
#2299=ORIENTED_EDGE('',*,*,#1447,.T.);
#2300=ORIENTED_EDGE('',*,*,#1444,.T.);
#2301=ORIENTED_EDGE('',*,*,#1441,.T.);
#2302=ORIENTED_EDGE('',*,*,#1438,.T.);
#2303=ORIENTED_EDGE('',*,*,#1435,.T.);
#2304=ORIENTED_EDGE('',*,*,#1432,.T.);
#2305=ORIENTED_EDGE('',*,*,#1429,.T.);
#2306=ORIENTED_EDGE('',*,*,#1426,.T.);
#2307=ORIENTED_EDGE('',*,*,#1350,.T.);
#2308=ORIENTED_EDGE('',*,*,#1355,.T.);
#2309=ORIENTED_EDGE('',*,*,#1357,.T.);
#2310=ORIENTED_EDGE('',*,*,#1359,.T.);
#2311=ORIENTED_EDGE('',*,*,#1361,.T.);
#2312=ORIENTED_EDGE('',*,*,#1363,.T.);
#2313=ORIENTED_EDGE('',*,*,#1415,.T.);
#2314=ORIENTED_EDGE('',*,*,#1366,.T.);
#2315=ORIENTED_EDGE('',*,*,#1680,.F.);
#2316=ORIENTED_EDGE('',*,*,#1413,.F.);
#2317=ORIENTED_EDGE('',*,*,#1417,.F.);
#2318=ORIENTED_EDGE('',*,*,#1419,.F.);
#2319=ORIENTED_EDGE('',*,*,#1421,.F.);
#2320=ORIENTED_EDGE('',*,*,#1423,.F.);
#2321=ORIENTED_EDGE('',*,*,#1424,.F.);
#2322=ORIENTED_EDGE('',*,*,#1352,.F.);
#2323=ORIENTED_EDGE('',*,*,#1425,.F.);
#2324=ORIENTED_EDGE('',*,*,#1428,.F.);
#2325=ORIENTED_EDGE('',*,*,#1431,.F.);
#2326=ORIENTED_EDGE('',*,*,#1434,.F.);
#2327=ORIENTED_EDGE('',*,*,#1437,.F.);
#2328=ORIENTED_EDGE('',*,*,#1440,.F.);
#2329=ORIENTED_EDGE('',*,*,#1443,.F.);
#2330=ORIENTED_EDGE('',*,*,#1446,.F.);
#2331=ORIENTED_EDGE('',*,*,#1449,.F.);
#2332=ORIENTED_EDGE('',*,*,#1452,.F.);
#2333=ORIENTED_EDGE('',*,*,#1455,.F.);
#2334=ORIENTED_EDGE('',*,*,#1458,.F.);
#2335=ORIENTED_EDGE('',*,*,#1461,.F.);
#2336=ORIENTED_EDGE('',*,*,#1464,.F.);
#2337=ORIENTED_EDGE('',*,*,#1467,.F.);
#2338=ORIENTED_EDGE('',*,*,#1470,.F.);
#2339=ORIENTED_EDGE('',*,*,#1473,.F.);
#2340=ORIENTED_EDGE('',*,*,#1476,.F.);
#2341=ORIENTED_EDGE('',*,*,#1479,.F.);
#2342=ORIENTED_EDGE('',*,*,#1482,.F.);
#2343=ORIENTED_EDGE('',*,*,#1485,.F.);
#2344=ORIENTED_EDGE('',*,*,#1488,.F.);
#2345=ORIENTED_EDGE('',*,*,#1491,.F.);
#2346=ORIENTED_EDGE('',*,*,#1494,.F.);
#2347=ORIENTED_EDGE('',*,*,#1497,.F.);
#2348=ORIENTED_EDGE('',*,*,#1500,.F.);
#2349=ORIENTED_EDGE('',*,*,#1503,.F.);
#2350=ORIENTED_EDGE('',*,*,#1506,.F.);
#2351=ORIENTED_EDGE('',*,*,#1509,.F.);
#2352=ORIENTED_EDGE('',*,*,#1512,.F.);
#2353=ORIENTED_EDGE('',*,*,#1515,.F.);
#2354=ORIENTED_EDGE('',*,*,#1518,.F.);
#2355=ORIENTED_EDGE('',*,*,#1521,.F.);
#2356=ORIENTED_EDGE('',*,*,#1524,.F.);
#2357=ORIENTED_EDGE('',*,*,#1527,.F.);
#2358=ORIENTED_EDGE('',*,*,#1530,.F.);
#2359=ORIENTED_EDGE('',*,*,#1533,.F.);
#2360=ORIENTED_EDGE('',*,*,#1536,.F.);
#2361=ORIENTED_EDGE('',*,*,#1539,.F.);
#2362=ORIENTED_EDGE('',*,*,#1542,.F.);
#2363=ORIENTED_EDGE('',*,*,#1545,.F.);
#2364=ORIENTED_EDGE('',*,*,#1549,.F.);
#2365=ORIENTED_EDGE('',*,*,#1552,.F.);
#2366=ORIENTED_EDGE('',*,*,#1554,.F.);
#2367=ORIENTED_EDGE('',*,*,#1556,.F.);
#2368=ORIENTED_EDGE('',*,*,#1558,.F.);
#2369=ORIENTED_EDGE('',*,*,#1559,.F.);
#2370=ORIENTED_EDGE('',*,*,#1400,.F.);
#2371=ORIENTED_EDGE('',*,*,#1560,.F.);
#2372=ORIENTED_EDGE('',*,*,#1563,.F.);
#2373=ORIENTED_EDGE('',*,*,#1566,.F.);
#2374=ORIENTED_EDGE('',*,*,#1569,.F.);
#2375=ORIENTED_EDGE('',*,*,#1572,.F.);
#2376=ORIENTED_EDGE('',*,*,#1575,.F.);
#2377=ORIENTED_EDGE('',*,*,#1578,.F.);
#2378=ORIENTED_EDGE('',*,*,#1581,.F.);
#2379=ORIENTED_EDGE('',*,*,#1584,.F.);
#2380=ORIENTED_EDGE('',*,*,#1587,.F.);
#2381=ORIENTED_EDGE('',*,*,#1590,.F.);
#2382=ORIENTED_EDGE('',*,*,#1593,.F.);
#2383=ORIENTED_EDGE('',*,*,#1596,.F.);
#2384=ORIENTED_EDGE('',*,*,#1599,.F.);
#2385=ORIENTED_EDGE('',*,*,#1602,.F.);
#2386=ORIENTED_EDGE('',*,*,#1605,.F.);
#2387=ORIENTED_EDGE('',*,*,#1608,.F.);
#2388=ORIENTED_EDGE('',*,*,#1611,.F.);
#2389=ORIENTED_EDGE('',*,*,#1614,.F.);
#2390=ORIENTED_EDGE('',*,*,#1617,.F.);
#2391=ORIENTED_EDGE('',*,*,#1620,.F.);
#2392=ORIENTED_EDGE('',*,*,#1623,.F.);
#2393=ORIENTED_EDGE('',*,*,#1626,.F.);
#2394=ORIENTED_EDGE('',*,*,#1629,.F.);
#2395=ORIENTED_EDGE('',*,*,#1632,.F.);
#2396=ORIENTED_EDGE('',*,*,#1635,.F.);
#2397=ORIENTED_EDGE('',*,*,#1638,.F.);
#2398=ORIENTED_EDGE('',*,*,#1641,.F.);
#2399=ORIENTED_EDGE('',*,*,#1644,.F.);
#2400=ORIENTED_EDGE('',*,*,#1647,.F.);
#2401=ORIENTED_EDGE('',*,*,#1650,.F.);
#2402=ORIENTED_EDGE('',*,*,#1653,.F.);
#2403=ORIENTED_EDGE('',*,*,#1656,.F.);
#2404=ORIENTED_EDGE('',*,*,#1659,.F.);
#2405=ORIENTED_EDGE('',*,*,#1662,.F.);
#2406=ORIENTED_EDGE('',*,*,#1665,.F.);
#2407=ORIENTED_EDGE('',*,*,#1668,.F.);
#2408=ORIENTED_EDGE('',*,*,#1671,.F.);
#2409=ORIENTED_EDGE('',*,*,#1674,.F.);
#2410=ORIENTED_EDGE('',*,*,#1677,.F.);
#2411=ORIENTED_EDGE('',*,*,#1313,.T.);
#2412=ORIENTED_EDGE('',*,*,#1316,.T.);
#2413=ORIENTED_EDGE('',*,*,#1319,.T.);
#2414=ORIENTED_EDGE('',*,*,#1322,.T.);
#2415=ORIENTED_EDGE('',*,*,#1364,.T.);
#2416=ORIENTED_EDGE('',*,*,#1368,.T.);
#2417=ORIENTED_EDGE('',*,*,#1380,.T.);
#2418=ORIENTED_EDGE('',*,*,#1376,.T.);
#2419=ORIENTED_EDGE('',*,*,#1373,.T.);
#2420=CYLINDRICAL_SURFACE('',#2596,2.);
#2421=CYLINDRICAL_SURFACE('',#2600,2.);
#2422=CYLINDRICAL_SURFACE('',#2604,2.);
#2423=CYLINDRICAL_SURFACE('',#2608,2.);
#2424=CYLINDRICAL_SURFACE('',#2613,1.6);
#2425=CYLINDRICAL_SURFACE('',#2618,1.6);
#2426=CYLINDRICAL_SURFACE('',#2622,12.4);
#2427=CYLINDRICAL_SURFACE('',#2630,5.2);
#2428=CYLINDRICAL_SURFACE('',#2640,1.6);
#2429=CYLINDRICAL_SURFACE('',#2641,1.6);
#2430=CYLINDRICAL_SURFACE('',#2648,12.4);
#2431=CYLINDRICAL_SURFACE('',#2656,12.4);
#2432=CYLINDRICAL_SURFACE('',#2669,12.4);
#2433=CYLINDRICAL_SURFACE('',#2677,12.4);
#2434=CYLINDRICAL_SURFACE('',#2685,12.4);
#2435=CYLINDRICAL_SURFACE('',#2693,12.4);
#2436=CYLINDRICAL_SURFACE('',#2701,12.4);
#2437=CYLINDRICAL_SURFACE('',#2709,12.4);
#2438=CYLINDRICAL_SURFACE('',#2717,12.4);
#2439=CYLINDRICAL_SURFACE('',#2730,12.4);
#2440=CYLINDRICAL_SURFACE('',#2738,12.4);
#2441=CYLINDRICAL_SURFACE('',#2746,12.4);
#2442=CYLINDRICAL_SURFACE('',#2754,12.4);
#2443=CYLINDRICAL_SURFACE('',#2762,12.4);
#2444=CYLINDRICAL_SURFACE('',#2770,12.4);
#2445=ADVANCED_FACE('',(#148),#2420,.F.);
#2446=ADVANCED_FACE('',(#149),#45,.T.);
#2447=ADVANCED_FACE('',(#150),#2421,.F.);
#2448=ADVANCED_FACE('',(#151),#46,.T.);
#2449=ADVANCED_FACE('',(#152),#2422,.F.);
#2450=ADVANCED_FACE('',(#153),#47,.T.);
#2451=ADVANCED_FACE('',(#154),#2423,.F.);
#2452=ADVANCED_FACE('',(#155),#48,.T.);
#2453=ADVANCED_FACE('',(#156),#49,.F.);
#2454=ADVANCED_FACE('',(#157),#2424,.F.);
#2455=ADVANCED_FACE('',(#158),#50,.F.);
#2456=ADVANCED_FACE('',(#159),#2425,.F.);
#2457=ADVANCED_FACE('',(#160),#2426,.T.);
#2458=ADVANCED_FACE('',(#161),#51,.T.);
#2459=ADVANCED_FACE('',(#162),#52,.T.);
#2460=ADVANCED_FACE('',(#163),#53,.T.);
#2461=ADVANCED_FACE('',(#164),#54,.T.);
#2462=ADVANCED_FACE('',(#165),#55,.T.);
#2463=ADVANCED_FACE('',(#166,#15,#16),#2427,.F.);
#2464=ADVANCED_FACE('',(#167,#17),#56,.F.);
#2465=ADVANCED_FACE('',(#168),#57,.F.);
#2466=ADVANCED_FACE('',(#169,#18),#58,.F.);
#2467=ADVANCED_FACE('',(#170),#59,.F.);
#2468=ADVANCED_FACE('',(#171),#60,.F.);
#2469=ADVANCED_FACE('',(#172),#2428,.F.);
#2470=ADVANCED_FACE('',(#173),#2429,.F.);
#2471=ADVANCED_FACE('',(#174),#2430,.T.);
#2472=ADVANCED_FACE('',(#175),#61,.T.);
#2473=ADVANCED_FACE('',(#176),#62,.T.);
#2474=ADVANCED_FACE('',(#177),#63,.T.);
#2475=ADVANCED_FACE('',(#178),#64,.T.);
#2476=ADVANCED_FACE('',(#179),#65,.T.);
#2477=ADVANCED_FACE('',(#180),#2431,.T.);
#2478=ADVANCED_FACE('',(#181),#66,.T.);
#2479=ADVANCED_FACE('',(#182),#67,.T.);
#2480=ADVANCED_FACE('',(#183),#68,.T.);
#2481=ADVANCED_FACE('',(#184),#69,.T.);
#2482=ADVANCED_FACE('',(#185),#70,.T.);
#2483=ADVANCED_FACE('',(#186),#71,.T.);
#2484=ADVANCED_FACE('',(#187),#72,.T.);
#2485=ADVANCED_FACE('',(#188),#73,.T.);
#2486=ADVANCED_FACE('',(#189),#74,.T.);
#2487=ADVANCED_FACE('',(#190),#75,.T.);
#2488=ADVANCED_FACE('',(#191),#2432,.T.);
#2489=ADVANCED_FACE('',(#192),#76,.T.);
#2490=ADVANCED_FACE('',(#193),#77,.T.);
#2491=ADVANCED_FACE('',(#194),#78,.T.);
#2492=ADVANCED_FACE('',(#195),#79,.T.);
#2493=ADVANCED_FACE('',(#196),#80,.T.);
#2494=ADVANCED_FACE('',(#197),#2433,.T.);
#2495=ADVANCED_FACE('',(#198),#81,.T.);
#2496=ADVANCED_FACE('',(#199),#82,.T.);
#2497=ADVANCED_FACE('',(#200),#83,.T.);
#2498=ADVANCED_FACE('',(#201),#84,.T.);
#2499=ADVANCED_FACE('',(#202),#85,.T.);
#2500=ADVANCED_FACE('',(#203),#2434,.T.);
#2501=ADVANCED_FACE('',(#204),#86,.T.);
#2502=ADVANCED_FACE('',(#205),#87,.T.);
#2503=ADVANCED_FACE('',(#206),#88,.T.);
#2504=ADVANCED_FACE('',(#207),#89,.T.);
#2505=ADVANCED_FACE('',(#208),#90,.T.);
#2506=ADVANCED_FACE('',(#209),#2435,.T.);
#2507=ADVANCED_FACE('',(#210),#91,.T.);
#2508=ADVANCED_FACE('',(#211),#92,.T.);
#2509=ADVANCED_FACE('',(#212),#93,.T.);
#2510=ADVANCED_FACE('',(#213),#94,.T.);
#2511=ADVANCED_FACE('',(#214),#95,.T.);
#2512=ADVANCED_FACE('',(#215),#2436,.T.);
#2513=ADVANCED_FACE('',(#216),#96,.T.);
#2514=ADVANCED_FACE('',(#217),#97,.T.);
#2515=ADVANCED_FACE('',(#218),#98,.T.);
#2516=ADVANCED_FACE('',(#219),#99,.T.);
#2517=ADVANCED_FACE('',(#220),#100,.T.);
#2518=ADVANCED_FACE('',(#221),#2437,.T.);
#2519=ADVANCED_FACE('',(#222),#101,.T.);
#2520=ADVANCED_FACE('',(#223),#102,.T.);
#2521=ADVANCED_FACE('',(#224),#103,.T.);
#2522=ADVANCED_FACE('',(#225),#104,.T.);
#2523=ADVANCED_FACE('',(#226),#105,.T.);
#2524=ADVANCED_FACE('',(#227),#2438,.T.);
#2525=ADVANCED_FACE('',(#228),#106,.T.);
#2526=ADVANCED_FACE('',(#229),#107,.T.);
#2527=ADVANCED_FACE('',(#230),#108,.T.);
#2528=ADVANCED_FACE('',(#231),#109,.T.);
#2529=ADVANCED_FACE('',(#232),#110,.T.);
#2530=ADVANCED_FACE('',(#233),#111,.T.);
#2531=ADVANCED_FACE('',(#234),#112,.T.);
#2532=ADVANCED_FACE('',(#235),#113,.T.);
#2533=ADVANCED_FACE('',(#236),#114,.T.);
#2534=ADVANCED_FACE('',(#237),#115,.T.);
#2535=ADVANCED_FACE('',(#238),#2439,.T.);
#2536=ADVANCED_FACE('',(#239),#116,.T.);
#2537=ADVANCED_FACE('',(#240),#117,.T.);
#2538=ADVANCED_FACE('',(#241),#118,.T.);
#2539=ADVANCED_FACE('',(#242),#119,.T.);
#2540=ADVANCED_FACE('',(#243),#120,.T.);
#2541=ADVANCED_FACE('',(#244),#2440,.T.);
#2542=ADVANCED_FACE('',(#245),#121,.T.);
#2543=ADVANCED_FACE('',(#246),#122,.T.);
#2544=ADVANCED_FACE('',(#247),#123,.T.);
#2545=ADVANCED_FACE('',(#248),#124,.T.);
#2546=ADVANCED_FACE('',(#249),#125,.T.);
#2547=ADVANCED_FACE('',(#250),#2441,.T.);
#2548=ADVANCED_FACE('',(#251),#126,.T.);
#2549=ADVANCED_FACE('',(#252),#127,.T.);
#2550=ADVANCED_FACE('',(#253),#128,.T.);
#2551=ADVANCED_FACE('',(#254),#129,.T.);
#2552=ADVANCED_FACE('',(#255),#130,.T.);
#2553=ADVANCED_FACE('',(#256),#2442,.T.);
#2554=ADVANCED_FACE('',(#257),#131,.T.);
#2555=ADVANCED_FACE('',(#258),#132,.T.);
#2556=ADVANCED_FACE('',(#259),#133,.T.);
#2557=ADVANCED_FACE('',(#260),#134,.T.);
#2558=ADVANCED_FACE('',(#261),#135,.T.);
#2559=ADVANCED_FACE('',(#262),#2443,.T.);
#2560=ADVANCED_FACE('',(#263),#136,.T.);
#2561=ADVANCED_FACE('',(#264),#137,.T.);
#2562=ADVANCED_FACE('',(#265),#138,.T.);
#2563=ADVANCED_FACE('',(#266),#139,.T.);
#2564=ADVANCED_FACE('',(#267),#140,.T.);
#2565=ADVANCED_FACE('',(#268),#2444,.T.);
#2566=ADVANCED_FACE('',(#269),#141,.T.);
#2567=ADVANCED_FACE('',(#270),#142,.T.);
#2568=ADVANCED_FACE('',(#271),#143,.T.);
#2569=ADVANCED_FACE('',(#272),#144,.T.);
#2570=ADVANCED_FACE('',(#273),#145,.T.);
#2571=ADVANCED_FACE('',(#274,#19),#146,.T.);
#2572=ADVANCED_FACE('',(#275,#20,#21,#22,#23,#24,#25),#147,.F.);
#2573=CLOSED_SHELL('',(#2445,#2446,#2447,#2448,#2449,#2450,#2451,#2452,
#2453,#2454,#2455,#2456,#2457,#2458,#2459,#2460,#2461,#2462,#2463,#2464,
#2465,#2466,#2467,#2468,#2469,#2470,#2471,#2472,#2473,#2474,#2475,#2476,
#2477,#2478,#2479,#2480,#2481,#2482,#2483,#2484,#2485,#2486,#2487,#2488,
#2489,#2490,#2491,#2492,#2493,#2494,#2495,#2496,#2497,#2498,#2499,#2500,
#2501,#2502,#2503,#2504,#2505,#2506,#2507,#2508,#2509,#2510,#2511,#2512,
#2513,#2514,#2515,#2516,#2517,#2518,#2519,#2520,#2521,#2522,#2523,#2524,
#2525,#2526,#2527,#2528,#2529,#2530,#2531,#2532,#2533,#2534,#2535,#2536,
#2537,#2538,#2539,#2540,#2541,#2542,#2543,#2544,#2545,#2546,#2547,#2548,
#2549,#2550,#2551,#2552,#2553,#2554,#2555,#2556,#2557,#2558,#2559,#2560,
#2561,#2562,#2563,#2564,#2565,#2566,#2567,#2568,#2569,#2570,#2571,#2572));
#2574=DERIVED_UNIT_ELEMENT(#2577,1.);
#2575=DERIVED_UNIT_ELEMENT(#4309,-3.);
#2576=DIMENSIONAL_EXPONENTS(0.,1.,0.,0.,0.,0.,0.);
#2577=(
CONVERSION_BASED_UNIT('gram',#2579)
MASS_UNIT()
NAMED_UNIT(#2576)
);
#2578=(
MASS_UNIT()
NAMED_UNIT(*)
SI_UNIT(.KILO.,.GRAM.)
);
#2579=MASS_MEASURE_WITH_UNIT(MASS_MEASURE(0.001),#2578);
#2580=DERIVED_UNIT((#2574,#2575));
#2581=MEASURE_REPRESENTATION_ITEM('density measure',
POSITIVE_RATIO_MEASURE(1.),#2580);
#2582=PROPERTY_DEFINITION_REPRESENTATION(#2587,#2584);
#2583=PROPERTY_DEFINITION_REPRESENTATION(#2588,#2585);
#2584=REPRESENTATION('material name',(#2586),#4306);
#2585=REPRESENTATION('density',(#2581),#4306);
#2586=DESCRIPTIVE_REPRESENTATION_ITEM('\X2\04220438043F043E0432044B0435\X0\',
'\X2\04220438043F043E0432044B0435\X0\');
#2587=PROPERTY_DEFINITION('material property','material name',#4316);
#2588=PROPERTY_DEFINITION('material property','density of part',#4316);
#2589=DATE_TIME_ROLE('creation_date');
#2590=APPLIED_DATE_AND_TIME_ASSIGNMENT(#2591,#2589,(#4316));
#2591=DATE_AND_TIME(#2592,#2593);
#2592=CALENDAR_DATE(2025,12,12);
#2593=LOCAL_TIME(0,0,0.,#2594);
#2594=COORDINATED_UNIVERSAL_TIME_OFFSET(0,0,.BEHIND.);
#2595=AXIS2_PLACEMENT_3D('placement',#3452,#2780,#2781);
#2596=AXIS2_PLACEMENT_3D('',#3453,#2782,#2783);
#2597=AXIS2_PLACEMENT_3D('',#3455,#2784,#2785);
#2598=AXIS2_PLACEMENT_3D('',#3458,#2787,#2788);
#2599=AXIS2_PLACEMENT_3D('',#3459,#2789,#2790);
#2600=AXIS2_PLACEMENT_3D('',#3460,#2791,#2792);
#2601=AXIS2_PLACEMENT_3D('',#3462,#2793,#2794);
#2602=AXIS2_PLACEMENT_3D('',#3465,#2796,#2797);
#2603=AXIS2_PLACEMENT_3D('',#3466,#2798,#2799);
#2604=AXIS2_PLACEMENT_3D('',#3467,#2800,#2801);
#2605=AXIS2_PLACEMENT_3D('',#3469,#2802,#2803);
#2606=AXIS2_PLACEMENT_3D('',#3472,#2805,#2806);
#2607=AXIS2_PLACEMENT_3D('',#3473,#2807,#2808);
#2608=AXIS2_PLACEMENT_3D('',#3474,#2809,#2810);
#2609=AXIS2_PLACEMENT_3D('',#3476,#2811,#2812);
#2610=AXIS2_PLACEMENT_3D('',#3479,#2814,#2815);
#2611=AXIS2_PLACEMENT_3D('',#3480,#2816,#2817);
#2612=AXIS2_PLACEMENT_3D('',#3481,#2818,#2819);
#2613=AXIS2_PLACEMENT_3D('',#3492,#2823,#2824);
#2614=AXIS2_PLACEMENT_3D('',#3528,#2826,#2827);
#2615=AXIS2_PLACEMENT_3D('',#3530,#2828,#2829);
#2616=AXIS2_PLACEMENT_3D('',#3532,#2830,#2831);
#2617=AXIS2_PLACEMENT_3D('',#3543,#2834,#2835);
#2618=AXIS2_PLACEMENT_3D('',#3549,#2839,#2840);
#2619=AXIS2_PLACEMENT_3D('',#3579,#2842,#2843);
#2620=AXIS2_PLACEMENT_3D('',#3581,#2844,#2845);
#2621=AXIS2_PLACEMENT_3D('',#3583,#2846,#2847);
#2622=AXIS2_PLACEMENT_3D('',#3593,#2849,#2850);
#2623=AXIS2_PLACEMENT_3D('',#3597,#2852,#2853);
#2624=AXIS2_PLACEMENT_3D('',#3601,#2855,#2856);
#2625=AXIS2_PLACEMENT_3D('',#3603,#2858,#2859);
#2626=AXIS2_PLACEMENT_3D('',#3607,#2862,#2863);
#2627=AXIS2_PLACEMENT_3D('',#3611,#2866,#2867);
#2628=AXIS2_PLACEMENT_3D('',#3615,#2870,#2871);
#2629=AXIS2_PLACEMENT_3D('',#3619,#2874,#2875);
#2630=AXIS2_PLACEMENT_3D('',#3623,#2878,#2879);
#2631=AXIS2_PLACEMENT_3D('',#3625,#2880,#2881);
#2632=AXIS2_PLACEMENT_3D('',#3628,#2883,#2884);
#2633=AXIS2_PLACEMENT_3D('',#3664,#2885,#2886);
#2634=AXIS2_PLACEMENT_3D('',#3674,#2891,#2892);
#2635=AXIS2_PLACEMENT_3D('',#3675,#2893,#2894);
#2636=AXIS2_PLACEMENT_3D('',#3681,#2898,#2899);
#2637=AXIS2_PLACEMENT_3D('',#3688,#2903,#2904);
#2638=AXIS2_PLACEMENT_3D('',#3689,#2905,#2906);
#2639=AXIS2_PLACEMENT_3D('',#3692,#2909,#2910);
#2640=AXIS2_PLACEMENT_3D('',#3693,#2911,#2912);
#2641=AXIS2_PLACEMENT_3D('',#3695,#2914,#2915);
#2642=AXIS2_PLACEMENT_3D('',#3698,#2916,#2917);
#2643=AXIS2_PLACEMENT_3D('',#3700,#2918,#2919);
#2644=AXIS2_PLACEMENT_3D('',#3702,#2920,#2921);
#2645=AXIS2_PLACEMENT_3D('',#3715,#2924,#2925);
#2646=AXIS2_PLACEMENT_3D('',#3717,#2926,#2927);
#2647=AXIS2_PLACEMENT_3D('',#3719,#2928,#2929);
#2648=AXIS2_PLACEMENT_3D('',#3734,#2933,#2934);
#2649=AXIS2_PLACEMENT_3D('',#3738,#2936,#2937);
#2650=AXIS2_PLACEMENT_3D('',#3742,#2939,#2940);
#2651=AXIS2_PLACEMENT_3D('',#3744,#2942,#2943);
#2652=AXIS2_PLACEMENT_3D('',#3748,#2946,#2947);
#2653=AXIS2_PLACEMENT_3D('',#3752,#2950,#2951);
#2654=AXIS2_PLACEMENT_3D('',#3756,#2954,#2955);
#2655=AXIS2_PLACEMENT_3D('',#3760,#2958,#2959);
#2656=AXIS2_PLACEMENT_3D('',#3764,#2962,#2963);
#2657=AXIS2_PLACEMENT_3D('',#3768,#2965,#2966);
#2658=AXIS2_PLACEMENT_3D('',#3771,#2968,#2969);
#2659=AXIS2_PLACEMENT_3D('',#3772,#2970,#2971);
#2660=AXIS2_PLACEMENT_3D('',#3776,#2974,#2975);
#2661=AXIS2_PLACEMENT_3D('',#3780,#2978,#2979);
#2662=AXIS2_PLACEMENT_3D('',#3784,#2982,#2983);
#2663=AXIS2_PLACEMENT_3D('',#3788,#2986,#2987);
#2664=AXIS2_PLACEMENT_3D('',#3790,#2989,#2990);
#2665=AXIS2_PLACEMENT_3D('',#3796,#2994,#2995);
#2666=AXIS2_PLACEMENT_3D('',#3802,#2999,#3000);
#2667=AXIS2_PLACEMENT_3D('',#3808,#3004,#3005);
#2668=AXIS2_PLACEMENT_3D('',#3814,#3009,#3010);
#2669=AXIS2_PLACEMENT_3D('',#3820,#3014,#3015);
#2670=AXIS2_PLACEMENT_3D('',#3822,#3016,#3017);
#2671=AXIS2_PLACEMENT_3D('',#3824,#3018,#3019);
#2672=AXIS2_PLACEMENT_3D('',#3826,#3021,#3022);
#2673=AXIS2_PLACEMENT_3D('',#3832,#3026,#3027);
#2674=AXIS2_PLACEMENT_3D('',#3838,#3031,#3032);
#2675=AXIS2_PLACEMENT_3D('',#3844,#3036,#3037);
#2676=AXIS2_PLACEMENT_3D('',#3850,#3041,#3042);
#2677=AXIS2_PLACEMENT_3D('',#3856,#3046,#3047);
#2678=AXIS2_PLACEMENT_3D('',#3858,#3048,#3049);
#2679=AXIS2_PLACEMENT_3D('',#3860,#3050,#3051);
#2680=AXIS2_PLACEMENT_3D('',#3862,#3053,#3054);
#2681=AXIS2_PLACEMENT_3D('',#3868,#3058,#3059);
#2682=AXIS2_PLACEMENT_3D('',#3874,#3063,#3064);
#2683=AXIS2_PLACEMENT_3D('',#3880,#3068,#3069);
#2684=AXIS2_PLACEMENT_3D('',#3886,#3073,#3074);
#2685=AXIS2_PLACEMENT_3D('',#3892,#3078,#3079);
#2686=AXIS2_PLACEMENT_3D('',#3894,#3080,#3081);
#2687=AXIS2_PLACEMENT_3D('',#3896,#3082,#3083);
#2688=AXIS2_PLACEMENT_3D('',#3898,#3085,#3086);
#2689=AXIS2_PLACEMENT_3D('',#3904,#3090,#3091);
#2690=AXIS2_PLACEMENT_3D('',#3910,#3095,#3096);
#2691=AXIS2_PLACEMENT_3D('',#3916,#3100,#3101);
#2692=AXIS2_PLACEMENT_3D('',#3922,#3105,#3106);
#2693=AXIS2_PLACEMENT_3D('',#3928,#3110,#3111);
#2694=AXIS2_PLACEMENT_3D('',#3930,#3112,#3113);
#2695=AXIS2_PLACEMENT_3D('',#3932,#3114,#3115);
#2696=AXIS2_PLACEMENT_3D('',#3934,#3117,#3118);
#2697=AXIS2_PLACEMENT_3D('',#3940,#3122,#3123);
#2698=AXIS2_PLACEMENT_3D('',#3946,#3127,#3128);
#2699=AXIS2_PLACEMENT_3D('',#3952,#3132,#3133);
#2700=AXIS2_PLACEMENT_3D('',#3958,#3137,#3138);
#2701=AXIS2_PLACEMENT_3D('',#3964,#3142,#3143);
#2702=AXIS2_PLACEMENT_3D('',#3966,#3144,#3145);
#2703=AXIS2_PLACEMENT_3D('',#3968,#3146,#3147);
#2704=AXIS2_PLACEMENT_3D('',#3970,#3149,#3150);
#2705=AXIS2_PLACEMENT_3D('',#3976,#3154,#3155);
#2706=AXIS2_PLACEMENT_3D('',#3982,#3159,#3160);
#2707=AXIS2_PLACEMENT_3D('',#3988,#3164,#3165);
#2708=AXIS2_PLACEMENT_3D('',#3994,#3169,#3170);
#2709=AXIS2_PLACEMENT_3D('',#4000,#3174,#3175);
#2710=AXIS2_PLACEMENT_3D('',#4002,#3176,#3177);
#2711=AXIS2_PLACEMENT_3D('',#4004,#3178,#3179);
#2712=AXIS2_PLACEMENT_3D('',#4006,#3181,#3182);
#2713=AXIS2_PLACEMENT_3D('',#4012,#3186,#3187);
#2714=AXIS2_PLACEMENT_3D('',#4018,#3191,#3192);
#2715=AXIS2_PLACEMENT_3D('',#4024,#3196,#3197);
#2716=AXIS2_PLACEMENT_3D('',#4030,#3201,#3202);
#2717=AXIS2_PLACEMENT_3D('',#4036,#3206,#3207);
#2718=AXIS2_PLACEMENT_3D('',#4039,#3209,#3210);
#2719=AXIS2_PLACEMENT_3D('',#4040,#3211,#3212);
#2720=AXIS2_PLACEMENT_3D('',#4041,#3213,#3214);
#2721=AXIS2_PLACEMENT_3D('',#4045,#3217,#3218);
#2722=AXIS2_PLACEMENT_3D('',#4049,#3221,#3222);
#2723=AXIS2_PLACEMENT_3D('',#4053,#3225,#3226);
#2724=AXIS2_PLACEMENT_3D('',#4057,#3229,#3230);
#2725=AXIS2_PLACEMENT_3D('',#4059,#3232,#3233);
#2726=AXIS2_PLACEMENT_3D('',#4065,#3237,#3238);
#2727=AXIS2_PLACEMENT_3D('',#4071,#3242,#3243);
#2728=AXIS2_PLACEMENT_3D('',#4077,#3247,#3248);
#2729=AXIS2_PLACEMENT_3D('',#4083,#3252,#3253);
#2730=AXIS2_PLACEMENT_3D('',#4089,#3257,#3258);
#2731=AXIS2_PLACEMENT_3D('',#4091,#3259,#3260);
#2732=AXIS2_PLACEMENT_3D('',#4093,#3261,#3262);
#2733=AXIS2_PLACEMENT_3D('',#4095,#3264,#3265);
#2734=AXIS2_PLACEMENT_3D('',#4101,#3269,#3270);
#2735=AXIS2_PLACEMENT_3D('',#4107,#3274,#3275);
#2736=AXIS2_PLACEMENT_3D('',#4113,#3279,#3280);
#2737=AXIS2_PLACEMENT_3D('',#4119,#3284,#3285);
#2738=AXIS2_PLACEMENT_3D('',#4125,#3289,#3290);
#2739=AXIS2_PLACEMENT_3D('',#4127,#3291,#3292);
#2740=AXIS2_PLACEMENT_3D('',#4129,#3293,#3294);
#2741=AXIS2_PLACEMENT_3D('',#4131,#3296,#3297);
#2742=AXIS2_PLACEMENT_3D('',#4137,#3301,#3302);
#2743=AXIS2_PLACEMENT_3D('',#4143,#3306,#3307);
#2744=AXIS2_PLACEMENT_3D('',#4149,#3311,#3312);
#2745=AXIS2_PLACEMENT_3D('',#4155,#3316,#3317);
#2746=AXIS2_PLACEMENT_3D('',#4161,#3321,#3322);
#2747=AXIS2_PLACEMENT_3D('',#4163,#3323,#3324);
#2748=AXIS2_PLACEMENT_3D('',#4165,#3325,#3326);
#2749=AXIS2_PLACEMENT_3D('',#4167,#3328,#3329);
#2750=AXIS2_PLACEMENT_3D('',#4173,#3333,#3334);
#2751=AXIS2_PLACEMENT_3D('',#4179,#3338,#3339);
#2752=AXIS2_PLACEMENT_3D('',#4185,#3343,#3344);
#2753=AXIS2_PLACEMENT_3D('',#4191,#3348,#3349);
#2754=AXIS2_PLACEMENT_3D('',#4197,#3353,#3354);
#2755=AXIS2_PLACEMENT_3D('',#4199,#3355,#3356);
#2756=AXIS2_PLACEMENT_3D('',#4201,#3357,#3358);
#2757=AXIS2_PLACEMENT_3D('',#4203,#3360,#3361);
#2758=AXIS2_PLACEMENT_3D('',#4209,#3365,#3366);
#2759=AXIS2_PLACEMENT_3D('',#4215,#3370,#3371);
#2760=AXIS2_PLACEMENT_3D('',#4221,#3375,#3376);
#2761=AXIS2_PLACEMENT_3D('',#4227,#3380,#3381);
#2762=AXIS2_PLACEMENT_3D('',#4233,#3385,#3386);
#2763=AXIS2_PLACEMENT_3D('',#4235,#3387,#3388);
#2764=AXIS2_PLACEMENT_3D('',#4237,#3389,#3390);
#2765=AXIS2_PLACEMENT_3D('',#4239,#3392,#3393);
#2766=AXIS2_PLACEMENT_3D('',#4245,#3397,#3398);
#2767=AXIS2_PLACEMENT_3D('',#4251,#3402,#3403);
#2768=AXIS2_PLACEMENT_3D('',#4257,#3407,#3408);
#2769=AXIS2_PLACEMENT_3D('',#4263,#3412,#3413);
#2770=AXIS2_PLACEMENT_3D('',#4269,#3417,#3418);
#2771=AXIS2_PLACEMENT_3D('',#4271,#3419,#3420);
#2772=AXIS2_PLACEMENT_3D('',#4273,#3421,#3422);
#2773=AXIS2_PLACEMENT_3D('',#4275,#3424,#3425);
#2774=AXIS2_PLACEMENT_3D('',#4281,#3429,#3430);
#2775=AXIS2_PLACEMENT_3D('',#4287,#3434,#3435);
#2776=AXIS2_PLACEMENT_3D('',#4293,#3439,#3440);
#2777=AXIS2_PLACEMENT_3D('',#4299,#3444,#3445);
#2778=AXIS2_PLACEMENT_3D('',#4302,#3448,#3449);
#2779=AXIS2_PLACEMENT_3D('',#4303,#3450,#3451);
#2780=DIRECTION('axis',(0.,0.,1.));
#2781=DIRECTION('refdir',(1.,0.,0.));
#2782=DIRECTION('center_axis',(0.,1.,0.));
#2783=DIRECTION('ref_axis',(1.,0.,0.));
#2784=DIRECTION('center_axis',(0.,1.,0.));
#2785=DIRECTION('ref_axis',(1.,0.,0.));
#2786=DIRECTION('',(0.,1.,0.));
#2787=DIRECTION('center_axis',(0.,1.,0.));
#2788=DIRECTION('ref_axis',(1.,0.,0.));
#2789=DIRECTION('center_axis',(0.,-1.,0.));
#2790=DIRECTION('ref_axis',(0.,0.,-1.));
#2791=DIRECTION('center_axis',(0.,1.,0.));
#2792=DIRECTION('ref_axis',(1.,0.,0.));
#2793=DIRECTION('center_axis',(0.,1.,0.));
#2794=DIRECTION('ref_axis',(1.,0.,0.));
#2795=DIRECTION('',(0.,1.,0.));
#2796=DIRECTION('center_axis',(0.,1.,0.));
#2797=DIRECTION('ref_axis',(1.,0.,0.));
#2798=DIRECTION('center_axis',(0.,-1.,0.));
#2799=DIRECTION('ref_axis',(0.,0.,-1.));
#2800=DIRECTION('center_axis',(0.,1.,0.));
#2801=DIRECTION('ref_axis',(1.,0.,0.));
#2802=DIRECTION('center_axis',(0.,1.,0.));
#2803=DIRECTION('ref_axis',(1.,0.,0.));
#2804=DIRECTION('',(0.,1.,0.));
#2805=DIRECTION('center_axis',(0.,1.,0.));
#2806=DIRECTION('ref_axis',(1.,0.,0.));
#2807=DIRECTION('center_axis',(0.,-1.,0.));
#2808=DIRECTION('ref_axis',(0.,0.,-1.));
#2809=DIRECTION('center_axis',(0.,1.,0.));
#2810=DIRECTION('ref_axis',(1.,0.,0.));
#2811=DIRECTION('center_axis',(0.,1.,0.));
#2812=DIRECTION('ref_axis',(1.,0.,0.));
#2813=DIRECTION('',(0.,1.,0.));
#2814=DIRECTION('center_axis',(0.,1.,0.));
#2815=DIRECTION('ref_axis',(1.,0.,0.));
#2816=DIRECTION('center_axis',(0.,-1.,0.));
#2817=DIRECTION('ref_axis',(0.,0.,-1.));
#2818=DIRECTION('center_axis',(0.707099165217555,-0.00464123876678547,-0.707099165217543));
#2819=DIRECTION('ref_axis',(0.00328185140509992,0.999989229393352,-0.00328185140509986));
#2820=DIRECTION('',(0.707106781186542,0.,0.707106781186553));
#2821=DIRECTION('',(0.00370786081997283,0.999989047910761,-0.00285584079901663));
#2822=DIRECTION('',(0.707106781186542,0.,0.707106781186553));
#2823=DIRECTION('center_axis',(0.707106781186542,0.,0.707106781186553));
#2824=DIRECTION('ref_axis',(0.0487034057832467,-0.997625158328631,-0.0487034057832459));
#2825=DIRECTION('',(0.707106781186542,0.,0.707106781186553));
#2826=DIRECTION('center_axis',(-0.0322412940109571,0.,0.9994801143397));
#2827=DIRECTION('ref_axis',(-0.9994801143397,0.,-0.0322412940109572));
#2828=DIRECTION('center_axis',(0.707106781186542,0.,0.707106781186553));
#2829=DIRECTION('ref_axis',(-0.707106781186553,0.,0.707106781186542));
#2830=DIRECTION('center_axis',(0.9994801143397,0.,-0.0322412940109573));
#2831=DIRECTION('ref_axis',(0.0322412940109573,0.,0.9994801143397));
#2832=DIRECTION('',(-0.707106781186542,0.,-0.707106781186553));
#2833=DIRECTION('',(0.707106781186542,0.,0.707106781186553));
#2834=DIRECTION('center_axis',(-0.707106672276028,0.000555018432962621,
0.707106672276016));
#2835=DIRECTION('ref_axis',(-0.000392457297631404,-0.999999845977258,0.000392457297631398));
#2836=DIRECTION('',(0.000265884390756359,0.999999829956561,-0.000519030191931869));
#2837=DIRECTION('',(-0.000341516840944427,-0.999999843382328,0.000443397752281259));
#2838=DIRECTION('',(0.707106781186542,0.,0.707106781186553));
#2839=DIRECTION('center_axis',(0.707106781186542,0.,0.707106781186553));
#2840=DIRECTION('ref_axis',(0.00164093012100888,0.999997307344713,-0.00164093012100896));
#2841=DIRECTION('',(0.707106781186542,0.,0.707106781186553));
#2842=DIRECTION('center_axis',(0.9994801143397,0.,-0.0322412940109573));
#2843=DIRECTION('ref_axis',(0.0322412940109572,0.,0.9994801143397));
#2844=DIRECTION('center_axis',(0.707106781186542,0.,0.707106781186553));
#2845=DIRECTION('ref_axis',(-0.707106781186553,0.,0.707106781186542));
#2846=DIRECTION('center_axis',(-0.0322412940109571,0.,0.9994801143397));
#2847=DIRECTION('ref_axis',(-0.9994801143397,0.,-0.0322412940109571));
#2848=DIRECTION('',(-0.707106781186542,0.,-0.707106781186553));
#2849=DIRECTION('center_axis',(0.,1.,0.));
#2850=DIRECTION('ref_axis',(-1.,0.,0.));
#2851=DIRECTION('',(0.,1.,0.));
#2852=DIRECTION('center_axis',(0.,1.,0.));
#2853=DIRECTION('ref_axis',(-1.,0.,0.));
#2854=DIRECTION('',(0.,1.,0.));
#2855=DIRECTION('center_axis',(0.,1.,0.));
#2856=DIRECTION('ref_axis',(-1.,0.,0.));
#2857=DIRECTION('',(0.,1.,0.));
#2858=DIRECTION('center_axis',(0.707106781186547,0.,-0.707106781186548));
#2859=DIRECTION('ref_axis',(-0.707106781186548,0.,-0.707106781186547));
#2860=DIRECTION('',(0.,1.,0.));
#2861=DIRECTION('',(-0.707106781186548,0.,-0.707106781186547));
#2862=DIRECTION('center_axis',(0.0322412940109571,0.,-0.9994801143397));
#2863=DIRECTION('ref_axis',(-0.9994801143397,0.,-0.0322412940109571));
#2864=DIRECTION('',(0.,1.,0.));
#2865=DIRECTION('',(-0.9994801143397,0.,-0.0322412940109571));
#2866=DIRECTION('center_axis',(-0.707106781186542,0.,-0.707106781186553));
#2867=DIRECTION('ref_axis',(-0.707106781186553,0.,0.707106781186542));
#2868=DIRECTION('',(0.,1.,0.));
#2869=DIRECTION('',(-0.707106781186553,0.,0.707106781186542));
#2870=DIRECTION('center_axis',(-0.9994801143397,0.,0.0322412940109573));
#2871=DIRECTION('ref_axis',(0.0322412940109573,0.,0.9994801143397));
#2872=DIRECTION('',(0.,1.,0.));
#2873=DIRECTION('',(0.0322412940109573,0.,0.9994801143397));
#2874=DIRECTION('center_axis',(-0.707106781186547,0.,0.707106781186548));
#2875=DIRECTION('ref_axis',(0.707106781186548,0.,0.707106781186547));
#2876=DIRECTION('',(0.,1.,0.));
#2877=DIRECTION('',(0.707106781186548,0.,0.707106781186547));
#2878=DIRECTION('center_axis',(0.,1.,0.));
#2879=DIRECTION('ref_axis',(1.,0.,0.));
#2880=DIRECTION('center_axis',(0.,1.,0.));
#2881=DIRECTION('ref_axis',(1.,0.,0.));
#2882=DIRECTION('',(0.,1.,0.));
#2883=DIRECTION('center_axis',(0.,-1.,0.));
#2884=DIRECTION('ref_axis',(1.,0.,0.));
#2885=DIRECTION('center_axis',(0.707106781186548,0.,0.707106781186548));
#2886=DIRECTION('ref_axis',(0.707106781186548,0.,-0.707106781186548));
#2887=DIRECTION('',(0.707106781186548,0.,-0.707106781186548));
#2888=DIRECTION('',(0.,1.,0.));
#2889=DIRECTION('',(0.707106781186548,0.,-0.707106781186548));
#2890=DIRECTION('',(0.,1.,0.));
#2891=DIRECTION('center_axis',(-0.707106781186548,0.,-0.707106781186548));
#2892=DIRECTION('ref_axis',(0.707106781186548,1.45378931359609E-16,-0.707106781186547));
#2893=DIRECTION('center_axis',(-0.707106781186548,0.,0.707106781186547));
#2894=DIRECTION('ref_axis',(0.707106781186547,0.,0.707106781186548));
#2895=DIRECTION('',(0.707106781186547,0.,0.707106781186548));
#2896=DIRECTION('',(0.,1.,0.));
#2897=DIRECTION('',(0.707106781186547,0.,0.707106781186548));
#2898=DIRECTION('center_axis',(-0.707106781186547,0.,-0.707106781186548));
#2899=DIRECTION('ref_axis',(-0.707106781186548,0.,0.707106781186547));
#2900=DIRECTION('',(-0.707106781186548,0.,0.707106781186547));
#2901=DIRECTION('',(0.,1.,0.));
#2902=DIRECTION('',(-0.707106781186548,0.,0.707106781186547));
#2903=DIRECTION('center_axis',(0.707106781186547,0.,0.707106781186548));
#2904=DIRECTION('ref_axis',(0.707106781186548,1.45378931359609E-16,-0.707106781186547));
#2905=DIRECTION('center_axis',(0.707106781186548,0.,-0.707106781186548));
#2906=DIRECTION('ref_axis',(-0.707106781186548,0.,-0.707106781186548));
#2907=DIRECTION('',(-0.707106781186548,0.,-0.707106781186548));
#2908=DIRECTION('',(-0.707106781186548,0.,-0.707106781186548));
#2909=DIRECTION('center_axis',(0.,1.,0.));
#2910=DIRECTION('ref_axis',(0.,0.,1.));
#2911=DIRECTION('center_axis',(-0.707106781186547,0.,-0.707106781186548));
#2912=DIRECTION('ref_axis',(0.707106781186548,1.45378931359609E-16,-0.707106781186547));
#2913=DIRECTION('',(-0.707106781186547,0.,-0.707106781186548));
#2914=DIRECTION('center_axis',(-0.707106781186547,0.,-0.707106781186548));
#2915=DIRECTION('ref_axis',(0.707106781186548,1.45378931359609E-16,-0.707106781186547));
#2916=DIRECTION('center_axis',(0.0322412940109551,0.,-0.9994801143397));
#2917=DIRECTION('ref_axis',(0.9994801143397,9.94306304296527E-17,0.0322412940109552));
#2918=DIRECTION('center_axis',(-0.707106781186547,0.,-0.707106781186548));
#2919=DIRECTION('ref_axis',(0.707106781186548,1.45378931359609E-16,-0.707106781186547));
#2920=DIRECTION('center_axis',(-0.9994801143397,0.,0.0322412940109592));
#2921=DIRECTION('ref_axis',(-0.0322412940109591,9.9430630429652E-17,-0.9994801143397));
#2922=DIRECTION('',(0.707106781186547,0.,0.707106781186548));
#2923=DIRECTION('',(-0.707106781186547,0.,-0.707106781186548));
#2924=DIRECTION('center_axis',(-0.9994801143397,0.,0.0322412940109592));
#2925=DIRECTION('ref_axis',(-0.0322412940109591,9.9430630429652E-17,-0.9994801143397));
#2926=DIRECTION('center_axis',(-0.707106781186547,0.,-0.707106781186548));
#2927=DIRECTION('ref_axis',(0.707106781186548,1.45378931359609E-16,-0.707106781186547));
#2928=DIRECTION('center_axis',(0.0322412940109551,0.,-0.9994801143397));
#2929=DIRECTION('ref_axis',(0.9994801143397,9.94306304296527E-17,0.0322412940109552));
#2930=DIRECTION('',(0.707106781186547,0.,0.707106781186548));
#2931=DIRECTION('',(-0.707106781186547,0.,-0.707106781186548));
#2932=DIRECTION('',(-0.707106781186547,0.,-0.707106781186548));
#2933=DIRECTION('center_axis',(0.,1.,0.));
#2934=DIRECTION('ref_axis',(-1.,0.,0.));
#2935=DIRECTION('',(0.,1.,0.));
#2936=DIRECTION('center_axis',(0.,1.,0.));
#2937=DIRECTION('ref_axis',(-1.,0.,0.));
#2938=DIRECTION('',(0.,1.,0.));
#2939=DIRECTION('center_axis',(0.,1.,0.));
#2940=DIRECTION('ref_axis',(-1.,0.,0.));
#2941=DIRECTION('',(0.,1.,0.));
#2942=DIRECTION('center_axis',(-0.707106781186548,0.,0.707106781186547));
#2943=DIRECTION('ref_axis',(0.707106781186547,0.,0.707106781186548));
#2944=DIRECTION('',(0.,1.,0.));
#2945=DIRECTION('',(0.707106781186547,0.,0.707106781186548));
#2946=DIRECTION('center_axis',(-0.0322412940109551,0.,0.9994801143397));
#2947=DIRECTION('ref_axis',(0.9994801143397,0.,0.0322412940109551));
#2948=DIRECTION('',(0.,1.,0.));
#2949=DIRECTION('',(0.9994801143397,0.,0.0322412940109551));
#2950=DIRECTION('center_axis',(0.707106781186547,0.,0.707106781186548));
#2951=DIRECTION('ref_axis',(0.707106781186548,0.,-0.707106781186547));
#2952=DIRECTION('',(0.,1.,0.));
#2953=DIRECTION('',(0.707106781186548,0.,-0.707106781186547));
#2954=DIRECTION('center_axis',(0.9994801143397,0.,-0.0322412940109592));
#2955=DIRECTION('ref_axis',(-0.0322412940109592,0.,-0.9994801143397));
#2956=DIRECTION('',(0.,1.,0.));
#2957=DIRECTION('',(-0.0322412940109592,0.,-0.999480114339699));
#2958=DIRECTION('center_axis',(0.707106781186548,0.,-0.707106781186548));
#2959=DIRECTION('ref_axis',(-0.707106781186548,0.,-0.707106781186548));
#2960=DIRECTION('',(0.,1.,0.));
#2961=DIRECTION('',(-0.707106781186547,0.,-0.707106781186547));
#2962=DIRECTION('center_axis',(0.,1.,0.));
#2963=DIRECTION('ref_axis',(-1.,0.,0.));
#2964=DIRECTION('',(0.,1.,0.));
#2965=DIRECTION('center_axis',(0.,1.,0.));
#2966=DIRECTION('ref_axis',(-1.,0.,0.));
#2967=DIRECTION('',(0.,1.,0.));
#2968=DIRECTION('center_axis',(0.,1.,0.));
#2969=DIRECTION('ref_axis',(-1.,0.,0.));
#2970=DIRECTION('center_axis',(-0.707106781186547,0.,0.707106781186548));
#2971=DIRECTION('ref_axis',(0.707106781186548,0.,0.707106781186547));
#2972=DIRECTION('',(0.,1.,0.));
#2973=DIRECTION('',(0.707106781186548,0.,0.707106781186547));
#2974=DIRECTION('center_axis',(-0.9994801143397,0.,0.0322412940109573));
#2975=DIRECTION('ref_axis',(0.0322412940109573,0.,0.9994801143397));
#2976=DIRECTION('',(0.,1.,0.));
#2977=DIRECTION('',(0.0322412940109573,0.,0.9994801143397));
#2978=DIRECTION('center_axis',(-0.707106781186542,0.,-0.707106781186553));
#2979=DIRECTION('ref_axis',(-0.707106781186553,0.,0.707106781186542));
#2980=DIRECTION('',(0.,1.,0.));
#2981=DIRECTION('',(-0.707106781186553,0.,0.707106781186542));
#2982=DIRECTION('center_axis',(0.0322412940109571,0.,-0.9994801143397));
#2983=DIRECTION('ref_axis',(-0.9994801143397,0.,-0.0322412940109571));
#2984=DIRECTION('',(0.,1.,0.));
#2985=DIRECTION('',(-0.9994801143397,0.,-0.0322412940109571));
#2986=DIRECTION('center_axis',(0.707106781186547,0.,-0.707106781186548));
#2987=DIRECTION('ref_axis',(-0.707106781186548,0.,-0.707106781186547));
#2988=DIRECTION('',(-0.707106781186548,0.,-0.707106781186547));
#2989=DIRECTION('center_axis',(-0.923879532511286,0.,0.382683432365091));
#2990=DIRECTION('ref_axis',(0.382683432365091,0.,0.923879532511286));
#2991=DIRECTION('',(0.382683432365091,0.,0.923879532511286));
#2992=DIRECTION('',(0.382683432365091,0.,0.923879532511286));
#2993=DIRECTION('',(0.,1.,0.));
#2994=DIRECTION('center_axis',(-0.935737429846494,0.,-0.352697409097767));
#2995=DIRECTION('ref_axis',(-0.352697409097767,0.,0.935737429846494));
#2996=DIRECTION('',(-0.352697409097767,0.,0.935737429846494));
#2997=DIRECTION('',(-0.352697409097767,0.,0.935737429846494));
#2998=DIRECTION('',(0.,1.,0.));
#2999=DIRECTION('center_axis',(-0.382683432365082,0.,-0.92387953251129));
#3000=DIRECTION('ref_axis',(-0.92387953251129,0.,0.382683432365082));
#3001=DIRECTION('',(-0.92387953251129,0.,0.382683432365082));
#3002=DIRECTION('',(-0.92387953251129,0.,0.382683432365082));
#3003=DIRECTION('',(0.,1.,0.));
#3004=DIRECTION('center_axis',(0.412271552374571,0.,-0.911061011734484));
#3005=DIRECTION('ref_axis',(-0.911061011734484,0.,-0.412271552374571));
#3006=DIRECTION('',(-0.911061011734484,0.,-0.412271552374571));
#3007=DIRECTION('',(-0.911061011734484,0.,-0.412271552374571));
#3008=DIRECTION('',(0.,1.,0.));
#3009=DIRECTION('center_axis',(0.923879532511286,0.,-0.382683432365091));
#3010=DIRECTION('ref_axis',(-0.382683432365091,0.,-0.923879532511286));
#3011=DIRECTION('',(-0.382683432365091,0.,-0.923879532511286));
#3012=DIRECTION('',(-0.382683432365091,0.,-0.923879532511286));
#3013=DIRECTION('',(0.,1.,0.));
#3014=DIRECTION('center_axis',(0.,1.,0.));
#3015=DIRECTION('ref_axis',(-1.,0.,0.));
#3016=DIRECTION('center_axis',(0.,1.,0.));
#3017=DIRECTION('ref_axis',(-1.,0.,0.));
#3018=DIRECTION('center_axis',(0.,1.,0.));
#3019=DIRECTION('ref_axis',(-1.,0.,0.));
#3020=DIRECTION('',(0.,1.,0.));
#3021=DIRECTION('center_axis',(-1.,0.,1.46941282670977E-15));
#3022=DIRECTION('ref_axis',(1.46941282670977E-15,0.,1.));
#3023=DIRECTION('',(1.46941282670977E-15,0.,1.));
#3024=DIRECTION('',(1.46941282670977E-15,0.,1.));
#3025=DIRECTION('',(0.,1.,0.));
#3026=DIRECTION('center_axis',(-0.729537204140085,0.,-0.68394112888133));
#3027=DIRECTION('ref_axis',(-0.68394112888133,0.,0.729537204140085));
#3028=DIRECTION('',(-0.68394112888133,0.,0.729537204140085));
#3029=DIRECTION('',(-0.68394112888133,0.,0.729537204140085));
#3030=DIRECTION('',(0.,1.,0.));
#3031=DIRECTION('center_axis',(5.92118946466751E-15,0.,-1.));
#3032=DIRECTION('ref_axis',(-1.,0.,-5.92118946466751E-15));
#3033=DIRECTION('',(-1.,0.,-5.92118946466751E-15));
#3034=DIRECTION('',(-1.,0.,-5.92118946466751E-15));
#3035=DIRECTION('',(0.,1.,0.));
#3036=DIRECTION('center_axis',(0.729537204140086,0.,-0.683941128881329));
#3037=DIRECTION('ref_axis',(-0.683941128881329,0.,-0.729537204140086));
#3038=DIRECTION('',(-0.683941128881329,0.,-0.729537204140086));
#3039=DIRECTION('',(-0.683941128881329,0.,-0.729537204140086));
#3040=DIRECTION('',(0.,1.,0.));
#3041=DIRECTION('center_axis',(1.,0.,-1.30614473485313E-15));
#3042=DIRECTION('ref_axis',(-1.30614473485313E-15,0.,-1.));
#3043=DIRECTION('',(-1.30614473485313E-15,0.,-1.));
#3044=DIRECTION('',(-1.30614473485313E-15,0.,-1.));
#3045=DIRECTION('',(0.,1.,0.));
#3046=DIRECTION('center_axis',(0.,1.,0.));
#3047=DIRECTION('ref_axis',(-1.,0.,0.));
#3048=DIRECTION('center_axis',(0.,1.,0.));
#3049=DIRECTION('ref_axis',(-1.,0.,0.));
#3050=DIRECTION('center_axis',(0.,1.,0.));
#3051=DIRECTION('ref_axis',(-1.,0.,0.));
#3052=DIRECTION('',(0.,1.,0.));
#3053=DIRECTION('center_axis',(-0.923879532511287,0.,-0.382683432365089));
#3054=DIRECTION('ref_axis',(-0.382683432365089,0.,0.923879532511287));
#3055=DIRECTION('',(-0.382683432365089,0.,0.923879532511287));
#3056=DIRECTION('',(-0.382683432365089,0.,0.923879532511287));
#3057=DIRECTION('',(0.,1.,0.));
#3058=DIRECTION('center_axis',(-0.412271552374572,0.,-0.911061011734483));
#3059=DIRECTION('ref_axis',(-0.911061011734483,0.,0.412271552374572));
#3060=DIRECTION('',(-0.911061011734483,0.,0.412271552374572));
#3061=DIRECTION('',(-0.911061011734483,0.,0.412271552374572));
#3062=DIRECTION('',(0.,1.,0.));
#3063=DIRECTION('center_axis',(0.382683432365093,0.,-0.923879532511285));
#3064=DIRECTION('ref_axis',(-0.923879532511285,0.,-0.382683432365093));
#3065=DIRECTION('',(-0.923879532511285,0.,-0.382683432365093));
#3066=DIRECTION('',(-0.923879532511285,0.,-0.382683432365093));
#3067=DIRECTION('',(0.,1.,0.));
#3068=DIRECTION('center_axis',(0.935737429846495,0.,-0.352697409097765));
#3069=DIRECTION('ref_axis',(-0.352697409097765,0.,-0.935737429846495));
#3070=DIRECTION('',(-0.352697409097765,0.,-0.935737429846495));
#3071=DIRECTION('',(-0.352697409097765,0.,-0.935737429846495));
#3072=DIRECTION('',(0.,1.,0.));
#3073=DIRECTION('center_axis',(0.923879532511287,0.,0.382683432365089));
#3074=DIRECTION('ref_axis',(0.382683432365089,0.,-0.923879532511287));
#3075=DIRECTION('',(0.382683432365089,0.,-0.923879532511287));
#3076=DIRECTION('',(0.382683432365089,0.,-0.923879532511287));
#3077=DIRECTION('',(0.,1.,0.));
#3078=DIRECTION('center_axis',(0.,1.,0.));
#3079=DIRECTION('ref_axis',(-1.,0.,0.));
#3080=DIRECTION('center_axis',(0.,1.,0.));
#3081=DIRECTION('ref_axis',(-1.,0.,0.));
#3082=DIRECTION('center_axis',(0.,1.,0.));
#3083=DIRECTION('ref_axis',(-1.,0.,0.));
#3084=DIRECTION('',(0.,1.,0.));
#3085=DIRECTION('center_axis',(-0.707106781186548,0.,-0.707106781186547));
#3086=DIRECTION('ref_axis',(-0.707106781186547,0.,0.707106781186548));
#3087=DIRECTION('',(-0.707106781186547,0.,0.707106781186548));
#3088=DIRECTION('',(-0.707106781186547,0.,0.707106781186548));
#3089=DIRECTION('',(0.,1.,0.));
#3090=DIRECTION('center_axis',(-0.0322412940109592,0.,-0.9994801143397));
#3091=DIRECTION('ref_axis',(-0.999480114339699,0.,0.0322412940109592));
#3092=DIRECTION('',(-0.999480114339699,0.,0.0322412940109592));
#3093=DIRECTION('',(-0.999480114339699,0.,0.0322412940109592));
#3094=DIRECTION('',(0.,1.,0.));
#3095=DIRECTION('center_axis',(0.707106781186548,0.,-0.707106781186548));
#3096=DIRECTION('ref_axis',(-0.707106781186548,0.,-0.707106781186548));
#3097=DIRECTION('',(-0.707106781186548,0.,-0.707106781186548));
#3098=DIRECTION('',(-0.707106781186548,0.,-0.707106781186548));
#3099=DIRECTION('',(0.,1.,0.));
#3100=DIRECTION('center_axis',(0.9994801143397,0.,0.0322412940109591));
#3101=DIRECTION('ref_axis',(0.0322412940109591,0.,-0.9994801143397));
#3102=DIRECTION('',(0.0322412940109591,0.,-0.999480114339699));
#3103=DIRECTION('',(0.0322412940109591,0.,-0.999480114339699));
#3104=DIRECTION('',(0.,1.,0.));
#3105=DIRECTION('center_axis',(0.707106781186548,0.,0.707106781186547));
#3106=DIRECTION('ref_axis',(0.707106781186547,0.,-0.707106781186548));
#3107=DIRECTION('',(0.707106781186547,0.,-0.707106781186548));
#3108=DIRECTION('',(0.707106781186547,0.,-0.707106781186548));
#3109=DIRECTION('',(0.,1.,0.));
#3110=DIRECTION('center_axis',(0.,1.,0.));
#3111=DIRECTION('ref_axis',(-1.,0.,0.));
#3112=DIRECTION('center_axis',(0.,1.,0.));
#3113=DIRECTION('ref_axis',(-1.,0.,0.));
#3114=DIRECTION('center_axis',(0.,1.,0.));
#3115=DIRECTION('ref_axis',(-1.,0.,0.));
#3116=DIRECTION('',(0.,1.,0.));
#3117=DIRECTION('center_axis',(-0.38268343236509,0.,-0.923879532511287));
#3118=DIRECTION('ref_axis',(-0.923879532511287,0.,0.38268343236509));
#3119=DIRECTION('',(-0.923879532511287,0.,0.38268343236509));
#3120=DIRECTION('',(-0.923879532511287,0.,0.38268343236509));
#3121=DIRECTION('',(0.,1.,0.));
#3122=DIRECTION('center_axis',(0.352697409097765,0.,-0.935737429846495));
#3123=DIRECTION('ref_axis',(-0.935737429846495,0.,-0.352697409097765));
#3124=DIRECTION('',(-0.935737429846495,0.,-0.352697409097765));
#3125=DIRECTION('',(-0.935737429846495,0.,-0.352697409097765));
#3126=DIRECTION('',(0.,1.,0.));
#3127=DIRECTION('center_axis',(0.923879532511287,0.,-0.38268343236509));
#3128=DIRECTION('ref_axis',(-0.38268343236509,0.,-0.923879532511286));
#3129=DIRECTION('',(-0.38268343236509,0.,-0.923879532511286));
#3130=DIRECTION('',(-0.38268343236509,0.,-0.923879532511286));
#3131=DIRECTION('',(0.,1.,0.));
#3132=DIRECTION('center_axis',(0.911061011734484,0.,0.412271552374571));
#3133=DIRECTION('ref_axis',(0.412271552374571,0.,-0.911061011734484));
#3134=DIRECTION('',(0.412271552374571,0.,-0.911061011734484));
#3135=DIRECTION('',(0.412271552374571,0.,-0.911061011734484));
#3136=DIRECTION('',(0.,1.,0.));
#3137=DIRECTION('center_axis',(0.382683432365089,0.,0.923879532511287));
#3138=DIRECTION('ref_axis',(0.923879532511287,0.,-0.382683432365089));
#3139=DIRECTION('',(0.923879532511287,0.,-0.382683432365089));
#3140=DIRECTION('',(0.923879532511287,0.,-0.382683432365089));
#3141=DIRECTION('',(0.,1.,0.));
#3142=DIRECTION('center_axis',(0.,1.,0.));
#3143=DIRECTION('ref_axis',(-1.,0.,0.));
#3144=DIRECTION('center_axis',(0.,1.,0.));
#3145=DIRECTION('ref_axis',(-1.,0.,0.));
#3146=DIRECTION('center_axis',(0.,1.,0.));
#3147=DIRECTION('ref_axis',(-1.,0.,0.));
#3148=DIRECTION('',(0.,1.,0.));
#3149=DIRECTION('center_axis',(-4.89804275569923E-16,0.,-1.));
#3150=DIRECTION('ref_axis',(-1.,0.,4.89804275569923E-16));
#3151=DIRECTION('',(-1.,0.,4.89804275569923E-16));
#3152=DIRECTION('',(-1.,0.,4.89804275569923E-16));
#3153=DIRECTION('',(0.,1.,0.));
#3154=DIRECTION('center_axis',(0.683941128881329,0.,-0.729537204140086));
#3155=DIRECTION('ref_axis',(-0.729537204140086,0.,-0.683941128881329));
#3156=DIRECTION('',(-0.729537204140086,0.,-0.683941128881329));
#3157=DIRECTION('',(-0.729537204140086,0.,-0.683941128881329));
#3158=DIRECTION('',(0.,1.,0.));
#3159=DIRECTION('center_axis',(1.,0.,0.));
#3160=DIRECTION('ref_axis',(0.,0.,-1.));
#3161=DIRECTION('',(0.,0.,-1.));
#3162=DIRECTION('',(0.,0.,-1.));
#3163=DIRECTION('',(0.,1.,0.));
#3164=DIRECTION('center_axis',(0.683941128881331,0.,0.729537204140084));
#3165=DIRECTION('ref_axis',(0.729537204140084,0.,-0.683941128881331));
#3166=DIRECTION('',(0.729537204140084,0.,-0.683941128881331));
#3167=DIRECTION('',(0.729537204140084,0.,-0.683941128881331));
#3168=DIRECTION('',(0.,1.,0.));
#3169=DIRECTION('center_axis',(-3.26536183713282E-16,0.,1.));
#3170=DIRECTION('ref_axis',(1.,0.,3.26536183713282E-16));
#3171=DIRECTION('',(1.,0.,3.26536183713282E-16));
#3172=DIRECTION('',(1.,0.,3.26536183713282E-16));
#3173=DIRECTION('',(0.,1.,0.));
#3174=DIRECTION('center_axis',(0.,1.,0.));
#3175=DIRECTION('ref_axis',(-1.,0.,0.));
#3176=DIRECTION('center_axis',(0.,1.,0.));
#3177=DIRECTION('ref_axis',(-1.,0.,0.));
#3178=DIRECTION('center_axis',(0.,1.,0.));
#3179=DIRECTION('ref_axis',(-1.,0.,0.));
#3180=DIRECTION('',(0.,1.,0.));
#3181=DIRECTION('center_axis',(0.382683432365089,0.,-0.923879532511287));
#3182=DIRECTION('ref_axis',(-0.923879532511287,0.,-0.382683432365089));
#3183=DIRECTION('',(-0.923879532511287,0.,-0.382683432365089));
#3184=DIRECTION('',(-0.923879532511287,0.,-0.382683432365089));
#3185=DIRECTION('',(0.,1.,0.));
#3186=DIRECTION('center_axis',(0.911061011734483,0.,-0.412271552374573));
#3187=DIRECTION('ref_axis',(-0.412271552374573,0.,-0.911061011734483));
#3188=DIRECTION('',(-0.412271552374573,0.,-0.911061011734483));
#3189=DIRECTION('',(-0.412271552374573,0.,-0.911061011734483));
#3190=DIRECTION('',(0.,1.,0.));
#3191=DIRECTION('center_axis',(0.923879532511287,0.,0.38268343236509));
#3192=DIRECTION('ref_axis',(0.38268343236509,0.,-0.923879532511287));
#3193=DIRECTION('',(0.38268343236509,0.,-0.923879532511287));
#3194=DIRECTION('',(0.38268343236509,0.,-0.923879532511287));
#3195=DIRECTION('',(0.,1.,0.));
#3196=DIRECTION('center_axis',(0.352697409097767,0.,0.935737429846494));
#3197=DIRECTION('ref_axis',(0.935737429846494,0.,-0.352697409097767));
#3198=DIRECTION('',(0.935737429846494,0.,-0.352697409097767));
#3199=DIRECTION('',(0.935737429846494,0.,-0.352697409097767));
#3200=DIRECTION('',(0.,1.,0.));
#3201=DIRECTION('center_axis',(-0.38268343236509,0.,0.923879532511287));
#3202=DIRECTION('ref_axis',(0.923879532511287,0.,0.38268343236509));
#3203=DIRECTION('',(0.923879532511287,0.,0.38268343236509));
#3204=DIRECTION('',(0.923879532511287,0.,0.38268343236509));
#3205=DIRECTION('',(0.,1.,0.));
#3206=DIRECTION('center_axis',(0.,1.,0.));
#3207=DIRECTION('ref_axis',(-1.,0.,0.));
#3208=DIRECTION('',(0.,1.,0.));
#3209=DIRECTION('center_axis',(0.,1.,0.));
#3210=DIRECTION('ref_axis',(-1.,0.,0.));
#3211=DIRECTION('center_axis',(0.,1.,0.));
#3212=DIRECTION('ref_axis',(-1.,0.,0.));
#3213=DIRECTION('center_axis',(0.707106781186548,0.,-0.707106781186548));
#3214=DIRECTION('ref_axis',(-0.707106781186548,0.,-0.707106781186548));
#3215=DIRECTION('',(0.,1.,0.));
#3216=DIRECTION('',(-0.707106781186547,0.,-0.707106781186547));
#3217=DIRECTION('center_axis',(0.9994801143397,0.,-0.0322412940109592));
#3218=DIRECTION('ref_axis',(-0.0322412940109592,0.,-0.9994801143397));
#3219=DIRECTION('',(0.,1.,0.));
#3220=DIRECTION('',(-0.0322412940109592,0.,-0.999480114339699));
#3221=DIRECTION('center_axis',(0.707106781186547,0.,0.707106781186548));
#3222=DIRECTION('ref_axis',(0.707106781186548,0.,-0.707106781186547));
#3223=DIRECTION('',(0.,1.,0.));
#3224=DIRECTION('',(0.707106781186548,0.,-0.707106781186547));
#3225=DIRECTION('center_axis',(-0.0322412940109551,0.,0.9994801143397));
#3226=DIRECTION('ref_axis',(0.9994801143397,0.,0.0322412940109551));
#3227=DIRECTION('',(0.,1.,0.));
#3228=DIRECTION('',(0.9994801143397,0.,0.0322412940109551));
#3229=DIRECTION('center_axis',(-0.707106781186548,0.,0.707106781186547));
#3230=DIRECTION('ref_axis',(0.707106781186547,0.,0.707106781186548));
#3231=DIRECTION('',(0.707106781186547,0.,0.707106781186548));
#3232=DIRECTION('center_axis',(0.923879532511287,0.,-0.382683432365089));
#3233=DIRECTION('ref_axis',(-0.382683432365089,0.,-0.923879532511287));
#3234=DIRECTION('',(-0.382683432365089,0.,-0.923879532511287));
#3235=DIRECTION('',(-0.382683432365089,0.,-0.923879532511287));
#3236=DIRECTION('',(0.,1.,0.));
#3237=DIRECTION('center_axis',(0.935737429846495,0.,0.352697409097764));
#3238=DIRECTION('ref_axis',(0.352697409097764,0.,-0.935737429846495));
#3239=DIRECTION('',(0.352697409097764,0.,-0.935737429846495));
#3240=DIRECTION('',(0.352697409097764,0.,-0.935737429846495));
#3241=DIRECTION('',(0.,1.,0.));
#3242=DIRECTION('center_axis',(0.382683432365088,0.,0.923879532511288));
#3243=DIRECTION('ref_axis',(0.923879532511288,0.,-0.382683432365088));
#3244=DIRECTION('',(0.923879532511288,0.,-0.382683432365088));
#3245=DIRECTION('',(0.923879532511288,0.,-0.382683432365088));
#3246=DIRECTION('',(0.,1.,0.));
#3247=DIRECTION('center_axis',(-0.41227155237457,0.,0.911061011734485));
#3248=DIRECTION('ref_axis',(0.911061011734485,0.,0.41227155237457));
#3249=DIRECTION('',(0.911061011734485,0.,0.41227155237457));
#3250=DIRECTION('',(0.911061011734485,0.,0.41227155237457));
#3251=DIRECTION('',(0.,1.,0.));
#3252=DIRECTION('center_axis',(-0.923879532511287,0.,0.38268343236509));
#3253=DIRECTION('ref_axis',(0.38268343236509,0.,0.923879532511287));
#3254=DIRECTION('',(0.38268343236509,0.,0.923879532511287));
#3255=DIRECTION('',(0.38268343236509,0.,0.923879532511287));
#3256=DIRECTION('',(0.,1.,0.));
#3257=DIRECTION('center_axis',(0.,1.,0.));
#3258=DIRECTION('ref_axis',(-1.,0.,0.));
#3259=DIRECTION('center_axis',(0.,1.,0.));
#3260=DIRECTION('ref_axis',(-1.,0.,0.));
#3261=DIRECTION('center_axis',(0.,1.,0.));
#3262=DIRECTION('ref_axis',(-1.,0.,0.));
#3263=DIRECTION('',(0.,1.,0.));
#3264=DIRECTION('center_axis',(1.,0.,4.89804275569924E-16));
#3265=DIRECTION('ref_axis',(4.89804275569924E-16,0.,-1.));
#3266=DIRECTION('',(4.89804275569924E-16,0.,-1.));
#3267=DIRECTION('',(4.89804275569924E-16,0.,-1.));
#3268=DIRECTION('',(0.,1.,0.));
#3269=DIRECTION('center_axis',(0.729537204140087,0.,0.683941128881328));
#3270=DIRECTION('ref_axis',(0.683941128881328,0.,-0.729537204140087));
#3271=DIRECTION('',(0.683941128881328,0.,-0.729537204140087));
#3272=DIRECTION('',(0.683941128881328,0.,-0.729537204140087));
#3273=DIRECTION('',(0.,1.,0.));
#3274=DIRECTION('center_axis',(-2.96059473233376E-15,0.,1.));
#3275=DIRECTION('ref_axis',(1.,0.,2.96059473233376E-15));
#3276=DIRECTION('',(1.,0.,2.96059473233376E-15));
#3277=DIRECTION('',(1.,0.,2.96059473233376E-15));
#3278=DIRECTION('',(0.,1.,0.));
#3279=DIRECTION('center_axis',(-0.729537204140084,0.,0.683941128881331));
#3280=DIRECTION('ref_axis',(0.683941128881331,0.,0.729537204140084));
#3281=DIRECTION('',(0.683941128881331,0.,0.729537204140084));
#3282=DIRECTION('',(0.683941128881331,0.,0.729537204140084));
#3283=DIRECTION('',(0.,1.,0.));
#3284=DIRECTION('center_axis',(-1.,0.,4.89804275569923E-16));
#3285=DIRECTION('ref_axis',(4.89804275569923E-16,0.,1.));
#3286=DIRECTION('',(4.89804275569923E-16,0.,1.));
#3287=DIRECTION('',(4.89804275569923E-16,0.,1.));
#3288=DIRECTION('',(0.,1.,0.));
#3289=DIRECTION('center_axis',(0.,1.,0.));
#3290=DIRECTION('ref_axis',(-1.,0.,0.));
#3291=DIRECTION('center_axis',(0.,1.,0.));
#3292=DIRECTION('ref_axis',(-1.,0.,0.));
#3293=DIRECTION('center_axis',(0.,1.,0.));
#3294=DIRECTION('ref_axis',(-1.,0.,0.));
#3295=DIRECTION('',(0.,1.,0.));
#3296=DIRECTION('center_axis',(0.923879532511287,0.,0.38268343236509));
#3297=DIRECTION('ref_axis',(0.38268343236509,0.,-0.923879532511287));
#3298=DIRECTION('',(0.38268343236509,0.,-0.923879532511287));
#3299=DIRECTION('',(0.38268343236509,0.,-0.923879532511287));
#3300=DIRECTION('',(0.,1.,0.));
#3301=DIRECTION('center_axis',(0.412271552374574,0.,0.911061011734483));
#3302=DIRECTION('ref_axis',(0.911061011734483,0.,-0.412271552374574));
#3303=DIRECTION('',(0.911061011734483,0.,-0.412271552374574));
#3304=DIRECTION('',(0.911061011734483,0.,-0.412271552374574));
#3305=DIRECTION('',(0.,1.,0.));
#3306=DIRECTION('center_axis',(-0.38268343236509,0.,0.923879532511287));
#3307=DIRECTION('ref_axis',(0.923879532511287,0.,0.38268343236509));
#3308=DIRECTION('',(0.923879532511287,0.,0.38268343236509));
#3309=DIRECTION('',(0.923879532511287,0.,0.38268343236509));
#3310=DIRECTION('',(0.,1.,0.));
#3311=DIRECTION('center_axis',(-0.935737429846494,0.,0.352697409097767));
#3312=DIRECTION('ref_axis',(0.352697409097767,0.,0.935737429846494));
#3313=DIRECTION('',(0.352697409097767,0.,0.935737429846494));
#3314=DIRECTION('',(0.352697409097767,0.,0.935737429846494));
#3315=DIRECTION('',(0.,1.,0.));
#3316=DIRECTION('center_axis',(-0.923879532511287,0.,-0.382683432365091));
#3317=DIRECTION('ref_axis',(-0.382683432365091,0.,0.923879532511286));
#3318=DIRECTION('',(-0.382683432365091,0.,0.923879532511286));
#3319=DIRECTION('',(-0.382683432365091,0.,0.923879532511286));
#3320=DIRECTION('',(0.,1.,0.));
#3321=DIRECTION('center_axis',(0.,1.,0.));
#3322=DIRECTION('ref_axis',(-1.,0.,0.));
#3323=DIRECTION('center_axis',(0.,1.,0.));
#3324=DIRECTION('ref_axis',(-1.,0.,0.));
#3325=DIRECTION('center_axis',(0.,1.,0.));
#3326=DIRECTION('ref_axis',(-1.,0.,0.));
#3327=DIRECTION('',(0.,1.,0.));
#3328=DIRECTION('center_axis',(0.707106781186548,0.,0.707106781186547));
#3329=DIRECTION('ref_axis',(0.707106781186547,0.,-0.707106781186548));
#3330=DIRECTION('',(0.707106781186547,0.,-0.707106781186548));
#3331=DIRECTION('',(0.707106781186547,0.,-0.707106781186548));
#3332=DIRECTION('',(0.,1.,0.));
#3333=DIRECTION('center_axis',(0.0322412940109612,0.,0.9994801143397));
#3334=DIRECTION('ref_axis',(0.999480114339699,0.,-0.0322412940109612));
#3335=DIRECTION('',(0.999480114339699,0.,-0.0322412940109612));
#3336=DIRECTION('',(0.999480114339699,0.,-0.0322412940109612));
#3337=DIRECTION('',(0.,1.,0.));
#3338=DIRECTION('center_axis',(-0.707106781186547,0.,0.707106781186548));
#3339=DIRECTION('ref_axis',(0.707106781186548,0.,0.707106781186547));
#3340=DIRECTION('',(0.707106781186548,0.,0.707106781186547));
#3341=DIRECTION('',(0.707106781186548,0.,0.707106781186547));
#3342=DIRECTION('',(0.,1.,0.));
#3343=DIRECTION('center_axis',(-0.9994801143397,0.,-0.032241294010957));
#3344=DIRECTION('ref_axis',(-0.032241294010957,0.,0.9994801143397));
#3345=DIRECTION('',(-0.032241294010957,0.,0.9994801143397));
#3346=DIRECTION('',(-0.032241294010957,0.,0.9994801143397));
#3347=DIRECTION('',(0.,1.,0.));
#3348=DIRECTION('center_axis',(-0.707106781186547,0.,-0.707106781186549));
#3349=DIRECTION('ref_axis',(-0.707106781186548,0.,0.707106781186546));
#3350=DIRECTION('',(-0.707106781186548,0.,0.707106781186546));
#3351=DIRECTION('',(-0.707106781186548,0.,0.707106781186546));
#3352=DIRECTION('',(0.,1.,0.));
#3353=DIRECTION('center_axis',(0.,1.,0.));
#3354=DIRECTION('ref_axis',(-1.,0.,0.));
#3355=DIRECTION('center_axis',(0.,1.,0.));
#3356=DIRECTION('ref_axis',(-1.,0.,0.));
#3357=DIRECTION('center_axis',(0.,1.,0.));
#3358=DIRECTION('ref_axis',(-1.,0.,0.));
#3359=DIRECTION('',(0.,1.,0.));
#3360=DIRECTION('center_axis',(0.382683432365091,0.,0.923879532511286));
#3361=DIRECTION('ref_axis',(0.923879532511286,0.,-0.382683432365091));
#3362=DIRECTION('',(0.923879532511286,0.,-0.382683432365091));
#3363=DIRECTION('',(0.923879532511286,0.,-0.382683432365091));
#3364=DIRECTION('',(0.,1.,0.));
#3365=DIRECTION('center_axis',(-0.352697409097763,0.,0.935737429846496));
#3366=DIRECTION('ref_axis',(0.935737429846496,0.,0.352697409097763));
#3367=DIRECTION('',(0.935737429846496,0.,0.352697409097763));
#3368=DIRECTION('',(0.935737429846496,0.,0.352697409097763));
#3369=DIRECTION('',(0.,1.,0.));
#3370=DIRECTION('center_axis',(-0.923879532511288,0.,0.382683432365088));
#3371=DIRECTION('ref_axis',(0.382683432365088,0.,0.923879532511288));
#3372=DIRECTION('',(0.382683432365088,0.,0.923879532511288));
#3373=DIRECTION('',(0.382683432365088,0.,0.923879532511288));
#3374=DIRECTION('',(0.,1.,0.));
#3375=DIRECTION('center_axis',(-0.911061011734484,0.,-0.41227155237457));
#3376=DIRECTION('ref_axis',(-0.41227155237457,0.,0.911061011734484));
#3377=DIRECTION('',(-0.41227155237457,0.,0.911061011734484));
#3378=DIRECTION('',(-0.41227155237457,0.,0.911061011734484));
#3379=DIRECTION('',(0.,1.,0.));
#3380=DIRECTION('center_axis',(-0.382683432365089,0.,-0.923879532511287));
#3381=DIRECTION('ref_axis',(-0.923879532511287,0.,0.382683432365089));
#3382=DIRECTION('',(-0.923879532511287,0.,0.382683432365089));
#3383=DIRECTION('',(-0.923879532511287,0.,0.382683432365089));
#3384=DIRECTION('',(0.,1.,0.));
#3385=DIRECTION('center_axis',(0.,1.,0.));
#3386=DIRECTION('ref_axis',(-1.,0.,0.));
#3387=DIRECTION('center_axis',(0.,1.,0.));
#3388=DIRECTION('ref_axis',(-1.,0.,0.));
#3389=DIRECTION('center_axis',(0.,1.,0.));
#3390=DIRECTION('ref_axis',(-1.,0.,0.));
#3391=DIRECTION('',(0.,1.,0.));
#3392=DIRECTION('center_axis',(6.53072367426564E-16,0.,1.));
#3393=DIRECTION('ref_axis',(1.,0.,-6.53072367426564E-16));
#3394=DIRECTION('',(1.,0.,-6.53072367426564E-16));
#3395=DIRECTION('',(1.,0.,-6.53072367426564E-16));
#3396=DIRECTION('',(0.,1.,0.));
#3397=DIRECTION('center_axis',(-0.683941128881329,0.,0.729537204140086));
#3398=DIRECTION('ref_axis',(0.729537204140086,0.,0.683941128881329));
#3399=DIRECTION('',(0.729537204140086,0.,0.683941128881329));
#3400=DIRECTION('',(0.729537204140086,0.,0.683941128881329));
#3401=DIRECTION('',(0.,1.,0.));
#3402=DIRECTION('center_axis',(-1.,0.,-8.88178419700128E-15));
#3403=DIRECTION('ref_axis',(-8.88178419700128E-15,0.,1.));
#3404=DIRECTION('',(-8.88178419700128E-15,0.,1.));
#3405=DIRECTION('',(-8.88178419700128E-15,0.,1.));
#3406=DIRECTION('',(0.,1.,0.));
#3407=DIRECTION('center_axis',(-0.683941128881332,0.,-0.729537204140083));
#3408=DIRECTION('ref_axis',(-0.729537204140083,0.,0.683941128881332));
#3409=DIRECTION('',(-0.729537204140083,0.,0.683941128881332));
#3410=DIRECTION('',(-0.729537204140083,0.,0.683941128881332));
#3411=DIRECTION('',(0.,1.,0.));
#3412=DIRECTION('center_axis',(-1.79594901042305E-15,0.,-1.));
#3413=DIRECTION('ref_axis',(-1.,0.,1.79594901042305E-15));
#3414=DIRECTION('',(-1.,0.,1.79594901042305E-15));
#3415=DIRECTION('',(-1.,0.,1.79594901042305E-15));
#3416=DIRECTION('',(0.,1.,0.));
#3417=DIRECTION('center_axis',(0.,1.,0.));
#3418=DIRECTION('ref_axis',(-1.,0.,0.));
#3419=DIRECTION('center_axis',(0.,1.,0.));
#3420=DIRECTION('ref_axis',(-1.,0.,0.));
#3421=DIRECTION('center_axis',(0.,1.,0.));
#3422=DIRECTION('ref_axis',(-1.,0.,0.));
#3423=DIRECTION('',(0.,1.,0.));
#3424=DIRECTION('center_axis',(-0.382683432365089,0.,0.923879532511287));
#3425=DIRECTION('ref_axis',(0.923879532511287,0.,0.382683432365089));
#3426=DIRECTION('',(0.923879532511287,0.,0.382683432365089));
#3427=DIRECTION('',(0.923879532511287,0.,0.382683432365089));
#3428=DIRECTION('',(0.,1.,0.));
#3429=DIRECTION('center_axis',(-0.911061011734484,0.,0.412271552374571));
#3430=DIRECTION('ref_axis',(0.412271552374571,0.,0.911061011734484));
#3431=DIRECTION('',(0.412271552374571,0.,0.911061011734484));
#3432=DIRECTION('',(0.412271552374571,0.,0.911061011734484));
#3433=DIRECTION('',(0.,1.,0.));
#3434=DIRECTION('center_axis',(-0.923879532511284,0.,-0.382683432365097));
#3435=DIRECTION('ref_axis',(-0.382683432365097,0.,0.923879532511284));
#3436=DIRECTION('',(-0.382683432365097,0.,0.923879532511284));
#3437=DIRECTION('',(-0.382683432365097,0.,0.923879532511284));
#3438=DIRECTION('',(0.,1.,0.));
#3439=DIRECTION('center_axis',(-0.352697409097767,0.,-0.935737429846494));
#3440=DIRECTION('ref_axis',(-0.935737429846494,0.,0.352697409097767));
#3441=DIRECTION('',(-0.935737429846494,0.,0.352697409097767));
#3442=DIRECTION('',(-0.935737429846494,0.,0.352697409097767));
#3443=DIRECTION('',(0.,1.,0.));
#3444=DIRECTION('center_axis',(0.382683432365088,0.,-0.923879532511287));
#3445=DIRECTION('ref_axis',(-0.923879532511288,0.,-0.382683432365088));
#3446=DIRECTION('',(-0.923879532511288,0.,-0.382683432365088));
#3447=DIRECTION('',(-0.923879532511288,0.,-0.382683432365088));
#3448=DIRECTION('center_axis',(0.,1.,0.));
#3449=DIRECTION('ref_axis',(0.,0.,1.));
#3450=DIRECTION('center_axis',(0.,1.,0.));
#3451=DIRECTION('ref_axis',(0.,0.,1.));
#3452=CARTESIAN_POINT('',(0.,0.,0.));
#3453=CARTESIAN_POINT('Origin',(-9.79717439317883E-16,0.,-8.));
#3454=CARTESIAN_POINT('',(-2.,0.,-8.));
#3455=CARTESIAN_POINT('Origin',(-9.79717439317883E-16,0.,-8.));
#3456=CARTESIAN_POINT('',(-2.,5.,-8.));
#3457=CARTESIAN_POINT('',(-2.,0.,-8.));
#3458=CARTESIAN_POINT('Origin',(-9.79717439317883E-16,5.,-8.));
#3459=CARTESIAN_POINT('Origin',(-1.11022302462516E-15,5.,-8.));
#3460=CARTESIAN_POINT('Origin',(-8.,0.,4.89858719658941E-16));
#3461=CARTESIAN_POINT('',(-10.,0.,7.34788079488412E-16));
#3462=CARTESIAN_POINT('Origin',(-8.,0.,4.89858719658941E-16));
#3463=CARTESIAN_POINT('',(-10.,5.,7.34788079488412E-16));
#3464=CARTESIAN_POINT('',(-10.,0.,7.34788079488412E-16));
#3465=CARTESIAN_POINT('Origin',(-8.,5.,4.89858719658941E-16));
#3466=CARTESIAN_POINT('Origin',(-8.,5.,5.55111512312578E-16));
#3467=CARTESIAN_POINT('Origin',(0.,0.,8.));
#3468=CARTESIAN_POINT('',(-2.,0.,8.));
#3469=CARTESIAN_POINT('Origin',(0.,0.,8.));
#3470=CARTESIAN_POINT('',(-2.,5.,8.));
#3471=CARTESIAN_POINT('',(-2.,0.,8.));
#3472=CARTESIAN_POINT('Origin',(0.,5.,8.));
#3473=CARTESIAN_POINT('Origin',(0.,5.,8.));
#3474=CARTESIAN_POINT('Origin',(8.,0.,-1.46957615897682E-15));
#3475=CARTESIAN_POINT('',(6.,0.,-1.22464679914735E-15));
#3476=CARTESIAN_POINT('Origin',(8.,0.,-1.46957615897682E-15));
#3477=CARTESIAN_POINT('',(6.,5.,-1.22464679914735E-15));
#3478=CARTESIAN_POINT('',(6.,0.,-1.22464679914735E-15));
#3479=CARTESIAN_POINT('Origin',(8.,5.,-1.46957615897682E-15));
#3480=CARTESIAN_POINT('Origin',(8.,5.,-1.38777878078145E-15));
#3481=CARTESIAN_POINT('Origin',(-8.52949313375357,5.220762593868,-10.7745173825604));
#3482=CARTESIAN_POINT('',(-2.36254012202261,8.99257340188217,-4.63232168268066));
#3483=CARTESIAN_POINT('',(-2.37891137619859,5.220762593868,-4.62393562500527));
#3484=CARTESIAN_POINT('Ctrl Pts',(-2.36254012202261,8.99257340188217,-4.63232168268066));
#3485=CARTESIAN_POINT('Ctrl Pts',(-2.37073316365007,7.10774419486342,-4.62814313229571));
#3486=CARTESIAN_POINT('Ctrl Pts',(-2.37891137619859,5.220762593868,-4.62393562500527));
#3487=CARTESIAN_POINT('',(-7.55947652941372,8.99257340188217,-9.82925809007186));
#3488=CARTESIAN_POINT('',(-8.51711447782789,8.99257340188217,-10.786896038486));
#3489=CARTESIAN_POINT('',(-7.57346203209958,5.220762593868,-9.81848628090635));
#3490=CARTESIAN_POINT('',(-7.56646928075665,7.10666799787509,-9.8238721854891));
#3491=CARTESIAN_POINT('',(-8.52949313375357,5.220762593868,-10.7745173825604));
#3492=CARTESIAN_POINT('Origin',(-9.6500429713665,5.,-9.65396754494745));
#3493=CARTESIAN_POINT('',(-4.62861354019523,5.00088802949274,-2.3697967624928));
#3494=CARTESIAN_POINT('Ctrl Pts',(-2.37891137619859,5.220762593868,-4.62393562500527));
#3495=CARTESIAN_POINT('Ctrl Pts',(-2.36925179066861,5.14650736519592,-4.62890526553884));
#3496=CARTESIAN_POINT('Ctrl Pts',(-2.36460282631599,5.07243093263458,-4.63126909969378));
#3497=CARTESIAN_POINT('Ctrl Pts',(-2.36460282631599,5.,-4.63126909969378));
#3498=CARTESIAN_POINT('Ctrl Pts',(-2.36460282631599,4.79763980707478,-4.63126909969378));
#3499=CARTESIAN_POINT('Ctrl Pts',(-2.40310686528794,4.58277013554936,-4.61219741843894));
#3500=CARTESIAN_POINT('Ctrl Pts',(-2.55320503271587,4.18900639512075,-4.53083120285002));
#3501=CARTESIAN_POINT('Ctrl Pts',(-2.66418195052035,4.00998644457983,-4.46800935078232));
#3502=CARTESIAN_POINT('Ctrl Pts',(-2.90869508983796,3.72734792169161,-4.3128244077301));
#3503=CARTESIAN_POINT('Ctrl Pts',(-3.05888887823932,3.6044091743525,-4.20981361831856));
#3504=CARTESIAN_POINT('Ctrl Pts',(-3.37065249377324,3.44070002329835,-3.96459753757388));
#3505=CARTESIAN_POINT('Ctrl Pts',(-3.5318651912555,3.4,-3.82189160140608));
#3506=CARTESIAN_POINT('Ctrl Pts',(-3.81810086878077,3.4,-3.53596127270226));
#3507=CARTESIAN_POINT('Ctrl Pts',(-3.9609624483303,3.44069042135221,-3.37492175998052));
#3508=CARTESIAN_POINT('Ctrl Pts',(-4.20648025455641,3.60438354624556,-3.06346931971188));
#3509=CARTESIAN_POINT('Ctrl Pts',(-4.30963677366568,3.72731636754521,-2.91341435142735));
#3510=CARTESIAN_POINT('Ctrl Pts',(-4.46506544323243,4.0099595836507,-2.66911204868109));
#3511=CARTESIAN_POINT('Ctrl Pts',(-4.5279960217082,4.18899195552944,-2.55822894044576));
#3512=CARTESIAN_POINT('Ctrl Pts',(-4.60950673526014,4.58277142436108,-2.40826311797928));
#3513=CARTESIAN_POINT('Ctrl Pts',(-4.62861365820868,4.79764369575913,-2.36979653199258));
#3514=CARTESIAN_POINT('Ctrl Pts',(-4.62861365820868,5.00029598308209,-2.36979653199258));
#3515=CARTESIAN_POINT('Ctrl Pts',(-4.62861361887798,5.00059199294505,-2.36979660881211));
#3516=CARTESIAN_POINT('Ctrl Pts',(-4.62861354019523,5.00088802949274,-2.3697967624928));
#3517=CARTESIAN_POINT('',(-7.63593971328982,4.46026605021957,-9.76997567525137));
#3518=CARTESIAN_POINT('Ctrl Pts',(-7.63593971328982,4.46026605021957,-9.76997567525137));
#3519=CARTESIAN_POINT('Ctrl Pts',(-7.58581648879371,4.6364778430103,-9.80915058552853));
#3520=CARTESIAN_POINT('Ctrl Pts',(-7.56123735306401,4.82341482394412,-9.82790362644189));
#3521=CARTESIAN_POINT('Ctrl Pts',(-7.56123735306401,5.,-9.82790362644189));
#3522=CARTESIAN_POINT('Ctrl Pts',(-7.56123735306401,5.07233030215203,-9.82790362644189));
#3523=CARTESIAN_POINT('Ctrl Pts',(-7.56519257928367,5.14641170570787,-9.82486490029184));
#3524=CARTESIAN_POINT('Ctrl Pts',(-7.57346203209958,5.220762593868,-9.81848628090635));
#3525=CARTESIAN_POINT('',(-8.01930185222695,4.46026605021955,-10.1533378141885));
#3526=CARTESIAN_POINT('',(-8.58498727717619,4.46026605021953,-10.7190232391377));
#3527=CARTESIAN_POINT('',(-9.1153173630661,3.58998686259469,-10.1886931532478));
#3528=CARTESIAN_POINT('Origin',(-10.2204169535536,5.,-10.2243415271345));
#3529=CARTESIAN_POINT('',(-10.1759775348459,3.58338937252489,-9.12803298146803));
#3530=CARTESIAN_POINT('Origin',(-9.6500429713665,5.,-9.65396754494745));
#3531=CARTESIAN_POINT('',(-10.1406221957866,4.42675486832826,-8.03201747062887));
#3532=CARTESIAN_POINT('Origin',(-10.2110398390779,5.,-10.2149644126588));
#3533=CARTESIAN_POINT('',(-9.75880961619527,4.42675486832824,-7.65020489103754));
#3534=CARTESIAN_POINT('',(-10.7063076207358,4.42675486832827,-8.59770289557811));
#3535=CARTESIAN_POINT('',(-9.82448956680417,5.00088802949274,-7.56567278910184));
#3536=CARTESIAN_POINT('Ctrl Pts',(-9.82448956680417,5.00088802949274,-7.56567278910183));
#3537=CARTESIAN_POINT('Ctrl Pts',(-9.82448966789565,5.00059199102772,-7.56567265782836));
#3538=CARTESIAN_POINT('Ctrl Pts',(-9.8244897184267,5.00029598116415,-7.56567259221069));
#3539=CARTESIAN_POINT('Ctrl Pts',(-9.8244897184267,4.81217857663825,-7.56567259221069));
#3540=CARTESIAN_POINT('Ctrl Pts',(-9.80315750988541,4.61270928088816,-7.59363351058885));
#3541=CARTESIAN_POINT('Ctrl Pts',(-9.75880961619527,4.42675486832824,-7.65020489103754));
#3542=CARTESIAN_POINT('',(-10.7814136470081,5.00088802949274,-8.52259686930582));
#3543=CARTESIAN_POINT('Origin',(-10.7798441663313,8.99999938408,-8.52416634998271));
#3544=CARTESIAN_POINT('',(-4.62755017967849,8.99999938401161,-2.37187253758662));
#3545=CARTESIAN_POINT('',(-4.62808188946179,7.00044370678637,-2.37083459243624));
#3546=CARTESIAN_POINT('',(-9.82312372688663,8.99999938401161,-7.56744608479485));
#3547=CARTESIAN_POINT('',(-9.82380668475902,7.00044370678637,-7.56655938773357));
#3548=CARTESIAN_POINT('',(-10.7798440792029,8.99999938401161,-8.5241664371111));
#3549=CARTESIAN_POINT('Origin',(-9.64847314217597,8.99999938390903,-9.65553737413797));
#3550=CARTESIAN_POINT('Ctrl Pts',(-4.62755012062862,8.99999938390903,-2.37187265279357));
#3551=CARTESIAN_POINT('Ctrl Pts',(-4.62755012062862,9.20235413313864,-2.37187265279357));
#3552=CARTESIAN_POINT('Ctrl Pts',(-4.60842911294005,9.41722743593175,-2.41032426983115));
#3553=CARTESIAN_POINT('Ctrl Pts',(-4.52686064488233,9.81101316629587,-2.56023717135722));
#3554=CARTESIAN_POINT('Ctrl Pts',(-4.46388660765549,9.99005048618124,-2.67108275920593));
#3555=CARTESIAN_POINT('Ctrl Pts',(-4.30836049990274,10.2726955943611,-2.91530074784464));
#3556=CARTESIAN_POINT('Ctrl Pts',(-4.20514570337399,10.3956260638168,-3.06530022425325));
#3557=CARTESIAN_POINT('Ctrl Pts',(-3.95950722806432,10.5593127999842,-3.37662825324134));
#3558=CARTESIAN_POINT('Ctrl Pts',(-3.81658339811163,10.599999383909,-3.53759851470088));
#3559=CARTESIAN_POINT('Ctrl Pts',(-3.53022556847511,10.599999383909,-3.82340671629706));
#3560=CARTESIAN_POINT('Ctrl Pts',(-3.36894357433757,10.5592955164669,-3.96605038808135));
#3561=CARTESIAN_POINT('Ctrl Pts',(-3.05705542966731,10.3955799331865,-4.21114575732988));
#3562=CARTESIAN_POINT('Ctrl Pts',(-2.90680607695212,10.2726387968525,-4.31409824028984));
#3563=CARTESIAN_POINT('Ctrl Pts',(-2.66220858239519,9.9900021364732,-4.46918564018901));
#3564=CARTESIAN_POINT('Ctrl Pts',(-2.55119413729529,9.81098717501391,-4.53196396983263));
#3565=CARTESIAN_POINT('Ctrl Pts',(-2.4010430147736,9.41722975580164,-4.61327234147567));
#3566=CARTESIAN_POINT('Ctrl Pts',(-2.36252398232666,9.20236113278532,-4.6323299140855));
#3567=CARTESIAN_POINT('Ctrl Pts',(-2.36252398232666,8.99999938390903,-4.6323299140855));
#3568=CARTESIAN_POINT('Ctrl Pts',(-2.36252398232666,8.99752590854067,-4.6323299140855));
#3569=CARTESIAN_POINT('Ctrl Pts',(-2.3625293542142,8.99505056246707,-4.63232717439327));
#3570=CARTESIAN_POINT('Ctrl Pts',(-2.36254012202261,8.99257340188217,-4.63232168268066));
#3571=CARTESIAN_POINT('',(-9.75880961619527,9.56742553059245,-7.65020489103754));
#3572=CARTESIAN_POINT('Ctrl Pts',(-9.75880961619527,9.56742553059245,-7.65020489103754));
#3573=CARTESIAN_POINT('Ctrl Pts',(-9.80224770771894,9.38314467048989,-7.59479407899942));
#3574=CARTESIAN_POINT('Ctrl Pts',(-9.82312365105938,9.18586281036184,-7.56744618322441));
#3575=CARTESIAN_POINT('Ctrl Pts',(-9.82312365105938,8.99999938390903,-7.56744618322441));
#3576=CARTESIAN_POINT('',(-10.1406221957866,9.56742553059244,-8.03201747062887));
#3577=CARTESIAN_POINT('',(-10.7063076207358,9.56742553059242,-8.59770289557811));
#3578=CARTESIAN_POINT('',(-10.1759775348459,10.4154421525959,-9.12803298146803));
#3579=CARTESIAN_POINT('Origin',(-10.2111444943573,8.99999938390903,-10.2182087263193));
#3580=CARTESIAN_POINT('',(-9.1153173630661,10.411200939465,-10.1886931532478));
#3581=CARTESIAN_POINT('Origin',(-9.64847314217598,8.99999938390903,-9.65553737413797));
#3582=CARTESIAN_POINT('',(-8.01930185222695,9.54588914374276,-10.1533378141885));
#3583=CARTESIAN_POINT('Origin',(-10.2171726398931,8.99999938390903,-10.2242368718552));
#3584=CARTESIAN_POINT('',(-7.63593971328982,9.54588914374275,-9.76997567525137));
#3585=CARTESIAN_POINT('',(-8.58498727717619,9.54588914374278,-10.7190232391377));
#3586=CARTESIAN_POINT('Ctrl Pts',(-7.55947652941372,8.99257340188217,-9.82925809007186));
#3587=CARTESIAN_POINT('Ctrl Pts',(-7.55946733796415,8.99505069652264,-9.82926515902322));
#3588=CARTESIAN_POINT('Ctrl Pts',(-7.5594627532537,8.99752604295346,-9.82926868501264));
#3589=CARTESIAN_POINT('Ctrl Pts',(-7.5594627532537,8.99999938390903,-9.82926868501264));
#3590=CARTESIAN_POINT('Ctrl Pts',(-7.5594627532537,9.17864244433222,-9.82926868501264));
#3591=CARTESIAN_POINT('Ctrl Pts',(-7.5846492329605,9.36786991046848,-9.81006288003863));
#3592=CARTESIAN_POINT('Ctrl Pts',(-7.63593971328982,9.54588914374275,-9.76997567525137));
#3593=CARTESIAN_POINT('Origin',(0.,0.,0.));
#3594=CARTESIAN_POINT('',(-7.63593971328982,16.2,-9.76997567525137));
#3595=CARTESIAN_POINT('',(-7.63593971328982,0.,-9.76997567525137));
#3596=CARTESIAN_POINT('',(-6.08835780007869,16.2,-10.8024024780704));
#3597=CARTESIAN_POINT('Origin',(0.,16.2,0.));
#3598=CARTESIAN_POINT('',(-6.08835780007869,0.,-10.8024024780704));
#3599=CARTESIAN_POINT('',(-6.08835780007869,0.,-10.8024024780704));
#3600=CARTESIAN_POINT('',(-7.63593971328982,0.,-9.76997567525137));
#3601=CARTESIAN_POINT('Origin',(0.,0.,0.));
#3602=CARTESIAN_POINT('',(-7.63593971328982,0.,-9.76997567525137));
#3603=CARTESIAN_POINT('Origin',(-7.63593971328982,0.,-9.76997567525137));
#3604=CARTESIAN_POINT('',(-8.01930185222695,16.2,-10.1533378141885));
#3605=CARTESIAN_POINT('',(-8.01930185222695,0.,-10.1533378141885));
#3606=CARTESIAN_POINT('',(-6.81722032420983,16.2,-8.95125628617138));
#3607=CARTESIAN_POINT('Origin',(-8.01930185222695,0.,-10.1533378141885));
#3608=CARTESIAN_POINT('',(-9.1153173630661,16.2,-10.1886931532478));
#3609=CARTESIAN_POINT('',(-9.1153173630661,0.,-10.1886931532478));
#3610=CARTESIAN_POINT('',(-8.01930185222695,16.2,-10.1533378141885));
#3611=CARTESIAN_POINT('Origin',(-9.1153173630661,0.,-10.1886931532478));
#3612=CARTESIAN_POINT('',(-10.1759775348459,16.2,-9.12803298146801));
#3613=CARTESIAN_POINT('',(-10.1759775348459,0.,-9.12803298146801));
#3614=CARTESIAN_POINT('',(-9.1153173630661,16.2,-10.1886931532478));
#3615=CARTESIAN_POINT('Origin',(-10.1759775348459,0.,-9.12803298146801));
#3616=CARTESIAN_POINT('',(-10.1406221957866,16.2,-8.03201747062887));
#3617=CARTESIAN_POINT('',(-10.1406221957866,0.,-8.03201747062887));
#3618=CARTESIAN_POINT('',(-10.1759775348459,16.2,-9.12803298146801));
#3619=CARTESIAN_POINT('Origin',(-10.1406221957866,0.,-8.03201747062887));
#3620=CARTESIAN_POINT('',(-9.75880961619527,16.2,-7.65020489103754));
#3621=CARTESIAN_POINT('',(-9.75880961619527,0.,-7.65020489103754));
#3622=CARTESIAN_POINT('',(-10.1406221957866,16.2,-8.03201747062887));
#3623=CARTESIAN_POINT('Origin',(0.,0.,0.));
#3624=CARTESIAN_POINT('',(-5.2,0.,6.36816335556624E-16));
#3625=CARTESIAN_POINT('Origin',(0.,0.,0.));
#3626=CARTESIAN_POINT('',(-5.2,16.2,6.36816335556624E-16));
#3627=CARTESIAN_POINT('',(-5.2,0.,6.36816335556624E-16));
#3628=CARTESIAN_POINT('Origin',(0.,16.2,0.));
#3629=CARTESIAN_POINT('',(2.36408318823413,6.,4.63153437632808));
#3630=CARTESIAN_POINT('Ctrl Pts',(2.36408318823413,6.,4.63153437632808));
#3631=CARTESIAN_POINT('Ctrl Pts',(2.36408318823413,6.20236058188696,4.63153437632808));
#3632=CARTESIAN_POINT('Ctrl Pts',(2.40259097491604,6.41722999174386,4.61246622159267));
#3633=CARTESIAN_POINT('Ctrl Pts',(2.5527023801998,6.81099215346851,4.53111446459083));
#3634=CARTESIAN_POINT('Ctrl Pts',(2.66368867964224,6.99001085784021,4.4683034914216));
#3635=CARTESIAN_POINT('Ctrl Pts',(2.90822290666429,7.2726489143098,4.3131429313404));
#3636=CARTESIAN_POINT('Ctrl Pts',(3.05843058419919,7.39558825790213,4.21014671775857));
#3637=CARTESIAN_POINT('Ctrl Pts',(3.37022532885067,7.55929901584638,3.96496081374273));
#3638=CARTESIAN_POINT('Ctrl Pts',(3.53145534927576,7.6,3.82227044329274));
#3639=CARTESIAN_POINT('Ctrl Pts',(3.81772533954422,7.6,3.5363668764686));
#3640=CARTESIAN_POINT('Ctrl Pts',(3.9606057072458,7.55930841547336,3.37534047372192));
#3641=CARTESIAN_POINT('Ctrl Pts',(4.2061578575524,7.39560901680114,3.06391203543508));
#3642=CARTESIAN_POINT('Ctrl Pts',(4.30932994319593,7.27267103785563,2.91386807366781));
#3643=CARTESIAN_POINT('Ctrl Pts',(4.46477899540536,6.99002180055121,2.66959074108692));
#3644=CARTESIAN_POINT('Ctrl Pts',(4.52771729911308,6.81099092663622,2.55872199455802));
#3645=CARTESIAN_POINT('Ctrl Pts',(4.6092383825642,6.41721786120005,2.40877645748688));
#3646=CARTESIAN_POINT('Ctrl Pts',(4.6283478466624,6.20235057810954,2.37031563516245));
#3647=CARTESIAN_POINT('Ctrl Pts',(4.6283478466624,5.79764408453627,2.37031563516245));
#3648=CARTESIAN_POINT('Ctrl Pts',(4.60923740189004,5.58277155483138,2.40877847825677));
#3649=CARTESIAN_POINT('Ctrl Pts',(4.52771224731961,5.18899051901939,2.55873106957612));
#3650=CARTESIAN_POINT('Ctrl Pts',(4.46477080245256,5.00995690903974,2.66960479753056));
#3651=CARTESIAN_POINT('Ctrl Pts',(4.30931777053331,4.72731322070812,2.91388602065184));
#3652=CARTESIAN_POINT('Ctrl Pts',(4.20614668129706,4.60438098836418,3.0639271140317));
#3653=CARTESIAN_POINT('Ctrl Pts',(3.96059870667315,4.44068946181624,3.37534844833301));
#3654=CARTESIAN_POINT('Ctrl Pts',(3.81772156415194,4.4,3.53637064702841));
#3655=CARTESIAN_POINT('Ctrl Pts',(3.53145534927576,4.4,3.82227044329274));
#3656=CARTESIAN_POINT('Ctrl Pts',(3.37022532885067,4.44070098415362,3.96496081374273));
#3657=CARTESIAN_POINT('Ctrl Pts',(3.05843058419919,4.60441174209787,4.21014671775857));
#3658=CARTESIAN_POINT('Ctrl Pts',(2.90822290666429,4.7273510856902,4.3131429313404));
#3659=CARTESIAN_POINT('Ctrl Pts',(2.66368867964224,5.0099891421598,4.4683034914216));
#3660=CARTESIAN_POINT('Ctrl Pts',(2.55270238019979,5.1890078465315,4.53111446459083));
#3661=CARTESIAN_POINT('Ctrl Pts',(2.40259097491604,5.58277000825615,4.61246622159267));
#3662=CARTESIAN_POINT('Ctrl Pts',(2.36408318823413,5.79763941811304,4.63153437632808));
#3663=CARTESIAN_POINT('Ctrl Pts',(2.36408318823413,6.,4.63153437632808));
#3664=CARTESIAN_POINT('Origin',(5.93216014965415,0.,9.82124744618017));
#3665=CARTESIAN_POINT('',(5.93216014965415,0.,9.82124744618017));
#3666=CARTESIAN_POINT('',(9.82124744618017,0.,5.93216014965415));
#3667=CARTESIAN_POINT('',(6.90443197378566,0.,8.84897562204866));
#3668=CARTESIAN_POINT('',(5.93216014965415,9.,9.82124744618017));
#3669=CARTESIAN_POINT('',(5.93216014965415,0.,9.82124744618017));
#3670=CARTESIAN_POINT('',(9.82124744618017,9.,5.93216014965415));
#3671=CARTESIAN_POINT('',(9.82124744618017,9.,5.93216014965415));
#3672=CARTESIAN_POINT('',(9.82124744618017,0.,5.93216014965415));
#3673=CARTESIAN_POINT('',(6.74297820387018,6.,9.01042939196414));
#3674=CARTESIAN_POINT('Origin',(7.87434905376865,6.,7.87905854206567));
#3675=CARTESIAN_POINT('Origin',(4.21389067137084,0.,8.10297796789685));
#3676=CARTESIAN_POINT('',(4.21389067137084,0.,8.10297796789685));
#3677=CARTESIAN_POINT('',(1.13467351155392,0.,5.02376080807993));
#3678=CARTESIAN_POINT('',(4.21389067137084,9.,8.10297796789685));
#3679=CARTESIAN_POINT('',(4.21389067137084,0.,8.10297796789685));
#3680=CARTESIAN_POINT('',(5.93216014965415,9.,9.82124744618017));
#3681=CARTESIAN_POINT('Origin',(8.10297796789686,0.,4.21389067137084));
#3682=CARTESIAN_POINT('',(8.10297796789686,0.,4.21389067137084));
#3683=CARTESIAN_POINT('',(7.13070614376535,0.,5.18616249550235));
#3684=CARTESIAN_POINT('',(8.10297796789686,9.,4.21389067137084));
#3685=CARTESIAN_POINT('',(8.10297796789686,0.,4.21389067137084));
#3686=CARTESIAN_POINT('',(4.21389067137084,9.,8.10297796789685));
#3687=CARTESIAN_POINT('',(5.02470872558686,6.,7.29215991368083));
#3688=CARTESIAN_POINT('Origin',(6.15607957548534,6.,6.16078906378235));
#3689=CARTESIAN_POINT('Origin',(9.82124744618017,0.,5.93216014965415));
#3690=CARTESIAN_POINT('',(5.88289554722159,0.,1.99380825069557));
#3691=CARTESIAN_POINT('',(8.10297796789686,9.,4.21389067137084));
#3692=CARTESIAN_POINT('Origin',(7.0175690587755,9.,7.0175690587755));
#3693=CARTESIAN_POINT('Origin',(9.64965051400846,6.,9.65436000230548));
#3694=CARTESIAN_POINT('',(8.51827966410998,6.,10.785730852204));
#3695=CARTESIAN_POINT('Origin',(9.64965051400846,6.,9.65436000230548));
#3696=CARTESIAN_POINT('',(9.1153173630661,4.58968933649071,10.1886931532478));
#3697=CARTESIAN_POINT('',(8.01930185222695,5.45871968050218,10.1533378141885));
#3698=CARTESIAN_POINT('Origin',(10.2196058750136,6.,10.2243153633107));
#3699=CARTESIAN_POINT('',(10.1759775348459,4.58368092074112,9.12803298146802));
#3700=CARTESIAN_POINT('Origin',(9.64965051400846,6.,9.65436000230548));
#3701=CARTESIAN_POINT('',(10.1406221957866,5.42820325498909,8.03201747062887));
#3702=CARTESIAN_POINT('Origin',(10.2110660029018,6.,10.2157754911988));
#3703=CARTESIAN_POINT('',(9.75880961619527,5.42820325498909,7.65020489103754));
#3704=CARTESIAN_POINT('',(10.7063076207358,5.42820325498909,8.59770289557811));
#3705=CARTESIAN_POINT('',(9.75880961619527,6.57179674501091,7.65020489103754));
#3706=CARTESIAN_POINT('Ctrl Pts',(9.75880961619527,6.57179674501091,7.65020489103754));
#3707=CARTESIAN_POINT('Ctrl Pts',(9.80293014442817,6.38625816719532,7.59392354415555));
#3708=CARTESIAN_POINT('Ctrl Pts',(9.82414822855047,6.18733374558872,7.56611601705054));
#3709=CARTESIAN_POINT('Ctrl Pts',(9.82414822855047,5.81266620168944,7.56611601705054));
#3710=CARTESIAN_POINT('Ctrl Pts',(9.80293014220034,5.61374182343607,7.59392354699742));
#3711=CARTESIAN_POINT('Ctrl Pts',(9.75880961619527,5.42820325498909,7.65020489103754));
#3712=CARTESIAN_POINT('',(10.1406221957866,6.57179674501091,8.03201747062887));
#3713=CARTESIAN_POINT('',(10.7063076207358,6.57179674501091,8.59770289557811));
#3714=CARTESIAN_POINT('',(10.1759775348459,7.41631907925888,9.12803298146802));
#3715=CARTESIAN_POINT('Origin',(10.2110660029018,6.,10.2157754911988));
#3716=CARTESIAN_POINT('',(9.1153173630661,7.4103106635093,10.1886931532478));
#3717=CARTESIAN_POINT('Origin',(9.64965051400846,6.,9.65436000230548));
#3718=CARTESIAN_POINT('',(8.01930185222695,6.54128031949782,10.1533378141885));
#3719=CARTESIAN_POINT('Origin',(10.2196058750136,6.,10.2243153633107));
#3720=CARTESIAN_POINT('',(7.63593971328982,6.54128031949782,9.76997567525137));
#3721=CARTESIAN_POINT('',(8.58498727717619,6.54128031949782,10.7190232391378));
#3722=CARTESIAN_POINT('',(7.56079373006765,6.,9.82824491816162));
#3723=CARTESIAN_POINT('Ctrl Pts',(7.56079373006765,6.,9.82824491816162));
#3724=CARTESIAN_POINT('Ctrl Pts',(7.56079373006765,6.17710185753051,9.82824491816162));
#3725=CARTESIAN_POINT('Ctrl Pts',(7.58552456964048,6.36461373381732,9.80937874137347));
#3726=CARTESIAN_POINT('Ctrl Pts',(7.63593971328981,6.54128031949782,9.76997567525137));
#3727=CARTESIAN_POINT('',(8.51827966410998,6.,10.785730852204));
#3728=CARTESIAN_POINT('',(7.63593971328982,5.45871968050218,9.76997567525137));
#3729=CARTESIAN_POINT('Ctrl Pts',(7.63593971328981,5.45871968050218,9.76997567525137));
#3730=CARTESIAN_POINT('Ctrl Pts',(7.58552456971285,5.63538626592908,9.8093787413169));
#3731=CARTESIAN_POINT('Ctrl Pts',(7.56079373006765,5.82289814250985,9.82824491816162));
#3732=CARTESIAN_POINT('Ctrl Pts',(7.56079373006765,6.,9.82824491816162));
#3733=CARTESIAN_POINT('',(8.58498727717619,5.45871968050218,10.7190232391378));
#3734=CARTESIAN_POINT('Origin',(0.,0.,0.));
#3735=CARTESIAN_POINT('',(7.63593971328981,16.2,9.76997567525137));
#3736=CARTESIAN_POINT('',(7.63593971328982,0.,9.76997567525137));
#3737=CARTESIAN_POINT('',(6.08835780007869,16.2,10.8024024780704));
#3738=CARTESIAN_POINT('Origin',(0.,16.2,0.));
#3739=CARTESIAN_POINT('',(6.08835780007869,0.,10.8024024780704));
#3740=CARTESIAN_POINT('',(6.08835780007869,0.,10.8024024780704));
#3741=CARTESIAN_POINT('',(7.63593971328982,0.,9.76997567525137));
#3742=CARTESIAN_POINT('Origin',(0.,0.,0.));
#3743=CARTESIAN_POINT('',(7.63593971328982,0.,9.76997567525137));
#3744=CARTESIAN_POINT('Origin',(7.63593971328982,0.,9.76997567525137));
#3745=CARTESIAN_POINT('',(8.01930185222695,16.2,10.1533378141885));
#3746=CARTESIAN_POINT('',(8.01930185222695,0.,10.1533378141885));
#3747=CARTESIAN_POINT('',(6.81722032420983,16.2,8.95125628617138));
#3748=CARTESIAN_POINT('Origin',(8.01930185222695,0.,10.1533378141885));
#3749=CARTESIAN_POINT('',(9.1153173630661,16.2,10.1886931532478));
#3750=CARTESIAN_POINT('',(9.1153173630661,0.,10.1886931532478));
#3751=CARTESIAN_POINT('',(8.01930185222695,16.2,10.1533378141885));
#3752=CARTESIAN_POINT('Origin',(9.1153173630661,0.,10.1886931532478));
#3753=CARTESIAN_POINT('',(10.1759775348459,16.2,9.12803298146802));
#3754=CARTESIAN_POINT('',(10.1759775348459,0.,9.12803298146802));
#3755=CARTESIAN_POINT('',(9.1153173630661,16.2,10.1886931532478));
#3756=CARTESIAN_POINT('Origin',(10.1759775348459,0.,9.12803298146802));
#3757=CARTESIAN_POINT('',(10.1406221957866,16.2,8.03201747062887));
#3758=CARTESIAN_POINT('',(10.1406221957866,0.,8.03201747062887));
#3759=CARTESIAN_POINT('',(10.1759775348459,16.2,9.12803298146802));
#3760=CARTESIAN_POINT('Origin',(10.1406221957866,0.,8.03201747062887));
#3761=CARTESIAN_POINT('',(9.75880961619527,16.2,7.65020489103754));
#3762=CARTESIAN_POINT('',(9.75880961619527,0.,7.65020489103754));
#3763=CARTESIAN_POINT('',(10.1406221957866,16.2,8.03201747062887));
#3764=CARTESIAN_POINT('Origin',(0.,0.,0.));
#3765=CARTESIAN_POINT('',(-9.75880961619527,0.,-7.65020489103754));
#3766=CARTESIAN_POINT('',(-9.75880961619527,0.,-7.65020489103754));
#3767=CARTESIAN_POINT('',(-10.7934962381272,0.,-6.10413294068323));
#3768=CARTESIAN_POINT('Origin',(0.,0.,0.));
#3769=CARTESIAN_POINT('',(-10.7934962381272,16.2,-6.10413294068323));
#3770=CARTESIAN_POINT('',(-10.7934962381272,0.,-6.10413294068323));
#3771=CARTESIAN_POINT('Origin',(0.,16.2,0.));
#3772=CARTESIAN_POINT('Origin',(-10.1406221957866,0.,-8.03201747062887));
#3773=CARTESIAN_POINT('',(-10.1406221957866,0.,-8.03201747062887));
#3774=CARTESIAN_POINT('',(-10.1406221957866,0.,-8.03201747062887));
#3775=CARTESIAN_POINT('',(-10.1406221957866,0.,-8.03201747062887));
#3776=CARTESIAN_POINT('Origin',(-10.1759775348459,0.,-9.12803298146801));
#3777=CARTESIAN_POINT('',(-10.1759775348459,0.,-9.12803298146801));
#3778=CARTESIAN_POINT('',(-10.1759775348459,0.,-9.12803298146801));
#3779=CARTESIAN_POINT('',(-10.1759775348459,0.,-9.12803298146801));
#3780=CARTESIAN_POINT('Origin',(-9.1153173630661,0.,-10.1886931532478));
#3781=CARTESIAN_POINT('',(-9.1153173630661,0.,-10.1886931532478));
#3782=CARTESIAN_POINT('',(-9.1153173630661,0.,-10.1886931532478));
#3783=CARTESIAN_POINT('',(-9.1153173630661,0.,-10.1886931532478));
#3784=CARTESIAN_POINT('Origin',(-8.01930185222695,0.,-10.1533378141885));
#3785=CARTESIAN_POINT('',(-8.01930185222695,0.,-10.1533378141885));
#3786=CARTESIAN_POINT('',(-8.01930185222695,0.,-10.1533378141885));
#3787=CARTESIAN_POINT('',(-8.01930185222695,0.,-10.1533378141885));
#3788=CARTESIAN_POINT('Origin',(-7.63593971328982,0.,-9.76997567525137));
#3789=CARTESIAN_POINT('',(-6.81722032420983,0.,-8.95125628617138));
#3790=CARTESIAN_POINT('Origin',(-6.29499327914028,0.,-11.3012646540883));
#3791=CARTESIAN_POINT('',(-6.29499327914028,0.,-11.3012646540883));
#3792=CARTESIAN_POINT('',(-6.29499327914028,0.,-11.3012646540883));
#3793=CARTESIAN_POINT('',(-6.29499327914028,16.2,-11.3012646540883));
#3794=CARTESIAN_POINT('',(-6.29499327914028,16.2,-11.3012646540883));
#3795=CARTESIAN_POINT('',(-6.29499327914028,0.,-11.3012646540883));
#3796=CARTESIAN_POINT('Origin',(-5.90823037564889,0.,-12.3273808543712));
#3797=CARTESIAN_POINT('',(-5.90823037564889,0.,-12.3273808543712));
#3798=CARTESIAN_POINT('',(-5.90823037564889,0.,-12.3273808543712));
#3799=CARTESIAN_POINT('',(-5.90823037564889,16.2,-12.3273808543712));
#3800=CARTESIAN_POINT('',(-5.90823037564889,16.2,-12.3273808543712));
#3801=CARTESIAN_POINT('',(-5.90823037564889,0.,-12.3273808543712));
#3802=CARTESIAN_POINT('Origin',(-4.52241107688196,0.,-12.9014060029188));
#3803=CARTESIAN_POINT('',(-4.52241107688196,0.,-12.9014060029188));
#3804=CARTESIAN_POINT('',(-4.52241107688196,0.,-12.9014060029188));
#3805=CARTESIAN_POINT('',(-4.52241107688196,16.2,-12.9014060029188));
#3806=CARTESIAN_POINT('',(-4.52241107688196,16.2,-12.9014060029188));
#3807=CARTESIAN_POINT('',(-4.52241107688196,0.,-12.9014060029188));
#3808=CARTESIAN_POINT('Origin',(-3.52335468160642,0.,-12.4493149511836));
#3809=CARTESIAN_POINT('',(-3.52335468160642,0.,-12.4493149511836));
#3810=CARTESIAN_POINT('',(-3.52335468160642,0.,-12.4493149511836));
#3811=CARTESIAN_POINT('',(-3.52335468160642,16.2,-12.4493149511836));
#3812=CARTESIAN_POINT('',(-3.52335468160642,16.2,-12.4493149511836));
#3813=CARTESIAN_POINT('',(-3.52335468160642,0.,-12.4493149511836));
#3814=CARTESIAN_POINT('Origin',(-3.31588058706993,0.,-11.9484281783125));
#3815=CARTESIAN_POINT('',(-3.31588058706993,0.,-11.9484281783125));
#3816=CARTESIAN_POINT('',(-2.87279284658577,0.,-10.8787197459144));
#3817=CARTESIAN_POINT('',(-3.31588058706993,16.2,-11.9484281783125));
#3818=CARTESIAN_POINT('',(-2.87279284658577,16.2,-10.8787197459144));
#3819=CARTESIAN_POINT('',(-3.31588058706993,0.,-11.9484281783125));
#3820=CARTESIAN_POINT('Origin',(0.,0.,0.));
#3821=CARTESIAN_POINT('',(-1.49100870000103,0.,-12.3100322118393));
#3822=CARTESIAN_POINT('Origin',(0.,0.,0.));
#3823=CARTESIAN_POINT('',(-1.49100870000103,16.2,-12.3100322118393));
#3824=CARTESIAN_POINT('Origin',(0.,16.2,0.));
#3825=CARTESIAN_POINT('',(-1.49100870000103,0.,-12.3100322118393));
#3826=CARTESIAN_POINT('Origin',(-1.49100870000103,0.,-12.849996740182));
#3827=CARTESIAN_POINT('',(-1.49100870000103,0.,-12.849996740182));
#3828=CARTESIAN_POINT('',(-1.49100870000103,0.,-12.849996740182));
#3829=CARTESIAN_POINT('',(-1.49100870000103,16.2,-12.849996740182));
#3830=CARTESIAN_POINT('',(-1.49100870000103,16.2,-12.849996740182));
#3831=CARTESIAN_POINT('',(-1.49100870000103,0.,-12.849996740182));
#3832=CARTESIAN_POINT('Origin',(-0.74100870000103,0.,-13.649996740182));
#3833=CARTESIAN_POINT('',(-0.74100870000103,0.,-13.649996740182));
#3834=CARTESIAN_POINT('',(-0.74100870000103,0.,-13.649996740182));
#3835=CARTESIAN_POINT('',(-0.741008700001029,16.2,-13.649996740182));
#3836=CARTESIAN_POINT('',(-0.74100870000103,16.2,-13.649996740182));
#3837=CARTESIAN_POINT('',(-0.74100870000103,0.,-13.649996740182));
#3838=CARTESIAN_POINT('Origin',(0.758991299998971,0.,-13.649996740182));
#3839=CARTESIAN_POINT('',(0.758991299998971,0.,-13.649996740182));
#3840=CARTESIAN_POINT('',(0.758991299998971,0.,-13.649996740182));
#3841=CARTESIAN_POINT('',(0.75899129999897,16.2,-13.649996740182));
#3842=CARTESIAN_POINT('',(0.758991299998971,16.2,-13.649996740182));
#3843=CARTESIAN_POINT('',(0.758991299998971,0.,-13.649996740182));
#3844=CARTESIAN_POINT('Origin',(1.50899129999897,0.,-12.849996740182));
#3845=CARTESIAN_POINT('',(1.50899129999897,0.,-12.849996740182));
#3846=CARTESIAN_POINT('',(1.50899129999897,0.,-12.849996740182));
#3847=CARTESIAN_POINT('',(1.50899129999897,16.2,-12.849996740182));
#3848=CARTESIAN_POINT('',(1.50899129999897,16.2,-12.849996740182));
#3849=CARTESIAN_POINT('',(1.50899129999897,0.,-12.849996740182));
#3850=CARTESIAN_POINT('Origin',(1.50899129999897,0.,-12.3078408039968));
#3851=CARTESIAN_POINT('',(1.50899129999897,0.,-12.3078408039968));
#3852=CARTESIAN_POINT('',(1.50899129999897,0.,-11.149996740182));
#3853=CARTESIAN_POINT('',(1.50899129999897,16.2,-12.3078408039968));
#3854=CARTESIAN_POINT('',(1.50899129999897,16.2,-11.149996740182));
#3855=CARTESIAN_POINT('',(1.50899129999897,0.,-12.3078408039968));
#3856=CARTESIAN_POINT('Origin',(0.,0.,0.));
#3857=CARTESIAN_POINT('',(3.33333295862427,0.,-11.9435711320756));
#3858=CARTESIAN_POINT('Origin',(0.,0.,0.));
#3859=CARTESIAN_POINT('',(3.33333295862427,16.2,-11.9435711320756));
#3860=CARTESIAN_POINT('Origin',(0.,16.2,0.));
#3861=CARTESIAN_POINT('',(3.33333295862427,0.,-11.9435711320756));
#3862=CARTESIAN_POINT('Origin',(3.53996843768586,0.,-12.4424333080935));
#3863=CARTESIAN_POINT('',(3.53996843768586,0.,-12.4424333080935));
#3864=CARTESIAN_POINT('',(3.53996843768586,0.,-12.4424333080935));
#3865=CARTESIAN_POINT('',(3.53996843768586,16.2,-12.4424333080935));
#3866=CARTESIAN_POINT('',(3.53996843768586,16.2,-12.4424333080935));
#3867=CARTESIAN_POINT('',(3.53996843768586,0.,-12.4424333080935));
#3868=CARTESIAN_POINT('Origin',(4.53902483296139,0.,-12.8945243598287));
#3869=CARTESIAN_POINT('',(4.53902483296139,0.,-12.8945243598287));
#3870=CARTESIAN_POINT('',(4.53902483296139,0.,-12.8945243598287));
#3871=CARTESIAN_POINT('',(4.53902483296139,16.2,-12.8945243598287));
#3872=CARTESIAN_POINT('',(4.53902483296139,16.2,-12.8945243598287));
#3873=CARTESIAN_POINT('',(4.53902483296139,0.,-12.8945243598287));
#3874=CARTESIAN_POINT('Origin',(5.92484413172832,0.,-12.3204992112811));
#3875=CARTESIAN_POINT('',(5.92484413172832,0.,-12.3204992112811));
#3876=CARTESIAN_POINT('',(5.92484413172832,0.,-12.3204992112811));
#3877=CARTESIAN_POINT('',(5.92484413172832,16.2,-12.3204992112811));
#3878=CARTESIAN_POINT('',(5.92484413172832,16.2,-12.3204992112811));
#3879=CARTESIAN_POINT('',(5.92484413172832,0.,-12.3204992112811));
#3880=CARTESIAN_POINT('Origin',(6.31160703521972,0.,-11.2943830109982));
#3881=CARTESIAN_POINT('',(6.31160703521972,0.,-11.2943830109982));
#3882=CARTESIAN_POINT('',(6.31160703521972,0.,-11.2943830109982));
#3883=CARTESIAN_POINT('',(6.31160703521972,16.2,-11.2943830109982));
#3884=CARTESIAN_POINT('',(6.31160703521972,16.2,-11.2943830109982));
#3885=CARTESIAN_POINT('',(6.31160703521972,0.,-11.2943830109982));
#3886=CARTESIAN_POINT('Origin',(6.10413294068323,0.,-10.7934962381272));
#3887=CARTESIAN_POINT('',(6.10413294068323,0.,-10.7934962381272));
#3888=CARTESIAN_POINT('',(5.66104520019907,0.,-9.72378780572907));
#3889=CARTESIAN_POINT('',(6.10413294068323,16.2,-10.7934962381272));
#3890=CARTESIAN_POINT('',(5.66104520019907,16.2,-9.72378780572907));
#3891=CARTESIAN_POINT('',(6.10413294068323,0.,-10.7934962381272));
#3892=CARTESIAN_POINT('Origin',(0.,0.,0.));
#3893=CARTESIAN_POINT('',(7.65020489103754,0.,-9.75880961619527));
#3894=CARTESIAN_POINT('Origin',(0.,0.,0.));
#3895=CARTESIAN_POINT('',(7.65020489103754,16.2,-9.75880961619527));
#3896=CARTESIAN_POINT('Origin',(0.,16.2,0.));
#3897=CARTESIAN_POINT('',(7.65020489103754,0.,-9.75880961619527));
#3898=CARTESIAN_POINT('Origin',(8.03201747062887,0.,-10.1406221957866));
#3899=CARTESIAN_POINT('',(8.03201747062887,0.,-10.1406221957866));
#3900=CARTESIAN_POINT('',(8.03201747062887,0.,-10.1406221957866));
#3901=CARTESIAN_POINT('',(8.03201747062887,16.2,-10.1406221957866));
#3902=CARTESIAN_POINT('',(8.03201747062887,16.2,-10.1406221957866));
#3903=CARTESIAN_POINT('',(8.03201747062887,0.,-10.1406221957866));
#3904=CARTESIAN_POINT('Origin',(9.12803298146802,0.,-10.1759775348459));
#3905=CARTESIAN_POINT('',(9.12803298146802,0.,-10.1759775348459));
#3906=CARTESIAN_POINT('',(9.12803298146802,0.,-10.1759775348459));
#3907=CARTESIAN_POINT('',(9.12803298146802,16.2,-10.1759775348459));
#3908=CARTESIAN_POINT('',(9.12803298146802,16.2,-10.1759775348459));
#3909=CARTESIAN_POINT('',(9.12803298146802,0.,-10.1759775348459));
#3910=CARTESIAN_POINT('Origin',(10.1886931532478,0.,-9.11531736306611));
#3911=CARTESIAN_POINT('',(10.1886931532478,0.,-9.11531736306611));
#3912=CARTESIAN_POINT('',(10.1886931532478,0.,-9.11531736306611));
#3913=CARTESIAN_POINT('',(10.1886931532478,16.2,-9.11531736306611));
#3914=CARTESIAN_POINT('',(10.1886931532478,16.2,-9.11531736306611));
#3915=CARTESIAN_POINT('',(10.1886931532478,0.,-9.11531736306611));
#3916=CARTESIAN_POINT('Origin',(10.1533378141885,0.,-8.01930185222695));
#3917=CARTESIAN_POINT('',(10.1533378141885,0.,-8.01930185222695));
#3918=CARTESIAN_POINT('',(10.1533378141885,0.,-8.01930185222695));
#3919=CARTESIAN_POINT('',(10.1533378141885,16.2,-8.01930185222695));
#3920=CARTESIAN_POINT('',(10.1533378141885,16.2,-8.01930185222695));
#3921=CARTESIAN_POINT('',(10.1533378141885,0.,-8.01930185222695));
#3922=CARTESIAN_POINT('Origin',(9.76997567525137,0.,-7.63593971328982));
#3923=CARTESIAN_POINT('',(9.76997567525137,0.,-7.63593971328982));
#3924=CARTESIAN_POINT('',(8.95125628617138,0.,-6.81722032420983));
#3925=CARTESIAN_POINT('',(9.76997567525137,16.2,-7.63593971328982));
#3926=CARTESIAN_POINT('',(8.95125628617138,16.2,-6.81722032420983));
#3927=CARTESIAN_POINT('',(9.76997567525137,0.,-7.63593971328982));
#3928=CARTESIAN_POINT('Origin',(0.,0.,0.));
#3929=CARTESIAN_POINT('',(10.8024024780704,0.,-6.08835780007869));
#3930=CARTESIAN_POINT('Origin',(0.,0.,0.));
#3931=CARTESIAN_POINT('',(10.8024024780704,16.2,-6.08835780007869));
#3932=CARTESIAN_POINT('Origin',(0.,16.2,0.));
#3933=CARTESIAN_POINT('',(10.8024024780704,0.,-6.08835780007869));
#3934=CARTESIAN_POINT('Origin',(11.3012646540883,0.,-6.29499327914028));
#3935=CARTESIAN_POINT('',(11.3012646540883,0.,-6.29499327914028));
#3936=CARTESIAN_POINT('',(11.3012646540883,0.,-6.29499327914028));
#3937=CARTESIAN_POINT('',(11.3012646540883,16.2,-6.29499327914028));
#3938=CARTESIAN_POINT('',(11.3012646540883,16.2,-6.29499327914028));
#3939=CARTESIAN_POINT('',(11.3012646540883,0.,-6.29499327914028));
#3940=CARTESIAN_POINT('Origin',(12.3273808543712,0.,-5.90823037564889));
#3941=CARTESIAN_POINT('',(12.3273808543712,0.,-5.90823037564889));
#3942=CARTESIAN_POINT('',(12.3273808543712,0.,-5.90823037564889));
#3943=CARTESIAN_POINT('',(12.3273808543712,16.2,-5.90823037564889));
#3944=CARTESIAN_POINT('',(12.3273808543712,16.2,-5.90823037564889));
#3945=CARTESIAN_POINT('',(12.3273808543712,0.,-5.90823037564889));
#3946=CARTESIAN_POINT('Origin',(12.9014060029188,0.,-4.52241107688196));
#3947=CARTESIAN_POINT('',(12.9014060029188,0.,-4.52241107688196));
#3948=CARTESIAN_POINT('',(12.9014060029188,0.,-4.52241107688196));
#3949=CARTESIAN_POINT('',(12.9014060029188,16.2,-4.52241107688196));
#3950=CARTESIAN_POINT('',(12.9014060029188,16.2,-4.52241107688196));
#3951=CARTESIAN_POINT('',(12.9014060029188,0.,-4.52241107688196));
#3952=CARTESIAN_POINT('Origin',(12.4493149511836,0.,-3.52335468160642));
#3953=CARTESIAN_POINT('',(12.4493149511836,0.,-3.52335468160642));
#3954=CARTESIAN_POINT('',(12.4493149511836,0.,-3.52335468160642));
#3955=CARTESIAN_POINT('',(12.4493149511836,16.2,-3.52335468160642));
#3956=CARTESIAN_POINT('',(12.4493149511836,16.2,-3.52335468160642));
#3957=CARTESIAN_POINT('',(12.4493149511836,0.,-3.52335468160642));
#3958=CARTESIAN_POINT('Origin',(11.9484281783125,0.,-3.31588058706993));
#3959=CARTESIAN_POINT('',(11.9484281783125,0.,-3.31588058706993));
#3960=CARTESIAN_POINT('',(10.8787197459144,0.,-2.87279284658577));
#3961=CARTESIAN_POINT('',(11.9484281783125,16.2,-3.31588058706993));
#3962=CARTESIAN_POINT('',(10.8787197459144,16.2,-2.87279284658577));
#3963=CARTESIAN_POINT('',(11.9484281783125,0.,-3.31588058706993));
#3964=CARTESIAN_POINT('Origin',(0.,0.,0.));
#3965=CARTESIAN_POINT('',(12.3100322118393,0.,-1.49100870000103));
#3966=CARTESIAN_POINT('Origin',(0.,0.,0.));
#3967=CARTESIAN_POINT('',(12.3100322118393,16.2,-1.49100870000103));
#3968=CARTESIAN_POINT('Origin',(0.,16.2,0.));
#3969=CARTESIAN_POINT('',(12.3100322118393,0.,-1.49100870000103));
#3970=CARTESIAN_POINT('Origin',(12.849996740182,0.,-1.49100870000103));
#3971=CARTESIAN_POINT('',(12.849996740182,0.,-1.49100870000103));
#3972=CARTESIAN_POINT('',(12.849996740182,0.,-1.49100870000103));
#3973=CARTESIAN_POINT('',(12.849996740182,16.2,-1.49100870000103));
#3974=CARTESIAN_POINT('',(12.849996740182,16.2,-1.49100870000103));
#3975=CARTESIAN_POINT('',(12.849996740182,0.,-1.49100870000103));
#3976=CARTESIAN_POINT('Origin',(13.649996740182,0.,-0.741008700001029));
#3977=CARTESIAN_POINT('',(13.649996740182,0.,-0.741008700001029));
#3978=CARTESIAN_POINT('',(13.649996740182,0.,-0.741008700001029));
#3979=CARTESIAN_POINT('',(13.649996740182,16.2,-0.741008700001029));
#3980=CARTESIAN_POINT('',(13.649996740182,16.2,-0.741008700001029));
#3981=CARTESIAN_POINT('',(13.649996740182,0.,-0.741008700001029));
#3982=CARTESIAN_POINT('Origin',(13.649996740182,0.,0.758991299998972));
#3983=CARTESIAN_POINT('',(13.649996740182,0.,0.758991299998972));
#3984=CARTESIAN_POINT('',(13.649996740182,0.,0.758991299998972));
#3985=CARTESIAN_POINT('',(13.649996740182,16.2,0.758991299998972));
#3986=CARTESIAN_POINT('',(13.649996740182,16.2,0.758991299998972));
#3987=CARTESIAN_POINT('',(13.649996740182,0.,0.758991299998972));
#3988=CARTESIAN_POINT('Origin',(12.849996740182,0.,1.50899129999897));
#3989=CARTESIAN_POINT('',(12.849996740182,0.,1.50899129999897));
#3990=CARTESIAN_POINT('',(12.849996740182,0.,1.50899129999897));
#3991=CARTESIAN_POINT('',(12.849996740182,16.2,1.50899129999897));
#3992=CARTESIAN_POINT('',(12.849996740182,16.2,1.50899129999897));
#3993=CARTESIAN_POINT('',(12.849996740182,0.,1.50899129999897));
#3994=CARTESIAN_POINT('Origin',(12.3078408039968,0.,1.50899129999897));
#3995=CARTESIAN_POINT('',(12.3078408039968,0.,1.50899129999897));
#3996=CARTESIAN_POINT('',(11.149996740182,0.,1.50899129999897));
#3997=CARTESIAN_POINT('',(12.3078408039968,16.2,1.50899129999897));
#3998=CARTESIAN_POINT('',(11.149996740182,16.2,1.50899129999897));
#3999=CARTESIAN_POINT('',(12.3078408039968,0.,1.50899129999897));
#4000=CARTESIAN_POINT('Origin',(0.,0.,0.));
#4001=CARTESIAN_POINT('',(11.9435711320756,0.,3.33333295862427));
#4002=CARTESIAN_POINT('Origin',(0.,0.,0.));
#4003=CARTESIAN_POINT('',(11.9435711320756,16.2,3.33333295862427));
#4004=CARTESIAN_POINT('Origin',(0.,16.2,0.));
#4005=CARTESIAN_POINT('',(11.9435711320756,0.,3.33333295862427));
#4006=CARTESIAN_POINT('Origin',(12.4424333080935,0.,3.53996843768586));
#4007=CARTESIAN_POINT('',(12.4424333080935,0.,3.53996843768586));
#4008=CARTESIAN_POINT('',(12.4424333080935,0.,3.53996843768586));
#4009=CARTESIAN_POINT('',(12.4424333080935,16.2,3.53996843768586));
#4010=CARTESIAN_POINT('',(12.4424333080935,16.2,3.53996843768586));
#4011=CARTESIAN_POINT('',(12.4424333080935,0.,3.53996843768586));
#4012=CARTESIAN_POINT('Origin',(12.8945243598287,0.,4.53902483296139));
#4013=CARTESIAN_POINT('',(12.8945243598287,0.,4.53902483296139));
#4014=CARTESIAN_POINT('',(12.8945243598287,0.,4.53902483296139));
#4015=CARTESIAN_POINT('',(12.8945243598287,16.2,4.53902483296139));
#4016=CARTESIAN_POINT('',(12.8945243598287,16.2,4.53902483296139));
#4017=CARTESIAN_POINT('',(12.8945243598287,0.,4.53902483296139));
#4018=CARTESIAN_POINT('Origin',(12.3204992112811,0.,5.92484413172832));
#4019=CARTESIAN_POINT('',(12.3204992112811,0.,5.92484413172832));
#4020=CARTESIAN_POINT('',(12.3204992112811,0.,5.92484413172832));
#4021=CARTESIAN_POINT('',(12.3204992112811,16.2,5.92484413172833));
#4022=CARTESIAN_POINT('',(12.3204992112811,16.2,5.92484413172832));
#4023=CARTESIAN_POINT('',(12.3204992112811,0.,5.92484413172832));
#4024=CARTESIAN_POINT('Origin',(11.2943830109983,0.,6.31160703521972));
#4025=CARTESIAN_POINT('',(11.2943830109983,0.,6.31160703521972));
#4026=CARTESIAN_POINT('',(11.2943830109983,0.,6.31160703521972));
#4027=CARTESIAN_POINT('',(11.2943830109983,16.2,6.31160703521972));
#4028=CARTESIAN_POINT('',(11.2943830109983,16.2,6.31160703521972));
#4029=CARTESIAN_POINT('',(11.2943830109983,0.,6.31160703521972));
#4030=CARTESIAN_POINT('Origin',(10.7934962381272,0.,6.10413294068324));
#4031=CARTESIAN_POINT('',(10.7934962381272,0.,6.10413294068324));
#4032=CARTESIAN_POINT('',(9.72378780572907,0.,5.66104520019907));
#4033=CARTESIAN_POINT('',(10.7934962381272,16.2,6.10413294068324));
#4034=CARTESIAN_POINT('',(9.72378780572907,16.2,5.66104520019907));
#4035=CARTESIAN_POINT('',(10.7934962381272,0.,6.10413294068324));
#4036=CARTESIAN_POINT('Origin',(0.,0.,0.));
#4037=CARTESIAN_POINT('',(9.75880961619527,0.,7.65020489103754));
#4038=CARTESIAN_POINT('',(9.75880961619527,0.,7.65020489103754));
#4039=CARTESIAN_POINT('Origin',(0.,0.,0.));
#4040=CARTESIAN_POINT('Origin',(0.,16.2,0.));
#4041=CARTESIAN_POINT('Origin',(10.1406221957866,0.,8.03201747062887));
#4042=CARTESIAN_POINT('',(10.1406221957866,0.,8.03201747062887));
#4043=CARTESIAN_POINT('',(10.1406221957866,0.,8.03201747062887));
#4044=CARTESIAN_POINT('',(10.1406221957866,0.,8.03201747062887));
#4045=CARTESIAN_POINT('Origin',(10.1759775348459,0.,9.12803298146802));
#4046=CARTESIAN_POINT('',(10.1759775348459,0.,9.12803298146802));
#4047=CARTESIAN_POINT('',(10.1759775348459,0.,9.12803298146802));
#4048=CARTESIAN_POINT('',(10.1759775348459,0.,9.12803298146802));
#4049=CARTESIAN_POINT('Origin',(9.1153173630661,0.,10.1886931532478));
#4050=CARTESIAN_POINT('',(9.1153173630661,0.,10.1886931532478));
#4051=CARTESIAN_POINT('',(9.1153173630661,0.,10.1886931532478));
#4052=CARTESIAN_POINT('',(9.1153173630661,0.,10.1886931532478));
#4053=CARTESIAN_POINT('Origin',(8.01930185222695,0.,10.1533378141885));
#4054=CARTESIAN_POINT('',(8.01930185222695,0.,10.1533378141885));
#4055=CARTESIAN_POINT('',(8.01930185222695,0.,10.1533378141885));
#4056=CARTESIAN_POINT('',(8.01930185222695,0.,10.1533378141885));
#4057=CARTESIAN_POINT('Origin',(7.63593971328982,0.,9.76997567525137));
#4058=CARTESIAN_POINT('',(6.81722032420983,0.,8.95125628617138));
#4059=CARTESIAN_POINT('Origin',(6.29499327914028,0.,11.3012646540883));
#4060=CARTESIAN_POINT('',(6.29499327914028,0.,11.3012646540883));
#4061=CARTESIAN_POINT('',(6.29499327914028,0.,11.3012646540883));
#4062=CARTESIAN_POINT('',(6.29499327914028,16.2,11.3012646540883));
#4063=CARTESIAN_POINT('',(6.29499327914028,16.2,11.3012646540883));
#4064=CARTESIAN_POINT('',(6.29499327914028,0.,11.3012646540883));
#4065=CARTESIAN_POINT('Origin',(5.90823037564889,0.,12.3273808543712));
#4066=CARTESIAN_POINT('',(5.90823037564889,0.,12.3273808543712));
#4067=CARTESIAN_POINT('',(5.90823037564889,0.,12.3273808543712));
#4068=CARTESIAN_POINT('',(5.90823037564889,16.2,12.3273808543712));
#4069=CARTESIAN_POINT('',(5.90823037564889,16.2,12.3273808543712));
#4070=CARTESIAN_POINT('',(5.90823037564889,0.,12.3273808543712));
#4071=CARTESIAN_POINT('Origin',(4.52241107688195,0.,12.9014060029188));
#4072=CARTESIAN_POINT('',(4.52241107688195,0.,12.9014060029188));
#4073=CARTESIAN_POINT('',(4.52241107688195,0.,12.9014060029188));
#4074=CARTESIAN_POINT('',(4.52241107688196,16.2,12.9014060029188));
#4075=CARTESIAN_POINT('',(4.52241107688195,16.2,12.9014060029188));
#4076=CARTESIAN_POINT('',(4.52241107688195,0.,12.9014060029188));
#4077=CARTESIAN_POINT('Origin',(3.52335468160642,0.,12.4493149511836));
#4078=CARTESIAN_POINT('',(3.52335468160642,0.,12.4493149511836));
#4079=CARTESIAN_POINT('',(3.52335468160642,0.,12.4493149511836));
#4080=CARTESIAN_POINT('',(3.52335468160641,16.2,12.4493149511836));
#4081=CARTESIAN_POINT('',(3.52335468160642,16.2,12.4493149511836));
#4082=CARTESIAN_POINT('',(3.52335468160642,0.,12.4493149511836));
#4083=CARTESIAN_POINT('Origin',(3.31588058706993,0.,11.9484281783125));
#4084=CARTESIAN_POINT('',(3.31588058706993,0.,11.9484281783125));
#4085=CARTESIAN_POINT('',(2.87279284658576,0.,10.8787197459144));
#4086=CARTESIAN_POINT('',(3.31588058706993,16.2,11.9484281783125));
#4087=CARTESIAN_POINT('',(2.87279284658576,16.2,10.8787197459144));
#4088=CARTESIAN_POINT('',(3.31588058706993,0.,11.9484281783125));
#4089=CARTESIAN_POINT('Origin',(0.,0.,0.));
#4090=CARTESIAN_POINT('',(1.49100870000103,0.,12.3100322118393));
#4091=CARTESIAN_POINT('Origin',(0.,0.,0.));
#4092=CARTESIAN_POINT('',(1.49100870000103,16.2,12.3100322118393));
#4093=CARTESIAN_POINT('Origin',(0.,16.2,0.));
#4094=CARTESIAN_POINT('',(1.49100870000103,0.,12.3100322118393));
#4095=CARTESIAN_POINT('Origin',(1.49100870000103,0.,12.849996740182));
#4096=CARTESIAN_POINT('',(1.49100870000103,0.,12.849996740182));
#4097=CARTESIAN_POINT('',(1.49100870000103,0.,12.849996740182));
#4098=CARTESIAN_POINT('',(1.49100870000103,16.2,12.849996740182));
#4099=CARTESIAN_POINT('',(1.49100870000103,16.2,12.849996740182));
#4100=CARTESIAN_POINT('',(1.49100870000103,0.,12.849996740182));
#4101=CARTESIAN_POINT('Origin',(0.741008700001028,0.,13.649996740182));
#4102=CARTESIAN_POINT('',(0.741008700001028,0.,13.649996740182));
#4103=CARTESIAN_POINT('',(0.741008700001028,0.,13.649996740182));
#4104=CARTESIAN_POINT('',(0.741008700001029,16.2,13.649996740182));
#4105=CARTESIAN_POINT('',(0.741008700001028,16.2,13.649996740182));
#4106=CARTESIAN_POINT('',(0.741008700001028,0.,13.649996740182));
#4107=CARTESIAN_POINT('Origin',(-0.758991299998972,0.,13.649996740182));
#4108=CARTESIAN_POINT('',(-0.758991299998972,0.,13.649996740182));
#4109=CARTESIAN_POINT('',(-0.758991299998972,0.,13.649996740182));
#4110=CARTESIAN_POINT('',(-0.758991299998972,16.2,13.649996740182));
#4111=CARTESIAN_POINT('',(-0.758991299998972,16.2,13.649996740182));
#4112=CARTESIAN_POINT('',(-0.758991299998972,0.,13.649996740182));
#4113=CARTESIAN_POINT('Origin',(-1.50899129999898,0.,12.849996740182));
#4114=CARTESIAN_POINT('',(-1.50899129999898,0.,12.849996740182));
#4115=CARTESIAN_POINT('',(-1.50899129999898,0.,12.849996740182));
#4116=CARTESIAN_POINT('',(-1.50899129999898,16.2,12.849996740182));
#4117=CARTESIAN_POINT('',(-1.50899129999898,16.2,12.849996740182));
#4118=CARTESIAN_POINT('',(-1.50899129999898,0.,12.849996740182));
#4119=CARTESIAN_POINT('Origin',(-1.50899129999898,0.,12.3078408039968));
#4120=CARTESIAN_POINT('',(-1.50899129999898,0.,12.3078408039968));
#4121=CARTESIAN_POINT('',(-1.50899129999898,0.,11.149996740182));
#4122=CARTESIAN_POINT('',(-1.50899129999898,16.2,12.3078408039968));
#4123=CARTESIAN_POINT('',(-1.50899129999898,16.2,11.149996740182));
#4124=CARTESIAN_POINT('',(-1.50899129999898,0.,12.3078408039968));
#4125=CARTESIAN_POINT('Origin',(0.,0.,0.));
#4126=CARTESIAN_POINT('',(-3.33333295862427,0.,11.9435711320756));
#4127=CARTESIAN_POINT('Origin',(0.,0.,0.));
#4128=CARTESIAN_POINT('',(-3.33333295862427,16.2,11.9435711320756));
#4129=CARTESIAN_POINT('Origin',(0.,16.2,0.));
#4130=CARTESIAN_POINT('',(-3.33333295862427,0.,11.9435711320756));
#4131=CARTESIAN_POINT('Origin',(-3.53996843768586,0.,12.4424333080935));
#4132=CARTESIAN_POINT('',(-3.53996843768586,0.,12.4424333080935));
#4133=CARTESIAN_POINT('',(-3.53996843768586,0.,12.4424333080935));
#4134=CARTESIAN_POINT('',(-3.53996843768586,16.2,12.4424333080935));
#4135=CARTESIAN_POINT('',(-3.53996843768586,16.2,12.4424333080935));
#4136=CARTESIAN_POINT('',(-3.53996843768586,0.,12.4424333080935));
#4137=CARTESIAN_POINT('Origin',(-4.53902483296139,0.,12.8945243598287));
#4138=CARTESIAN_POINT('',(-4.53902483296139,0.,12.8945243598287));
#4139=CARTESIAN_POINT('',(-4.53902483296139,0.,12.8945243598287));
#4140=CARTESIAN_POINT('',(-4.53902483296139,16.2,12.8945243598287));
#4141=CARTESIAN_POINT('',(-4.53902483296139,16.2,12.8945243598287));
#4142=CARTESIAN_POINT('',(-4.53902483296139,0.,12.8945243598287));
#4143=CARTESIAN_POINT('Origin',(-5.92484413172832,0.,12.3204992112811));
#4144=CARTESIAN_POINT('',(-5.92484413172832,0.,12.3204992112811));
#4145=CARTESIAN_POINT('',(-5.92484413172832,0.,12.3204992112811));
#4146=CARTESIAN_POINT('',(-5.92484413172832,16.2,12.3204992112811));
#4147=CARTESIAN_POINT('',(-5.92484413172832,16.2,12.3204992112811));
#4148=CARTESIAN_POINT('',(-5.92484413172832,0.,12.3204992112811));
#4149=CARTESIAN_POINT('Origin',(-6.31160703521972,0.,11.2943830109982));
#4150=CARTESIAN_POINT('',(-6.31160703521972,0.,11.2943830109982));
#4151=CARTESIAN_POINT('',(-6.31160703521972,0.,11.2943830109982));
#4152=CARTESIAN_POINT('',(-6.31160703521972,16.2,11.2943830109982));
#4153=CARTESIAN_POINT('',(-6.31160703521972,16.2,11.2943830109982));
#4154=CARTESIAN_POINT('',(-6.31160703521972,0.,11.2943830109982));
#4155=CARTESIAN_POINT('Origin',(-6.10413294068324,0.,10.7934962381272));
#4156=CARTESIAN_POINT('',(-6.10413294068324,0.,10.7934962381272));
#4157=CARTESIAN_POINT('',(-5.66104520019907,0.,9.72378780572907));
#4158=CARTESIAN_POINT('',(-6.10413294068324,16.2,10.7934962381272));
#4159=CARTESIAN_POINT('',(-5.66104520019907,16.2,9.72378780572907));
#4160=CARTESIAN_POINT('',(-6.10413294068324,0.,10.7934962381272));
#4161=CARTESIAN_POINT('Origin',(0.,0.,0.));
#4162=CARTESIAN_POINT('',(-7.65020489103754,0.,9.75880961619527));
#4163=CARTESIAN_POINT('Origin',(0.,0.,0.));
#4164=CARTESIAN_POINT('',(-7.65020489103754,16.2,9.75880961619527));
#4165=CARTESIAN_POINT('Origin',(0.,16.2,0.));
#4166=CARTESIAN_POINT('',(-7.65020489103754,0.,9.75880961619527));
#4167=CARTESIAN_POINT('Origin',(-8.03201747062887,0.,10.1406221957866));
#4168=CARTESIAN_POINT('',(-8.03201747062887,0.,10.1406221957866));
#4169=CARTESIAN_POINT('',(-8.03201747062887,0.,10.1406221957866));
#4170=CARTESIAN_POINT('',(-8.03201747062887,16.2,10.1406221957866));
#4171=CARTESIAN_POINT('',(-8.03201747062887,16.2,10.1406221957866));
#4172=CARTESIAN_POINT('',(-8.03201747062887,0.,10.1406221957866));
#4173=CARTESIAN_POINT('Origin',(-9.12803298146802,0.,10.1759775348459));
#4174=CARTESIAN_POINT('',(-9.12803298146802,0.,10.1759775348459));
#4175=CARTESIAN_POINT('',(-9.12803298146802,0.,10.1759775348459));
#4176=CARTESIAN_POINT('',(-9.12803298146802,16.2,10.1759775348459));
#4177=CARTESIAN_POINT('',(-9.12803298146802,16.2,10.1759775348459));
#4178=CARTESIAN_POINT('',(-9.12803298146802,0.,10.1759775348459));
#4179=CARTESIAN_POINT('Origin',(-10.1886931532478,0.,9.1153173630661));
#4180=CARTESIAN_POINT('',(-10.1886931532478,0.,9.1153173630661));
#4181=CARTESIAN_POINT('',(-10.1886931532478,0.,9.1153173630661));
#4182=CARTESIAN_POINT('',(-10.1886931532478,16.2,9.1153173630661));
#4183=CARTESIAN_POINT('',(-10.1886931532478,16.2,9.1153173630661));
#4184=CARTESIAN_POINT('',(-10.1886931532478,0.,9.1153173630661));
#4185=CARTESIAN_POINT('Origin',(-10.1533378141885,0.,8.01930185222695));
#4186=CARTESIAN_POINT('',(-10.1533378141885,0.,8.01930185222695));
#4187=CARTESIAN_POINT('',(-10.1533378141885,0.,8.01930185222695));
#4188=CARTESIAN_POINT('',(-10.1533378141885,16.2,8.01930185222695));
#4189=CARTESIAN_POINT('',(-10.1533378141885,16.2,8.01930185222695));
#4190=CARTESIAN_POINT('',(-10.1533378141885,0.,8.01930185222695));
#4191=CARTESIAN_POINT('Origin',(-9.76997567525138,0.,7.63593971328981));
#4192=CARTESIAN_POINT('',(-9.76997567525138,0.,7.63593971328981));
#4193=CARTESIAN_POINT('',(-8.95125628617138,0.,6.81722032420982));
#4194=CARTESIAN_POINT('',(-9.76997567525138,16.2,7.63593971328981));
#4195=CARTESIAN_POINT('',(-8.95125628617138,16.2,6.81722032420982));
#4196=CARTESIAN_POINT('',(-9.76997567525138,0.,7.63593971328981));
#4197=CARTESIAN_POINT('Origin',(0.,0.,0.));
#4198=CARTESIAN_POINT('',(-10.8024024780704,0.,6.0883578000787));
#4199=CARTESIAN_POINT('Origin',(0.,0.,0.));
#4200=CARTESIAN_POINT('',(-10.8024024780704,16.2,6.0883578000787));
#4201=CARTESIAN_POINT('Origin',(0.,16.2,0.));
#4202=CARTESIAN_POINT('',(-10.8024024780704,0.,6.0883578000787));
#4203=CARTESIAN_POINT('Origin',(-11.3012646540883,0.,6.29499327914028));
#4204=CARTESIAN_POINT('',(-11.3012646540883,0.,6.29499327914028));
#4205=CARTESIAN_POINT('',(-11.3012646540883,0.,6.29499327914028));
#4206=CARTESIAN_POINT('',(-11.3012646540883,16.2,6.29499327914028));
#4207=CARTESIAN_POINT('',(-11.3012646540883,16.2,6.29499327914028));
#4208=CARTESIAN_POINT('',(-11.3012646540883,0.,6.29499327914028));
#4209=CARTESIAN_POINT('Origin',(-12.3273808543712,0.,5.90823037564889));
#4210=CARTESIAN_POINT('',(-12.3273808543712,0.,5.90823037564889));
#4211=CARTESIAN_POINT('',(-12.3273808543712,0.,5.90823037564889));
#4212=CARTESIAN_POINT('',(-12.3273808543712,16.2,5.90823037564889));
#4213=CARTESIAN_POINT('',(-12.3273808543712,16.2,5.90823037564889));
#4214=CARTESIAN_POINT('',(-12.3273808543712,0.,5.90823037564889));
#4215=CARTESIAN_POINT('Origin',(-12.9014060029188,0.,4.52241107688195));
#4216=CARTESIAN_POINT('',(-12.9014060029188,0.,4.52241107688195));
#4217=CARTESIAN_POINT('',(-12.9014060029188,0.,4.52241107688195));
#4218=CARTESIAN_POINT('',(-12.9014060029188,16.2,4.52241107688195));
#4219=CARTESIAN_POINT('',(-12.9014060029188,16.2,4.52241107688195));
#4220=CARTESIAN_POINT('',(-12.9014060029188,0.,4.52241107688195));
#4221=CARTESIAN_POINT('Origin',(-12.4493149511836,0.,3.52335468160641));
#4222=CARTESIAN_POINT('',(-12.4493149511836,0.,3.52335468160641));
#4223=CARTESIAN_POINT('',(-12.4493149511836,0.,3.52335468160641));
#4224=CARTESIAN_POINT('',(-12.4493149511836,16.2,3.52335468160641));
#4225=CARTESIAN_POINT('',(-12.4493149511836,16.2,3.52335468160641));
#4226=CARTESIAN_POINT('',(-12.4493149511836,0.,3.52335468160641));
#4227=CARTESIAN_POINT('Origin',(-11.9484281783125,0.,3.31588058706993));
#4228=CARTESIAN_POINT('',(-11.9484281783125,0.,3.31588058706993));
#4229=CARTESIAN_POINT('',(-10.8787197459144,0.,2.87279284658576));
#4230=CARTESIAN_POINT('',(-11.9484281783125,16.2,3.31588058706993));
#4231=CARTESIAN_POINT('',(-10.8787197459144,16.2,2.87279284658576));
#4232=CARTESIAN_POINT('',(-11.9484281783125,0.,3.31588058706993));
#4233=CARTESIAN_POINT('Origin',(0.,0.,0.));
#4234=CARTESIAN_POINT('',(-12.3100322118393,0.,1.49100870000103));
#4235=CARTESIAN_POINT('Origin',(0.,0.,0.));
#4236=CARTESIAN_POINT('',(-12.3100322118393,16.2,1.49100870000103));
#4237=CARTESIAN_POINT('Origin',(0.,16.2,0.));
#4238=CARTESIAN_POINT('',(-12.3100322118393,0.,1.49100870000103));
#4239=CARTESIAN_POINT('Origin',(-12.849996740182,0.,1.49100870000103));
#4240=CARTESIAN_POINT('',(-12.849996740182,0.,1.49100870000103));
#4241=CARTESIAN_POINT('',(-12.849996740182,0.,1.49100870000103));
#4242=CARTESIAN_POINT('',(-12.849996740182,16.2,1.49100870000103));
#4243=CARTESIAN_POINT('',(-12.849996740182,16.2,1.49100870000103));
#4244=CARTESIAN_POINT('',(-12.849996740182,0.,1.49100870000103));
#4245=CARTESIAN_POINT('Origin',(-13.649996740182,0.,0.74100870000103));
#4246=CARTESIAN_POINT('',(-13.649996740182,0.,0.74100870000103));
#4247=CARTESIAN_POINT('',(-13.649996740182,0.,0.74100870000103));
#4248=CARTESIAN_POINT('',(-13.649996740182,16.2,0.74100870000103));
#4249=CARTESIAN_POINT('',(-13.649996740182,16.2,0.74100870000103));
#4250=CARTESIAN_POINT('',(-13.649996740182,0.,0.74100870000103));
#4251=CARTESIAN_POINT('Origin',(-13.649996740182,0.,-0.758991299998969));
#4252=CARTESIAN_POINT('',(-13.649996740182,0.,-0.758991299998969));
#4253=CARTESIAN_POINT('',(-13.649996740182,0.,-0.758991299998969));
#4254=CARTESIAN_POINT('',(-13.649996740182,16.2,-0.758991299998969));
#4255=CARTESIAN_POINT('',(-13.649996740182,16.2,-0.758991299998969));
#4256=CARTESIAN_POINT('',(-13.649996740182,0.,-0.758991299998969));
#4257=CARTESIAN_POINT('Origin',(-12.849996740182,0.,-1.50899129999897));
#4258=CARTESIAN_POINT('',(-12.849996740182,0.,-1.50899129999897));
#4259=CARTESIAN_POINT('',(-12.849996740182,0.,-1.50899129999897));
#4260=CARTESIAN_POINT('',(-12.849996740182,16.2,-1.50899129999897));
#4261=CARTESIAN_POINT('',(-12.849996740182,16.2,-1.50899129999897));
#4262=CARTESIAN_POINT('',(-12.849996740182,0.,-1.50899129999897));
#4263=CARTESIAN_POINT('Origin',(-12.3078408039968,0.,-1.50899129999897));
#4264=CARTESIAN_POINT('',(-12.3078408039968,0.,-1.50899129999897));
#4265=CARTESIAN_POINT('',(-11.149996740182,0.,-1.50899129999898));
#4266=CARTESIAN_POINT('',(-12.3078408039968,16.2,-1.50899129999897));
#4267=CARTESIAN_POINT('',(-11.149996740182,16.2,-1.50899129999898));
#4268=CARTESIAN_POINT('',(-12.3078408039968,0.,-1.50899129999897));
#4269=CARTESIAN_POINT('Origin',(0.,0.,0.));
#4270=CARTESIAN_POINT('',(-11.9435711320756,0.,-3.33333295862427));
#4271=CARTESIAN_POINT('Origin',(0.,0.,0.));
#4272=CARTESIAN_POINT('',(-11.9435711320756,16.2,-3.33333295862427));
#4273=CARTESIAN_POINT('Origin',(0.,16.2,0.));
#4274=CARTESIAN_POINT('',(-11.9435711320756,0.,-3.33333295862427));
#4275=CARTESIAN_POINT('Origin',(-12.4424333080935,0.,-3.53996843768586));
#4276=CARTESIAN_POINT('',(-12.4424333080935,0.,-3.53996843768586));
#4277=CARTESIAN_POINT('',(-12.4424333080935,0.,-3.53996843768586));
#4278=CARTESIAN_POINT('',(-12.4424333080935,16.2,-3.53996843768586));
#4279=CARTESIAN_POINT('',(-12.4424333080935,16.2,-3.53996843768586));
#4280=CARTESIAN_POINT('',(-12.4424333080935,0.,-3.53996843768586));
#4281=CARTESIAN_POINT('Origin',(-12.8945243598287,0.,-4.53902483296139));
#4282=CARTESIAN_POINT('',(-12.8945243598287,0.,-4.53902483296139));
#4283=CARTESIAN_POINT('',(-12.8945243598287,0.,-4.53902483296139));
#4284=CARTESIAN_POINT('',(-12.8945243598287,16.2,-4.53902483296139));
#4285=CARTESIAN_POINT('',(-12.8945243598287,16.2,-4.53902483296139));
#4286=CARTESIAN_POINT('',(-12.8945243598287,0.,-4.53902483296139));
#4287=CARTESIAN_POINT('Origin',(-12.3204992112811,0.,-5.92484413172832));
#4288=CARTESIAN_POINT('',(-12.3204992112811,0.,-5.92484413172832));
#4289=CARTESIAN_POINT('',(-12.3204992112811,0.,-5.92484413172832));
#4290=CARTESIAN_POINT('',(-12.3204992112811,16.2,-5.92484413172832));
#4291=CARTESIAN_POINT('',(-12.3204992112811,16.2,-5.92484413172832));
#4292=CARTESIAN_POINT('',(-12.3204992112811,0.,-5.92484413172832));
#4293=CARTESIAN_POINT('Origin',(-11.2943830109982,0.,-6.31160703521972));
#4294=CARTESIAN_POINT('',(-11.2943830109982,0.,-6.31160703521972));
#4295=CARTESIAN_POINT('',(-11.2943830109982,0.,-6.31160703521972));
#4296=CARTESIAN_POINT('',(-11.2943830109982,16.2,-6.31160703521972));
#4297=CARTESIAN_POINT('',(-11.2943830109982,16.2,-6.31160703521972));
#4298=CARTESIAN_POINT('',(-11.2943830109982,0.,-6.31160703521972));
#4299=CARTESIAN_POINT('Origin',(-10.7934962381272,0.,-6.10413294068323));
#4300=CARTESIAN_POINT('',(-9.72378780572907,0.,-5.66104520019907));
#4301=CARTESIAN_POINT('',(-9.72378780572907,16.2,-5.66104520019907));
#4302=CARTESIAN_POINT('Origin',(-1.11022302462516E-15,16.2,-1.11022302462516E-15));
#4303=CARTESIAN_POINT('Origin',(-1.11022302462516E-15,0.,-1.11022302462516E-15));
#4304=UNCERTAINTY_MEASURE_WITH_UNIT(LENGTH_MEASURE(0.01),#4308,
'DISTANCE_ACCURACY_VALUE',
'Maximum model space distance between geometric entities at asserted c
onnectivities');
#4305=UNCERTAINTY_MEASURE_WITH_UNIT(LENGTH_MEASURE(0.01),#4308,
'DISTANCE_ACCURACY_VALUE',
'Maximum model space distance between geometric entities at asserted c
onnectivities');
#4306=(
GEOMETRIC_REPRESENTATION_CONTEXT(3)
GLOBAL_UNCERTAINTY_ASSIGNED_CONTEXT((#4304))
GLOBAL_UNIT_ASSIGNED_CONTEXT((#4308,#4310,#4311))
REPRESENTATION_CONTEXT('','3D')
);
#4307=(
GEOMETRIC_REPRESENTATION_CONTEXT(3)
GLOBAL_UNCERTAINTY_ASSIGNED_CONTEXT((#4305))
GLOBAL_UNIT_ASSIGNED_CONTEXT((#4308,#4310,#4311))
REPRESENTATION_CONTEXT('','3D')
);
#4308=(
LENGTH_UNIT()
NAMED_UNIT(*)
SI_UNIT(.MILLI.,.METRE.)
);
#4309=(
LENGTH_UNIT()
NAMED_UNIT(*)
SI_UNIT(.CENTI.,.METRE.)
);
#4310=(
NAMED_UNIT(*)
PLANE_ANGLE_UNIT()
SI_UNIT($,.RADIAN.)
);
#4311=(
NAMED_UNIT(*)
SI_UNIT($,.STERADIAN.)
SOLID_ANGLE_UNIT()
);
#4312=SHAPE_DEFINITION_REPRESENTATION(#4313,#4314);
#4313=PRODUCT_DEFINITION_SHAPE('',$,#4316);
#4314=SHAPE_REPRESENTATION('',(#2595),#4306);
#4315=PRODUCT_DEFINITION_CONTEXT('part definition',#4320,'design');
#4316=PRODUCT_DEFINITION('\X2\043704320435043704340430\X0\_\X2\0448043504410442044004350440043D0438\X0\',
'\X2\043704320435043704340430\X0\_\X2\0448043504410442044004350440043D0438\X0\',
#4317,#4315);
#4317=PRODUCT_DEFINITION_FORMATION('',$,#4322);
#4318=PRODUCT_RELATED_PRODUCT_CATEGORY(
'\X2\043704320435043704340430\X0\_\X2\0448043504410442044004350440043D0438\X0\',
'\X2\043704320435043704340430\X0\_\X2\0448043504410442044004350440043D0438\X0\',
(#4322));
#4319=APPLICATION_PROTOCOL_DEFINITION('international standard',
'automotive_design',2009,#4320);
#4320=APPLICATION_CONTEXT(
'Core Data for Automotive Mechanical Design Process');
#4321=PRODUCT_CONTEXT('part definition',#4320,'mechanical');
#4322=PRODUCT('\X2\043704320435043704340430\X0\_\X2\0448043504410442044004350440043D0438\X0\',
'\X2\043704320435043704340430\X0\_\X2\0448043504410442044004350440043D0438\X0\',
$,(#4321));
#4323=PRESENTATION_STYLE_ASSIGNMENT((#4324));
#4324=SURFACE_STYLE_USAGE(.BOTH.,#4327);
#4325=SURFACE_STYLE_RENDERING_WITH_PROPERTIES($,#4331,(#4326));
#4326=SURFACE_STYLE_TRANSPARENT(0.);
#4327=SURFACE_SIDE_STYLE('',(#4328,#4325));
#4328=SURFACE_STYLE_FILL_AREA(#4329);
#4329=FILL_AREA_STYLE('',(#4330));
#4330=FILL_AREA_STYLE_COLOUR('',#4331);
#4331=COLOUR_RGB('',0.87843137254902,0.,0.788235294117647);
ENDSEC;
END-ISO-10303-21;
