ISO-10303-21;
HEADER;
/* Generated by software containing ST-Developer
 * from STEP Tools, Inc. (www.steptools.com) 
 */

FILE_DESCRIPTION(
/* description */ (''),
/* implementation_level */ '2;1');

FILE_NAME(
/* name */ '',
/* time_stamp */ '2025-12-24T20:17:57+03:00',
/* author */ ('DELL'),
/* organization */ (''),
/* preprocessor_version */ 'ST-DEVELOPER v19.2',
/* originating_system */ 'Autodesk Inventor 2023',
/* authorisation */ '');

FILE_SCHEMA (('AUTOMOTIVE_DESIGN { 1 0 10303 214 3 1 1 }'));
ENDSEC;

DATA;
#10=MECHANICAL_DESIGN_GEOMETRIC_PRESENTATION_REPRESENTATION('',(#13),#10256);
#11=SHAPE_REPRESENTATION_RELATIONSHIP('SRR','None',#10263,#12);
#12=ADVANCED_BREP_SHAPE_REPRESENTATION('',(#14),#10255);
#13=STYLED_ITEM('',(#10272),#14);
#14=MANIFOLD_SOLID_BREP('\X2\04220432043504400434043E0435\X0\ \X2\04420435043B043E\X0\1',
#3115);
#15=ELLIPSE('',#3146,2.33938263460921,1.6);
#16=ELLIPSE('',#3148,2.33938263460921,1.6);
#17=ELLIPSE('',#3149,2.33938263460921,1.6);
#18=ELLIPSE('',#3151,2.33938263460921,1.6);
#19=B_SPLINE_SURFACE_WITH_KNOTS('',3,1,((#4222,#4223),(#4224,#4225),(#4226,
#4227),(#4228,#4229),(#4230,#4231),(#4232,#4233),(#4234,#4235),(#4236,#4237),
(#4238,#4239),(#4240,#4241),(#4242,#4243),(#4244,#4245),(#4246,#4247),(#4248,
#4249),(#4250,#4251),(#4252,#4253),(#4254,#4255),(#4256,#4257),(#4258,#4259),
(#4260,#4261),(#4262,#4263),(#4264,#4265),(#4266,#4267),(#4268,#4269),(#4270,
#4271),(#4272,#4273),(#4274,#4275),(#4276,#4277),(#4278,#4279),(#4280,#4281),
(#4282,#4283),(#4284,#4285),(#4286,#4287),(#4288,#4289),(#4290,#4291),(#4292,
#4293),(#4294,#4295),(#4296,#4297),(#4298,#4299),(#4300,#4301),(#4302,#4303),
(#4304,#4305),(#4306,#4307),(#4308,#4309),(#4310,#4311),(#4312,#4313),(#4314,
#4315),(#4316,#4317),(#4318,#4319),(#4320,#4321),(#4322,#4323),(#4324,#4325),
(#4326,#4327)),.UNSPECIFIED.,.F.,.F.,.F.,(4,1,1,1,1,1,1,1,1,1,1,1,1,1,1,
1,1,1,1,1,1,1,1,1,1,1,1,1,1,1,1,1,1,1,1,1,1,1,1,1,1,1,1,1,1,1,1,1,1,1,4),
(2,2),(-1.08185706301816,-1.04804442097383,-1.01423153742875,-0.980418626868684,
-0.946605878664692,-0.912793351576113,-0.878981123617523,-0.845169328705309,
-0.81135821992788,-0.777548361637989,-0.743741521572563,-0.709933690407642,
-0.693027909055141,-0.676125808269436,-0.65923161467419,-0.642338345308582,
-0.625453920136592,-0.616999230506348,-0.608546450423949,-0.600094152690371,
-0.591641848929696,-0.583190892962756,-0.574738944041655,-0.566286614542499,
-0.557835373244188,-0.540928531509082,-0.524021689773976,-0.515570448475666,
-0.507118118976508,-0.498666170055408,-0.490215214088468,-0.481762910327793,
-0.473310612594216,-0.464857832511816,-0.456403142881573,-0.439518717709585,
-0.422625448343974,-0.405731254748728,-0.388829153963025,-0.371923372610524,
-0.338115541445603,-0.304308701380172,-0.270498843090285,-0.236687734312858,
-0.202875939400642,-0.169063711442051,-0.135251184353474,-0.101438436149482,
-0.0676255255894121,-0.0338126420443357,0.),(0.,1.62),.UNSPECIFIED.);
#20=B_SPLINE_SURFACE_WITH_KNOTS('',3,1,((#4383,#4384),(#4385,#4386),(#4387,
#4388),(#4389,#4390),(#4391,#4392),(#4393,#4394),(#4395,#4396),(#4397,#4398),
(#4399,#4400),(#4401,#4402),(#4403,#4404),(#4405,#4406),(#4407,#4408),(#4409,
#4410),(#4411,#4412),(#4413,#4414),(#4415,#4416),(#4417,#4418),(#4419,#4420),
(#4421,#4422),(#4423,#4424),(#4425,#4426),(#4427,#4428),(#4429,#4430),(#4431,
#4432),(#4433,#4434),(#4435,#4436),(#4437,#4438),(#4439,#4440),(#4441,#4442),
(#4443,#4444),(#4445,#4446),(#4447,#4448),(#4449,#4450),(#4451,#4452),(#4453,
#4454),(#4455,#4456),(#4457,#4458),(#4459,#4460),(#4461,#4462),(#4463,#4464),
(#4465,#4466),(#4467,#4468),(#4469,#4470),(#4471,#4472),(#4473,#4474),(#4475,
#4476),(#4477,#4478),(#4479,#4480),(#4481,#4482),(#4483,#4484),(#4485,#4486),
(#4487,#4488)),.UNSPECIFIED.,.F.,.F.,.F.,(4,1,1,1,1,1,1,1,1,1,1,1,1,1,1,
1,1,1,1,1,1,1,1,1,1,1,1,1,1,1,1,1,1,1,1,1,1,1,1,1,1,1,1,1,1,1,1,1,1,1,4),
(2,2),(-1.08185706301816,-1.04804442097383,-1.01423153742875,-0.980418626868684,
-0.946605878664692,-0.912793351576113,-0.878981123617523,-0.845169328705309,
-0.81135821992788,-0.777548361637989,-0.743741521572563,-0.709933690407642,
-0.693027909055141,-0.676125808269436,-0.65923161467419,-0.642338345308582,
-0.625453920136592,-0.616999230506348,-0.608546450423949,-0.600094152690371,
-0.591641848929696,-0.583190892962756,-0.574738944041655,-0.566286614542499,
-0.557835373244188,-0.540928531509082,-0.524021689773976,-0.515570448475666,
-0.507118118976508,-0.498666170055408,-0.490215214088468,-0.481762910327793,
-0.473310612594216,-0.464857832511816,-0.456403142881573,-0.439518717709585,
-0.422625448343974,-0.405731254748728,-0.388829153963025,-0.371923372610524,
-0.338115541445603,-0.304308701380172,-0.270498843090285,-0.236687734312858,
-0.202875939400642,-0.169063711442051,-0.135251184353474,-0.101438436149482,
-0.0676255255894121,-0.0338126420443357,0.),(0.,1.62),.UNSPECIFIED.);
#21=B_SPLINE_SURFACE_WITH_KNOTS('',3,1,((#6459,#6460),(#6461,#6462),(#6463,
#6464),(#6465,#6466),(#6467,#6468),(#6469,#6470),(#6471,#6472),(#6473,#6474),
(#6475,#6476),(#6477,#6478),(#6479,#6480),(#6481,#6482),(#6483,#6484),(#6485,
#6486),(#6487,#6488),(#6489,#6490),(#6491,#6492),(#6493,#6494),(#6495,#6496),
(#6497,#6498),(#6499,#6500),(#6501,#6502),(#6503,#6504),(#6505,#6506),(#6507,
#6508),(#6509,#6510),(#6511,#6512),(#6513,#6514),(#6515,#6516),(#6517,#6518),
(#6519,#6520),(#6521,#6522),(#6523,#6524),(#6525,#6526),(#6527,#6528),(#6529,
#6530),(#6531,#6532),(#6533,#6534),(#6535,#6536),(#6537,#6538),(#6539,#6540),
(#6541,#6542),(#6543,#6544),(#6545,#6546),(#6547,#6548),(#6549,#6550),(#6551,
#6552),(#6553,#6554),(#6555,#6556),(#6557,#6558),(#6559,#6560),(#6561,#6562),
(#6563,#6564)),.UNSPECIFIED.,.F.,.F.,.F.,(4,1,1,1,1,1,1,1,1,1,1,1,1,1,1,
1,1,1,1,1,1,1,1,1,1,1,1,1,1,1,1,1,1,1,1,1,1,1,1,1,1,1,1,1,1,1,1,1,1,1,4),
(2,2),(-1.08185706301816,-1.04804442097383,-1.01423153742875,-0.980418626868684,
-0.946605878664692,-0.912793351576113,-0.878981123617523,-0.845169328705309,
-0.81135821992788,-0.777548361637989,-0.743741521572563,-0.709933690407642,
-0.693027909055141,-0.676125808269436,-0.65923161467419,-0.642338345308582,
-0.625453920136592,-0.616999230506348,-0.608546450423949,-0.600094152690371,
-0.591641848929696,-0.583190892962756,-0.574738944041655,-0.566286614542499,
-0.557835373244188,-0.540928531509082,-0.524021689773976,-0.515570448475666,
-0.507118118976508,-0.498666170055408,-0.490215214088468,-0.481762910327793,
-0.473310612594216,-0.464857832511816,-0.456403142881573,-0.439518717709585,
-0.422625448343974,-0.405731254748728,-0.388829153963025,-0.371923372610524,
-0.338115541445603,-0.304308701380172,-0.270498843090285,-0.236687734312858,
-0.202875939400642,-0.169063711442051,-0.135251184353474,-0.101438436149482,
-0.0676255255894121,-0.0338126420443357,0.),(0.,1.62),.UNSPECIFIED.);
#22=B_SPLINE_SURFACE_WITH_KNOTS('',3,1,((#6622,#6623),(#6624,#6625),(#6626,
#6627),(#6628,#6629),(#6630,#6631),(#6632,#6633),(#6634,#6635),(#6636,#6637),
(#6638,#6639),(#6640,#6641),(#6642,#6643),(#6644,#6645),(#6646,#6647),(#6648,
#6649),(#6650,#6651),(#6652,#6653),(#6654,#6655),(#6656,#6657),(#6658,#6659),
(#6660,#6661),(#6662,#6663),(#6664,#6665),(#6666,#6667),(#6668,#6669),(#6670,
#6671),(#6672,#6673),(#6674,#6675),(#6676,#6677),(#6678,#6679),(#6680,#6681),
(#6682,#6683),(#6684,#6685),(#6686,#6687),(#6688,#6689),(#6690,#6691),(#6692,
#6693),(#6694,#6695),(#6696,#6697),(#6698,#6699),(#6700,#6701),(#6702,#6703),
(#6704,#6705),(#6706,#6707),(#6708,#6709),(#6710,#6711),(#6712,#6713),(#6714,
#6715),(#6716,#6717),(#6718,#6719),(#6720,#6721),(#6722,#6723),(#6724,#6725),
(#6726,#6727)),.UNSPECIFIED.,.F.,.F.,.F.,(4,1,1,1,1,1,1,1,1,1,1,1,1,1,1,
1,1,1,1,1,1,1,1,1,1,1,1,1,1,1,1,1,1,1,1,1,1,1,1,1,1,1,1,1,1,1,1,1,1,1,4),
(2,2),(-1.08185706301816,-1.04804442097383,-1.01423153742875,-0.980418626868684,
-0.946605878664692,-0.912793351576113,-0.878981123617523,-0.845169328705309,
-0.81135821992788,-0.777548361637989,-0.743741521572563,-0.709933690407642,
-0.693027909055141,-0.676125808269436,-0.65923161467419,-0.642338345308582,
-0.625453920136592,-0.616999230506348,-0.608546450423949,-0.600094152690371,
-0.591641848929696,-0.583190892962756,-0.574738944041655,-0.566286614542499,
-0.557835373244188,-0.540928531509082,-0.524021689773976,-0.515570448475666,
-0.507118118976508,-0.498666170055408,-0.490215214088468,-0.481762910327793,
-0.473310612594216,-0.464857832511816,-0.456403142881573,-0.439518717709585,
-0.422625448343974,-0.405731254748728,-0.388829153963025,-0.371923372610524,
-0.338115541445603,-0.304308701380172,-0.270498843090285,-0.236687734312858,
-0.202875939400642,-0.169063711442051,-0.135251184353474,-0.101438436149482,
-0.0676255255894121,-0.0338126420443357,0.),(0.,1.62),.UNSPECIFIED.);
#23=B_SPLINE_SURFACE_WITH_KNOTS('',3,1,((#6785,#6786),(#6787,#6788),(#6789,
#6790),(#6791,#6792),(#6793,#6794),(#6795,#6796),(#6797,#6798),(#6799,#6800),
(#6801,#6802),(#6803,#6804),(#6805,#6806),(#6807,#6808),(#6809,#6810),(#6811,
#6812),(#6813,#6814),(#6815,#6816),(#6817,#6818),(#6819,#6820),(#6821,#6822),
(#6823,#6824),(#6825,#6826),(#6827,#6828),(#6829,#6830),(#6831,#6832),(#6833,
#6834),(#6835,#6836),(#6837,#6838),(#6839,#6840),(#6841,#6842),(#6843,#6844),
(#6845,#6846),(#6847,#6848),(#6849,#6850),(#6851,#6852),(#6853,#6854),(#6855,
#6856),(#6857,#6858),(#6859,#6860),(#6861,#6862),(#6863,#6864),(#6865,#6866),
(#6867,#6868),(#6869,#6870),(#6871,#6872),(#6873,#6874),(#6875,#6876),(#6877,
#6878),(#6879,#6880),(#6881,#6882),(#6883,#6884),(#6885,#6886),(#6887,#6888),
(#6889,#6890)),.UNSPECIFIED.,.F.,.F.,.F.,(4,1,1,1,1,1,1,1,1,1,1,1,1,1,1,
1,1,1,1,1,1,1,1,1,1,1,1,1,1,1,1,1,1,1,1,1,1,1,1,1,1,1,1,1,1,1,1,1,1,1,4),
(2,2),(-1.08185706301816,-1.04804442097383,-1.01423153742875,-0.980418626868684,
-0.946605878664692,-0.912793351576113,-0.878981123617523,-0.845169328705309,
-0.81135821992788,-0.777548361637989,-0.743741521572563,-0.709933690407642,
-0.693027909055141,-0.676125808269436,-0.65923161467419,-0.642338345308582,
-0.625453920136592,-0.616999230506348,-0.608546450423949,-0.600094152690371,
-0.591641848929696,-0.583190892962756,-0.574738944041655,-0.566286614542499,
-0.557835373244188,-0.540928531509082,-0.524021689773976,-0.515570448475666,
-0.507118118976508,-0.498666170055408,-0.490215214088468,-0.481762910327793,
-0.473310612594216,-0.464857832511816,-0.456403142881573,-0.439518717709585,
-0.422625448343974,-0.405731254748728,-0.388829153963025,-0.371923372610524,
-0.338115541445603,-0.304308701380172,-0.270498843090285,-0.236687734312858,
-0.202875939400642,-0.169063711442051,-0.135251184353474,-0.101438436149482,
-0.0676255255894121,-0.0338126420443357,0.),(0.,1.62),.UNSPECIFIED.);
#24=B_SPLINE_SURFACE_WITH_KNOTS('',3,1,((#6948,#6949),(#6950,#6951),(#6952,
#6953),(#6954,#6955),(#6956,#6957),(#6958,#6959),(#6960,#6961),(#6962,#6963),
(#6964,#6965),(#6966,#6967),(#6968,#6969),(#6970,#6971),(#6972,#6973),(#6974,
#6975),(#6976,#6977),(#6978,#6979),(#6980,#6981),(#6982,#6983),(#6984,#6985),
(#6986,#6987),(#6988,#6989),(#6990,#6991),(#6992,#6993),(#6994,#6995),(#6996,
#6997),(#6998,#6999),(#7000,#7001),(#7002,#7003),(#7004,#7005),(#7006,#7007),
(#7008,#7009),(#7010,#7011),(#7012,#7013),(#7014,#7015),(#7016,#7017),(#7018,
#7019),(#7020,#7021),(#7022,#7023),(#7024,#7025),(#7026,#7027),(#7028,#7029),
(#7030,#7031),(#7032,#7033),(#7034,#7035),(#7036,#7037),(#7038,#7039),(#7040,
#7041),(#7042,#7043),(#7044,#7045),(#7046,#7047),(#7048,#7049),(#7050,#7051),
(#7052,#7053)),.UNSPECIFIED.,.F.,.F.,.F.,(4,1,1,1,1,1,1,1,1,1,1,1,1,1,1,
1,1,1,1,1,1,1,1,1,1,1,1,1,1,1,1,1,1,1,1,1,1,1,1,1,1,1,1,1,1,1,1,1,1,1,4),
(2,2),(-1.08185706301816,-1.04804442097383,-1.01423153742875,-0.980418626868684,
-0.946605878664692,-0.912793351576113,-0.878981123617523,-0.845169328705309,
-0.81135821992788,-0.777548361637989,-0.743741521572563,-0.709933690407642,
-0.693027909055141,-0.676125808269436,-0.65923161467419,-0.642338345308582,
-0.625453920136592,-0.616999230506348,-0.608546450423949,-0.600094152690371,
-0.591641848929696,-0.583190892962756,-0.574738944041655,-0.566286614542499,
-0.557835373244188,-0.540928531509082,-0.524021689773976,-0.515570448475666,
-0.507118118976508,-0.498666170055408,-0.490215214088468,-0.481762910327793,
-0.473310612594216,-0.464857832511816,-0.456403142881573,-0.439518717709585,
-0.422625448343974,-0.405731254748728,-0.388829153963025,-0.371923372610524,
-0.338115541445603,-0.304308701380172,-0.270498843090285,-0.236687734312858,
-0.202875939400642,-0.169063711442051,-0.135251184353474,-0.101438436149482,
-0.0676255255894121,-0.0338126420443357,0.),(0.,1.62),.UNSPECIFIED.);
#25=B_SPLINE_SURFACE_WITH_KNOTS('',3,1,((#7111,#7112),(#7113,#7114),(#7115,
#7116),(#7117,#7118),(#7119,#7120),(#7121,#7122),(#7123,#7124),(#7125,#7126),
(#7127,#7128),(#7129,#7130),(#7131,#7132),(#7133,#7134),(#7135,#7136),(#7137,
#7138),(#7139,#7140),(#7141,#7142),(#7143,#7144),(#7145,#7146),(#7147,#7148),
(#7149,#7150),(#7151,#7152),(#7153,#7154),(#7155,#7156),(#7157,#7158),(#7159,
#7160),(#7161,#7162),(#7163,#7164),(#7165,#7166),(#7167,#7168),(#7169,#7170),
(#7171,#7172),(#7173,#7174),(#7175,#7176),(#7177,#7178),(#7179,#7180),(#7181,
#7182),(#7183,#7184),(#7185,#7186),(#7187,#7188),(#7189,#7190),(#7191,#7192),
(#7193,#7194),(#7195,#7196),(#7197,#7198),(#7199,#7200),(#7201,#7202),(#7203,
#7204),(#7205,#7206),(#7207,#7208),(#7209,#7210),(#7211,#7212),(#7213,#7214),
(#7215,#7216)),.UNSPECIFIED.,.F.,.F.,.F.,(4,1,1,1,1,1,1,1,1,1,1,1,1,1,1,
1,1,1,1,1,1,1,1,1,1,1,1,1,1,1,1,1,1,1,1,1,1,1,1,1,1,1,1,1,1,1,1,1,1,1,4),
(2,2),(-1.08185706301816,-1.04804442097383,-1.01423153742875,-0.980418626868684,
-0.946605878664692,-0.912793351576113,-0.878981123617523,-0.845169328705309,
-0.81135821992788,-0.777548361637989,-0.743741521572563,-0.709933690407642,
-0.693027909055141,-0.676125808269436,-0.65923161467419,-0.642338345308582,
-0.625453920136592,-0.616999230506348,-0.608546450423949,-0.600094152690371,
-0.591641848929696,-0.583190892962756,-0.574738944041655,-0.566286614542499,
-0.557835373244188,-0.540928531509082,-0.524021689773976,-0.515570448475666,
-0.507118118976508,-0.498666170055408,-0.490215214088468,-0.481762910327793,
-0.473310612594216,-0.464857832511816,-0.456403142881573,-0.439518717709585,
-0.422625448343974,-0.405731254748728,-0.388829153963025,-0.371923372610524,
-0.338115541445603,-0.304308701380172,-0.270498843090285,-0.236687734312858,
-0.202875939400642,-0.169063711442051,-0.135251184353474,-0.101438436149482,
-0.0676255255894121,-0.0338126420443357,0.),(0.,1.62),.UNSPECIFIED.);
#26=B_SPLINE_SURFACE_WITH_KNOTS('',3,1,((#7274,#7275),(#7276,#7277),(#7278,
#7279),(#7280,#7281),(#7282,#7283),(#7284,#7285),(#7286,#7287),(#7288,#7289),
(#7290,#7291),(#7292,#7293),(#7294,#7295),(#7296,#7297),(#7298,#7299),(#7300,
#7301),(#7302,#7303),(#7304,#7305),(#7306,#7307),(#7308,#7309),(#7310,#7311),
(#7312,#7313),(#7314,#7315),(#7316,#7317),(#7318,#7319),(#7320,#7321),(#7322,
#7323),(#7324,#7325),(#7326,#7327),(#7328,#7329),(#7330,#7331),(#7332,#7333),
(#7334,#7335),(#7336,#7337),(#7338,#7339),(#7340,#7341),(#7342,#7343),(#7344,
#7345),(#7346,#7347),(#7348,#7349),(#7350,#7351),(#7352,#7353),(#7354,#7355),
(#7356,#7357),(#7358,#7359),(#7360,#7361),(#7362,#7363),(#7364,#7365),(#7366,
#7367),(#7368,#7369),(#7370,#7371),(#7372,#7373),(#7374,#7375),(#7376,#7377),
(#7378,#7379)),.UNSPECIFIED.,.F.,.F.,.F.,(4,1,1,1,1,1,1,1,1,1,1,1,1,1,1,
1,1,1,1,1,1,1,1,1,1,1,1,1,1,1,1,1,1,1,1,1,1,1,1,1,1,1,1,1,1,1,1,1,1,1,4),
(2,2),(-1.08185706301816,-1.04804442097383,-1.01423153742875,-0.980418626868684,
-0.946605878664692,-0.912793351576113,-0.878981123617523,-0.845169328705309,
-0.81135821992788,-0.777548361637989,-0.743741521572563,-0.709933690407642,
-0.693027909055141,-0.676125808269436,-0.65923161467419,-0.642338345308582,
-0.625453920136592,-0.616999230506348,-0.608546450423949,-0.600094152690371,
-0.591641848929696,-0.583190892962756,-0.574738944041655,-0.566286614542499,
-0.557835373244188,-0.540928531509082,-0.524021689773976,-0.515570448475666,
-0.507118118976508,-0.498666170055408,-0.490215214088468,-0.481762910327793,
-0.473310612594216,-0.464857832511816,-0.456403142881573,-0.439518717709585,
-0.422625448343974,-0.405731254748728,-0.388829153963025,-0.371923372610524,
-0.338115541445603,-0.304308701380172,-0.270498843090285,-0.236687734312858,
-0.202875939400642,-0.169063711442051,-0.135251184353474,-0.101438436149482,
-0.0676255255894121,-0.0338126420443357,0.),(0.,1.62),.UNSPECIFIED.);
#27=B_SPLINE_SURFACE_WITH_KNOTS('',3,1,((#7437,#7438),(#7439,#7440),(#7441,
#7442),(#7443,#7444),(#7445,#7446),(#7447,#7448),(#7449,#7450),(#7451,#7452),
(#7453,#7454),(#7455,#7456),(#7457,#7458),(#7459,#7460),(#7461,#7462),(#7463,
#7464),(#7465,#7466),(#7467,#7468),(#7469,#7470),(#7471,#7472),(#7473,#7474),
(#7475,#7476),(#7477,#7478),(#7479,#7480),(#7481,#7482),(#7483,#7484),(#7485,
#7486),(#7487,#7488),(#7489,#7490),(#7491,#7492),(#7493,#7494),(#7495,#7496),
(#7497,#7498),(#7499,#7500),(#7501,#7502),(#7503,#7504),(#7505,#7506),(#7507,
#7508),(#7509,#7510),(#7511,#7512),(#7513,#7514),(#7515,#7516),(#7517,#7518),
(#7519,#7520),(#7521,#7522),(#7523,#7524),(#7525,#7526),(#7527,#7528),(#7529,
#7530),(#7531,#7532),(#7533,#7534),(#7535,#7536),(#7537,#7538),(#7539,#7540),
(#7541,#7542)),.UNSPECIFIED.,.F.,.F.,.F.,(4,1,1,1,1,1,1,1,1,1,1,1,1,1,1,
1,1,1,1,1,1,1,1,1,1,1,1,1,1,1,1,1,1,1,1,1,1,1,1,1,1,1,1,1,1,1,1,1,1,1,4),
(2,2),(-1.08185706301816,-1.04804442097383,-1.01423153742875,-0.980418626868684,
-0.946605878664692,-0.912793351576113,-0.878981123617523,-0.845169328705309,
-0.81135821992788,-0.777548361637989,-0.743741521572563,-0.709933690407642,
-0.693027909055141,-0.676125808269436,-0.65923161467419,-0.642338345308582,
-0.625453920136592,-0.616999230506348,-0.608546450423949,-0.600094152690371,
-0.591641848929696,-0.583190892962756,-0.574738944041655,-0.566286614542499,
-0.557835373244188,-0.540928531509082,-0.524021689773976,-0.515570448475666,
-0.507118118976508,-0.498666170055408,-0.490215214088468,-0.481762910327793,
-0.473310612594216,-0.464857832511816,-0.456403142881573,-0.439518717709585,
-0.422625448343974,-0.405731254748728,-0.388829153963025,-0.371923372610524,
-0.338115541445603,-0.304308701380172,-0.270498843090285,-0.236687734312858,
-0.202875939400642,-0.169063711442051,-0.135251184353474,-0.101438436149482,
-0.0676255255894121,-0.0338126420443357,0.),(0.,1.62),.UNSPECIFIED.);
#28=B_SPLINE_SURFACE_WITH_KNOTS('',3,1,((#7600,#7601),(#7602,#7603),(#7604,
#7605),(#7606,#7607),(#7608,#7609),(#7610,#7611),(#7612,#7613),(#7614,#7615),
(#7616,#7617),(#7618,#7619),(#7620,#7621),(#7622,#7623),(#7624,#7625),(#7626,
#7627),(#7628,#7629),(#7630,#7631),(#7632,#7633),(#7634,#7635),(#7636,#7637),
(#7638,#7639),(#7640,#7641),(#7642,#7643),(#7644,#7645),(#7646,#7647),(#7648,
#7649),(#7650,#7651),(#7652,#7653),(#7654,#7655),(#7656,#7657),(#7658,#7659),
(#7660,#7661),(#7662,#7663),(#7664,#7665),(#7666,#7667),(#7668,#7669),(#7670,
#7671),(#7672,#7673),(#7674,#7675),(#7676,#7677),(#7678,#7679),(#7680,#7681),
(#7682,#7683),(#7684,#7685),(#7686,#7687),(#7688,#7689),(#7690,#7691),(#7692,
#7693),(#7694,#7695),(#7696,#7697),(#7698,#7699),(#7700,#7701),(#7702,#7703),
(#7704,#7705)),.UNSPECIFIED.,.F.,.F.,.F.,(4,1,1,1,1,1,1,1,1,1,1,1,1,1,1,
1,1,1,1,1,1,1,1,1,1,1,1,1,1,1,1,1,1,1,1,1,1,1,1,1,1,1,1,1,1,1,1,1,1,1,4),
(2,2),(-1.08185706301816,-1.04804442097383,-1.01423153742875,-0.980418626868684,
-0.946605878664692,-0.912793351576113,-0.878981123617523,-0.845169328705309,
-0.81135821992788,-0.777548361637989,-0.743741521572563,-0.709933690407642,
-0.693027909055141,-0.676125808269436,-0.65923161467419,-0.642338345308582,
-0.625453920136592,-0.616999230506348,-0.608546450423949,-0.600094152690371,
-0.591641848929696,-0.583190892962756,-0.574738944041655,-0.566286614542499,
-0.557835373244188,-0.540928531509082,-0.524021689773976,-0.515570448475666,
-0.507118118976508,-0.498666170055408,-0.490215214088468,-0.481762910327793,
-0.473310612594216,-0.464857832511816,-0.456403142881573,-0.439518717709585,
-0.422625448343974,-0.405731254748728,-0.388829153963025,-0.371923372610524,
-0.338115541445603,-0.304308701380172,-0.270498843090285,-0.236687734312858,
-0.202875939400642,-0.169063711442051,-0.135251184353474,-0.101438436149482,
-0.0676255255894121,-0.0338126420443357,0.),(0.,1.62),.UNSPECIFIED.);
#29=B_SPLINE_SURFACE_WITH_KNOTS('',3,1,((#7763,#7764),(#7765,#7766),(#7767,
#7768),(#7769,#7770),(#7771,#7772),(#7773,#7774),(#7775,#7776),(#7777,#7778),
(#7779,#7780),(#7781,#7782),(#7783,#7784),(#7785,#7786),(#7787,#7788),(#7789,
#7790),(#7791,#7792),(#7793,#7794),(#7795,#7796),(#7797,#7798),(#7799,#7800),
(#7801,#7802),(#7803,#7804),(#7805,#7806),(#7807,#7808),(#7809,#7810),(#7811,
#7812),(#7813,#7814),(#7815,#7816),(#7817,#7818),(#7819,#7820),(#7821,#7822),
(#7823,#7824),(#7825,#7826),(#7827,#7828),(#7829,#7830),(#7831,#7832),(#7833,
#7834),(#7835,#7836),(#7837,#7838),(#7839,#7840),(#7841,#7842),(#7843,#7844),
(#7845,#7846),(#7847,#7848),(#7849,#7850),(#7851,#7852),(#7853,#7854),(#7855,
#7856),(#7857,#7858),(#7859,#7860),(#7861,#7862),(#7863,#7864),(#7865,#7866),
(#7867,#7868)),.UNSPECIFIED.,.F.,.F.,.F.,(4,1,1,1,1,1,1,1,1,1,1,1,1,1,1,
1,1,1,1,1,1,1,1,1,1,1,1,1,1,1,1,1,1,1,1,1,1,1,1,1,1,1,1,1,1,1,1,1,1,1,4),
(2,2),(-1.08185706301816,-1.04804442097383,-1.01423153742875,-0.980418626868684,
-0.946605878664692,-0.912793351576113,-0.878981123617523,-0.845169328705309,
-0.81135821992788,-0.777548361637989,-0.743741521572563,-0.709933690407642,
-0.693027909055141,-0.676125808269436,-0.65923161467419,-0.642338345308582,
-0.625453920136592,-0.616999230506348,-0.608546450423949,-0.600094152690371,
-0.591641848929696,-0.583190892962756,-0.574738944041655,-0.566286614542499,
-0.557835373244188,-0.540928531509082,-0.524021689773976,-0.515570448475666,
-0.507118118976508,-0.498666170055408,-0.490215214088468,-0.481762910327793,
-0.473310612594216,-0.464857832511816,-0.456403142881573,-0.439518717709585,
-0.422625448343974,-0.405731254748728,-0.388829153963025,-0.371923372610524,
-0.338115541445603,-0.304308701380172,-0.270498843090285,-0.236687734312858,
-0.202875939400642,-0.169063711442051,-0.135251184353474,-0.101438436149482,
-0.0676255255894121,-0.0338126420443357,0.),(0.,1.62),.UNSPECIFIED.);
#30=B_SPLINE_SURFACE_WITH_KNOTS('',3,1,((#7926,#7927),(#7928,#7929),(#7930,
#7931),(#7932,#7933),(#7934,#7935),(#7936,#7937),(#7938,#7939),(#7940,#7941),
(#7942,#7943),(#7944,#7945),(#7946,#7947),(#7948,#7949),(#7950,#7951),(#7952,
#7953),(#7954,#7955),(#7956,#7957),(#7958,#7959),(#7960,#7961),(#7962,#7963),
(#7964,#7965),(#7966,#7967),(#7968,#7969),(#7970,#7971),(#7972,#7973),(#7974,
#7975),(#7976,#7977),(#7978,#7979),(#7980,#7981),(#7982,#7983),(#7984,#7985),
(#7986,#7987),(#7988,#7989),(#7990,#7991),(#7992,#7993),(#7994,#7995),(#7996,
#7997),(#7998,#7999),(#8000,#8001),(#8002,#8003),(#8004,#8005),(#8006,#8007),
(#8008,#8009),(#8010,#8011),(#8012,#8013),(#8014,#8015),(#8016,#8017),(#8018,
#8019),(#8020,#8021),(#8022,#8023),(#8024,#8025),(#8026,#8027),(#8028,#8029),
(#8030,#8031)),.UNSPECIFIED.,.F.,.F.,.F.,(4,1,1,1,1,1,1,1,1,1,1,1,1,1,1,
1,1,1,1,1,1,1,1,1,1,1,1,1,1,1,1,1,1,1,1,1,1,1,1,1,1,1,1,1,1,1,1,1,1,1,4),
(2,2),(-1.08185706301816,-1.04804442097383,-1.01423153742875,-0.980418626868684,
-0.946605878664692,-0.912793351576113,-0.878981123617523,-0.845169328705309,
-0.81135821992788,-0.777548361637989,-0.743741521572563,-0.709933690407642,
-0.693027909055141,-0.676125808269436,-0.65923161467419,-0.642338345308582,
-0.625453920136592,-0.616999230506348,-0.608546450423949,-0.600094152690371,
-0.591641848929696,-0.583190892962756,-0.574738944041655,-0.566286614542499,
-0.557835373244188,-0.540928531509082,-0.524021689773976,-0.515570448475666,
-0.507118118976508,-0.498666170055408,-0.490215214088468,-0.481762910327793,
-0.473310612594216,-0.464857832511816,-0.456403142881573,-0.439518717709585,
-0.422625448343974,-0.405731254748728,-0.388829153963025,-0.371923372610524,
-0.338115541445603,-0.304308701380172,-0.270498843090285,-0.236687734312858,
-0.202875939400642,-0.169063711442051,-0.135251184353474,-0.101438436149482,
-0.0676255255894121,-0.0338126420443357,0.),(0.,1.62),.UNSPECIFIED.);
#31=B_SPLINE_SURFACE_WITH_KNOTS('',3,1,((#8089,#8090),(#8091,#8092),(#8093,
#8094),(#8095,#8096),(#8097,#8098),(#8099,#8100),(#8101,#8102),(#8103,#8104),
(#8105,#8106),(#8107,#8108),(#8109,#8110),(#8111,#8112),(#8113,#8114),(#8115,
#8116),(#8117,#8118),(#8119,#8120),(#8121,#8122),(#8123,#8124),(#8125,#8126),
(#8127,#8128),(#8129,#8130),(#8131,#8132),(#8133,#8134),(#8135,#8136),(#8137,
#8138),(#8139,#8140),(#8141,#8142),(#8143,#8144),(#8145,#8146),(#8147,#8148),
(#8149,#8150),(#8151,#8152),(#8153,#8154),(#8155,#8156),(#8157,#8158),(#8159,
#8160),(#8161,#8162),(#8163,#8164),(#8165,#8166),(#8167,#8168),(#8169,#8170),
(#8171,#8172),(#8173,#8174),(#8175,#8176),(#8177,#8178),(#8179,#8180),(#8181,
#8182),(#8183,#8184),(#8185,#8186),(#8187,#8188),(#8189,#8190),(#8191,#8192),
(#8193,#8194)),.UNSPECIFIED.,.F.,.F.,.F.,(4,1,1,1,1,1,1,1,1,1,1,1,1,1,1,
1,1,1,1,1,1,1,1,1,1,1,1,1,1,1,1,1,1,1,1,1,1,1,1,1,1,1,1,1,1,1,1,1,1,1,4),
(2,2),(-1.08185706301816,-1.04804442097383,-1.01423153742875,-0.980418626868684,
-0.946605878664692,-0.912793351576113,-0.878981123617523,-0.845169328705309,
-0.81135821992788,-0.777548361637989,-0.743741521572563,-0.709933690407642,
-0.693027909055141,-0.676125808269436,-0.65923161467419,-0.642338345308582,
-0.625453920136592,-0.616999230506348,-0.608546450423949,-0.600094152690371,
-0.591641848929696,-0.583190892962756,-0.574738944041655,-0.566286614542499,
-0.557835373244188,-0.540928531509082,-0.524021689773976,-0.515570448475666,
-0.507118118976508,-0.498666170055408,-0.490215214088468,-0.481762910327793,
-0.473310612594216,-0.464857832511816,-0.456403142881573,-0.439518717709585,
-0.422625448343974,-0.405731254748728,-0.388829153963025,-0.371923372610524,
-0.338115541445603,-0.304308701380172,-0.270498843090285,-0.236687734312858,
-0.202875939400642,-0.169063711442051,-0.135251184353474,-0.101438436149482,
-0.0676255255894121,-0.0338126420443357,0.),(0.,1.62),.UNSPECIFIED.);
#32=B_SPLINE_SURFACE_WITH_KNOTS('',3,1,((#8252,#8253),(#8254,#8255),(#8256,
#8257),(#8258,#8259),(#8260,#8261),(#8262,#8263),(#8264,#8265),(#8266,#8267),
(#8268,#8269),(#8270,#8271),(#8272,#8273),(#8274,#8275),(#8276,#8277),(#8278,
#8279),(#8280,#8281),(#8282,#8283),(#8284,#8285),(#8286,#8287),(#8288,#8289),
(#8290,#8291),(#8292,#8293),(#8294,#8295),(#8296,#8297),(#8298,#8299),(#8300,
#8301),(#8302,#8303),(#8304,#8305),(#8306,#8307),(#8308,#8309),(#8310,#8311),
(#8312,#8313),(#8314,#8315),(#8316,#8317),(#8318,#8319),(#8320,#8321),(#8322,
#8323),(#8324,#8325),(#8326,#8327),(#8328,#8329),(#8330,#8331),(#8332,#8333),
(#8334,#8335),(#8336,#8337),(#8338,#8339),(#8340,#8341),(#8342,#8343),(#8344,
#8345),(#8346,#8347),(#8348,#8349),(#8350,#8351),(#8352,#8353),(#8354,#8355),
(#8356,#8357)),.UNSPECIFIED.,.F.,.F.,.F.,(4,1,1,1,1,1,1,1,1,1,1,1,1,1,1,
1,1,1,1,1,1,1,1,1,1,1,1,1,1,1,1,1,1,1,1,1,1,1,1,1,1,1,1,1,1,1,1,1,1,1,4),
(2,2),(-1.08185706301816,-1.04804442097383,-1.01423153742875,-0.980418626868684,
-0.946605878664692,-0.912793351576113,-0.878981123617523,-0.845169328705309,
-0.81135821992788,-0.777548361637989,-0.743741521572563,-0.709933690407642,
-0.693027909055141,-0.676125808269436,-0.65923161467419,-0.642338345308582,
-0.625453920136592,-0.616999230506348,-0.608546450423949,-0.600094152690371,
-0.591641848929696,-0.583190892962756,-0.574738944041655,-0.566286614542499,
-0.557835373244188,-0.540928531509082,-0.524021689773976,-0.515570448475666,
-0.507118118976508,-0.498666170055408,-0.490215214088468,-0.481762910327793,
-0.473310612594216,-0.464857832511816,-0.456403142881573,-0.439518717709585,
-0.422625448343974,-0.405731254748728,-0.388829153963025,-0.371923372610524,
-0.338115541445603,-0.304308701380172,-0.270498843090285,-0.236687734312858,
-0.202875939400642,-0.169063711442051,-0.135251184353474,-0.101438436149482,
-0.0676255255894121,-0.0338126420443357,0.),(0.,1.62),.UNSPECIFIED.);
#33=B_SPLINE_SURFACE_WITH_KNOTS('',3,1,((#8415,#8416),(#8417,#8418),(#8419,
#8420),(#8421,#8422),(#8423,#8424),(#8425,#8426),(#8427,#8428),(#8429,#8430),
(#8431,#8432),(#8433,#8434),(#8435,#8436),(#8437,#8438),(#8439,#8440),(#8441,
#8442),(#8443,#8444),(#8445,#8446),(#8447,#8448),(#8449,#8450),(#8451,#8452),
(#8453,#8454),(#8455,#8456),(#8457,#8458),(#8459,#8460),(#8461,#8462),(#8463,
#8464),(#8465,#8466),(#8467,#8468),(#8469,#8470),(#8471,#8472),(#8473,#8474),
(#8475,#8476),(#8477,#8478),(#8479,#8480),(#8481,#8482),(#8483,#8484),(#8485,
#8486),(#8487,#8488),(#8489,#8490),(#8491,#8492),(#8493,#8494),(#8495,#8496),
(#8497,#8498),(#8499,#8500),(#8501,#8502),(#8503,#8504),(#8505,#8506),(#8507,
#8508),(#8509,#8510),(#8511,#8512),(#8513,#8514),(#8515,#8516),(#8517,#8518),
(#8519,#8520)),.UNSPECIFIED.,.F.,.F.,.F.,(4,1,1,1,1,1,1,1,1,1,1,1,1,1,1,
1,1,1,1,1,1,1,1,1,1,1,1,1,1,1,1,1,1,1,1,1,1,1,1,1,1,1,1,1,1,1,1,1,1,1,4),
(2,2),(-1.08185706301816,-1.04804442097383,-1.01423153742875,-0.980418626868684,
-0.946605878664692,-0.912793351576113,-0.878981123617523,-0.845169328705309,
-0.81135821992788,-0.777548361637989,-0.743741521572563,-0.709933690407642,
-0.693027909055141,-0.676125808269436,-0.65923161467419,-0.642338345308582,
-0.625453920136592,-0.616999230506348,-0.608546450423949,-0.600094152690371,
-0.591641848929696,-0.583190892962756,-0.574738944041655,-0.566286614542499,
-0.557835373244188,-0.540928531509082,-0.524021689773976,-0.515570448475666,
-0.507118118976508,-0.498666170055408,-0.490215214088468,-0.481762910327793,
-0.473310612594216,-0.464857832511816,-0.456403142881573,-0.439518717709585,
-0.422625448343974,-0.405731254748728,-0.388829153963025,-0.371923372610524,
-0.338115541445603,-0.304308701380172,-0.270498843090285,-0.236687734312858,
-0.202875939400642,-0.169063711442051,-0.135251184353474,-0.101438436149482,
-0.0676255255894121,-0.0338126420443357,0.),(0.,1.62),.UNSPECIFIED.);
#34=B_SPLINE_SURFACE_WITH_KNOTS('',3,1,((#8578,#8579),(#8580,#8581),(#8582,
#8583),(#8584,#8585),(#8586,#8587),(#8588,#8589),(#8590,#8591),(#8592,#8593),
(#8594,#8595),(#8596,#8597),(#8598,#8599),(#8600,#8601),(#8602,#8603),(#8604,
#8605),(#8606,#8607),(#8608,#8609),(#8610,#8611),(#8612,#8613),(#8614,#8615),
(#8616,#8617),(#8618,#8619),(#8620,#8621),(#8622,#8623),(#8624,#8625),(#8626,
#8627),(#8628,#8629),(#8630,#8631),(#8632,#8633),(#8634,#8635),(#8636,#8637),
(#8638,#8639),(#8640,#8641),(#8642,#8643),(#8644,#8645),(#8646,#8647),(#8648,
#8649),(#8650,#8651),(#8652,#8653),(#8654,#8655),(#8656,#8657),(#8658,#8659),
(#8660,#8661),(#8662,#8663),(#8664,#8665),(#8666,#8667),(#8668,#8669),(#8670,
#8671),(#8672,#8673),(#8674,#8675),(#8676,#8677),(#8678,#8679),(#8680,#8681),
(#8682,#8683)),.UNSPECIFIED.,.F.,.F.,.F.,(4,1,1,1,1,1,1,1,1,1,1,1,1,1,1,
1,1,1,1,1,1,1,1,1,1,1,1,1,1,1,1,1,1,1,1,1,1,1,1,1,1,1,1,1,1,1,1,1,1,1,4),
(2,2),(-1.08185706301816,-1.04804442097383,-1.01423153742875,-0.980418626868684,
-0.946605878664692,-0.912793351576113,-0.878981123617523,-0.845169328705309,
-0.81135821992788,-0.777548361637989,-0.743741521572563,-0.709933690407642,
-0.693027909055141,-0.676125808269436,-0.65923161467419,-0.642338345308582,
-0.625453920136592,-0.616999230506348,-0.608546450423949,-0.600094152690371,
-0.591641848929696,-0.583190892962756,-0.574738944041655,-0.566286614542499,
-0.557835373244188,-0.540928531509082,-0.524021689773976,-0.515570448475666,
-0.507118118976508,-0.498666170055408,-0.490215214088468,-0.481762910327793,
-0.473310612594216,-0.464857832511816,-0.456403142881573,-0.439518717709585,
-0.422625448343974,-0.405731254748728,-0.388829153963025,-0.371923372610524,
-0.338115541445603,-0.304308701380172,-0.270498843090285,-0.236687734312858,
-0.202875939400642,-0.169063711442051,-0.135251184353474,-0.101438436149482,
-0.0676255255894121,-0.0338126420443357,0.),(0.,1.62),.UNSPECIFIED.);
#35=B_SPLINE_SURFACE_WITH_KNOTS('',3,1,((#8741,#8742),(#8743,#8744),(#8745,
#8746),(#8747,#8748),(#8749,#8750),(#8751,#8752),(#8753,#8754),(#8755,#8756),
(#8757,#8758),(#8759,#8760),(#8761,#8762),(#8763,#8764),(#8765,#8766),(#8767,
#8768),(#8769,#8770),(#8771,#8772),(#8773,#8774),(#8775,#8776),(#8777,#8778),
(#8779,#8780),(#8781,#8782),(#8783,#8784),(#8785,#8786),(#8787,#8788),(#8789,
#8790),(#8791,#8792),(#8793,#8794),(#8795,#8796),(#8797,#8798),(#8799,#8800),
(#8801,#8802),(#8803,#8804),(#8805,#8806),(#8807,#8808),(#8809,#8810),(#8811,
#8812),(#8813,#8814),(#8815,#8816),(#8817,#8818),(#8819,#8820),(#8821,#8822),
(#8823,#8824),(#8825,#8826),(#8827,#8828),(#8829,#8830),(#8831,#8832),(#8833,
#8834),(#8835,#8836),(#8837,#8838),(#8839,#8840),(#8841,#8842),(#8843,#8844),
(#8845,#8846)),.UNSPECIFIED.,.F.,.F.,.F.,(4,1,1,1,1,1,1,1,1,1,1,1,1,1,1,
1,1,1,1,1,1,1,1,1,1,1,1,1,1,1,1,1,1,1,1,1,1,1,1,1,1,1,1,1,1,1,1,1,1,1,4),
(2,2),(-1.08185706301816,-1.04804442097383,-1.01423153742875,-0.980418626868684,
-0.946605878664692,-0.912793351576113,-0.878981123617523,-0.845169328705309,
-0.81135821992788,-0.777548361637989,-0.743741521572563,-0.709933690407642,
-0.693027909055141,-0.676125808269436,-0.65923161467419,-0.642338345308582,
-0.625453920136592,-0.616999230506348,-0.608546450423949,-0.600094152690371,
-0.591641848929696,-0.583190892962756,-0.574738944041655,-0.566286614542499,
-0.557835373244188,-0.540928531509082,-0.524021689773976,-0.515570448475666,
-0.507118118976508,-0.498666170055408,-0.490215214088468,-0.481762910327793,
-0.473310612594216,-0.464857832511816,-0.456403142881573,-0.439518717709585,
-0.422625448343974,-0.405731254748728,-0.388829153963025,-0.371923372610524,
-0.338115541445603,-0.304308701380172,-0.270498843090285,-0.236687734312858,
-0.202875939400642,-0.169063711442051,-0.135251184353474,-0.101438436149482,
-0.0676255255894121,-0.0338126420443357,0.),(0.,1.62),.UNSPECIFIED.);
#36=B_SPLINE_SURFACE_WITH_KNOTS('',3,1,((#8904,#8905),(#8906,#8907),(#8908,
#8909),(#8910,#8911),(#8912,#8913),(#8914,#8915),(#8916,#8917),(#8918,#8919),
(#8920,#8921),(#8922,#8923),(#8924,#8925),(#8926,#8927),(#8928,#8929),(#8930,
#8931),(#8932,#8933),(#8934,#8935),(#8936,#8937),(#8938,#8939),(#8940,#8941),
(#8942,#8943),(#8944,#8945),(#8946,#8947),(#8948,#8949),(#8950,#8951),(#8952,
#8953),(#8954,#8955),(#8956,#8957),(#8958,#8959),(#8960,#8961),(#8962,#8963),
(#8964,#8965),(#8966,#8967),(#8968,#8969),(#8970,#8971),(#8972,#8973),(#8974,
#8975),(#8976,#8977),(#8978,#8979),(#8980,#8981),(#8982,#8983),(#8984,#8985),
(#8986,#8987),(#8988,#8989),(#8990,#8991),(#8992,#8993),(#8994,#8995),(#8996,
#8997),(#8998,#8999),(#9000,#9001),(#9002,#9003),(#9004,#9005),(#9006,#9007),
(#9008,#9009)),.UNSPECIFIED.,.F.,.F.,.F.,(4,1,1,1,1,1,1,1,1,1,1,1,1,1,1,
1,1,1,1,1,1,1,1,1,1,1,1,1,1,1,1,1,1,1,1,1,1,1,1,1,1,1,1,1,1,1,1,1,1,1,4),
(2,2),(-1.08185706301816,-1.04804442097383,-1.01423153742875,-0.980418626868684,
-0.946605878664692,-0.912793351576113,-0.878981123617523,-0.845169328705309,
-0.81135821992788,-0.777548361637989,-0.743741521572563,-0.709933690407642,
-0.693027909055141,-0.676125808269436,-0.65923161467419,-0.642338345308582,
-0.625453920136592,-0.616999230506348,-0.608546450423949,-0.600094152690371,
-0.591641848929696,-0.583190892962756,-0.574738944041655,-0.566286614542499,
-0.557835373244188,-0.540928531509082,-0.524021689773976,-0.515570448475666,
-0.507118118976508,-0.498666170055408,-0.490215214088468,-0.481762910327793,
-0.473310612594216,-0.464857832511816,-0.456403142881573,-0.439518717709585,
-0.422625448343974,-0.405731254748728,-0.388829153963025,-0.371923372610524,
-0.338115541445603,-0.304308701380172,-0.270498843090285,-0.236687734312858,
-0.202875939400642,-0.169063711442051,-0.135251184353474,-0.101438436149482,
-0.0676255255894121,-0.0338126420443357,0.),(0.,1.62),.UNSPECIFIED.);
#37=B_SPLINE_SURFACE_WITH_KNOTS('',3,1,((#9067,#9068),(#9069,#9070),(#9071,
#9072),(#9073,#9074),(#9075,#9076),(#9077,#9078),(#9079,#9080),(#9081,#9082),
(#9083,#9084),(#9085,#9086),(#9087,#9088),(#9089,#9090),(#9091,#9092),(#9093,
#9094),(#9095,#9096),(#9097,#9098),(#9099,#9100),(#9101,#9102),(#9103,#9104),
(#9105,#9106),(#9107,#9108),(#9109,#9110),(#9111,#9112),(#9113,#9114),(#9115,
#9116),(#9117,#9118),(#9119,#9120),(#9121,#9122),(#9123,#9124),(#9125,#9126),
(#9127,#9128),(#9129,#9130),(#9131,#9132),(#9133,#9134),(#9135,#9136),(#9137,
#9138),(#9139,#9140),(#9141,#9142),(#9143,#9144),(#9145,#9146),(#9147,#9148),
(#9149,#9150),(#9151,#9152),(#9153,#9154),(#9155,#9156),(#9157,#9158),(#9159,
#9160),(#9161,#9162),(#9163,#9164),(#9165,#9166),(#9167,#9168),(#9169,#9170),
(#9171,#9172)),.UNSPECIFIED.,.F.,.F.,.F.,(4,1,1,1,1,1,1,1,1,1,1,1,1,1,1,
1,1,1,1,1,1,1,1,1,1,1,1,1,1,1,1,1,1,1,1,1,1,1,1,1,1,1,1,1,1,1,1,1,1,1,4),
(2,2),(-1.08185706301816,-1.04804442097383,-1.01423153742875,-0.980418626868684,
-0.946605878664692,-0.912793351576113,-0.878981123617523,-0.845169328705309,
-0.81135821992788,-0.777548361637989,-0.743741521572563,-0.709933690407642,
-0.693027909055141,-0.676125808269436,-0.65923161467419,-0.642338345308582,
-0.625453920136592,-0.616999230506348,-0.608546450423949,-0.600094152690371,
-0.591641848929696,-0.583190892962756,-0.574738944041655,-0.566286614542499,
-0.557835373244188,-0.540928531509082,-0.524021689773976,-0.515570448475666,
-0.507118118976508,-0.498666170055408,-0.490215214088468,-0.481762910327793,
-0.473310612594216,-0.464857832511816,-0.456403142881573,-0.439518717709585,
-0.422625448343974,-0.405731254748728,-0.388829153963025,-0.371923372610524,
-0.338115541445603,-0.304308701380172,-0.270498843090285,-0.236687734312858,
-0.202875939400642,-0.169063711442051,-0.135251184353474,-0.101438436149482,
-0.0676255255894121,-0.0338126420443357,0.),(0.,1.62),.UNSPECIFIED.);
#38=B_SPLINE_SURFACE_WITH_KNOTS('',3,1,((#9230,#9231),(#9232,#9233),(#9234,
#9235),(#9236,#9237),(#9238,#9239),(#9240,#9241),(#9242,#9243),(#9244,#9245),
(#9246,#9247),(#9248,#9249),(#9250,#9251),(#9252,#9253),(#9254,#9255),(#9256,
#9257),(#9258,#9259),(#9260,#9261),(#9262,#9263),(#9264,#9265),(#9266,#9267),
(#9268,#9269),(#9270,#9271),(#9272,#9273),(#9274,#9275),(#9276,#9277),(#9278,
#9279),(#9280,#9281),(#9282,#9283),(#9284,#9285),(#9286,#9287),(#9288,#9289),
(#9290,#9291),(#9292,#9293),(#9294,#9295),(#9296,#9297),(#9298,#9299),(#9300,
#9301),(#9302,#9303),(#9304,#9305),(#9306,#9307),(#9308,#9309),(#9310,#9311),
(#9312,#9313),(#9314,#9315),(#9316,#9317),(#9318,#9319),(#9320,#9321),(#9322,
#9323),(#9324,#9325),(#9326,#9327),(#9328,#9329),(#9330,#9331),(#9332,#9333),
(#9334,#9335)),.UNSPECIFIED.,.F.,.F.,.F.,(4,1,1,1,1,1,1,1,1,1,1,1,1,1,1,
1,1,1,1,1,1,1,1,1,1,1,1,1,1,1,1,1,1,1,1,1,1,1,1,1,1,1,1,1,1,1,1,1,1,1,4),
(2,2),(-1.08185706301816,-1.04804442097383,-1.01423153742875,-0.980418626868684,
-0.946605878664692,-0.912793351576113,-0.878981123617523,-0.845169328705309,
-0.81135821992788,-0.777548361637989,-0.743741521572563,-0.709933690407642,
-0.693027909055141,-0.676125808269436,-0.65923161467419,-0.642338345308582,
-0.625453920136592,-0.616999230506348,-0.608546450423949,-0.600094152690371,
-0.591641848929696,-0.583190892962756,-0.574738944041655,-0.566286614542499,
-0.557835373244188,-0.540928531509082,-0.524021689773976,-0.515570448475666,
-0.507118118976508,-0.498666170055408,-0.490215214088468,-0.481762910327793,
-0.473310612594216,-0.464857832511816,-0.456403142881573,-0.439518717709585,
-0.422625448343974,-0.405731254748728,-0.388829153963025,-0.371923372610524,
-0.338115541445603,-0.304308701380172,-0.270498843090285,-0.236687734312858,
-0.202875939400642,-0.169063711442051,-0.135251184353474,-0.101438436149482,
-0.0676255255894121,-0.0338126420443357,0.),(0.,1.62),.UNSPECIFIED.);
#39=B_SPLINE_SURFACE_WITH_KNOTS('',3,1,((#9393,#9394),(#9395,#9396),(#9397,
#9398),(#9399,#9400),(#9401,#9402),(#9403,#9404),(#9405,#9406),(#9407,#9408),
(#9409,#9410),(#9411,#9412),(#9413,#9414),(#9415,#9416),(#9417,#9418),(#9419,
#9420),(#9421,#9422),(#9423,#9424),(#9425,#9426),(#9427,#9428),(#9429,#9430),
(#9431,#9432),(#9433,#9434),(#9435,#9436),(#9437,#9438),(#9439,#9440),(#9441,
#9442),(#9443,#9444),(#9445,#9446),(#9447,#9448),(#9449,#9450),(#9451,#9452),
(#9453,#9454),(#9455,#9456),(#9457,#9458),(#9459,#9460),(#9461,#9462),(#9463,
#9464),(#9465,#9466),(#9467,#9468),(#9469,#9470),(#9471,#9472),(#9473,#9474),
(#9475,#9476),(#9477,#9478),(#9479,#9480),(#9481,#9482),(#9483,#9484),(#9485,
#9486),(#9487,#9488),(#9489,#9490),(#9491,#9492),(#9493,#9494),(#9495,#9496),
(#9497,#9498)),.UNSPECIFIED.,.F.,.F.,.F.,(4,1,1,1,1,1,1,1,1,1,1,1,1,1,1,
1,1,1,1,1,1,1,1,1,1,1,1,1,1,1,1,1,1,1,1,1,1,1,1,1,1,1,1,1,1,1,1,1,1,1,4),
(2,2),(-1.08185706301816,-1.04804442097383,-1.01423153742875,-0.980418626868684,
-0.946605878664692,-0.912793351576113,-0.878981123617523,-0.845169328705309,
-0.81135821992788,-0.777548361637989,-0.743741521572563,-0.709933690407642,
-0.693027909055141,-0.676125808269436,-0.65923161467419,-0.642338345308582,
-0.625453920136592,-0.616999230506348,-0.608546450423949,-0.600094152690371,
-0.591641848929696,-0.583190892962756,-0.574738944041655,-0.566286614542499,
-0.557835373244188,-0.540928531509082,-0.524021689773976,-0.515570448475666,
-0.507118118976508,-0.498666170055408,-0.490215214088468,-0.481762910327793,
-0.473310612594216,-0.464857832511816,-0.456403142881573,-0.439518717709585,
-0.422625448343974,-0.405731254748728,-0.388829153963025,-0.371923372610524,
-0.338115541445603,-0.304308701380172,-0.270498843090285,-0.236687734312858,
-0.202875939400642,-0.169063711442051,-0.135251184353474,-0.101438436149482,
-0.0676255255894121,-0.0338126420443357,0.),(0.,1.62),.UNSPECIFIED.);
#40=B_SPLINE_SURFACE_WITH_KNOTS('',3,1,((#9556,#9557),(#9558,#9559),(#9560,
#9561),(#9562,#9563),(#9564,#9565),(#9566,#9567),(#9568,#9569),(#9570,#9571),
(#9572,#9573),(#9574,#9575),(#9576,#9577),(#9578,#9579),(#9580,#9581),(#9582,
#9583),(#9584,#9585),(#9586,#9587),(#9588,#9589),(#9590,#9591),(#9592,#9593),
(#9594,#9595),(#9596,#9597),(#9598,#9599),(#9600,#9601),(#9602,#9603),(#9604,
#9605),(#9606,#9607),(#9608,#9609),(#9610,#9611),(#9612,#9613),(#9614,#9615),
(#9616,#9617),(#9618,#9619),(#9620,#9621),(#9622,#9623),(#9624,#9625),(#9626,
#9627),(#9628,#9629),(#9630,#9631),(#9632,#9633),(#9634,#9635),(#9636,#9637),
(#9638,#9639),(#9640,#9641),(#9642,#9643),(#9644,#9645),(#9646,#9647),(#9648,
#9649),(#9650,#9651),(#9652,#9653),(#9654,#9655),(#9656,#9657),(#9658,#9659),
(#9660,#9661)),.UNSPECIFIED.,.F.,.F.,.F.,(4,1,1,1,1,1,1,1,1,1,1,1,1,1,1,
1,1,1,1,1,1,1,1,1,1,1,1,1,1,1,1,1,1,1,1,1,1,1,1,1,1,1,1,1,1,1,1,1,1,1,4),
(2,2),(-1.08185706301816,-1.04804442097383,-1.01423153742875,-0.980418626868684,
-0.946605878664692,-0.912793351576113,-0.878981123617523,-0.845169328705309,
-0.81135821992788,-0.777548361637989,-0.743741521572563,-0.709933690407642,
-0.693027909055141,-0.676125808269436,-0.65923161467419,-0.642338345308582,
-0.625453920136592,-0.616999230506348,-0.608546450423949,-0.600094152690371,
-0.591641848929696,-0.583190892962756,-0.574738944041655,-0.566286614542499,
-0.557835373244188,-0.540928531509082,-0.524021689773976,-0.515570448475666,
-0.507118118976508,-0.498666170055408,-0.490215214088468,-0.481762910327793,
-0.473310612594216,-0.464857832511816,-0.456403142881573,-0.439518717709585,
-0.422625448343974,-0.405731254748728,-0.388829153963025,-0.371923372610524,
-0.338115541445603,-0.304308701380172,-0.270498843090285,-0.236687734312858,
-0.202875939400642,-0.169063711442051,-0.135251184353474,-0.101438436149482,
-0.0676255255894121,-0.0338126420443357,0.),(0.,1.62),.UNSPECIFIED.);
#41=B_SPLINE_SURFACE_WITH_KNOTS('',3,1,((#9717,#9718),(#9719,#9720),(#9721,
#9722),(#9723,#9724),(#9725,#9726),(#9727,#9728),(#9729,#9730),(#9731,#9732),
(#9733,#9734),(#9735,#9736),(#9737,#9738),(#9739,#9740),(#9741,#9742),(#9743,
#9744),(#9745,#9746),(#9747,#9748),(#9749,#9750),(#9751,#9752),(#9753,#9754),
(#9755,#9756),(#9757,#9758),(#9759,#9760),(#9761,#9762),(#9763,#9764),(#9765,
#9766),(#9767,#9768),(#9769,#9770),(#9771,#9772),(#9773,#9774),(#9775,#9776),
(#9777,#9778),(#9779,#9780),(#9781,#9782),(#9783,#9784),(#9785,#9786),(#9787,
#9788),(#9789,#9790),(#9791,#9792),(#9793,#9794),(#9795,#9796),(#9797,#9798),
(#9799,#9800),(#9801,#9802),(#9803,#9804),(#9805,#9806),(#9807,#9808),(#9809,
#9810),(#9811,#9812),(#9813,#9814),(#9815,#9816),(#9817,#9818),(#9819,#9820),
(#9821,#9822)),.UNSPECIFIED.,.F.,.F.,.F.,(4,1,1,1,1,1,1,1,1,1,1,1,1,1,1,
1,1,1,1,1,1,1,1,1,1,1,1,1,1,1,1,1,1,1,1,1,1,1,1,1,1,1,1,1,1,1,1,1,1,1,4),
(2,2),(-1.08185706301816,-1.04804442097383,-1.01423153742875,-0.980418626868684,
-0.946605878664692,-0.912793351576113,-0.878981123617523,-0.845169328705309,
-0.81135821992788,-0.777548361637989,-0.743741521572563,-0.709933690407642,
-0.693027909055141,-0.676125808269436,-0.65923161467419,-0.642338345308582,
-0.625453920136592,-0.616999230506348,-0.608546450423949,-0.600094152690371,
-0.591641848929696,-0.583190892962756,-0.574738944041655,-0.566286614542499,
-0.557835373244188,-0.540928531509082,-0.524021689773976,-0.515570448475666,
-0.507118118976508,-0.498666170055408,-0.490215214088468,-0.481762910327793,
-0.473310612594216,-0.464857832511816,-0.456403142881573,-0.439518717709585,
-0.422625448343974,-0.405731254748728,-0.388829153963025,-0.371923372610524,
-0.338115541445603,-0.304308701380172,-0.270498843090285,-0.236687734312858,
-0.202875939400642,-0.169063711442051,-0.135251184353474,-0.101438436149482,
-0.0676255255894121,-0.0338126420443357,0.),(0.,1.62),.UNSPECIFIED.);
#42=B_SPLINE_SURFACE_WITH_KNOTS('',3,1,((#9880,#9881),(#9882,#9883),(#9884,
#9885),(#9886,#9887),(#9888,#9889),(#9890,#9891),(#9892,#9893),(#9894,#9895),
(#9896,#9897),(#9898,#9899),(#9900,#9901),(#9902,#9903),(#9904,#9905),(#9906,
#9907),(#9908,#9909),(#9910,#9911),(#9912,#9913),(#9914,#9915),(#9916,#9917),
(#9918,#9919),(#9920,#9921),(#9922,#9923),(#9924,#9925),(#9926,#9927),(#9928,
#9929),(#9930,#9931),(#9932,#9933),(#9934,#9935),(#9936,#9937),(#9938,#9939),
(#9940,#9941),(#9942,#9943),(#9944,#9945),(#9946,#9947),(#9948,#9949),(#9950,
#9951),(#9952,#9953),(#9954,#9955),(#9956,#9957),(#9958,#9959),(#9960,#9961),
(#9962,#9963),(#9964,#9965),(#9966,#9967),(#9968,#9969),(#9970,#9971),(#9972,
#9973),(#9974,#9975),(#9976,#9977),(#9978,#9979),(#9980,#9981),(#9982,#9983),
(#9984,#9985)),.UNSPECIFIED.,.F.,.F.,.F.,(4,1,1,1,1,1,1,1,1,1,1,1,1,1,1,
1,1,1,1,1,1,1,1,1,1,1,1,1,1,1,1,1,1,1,1,1,1,1,1,1,1,1,1,1,1,1,1,1,1,1,4),
(2,2),(-1.08185706301816,-1.04804442097383,-1.01423153742875,-0.980418626868684,
-0.946605878664692,-0.912793351576113,-0.878981123617523,-0.845169328705309,
-0.81135821992788,-0.777548361637989,-0.743741521572563,-0.709933690407642,
-0.693027909055141,-0.676125808269436,-0.65923161467419,-0.642338345308582,
-0.625453920136592,-0.616999230506348,-0.608546450423949,-0.600094152690371,
-0.591641848929696,-0.583190892962756,-0.574738944041655,-0.566286614542499,
-0.557835373244188,-0.540928531509082,-0.524021689773976,-0.515570448475666,
-0.507118118976508,-0.498666170055408,-0.490215214088468,-0.481762910327793,
-0.473310612594216,-0.464857832511816,-0.456403142881573,-0.439518717709585,
-0.422625448343974,-0.405731254748728,-0.388829153963025,-0.371923372610524,
-0.338115541445603,-0.304308701380172,-0.270498843090285,-0.236687734312858,
-0.202875939400642,-0.169063711442051,-0.135251184353474,-0.101438436149482,
-0.0676255255894121,-0.0338126420443357,0.),(0.,1.62),.UNSPECIFIED.);
#43=B_SPLINE_SURFACE_WITH_KNOTS('',3,1,((#10146,#10147),(#10148,#10149),
(#10150,#10151),(#10152,#10153),(#10154,#10155),(#10156,#10157),(#10158,
#10159),(#10160,#10161),(#10162,#10163),(#10164,#10165),(#10166,#10167),
(#10168,#10169),(#10170,#10171),(#10172,#10173),(#10174,#10175),(#10176,
#10177),(#10178,#10179),(#10180,#10181),(#10182,#10183),(#10184,#10185),
(#10186,#10187),(#10188,#10189),(#10190,#10191),(#10192,#10193),(#10194,
#10195),(#10196,#10197),(#10198,#10199),(#10200,#10201),(#10202,#10203),
(#10204,#10205),(#10206,#10207),(#10208,#10209),(#10210,#10211),(#10212,
#10213),(#10214,#10215),(#10216,#10217),(#10218,#10219),(#10220,#10221),
(#10222,#10223),(#10224,#10225),(#10226,#10227),(#10228,#10229),(#10230,
#10231),(#10232,#10233),(#10234,#10235),(#10236,#10237),(#10238,#10239),
(#10240,#10241),(#10242,#10243),(#10244,#10245),(#10246,#10247),(#10248,
#10249),(#10250,#10251)),.UNSPECIFIED.,.F.,.F.,.F.,(4,1,1,1,1,1,1,1,1,1,
1,1,1,1,1,1,1,1,1,1,1,1,1,1,1,1,1,1,1,1,1,1,1,1,1,1,1,1,1,1,1,1,1,1,1,1,
1,1,1,1,4),(2,2),(-1.08185706301816,-1.04804442097383,-1.01423153742875,
-0.980418626868684,-0.946605878664692,-0.912793351576113,-0.878981123617523,
-0.845169328705309,-0.81135821992788,-0.777548361637989,-0.743741521572563,
-0.709933690407642,-0.693027909055141,-0.676125808269436,-0.65923161467419,
-0.642338345308582,-0.625453920136592,-0.616999230506348,-0.608546450423949,
-0.600094152690371,-0.591641848929696,-0.583190892962756,-0.574738944041655,
-0.566286614542499,-0.557835373244188,-0.540928531509082,-0.524021689773976,
-0.515570448475666,-0.507118118976508,-0.498666170055408,-0.490215214088468,
-0.481762910327793,-0.473310612594216,-0.464857832511816,-0.456403142881573,
-0.439518717709585,-0.422625448343974,-0.405731254748728,-0.388829153963025,
-0.371923372610524,-0.338115541445603,-0.304308701380172,-0.270498843090285,
-0.236687734312858,-0.202875939400642,-0.169063711442051,-0.135251184353474,
-0.101438436149482,-0.0676255255894121,-0.0338126420443357,0.),(0.,1.62),
 .UNSPECIFIED.);
#44=FACE_BOUND('',#292,.T.);
#45=FACE_BOUND('',#379,.T.);
#46=FACE_BOUND('',#423,.T.);
#47=PLANE('',#3140);
#48=PLANE('',#3155);
#49=PLANE('',#3156);
#50=PLANE('',#3157);
#51=PLANE('',#3158);
#52=PLANE('',#3159);
#53=PLANE('',#3160);
#54=PLANE('',#3161);
#55=PLANE('',#3162);
#56=PLANE('',#3163);
#57=PLANE('',#3164);
#58=PLANE('',#3165);
#59=PLANE('',#3166);
#60=PLANE('',#3167);
#61=PLANE('',#3168);
#62=PLANE('',#3169);
#63=PLANE('',#3170);
#64=PLANE('',#3171);
#65=PLANE('',#3172);
#66=PLANE('',#3173);
#67=PLANE('',#3174);
#68=PLANE('',#3175);
#69=PLANE('',#3176);
#70=PLANE('',#3177);
#71=PLANE('',#3178);
#72=PLANE('',#3179);
#73=PLANE('',#3180);
#74=PLANE('',#3181);
#75=PLANE('',#3182);
#76=PLANE('',#3183);
#77=PLANE('',#3184);
#78=PLANE('',#3185);
#79=PLANE('',#3186);
#80=PLANE('',#3187);
#81=PLANE('',#3188);
#82=PLANE('',#3189);
#83=PLANE('',#3190);
#84=PLANE('',#3191);
#85=PLANE('',#3192);
#86=PLANE('',#3193);
#87=PLANE('',#3194);
#88=PLANE('',#3195);
#89=PLANE('',#3196);
#90=PLANE('',#3197);
#91=PLANE('',#3198);
#92=PLANE('',#3199);
#93=PLANE('',#3200);
#94=PLANE('',#3201);
#95=PLANE('',#3202);
#96=PLANE('',#3203);
#97=PLANE('',#3204);
#98=PLANE('',#3205);
#99=PLANE('',#3206);
#100=PLANE('',#3207);
#101=PLANE('',#3208);
#102=PLANE('',#3209);
#103=PLANE('',#3210);
#104=PLANE('',#3211);
#105=PLANE('',#3212);
#106=PLANE('',#3213);
#107=PLANE('',#3214);
#108=PLANE('',#3215);
#109=PLANE('',#3216);
#110=PLANE('',#3217);
#111=PLANE('',#3218);
#112=PLANE('',#3219);
#113=PLANE('',#3220);
#114=PLANE('',#3221);
#115=PLANE('',#3222);
#116=PLANE('',#3223);
#117=PLANE('',#3224);
#118=PLANE('',#3225);
#119=PLANE('',#3226);
#120=PLANE('',#3227);
#121=PLANE('',#3228);
#122=PLANE('',#3229);
#123=PLANE('',#3230);
#124=PLANE('',#3231);
#125=PLANE('',#3232);
#126=PLANE('',#3233);
#127=PLANE('',#3234);
#128=PLANE('',#3235);
#129=PLANE('',#3302);
#130=PLANE('',#3303);
#131=PLANE('',#3304);
#132=PLANE('',#3305);
#133=PLANE('',#3306);
#134=PLANE('',#3309);
#135=FACE_OUTER_BOUND('',#290,.T.);
#136=FACE_OUTER_BOUND('',#291,.T.);
#137=FACE_OUTER_BOUND('',#293,.T.);
#138=FACE_OUTER_BOUND('',#294,.T.);
#139=FACE_OUTER_BOUND('',#295,.T.);
#140=FACE_OUTER_BOUND('',#296,.T.);
#141=FACE_OUTER_BOUND('',#297,.T.);
#142=FACE_OUTER_BOUND('',#298,.T.);
#143=FACE_OUTER_BOUND('',#299,.T.);
#144=FACE_OUTER_BOUND('',#300,.T.);
#145=FACE_OUTER_BOUND('',#301,.T.);
#146=FACE_OUTER_BOUND('',#302,.T.);
#147=FACE_OUTER_BOUND('',#303,.T.);
#148=FACE_OUTER_BOUND('',#304,.T.);
#149=FACE_OUTER_BOUND('',#305,.T.);
#150=FACE_OUTER_BOUND('',#306,.T.);
#151=FACE_OUTER_BOUND('',#307,.T.);
#152=FACE_OUTER_BOUND('',#308,.T.);
#153=FACE_OUTER_BOUND('',#309,.T.);
#154=FACE_OUTER_BOUND('',#310,.T.);
#155=FACE_OUTER_BOUND('',#311,.T.);
#156=FACE_OUTER_BOUND('',#312,.T.);
#157=FACE_OUTER_BOUND('',#313,.T.);
#158=FACE_OUTER_BOUND('',#314,.T.);
#159=FACE_OUTER_BOUND('',#315,.T.);
#160=FACE_OUTER_BOUND('',#316,.T.);
#161=FACE_OUTER_BOUND('',#317,.T.);
#162=FACE_OUTER_BOUND('',#318,.T.);
#163=FACE_OUTER_BOUND('',#319,.T.);
#164=FACE_OUTER_BOUND('',#320,.T.);
#165=FACE_OUTER_BOUND('',#321,.T.);
#166=FACE_OUTER_BOUND('',#322,.T.);
#167=FACE_OUTER_BOUND('',#323,.T.);
#168=FACE_OUTER_BOUND('',#324,.T.);
#169=FACE_OUTER_BOUND('',#325,.T.);
#170=FACE_OUTER_BOUND('',#326,.T.);
#171=FACE_OUTER_BOUND('',#327,.T.);
#172=FACE_OUTER_BOUND('',#328,.T.);
#173=FACE_OUTER_BOUND('',#329,.T.);
#174=FACE_OUTER_BOUND('',#330,.T.);
#175=FACE_OUTER_BOUND('',#331,.T.);
#176=FACE_OUTER_BOUND('',#332,.T.);
#177=FACE_OUTER_BOUND('',#333,.T.);
#178=FACE_OUTER_BOUND('',#334,.T.);
#179=FACE_OUTER_BOUND('',#335,.T.);
#180=FACE_OUTER_BOUND('',#336,.T.);
#181=FACE_OUTER_BOUND('',#337,.T.);
#182=FACE_OUTER_BOUND('',#338,.T.);
#183=FACE_OUTER_BOUND('',#339,.T.);
#184=FACE_OUTER_BOUND('',#340,.T.);
#185=FACE_OUTER_BOUND('',#341,.T.);
#186=FACE_OUTER_BOUND('',#342,.T.);
#187=FACE_OUTER_BOUND('',#343,.T.);
#188=FACE_OUTER_BOUND('',#344,.T.);
#189=FACE_OUTER_BOUND('',#345,.T.);
#190=FACE_OUTER_BOUND('',#346,.T.);
#191=FACE_OUTER_BOUND('',#347,.T.);
#192=FACE_OUTER_BOUND('',#348,.T.);
#193=FACE_OUTER_BOUND('',#349,.T.);
#194=FACE_OUTER_BOUND('',#350,.T.);
#195=FACE_OUTER_BOUND('',#351,.T.);
#196=FACE_OUTER_BOUND('',#352,.T.);
#197=FACE_OUTER_BOUND('',#353,.T.);
#198=FACE_OUTER_BOUND('',#354,.T.);
#199=FACE_OUTER_BOUND('',#355,.T.);
#200=FACE_OUTER_BOUND('',#356,.T.);
#201=FACE_OUTER_BOUND('',#357,.T.);
#202=FACE_OUTER_BOUND('',#358,.T.);
#203=FACE_OUTER_BOUND('',#359,.T.);
#204=FACE_OUTER_BOUND('',#360,.T.);
#205=FACE_OUTER_BOUND('',#361,.T.);
#206=FACE_OUTER_BOUND('',#362,.T.);
#207=FACE_OUTER_BOUND('',#363,.T.);
#208=FACE_OUTER_BOUND('',#364,.T.);
#209=FACE_OUTER_BOUND('',#365,.T.);
#210=FACE_OUTER_BOUND('',#366,.T.);
#211=FACE_OUTER_BOUND('',#367,.T.);
#212=FACE_OUTER_BOUND('',#368,.T.);
#213=FACE_OUTER_BOUND('',#369,.T.);
#214=FACE_OUTER_BOUND('',#370,.T.);
#215=FACE_OUTER_BOUND('',#371,.T.);
#216=FACE_OUTER_BOUND('',#372,.T.);
#217=FACE_OUTER_BOUND('',#373,.T.);
#218=FACE_OUTER_BOUND('',#374,.T.);
#219=FACE_OUTER_BOUND('',#375,.T.);
#220=FACE_OUTER_BOUND('',#376,.T.);
#221=FACE_OUTER_BOUND('',#377,.T.);
#222=FACE_OUTER_BOUND('',#378,.T.);
#223=FACE_OUTER_BOUND('',#380,.T.);
#224=FACE_OUTER_BOUND('',#381,.T.);
#225=FACE_OUTER_BOUND('',#382,.T.);
#226=FACE_OUTER_BOUND('',#383,.T.);
#227=FACE_OUTER_BOUND('',#384,.T.);
#228=FACE_OUTER_BOUND('',#385,.T.);
#229=FACE_OUTER_BOUND('',#386,.T.);
#230=FACE_OUTER_BOUND('',#387,.T.);
#231=FACE_OUTER_BOUND('',#388,.T.);
#232=FACE_OUTER_BOUND('',#389,.T.);
#233=FACE_OUTER_BOUND('',#390,.T.);
#234=FACE_OUTER_BOUND('',#391,.T.);
#235=FACE_OUTER_BOUND('',#392,.T.);
#236=FACE_OUTER_BOUND('',#393,.T.);
#237=FACE_OUTER_BOUND('',#394,.T.);
#238=FACE_OUTER_BOUND('',#395,.T.);
#239=FACE_OUTER_BOUND('',#396,.T.);
#240=FACE_OUTER_BOUND('',#397,.T.);
#241=FACE_OUTER_BOUND('',#398,.T.);
#242=FACE_OUTER_BOUND('',#399,.T.);
#243=FACE_OUTER_BOUND('',#400,.T.);
#244=FACE_OUTER_BOUND('',#401,.T.);
#245=FACE_OUTER_BOUND('',#402,.T.);
#246=FACE_OUTER_BOUND('',#403,.T.);
#247=FACE_OUTER_BOUND('',#404,.T.);
#248=FACE_OUTER_BOUND('',#405,.T.);
#249=FACE_OUTER_BOUND('',#406,.T.);
#250=FACE_OUTER_BOUND('',#407,.T.);
#251=FACE_OUTER_BOUND('',#408,.T.);
#252=FACE_OUTER_BOUND('',#409,.T.);
#253=FACE_OUTER_BOUND('',#410,.T.);
#254=FACE_OUTER_BOUND('',#411,.T.);
#255=FACE_OUTER_BOUND('',#412,.T.);
#256=FACE_OUTER_BOUND('',#413,.T.);
#257=FACE_OUTER_BOUND('',#414,.T.);
#258=FACE_OUTER_BOUND('',#415,.T.);
#259=FACE_OUTER_BOUND('',#416,.T.);
#260=FACE_OUTER_BOUND('',#417,.T.);
#261=FACE_OUTER_BOUND('',#418,.T.);
#262=FACE_OUTER_BOUND('',#419,.T.);
#263=FACE_OUTER_BOUND('',#420,.T.);
#264=FACE_OUTER_BOUND('',#421,.T.);
#265=FACE_OUTER_BOUND('',#422,.T.);
#266=FACE_OUTER_BOUND('',#424,.T.);
#267=FACE_OUTER_BOUND('',#425,.T.);
#268=FACE_OUTER_BOUND('',#426,.T.);
#269=FACE_OUTER_BOUND('',#427,.T.);
#270=FACE_OUTER_BOUND('',#428,.T.);
#271=FACE_OUTER_BOUND('',#429,.T.);
#272=FACE_OUTER_BOUND('',#430,.T.);
#273=FACE_OUTER_BOUND('',#431,.T.);
#274=FACE_OUTER_BOUND('',#432,.T.);
#275=FACE_OUTER_BOUND('',#433,.T.);
#276=FACE_OUTER_BOUND('',#434,.T.);
#277=FACE_OUTER_BOUND('',#435,.T.);
#278=FACE_OUTER_BOUND('',#436,.T.);
#279=FACE_OUTER_BOUND('',#437,.T.);
#280=FACE_OUTER_BOUND('',#438,.T.);
#281=FACE_OUTER_BOUND('',#439,.T.);
#282=FACE_OUTER_BOUND('',#440,.T.);
#283=FACE_OUTER_BOUND('',#441,.T.);
#284=FACE_OUTER_BOUND('',#442,.T.);
#285=FACE_OUTER_BOUND('',#443,.T.);
#286=FACE_OUTER_BOUND('',#444,.T.);
#287=FACE_OUTER_BOUND('',#445,.T.);
#288=FACE_OUTER_BOUND('',#446,.T.);
#289=FACE_OUTER_BOUND('',#447,.T.);
#290=EDGE_LOOP('',(#1994,#1995,#1996,#1997,#1998,#1999,#2000,#2001));
#291=EDGE_LOOP('',(#2002));
#292=EDGE_LOOP('',(#2003));
#293=EDGE_LOOP('',(#2004,#2005,#2006,#2007,#2008,#2009,#2010));
#294=EDGE_LOOP('',(#2011,#2012,#2013,#2014));
#295=EDGE_LOOP('',(#2015,#2016,#2017,#2018));
#296=EDGE_LOOP('',(#2019,#2020,#2021,#2022,#2023,#2024,#2025,#2026,#2027,
#2028,#2029,#2030,#2031,#2032,#2033,#2034));
#297=EDGE_LOOP('',(#2035,#2036,#2037,#2038,#2039,#2040));
#298=EDGE_LOOP('',(#2041,#2042,#2043,#2044));
#299=EDGE_LOOP('',(#2045,#2046,#2047,#2048));
#300=EDGE_LOOP('',(#2049,#2050,#2051,#2052));
#301=EDGE_LOOP('',(#2053,#2054,#2055,#2056));
#302=EDGE_LOOP('',(#2057,#2058,#2059,#2060));
#303=EDGE_LOOP('',(#2061,#2062,#2063,#2064));
#304=EDGE_LOOP('',(#2065,#2066,#2067,#2068));
#305=EDGE_LOOP('',(#2069,#2070,#2071,#2072));
#306=EDGE_LOOP('',(#2073,#2074,#2075,#2076));
#307=EDGE_LOOP('',(#2077,#2078,#2079,#2080));
#308=EDGE_LOOP('',(#2081,#2082,#2083,#2084));
#309=EDGE_LOOP('',(#2085,#2086,#2087,#2088));
#310=EDGE_LOOP('',(#2089,#2090,#2091,#2092));
#311=EDGE_LOOP('',(#2093,#2094,#2095,#2096));
#312=EDGE_LOOP('',(#2097,#2098,#2099,#2100));
#313=EDGE_LOOP('',(#2101,#2102,#2103,#2104));
#314=EDGE_LOOP('',(#2105,#2106,#2107,#2108));
#315=EDGE_LOOP('',(#2109,#2110,#2111,#2112));
#316=EDGE_LOOP('',(#2113,#2114,#2115,#2116));
#317=EDGE_LOOP('',(#2117,#2118,#2119,#2120));
#318=EDGE_LOOP('',(#2121,#2122,#2123,#2124));
#319=EDGE_LOOP('',(#2125,#2126,#2127,#2128));
#320=EDGE_LOOP('',(#2129,#2130,#2131,#2132));
#321=EDGE_LOOP('',(#2133,#2134,#2135,#2136));
#322=EDGE_LOOP('',(#2137,#2138,#2139,#2140));
#323=EDGE_LOOP('',(#2141,#2142,#2143,#2144));
#324=EDGE_LOOP('',(#2145,#2146,#2147,#2148));
#325=EDGE_LOOP('',(#2149,#2150,#2151,#2152));
#326=EDGE_LOOP('',(#2153,#2154,#2155,#2156));
#327=EDGE_LOOP('',(#2157,#2158,#2159,#2160));
#328=EDGE_LOOP('',(#2161,#2162,#2163,#2164));
#329=EDGE_LOOP('',(#2165,#2166,#2167,#2168));
#330=EDGE_LOOP('',(#2169,#2170,#2171,#2172));
#331=EDGE_LOOP('',(#2173,#2174,#2175,#2176));
#332=EDGE_LOOP('',(#2177,#2178,#2179,#2180));
#333=EDGE_LOOP('',(#2181,#2182,#2183,#2184));
#334=EDGE_LOOP('',(#2185,#2186,#2187,#2188));
#335=EDGE_LOOP('',(#2189,#2190,#2191,#2192));
#336=EDGE_LOOP('',(#2193,#2194,#2195,#2196));
#337=EDGE_LOOP('',(#2197,#2198,#2199,#2200));
#338=EDGE_LOOP('',(#2201,#2202,#2203,#2204));
#339=EDGE_LOOP('',(#2205,#2206,#2207,#2208));
#340=EDGE_LOOP('',(#2209,#2210,#2211,#2212));
#341=EDGE_LOOP('',(#2213,#2214,#2215,#2216));
#342=EDGE_LOOP('',(#2217,#2218,#2219,#2220));
#343=EDGE_LOOP('',(#2221,#2222,#2223,#2224));
#344=EDGE_LOOP('',(#2225,#2226,#2227,#2228));
#345=EDGE_LOOP('',(#2229,#2230,#2231,#2232));
#346=EDGE_LOOP('',(#2233,#2234,#2235,#2236));
#347=EDGE_LOOP('',(#2237,#2238,#2239,#2240));
#348=EDGE_LOOP('',(#2241,#2242,#2243,#2244));
#349=EDGE_LOOP('',(#2245,#2246,#2247,#2248));
#350=EDGE_LOOP('',(#2249,#2250,#2251,#2252));
#351=EDGE_LOOP('',(#2253,#2254,#2255,#2256));
#352=EDGE_LOOP('',(#2257,#2258,#2259,#2260));
#353=EDGE_LOOP('',(#2261,#2262,#2263,#2264));
#354=EDGE_LOOP('',(#2265,#2266,#2267,#2268));
#355=EDGE_LOOP('',(#2269,#2270,#2271,#2272));
#356=EDGE_LOOP('',(#2273,#2274,#2275,#2276));
#357=EDGE_LOOP('',(#2277,#2278,#2279,#2280));
#358=EDGE_LOOP('',(#2281,#2282,#2283,#2284));
#359=EDGE_LOOP('',(#2285,#2286,#2287,#2288));
#360=EDGE_LOOP('',(#2289,#2290,#2291,#2292));
#361=EDGE_LOOP('',(#2293,#2294,#2295,#2296));
#362=EDGE_LOOP('',(#2297,#2298,#2299,#2300));
#363=EDGE_LOOP('',(#2301,#2302,#2303,#2304));
#364=EDGE_LOOP('',(#2305,#2306,#2307,#2308));
#365=EDGE_LOOP('',(#2309,#2310,#2311,#2312));
#366=EDGE_LOOP('',(#2313,#2314,#2315,#2316));
#367=EDGE_LOOP('',(#2317,#2318,#2319,#2320));
#368=EDGE_LOOP('',(#2321,#2322,#2323,#2324));
#369=EDGE_LOOP('',(#2325,#2326,#2327,#2328));
#370=EDGE_LOOP('',(#2329,#2330,#2331,#2332));
#371=EDGE_LOOP('',(#2333,#2334,#2335,#2336));
#372=EDGE_LOOP('',(#2337,#2338,#2339,#2340));
#373=EDGE_LOOP('',(#2341,#2342,#2343,#2344));
#374=EDGE_LOOP('',(#2345,#2346,#2347,#2348));
#375=EDGE_LOOP('',(#2349,#2350,#2351,#2352));
#376=EDGE_LOOP('',(#2353,#2354,#2355,#2356));
#377=EDGE_LOOP('',(#2357,#2358,#2359,#2360));
#378=EDGE_LOOP('',(#2361,#2362,#2363,#2364,#2365,#2366,#2367,#2368,#2369,
#2370,#2371,#2372,#2373,#2374,#2375,#2376,#2377,#2378,#2379,#2380,#2381,
#2382,#2383,#2384,#2385,#2386,#2387,#2388,#2389,#2390,#2391,#2392,#2393,
#2394,#2395,#2396,#2397,#2398,#2399,#2400,#2401,#2402,#2403,#2404,#2405,
#2406,#2407,#2408));
#379=EDGE_LOOP('',(#2409,#2410,#2411,#2412,#2413,#2414,#2415,#2416,#2417,
#2418,#2419,#2420,#2421,#2422,#2423,#2424,#2425,#2426,#2427,#2428,#2429,
#2430,#2431,#2432,#2433,#2434,#2435,#2436,#2437,#2438,#2439,#2440,#2441,
#2442,#2443,#2444,#2445,#2446,#2447,#2448,#2449,#2450,#2451,#2452,#2453,
#2454,#2455,#2456,#2457,#2458,#2459,#2460,#2461,#2462,#2463,#2464,#2465,
#2466,#2467,#2468,#2469,#2470,#2471,#2472,#2473,#2474,#2475,#2476,#2477,
#2478,#2479,#2480,#2481,#2482,#2483,#2484,#2485,#2486,#2487,#2488,#2489,
#2490,#2491,#2492,#2493,#2494,#2495,#2496,#2497,#2498,#2499,#2500,#2501,
#2502,#2503,#2504));
#380=EDGE_LOOP('',(#2505,#2506,#2507,#2508));
#381=EDGE_LOOP('',(#2509,#2510,#2511,#2512));
#382=EDGE_LOOP('',(#2513,#2514,#2515,#2516));
#383=EDGE_LOOP('',(#2517,#2518,#2519,#2520));
#384=EDGE_LOOP('',(#2521,#2522,#2523,#2524));
#385=EDGE_LOOP('',(#2525,#2526,#2527,#2528,#2529,#2530,#2531));
#386=EDGE_LOOP('',(#2532,#2533,#2534,#2535));
#387=EDGE_LOOP('',(#2536,#2537,#2538,#2539));
#388=EDGE_LOOP('',(#2540,#2541,#2542,#2543));
#389=EDGE_LOOP('',(#2544,#2545,#2546,#2547));
#390=EDGE_LOOP('',(#2548,#2549,#2550,#2551));
#391=EDGE_LOOP('',(#2552,#2553,#2554,#2555));
#392=EDGE_LOOP('',(#2556,#2557,#2558,#2559));
#393=EDGE_LOOP('',(#2560,#2561,#2562,#2563));
#394=EDGE_LOOP('',(#2564,#2565,#2566,#2567));
#395=EDGE_LOOP('',(#2568,#2569,#2570,#2571));
#396=EDGE_LOOP('',(#2572,#2573,#2574,#2575));
#397=EDGE_LOOP('',(#2576,#2577,#2578,#2579));
#398=EDGE_LOOP('',(#2580,#2581,#2582,#2583));
#399=EDGE_LOOP('',(#2584,#2585,#2586,#2587));
#400=EDGE_LOOP('',(#2588,#2589,#2590,#2591));
#401=EDGE_LOOP('',(#2592,#2593,#2594,#2595));
#402=EDGE_LOOP('',(#2596,#2597,#2598,#2599));
#403=EDGE_LOOP('',(#2600,#2601,#2602,#2603));
#404=EDGE_LOOP('',(#2604,#2605,#2606,#2607));
#405=EDGE_LOOP('',(#2608,#2609,#2610,#2611));
#406=EDGE_LOOP('',(#2612,#2613,#2614,#2615));
#407=EDGE_LOOP('',(#2616,#2617,#2618,#2619));
#408=EDGE_LOOP('',(#2620,#2621,#2622,#2623));
#409=EDGE_LOOP('',(#2624,#2625,#2626,#2627));
#410=EDGE_LOOP('',(#2628,#2629,#2630,#2631));
#411=EDGE_LOOP('',(#2632,#2633,#2634,#2635));
#412=EDGE_LOOP('',(#2636,#2637,#2638,#2639));
#413=EDGE_LOOP('',(#2640,#2641,#2642,#2643));
#414=EDGE_LOOP('',(#2644,#2645,#2646,#2647));
#415=EDGE_LOOP('',(#2648,#2649,#2650,#2651));
#416=EDGE_LOOP('',(#2652,#2653,#2654,#2655));
#417=EDGE_LOOP('',(#2656,#2657,#2658,#2659));
#418=EDGE_LOOP('',(#2660,#2661,#2662,#2663));
#419=EDGE_LOOP('',(#2664,#2665,#2666,#2667));
#420=EDGE_LOOP('',(#2668,#2669,#2670,#2671));
#421=EDGE_LOOP('',(#2672,#2673,#2674,#2675));
#422=EDGE_LOOP('',(#2676,#2677,#2678,#2679,#2680,#2681,#2682,#2683,#2684,
#2685,#2686,#2687,#2688,#2689,#2690,#2691,#2692,#2693,#2694,#2695,#2696,
#2697,#2698,#2699,#2700,#2701,#2702,#2703,#2704,#2705,#2706,#2707,#2708,
#2709,#2710,#2711,#2712,#2713,#2714,#2715,#2716,#2717,#2718,#2719,#2720,
#2721,#2722,#2723));
#423=EDGE_LOOP('',(#2724,#2725,#2726,#2727,#2728,#2729,#2730,#2731,#2732,
#2733,#2734,#2735,#2736,#2737,#2738,#2739,#2740,#2741,#2742,#2743,#2744,
#2745,#2746,#2747,#2748,#2749,#2750,#2751,#2752,#2753,#2754,#2755,#2756,
#2757,#2758,#2759,#2760,#2761,#2762,#2763,#2764,#2765,#2766,#2767,#2768,
#2769,#2770,#2771,#2772,#2773,#2774,#2775,#2776,#2777,#2778,#2779,#2780,
#2781,#2782,#2783,#2784,#2785,#2786,#2787,#2788,#2789,#2790,#2791,#2792,
#2793,#2794,#2795,#2796,#2797,#2798,#2799,#2800,#2801,#2802,#2803,#2804,
#2805,#2806,#2807,#2808,#2809,#2810,#2811,#2812,#2813,#2814,#2815,#2816,
#2817,#2818,#2819));
#424=EDGE_LOOP('',(#2820,#2821,#2822,#2823));
#425=EDGE_LOOP('',(#2824,#2825,#2826,#2827));
#426=EDGE_LOOP('',(#2828,#2829,#2830,#2831,#2832,#2833));
#427=EDGE_LOOP('',(#2834,#2835,#2836,#2837));
#428=EDGE_LOOP('',(#2838,#2839,#2840,#2841));
#429=EDGE_LOOP('',(#2842,#2843,#2844,#2845));
#430=EDGE_LOOP('',(#2846,#2847,#2848,#2849));
#431=EDGE_LOOP('',(#2850,#2851,#2852,#2853));
#432=EDGE_LOOP('',(#2854,#2855,#2856,#2857));
#433=EDGE_LOOP('',(#2858,#2859,#2860,#2861));
#434=EDGE_LOOP('',(#2862,#2863,#2864,#2865));
#435=EDGE_LOOP('',(#2866,#2867,#2868,#2869));
#436=EDGE_LOOP('',(#2870,#2871,#2872,#2873));
#437=EDGE_LOOP('',(#2874,#2875,#2876,#2877));
#438=EDGE_LOOP('',(#2878,#2879,#2880,#2881));
#439=EDGE_LOOP('',(#2882,#2883,#2884,#2885));
#440=EDGE_LOOP('',(#2886,#2887,#2888,#2889));
#441=EDGE_LOOP('',(#2890,#2891,#2892,#2893));
#442=EDGE_LOOP('',(#2894,#2895,#2896,#2897));
#443=EDGE_LOOP('',(#2898,#2899,#2900,#2901));
#444=EDGE_LOOP('',(#2902,#2903,#2904,#2905));
#445=EDGE_LOOP('',(#2906,#2907,#2908,#2909));
#446=EDGE_LOOP('',(#2910,#2911,#2912,#2913));
#447=EDGE_LOOP('',(#2914,#2915,#2916,#2917));
#448=CIRCLE('',#3139,3.25);
#449=CIRCLE('',#3141,1.6);
#450=CIRCLE('',#3143,26.);
#451=CIRCLE('',#3144,26.);
#452=CIRCLE('',#3147,1.6);
#453=CIRCLE('',#3150,1.6);
#454=CIRCLE('',#3153,12.5);
#455=CIRCLE('',#3154,12.5);
#456=CIRCLE('',#3236,26.);
#457=CIRCLE('',#3237,26.);
#458=CIRCLE('',#3238,26.);
#459=CIRCLE('',#3239,26.);
#460=CIRCLE('',#3240,26.);
#461=CIRCLE('',#3241,26.);
#462=CIRCLE('',#3242,26.);
#463=CIRCLE('',#3243,26.);
#464=CIRCLE('',#3244,26.);
#465=CIRCLE('',#3245,26.);
#466=CIRCLE('',#3246,26.);
#467=CIRCLE('',#3247,26.);
#468=CIRCLE('',#3248,26.);
#469=CIRCLE('',#3249,26.);
#470=CIRCLE('',#3250,26.);
#471=CIRCLE('',#3251,26.);
#472=CIRCLE('',#3252,26.);
#473=CIRCLE('',#3253,26.);
#474=CIRCLE('',#3254,26.);
#475=CIRCLE('',#3255,26.);
#476=CIRCLE('',#3256,26.);
#477=CIRCLE('',#3257,26.);
#478=CIRCLE('',#3258,26.);
#479=CIRCLE('',#3259,12.5);
#480=CIRCLE('',#3260,12.5);
#481=CIRCLE('',#3261,12.5);
#482=CIRCLE('',#3262,12.5);
#483=CIRCLE('',#3263,12.5);
#484=CIRCLE('',#3264,12.5);
#485=CIRCLE('',#3265,12.5);
#486=CIRCLE('',#3266,12.5);
#487=CIRCLE('',#3267,12.5);
#488=CIRCLE('',#3268,12.5);
#489=CIRCLE('',#3269,12.5);
#490=CIRCLE('',#3270,12.5);
#491=CIRCLE('',#3271,12.5);
#492=CIRCLE('',#3272,12.5);
#493=CIRCLE('',#3273,12.5);
#494=CIRCLE('',#3275,12.5);
#495=CIRCLE('',#3277,12.5);
#496=CIRCLE('',#3279,12.5);
#497=CIRCLE('',#3281,12.5);
#498=CIRCLE('',#3283,12.5);
#499=CIRCLE('',#3285,12.5);
#500=CIRCLE('',#3287,12.5);
#501=CIRCLE('',#3289,12.5);
#502=CIRCLE('',#3291,12.5);
#503=CIRCLE('',#3293,12.5);
#504=CIRCLE('',#3295,12.5);
#505=CIRCLE('',#3297,12.5);
#506=CIRCLE('',#3299,12.5);
#507=CIRCLE('',#3301,12.5);
#508=CIRCLE('',#3308,12.5);
#509=CIRCLE('',#3310,26.);
#510=CIRCLE('',#3311,26.);
#511=CIRCLE('',#3312,26.);
#512=CIRCLE('',#3313,26.);
#513=CIRCLE('',#3314,26.);
#514=CIRCLE('',#3315,26.);
#515=CIRCLE('',#3316,26.);
#516=CIRCLE('',#3317,26.);
#517=CIRCLE('',#3318,26.);
#518=CIRCLE('',#3319,26.);
#519=CIRCLE('',#3320,26.);
#520=CIRCLE('',#3321,26.);
#521=CIRCLE('',#3322,26.);
#522=CIRCLE('',#3323,26.);
#523=CIRCLE('',#3324,26.);
#524=CIRCLE('',#3325,26.);
#525=CIRCLE('',#3326,26.);
#526=CIRCLE('',#3327,26.);
#527=CIRCLE('',#3328,26.);
#528=CIRCLE('',#3329,26.);
#529=CIRCLE('',#3330,26.);
#530=CIRCLE('',#3331,26.);
#531=CIRCLE('',#3332,26.);
#532=LINE('',#4156,#850);
#533=LINE('',#4214,#851);
#534=LINE('',#4218,#852);
#535=LINE('',#4221,#853);
#536=LINE('',#4329,#854);
#537=LINE('',#4543,#855);
#538=LINE('',#4546,#856);
#539=LINE('',#4553,#857);
#540=LINE('',#4561,#858);
#541=LINE('',#4571,#859);
#542=LINE('',#4579,#860);
#543=LINE('',#4586,#861);
#544=LINE('',#4590,#862);
#545=LINE('',#4593,#863);
#546=LINE('',#4596,#864);
#547=LINE('',#4597,#865);
#548=LINE('',#4600,#866);
#549=LINE('',#4601,#867);
#550=LINE('',#4604,#868);
#551=LINE('',#4605,#869);
#552=LINE('',#4608,#870);
#553=LINE('',#4609,#871);
#554=LINE('',#4612,#872);
#555=LINE('',#4613,#873);
#556=LINE('',#4616,#874);
#557=LINE('',#4617,#875);
#558=LINE('',#4621,#876);
#559=LINE('',#4623,#877);
#560=LINE('',#4625,#878);
#561=LINE('',#4626,#879);
#562=LINE('',#4630,#880);
#563=LINE('',#4631,#881);
#564=LINE('',#4632,#882);
#565=LINE('',#4636,#883);
#566=LINE('',#4638,#884);
#567=LINE('',#4640,#885);
#568=LINE('',#4641,#886);
#569=LINE('',#4644,#887);
#570=LINE('',#4646,#888);
#571=LINE('',#4647,#889);
#572=LINE('',#4649,#890);
#573=LINE('',#4650,#891);
#574=LINE('',#4654,#892);
#575=LINE('',#4656,#893);
#576=LINE('',#4658,#894);
#577=LINE('',#4659,#895);
#578=LINE('',#4663,#896);
#579=LINE('',#4664,#897);
#580=LINE('',#4665,#898);
#581=LINE('',#4669,#899);
#582=LINE('',#4671,#900);
#583=LINE('',#4673,#901);
#584=LINE('',#4674,#902);
#585=LINE('',#4677,#903);
#586=LINE('',#4679,#904);
#587=LINE('',#4680,#905);
#588=LINE('',#4682,#906);
#589=LINE('',#4683,#907);
#590=LINE('',#4687,#908);
#591=LINE('',#4689,#909);
#592=LINE('',#4691,#910);
#593=LINE('',#4692,#911);
#594=LINE('',#4696,#912);
#595=LINE('',#4697,#913);
#596=LINE('',#4698,#914);
#597=LINE('',#4702,#915);
#598=LINE('',#4704,#916);
#599=LINE('',#4706,#917);
#600=LINE('',#4707,#918);
#601=LINE('',#4710,#919);
#602=LINE('',#4712,#920);
#603=LINE('',#4713,#921);
#604=LINE('',#4715,#922);
#605=LINE('',#4716,#923);
#606=LINE('',#4720,#924);
#607=LINE('',#4722,#925);
#608=LINE('',#4724,#926);
#609=LINE('',#4725,#927);
#610=LINE('',#4729,#928);
#611=LINE('',#4730,#929);
#612=LINE('',#4731,#930);
#613=LINE('',#4735,#931);
#614=LINE('',#4737,#932);
#615=LINE('',#4739,#933);
#616=LINE('',#4740,#934);
#617=LINE('',#4743,#935);
#618=LINE('',#4745,#936);
#619=LINE('',#4746,#937);
#620=LINE('',#4748,#938);
#621=LINE('',#4749,#939);
#622=LINE('',#4753,#940);
#623=LINE('',#4755,#941);
#624=LINE('',#4757,#942);
#625=LINE('',#4758,#943);
#626=LINE('',#4762,#944);
#627=LINE('',#4763,#945);
#628=LINE('',#4764,#946);
#629=LINE('',#4768,#947);
#630=LINE('',#4770,#948);
#631=LINE('',#4772,#949);
#632=LINE('',#4773,#950);
#633=LINE('',#4776,#951);
#634=LINE('',#4778,#952);
#635=LINE('',#4779,#953);
#636=LINE('',#4781,#954);
#637=LINE('',#4782,#955);
#638=LINE('',#4786,#956);
#639=LINE('',#4788,#957);
#640=LINE('',#4790,#958);
#641=LINE('',#4791,#959);
#642=LINE('',#4795,#960);
#643=LINE('',#4796,#961);
#644=LINE('',#4797,#962);
#645=LINE('',#4801,#963);
#646=LINE('',#4803,#964);
#647=LINE('',#4805,#965);
#648=LINE('',#4806,#966);
#649=LINE('',#4809,#967);
#650=LINE('',#4811,#968);
#651=LINE('',#4812,#969);
#652=LINE('',#4814,#970);
#653=LINE('',#4815,#971);
#654=LINE('',#4819,#972);
#655=LINE('',#4821,#973);
#656=LINE('',#4823,#974);
#657=LINE('',#4824,#975);
#658=LINE('',#4828,#976);
#659=LINE('',#4829,#977);
#660=LINE('',#4830,#978);
#661=LINE('',#4834,#979);
#662=LINE('',#4836,#980);
#663=LINE('',#4838,#981);
#664=LINE('',#4839,#982);
#665=LINE('',#4842,#983);
#666=LINE('',#4844,#984);
#667=LINE('',#4845,#985);
#668=LINE('',#4847,#986);
#669=LINE('',#4848,#987);
#670=LINE('',#4852,#988);
#671=LINE('',#4854,#989);
#672=LINE('',#4856,#990);
#673=LINE('',#4857,#991);
#674=LINE('',#4861,#992);
#675=LINE('',#4862,#993);
#676=LINE('',#4863,#994);
#677=LINE('',#4867,#995);
#678=LINE('',#4869,#996);
#679=LINE('',#4871,#997);
#680=LINE('',#4872,#998);
#681=LINE('',#4875,#999);
#682=LINE('',#4877,#1000);
#683=LINE('',#4878,#1001);
#684=LINE('',#4880,#1002);
#685=LINE('',#4881,#1003);
#686=LINE('',#4885,#1004);
#687=LINE('',#4887,#1005);
#688=LINE('',#4889,#1006);
#689=LINE('',#4890,#1007);
#690=LINE('',#4894,#1008);
#691=LINE('',#4895,#1009);
#692=LINE('',#4896,#1010);
#693=LINE('',#4900,#1011);
#694=LINE('',#4902,#1012);
#695=LINE('',#4904,#1013);
#696=LINE('',#4905,#1014);
#697=LINE('',#4908,#1015);
#698=LINE('',#4910,#1016);
#699=LINE('',#4911,#1017);
#700=LINE('',#4913,#1018);
#701=LINE('',#4914,#1019);
#702=LINE('',#4917,#1020);
#703=LINE('',#4918,#1021);
#704=LINE('',#4921,#1022);
#705=LINE('',#4923,#1023);
#706=LINE('',#4924,#1024);
#707=LINE('',#4927,#1025);
#708=LINE('',#4928,#1026);
#709=LINE('',#4930,#1027);
#710=LINE('',#4934,#1028);
#711=LINE('',#4936,#1029);
#712=LINE('',#4938,#1030);
#713=LINE('',#4939,#1031);
#714=LINE('',#4943,#1032);
#715=LINE('',#4944,#1033);
#716=LINE('',#4945,#1034);
#717=LINE('',#4948,#1035);
#718=LINE('',#4950,#1036);
#719=LINE('',#4951,#1037);
#720=LINE('',#4954,#1038);
#721=LINE('',#4956,#1039);
#722=LINE('',#4957,#1040);
#723=LINE('',#4959,#1041);
#724=LINE('',#4960,#1042);
#725=LINE('',#4964,#1043);
#726=LINE('',#4966,#1044);
#727=LINE('',#4968,#1045);
#728=LINE('',#4969,#1046);
#729=LINE('',#4973,#1047);
#730=LINE('',#4974,#1048);
#731=LINE('',#4975,#1049);
#732=LINE('',#4979,#1050);
#733=LINE('',#4981,#1051);
#734=LINE('',#4983,#1052);
#735=LINE('',#4984,#1053);
#736=LINE('',#4987,#1054);
#737=LINE('',#4989,#1055);
#738=LINE('',#4990,#1056);
#739=LINE('',#4992,#1057);
#740=LINE('',#4993,#1058);
#741=LINE('',#4997,#1059);
#742=LINE('',#4999,#1060);
#743=LINE('',#5001,#1061);
#744=LINE('',#5002,#1062);
#745=LINE('',#5006,#1063);
#746=LINE('',#5007,#1064);
#747=LINE('',#5008,#1065);
#748=LINE('',#5012,#1066);
#749=LINE('',#5014,#1067);
#750=LINE('',#5016,#1068);
#751=LINE('',#5017,#1069);
#752=LINE('',#5020,#1070);
#753=LINE('',#5022,#1071);
#754=LINE('',#5023,#1072);
#755=LINE('',#5025,#1073);
#756=LINE('',#5026,#1074);
#757=LINE('',#5030,#1075);
#758=LINE('',#5032,#1076);
#759=LINE('',#5034,#1077);
#760=LINE('',#5035,#1078);
#761=LINE('',#5039,#1079);
#762=LINE('',#5040,#1080);
#763=LINE('',#5041,#1081);
#764=LINE('',#5045,#1082);
#765=LINE('',#5047,#1083);
#766=LINE('',#5049,#1084);
#767=LINE('',#5050,#1085);
#768=LINE('',#5053,#1086);
#769=LINE('',#5055,#1087);
#770=LINE('',#5056,#1088);
#771=LINE('',#5058,#1089);
#772=LINE('',#5059,#1090);
#773=LINE('',#5063,#1091);
#774=LINE('',#5065,#1092);
#775=LINE('',#5067,#1093);
#776=LINE('',#5068,#1094);
#777=LINE('',#5072,#1095);
#778=LINE('',#5073,#1096);
#779=LINE('',#5074,#1097);
#780=LINE('',#5078,#1098);
#781=LINE('',#5080,#1099);
#782=LINE('',#5082,#1100);
#783=LINE('',#5083,#1101);
#784=LINE('',#5086,#1102);
#785=LINE('',#5088,#1103);
#786=LINE('',#5089,#1104);
#787=LINE('',#5091,#1105);
#788=LINE('',#5092,#1106);
#789=LINE('',#6384,#1107);
#790=LINE('',#6386,#1108);
#791=LINE('',#6388,#1109);
#792=LINE('',#6390,#1110);
#793=LINE('',#6392,#1111);
#794=LINE('',#6409,#1112);
#795=LINE('',#6438,#1113);
#796=LINE('',#6441,#1114);
#797=LINE('',#6442,#1115);
#798=LINE('',#6445,#1116);
#799=LINE('',#6446,#1117);
#800=LINE('',#6449,#1118);
#801=LINE('',#6450,#1119);
#802=LINE('',#6453,#1120);
#803=LINE('',#6454,#1121);
#804=LINE('',#6456,#1122);
#805=LINE('',#6566,#1123);
#806=LINE('',#6621,#1124);
#807=LINE('',#6729,#1125);
#808=LINE('',#6784,#1126);
#809=LINE('',#6892,#1127);
#810=LINE('',#6947,#1128);
#811=LINE('',#7055,#1129);
#812=LINE('',#7110,#1130);
#813=LINE('',#7218,#1131);
#814=LINE('',#7273,#1132);
#815=LINE('',#7381,#1133);
#816=LINE('',#7436,#1134);
#817=LINE('',#7544,#1135);
#818=LINE('',#7599,#1136);
#819=LINE('',#7707,#1137);
#820=LINE('',#7762,#1138);
#821=LINE('',#7870,#1139);
#822=LINE('',#7925,#1140);
#823=LINE('',#8033,#1141);
#824=LINE('',#8088,#1142);
#825=LINE('',#8196,#1143);
#826=LINE('',#8251,#1144);
#827=LINE('',#8359,#1145);
#828=LINE('',#8414,#1146);
#829=LINE('',#8522,#1147);
#830=LINE('',#8577,#1148);
#831=LINE('',#8685,#1149);
#832=LINE('',#8740,#1150);
#833=LINE('',#8848,#1151);
#834=LINE('',#8903,#1152);
#835=LINE('',#9011,#1153);
#836=LINE('',#9066,#1154);
#837=LINE('',#9174,#1155);
#838=LINE('',#9229,#1156);
#839=LINE('',#9337,#1157);
#840=LINE('',#9392,#1158);
#841=LINE('',#9500,#1159);
#842=LINE('',#9555,#1160);
#843=LINE('',#9663,#1161);
#844=LINE('',#9824,#1162);
#845=LINE('',#9879,#1163);
#846=LINE('',#9987,#1164);
#847=LINE('',#10042,#1165);
#848=LINE('',#10123,#1166);
#849=LINE('',#10145,#1167);
#850=VECTOR('',#3360,3.25);
#851=VECTOR('',#3369,10.);
#852=VECTOR('',#3372,10.);
#853=VECTOR('',#3375,10.);
#854=VECTOR('',#3376,10.);
#855=VECTOR('',#3377,10.);
#856=VECTOR('',#3380,1.6);
#857=VECTOR('',#3381,10.);
#858=VECTOR('',#3388,10.);
#859=VECTOR('',#3389,10.);
#860=VECTOR('',#3396,10.);
#861=VECTOR('',#3399,10.);
#862=VECTOR('',#3402,10.);
#863=VECTOR('',#3405,10.);
#864=VECTOR('',#3408,10.);
#865=VECTOR('',#3409,10.);
#866=VECTOR('',#3412,10.);
#867=VECTOR('',#3413,10.);
#868=VECTOR('',#3416,10.);
#869=VECTOR('',#3417,10.);
#870=VECTOR('',#3420,10.);
#871=VECTOR('',#3421,10.);
#872=VECTOR('',#3424,10.);
#873=VECTOR('',#3425,10.);
#874=VECTOR('',#3428,10.);
#875=VECTOR('',#3429,10.);
#876=VECTOR('',#3432,10.);
#877=VECTOR('',#3433,10.);
#878=VECTOR('',#3434,10.);
#879=VECTOR('',#3435,10.);
#880=VECTOR('',#3438,10.);
#881=VECTOR('',#3439,10.);
#882=VECTOR('',#3440,10.);
#883=VECTOR('',#3443,10.);
#884=VECTOR('',#3444,10.);
#885=VECTOR('',#3445,10.);
#886=VECTOR('',#3446,10.);
#887=VECTOR('',#3449,10.);
#888=VECTOR('',#3450,10.);
#889=VECTOR('',#3451,10.);
#890=VECTOR('',#3454,10.);
#891=VECTOR('',#3455,10.);
#892=VECTOR('',#3458,10.);
#893=VECTOR('',#3459,10.);
#894=VECTOR('',#3460,10.);
#895=VECTOR('',#3461,10.);
#896=VECTOR('',#3464,10.);
#897=VECTOR('',#3465,10.);
#898=VECTOR('',#3466,10.);
#899=VECTOR('',#3469,10.);
#900=VECTOR('',#3470,10.);
#901=VECTOR('',#3471,10.);
#902=VECTOR('',#3472,10.);
#903=VECTOR('',#3475,10.);
#904=VECTOR('',#3476,10.);
#905=VECTOR('',#3477,10.);
#906=VECTOR('',#3480,10.);
#907=VECTOR('',#3481,10.);
#908=VECTOR('',#3484,10.);
#909=VECTOR('',#3485,10.);
#910=VECTOR('',#3486,10.);
#911=VECTOR('',#3487,10.);
#912=VECTOR('',#3490,10.);
#913=VECTOR('',#3491,10.);
#914=VECTOR('',#3492,10.);
#915=VECTOR('',#3495,10.);
#916=VECTOR('',#3496,10.);
#917=VECTOR('',#3497,10.);
#918=VECTOR('',#3498,10.);
#919=VECTOR('',#3501,10.);
#920=VECTOR('',#3502,10.);
#921=VECTOR('',#3503,10.);
#922=VECTOR('',#3506,10.);
#923=VECTOR('',#3507,10.);
#924=VECTOR('',#3510,10.);
#925=VECTOR('',#3511,10.);
#926=VECTOR('',#3512,10.);
#927=VECTOR('',#3513,10.);
#928=VECTOR('',#3516,10.);
#929=VECTOR('',#3517,10.);
#930=VECTOR('',#3518,10.);
#931=VECTOR('',#3521,10.);
#932=VECTOR('',#3522,10.);
#933=VECTOR('',#3523,10.);
#934=VECTOR('',#3524,10.);
#935=VECTOR('',#3527,10.);
#936=VECTOR('',#3528,10.);
#937=VECTOR('',#3529,10.);
#938=VECTOR('',#3532,10.);
#939=VECTOR('',#3533,10.);
#940=VECTOR('',#3536,10.);
#941=VECTOR('',#3537,10.);
#942=VECTOR('',#3538,10.);
#943=VECTOR('',#3539,10.);
#944=VECTOR('',#3542,10.);
#945=VECTOR('',#3543,10.);
#946=VECTOR('',#3544,10.);
#947=VECTOR('',#3547,10.);
#948=VECTOR('',#3548,10.);
#949=VECTOR('',#3549,10.);
#950=VECTOR('',#3550,10.);
#951=VECTOR('',#3553,10.);
#952=VECTOR('',#3554,10.);
#953=VECTOR('',#3555,10.);
#954=VECTOR('',#3558,10.);
#955=VECTOR('',#3559,10.);
#956=VECTOR('',#3562,10.);
#957=VECTOR('',#3563,10.);
#958=VECTOR('',#3564,10.);
#959=VECTOR('',#3565,10.);
#960=VECTOR('',#3568,10.);
#961=VECTOR('',#3569,10.);
#962=VECTOR('',#3570,10.);
#963=VECTOR('',#3573,10.);
#964=VECTOR('',#3574,10.);
#965=VECTOR('',#3575,10.);
#966=VECTOR('',#3576,10.);
#967=VECTOR('',#3579,10.);
#968=VECTOR('',#3580,10.);
#969=VECTOR('',#3581,10.);
#970=VECTOR('',#3584,10.);
#971=VECTOR('',#3585,10.);
#972=VECTOR('',#3588,10.);
#973=VECTOR('',#3589,10.);
#974=VECTOR('',#3590,10.);
#975=VECTOR('',#3591,10.);
#976=VECTOR('',#3594,10.);
#977=VECTOR('',#3595,10.);
#978=VECTOR('',#3596,10.);
#979=VECTOR('',#3599,10.);
#980=VECTOR('',#3600,10.);
#981=VECTOR('',#3601,10.);
#982=VECTOR('',#3602,10.);
#983=VECTOR('',#3605,10.);
#984=VECTOR('',#3606,10.);
#985=VECTOR('',#3607,10.);
#986=VECTOR('',#3610,10.);
#987=VECTOR('',#3611,10.);
#988=VECTOR('',#3614,10.);
#989=VECTOR('',#3615,10.);
#990=VECTOR('',#3616,10.);
#991=VECTOR('',#3617,10.);
#992=VECTOR('',#3620,10.);
#993=VECTOR('',#3621,10.);
#994=VECTOR('',#3622,10.);
#995=VECTOR('',#3625,10.);
#996=VECTOR('',#3626,10.);
#997=VECTOR('',#3627,10.);
#998=VECTOR('',#3628,10.);
#999=VECTOR('',#3631,10.);
#1000=VECTOR('',#3632,10.);
#1001=VECTOR('',#3633,10.);
#1002=VECTOR('',#3636,10.);
#1003=VECTOR('',#3637,10.);
#1004=VECTOR('',#3640,10.);
#1005=VECTOR('',#3641,10.);
#1006=VECTOR('',#3642,10.);
#1007=VECTOR('',#3643,10.);
#1008=VECTOR('',#3646,10.);
#1009=VECTOR('',#3647,10.);
#1010=VECTOR('',#3648,10.);
#1011=VECTOR('',#3651,10.);
#1012=VECTOR('',#3652,10.);
#1013=VECTOR('',#3653,10.);
#1014=VECTOR('',#3654,10.);
#1015=VECTOR('',#3657,10.);
#1016=VECTOR('',#3658,10.);
#1017=VECTOR('',#3659,10.);
#1018=VECTOR('',#3662,10.);
#1019=VECTOR('',#3663,10.);
#1020=VECTOR('',#3666,10.);
#1021=VECTOR('',#3667,10.);
#1022=VECTOR('',#3670,10.);
#1023=VECTOR('',#3671,10.);
#1024=VECTOR('',#3672,10.);
#1025=VECTOR('',#3675,10.);
#1026=VECTOR('',#3676,10.);
#1027=VECTOR('',#3679,10.);
#1028=VECTOR('',#3682,10.);
#1029=VECTOR('',#3683,10.);
#1030=VECTOR('',#3684,10.);
#1031=VECTOR('',#3685,10.);
#1032=VECTOR('',#3688,10.);
#1033=VECTOR('',#3689,10.);
#1034=VECTOR('',#3690,10.);
#1035=VECTOR('',#3693,10.);
#1036=VECTOR('',#3694,10.);
#1037=VECTOR('',#3695,10.);
#1038=VECTOR('',#3698,10.);
#1039=VECTOR('',#3699,10.);
#1040=VECTOR('',#3700,10.);
#1041=VECTOR('',#3703,10.);
#1042=VECTOR('',#3704,10.);
#1043=VECTOR('',#3707,10.);
#1044=VECTOR('',#3708,10.);
#1045=VECTOR('',#3709,10.);
#1046=VECTOR('',#3710,10.);
#1047=VECTOR('',#3713,10.);
#1048=VECTOR('',#3714,10.);
#1049=VECTOR('',#3715,10.);
#1050=VECTOR('',#3718,10.);
#1051=VECTOR('',#3719,10.);
#1052=VECTOR('',#3720,10.);
#1053=VECTOR('',#3721,10.);
#1054=VECTOR('',#3724,10.);
#1055=VECTOR('',#3725,10.);
#1056=VECTOR('',#3726,10.);
#1057=VECTOR('',#3729,10.);
#1058=VECTOR('',#3730,10.);
#1059=VECTOR('',#3733,10.);
#1060=VECTOR('',#3734,10.);
#1061=VECTOR('',#3735,10.);
#1062=VECTOR('',#3736,10.);
#1063=VECTOR('',#3739,10.);
#1064=VECTOR('',#3740,10.);
#1065=VECTOR('',#3741,10.);
#1066=VECTOR('',#3744,10.);
#1067=VECTOR('',#3745,10.);
#1068=VECTOR('',#3746,10.);
#1069=VECTOR('',#3747,10.);
#1070=VECTOR('',#3750,10.);
#1071=VECTOR('',#3751,10.);
#1072=VECTOR('',#3752,10.);
#1073=VECTOR('',#3755,10.);
#1074=VECTOR('',#3756,10.);
#1075=VECTOR('',#3759,10.);
#1076=VECTOR('',#3760,10.);
#1077=VECTOR('',#3761,10.);
#1078=VECTOR('',#3762,10.);
#1079=VECTOR('',#3765,10.);
#1080=VECTOR('',#3766,10.);
#1081=VECTOR('',#3767,10.);
#1082=VECTOR('',#3770,10.);
#1083=VECTOR('',#3771,10.);
#1084=VECTOR('',#3772,10.);
#1085=VECTOR('',#3773,10.);
#1086=VECTOR('',#3776,10.);
#1087=VECTOR('',#3777,10.);
#1088=VECTOR('',#3778,10.);
#1089=VECTOR('',#3781,10.);
#1090=VECTOR('',#3782,10.);
#1091=VECTOR('',#3785,10.);
#1092=VECTOR('',#3786,10.);
#1093=VECTOR('',#3787,10.);
#1094=VECTOR('',#3788,10.);
#1095=VECTOR('',#3791,10.);
#1096=VECTOR('',#3792,10.);
#1097=VECTOR('',#3793,10.);
#1098=VECTOR('',#3796,10.);
#1099=VECTOR('',#3797,10.);
#1100=VECTOR('',#3798,10.);
#1101=VECTOR('',#3799,10.);
#1102=VECTOR('',#3802,10.);
#1103=VECTOR('',#3803,10.);
#1104=VECTOR('',#3804,10.);
#1105=VECTOR('',#3807,10.);
#1106=VECTOR('',#3808,10.);
#1107=VECTOR('',#3859,10.);
#1108=VECTOR('',#3860,10.);
#1109=VECTOR('',#3861,10.);
#1110=VECTOR('',#3862,10.);
#1111=VECTOR('',#3863,10.);
#1112=VECTOR('',#3894,10.);
#1113=VECTOR('',#3949,10.);
#1114=VECTOR('',#3952,10.);
#1115=VECTOR('',#3953,10.);
#1116=VECTOR('',#3956,10.);
#1117=VECTOR('',#3957,10.);
#1118=VECTOR('',#3960,10.);
#1119=VECTOR('',#3961,10.);
#1120=VECTOR('',#3964,10.);
#1121=VECTOR('',#3965,10.);
#1122=VECTOR('',#3968,10.);
#1123=VECTOR('',#3973,10.);
#1124=VECTOR('',#3974,10.);
#1125=VECTOR('',#3975,10.);
#1126=VECTOR('',#3976,10.);
#1127=VECTOR('',#3977,10.);
#1128=VECTOR('',#3978,10.);
#1129=VECTOR('',#3979,10.);
#1130=VECTOR('',#3980,10.);
#1131=VECTOR('',#3981,10.);
#1132=VECTOR('',#3982,10.);
#1133=VECTOR('',#3983,10.);
#1134=VECTOR('',#3984,10.);
#1135=VECTOR('',#3985,10.);
#1136=VECTOR('',#3986,10.);
#1137=VECTOR('',#3987,10.);
#1138=VECTOR('',#3988,10.);
#1139=VECTOR('',#3989,10.);
#1140=VECTOR('',#3990,10.);
#1141=VECTOR('',#3991,10.);
#1142=VECTOR('',#3992,10.);
#1143=VECTOR('',#3993,10.);
#1144=VECTOR('',#3994,10.);
#1145=VECTOR('',#3995,10.);
#1146=VECTOR('',#3996,10.);
#1147=VECTOR('',#3997,10.);
#1148=VECTOR('',#3998,10.);
#1149=VECTOR('',#3999,10.);
#1150=VECTOR('',#4000,10.);
#1151=VECTOR('',#4001,10.);
#1152=VECTOR('',#4002,10.);
#1153=VECTOR('',#4003,10.);
#1154=VECTOR('',#4004,10.);
#1155=VECTOR('',#4005,10.);
#1156=VECTOR('',#4006,10.);
#1157=VECTOR('',#4007,10.);
#1158=VECTOR('',#4008,10.);
#1159=VECTOR('',#4009,10.);
#1160=VECTOR('',#4010,10.);
#1161=VECTOR('',#4011,10.);
#1162=VECTOR('',#4012,10.);
#1163=VECTOR('',#4013,10.);
#1164=VECTOR('',#4014,10.);
#1165=VECTOR('',#4015,10.);
#1166=VECTOR('',#4066,10.);
#1167=VECTOR('',#4109,10.);
#1168=B_SPLINE_CURVE_WITH_KNOTS('',3,(#4116,#4117,#4118,#4119,#4120,#4121,
#4122,#4123,#4124,#4125,#4126,#4127,#4128,#4129,#4130,#4131,#4132,#4133,
#4134,#4135,#4136,#4137,#4138,#4139,#4140,#4141,#4142,#4143,#4144,#4145,
#4146,#4147),.UNSPECIFIED.,.F.,.F.,(4,2,2,2,2,2,2,2,2,2,2,2,2,2,2,4),(-19.7816964004305,
-17.3496855461705,-14.9372415368319,-12.5452514646909,-10.2119854648154,
-8.79877529990982,-7.59418895279194,-6.36256921395643,-3.9093202910939,
-2.93819582635443,-1.60389605455732,-0.936652570215814,-0.720982678693882,
-0.447084333119545,-0.162080127784315,0.),.UNSPECIFIED.);
#1169=B_SPLINE_CURVE_WITH_KNOTS('',3,(#4149,#4150,#4151,#4152,#4153,#4154),
 .UNSPECIFIED.,.F.,.F.,(4,2,4),(0.980487254869306,1.10304867367228,1.16668756430192),
 .UNSPECIFIED.);
#1170=B_SPLINE_CURVE_WITH_KNOTS('',3,(#4159,#4160,#4161,#4162,#4163,#4164),
 .UNSPECIFIED.,.F.,.F.,(4,2,4),(0.794286945436695,0.857925836066336,0.980487254869306),
 .UNSPECIFIED.);
#1171=B_SPLINE_CURVE_WITH_KNOTS('',3,(#4166,#4167,#4168,#4169,#4170,#4171,
#4172,#4173,#4174,#4175,#4176,#4177,#4178,#4179,#4180,#4181,#4182,#4183,
#4184,#4185,#4186,#4187,#4188,#4189,#4190,#4191,#4192,#4193,#4194,#4195,
#4196,#4197),.UNSPECIFIED.,.F.,.F.,(4,2,2,2,2,2,2,2,2,2,2,2,2,2,2,4),(-15.3133904503054,
-15.0738716611856,-14.9031112699525,-14.5886582668711,-14.1695415878385,
-13.7697356550197,-12.923385130607,-11.1934765231904,-6.10929955330321,
-2.04981947767282,-1.48750658082692,-0.932901308763688,-0.724275675461604,
-0.447084333118538,-0.162080127784184,0.),.UNSPECIFIED.);
#1172=B_SPLINE_CURVE_WITH_KNOTS('',3,(#4198,#4199,#4200,#4201,#4202,#4203,
#4204,#4205,#4206,#4207,#4208),.UNSPECIFIED.,.F.,.F.,(4,2,3,2,4),(-0.186200309432617,
-0.12256141880297,0.,0.12256141880297,0.186200309432616),.UNSPECIFIED.);
#1173=B_SPLINE_CURVE_WITH_KNOTS('',3,(#4330,#4331,#4332,#4333,#4334,#4335,
#4336,#4337,#4338,#4339,#4340,#4341,#4342,#4343,#4344,#4345,#4346,#4347,
#4348,#4349,#4350,#4351,#4352,#4353,#4354,#4355,#4356,#4357,#4358,#4359,
#4360,#4361,#4362,#4363,#4364,#4365,#4366,#4367,#4368,#4369,#4370,#4371,
#4372,#4373,#4374,#4375,#4376,#4377,#4378,#4379,#4380,#4381,#4382),
 .UNSPECIFIED.,.F.,.F.,(4,1,1,1,1,1,1,1,1,1,1,1,1,1,1,1,1,1,1,1,1,1,1,1,
1,1,1,1,1,1,1,1,1,1,1,1,1,1,1,1,1,1,1,1,1,1,1,1,1,1,4),(-1.08185706301816,
-1.04804442097383,-1.01423153742875,-0.980418626868684,-0.946605878664692,
-0.912793351576113,-0.878981123617523,-0.845169328705309,-0.81135821992788,
-0.777548361637989,-0.743741521572563,-0.709933690407642,-0.693027909055141,
-0.676125808269436,-0.65923161467419,-0.642338345308582,-0.625453920136592,
-0.616999230506348,-0.608546450423949,-0.600094152690371,-0.591641848929696,
-0.583190892962756,-0.574738944041655,-0.566286614542499,-0.557835373244188,
-0.540928531509082,-0.524021689773976,-0.515570448475666,-0.507118118976508,
-0.498666170055408,-0.490215214088468,-0.481762910327793,-0.473310612594216,
-0.464857832511816,-0.456403142881573,-0.439518717709585,-0.422625448343974,
-0.405731254748728,-0.388829153963025,-0.371923372610524,-0.338115541445603,
-0.304308701380172,-0.270498843090285,-0.236687734312858,-0.202875939400642,
-0.169063711442051,-0.135251184353474,-0.101438436149482,-0.0676255255894121,
-0.0338126420443357,0.),.UNSPECIFIED.);
#1174=B_SPLINE_CURVE_WITH_KNOTS('',3,(#4490,#4491,#4492,#4493,#4494,#4495,
#4496,#4497,#4498,#4499,#4500,#4501,#4502,#4503,#4504,#4505,#4506,#4507,
#4508,#4509,#4510,#4511,#4512,#4513,#4514,#4515,#4516,#4517,#4518,#4519,
#4520,#4521,#4522,#4523,#4524,#4525,#4526,#4527,#4528,#4529,#4530,#4531,
#4532,#4533,#4534,#4535,#4536,#4537,#4538,#4539,#4540,#4541,#4542),
 .UNSPECIFIED.,.F.,.F.,(4,1,1,1,1,1,1,1,1,1,1,1,1,1,1,1,1,1,1,1,1,1,1,1,
1,1,1,1,1,1,1,1,1,1,1,1,1,1,1,1,1,1,1,1,1,1,1,1,1,1,4),(0.,0.0338126420443357,
0.0676255255894121,0.101438436149482,0.135251184353474,0.169063711442051,
0.202875939400642,0.236687734312858,0.270498843090285,0.304308701380172,
0.338115541445603,0.371923372610524,0.388829153963025,0.405731254748728,
0.422625448343974,0.439518717709585,0.456403142881573,0.464857832511816,
0.473310612594216,0.481762910327793,0.490215214088468,0.498666170055408,
0.507118118976508,0.515570448475666,0.524021689773976,0.540928531509082,
0.557835373244188,0.566286614542499,0.574738944041655,0.583190892962756,
0.591641848929696,0.600094152690371,0.608546450423949,0.616999230506348,
0.625453920136592,0.642338345308582,0.65923161467419,0.676125808269436,
0.693027909055141,0.709933690407642,0.743741521572563,0.777548361637989,
0.81135821992788,0.845169328705309,0.878981123617523,0.912793351576113,
0.946605878664692,0.980418626868684,1.01423153742875,1.04804442097383,1.08185706301816),
 .UNSPECIFIED.);
#1175=B_SPLINE_CURVE_WITH_KNOTS('',3,(#4548,#4549,#4550,#4551),
 .UNSPECIFIED.,.F.,.F.,(4,4),(0.428042004368681,0.482727977756142),
 .UNSPECIFIED.);
#1176=B_SPLINE_CURVE_WITH_KNOTS('',3,(#4563,#4564,#4565,#4566,#4567,#4568,
#4569),.UNSPECIFIED.,.F.,.F.,(4,3,4),(-0.0546859733796814,0.,0.0546859733874606),
 .UNSPECIFIED.);
#1177=B_SPLINE_CURVE_WITH_KNOTS('',3,(#4580,#4581,#4582,#4583),
 .UNSPECIFIED.,.F.,.F.,(4,4),(0.482727977756142,0.537413951143602),
 .UNSPECIFIED.);
#1178=B_SPLINE_CURVE_WITH_KNOTS('',3,(#5096,#5097,#5098,#5099,#5100,#5101,
#5102,#5103,#5104,#5105,#5106,#5107,#5108,#5109,#5110,#5111,#5112,#5113,
#5114,#5115,#5116,#5117,#5118,#5119,#5120,#5121,#5122,#5123,#5124,#5125,
#5126,#5127,#5128,#5129,#5130,#5131,#5132,#5133,#5134,#5135,#5136,#5137,
#5138,#5139,#5140,#5141,#5142,#5143,#5144,#5145,#5146,#5147,#5148),
 .UNSPECIFIED.,.F.,.F.,(4,1,1,1,1,1,1,1,1,1,1,1,1,1,1,1,1,1,1,1,1,1,1,1,
1,1,1,1,1,1,1,1,1,1,1,1,1,1,1,1,1,1,1,1,1,1,1,1,1,1,4),(-1.08185706301816,
-1.04804442097383,-1.01423153742875,-0.980418626868684,-0.946605878664692,
-0.912793351576113,-0.878981123617523,-0.845169328705309,-0.81135821992788,
-0.777548361637989,-0.743741521572563,-0.709933690407642,-0.693027909055141,
-0.676125808269436,-0.65923161467419,-0.642338345308582,-0.625453920136592,
-0.616999230506348,-0.608546450423949,-0.600094152690371,-0.591641848929696,
-0.583190892962756,-0.574738944041655,-0.566286614542499,-0.557835373244188,
-0.540928531509082,-0.524021689773976,-0.515570448475666,-0.507118118976508,
-0.498666170055408,-0.490215214088468,-0.481762910327793,-0.473310612594216,
-0.464857832511816,-0.456403142881573,-0.439518717709585,-0.422625448343974,
-0.405731254748728,-0.388829153963025,-0.371923372610524,-0.338115541445603,
-0.304308701380172,-0.270498843090285,-0.236687734312858,-0.202875939400642,
-0.169063711442051,-0.135251184353474,-0.101438436149482,-0.0676255255894121,
-0.0338126420443357,0.),.UNSPECIFIED.);
#1179=B_SPLINE_CURVE_WITH_KNOTS('',3,(#5152,#5153,#5154,#5155,#5156,#5157,
#5158,#5159,#5160,#5161,#5162,#5163,#5164,#5165,#5166,#5167,#5168,#5169,
#5170,#5171,#5172,#5173,#5174,#5175,#5176,#5177,#5178,#5179,#5180,#5181,
#5182,#5183,#5184,#5185,#5186,#5187,#5188,#5189,#5190,#5191,#5192,#5193,
#5194,#5195,#5196,#5197,#5198,#5199,#5200,#5201,#5202,#5203,#5204),
 .UNSPECIFIED.,.F.,.F.,(4,1,1,1,1,1,1,1,1,1,1,1,1,1,1,1,1,1,1,1,1,1,1,1,
1,1,1,1,1,1,1,1,1,1,1,1,1,1,1,1,1,1,1,1,1,1,1,1,1,1,4),(-1.08185706301816,
-1.04804442097383,-1.01423153742875,-0.980418626868684,-0.946605878664692,
-0.912793351576113,-0.878981123617523,-0.845169328705309,-0.81135821992788,
-0.777548361637989,-0.743741521572563,-0.709933690407642,-0.693027909055141,
-0.676125808269436,-0.65923161467419,-0.642338345308582,-0.625453920136592,
-0.616999230506348,-0.608546450423949,-0.600094152690371,-0.591641848929696,
-0.583190892962756,-0.574738944041655,-0.566286614542499,-0.557835373244188,
-0.540928531509082,-0.524021689773976,-0.515570448475666,-0.507118118976508,
-0.498666170055408,-0.490215214088468,-0.481762910327793,-0.473310612594216,
-0.464857832511816,-0.456403142881573,-0.439518717709585,-0.422625448343974,
-0.405731254748728,-0.388829153963025,-0.371923372610524,-0.338115541445603,
-0.304308701380172,-0.270498843090285,-0.236687734312858,-0.202875939400642,
-0.169063711442051,-0.135251184353474,-0.101438436149482,-0.0676255255894121,
-0.0338126420443357,0.),.UNSPECIFIED.);
#1180=B_SPLINE_CURVE_WITH_KNOTS('',3,(#5208,#5209,#5210,#5211,#5212,#5213,
#5214,#5215,#5216,#5217,#5218,#5219,#5220,#5221,#5222,#5223,#5224,#5225,
#5226,#5227,#5228,#5229,#5230,#5231,#5232,#5233,#5234,#5235,#5236,#5237,
#5238,#5239,#5240,#5241,#5242,#5243,#5244,#5245,#5246,#5247,#5248,#5249,
#5250,#5251,#5252,#5253,#5254,#5255,#5256,#5257,#5258,#5259,#5260),
 .UNSPECIFIED.,.F.,.F.,(4,1,1,1,1,1,1,1,1,1,1,1,1,1,1,1,1,1,1,1,1,1,1,1,
1,1,1,1,1,1,1,1,1,1,1,1,1,1,1,1,1,1,1,1,1,1,1,1,1,1,4),(-1.08185706301816,
-1.04804442097383,-1.01423153742875,-0.980418626868684,-0.946605878664692,
-0.912793351576113,-0.878981123617523,-0.845169328705309,-0.81135821992788,
-0.777548361637989,-0.743741521572563,-0.709933690407642,-0.693027909055141,
-0.676125808269436,-0.65923161467419,-0.642338345308582,-0.625453920136592,
-0.616999230506348,-0.608546450423949,-0.600094152690371,-0.591641848929696,
-0.583190892962756,-0.574738944041655,-0.566286614542499,-0.557835373244188,
-0.540928531509082,-0.524021689773976,-0.515570448475666,-0.507118118976508,
-0.498666170055408,-0.490215214088468,-0.481762910327793,-0.473310612594216,
-0.464857832511816,-0.456403142881573,-0.439518717709585,-0.422625448343974,
-0.405731254748728,-0.388829153963025,-0.371923372610524,-0.338115541445603,
-0.304308701380172,-0.270498843090285,-0.236687734312858,-0.202875939400642,
-0.169063711442051,-0.135251184353474,-0.101438436149482,-0.0676255255894121,
-0.0338126420443357,0.),.UNSPECIFIED.);
#1181=B_SPLINE_CURVE_WITH_KNOTS('',3,(#5264,#5265,#5266,#5267,#5268,#5269,
#5270,#5271,#5272,#5273,#5274,#5275,#5276,#5277,#5278,#5279,#5280,#5281,
#5282,#5283,#5284,#5285,#5286,#5287,#5288,#5289,#5290,#5291,#5292,#5293,
#5294,#5295,#5296,#5297,#5298,#5299,#5300,#5301,#5302,#5303,#5304,#5305,
#5306,#5307,#5308,#5309,#5310,#5311,#5312,#5313,#5314,#5315,#5316),
 .UNSPECIFIED.,.F.,.F.,(4,1,1,1,1,1,1,1,1,1,1,1,1,1,1,1,1,1,1,1,1,1,1,1,
1,1,1,1,1,1,1,1,1,1,1,1,1,1,1,1,1,1,1,1,1,1,1,1,1,1,4),(-1.08185706301816,
-1.04804442097383,-1.01423153742875,-0.980418626868684,-0.946605878664692,
-0.912793351576113,-0.878981123617523,-0.845169328705309,-0.81135821992788,
-0.777548361637989,-0.743741521572563,-0.709933690407642,-0.693027909055141,
-0.676125808269436,-0.65923161467419,-0.642338345308582,-0.625453920136592,
-0.616999230506348,-0.608546450423949,-0.600094152690371,-0.591641848929696,
-0.583190892962756,-0.574738944041655,-0.566286614542499,-0.557835373244188,
-0.540928531509082,-0.524021689773976,-0.515570448475666,-0.507118118976508,
-0.498666170055408,-0.490215214088468,-0.481762910327793,-0.473310612594216,
-0.464857832511816,-0.456403142881573,-0.439518717709585,-0.422625448343974,
-0.405731254748728,-0.388829153963025,-0.371923372610524,-0.338115541445603,
-0.304308701380172,-0.270498843090285,-0.236687734312858,-0.202875939400642,
-0.169063711442051,-0.135251184353474,-0.101438436149482,-0.0676255255894121,
-0.0338126420443357,0.),.UNSPECIFIED.);
#1182=B_SPLINE_CURVE_WITH_KNOTS('',3,(#5320,#5321,#5322,#5323,#5324,#5325,
#5326,#5327,#5328,#5329,#5330,#5331,#5332,#5333,#5334,#5335,#5336,#5337,
#5338,#5339,#5340,#5341,#5342,#5343,#5344,#5345,#5346,#5347,#5348,#5349,
#5350,#5351,#5352,#5353,#5354,#5355,#5356,#5357,#5358,#5359,#5360,#5361,
#5362,#5363,#5364,#5365,#5366,#5367,#5368,#5369,#5370,#5371,#5372),
 .UNSPECIFIED.,.F.,.F.,(4,1,1,1,1,1,1,1,1,1,1,1,1,1,1,1,1,1,1,1,1,1,1,1,
1,1,1,1,1,1,1,1,1,1,1,1,1,1,1,1,1,1,1,1,1,1,1,1,1,1,4),(-1.08185706301816,
-1.04804442097383,-1.01423153742875,-0.980418626868684,-0.946605878664692,
-0.912793351576113,-0.878981123617523,-0.845169328705309,-0.81135821992788,
-0.777548361637989,-0.743741521572563,-0.709933690407642,-0.693027909055141,
-0.676125808269436,-0.65923161467419,-0.642338345308582,-0.625453920136592,
-0.616999230506348,-0.608546450423949,-0.600094152690371,-0.591641848929696,
-0.583190892962756,-0.574738944041655,-0.566286614542499,-0.557835373244188,
-0.540928531509082,-0.524021689773976,-0.515570448475666,-0.507118118976508,
-0.498666170055408,-0.490215214088468,-0.481762910327793,-0.473310612594216,
-0.464857832511816,-0.456403142881573,-0.439518717709585,-0.422625448343974,
-0.405731254748728,-0.388829153963025,-0.371923372610524,-0.338115541445603,
-0.304308701380172,-0.270498843090285,-0.236687734312858,-0.202875939400642,
-0.169063711442051,-0.135251184353474,-0.101438436149482,-0.0676255255894121,
-0.0338126420443357,0.),.UNSPECIFIED.);
#1183=B_SPLINE_CURVE_WITH_KNOTS('',3,(#5376,#5377,#5378,#5379,#5380,#5381,
#5382,#5383,#5384,#5385,#5386,#5387,#5388,#5389,#5390,#5391,#5392,#5393,
#5394,#5395,#5396,#5397,#5398,#5399,#5400,#5401,#5402,#5403,#5404,#5405,
#5406,#5407,#5408,#5409,#5410,#5411,#5412,#5413,#5414,#5415,#5416,#5417,
#5418,#5419,#5420,#5421,#5422,#5423,#5424,#5425,#5426,#5427,#5428),
 .UNSPECIFIED.,.F.,.F.,(4,1,1,1,1,1,1,1,1,1,1,1,1,1,1,1,1,1,1,1,1,1,1,1,
1,1,1,1,1,1,1,1,1,1,1,1,1,1,1,1,1,1,1,1,1,1,1,1,1,1,4),(-1.08185706301816,
-1.04804442097383,-1.01423153742875,-0.980418626868684,-0.946605878664692,
-0.912793351576113,-0.878981123617523,-0.845169328705309,-0.81135821992788,
-0.777548361637989,-0.743741521572563,-0.709933690407642,-0.693027909055141,
-0.676125808269436,-0.65923161467419,-0.642338345308582,-0.625453920136592,
-0.616999230506348,-0.608546450423949,-0.600094152690371,-0.591641848929696,
-0.583190892962756,-0.574738944041655,-0.566286614542499,-0.557835373244188,
-0.540928531509082,-0.524021689773976,-0.515570448475666,-0.507118118976508,
-0.498666170055408,-0.490215214088468,-0.481762910327793,-0.473310612594216,
-0.464857832511816,-0.456403142881573,-0.439518717709585,-0.422625448343974,
-0.405731254748728,-0.388829153963025,-0.371923372610524,-0.338115541445603,
-0.304308701380172,-0.270498843090285,-0.236687734312858,-0.202875939400642,
-0.169063711442051,-0.135251184353474,-0.101438436149482,-0.0676255255894121,
-0.0338126420443357,0.),.UNSPECIFIED.);
#1184=B_SPLINE_CURVE_WITH_KNOTS('',3,(#5432,#5433,#5434,#5435,#5436,#5437,
#5438,#5439,#5440,#5441,#5442,#5443,#5444,#5445,#5446,#5447,#5448,#5449,
#5450,#5451,#5452,#5453,#5454,#5455,#5456,#5457,#5458,#5459,#5460,#5461,
#5462,#5463,#5464,#5465,#5466,#5467,#5468,#5469,#5470,#5471,#5472,#5473,
#5474,#5475,#5476,#5477,#5478,#5479,#5480,#5481,#5482,#5483,#5484),
 .UNSPECIFIED.,.F.,.F.,(4,1,1,1,1,1,1,1,1,1,1,1,1,1,1,1,1,1,1,1,1,1,1,1,
1,1,1,1,1,1,1,1,1,1,1,1,1,1,1,1,1,1,1,1,1,1,1,1,1,1,4),(-1.08185706301816,
-1.04804442097383,-1.01423153742875,-0.980418626868684,-0.946605878664692,
-0.912793351576113,-0.878981123617523,-0.845169328705309,-0.81135821992788,
-0.777548361637989,-0.743741521572563,-0.709933690407642,-0.693027909055141,
-0.676125808269436,-0.65923161467419,-0.642338345308582,-0.625453920136592,
-0.616999230506348,-0.608546450423949,-0.600094152690371,-0.591641848929696,
-0.583190892962756,-0.574738944041655,-0.566286614542499,-0.557835373244188,
-0.540928531509082,-0.524021689773976,-0.515570448475666,-0.507118118976508,
-0.498666170055408,-0.490215214088468,-0.481762910327793,-0.473310612594216,
-0.464857832511816,-0.456403142881573,-0.439518717709585,-0.422625448343974,
-0.405731254748728,-0.388829153963025,-0.371923372610524,-0.338115541445603,
-0.304308701380172,-0.270498843090285,-0.236687734312858,-0.202875939400642,
-0.169063711442051,-0.135251184353474,-0.101438436149482,-0.0676255255894121,
-0.0338126420443357,0.),.UNSPECIFIED.);
#1185=B_SPLINE_CURVE_WITH_KNOTS('',3,(#5488,#5489,#5490,#5491,#5492,#5493,
#5494,#5495,#5496,#5497,#5498,#5499,#5500,#5501,#5502,#5503,#5504,#5505,
#5506,#5507,#5508,#5509,#5510,#5511,#5512,#5513,#5514,#5515,#5516,#5517,
#5518,#5519,#5520,#5521,#5522,#5523,#5524,#5525,#5526,#5527,#5528,#5529,
#5530,#5531,#5532,#5533,#5534,#5535,#5536,#5537,#5538,#5539,#5540),
 .UNSPECIFIED.,.F.,.F.,(4,1,1,1,1,1,1,1,1,1,1,1,1,1,1,1,1,1,1,1,1,1,1,1,
1,1,1,1,1,1,1,1,1,1,1,1,1,1,1,1,1,1,1,1,1,1,1,1,1,1,4),(-1.08185706301816,
-1.04804442097383,-1.01423153742875,-0.980418626868684,-0.946605878664692,
-0.912793351576113,-0.878981123617523,-0.845169328705309,-0.81135821992788,
-0.777548361637989,-0.743741521572563,-0.709933690407642,-0.693027909055141,
-0.676125808269436,-0.65923161467419,-0.642338345308582,-0.625453920136592,
-0.616999230506348,-0.608546450423949,-0.600094152690371,-0.591641848929696,
-0.583190892962756,-0.574738944041655,-0.566286614542499,-0.557835373244188,
-0.540928531509082,-0.524021689773976,-0.515570448475666,-0.507118118976508,
-0.498666170055408,-0.490215214088468,-0.481762910327793,-0.473310612594216,
-0.464857832511816,-0.456403142881573,-0.439518717709585,-0.422625448343974,
-0.405731254748728,-0.388829153963025,-0.371923372610524,-0.338115541445603,
-0.304308701380172,-0.270498843090285,-0.236687734312858,-0.202875939400642,
-0.169063711442051,-0.135251184353474,-0.101438436149482,-0.0676255255894121,
-0.0338126420443357,0.),.UNSPECIFIED.);
#1186=B_SPLINE_CURVE_WITH_KNOTS('',3,(#5544,#5545,#5546,#5547,#5548,#5549,
#5550,#5551,#5552,#5553,#5554,#5555,#5556,#5557,#5558,#5559,#5560,#5561,
#5562,#5563,#5564,#5565,#5566,#5567,#5568,#5569,#5570,#5571,#5572,#5573,
#5574,#5575,#5576,#5577,#5578,#5579,#5580,#5581,#5582,#5583,#5584,#5585,
#5586,#5587,#5588,#5589,#5590,#5591,#5592,#5593,#5594,#5595,#5596),
 .UNSPECIFIED.,.F.,.F.,(4,1,1,1,1,1,1,1,1,1,1,1,1,1,1,1,1,1,1,1,1,1,1,1,
1,1,1,1,1,1,1,1,1,1,1,1,1,1,1,1,1,1,1,1,1,1,1,1,1,1,4),(-1.08185706301816,
-1.04804442097383,-1.01423153742875,-0.980418626868684,-0.946605878664692,
-0.912793351576113,-0.878981123617523,-0.845169328705309,-0.81135821992788,
-0.777548361637989,-0.743741521572563,-0.709933690407642,-0.693027909055141,
-0.676125808269436,-0.65923161467419,-0.642338345308582,-0.625453920136592,
-0.616999230506348,-0.608546450423949,-0.600094152690371,-0.591641848929696,
-0.583190892962756,-0.574738944041655,-0.566286614542499,-0.557835373244188,
-0.540928531509082,-0.524021689773976,-0.515570448475666,-0.507118118976508,
-0.498666170055408,-0.490215214088468,-0.481762910327793,-0.473310612594216,
-0.464857832511816,-0.456403142881573,-0.439518717709585,-0.422625448343974,
-0.405731254748728,-0.388829153963025,-0.371923372610524,-0.338115541445603,
-0.304308701380172,-0.270498843090285,-0.236687734312858,-0.202875939400642,
-0.169063711442051,-0.135251184353474,-0.101438436149482,-0.0676255255894121,
-0.0338126420443357,0.),.UNSPECIFIED.);
#1187=B_SPLINE_CURVE_WITH_KNOTS('',3,(#5600,#5601,#5602,#5603,#5604,#5605,
#5606,#5607,#5608,#5609,#5610,#5611,#5612,#5613,#5614,#5615,#5616,#5617,
#5618,#5619,#5620,#5621,#5622,#5623,#5624,#5625,#5626,#5627,#5628,#5629,
#5630,#5631,#5632,#5633,#5634,#5635,#5636,#5637,#5638,#5639,#5640,#5641,
#5642,#5643,#5644,#5645,#5646,#5647,#5648,#5649,#5650,#5651,#5652),
 .UNSPECIFIED.,.F.,.F.,(4,1,1,1,1,1,1,1,1,1,1,1,1,1,1,1,1,1,1,1,1,1,1,1,
1,1,1,1,1,1,1,1,1,1,1,1,1,1,1,1,1,1,1,1,1,1,1,1,1,1,4),(-1.08185706301816,
-1.04804442097383,-1.01423153742875,-0.980418626868684,-0.946605878664692,
-0.912793351576113,-0.878981123617523,-0.845169328705309,-0.81135821992788,
-0.777548361637989,-0.743741521572563,-0.709933690407642,-0.693027909055141,
-0.676125808269436,-0.65923161467419,-0.642338345308582,-0.625453920136592,
-0.616999230506348,-0.608546450423949,-0.600094152690371,-0.591641848929696,
-0.583190892962756,-0.574738944041655,-0.566286614542499,-0.557835373244188,
-0.540928531509082,-0.524021689773976,-0.515570448475666,-0.507118118976508,
-0.498666170055408,-0.490215214088468,-0.481762910327793,-0.473310612594216,
-0.464857832511816,-0.456403142881573,-0.439518717709585,-0.422625448343974,
-0.405731254748728,-0.388829153963025,-0.371923372610524,-0.338115541445603,
-0.304308701380172,-0.270498843090285,-0.236687734312858,-0.202875939400642,
-0.169063711442051,-0.135251184353474,-0.101438436149482,-0.0676255255894121,
-0.0338126420443357,0.),.UNSPECIFIED.);
#1188=B_SPLINE_CURVE_WITH_KNOTS('',3,(#5656,#5657,#5658,#5659,#5660,#5661,
#5662,#5663,#5664,#5665,#5666,#5667,#5668,#5669,#5670,#5671,#5672,#5673,
#5674,#5675,#5676,#5677,#5678,#5679,#5680,#5681,#5682,#5683,#5684,#5685,
#5686,#5687,#5688,#5689,#5690,#5691,#5692,#5693,#5694,#5695,#5696,#5697,
#5698,#5699,#5700,#5701,#5702,#5703,#5704,#5705,#5706,#5707,#5708),
 .UNSPECIFIED.,.F.,.F.,(4,1,1,1,1,1,1,1,1,1,1,1,1,1,1,1,1,1,1,1,1,1,1,1,
1,1,1,1,1,1,1,1,1,1,1,1,1,1,1,1,1,1,1,1,1,1,1,1,1,1,4),(-1.08185706301816,
-1.04804442097383,-1.01423153742875,-0.980418626868684,-0.946605878664692,
-0.912793351576113,-0.878981123617523,-0.845169328705309,-0.81135821992788,
-0.777548361637989,-0.743741521572563,-0.709933690407642,-0.693027909055141,
-0.676125808269436,-0.65923161467419,-0.642338345308582,-0.625453920136592,
-0.616999230506348,-0.608546450423949,-0.600094152690371,-0.591641848929696,
-0.583190892962756,-0.574738944041655,-0.566286614542499,-0.557835373244188,
-0.540928531509082,-0.524021689773976,-0.515570448475666,-0.507118118976508,
-0.498666170055408,-0.490215214088468,-0.481762910327793,-0.473310612594216,
-0.464857832511816,-0.456403142881573,-0.439518717709585,-0.422625448343974,
-0.405731254748728,-0.388829153963025,-0.371923372610524,-0.338115541445603,
-0.304308701380172,-0.270498843090285,-0.236687734312858,-0.202875939400642,
-0.169063711442051,-0.135251184353474,-0.101438436149482,-0.0676255255894121,
-0.0338126420443357,0.),.UNSPECIFIED.);
#1189=B_SPLINE_CURVE_WITH_KNOTS('',3,(#5712,#5713,#5714,#5715,#5716,#5717,
#5718,#5719,#5720,#5721,#5722,#5723,#5724,#5725,#5726,#5727,#5728,#5729,
#5730,#5731,#5732,#5733,#5734,#5735,#5736,#5737,#5738,#5739,#5740,#5741,
#5742,#5743,#5744,#5745,#5746,#5747,#5748,#5749,#5750,#5751,#5752,#5753,
#5754,#5755,#5756,#5757,#5758,#5759,#5760,#5761,#5762,#5763,#5764),
 .UNSPECIFIED.,.F.,.F.,(4,1,1,1,1,1,1,1,1,1,1,1,1,1,1,1,1,1,1,1,1,1,1,1,
1,1,1,1,1,1,1,1,1,1,1,1,1,1,1,1,1,1,1,1,1,1,1,1,1,1,4),(-1.08185706301816,
-1.04804442097383,-1.01423153742875,-0.980418626868684,-0.946605878664692,
-0.912793351576113,-0.878981123617523,-0.845169328705309,-0.81135821992788,
-0.777548361637989,-0.743741521572563,-0.709933690407642,-0.693027909055141,
-0.676125808269436,-0.65923161467419,-0.642338345308582,-0.625453920136592,
-0.616999230506348,-0.608546450423949,-0.600094152690371,-0.591641848929696,
-0.583190892962756,-0.574738944041655,-0.566286614542499,-0.557835373244188,
-0.540928531509082,-0.524021689773976,-0.515570448475666,-0.507118118976508,
-0.498666170055408,-0.490215214088468,-0.481762910327793,-0.473310612594216,
-0.464857832511816,-0.456403142881573,-0.439518717709585,-0.422625448343974,
-0.405731254748728,-0.388829153963025,-0.371923372610524,-0.338115541445603,
-0.304308701380172,-0.270498843090285,-0.236687734312858,-0.202875939400642,
-0.169063711442051,-0.135251184353474,-0.101438436149482,-0.0676255255894121,
-0.0338126420443357,0.),.UNSPECIFIED.);
#1190=B_SPLINE_CURVE_WITH_KNOTS('',3,(#5768,#5769,#5770,#5771,#5772,#5773,
#5774,#5775,#5776,#5777,#5778,#5779,#5780,#5781,#5782,#5783,#5784,#5785,
#5786,#5787,#5788,#5789,#5790,#5791,#5792,#5793,#5794,#5795,#5796,#5797,
#5798,#5799,#5800,#5801,#5802,#5803,#5804,#5805,#5806,#5807,#5808,#5809,
#5810,#5811,#5812,#5813,#5814,#5815,#5816,#5817,#5818,#5819,#5820),
 .UNSPECIFIED.,.F.,.F.,(4,1,1,1,1,1,1,1,1,1,1,1,1,1,1,1,1,1,1,1,1,1,1,1,
1,1,1,1,1,1,1,1,1,1,1,1,1,1,1,1,1,1,1,1,1,1,1,1,1,1,4),(-1.08185706301816,
-1.04804442097383,-1.01423153742875,-0.980418626868684,-0.946605878664692,
-0.912793351576113,-0.878981123617523,-0.845169328705309,-0.81135821992788,
-0.777548361637989,-0.743741521572563,-0.709933690407642,-0.693027909055141,
-0.676125808269436,-0.65923161467419,-0.642338345308582,-0.625453920136592,
-0.616999230506348,-0.608546450423949,-0.600094152690371,-0.591641848929696,
-0.583190892962756,-0.574738944041655,-0.566286614542499,-0.557835373244188,
-0.540928531509082,-0.524021689773976,-0.515570448475666,-0.507118118976508,
-0.498666170055408,-0.490215214088468,-0.481762910327793,-0.473310612594216,
-0.464857832511816,-0.456403142881573,-0.439518717709585,-0.422625448343974,
-0.405731254748728,-0.388829153963025,-0.371923372610524,-0.338115541445603,
-0.304308701380172,-0.270498843090285,-0.236687734312858,-0.202875939400642,
-0.169063711442051,-0.135251184353474,-0.101438436149482,-0.0676255255894121,
-0.0338126420443357,0.),.UNSPECIFIED.);
#1191=B_SPLINE_CURVE_WITH_KNOTS('',3,(#5824,#5825,#5826,#5827,#5828,#5829,
#5830,#5831,#5832,#5833,#5834,#5835,#5836,#5837,#5838,#5839,#5840,#5841,
#5842,#5843,#5844,#5845,#5846,#5847,#5848,#5849,#5850,#5851,#5852,#5853,
#5854,#5855,#5856,#5857,#5858,#5859,#5860,#5861,#5862,#5863,#5864,#5865,
#5866,#5867,#5868,#5869,#5870,#5871,#5872,#5873,#5874,#5875,#5876),
 .UNSPECIFIED.,.F.,.F.,(4,1,1,1,1,1,1,1,1,1,1,1,1,1,1,1,1,1,1,1,1,1,1,1,
1,1,1,1,1,1,1,1,1,1,1,1,1,1,1,1,1,1,1,1,1,1,1,1,1,1,4),(-1.08185706301816,
-1.04804442097383,-1.01423153742875,-0.980418626868684,-0.946605878664692,
-0.912793351576113,-0.878981123617523,-0.845169328705309,-0.81135821992788,
-0.777548361637989,-0.743741521572563,-0.709933690407642,-0.693027909055141,
-0.676125808269436,-0.65923161467419,-0.642338345308582,-0.625453920136592,
-0.616999230506348,-0.608546450423949,-0.600094152690371,-0.591641848929696,
-0.583190892962756,-0.574738944041655,-0.566286614542499,-0.557835373244188,
-0.540928531509082,-0.524021689773976,-0.515570448475666,-0.507118118976508,
-0.498666170055408,-0.490215214088468,-0.481762910327793,-0.473310612594216,
-0.464857832511816,-0.456403142881573,-0.439518717709585,-0.422625448343974,
-0.405731254748728,-0.388829153963025,-0.371923372610524,-0.338115541445603,
-0.304308701380172,-0.270498843090285,-0.236687734312858,-0.202875939400642,
-0.169063711442051,-0.135251184353474,-0.101438436149482,-0.0676255255894121,
-0.0338126420443357,0.),.UNSPECIFIED.);
#1192=B_SPLINE_CURVE_WITH_KNOTS('',3,(#5880,#5881,#5882,#5883,#5884,#5885,
#5886,#5887,#5888,#5889,#5890,#5891,#5892,#5893,#5894,#5895,#5896,#5897,
#5898,#5899,#5900,#5901,#5902,#5903,#5904,#5905,#5906,#5907,#5908,#5909,
#5910,#5911,#5912,#5913,#5914,#5915,#5916,#5917,#5918,#5919,#5920,#5921,
#5922,#5923,#5924,#5925,#5926,#5927,#5928,#5929,#5930,#5931,#5932),
 .UNSPECIFIED.,.F.,.F.,(4,1,1,1,1,1,1,1,1,1,1,1,1,1,1,1,1,1,1,1,1,1,1,1,
1,1,1,1,1,1,1,1,1,1,1,1,1,1,1,1,1,1,1,1,1,1,1,1,1,1,4),(-1.08185706301816,
-1.04804442097383,-1.01423153742875,-0.980418626868684,-0.946605878664692,
-0.912793351576113,-0.878981123617523,-0.845169328705309,-0.81135821992788,
-0.777548361637989,-0.743741521572563,-0.709933690407642,-0.693027909055141,
-0.676125808269436,-0.65923161467419,-0.642338345308582,-0.625453920136592,
-0.616999230506348,-0.608546450423949,-0.600094152690371,-0.591641848929696,
-0.583190892962756,-0.574738944041655,-0.566286614542499,-0.557835373244188,
-0.540928531509082,-0.524021689773976,-0.515570448475666,-0.507118118976508,
-0.498666170055408,-0.490215214088468,-0.481762910327793,-0.473310612594216,
-0.464857832511816,-0.456403142881573,-0.439518717709585,-0.422625448343974,
-0.405731254748728,-0.388829153963025,-0.371923372610524,-0.338115541445603,
-0.304308701380172,-0.270498843090285,-0.236687734312858,-0.202875939400642,
-0.169063711442051,-0.135251184353474,-0.101438436149482,-0.0676255255894121,
-0.0338126420443357,0.),.UNSPECIFIED.);
#1193=B_SPLINE_CURVE_WITH_KNOTS('',3,(#5936,#5937,#5938,#5939,#5940,#5941,
#5942,#5943,#5944,#5945,#5946,#5947,#5948,#5949,#5950,#5951,#5952,#5953,
#5954,#5955,#5956,#5957,#5958,#5959,#5960,#5961,#5962,#5963,#5964,#5965,
#5966,#5967,#5968,#5969,#5970,#5971,#5972,#5973,#5974,#5975,#5976,#5977,
#5978,#5979,#5980,#5981,#5982,#5983,#5984,#5985,#5986,#5987,#5988),
 .UNSPECIFIED.,.F.,.F.,(4,1,1,1,1,1,1,1,1,1,1,1,1,1,1,1,1,1,1,1,1,1,1,1,
1,1,1,1,1,1,1,1,1,1,1,1,1,1,1,1,1,1,1,1,1,1,1,1,1,1,4),(-1.08185706301816,
-1.04804442097383,-1.01423153742875,-0.980418626868684,-0.946605878664692,
-0.912793351576113,-0.878981123617523,-0.845169328705309,-0.81135821992788,
-0.777548361637989,-0.743741521572563,-0.709933690407642,-0.693027909055141,
-0.676125808269436,-0.65923161467419,-0.642338345308582,-0.625453920136592,
-0.616999230506348,-0.608546450423949,-0.600094152690371,-0.591641848929696,
-0.583190892962756,-0.574738944041655,-0.566286614542499,-0.557835373244188,
-0.540928531509082,-0.524021689773976,-0.515570448475666,-0.507118118976508,
-0.498666170055408,-0.490215214088468,-0.481762910327793,-0.473310612594216,
-0.464857832511816,-0.456403142881573,-0.439518717709585,-0.422625448343974,
-0.405731254748728,-0.388829153963025,-0.371923372610524,-0.338115541445603,
-0.304308701380172,-0.270498843090285,-0.236687734312858,-0.202875939400642,
-0.169063711442051,-0.135251184353474,-0.101438436149482,-0.0676255255894121,
-0.0338126420443357,0.),.UNSPECIFIED.);
#1194=B_SPLINE_CURVE_WITH_KNOTS('',3,(#5992,#5993,#5994,#5995,#5996,#5997,
#5998,#5999,#6000,#6001,#6002,#6003,#6004,#6005,#6006,#6007,#6008,#6009,
#6010,#6011,#6012,#6013,#6014,#6015,#6016,#6017,#6018,#6019,#6020,#6021,
#6022,#6023,#6024,#6025,#6026,#6027,#6028,#6029,#6030,#6031,#6032,#6033,
#6034,#6035,#6036,#6037,#6038,#6039,#6040,#6041,#6042,#6043,#6044),
 .UNSPECIFIED.,.F.,.F.,(4,1,1,1,1,1,1,1,1,1,1,1,1,1,1,1,1,1,1,1,1,1,1,1,
1,1,1,1,1,1,1,1,1,1,1,1,1,1,1,1,1,1,1,1,1,1,1,1,1,1,4),(-1.08185706301816,
-1.04804442097383,-1.01423153742875,-0.980418626868684,-0.946605878664692,
-0.912793351576113,-0.878981123617523,-0.845169328705309,-0.81135821992788,
-0.777548361637989,-0.743741521572563,-0.709933690407642,-0.693027909055141,
-0.676125808269436,-0.65923161467419,-0.642338345308582,-0.625453920136592,
-0.616999230506348,-0.608546450423949,-0.600094152690371,-0.591641848929696,
-0.583190892962756,-0.574738944041655,-0.566286614542499,-0.557835373244188,
-0.540928531509082,-0.524021689773976,-0.515570448475666,-0.507118118976508,
-0.498666170055408,-0.490215214088468,-0.481762910327793,-0.473310612594216,
-0.464857832511816,-0.456403142881573,-0.439518717709585,-0.422625448343974,
-0.405731254748728,-0.388829153963025,-0.371923372610524,-0.338115541445603,
-0.304308701380172,-0.270498843090285,-0.236687734312858,-0.202875939400642,
-0.169063711442051,-0.135251184353474,-0.101438436149482,-0.0676255255894121,
-0.0338126420443357,0.),.UNSPECIFIED.);
#1195=B_SPLINE_CURVE_WITH_KNOTS('',3,(#6048,#6049,#6050,#6051,#6052,#6053,
#6054,#6055,#6056,#6057,#6058,#6059,#6060,#6061,#6062,#6063,#6064,#6065,
#6066,#6067,#6068,#6069,#6070,#6071,#6072,#6073,#6074,#6075,#6076,#6077,
#6078,#6079,#6080,#6081,#6082,#6083,#6084,#6085,#6086,#6087,#6088,#6089,
#6090,#6091,#6092,#6093,#6094,#6095,#6096,#6097,#6098,#6099,#6100),
 .UNSPECIFIED.,.F.,.F.,(4,1,1,1,1,1,1,1,1,1,1,1,1,1,1,1,1,1,1,1,1,1,1,1,
1,1,1,1,1,1,1,1,1,1,1,1,1,1,1,1,1,1,1,1,1,1,1,1,1,1,4),(-1.08185706301816,
-1.04804442097383,-1.01423153742875,-0.980418626868684,-0.946605878664692,
-0.912793351576113,-0.878981123617523,-0.845169328705309,-0.81135821992788,
-0.777548361637989,-0.743741521572563,-0.709933690407642,-0.693027909055141,
-0.676125808269436,-0.65923161467419,-0.642338345308582,-0.625453920136592,
-0.616999230506348,-0.608546450423949,-0.600094152690371,-0.591641848929696,
-0.583190892962756,-0.574738944041655,-0.566286614542499,-0.557835373244188,
-0.540928531509082,-0.524021689773976,-0.515570448475666,-0.507118118976508,
-0.498666170055408,-0.490215214088468,-0.481762910327793,-0.473310612594216,
-0.464857832511816,-0.456403142881573,-0.439518717709585,-0.422625448343974,
-0.405731254748728,-0.388829153963025,-0.371923372610524,-0.338115541445603,
-0.304308701380172,-0.270498843090285,-0.236687734312858,-0.202875939400642,
-0.169063711442051,-0.135251184353474,-0.101438436149482,-0.0676255255894121,
-0.0338126420443357,0.),.UNSPECIFIED.);
#1196=B_SPLINE_CURVE_WITH_KNOTS('',3,(#6104,#6105,#6106,#6107,#6108,#6109,
#6110,#6111,#6112,#6113,#6114,#6115,#6116,#6117,#6118,#6119,#6120,#6121,
#6122,#6123,#6124,#6125,#6126,#6127,#6128,#6129,#6130,#6131,#6132,#6133,
#6134,#6135,#6136,#6137,#6138,#6139,#6140,#6141,#6142,#6143,#6144,#6145,
#6146,#6147,#6148,#6149,#6150,#6151,#6152,#6153,#6154,#6155,#6156),
 .UNSPECIFIED.,.F.,.F.,(4,1,1,1,1,1,1,1,1,1,1,1,1,1,1,1,1,1,1,1,1,1,1,1,
1,1,1,1,1,1,1,1,1,1,1,1,1,1,1,1,1,1,1,1,1,1,1,1,1,1,4),(-1.08185706301816,
-1.04804442097383,-1.01423153742875,-0.980418626868684,-0.946605878664692,
-0.912793351576113,-0.878981123617523,-0.845169328705309,-0.81135821992788,
-0.777548361637989,-0.743741521572563,-0.709933690407642,-0.693027909055141,
-0.676125808269436,-0.65923161467419,-0.642338345308582,-0.625453920136592,
-0.616999230506348,-0.608546450423949,-0.600094152690371,-0.591641848929696,
-0.583190892962756,-0.574738944041655,-0.566286614542499,-0.557835373244188,
-0.540928531509082,-0.524021689773976,-0.515570448475666,-0.507118118976508,
-0.498666170055408,-0.490215214088468,-0.481762910327793,-0.473310612594216,
-0.464857832511816,-0.456403142881573,-0.439518717709585,-0.422625448343974,
-0.405731254748728,-0.388829153963025,-0.371923372610524,-0.338115541445603,
-0.304308701380172,-0.270498843090285,-0.236687734312858,-0.202875939400642,
-0.169063711442051,-0.135251184353474,-0.101438436149482,-0.0676255255894121,
-0.0338126420443357,0.),.UNSPECIFIED.);
#1197=B_SPLINE_CURVE_WITH_KNOTS('',3,(#6159,#6160,#6161,#6162,#6163,#6164,
#6165,#6166,#6167,#6168,#6169,#6170,#6171,#6172,#6173,#6174,#6175,#6176,
#6177,#6178,#6179,#6180,#6181,#6182,#6183,#6184,#6185,#6186,#6187,#6188,
#6189,#6190,#6191,#6192,#6193,#6194,#6195,#6196,#6197,#6198,#6199,#6200,
#6201,#6202,#6203,#6204,#6205,#6206,#6207,#6208,#6209,#6210,#6211),
 .UNSPECIFIED.,.F.,.F.,(4,1,1,1,1,1,1,1,1,1,1,1,1,1,1,1,1,1,1,1,1,1,1,1,
1,1,1,1,1,1,1,1,1,1,1,1,1,1,1,1,1,1,1,1,1,1,1,1,1,1,4),(-1.08185706301816,
-1.04804442097383,-1.01423153742875,-0.980418626868684,-0.946605878664692,
-0.912793351576113,-0.878981123617523,-0.845169328705309,-0.81135821992788,
-0.777548361637989,-0.743741521572563,-0.709933690407642,-0.693027909055141,
-0.676125808269436,-0.65923161467419,-0.642338345308582,-0.625453920136592,
-0.616999230506348,-0.608546450423949,-0.600094152690371,-0.591641848929696,
-0.583190892962756,-0.574738944041655,-0.566286614542499,-0.557835373244188,
-0.540928531509082,-0.524021689773976,-0.515570448475666,-0.507118118976508,
-0.498666170055408,-0.490215214088468,-0.481762910327793,-0.473310612594216,
-0.464857832511816,-0.456403142881573,-0.439518717709585,-0.422625448343974,
-0.405731254748728,-0.388829153963025,-0.371923372610524,-0.338115541445603,
-0.304308701380172,-0.270498843090285,-0.236687734312858,-0.202875939400642,
-0.169063711442051,-0.135251184353474,-0.101438436149482,-0.0676255255894121,
-0.0338126420443357,0.),.UNSPECIFIED.);
#1198=B_SPLINE_CURVE_WITH_KNOTS('',3,(#6215,#6216,#6217,#6218,#6219,#6220,
#6221,#6222,#6223,#6224,#6225,#6226,#6227,#6228,#6229,#6230,#6231,#6232,
#6233,#6234,#6235,#6236,#6237,#6238,#6239,#6240,#6241,#6242,#6243,#6244,
#6245,#6246,#6247,#6248,#6249,#6250,#6251,#6252,#6253,#6254,#6255,#6256,
#6257,#6258,#6259,#6260,#6261,#6262,#6263,#6264,#6265,#6266,#6267),
 .UNSPECIFIED.,.F.,.F.,(4,1,1,1,1,1,1,1,1,1,1,1,1,1,1,1,1,1,1,1,1,1,1,1,
1,1,1,1,1,1,1,1,1,1,1,1,1,1,1,1,1,1,1,1,1,1,1,1,1,1,4),(-1.08185706301816,
-1.04804442097383,-1.01423153742875,-0.980418626868684,-0.946605878664692,
-0.912793351576113,-0.878981123617523,-0.845169328705309,-0.81135821992788,
-0.777548361637989,-0.743741521572563,-0.709933690407642,-0.693027909055141,
-0.676125808269436,-0.65923161467419,-0.642338345308582,-0.625453920136592,
-0.616999230506348,-0.608546450423949,-0.600094152690371,-0.591641848929696,
-0.583190892962756,-0.574738944041655,-0.566286614542499,-0.557835373244188,
-0.540928531509082,-0.524021689773976,-0.515570448475666,-0.507118118976508,
-0.498666170055408,-0.490215214088468,-0.481762910327793,-0.473310612594216,
-0.464857832511816,-0.456403142881573,-0.439518717709585,-0.422625448343974,
-0.405731254748728,-0.388829153963025,-0.371923372610524,-0.338115541445603,
-0.304308701380172,-0.270498843090285,-0.236687734312858,-0.202875939400642,
-0.169063711442051,-0.135251184353474,-0.101438436149482,-0.0676255255894121,
-0.0338126420443357,0.),.UNSPECIFIED.);
#1199=B_SPLINE_CURVE_WITH_KNOTS('',3,(#6271,#6272,#6273,#6274,#6275,#6276,
#6277,#6278,#6279,#6280,#6281,#6282,#6283,#6284,#6285,#6286,#6287,#6288,
#6289,#6290,#6291,#6292,#6293,#6294,#6295,#6296,#6297,#6298,#6299,#6300,
#6301,#6302,#6303,#6304,#6305,#6306,#6307,#6308,#6309,#6310,#6311,#6312,
#6313,#6314,#6315,#6316,#6317,#6318,#6319,#6320,#6321,#6322,#6323),
 .UNSPECIFIED.,.F.,.F.,(4,1,1,1,1,1,1,1,1,1,1,1,1,1,1,1,1,1,1,1,1,1,1,1,
1,1,1,1,1,1,1,1,1,1,1,1,1,1,1,1,1,1,1,1,1,1,1,1,1,1,4),(-1.08185706301816,
-1.04804442097383,-1.01423153742875,-0.980418626868684,-0.946605878664692,
-0.912793351576113,-0.878981123617523,-0.845169328705309,-0.81135821992788,
-0.777548361637989,-0.743741521572563,-0.709933690407642,-0.693027909055141,
-0.676125808269436,-0.65923161467419,-0.642338345308582,-0.625453920136592,
-0.616999230506348,-0.608546450423949,-0.600094152690371,-0.591641848929696,
-0.583190892962756,-0.574738944041655,-0.566286614542499,-0.557835373244188,
-0.540928531509082,-0.524021689773976,-0.515570448475666,-0.507118118976508,
-0.498666170055408,-0.490215214088468,-0.481762910327793,-0.473310612594216,
-0.464857832511816,-0.456403142881573,-0.439518717709585,-0.422625448343974,
-0.405731254748728,-0.388829153963025,-0.371923372610524,-0.338115541445603,
-0.304308701380172,-0.270498843090285,-0.236687734312858,-0.202875939400642,
-0.169063711442051,-0.135251184353474,-0.101438436149482,-0.0676255255894121,
-0.0338126420443357,0.),.UNSPECIFIED.);
#1200=B_SPLINE_CURVE_WITH_KNOTS('',3,(#6327,#6328,#6329,#6330,#6331,#6332,
#6333,#6334,#6335,#6336,#6337,#6338,#6339,#6340,#6341,#6342,#6343,#6344,
#6345,#6346,#6347,#6348,#6349,#6350,#6351,#6352,#6353,#6354,#6355,#6356,
#6357,#6358,#6359,#6360,#6361,#6362,#6363,#6364,#6365,#6366,#6367,#6368,
#6369,#6370,#6371,#6372,#6373,#6374,#6375,#6376,#6377,#6378,#6379),
 .UNSPECIFIED.,.F.,.F.,(4,1,1,1,1,1,1,1,1,1,1,1,1,1,1,1,1,1,1,1,1,1,1,1,
1,1,1,1,1,1,1,1,1,1,1,1,1,1,1,1,1,1,1,1,1,1,1,1,1,1,4),(-1.08185706301816,
-1.04804442097383,-1.01423153742875,-0.980418626868684,-0.946605878664692,
-0.912793351576113,-0.878981123617523,-0.845169328705309,-0.81135821992788,
-0.777548361637989,-0.743741521572563,-0.709933690407642,-0.693027909055141,
-0.676125808269436,-0.65923161467419,-0.642338345308582,-0.625453920136592,
-0.616999230506348,-0.608546450423949,-0.600094152690371,-0.591641848929696,
-0.583190892962756,-0.574738944041655,-0.566286614542499,-0.557835373244188,
-0.540928531509082,-0.524021689773976,-0.515570448475666,-0.507118118976508,
-0.498666170055408,-0.490215214088468,-0.481762910327793,-0.473310612594216,
-0.464857832511816,-0.456403142881573,-0.439518717709585,-0.422625448343974,
-0.405731254748728,-0.388829153963025,-0.371923372610524,-0.338115541445603,
-0.304308701380172,-0.270498843090285,-0.236687734312858,-0.202875939400642,
-0.169063711442051,-0.135251184353474,-0.101438436149482,-0.0676255255894121,
-0.0338126420443357,0.),.UNSPECIFIED.);
#1201=B_SPLINE_CURVE_WITH_KNOTS('',3,(#6568,#6569,#6570,#6571,#6572,#6573,
#6574,#6575,#6576,#6577,#6578,#6579,#6580,#6581,#6582,#6583,#6584,#6585,
#6586,#6587,#6588,#6589,#6590,#6591,#6592,#6593,#6594,#6595,#6596,#6597,
#6598,#6599,#6600,#6601,#6602,#6603,#6604,#6605,#6606,#6607,#6608,#6609,
#6610,#6611,#6612,#6613,#6614,#6615,#6616,#6617,#6618,#6619,#6620),
 .UNSPECIFIED.,.F.,.F.,(4,1,1,1,1,1,1,1,1,1,1,1,1,1,1,1,1,1,1,1,1,1,1,1,
1,1,1,1,1,1,1,1,1,1,1,1,1,1,1,1,1,1,1,1,1,1,1,1,1,1,4),(0.,0.0338126420443357,
0.0676255255894121,0.101438436149482,0.135251184353474,0.169063711442051,
0.202875939400642,0.236687734312858,0.270498843090285,0.304308701380172,
0.338115541445603,0.371923372610524,0.388829153963025,0.405731254748728,
0.422625448343974,0.439518717709585,0.456403142881573,0.464857832511816,
0.473310612594216,0.481762910327793,0.490215214088468,0.498666170055408,
0.507118118976508,0.515570448475666,0.524021689773976,0.540928531509082,
0.557835373244188,0.566286614542499,0.574738944041655,0.583190892962756,
0.591641848929696,0.600094152690371,0.608546450423949,0.616999230506348,
0.625453920136592,0.642338345308582,0.65923161467419,0.676125808269436,
0.693027909055141,0.709933690407642,0.743741521572563,0.777548361637989,
0.81135821992788,0.845169328705309,0.878981123617523,0.912793351576113,
0.946605878664692,0.980418626868684,1.01423153742875,1.04804442097383,1.08185706301816),
 .UNSPECIFIED.);
#1202=B_SPLINE_CURVE_WITH_KNOTS('',3,(#6731,#6732,#6733,#6734,#6735,#6736,
#6737,#6738,#6739,#6740,#6741,#6742,#6743,#6744,#6745,#6746,#6747,#6748,
#6749,#6750,#6751,#6752,#6753,#6754,#6755,#6756,#6757,#6758,#6759,#6760,
#6761,#6762,#6763,#6764,#6765,#6766,#6767,#6768,#6769,#6770,#6771,#6772,
#6773,#6774,#6775,#6776,#6777,#6778,#6779,#6780,#6781,#6782,#6783),
 .UNSPECIFIED.,.F.,.F.,(4,1,1,1,1,1,1,1,1,1,1,1,1,1,1,1,1,1,1,1,1,1,1,1,
1,1,1,1,1,1,1,1,1,1,1,1,1,1,1,1,1,1,1,1,1,1,1,1,1,1,4),(0.,0.0338126420443357,
0.0676255255894121,0.101438436149482,0.135251184353474,0.169063711442051,
0.202875939400642,0.236687734312858,0.270498843090285,0.304308701380172,
0.338115541445603,0.371923372610524,0.388829153963025,0.405731254748728,
0.422625448343974,0.439518717709585,0.456403142881573,0.464857832511816,
0.473310612594216,0.481762910327793,0.490215214088468,0.498666170055408,
0.507118118976508,0.515570448475666,0.524021689773976,0.540928531509082,
0.557835373244188,0.566286614542499,0.574738944041655,0.583190892962756,
0.591641848929696,0.600094152690371,0.608546450423949,0.616999230506348,
0.625453920136592,0.642338345308582,0.65923161467419,0.676125808269436,
0.693027909055141,0.709933690407642,0.743741521572563,0.777548361637989,
0.81135821992788,0.845169328705309,0.878981123617523,0.912793351576113,
0.946605878664692,0.980418626868684,1.01423153742875,1.04804442097383,1.08185706301816),
 .UNSPECIFIED.);
#1203=B_SPLINE_CURVE_WITH_KNOTS('',3,(#6894,#6895,#6896,#6897,#6898,#6899,
#6900,#6901,#6902,#6903,#6904,#6905,#6906,#6907,#6908,#6909,#6910,#6911,
#6912,#6913,#6914,#6915,#6916,#6917,#6918,#6919,#6920,#6921,#6922,#6923,
#6924,#6925,#6926,#6927,#6928,#6929,#6930,#6931,#6932,#6933,#6934,#6935,
#6936,#6937,#6938,#6939,#6940,#6941,#6942,#6943,#6944,#6945,#6946),
 .UNSPECIFIED.,.F.,.F.,(4,1,1,1,1,1,1,1,1,1,1,1,1,1,1,1,1,1,1,1,1,1,1,1,
1,1,1,1,1,1,1,1,1,1,1,1,1,1,1,1,1,1,1,1,1,1,1,1,1,1,4),(0.,0.0338126420443357,
0.0676255255894121,0.101438436149482,0.135251184353474,0.169063711442051,
0.202875939400642,0.236687734312858,0.270498843090285,0.304308701380172,
0.338115541445603,0.371923372610524,0.388829153963025,0.405731254748728,
0.422625448343974,0.439518717709585,0.456403142881573,0.464857832511816,
0.473310612594216,0.481762910327793,0.490215214088468,0.498666170055408,
0.507118118976508,0.515570448475666,0.524021689773976,0.540928531509082,
0.557835373244188,0.566286614542499,0.574738944041655,0.583190892962756,
0.591641848929696,0.600094152690371,0.608546450423949,0.616999230506348,
0.625453920136592,0.642338345308582,0.65923161467419,0.676125808269436,
0.693027909055141,0.709933690407642,0.743741521572563,0.777548361637989,
0.81135821992788,0.845169328705309,0.878981123617523,0.912793351576113,
0.946605878664692,0.980418626868684,1.01423153742875,1.04804442097383,1.08185706301816),
 .UNSPECIFIED.);
#1204=B_SPLINE_CURVE_WITH_KNOTS('',3,(#7057,#7058,#7059,#7060,#7061,#7062,
#7063,#7064,#7065,#7066,#7067,#7068,#7069,#7070,#7071,#7072,#7073,#7074,
#7075,#7076,#7077,#7078,#7079,#7080,#7081,#7082,#7083,#7084,#7085,#7086,
#7087,#7088,#7089,#7090,#7091,#7092,#7093,#7094,#7095,#7096,#7097,#7098,
#7099,#7100,#7101,#7102,#7103,#7104,#7105,#7106,#7107,#7108,#7109),
 .UNSPECIFIED.,.F.,.F.,(4,1,1,1,1,1,1,1,1,1,1,1,1,1,1,1,1,1,1,1,1,1,1,1,
1,1,1,1,1,1,1,1,1,1,1,1,1,1,1,1,1,1,1,1,1,1,1,1,1,1,4),(0.,0.0338126420443357,
0.0676255255894121,0.101438436149482,0.135251184353474,0.169063711442051,
0.202875939400642,0.236687734312858,0.270498843090285,0.304308701380172,
0.338115541445603,0.371923372610524,0.388829153963025,0.405731254748728,
0.422625448343974,0.439518717709585,0.456403142881573,0.464857832511816,
0.473310612594216,0.481762910327793,0.490215214088468,0.498666170055408,
0.507118118976508,0.515570448475666,0.524021689773976,0.540928531509082,
0.557835373244188,0.566286614542499,0.574738944041655,0.583190892962756,
0.591641848929696,0.600094152690371,0.608546450423949,0.616999230506348,
0.625453920136592,0.642338345308582,0.65923161467419,0.676125808269436,
0.693027909055141,0.709933690407642,0.743741521572563,0.777548361637989,
0.81135821992788,0.845169328705309,0.878981123617523,0.912793351576113,
0.946605878664692,0.980418626868684,1.01423153742875,1.04804442097383,1.08185706301816),
 .UNSPECIFIED.);
#1205=B_SPLINE_CURVE_WITH_KNOTS('',3,(#7220,#7221,#7222,#7223,#7224,#7225,
#7226,#7227,#7228,#7229,#7230,#7231,#7232,#7233,#7234,#7235,#7236,#7237,
#7238,#7239,#7240,#7241,#7242,#7243,#7244,#7245,#7246,#7247,#7248,#7249,
#7250,#7251,#7252,#7253,#7254,#7255,#7256,#7257,#7258,#7259,#7260,#7261,
#7262,#7263,#7264,#7265,#7266,#7267,#7268,#7269,#7270,#7271,#7272),
 .UNSPECIFIED.,.F.,.F.,(4,1,1,1,1,1,1,1,1,1,1,1,1,1,1,1,1,1,1,1,1,1,1,1,
1,1,1,1,1,1,1,1,1,1,1,1,1,1,1,1,1,1,1,1,1,1,1,1,1,1,4),(0.,0.0338126420443357,
0.0676255255894121,0.101438436149482,0.135251184353474,0.169063711442051,
0.202875939400642,0.236687734312858,0.270498843090285,0.304308701380172,
0.338115541445603,0.371923372610524,0.388829153963025,0.405731254748728,
0.422625448343974,0.439518717709585,0.456403142881573,0.464857832511816,
0.473310612594216,0.481762910327793,0.490215214088468,0.498666170055408,
0.507118118976508,0.515570448475666,0.524021689773976,0.540928531509082,
0.557835373244188,0.566286614542499,0.574738944041655,0.583190892962756,
0.591641848929696,0.600094152690371,0.608546450423949,0.616999230506348,
0.625453920136592,0.642338345308582,0.65923161467419,0.676125808269436,
0.693027909055141,0.709933690407642,0.743741521572563,0.777548361637989,
0.81135821992788,0.845169328705309,0.878981123617523,0.912793351576113,
0.946605878664692,0.980418626868684,1.01423153742875,1.04804442097383,1.08185706301816),
 .UNSPECIFIED.);
#1206=B_SPLINE_CURVE_WITH_KNOTS('',3,(#7383,#7384,#7385,#7386,#7387,#7388,
#7389,#7390,#7391,#7392,#7393,#7394,#7395,#7396,#7397,#7398,#7399,#7400,
#7401,#7402,#7403,#7404,#7405,#7406,#7407,#7408,#7409,#7410,#7411,#7412,
#7413,#7414,#7415,#7416,#7417,#7418,#7419,#7420,#7421,#7422,#7423,#7424,
#7425,#7426,#7427,#7428,#7429,#7430,#7431,#7432,#7433,#7434,#7435),
 .UNSPECIFIED.,.F.,.F.,(4,1,1,1,1,1,1,1,1,1,1,1,1,1,1,1,1,1,1,1,1,1,1,1,
1,1,1,1,1,1,1,1,1,1,1,1,1,1,1,1,1,1,1,1,1,1,1,1,1,1,4),(0.,0.0338126420443357,
0.0676255255894121,0.101438436149482,0.135251184353474,0.169063711442051,
0.202875939400642,0.236687734312858,0.270498843090285,0.304308701380172,
0.338115541445603,0.371923372610524,0.388829153963025,0.405731254748728,
0.422625448343974,0.439518717709585,0.456403142881573,0.464857832511816,
0.473310612594216,0.481762910327793,0.490215214088468,0.498666170055408,
0.507118118976508,0.515570448475666,0.524021689773976,0.540928531509082,
0.557835373244188,0.566286614542499,0.574738944041655,0.583190892962756,
0.591641848929696,0.600094152690371,0.608546450423949,0.616999230506348,
0.625453920136592,0.642338345308582,0.65923161467419,0.676125808269436,
0.693027909055141,0.709933690407642,0.743741521572563,0.777548361637989,
0.81135821992788,0.845169328705309,0.878981123617523,0.912793351576113,
0.946605878664692,0.980418626868684,1.01423153742875,1.04804442097383,1.08185706301816),
 .UNSPECIFIED.);
#1207=B_SPLINE_CURVE_WITH_KNOTS('',3,(#7546,#7547,#7548,#7549,#7550,#7551,
#7552,#7553,#7554,#7555,#7556,#7557,#7558,#7559,#7560,#7561,#7562,#7563,
#7564,#7565,#7566,#7567,#7568,#7569,#7570,#7571,#7572,#7573,#7574,#7575,
#7576,#7577,#7578,#7579,#7580,#7581,#7582,#7583,#7584,#7585,#7586,#7587,
#7588,#7589,#7590,#7591,#7592,#7593,#7594,#7595,#7596,#7597,#7598),
 .UNSPECIFIED.,.F.,.F.,(4,1,1,1,1,1,1,1,1,1,1,1,1,1,1,1,1,1,1,1,1,1,1,1,
1,1,1,1,1,1,1,1,1,1,1,1,1,1,1,1,1,1,1,1,1,1,1,1,1,1,4),(0.,0.0338126420443357,
0.0676255255894121,0.101438436149482,0.135251184353474,0.169063711442051,
0.202875939400642,0.236687734312858,0.270498843090285,0.304308701380172,
0.338115541445603,0.371923372610524,0.388829153963025,0.405731254748728,
0.422625448343974,0.439518717709585,0.456403142881573,0.464857832511816,
0.473310612594216,0.481762910327793,0.490215214088468,0.498666170055408,
0.507118118976508,0.515570448475666,0.524021689773976,0.540928531509082,
0.557835373244188,0.566286614542499,0.574738944041655,0.583190892962756,
0.591641848929696,0.600094152690371,0.608546450423949,0.616999230506348,
0.625453920136592,0.642338345308582,0.65923161467419,0.676125808269436,
0.693027909055141,0.709933690407642,0.743741521572563,0.777548361637989,
0.81135821992788,0.845169328705309,0.878981123617523,0.912793351576113,
0.946605878664692,0.980418626868684,1.01423153742875,1.04804442097383,1.08185706301816),
 .UNSPECIFIED.);
#1208=B_SPLINE_CURVE_WITH_KNOTS('',3,(#7709,#7710,#7711,#7712,#7713,#7714,
#7715,#7716,#7717,#7718,#7719,#7720,#7721,#7722,#7723,#7724,#7725,#7726,
#7727,#7728,#7729,#7730,#7731,#7732,#7733,#7734,#7735,#7736,#7737,#7738,
#7739,#7740,#7741,#7742,#7743,#7744,#7745,#7746,#7747,#7748,#7749,#7750,
#7751,#7752,#7753,#7754,#7755,#7756,#7757,#7758,#7759,#7760,#7761),
 .UNSPECIFIED.,.F.,.F.,(4,1,1,1,1,1,1,1,1,1,1,1,1,1,1,1,1,1,1,1,1,1,1,1,
1,1,1,1,1,1,1,1,1,1,1,1,1,1,1,1,1,1,1,1,1,1,1,1,1,1,4),(0.,0.0338126420443357,
0.0676255255894121,0.101438436149482,0.135251184353474,0.169063711442051,
0.202875939400642,0.236687734312858,0.270498843090285,0.304308701380172,
0.338115541445603,0.371923372610524,0.388829153963025,0.405731254748728,
0.422625448343974,0.439518717709585,0.456403142881573,0.464857832511816,
0.473310612594216,0.481762910327793,0.490215214088468,0.498666170055408,
0.507118118976508,0.515570448475666,0.524021689773976,0.540928531509082,
0.557835373244188,0.566286614542499,0.574738944041655,0.583190892962756,
0.591641848929696,0.600094152690371,0.608546450423949,0.616999230506348,
0.625453920136592,0.642338345308582,0.65923161467419,0.676125808269436,
0.693027909055141,0.709933690407642,0.743741521572563,0.777548361637989,
0.81135821992788,0.845169328705309,0.878981123617523,0.912793351576113,
0.946605878664692,0.980418626868684,1.01423153742875,1.04804442097383,1.08185706301816),
 .UNSPECIFIED.);
#1209=B_SPLINE_CURVE_WITH_KNOTS('',3,(#7872,#7873,#7874,#7875,#7876,#7877,
#7878,#7879,#7880,#7881,#7882,#7883,#7884,#7885,#7886,#7887,#7888,#7889,
#7890,#7891,#7892,#7893,#7894,#7895,#7896,#7897,#7898,#7899,#7900,#7901,
#7902,#7903,#7904,#7905,#7906,#7907,#7908,#7909,#7910,#7911,#7912,#7913,
#7914,#7915,#7916,#7917,#7918,#7919,#7920,#7921,#7922,#7923,#7924),
 .UNSPECIFIED.,.F.,.F.,(4,1,1,1,1,1,1,1,1,1,1,1,1,1,1,1,1,1,1,1,1,1,1,1,
1,1,1,1,1,1,1,1,1,1,1,1,1,1,1,1,1,1,1,1,1,1,1,1,1,1,4),(0.,0.0338126420443357,
0.0676255255894121,0.101438436149482,0.135251184353474,0.169063711442051,
0.202875939400642,0.236687734312858,0.270498843090285,0.304308701380172,
0.338115541445603,0.371923372610524,0.388829153963025,0.405731254748728,
0.422625448343974,0.439518717709585,0.456403142881573,0.464857832511816,
0.473310612594216,0.481762910327793,0.490215214088468,0.498666170055408,
0.507118118976508,0.515570448475666,0.524021689773976,0.540928531509082,
0.557835373244188,0.566286614542499,0.574738944041655,0.583190892962756,
0.591641848929696,0.600094152690371,0.608546450423949,0.616999230506348,
0.625453920136592,0.642338345308582,0.65923161467419,0.676125808269436,
0.693027909055141,0.709933690407642,0.743741521572563,0.777548361637989,
0.81135821992788,0.845169328705309,0.878981123617523,0.912793351576113,
0.946605878664692,0.980418626868684,1.01423153742875,1.04804442097383,1.08185706301816),
 .UNSPECIFIED.);
#1210=B_SPLINE_CURVE_WITH_KNOTS('',3,(#8035,#8036,#8037,#8038,#8039,#8040,
#8041,#8042,#8043,#8044,#8045,#8046,#8047,#8048,#8049,#8050,#8051,#8052,
#8053,#8054,#8055,#8056,#8057,#8058,#8059,#8060,#8061,#8062,#8063,#8064,
#8065,#8066,#8067,#8068,#8069,#8070,#8071,#8072,#8073,#8074,#8075,#8076,
#8077,#8078,#8079,#8080,#8081,#8082,#8083,#8084,#8085,#8086,#8087),
 .UNSPECIFIED.,.F.,.F.,(4,1,1,1,1,1,1,1,1,1,1,1,1,1,1,1,1,1,1,1,1,1,1,1,
1,1,1,1,1,1,1,1,1,1,1,1,1,1,1,1,1,1,1,1,1,1,1,1,1,1,4),(0.,0.0338126420443357,
0.0676255255894121,0.101438436149482,0.135251184353474,0.169063711442051,
0.202875939400642,0.236687734312858,0.270498843090285,0.304308701380172,
0.338115541445603,0.371923372610524,0.388829153963025,0.405731254748728,
0.422625448343974,0.439518717709585,0.456403142881573,0.464857832511816,
0.473310612594216,0.481762910327793,0.490215214088468,0.498666170055408,
0.507118118976508,0.515570448475666,0.524021689773976,0.540928531509082,
0.557835373244188,0.566286614542499,0.574738944041655,0.583190892962756,
0.591641848929696,0.600094152690371,0.608546450423949,0.616999230506348,
0.625453920136592,0.642338345308582,0.65923161467419,0.676125808269436,
0.693027909055141,0.709933690407642,0.743741521572563,0.777548361637989,
0.81135821992788,0.845169328705309,0.878981123617523,0.912793351576113,
0.946605878664692,0.980418626868684,1.01423153742875,1.04804442097383,1.08185706301816),
 .UNSPECIFIED.);
#1211=B_SPLINE_CURVE_WITH_KNOTS('',3,(#8198,#8199,#8200,#8201,#8202,#8203,
#8204,#8205,#8206,#8207,#8208,#8209,#8210,#8211,#8212,#8213,#8214,#8215,
#8216,#8217,#8218,#8219,#8220,#8221,#8222,#8223,#8224,#8225,#8226,#8227,
#8228,#8229,#8230,#8231,#8232,#8233,#8234,#8235,#8236,#8237,#8238,#8239,
#8240,#8241,#8242,#8243,#8244,#8245,#8246,#8247,#8248,#8249,#8250),
 .UNSPECIFIED.,.F.,.F.,(4,1,1,1,1,1,1,1,1,1,1,1,1,1,1,1,1,1,1,1,1,1,1,1,
1,1,1,1,1,1,1,1,1,1,1,1,1,1,1,1,1,1,1,1,1,1,1,1,1,1,4),(0.,0.0338126420443357,
0.0676255255894121,0.101438436149482,0.135251184353474,0.169063711442051,
0.202875939400642,0.236687734312858,0.270498843090285,0.304308701380172,
0.338115541445603,0.371923372610524,0.388829153963025,0.405731254748728,
0.422625448343974,0.439518717709585,0.456403142881573,0.464857832511816,
0.473310612594216,0.481762910327793,0.490215214088468,0.498666170055408,
0.507118118976508,0.515570448475666,0.524021689773976,0.540928531509082,
0.557835373244188,0.566286614542499,0.574738944041655,0.583190892962756,
0.591641848929696,0.600094152690371,0.608546450423949,0.616999230506348,
0.625453920136592,0.642338345308582,0.65923161467419,0.676125808269436,
0.693027909055141,0.709933690407642,0.743741521572563,0.777548361637989,
0.81135821992788,0.845169328705309,0.878981123617523,0.912793351576113,
0.946605878664692,0.980418626868684,1.01423153742875,1.04804442097383,1.08185706301816),
 .UNSPECIFIED.);
#1212=B_SPLINE_CURVE_WITH_KNOTS('',3,(#8361,#8362,#8363,#8364,#8365,#8366,
#8367,#8368,#8369,#8370,#8371,#8372,#8373,#8374,#8375,#8376,#8377,#8378,
#8379,#8380,#8381,#8382,#8383,#8384,#8385,#8386,#8387,#8388,#8389,#8390,
#8391,#8392,#8393,#8394,#8395,#8396,#8397,#8398,#8399,#8400,#8401,#8402,
#8403,#8404,#8405,#8406,#8407,#8408,#8409,#8410,#8411,#8412,#8413),
 .UNSPECIFIED.,.F.,.F.,(4,1,1,1,1,1,1,1,1,1,1,1,1,1,1,1,1,1,1,1,1,1,1,1,
1,1,1,1,1,1,1,1,1,1,1,1,1,1,1,1,1,1,1,1,1,1,1,1,1,1,4),(0.,0.0338126420443357,
0.0676255255894121,0.101438436149482,0.135251184353474,0.169063711442051,
0.202875939400642,0.236687734312858,0.270498843090285,0.304308701380172,
0.338115541445603,0.371923372610524,0.388829153963025,0.405731254748728,
0.422625448343974,0.439518717709585,0.456403142881573,0.464857832511816,
0.473310612594216,0.481762910327793,0.490215214088468,0.498666170055408,
0.507118118976508,0.515570448475666,0.524021689773976,0.540928531509082,
0.557835373244188,0.566286614542499,0.574738944041655,0.583190892962756,
0.591641848929696,0.600094152690371,0.608546450423949,0.616999230506348,
0.625453920136592,0.642338345308582,0.65923161467419,0.676125808269436,
0.693027909055141,0.709933690407642,0.743741521572563,0.777548361637989,
0.81135821992788,0.845169328705309,0.878981123617523,0.912793351576113,
0.946605878664692,0.980418626868684,1.01423153742875,1.04804442097383,1.08185706301816),
 .UNSPECIFIED.);
#1213=B_SPLINE_CURVE_WITH_KNOTS('',3,(#8524,#8525,#8526,#8527,#8528,#8529,
#8530,#8531,#8532,#8533,#8534,#8535,#8536,#8537,#8538,#8539,#8540,#8541,
#8542,#8543,#8544,#8545,#8546,#8547,#8548,#8549,#8550,#8551,#8552,#8553,
#8554,#8555,#8556,#8557,#8558,#8559,#8560,#8561,#8562,#8563,#8564,#8565,
#8566,#8567,#8568,#8569,#8570,#8571,#8572,#8573,#8574,#8575,#8576),
 .UNSPECIFIED.,.F.,.F.,(4,1,1,1,1,1,1,1,1,1,1,1,1,1,1,1,1,1,1,1,1,1,1,1,
1,1,1,1,1,1,1,1,1,1,1,1,1,1,1,1,1,1,1,1,1,1,1,1,1,1,4),(0.,0.0338126420443357,
0.0676255255894121,0.101438436149482,0.135251184353474,0.169063711442051,
0.202875939400642,0.236687734312858,0.270498843090285,0.304308701380172,
0.338115541445603,0.371923372610524,0.388829153963025,0.405731254748728,
0.422625448343974,0.439518717709585,0.456403142881573,0.464857832511816,
0.473310612594216,0.481762910327793,0.490215214088468,0.498666170055408,
0.507118118976508,0.515570448475666,0.524021689773976,0.540928531509082,
0.557835373244188,0.566286614542499,0.574738944041655,0.583190892962756,
0.591641848929696,0.600094152690371,0.608546450423949,0.616999230506348,
0.625453920136592,0.642338345308582,0.65923161467419,0.676125808269436,
0.693027909055141,0.709933690407642,0.743741521572563,0.777548361637989,
0.81135821992788,0.845169328705309,0.878981123617523,0.912793351576113,
0.946605878664692,0.980418626868684,1.01423153742875,1.04804442097383,1.08185706301816),
 .UNSPECIFIED.);
#1214=B_SPLINE_CURVE_WITH_KNOTS('',3,(#8687,#8688,#8689,#8690,#8691,#8692,
#8693,#8694,#8695,#8696,#8697,#8698,#8699,#8700,#8701,#8702,#8703,#8704,
#8705,#8706,#8707,#8708,#8709,#8710,#8711,#8712,#8713,#8714,#8715,#8716,
#8717,#8718,#8719,#8720,#8721,#8722,#8723,#8724,#8725,#8726,#8727,#8728,
#8729,#8730,#8731,#8732,#8733,#8734,#8735,#8736,#8737,#8738,#8739),
 .UNSPECIFIED.,.F.,.F.,(4,1,1,1,1,1,1,1,1,1,1,1,1,1,1,1,1,1,1,1,1,1,1,1,
1,1,1,1,1,1,1,1,1,1,1,1,1,1,1,1,1,1,1,1,1,1,1,1,1,1,4),(0.,0.0338126420443357,
0.0676255255894121,0.101438436149482,0.135251184353474,0.169063711442051,
0.202875939400642,0.236687734312858,0.270498843090285,0.304308701380172,
0.338115541445603,0.371923372610524,0.388829153963025,0.405731254748728,
0.422625448343974,0.439518717709585,0.456403142881573,0.464857832511816,
0.473310612594216,0.481762910327793,0.490215214088468,0.498666170055408,
0.507118118976508,0.515570448475666,0.524021689773976,0.540928531509082,
0.557835373244188,0.566286614542499,0.574738944041655,0.583190892962756,
0.591641848929696,0.600094152690371,0.608546450423949,0.616999230506348,
0.625453920136592,0.642338345308582,0.65923161467419,0.676125808269436,
0.693027909055141,0.709933690407642,0.743741521572563,0.777548361637989,
0.81135821992788,0.845169328705309,0.878981123617523,0.912793351576113,
0.946605878664692,0.980418626868684,1.01423153742875,1.04804442097383,1.08185706301816),
 .UNSPECIFIED.);
#1215=B_SPLINE_CURVE_WITH_KNOTS('',3,(#8850,#8851,#8852,#8853,#8854,#8855,
#8856,#8857,#8858,#8859,#8860,#8861,#8862,#8863,#8864,#8865,#8866,#8867,
#8868,#8869,#8870,#8871,#8872,#8873,#8874,#8875,#8876,#8877,#8878,#8879,
#8880,#8881,#8882,#8883,#8884,#8885,#8886,#8887,#8888,#8889,#8890,#8891,
#8892,#8893,#8894,#8895,#8896,#8897,#8898,#8899,#8900,#8901,#8902),
 .UNSPECIFIED.,.F.,.F.,(4,1,1,1,1,1,1,1,1,1,1,1,1,1,1,1,1,1,1,1,1,1,1,1,
1,1,1,1,1,1,1,1,1,1,1,1,1,1,1,1,1,1,1,1,1,1,1,1,1,1,4),(0.,0.0338126420443357,
0.0676255255894121,0.101438436149482,0.135251184353474,0.169063711442051,
0.202875939400642,0.236687734312858,0.270498843090285,0.304308701380172,
0.338115541445603,0.371923372610524,0.388829153963025,0.405731254748728,
0.422625448343974,0.439518717709585,0.456403142881573,0.464857832511816,
0.473310612594216,0.481762910327793,0.490215214088468,0.498666170055408,
0.507118118976508,0.515570448475666,0.524021689773976,0.540928531509082,
0.557835373244188,0.566286614542499,0.574738944041655,0.583190892962756,
0.591641848929696,0.600094152690371,0.608546450423949,0.616999230506348,
0.625453920136592,0.642338345308582,0.65923161467419,0.676125808269436,
0.693027909055141,0.709933690407642,0.743741521572563,0.777548361637989,
0.81135821992788,0.845169328705309,0.878981123617523,0.912793351576113,
0.946605878664692,0.980418626868684,1.01423153742875,1.04804442097383,1.08185706301816),
 .UNSPECIFIED.);
#1216=B_SPLINE_CURVE_WITH_KNOTS('',3,(#9013,#9014,#9015,#9016,#9017,#9018,
#9019,#9020,#9021,#9022,#9023,#9024,#9025,#9026,#9027,#9028,#9029,#9030,
#9031,#9032,#9033,#9034,#9035,#9036,#9037,#9038,#9039,#9040,#9041,#9042,
#9043,#9044,#9045,#9046,#9047,#9048,#9049,#9050,#9051,#9052,#9053,#9054,
#9055,#9056,#9057,#9058,#9059,#9060,#9061,#9062,#9063,#9064,#9065),
 .UNSPECIFIED.,.F.,.F.,(4,1,1,1,1,1,1,1,1,1,1,1,1,1,1,1,1,1,1,1,1,1,1,1,
1,1,1,1,1,1,1,1,1,1,1,1,1,1,1,1,1,1,1,1,1,1,1,1,1,1,4),(0.,0.0338126420443357,
0.0676255255894121,0.101438436149482,0.135251184353474,0.169063711442051,
0.202875939400642,0.236687734312858,0.270498843090285,0.304308701380172,
0.338115541445603,0.371923372610524,0.388829153963025,0.405731254748728,
0.422625448343974,0.439518717709585,0.456403142881573,0.464857832511816,
0.473310612594216,0.481762910327793,0.490215214088468,0.498666170055408,
0.507118118976508,0.515570448475666,0.524021689773976,0.540928531509082,
0.557835373244188,0.566286614542499,0.574738944041655,0.583190892962756,
0.591641848929696,0.600094152690371,0.608546450423949,0.616999230506348,
0.625453920136592,0.642338345308582,0.65923161467419,0.676125808269436,
0.693027909055141,0.709933690407642,0.743741521572563,0.777548361637989,
0.81135821992788,0.845169328705309,0.878981123617523,0.912793351576113,
0.946605878664692,0.980418626868684,1.01423153742875,1.04804442097383,1.08185706301816),
 .UNSPECIFIED.);
#1217=B_SPLINE_CURVE_WITH_KNOTS('',3,(#9176,#9177,#9178,#9179,#9180,#9181,
#9182,#9183,#9184,#9185,#9186,#9187,#9188,#9189,#9190,#9191,#9192,#9193,
#9194,#9195,#9196,#9197,#9198,#9199,#9200,#9201,#9202,#9203,#9204,#9205,
#9206,#9207,#9208,#9209,#9210,#9211,#9212,#9213,#9214,#9215,#9216,#9217,
#9218,#9219,#9220,#9221,#9222,#9223,#9224,#9225,#9226,#9227,#9228),
 .UNSPECIFIED.,.F.,.F.,(4,1,1,1,1,1,1,1,1,1,1,1,1,1,1,1,1,1,1,1,1,1,1,1,
1,1,1,1,1,1,1,1,1,1,1,1,1,1,1,1,1,1,1,1,1,1,1,1,1,1,4),(0.,0.0338126420443357,
0.0676255255894121,0.101438436149482,0.135251184353474,0.169063711442051,
0.202875939400642,0.236687734312858,0.270498843090285,0.304308701380172,
0.338115541445603,0.371923372610524,0.388829153963025,0.405731254748728,
0.422625448343974,0.439518717709585,0.456403142881573,0.464857832511816,
0.473310612594216,0.481762910327793,0.490215214088468,0.498666170055408,
0.507118118976508,0.515570448475666,0.524021689773976,0.540928531509082,
0.557835373244188,0.566286614542499,0.574738944041655,0.583190892962756,
0.591641848929696,0.600094152690371,0.608546450423949,0.616999230506348,
0.625453920136592,0.642338345308582,0.65923161467419,0.676125808269436,
0.693027909055141,0.709933690407642,0.743741521572563,0.777548361637989,
0.81135821992788,0.845169328705309,0.878981123617523,0.912793351576113,
0.946605878664692,0.980418626868684,1.01423153742875,1.04804442097383,1.08185706301816),
 .UNSPECIFIED.);
#1218=B_SPLINE_CURVE_WITH_KNOTS('',3,(#9339,#9340,#9341,#9342,#9343,#9344,
#9345,#9346,#9347,#9348,#9349,#9350,#9351,#9352,#9353,#9354,#9355,#9356,
#9357,#9358,#9359,#9360,#9361,#9362,#9363,#9364,#9365,#9366,#9367,#9368,
#9369,#9370,#9371,#9372,#9373,#9374,#9375,#9376,#9377,#9378,#9379,#9380,
#9381,#9382,#9383,#9384,#9385,#9386,#9387,#9388,#9389,#9390,#9391),
 .UNSPECIFIED.,.F.,.F.,(4,1,1,1,1,1,1,1,1,1,1,1,1,1,1,1,1,1,1,1,1,1,1,1,
1,1,1,1,1,1,1,1,1,1,1,1,1,1,1,1,1,1,1,1,1,1,1,1,1,1,4),(0.,0.0338126420443357,
0.0676255255894121,0.101438436149482,0.135251184353474,0.169063711442051,
0.202875939400642,0.236687734312858,0.270498843090285,0.304308701380172,
0.338115541445603,0.371923372610524,0.388829153963025,0.405731254748728,
0.422625448343974,0.439518717709585,0.456403142881573,0.464857832511816,
0.473310612594216,0.481762910327793,0.490215214088468,0.498666170055408,
0.507118118976508,0.515570448475666,0.524021689773976,0.540928531509082,
0.557835373244188,0.566286614542499,0.574738944041655,0.583190892962756,
0.591641848929696,0.600094152690371,0.608546450423949,0.616999230506348,
0.625453920136592,0.642338345308582,0.65923161467419,0.676125808269436,
0.693027909055141,0.709933690407642,0.743741521572563,0.777548361637989,
0.81135821992788,0.845169328705309,0.878981123617523,0.912793351576113,
0.946605878664692,0.980418626868684,1.01423153742875,1.04804442097383,1.08185706301816),
 .UNSPECIFIED.);
#1219=B_SPLINE_CURVE_WITH_KNOTS('',3,(#9502,#9503,#9504,#9505,#9506,#9507,
#9508,#9509,#9510,#9511,#9512,#9513,#9514,#9515,#9516,#9517,#9518,#9519,
#9520,#9521,#9522,#9523,#9524,#9525,#9526,#9527,#9528,#9529,#9530,#9531,
#9532,#9533,#9534,#9535,#9536,#9537,#9538,#9539,#9540,#9541,#9542,#9543,
#9544,#9545,#9546,#9547,#9548,#9549,#9550,#9551,#9552,#9553,#9554),
 .UNSPECIFIED.,.F.,.F.,(4,1,1,1,1,1,1,1,1,1,1,1,1,1,1,1,1,1,1,1,1,1,1,1,
1,1,1,1,1,1,1,1,1,1,1,1,1,1,1,1,1,1,1,1,1,1,1,1,1,1,4),(0.,0.0338126420443357,
0.0676255255894121,0.101438436149482,0.135251184353474,0.169063711442051,
0.202875939400642,0.236687734312858,0.270498843090285,0.304308701380172,
0.338115541445603,0.371923372610524,0.388829153963025,0.405731254748728,
0.422625448343974,0.439518717709585,0.456403142881573,0.464857832511816,
0.473310612594216,0.481762910327793,0.490215214088468,0.498666170055408,
0.507118118976508,0.515570448475666,0.524021689773976,0.540928531509082,
0.557835373244188,0.566286614542499,0.574738944041655,0.583190892962756,
0.591641848929696,0.600094152690371,0.608546450423949,0.616999230506348,
0.625453920136592,0.642338345308582,0.65923161467419,0.676125808269436,
0.693027909055141,0.709933690407642,0.743741521572563,0.777548361637989,
0.81135821992788,0.845169328705309,0.878981123617523,0.912793351576113,
0.946605878664692,0.980418626868684,1.01423153742875,1.04804442097383,1.08185706301816),
 .UNSPECIFIED.);
#1220=B_SPLINE_CURVE_WITH_KNOTS('',3,(#9664,#9665,#9666,#9667,#9668,#9669,
#9670,#9671,#9672,#9673,#9674,#9675,#9676,#9677,#9678,#9679,#9680,#9681,
#9682,#9683,#9684,#9685,#9686,#9687,#9688,#9689,#9690,#9691,#9692,#9693,
#9694,#9695,#9696,#9697,#9698,#9699,#9700,#9701,#9702,#9703,#9704,#9705,
#9706,#9707,#9708,#9709,#9710,#9711,#9712,#9713,#9714,#9715,#9716),
 .UNSPECIFIED.,.F.,.F.,(4,1,1,1,1,1,1,1,1,1,1,1,1,1,1,1,1,1,1,1,1,1,1,1,
1,1,1,1,1,1,1,1,1,1,1,1,1,1,1,1,1,1,1,1,1,1,1,1,1,1,4),(0.,0.0338126420443357,
0.0676255255894121,0.101438436149482,0.135251184353474,0.169063711442051,
0.202875939400642,0.236687734312858,0.270498843090285,0.304308701380172,
0.338115541445603,0.371923372610524,0.388829153963025,0.405731254748728,
0.422625448343974,0.439518717709585,0.456403142881573,0.464857832511816,
0.473310612594216,0.481762910327793,0.490215214088468,0.498666170055408,
0.507118118976508,0.515570448475666,0.524021689773976,0.540928531509082,
0.557835373244188,0.566286614542499,0.574738944041655,0.583190892962756,
0.591641848929696,0.600094152690371,0.608546450423949,0.616999230506348,
0.625453920136592,0.642338345308582,0.65923161467419,0.676125808269436,
0.693027909055141,0.709933690407642,0.743741521572563,0.777548361637989,
0.81135821992788,0.845169328705309,0.878981123617523,0.912793351576113,
0.946605878664692,0.980418626868684,1.01423153742875,1.04804442097383,1.08185706301816),
 .UNSPECIFIED.);
#1221=B_SPLINE_CURVE_WITH_KNOTS('',3,(#9826,#9827,#9828,#9829,#9830,#9831,
#9832,#9833,#9834,#9835,#9836,#9837,#9838,#9839,#9840,#9841,#9842,#9843,
#9844,#9845,#9846,#9847,#9848,#9849,#9850,#9851,#9852,#9853,#9854,#9855,
#9856,#9857,#9858,#9859,#9860,#9861,#9862,#9863,#9864,#9865,#9866,#9867,
#9868,#9869,#9870,#9871,#9872,#9873,#9874,#9875,#9876,#9877,#9878),
 .UNSPECIFIED.,.F.,.F.,(4,1,1,1,1,1,1,1,1,1,1,1,1,1,1,1,1,1,1,1,1,1,1,1,
1,1,1,1,1,1,1,1,1,1,1,1,1,1,1,1,1,1,1,1,1,1,1,1,1,1,4),(0.,0.0338126420443357,
0.0676255255894121,0.101438436149482,0.135251184353474,0.169063711442051,
0.202875939400642,0.236687734312858,0.270498843090285,0.304308701380172,
0.338115541445603,0.371923372610524,0.388829153963025,0.405731254748728,
0.422625448343974,0.439518717709585,0.456403142881573,0.464857832511816,
0.473310612594216,0.481762910327793,0.490215214088468,0.498666170055408,
0.507118118976508,0.515570448475666,0.524021689773976,0.540928531509082,
0.557835373244188,0.566286614542499,0.574738944041655,0.583190892962756,
0.591641848929696,0.600094152690371,0.608546450423949,0.616999230506348,
0.625453920136592,0.642338345308582,0.65923161467419,0.676125808269436,
0.693027909055141,0.709933690407642,0.743741521572563,0.777548361637989,
0.81135821992788,0.845169328705309,0.878981123617523,0.912793351576113,
0.946605878664692,0.980418626868684,1.01423153742875,1.04804442097383,1.08185706301816),
 .UNSPECIFIED.);
#1222=B_SPLINE_CURVE_WITH_KNOTS('',3,(#9989,#9990,#9991,#9992,#9993,#9994,
#9995,#9996,#9997,#9998,#9999,#10000,#10001,#10002,#10003,#10004,#10005,
#10006,#10007,#10008,#10009,#10010,#10011,#10012,#10013,#10014,#10015,#10016,
#10017,#10018,#10019,#10020,#10021,#10022,#10023,#10024,#10025,#10026,#10027,
#10028,#10029,#10030,#10031,#10032,#10033,#10034,#10035,#10036,#10037,#10038,
#10039,#10040,#10041),.UNSPECIFIED.,.F.,.F.,(4,1,1,1,1,1,1,1,1,1,1,1,1,
1,1,1,1,1,1,1,1,1,1,1,1,1,1,1,1,1,1,1,1,1,1,1,1,1,1,1,1,1,1,1,1,1,1,1,1,
1,4),(0.,0.0338126420443357,0.0676255255894121,0.101438436149482,0.135251184353474,
0.169063711442051,0.202875939400642,0.236687734312858,0.270498843090285,
0.304308701380172,0.338115541445603,0.371923372610524,0.388829153963025,
0.405731254748728,0.422625448343974,0.439518717709585,0.456403142881573,
0.464857832511816,0.473310612594216,0.481762910327793,0.490215214088468,
0.498666170055408,0.507118118976508,0.515570448475666,0.524021689773976,
0.540928531509082,0.557835373244188,0.566286614542499,0.574738944041655,
0.583190892962756,0.591641848929696,0.600094152690371,0.608546450423949,
0.616999230506348,0.625453920136592,0.642338345308582,0.65923161467419,
0.676125808269436,0.693027909055141,0.709933690407642,0.743741521572563,
0.777548361637989,0.81135821992788,0.845169328705309,0.878981123617523,
0.912793351576113,0.946605878664692,0.980418626868684,1.01423153742875,
1.04804442097383,1.08185706301816),.UNSPECIFIED.);
#1223=B_SPLINE_CURVE_WITH_KNOTS('',3,(#10047,#10048,#10049,#10050,#10051,
#10052,#10053,#10054,#10055,#10056,#10057,#10058,#10059,#10060,#10061,#10062,
#10063,#10064,#10065,#10066,#10067,#10068,#10069,#10070,#10071,#10072,#10073,
#10074,#10075,#10076,#10077,#10078,#10079,#10080,#10081,#10082,#10083,#10084,
#10085,#10086,#10087,#10088,#10089,#10090,#10091,#10092,#10093,#10094,#10095,
#10096,#10097,#10098,#10099),.UNSPECIFIED.,.F.,.F.,(4,1,1,1,1,1,1,1,1,1,
1,1,1,1,1,1,1,1,1,1,1,1,1,1,1,1,1,1,1,1,1,1,1,1,1,1,1,1,1,1,1,1,1,1,1,1,
1,1,1,1,4),(0.,0.0338126420443357,0.0676255255894121,0.101438436149482,
0.135251184353474,0.169063711442051,0.202875939400642,0.236687734312858,
0.270498843090285,0.304308701380172,0.338115541445603,0.371923372610524,
0.388829153963025,0.405731254748728,0.422625448343974,0.439518717709585,
0.456403142881573,0.464857832511816,0.473310612594216,0.481762910327793,
0.490215214088468,0.498666170055408,0.507118118976508,0.515570448475666,
0.524021689773976,0.540928531509082,0.557835373244188,0.566286614542499,
0.574738944041655,0.583190892962756,0.591641848929696,0.600094152690371,
0.608546450423949,0.616999230506348,0.625453920136592,0.642338345308582,
0.65923161467419,0.676125808269436,0.693027909055141,0.709933690407642,
0.743741521572563,0.777548361637989,0.81135821992788,0.845169328705309,
0.878981123617523,0.912793351576113,0.946605878664692,0.980418626868684,
1.01423153742875,1.04804442097383,1.08185706301816),.UNSPECIFIED.);
#1224=VERTEX_POINT('',#4114);
#1225=VERTEX_POINT('',#4115);
#1226=VERTEX_POINT('',#4148);
#1227=VERTEX_POINT('',#4155);
#1228=VERTEX_POINT('',#4158);
#1229=VERTEX_POINT('',#4165);
#1230=VERTEX_POINT('',#4210);
#1231=VERTEX_POINT('',#4213);
#1232=VERTEX_POINT('',#4215);
#1233=VERTEX_POINT('',#4217);
#1234=VERTEX_POINT('',#4219);
#1235=VERTEX_POINT('',#4328);
#1236=VERTEX_POINT('',#4489);
#1237=VERTEX_POINT('',#4545);
#1238=VERTEX_POINT('',#4547);
#1239=VERTEX_POINT('',#4552);
#1240=VERTEX_POINT('',#4554);
#1241=VERTEX_POINT('',#4556);
#1242=VERTEX_POINT('',#4558);
#1243=VERTEX_POINT('',#4560);
#1244=VERTEX_POINT('',#4562);
#1245=VERTEX_POINT('',#4570);
#1246=VERTEX_POINT('',#4572);
#1247=VERTEX_POINT('',#4574);
#1248=VERTEX_POINT('',#4576);
#1249=VERTEX_POINT('',#4578);
#1250=VERTEX_POINT('',#4585);
#1251=VERTEX_POINT('',#4587);
#1252=VERTEX_POINT('',#4589);
#1253=VERTEX_POINT('',#4591);
#1254=VERTEX_POINT('',#4595);
#1255=VERTEX_POINT('',#4599);
#1256=VERTEX_POINT('',#4603);
#1257=VERTEX_POINT('',#4607);
#1258=VERTEX_POINT('',#4611);
#1259=VERTEX_POINT('',#4615);
#1260=VERTEX_POINT('',#4619);
#1261=VERTEX_POINT('',#4620);
#1262=VERTEX_POINT('',#4622);
#1263=VERTEX_POINT('',#4624);
#1264=VERTEX_POINT('',#4628);
#1265=VERTEX_POINT('',#4629);
#1266=VERTEX_POINT('',#4634);
#1267=VERTEX_POINT('',#4635);
#1268=VERTEX_POINT('',#4637);
#1269=VERTEX_POINT('',#4639);
#1270=VERTEX_POINT('',#4643);
#1271=VERTEX_POINT('',#4645);
#1272=VERTEX_POINT('',#4652);
#1273=VERTEX_POINT('',#4653);
#1274=VERTEX_POINT('',#4655);
#1275=VERTEX_POINT('',#4657);
#1276=VERTEX_POINT('',#4661);
#1277=VERTEX_POINT('',#4662);
#1278=VERTEX_POINT('',#4667);
#1279=VERTEX_POINT('',#4668);
#1280=VERTEX_POINT('',#4670);
#1281=VERTEX_POINT('',#4672);
#1282=VERTEX_POINT('',#4676);
#1283=VERTEX_POINT('',#4678);
#1284=VERTEX_POINT('',#4685);
#1285=VERTEX_POINT('',#4686);
#1286=VERTEX_POINT('',#4688);
#1287=VERTEX_POINT('',#4690);
#1288=VERTEX_POINT('',#4694);
#1289=VERTEX_POINT('',#4695);
#1290=VERTEX_POINT('',#4700);
#1291=VERTEX_POINT('',#4701);
#1292=VERTEX_POINT('',#4703);
#1293=VERTEX_POINT('',#4705);
#1294=VERTEX_POINT('',#4709);
#1295=VERTEX_POINT('',#4711);
#1296=VERTEX_POINT('',#4718);
#1297=VERTEX_POINT('',#4719);
#1298=VERTEX_POINT('',#4721);
#1299=VERTEX_POINT('',#4723);
#1300=VERTEX_POINT('',#4727);
#1301=VERTEX_POINT('',#4728);
#1302=VERTEX_POINT('',#4733);
#1303=VERTEX_POINT('',#4734);
#1304=VERTEX_POINT('',#4736);
#1305=VERTEX_POINT('',#4738);
#1306=VERTEX_POINT('',#4742);
#1307=VERTEX_POINT('',#4744);
#1308=VERTEX_POINT('',#4751);
#1309=VERTEX_POINT('',#4752);
#1310=VERTEX_POINT('',#4754);
#1311=VERTEX_POINT('',#4756);
#1312=VERTEX_POINT('',#4760);
#1313=VERTEX_POINT('',#4761);
#1314=VERTEX_POINT('',#4766);
#1315=VERTEX_POINT('',#4767);
#1316=VERTEX_POINT('',#4769);
#1317=VERTEX_POINT('',#4771);
#1318=VERTEX_POINT('',#4775);
#1319=VERTEX_POINT('',#4777);
#1320=VERTEX_POINT('',#4784);
#1321=VERTEX_POINT('',#4785);
#1322=VERTEX_POINT('',#4787);
#1323=VERTEX_POINT('',#4789);
#1324=VERTEX_POINT('',#4793);
#1325=VERTEX_POINT('',#4794);
#1326=VERTEX_POINT('',#4799);
#1327=VERTEX_POINT('',#4800);
#1328=VERTEX_POINT('',#4802);
#1329=VERTEX_POINT('',#4804);
#1330=VERTEX_POINT('',#4808);
#1331=VERTEX_POINT('',#4810);
#1332=VERTEX_POINT('',#4817);
#1333=VERTEX_POINT('',#4818);
#1334=VERTEX_POINT('',#4820);
#1335=VERTEX_POINT('',#4822);
#1336=VERTEX_POINT('',#4826);
#1337=VERTEX_POINT('',#4827);
#1338=VERTEX_POINT('',#4832);
#1339=VERTEX_POINT('',#4833);
#1340=VERTEX_POINT('',#4835);
#1341=VERTEX_POINT('',#4837);
#1342=VERTEX_POINT('',#4841);
#1343=VERTEX_POINT('',#4843);
#1344=VERTEX_POINT('',#4850);
#1345=VERTEX_POINT('',#4851);
#1346=VERTEX_POINT('',#4853);
#1347=VERTEX_POINT('',#4855);
#1348=VERTEX_POINT('',#4859);
#1349=VERTEX_POINT('',#4860);
#1350=VERTEX_POINT('',#4865);
#1351=VERTEX_POINT('',#4866);
#1352=VERTEX_POINT('',#4868);
#1353=VERTEX_POINT('',#4870);
#1354=VERTEX_POINT('',#4874);
#1355=VERTEX_POINT('',#4876);
#1356=VERTEX_POINT('',#4883);
#1357=VERTEX_POINT('',#4884);
#1358=VERTEX_POINT('',#4886);
#1359=VERTEX_POINT('',#4888);
#1360=VERTEX_POINT('',#4892);
#1361=VERTEX_POINT('',#4893);
#1362=VERTEX_POINT('',#4898);
#1363=VERTEX_POINT('',#4899);
#1364=VERTEX_POINT('',#4901);
#1365=VERTEX_POINT('',#4903);
#1366=VERTEX_POINT('',#4907);
#1367=VERTEX_POINT('',#4909);
#1368=VERTEX_POINT('',#4916);
#1369=VERTEX_POINT('',#4920);
#1370=VERTEX_POINT('',#4922);
#1371=VERTEX_POINT('',#4926);
#1372=VERTEX_POINT('',#4932);
#1373=VERTEX_POINT('',#4933);
#1374=VERTEX_POINT('',#4935);
#1375=VERTEX_POINT('',#4937);
#1376=VERTEX_POINT('',#4941);
#1377=VERTEX_POINT('',#4942);
#1378=VERTEX_POINT('',#4947);
#1379=VERTEX_POINT('',#4949);
#1380=VERTEX_POINT('',#4953);
#1381=VERTEX_POINT('',#4955);
#1382=VERTEX_POINT('',#4962);
#1383=VERTEX_POINT('',#4963);
#1384=VERTEX_POINT('',#4965);
#1385=VERTEX_POINT('',#4967);
#1386=VERTEX_POINT('',#4971);
#1387=VERTEX_POINT('',#4972);
#1388=VERTEX_POINT('',#4977);
#1389=VERTEX_POINT('',#4978);
#1390=VERTEX_POINT('',#4980);
#1391=VERTEX_POINT('',#4982);
#1392=VERTEX_POINT('',#4986);
#1393=VERTEX_POINT('',#4988);
#1394=VERTEX_POINT('',#4995);
#1395=VERTEX_POINT('',#4996);
#1396=VERTEX_POINT('',#4998);
#1397=VERTEX_POINT('',#5000);
#1398=VERTEX_POINT('',#5004);
#1399=VERTEX_POINT('',#5005);
#1400=VERTEX_POINT('',#5010);
#1401=VERTEX_POINT('',#5011);
#1402=VERTEX_POINT('',#5013);
#1403=VERTEX_POINT('',#5015);
#1404=VERTEX_POINT('',#5019);
#1405=VERTEX_POINT('',#5021);
#1406=VERTEX_POINT('',#5028);
#1407=VERTEX_POINT('',#5029);
#1408=VERTEX_POINT('',#5031);
#1409=VERTEX_POINT('',#5033);
#1410=VERTEX_POINT('',#5037);
#1411=VERTEX_POINT('',#5038);
#1412=VERTEX_POINT('',#5043);
#1413=VERTEX_POINT('',#5044);
#1414=VERTEX_POINT('',#5046);
#1415=VERTEX_POINT('',#5048);
#1416=VERTEX_POINT('',#5052);
#1417=VERTEX_POINT('',#5054);
#1418=VERTEX_POINT('',#5061);
#1419=VERTEX_POINT('',#5062);
#1420=VERTEX_POINT('',#5064);
#1421=VERTEX_POINT('',#5066);
#1422=VERTEX_POINT('',#5070);
#1423=VERTEX_POINT('',#5071);
#1424=VERTEX_POINT('',#5076);
#1425=VERTEX_POINT('',#5077);
#1426=VERTEX_POINT('',#5079);
#1427=VERTEX_POINT('',#5081);
#1428=VERTEX_POINT('',#5085);
#1429=VERTEX_POINT('',#5087);
#1430=VERTEX_POINT('',#5094);
#1431=VERTEX_POINT('',#5095);
#1432=VERTEX_POINT('',#5149);
#1433=VERTEX_POINT('',#5151);
#1434=VERTEX_POINT('',#5205);
#1435=VERTEX_POINT('',#5207);
#1436=VERTEX_POINT('',#5261);
#1437=VERTEX_POINT('',#5263);
#1438=VERTEX_POINT('',#5317);
#1439=VERTEX_POINT('',#5319);
#1440=VERTEX_POINT('',#5373);
#1441=VERTEX_POINT('',#5375);
#1442=VERTEX_POINT('',#5429);
#1443=VERTEX_POINT('',#5431);
#1444=VERTEX_POINT('',#5485);
#1445=VERTEX_POINT('',#5487);
#1446=VERTEX_POINT('',#5541);
#1447=VERTEX_POINT('',#5543);
#1448=VERTEX_POINT('',#5597);
#1449=VERTEX_POINT('',#5599);
#1450=VERTEX_POINT('',#5653);
#1451=VERTEX_POINT('',#5655);
#1452=VERTEX_POINT('',#5709);
#1453=VERTEX_POINT('',#5711);
#1454=VERTEX_POINT('',#5765);
#1455=VERTEX_POINT('',#5767);
#1456=VERTEX_POINT('',#5821);
#1457=VERTEX_POINT('',#5823);
#1458=VERTEX_POINT('',#5877);
#1459=VERTEX_POINT('',#5879);
#1460=VERTEX_POINT('',#5933);
#1461=VERTEX_POINT('',#5935);
#1462=VERTEX_POINT('',#5989);
#1463=VERTEX_POINT('',#5991);
#1464=VERTEX_POINT('',#6045);
#1465=VERTEX_POINT('',#6047);
#1466=VERTEX_POINT('',#6101);
#1467=VERTEX_POINT('',#6103);
#1468=VERTEX_POINT('',#6157);
#1469=VERTEX_POINT('',#6212);
#1470=VERTEX_POINT('',#6214);
#1471=VERTEX_POINT('',#6268);
#1472=VERTEX_POINT('',#6270);
#1473=VERTEX_POINT('',#6324);
#1474=VERTEX_POINT('',#6326);
#1475=VERTEX_POINT('',#6381);
#1476=VERTEX_POINT('',#6383);
#1477=VERTEX_POINT('',#6385);
#1478=VERTEX_POINT('',#6387);
#1479=VERTEX_POINT('',#6389);
#1480=VERTEX_POINT('',#6391);
#1481=VERTEX_POINT('',#6408);
#1482=VERTEX_POINT('',#6436);
#1483=VERTEX_POINT('',#6440);
#1484=VERTEX_POINT('',#6444);
#1485=VERTEX_POINT('',#6448);
#1486=VERTEX_POINT('',#6452);
#1487=VERTEX_POINT('',#6565);
#1488=VERTEX_POINT('',#6567);
#1489=VERTEX_POINT('',#6728);
#1490=VERTEX_POINT('',#6730);
#1491=VERTEX_POINT('',#6891);
#1492=VERTEX_POINT('',#6893);
#1493=VERTEX_POINT('',#7054);
#1494=VERTEX_POINT('',#7056);
#1495=VERTEX_POINT('',#7217);
#1496=VERTEX_POINT('',#7219);
#1497=VERTEX_POINT('',#7380);
#1498=VERTEX_POINT('',#7382);
#1499=VERTEX_POINT('',#7543);
#1500=VERTEX_POINT('',#7545);
#1501=VERTEX_POINT('',#7706);
#1502=VERTEX_POINT('',#7708);
#1503=VERTEX_POINT('',#7869);
#1504=VERTEX_POINT('',#7871);
#1505=VERTEX_POINT('',#8032);
#1506=VERTEX_POINT('',#8034);
#1507=VERTEX_POINT('',#8195);
#1508=VERTEX_POINT('',#8197);
#1509=VERTEX_POINT('',#8358);
#1510=VERTEX_POINT('',#8360);
#1511=VERTEX_POINT('',#8521);
#1512=VERTEX_POINT('',#8523);
#1513=VERTEX_POINT('',#8684);
#1514=VERTEX_POINT('',#8686);
#1515=VERTEX_POINT('',#8847);
#1516=VERTEX_POINT('',#8849);
#1517=VERTEX_POINT('',#9010);
#1518=VERTEX_POINT('',#9012);
#1519=VERTEX_POINT('',#9173);
#1520=VERTEX_POINT('',#9175);
#1521=VERTEX_POINT('',#9336);
#1522=VERTEX_POINT('',#9338);
#1523=VERTEX_POINT('',#9499);
#1524=VERTEX_POINT('',#9501);
#1525=VERTEX_POINT('',#9662);
#1526=VERTEX_POINT('',#9823);
#1527=VERTEX_POINT('',#9825);
#1528=VERTEX_POINT('',#9986);
#1529=VERTEX_POINT('',#9988);
#1530=VERTEX_POINT('',#10044);
#1531=VERTEX_POINT('',#10046);
#1532=EDGE_CURVE('',#1224,#1225,#1168,.T.);
#1533=EDGE_CURVE('',#1226,#1224,#1169,.T.);
#1534=EDGE_CURVE('',#1226,#1227,#532,.T.);
#1535=EDGE_CURVE('',#1227,#1227,#448,.T.);
#1536=EDGE_CURVE('',#1228,#1226,#1170,.T.);
#1537=EDGE_CURVE('',#1229,#1228,#1171,.T.);
#1538=EDGE_CURVE('',#1225,#1229,#1172,.T.);
#1539=EDGE_CURVE('',#1230,#1230,#449,.T.);
#1540=EDGE_CURVE('',#1224,#1231,#533,.T.);
#1541=EDGE_CURVE('',#1232,#1231,#450,.T.);
#1542=EDGE_CURVE('',#1232,#1233,#534,.T.);
#1543=EDGE_CURVE('',#1234,#1233,#451,.T.);
#1544=EDGE_CURVE('',#1234,#1228,#535,.T.);
#1545=EDGE_CURVE('',#1235,#1225,#536,.T.);
#1546=EDGE_CURVE('',#1231,#1235,#1173,.T.);
#1547=EDGE_CURVE('',#1236,#1234,#1174,.T.);
#1548=EDGE_CURVE('',#1229,#1236,#537,.T.);
#1549=EDGE_CURVE('',#1230,#1237,#538,.T.);
#1550=EDGE_CURVE('',#1238,#1237,#1175,.T.);
#1551=EDGE_CURVE('',#1239,#1238,#539,.T.);
#1552=EDGE_CURVE('',#1240,#1239,#15,.T.);
#1553=EDGE_CURVE('',#1241,#1240,#452,.T.);
#1554=EDGE_CURVE('',#1242,#1241,#16,.T.);
#1555=EDGE_CURVE('',#1243,#1242,#540,.T.);
#1556=EDGE_CURVE('',#1244,#1243,#1176,.T.);
#1557=EDGE_CURVE('',#1245,#1244,#541,.T.);
#1558=EDGE_CURVE('',#1246,#1245,#17,.T.);
#1559=EDGE_CURVE('',#1247,#1246,#453,.T.);
#1560=EDGE_CURVE('',#1248,#1247,#18,.T.);
#1561=EDGE_CURVE('',#1249,#1248,#542,.T.);
#1562=EDGE_CURVE('',#1237,#1249,#1177,.T.);
#1563=EDGE_CURVE('',#1243,#1250,#543,.T.);
#1564=EDGE_CURVE('',#1251,#1250,#454,.T.);
#1565=EDGE_CURVE('',#1251,#1252,#544,.T.);
#1566=EDGE_CURVE('',#1253,#1252,#455,.T.);
#1567=EDGE_CURVE('',#1253,#1244,#545,.T.);
#1568=EDGE_CURVE('',#1254,#1242,#546,.T.);
#1569=EDGE_CURVE('',#1250,#1254,#547,.T.);
#1570=EDGE_CURVE('',#1255,#1253,#548,.T.);
#1571=EDGE_CURVE('',#1245,#1255,#549,.T.);
#1572=EDGE_CURVE('',#1256,#1241,#550,.T.);
#1573=EDGE_CURVE('',#1254,#1256,#551,.T.);
#1574=EDGE_CURVE('',#1257,#1240,#552,.T.);
#1575=EDGE_CURVE('',#1256,#1257,#553,.T.);
#1576=EDGE_CURVE('',#1258,#1239,#554,.T.);
#1577=EDGE_CURVE('',#1257,#1258,#555,.T.);
#1578=EDGE_CURVE('',#1259,#1238,#556,.T.);
#1579=EDGE_CURVE('',#1258,#1259,#557,.T.);
#1580=EDGE_CURVE('',#1260,#1261,#558,.T.);
#1581=EDGE_CURVE('',#1260,#1262,#559,.T.);
#1582=EDGE_CURVE('',#1263,#1262,#560,.T.);
#1583=EDGE_CURVE('',#1261,#1263,#561,.T.);
#1584=EDGE_CURVE('',#1264,#1265,#562,.T.);
#1585=EDGE_CURVE('',#1262,#1264,#563,.T.);
#1586=EDGE_CURVE('',#1265,#1260,#564,.T.);
#1587=EDGE_CURVE('',#1266,#1267,#565,.T.);
#1588=EDGE_CURVE('',#1268,#1266,#566,.T.);
#1589=EDGE_CURVE('',#1268,#1269,#567,.T.);
#1590=EDGE_CURVE('',#1267,#1269,#568,.T.);
#1591=EDGE_CURVE('',#1270,#1268,#569,.T.);
#1592=EDGE_CURVE('',#1270,#1271,#570,.T.);
#1593=EDGE_CURVE('',#1269,#1271,#571,.T.);
#1594=EDGE_CURVE('',#1261,#1270,#572,.T.);
#1595=EDGE_CURVE('',#1271,#1263,#573,.T.);
#1596=EDGE_CURVE('',#1272,#1273,#574,.T.);
#1597=EDGE_CURVE('',#1272,#1274,#575,.T.);
#1598=EDGE_CURVE('',#1275,#1274,#576,.T.);
#1599=EDGE_CURVE('',#1273,#1275,#577,.T.);
#1600=EDGE_CURVE('',#1276,#1277,#578,.T.);
#1601=EDGE_CURVE('',#1274,#1276,#579,.T.);
#1602=EDGE_CURVE('',#1277,#1272,#580,.T.);
#1603=EDGE_CURVE('',#1278,#1279,#581,.T.);
#1604=EDGE_CURVE('',#1280,#1278,#582,.T.);
#1605=EDGE_CURVE('',#1280,#1281,#583,.T.);
#1606=EDGE_CURVE('',#1279,#1281,#584,.T.);
#1607=EDGE_CURVE('',#1282,#1280,#585,.T.);
#1608=EDGE_CURVE('',#1282,#1283,#586,.T.);
#1609=EDGE_CURVE('',#1281,#1283,#587,.T.);
#1610=EDGE_CURVE('',#1273,#1282,#588,.T.);
#1611=EDGE_CURVE('',#1283,#1275,#589,.T.);
#1612=EDGE_CURVE('',#1284,#1285,#590,.T.);
#1613=EDGE_CURVE('',#1284,#1286,#591,.T.);
#1614=EDGE_CURVE('',#1287,#1286,#592,.T.);
#1615=EDGE_CURVE('',#1285,#1287,#593,.T.);
#1616=EDGE_CURVE('',#1288,#1289,#594,.T.);
#1617=EDGE_CURVE('',#1286,#1288,#595,.T.);
#1618=EDGE_CURVE('',#1289,#1284,#596,.T.);
#1619=EDGE_CURVE('',#1290,#1291,#597,.T.);
#1620=EDGE_CURVE('',#1292,#1290,#598,.T.);
#1621=EDGE_CURVE('',#1292,#1293,#599,.T.);
#1622=EDGE_CURVE('',#1291,#1293,#600,.T.);
#1623=EDGE_CURVE('',#1294,#1292,#601,.T.);
#1624=EDGE_CURVE('',#1294,#1295,#602,.T.);
#1625=EDGE_CURVE('',#1293,#1295,#603,.T.);
#1626=EDGE_CURVE('',#1285,#1294,#604,.T.);
#1627=EDGE_CURVE('',#1295,#1287,#605,.T.);
#1628=EDGE_CURVE('',#1296,#1297,#606,.T.);
#1629=EDGE_CURVE('',#1296,#1298,#607,.T.);
#1630=EDGE_CURVE('',#1299,#1298,#608,.T.);
#1631=EDGE_CURVE('',#1297,#1299,#609,.T.);
#1632=EDGE_CURVE('',#1300,#1301,#610,.T.);
#1633=EDGE_CURVE('',#1298,#1300,#611,.T.);
#1634=EDGE_CURVE('',#1301,#1296,#612,.T.);
#1635=EDGE_CURVE('',#1302,#1303,#613,.T.);
#1636=EDGE_CURVE('',#1304,#1302,#614,.T.);
#1637=EDGE_CURVE('',#1304,#1305,#615,.T.);
#1638=EDGE_CURVE('',#1303,#1305,#616,.T.);
#1639=EDGE_CURVE('',#1306,#1304,#617,.T.);
#1640=EDGE_CURVE('',#1306,#1307,#618,.T.);
#1641=EDGE_CURVE('',#1305,#1307,#619,.T.);
#1642=EDGE_CURVE('',#1297,#1306,#620,.T.);
#1643=EDGE_CURVE('',#1307,#1299,#621,.T.);
#1644=EDGE_CURVE('',#1308,#1309,#622,.T.);
#1645=EDGE_CURVE('',#1308,#1310,#623,.T.);
#1646=EDGE_CURVE('',#1311,#1310,#624,.T.);
#1647=EDGE_CURVE('',#1309,#1311,#625,.T.);
#1648=EDGE_CURVE('',#1312,#1313,#626,.T.);
#1649=EDGE_CURVE('',#1310,#1312,#627,.T.);
#1650=EDGE_CURVE('',#1313,#1308,#628,.T.);
#1651=EDGE_CURVE('',#1314,#1315,#629,.T.);
#1652=EDGE_CURVE('',#1316,#1314,#630,.T.);
#1653=EDGE_CURVE('',#1316,#1317,#631,.T.);
#1654=EDGE_CURVE('',#1315,#1317,#632,.T.);
#1655=EDGE_CURVE('',#1318,#1316,#633,.T.);
#1656=EDGE_CURVE('',#1318,#1319,#634,.T.);
#1657=EDGE_CURVE('',#1317,#1319,#635,.T.);
#1658=EDGE_CURVE('',#1309,#1318,#636,.T.);
#1659=EDGE_CURVE('',#1319,#1311,#637,.T.);
#1660=EDGE_CURVE('',#1320,#1321,#638,.T.);
#1661=EDGE_CURVE('',#1320,#1322,#639,.T.);
#1662=EDGE_CURVE('',#1323,#1322,#640,.T.);
#1663=EDGE_CURVE('',#1321,#1323,#641,.T.);
#1664=EDGE_CURVE('',#1324,#1325,#642,.T.);
#1665=EDGE_CURVE('',#1322,#1324,#643,.T.);
#1666=EDGE_CURVE('',#1325,#1320,#644,.T.);
#1667=EDGE_CURVE('',#1326,#1327,#645,.T.);
#1668=EDGE_CURVE('',#1328,#1326,#646,.T.);
#1669=EDGE_CURVE('',#1328,#1329,#647,.T.);
#1670=EDGE_CURVE('',#1327,#1329,#648,.T.);
#1671=EDGE_CURVE('',#1330,#1328,#649,.T.);
#1672=EDGE_CURVE('',#1330,#1331,#650,.T.);
#1673=EDGE_CURVE('',#1329,#1331,#651,.T.);
#1674=EDGE_CURVE('',#1321,#1330,#652,.T.);
#1675=EDGE_CURVE('',#1331,#1323,#653,.T.);
#1676=EDGE_CURVE('',#1332,#1333,#654,.T.);
#1677=EDGE_CURVE('',#1332,#1334,#655,.T.);
#1678=EDGE_CURVE('',#1335,#1334,#656,.T.);
#1679=EDGE_CURVE('',#1333,#1335,#657,.T.);
#1680=EDGE_CURVE('',#1336,#1337,#658,.T.);
#1681=EDGE_CURVE('',#1334,#1336,#659,.T.);
#1682=EDGE_CURVE('',#1337,#1332,#660,.T.);
#1683=EDGE_CURVE('',#1338,#1339,#661,.T.);
#1684=EDGE_CURVE('',#1340,#1338,#662,.T.);
#1685=EDGE_CURVE('',#1340,#1341,#663,.T.);
#1686=EDGE_CURVE('',#1339,#1341,#664,.T.);
#1687=EDGE_CURVE('',#1342,#1340,#665,.T.);
#1688=EDGE_CURVE('',#1342,#1343,#666,.T.);
#1689=EDGE_CURVE('',#1341,#1343,#667,.T.);
#1690=EDGE_CURVE('',#1333,#1342,#668,.T.);
#1691=EDGE_CURVE('',#1343,#1335,#669,.T.);
#1692=EDGE_CURVE('',#1344,#1345,#670,.T.);
#1693=EDGE_CURVE('',#1344,#1346,#671,.T.);
#1694=EDGE_CURVE('',#1347,#1346,#672,.T.);
#1695=EDGE_CURVE('',#1345,#1347,#673,.T.);
#1696=EDGE_CURVE('',#1348,#1349,#674,.T.);
#1697=EDGE_CURVE('',#1346,#1348,#675,.T.);
#1698=EDGE_CURVE('',#1349,#1344,#676,.T.);
#1699=EDGE_CURVE('',#1350,#1351,#677,.T.);
#1700=EDGE_CURVE('',#1352,#1350,#678,.T.);
#1701=EDGE_CURVE('',#1352,#1353,#679,.T.);
#1702=EDGE_CURVE('',#1351,#1353,#680,.T.);
#1703=EDGE_CURVE('',#1354,#1352,#681,.T.);
#1704=EDGE_CURVE('',#1354,#1355,#682,.T.);
#1705=EDGE_CURVE('',#1353,#1355,#683,.T.);
#1706=EDGE_CURVE('',#1345,#1354,#684,.T.);
#1707=EDGE_CURVE('',#1355,#1347,#685,.T.);
#1708=EDGE_CURVE('',#1356,#1357,#686,.T.);
#1709=EDGE_CURVE('',#1356,#1358,#687,.T.);
#1710=EDGE_CURVE('',#1359,#1358,#688,.T.);
#1711=EDGE_CURVE('',#1357,#1359,#689,.T.);
#1712=EDGE_CURVE('',#1360,#1361,#690,.T.);
#1713=EDGE_CURVE('',#1358,#1360,#691,.T.);
#1714=EDGE_CURVE('',#1361,#1356,#692,.T.);
#1715=EDGE_CURVE('',#1362,#1363,#693,.T.);
#1716=EDGE_CURVE('',#1364,#1362,#694,.T.);
#1717=EDGE_CURVE('',#1364,#1365,#695,.T.);
#1718=EDGE_CURVE('',#1363,#1365,#696,.T.);
#1719=EDGE_CURVE('',#1366,#1364,#697,.T.);
#1720=EDGE_CURVE('',#1366,#1367,#698,.T.);
#1721=EDGE_CURVE('',#1365,#1367,#699,.T.);
#1722=EDGE_CURVE('',#1357,#1366,#700,.T.);
#1723=EDGE_CURVE('',#1367,#1359,#701,.T.);
#1724=EDGE_CURVE('',#1368,#1255,#702,.T.);
#1725=EDGE_CURVE('',#1246,#1368,#703,.T.);
#1726=EDGE_CURVE('',#1248,#1369,#704,.T.);
#1727=EDGE_CURVE('',#1370,#1369,#705,.T.);
#1728=EDGE_CURVE('',#1249,#1370,#706,.T.);
#1729=EDGE_CURVE('',#1247,#1371,#707,.T.);
#1730=EDGE_CURVE('',#1369,#1371,#708,.T.);
#1731=EDGE_CURVE('',#1371,#1368,#709,.T.);
#1732=EDGE_CURVE('',#1372,#1373,#710,.T.);
#1733=EDGE_CURVE('',#1372,#1374,#711,.T.);
#1734=EDGE_CURVE('',#1375,#1374,#712,.T.);
#1735=EDGE_CURVE('',#1373,#1375,#713,.T.);
#1736=EDGE_CURVE('',#1376,#1377,#714,.T.);
#1737=EDGE_CURVE('',#1374,#1376,#715,.T.);
#1738=EDGE_CURVE('',#1377,#1372,#716,.T.);
#1739=EDGE_CURVE('',#1378,#1251,#717,.T.);
#1740=EDGE_CURVE('',#1378,#1379,#718,.T.);
#1741=EDGE_CURVE('',#1252,#1379,#719,.T.);
#1742=EDGE_CURVE('',#1380,#1378,#720,.T.);
#1743=EDGE_CURVE('',#1380,#1381,#721,.T.);
#1744=EDGE_CURVE('',#1379,#1381,#722,.T.);
#1745=EDGE_CURVE('',#1373,#1380,#723,.T.);
#1746=EDGE_CURVE('',#1381,#1375,#724,.T.);
#1747=EDGE_CURVE('',#1382,#1383,#725,.T.);
#1748=EDGE_CURVE('',#1382,#1384,#726,.T.);
#1749=EDGE_CURVE('',#1385,#1384,#727,.T.);
#1750=EDGE_CURVE('',#1383,#1385,#728,.T.);
#1751=EDGE_CURVE('',#1386,#1387,#729,.T.);
#1752=EDGE_CURVE('',#1384,#1386,#730,.T.);
#1753=EDGE_CURVE('',#1387,#1382,#731,.T.);
#1754=EDGE_CURVE('',#1388,#1389,#732,.T.);
#1755=EDGE_CURVE('',#1390,#1388,#733,.T.);
#1756=EDGE_CURVE('',#1390,#1391,#734,.T.);
#1757=EDGE_CURVE('',#1389,#1391,#735,.T.);
#1758=EDGE_CURVE('',#1392,#1390,#736,.T.);
#1759=EDGE_CURVE('',#1392,#1393,#737,.T.);
#1760=EDGE_CURVE('',#1391,#1393,#738,.T.);
#1761=EDGE_CURVE('',#1383,#1392,#739,.T.);
#1762=EDGE_CURVE('',#1393,#1385,#740,.T.);
#1763=EDGE_CURVE('',#1394,#1395,#741,.T.);
#1764=EDGE_CURVE('',#1394,#1396,#742,.T.);
#1765=EDGE_CURVE('',#1397,#1396,#743,.T.);
#1766=EDGE_CURVE('',#1395,#1397,#744,.T.);
#1767=EDGE_CURVE('',#1398,#1399,#745,.T.);
#1768=EDGE_CURVE('',#1396,#1398,#746,.T.);
#1769=EDGE_CURVE('',#1399,#1394,#747,.T.);
#1770=EDGE_CURVE('',#1400,#1401,#748,.T.);
#1771=EDGE_CURVE('',#1402,#1400,#749,.T.);
#1772=EDGE_CURVE('',#1402,#1403,#750,.T.);
#1773=EDGE_CURVE('',#1401,#1403,#751,.T.);
#1774=EDGE_CURVE('',#1404,#1402,#752,.T.);
#1775=EDGE_CURVE('',#1404,#1405,#753,.T.);
#1776=EDGE_CURVE('',#1403,#1405,#754,.T.);
#1777=EDGE_CURVE('',#1395,#1404,#755,.T.);
#1778=EDGE_CURVE('',#1405,#1397,#756,.T.);
#1779=EDGE_CURVE('',#1406,#1407,#757,.T.);
#1780=EDGE_CURVE('',#1406,#1408,#758,.T.);
#1781=EDGE_CURVE('',#1409,#1408,#759,.T.);
#1782=EDGE_CURVE('',#1407,#1409,#760,.T.);
#1783=EDGE_CURVE('',#1410,#1411,#761,.T.);
#1784=EDGE_CURVE('',#1408,#1410,#762,.T.);
#1785=EDGE_CURVE('',#1411,#1406,#763,.T.);
#1786=EDGE_CURVE('',#1412,#1413,#764,.T.);
#1787=EDGE_CURVE('',#1414,#1412,#765,.T.);
#1788=EDGE_CURVE('',#1414,#1415,#766,.T.);
#1789=EDGE_CURVE('',#1413,#1415,#767,.T.);
#1790=EDGE_CURVE('',#1416,#1414,#768,.T.);
#1791=EDGE_CURVE('',#1416,#1417,#769,.T.);
#1792=EDGE_CURVE('',#1415,#1417,#770,.T.);
#1793=EDGE_CURVE('',#1407,#1416,#771,.T.);
#1794=EDGE_CURVE('',#1417,#1409,#772,.T.);
#1795=EDGE_CURVE('',#1418,#1419,#773,.T.);
#1796=EDGE_CURVE('',#1418,#1420,#774,.T.);
#1797=EDGE_CURVE('',#1421,#1420,#775,.T.);
#1798=EDGE_CURVE('',#1419,#1421,#776,.T.);
#1799=EDGE_CURVE('',#1422,#1423,#777,.T.);
#1800=EDGE_CURVE('',#1420,#1422,#778,.T.);
#1801=EDGE_CURVE('',#1423,#1418,#779,.T.);
#1802=EDGE_CURVE('',#1424,#1425,#780,.T.);
#1803=EDGE_CURVE('',#1426,#1424,#781,.T.);
#1804=EDGE_CURVE('',#1426,#1427,#782,.T.);
#1805=EDGE_CURVE('',#1425,#1427,#783,.T.);
#1806=EDGE_CURVE('',#1428,#1426,#784,.T.);
#1807=EDGE_CURVE('',#1428,#1429,#785,.T.);
#1808=EDGE_CURVE('',#1427,#1429,#786,.T.);
#1809=EDGE_CURVE('',#1419,#1428,#787,.T.);
#1810=EDGE_CURVE('',#1429,#1421,#788,.T.);
#1811=EDGE_CURVE('',#1430,#1431,#1178,.T.);
#1812=EDGE_CURVE('',#1431,#1432,#456,.T.);
#1813=EDGE_CURVE('',#1432,#1433,#1179,.T.);
#1814=EDGE_CURVE('',#1433,#1434,#457,.T.);
#1815=EDGE_CURVE('',#1434,#1435,#1180,.T.);
#1816=EDGE_CURVE('',#1435,#1436,#458,.T.);
#1817=EDGE_CURVE('',#1436,#1437,#1181,.T.);
#1818=EDGE_CURVE('',#1437,#1438,#459,.T.);
#1819=EDGE_CURVE('',#1438,#1439,#1182,.T.);
#1820=EDGE_CURVE('',#1439,#1440,#460,.T.);
#1821=EDGE_CURVE('',#1440,#1441,#1183,.T.);
#1822=EDGE_CURVE('',#1441,#1442,#461,.T.);
#1823=EDGE_CURVE('',#1442,#1443,#1184,.T.);
#1824=EDGE_CURVE('',#1443,#1444,#462,.T.);
#1825=EDGE_CURVE('',#1444,#1445,#1185,.T.);
#1826=EDGE_CURVE('',#1445,#1446,#463,.T.);
#1827=EDGE_CURVE('',#1446,#1447,#1186,.T.);
#1828=EDGE_CURVE('',#1447,#1448,#464,.T.);
#1829=EDGE_CURVE('',#1448,#1449,#1187,.T.);
#1830=EDGE_CURVE('',#1449,#1450,#465,.T.);
#1831=EDGE_CURVE('',#1450,#1451,#1188,.T.);
#1832=EDGE_CURVE('',#1451,#1452,#466,.T.);
#1833=EDGE_CURVE('',#1452,#1453,#1189,.T.);
#1834=EDGE_CURVE('',#1453,#1454,#467,.T.);
#1835=EDGE_CURVE('',#1454,#1455,#1190,.T.);
#1836=EDGE_CURVE('',#1455,#1456,#468,.T.);
#1837=EDGE_CURVE('',#1456,#1457,#1191,.T.);
#1838=EDGE_CURVE('',#1457,#1458,#469,.T.);
#1839=EDGE_CURVE('',#1458,#1459,#1192,.T.);
#1840=EDGE_CURVE('',#1459,#1460,#470,.T.);
#1841=EDGE_CURVE('',#1460,#1461,#1193,.T.);
#1842=EDGE_CURVE('',#1461,#1462,#471,.T.);
#1843=EDGE_CURVE('',#1462,#1463,#1194,.T.);
#1844=EDGE_CURVE('',#1463,#1464,#472,.T.);
#1845=EDGE_CURVE('',#1464,#1465,#1195,.T.);
#1846=EDGE_CURVE('',#1465,#1466,#473,.T.);
#1847=EDGE_CURVE('',#1466,#1467,#1196,.T.);
#1848=EDGE_CURVE('',#1467,#1468,#474,.T.);
#1849=EDGE_CURVE('',#1468,#1232,#1197,.T.);
#1850=EDGE_CURVE('',#1235,#1469,#475,.T.);
#1851=EDGE_CURVE('',#1469,#1470,#1198,.T.);
#1852=EDGE_CURVE('',#1470,#1471,#476,.T.);
#1853=EDGE_CURVE('',#1471,#1472,#1199,.T.);
#1854=EDGE_CURVE('',#1472,#1473,#477,.T.);
#1855=EDGE_CURVE('',#1473,#1474,#1200,.T.);
#1856=EDGE_CURVE('',#1474,#1430,#478,.T.);
#1857=EDGE_CURVE('',#1266,#1475,#479,.T.);
#1858=EDGE_CURVE('',#1475,#1476,#789,.T.);
#1859=EDGE_CURVE('',#1476,#1477,#790,.T.);
#1860=EDGE_CURVE('',#1477,#1478,#791,.T.);
#1861=EDGE_CURVE('',#1478,#1479,#792,.T.);
#1862=EDGE_CURVE('',#1479,#1480,#793,.T.);
#1863=EDGE_CURVE('',#1480,#1423,#480,.T.);
#1864=EDGE_CURVE('',#1424,#1411,#481,.T.);
#1865=EDGE_CURVE('',#1412,#1399,#482,.T.);
#1866=EDGE_CURVE('',#1400,#1387,#483,.T.);
#1867=EDGE_CURVE('',#1388,#1377,#484,.T.);
#1868=EDGE_CURVE('',#1259,#1361,#485,.T.);
#1869=EDGE_CURVE('',#1362,#1349,#486,.T.);
#1870=EDGE_CURVE('',#1350,#1337,#487,.T.);
#1871=EDGE_CURVE('',#1338,#1325,#488,.T.);
#1872=EDGE_CURVE('',#1326,#1313,#489,.T.);
#1873=EDGE_CURVE('',#1314,#1301,#490,.T.);
#1874=EDGE_CURVE('',#1302,#1289,#491,.T.);
#1875=EDGE_CURVE('',#1290,#1277,#492,.T.);
#1876=EDGE_CURVE('',#1278,#1265,#493,.T.);
#1877=EDGE_CURVE('',#1480,#1481,#794,.T.);
#1878=EDGE_CURVE('',#1422,#1481,#494,.T.);
#1879=EDGE_CURVE('',#1410,#1425,#495,.T.);
#1880=EDGE_CURVE('',#1398,#1413,#496,.T.);
#1881=EDGE_CURVE('',#1386,#1401,#497,.T.);
#1882=EDGE_CURVE('',#1376,#1389,#498,.T.);
#1883=EDGE_CURVE('',#1360,#1370,#499,.T.);
#1884=EDGE_CURVE('',#1348,#1363,#500,.T.);
#1885=EDGE_CURVE('',#1336,#1351,#501,.T.);
#1886=EDGE_CURVE('',#1324,#1339,#502,.T.);
#1887=EDGE_CURVE('',#1312,#1327,#503,.T.);
#1888=EDGE_CURVE('',#1300,#1315,#504,.T.);
#1889=EDGE_CURVE('',#1288,#1303,#505,.T.);
#1890=EDGE_CURVE('',#1276,#1291,#506,.T.);
#1891=EDGE_CURVE('',#1482,#1267,#507,.T.);
#1892=EDGE_CURVE('',#1482,#1475,#795,.T.);
#1893=EDGE_CURVE('',#1483,#1482,#796,.T.);
#1894=EDGE_CURVE('',#1476,#1483,#797,.T.);
#1895=EDGE_CURVE('',#1484,#1483,#798,.T.);
#1896=EDGE_CURVE('',#1477,#1484,#799,.T.);
#1897=EDGE_CURVE('',#1479,#1485,#800,.T.);
#1898=EDGE_CURVE('',#1481,#1485,#801,.T.);
#1899=EDGE_CURVE('',#1478,#1486,#802,.T.);
#1900=EDGE_CURVE('',#1485,#1486,#803,.T.);
#1901=EDGE_CURVE('',#1486,#1484,#804,.T.);
#1902=EDGE_CURVE('',#1264,#1279,#508,.T.);
#1903=EDGE_CURVE('',#1487,#1430,#805,.T.);
#1904=EDGE_CURVE('',#1488,#1487,#1201,.T.);
#1905=EDGE_CURVE('',#1431,#1488,#806,.T.);
#1906=EDGE_CURVE('',#1489,#1432,#807,.T.);
#1907=EDGE_CURVE('',#1490,#1489,#1202,.T.);
#1908=EDGE_CURVE('',#1433,#1490,#808,.T.);
#1909=EDGE_CURVE('',#1491,#1434,#809,.T.);
#1910=EDGE_CURVE('',#1492,#1491,#1203,.T.);
#1911=EDGE_CURVE('',#1435,#1492,#810,.T.);
#1912=EDGE_CURVE('',#1493,#1436,#811,.T.);
#1913=EDGE_CURVE('',#1494,#1493,#1204,.T.);
#1914=EDGE_CURVE('',#1437,#1494,#812,.T.);
#1915=EDGE_CURVE('',#1495,#1438,#813,.T.);
#1916=EDGE_CURVE('',#1496,#1495,#1205,.T.);
#1917=EDGE_CURVE('',#1439,#1496,#814,.T.);
#1918=EDGE_CURVE('',#1497,#1440,#815,.T.);
#1919=EDGE_CURVE('',#1498,#1497,#1206,.T.);
#1920=EDGE_CURVE('',#1441,#1498,#816,.T.);
#1921=EDGE_CURVE('',#1499,#1442,#817,.T.);
#1922=EDGE_CURVE('',#1500,#1499,#1207,.T.);
#1923=EDGE_CURVE('',#1443,#1500,#818,.T.);
#1924=EDGE_CURVE('',#1501,#1444,#819,.T.);
#1925=EDGE_CURVE('',#1502,#1501,#1208,.T.);
#1926=EDGE_CURVE('',#1445,#1502,#820,.T.);
#1927=EDGE_CURVE('',#1503,#1446,#821,.T.);
#1928=EDGE_CURVE('',#1504,#1503,#1209,.T.);
#1929=EDGE_CURVE('',#1447,#1504,#822,.T.);
#1930=EDGE_CURVE('',#1505,#1448,#823,.T.);
#1931=EDGE_CURVE('',#1506,#1505,#1210,.T.);
#1932=EDGE_CURVE('',#1449,#1506,#824,.T.);
#1933=EDGE_CURVE('',#1507,#1450,#825,.T.);
#1934=EDGE_CURVE('',#1508,#1507,#1211,.T.);
#1935=EDGE_CURVE('',#1451,#1508,#826,.T.);
#1936=EDGE_CURVE('',#1509,#1452,#827,.T.);
#1937=EDGE_CURVE('',#1510,#1509,#1212,.T.);
#1938=EDGE_CURVE('',#1453,#1510,#828,.T.);
#1939=EDGE_CURVE('',#1511,#1454,#829,.T.);
#1940=EDGE_CURVE('',#1512,#1511,#1213,.T.);
#1941=EDGE_CURVE('',#1455,#1512,#830,.T.);
#1942=EDGE_CURVE('',#1513,#1456,#831,.T.);
#1943=EDGE_CURVE('',#1514,#1513,#1214,.T.);
#1944=EDGE_CURVE('',#1457,#1514,#832,.T.);
#1945=EDGE_CURVE('',#1515,#1458,#833,.T.);
#1946=EDGE_CURVE('',#1516,#1515,#1215,.T.);
#1947=EDGE_CURVE('',#1459,#1516,#834,.T.);
#1948=EDGE_CURVE('',#1517,#1460,#835,.T.);
#1949=EDGE_CURVE('',#1518,#1517,#1216,.T.);
#1950=EDGE_CURVE('',#1461,#1518,#836,.T.);
#1951=EDGE_CURVE('',#1519,#1462,#837,.T.);
#1952=EDGE_CURVE('',#1520,#1519,#1217,.T.);
#1953=EDGE_CURVE('',#1463,#1520,#838,.T.);
#1954=EDGE_CURVE('',#1521,#1464,#839,.T.);
#1955=EDGE_CURVE('',#1522,#1521,#1218,.T.);
#1956=EDGE_CURVE('',#1465,#1522,#840,.T.);
#1957=EDGE_CURVE('',#1523,#1466,#841,.T.);
#1958=EDGE_CURVE('',#1524,#1523,#1219,.T.);
#1959=EDGE_CURVE('',#1467,#1524,#842,.T.);
#1960=EDGE_CURVE('',#1525,#1468,#843,.T.);
#1961=EDGE_CURVE('',#1233,#1525,#1220,.T.);
#1962=EDGE_CURVE('',#1526,#1469,#844,.T.);
#1963=EDGE_CURVE('',#1527,#1526,#1221,.T.);
#1964=EDGE_CURVE('',#1470,#1527,#845,.T.);
#1965=EDGE_CURVE('',#1528,#1471,#846,.T.);
#1966=EDGE_CURVE('',#1529,#1528,#1222,.T.);
#1967=EDGE_CURVE('',#1472,#1529,#847,.T.);
#1968=EDGE_CURVE('',#1487,#1530,#509,.T.);
#1969=EDGE_CURVE('',#1530,#1531,#1223,.T.);
#1970=EDGE_CURVE('',#1531,#1529,#510,.T.);
#1971=EDGE_CURVE('',#1528,#1527,#511,.T.);
#1972=EDGE_CURVE('',#1526,#1236,#512,.T.);
#1973=EDGE_CURVE('',#1525,#1524,#513,.T.);
#1974=EDGE_CURVE('',#1523,#1522,#514,.T.);
#1975=EDGE_CURVE('',#1521,#1520,#515,.T.);
#1976=EDGE_CURVE('',#1519,#1518,#516,.T.);
#1977=EDGE_CURVE('',#1517,#1516,#517,.T.);
#1978=EDGE_CURVE('',#1515,#1514,#518,.T.);
#1979=EDGE_CURVE('',#1513,#1512,#519,.T.);
#1980=EDGE_CURVE('',#1511,#1510,#520,.T.);
#1981=EDGE_CURVE('',#1509,#1508,#521,.T.);
#1982=EDGE_CURVE('',#1507,#1506,#522,.T.);
#1983=EDGE_CURVE('',#1505,#1504,#523,.T.);
#1984=EDGE_CURVE('',#1503,#1502,#524,.T.);
#1985=EDGE_CURVE('',#1501,#1500,#525,.T.);
#1986=EDGE_CURVE('',#1499,#1498,#526,.T.);
#1987=EDGE_CURVE('',#1497,#1496,#527,.T.);
#1988=EDGE_CURVE('',#1495,#1494,#528,.T.);
#1989=EDGE_CURVE('',#1493,#1492,#529,.T.);
#1990=EDGE_CURVE('',#1491,#1490,#530,.T.);
#1991=EDGE_CURVE('',#1489,#1488,#531,.T.);
#1992=EDGE_CURVE('',#1531,#1473,#848,.T.);
#1993=EDGE_CURVE('',#1474,#1530,#849,.T.);
#1994=ORIENTED_EDGE('',*,*,#1532,.F.);
#1995=ORIENTED_EDGE('',*,*,#1533,.F.);
#1996=ORIENTED_EDGE('',*,*,#1534,.T.);
#1997=ORIENTED_EDGE('',*,*,#1535,.T.);
#1998=ORIENTED_EDGE('',*,*,#1534,.F.);
#1999=ORIENTED_EDGE('',*,*,#1536,.F.);
#2000=ORIENTED_EDGE('',*,*,#1537,.F.);
#2001=ORIENTED_EDGE('',*,*,#1538,.F.);
#2002=ORIENTED_EDGE('',*,*,#1535,.F.);
#2003=ORIENTED_EDGE('',*,*,#1539,.F.);
#2004=ORIENTED_EDGE('',*,*,#1536,.T.);
#2005=ORIENTED_EDGE('',*,*,#1533,.T.);
#2006=ORIENTED_EDGE('',*,*,#1540,.T.);
#2007=ORIENTED_EDGE('',*,*,#1541,.F.);
#2008=ORIENTED_EDGE('',*,*,#1542,.T.);
#2009=ORIENTED_EDGE('',*,*,#1543,.F.);
#2010=ORIENTED_EDGE('',*,*,#1544,.T.);
#2011=ORIENTED_EDGE('',*,*,#1532,.T.);
#2012=ORIENTED_EDGE('',*,*,#1545,.F.);
#2013=ORIENTED_EDGE('',*,*,#1546,.F.);
#2014=ORIENTED_EDGE('',*,*,#1540,.F.);
#2015=ORIENTED_EDGE('',*,*,#1537,.T.);
#2016=ORIENTED_EDGE('',*,*,#1544,.F.);
#2017=ORIENTED_EDGE('',*,*,#1547,.F.);
#2018=ORIENTED_EDGE('',*,*,#1548,.F.);
#2019=ORIENTED_EDGE('',*,*,#1539,.T.);
#2020=ORIENTED_EDGE('',*,*,#1549,.T.);
#2021=ORIENTED_EDGE('',*,*,#1550,.F.);
#2022=ORIENTED_EDGE('',*,*,#1551,.F.);
#2023=ORIENTED_EDGE('',*,*,#1552,.F.);
#2024=ORIENTED_EDGE('',*,*,#1553,.F.);
#2025=ORIENTED_EDGE('',*,*,#1554,.F.);
#2026=ORIENTED_EDGE('',*,*,#1555,.F.);
#2027=ORIENTED_EDGE('',*,*,#1556,.F.);
#2028=ORIENTED_EDGE('',*,*,#1557,.F.);
#2029=ORIENTED_EDGE('',*,*,#1558,.F.);
#2030=ORIENTED_EDGE('',*,*,#1559,.F.);
#2031=ORIENTED_EDGE('',*,*,#1560,.F.);
#2032=ORIENTED_EDGE('',*,*,#1561,.F.);
#2033=ORIENTED_EDGE('',*,*,#1562,.F.);
#2034=ORIENTED_EDGE('',*,*,#1549,.F.);
#2035=ORIENTED_EDGE('',*,*,#1556,.T.);
#2036=ORIENTED_EDGE('',*,*,#1563,.T.);
#2037=ORIENTED_EDGE('',*,*,#1564,.F.);
#2038=ORIENTED_EDGE('',*,*,#1565,.T.);
#2039=ORIENTED_EDGE('',*,*,#1566,.F.);
#2040=ORIENTED_EDGE('',*,*,#1567,.T.);
#2041=ORIENTED_EDGE('',*,*,#1555,.T.);
#2042=ORIENTED_EDGE('',*,*,#1568,.F.);
#2043=ORIENTED_EDGE('',*,*,#1569,.F.);
#2044=ORIENTED_EDGE('',*,*,#1563,.F.);
#2045=ORIENTED_EDGE('',*,*,#1557,.T.);
#2046=ORIENTED_EDGE('',*,*,#1567,.F.);
#2047=ORIENTED_EDGE('',*,*,#1570,.F.);
#2048=ORIENTED_EDGE('',*,*,#1571,.F.);
#2049=ORIENTED_EDGE('',*,*,#1554,.T.);
#2050=ORIENTED_EDGE('',*,*,#1572,.F.);
#2051=ORIENTED_EDGE('',*,*,#1573,.F.);
#2052=ORIENTED_EDGE('',*,*,#1568,.T.);
#2053=ORIENTED_EDGE('',*,*,#1553,.T.);
#2054=ORIENTED_EDGE('',*,*,#1574,.F.);
#2055=ORIENTED_EDGE('',*,*,#1575,.F.);
#2056=ORIENTED_EDGE('',*,*,#1572,.T.);
#2057=ORIENTED_EDGE('',*,*,#1552,.T.);
#2058=ORIENTED_EDGE('',*,*,#1576,.F.);
#2059=ORIENTED_EDGE('',*,*,#1577,.F.);
#2060=ORIENTED_EDGE('',*,*,#1574,.T.);
#2061=ORIENTED_EDGE('',*,*,#1551,.T.);
#2062=ORIENTED_EDGE('',*,*,#1578,.F.);
#2063=ORIENTED_EDGE('',*,*,#1579,.F.);
#2064=ORIENTED_EDGE('',*,*,#1576,.T.);
#2065=ORIENTED_EDGE('',*,*,#1580,.F.);
#2066=ORIENTED_EDGE('',*,*,#1581,.T.);
#2067=ORIENTED_EDGE('',*,*,#1582,.F.);
#2068=ORIENTED_EDGE('',*,*,#1583,.F.);
#2069=ORIENTED_EDGE('',*,*,#1584,.F.);
#2070=ORIENTED_EDGE('',*,*,#1585,.F.);
#2071=ORIENTED_EDGE('',*,*,#1581,.F.);
#2072=ORIENTED_EDGE('',*,*,#1586,.F.);
#2073=ORIENTED_EDGE('',*,*,#1587,.F.);
#2074=ORIENTED_EDGE('',*,*,#1588,.F.);
#2075=ORIENTED_EDGE('',*,*,#1589,.T.);
#2076=ORIENTED_EDGE('',*,*,#1590,.F.);
#2077=ORIENTED_EDGE('',*,*,#1591,.F.);
#2078=ORIENTED_EDGE('',*,*,#1592,.T.);
#2079=ORIENTED_EDGE('',*,*,#1593,.F.);
#2080=ORIENTED_EDGE('',*,*,#1589,.F.);
#2081=ORIENTED_EDGE('',*,*,#1594,.F.);
#2082=ORIENTED_EDGE('',*,*,#1583,.T.);
#2083=ORIENTED_EDGE('',*,*,#1595,.F.);
#2084=ORIENTED_EDGE('',*,*,#1592,.F.);
#2085=ORIENTED_EDGE('',*,*,#1596,.F.);
#2086=ORIENTED_EDGE('',*,*,#1597,.T.);
#2087=ORIENTED_EDGE('',*,*,#1598,.F.);
#2088=ORIENTED_EDGE('',*,*,#1599,.F.);
#2089=ORIENTED_EDGE('',*,*,#1600,.F.);
#2090=ORIENTED_EDGE('',*,*,#1601,.F.);
#2091=ORIENTED_EDGE('',*,*,#1597,.F.);
#2092=ORIENTED_EDGE('',*,*,#1602,.F.);
#2093=ORIENTED_EDGE('',*,*,#1603,.F.);
#2094=ORIENTED_EDGE('',*,*,#1604,.F.);
#2095=ORIENTED_EDGE('',*,*,#1605,.T.);
#2096=ORIENTED_EDGE('',*,*,#1606,.F.);
#2097=ORIENTED_EDGE('',*,*,#1607,.F.);
#2098=ORIENTED_EDGE('',*,*,#1608,.T.);
#2099=ORIENTED_EDGE('',*,*,#1609,.F.);
#2100=ORIENTED_EDGE('',*,*,#1605,.F.);
#2101=ORIENTED_EDGE('',*,*,#1610,.F.);
#2102=ORIENTED_EDGE('',*,*,#1599,.T.);
#2103=ORIENTED_EDGE('',*,*,#1611,.F.);
#2104=ORIENTED_EDGE('',*,*,#1608,.F.);
#2105=ORIENTED_EDGE('',*,*,#1612,.F.);
#2106=ORIENTED_EDGE('',*,*,#1613,.T.);
#2107=ORIENTED_EDGE('',*,*,#1614,.F.);
#2108=ORIENTED_EDGE('',*,*,#1615,.F.);
#2109=ORIENTED_EDGE('',*,*,#1616,.F.);
#2110=ORIENTED_EDGE('',*,*,#1617,.F.);
#2111=ORIENTED_EDGE('',*,*,#1613,.F.);
#2112=ORIENTED_EDGE('',*,*,#1618,.F.);
#2113=ORIENTED_EDGE('',*,*,#1619,.F.);
#2114=ORIENTED_EDGE('',*,*,#1620,.F.);
#2115=ORIENTED_EDGE('',*,*,#1621,.T.);
#2116=ORIENTED_EDGE('',*,*,#1622,.F.);
#2117=ORIENTED_EDGE('',*,*,#1623,.F.);
#2118=ORIENTED_EDGE('',*,*,#1624,.T.);
#2119=ORIENTED_EDGE('',*,*,#1625,.F.);
#2120=ORIENTED_EDGE('',*,*,#1621,.F.);
#2121=ORIENTED_EDGE('',*,*,#1626,.F.);
#2122=ORIENTED_EDGE('',*,*,#1615,.T.);
#2123=ORIENTED_EDGE('',*,*,#1627,.F.);
#2124=ORIENTED_EDGE('',*,*,#1624,.F.);
#2125=ORIENTED_EDGE('',*,*,#1628,.F.);
#2126=ORIENTED_EDGE('',*,*,#1629,.T.);
#2127=ORIENTED_EDGE('',*,*,#1630,.F.);
#2128=ORIENTED_EDGE('',*,*,#1631,.F.);
#2129=ORIENTED_EDGE('',*,*,#1632,.F.);
#2130=ORIENTED_EDGE('',*,*,#1633,.F.);
#2131=ORIENTED_EDGE('',*,*,#1629,.F.);
#2132=ORIENTED_EDGE('',*,*,#1634,.F.);
#2133=ORIENTED_EDGE('',*,*,#1635,.F.);
#2134=ORIENTED_EDGE('',*,*,#1636,.F.);
#2135=ORIENTED_EDGE('',*,*,#1637,.T.);
#2136=ORIENTED_EDGE('',*,*,#1638,.F.);
#2137=ORIENTED_EDGE('',*,*,#1639,.F.);
#2138=ORIENTED_EDGE('',*,*,#1640,.T.);
#2139=ORIENTED_EDGE('',*,*,#1641,.F.);
#2140=ORIENTED_EDGE('',*,*,#1637,.F.);
#2141=ORIENTED_EDGE('',*,*,#1642,.F.);
#2142=ORIENTED_EDGE('',*,*,#1631,.T.);
#2143=ORIENTED_EDGE('',*,*,#1643,.F.);
#2144=ORIENTED_EDGE('',*,*,#1640,.F.);
#2145=ORIENTED_EDGE('',*,*,#1644,.F.);
#2146=ORIENTED_EDGE('',*,*,#1645,.T.);
#2147=ORIENTED_EDGE('',*,*,#1646,.F.);
#2148=ORIENTED_EDGE('',*,*,#1647,.F.);
#2149=ORIENTED_EDGE('',*,*,#1648,.F.);
#2150=ORIENTED_EDGE('',*,*,#1649,.F.);
#2151=ORIENTED_EDGE('',*,*,#1645,.F.);
#2152=ORIENTED_EDGE('',*,*,#1650,.F.);
#2153=ORIENTED_EDGE('',*,*,#1651,.F.);
#2154=ORIENTED_EDGE('',*,*,#1652,.F.);
#2155=ORIENTED_EDGE('',*,*,#1653,.T.);
#2156=ORIENTED_EDGE('',*,*,#1654,.F.);
#2157=ORIENTED_EDGE('',*,*,#1655,.F.);
#2158=ORIENTED_EDGE('',*,*,#1656,.T.);
#2159=ORIENTED_EDGE('',*,*,#1657,.F.);
#2160=ORIENTED_EDGE('',*,*,#1653,.F.);
#2161=ORIENTED_EDGE('',*,*,#1658,.F.);
#2162=ORIENTED_EDGE('',*,*,#1647,.T.);
#2163=ORIENTED_EDGE('',*,*,#1659,.F.);
#2164=ORIENTED_EDGE('',*,*,#1656,.F.);
#2165=ORIENTED_EDGE('',*,*,#1660,.F.);
#2166=ORIENTED_EDGE('',*,*,#1661,.T.);
#2167=ORIENTED_EDGE('',*,*,#1662,.F.);
#2168=ORIENTED_EDGE('',*,*,#1663,.F.);
#2169=ORIENTED_EDGE('',*,*,#1664,.F.);
#2170=ORIENTED_EDGE('',*,*,#1665,.F.);
#2171=ORIENTED_EDGE('',*,*,#1661,.F.);
#2172=ORIENTED_EDGE('',*,*,#1666,.F.);
#2173=ORIENTED_EDGE('',*,*,#1667,.F.);
#2174=ORIENTED_EDGE('',*,*,#1668,.F.);
#2175=ORIENTED_EDGE('',*,*,#1669,.T.);
#2176=ORIENTED_EDGE('',*,*,#1670,.F.);
#2177=ORIENTED_EDGE('',*,*,#1671,.F.);
#2178=ORIENTED_EDGE('',*,*,#1672,.T.);
#2179=ORIENTED_EDGE('',*,*,#1673,.F.);
#2180=ORIENTED_EDGE('',*,*,#1669,.F.);
#2181=ORIENTED_EDGE('',*,*,#1674,.F.);
#2182=ORIENTED_EDGE('',*,*,#1663,.T.);
#2183=ORIENTED_EDGE('',*,*,#1675,.F.);
#2184=ORIENTED_EDGE('',*,*,#1672,.F.);
#2185=ORIENTED_EDGE('',*,*,#1676,.F.);
#2186=ORIENTED_EDGE('',*,*,#1677,.T.);
#2187=ORIENTED_EDGE('',*,*,#1678,.F.);
#2188=ORIENTED_EDGE('',*,*,#1679,.F.);
#2189=ORIENTED_EDGE('',*,*,#1680,.F.);
#2190=ORIENTED_EDGE('',*,*,#1681,.F.);
#2191=ORIENTED_EDGE('',*,*,#1677,.F.);
#2192=ORIENTED_EDGE('',*,*,#1682,.F.);
#2193=ORIENTED_EDGE('',*,*,#1683,.F.);
#2194=ORIENTED_EDGE('',*,*,#1684,.F.);
#2195=ORIENTED_EDGE('',*,*,#1685,.T.);
#2196=ORIENTED_EDGE('',*,*,#1686,.F.);
#2197=ORIENTED_EDGE('',*,*,#1687,.F.);
#2198=ORIENTED_EDGE('',*,*,#1688,.T.);
#2199=ORIENTED_EDGE('',*,*,#1689,.F.);
#2200=ORIENTED_EDGE('',*,*,#1685,.F.);
#2201=ORIENTED_EDGE('',*,*,#1690,.F.);
#2202=ORIENTED_EDGE('',*,*,#1679,.T.);
#2203=ORIENTED_EDGE('',*,*,#1691,.F.);
#2204=ORIENTED_EDGE('',*,*,#1688,.F.);
#2205=ORIENTED_EDGE('',*,*,#1692,.F.);
#2206=ORIENTED_EDGE('',*,*,#1693,.T.);
#2207=ORIENTED_EDGE('',*,*,#1694,.F.);
#2208=ORIENTED_EDGE('',*,*,#1695,.F.);
#2209=ORIENTED_EDGE('',*,*,#1696,.F.);
#2210=ORIENTED_EDGE('',*,*,#1697,.F.);
#2211=ORIENTED_EDGE('',*,*,#1693,.F.);
#2212=ORIENTED_EDGE('',*,*,#1698,.F.);
#2213=ORIENTED_EDGE('',*,*,#1699,.F.);
#2214=ORIENTED_EDGE('',*,*,#1700,.F.);
#2215=ORIENTED_EDGE('',*,*,#1701,.T.);
#2216=ORIENTED_EDGE('',*,*,#1702,.F.);
#2217=ORIENTED_EDGE('',*,*,#1703,.F.);
#2218=ORIENTED_EDGE('',*,*,#1704,.T.);
#2219=ORIENTED_EDGE('',*,*,#1705,.F.);
#2220=ORIENTED_EDGE('',*,*,#1701,.F.);
#2221=ORIENTED_EDGE('',*,*,#1706,.F.);
#2222=ORIENTED_EDGE('',*,*,#1695,.T.);
#2223=ORIENTED_EDGE('',*,*,#1707,.F.);
#2224=ORIENTED_EDGE('',*,*,#1704,.F.);
#2225=ORIENTED_EDGE('',*,*,#1708,.F.);
#2226=ORIENTED_EDGE('',*,*,#1709,.T.);
#2227=ORIENTED_EDGE('',*,*,#1710,.F.);
#2228=ORIENTED_EDGE('',*,*,#1711,.F.);
#2229=ORIENTED_EDGE('',*,*,#1712,.F.);
#2230=ORIENTED_EDGE('',*,*,#1713,.F.);
#2231=ORIENTED_EDGE('',*,*,#1709,.F.);
#2232=ORIENTED_EDGE('',*,*,#1714,.F.);
#2233=ORIENTED_EDGE('',*,*,#1715,.F.);
#2234=ORIENTED_EDGE('',*,*,#1716,.F.);
#2235=ORIENTED_EDGE('',*,*,#1717,.T.);
#2236=ORIENTED_EDGE('',*,*,#1718,.F.);
#2237=ORIENTED_EDGE('',*,*,#1719,.F.);
#2238=ORIENTED_EDGE('',*,*,#1720,.T.);
#2239=ORIENTED_EDGE('',*,*,#1721,.F.);
#2240=ORIENTED_EDGE('',*,*,#1717,.F.);
#2241=ORIENTED_EDGE('',*,*,#1722,.F.);
#2242=ORIENTED_EDGE('',*,*,#1711,.T.);
#2243=ORIENTED_EDGE('',*,*,#1723,.F.);
#2244=ORIENTED_EDGE('',*,*,#1720,.F.);
#2245=ORIENTED_EDGE('',*,*,#1558,.T.);
#2246=ORIENTED_EDGE('',*,*,#1571,.T.);
#2247=ORIENTED_EDGE('',*,*,#1724,.F.);
#2248=ORIENTED_EDGE('',*,*,#1725,.F.);
#2249=ORIENTED_EDGE('',*,*,#1561,.T.);
#2250=ORIENTED_EDGE('',*,*,#1726,.T.);
#2251=ORIENTED_EDGE('',*,*,#1727,.F.);
#2252=ORIENTED_EDGE('',*,*,#1728,.F.);
#2253=ORIENTED_EDGE('',*,*,#1560,.T.);
#2254=ORIENTED_EDGE('',*,*,#1729,.T.);
#2255=ORIENTED_EDGE('',*,*,#1730,.F.);
#2256=ORIENTED_EDGE('',*,*,#1726,.F.);
#2257=ORIENTED_EDGE('',*,*,#1559,.T.);
#2258=ORIENTED_EDGE('',*,*,#1725,.T.);
#2259=ORIENTED_EDGE('',*,*,#1731,.F.);
#2260=ORIENTED_EDGE('',*,*,#1729,.F.);
#2261=ORIENTED_EDGE('',*,*,#1732,.F.);
#2262=ORIENTED_EDGE('',*,*,#1733,.T.);
#2263=ORIENTED_EDGE('',*,*,#1734,.F.);
#2264=ORIENTED_EDGE('',*,*,#1735,.F.);
#2265=ORIENTED_EDGE('',*,*,#1736,.F.);
#2266=ORIENTED_EDGE('',*,*,#1737,.F.);
#2267=ORIENTED_EDGE('',*,*,#1733,.F.);
#2268=ORIENTED_EDGE('',*,*,#1738,.F.);
#2269=ORIENTED_EDGE('',*,*,#1565,.F.);
#2270=ORIENTED_EDGE('',*,*,#1739,.F.);
#2271=ORIENTED_EDGE('',*,*,#1740,.T.);
#2272=ORIENTED_EDGE('',*,*,#1741,.F.);
#2273=ORIENTED_EDGE('',*,*,#1742,.F.);
#2274=ORIENTED_EDGE('',*,*,#1743,.T.);
#2275=ORIENTED_EDGE('',*,*,#1744,.F.);
#2276=ORIENTED_EDGE('',*,*,#1740,.F.);
#2277=ORIENTED_EDGE('',*,*,#1745,.F.);
#2278=ORIENTED_EDGE('',*,*,#1735,.T.);
#2279=ORIENTED_EDGE('',*,*,#1746,.F.);
#2280=ORIENTED_EDGE('',*,*,#1743,.F.);
#2281=ORIENTED_EDGE('',*,*,#1747,.F.);
#2282=ORIENTED_EDGE('',*,*,#1748,.T.);
#2283=ORIENTED_EDGE('',*,*,#1749,.F.);
#2284=ORIENTED_EDGE('',*,*,#1750,.F.);
#2285=ORIENTED_EDGE('',*,*,#1751,.F.);
#2286=ORIENTED_EDGE('',*,*,#1752,.F.);
#2287=ORIENTED_EDGE('',*,*,#1748,.F.);
#2288=ORIENTED_EDGE('',*,*,#1753,.F.);
#2289=ORIENTED_EDGE('',*,*,#1754,.F.);
#2290=ORIENTED_EDGE('',*,*,#1755,.F.);
#2291=ORIENTED_EDGE('',*,*,#1756,.T.);
#2292=ORIENTED_EDGE('',*,*,#1757,.F.);
#2293=ORIENTED_EDGE('',*,*,#1758,.F.);
#2294=ORIENTED_EDGE('',*,*,#1759,.T.);
#2295=ORIENTED_EDGE('',*,*,#1760,.F.);
#2296=ORIENTED_EDGE('',*,*,#1756,.F.);
#2297=ORIENTED_EDGE('',*,*,#1761,.F.);
#2298=ORIENTED_EDGE('',*,*,#1750,.T.);
#2299=ORIENTED_EDGE('',*,*,#1762,.F.);
#2300=ORIENTED_EDGE('',*,*,#1759,.F.);
#2301=ORIENTED_EDGE('',*,*,#1763,.F.);
#2302=ORIENTED_EDGE('',*,*,#1764,.T.);
#2303=ORIENTED_EDGE('',*,*,#1765,.F.);
#2304=ORIENTED_EDGE('',*,*,#1766,.F.);
#2305=ORIENTED_EDGE('',*,*,#1767,.F.);
#2306=ORIENTED_EDGE('',*,*,#1768,.F.);
#2307=ORIENTED_EDGE('',*,*,#1764,.F.);
#2308=ORIENTED_EDGE('',*,*,#1769,.F.);
#2309=ORIENTED_EDGE('',*,*,#1770,.F.);
#2310=ORIENTED_EDGE('',*,*,#1771,.F.);
#2311=ORIENTED_EDGE('',*,*,#1772,.T.);
#2312=ORIENTED_EDGE('',*,*,#1773,.F.);
#2313=ORIENTED_EDGE('',*,*,#1774,.F.);
#2314=ORIENTED_EDGE('',*,*,#1775,.T.);
#2315=ORIENTED_EDGE('',*,*,#1776,.F.);
#2316=ORIENTED_EDGE('',*,*,#1772,.F.);
#2317=ORIENTED_EDGE('',*,*,#1777,.F.);
#2318=ORIENTED_EDGE('',*,*,#1766,.T.);
#2319=ORIENTED_EDGE('',*,*,#1778,.F.);
#2320=ORIENTED_EDGE('',*,*,#1775,.F.);
#2321=ORIENTED_EDGE('',*,*,#1779,.F.);
#2322=ORIENTED_EDGE('',*,*,#1780,.T.);
#2323=ORIENTED_EDGE('',*,*,#1781,.F.);
#2324=ORIENTED_EDGE('',*,*,#1782,.F.);
#2325=ORIENTED_EDGE('',*,*,#1783,.F.);
#2326=ORIENTED_EDGE('',*,*,#1784,.F.);
#2327=ORIENTED_EDGE('',*,*,#1780,.F.);
#2328=ORIENTED_EDGE('',*,*,#1785,.F.);
#2329=ORIENTED_EDGE('',*,*,#1786,.F.);
#2330=ORIENTED_EDGE('',*,*,#1787,.F.);
#2331=ORIENTED_EDGE('',*,*,#1788,.T.);
#2332=ORIENTED_EDGE('',*,*,#1789,.F.);
#2333=ORIENTED_EDGE('',*,*,#1790,.F.);
#2334=ORIENTED_EDGE('',*,*,#1791,.T.);
#2335=ORIENTED_EDGE('',*,*,#1792,.F.);
#2336=ORIENTED_EDGE('',*,*,#1788,.F.);
#2337=ORIENTED_EDGE('',*,*,#1793,.F.);
#2338=ORIENTED_EDGE('',*,*,#1782,.T.);
#2339=ORIENTED_EDGE('',*,*,#1794,.F.);
#2340=ORIENTED_EDGE('',*,*,#1791,.F.);
#2341=ORIENTED_EDGE('',*,*,#1795,.F.);
#2342=ORIENTED_EDGE('',*,*,#1796,.T.);
#2343=ORIENTED_EDGE('',*,*,#1797,.F.);
#2344=ORIENTED_EDGE('',*,*,#1798,.F.);
#2345=ORIENTED_EDGE('',*,*,#1799,.F.);
#2346=ORIENTED_EDGE('',*,*,#1800,.F.);
#2347=ORIENTED_EDGE('',*,*,#1796,.F.);
#2348=ORIENTED_EDGE('',*,*,#1801,.F.);
#2349=ORIENTED_EDGE('',*,*,#1802,.F.);
#2350=ORIENTED_EDGE('',*,*,#1803,.F.);
#2351=ORIENTED_EDGE('',*,*,#1804,.T.);
#2352=ORIENTED_EDGE('',*,*,#1805,.F.);
#2353=ORIENTED_EDGE('',*,*,#1806,.F.);
#2354=ORIENTED_EDGE('',*,*,#1807,.T.);
#2355=ORIENTED_EDGE('',*,*,#1808,.F.);
#2356=ORIENTED_EDGE('',*,*,#1804,.F.);
#2357=ORIENTED_EDGE('',*,*,#1809,.F.);
#2358=ORIENTED_EDGE('',*,*,#1798,.T.);
#2359=ORIENTED_EDGE('',*,*,#1810,.F.);
#2360=ORIENTED_EDGE('',*,*,#1807,.F.);
#2361=ORIENTED_EDGE('',*,*,#1811,.T.);
#2362=ORIENTED_EDGE('',*,*,#1812,.T.);
#2363=ORIENTED_EDGE('',*,*,#1813,.T.);
#2364=ORIENTED_EDGE('',*,*,#1814,.T.);
#2365=ORIENTED_EDGE('',*,*,#1815,.T.);
#2366=ORIENTED_EDGE('',*,*,#1816,.T.);
#2367=ORIENTED_EDGE('',*,*,#1817,.T.);
#2368=ORIENTED_EDGE('',*,*,#1818,.T.);
#2369=ORIENTED_EDGE('',*,*,#1819,.T.);
#2370=ORIENTED_EDGE('',*,*,#1820,.T.);
#2371=ORIENTED_EDGE('',*,*,#1821,.T.);
#2372=ORIENTED_EDGE('',*,*,#1822,.T.);
#2373=ORIENTED_EDGE('',*,*,#1823,.T.);
#2374=ORIENTED_EDGE('',*,*,#1824,.T.);
#2375=ORIENTED_EDGE('',*,*,#1825,.T.);
#2376=ORIENTED_EDGE('',*,*,#1826,.T.);
#2377=ORIENTED_EDGE('',*,*,#1827,.T.);
#2378=ORIENTED_EDGE('',*,*,#1828,.T.);
#2379=ORIENTED_EDGE('',*,*,#1829,.T.);
#2380=ORIENTED_EDGE('',*,*,#1830,.T.);
#2381=ORIENTED_EDGE('',*,*,#1831,.T.);
#2382=ORIENTED_EDGE('',*,*,#1832,.T.);
#2383=ORIENTED_EDGE('',*,*,#1833,.T.);
#2384=ORIENTED_EDGE('',*,*,#1834,.T.);
#2385=ORIENTED_EDGE('',*,*,#1835,.T.);
#2386=ORIENTED_EDGE('',*,*,#1836,.T.);
#2387=ORIENTED_EDGE('',*,*,#1837,.T.);
#2388=ORIENTED_EDGE('',*,*,#1838,.T.);
#2389=ORIENTED_EDGE('',*,*,#1839,.T.);
#2390=ORIENTED_EDGE('',*,*,#1840,.T.);
#2391=ORIENTED_EDGE('',*,*,#1841,.T.);
#2392=ORIENTED_EDGE('',*,*,#1842,.T.);
#2393=ORIENTED_EDGE('',*,*,#1843,.T.);
#2394=ORIENTED_EDGE('',*,*,#1844,.T.);
#2395=ORIENTED_EDGE('',*,*,#1845,.T.);
#2396=ORIENTED_EDGE('',*,*,#1846,.T.);
#2397=ORIENTED_EDGE('',*,*,#1847,.T.);
#2398=ORIENTED_EDGE('',*,*,#1848,.T.);
#2399=ORIENTED_EDGE('',*,*,#1849,.T.);
#2400=ORIENTED_EDGE('',*,*,#1541,.T.);
#2401=ORIENTED_EDGE('',*,*,#1546,.T.);
#2402=ORIENTED_EDGE('',*,*,#1850,.T.);
#2403=ORIENTED_EDGE('',*,*,#1851,.T.);
#2404=ORIENTED_EDGE('',*,*,#1852,.T.);
#2405=ORIENTED_EDGE('',*,*,#1853,.T.);
#2406=ORIENTED_EDGE('',*,*,#1854,.T.);
#2407=ORIENTED_EDGE('',*,*,#1855,.T.);
#2408=ORIENTED_EDGE('',*,*,#1856,.T.);
#2409=ORIENTED_EDGE('',*,*,#1586,.T.);
#2410=ORIENTED_EDGE('',*,*,#1580,.T.);
#2411=ORIENTED_EDGE('',*,*,#1594,.T.);
#2412=ORIENTED_EDGE('',*,*,#1591,.T.);
#2413=ORIENTED_EDGE('',*,*,#1588,.T.);
#2414=ORIENTED_EDGE('',*,*,#1857,.T.);
#2415=ORIENTED_EDGE('',*,*,#1858,.T.);
#2416=ORIENTED_EDGE('',*,*,#1859,.T.);
#2417=ORIENTED_EDGE('',*,*,#1860,.T.);
#2418=ORIENTED_EDGE('',*,*,#1861,.T.);
#2419=ORIENTED_EDGE('',*,*,#1862,.T.);
#2420=ORIENTED_EDGE('',*,*,#1863,.T.);
#2421=ORIENTED_EDGE('',*,*,#1801,.T.);
#2422=ORIENTED_EDGE('',*,*,#1795,.T.);
#2423=ORIENTED_EDGE('',*,*,#1809,.T.);
#2424=ORIENTED_EDGE('',*,*,#1806,.T.);
#2425=ORIENTED_EDGE('',*,*,#1803,.T.);
#2426=ORIENTED_EDGE('',*,*,#1864,.T.);
#2427=ORIENTED_EDGE('',*,*,#1785,.T.);
#2428=ORIENTED_EDGE('',*,*,#1779,.T.);
#2429=ORIENTED_EDGE('',*,*,#1793,.T.);
#2430=ORIENTED_EDGE('',*,*,#1790,.T.);
#2431=ORIENTED_EDGE('',*,*,#1787,.T.);
#2432=ORIENTED_EDGE('',*,*,#1865,.T.);
#2433=ORIENTED_EDGE('',*,*,#1769,.T.);
#2434=ORIENTED_EDGE('',*,*,#1763,.T.);
#2435=ORIENTED_EDGE('',*,*,#1777,.T.);
#2436=ORIENTED_EDGE('',*,*,#1774,.T.);
#2437=ORIENTED_EDGE('',*,*,#1771,.T.);
#2438=ORIENTED_EDGE('',*,*,#1866,.T.);
#2439=ORIENTED_EDGE('',*,*,#1753,.T.);
#2440=ORIENTED_EDGE('',*,*,#1747,.T.);
#2441=ORIENTED_EDGE('',*,*,#1761,.T.);
#2442=ORIENTED_EDGE('',*,*,#1758,.T.);
#2443=ORIENTED_EDGE('',*,*,#1755,.T.);
#2444=ORIENTED_EDGE('',*,*,#1867,.T.);
#2445=ORIENTED_EDGE('',*,*,#1738,.T.);
#2446=ORIENTED_EDGE('',*,*,#1732,.T.);
#2447=ORIENTED_EDGE('',*,*,#1745,.T.);
#2448=ORIENTED_EDGE('',*,*,#1742,.T.);
#2449=ORIENTED_EDGE('',*,*,#1739,.T.);
#2450=ORIENTED_EDGE('',*,*,#1564,.T.);
#2451=ORIENTED_EDGE('',*,*,#1569,.T.);
#2452=ORIENTED_EDGE('',*,*,#1573,.T.);
#2453=ORIENTED_EDGE('',*,*,#1575,.T.);
#2454=ORIENTED_EDGE('',*,*,#1577,.T.);
#2455=ORIENTED_EDGE('',*,*,#1579,.T.);
#2456=ORIENTED_EDGE('',*,*,#1868,.T.);
#2457=ORIENTED_EDGE('',*,*,#1714,.T.);
#2458=ORIENTED_EDGE('',*,*,#1708,.T.);
#2459=ORIENTED_EDGE('',*,*,#1722,.T.);
#2460=ORIENTED_EDGE('',*,*,#1719,.T.);
#2461=ORIENTED_EDGE('',*,*,#1716,.T.);
#2462=ORIENTED_EDGE('',*,*,#1869,.T.);
#2463=ORIENTED_EDGE('',*,*,#1698,.T.);
#2464=ORIENTED_EDGE('',*,*,#1692,.T.);
#2465=ORIENTED_EDGE('',*,*,#1706,.T.);
#2466=ORIENTED_EDGE('',*,*,#1703,.T.);
#2467=ORIENTED_EDGE('',*,*,#1700,.T.);
#2468=ORIENTED_EDGE('',*,*,#1870,.T.);
#2469=ORIENTED_EDGE('',*,*,#1682,.T.);
#2470=ORIENTED_EDGE('',*,*,#1676,.T.);
#2471=ORIENTED_EDGE('',*,*,#1690,.T.);
#2472=ORIENTED_EDGE('',*,*,#1687,.T.);
#2473=ORIENTED_EDGE('',*,*,#1684,.T.);
#2474=ORIENTED_EDGE('',*,*,#1871,.T.);
#2475=ORIENTED_EDGE('',*,*,#1666,.T.);
#2476=ORIENTED_EDGE('',*,*,#1660,.T.);
#2477=ORIENTED_EDGE('',*,*,#1674,.T.);
#2478=ORIENTED_EDGE('',*,*,#1671,.T.);
#2479=ORIENTED_EDGE('',*,*,#1668,.T.);
#2480=ORIENTED_EDGE('',*,*,#1872,.T.);
#2481=ORIENTED_EDGE('',*,*,#1650,.T.);
#2482=ORIENTED_EDGE('',*,*,#1644,.T.);
#2483=ORIENTED_EDGE('',*,*,#1658,.T.);
#2484=ORIENTED_EDGE('',*,*,#1655,.T.);
#2485=ORIENTED_EDGE('',*,*,#1652,.T.);
#2486=ORIENTED_EDGE('',*,*,#1873,.T.);
#2487=ORIENTED_EDGE('',*,*,#1634,.T.);
#2488=ORIENTED_EDGE('',*,*,#1628,.T.);
#2489=ORIENTED_EDGE('',*,*,#1642,.T.);
#2490=ORIENTED_EDGE('',*,*,#1639,.T.);
#2491=ORIENTED_EDGE('',*,*,#1636,.T.);
#2492=ORIENTED_EDGE('',*,*,#1874,.T.);
#2493=ORIENTED_EDGE('',*,*,#1618,.T.);
#2494=ORIENTED_EDGE('',*,*,#1612,.T.);
#2495=ORIENTED_EDGE('',*,*,#1626,.T.);
#2496=ORIENTED_EDGE('',*,*,#1623,.T.);
#2497=ORIENTED_EDGE('',*,*,#1620,.T.);
#2498=ORIENTED_EDGE('',*,*,#1875,.T.);
#2499=ORIENTED_EDGE('',*,*,#1602,.T.);
#2500=ORIENTED_EDGE('',*,*,#1596,.T.);
#2501=ORIENTED_EDGE('',*,*,#1610,.T.);
#2502=ORIENTED_EDGE('',*,*,#1607,.T.);
#2503=ORIENTED_EDGE('',*,*,#1604,.T.);
#2504=ORIENTED_EDGE('',*,*,#1876,.T.);
#2505=ORIENTED_EDGE('',*,*,#1799,.T.);
#2506=ORIENTED_EDGE('',*,*,#1863,.F.);
#2507=ORIENTED_EDGE('',*,*,#1877,.T.);
#2508=ORIENTED_EDGE('',*,*,#1878,.F.);
#2509=ORIENTED_EDGE('',*,*,#1783,.T.);
#2510=ORIENTED_EDGE('',*,*,#1864,.F.);
#2511=ORIENTED_EDGE('',*,*,#1802,.T.);
#2512=ORIENTED_EDGE('',*,*,#1879,.F.);
#2513=ORIENTED_EDGE('',*,*,#1767,.T.);
#2514=ORIENTED_EDGE('',*,*,#1865,.F.);
#2515=ORIENTED_EDGE('',*,*,#1786,.T.);
#2516=ORIENTED_EDGE('',*,*,#1880,.F.);
#2517=ORIENTED_EDGE('',*,*,#1751,.T.);
#2518=ORIENTED_EDGE('',*,*,#1866,.F.);
#2519=ORIENTED_EDGE('',*,*,#1770,.T.);
#2520=ORIENTED_EDGE('',*,*,#1881,.F.);
#2521=ORIENTED_EDGE('',*,*,#1736,.T.);
#2522=ORIENTED_EDGE('',*,*,#1867,.F.);
#2523=ORIENTED_EDGE('',*,*,#1754,.T.);
#2524=ORIENTED_EDGE('',*,*,#1882,.F.);
#2525=ORIENTED_EDGE('',*,*,#1550,.T.);
#2526=ORIENTED_EDGE('',*,*,#1562,.T.);
#2527=ORIENTED_EDGE('',*,*,#1728,.T.);
#2528=ORIENTED_EDGE('',*,*,#1883,.F.);
#2529=ORIENTED_EDGE('',*,*,#1712,.T.);
#2530=ORIENTED_EDGE('',*,*,#1868,.F.);
#2531=ORIENTED_EDGE('',*,*,#1578,.T.);
#2532=ORIENTED_EDGE('',*,*,#1696,.T.);
#2533=ORIENTED_EDGE('',*,*,#1869,.F.);
#2534=ORIENTED_EDGE('',*,*,#1715,.T.);
#2535=ORIENTED_EDGE('',*,*,#1884,.F.);
#2536=ORIENTED_EDGE('',*,*,#1680,.T.);
#2537=ORIENTED_EDGE('',*,*,#1870,.F.);
#2538=ORIENTED_EDGE('',*,*,#1699,.T.);
#2539=ORIENTED_EDGE('',*,*,#1885,.F.);
#2540=ORIENTED_EDGE('',*,*,#1664,.T.);
#2541=ORIENTED_EDGE('',*,*,#1871,.F.);
#2542=ORIENTED_EDGE('',*,*,#1683,.T.);
#2543=ORIENTED_EDGE('',*,*,#1886,.F.);
#2544=ORIENTED_EDGE('',*,*,#1648,.T.);
#2545=ORIENTED_EDGE('',*,*,#1872,.F.);
#2546=ORIENTED_EDGE('',*,*,#1667,.T.);
#2547=ORIENTED_EDGE('',*,*,#1887,.F.);
#2548=ORIENTED_EDGE('',*,*,#1632,.T.);
#2549=ORIENTED_EDGE('',*,*,#1873,.F.);
#2550=ORIENTED_EDGE('',*,*,#1651,.T.);
#2551=ORIENTED_EDGE('',*,*,#1888,.F.);
#2552=ORIENTED_EDGE('',*,*,#1616,.T.);
#2553=ORIENTED_EDGE('',*,*,#1874,.F.);
#2554=ORIENTED_EDGE('',*,*,#1635,.T.);
#2555=ORIENTED_EDGE('',*,*,#1889,.F.);
#2556=ORIENTED_EDGE('',*,*,#1600,.T.);
#2557=ORIENTED_EDGE('',*,*,#1875,.F.);
#2558=ORIENTED_EDGE('',*,*,#1619,.T.);
#2559=ORIENTED_EDGE('',*,*,#1890,.F.);
#2560=ORIENTED_EDGE('',*,*,#1587,.T.);
#2561=ORIENTED_EDGE('',*,*,#1891,.F.);
#2562=ORIENTED_EDGE('',*,*,#1892,.T.);
#2563=ORIENTED_EDGE('',*,*,#1857,.F.);
#2564=ORIENTED_EDGE('',*,*,#1892,.F.);
#2565=ORIENTED_EDGE('',*,*,#1893,.F.);
#2566=ORIENTED_EDGE('',*,*,#1894,.F.);
#2567=ORIENTED_EDGE('',*,*,#1858,.F.);
#2568=ORIENTED_EDGE('',*,*,#1859,.F.);
#2569=ORIENTED_EDGE('',*,*,#1894,.T.);
#2570=ORIENTED_EDGE('',*,*,#1895,.F.);
#2571=ORIENTED_EDGE('',*,*,#1896,.F.);
#2572=ORIENTED_EDGE('',*,*,#1877,.F.);
#2573=ORIENTED_EDGE('',*,*,#1862,.F.);
#2574=ORIENTED_EDGE('',*,*,#1897,.T.);
#2575=ORIENTED_EDGE('',*,*,#1898,.F.);
#2576=ORIENTED_EDGE('',*,*,#1861,.F.);
#2577=ORIENTED_EDGE('',*,*,#1899,.T.);
#2578=ORIENTED_EDGE('',*,*,#1900,.F.);
#2579=ORIENTED_EDGE('',*,*,#1897,.F.);
#2580=ORIENTED_EDGE('',*,*,#1860,.F.);
#2581=ORIENTED_EDGE('',*,*,#1896,.T.);
#2582=ORIENTED_EDGE('',*,*,#1901,.F.);
#2583=ORIENTED_EDGE('',*,*,#1899,.F.);
#2584=ORIENTED_EDGE('',*,*,#1584,.T.);
#2585=ORIENTED_EDGE('',*,*,#1876,.F.);
#2586=ORIENTED_EDGE('',*,*,#1603,.T.);
#2587=ORIENTED_EDGE('',*,*,#1902,.F.);
#2588=ORIENTED_EDGE('',*,*,#1811,.F.);
#2589=ORIENTED_EDGE('',*,*,#1903,.F.);
#2590=ORIENTED_EDGE('',*,*,#1904,.F.);
#2591=ORIENTED_EDGE('',*,*,#1905,.F.);
#2592=ORIENTED_EDGE('',*,*,#1813,.F.);
#2593=ORIENTED_EDGE('',*,*,#1906,.F.);
#2594=ORIENTED_EDGE('',*,*,#1907,.F.);
#2595=ORIENTED_EDGE('',*,*,#1908,.F.);
#2596=ORIENTED_EDGE('',*,*,#1815,.F.);
#2597=ORIENTED_EDGE('',*,*,#1909,.F.);
#2598=ORIENTED_EDGE('',*,*,#1910,.F.);
#2599=ORIENTED_EDGE('',*,*,#1911,.F.);
#2600=ORIENTED_EDGE('',*,*,#1817,.F.);
#2601=ORIENTED_EDGE('',*,*,#1912,.F.);
#2602=ORIENTED_EDGE('',*,*,#1913,.F.);
#2603=ORIENTED_EDGE('',*,*,#1914,.F.);
#2604=ORIENTED_EDGE('',*,*,#1819,.F.);
#2605=ORIENTED_EDGE('',*,*,#1915,.F.);
#2606=ORIENTED_EDGE('',*,*,#1916,.F.);
#2607=ORIENTED_EDGE('',*,*,#1917,.F.);
#2608=ORIENTED_EDGE('',*,*,#1821,.F.);
#2609=ORIENTED_EDGE('',*,*,#1918,.F.);
#2610=ORIENTED_EDGE('',*,*,#1919,.F.);
#2611=ORIENTED_EDGE('',*,*,#1920,.F.);
#2612=ORIENTED_EDGE('',*,*,#1823,.F.);
#2613=ORIENTED_EDGE('',*,*,#1921,.F.);
#2614=ORIENTED_EDGE('',*,*,#1922,.F.);
#2615=ORIENTED_EDGE('',*,*,#1923,.F.);
#2616=ORIENTED_EDGE('',*,*,#1825,.F.);
#2617=ORIENTED_EDGE('',*,*,#1924,.F.);
#2618=ORIENTED_EDGE('',*,*,#1925,.F.);
#2619=ORIENTED_EDGE('',*,*,#1926,.F.);
#2620=ORIENTED_EDGE('',*,*,#1827,.F.);
#2621=ORIENTED_EDGE('',*,*,#1927,.F.);
#2622=ORIENTED_EDGE('',*,*,#1928,.F.);
#2623=ORIENTED_EDGE('',*,*,#1929,.F.);
#2624=ORIENTED_EDGE('',*,*,#1829,.F.);
#2625=ORIENTED_EDGE('',*,*,#1930,.F.);
#2626=ORIENTED_EDGE('',*,*,#1931,.F.);
#2627=ORIENTED_EDGE('',*,*,#1932,.F.);
#2628=ORIENTED_EDGE('',*,*,#1831,.F.);
#2629=ORIENTED_EDGE('',*,*,#1933,.F.);
#2630=ORIENTED_EDGE('',*,*,#1934,.F.);
#2631=ORIENTED_EDGE('',*,*,#1935,.F.);
#2632=ORIENTED_EDGE('',*,*,#1833,.F.);
#2633=ORIENTED_EDGE('',*,*,#1936,.F.);
#2634=ORIENTED_EDGE('',*,*,#1937,.F.);
#2635=ORIENTED_EDGE('',*,*,#1938,.F.);
#2636=ORIENTED_EDGE('',*,*,#1835,.F.);
#2637=ORIENTED_EDGE('',*,*,#1939,.F.);
#2638=ORIENTED_EDGE('',*,*,#1940,.F.);
#2639=ORIENTED_EDGE('',*,*,#1941,.F.);
#2640=ORIENTED_EDGE('',*,*,#1837,.F.);
#2641=ORIENTED_EDGE('',*,*,#1942,.F.);
#2642=ORIENTED_EDGE('',*,*,#1943,.F.);
#2643=ORIENTED_EDGE('',*,*,#1944,.F.);
#2644=ORIENTED_EDGE('',*,*,#1839,.F.);
#2645=ORIENTED_EDGE('',*,*,#1945,.F.);
#2646=ORIENTED_EDGE('',*,*,#1946,.F.);
#2647=ORIENTED_EDGE('',*,*,#1947,.F.);
#2648=ORIENTED_EDGE('',*,*,#1841,.F.);
#2649=ORIENTED_EDGE('',*,*,#1948,.F.);
#2650=ORIENTED_EDGE('',*,*,#1949,.F.);
#2651=ORIENTED_EDGE('',*,*,#1950,.F.);
#2652=ORIENTED_EDGE('',*,*,#1843,.F.);
#2653=ORIENTED_EDGE('',*,*,#1951,.F.);
#2654=ORIENTED_EDGE('',*,*,#1952,.F.);
#2655=ORIENTED_EDGE('',*,*,#1953,.F.);
#2656=ORIENTED_EDGE('',*,*,#1845,.F.);
#2657=ORIENTED_EDGE('',*,*,#1954,.F.);
#2658=ORIENTED_EDGE('',*,*,#1955,.F.);
#2659=ORIENTED_EDGE('',*,*,#1956,.F.);
#2660=ORIENTED_EDGE('',*,*,#1847,.F.);
#2661=ORIENTED_EDGE('',*,*,#1957,.F.);
#2662=ORIENTED_EDGE('',*,*,#1958,.F.);
#2663=ORIENTED_EDGE('',*,*,#1959,.F.);
#2664=ORIENTED_EDGE('',*,*,#1849,.F.);
#2665=ORIENTED_EDGE('',*,*,#1960,.F.);
#2666=ORIENTED_EDGE('',*,*,#1961,.F.);
#2667=ORIENTED_EDGE('',*,*,#1542,.F.);
#2668=ORIENTED_EDGE('',*,*,#1851,.F.);
#2669=ORIENTED_EDGE('',*,*,#1962,.F.);
#2670=ORIENTED_EDGE('',*,*,#1963,.F.);
#2671=ORIENTED_EDGE('',*,*,#1964,.F.);
#2672=ORIENTED_EDGE('',*,*,#1853,.F.);
#2673=ORIENTED_EDGE('',*,*,#1965,.F.);
#2674=ORIENTED_EDGE('',*,*,#1966,.F.);
#2675=ORIENTED_EDGE('',*,*,#1967,.F.);
#2676=ORIENTED_EDGE('',*,*,#1904,.T.);
#2677=ORIENTED_EDGE('',*,*,#1968,.T.);
#2678=ORIENTED_EDGE('',*,*,#1969,.T.);
#2679=ORIENTED_EDGE('',*,*,#1970,.T.);
#2680=ORIENTED_EDGE('',*,*,#1966,.T.);
#2681=ORIENTED_EDGE('',*,*,#1971,.T.);
#2682=ORIENTED_EDGE('',*,*,#1963,.T.);
#2683=ORIENTED_EDGE('',*,*,#1972,.T.);
#2684=ORIENTED_EDGE('',*,*,#1547,.T.);
#2685=ORIENTED_EDGE('',*,*,#1543,.T.);
#2686=ORIENTED_EDGE('',*,*,#1961,.T.);
#2687=ORIENTED_EDGE('',*,*,#1973,.T.);
#2688=ORIENTED_EDGE('',*,*,#1958,.T.);
#2689=ORIENTED_EDGE('',*,*,#1974,.T.);
#2690=ORIENTED_EDGE('',*,*,#1955,.T.);
#2691=ORIENTED_EDGE('',*,*,#1975,.T.);
#2692=ORIENTED_EDGE('',*,*,#1952,.T.);
#2693=ORIENTED_EDGE('',*,*,#1976,.T.);
#2694=ORIENTED_EDGE('',*,*,#1949,.T.);
#2695=ORIENTED_EDGE('',*,*,#1977,.T.);
#2696=ORIENTED_EDGE('',*,*,#1946,.T.);
#2697=ORIENTED_EDGE('',*,*,#1978,.T.);
#2698=ORIENTED_EDGE('',*,*,#1943,.T.);
#2699=ORIENTED_EDGE('',*,*,#1979,.T.);
#2700=ORIENTED_EDGE('',*,*,#1940,.T.);
#2701=ORIENTED_EDGE('',*,*,#1980,.T.);
#2702=ORIENTED_EDGE('',*,*,#1937,.T.);
#2703=ORIENTED_EDGE('',*,*,#1981,.T.);
#2704=ORIENTED_EDGE('',*,*,#1934,.T.);
#2705=ORIENTED_EDGE('',*,*,#1982,.T.);
#2706=ORIENTED_EDGE('',*,*,#1931,.T.);
#2707=ORIENTED_EDGE('',*,*,#1983,.T.);
#2708=ORIENTED_EDGE('',*,*,#1928,.T.);
#2709=ORIENTED_EDGE('',*,*,#1984,.T.);
#2710=ORIENTED_EDGE('',*,*,#1925,.T.);
#2711=ORIENTED_EDGE('',*,*,#1985,.T.);
#2712=ORIENTED_EDGE('',*,*,#1922,.T.);
#2713=ORIENTED_EDGE('',*,*,#1986,.T.);
#2714=ORIENTED_EDGE('',*,*,#1919,.T.);
#2715=ORIENTED_EDGE('',*,*,#1987,.T.);
#2716=ORIENTED_EDGE('',*,*,#1916,.T.);
#2717=ORIENTED_EDGE('',*,*,#1988,.T.);
#2718=ORIENTED_EDGE('',*,*,#1913,.T.);
#2719=ORIENTED_EDGE('',*,*,#1989,.T.);
#2720=ORIENTED_EDGE('',*,*,#1910,.T.);
#2721=ORIENTED_EDGE('',*,*,#1990,.T.);
#2722=ORIENTED_EDGE('',*,*,#1907,.T.);
#2723=ORIENTED_EDGE('',*,*,#1991,.T.);
#2724=ORIENTED_EDGE('',*,*,#1585,.T.);
#2725=ORIENTED_EDGE('',*,*,#1902,.T.);
#2726=ORIENTED_EDGE('',*,*,#1606,.T.);
#2727=ORIENTED_EDGE('',*,*,#1609,.T.);
#2728=ORIENTED_EDGE('',*,*,#1611,.T.);
#2729=ORIENTED_EDGE('',*,*,#1598,.T.);
#2730=ORIENTED_EDGE('',*,*,#1601,.T.);
#2731=ORIENTED_EDGE('',*,*,#1890,.T.);
#2732=ORIENTED_EDGE('',*,*,#1622,.T.);
#2733=ORIENTED_EDGE('',*,*,#1625,.T.);
#2734=ORIENTED_EDGE('',*,*,#1627,.T.);
#2735=ORIENTED_EDGE('',*,*,#1614,.T.);
#2736=ORIENTED_EDGE('',*,*,#1617,.T.);
#2737=ORIENTED_EDGE('',*,*,#1889,.T.);
#2738=ORIENTED_EDGE('',*,*,#1638,.T.);
#2739=ORIENTED_EDGE('',*,*,#1641,.T.);
#2740=ORIENTED_EDGE('',*,*,#1643,.T.);
#2741=ORIENTED_EDGE('',*,*,#1630,.T.);
#2742=ORIENTED_EDGE('',*,*,#1633,.T.);
#2743=ORIENTED_EDGE('',*,*,#1888,.T.);
#2744=ORIENTED_EDGE('',*,*,#1654,.T.);
#2745=ORIENTED_EDGE('',*,*,#1657,.T.);
#2746=ORIENTED_EDGE('',*,*,#1659,.T.);
#2747=ORIENTED_EDGE('',*,*,#1646,.T.);
#2748=ORIENTED_EDGE('',*,*,#1649,.T.);
#2749=ORIENTED_EDGE('',*,*,#1887,.T.);
#2750=ORIENTED_EDGE('',*,*,#1670,.T.);
#2751=ORIENTED_EDGE('',*,*,#1673,.T.);
#2752=ORIENTED_EDGE('',*,*,#1675,.T.);
#2753=ORIENTED_EDGE('',*,*,#1662,.T.);
#2754=ORIENTED_EDGE('',*,*,#1665,.T.);
#2755=ORIENTED_EDGE('',*,*,#1886,.T.);
#2756=ORIENTED_EDGE('',*,*,#1686,.T.);
#2757=ORIENTED_EDGE('',*,*,#1689,.T.);
#2758=ORIENTED_EDGE('',*,*,#1691,.T.);
#2759=ORIENTED_EDGE('',*,*,#1678,.T.);
#2760=ORIENTED_EDGE('',*,*,#1681,.T.);
#2761=ORIENTED_EDGE('',*,*,#1885,.T.);
#2762=ORIENTED_EDGE('',*,*,#1702,.T.);
#2763=ORIENTED_EDGE('',*,*,#1705,.T.);
#2764=ORIENTED_EDGE('',*,*,#1707,.T.);
#2765=ORIENTED_EDGE('',*,*,#1694,.T.);
#2766=ORIENTED_EDGE('',*,*,#1697,.T.);
#2767=ORIENTED_EDGE('',*,*,#1884,.T.);
#2768=ORIENTED_EDGE('',*,*,#1718,.T.);
#2769=ORIENTED_EDGE('',*,*,#1721,.T.);
#2770=ORIENTED_EDGE('',*,*,#1723,.T.);
#2771=ORIENTED_EDGE('',*,*,#1710,.T.);
#2772=ORIENTED_EDGE('',*,*,#1713,.T.);
#2773=ORIENTED_EDGE('',*,*,#1883,.T.);
#2774=ORIENTED_EDGE('',*,*,#1727,.T.);
#2775=ORIENTED_EDGE('',*,*,#1730,.T.);
#2776=ORIENTED_EDGE('',*,*,#1731,.T.);
#2777=ORIENTED_EDGE('',*,*,#1724,.T.);
#2778=ORIENTED_EDGE('',*,*,#1570,.T.);
#2779=ORIENTED_EDGE('',*,*,#1566,.T.);
#2780=ORIENTED_EDGE('',*,*,#1741,.T.);
#2781=ORIENTED_EDGE('',*,*,#1744,.T.);
#2782=ORIENTED_EDGE('',*,*,#1746,.T.);
#2783=ORIENTED_EDGE('',*,*,#1734,.T.);
#2784=ORIENTED_EDGE('',*,*,#1737,.T.);
#2785=ORIENTED_EDGE('',*,*,#1882,.T.);
#2786=ORIENTED_EDGE('',*,*,#1757,.T.);
#2787=ORIENTED_EDGE('',*,*,#1760,.T.);
#2788=ORIENTED_EDGE('',*,*,#1762,.T.);
#2789=ORIENTED_EDGE('',*,*,#1749,.T.);
#2790=ORIENTED_EDGE('',*,*,#1752,.T.);
#2791=ORIENTED_EDGE('',*,*,#1881,.T.);
#2792=ORIENTED_EDGE('',*,*,#1773,.T.);
#2793=ORIENTED_EDGE('',*,*,#1776,.T.);
#2794=ORIENTED_EDGE('',*,*,#1778,.T.);
#2795=ORIENTED_EDGE('',*,*,#1765,.T.);
#2796=ORIENTED_EDGE('',*,*,#1768,.T.);
#2797=ORIENTED_EDGE('',*,*,#1880,.T.);
#2798=ORIENTED_EDGE('',*,*,#1789,.T.);
#2799=ORIENTED_EDGE('',*,*,#1792,.T.);
#2800=ORIENTED_EDGE('',*,*,#1794,.T.);
#2801=ORIENTED_EDGE('',*,*,#1781,.T.);
#2802=ORIENTED_EDGE('',*,*,#1784,.T.);
#2803=ORIENTED_EDGE('',*,*,#1879,.T.);
#2804=ORIENTED_EDGE('',*,*,#1805,.T.);
#2805=ORIENTED_EDGE('',*,*,#1808,.T.);
#2806=ORIENTED_EDGE('',*,*,#1810,.T.);
#2807=ORIENTED_EDGE('',*,*,#1797,.T.);
#2808=ORIENTED_EDGE('',*,*,#1800,.T.);
#2809=ORIENTED_EDGE('',*,*,#1878,.T.);
#2810=ORIENTED_EDGE('',*,*,#1898,.T.);
#2811=ORIENTED_EDGE('',*,*,#1900,.T.);
#2812=ORIENTED_EDGE('',*,*,#1901,.T.);
#2813=ORIENTED_EDGE('',*,*,#1895,.T.);
#2814=ORIENTED_EDGE('',*,*,#1893,.T.);
#2815=ORIENTED_EDGE('',*,*,#1891,.T.);
#2816=ORIENTED_EDGE('',*,*,#1590,.T.);
#2817=ORIENTED_EDGE('',*,*,#1593,.T.);
#2818=ORIENTED_EDGE('',*,*,#1595,.T.);
#2819=ORIENTED_EDGE('',*,*,#1582,.T.);
#2820=ORIENTED_EDGE('',*,*,#1967,.T.);
#2821=ORIENTED_EDGE('',*,*,#1970,.F.);
#2822=ORIENTED_EDGE('',*,*,#1992,.T.);
#2823=ORIENTED_EDGE('',*,*,#1854,.F.);
#2824=ORIENTED_EDGE('',*,*,#1964,.T.);
#2825=ORIENTED_EDGE('',*,*,#1971,.F.);
#2826=ORIENTED_EDGE('',*,*,#1965,.T.);
#2827=ORIENTED_EDGE('',*,*,#1852,.F.);
#2828=ORIENTED_EDGE('',*,*,#1538,.T.);
#2829=ORIENTED_EDGE('',*,*,#1548,.T.);
#2830=ORIENTED_EDGE('',*,*,#1972,.F.);
#2831=ORIENTED_EDGE('',*,*,#1962,.T.);
#2832=ORIENTED_EDGE('',*,*,#1850,.F.);
#2833=ORIENTED_EDGE('',*,*,#1545,.T.);
#2834=ORIENTED_EDGE('',*,*,#1959,.T.);
#2835=ORIENTED_EDGE('',*,*,#1973,.F.);
#2836=ORIENTED_EDGE('',*,*,#1960,.T.);
#2837=ORIENTED_EDGE('',*,*,#1848,.F.);
#2838=ORIENTED_EDGE('',*,*,#1956,.T.);
#2839=ORIENTED_EDGE('',*,*,#1974,.F.);
#2840=ORIENTED_EDGE('',*,*,#1957,.T.);
#2841=ORIENTED_EDGE('',*,*,#1846,.F.);
#2842=ORIENTED_EDGE('',*,*,#1953,.T.);
#2843=ORIENTED_EDGE('',*,*,#1975,.F.);
#2844=ORIENTED_EDGE('',*,*,#1954,.T.);
#2845=ORIENTED_EDGE('',*,*,#1844,.F.);
#2846=ORIENTED_EDGE('',*,*,#1950,.T.);
#2847=ORIENTED_EDGE('',*,*,#1976,.F.);
#2848=ORIENTED_EDGE('',*,*,#1951,.T.);
#2849=ORIENTED_EDGE('',*,*,#1842,.F.);
#2850=ORIENTED_EDGE('',*,*,#1947,.T.);
#2851=ORIENTED_EDGE('',*,*,#1977,.F.);
#2852=ORIENTED_EDGE('',*,*,#1948,.T.);
#2853=ORIENTED_EDGE('',*,*,#1840,.F.);
#2854=ORIENTED_EDGE('',*,*,#1944,.T.);
#2855=ORIENTED_EDGE('',*,*,#1978,.F.);
#2856=ORIENTED_EDGE('',*,*,#1945,.T.);
#2857=ORIENTED_EDGE('',*,*,#1838,.F.);
#2858=ORIENTED_EDGE('',*,*,#1941,.T.);
#2859=ORIENTED_EDGE('',*,*,#1979,.F.);
#2860=ORIENTED_EDGE('',*,*,#1942,.T.);
#2861=ORIENTED_EDGE('',*,*,#1836,.F.);
#2862=ORIENTED_EDGE('',*,*,#1938,.T.);
#2863=ORIENTED_EDGE('',*,*,#1980,.F.);
#2864=ORIENTED_EDGE('',*,*,#1939,.T.);
#2865=ORIENTED_EDGE('',*,*,#1834,.F.);
#2866=ORIENTED_EDGE('',*,*,#1935,.T.);
#2867=ORIENTED_EDGE('',*,*,#1981,.F.);
#2868=ORIENTED_EDGE('',*,*,#1936,.T.);
#2869=ORIENTED_EDGE('',*,*,#1832,.F.);
#2870=ORIENTED_EDGE('',*,*,#1932,.T.);
#2871=ORIENTED_EDGE('',*,*,#1982,.F.);
#2872=ORIENTED_EDGE('',*,*,#1933,.T.);
#2873=ORIENTED_EDGE('',*,*,#1830,.F.);
#2874=ORIENTED_EDGE('',*,*,#1929,.T.);
#2875=ORIENTED_EDGE('',*,*,#1983,.F.);
#2876=ORIENTED_EDGE('',*,*,#1930,.T.);
#2877=ORIENTED_EDGE('',*,*,#1828,.F.);
#2878=ORIENTED_EDGE('',*,*,#1926,.T.);
#2879=ORIENTED_EDGE('',*,*,#1984,.F.);
#2880=ORIENTED_EDGE('',*,*,#1927,.T.);
#2881=ORIENTED_EDGE('',*,*,#1826,.F.);
#2882=ORIENTED_EDGE('',*,*,#1923,.T.);
#2883=ORIENTED_EDGE('',*,*,#1985,.F.);
#2884=ORIENTED_EDGE('',*,*,#1924,.T.);
#2885=ORIENTED_EDGE('',*,*,#1824,.F.);
#2886=ORIENTED_EDGE('',*,*,#1920,.T.);
#2887=ORIENTED_EDGE('',*,*,#1986,.F.);
#2888=ORIENTED_EDGE('',*,*,#1921,.T.);
#2889=ORIENTED_EDGE('',*,*,#1822,.F.);
#2890=ORIENTED_EDGE('',*,*,#1917,.T.);
#2891=ORIENTED_EDGE('',*,*,#1987,.F.);
#2892=ORIENTED_EDGE('',*,*,#1918,.T.);
#2893=ORIENTED_EDGE('',*,*,#1820,.F.);
#2894=ORIENTED_EDGE('',*,*,#1914,.T.);
#2895=ORIENTED_EDGE('',*,*,#1988,.F.);
#2896=ORIENTED_EDGE('',*,*,#1915,.T.);
#2897=ORIENTED_EDGE('',*,*,#1818,.F.);
#2898=ORIENTED_EDGE('',*,*,#1911,.T.);
#2899=ORIENTED_EDGE('',*,*,#1989,.F.);
#2900=ORIENTED_EDGE('',*,*,#1912,.T.);
#2901=ORIENTED_EDGE('',*,*,#1816,.F.);
#2902=ORIENTED_EDGE('',*,*,#1908,.T.);
#2903=ORIENTED_EDGE('',*,*,#1990,.F.);
#2904=ORIENTED_EDGE('',*,*,#1909,.T.);
#2905=ORIENTED_EDGE('',*,*,#1814,.F.);
#2906=ORIENTED_EDGE('',*,*,#1903,.T.);
#2907=ORIENTED_EDGE('',*,*,#1856,.F.);
#2908=ORIENTED_EDGE('',*,*,#1993,.T.);
#2909=ORIENTED_EDGE('',*,*,#1968,.F.);
#2910=ORIENTED_EDGE('',*,*,#1855,.F.);
#2911=ORIENTED_EDGE('',*,*,#1992,.F.);
#2912=ORIENTED_EDGE('',*,*,#1969,.F.);
#2913=ORIENTED_EDGE('',*,*,#1993,.F.);
#2914=ORIENTED_EDGE('',*,*,#1905,.T.);
#2915=ORIENTED_EDGE('',*,*,#1991,.F.);
#2916=ORIENTED_EDGE('',*,*,#1906,.T.);
#2917=ORIENTED_EDGE('',*,*,#1812,.F.);
#2918=CYLINDRICAL_SURFACE('',#3138,3.25);
#2919=CYLINDRICAL_SURFACE('',#3142,26.);
#2920=CYLINDRICAL_SURFACE('',#3145,1.6);
#2921=CYLINDRICAL_SURFACE('',#3152,12.5);
#2922=CYLINDRICAL_SURFACE('',#3274,12.5);
#2923=CYLINDRICAL_SURFACE('',#3276,12.5);
#2924=CYLINDRICAL_SURFACE('',#3278,12.5);
#2925=CYLINDRICAL_SURFACE('',#3280,12.5);
#2926=CYLINDRICAL_SURFACE('',#3282,12.5);
#2927=CYLINDRICAL_SURFACE('',#3284,12.5);
#2928=CYLINDRICAL_SURFACE('',#3286,12.5);
#2929=CYLINDRICAL_SURFACE('',#3288,12.5);
#2930=CYLINDRICAL_SURFACE('',#3290,12.5);
#2931=CYLINDRICAL_SURFACE('',#3292,12.5);
#2932=CYLINDRICAL_SURFACE('',#3294,12.5);
#2933=CYLINDRICAL_SURFACE('',#3296,12.5);
#2934=CYLINDRICAL_SURFACE('',#3298,12.5);
#2935=CYLINDRICAL_SURFACE('',#3300,12.5);
#2936=CYLINDRICAL_SURFACE('',#3307,12.5);
#2937=CYLINDRICAL_SURFACE('',#3333,26.);
#2938=CYLINDRICAL_SURFACE('',#3334,26.);
#2939=CYLINDRICAL_SURFACE('',#3335,26.);
#2940=CYLINDRICAL_SURFACE('',#3336,26.);
#2941=CYLINDRICAL_SURFACE('',#3337,26.);
#2942=CYLINDRICAL_SURFACE('',#3338,26.);
#2943=CYLINDRICAL_SURFACE('',#3339,26.);
#2944=CYLINDRICAL_SURFACE('',#3340,26.);
#2945=CYLINDRICAL_SURFACE('',#3341,26.);
#2946=CYLINDRICAL_SURFACE('',#3342,26.);
#2947=CYLINDRICAL_SURFACE('',#3343,26.);
#2948=CYLINDRICAL_SURFACE('',#3344,26.);
#2949=CYLINDRICAL_SURFACE('',#3345,26.);
#2950=CYLINDRICAL_SURFACE('',#3346,26.);
#2951=CYLINDRICAL_SURFACE('',#3347,26.);
#2952=CYLINDRICAL_SURFACE('',#3348,26.);
#2953=CYLINDRICAL_SURFACE('',#3349,26.);
#2954=CYLINDRICAL_SURFACE('',#3350,26.);
#2955=CYLINDRICAL_SURFACE('',#3351,26.);
#2956=CYLINDRICAL_SURFACE('',#3352,26.);
#2957=CYLINDRICAL_SURFACE('',#3353,26.);
#2958=CYLINDRICAL_SURFACE('',#3354,26.);
#2959=CYLINDRICAL_SURFACE('',#3355,26.);
#2960=ADVANCED_FACE('',(#135),#2918,.F.);
#2961=ADVANCED_FACE('',(#136,#44),#47,.F.);
#2962=ADVANCED_FACE('',(#137),#2919,.T.);
#2963=ADVANCED_FACE('',(#138),#19,.F.);
#2964=ADVANCED_FACE('',(#139),#20,.F.);
#2965=ADVANCED_FACE('',(#140),#2920,.F.);
#2966=ADVANCED_FACE('',(#141),#2921,.F.);
#2967=ADVANCED_FACE('',(#142),#48,.F.);
#2968=ADVANCED_FACE('',(#143),#49,.F.);
#2969=ADVANCED_FACE('',(#144),#50,.F.);
#2970=ADVANCED_FACE('',(#145),#51,.F.);
#2971=ADVANCED_FACE('',(#146),#52,.F.);
#2972=ADVANCED_FACE('',(#147),#53,.F.);
#2973=ADVANCED_FACE('',(#148),#54,.F.);
#2974=ADVANCED_FACE('',(#149),#55,.F.);
#2975=ADVANCED_FACE('',(#150),#56,.F.);
#2976=ADVANCED_FACE('',(#151),#57,.F.);
#2977=ADVANCED_FACE('',(#152),#58,.F.);
#2978=ADVANCED_FACE('',(#153),#59,.F.);
#2979=ADVANCED_FACE('',(#154),#60,.F.);
#2980=ADVANCED_FACE('',(#155),#61,.F.);
#2981=ADVANCED_FACE('',(#156),#62,.F.);
#2982=ADVANCED_FACE('',(#157),#63,.F.);
#2983=ADVANCED_FACE('',(#158),#64,.F.);
#2984=ADVANCED_FACE('',(#159),#65,.F.);
#2985=ADVANCED_FACE('',(#160),#66,.F.);
#2986=ADVANCED_FACE('',(#161),#67,.F.);
#2987=ADVANCED_FACE('',(#162),#68,.F.);
#2988=ADVANCED_FACE('',(#163),#69,.F.);
#2989=ADVANCED_FACE('',(#164),#70,.F.);
#2990=ADVANCED_FACE('',(#165),#71,.F.);
#2991=ADVANCED_FACE('',(#166),#72,.F.);
#2992=ADVANCED_FACE('',(#167),#73,.F.);
#2993=ADVANCED_FACE('',(#168),#74,.F.);
#2994=ADVANCED_FACE('',(#169),#75,.F.);
#2995=ADVANCED_FACE('',(#170),#76,.F.);
#2996=ADVANCED_FACE('',(#171),#77,.F.);
#2997=ADVANCED_FACE('',(#172),#78,.F.);
#2998=ADVANCED_FACE('',(#173),#79,.F.);
#2999=ADVANCED_FACE('',(#174),#80,.F.);
#3000=ADVANCED_FACE('',(#175),#81,.F.);
#3001=ADVANCED_FACE('',(#176),#82,.F.);
#3002=ADVANCED_FACE('',(#177),#83,.F.);
#3003=ADVANCED_FACE('',(#178),#84,.F.);
#3004=ADVANCED_FACE('',(#179),#85,.F.);
#3005=ADVANCED_FACE('',(#180),#86,.F.);
#3006=ADVANCED_FACE('',(#181),#87,.F.);
#3007=ADVANCED_FACE('',(#182),#88,.F.);
#3008=ADVANCED_FACE('',(#183),#89,.F.);
#3009=ADVANCED_FACE('',(#184),#90,.F.);
#3010=ADVANCED_FACE('',(#185),#91,.F.);
#3011=ADVANCED_FACE('',(#186),#92,.F.);
#3012=ADVANCED_FACE('',(#187),#93,.F.);
#3013=ADVANCED_FACE('',(#188),#94,.F.);
#3014=ADVANCED_FACE('',(#189),#95,.F.);
#3015=ADVANCED_FACE('',(#190),#96,.F.);
#3016=ADVANCED_FACE('',(#191),#97,.F.);
#3017=ADVANCED_FACE('',(#192),#98,.F.);
#3018=ADVANCED_FACE('',(#193),#99,.F.);
#3019=ADVANCED_FACE('',(#194),#100,.F.);
#3020=ADVANCED_FACE('',(#195),#101,.F.);
#3021=ADVANCED_FACE('',(#196),#102,.F.);
#3022=ADVANCED_FACE('',(#197),#103,.F.);
#3023=ADVANCED_FACE('',(#198),#104,.F.);
#3024=ADVANCED_FACE('',(#199),#105,.F.);
#3025=ADVANCED_FACE('',(#200),#106,.F.);
#3026=ADVANCED_FACE('',(#201),#107,.F.);
#3027=ADVANCED_FACE('',(#202),#108,.F.);
#3028=ADVANCED_FACE('',(#203),#109,.F.);
#3029=ADVANCED_FACE('',(#204),#110,.F.);
#3030=ADVANCED_FACE('',(#205),#111,.F.);
#3031=ADVANCED_FACE('',(#206),#112,.F.);
#3032=ADVANCED_FACE('',(#207),#113,.F.);
#3033=ADVANCED_FACE('',(#208),#114,.F.);
#3034=ADVANCED_FACE('',(#209),#115,.F.);
#3035=ADVANCED_FACE('',(#210),#116,.F.);
#3036=ADVANCED_FACE('',(#211),#117,.F.);
#3037=ADVANCED_FACE('',(#212),#118,.F.);
#3038=ADVANCED_FACE('',(#213),#119,.F.);
#3039=ADVANCED_FACE('',(#214),#120,.F.);
#3040=ADVANCED_FACE('',(#215),#121,.F.);
#3041=ADVANCED_FACE('',(#216),#122,.F.);
#3042=ADVANCED_FACE('',(#217),#123,.F.);
#3043=ADVANCED_FACE('',(#218),#124,.F.);
#3044=ADVANCED_FACE('',(#219),#125,.F.);
#3045=ADVANCED_FACE('',(#220),#126,.F.);
#3046=ADVANCED_FACE('',(#221),#127,.F.);
#3047=ADVANCED_FACE('',(#222,#45),#128,.T.);
#3048=ADVANCED_FACE('',(#223),#2922,.F.);
#3049=ADVANCED_FACE('',(#224),#2923,.F.);
#3050=ADVANCED_FACE('',(#225),#2924,.F.);
#3051=ADVANCED_FACE('',(#226),#2925,.F.);
#3052=ADVANCED_FACE('',(#227),#2926,.F.);
#3053=ADVANCED_FACE('',(#228),#2927,.F.);
#3054=ADVANCED_FACE('',(#229),#2928,.F.);
#3055=ADVANCED_FACE('',(#230),#2929,.F.);
#3056=ADVANCED_FACE('',(#231),#2930,.F.);
#3057=ADVANCED_FACE('',(#232),#2931,.F.);
#3058=ADVANCED_FACE('',(#233),#2932,.F.);
#3059=ADVANCED_FACE('',(#234),#2933,.F.);
#3060=ADVANCED_FACE('',(#235),#2934,.F.);
#3061=ADVANCED_FACE('',(#236),#2935,.F.);
#3062=ADVANCED_FACE('',(#237),#129,.F.);
#3063=ADVANCED_FACE('',(#238),#130,.F.);
#3064=ADVANCED_FACE('',(#239),#131,.F.);
#3065=ADVANCED_FACE('',(#240),#132,.F.);
#3066=ADVANCED_FACE('',(#241),#133,.F.);
#3067=ADVANCED_FACE('',(#242),#2936,.F.);
#3068=ADVANCED_FACE('',(#243),#21,.F.);
#3069=ADVANCED_FACE('',(#244),#22,.F.);
#3070=ADVANCED_FACE('',(#245),#23,.F.);
#3071=ADVANCED_FACE('',(#246),#24,.F.);
#3072=ADVANCED_FACE('',(#247),#25,.F.);
#3073=ADVANCED_FACE('',(#248),#26,.F.);
#3074=ADVANCED_FACE('',(#249),#27,.F.);
#3075=ADVANCED_FACE('',(#250),#28,.F.);
#3076=ADVANCED_FACE('',(#251),#29,.F.);
#3077=ADVANCED_FACE('',(#252),#30,.F.);
#3078=ADVANCED_FACE('',(#253),#31,.F.);
#3079=ADVANCED_FACE('',(#254),#32,.F.);
#3080=ADVANCED_FACE('',(#255),#33,.F.);
#3081=ADVANCED_FACE('',(#256),#34,.F.);
#3082=ADVANCED_FACE('',(#257),#35,.F.);
#3083=ADVANCED_FACE('',(#258),#36,.F.);
#3084=ADVANCED_FACE('',(#259),#37,.F.);
#3085=ADVANCED_FACE('',(#260),#38,.F.);
#3086=ADVANCED_FACE('',(#261),#39,.F.);
#3087=ADVANCED_FACE('',(#262),#40,.F.);
#3088=ADVANCED_FACE('',(#263),#41,.F.);
#3089=ADVANCED_FACE('',(#264),#42,.F.);
#3090=ADVANCED_FACE('',(#265,#46),#134,.F.);
#3091=ADVANCED_FACE('',(#266),#2937,.T.);
#3092=ADVANCED_FACE('',(#267),#2938,.T.);
#3093=ADVANCED_FACE('',(#268),#2939,.T.);
#3094=ADVANCED_FACE('',(#269),#2940,.T.);
#3095=ADVANCED_FACE('',(#270),#2941,.T.);
#3096=ADVANCED_FACE('',(#271),#2942,.T.);
#3097=ADVANCED_FACE('',(#272),#2943,.T.);
#3098=ADVANCED_FACE('',(#273),#2944,.T.);
#3099=ADVANCED_FACE('',(#274),#2945,.T.);
#3100=ADVANCED_FACE('',(#275),#2946,.T.);
#3101=ADVANCED_FACE('',(#276),#2947,.T.);
#3102=ADVANCED_FACE('',(#277),#2948,.T.);
#3103=ADVANCED_FACE('',(#278),#2949,.T.);
#3104=ADVANCED_FACE('',(#279),#2950,.T.);
#3105=ADVANCED_FACE('',(#280),#2951,.T.);
#3106=ADVANCED_FACE('',(#281),#2952,.T.);
#3107=ADVANCED_FACE('',(#282),#2953,.T.);
#3108=ADVANCED_FACE('',(#283),#2954,.T.);
#3109=ADVANCED_FACE('',(#284),#2955,.T.);
#3110=ADVANCED_FACE('',(#285),#2956,.T.);
#3111=ADVANCED_FACE('',(#286),#2957,.T.);
#3112=ADVANCED_FACE('',(#287),#2958,.T.);
#3113=ADVANCED_FACE('',(#288),#43,.F.);
#3114=ADVANCED_FACE('',(#289),#2959,.T.);
#3115=CLOSED_SHELL('',(#2960,#2961,#2962,#2963,#2964,#2965,#2966,#2967,
#2968,#2969,#2970,#2971,#2972,#2973,#2974,#2975,#2976,#2977,#2978,#2979,
#2980,#2981,#2982,#2983,#2984,#2985,#2986,#2987,#2988,#2989,#2990,#2991,
#2992,#2993,#2994,#2995,#2996,#2997,#2998,#2999,#3000,#3001,#3002,#3003,
#3004,#3005,#3006,#3007,#3008,#3009,#3010,#3011,#3012,#3013,#3014,#3015,
#3016,#3017,#3018,#3019,#3020,#3021,#3022,#3023,#3024,#3025,#3026,#3027,
#3028,#3029,#3030,#3031,#3032,#3033,#3034,#3035,#3036,#3037,#3038,#3039,
#3040,#3041,#3042,#3043,#3044,#3045,#3046,#3047,#3048,#3049,#3050,#3051,
#3052,#3053,#3054,#3055,#3056,#3057,#3058,#3059,#3060,#3061,#3062,#3063,
#3064,#3065,#3066,#3067,#3068,#3069,#3070,#3071,#3072,#3073,#3074,#3075,
#3076,#3077,#3078,#3079,#3080,#3081,#3082,#3083,#3084,#3085,#3086,#3087,
#3088,#3089,#3090,#3091,#3092,#3093,#3094,#3095,#3096,#3097,#3098,#3099,
#3100,#3101,#3102,#3103,#3104,#3105,#3106,#3107,#3108,#3109,#3110,#3111,
#3112,#3113,#3114));
#3116=DERIVED_UNIT_ELEMENT(#3119,1.);
#3117=DERIVED_UNIT_ELEMENT(#10258,-3.);
#3118=DIMENSIONAL_EXPONENTS(0.,1.,0.,0.,0.,0.,0.);
#3119=(
CONVERSION_BASED_UNIT('gram',#3121)
MASS_UNIT()
NAMED_UNIT(#3118)
);
#3120=(
MASS_UNIT()
NAMED_UNIT(*)
SI_UNIT(.KILO.,.GRAM.)
);
#3121=MASS_MEASURE_WITH_UNIT(MASS_MEASURE(0.001),#3120);
#3122=DERIVED_UNIT((#3116,#3117));
#3123=MEASURE_REPRESENTATION_ITEM('density measure',
POSITIVE_RATIO_MEASURE(1.),#3122);
#3124=PROPERTY_DEFINITION_REPRESENTATION(#3129,#3126);
#3125=PROPERTY_DEFINITION_REPRESENTATION(#3130,#3127);
#3126=REPRESENTATION('material name',(#3128),#10255);
#3127=REPRESENTATION('density',(#3123),#10255);
#3128=DESCRIPTIVE_REPRESENTATION_ITEM('\X2\04220438043F043E0432044B0435\X0\',
'\X2\04220438043F043E0432044B0435\X0\');
#3129=PROPERTY_DEFINITION('material property','material name',#10265);
#3130=PROPERTY_DEFINITION('material property','density of part',#10265);
#3131=DATE_TIME_ROLE('creation_date');
#3132=APPLIED_DATE_AND_TIME_ASSIGNMENT(#3133,#3131,(#10265));
#3133=DATE_AND_TIME(#3134,#3135);
#3134=CALENDAR_DATE(2025,12,12);
#3135=LOCAL_TIME(0,0,0.,#3136);
#3136=COORDINATED_UNIVERSAL_TIME_OFFSET(0,0,.BEHIND.);
#3137=AXIS2_PLACEMENT_3D('placement',#4112,#3356,#3357);
#3138=AXIS2_PLACEMENT_3D('',#4113,#3358,#3359);
#3139=AXIS2_PLACEMENT_3D('',#4157,#3361,#3362);
#3140=AXIS2_PLACEMENT_3D('',#4209,#3363,#3364);
#3141=AXIS2_PLACEMENT_3D('',#4211,#3365,#3366);
#3142=AXIS2_PLACEMENT_3D('',#4212,#3367,#3368);
#3143=AXIS2_PLACEMENT_3D('',#4216,#3370,#3371);
#3144=AXIS2_PLACEMENT_3D('',#4220,#3373,#3374);
#3145=AXIS2_PLACEMENT_3D('',#4544,#3378,#3379);
#3146=AXIS2_PLACEMENT_3D('',#4555,#3382,#3383);
#3147=AXIS2_PLACEMENT_3D('',#4557,#3384,#3385);
#3148=AXIS2_PLACEMENT_3D('',#4559,#3386,#3387);
#3149=AXIS2_PLACEMENT_3D('',#4573,#3390,#3391);
#3150=AXIS2_PLACEMENT_3D('',#4575,#3392,#3393);
#3151=AXIS2_PLACEMENT_3D('',#4577,#3394,#3395);
#3152=AXIS2_PLACEMENT_3D('',#4584,#3397,#3398);
#3153=AXIS2_PLACEMENT_3D('',#4588,#3400,#3401);
#3154=AXIS2_PLACEMENT_3D('',#4592,#3403,#3404);
#3155=AXIS2_PLACEMENT_3D('',#4594,#3406,#3407);
#3156=AXIS2_PLACEMENT_3D('',#4598,#3410,#3411);
#3157=AXIS2_PLACEMENT_3D('',#4602,#3414,#3415);
#3158=AXIS2_PLACEMENT_3D('',#4606,#3418,#3419);
#3159=AXIS2_PLACEMENT_3D('',#4610,#3422,#3423);
#3160=AXIS2_PLACEMENT_3D('',#4614,#3426,#3427);
#3161=AXIS2_PLACEMENT_3D('',#4618,#3430,#3431);
#3162=AXIS2_PLACEMENT_3D('',#4627,#3436,#3437);
#3163=AXIS2_PLACEMENT_3D('',#4633,#3441,#3442);
#3164=AXIS2_PLACEMENT_3D('',#4642,#3447,#3448);
#3165=AXIS2_PLACEMENT_3D('',#4648,#3452,#3453);
#3166=AXIS2_PLACEMENT_3D('',#4651,#3456,#3457);
#3167=AXIS2_PLACEMENT_3D('',#4660,#3462,#3463);
#3168=AXIS2_PLACEMENT_3D('',#4666,#3467,#3468);
#3169=AXIS2_PLACEMENT_3D('',#4675,#3473,#3474);
#3170=AXIS2_PLACEMENT_3D('',#4681,#3478,#3479);
#3171=AXIS2_PLACEMENT_3D('',#4684,#3482,#3483);
#3172=AXIS2_PLACEMENT_3D('',#4693,#3488,#3489);
#3173=AXIS2_PLACEMENT_3D('',#4699,#3493,#3494);
#3174=AXIS2_PLACEMENT_3D('',#4708,#3499,#3500);
#3175=AXIS2_PLACEMENT_3D('',#4714,#3504,#3505);
#3176=AXIS2_PLACEMENT_3D('',#4717,#3508,#3509);
#3177=AXIS2_PLACEMENT_3D('',#4726,#3514,#3515);
#3178=AXIS2_PLACEMENT_3D('',#4732,#3519,#3520);
#3179=AXIS2_PLACEMENT_3D('',#4741,#3525,#3526);
#3180=AXIS2_PLACEMENT_3D('',#4747,#3530,#3531);
#3181=AXIS2_PLACEMENT_3D('',#4750,#3534,#3535);
#3182=AXIS2_PLACEMENT_3D('',#4759,#3540,#3541);
#3183=AXIS2_PLACEMENT_3D('',#4765,#3545,#3546);
#3184=AXIS2_PLACEMENT_3D('',#4774,#3551,#3552);
#3185=AXIS2_PLACEMENT_3D('',#4780,#3556,#3557);
#3186=AXIS2_PLACEMENT_3D('',#4783,#3560,#3561);
#3187=AXIS2_PLACEMENT_3D('',#4792,#3566,#3567);
#3188=AXIS2_PLACEMENT_3D('',#4798,#3571,#3572);
#3189=AXIS2_PLACEMENT_3D('',#4807,#3577,#3578);
#3190=AXIS2_PLACEMENT_3D('',#4813,#3582,#3583);
#3191=AXIS2_PLACEMENT_3D('',#4816,#3586,#3587);
#3192=AXIS2_PLACEMENT_3D('',#4825,#3592,#3593);
#3193=AXIS2_PLACEMENT_3D('',#4831,#3597,#3598);
#3194=AXIS2_PLACEMENT_3D('',#4840,#3603,#3604);
#3195=AXIS2_PLACEMENT_3D('',#4846,#3608,#3609);
#3196=AXIS2_PLACEMENT_3D('',#4849,#3612,#3613);
#3197=AXIS2_PLACEMENT_3D('',#4858,#3618,#3619);
#3198=AXIS2_PLACEMENT_3D('',#4864,#3623,#3624);
#3199=AXIS2_PLACEMENT_3D('',#4873,#3629,#3630);
#3200=AXIS2_PLACEMENT_3D('',#4879,#3634,#3635);
#3201=AXIS2_PLACEMENT_3D('',#4882,#3638,#3639);
#3202=AXIS2_PLACEMENT_3D('',#4891,#3644,#3645);
#3203=AXIS2_PLACEMENT_3D('',#4897,#3649,#3650);
#3204=AXIS2_PLACEMENT_3D('',#4906,#3655,#3656);
#3205=AXIS2_PLACEMENT_3D('',#4912,#3660,#3661);
#3206=AXIS2_PLACEMENT_3D('',#4915,#3664,#3665);
#3207=AXIS2_PLACEMENT_3D('',#4919,#3668,#3669);
#3208=AXIS2_PLACEMENT_3D('',#4925,#3673,#3674);
#3209=AXIS2_PLACEMENT_3D('',#4929,#3677,#3678);
#3210=AXIS2_PLACEMENT_3D('',#4931,#3680,#3681);
#3211=AXIS2_PLACEMENT_3D('',#4940,#3686,#3687);
#3212=AXIS2_PLACEMENT_3D('',#4946,#3691,#3692);
#3213=AXIS2_PLACEMENT_3D('',#4952,#3696,#3697);
#3214=AXIS2_PLACEMENT_3D('',#4958,#3701,#3702);
#3215=AXIS2_PLACEMENT_3D('',#4961,#3705,#3706);
#3216=AXIS2_PLACEMENT_3D('',#4970,#3711,#3712);
#3217=AXIS2_PLACEMENT_3D('',#4976,#3716,#3717);
#3218=AXIS2_PLACEMENT_3D('',#4985,#3722,#3723);
#3219=AXIS2_PLACEMENT_3D('',#4991,#3727,#3728);
#3220=AXIS2_PLACEMENT_3D('',#4994,#3731,#3732);
#3221=AXIS2_PLACEMENT_3D('',#5003,#3737,#3738);
#3222=AXIS2_PLACEMENT_3D('',#5009,#3742,#3743);
#3223=AXIS2_PLACEMENT_3D('',#5018,#3748,#3749);
#3224=AXIS2_PLACEMENT_3D('',#5024,#3753,#3754);
#3225=AXIS2_PLACEMENT_3D('',#5027,#3757,#3758);
#3226=AXIS2_PLACEMENT_3D('',#5036,#3763,#3764);
#3227=AXIS2_PLACEMENT_3D('',#5042,#3768,#3769);
#3228=AXIS2_PLACEMENT_3D('',#5051,#3774,#3775);
#3229=AXIS2_PLACEMENT_3D('',#5057,#3779,#3780);
#3230=AXIS2_PLACEMENT_3D('',#5060,#3783,#3784);
#3231=AXIS2_PLACEMENT_3D('',#5069,#3789,#3790);
#3232=AXIS2_PLACEMENT_3D('',#5075,#3794,#3795);
#3233=AXIS2_PLACEMENT_3D('',#5084,#3800,#3801);
#3234=AXIS2_PLACEMENT_3D('',#5090,#3805,#3806);
#3235=AXIS2_PLACEMENT_3D('',#5093,#3809,#3810);
#3236=AXIS2_PLACEMENT_3D('',#5150,#3811,#3812);
#3237=AXIS2_PLACEMENT_3D('',#5206,#3813,#3814);
#3238=AXIS2_PLACEMENT_3D('',#5262,#3815,#3816);
#3239=AXIS2_PLACEMENT_3D('',#5318,#3817,#3818);
#3240=AXIS2_PLACEMENT_3D('',#5374,#3819,#3820);
#3241=AXIS2_PLACEMENT_3D('',#5430,#3821,#3822);
#3242=AXIS2_PLACEMENT_3D('',#5486,#3823,#3824);
#3243=AXIS2_PLACEMENT_3D('',#5542,#3825,#3826);
#3244=AXIS2_PLACEMENT_3D('',#5598,#3827,#3828);
#3245=AXIS2_PLACEMENT_3D('',#5654,#3829,#3830);
#3246=AXIS2_PLACEMENT_3D('',#5710,#3831,#3832);
#3247=AXIS2_PLACEMENT_3D('',#5766,#3833,#3834);
#3248=AXIS2_PLACEMENT_3D('',#5822,#3835,#3836);
#3249=AXIS2_PLACEMENT_3D('',#5878,#3837,#3838);
#3250=AXIS2_PLACEMENT_3D('',#5934,#3839,#3840);
#3251=AXIS2_PLACEMENT_3D('',#5990,#3841,#3842);
#3252=AXIS2_PLACEMENT_3D('',#6046,#3843,#3844);
#3253=AXIS2_PLACEMENT_3D('',#6102,#3845,#3846);
#3254=AXIS2_PLACEMENT_3D('',#6158,#3847,#3848);
#3255=AXIS2_PLACEMENT_3D('',#6213,#3849,#3850);
#3256=AXIS2_PLACEMENT_3D('',#6269,#3851,#3852);
#3257=AXIS2_PLACEMENT_3D('',#6325,#3853,#3854);
#3258=AXIS2_PLACEMENT_3D('',#6380,#3855,#3856);
#3259=AXIS2_PLACEMENT_3D('',#6382,#3857,#3858);
#3260=AXIS2_PLACEMENT_3D('',#6393,#3864,#3865);
#3261=AXIS2_PLACEMENT_3D('',#6394,#3866,#3867);
#3262=AXIS2_PLACEMENT_3D('',#6395,#3868,#3869);
#3263=AXIS2_PLACEMENT_3D('',#6396,#3870,#3871);
#3264=AXIS2_PLACEMENT_3D('',#6397,#3872,#3873);
#3265=AXIS2_PLACEMENT_3D('',#6398,#3874,#3875);
#3266=AXIS2_PLACEMENT_3D('',#6399,#3876,#3877);
#3267=AXIS2_PLACEMENT_3D('',#6400,#3878,#3879);
#3268=AXIS2_PLACEMENT_3D('',#6401,#3880,#3881);
#3269=AXIS2_PLACEMENT_3D('',#6402,#3882,#3883);
#3270=AXIS2_PLACEMENT_3D('',#6403,#3884,#3885);
#3271=AXIS2_PLACEMENT_3D('',#6404,#3886,#3887);
#3272=AXIS2_PLACEMENT_3D('',#6405,#3888,#3889);
#3273=AXIS2_PLACEMENT_3D('',#6406,#3890,#3891);
#3274=AXIS2_PLACEMENT_3D('',#6407,#3892,#3893);
#3275=AXIS2_PLACEMENT_3D('',#6410,#3895,#3896);
#3276=AXIS2_PLACEMENT_3D('',#6411,#3897,#3898);
#3277=AXIS2_PLACEMENT_3D('',#6412,#3899,#3900);
#3278=AXIS2_PLACEMENT_3D('',#6413,#3901,#3902);
#3279=AXIS2_PLACEMENT_3D('',#6414,#3903,#3904);
#3280=AXIS2_PLACEMENT_3D('',#6415,#3905,#3906);
#3281=AXIS2_PLACEMENT_3D('',#6416,#3907,#3908);
#3282=AXIS2_PLACEMENT_3D('',#6417,#3909,#3910);
#3283=AXIS2_PLACEMENT_3D('',#6418,#3911,#3912);
#3284=AXIS2_PLACEMENT_3D('',#6419,#3913,#3914);
#3285=AXIS2_PLACEMENT_3D('',#6420,#3915,#3916);
#3286=AXIS2_PLACEMENT_3D('',#6421,#3917,#3918);
#3287=AXIS2_PLACEMENT_3D('',#6422,#3919,#3920);
#3288=AXIS2_PLACEMENT_3D('',#6423,#3921,#3922);
#3289=AXIS2_PLACEMENT_3D('',#6424,#3923,#3924);
#3290=AXIS2_PLACEMENT_3D('',#6425,#3925,#3926);
#3291=AXIS2_PLACEMENT_3D('',#6426,#3927,#3928);
#3292=AXIS2_PLACEMENT_3D('',#6427,#3929,#3930);
#3293=AXIS2_PLACEMENT_3D('',#6428,#3931,#3932);
#3294=AXIS2_PLACEMENT_3D('',#6429,#3933,#3934);
#3295=AXIS2_PLACEMENT_3D('',#6430,#3935,#3936);
#3296=AXIS2_PLACEMENT_3D('',#6431,#3937,#3938);
#3297=AXIS2_PLACEMENT_3D('',#6432,#3939,#3940);
#3298=AXIS2_PLACEMENT_3D('',#6433,#3941,#3942);
#3299=AXIS2_PLACEMENT_3D('',#6434,#3943,#3944);
#3300=AXIS2_PLACEMENT_3D('',#6435,#3945,#3946);
#3301=AXIS2_PLACEMENT_3D('',#6437,#3947,#3948);
#3302=AXIS2_PLACEMENT_3D('',#6439,#3950,#3951);
#3303=AXIS2_PLACEMENT_3D('',#6443,#3954,#3955);
#3304=AXIS2_PLACEMENT_3D('',#6447,#3958,#3959);
#3305=AXIS2_PLACEMENT_3D('',#6451,#3962,#3963);
#3306=AXIS2_PLACEMENT_3D('',#6455,#3966,#3967);
#3307=AXIS2_PLACEMENT_3D('',#6457,#3969,#3970);
#3308=AXIS2_PLACEMENT_3D('',#6458,#3971,#3972);
#3309=AXIS2_PLACEMENT_3D('',#10043,#4016,#4017);
#3310=AXIS2_PLACEMENT_3D('',#10045,#4018,#4019);
#3311=AXIS2_PLACEMENT_3D('',#10100,#4020,#4021);
#3312=AXIS2_PLACEMENT_3D('',#10101,#4022,#4023);
#3313=AXIS2_PLACEMENT_3D('',#10102,#4024,#4025);
#3314=AXIS2_PLACEMENT_3D('',#10103,#4026,#4027);
#3315=AXIS2_PLACEMENT_3D('',#10104,#4028,#4029);
#3316=AXIS2_PLACEMENT_3D('',#10105,#4030,#4031);
#3317=AXIS2_PLACEMENT_3D('',#10106,#4032,#4033);
#3318=AXIS2_PLACEMENT_3D('',#10107,#4034,#4035);
#3319=AXIS2_PLACEMENT_3D('',#10108,#4036,#4037);
#3320=AXIS2_PLACEMENT_3D('',#10109,#4038,#4039);
#3321=AXIS2_PLACEMENT_3D('',#10110,#4040,#4041);
#3322=AXIS2_PLACEMENT_3D('',#10111,#4042,#4043);
#3323=AXIS2_PLACEMENT_3D('',#10112,#4044,#4045);
#3324=AXIS2_PLACEMENT_3D('',#10113,#4046,#4047);
#3325=AXIS2_PLACEMENT_3D('',#10114,#4048,#4049);
#3326=AXIS2_PLACEMENT_3D('',#10115,#4050,#4051);
#3327=AXIS2_PLACEMENT_3D('',#10116,#4052,#4053);
#3328=AXIS2_PLACEMENT_3D('',#10117,#4054,#4055);
#3329=AXIS2_PLACEMENT_3D('',#10118,#4056,#4057);
#3330=AXIS2_PLACEMENT_3D('',#10119,#4058,#4059);
#3331=AXIS2_PLACEMENT_3D('',#10120,#4060,#4061);
#3332=AXIS2_PLACEMENT_3D('',#10121,#4062,#4063);
#3333=AXIS2_PLACEMENT_3D('',#10122,#4064,#4065);
#3334=AXIS2_PLACEMENT_3D('',#10124,#4067,#4068);
#3335=AXIS2_PLACEMENT_3D('',#10125,#4069,#4070);
#3336=AXIS2_PLACEMENT_3D('',#10126,#4071,#4072);
#3337=AXIS2_PLACEMENT_3D('',#10127,#4073,#4074);
#3338=AXIS2_PLACEMENT_3D('',#10128,#4075,#4076);
#3339=AXIS2_PLACEMENT_3D('',#10129,#4077,#4078);
#3340=AXIS2_PLACEMENT_3D('',#10130,#4079,#4080);
#3341=AXIS2_PLACEMENT_3D('',#10131,#4081,#4082);
#3342=AXIS2_PLACEMENT_3D('',#10132,#4083,#4084);
#3343=AXIS2_PLACEMENT_3D('',#10133,#4085,#4086);
#3344=AXIS2_PLACEMENT_3D('',#10134,#4087,#4088);
#3345=AXIS2_PLACEMENT_3D('',#10135,#4089,#4090);
#3346=AXIS2_PLACEMENT_3D('',#10136,#4091,#4092);
#3347=AXIS2_PLACEMENT_3D('',#10137,#4093,#4094);
#3348=AXIS2_PLACEMENT_3D('',#10138,#4095,#4096);
#3349=AXIS2_PLACEMENT_3D('',#10139,#4097,#4098);
#3350=AXIS2_PLACEMENT_3D('',#10140,#4099,#4100);
#3351=AXIS2_PLACEMENT_3D('',#10141,#4101,#4102);
#3352=AXIS2_PLACEMENT_3D('',#10142,#4103,#4104);
#3353=AXIS2_PLACEMENT_3D('',#10143,#4105,#4106);
#3354=AXIS2_PLACEMENT_3D('',#10144,#4107,#4108);
#3355=AXIS2_PLACEMENT_3D('',#10252,#4110,#4111);
#3356=DIRECTION('axis',(0.,0.,1.));
#3357=DIRECTION('refdir',(1.,0.,0.));
#3358=DIRECTION('center_axis',(-0.707106781186547,-0.707106781186548,0.));
#3359=DIRECTION('ref_axis',(-0.707106781186548,0.707106781186547,0.));
#3360=DIRECTION('',(-0.707106781186547,-0.707106781186548,0.));
#3361=DIRECTION('center_axis',(-0.707106781186547,-0.707106781186548,0.));
#3362=DIRECTION('ref_axis',(-0.707106781186548,0.707106781186547,0.));
#3363=DIRECTION('center_axis',(-0.707106781186547,-0.707106781186548,0.));
#3364=DIRECTION('ref_axis',(0.,0.,1.));
#3365=DIRECTION('center_axis',(0.707106781186547,0.707106781186548,0.));
#3366=DIRECTION('ref_axis',(-0.707106781186548,0.707106781186547,0.));
#3367=DIRECTION('center_axis',(0.,0.,-1.));
#3368=DIRECTION('ref_axis',(1.,0.,0.));
#3369=DIRECTION('',(0.,0.,1.));
#3370=DIRECTION('center_axis',(0.,0.,1.));
#3371=DIRECTION('ref_axis',(1.,0.,0.));
#3372=DIRECTION('',(0.,0.,-1.));
#3373=DIRECTION('center_axis',(0.,0.,-1.));
#3374=DIRECTION('ref_axis',(1.,0.,0.));
#3375=DIRECTION('',(0.,0.,1.));
#3376=DIRECTION('',(0.,0.,-1.));
#3377=DIRECTION('',(0.,0.,-1.));
#3378=DIRECTION('center_axis',(-0.707106781186547,-0.707106781186548,0.));
#3379=DIRECTION('ref_axis',(-0.707106781186548,0.707106781186547,0.));
#3380=DIRECTION('',(-0.707106781186547,-0.707106781186548,0.));
#3381=DIRECTION('',(-0.707106781186547,-0.707106781186548,0.));
#3382=DIRECTION('center_axis',(0.9994801143397,-0.0322412940109578,0.));
#3383=DIRECTION('ref_axis',(0.0322412940109578,0.9994801143397,0.));
#3384=DIRECTION('center_axis',(0.707106781186547,0.707106781186548,0.));
#3385=DIRECTION('ref_axis',(-0.707106781186548,0.707106781186547,0.));
#3386=DIRECTION('center_axis',(-0.032241294010959,0.9994801143397,0.));
#3387=DIRECTION('ref_axis',(-0.9994801143397,-0.032241294010959,0.));
#3388=DIRECTION('',(0.707106781186547,0.707106781186548,0.));
#3389=DIRECTION('',(-0.707106781186547,-0.707106781186548,0.));
#3390=DIRECTION('center_axis',(-0.032241294010959,0.9994801143397,0.));
#3391=DIRECTION('ref_axis',(-0.9994801143397,-0.032241294010959,0.));
#3392=DIRECTION('center_axis',(0.707106781186547,0.707106781186548,0.));
#3393=DIRECTION('ref_axis',(-0.707106781186548,0.707106781186547,0.));
#3394=DIRECTION('center_axis',(0.9994801143397,-0.0322412940109578,0.));
#3395=DIRECTION('ref_axis',(0.0322412940109578,0.9994801143397,0.));
#3396=DIRECTION('',(0.707106781186547,0.707106781186548,0.));
#3397=DIRECTION('center_axis',(0.,0.,-1.));
#3398=DIRECTION('ref_axis',(1.,0.,0.));
#3399=DIRECTION('',(0.,0.,1.));
#3400=DIRECTION('center_axis',(0.,0.,-1.));
#3401=DIRECTION('ref_axis',(1.,0.,0.));
#3402=DIRECTION('',(0.,0.,-1.));
#3403=DIRECTION('center_axis',(0.,0.,1.));
#3404=DIRECTION('ref_axis',(1.,0.,0.));
#3405=DIRECTION('',(0.,0.,1.));
#3406=DIRECTION('center_axis',(-0.707106781186548,0.707106781186547,0.));
#3407=DIRECTION('ref_axis',(0.707106781186547,0.707106781186548,0.));
#3408=DIRECTION('',(0.,0.,-1.));
#3409=DIRECTION('',(0.707106781186547,0.707106781186548,0.));
#3410=DIRECTION('center_axis',(-0.707106781186548,0.707106781186547,0.));
#3411=DIRECTION('ref_axis',(0.707106781186547,0.707106781186548,0.));
#3412=DIRECTION('',(-0.707106781186547,-0.707106781186548,0.));
#3413=DIRECTION('',(0.,0.,-1.));
#3414=DIRECTION('center_axis',(-0.032241294010959,0.9994801143397,0.));
#3415=DIRECTION('ref_axis',(0.999480114339699,0.032241294010959,0.));
#3416=DIRECTION('',(0.,0.,-1.));
#3417=DIRECTION('',(0.9994801143397,0.032241294010959,0.));
#3418=DIRECTION('center_axis',(0.707106781186547,0.707106781186548,0.));
#3419=DIRECTION('ref_axis',(0.707106781186548,-0.707106781186547,0.));
#3420=DIRECTION('',(0.,0.,-1.));
#3421=DIRECTION('',(0.707106781186548,-0.707106781186547,0.));
#3422=DIRECTION('center_axis',(0.9994801143397,-0.0322412940109578,0.));
#3423=DIRECTION('ref_axis',(-0.0322412940109578,-0.9994801143397,0.));
#3424=DIRECTION('',(0.,0.,-1.));
#3425=DIRECTION('',(-0.0322412940109578,-0.9994801143397,0.));
#3426=DIRECTION('center_axis',(0.707106781186548,-0.707106781186547,0.));
#3427=DIRECTION('ref_axis',(-0.707106781186547,-0.707106781186548,0.));
#3428=DIRECTION('',(0.,0.,-1.));
#3429=DIRECTION('',(-0.707106781186547,-0.707106781186548,0.));
#3430=DIRECTION('center_axis',(-0.352697409097765,-0.935737429846495,0.));
#3431=DIRECTION('ref_axis',(-0.935737429846495,0.352697409097765,0.));
#3432=DIRECTION('',(-0.935737429846495,0.352697409097765,0.));
#3433=DIRECTION('',(0.,0.,-1.));
#3434=DIRECTION('',(0.935737429846495,-0.352697409097765,0.));
#3435=DIRECTION('',(0.,0.,-1.));
#3436=DIRECTION('center_axis',(0.38268343236509,-0.923879532511287,0.));
#3437=DIRECTION('ref_axis',(-0.923879532511287,-0.38268343236509,0.));
#3438=DIRECTION('',(0.,0.,1.));
#3439=DIRECTION('',(0.923879532511286,0.38268343236509,0.));
#3440=DIRECTION('',(-0.923879532511286,-0.38268343236509,0.));
#3441=DIRECTION('center_axis',(-0.38268343236509,0.923879532511287,0.));
#3442=DIRECTION('ref_axis',(0.923879532511287,0.38268343236509,0.));
#3443=DIRECTION('',(0.,0.,-1.));
#3444=DIRECTION('',(0.923879532511286,0.38268343236509,0.));
#3445=DIRECTION('',(0.,0.,-1.));
#3446=DIRECTION('',(-0.923879532511286,-0.38268343236509,0.));
#3447=DIRECTION('center_axis',(-0.911061011734484,0.412271552374571,0.));
#3448=DIRECTION('ref_axis',(0.412271552374571,0.911061011734484,0.));
#3449=DIRECTION('',(0.412271552374571,0.911061011734484,0.));
#3450=DIRECTION('',(0.,0.,-1.));
#3451=DIRECTION('',(-0.412271552374571,-0.911061011734484,0.));
#3452=DIRECTION('center_axis',(-0.923879532511287,-0.38268343236509,0.));
#3453=DIRECTION('ref_axis',(-0.38268343236509,0.923879532511287,0.));
#3454=DIRECTION('',(-0.38268343236509,0.923879532511286,0.));
#3455=DIRECTION('',(0.38268343236509,-0.923879532511286,0.));
#3456=DIRECTION('center_axis',(0.0322412940109596,-0.9994801143397,0.));
#3457=DIRECTION('ref_axis',(-0.999480114339699,-0.0322412940109596,0.));
#3458=DIRECTION('',(-0.9994801143397,-0.0322412940109596,0.));
#3459=DIRECTION('',(0.,0.,-1.));
#3460=DIRECTION('',(0.9994801143397,0.0322412940109596,0.));
#3461=DIRECTION('',(0.,0.,-1.));
#3462=DIRECTION('center_axis',(0.707106781186548,-0.707106781186547,0.));
#3463=DIRECTION('ref_axis',(-0.707106781186547,-0.707106781186548,0.));
#3464=DIRECTION('',(0.,0.,1.));
#3465=DIRECTION('',(0.707106781186547,0.707106781186548,0.));
#3466=DIRECTION('',(-0.707106781186547,-0.707106781186548,0.));
#3467=DIRECTION('center_axis',(-0.707106781186548,0.707106781186547,0.));
#3468=DIRECTION('ref_axis',(0.707106781186547,0.707106781186548,0.));
#3469=DIRECTION('',(0.,0.,-1.));
#3470=DIRECTION('',(0.707106781186547,0.707106781186548,0.));
#3471=DIRECTION('',(0.,0.,-1.));
#3472=DIRECTION('',(-0.707106781186547,-0.707106781186548,0.));
#3473=DIRECTION('center_axis',(-0.9994801143397,0.0322412940109574,0.));
#3474=DIRECTION('ref_axis',(0.0322412940109574,0.9994801143397,0.));
#3475=DIRECTION('',(0.0322412940109574,0.9994801143397,0.));
#3476=DIRECTION('',(0.,0.,-1.));
#3477=DIRECTION('',(-0.0322412940109574,-0.9994801143397,0.));
#3478=DIRECTION('center_axis',(-0.707106781186547,-0.707106781186548,0.));
#3479=DIRECTION('ref_axis',(-0.707106781186548,0.707106781186547,0.));
#3480=DIRECTION('',(-0.707106781186548,0.707106781186547,0.));
#3481=DIRECTION('',(0.707106781186548,-0.707106781186547,0.));
#3482=DIRECTION('center_axis',(0.412271552374572,-0.911061011734483,0.));
#3483=DIRECTION('ref_axis',(-0.911061011734483,-0.412271552374572,0.));
#3484=DIRECTION('',(-0.911061011734483,-0.412271552374572,0.));
#3485=DIRECTION('',(0.,0.,-1.));
#3486=DIRECTION('',(0.911061011734483,0.412271552374572,0.));
#3487=DIRECTION('',(0.,0.,-1.));
#3488=DIRECTION('center_axis',(0.923879532511287,-0.382683432365089,0.));
#3489=DIRECTION('ref_axis',(-0.382683432365089,-0.923879532511287,0.));
#3490=DIRECTION('',(0.,0.,1.));
#3491=DIRECTION('',(0.382683432365089,0.923879532511287,0.));
#3492=DIRECTION('',(-0.382683432365089,-0.923879532511287,0.));
#3493=DIRECTION('center_axis',(-0.923879532511287,0.382683432365089,0.));
#3494=DIRECTION('ref_axis',(0.382683432365089,0.923879532511287,0.));
#3495=DIRECTION('',(0.,0.,-1.));
#3496=DIRECTION('',(0.382683432365089,0.923879532511287,0.));
#3497=DIRECTION('',(0.,0.,-1.));
#3498=DIRECTION('',(-0.382683432365089,-0.923879532511287,0.));
#3499=DIRECTION('center_axis',(-0.935737429846494,-0.352697409097766,0.));
#3500=DIRECTION('ref_axis',(-0.352697409097766,0.935737429846495,0.));
#3501=DIRECTION('',(-0.352697409097766,0.935737429846495,0.));
#3502=DIRECTION('',(0.,0.,-1.));
#3503=DIRECTION('',(0.352697409097766,-0.935737429846495,0.));
#3504=DIRECTION('center_axis',(-0.382683432365089,-0.923879532511287,0.));
#3505=DIRECTION('ref_axis',(-0.923879532511287,0.382683432365089,0.));
#3506=DIRECTION('',(-0.923879532511287,0.382683432365089,0.));
#3507=DIRECTION('',(0.923879532511287,-0.382683432365089,0.));
#3508=DIRECTION('center_axis',(0.729537204140086,-0.683941128881329,0.));
#3509=DIRECTION('ref_axis',(-0.683941128881329,-0.729537204140086,0.));
#3510=DIRECTION('',(-0.683941128881329,-0.729537204140086,0.));
#3511=DIRECTION('',(0.,0.,-1.));
#3512=DIRECTION('',(0.683941128881329,0.729537204140086,0.));
#3513=DIRECTION('',(0.,0.,-1.));
#3514=DIRECTION('center_axis',(1.,1.0547118733939E-15,0.));
#3515=DIRECTION('ref_axis',(1.0547118733939E-15,-1.,0.));
#3516=DIRECTION('',(0.,0.,1.));
#3517=DIRECTION('',(-1.0547118733939E-15,1.,0.));
#3518=DIRECTION('',(1.0547118733939E-15,-1.,0.));
#3519=DIRECTION('center_axis',(-1.,-1.0547118733939E-15,0.));
#3520=DIRECTION('ref_axis',(-1.0547118733939E-15,1.,0.));
#3521=DIRECTION('',(0.,0.,-1.));
#3522=DIRECTION('',(-1.0547118733939E-15,1.,0.));
#3523=DIRECTION('',(0.,0.,-1.));
#3524=DIRECTION('',(1.0547118733939E-15,-1.,0.));
#3525=DIRECTION('center_axis',(-0.729537204140085,-0.68394112888133,0.));
#3526=DIRECTION('ref_axis',(-0.68394112888133,0.729537204140085,0.));
#3527=DIRECTION('',(-0.68394112888133,0.729537204140085,0.));
#3528=DIRECTION('',(0.,0.,-1.));
#3529=DIRECTION('',(0.68394112888133,-0.729537204140085,0.));
#3530=DIRECTION('center_axis',(1.0547118733939E-15,-1.,0.));
#3531=DIRECTION('ref_axis',(-1.,-1.0547118733939E-15,0.));
#3532=DIRECTION('',(-1.,-1.0547118733939E-15,0.));
#3533=DIRECTION('',(1.,1.0547118733939E-15,0.));
#3534=DIRECTION('center_axis',(0.935737429846495,-0.352697409097765,0.));
#3535=DIRECTION('ref_axis',(-0.352697409097765,-0.935737429846495,0.));
#3536=DIRECTION('',(-0.352697409097765,-0.935737429846495,0.));
#3537=DIRECTION('',(0.,0.,-1.));
#3538=DIRECTION('',(0.352697409097765,0.935737429846495,0.));
#3539=DIRECTION('',(0.,0.,-1.));
#3540=DIRECTION('center_axis',(0.923879532511287,0.38268343236509,0.));
#3541=DIRECTION('ref_axis',(0.38268343236509,-0.923879532511287,0.));
#3542=DIRECTION('',(0.,0.,1.));
#3543=DIRECTION('',(-0.38268343236509,0.923879532511286,0.));
#3544=DIRECTION('',(0.38268343236509,-0.923879532511286,0.));
#3545=DIRECTION('center_axis',(-0.923879532511287,-0.38268343236509,0.));
#3546=DIRECTION('ref_axis',(-0.38268343236509,0.923879532511287,0.));
#3547=DIRECTION('',(0.,0.,-1.));
#3548=DIRECTION('',(-0.38268343236509,0.923879532511286,0.));
#3549=DIRECTION('',(0.,0.,-1.));
#3550=DIRECTION('',(0.38268343236509,-0.923879532511286,0.));
#3551=DIRECTION('center_axis',(-0.412271552374571,-0.911061011734484,0.));
#3552=DIRECTION('ref_axis',(-0.911061011734484,0.412271552374571,0.));
#3553=DIRECTION('',(-0.911061011734484,0.412271552374571,0.));
#3554=DIRECTION('',(0.,0.,-1.));
#3555=DIRECTION('',(0.911061011734484,-0.412271552374571,0.));
#3556=DIRECTION('center_axis',(0.38268343236509,-0.923879532511287,0.));
#3557=DIRECTION('ref_axis',(-0.923879532511287,-0.38268343236509,0.));
#3558=DIRECTION('',(-0.923879532511286,-0.38268343236509,0.));
#3559=DIRECTION('',(0.923879532511286,0.38268343236509,0.));
#3560=DIRECTION('center_axis',(0.9994801143397,0.032241294010959,0.));
#3561=DIRECTION('ref_axis',(0.032241294010959,-0.999480114339699,0.));
#3562=DIRECTION('',(0.032241294010959,-0.999480114339699,0.));
#3563=DIRECTION('',(0.,0.,-1.));
#3564=DIRECTION('',(-0.032241294010959,0.999480114339699,0.));
#3565=DIRECTION('',(0.,0.,-1.));
#3566=DIRECTION('center_axis',(0.707106781186547,0.707106781186548,0.));
#3567=DIRECTION('ref_axis',(0.707106781186548,-0.707106781186547,0.));
#3568=DIRECTION('',(0.,0.,1.));
#3569=DIRECTION('',(-0.707106781186548,0.707106781186547,0.));
#3570=DIRECTION('',(0.707106781186548,-0.707106781186547,0.));
#3571=DIRECTION('center_axis',(-0.707106781186547,-0.707106781186548,0.));
#3572=DIRECTION('ref_axis',(-0.707106781186548,0.707106781186547,0.));
#3573=DIRECTION('',(0.,0.,-1.));
#3574=DIRECTION('',(-0.707106781186548,0.707106781186547,0.));
#3575=DIRECTION('',(0.,0.,-1.));
#3576=DIRECTION('',(0.707106781186548,-0.707106781186547,0.));
#3577=DIRECTION('center_axis',(-0.0322412940109578,-0.9994801143397,0.));
#3578=DIRECTION('ref_axis',(-0.9994801143397,0.0322412940109578,0.));
#3579=DIRECTION('',(-0.9994801143397,0.0322412940109578,0.));
#3580=DIRECTION('',(0.,0.,-1.));
#3581=DIRECTION('',(0.9994801143397,-0.0322412940109578,0.));
#3582=DIRECTION('center_axis',(0.707106781186548,-0.707106781186547,0.));
#3583=DIRECTION('ref_axis',(-0.707106781186547,-0.707106781186548,0.));
#3584=DIRECTION('',(-0.707106781186547,-0.707106781186548,0.));
#3585=DIRECTION('',(0.707106781186547,0.707106781186548,0.));
#3586=DIRECTION('center_axis',(0.911061011734483,0.412271552374572,0.));
#3587=DIRECTION('ref_axis',(0.412271552374572,-0.911061011734483,0.));
#3588=DIRECTION('',(0.412271552374572,-0.911061011734483,0.));
#3589=DIRECTION('',(0.,0.,-1.));
#3590=DIRECTION('',(-0.412271552374572,0.911061011734483,0.));
#3591=DIRECTION('',(0.,0.,-1.));
#3592=DIRECTION('center_axis',(0.382683432365089,0.923879532511287,0.));
#3593=DIRECTION('ref_axis',(0.923879532511287,-0.382683432365089,0.));
#3594=DIRECTION('',(0.,0.,1.));
#3595=DIRECTION('',(-0.923879532511287,0.382683432365089,0.));
#3596=DIRECTION('',(0.923879532511287,-0.382683432365089,0.));
#3597=DIRECTION('center_axis',(-0.382683432365089,-0.923879532511287,0.));
#3598=DIRECTION('ref_axis',(-0.923879532511287,0.382683432365089,0.));
#3599=DIRECTION('',(0.,0.,-1.));
#3600=DIRECTION('',(-0.923879532511287,0.382683432365089,0.));
#3601=DIRECTION('',(0.,0.,-1.));
#3602=DIRECTION('',(0.923879532511287,-0.382683432365089,0.));
#3603=DIRECTION('center_axis',(0.352697409097766,-0.935737429846494,0.));
#3604=DIRECTION('ref_axis',(-0.935737429846495,-0.352697409097766,0.));
#3605=DIRECTION('',(-0.935737429846495,-0.352697409097766,0.));
#3606=DIRECTION('',(0.,0.,-1.));
#3607=DIRECTION('',(0.935737429846495,0.352697409097766,0.));
#3608=DIRECTION('center_axis',(0.923879532511287,-0.382683432365089,0.));
#3609=DIRECTION('ref_axis',(-0.382683432365089,-0.923879532511287,0.));
#3610=DIRECTION('',(-0.382683432365089,-0.923879532511287,0.));
#3611=DIRECTION('',(0.382683432365089,0.923879532511287,0.));
#3612=DIRECTION('center_axis',(0.683941128881329,0.729537204140086,0.));
#3613=DIRECTION('ref_axis',(0.729537204140086,-0.683941128881329,0.));
#3614=DIRECTION('',(0.729537204140086,-0.683941128881329,0.));
#3615=DIRECTION('',(0.,0.,-1.));
#3616=DIRECTION('',(-0.729537204140086,0.683941128881329,0.));
#3617=DIRECTION('',(0.,0.,-1.));
#3618=DIRECTION('center_axis',(-5.55111512312578E-16,1.,0.));
#3619=DIRECTION('ref_axis',(1.,5.55111512312578E-16,0.));
#3620=DIRECTION('',(0.,0.,1.));
#3621=DIRECTION('',(-1.,-5.55111512312578E-16,0.));
#3622=DIRECTION('',(1.,5.55111512312578E-16,0.));
#3623=DIRECTION('center_axis',(5.55111512312578E-16,-1.,0.));
#3624=DIRECTION('ref_axis',(-1.,-5.55111512312578E-16,0.));
#3625=DIRECTION('',(0.,0.,-1.));
#3626=DIRECTION('',(-1.,-5.55111512312578E-16,0.));
#3627=DIRECTION('',(0.,0.,-1.));
#3628=DIRECTION('',(1.,5.55111512312578E-16,0.));
#3629=DIRECTION('center_axis',(0.68394112888133,-0.729537204140085,0.));
#3630=DIRECTION('ref_axis',(-0.729537204140085,-0.68394112888133,0.));
#3631=DIRECTION('',(-0.729537204140085,-0.68394112888133,0.));
#3632=DIRECTION('',(0.,0.,-1.));
#3633=DIRECTION('',(0.729537204140085,0.68394112888133,0.));
#3634=DIRECTION('center_axis',(1.,5.55111512312578E-16,0.));
#3635=DIRECTION('ref_axis',(5.55111512312578E-16,-1.,0.));
#3636=DIRECTION('',(5.55111512312578E-16,-1.,0.));
#3637=DIRECTION('',(-5.55111512312578E-16,1.,0.));
#3638=DIRECTION('center_axis',(0.352697409097765,0.935737429846495,0.));
#3639=DIRECTION('ref_axis',(0.935737429846495,-0.352697409097765,0.));
#3640=DIRECTION('',(0.935737429846495,-0.352697409097765,0.));
#3641=DIRECTION('',(0.,0.,-1.));
#3642=DIRECTION('',(-0.935737429846495,0.352697409097765,0.));
#3643=DIRECTION('',(0.,0.,-1.));
#3644=DIRECTION('center_axis',(-0.38268343236509,0.923879532511287,0.));
#3645=DIRECTION('ref_axis',(0.923879532511286,0.38268343236509,0.));
#3646=DIRECTION('',(0.,0.,1.));
#3647=DIRECTION('',(-0.923879532511287,-0.38268343236509,0.));
#3648=DIRECTION('',(0.923879532511287,0.38268343236509,0.));
#3649=DIRECTION('center_axis',(0.38268343236509,-0.923879532511287,0.));
#3650=DIRECTION('ref_axis',(-0.923879532511286,-0.38268343236509,0.));
#3651=DIRECTION('',(0.,0.,-1.));
#3652=DIRECTION('',(-0.923879532511286,-0.38268343236509,0.));
#3653=DIRECTION('',(0.,0.,-1.));
#3654=DIRECTION('',(0.923879532511286,0.38268343236509,0.));
#3655=DIRECTION('center_axis',(0.911061011734484,-0.412271552374571,0.));
#3656=DIRECTION('ref_axis',(-0.412271552374571,-0.911061011734484,0.));
#3657=DIRECTION('',(-0.412271552374571,-0.911061011734484,0.));
#3658=DIRECTION('',(0.,0.,-1.));
#3659=DIRECTION('',(0.412271552374571,0.911061011734484,0.));
#3660=DIRECTION('center_axis',(0.923879532511287,0.38268343236509,0.));
#3661=DIRECTION('ref_axis',(0.38268343236509,-0.923879532511286,0.));
#3662=DIRECTION('',(0.38268343236509,-0.923879532511287,0.));
#3663=DIRECTION('',(-0.38268343236509,0.923879532511287,0.));
#3664=DIRECTION('center_axis',(-0.032241294010959,0.9994801143397,0.));
#3665=DIRECTION('ref_axis',(0.999480114339699,0.032241294010959,0.));
#3666=DIRECTION('',(-0.9994801143397,-0.032241294010959,0.));
#3667=DIRECTION('',(0.,0.,-1.));
#3668=DIRECTION('center_axis',(0.707106781186548,-0.707106781186547,0.));
#3669=DIRECTION('ref_axis',(-0.707106781186547,-0.707106781186548,0.));
#3670=DIRECTION('',(0.,0.,-1.));
#3671=DIRECTION('',(0.707106781186547,0.707106781186548,0.));
#3672=DIRECTION('',(0.,0.,-1.));
#3673=DIRECTION('center_axis',(0.9994801143397,-0.0322412940109578,0.));
#3674=DIRECTION('ref_axis',(-0.0322412940109578,-0.9994801143397,0.));
#3675=DIRECTION('',(0.,0.,-1.));
#3676=DIRECTION('',(0.0322412940109578,0.9994801143397,0.));
#3677=DIRECTION('center_axis',(0.707106781186547,0.707106781186548,0.));
#3678=DIRECTION('ref_axis',(0.707106781186548,-0.707106781186547,0.));
#3679=DIRECTION('',(-0.707106781186548,0.707106781186547,0.));
#3680=DIRECTION('center_axis',(-0.412271552374572,0.911061011734483,0.));
#3681=DIRECTION('ref_axis',(0.911061011734483,0.412271552374572,0.));
#3682=DIRECTION('',(0.911061011734483,0.412271552374572,0.));
#3683=DIRECTION('',(0.,0.,-1.));
#3684=DIRECTION('',(-0.911061011734483,-0.412271552374572,0.));
#3685=DIRECTION('',(0.,0.,-1.));
#3686=DIRECTION('center_axis',(-0.923879532511287,0.38268343236509,0.));
#3687=DIRECTION('ref_axis',(0.38268343236509,0.923879532511287,0.));
#3688=DIRECTION('',(0.,0.,1.));
#3689=DIRECTION('',(-0.38268343236509,-0.923879532511287,0.));
#3690=DIRECTION('',(0.38268343236509,0.923879532511287,0.));
#3691=DIRECTION('center_axis',(0.923879532511287,-0.38268343236509,0.));
#3692=DIRECTION('ref_axis',(-0.38268343236509,-0.923879532511287,0.));
#3693=DIRECTION('',(-0.38268343236509,-0.923879532511287,0.));
#3694=DIRECTION('',(0.,0.,-1.));
#3695=DIRECTION('',(0.38268343236509,0.923879532511287,0.));
#3696=DIRECTION('center_axis',(0.935737429846495,0.352697409097766,0.));
#3697=DIRECTION('ref_axis',(0.352697409097766,-0.935737429846495,0.));
#3698=DIRECTION('',(0.352697409097766,-0.935737429846495,0.));
#3699=DIRECTION('',(0.,0.,-1.));
#3700=DIRECTION('',(-0.352697409097766,0.935737429846495,0.));
#3701=DIRECTION('center_axis',(0.38268343236509,0.923879532511287,0.));
#3702=DIRECTION('ref_axis',(0.923879532511287,-0.38268343236509,0.));
#3703=DIRECTION('',(0.923879532511287,-0.38268343236509,0.));
#3704=DIRECTION('',(-0.923879532511287,0.38268343236509,0.));
#3705=DIRECTION('center_axis',(-0.729537204140086,0.683941128881329,0.));
#3706=DIRECTION('ref_axis',(0.683941128881329,0.729537204140085,0.));
#3707=DIRECTION('',(0.683941128881329,0.729537204140085,0.));
#3708=DIRECTION('',(0.,0.,-1.));
#3709=DIRECTION('',(-0.683941128881329,-0.729537204140085,0.));
#3710=DIRECTION('',(0.,0.,-1.));
#3711=DIRECTION('center_axis',(-1.,-2.77555756156289E-16,0.));
#3712=DIRECTION('ref_axis',(-2.77555756156289E-16,1.,0.));
#3713=DIRECTION('',(0.,0.,1.));
#3714=DIRECTION('',(2.77555756156289E-16,-1.,0.));
#3715=DIRECTION('',(-2.77555756156289E-16,1.,0.));
#3716=DIRECTION('center_axis',(1.,2.77555756156289E-16,0.));
#3717=DIRECTION('ref_axis',(2.77555756156289E-16,-1.,0.));
#3718=DIRECTION('',(0.,0.,-1.));
#3719=DIRECTION('',(2.77555756156289E-16,-1.,0.));
#3720=DIRECTION('',(0.,0.,-1.));
#3721=DIRECTION('',(-2.77555756156289E-16,1.,0.));
#3722=DIRECTION('center_axis',(0.729537204140085,0.68394112888133,0.));
#3723=DIRECTION('ref_axis',(0.68394112888133,-0.729537204140085,0.));
#3724=DIRECTION('',(0.68394112888133,-0.729537204140085,0.));
#3725=DIRECTION('',(0.,0.,-1.));
#3726=DIRECTION('',(-0.68394112888133,0.729537204140085,0.));
#3727=DIRECTION('center_axis',(-2.77555756156289E-16,1.,0.));
#3728=DIRECTION('ref_axis',(1.,2.77555756156289E-16,0.));
#3729=DIRECTION('',(1.,2.77555756156289E-16,0.));
#3730=DIRECTION('',(-1.,-2.77555756156289E-16,0.));
#3731=DIRECTION('center_axis',(-0.935737429846495,0.352697409097765,0.));
#3732=DIRECTION('ref_axis',(0.352697409097765,0.935737429846495,0.));
#3733=DIRECTION('',(0.352697409097765,0.935737429846495,0.));
#3734=DIRECTION('',(0.,0.,-1.));
#3735=DIRECTION('',(-0.352697409097765,-0.935737429846495,0.));
#3736=DIRECTION('',(0.,0.,-1.));
#3737=DIRECTION('center_axis',(-0.923879532511287,-0.38268343236509,0.));
#3738=DIRECTION('ref_axis',(-0.38268343236509,0.923879532511287,0.));
#3739=DIRECTION('',(0.,0.,1.));
#3740=DIRECTION('',(0.38268343236509,-0.923879532511287,0.));
#3741=DIRECTION('',(-0.38268343236509,0.923879532511287,0.));
#3742=DIRECTION('center_axis',(0.923879532511287,0.38268343236509,0.));
#3743=DIRECTION('ref_axis',(0.38268343236509,-0.923879532511287,0.));
#3744=DIRECTION('',(0.,0.,-1.));
#3745=DIRECTION('',(0.38268343236509,-0.923879532511287,0.));
#3746=DIRECTION('',(0.,0.,-1.));
#3747=DIRECTION('',(-0.38268343236509,0.923879532511287,0.));
#3748=DIRECTION('center_axis',(0.412271552374572,0.911061011734484,0.));
#3749=DIRECTION('ref_axis',(0.911061011734484,-0.412271552374572,0.));
#3750=DIRECTION('',(0.911061011734484,-0.412271552374572,0.));
#3751=DIRECTION('',(0.,0.,-1.));
#3752=DIRECTION('',(-0.911061011734484,0.412271552374572,0.));
#3753=DIRECTION('center_axis',(-0.38268343236509,0.923879532511287,0.));
#3754=DIRECTION('ref_axis',(0.923879532511287,0.38268343236509,0.));
#3755=DIRECTION('',(0.923879532511287,0.38268343236509,0.));
#3756=DIRECTION('',(-0.923879532511287,-0.38268343236509,0.));
#3757=DIRECTION('center_axis',(-0.9994801143397,-0.0322412940109586,0.));
#3758=DIRECTION('ref_axis',(-0.0322412940109586,0.9994801143397,0.));
#3759=DIRECTION('',(-0.0322412940109586,0.9994801143397,0.));
#3760=DIRECTION('',(0.,0.,-1.));
#3761=DIRECTION('',(0.0322412940109586,-0.9994801143397,0.));
#3762=DIRECTION('',(0.,0.,-1.));
#3763=DIRECTION('center_axis',(-0.707106781186547,-0.707106781186548,0.));
#3764=DIRECTION('ref_axis',(-0.707106781186548,0.707106781186547,0.));
#3765=DIRECTION('',(0.,0.,1.));
#3766=DIRECTION('',(0.707106781186548,-0.707106781186547,0.));
#3767=DIRECTION('',(-0.707106781186548,0.707106781186547,0.));
#3768=DIRECTION('center_axis',(0.707106781186547,0.707106781186548,0.));
#3769=DIRECTION('ref_axis',(0.707106781186548,-0.707106781186547,0.));
#3770=DIRECTION('',(0.,0.,-1.));
#3771=DIRECTION('',(0.707106781186548,-0.707106781186547,0.));
#3772=DIRECTION('',(0.,0.,-1.));
#3773=DIRECTION('',(-0.707106781186548,0.707106781186547,0.));
#3774=DIRECTION('center_axis',(0.0322412940109583,0.9994801143397,0.));
#3775=DIRECTION('ref_axis',(0.9994801143397,-0.0322412940109583,0.));
#3776=DIRECTION('',(0.999480114339699,-0.0322412940109583,0.));
#3777=DIRECTION('',(0.,0.,-1.));
#3778=DIRECTION('',(-0.999480114339699,0.0322412940109583,0.));
#3779=DIRECTION('center_axis',(-0.707106781186548,0.707106781186547,0.));
#3780=DIRECTION('ref_axis',(0.707106781186547,0.707106781186548,0.));
#3781=DIRECTION('',(0.707106781186547,0.707106781186548,0.));
#3782=DIRECTION('',(-0.707106781186547,-0.707106781186548,0.));
#3783=DIRECTION('center_axis',(-0.911061011734484,-0.412271552374572,0.));
#3784=DIRECTION('ref_axis',(-0.412271552374572,0.911061011734483,0.));
#3785=DIRECTION('',(-0.412271552374572,0.911061011734483,0.));
#3786=DIRECTION('',(0.,0.,-1.));
#3787=DIRECTION('',(0.412271552374572,-0.911061011734483,0.));
#3788=DIRECTION('',(0.,0.,-1.));
#3789=DIRECTION('center_axis',(-0.38268343236509,-0.923879532511287,0.));
#3790=DIRECTION('ref_axis',(-0.923879532511287,0.38268343236509,0.));
#3791=DIRECTION('',(0.,0.,1.));
#3792=DIRECTION('',(0.923879532511287,-0.38268343236509,0.));
#3793=DIRECTION('',(-0.923879532511287,0.38268343236509,0.));
#3794=DIRECTION('center_axis',(0.38268343236509,0.923879532511287,0.));
#3795=DIRECTION('ref_axis',(0.923879532511287,-0.38268343236509,0.));
#3796=DIRECTION('',(0.,0.,-1.));
#3797=DIRECTION('',(0.923879532511287,-0.38268343236509,0.));
#3798=DIRECTION('',(0.,0.,-1.));
#3799=DIRECTION('',(-0.923879532511287,0.38268343236509,0.));
#3800=DIRECTION('center_axis',(-0.352697409097765,0.935737429846495,0.));
#3801=DIRECTION('ref_axis',(0.935737429846495,0.352697409097765,0.));
#3802=DIRECTION('',(0.935737429846495,0.352697409097765,0.));
#3803=DIRECTION('',(0.,0.,-1.));
#3804=DIRECTION('',(-0.935737429846495,-0.352697409097765,0.));
#3805=DIRECTION('center_axis',(-0.923879532511287,0.38268343236509,0.));
#3806=DIRECTION('ref_axis',(0.38268343236509,0.923879532511287,0.));
#3807=DIRECTION('',(0.38268343236509,0.923879532511287,0.));
#3808=DIRECTION('',(-0.38268343236509,-0.923879532511287,0.));
#3809=DIRECTION('center_axis',(0.,0.,1.));
#3810=DIRECTION('ref_axis',(1.,0.,0.));
#3811=DIRECTION('center_axis',(0.,0.,1.));
#3812=DIRECTION('ref_axis',(1.,0.,0.));
#3813=DIRECTION('center_axis',(0.,0.,1.));
#3814=DIRECTION('ref_axis',(1.,0.,0.));
#3815=DIRECTION('center_axis',(0.,0.,1.));
#3816=DIRECTION('ref_axis',(1.,0.,0.));
#3817=DIRECTION('center_axis',(0.,0.,1.));
#3818=DIRECTION('ref_axis',(1.,0.,0.));
#3819=DIRECTION('center_axis',(0.,0.,1.));
#3820=DIRECTION('ref_axis',(1.,0.,0.));
#3821=DIRECTION('center_axis',(0.,0.,1.));
#3822=DIRECTION('ref_axis',(1.,0.,0.));
#3823=DIRECTION('center_axis',(0.,0.,1.));
#3824=DIRECTION('ref_axis',(1.,0.,0.));
#3825=DIRECTION('center_axis',(0.,0.,1.));
#3826=DIRECTION('ref_axis',(1.,0.,0.));
#3827=DIRECTION('center_axis',(0.,0.,1.));
#3828=DIRECTION('ref_axis',(1.,0.,0.));
#3829=DIRECTION('center_axis',(0.,0.,1.));
#3830=DIRECTION('ref_axis',(1.,0.,0.));
#3831=DIRECTION('center_axis',(0.,0.,1.));
#3832=DIRECTION('ref_axis',(1.,0.,0.));
#3833=DIRECTION('center_axis',(0.,0.,1.));
#3834=DIRECTION('ref_axis',(1.,0.,0.));
#3835=DIRECTION('center_axis',(0.,0.,1.));
#3836=DIRECTION('ref_axis',(1.,0.,0.));
#3837=DIRECTION('center_axis',(0.,0.,1.));
#3838=DIRECTION('ref_axis',(1.,0.,0.));
#3839=DIRECTION('center_axis',(0.,0.,1.));
#3840=DIRECTION('ref_axis',(1.,0.,0.));
#3841=DIRECTION('center_axis',(0.,0.,1.));
#3842=DIRECTION('ref_axis',(1.,0.,0.));
#3843=DIRECTION('center_axis',(0.,0.,1.));
#3844=DIRECTION('ref_axis',(1.,0.,0.));
#3845=DIRECTION('center_axis',(0.,0.,1.));
#3846=DIRECTION('ref_axis',(1.,0.,0.));
#3847=DIRECTION('center_axis',(0.,0.,1.));
#3848=DIRECTION('ref_axis',(1.,0.,0.));
#3849=DIRECTION('center_axis',(0.,0.,1.));
#3850=DIRECTION('ref_axis',(1.,0.,0.));
#3851=DIRECTION('center_axis',(0.,0.,1.));
#3852=DIRECTION('ref_axis',(1.,0.,0.));
#3853=DIRECTION('center_axis',(0.,0.,1.));
#3854=DIRECTION('ref_axis',(1.,0.,0.));
#3855=DIRECTION('center_axis',(0.,0.,1.));
#3856=DIRECTION('ref_axis',(1.,0.,0.));
#3857=DIRECTION('center_axis',(0.,0.,-1.));
#3858=DIRECTION('ref_axis',(1.,0.,0.));
#3859=DIRECTION('',(-1.,0.,0.));
#3860=DIRECTION('',(-0.729537204140085,0.68394112888133,0.));
#3861=DIRECTION('',(0.,1.,0.));
#3862=DIRECTION('',(0.729537204140085,0.68394112888133,0.));
#3863=DIRECTION('',(1.,0.,0.));
#3864=DIRECTION('center_axis',(0.,0.,-1.));
#3865=DIRECTION('ref_axis',(1.,0.,0.));
#3866=DIRECTION('center_axis',(0.,0.,-1.));
#3867=DIRECTION('ref_axis',(1.,0.,0.));
#3868=DIRECTION('center_axis',(0.,0.,-1.));
#3869=DIRECTION('ref_axis',(1.,0.,0.));
#3870=DIRECTION('center_axis',(0.,0.,-1.));
#3871=DIRECTION('ref_axis',(1.,0.,0.));
#3872=DIRECTION('center_axis',(0.,0.,-1.));
#3873=DIRECTION('ref_axis',(1.,0.,0.));
#3874=DIRECTION('center_axis',(0.,0.,-1.));
#3875=DIRECTION('ref_axis',(1.,0.,0.));
#3876=DIRECTION('center_axis',(0.,0.,-1.));
#3877=DIRECTION('ref_axis',(1.,0.,0.));
#3878=DIRECTION('center_axis',(0.,0.,-1.));
#3879=DIRECTION('ref_axis',(1.,0.,0.));
#3880=DIRECTION('center_axis',(0.,0.,-1.));
#3881=DIRECTION('ref_axis',(1.,0.,0.));
#3882=DIRECTION('center_axis',(0.,0.,-1.));
#3883=DIRECTION('ref_axis',(1.,0.,0.));
#3884=DIRECTION('center_axis',(0.,0.,-1.));
#3885=DIRECTION('ref_axis',(1.,0.,0.));
#3886=DIRECTION('center_axis',(0.,0.,-1.));
#3887=DIRECTION('ref_axis',(1.,0.,0.));
#3888=DIRECTION('center_axis',(0.,0.,-1.));
#3889=DIRECTION('ref_axis',(1.,0.,0.));
#3890=DIRECTION('center_axis',(0.,0.,-1.));
#3891=DIRECTION('ref_axis',(1.,0.,0.));
#3892=DIRECTION('center_axis',(0.,0.,-1.));
#3893=DIRECTION('ref_axis',(1.,0.,0.));
#3894=DIRECTION('',(0.,0.,-1.));
#3895=DIRECTION('center_axis',(0.,0.,1.));
#3896=DIRECTION('ref_axis',(1.,0.,0.));
#3897=DIRECTION('center_axis',(0.,0.,-1.));
#3898=DIRECTION('ref_axis',(1.,0.,0.));
#3899=DIRECTION('center_axis',(0.,0.,1.));
#3900=DIRECTION('ref_axis',(1.,0.,0.));
#3901=DIRECTION('center_axis',(0.,0.,-1.));
#3902=DIRECTION('ref_axis',(1.,0.,0.));
#3903=DIRECTION('center_axis',(0.,0.,1.));
#3904=DIRECTION('ref_axis',(1.,0.,0.));
#3905=DIRECTION('center_axis',(0.,0.,-1.));
#3906=DIRECTION('ref_axis',(1.,0.,0.));
#3907=DIRECTION('center_axis',(0.,0.,1.));
#3908=DIRECTION('ref_axis',(1.,0.,0.));
#3909=DIRECTION('center_axis',(0.,0.,-1.));
#3910=DIRECTION('ref_axis',(1.,0.,0.));
#3911=DIRECTION('center_axis',(0.,0.,1.));
#3912=DIRECTION('ref_axis',(1.,0.,0.));
#3913=DIRECTION('center_axis',(0.,0.,-1.));
#3914=DIRECTION('ref_axis',(1.,0.,0.));
#3915=DIRECTION('center_axis',(0.,0.,1.));
#3916=DIRECTION('ref_axis',(1.,0.,0.));
#3917=DIRECTION('center_axis',(0.,0.,-1.));
#3918=DIRECTION('ref_axis',(1.,0.,0.));
#3919=DIRECTION('center_axis',(0.,0.,1.));
#3920=DIRECTION('ref_axis',(1.,0.,0.));
#3921=DIRECTION('center_axis',(0.,0.,-1.));
#3922=DIRECTION('ref_axis',(1.,0.,0.));
#3923=DIRECTION('center_axis',(0.,0.,1.));
#3924=DIRECTION('ref_axis',(1.,0.,0.));
#3925=DIRECTION('center_axis',(0.,0.,-1.));
#3926=DIRECTION('ref_axis',(1.,0.,0.));
#3927=DIRECTION('center_axis',(0.,0.,1.));
#3928=DIRECTION('ref_axis',(1.,0.,0.));
#3929=DIRECTION('center_axis',(0.,0.,-1.));
#3930=DIRECTION('ref_axis',(1.,0.,0.));
#3931=DIRECTION('center_axis',(0.,0.,1.));
#3932=DIRECTION('ref_axis',(1.,0.,0.));
#3933=DIRECTION('center_axis',(0.,0.,-1.));
#3934=DIRECTION('ref_axis',(1.,0.,0.));
#3935=DIRECTION('center_axis',(0.,0.,1.));
#3936=DIRECTION('ref_axis',(1.,0.,0.));
#3937=DIRECTION('center_axis',(0.,0.,-1.));
#3938=DIRECTION('ref_axis',(1.,0.,0.));
#3939=DIRECTION('center_axis',(0.,0.,1.));
#3940=DIRECTION('ref_axis',(1.,0.,0.));
#3941=DIRECTION('center_axis',(0.,0.,-1.));
#3942=DIRECTION('ref_axis',(1.,0.,0.));
#3943=DIRECTION('center_axis',(0.,0.,1.));
#3944=DIRECTION('ref_axis',(1.,0.,0.));
#3945=DIRECTION('center_axis',(0.,0.,-1.));
#3946=DIRECTION('ref_axis',(1.,0.,0.));
#3947=DIRECTION('center_axis',(0.,0.,1.));
#3948=DIRECTION('ref_axis',(1.,0.,0.));
#3949=DIRECTION('',(0.,0.,1.));
#3950=DIRECTION('center_axis',(0.,-1.,0.));
#3951=DIRECTION('ref_axis',(-1.,0.,0.));
#3952=DIRECTION('',(1.,0.,0.));
#3953=DIRECTION('',(0.,0.,-1.));
#3954=DIRECTION('center_axis',(-0.68394112888133,-0.729537204140085,0.));
#3955=DIRECTION('ref_axis',(-0.729537204140085,0.68394112888133,0.));
#3956=DIRECTION('',(0.729537204140085,-0.68394112888133,0.));
#3957=DIRECTION('',(0.,0.,-1.));
#3958=DIRECTION('center_axis',(0.,1.,0.));
#3959=DIRECTION('ref_axis',(1.,0.,0.));
#3960=DIRECTION('',(0.,0.,-1.));
#3961=DIRECTION('',(-1.,0.,0.));
#3962=DIRECTION('center_axis',(-0.68394112888133,0.729537204140085,0.));
#3963=DIRECTION('ref_axis',(0.729537204140085,0.68394112888133,0.));
#3964=DIRECTION('',(0.,0.,-1.));
#3965=DIRECTION('',(-0.729537204140085,-0.68394112888133,0.));
#3966=DIRECTION('center_axis',(-1.,0.,0.));
#3967=DIRECTION('ref_axis',(0.,1.,0.));
#3968=DIRECTION('',(0.,-1.,0.));
#3969=DIRECTION('center_axis',(0.,0.,-1.));
#3970=DIRECTION('ref_axis',(1.,0.,0.));
#3971=DIRECTION('center_axis',(0.,0.,1.));
#3972=DIRECTION('ref_axis',(1.,0.,0.));
#3973=DIRECTION('',(0.,0.,1.));
#3974=DIRECTION('',(0.,0.,-1.));
#3975=DIRECTION('',(0.,0.,1.));
#3976=DIRECTION('',(0.,0.,-1.));
#3977=DIRECTION('',(0.,0.,1.));
#3978=DIRECTION('',(0.,0.,-1.));
#3979=DIRECTION('',(0.,0.,1.));
#3980=DIRECTION('',(0.,0.,-1.));
#3981=DIRECTION('',(0.,0.,1.));
#3982=DIRECTION('',(0.,0.,-1.));
#3983=DIRECTION('',(0.,0.,1.));
#3984=DIRECTION('',(0.,0.,-1.));
#3985=DIRECTION('',(0.,0.,1.));
#3986=DIRECTION('',(0.,0.,-1.));
#3987=DIRECTION('',(0.,0.,1.));
#3988=DIRECTION('',(0.,0.,-1.));
#3989=DIRECTION('',(0.,0.,1.));
#3990=DIRECTION('',(0.,0.,-1.));
#3991=DIRECTION('',(0.,0.,1.));
#3992=DIRECTION('',(0.,0.,-1.));
#3993=DIRECTION('',(0.,0.,1.));
#3994=DIRECTION('',(0.,0.,-1.));
#3995=DIRECTION('',(0.,0.,1.));
#3996=DIRECTION('',(0.,0.,-1.));
#3997=DIRECTION('',(0.,0.,1.));
#3998=DIRECTION('',(0.,0.,-1.));
#3999=DIRECTION('',(0.,0.,1.));
#4000=DIRECTION('',(0.,0.,-1.));
#4001=DIRECTION('',(0.,0.,1.));
#4002=DIRECTION('',(0.,0.,-1.));
#4003=DIRECTION('',(0.,0.,1.));
#4004=DIRECTION('',(0.,0.,-1.));
#4005=DIRECTION('',(0.,0.,1.));
#4006=DIRECTION('',(0.,0.,-1.));
#4007=DIRECTION('',(0.,0.,1.));
#4008=DIRECTION('',(0.,0.,-1.));
#4009=DIRECTION('',(0.,0.,1.));
#4010=DIRECTION('',(0.,0.,-1.));
#4011=DIRECTION('',(0.,0.,1.));
#4012=DIRECTION('',(0.,0.,1.));
#4013=DIRECTION('',(0.,0.,-1.));
#4014=DIRECTION('',(0.,0.,1.));
#4015=DIRECTION('',(0.,0.,-1.));
#4016=DIRECTION('center_axis',(0.,0.,1.));
#4017=DIRECTION('ref_axis',(1.,0.,0.));
#4018=DIRECTION('center_axis',(0.,0.,-1.));
#4019=DIRECTION('ref_axis',(1.,0.,0.));
#4020=DIRECTION('center_axis',(0.,0.,-1.));
#4021=DIRECTION('ref_axis',(1.,0.,0.));
#4022=DIRECTION('center_axis',(0.,0.,-1.));
#4023=DIRECTION('ref_axis',(1.,0.,0.));
#4024=DIRECTION('center_axis',(0.,0.,-1.));
#4025=DIRECTION('ref_axis',(1.,0.,0.));
#4026=DIRECTION('center_axis',(0.,0.,-1.));
#4027=DIRECTION('ref_axis',(1.,0.,0.));
#4028=DIRECTION('center_axis',(0.,0.,-1.));
#4029=DIRECTION('ref_axis',(1.,0.,0.));
#4030=DIRECTION('center_axis',(0.,0.,-1.));
#4031=DIRECTION('ref_axis',(1.,0.,0.));
#4032=DIRECTION('center_axis',(0.,0.,-1.));
#4033=DIRECTION('ref_axis',(1.,0.,0.));
#4034=DIRECTION('center_axis',(0.,0.,-1.));
#4035=DIRECTION('ref_axis',(1.,0.,0.));
#4036=DIRECTION('center_axis',(0.,0.,-1.));
#4037=DIRECTION('ref_axis',(1.,0.,0.));
#4038=DIRECTION('center_axis',(0.,0.,-1.));
#4039=DIRECTION('ref_axis',(1.,0.,0.));
#4040=DIRECTION('center_axis',(0.,0.,-1.));
#4041=DIRECTION('ref_axis',(1.,0.,0.));
#4042=DIRECTION('center_axis',(0.,0.,-1.));
#4043=DIRECTION('ref_axis',(1.,0.,0.));
#4044=DIRECTION('center_axis',(0.,0.,-1.));
#4045=DIRECTION('ref_axis',(1.,0.,0.));
#4046=DIRECTION('center_axis',(0.,0.,-1.));
#4047=DIRECTION('ref_axis',(1.,0.,0.));
#4048=DIRECTION('center_axis',(0.,0.,-1.));
#4049=DIRECTION('ref_axis',(1.,0.,0.));
#4050=DIRECTION('center_axis',(0.,0.,-1.));
#4051=DIRECTION('ref_axis',(1.,0.,0.));
#4052=DIRECTION('center_axis',(0.,0.,-1.));
#4053=DIRECTION('ref_axis',(1.,0.,0.));
#4054=DIRECTION('center_axis',(0.,0.,-1.));
#4055=DIRECTION('ref_axis',(1.,0.,0.));
#4056=DIRECTION('center_axis',(0.,0.,-1.));
#4057=DIRECTION('ref_axis',(1.,0.,0.));
#4058=DIRECTION('center_axis',(0.,0.,-1.));
#4059=DIRECTION('ref_axis',(1.,0.,0.));
#4060=DIRECTION('center_axis',(0.,0.,-1.));
#4061=DIRECTION('ref_axis',(1.,0.,0.));
#4062=DIRECTION('center_axis',(0.,0.,-1.));
#4063=DIRECTION('ref_axis',(1.,0.,0.));
#4064=DIRECTION('center_axis',(0.,0.,-1.));
#4065=DIRECTION('ref_axis',(1.,0.,0.));
#4066=DIRECTION('',(0.,0.,1.));
#4067=DIRECTION('center_axis',(0.,0.,-1.));
#4068=DIRECTION('ref_axis',(1.,0.,0.));
#4069=DIRECTION('center_axis',(0.,0.,-1.));
#4070=DIRECTION('ref_axis',(1.,0.,0.));
#4071=DIRECTION('center_axis',(0.,0.,-1.));
#4072=DIRECTION('ref_axis',(1.,0.,0.));
#4073=DIRECTION('center_axis',(0.,0.,-1.));
#4074=DIRECTION('ref_axis',(1.,0.,0.));
#4075=DIRECTION('center_axis',(0.,0.,-1.));
#4076=DIRECTION('ref_axis',(1.,0.,0.));
#4077=DIRECTION('center_axis',(0.,0.,-1.));
#4078=DIRECTION('ref_axis',(1.,0.,0.));
#4079=DIRECTION('center_axis',(0.,0.,-1.));
#4080=DIRECTION('ref_axis',(1.,0.,0.));
#4081=DIRECTION('center_axis',(0.,0.,-1.));
#4082=DIRECTION('ref_axis',(1.,0.,0.));
#4083=DIRECTION('center_axis',(0.,0.,-1.));
#4084=DIRECTION('ref_axis',(1.,0.,0.));
#4085=DIRECTION('center_axis',(0.,0.,-1.));
#4086=DIRECTION('ref_axis',(1.,0.,0.));
#4087=DIRECTION('center_axis',(0.,0.,-1.));
#4088=DIRECTION('ref_axis',(1.,0.,0.));
#4089=DIRECTION('center_axis',(0.,0.,-1.));
#4090=DIRECTION('ref_axis',(1.,0.,0.));
#4091=DIRECTION('center_axis',(0.,0.,-1.));
#4092=DIRECTION('ref_axis',(1.,0.,0.));
#4093=DIRECTION('center_axis',(0.,0.,-1.));
#4094=DIRECTION('ref_axis',(1.,0.,0.));
#4095=DIRECTION('center_axis',(0.,0.,-1.));
#4096=DIRECTION('ref_axis',(1.,0.,0.));
#4097=DIRECTION('center_axis',(0.,0.,-1.));
#4098=DIRECTION('ref_axis',(1.,0.,0.));
#4099=DIRECTION('center_axis',(0.,0.,-1.));
#4100=DIRECTION('ref_axis',(1.,0.,0.));
#4101=DIRECTION('center_axis',(0.,0.,-1.));
#4102=DIRECTION('ref_axis',(1.,0.,0.));
#4103=DIRECTION('center_axis',(0.,0.,-1.));
#4104=DIRECTION('ref_axis',(1.,0.,0.));
#4105=DIRECTION('center_axis',(0.,0.,-1.));
#4106=DIRECTION('ref_axis',(1.,0.,0.));
#4107=DIRECTION('center_axis',(0.,0.,-1.));
#4108=DIRECTION('ref_axis',(1.,0.,0.));
#4109=DIRECTION('',(0.,0.,-1.));
#4110=DIRECTION('center_axis',(0.,0.,-1.));
#4111=DIRECTION('ref_axis',(1.,0.,0.));
#4112=CARTESIAN_POINT('',(0.,0.,0.));
#4113=CARTESIAN_POINT('Origin',(19.6222131779267,19.6222131779267,-8.1));
#4114=CARTESIAN_POINT('',(20.1838023645177,16.389451550009,-6.26589232916427));
#4115=CARTESIAN_POINT('',(16.389451550009,20.1838023645177,-6.26589232916422));
#4116=CARTESIAN_POINT('Ctrl Pts',(20.1838023645177,16.389451550009,-6.26589232916427));
#4117=CARTESIAN_POINT('Ctrl Pts',(19.8125854837282,16.3266810486473,-5.94683969402624));
#4118=CARTESIAN_POINT('Ctrl Pts',(19.427022043868,16.249803651293,-5.73787755251307));
#4119=CARTESIAN_POINT('Ctrl Pts',(18.6712200434469,16.0491590556536,-5.41889099254576));
#4120=CARTESIAN_POINT('Ctrl Pts',(18.2799552689012,15.9233689802479,-5.30390652002881));
#4121=CARTESIAN_POINT('Ctrl Pts',(17.516511185965,15.6090144107834,-5.13772564345789));
#4122=CARTESIAN_POINT('Ctrl Pts',(17.207531319333,15.4452834234223,-5.09792582223948));
#4123=CARTESIAN_POINT('Ctrl Pts',(16.8331068270653,15.2060115220267,-5.06003992054521));
#4124=CARTESIAN_POINT('Ctrl Pts',(16.6935514844999,15.0849542982588,-5.05447652415511));
#4125=CARTESIAN_POINT('Ctrl Pts',(16.3576224862983,14.9221419007873,-5.01218777458476));
#4126=CARTESIAN_POINT('Ctrl Pts',(16.229728810587,14.8800239383733,-4.99263579306007));
#4127=CARTESIAN_POINT('Ctrl Pts',(16.0325380593485,14.8434044546606,-4.96018579113754));
#4128=CARTESIAN_POINT('Ctrl Pts',(15.9273404233528,14.837225549013,-4.94188045428572));
#4129=CARTESIAN_POINT('Ctrl Pts',(15.7421578946021,14.8571924919292,-4.90992833353994));
#4130=CARTESIAN_POINT('Ctrl Pts',(15.6372950687111,14.8868044434638,-4.89256094058176));
#4131=CARTESIAN_POINT('Ctrl Pts',(15.3977680004405,14.9924193357635,-4.85850956904427));
#4132=CARTESIAN_POINT('Ctrl Pts',(15.3070771612411,15.0995058011007,-4.84883874169825));
#4133=CARTESIAN_POINT('Ctrl Pts',(15.1379823269445,15.2671032036724,-4.85058118076178));
#4134=CARTESIAN_POINT('Ctrl Pts',(15.092412974507,15.311445626463,-4.85330711823232));
#4135=CARTESIAN_POINT('Ctrl Pts',(15.0124817470138,15.3991237883337,-4.86079055064979));
#4136=CARTESIAN_POINT('Ctrl Pts',(14.9470598039299,15.482062953461,-4.86885618470023));
#4137=CARTESIAN_POINT('Ctrl Pts',(14.8662508963027,15.7040103161351,-4.9036259326078));
#4138=CARTESIAN_POINT('Ctrl Pts',(14.8371786914658,15.8080248177569,-4.9211965316794));
#4139=CARTESIAN_POINT('Ctrl Pts',(14.8462209066967,16.028303659411,-4.95909931261035));
#4140=CARTESIAN_POINT('Ctrl Pts',(14.8562917906084,16.1919744534306,-4.98880529912518));
#4141=CARTESIAN_POINT('Ctrl Pts',(15.0736339988568,16.6989270061673,-5.05758017699742));
#4142=CARTESIAN_POINT('Ctrl Pts',(15.2137529081201,16.8062303876297,-5.0482927738586));
#4143=CARTESIAN_POINT('Ctrl Pts',(15.6636225625542,17.6174606732955,-5.15488697423774));
#4144=CARTESIAN_POINT('Ctrl Pts',(15.9351949034947,18.2670470664687,-5.2629732542742));
#4145=CARTESIAN_POINT('Ctrl Pts',(16.2342949471802,19.3566096920871,-5.70117298811961));
#4146=CARTESIAN_POINT('Ctrl Pts',(16.3207317461155,19.7774020539192,-5.91660032029439));
#4147=CARTESIAN_POINT('Ctrl Pts',(16.389451550009,20.1838023645177,-6.26589232916422));
#4148=CARTESIAN_POINT('',(20.5386767993792,15.9424827216667,-8.1));
#4149=CARTESIAN_POINT('Ctrl Pts',(20.5386767993792,15.9424827216667,-8.1));
#4150=CARTESIAN_POINT('Ctrl Pts',(20.5386767993792,15.9424827216667,-7.69146193732343));
#4151=CARTESIAN_POINT('Ctrl Pts',(20.4884527654085,16.0078480518237,-7.25598792011408));
#4152=CARTESIAN_POINT('Ctrl Pts',(20.3309477298722,16.2067913354773,-6.6478323772346));
#4153=CARTESIAN_POINT('Ctrl Pts',(20.2631020981339,16.2917929952986,-6.4489355158111));
#4154=CARTESIAN_POINT('Ctrl Pts',(20.1838023645177,16.389451550009,-6.26589232916427));
#4155=CARTESIAN_POINT('',(14.8492424049175,10.253048327205,-8.1));
#4156=CARTESIAN_POINT('',(21.920310216783,17.3241161390704,-8.1));
#4157=CARTESIAN_POINT('Origin',(12.5511453660612,12.5511453660612,-8.1));
#4158=CARTESIAN_POINT('',(20.1838023645177,16.389451550009,-9.93410767083573));
#4159=CARTESIAN_POINT('Ctrl Pts',(20.1838023645177,16.389451550009,-9.93410767083573));
#4160=CARTESIAN_POINT('Ctrl Pts',(20.2631020981339,16.2917929952986,-9.75106448418891));
#4161=CARTESIAN_POINT('Ctrl Pts',(20.3309477298722,16.2067913354773,-9.5521676227654));
#4162=CARTESIAN_POINT('Ctrl Pts',(20.4884527654085,16.0078480518237,-8.94401207988593));
#4163=CARTESIAN_POINT('Ctrl Pts',(20.5386767993792,15.9424827216667,-8.50853806267657));
#4164=CARTESIAN_POINT('Ctrl Pts',(20.5386767993792,15.9424827216667,-8.1));
#4165=CARTESIAN_POINT('',(16.389451550009,20.1838023645177,-9.93410767083578));
#4166=CARTESIAN_POINT('Ctrl Pts',(16.389451550009,20.1838023645177,-9.93410767083578));
#4167=CARTESIAN_POINT('Ctrl Pts',(16.3585990839975,20.0013447459073,-10.0909259273085));
#4168=CARTESIAN_POINT('Ctrl Pts',(16.3148948778709,19.7300526657708,-10.2947464681388));
#4169=CARTESIAN_POINT('Ctrl Pts',(16.1521301901088,19.0439707063429,-10.6347332662601));
#4170=CARTESIAN_POINT('Ctrl Pts',(16.0696968407715,18.7468735514229,-10.7469216465564));
#4171=CARTESIAN_POINT('Ctrl Pts',(15.7904003251307,17.908271318863,-11.0004301887678));
#4172=CARTESIAN_POINT('Ctrl Pts',(15.5795016537793,17.4686856143506,-11.0639751600233));
#4173=CARTESIAN_POINT('Ctrl Pts',(15.2672407082331,16.8990762731552,-11.1403569104208));
#4174=CARTESIAN_POINT('Ctrl Pts',(15.1679370167044,16.80763682139,-11.1367473973632));
#4175=CARTESIAN_POINT('Ctrl Pts',(14.9409955124301,16.4238160937375,-11.1767574036583));
#4176=CARTESIAN_POINT('Ctrl Pts',(14.8972177031085,16.2790067595422,-11.2000613509587));
#4177=CARTESIAN_POINT('Ctrl Pts',(14.8259518331661,15.9943935606743,-11.245044222689));
#4178=CARTESIAN_POINT('Ctrl Pts',(14.8431335384722,15.8543374779834,-11.2707981759665));
#4179=CARTESIAN_POINT('Ctrl Pts',(14.8732058597827,15.6643185650019,-11.3032743246618));
#4180=CARTESIAN_POINT('Ctrl Pts',(14.9065633602995,15.5908301670663,-11.3141020077326));
#4181=CARTESIAN_POINT('Ctrl Pts',(14.9855079698617,15.4191212046844,-11.3382561246663));
#4182=CARTESIAN_POINT('Ctrl Pts',(15.0778838233183,15.3262333054184,-11.3476607857307));
#4183=CARTESIAN_POINT('Ctrl Pts',(15.2379551496982,15.1682728584248,-11.351160207369));
#4184=CARTESIAN_POINT('Ctrl Pts',(15.3159831741031,15.0638195395019,-11.350230384832));
#4185=CARTESIAN_POINT('Ctrl Pts',(15.4966200267433,14.9524840521276,-11.3272429073743));
#4186=CARTESIAN_POINT('Ctrl Pts',(15.5418274120499,14.9257967718862,-11.3216920947245));
#4187=CARTESIAN_POINT('Ctrl Pts',(15.7056409688179,14.8652009624728,-11.2962006947509));
#4188=CARTESIAN_POINT('Ctrl Pts',(15.8046719853145,14.8382304204498,-11.2793582144438));
#4189=CARTESIAN_POINT('Ctrl Pts',(16.025883906339,14.8457193089005,-11.2413246099046));
#4190=CARTESIAN_POINT('Ctrl Pts',(16.1845649376443,14.8553505877708,-11.2125603898014));
#4191=CARTESIAN_POINT('Ctrl Pts',(16.6926224525,15.0681068578963,-11.1428197842799));
#4192=CARTESIAN_POINT('Ctrl Pts',(16.8014507016082,15.2111023220454,-11.1523352682875));
#4193=CARTESIAN_POINT('Ctrl Pts',(17.617460673299,15.6636225625558,-11.0451130257617));
#4194=CARTESIAN_POINT('Ctrl Pts',(18.2670470664713,15.9351949034955,-10.9370267457249));
#4195=CARTESIAN_POINT('Ctrl Pts',(19.3566096920878,16.2342949471804,-10.4988270118801));
#4196=CARTESIAN_POINT('Ctrl Pts',(19.7774020539196,16.3207317461155,-10.2833996797053));
#4197=CARTESIAN_POINT('Ctrl Pts',(20.1838023645177,16.389451550009,-9.93410767083573));
#4198=CARTESIAN_POINT('Ctrl Pts',(16.389451550009,20.1838023645177,-6.26589232916422));
#4199=CARTESIAN_POINT('Ctrl Pts',(16.2917929952986,20.263102098134,-6.44893551581107));
#4200=CARTESIAN_POINT('Ctrl Pts',(16.2067913354773,20.3309477298722,-6.64783237723458));
#4201=CARTESIAN_POINT('Ctrl Pts',(16.0078480518237,20.4884527654086,-7.25598792011408));
#4202=CARTESIAN_POINT('Ctrl Pts',(15.9424827216667,20.5386767993793,-7.69146193732343));
#4203=CARTESIAN_POINT('Ctrl Pts',(15.9424827216667,20.5386767993793,-8.1));
#4204=CARTESIAN_POINT('Ctrl Pts',(15.9424827216667,20.5386767993793,-8.50853806267657));
#4205=CARTESIAN_POINT('Ctrl Pts',(16.0078480518237,20.4884527654086,-8.94401207988593));
#4206=CARTESIAN_POINT('Ctrl Pts',(16.2067913354773,20.3309477298722,-9.55216762276542));
#4207=CARTESIAN_POINT('Ctrl Pts',(16.2917929952986,20.263102098134,-9.75106448418893));
#4208=CARTESIAN_POINT('Ctrl Pts',(16.389451550009,20.1838023645177,-9.93410767083578));
#4209=CARTESIAN_POINT('Origin',(12.5511453660612,12.5511453660612,-8.1));
#4210=CARTESIAN_POINT('',(13.6825162159597,11.4197745161628,-8.1));
#4211=CARTESIAN_POINT('Origin',(12.5511453660612,12.5511453660612,-8.1));
#4212=CARTESIAN_POINT('Origin',(0.,0.,0.));
#4213=CARTESIAN_POINT('',(20.1838023645177,16.389451550009,0.));
#4214=CARTESIAN_POINT('',(20.1838023645177,16.389451550009,0.));
#4215=CARTESIAN_POINT('',(21.0549469853895,15.2541537766746,0.));
#4216=CARTESIAN_POINT('Origin',(0.,0.,0.));
#4217=CARTESIAN_POINT('',(21.0549469853895,15.2541537766746,-16.2));
#4218=CARTESIAN_POINT('',(21.0549469853895,15.2541537766746,0.));
#4219=CARTESIAN_POINT('',(20.1838023645177,16.389451550009,-16.2));
#4220=CARTESIAN_POINT('Origin',(0.,0.,-16.2));
#4221=CARTESIAN_POINT('',(20.1838023645177,16.389451550009,0.));
#4222=CARTESIAN_POINT('Ctrl Pts',(20.1838023645177,16.389451550009,0.));
#4223=CARTESIAN_POINT('Ctrl Pts',(20.1838023645177,16.389451550009,-16.2));
#4224=CARTESIAN_POINT('Ctrl Pts',(20.072663749605,16.3706586907945,0.));
#4225=CARTESIAN_POINT('Ctrl Pts',(20.072663749605,16.3706586907945,-16.2));
#4226=CARTESIAN_POINT('Ctrl Pts',(19.850385725992,16.3330728381409,0.));
#4227=CARTESIAN_POINT('Ctrl Pts',(19.850385725992,16.3330728381409,-16.2));
#4228=CARTESIAN_POINT('Ctrl Pts',(19.5191577443386,16.2647709930477,0.));
#4229=CARTESIAN_POINT('Ctrl Pts',(19.5191577443386,16.2647709930477,-16.2));
#4230=CARTESIAN_POINT('Ctrl Pts',(19.1899076992128,16.1876242389529,0.));
#4231=CARTESIAN_POINT('Ctrl Pts',(19.1899076992128,16.1876242389529,-16.2));
#4232=CARTESIAN_POINT('Ctrl Pts',(18.8632036850646,16.1002418526971,0.));
#4233=CARTESIAN_POINT('Ctrl Pts',(18.8632036850646,16.1002418526971,-16.2));
#4234=CARTESIAN_POINT('Ctrl Pts',(18.5395237112327,16.0022533734374,0.));
#4235=CARTESIAN_POINT('Ctrl Pts',(18.5395237112327,16.0022533734374,-16.2));
#4236=CARTESIAN_POINT('Ctrl Pts',(18.219493110763,15.8928812996378,0.));
#4237=CARTESIAN_POINT('Ctrl Pts',(18.219493110763,15.8928812996378,-16.2));
#4238=CARTESIAN_POINT('Ctrl Pts',(17.9039718250956,15.7711367516566,0.));
#4239=CARTESIAN_POINT('Ctrl Pts',(17.9039718250956,15.7711367516566,-16.2));
#4240=CARTESIAN_POINT('Ctrl Pts',(17.5938233257103,15.6360790970135,0.));
#4241=CARTESIAN_POINT('Ctrl Pts',(17.5938233257103,15.6360790970135,-16.2));
#4242=CARTESIAN_POINT('Ctrl Pts',(17.291413636552,15.484855559366,0.));
#4243=CARTESIAN_POINT('Ctrl Pts',(17.291413636552,15.484855559366,-16.2));
#4244=CARTESIAN_POINT('Ctrl Pts',(16.9962496534492,15.3187088262966,0.));
#4245=CARTESIAN_POINT('Ctrl Pts',(16.9962496534492,15.3187088262966,-16.2));
#4246=CARTESIAN_POINT('Ctrl Pts',(16.7700289366195,15.1501696960516,0.));
#4247=CARTESIAN_POINT('Ctrl Pts',(16.7700289366195,15.1501696960516,-16.2));
#4248=CARTESIAN_POINT('Ctrl Pts',(16.579067268379,15.0300866171914,0.));
#4249=CARTESIAN_POINT('Ctrl Pts',(16.579067268379,15.0300866171914,-16.2));
#4250=CARTESIAN_POINT('Ctrl Pts',(16.427680782168,14.9541953837035,0.));
#4251=CARTESIAN_POINT('Ctrl Pts',(16.427680782168,14.9541953837035,-16.2));
#4252=CARTESIAN_POINT('Ctrl Pts',(16.2693702864751,14.8945328153738,0.));
#4253=CARTESIAN_POINT('Ctrl Pts',(16.2693702864751,14.8945328153738,-16.2));
#4254=CARTESIAN_POINT('Ctrl Pts',(16.1052320706632,14.8518920583589,0.));
#4255=CARTESIAN_POINT('Ctrl Pts',(16.1052320706632,14.8518920583589,-16.2));
#4256=CARTESIAN_POINT('Ctrl Pts',(15.964229130608,14.8416140010829,0.));
#4257=CARTESIAN_POINT('Ctrl Pts',(15.964229130608,14.8416140010829,-16.2));
#4258=CARTESIAN_POINT('Ctrl Pts',(15.851435960194,14.8437371988404,0.));
#4259=CARTESIAN_POINT('Ctrl Pts',(15.851435960194,14.8437371988404,-16.2));
#4260=CARTESIAN_POINT('Ctrl Pts',(15.7677279103792,14.8563539069802,0.));
#4261=CARTESIAN_POINT('Ctrl Pts',(15.7677279103792,14.8563539069802,-16.2));
#4262=CARTESIAN_POINT('Ctrl Pts',(15.6847212320279,14.8731860706294,0.));
#4263=CARTESIAN_POINT('Ctrl Pts',(15.6847212320279,14.8731860706294,-16.2));
#4264=CARTESIAN_POINT('Ctrl Pts',(15.6050853413917,14.9019079241288,0.));
#4265=CARTESIAN_POINT('Ctrl Pts',(15.6050853413917,14.9019079241288,-16.2));
#4266=CARTESIAN_POINT('Ctrl Pts',(15.5267133622038,14.9340216065537,0.));
#4267=CARTESIAN_POINT('Ctrl Pts',(15.5267133622038,14.9340216065537,-16.2));
#4268=CARTESIAN_POINT('Ctrl Pts',(15.4543469723217,14.9780283261845,0.));
#4269=CARTESIAN_POINT('Ctrl Pts',(15.4543469723217,14.9780283261845,-16.2));
#4270=CARTESIAN_POINT('Ctrl Pts',(15.3841138154162,15.0253288574906,0.));
#4271=CARTESIAN_POINT('Ctrl Pts',(15.3841138154162,15.0253288574906,-16.2));
#4272=CARTESIAN_POINT('Ctrl Pts',(15.3011763524414,15.1020278248552,0.));
#4273=CARTESIAN_POINT('Ctrl Pts',(15.3011763524414,15.1020278248552,-16.2));
#4274=CARTESIAN_POINT('Ctrl Pts',(15.2035916684864,15.2035916684864,0.));
#4275=CARTESIAN_POINT('Ctrl Pts',(15.2035916684864,15.2035916684864,-16.2));
#4276=CARTESIAN_POINT('Ctrl Pts',(15.1020278248553,15.3011763524415,0.));
#4277=CARTESIAN_POINT('Ctrl Pts',(15.1020278248553,15.3011763524415,-16.2));
#4278=CARTESIAN_POINT('Ctrl Pts',(15.0253288574906,15.3841138154162,0.));
#4279=CARTESIAN_POINT('Ctrl Pts',(15.0253288574906,15.3841138154162,-16.2));
#4280=CARTESIAN_POINT('Ctrl Pts',(14.9780283261846,15.4543469723218,0.));
#4281=CARTESIAN_POINT('Ctrl Pts',(14.9780283261846,15.4543469723218,-16.2));
#4282=CARTESIAN_POINT('Ctrl Pts',(14.9340216065537,15.5267133622038,0.));
#4283=CARTESIAN_POINT('Ctrl Pts',(14.9340216065537,15.5267133622038,-16.2));
#4284=CARTESIAN_POINT('Ctrl Pts',(14.9019079241288,15.6050853413917,0.));
#4285=CARTESIAN_POINT('Ctrl Pts',(14.9019079241288,15.6050853413917,-16.2));
#4286=CARTESIAN_POINT('Ctrl Pts',(14.8731860706294,15.6847212320279,0.));
#4287=CARTESIAN_POINT('Ctrl Pts',(14.8731860706294,15.6847212320279,-16.2));
#4288=CARTESIAN_POINT('Ctrl Pts',(14.8563539069802,15.7677279103792,0.));
#4289=CARTESIAN_POINT('Ctrl Pts',(14.8563539069802,15.7677279103792,-16.2));
#4290=CARTESIAN_POINT('Ctrl Pts',(14.8437371988404,15.851435960194,0.));
#4291=CARTESIAN_POINT('Ctrl Pts',(14.8437371988404,15.851435960194,-16.2));
#4292=CARTESIAN_POINT('Ctrl Pts',(14.8416140010829,15.964229130608,0.));
#4293=CARTESIAN_POINT('Ctrl Pts',(14.8416140010829,15.964229130608,-16.2));
#4294=CARTESIAN_POINT('Ctrl Pts',(14.8518920583588,16.1052320706632,0.));
#4295=CARTESIAN_POINT('Ctrl Pts',(14.8518920583588,16.1052320706632,-16.2));
#4296=CARTESIAN_POINT('Ctrl Pts',(14.8945328153738,16.2693702864751,0.));
#4297=CARTESIAN_POINT('Ctrl Pts',(14.8945328153738,16.2693702864751,-16.2));
#4298=CARTESIAN_POINT('Ctrl Pts',(14.9541953837035,16.427680782168,0.));
#4299=CARTESIAN_POINT('Ctrl Pts',(14.9541953837035,16.427680782168,-16.2));
#4300=CARTESIAN_POINT('Ctrl Pts',(15.0300866171914,16.579067268379,0.));
#4301=CARTESIAN_POINT('Ctrl Pts',(15.0300866171914,16.579067268379,-16.2));
#4302=CARTESIAN_POINT('Ctrl Pts',(15.1501696960515,16.7700289366195,0.));
#4303=CARTESIAN_POINT('Ctrl Pts',(15.1501696960515,16.7700289366195,-16.2));
#4304=CARTESIAN_POINT('Ctrl Pts',(15.3187088262966,16.9962496534492,0.));
#4305=CARTESIAN_POINT('Ctrl Pts',(15.3187088262966,16.9962496534492,-16.2));
#4306=CARTESIAN_POINT('Ctrl Pts',(15.484855559366,17.291413636552,0.));
#4307=CARTESIAN_POINT('Ctrl Pts',(15.484855559366,17.291413636552,-16.2));
#4308=CARTESIAN_POINT('Ctrl Pts',(15.6360790970135,17.5938233257103,0.));
#4309=CARTESIAN_POINT('Ctrl Pts',(15.6360790970135,17.5938233257103,-16.2));
#4310=CARTESIAN_POINT('Ctrl Pts',(15.7711367516565,17.9039718250956,0.));
#4311=CARTESIAN_POINT('Ctrl Pts',(15.7711367516565,17.9039718250956,-16.2));
#4312=CARTESIAN_POINT('Ctrl Pts',(15.8928812996378,18.219493110763,0.));
#4313=CARTESIAN_POINT('Ctrl Pts',(15.8928812996378,18.219493110763,-16.2));
#4314=CARTESIAN_POINT('Ctrl Pts',(16.0022533734374,18.5395237112326,0.));
#4315=CARTESIAN_POINT('Ctrl Pts',(16.0022533734374,18.5395237112326,-16.2));
#4316=CARTESIAN_POINT('Ctrl Pts',(16.1002418526971,18.8632036850646,0.));
#4317=CARTESIAN_POINT('Ctrl Pts',(16.1002418526971,18.8632036850646,-16.2));
#4318=CARTESIAN_POINT('Ctrl Pts',(16.1876242389528,19.1899076992128,0.));
#4319=CARTESIAN_POINT('Ctrl Pts',(16.1876242389528,19.1899076992128,-16.2));
#4320=CARTESIAN_POINT('Ctrl Pts',(16.2647709930477,19.5191577443386,0.));
#4321=CARTESIAN_POINT('Ctrl Pts',(16.2647709930477,19.5191577443386,-16.2));
#4322=CARTESIAN_POINT('Ctrl Pts',(16.3330728381409,19.850385725992,0.));
#4323=CARTESIAN_POINT('Ctrl Pts',(16.3330728381409,19.850385725992,-16.2));
#4324=CARTESIAN_POINT('Ctrl Pts',(16.3706586907945,20.072663749605,0.));
#4325=CARTESIAN_POINT('Ctrl Pts',(16.3706586907945,20.072663749605,-16.2));
#4326=CARTESIAN_POINT('Ctrl Pts',(16.389451550009,20.1838023645177,0.));
#4327=CARTESIAN_POINT('Ctrl Pts',(16.389451550009,20.1838023645177,-16.2));
#4328=CARTESIAN_POINT('',(16.389451550009,20.1838023645177,0.));
#4329=CARTESIAN_POINT('',(16.389451550009,20.1838023645177,0.));
#4330=CARTESIAN_POINT('Ctrl Pts',(20.1838023645177,16.389451550009,0.));
#4331=CARTESIAN_POINT('Ctrl Pts',(20.072663749605,16.3706586907945,0.));
#4332=CARTESIAN_POINT('Ctrl Pts',(19.850385725992,16.3330728381409,0.));
#4333=CARTESIAN_POINT('Ctrl Pts',(19.5191577443386,16.2647709930477,0.));
#4334=CARTESIAN_POINT('Ctrl Pts',(19.1899076992128,16.1876242389529,0.));
#4335=CARTESIAN_POINT('Ctrl Pts',(18.8632036850646,16.1002418526971,0.));
#4336=CARTESIAN_POINT('Ctrl Pts',(18.5395237112327,16.0022533734374,0.));
#4337=CARTESIAN_POINT('Ctrl Pts',(18.219493110763,15.8928812996378,0.));
#4338=CARTESIAN_POINT('Ctrl Pts',(17.9039718250956,15.7711367516566,0.));
#4339=CARTESIAN_POINT('Ctrl Pts',(17.5938233257103,15.6360790970135,0.));
#4340=CARTESIAN_POINT('Ctrl Pts',(17.291413636552,15.484855559366,0.));
#4341=CARTESIAN_POINT('Ctrl Pts',(16.9962496534492,15.3187088262966,0.));
#4342=CARTESIAN_POINT('Ctrl Pts',(16.7700289366195,15.1501696960516,0.));
#4343=CARTESIAN_POINT('Ctrl Pts',(16.579067268379,15.0300866171914,0.));
#4344=CARTESIAN_POINT('Ctrl Pts',(16.427680782168,14.9541953837035,0.));
#4345=CARTESIAN_POINT('Ctrl Pts',(16.2693702864751,14.8945328153738,0.));
#4346=CARTESIAN_POINT('Ctrl Pts',(16.1052320706632,14.8518920583589,0.));
#4347=CARTESIAN_POINT('Ctrl Pts',(15.964229130608,14.8416140010829,0.));
#4348=CARTESIAN_POINT('Ctrl Pts',(15.851435960194,14.8437371988404,0.));
#4349=CARTESIAN_POINT('Ctrl Pts',(15.7677279103792,14.8563539069802,0.));
#4350=CARTESIAN_POINT('Ctrl Pts',(15.6847212320279,14.8731860706294,0.));
#4351=CARTESIAN_POINT('Ctrl Pts',(15.6050853413917,14.9019079241288,0.));
#4352=CARTESIAN_POINT('Ctrl Pts',(15.5267133622038,14.9340216065537,0.));
#4353=CARTESIAN_POINT('Ctrl Pts',(15.4543469723217,14.9780283261845,0.));
#4354=CARTESIAN_POINT('Ctrl Pts',(15.3841138154162,15.0253288574906,0.));
#4355=CARTESIAN_POINT('Ctrl Pts',(15.3011763524414,15.1020278248552,0.));
#4356=CARTESIAN_POINT('Ctrl Pts',(15.2035916684864,15.2035916684864,0.));
#4357=CARTESIAN_POINT('Ctrl Pts',(15.1020278248553,15.3011763524415,0.));
#4358=CARTESIAN_POINT('Ctrl Pts',(15.0253288574906,15.3841138154162,0.));
#4359=CARTESIAN_POINT('Ctrl Pts',(14.9780283261846,15.4543469723218,0.));
#4360=CARTESIAN_POINT('Ctrl Pts',(14.9340216065537,15.5267133622038,0.));
#4361=CARTESIAN_POINT('Ctrl Pts',(14.9019079241288,15.6050853413917,0.));
#4362=CARTESIAN_POINT('Ctrl Pts',(14.8731860706294,15.6847212320279,0.));
#4363=CARTESIAN_POINT('Ctrl Pts',(14.8563539069802,15.7677279103792,0.));
#4364=CARTESIAN_POINT('Ctrl Pts',(14.8437371988404,15.851435960194,0.));
#4365=CARTESIAN_POINT('Ctrl Pts',(14.8416140010829,15.964229130608,0.));
#4366=CARTESIAN_POINT('Ctrl Pts',(14.8518920583588,16.1052320706632,0.));
#4367=CARTESIAN_POINT('Ctrl Pts',(14.8945328153738,16.2693702864751,0.));
#4368=CARTESIAN_POINT('Ctrl Pts',(14.9541953837035,16.427680782168,0.));
#4369=CARTESIAN_POINT('Ctrl Pts',(15.0300866171914,16.579067268379,0.));
#4370=CARTESIAN_POINT('Ctrl Pts',(15.1501696960515,16.7700289366195,0.));
#4371=CARTESIAN_POINT('Ctrl Pts',(15.3187088262966,16.9962496534492,0.));
#4372=CARTESIAN_POINT('Ctrl Pts',(15.484855559366,17.291413636552,0.));
#4373=CARTESIAN_POINT('Ctrl Pts',(15.6360790970135,17.5938233257103,0.));
#4374=CARTESIAN_POINT('Ctrl Pts',(15.7711367516565,17.9039718250956,0.));
#4375=CARTESIAN_POINT('Ctrl Pts',(15.8928812996378,18.219493110763,0.));
#4376=CARTESIAN_POINT('Ctrl Pts',(16.0022533734374,18.5395237112326,0.));
#4377=CARTESIAN_POINT('Ctrl Pts',(16.1002418526971,18.8632036850646,0.));
#4378=CARTESIAN_POINT('Ctrl Pts',(16.1876242389528,19.1899076992128,0.));
#4379=CARTESIAN_POINT('Ctrl Pts',(16.2647709930477,19.5191577443386,0.));
#4380=CARTESIAN_POINT('Ctrl Pts',(16.3330728381409,19.850385725992,0.));
#4381=CARTESIAN_POINT('Ctrl Pts',(16.3706586907945,20.072663749605,0.));
#4382=CARTESIAN_POINT('Ctrl Pts',(16.389451550009,20.1838023645177,0.));
#4383=CARTESIAN_POINT('Ctrl Pts',(20.1838023645177,16.389451550009,0.));
#4384=CARTESIAN_POINT('Ctrl Pts',(20.1838023645177,16.389451550009,-16.2));
#4385=CARTESIAN_POINT('Ctrl Pts',(20.072663749605,16.3706586907945,0.));
#4386=CARTESIAN_POINT('Ctrl Pts',(20.072663749605,16.3706586907945,-16.2));
#4387=CARTESIAN_POINT('Ctrl Pts',(19.850385725992,16.3330728381409,0.));
#4388=CARTESIAN_POINT('Ctrl Pts',(19.850385725992,16.3330728381409,-16.2));
#4389=CARTESIAN_POINT('Ctrl Pts',(19.5191577443386,16.2647709930477,0.));
#4390=CARTESIAN_POINT('Ctrl Pts',(19.5191577443386,16.2647709930477,-16.2));
#4391=CARTESIAN_POINT('Ctrl Pts',(19.1899076992128,16.1876242389529,0.));
#4392=CARTESIAN_POINT('Ctrl Pts',(19.1899076992128,16.1876242389529,-16.2));
#4393=CARTESIAN_POINT('Ctrl Pts',(18.8632036850646,16.1002418526971,0.));
#4394=CARTESIAN_POINT('Ctrl Pts',(18.8632036850646,16.1002418526971,-16.2));
#4395=CARTESIAN_POINT('Ctrl Pts',(18.5395237112327,16.0022533734374,0.));
#4396=CARTESIAN_POINT('Ctrl Pts',(18.5395237112327,16.0022533734374,-16.2));
#4397=CARTESIAN_POINT('Ctrl Pts',(18.219493110763,15.8928812996378,0.));
#4398=CARTESIAN_POINT('Ctrl Pts',(18.219493110763,15.8928812996378,-16.2));
#4399=CARTESIAN_POINT('Ctrl Pts',(17.9039718250956,15.7711367516566,0.));
#4400=CARTESIAN_POINT('Ctrl Pts',(17.9039718250956,15.7711367516566,-16.2));
#4401=CARTESIAN_POINT('Ctrl Pts',(17.5938233257103,15.6360790970135,0.));
#4402=CARTESIAN_POINT('Ctrl Pts',(17.5938233257103,15.6360790970135,-16.2));
#4403=CARTESIAN_POINT('Ctrl Pts',(17.291413636552,15.484855559366,0.));
#4404=CARTESIAN_POINT('Ctrl Pts',(17.291413636552,15.484855559366,-16.2));
#4405=CARTESIAN_POINT('Ctrl Pts',(16.9962496534492,15.3187088262966,0.));
#4406=CARTESIAN_POINT('Ctrl Pts',(16.9962496534492,15.3187088262966,-16.2));
#4407=CARTESIAN_POINT('Ctrl Pts',(16.7700289366195,15.1501696960516,0.));
#4408=CARTESIAN_POINT('Ctrl Pts',(16.7700289366195,15.1501696960516,-16.2));
#4409=CARTESIAN_POINT('Ctrl Pts',(16.579067268379,15.0300866171914,0.));
#4410=CARTESIAN_POINT('Ctrl Pts',(16.579067268379,15.0300866171914,-16.2));
#4411=CARTESIAN_POINT('Ctrl Pts',(16.427680782168,14.9541953837035,0.));
#4412=CARTESIAN_POINT('Ctrl Pts',(16.427680782168,14.9541953837035,-16.2));
#4413=CARTESIAN_POINT('Ctrl Pts',(16.2693702864751,14.8945328153738,0.));
#4414=CARTESIAN_POINT('Ctrl Pts',(16.2693702864751,14.8945328153738,-16.2));
#4415=CARTESIAN_POINT('Ctrl Pts',(16.1052320706632,14.8518920583589,0.));
#4416=CARTESIAN_POINT('Ctrl Pts',(16.1052320706632,14.8518920583589,-16.2));
#4417=CARTESIAN_POINT('Ctrl Pts',(15.964229130608,14.8416140010829,0.));
#4418=CARTESIAN_POINT('Ctrl Pts',(15.964229130608,14.8416140010829,-16.2));
#4419=CARTESIAN_POINT('Ctrl Pts',(15.851435960194,14.8437371988404,0.));
#4420=CARTESIAN_POINT('Ctrl Pts',(15.851435960194,14.8437371988404,-16.2));
#4421=CARTESIAN_POINT('Ctrl Pts',(15.7677279103792,14.8563539069802,0.));
#4422=CARTESIAN_POINT('Ctrl Pts',(15.7677279103792,14.8563539069802,-16.2));
#4423=CARTESIAN_POINT('Ctrl Pts',(15.6847212320279,14.8731860706294,0.));
#4424=CARTESIAN_POINT('Ctrl Pts',(15.6847212320279,14.8731860706294,-16.2));
#4425=CARTESIAN_POINT('Ctrl Pts',(15.6050853413917,14.9019079241288,0.));
#4426=CARTESIAN_POINT('Ctrl Pts',(15.6050853413917,14.9019079241288,-16.2));
#4427=CARTESIAN_POINT('Ctrl Pts',(15.5267133622038,14.9340216065537,0.));
#4428=CARTESIAN_POINT('Ctrl Pts',(15.5267133622038,14.9340216065537,-16.2));
#4429=CARTESIAN_POINT('Ctrl Pts',(15.4543469723217,14.9780283261845,0.));
#4430=CARTESIAN_POINT('Ctrl Pts',(15.4543469723217,14.9780283261845,-16.2));
#4431=CARTESIAN_POINT('Ctrl Pts',(15.3841138154162,15.0253288574906,0.));
#4432=CARTESIAN_POINT('Ctrl Pts',(15.3841138154162,15.0253288574906,-16.2));
#4433=CARTESIAN_POINT('Ctrl Pts',(15.3011763524414,15.1020278248552,0.));
#4434=CARTESIAN_POINT('Ctrl Pts',(15.3011763524414,15.1020278248552,-16.2));
#4435=CARTESIAN_POINT('Ctrl Pts',(15.2035916684864,15.2035916684864,0.));
#4436=CARTESIAN_POINT('Ctrl Pts',(15.2035916684864,15.2035916684864,-16.2));
#4437=CARTESIAN_POINT('Ctrl Pts',(15.1020278248553,15.3011763524415,0.));
#4438=CARTESIAN_POINT('Ctrl Pts',(15.1020278248553,15.3011763524415,-16.2));
#4439=CARTESIAN_POINT('Ctrl Pts',(15.0253288574906,15.3841138154162,0.));
#4440=CARTESIAN_POINT('Ctrl Pts',(15.0253288574906,15.3841138154162,-16.2));
#4441=CARTESIAN_POINT('Ctrl Pts',(14.9780283261846,15.4543469723218,0.));
#4442=CARTESIAN_POINT('Ctrl Pts',(14.9780283261846,15.4543469723218,-16.2));
#4443=CARTESIAN_POINT('Ctrl Pts',(14.9340216065537,15.5267133622038,0.));
#4444=CARTESIAN_POINT('Ctrl Pts',(14.9340216065537,15.5267133622038,-16.2));
#4445=CARTESIAN_POINT('Ctrl Pts',(14.9019079241288,15.6050853413917,0.));
#4446=CARTESIAN_POINT('Ctrl Pts',(14.9019079241288,15.6050853413917,-16.2));
#4447=CARTESIAN_POINT('Ctrl Pts',(14.8731860706294,15.6847212320279,0.));
#4448=CARTESIAN_POINT('Ctrl Pts',(14.8731860706294,15.6847212320279,-16.2));
#4449=CARTESIAN_POINT('Ctrl Pts',(14.8563539069802,15.7677279103792,0.));
#4450=CARTESIAN_POINT('Ctrl Pts',(14.8563539069802,15.7677279103792,-16.2));
#4451=CARTESIAN_POINT('Ctrl Pts',(14.8437371988404,15.851435960194,0.));
#4452=CARTESIAN_POINT('Ctrl Pts',(14.8437371988404,15.851435960194,-16.2));
#4453=CARTESIAN_POINT('Ctrl Pts',(14.8416140010829,15.964229130608,0.));
#4454=CARTESIAN_POINT('Ctrl Pts',(14.8416140010829,15.964229130608,-16.2));
#4455=CARTESIAN_POINT('Ctrl Pts',(14.8518920583588,16.1052320706632,0.));
#4456=CARTESIAN_POINT('Ctrl Pts',(14.8518920583588,16.1052320706632,-16.2));
#4457=CARTESIAN_POINT('Ctrl Pts',(14.8945328153738,16.2693702864751,0.));
#4458=CARTESIAN_POINT('Ctrl Pts',(14.8945328153738,16.2693702864751,-16.2));
#4459=CARTESIAN_POINT('Ctrl Pts',(14.9541953837035,16.427680782168,0.));
#4460=CARTESIAN_POINT('Ctrl Pts',(14.9541953837035,16.427680782168,-16.2));
#4461=CARTESIAN_POINT('Ctrl Pts',(15.0300866171914,16.579067268379,0.));
#4462=CARTESIAN_POINT('Ctrl Pts',(15.0300866171914,16.579067268379,-16.2));
#4463=CARTESIAN_POINT('Ctrl Pts',(15.1501696960515,16.7700289366195,0.));
#4464=CARTESIAN_POINT('Ctrl Pts',(15.1501696960515,16.7700289366195,-16.2));
#4465=CARTESIAN_POINT('Ctrl Pts',(15.3187088262966,16.9962496534492,0.));
#4466=CARTESIAN_POINT('Ctrl Pts',(15.3187088262966,16.9962496534492,-16.2));
#4467=CARTESIAN_POINT('Ctrl Pts',(15.484855559366,17.291413636552,0.));
#4468=CARTESIAN_POINT('Ctrl Pts',(15.484855559366,17.291413636552,-16.2));
#4469=CARTESIAN_POINT('Ctrl Pts',(15.6360790970135,17.5938233257103,0.));
#4470=CARTESIAN_POINT('Ctrl Pts',(15.6360790970135,17.5938233257103,-16.2));
#4471=CARTESIAN_POINT('Ctrl Pts',(15.7711367516565,17.9039718250956,0.));
#4472=CARTESIAN_POINT('Ctrl Pts',(15.7711367516565,17.9039718250956,-16.2));
#4473=CARTESIAN_POINT('Ctrl Pts',(15.8928812996378,18.219493110763,0.));
#4474=CARTESIAN_POINT('Ctrl Pts',(15.8928812996378,18.219493110763,-16.2));
#4475=CARTESIAN_POINT('Ctrl Pts',(16.0022533734374,18.5395237112326,0.));
#4476=CARTESIAN_POINT('Ctrl Pts',(16.0022533734374,18.5395237112326,-16.2));
#4477=CARTESIAN_POINT('Ctrl Pts',(16.1002418526971,18.8632036850646,0.));
#4478=CARTESIAN_POINT('Ctrl Pts',(16.1002418526971,18.8632036850646,-16.2));
#4479=CARTESIAN_POINT('Ctrl Pts',(16.1876242389528,19.1899076992128,0.));
#4480=CARTESIAN_POINT('Ctrl Pts',(16.1876242389528,19.1899076992128,-16.2));
#4481=CARTESIAN_POINT('Ctrl Pts',(16.2647709930477,19.5191577443386,0.));
#4482=CARTESIAN_POINT('Ctrl Pts',(16.2647709930477,19.5191577443386,-16.2));
#4483=CARTESIAN_POINT('Ctrl Pts',(16.3330728381409,19.850385725992,0.));
#4484=CARTESIAN_POINT('Ctrl Pts',(16.3330728381409,19.850385725992,-16.2));
#4485=CARTESIAN_POINT('Ctrl Pts',(16.3706586907945,20.072663749605,0.));
#4486=CARTESIAN_POINT('Ctrl Pts',(16.3706586907945,20.072663749605,-16.2));
#4487=CARTESIAN_POINT('Ctrl Pts',(16.389451550009,20.1838023645177,0.));
#4488=CARTESIAN_POINT('Ctrl Pts',(16.389451550009,20.1838023645177,-16.2));
#4489=CARTESIAN_POINT('',(16.389451550009,20.1838023645177,-16.2));
#4490=CARTESIAN_POINT('Ctrl Pts',(16.389451550009,20.1838023645177,-16.2));
#4491=CARTESIAN_POINT('Ctrl Pts',(16.3706586907945,20.072663749605,-16.2));
#4492=CARTESIAN_POINT('Ctrl Pts',(16.3330728381409,19.850385725992,-16.2));
#4493=CARTESIAN_POINT('Ctrl Pts',(16.2647709930477,19.5191577443386,-16.2));
#4494=CARTESIAN_POINT('Ctrl Pts',(16.1876242389528,19.1899076992128,-16.2));
#4495=CARTESIAN_POINT('Ctrl Pts',(16.1002418526971,18.8632036850646,-16.2));
#4496=CARTESIAN_POINT('Ctrl Pts',(16.0022533734374,18.5395237112326,-16.2));
#4497=CARTESIAN_POINT('Ctrl Pts',(15.8928812996378,18.219493110763,-16.2));
#4498=CARTESIAN_POINT('Ctrl Pts',(15.7711367516565,17.9039718250956,-16.2));
#4499=CARTESIAN_POINT('Ctrl Pts',(15.6360790970135,17.5938233257103,-16.2));
#4500=CARTESIAN_POINT('Ctrl Pts',(15.484855559366,17.291413636552,-16.2));
#4501=CARTESIAN_POINT('Ctrl Pts',(15.3187088262966,16.9962496534492,-16.2));
#4502=CARTESIAN_POINT('Ctrl Pts',(15.1501696960515,16.7700289366195,-16.2));
#4503=CARTESIAN_POINT('Ctrl Pts',(15.0300866171914,16.579067268379,-16.2));
#4504=CARTESIAN_POINT('Ctrl Pts',(14.9541953837035,16.427680782168,-16.2));
#4505=CARTESIAN_POINT('Ctrl Pts',(14.8945328153738,16.2693702864751,-16.2));
#4506=CARTESIAN_POINT('Ctrl Pts',(14.8518920583588,16.1052320706632,-16.2));
#4507=CARTESIAN_POINT('Ctrl Pts',(14.8416140010829,15.964229130608,-16.2));
#4508=CARTESIAN_POINT('Ctrl Pts',(14.8437371988404,15.851435960194,-16.2));
#4509=CARTESIAN_POINT('Ctrl Pts',(14.8563539069802,15.7677279103792,-16.2));
#4510=CARTESIAN_POINT('Ctrl Pts',(14.8731860706294,15.6847212320279,-16.2));
#4511=CARTESIAN_POINT('Ctrl Pts',(14.9019079241288,15.6050853413917,-16.2));
#4512=CARTESIAN_POINT('Ctrl Pts',(14.9340216065537,15.5267133622038,-16.2));
#4513=CARTESIAN_POINT('Ctrl Pts',(14.9780283261846,15.4543469723218,-16.2));
#4514=CARTESIAN_POINT('Ctrl Pts',(15.0253288574906,15.3841138154162,-16.2));
#4515=CARTESIAN_POINT('Ctrl Pts',(15.1020278248553,15.3011763524415,-16.2));
#4516=CARTESIAN_POINT('Ctrl Pts',(15.2035916684864,15.2035916684864,-16.2));
#4517=CARTESIAN_POINT('Ctrl Pts',(15.3011763524414,15.1020278248552,-16.2));
#4518=CARTESIAN_POINT('Ctrl Pts',(15.3841138154162,15.0253288574906,-16.2));
#4519=CARTESIAN_POINT('Ctrl Pts',(15.4543469723217,14.9780283261845,-16.2));
#4520=CARTESIAN_POINT('Ctrl Pts',(15.5267133622038,14.9340216065537,-16.2));
#4521=CARTESIAN_POINT('Ctrl Pts',(15.6050853413917,14.9019079241288,-16.2));
#4522=CARTESIAN_POINT('Ctrl Pts',(15.6847212320279,14.8731860706294,-16.2));
#4523=CARTESIAN_POINT('Ctrl Pts',(15.7677279103792,14.8563539069802,-16.2));
#4524=CARTESIAN_POINT('Ctrl Pts',(15.851435960194,14.8437371988404,-16.2));
#4525=CARTESIAN_POINT('Ctrl Pts',(15.964229130608,14.8416140010829,-16.2));
#4526=CARTESIAN_POINT('Ctrl Pts',(16.1052320706632,14.8518920583589,-16.2));
#4527=CARTESIAN_POINT('Ctrl Pts',(16.2693702864751,14.8945328153738,-16.2));
#4528=CARTESIAN_POINT('Ctrl Pts',(16.427680782168,14.9541953837035,-16.2));
#4529=CARTESIAN_POINT('Ctrl Pts',(16.579067268379,15.0300866171914,-16.2));
#4530=CARTESIAN_POINT('Ctrl Pts',(16.7700289366195,15.1501696960516,-16.2));
#4531=CARTESIAN_POINT('Ctrl Pts',(16.9962496534492,15.3187088262966,-16.2));
#4532=CARTESIAN_POINT('Ctrl Pts',(17.291413636552,15.484855559366,-16.2));
#4533=CARTESIAN_POINT('Ctrl Pts',(17.5938233257103,15.6360790970135,-16.2));
#4534=CARTESIAN_POINT('Ctrl Pts',(17.9039718250956,15.7711367516566,-16.2));
#4535=CARTESIAN_POINT('Ctrl Pts',(18.219493110763,15.8928812996378,-16.2));
#4536=CARTESIAN_POINT('Ctrl Pts',(18.5395237112327,16.0022533734374,-16.2));
#4537=CARTESIAN_POINT('Ctrl Pts',(18.8632036850646,16.1002418526971,-16.2));
#4538=CARTESIAN_POINT('Ctrl Pts',(19.1899076992128,16.1876242389529,-16.2));
#4539=CARTESIAN_POINT('Ctrl Pts',(19.5191577443386,16.2647709930477,-16.2));
#4540=CARTESIAN_POINT('Ctrl Pts',(19.850385725992,16.3330728381409,-16.2));
#4541=CARTESIAN_POINT('Ctrl Pts',(20.072663749605,16.3706586907945,-16.2));
#4542=CARTESIAN_POINT('Ctrl Pts',(20.1838023645177,16.389451550009,-16.2));
#4543=CARTESIAN_POINT('',(16.389451550009,20.1838023645177,0.));
#4544=CARTESIAN_POINT('Origin',(9.72271824131502,9.72271824131503,-8.1));
#4545=CARTESIAN_POINT('',(9.89749884348834,7.6347571436914,-8.1));
#4546=CARTESIAN_POINT('',(10.8540890912135,8.59134739141656,-8.1));
#4547=CARTESIAN_POINT('',(9.83562455917194,7.71430421561231,-7.543223563717));
#4548=CARTESIAN_POINT('Ctrl Pts',(9.83562455917194,7.71430421561231,-7.543223563717));
#4549=CARTESIAN_POINT('Ctrl Pts',(9.87743466194464,7.66099694872745,-7.72442233411349));
#4550=CARTESIAN_POINT('Ctrl Pts',(9.89749884348834,7.6347571436914,-7.9177134220418));
#4551=CARTESIAN_POINT('Ctrl Pts',(9.89749884348834,7.6347571436914,-8.1));
#4552=CARTESIAN_POINT('',(10.2176929881456,8.09637264458597,-7.543223563717));
#4553=CARTESIAN_POINT('',(10.7833784130948,8.66205806953521,-7.543223563717));
#4554=CARTESIAN_POINT('',(10.2530483272049,9.19238815542512,-6.68667059748974));
#4555=CARTESIAN_POINT('Origin',(10.2884036662643,10.2884036662643,-8.1));
#4556=CARTESIAN_POINT('',(9.19238815542511,10.2530483272049,-6.68667059748974));
#4557=CARTESIAN_POINT('Origin',(9.72271824131502,9.72271824131503,-8.1));
#4558=CARTESIAN_POINT('',(8.09637264458596,10.2176929881456,-7.543223563717));
#4559=CARTESIAN_POINT('Origin',(10.2884036662643,10.2884036662643,-8.1));
#4560=CARTESIAN_POINT('',(7.7143042156123,9.83562455917195,-7.543223563717));
#4561=CARTESIAN_POINT('',(8.6620580695352,10.7833784130949,-7.543223563717));
#4562=CARTESIAN_POINT('',(7.7143042156123,9.83562455917195,-8.65677643628301));
#4563=CARTESIAN_POINT('Ctrl Pts',(7.7143042156123,9.83562455917195,-8.65677643628301));
#4564=CARTESIAN_POINT('Ctrl Pts',(7.66099694879227,9.87743466189379,-8.47557766610689));
#4565=CARTESIAN_POINT('Ctrl Pts',(7.63475714369139,9.89749884348836,-8.28228657793227));
#4566=CARTESIAN_POINT('Ctrl Pts',(7.63475714369139,9.89749884348836,-8.1));
#4567=CARTESIAN_POINT('Ctrl Pts',(7.63475714369139,9.89749884348836,-7.9177134220418));
#4568=CARTESIAN_POINT('Ctrl Pts',(7.66099694872744,9.87743466194464,-7.72442233411349));
#4569=CARTESIAN_POINT('Ctrl Pts',(7.7143042156123,9.83562455917195,-7.543223563717));
#4570=CARTESIAN_POINT('',(8.09637264458596,10.2176929881456,-8.656776436283));
#4571=CARTESIAN_POINT('',(8.6620580695352,10.7833784130949,-8.656776436283));
#4572=CARTESIAN_POINT('',(9.19238815542511,10.2530483272049,-9.51332940251026));
#4573=CARTESIAN_POINT('Origin',(10.2884036662643,10.2884036662643,-8.1));
#4574=CARTESIAN_POINT('',(10.2530483272049,9.19238815542512,-9.51332940251026));
#4575=CARTESIAN_POINT('Origin',(9.72271824131502,9.72271824131503,-8.1));
#4576=CARTESIAN_POINT('',(10.2176929881456,8.09637264458597,-8.656776436283));
#4577=CARTESIAN_POINT('Origin',(10.2884036662643,10.2884036662643,-8.1));
#4578=CARTESIAN_POINT('',(9.83562455917194,7.71430421561231,-8.656776436283));
#4579=CARTESIAN_POINT('',(10.7833784130948,8.66205806953521,-8.656776436283));
#4580=CARTESIAN_POINT('Ctrl Pts',(9.89749884348834,7.6347571436914,-8.1));
#4581=CARTESIAN_POINT('Ctrl Pts',(9.89749884348834,7.6347571436914,-8.2822865779582));
#4582=CARTESIAN_POINT('Ctrl Pts',(9.87743466194464,7.66099694872745,-8.47557766588651));
#4583=CARTESIAN_POINT('Ctrl Pts',(9.83562455917194,7.71430421561231,-8.65677643628301));
#4584=CARTESIAN_POINT('Origin',(0.,0.,0.));
#4585=CARTESIAN_POINT('',(7.7143042156123,9.83562455917195,0.));
#4586=CARTESIAN_POINT('',(7.7143042156123,9.83562455917195,0.));
#4587=CARTESIAN_POINT('',(6.13479580414531,10.891018338128,0.));
#4588=CARTESIAN_POINT('Origin',(0.,0.,0.));
#4589=CARTESIAN_POINT('',(6.13479580414531,10.891018338128,-16.2));
#4590=CARTESIAN_POINT('',(6.13479580414531,10.891018338128,0.));
#4591=CARTESIAN_POINT('',(7.7143042156123,9.83562455917195,-16.2));
#4592=CARTESIAN_POINT('Origin',(0.,0.,-16.2));
#4593=CARTESIAN_POINT('',(7.7143042156123,9.83562455917195,0.));
#4594=CARTESIAN_POINT('Origin',(6.89429111656883,9.01561146012849,0.));
#4595=CARTESIAN_POINT('',(8.09637264458596,10.2176929881456,0.));
#4596=CARTESIAN_POINT('',(8.09637264458596,10.2176929881456,0.));
#4597=CARTESIAN_POINT('',(8.99468460807988,11.1160049516395,0.));
#4598=CARTESIAN_POINT('Origin',(6.89429111656883,9.01561146012849,0.));
#4599=CARTESIAN_POINT('',(8.09637264458596,10.2176929881456,-16.2));
#4600=CARTESIAN_POINT('',(8.99468460807988,11.1160049516395,-16.2));
#4601=CARTESIAN_POINT('',(8.09637264458596,10.2176929881456,0.));
#4602=CARTESIAN_POINT('Origin',(8.09637264458596,10.2176929881456,0.));
#4603=CARTESIAN_POINT('',(9.19238815542511,10.2530483272049,0.));
#4604=CARTESIAN_POINT('',(9.19238815542511,10.2530483272049,0.));
#4605=CARTESIAN_POINT('',(4.27947720734343,10.0945673288797,0.));
#4606=CARTESIAN_POINT('Origin',(9.19238815542511,10.2530483272049,0.));
#4607=CARTESIAN_POINT('',(10.2530483272049,9.19238815542512,0.));
#4608=CARTESIAN_POINT('',(10.2530483272049,9.19238815542512,0.));
#4609=CARTESIAN_POINT('',(3.37968406268469,16.0657524199454,0.));
#4610=CARTESIAN_POINT('Origin',(10.2530483272049,9.19238815542512,0.));
#4611=CARTESIAN_POINT('',(10.2176929881456,8.09637264458597,0.));
#4612=CARTESIAN_POINT('',(10.2176929881456,8.09637264458597,0.));
#4613=CARTESIAN_POINT('',(10.4913220754792,16.578874351926,0.));
#4614=CARTESIAN_POINT('Origin',(10.2176929881456,8.09637264458597,0.));
#4615=CARTESIAN_POINT('',(9.83562455917194,7.71430421561231,0.));
#4616=CARTESIAN_POINT('',(9.83562455917194,7.71430421561231,0.));
#4617=CARTESIAN_POINT('',(11.7170457156481,9.59572537208846,0.));
#4618=CARTESIAN_POINT('Origin',(-11.3902147974735,-6.34156974789485,0.));
#4619=CARTESIAN_POINT('',(-11.3902147974735,-6.34156974789485,0.));
#4620=CARTESIAN_POINT('',(-12.4163309977564,-5.95480684440346,0.));
#4621=CARTESIAN_POINT('',(-11.4617985647292,-6.31458845117717,0.));
#4622=CARTESIAN_POINT('',(-11.3902147974735,-6.34156974789485,-16.2));
#4623=CARTESIAN_POINT('',(-11.3902147974735,-6.34156974789485,0.));
#4624=CARTESIAN_POINT('',(-12.4163309977564,-5.95480684440346,-16.2));
#4625=CARTESIAN_POINT('',(-11.4617985647292,-6.31458845117717,-16.2));
#4626=CARTESIAN_POINT('',(-12.4163309977564,-5.95480684440346,0.));
#4627=CARTESIAN_POINT('Origin',(-9.81961959220434,-5.6910079128742,0.));
#4628=CARTESIAN_POINT('',(-10.891018338128,-6.13479580414532,-16.2));
#4629=CARTESIAN_POINT('',(-10.891018338128,-6.13479580414532,0.));
#4630=CARTESIAN_POINT('',(-10.891018338128,-6.13479580414532,0.));
#4631=CARTESIAN_POINT('',(-0.325094740820798,-1.75824695114273,-16.2));
#4632=CARTESIAN_POINT('',(-0.325094740820798,-1.75824695114273,0.));
#4633=CARTESIAN_POINT('Origin',(-12.5382650945688,-3.56993115036099,0.));
#4634=CARTESIAN_POINT('',(-12.0390686352233,-3.36315720661146,0.));
#4635=CARTESIAN_POINT('',(-12.0390686352233,-3.36315720661146,-16.2));
#4636=CARTESIAN_POINT('',(-12.0390686352233,-3.36315720661146,0.));
#4637=CARTESIAN_POINT('',(-12.5382650945688,-3.56993115036099,0.));
#4638=CARTESIAN_POINT('',(-2.25844264055066,0.688110728880805,0.));
#4639=CARTESIAN_POINT('',(-12.5382650945688,-3.56993115036099,-16.2));
#4640=CARTESIAN_POINT('',(-12.5382650945688,-3.56993115036099,0.));
#4641=CARTESIAN_POINT('',(-2.25844264055066,0.688110728880805,-16.2));
#4642=CARTESIAN_POINT('Origin',(-12.990356146304,-4.56898754563653,0.));
#4643=CARTESIAN_POINT('',(-12.990356146304,-4.56898754563653,0.));
#4644=CARTESIAN_POINT('',(-6.46256812490669,9.85648790836501,0.));
#4645=CARTESIAN_POINT('',(-12.990356146304,-4.56898754563653,-16.2));
#4646=CARTESIAN_POINT('',(-12.990356146304,-4.56898754563653,0.));
#4647=CARTESIAN_POINT('',(-6.46256812490669,9.85648790836501,-16.2));
#4648=CARTESIAN_POINT('Origin',(-12.4163309977564,-5.95480684440346,0.));
#4649=CARTESIAN_POINT('',(-16.8575397659008,4.76721959698119,0.));
#4650=CARTESIAN_POINT('',(-16.8575397659008,4.76721959698119,-16.2));
#4651=CARTESIAN_POINT('Origin',(-8.09637264458596,-10.2176929881456,0.));
#4652=CARTESIAN_POINT('',(-8.09637264458596,-10.2176929881456,0.));
#4653=CARTESIAN_POINT('',(-9.19238815542511,-10.253048327205,0.));
#4654=CARTESIAN_POINT('',(-3.49605124806587,-10.0692955237417,0.));
#4655=CARTESIAN_POINT('',(-8.09637264458596,-10.2176929881456,-16.2));
#4656=CARTESIAN_POINT('',(-8.09637264458596,-10.2176929881456,0.));
#4657=CARTESIAN_POINT('',(-9.19238815542511,-10.253048327205,-16.2));
#4658=CARTESIAN_POINT('',(-3.49605124806587,-10.0692955237417,-16.2));
#4659=CARTESIAN_POINT('',(-9.19238815542511,-10.253048327205,0.));
#4660=CARTESIAN_POINT('Origin',(-6.89429111656883,-9.01561146012849,0.));
#4661=CARTESIAN_POINT('',(-7.71430421561229,-9.83562455917195,-16.2));
#4662=CARTESIAN_POINT('',(-7.71430421561229,-9.83562455917195,0.));
#4663=CARTESIAN_POINT('',(-7.71430421561229,-9.83562455917195,0.));
#4664=CARTESIAN_POINT('',(3.16105366329087,1.03973331973123,-16.2));
#4665=CARTESIAN_POINT('',(3.16105366329087,1.03973331973123,0.));
#4666=CARTESIAN_POINT('Origin',(-10.2176929881456,-8.09637264458598,0.));
#4667=CARTESIAN_POINT('',(-9.83562455917194,-7.71430421561231,0.));
#4668=CARTESIAN_POINT('',(-9.83562455917194,-7.71430421561231,-16.2));
#4669=CARTESIAN_POINT('',(-9.83562455917194,-7.71430421561231,0.));
#4670=CARTESIAN_POINT('',(-10.2176929881456,-8.09637264458598,0.));
#4671=CARTESIAN_POINT('',(0.438692555722661,2.5600128992823,0.));
#4672=CARTESIAN_POINT('',(-10.2176929881456,-8.09637264458598,-16.2));
#4673=CARTESIAN_POINT('',(-10.2176929881456,-8.09637264458598,0.));
#4674=CARTESIAN_POINT('',(0.438692555722661,2.5600128992823,-16.2));
#4675=CARTESIAN_POINT('Origin',(-10.2530483272049,-9.19238815542513,0.));
#4676=CARTESIAN_POINT('',(-10.2530483272049,-9.19238815542513,0.));
#4677=CARTESIAN_POINT('',(-9.70789611620163,7.70733038567751,0.));
#4678=CARTESIAN_POINT('',(-10.2530483272049,-9.19238815542513,-16.2));
#4679=CARTESIAN_POINT('',(-10.2530483272049,-9.19238815542513,0.));
#4680=CARTESIAN_POINT('',(-9.70789611620163,7.70733038567751,-16.2));
#4681=CARTESIAN_POINT('Origin',(-9.19238815542511,-10.253048327205,0.));
#4682=CARTESIAN_POINT('',(-15.5354223340554,-3.91001414857464,0.));
#4683=CARTESIAN_POINT('',(-15.5354223340554,-3.91001414857464,-16.2));
#4684=CARTESIAN_POINT('Origin',(-3.56993115036098,-12.5382650945688,0.));
#4685=CARTESIAN_POINT('',(-3.56993115036098,-12.5382650945688,0.));
#4686=CARTESIAN_POINT('',(-4.56898754563651,-12.990356146304,0.));
#4687=CARTESIAN_POINT('',(4.83211277868014,-8.7361885605829,0.));
#4688=CARTESIAN_POINT('',(-3.56993115036098,-12.5382650945688,-16.2));
#4689=CARTESIAN_POINT('',(-3.56993115036098,-12.5382650945688,0.));
#4690=CARTESIAN_POINT('',(-4.56898754563651,-12.990356146304,-16.2));
#4691=CARTESIAN_POINT('',(4.83211277868014,-8.7361885605829,-16.2));
#4692=CARTESIAN_POINT('',(-4.56898754563651,-12.990356146304,0.));
#4693=CARTESIAN_POINT('Origin',(-2.91936931534032,-10.9676698892996,0.));
#4694=CARTESIAN_POINT('',(-3.36315720661144,-12.0390686352233,-16.2));
#4695=CARTESIAN_POINT('',(-3.36315720661144,-12.0390686352233,0.));
#4696=CARTESIAN_POINT('',(-3.36315720661144,-12.0390686352233,0.));
#4697=CARTESIAN_POINT('',(3.53092747272085,4.6047240977693,-16.2));
#4698=CARTESIAN_POINT('',(3.53092747272085,4.6047240977693,0.));
#4699=CARTESIAN_POINT('Origin',(-6.34156974789484,-11.3902147974735,0.));
#4700=CARTESIAN_POINT('',(-6.1347958041453,-10.891018338128,0.));
#4701=CARTESIAN_POINT('',(-6.1347958041453,-10.891018338128,-16.2));
#4702=CARTESIAN_POINT('',(-6.1347958041453,-10.891018338128,0.));
#4703=CARTESIAN_POINT('',(-6.34156974789484,-11.3902147974735,0.));
#4704=CARTESIAN_POINT('',(0.43400795767666,4.96747679222998,0.));
#4705=CARTESIAN_POINT('',(-6.34156974789484,-11.3902147974735,-16.2));
#4706=CARTESIAN_POINT('',(-6.34156974789484,-11.3902147974735,0.));
#4707=CARTESIAN_POINT('',(0.43400795767666,4.96747679222998,-16.2));
#4708=CARTESIAN_POINT('Origin',(-5.95480684440344,-12.4163309977564,0.));
#4709=CARTESIAN_POINT('',(-5.95480684440344,-12.4163309977564,0.));
#4710=CARTESIAN_POINT('',(-11.6451103267541,2.68054756804396,0.));
#4711=CARTESIAN_POINT('',(-5.95480684440344,-12.4163309977564,-16.2));
#4712=CARTESIAN_POINT('',(-5.95480684440344,-12.4163309977564,0.));
#4713=CARTESIAN_POINT('',(-11.6451103267541,2.68054756804396,-16.2));
#4714=CARTESIAN_POINT('Origin',(-4.56898754563651,-12.990356146304,0.));
#4715=CARTESIAN_POINT('',(-9.21314485133579,-11.0666832044893,0.));
#4716=CARTESIAN_POINT('',(-9.21314485133579,-11.0666832044893,-16.2));
#4717=CARTESIAN_POINT('Origin',(1.50000000000001,-12.95,0.));
#4718=CARTESIAN_POINT('',(1.50000000000001,-12.95,0.));
#4719=CARTESIAN_POINT('',(0.750000000000016,-13.75,0.));
#4720=CARTESIAN_POINT('',(10.445170863054,-3.40848441274236,0.));
#4721=CARTESIAN_POINT('',(1.50000000000001,-12.95,-16.2));
#4722=CARTESIAN_POINT('',(1.50000000000001,-12.95,0.));
#4723=CARTESIAN_POINT('',(0.750000000000016,-13.75,-16.2));
#4724=CARTESIAN_POINT('',(10.445170863054,-3.40848441274236,-16.2));
#4725=CARTESIAN_POINT('',(0.750000000000016,-13.75,0.));
#4726=CARTESIAN_POINT('Origin',(1.50000000000001,-11.25,0.));
#4727=CARTESIAN_POINT('',(1.50000000000001,-12.4096736459909,-16.2));
#4728=CARTESIAN_POINT('',(1.50000000000001,-12.4096736459909,0.));
#4729=CARTESIAN_POINT('',(1.50000000000001,-12.4096736459909,0.));
#4730=CARTESIAN_POINT('',(1.49999999999999,6.53073827137075,-16.2));
#4731=CARTESIAN_POINT('',(1.49999999999999,6.53073827137075,0.));
#4732=CARTESIAN_POINT('Origin',(-1.49999999999999,-12.95,0.));
#4733=CARTESIAN_POINT('',(-1.49999999999999,-12.4096736459909,0.));
#4734=CARTESIAN_POINT('',(-1.49999999999999,-12.4096736459909,-16.2));
#4735=CARTESIAN_POINT('',(-1.49999999999999,-12.4096736459909,0.));
#4736=CARTESIAN_POINT('',(-1.49999999999999,-12.95,0.));
#4737=CARTESIAN_POINT('',(-1.50000000000001,5.68073827137075,0.));
#4738=CARTESIAN_POINT('',(-1.49999999999999,-12.95,-16.2));
#4739=CARTESIAN_POINT('',(-1.49999999999999,-12.95,0.));
#4740=CARTESIAN_POINT('',(-1.50000000000001,5.68073827137075,-16.2));
#4741=CARTESIAN_POINT('Origin',(-0.749999999999983,-13.75,0.));
#4742=CARTESIAN_POINT('',(-0.749999999999983,-13.75,0.));
#4743=CARTESIAN_POINT('',(-10.070170863054,-3.80848441274239,0.));
#4744=CARTESIAN_POINT('',(-0.749999999999983,-13.75,-16.2));
#4745=CARTESIAN_POINT('',(-0.749999999999983,-13.75,0.));
#4746=CARTESIAN_POINT('',(-10.070170863054,-3.80848441274239,-16.2));
#4747=CARTESIAN_POINT('Origin',(0.750000000000016,-13.75,0.));
#4748=CARTESIAN_POINT('',(0.375000000000027,-13.75,0.));
#4749=CARTESIAN_POINT('',(0.375000000000027,-13.75,-16.2));
#4750=CARTESIAN_POINT('Origin',(6.34156974789485,-11.3902147974735,0.));
#4751=CARTESIAN_POINT('',(6.34156974789485,-11.3902147974735,0.));
#4752=CARTESIAN_POINT('',(5.95480684440346,-12.4163309977564,0.));
#4753=CARTESIAN_POINT('',(11.8384917784998,3.19360566818541,0.));
#4754=CARTESIAN_POINT('',(6.34156974789485,-11.3902147974735,-16.2));
#4755=CARTESIAN_POINT('',(6.34156974789485,-11.3902147974735,0.));
#4756=CARTESIAN_POINT('',(5.95480684440346,-12.4163309977564,-16.2));
#4757=CARTESIAN_POINT('',(11.8384917784998,3.19360566818541,-16.2));
#4758=CARTESIAN_POINT('',(5.95480684440346,-12.4163309977564,0.));
#4759=CARTESIAN_POINT('Origin',(5.6910079128742,-9.81961959220434,0.));
#4760=CARTESIAN_POINT('',(6.13479580414532,-10.891018338128,-16.2));
#4761=CARTESIAN_POINT('',(6.13479580414532,-10.891018338128,0.));
#4762=CARTESIAN_POINT('',(6.13479580414532,-10.891018338128,0.));
#4763=CARTESIAN_POINT('',(-0.75928887518699,5.75277439486457,-16.2));
#4764=CARTESIAN_POINT('',(-0.75928887518699,5.75277439486457,0.));
#4765=CARTESIAN_POINT('Origin',(3.56993115036099,-12.5382650945688,0.));
#4766=CARTESIAN_POINT('',(3.36315720661146,-12.0390686352233,0.));
#4767=CARTESIAN_POINT('',(3.36315720661146,-12.0390686352233,-16.2));
#4768=CARTESIAN_POINT('',(3.36315720661146,-12.0390686352233,0.));
#4769=CARTESIAN_POINT('',(3.56993115036099,-12.5382650945688,0.));
#4770=CARTESIAN_POINT('',(-3.20564655521052,3.8194264951347,0.));
#4771=CARTESIAN_POINT('',(3.56993115036099,-12.5382650945688,-16.2));
#4772=CARTESIAN_POINT('',(3.56993115036099,-12.5382650945688,0.));
#4773=CARTESIAN_POINT('',(-3.20564655521052,3.8194264951347,-16.2));
#4774=CARTESIAN_POINT('Origin',(4.56898754563653,-12.990356146304,0.));
#4775=CARTESIAN_POINT('',(4.56898754563653,-12.990356146304,0.));
#4776=CARTESIAN_POINT('',(-4.33258458104235,-8.96223408645051,0.));
#4777=CARTESIAN_POINT('',(4.56898754563653,-12.990356146304,-16.2));
#4778=CARTESIAN_POINT('',(4.56898754563653,-12.990356146304,0.));
#4779=CARTESIAN_POINT('',(-4.33258458104235,-8.96223408645051,-16.2));
#4780=CARTESIAN_POINT('Origin',(5.95480684440346,-12.4163309977564,0.));
#4781=CARTESIAN_POINT('',(9.90605450071928,-10.7796706302154,0.));
#4782=CARTESIAN_POINT('',(9.90605450071928,-10.7796706302154,-16.2));
#4783=CARTESIAN_POINT('Origin',(10.2176929881456,-8.09637264458596,0.));
#4784=CARTESIAN_POINT('',(10.2176929881456,-8.09637264458596,0.));
#4785=CARTESIAN_POINT('',(10.2530483272049,-9.19238815542511,0.));
#4786=CARTESIAN_POINT('',(9.69021844667196,8.2553381410971,0.));
#4787=CARTESIAN_POINT('',(10.2176929881456,-8.09637264458596,-16.2));
#4788=CARTESIAN_POINT('',(10.2176929881456,-8.09637264458596,0.));
#4789=CARTESIAN_POINT('',(10.2530483272049,-9.19238815542511,-16.2));
#4790=CARTESIAN_POINT('',(9.69021844667196,8.2553381410971,-16.2));
#4791=CARTESIAN_POINT('',(10.2530483272049,-9.19238815542511,0.));
#4792=CARTESIAN_POINT('Origin',(9.01561146012849,-6.89429111656883,0.));
#4793=CARTESIAN_POINT('',(9.83562455917195,-7.7143042156123,-16.2));
#4794=CARTESIAN_POINT('',(9.83562455917195,-7.7143042156123,0.));
#4795=CARTESIAN_POINT('',(9.83562455917195,-7.7143042156123,0.));
#4796=CARTESIAN_POINT('',(-1.03973331973122,3.16105366329086,-16.2));
#4797=CARTESIAN_POINT('',(-1.03973331973122,3.16105366329086,0.));
#4798=CARTESIAN_POINT('Origin',(8.09637264458597,-10.2176929881456,0.));
#4799=CARTESIAN_POINT('',(7.71430421561231,-9.83562455917194,0.));
#4800=CARTESIAN_POINT('',(7.71430421561231,-9.83562455917194,-16.2));
#4801=CARTESIAN_POINT('',(7.71430421561231,-9.83562455917194,0.));
#4802=CARTESIAN_POINT('',(8.09637264458597,-10.2176929881456,0.));
#4803=CARTESIAN_POINT('',(-2.5600128992823,0.438692555722655,0.));
#4804=CARTESIAN_POINT('',(8.09637264458597,-10.2176929881456,-16.2));
#4805=CARTESIAN_POINT('',(8.09637264458597,-10.2176929881456,0.));
#4806=CARTESIAN_POINT('',(-2.5600128992823,0.438692555722655,-16.2));
#4807=CARTESIAN_POINT('Origin',(9.19238815542512,-10.2530483272049,0.));
#4808=CARTESIAN_POINT('',(9.19238815542512,-10.2530483272049,0.));
#4809=CARTESIAN_POINT('',(4.04405900348548,-10.0869731932714,0.));
#4810=CARTESIAN_POINT('',(9.19238815542512,-10.2530483272049,-16.2));
#4811=CARTESIAN_POINT('',(9.19238815542512,-10.2530483272049,0.));
#4812=CARTESIAN_POINT('',(4.04405900348548,-10.0869731932714,-16.2));
#4813=CARTESIAN_POINT('Origin',(10.2530483272049,-9.19238815542511,0.));
#4814=CARTESIAN_POINT('',(16.0657524199454,-3.37968406268468,0.));
#4815=CARTESIAN_POINT('',(16.0657524199454,-3.37968406268468,-16.2));
#4816=CARTESIAN_POINT('Origin',(12.5382650945688,-3.56993115036098,0.));
#4817=CARTESIAN_POINT('',(12.5382650945688,-3.56993115036098,0.));
#4818=CARTESIAN_POINT('',(12.990356146304,-4.56898754563651,0.));
#4819=CARTESIAN_POINT('',(6.23652259903907,10.3560161060028,0.));
#4820=CARTESIAN_POINT('',(12.5382650945688,-3.56993115036098,-16.2));
#4821=CARTESIAN_POINT('',(12.5382650945688,-3.56993115036098,0.));
#4822=CARTESIAN_POINT('',(12.990356146304,-4.56898754563651,-16.2));
#4823=CARTESIAN_POINT('',(6.23652259903907,10.3560161060028,-16.2));
#4824=CARTESIAN_POINT('',(12.990356146304,-4.56898754563651,0.));
#4825=CARTESIAN_POINT('Origin',(10.9676698892996,-2.91936931534032,0.));
#4826=CARTESIAN_POINT('',(12.0390686352233,-3.36315720661144,-16.2));
#4827=CARTESIAN_POINT('',(12.0390686352233,-3.36315720661144,0.));
#4828=CARTESIAN_POINT('',(12.0390686352233,-3.36315720661144,0.));
#4829=CARTESIAN_POINT('',(1.47314503791608,1.01339164639113,-16.2));
#4830=CARTESIAN_POINT('',(1.47314503791608,1.01339164639113,0.));
#4831=CARTESIAN_POINT('Origin',(11.3902147974735,-6.34156974789484,0.));
#4832=CARTESIAN_POINT('',(10.891018338128,-6.1347958041453,0.));
#4833=CARTESIAN_POINT('',(10.891018338128,-6.1347958041453,-16.2));
#4834=CARTESIAN_POINT('',(10.891018338128,-6.1347958041453,0.));
#4835=CARTESIAN_POINT('',(11.3902147974735,-6.34156974789484,0.));
#4836=CARTESIAN_POINT('',(1.1103923434554,-2.08352786865306,0.));
#4837=CARTESIAN_POINT('',(11.3902147974735,-6.34156974789484,-16.2));
#4838=CARTESIAN_POINT('',(11.3902147974735,-6.34156974789484,0.));
#4839=CARTESIAN_POINT('',(1.1103923434554,-2.08352786865306,-16.2));
#4840=CARTESIAN_POINT('Origin',(12.4163309977564,-5.95480684440344,0.));
#4841=CARTESIAN_POINT('',(12.4163309977564,-5.95480684440344,0.));
#4842=CARTESIAN_POINT('',(11.9748566648706,-6.12120699943146,0.));
#4843=CARTESIAN_POINT('',(12.4163309977564,-5.95480684440344,-16.2));
#4844=CARTESIAN_POINT('',(12.4163309977564,-5.95480684440344,0.));
#4845=CARTESIAN_POINT('',(11.9748566648706,-6.12120699943146,-16.2));
#4846=CARTESIAN_POINT('Origin',(12.990356146304,-4.56898754563651,0.));
#4847=CARTESIAN_POINT('',(17.1445523401746,5.46012924636468,0.));
#4848=CARTESIAN_POINT('',(17.1445523401746,5.46012924636468,-16.2));
#4849=CARTESIAN_POINT('Origin',(12.95,1.50000000000001,0.));
#4850=CARTESIAN_POINT('',(12.95,1.50000000000001,0.));
#4851=CARTESIAN_POINT('',(13.75,0.750000000000007,0.));
#4852=CARTESIAN_POINT('',(3.81283329495014,10.0660937859842,0.));
#4853=CARTESIAN_POINT('',(12.95,1.50000000000001,-16.2));
#4854=CARTESIAN_POINT('',(12.95,1.50000000000001,0.));
#4855=CARTESIAN_POINT('',(13.75,0.750000000000007,-16.2));
#4856=CARTESIAN_POINT('',(3.81283329495014,10.0660937859842,-16.2));
#4857=CARTESIAN_POINT('',(13.75,0.750000000000007,0.));
#4858=CARTESIAN_POINT('Origin',(11.25,1.50000000000001,0.));
#4859=CARTESIAN_POINT('',(12.4096736459909,1.50000000000001,-16.2));
#4860=CARTESIAN_POINT('',(12.4096736459909,1.50000000000001,0.));
#4861=CARTESIAN_POINT('',(12.4096736459909,1.50000000000001,0.));
#4862=CARTESIAN_POINT('',(5.62500000000001,1.50000000000001,-16.2));
#4863=CARTESIAN_POINT('',(5.62500000000001,1.50000000000001,0.));
#4864=CARTESIAN_POINT('Origin',(12.95,-1.49999999999999,0.));
#4865=CARTESIAN_POINT('',(12.4096736459909,-1.49999999999999,0.));
#4866=CARTESIAN_POINT('',(12.4096736459909,-1.49999999999999,-16.2));
#4867=CARTESIAN_POINT('',(12.4096736459909,-1.49999999999999,0.));
#4868=CARTESIAN_POINT('',(12.95,-1.49999999999999,0.));
#4869=CARTESIAN_POINT('',(6.47500000000001,-1.49999999999999,0.));
#4870=CARTESIAN_POINT('',(12.95,-1.49999999999999,-16.2));
#4871=CARTESIAN_POINT('',(12.95,-1.49999999999999,0.));
#4872=CARTESIAN_POINT('',(6.47500000000001,-1.49999999999999,-16.2));
#4873=CARTESIAN_POINT('Origin',(13.75,-0.749999999999993,0.));
#4874=CARTESIAN_POINT('',(13.75,-0.749999999999993,0.));
#4875=CARTESIAN_POINT('',(16.3432997611829,1.68121852610899,0.));
#4876=CARTESIAN_POINT('',(13.75,-0.749999999999993,-16.2));
#4877=CARTESIAN_POINT('',(13.75,-0.749999999999993,0.));
#4878=CARTESIAN_POINT('',(16.3432997611829,1.68121852610899,-16.2));
#4879=CARTESIAN_POINT('Origin',(13.75,0.750000000000007,0.));
#4880=CARTESIAN_POINT('',(13.75,12.5307382713708,0.));
#4881=CARTESIAN_POINT('',(13.75,12.5307382713708,-16.2));
#4882=CARTESIAN_POINT('Origin',(11.3902147974735,6.34156974789485,0.));
#4883=CARTESIAN_POINT('',(11.3902147974735,6.34156974789485,0.));
#4884=CARTESIAN_POINT('',(12.4163309977564,5.95480684440346,0.));
#4885=CARTESIAN_POINT('',(3.4382292758627,9.33882581695598,0.));
#4886=CARTESIAN_POINT('',(11.3902147974735,6.34156974789485,-16.2));
#4887=CARTESIAN_POINT('',(11.3902147974735,6.34156974789485,0.));
#4888=CARTESIAN_POINT('',(12.4163309977564,5.95480684440346,-16.2));
#4889=CARTESIAN_POINT('',(3.4382292758627,9.33882581695598,-16.2));
#4890=CARTESIAN_POINT('',(12.4163309977564,5.95480684440346,0.));
#4891=CARTESIAN_POINT('Origin',(9.81961959220434,5.6910079128742,0.));
#4892=CARTESIAN_POINT('',(10.891018338128,6.13479580414532,-16.2));
#4893=CARTESIAN_POINT('',(10.891018338128,6.13479580414532,0.));
#4894=CARTESIAN_POINT('',(10.891018338128,6.13479580414532,0.));
#4895=CARTESIAN_POINT('',(8.9204997028359,5.31858026049839,-16.2));
#4896=CARTESIAN_POINT('',(8.9204997028359,5.31858026049839,0.));
#4897=CARTESIAN_POINT('Origin',(12.5382650945688,3.56993115036099,0.));
#4898=CARTESIAN_POINT('',(12.0390686352233,3.36315720661146,0.));
#4899=CARTESIAN_POINT('',(12.0390686352233,3.36315720661146,-16.2));
#4900=CARTESIAN_POINT('',(12.0390686352233,3.36315720661146,0.));
#4901=CARTESIAN_POINT('',(12.5382650945688,3.56993115036099,0.));
#4902=CARTESIAN_POINT('',(10.8538476025658,2.87222258047486,0.));
#4903=CARTESIAN_POINT('',(12.5382650945688,3.56993115036099,-16.2));
#4904=CARTESIAN_POINT('',(12.5382650945688,3.56993115036099,0.));
#4905=CARTESIAN_POINT('',(10.8538476025658,2.87222258047486,-16.2));
#4906=CARTESIAN_POINT('Origin',(12.990356146304,4.56898754563653,0.));
#4907=CARTESIAN_POINT('',(12.990356146304,4.56898754563653,0.));
#4908=CARTESIAN_POINT('',(15.5940690304986,10.3228196518722,0.));
#4909=CARTESIAN_POINT('',(12.990356146304,4.56898754563653,-16.2));
#4910=CARTESIAN_POINT('',(12.990356146304,4.56898754563653,0.));
#4911=CARTESIAN_POINT('',(15.5940690304986,10.3228196518722,-16.2));
#4912=CARTESIAN_POINT('Origin',(12.4163309977564,5.95480684440346,0.));
#4913=CARTESIAN_POINT('',(8.26213480388573,15.9839236364046,0.));
#4914=CARTESIAN_POINT('',(8.26213480388573,15.9839236364046,-16.2));
#4915=CARTESIAN_POINT('Origin',(8.09637264458596,10.2176929881456,0.));
#4916=CARTESIAN_POINT('',(9.19238815542511,10.2530483272049,-16.2));
#4917=CARTESIAN_POINT('',(4.27947720734343,10.0945673288797,-16.2));
#4918=CARTESIAN_POINT('',(9.19238815542511,10.2530483272049,0.));
#4919=CARTESIAN_POINT('Origin',(10.2176929881456,8.09637264458597,0.));
#4920=CARTESIAN_POINT('',(10.2176929881456,8.09637264458597,-16.2));
#4921=CARTESIAN_POINT('',(10.2176929881456,8.09637264458597,0.));
#4922=CARTESIAN_POINT('',(9.83562455917194,7.71430421561231,-16.2));
#4923=CARTESIAN_POINT('',(11.7170457156481,9.59572537208846,-16.2));
#4924=CARTESIAN_POINT('',(9.83562455917194,7.71430421561231,0.));
#4925=CARTESIAN_POINT('Origin',(10.2530483272049,9.19238815542512,0.));
#4926=CARTESIAN_POINT('',(10.2530483272049,9.19238815542512,-16.2));
#4927=CARTESIAN_POINT('',(10.2530483272049,9.19238815542512,0.));
#4928=CARTESIAN_POINT('',(10.4913220754792,16.578874351926,-16.2));
#4929=CARTESIAN_POINT('Origin',(9.19238815542511,10.2530483272049,0.));
#4930=CARTESIAN_POINT('',(3.37968406268469,16.0657524199454,-16.2));
#4931=CARTESIAN_POINT('Origin',(3.56993115036098,12.5382650945688,0.));
#4932=CARTESIAN_POINT('',(3.56993115036098,12.5382650945688,0.));
#4933=CARTESIAN_POINT('',(4.56898754563652,12.990356146304,0.));
#4934=CARTESIAN_POINT('',(4.2993881269118,12.8683575430872,0.));
#4935=CARTESIAN_POINT('',(3.56993115036098,12.5382650945688,-16.2));
#4936=CARTESIAN_POINT('',(3.56993115036098,12.5382650945688,0.));
#4937=CARTESIAN_POINT('',(4.56898754563652,12.990356146304,-16.2));
#4938=CARTESIAN_POINT('',(4.2993881269118,12.8683575430872,-16.2));
#4939=CARTESIAN_POINT('',(4.56898754563652,12.990356146304,0.));
#4940=CARTESIAN_POINT('Origin',(2.91936931534033,10.9676698892996,0.));
#4941=CARTESIAN_POINT('',(3.36315720661145,12.0390686352233,-16.2));
#4942=CARTESIAN_POINT('',(3.36315720661145,12.0390686352233,0.));
#4943=CARTESIAN_POINT('',(3.36315720661145,12.0390686352233,0.));
#4944=CARTESIAN_POINT('',(5.06447748929424,16.1464191356166,-16.2));
#4945=CARTESIAN_POINT('',(5.06447748929424,16.1464191356166,0.));
#4946=CARTESIAN_POINT('Origin',(6.34156974789484,11.3902147974735,0.));
#4947=CARTESIAN_POINT('',(6.34156974789484,11.3902147974735,0.));
#4948=CARTESIAN_POINT('',(8.16139700433843,15.7836664411559,0.));
#4949=CARTESIAN_POINT('',(6.34156974789484,11.3902147974735,-16.2));
#4950=CARTESIAN_POINT('',(6.34156974789484,11.3902147974735,0.));
#4951=CARTESIAN_POINT('',(8.16139700433843,15.7836664411559,-16.2));
#4952=CARTESIAN_POINT('Origin',(5.95480684440345,12.4163309977564,0.));
#4953=CARTESIAN_POINT('',(5.95480684440345,12.4163309977564,0.));
#4954=CARTESIAN_POINT('',(3.62154103788764,18.6066916089187,0.));
#4955=CARTESIAN_POINT('',(5.95480684440345,12.4163309977564,-16.2));
#4956=CARTESIAN_POINT('',(5.95480684440345,12.4163309977564,0.));
#4957=CARTESIAN_POINT('',(3.62154103788764,18.6066916089187,-16.2));
#4958=CARTESIAN_POINT('Origin',(4.56898754563652,12.990356146304,0.));
#4959=CARTESIAN_POINT('',(0.617739889320703,14.6270165138449,0.));
#4960=CARTESIAN_POINT('',(0.617739889320703,14.6270165138449,-16.2));
#4961=CARTESIAN_POINT('Origin',(-1.5,12.95,0.));
#4962=CARTESIAN_POINT('',(-1.5,12.95,0.));
#4963=CARTESIAN_POINT('',(-0.750000000000005,13.75,0.));
#4964=CARTESIAN_POINT('',(1.68529560317875,16.3476486433907,0.));
#4965=CARTESIAN_POINT('',(-1.5,12.95,-16.2));
#4966=CARTESIAN_POINT('',(-1.5,12.95,0.));
#4967=CARTESIAN_POINT('',(-0.750000000000005,13.75,-16.2));
#4968=CARTESIAN_POINT('',(1.68529560317875,16.3476486433907,-16.2));
#4969=CARTESIAN_POINT('',(-0.750000000000005,13.75,0.));
#4970=CARTESIAN_POINT('Origin',(-1.5,11.25,0.));
#4971=CARTESIAN_POINT('',(-1.5,12.4096736459909,-16.2));
#4972=CARTESIAN_POINT('',(-1.5,12.4096736459909,0.));
#4973=CARTESIAN_POINT('',(-1.5,12.4096736459909,0.));
#4974=CARTESIAN_POINT('',(-1.5,17.7807382713707,-16.2));
#4975=CARTESIAN_POINT('',(-1.5,17.7807382713707,0.));
#4976=CARTESIAN_POINT('Origin',(1.49999999999999,12.95,0.));
#4977=CARTESIAN_POINT('',(1.5,12.4096736459909,0.));
#4978=CARTESIAN_POINT('',(1.5,12.4096736459909,-16.2));
#4979=CARTESIAN_POINT('',(1.49999999999999,12.4096736459909,0.));
#4980=CARTESIAN_POINT('',(1.49999999999999,12.95,0.));
#4981=CARTESIAN_POINT('',(1.49999999999999,18.6307382713707,0.));
#4982=CARTESIAN_POINT('',(1.49999999999999,12.95,-16.2));
#4983=CARTESIAN_POINT('',(1.49999999999999,12.95,0.));
#4984=CARTESIAN_POINT('',(1.49999999999999,18.6307382713707,-16.2));
#4985=CARTESIAN_POINT('Origin',(0.749999999999995,13.75,0.));
#4986=CARTESIAN_POINT('',(0.749999999999995,13.75,0.));
#4987=CARTESIAN_POINT('',(-2.06029560317876,16.7476486433907,0.));
#4988=CARTESIAN_POINT('',(0.749999999999995,13.75,-16.2));
#4989=CARTESIAN_POINT('',(0.749999999999995,13.75,0.));
#4990=CARTESIAN_POINT('',(-2.06029560317876,16.7476486433907,-16.2));
#4991=CARTESIAN_POINT('Origin',(-0.750000000000005,13.75,0.));
#4992=CARTESIAN_POINT('',(-0.375000000000002,13.75,0.));
#4993=CARTESIAN_POINT('',(-0.375000000000002,13.75,-16.2));
#4994=CARTESIAN_POINT('Origin',(-6.34156974789485,11.3902147974735,0.));
#4995=CARTESIAN_POINT('',(-6.34156974789485,11.3902147974735,0.));
#4996=CARTESIAN_POINT('',(-5.95480684440345,12.4163309977564,0.));
#4997=CARTESIAN_POINT('',(-3.81492248963334,18.0936335087773,0.));
#4998=CARTESIAN_POINT('',(-6.34156974789485,11.3902147974735,-16.2));
#4999=CARTESIAN_POINT('',(-6.34156974789485,11.3902147974735,0.));
#5000=CARTESIAN_POINT('',(-5.95480684440345,12.4163309977564,-16.2));
#5001=CARTESIAN_POINT('',(-3.81492248963334,18.0936335087773,-16.2));
#5002=CARTESIAN_POINT('',(-5.95480684440345,12.4163309977564,0.));
#5003=CARTESIAN_POINT('Origin',(-5.69100791287419,9.81961959220434,0.));
#5004=CARTESIAN_POINT('',(-6.13479580414531,10.891018338128,-16.2));
#5005=CARTESIAN_POINT('',(-6.13479580414531,10.891018338128,0.));
#5006=CARTESIAN_POINT('',(-6.13479580414531,10.891018338128,0.));
#5007=CARTESIAN_POINT('',(-7.83611608682811,14.9983688385213,-16.2));
#5008=CARTESIAN_POINT('',(-7.83611608682811,14.9983688385213,0.));
#5009=CARTESIAN_POINT('Origin',(-3.56993115036098,12.5382650945688,0.));
#5010=CARTESIAN_POINT('',(-3.36315720661145,12.0390686352233,0.));
#5011=CARTESIAN_POINT('',(-3.36315720661145,12.0390686352233,-16.2));
#5012=CARTESIAN_POINT('',(-3.36315720661145,12.0390686352233,0.));
#5013=CARTESIAN_POINT('',(-3.56993115036098,12.5382650945688,0.));
#5014=CARTESIAN_POINT('',(-5.38975840680458,16.9317167382511,0.));
#5015=CARTESIAN_POINT('',(-3.56993115036098,12.5382650945688,-16.2));
#5016=CARTESIAN_POINT('',(-3.56993115036098,12.5382650945688,0.));
#5017=CARTESIAN_POINT('',(-5.38975840680458,16.9317167382511,-16.2));
#5018=CARTESIAN_POINT('Origin',(-4.56898754563652,12.990356146304,0.));
#5019=CARTESIAN_POINT('',(-4.56898754563652,12.990356146304,0.));
#5020=CARTESIAN_POINT('',(-4.79891632454957,13.0944030689548,0.));
#5021=CARTESIAN_POINT('',(-4.56898754563652,12.990356146304,-16.2));
#5022=CARTESIAN_POINT('',(-4.56898754563652,12.990356146304,0.));
#5023=CARTESIAN_POINT('',(-4.79891632454957,13.0944030689548,-16.2));
#5024=CARTESIAN_POINT('Origin',(-5.95480684440345,12.4163309977564,0.));
#5025=CARTESIAN_POINT('',(-1.31064953870417,14.3400039395711,0.));
#5026=CARTESIAN_POINT('',(-1.31064953870417,14.3400039395711,-16.2));
#5027=CARTESIAN_POINT('Origin',(-10.2176929881456,8.09637264458597,0.));
#5028=CARTESIAN_POINT('',(-10.2176929881456,8.09637264458597,0.));
#5029=CARTESIAN_POINT('',(-10.2530483272049,9.19238815542512,0.));
#5030=CARTESIAN_POINT('',(-10.4736444059495,16.0308665965064,0.));
#5031=CARTESIAN_POINT('',(-10.2176929881456,8.09637264458597,-16.2));
#5032=CARTESIAN_POINT('',(-10.2176929881456,8.09637264458597,0.));
#5033=CARTESIAN_POINT('',(-10.2530483272049,9.19238815542512,-16.2));
#5034=CARTESIAN_POINT('',(-10.4736444059495,16.0308665965064,-16.2));
#5035=CARTESIAN_POINT('',(-10.2530483272049,9.19238815542512,0.));
#5036=CARTESIAN_POINT('Origin',(-9.01561146012848,6.89429111656884,0.));
#5037=CARTESIAN_POINT('',(-9.83562455917195,7.7143042156123,-16.2));
#5038=CARTESIAN_POINT('',(-9.83562455917195,7.7143042156123,0.));
#5039=CARTESIAN_POINT('',(-9.83562455917195,7.7143042156123,0.));
#5040=CARTESIAN_POINT('',(-11.1160049516395,8.99468460807988,-16.2));
#5041=CARTESIAN_POINT('',(-11.1160049516395,8.99468460807988,0.));
#5042=CARTESIAN_POINT('Origin',(-8.09637264458597,10.2176929881456,0.));
#5043=CARTESIAN_POINT('',(-7.7143042156123,9.83562455917195,0.));
#5044=CARTESIAN_POINT('',(-7.7143042156123,9.83562455917195,-16.2));
#5045=CARTESIAN_POINT('',(-7.71430421561231,9.83562455917194,0.));
#5046=CARTESIAN_POINT('',(-8.09637264458597,10.2176929881456,0.));
#5047=CARTESIAN_POINT('',(-9.59572537208845,11.7170457156481,0.));
#5048=CARTESIAN_POINT('',(-8.09637264458597,10.2176929881456,-16.2));
#5049=CARTESIAN_POINT('',(-8.09637264458597,10.2176929881456,0.));
#5050=CARTESIAN_POINT('',(-9.59572537208845,11.7170457156481,-16.2));
#5051=CARTESIAN_POINT('Origin',(-9.19238815542512,10.2530483272049,0.));
#5052=CARTESIAN_POINT('',(-9.19238815542512,10.2530483272049,0.));
#5053=CARTESIAN_POINT('',(-4.82748496276301,10.1122449984094,0.));
#5054=CARTESIAN_POINT('',(-9.19238815542512,10.2530483272049,-16.2));
#5055=CARTESIAN_POINT('',(-9.19238815542512,10.2530483272049,0.));
#5056=CARTESIAN_POINT('',(-4.82748496276301,10.1122449984094,-16.2));
#5057=CARTESIAN_POINT('Origin',(-10.2530483272049,9.19238815542512,0.));
#5058=CARTESIAN_POINT('',(-3.91001414857461,15.5354223340554,0.));
#5059=CARTESIAN_POINT('',(-3.91001414857461,15.5354223340554,-16.2));
#5060=CARTESIAN_POINT('Origin',(-12.5382650945688,3.56993115036098,0.));
#5061=CARTESIAN_POINT('',(-12.5382650945688,3.56993115036098,0.));
#5062=CARTESIAN_POINT('',(-12.990356146304,4.56898754563652,0.));
#5063=CARTESIAN_POINT('',(-15.368023504631,9.82329145423444,0.));
#5064=CARTESIAN_POINT('',(-12.5382650945688,3.56993115036098,-16.2));
#5065=CARTESIAN_POINT('',(-12.5382650945688,3.56993115036098,0.));
#5066=CARTESIAN_POINT('',(-12.990356146304,4.56898754563652,-16.2));
#5067=CARTESIAN_POINT('',(-15.368023504631,9.82329145423444,-16.2));
#5068=CARTESIAN_POINT('',(-12.990356146304,4.56898754563652,0.));
#5069=CARTESIAN_POINT('Origin',(-10.9676698892996,2.91936931534033,0.));
#5070=CARTESIAN_POINT('',(-12.0390686352233,3.36315720661145,-16.2));
#5071=CARTESIAN_POINT('',(-12.0390686352233,3.36315720661145,0.));
#5072=CARTESIAN_POINT('',(-12.0390686352233,3.36315720661145,0.));
#5073=CARTESIAN_POINT('',(-10.0685499999312,2.54694166296452,-16.2));
#5074=CARTESIAN_POINT('',(-10.0685499999312,2.54694166296452,0.));
#5075=CARTESIAN_POINT('Origin',(-11.3902147974735,6.34156974789484,0.));
#5076=CARTESIAN_POINT('',(-10.891018338128,6.13479580414531,0.));
#5077=CARTESIAN_POINT('',(-10.891018338128,6.13479580414531,-16.2));
#5078=CARTESIAN_POINT('',(-10.891018338128,6.13479580414531,0.));
#5079=CARTESIAN_POINT('',(-11.3902147974735,6.34156974789484,0.));
#5080=CARTESIAN_POINT('',(-9.7057973054705,5.64386117800871,0.));
#5081=CARTESIAN_POINT('',(-11.3902147974735,6.34156974789484,-16.2));
#5082=CARTESIAN_POINT('',(-11.3902147974735,6.34156974789484,0.));
#5083=CARTESIAN_POINT('',(-9.7057973054705,5.64386117800871,-16.2));
#5084=CARTESIAN_POINT('Origin',(-12.4163309977564,5.95480684440345,0.));
#5085=CARTESIAN_POINT('',(-12.4163309977564,5.95480684440345,0.));
#5086=CARTESIAN_POINT('',(-3.95128737600413,9.14544436521029,0.));
#5087=CARTESIAN_POINT('',(-12.4163309977564,5.95480684440345,-16.2));
#5088=CARTESIAN_POINT('',(-12.4163309977564,5.95480684440345,0.));
#5089=CARTESIAN_POINT('',(-3.95128737600413,9.14544436521029,-16.2));
#5090=CARTESIAN_POINT('Origin',(-12.990356146304,4.56898754563652,0.));
#5091=CARTESIAN_POINT('',(-8.54914737815955,15.2910139870212,0.));
#5092=CARTESIAN_POINT('',(-8.54914737815955,15.2910139870212,-16.2));
#5093=CARTESIAN_POINT('Origin',(-1.56550253461022E-15,24.3114765427415,
0.));
#5094=CARTESIAN_POINT('',(-4.10178021414319,25.6744113676412,0.));
#5095=CARTESIAN_POINT('',(-9.28495981763226,24.2855825786608,0.));
#5096=CARTESIAN_POINT('Ctrl Pts',(-4.10178021414319,25.6744113676412,0.));
#5097=CARTESIAN_POINT('Ctrl Pts',(-4.14107442811006,25.5687660741782,0.));
#5098=CARTESIAN_POINT('Ctrl Pts',(-4.21966313669568,25.3574747326995,0.));
#5099=CARTESIAN_POINT('Ctrl Pts',(-4.32612599454625,25.0364719635968,0.));
#5100=CARTESIAN_POINT('Ctrl Pts',(-4.42393996824357,24.7127596832733,0.));
#5101=CARTESIAN_POINT('Ctrl Pts',(-4.51161660897688,24.3861345143747,0.));
#5102=CARTESIAN_POINT('Ctrl Pts',(-4.58859608357574,24.0568251947102,0.));
#5103=CARTESIAN_POINT('Ctrl Pts',(-4.65389238943547,23.7249845278152,0.));
#5104=CARTESIAN_POINT('Ctrl Pts',(-4.70621916094518,23.3908628050019,0.));
#5105=CARTESIAN_POINT('Ctrl Pts',(-4.7443300507414,23.0547374982671,0.));
#5106=CARTESIAN_POINT('Ctrl Pts',(-4.7645714700677,22.7172312562817,0.));
#5107=CARTESIAN_POINT('Ctrl Pts',(-4.76826617002519,22.3785383820978,0.));
#5108=CARTESIAN_POINT('Ctrl Pts',(-4.73541736011608,22.0983559293384,0.));
#5109=CARTESIAN_POINT('Ctrl Pts',(-4.72690319737879,21.872936734063,0.));
#5110=CARTESIAN_POINT('Ctrl Pts',(-4.73687270435921,21.7038865744706,0.));
#5111=CARTESIAN_POINT('Ctrl Pts',(-4.76435865237714,21.5369543793501,0.));
#5112=CARTESIAN_POINT('Ctrl Pts',(-4.80949978147153,21.3734861362177,0.));
#5113=CARTESIAN_POINT('Ctrl Pts',(-4.8711001927966,21.2462349794835,0.));
#5114=CARTESIAN_POINT('Ctrl Pts',(-4.92933552119884,21.1496148274104,0.));
#5115=CARTESIAN_POINT('Ctrl Pts',(-4.98211593586751,21.0834298838394,0.));
#5116=CARTESIAN_POINT('Ctrl Pts',(-5.038196356364,21.019960073528,0.));
#5117=CARTESIAN_POINT('Ctrl Pts',(-5.10288815645637,20.9653542959337,0.));
#5118=CARTESIAN_POINT('Ctrl Pts',(-5.16988541083935,20.9135390122246,0.));
#5119=CARTESIAN_POINT('Ctrl Pts',(-5.24417954291785,20.872871240022,0.));
#5120=CARTESIAN_POINT('Ctrl Pts',(-5.32025958309422,20.8356978076069,0.));
#5121=CARTESIAN_POINT('Ctrl Pts',(-5.42815156876334,20.8022213414275,0.));
#5122=CARTESIAN_POINT('Ctrl Pts',(-5.56490077943149,20.7684924479179,0.));
#5123=CARTESIAN_POINT('Ctrl Pts',(-5.70019351657243,20.7293279212049,0.));
#5124=CARTESIAN_POINT('Ctrl Pts',(-5.81036895011627,20.7043733985103,0.));
#5125=CARTESIAN_POINT('Ctrl Pts',(-5.8948429138375,20.6985265152396,0.));
#5126=CARTESIAN_POINT('Ctrl Pts',(-5.97951740567091,20.6965987730431,0.));
#5127=CARTESIAN_POINT('Ctrl Pts',(-6.06344637180495,20.707973497848,0.));
#5128=CARTESIAN_POINT('Ctrl Pts',(-6.14677400289862,20.7229175883919,0.));
#5129=CARTESIAN_POINT('Ctrl Pts',(-6.2270759768592,20.7498438462467,0.));
#5130=CARTESIAN_POINT('Ctrl Pts',(-6.30587762857004,20.7807714813929,0.));
#5131=CARTESIAN_POINT('Ctrl Pts',(-6.40462097840064,20.8353293234045,0.));
#5132=CARTESIAN_POINT('Ctrl Pts',(-6.52159407785883,20.9147318521347,0.));
#5133=CARTESIAN_POINT('Ctrl Pts',(-6.64242156397626,21.0337289388522,0.));
#5134=CARTESIAN_POINT('Ctrl Pts',(-6.74969119076717,21.1645534865271,0.));
#5135=CARTESIAN_POINT('Ctrl Pts',(-6.84285011687163,21.3059704657578,0.));
#5136=CARTESIAN_POINT('Ctrl Pts',(-6.94818623328688,21.5054462967355,0.));
#5137=CARTESIAN_POINT('Ctrl Pts',(-7.05982955580118,21.7645158234743,0.));
#5138=CARTESIAN_POINT('Ctrl Pts',(-7.23237569691569,22.0559851066197,0.));
#5139=CARTESIAN_POINT('Ctrl Pts',(-7.41865840125361,22.3381533764516,0.));
#5140=CARTESIAN_POINT('Ctrl Pts',(-7.61972605334539,22.6101909860407,0.));
#5141=CARTESIAN_POINT('Ctrl Pts',(-7.83210322817748,22.8733855001985,0.));
#5142=CARTESIAN_POINT('Ctrl Pts',(-8.05457182127273,23.1281197948084,0.));
#5143=CARTESIAN_POINT('Ctrl Pts',(-8.28589266167761,23.3748202940414,0.));
#5144=CARTESIAN_POINT('Ctrl Pts',(-8.52513544432045,23.6138476674563,0.));
#5145=CARTESIAN_POINT('Ctrl Pts',(-8.77170097054914,23.8452837388848,0.));
#5146=CARTESIAN_POINT('Ctrl Pts',(-9.02440189455863,24.0700488626876,0.));
#5147=CARTESIAN_POINT('Ctrl Pts',(-9.1981073833837,24.213738177715,0.));
#5148=CARTESIAN_POINT('Ctrl Pts',(-9.28495981763226,24.2855825786608,0.));
#5149=CARTESIAN_POINT('',(-10.6070420763446,23.7379581765293,0.));
#5150=CARTESIAN_POINT('Origin',(0.,0.,0.));
#5151=CARTESIAN_POINT('',(-15.2541537766746,21.0549469853895,0.));
#5152=CARTESIAN_POINT('Ctrl Pts',(-10.6070420763446,23.7379581765293,0.));
#5153=CARTESIAN_POINT('Ctrl Pts',(-10.6176543584653,23.6257425682105,0.));
#5154=CARTESIAN_POINT('Ctrl Pts',(-10.6388789985029,23.4013105500931,0.));
#5155=CARTESIAN_POINT('Ctrl Pts',(-10.6586325922669,23.0636910698987,0.));
#5156=CARTESIAN_POINT('Ctrl Pts',(-10.6693307323518,22.7256928987772,0.));
#5157=CARTESIAN_POINT('Ctrl Pts',(-10.6694830496775,22.3875048281897,0.));
#5158=CARTESIAN_POINT('Ctrl Pts',(-10.6586079886278,22.0494926973798,0.));
#5159=CARTESIAN_POINT('Ctrl Pts',(-10.6357926922871,21.7120592994817,0.));
#5160=CARTESIAN_POINT('Ctrl Pts',(-10.5998594070481,21.3757793332567,0.));
#5161=CARTESIAN_POINT('Ctrl Pts',(-10.5496760688412,21.0412433945071,0.));
#5162=CARTESIAN_POINT('Ctrl Pts',(-10.4818747352624,20.7099985340181,0.));
#5163=CARTESIAN_POINT('Ctrl Pts',(-10.3977833750924,20.3818900809488,0.));
#5164=CARTESIAN_POINT('Ctrl Pts',(-10.2935373063607,20.119756511369,0.));
#5165=CARTESIAN_POINT('Ctrl Pts',(-10.2269704758146,19.9042219163807,0.));
#5166=CARTESIAN_POINT('Ctrl Pts',(-10.1928468792022,19.7383517030153,0.));
#5167=CARTESIAN_POINT('Ctrl Pts',(-10.1761910349148,19.5699936976895,0.));
#5168=CARTESIAN_POINT('Ctrl Pts',(-10.1774853227428,19.4004121159427,0.));
#5169=CARTESIAN_POINT('Ctrl Pts',(-10.2040517280776,19.261553577591,0.));
#5170=CARTESIAN_POINT('Ctrl Pts',(-10.2352956002865,19.1531532652753,0.));
#5171=CARTESIAN_POINT('Ctrl Pts',(-10.269147642042,19.075562942444,0.));
#5172=CARTESIAN_POINT('Ctrl Pts',(-10.3068899728511,18.9997411325926,0.));
#5173=CARTESIAN_POINT('Ctrl Pts',(-10.3552444380954,18.9302525318239,0.));
#5174=CARTESIAN_POINT('Ctrl Pts',(-10.4065480341431,18.8628626456888,0.));
#5175=CARTESIAN_POINT('Ctrl Pts',(-10.4677850610915,18.8043518578994,0.));
#5176=CARTESIAN_POINT('Ctrl Pts',(-10.5316515444821,18.748754116128,0.));
#5177=CARTESIAN_POINT('Ctrl Pts',(-10.6272028528796,18.6884938321674,0.));
#5178=CARTESIAN_POINT('Ctrl Pts',(-10.7505627671781,18.6205209227106,0.));
#5179=CARTESIAN_POINT('Ctrl Pts',(-10.8711089906861,18.547674557848,0.));
#5180=CARTESIAN_POINT('Ctrl Pts',(-10.9710715816339,18.495054839391,0.));
#5181=CARTESIAN_POINT('Ctrl Pts',(-11.0511538800963,18.4675437132102,0.));
#5182=CARTESIAN_POINT('Ctrl Pts',(-11.1324442221915,18.4437662861153,0.));
#5183=CARTESIAN_POINT('Ctrl Pts',(-11.2164573735665,18.4330310117001,0.));
#5184=CARTESIAN_POINT('Ctrl Pts',(-11.3008134997278,18.4258991167965,0.));
#5185=CARTESIAN_POINT('Ctrl Pts',(-11.3853482786245,18.4311242044434,0.));
#5186=CARTESIAN_POINT('Ctrl Pts',(-11.4694694901621,18.4406026377289,0.));
#5187=CARTESIAN_POINT('Ctrl Pts',(-11.57896885051,18.4677448068412,0.));
#5188=CARTESIAN_POINT('Ctrl Pts',(-11.7125070749225,18.5141668941099,0.));
#5189=CARTESIAN_POINT('Ctrl Pts',(-11.8600161766431,18.5978367988444,0.));
#5190=CARTESIAN_POINT('Ctrl Pts',(-11.997490564042,18.6964401857817,0.));
#5191=CARTESIAN_POINT('Ctrl Pts',(-12.1240765842414,18.8089271939992,0.));
#5192=CARTESIAN_POINT('Ctrl Pts',(-12.2774516036226,18.9743430577957,0.));
#5193=CARTESIAN_POINT('Ctrl Pts',(-12.4523428996976,19.1956895863519,0.));
#5194=CARTESIAN_POINT('Ctrl Pts',(-12.694447475167,19.4325690670326,0.));
#5195=CARTESIAN_POINT('Ctrl Pts',(-12.9474132724341,19.6569091745667,0.));
#5196=CARTESIAN_POINT('Ctrl Pts',(-13.2120382247667,19.8676371896754,0.));
#5197=CARTESIAN_POINT('Ctrl Pts',(-13.4852985756818,20.0668963106463,0.));
#5198=CARTESIAN_POINT('Ctrl Pts',(-13.7661168221765,20.2553716358213,0.));
#5199=CARTESIAN_POINT('Ctrl Pts',(-14.0534063837203,20.433795780363,0.));
#5200=CARTESIAN_POINT('Ctrl Pts',(-14.3463620027689,20.6027579049832,0.));
#5201=CARTESIAN_POINT('Ctrl Pts',(-14.6444260754351,20.7624921294572,0.));
#5202=CARTESIAN_POINT('Ctrl Pts',(-14.946689918978,20.9141947555387,0.));
#5203=CARTESIAN_POINT('Ctrl Pts',(-15.1516660681091,21.0080296871387,0.));
#5204=CARTESIAN_POINT('Ctrl Pts',(-15.2541537766746,21.0549469853895,0.));
#5205=CARTESIAN_POINT('',(-16.389451550009,20.1838023645177,0.));
#5206=CARTESIAN_POINT('Origin',(0.,0.,0.));
#5207=CARTESIAN_POINT('',(-20.1838023645177,16.389451550009,0.));
#5208=CARTESIAN_POINT('Ctrl Pts',(-16.389451550009,20.1838023645177,0.));
#5209=CARTESIAN_POINT('Ctrl Pts',(-16.3706586907945,20.072663749605,0.));
#5210=CARTESIAN_POINT('Ctrl Pts',(-16.3330728381409,19.850385725992,0.));
#5211=CARTESIAN_POINT('Ctrl Pts',(-16.2647709930477,19.5191577443386,0.));
#5212=CARTESIAN_POINT('Ctrl Pts',(-16.1876242389529,19.1899076992128,0.));
#5213=CARTESIAN_POINT('Ctrl Pts',(-16.1002418526971,18.8632036850646,0.));
#5214=CARTESIAN_POINT('Ctrl Pts',(-16.0022533734374,18.5395237112327,0.));
#5215=CARTESIAN_POINT('Ctrl Pts',(-15.8928812996378,18.219493110763,0.));
#5216=CARTESIAN_POINT('Ctrl Pts',(-15.7711367516566,17.9039718250956,0.));
#5217=CARTESIAN_POINT('Ctrl Pts',(-15.6360790970135,17.5938233257103,0.));
#5218=CARTESIAN_POINT('Ctrl Pts',(-15.484855559366,17.291413636552,0.));
#5219=CARTESIAN_POINT('Ctrl Pts',(-15.3187088262966,16.9962496534492,0.));
#5220=CARTESIAN_POINT('Ctrl Pts',(-15.1501696960516,16.7700289366195,0.));
#5221=CARTESIAN_POINT('Ctrl Pts',(-15.0300866171914,16.579067268379,0.));
#5222=CARTESIAN_POINT('Ctrl Pts',(-14.9541953837035,16.427680782168,0.));
#5223=CARTESIAN_POINT('Ctrl Pts',(-14.8945328153738,16.2693702864751,0.));
#5224=CARTESIAN_POINT('Ctrl Pts',(-14.8518920583589,16.1052320706632,0.));
#5225=CARTESIAN_POINT('Ctrl Pts',(-14.8416140010829,15.964229130608,0.));
#5226=CARTESIAN_POINT('Ctrl Pts',(-14.8437371988404,15.851435960194,0.));
#5227=CARTESIAN_POINT('Ctrl Pts',(-14.8563539069803,15.7677279103792,0.));
#5228=CARTESIAN_POINT('Ctrl Pts',(-14.8731860706294,15.6847212320279,0.));
#5229=CARTESIAN_POINT('Ctrl Pts',(-14.9019079241288,15.6050853413917,0.));
#5230=CARTESIAN_POINT('Ctrl Pts',(-14.9340216065537,15.5267133622038,0.));
#5231=CARTESIAN_POINT('Ctrl Pts',(-14.9780283261845,15.4543469723217,0.));
#5232=CARTESIAN_POINT('Ctrl Pts',(-15.0253288574906,15.3841138154162,0.));
#5233=CARTESIAN_POINT('Ctrl Pts',(-15.1020278248552,15.3011763524414,0.));
#5234=CARTESIAN_POINT('Ctrl Pts',(-15.2035916684864,15.2035916684864,0.));
#5235=CARTESIAN_POINT('Ctrl Pts',(-15.3011763524415,15.1020278248553,0.));
#5236=CARTESIAN_POINT('Ctrl Pts',(-15.3841138154162,15.0253288574905,0.));
#5237=CARTESIAN_POINT('Ctrl Pts',(-15.4543469723218,14.9780283261846,0.));
#5238=CARTESIAN_POINT('Ctrl Pts',(-15.5267133622038,14.9340216065537,0.));
#5239=CARTESIAN_POINT('Ctrl Pts',(-15.6050853413917,14.9019079241288,0.));
#5240=CARTESIAN_POINT('Ctrl Pts',(-15.6847212320279,14.8731860706294,0.));
#5241=CARTESIAN_POINT('Ctrl Pts',(-15.7677279103792,14.8563539069802,0.));
#5242=CARTESIAN_POINT('Ctrl Pts',(-15.8514359601941,14.8437371988404,0.));
#5243=CARTESIAN_POINT('Ctrl Pts',(-15.964229130608,14.8416140010829,0.));
#5244=CARTESIAN_POINT('Ctrl Pts',(-16.1052320706632,14.8518920583588,0.));
#5245=CARTESIAN_POINT('Ctrl Pts',(-16.2693702864751,14.8945328153738,0.));
#5246=CARTESIAN_POINT('Ctrl Pts',(-16.427680782168,14.9541953837034,0.));
#5247=CARTESIAN_POINT('Ctrl Pts',(-16.579067268379,15.0300866171914,0.));
#5248=CARTESIAN_POINT('Ctrl Pts',(-16.7700289366195,15.1501696960515,0.));
#5249=CARTESIAN_POINT('Ctrl Pts',(-16.9962496534492,15.3187088262966,0.));
#5250=CARTESIAN_POINT('Ctrl Pts',(-17.291413636552,15.484855559366,0.));
#5251=CARTESIAN_POINT('Ctrl Pts',(-17.5938233257103,15.6360790970135,0.));
#5252=CARTESIAN_POINT('Ctrl Pts',(-17.9039718250956,15.7711367516565,0.));
#5253=CARTESIAN_POINT('Ctrl Pts',(-18.219493110763,15.8928812996378,0.));
#5254=CARTESIAN_POINT('Ctrl Pts',(-18.5395237112327,16.0022533734374,0.));
#5255=CARTESIAN_POINT('Ctrl Pts',(-18.8632036850646,16.1002418526971,0.));
#5256=CARTESIAN_POINT('Ctrl Pts',(-19.1899076992128,16.1876242389528,0.));
#5257=CARTESIAN_POINT('Ctrl Pts',(-19.5191577443386,16.2647709930477,0.));
#5258=CARTESIAN_POINT('Ctrl Pts',(-19.850385725992,16.3330728381409,0.));
#5259=CARTESIAN_POINT('Ctrl Pts',(-20.072663749605,16.3706586907945,0.));
#5260=CARTESIAN_POINT('Ctrl Pts',(-20.1838023645177,16.389451550009,0.));
#5261=CARTESIAN_POINT('',(-21.0549469853895,15.2541537766746,0.));
#5262=CARTESIAN_POINT('Origin',(0.,0.,0.));
#5263=CARTESIAN_POINT('',(-23.7379581765293,10.6070420763446,0.));
#5264=CARTESIAN_POINT('Ctrl Pts',(-21.0549469853895,15.2541537766746,0.));
#5265=CARTESIAN_POINT('Ctrl Pts',(-21.0080296871387,15.1516660681091,0.));
#5266=CARTESIAN_POINT('Ctrl Pts',(-20.9141947555388,14.9466899189779,0.));
#5267=CARTESIAN_POINT('Ctrl Pts',(-20.7624921294572,14.6444260754351,0.));
#5268=CARTESIAN_POINT('Ctrl Pts',(-20.6027579049833,14.3463620027688,0.));
#5269=CARTESIAN_POINT('Ctrl Pts',(-20.4337957803631,14.0534063837203,0.));
#5270=CARTESIAN_POINT('Ctrl Pts',(-20.2553716358214,13.7661168221765,0.));
#5271=CARTESIAN_POINT('Ctrl Pts',(-20.0668963106464,13.4852985756818,0.));
#5272=CARTESIAN_POINT('Ctrl Pts',(-19.8676371896754,13.2120382247666,0.));
#5273=CARTESIAN_POINT('Ctrl Pts',(-19.6569091745668,12.9474132724341,0.));
#5274=CARTESIAN_POINT('Ctrl Pts',(-19.4325690670326,12.694447475167,0.));
#5275=CARTESIAN_POINT('Ctrl Pts',(-19.195689586352,12.4523428996975,0.));
#5276=CARTESIAN_POINT('Ctrl Pts',(-18.9743430577957,12.2774516036226,0.));
#5277=CARTESIAN_POINT('Ctrl Pts',(-18.8089271939992,12.1240765842414,0.));
#5278=CARTESIAN_POINT('Ctrl Pts',(-18.6964401857817,11.997490564042,0.));
#5279=CARTESIAN_POINT('Ctrl Pts',(-18.5978367988444,11.8600161766431,0.));
#5280=CARTESIAN_POINT('Ctrl Pts',(-18.5141668941099,11.7125070749224,0.));
#5281=CARTESIAN_POINT('Ctrl Pts',(-18.4677448068412,11.57896885051,0.));
#5282=CARTESIAN_POINT('Ctrl Pts',(-18.4406026377289,11.469469490162,0.));
#5283=CARTESIAN_POINT('Ctrl Pts',(-18.4311242044434,11.3853482786245,0.));
#5284=CARTESIAN_POINT('Ctrl Pts',(-18.4258991167965,11.3008134997278,0.));
#5285=CARTESIAN_POINT('Ctrl Pts',(-18.4330310117001,11.2164573735665,0.));
#5286=CARTESIAN_POINT('Ctrl Pts',(-18.4437662861153,11.1324442221915,0.));
#5287=CARTESIAN_POINT('Ctrl Pts',(-18.4675437132102,11.0511538800962,0.));
#5288=CARTESIAN_POINT('Ctrl Pts',(-18.4950548393912,10.9710715816339,0.));
#5289=CARTESIAN_POINT('Ctrl Pts',(-18.5476745578479,10.871108990686,0.));
#5290=CARTESIAN_POINT('Ctrl Pts',(-18.6205209227106,10.750562767178,0.));
#5291=CARTESIAN_POINT('Ctrl Pts',(-18.6884938321676,10.6272028528796,0.));
#5292=CARTESIAN_POINT('Ctrl Pts',(-18.748754116128,10.531651544482,0.));
#5293=CARTESIAN_POINT('Ctrl Pts',(-18.8043518578995,10.4677850610915,0.));
#5294=CARTESIAN_POINT('Ctrl Pts',(-18.8628626456888,10.406548034143,0.));
#5295=CARTESIAN_POINT('Ctrl Pts',(-18.9302525318239,10.3552444380954,0.));
#5296=CARTESIAN_POINT('Ctrl Pts',(-18.9997411325927,10.3068899728511,0.));
#5297=CARTESIAN_POINT('Ctrl Pts',(-19.075562942444,10.269147642042,0.));
#5298=CARTESIAN_POINT('Ctrl Pts',(-19.1531532652753,10.2352956002865,0.));
#5299=CARTESIAN_POINT('Ctrl Pts',(-19.261553577591,10.2040517280776,0.));
#5300=CARTESIAN_POINT('Ctrl Pts',(-19.4004121159427,10.1774853227427,0.));
#5301=CARTESIAN_POINT('Ctrl Pts',(-19.5699936976895,10.1761910349148,0.));
#5302=CARTESIAN_POINT('Ctrl Pts',(-19.7383517030153,10.1928468792022,0.));
#5303=CARTESIAN_POINT('Ctrl Pts',(-19.9042219163807,10.2269704758145,0.));
#5304=CARTESIAN_POINT('Ctrl Pts',(-20.119756511369,10.2935373063607,0.));
#5305=CARTESIAN_POINT('Ctrl Pts',(-20.3818900809488,10.3977833750924,0.));
#5306=CARTESIAN_POINT('Ctrl Pts',(-20.7099985340181,10.4818747352624,0.));
#5307=CARTESIAN_POINT('Ctrl Pts',(-21.0412433945071,10.5496760688412,0.));
#5308=CARTESIAN_POINT('Ctrl Pts',(-21.3757793332567,10.599859407048,0.));
#5309=CARTESIAN_POINT('Ctrl Pts',(-21.7120592994817,10.635792692287,0.));
#5310=CARTESIAN_POINT('Ctrl Pts',(-22.0494926973798,10.6586079886278,0.));
#5311=CARTESIAN_POINT('Ctrl Pts',(-22.3875048281897,10.6694830496775,0.));
#5312=CARTESIAN_POINT('Ctrl Pts',(-22.7256928987773,10.6693307323517,0.));
#5313=CARTESIAN_POINT('Ctrl Pts',(-23.0636910698987,10.6586325922669,0.));
#5314=CARTESIAN_POINT('Ctrl Pts',(-23.4013105500931,10.6388789985028,0.));
#5315=CARTESIAN_POINT('Ctrl Pts',(-23.6257425682105,10.6176543584652,0.));
#5316=CARTESIAN_POINT('Ctrl Pts',(-23.7379581765293,10.6070420763446,0.));
#5317=CARTESIAN_POINT('',(-24.2855825786608,9.28495981763223,0.));
#5318=CARTESIAN_POINT('Origin',(0.,0.,0.));
#5319=CARTESIAN_POINT('',(-25.6744113676412,4.10178021414316,0.));
#5320=CARTESIAN_POINT('Ctrl Pts',(-24.2855825786608,9.28495981763223,0.));
#5321=CARTESIAN_POINT('Ctrl Pts',(-24.213738177715,9.19810738338367,0.));
#5322=CARTESIAN_POINT('Ctrl Pts',(-24.0700488626876,9.02440189455858,0.));
#5323=CARTESIAN_POINT('Ctrl Pts',(-23.8452837388848,8.77170097054913,0.));
#5324=CARTESIAN_POINT('Ctrl Pts',(-23.6138476674563,8.52513544432039,0.));
#5325=CARTESIAN_POINT('Ctrl Pts',(-23.3748202940414,8.28589266167758,0.));
#5326=CARTESIAN_POINT('Ctrl Pts',(-23.1281197948084,8.05457182127271,0.));
#5327=CARTESIAN_POINT('Ctrl Pts',(-22.8733855001985,7.83210322817745,0.));
#5328=CARTESIAN_POINT('Ctrl Pts',(-22.6101909860408,7.61972605334536,0.));
#5329=CARTESIAN_POINT('Ctrl Pts',(-22.3381533764517,7.41865840125357,0.));
#5330=CARTESIAN_POINT('Ctrl Pts',(-22.0559851066197,7.23237569691566,0.));
#5331=CARTESIAN_POINT('Ctrl Pts',(-21.7645158234744,7.05982955580114,0.));
#5332=CARTESIAN_POINT('Ctrl Pts',(-21.5054462967356,6.94818623328686,0.));
#5333=CARTESIAN_POINT('Ctrl Pts',(-21.3059704657578,6.8428501168716,0.));
#5334=CARTESIAN_POINT('Ctrl Pts',(-21.1645534865272,6.74969119076715,0.));
#5335=CARTESIAN_POINT('Ctrl Pts',(-21.0337289388522,6.64242156397624,0.));
#5336=CARTESIAN_POINT('Ctrl Pts',(-20.9147318521348,6.52159407785878,0.));
#5337=CARTESIAN_POINT('Ctrl Pts',(-20.8353293234046,6.40462097840062,0.));
#5338=CARTESIAN_POINT('Ctrl Pts',(-20.7807714813929,6.30587762857001,0.));
#5339=CARTESIAN_POINT('Ctrl Pts',(-20.7498438462467,6.22707597685917,0.));
#5340=CARTESIAN_POINT('Ctrl Pts',(-20.7229175883919,6.1467740028986,0.));
#5341=CARTESIAN_POINT('Ctrl Pts',(-20.707973497848,6.06344637180492,0.));
#5342=CARTESIAN_POINT('Ctrl Pts',(-20.6965987730431,5.97951740567088,0.));
#5343=CARTESIAN_POINT('Ctrl Pts',(-20.6985265152396,5.89484291383747,0.));
#5344=CARTESIAN_POINT('Ctrl Pts',(-20.7043733985104,5.81036895011626,0.));
#5345=CARTESIAN_POINT('Ctrl Pts',(-20.7293279212047,5.70019351657237,0.));
#5346=CARTESIAN_POINT('Ctrl Pts',(-20.7684924479179,5.56490077943146,0.));
#5347=CARTESIAN_POINT('Ctrl Pts',(-20.8022213414277,5.42815156876336,0.));
#5348=CARTESIAN_POINT('Ctrl Pts',(-20.8356978076068,5.32025958309415,0.));
#5349=CARTESIAN_POINT('Ctrl Pts',(-20.8728712400221,5.24417954291785,0.));
#5350=CARTESIAN_POINT('Ctrl Pts',(-20.9135390122246,5.16988541083931,0.));
#5351=CARTESIAN_POINT('Ctrl Pts',(-20.9653542959338,5.10288815645633,0.));
#5352=CARTESIAN_POINT('Ctrl Pts',(-21.019960073528,5.03819635636399,0.));
#5353=CARTESIAN_POINT('Ctrl Pts',(-21.0834298838394,4.98211593586746,0.));
#5354=CARTESIAN_POINT('Ctrl Pts',(-21.1496148274104,4.92933552119881,0.));
#5355=CARTESIAN_POINT('Ctrl Pts',(-21.2462349794835,4.87110019279657,0.));
#5356=CARTESIAN_POINT('Ctrl Pts',(-21.3734861362176,4.80949978147147,0.));
#5357=CARTESIAN_POINT('Ctrl Pts',(-21.5369543793501,4.76435865237711,0.));
#5358=CARTESIAN_POINT('Ctrl Pts',(-21.7038865744706,4.73687270435917,0.));
#5359=CARTESIAN_POINT('Ctrl Pts',(-21.872936734063,4.72690319737875,0.));
#5360=CARTESIAN_POINT('Ctrl Pts',(-22.0983559293384,4.73541736011603,0.));
#5361=CARTESIAN_POINT('Ctrl Pts',(-22.3785383820977,4.76826617002514,0.));
#5362=CARTESIAN_POINT('Ctrl Pts',(-22.7172312562817,4.76457147006768,0.));
#5363=CARTESIAN_POINT('Ctrl Pts',(-23.0547374982671,4.74433005074136,0.));
#5364=CARTESIAN_POINT('Ctrl Pts',(-23.3908628050019,4.70621916094513,0.));
#5365=CARTESIAN_POINT('Ctrl Pts',(-23.7249845278152,4.65389238943544,0.));
#5366=CARTESIAN_POINT('Ctrl Pts',(-24.0568251947101,4.58859608357571,0.));
#5367=CARTESIAN_POINT('Ctrl Pts',(-24.3861345143747,4.51161660897683,0.));
#5368=CARTESIAN_POINT('Ctrl Pts',(-24.7127596832733,4.42393996824351,0.));
#5369=CARTESIAN_POINT('Ctrl Pts',(-25.0364719635968,4.32612599454625,0.));
#5370=CARTESIAN_POINT('Ctrl Pts',(-25.3574747326995,4.21966313669563,0.));
#5371=CARTESIAN_POINT('Ctrl Pts',(-25.5687660741782,4.14107442811002,0.));
#5372=CARTESIAN_POINT('Ctrl Pts',(-25.6744113676412,4.10178021414316,0.));
#5373=CARTESIAN_POINT('',(-25.8611958530192,2.6830111911398,0.));
#5374=CARTESIAN_POINT('Origin',(0.,0.,0.));
#5375=CARTESIAN_POINT('',(-25.8611958530192,-2.68301119113981,0.));
#5376=CARTESIAN_POINT('Ctrl Pts',(-25.8611958530192,2.6830111911398,0.));
#5377=CARTESIAN_POINT('Ctrl Pts',(-25.7693204265744,2.6177128810718,0.));
#5378=CARTESIAN_POINT('Ctrl Pts',(-25.5855689174808,2.48711579455431,0.));
#5379=CARTESIAN_POINT('Ctrl Pts',(-25.303058667702,2.30119894044146,0.));
#5380=CARTESIAN_POINT('Ctrl Pts',(-25.0156927351206,2.12293499379397,0.));
#5381=CARTESIAN_POINT('Ctrl Pts',(-24.7228894333978,1.95370904782662,0.));
#5382=CARTESIAN_POINT('Ctrl Pts',(-24.4247248108043,1.79412106155848,0.));
#5383=CARTESIAN_POINT('Ctrl Pts',(-24.1210912679689,1.64516298883537,0.));
#5384=CARTESIAN_POINT('Ctrl Pts',(-23.8118976318147,1.50814214358127,0.));
#5385=CARTESIAN_POINT('Ctrl Pts',(-23.4970893412753,1.38433421994033,0.));
#5386=CARTESIAN_POINT('Ctrl Pts',(-23.1763222104294,1.27742946698552,0.));
#5387=CARTESIAN_POINT('Ctrl Pts',(-22.85012627479,1.18620049459687,0.));
#5388=CARTESIAN_POINT('Ctrl Pts',(-22.5709889099833,1.1454134535733,0.));
#5389=CARTESIAN_POINT('Ctrl Pts',(-22.351047060056,1.09529472238151,0.));
#5390=CARTESIAN_POINT('Ctrl Pts',(-22.1903374432442,1.04191151723362,0.));
#5391=CARTESIAN_POINT('Ctrl Pts',(-22.0362072115579,0.97215689884509,0.));
#5392=CARTESIAN_POINT('Ctrl Pts',(-21.8899923976652,0.886245221832851,0.));
#5393=CARTESIAN_POINT('Ctrl Pts',(-21.7830205785876,0.79380877074981,0.));
#5394=CARTESIAN_POINT('Ctrl Pts',(-21.7047650904486,0.712550627546447,0.));
#5395=CARTESIAN_POINT('Ctrl Pts',(-21.6544959206665,0.644438738000521,0.));
#5396=CARTESIAN_POINT('Ctrl Pts',(-21.6077034725789,0.573842015796179,0.));
#5397=CARTESIAN_POINT('Ctrl Pts',(-21.5717018116619,0.497221520123798,0.));
#5398=CARTESIAN_POINT('Ctrl Pts',(-21.5389922563346,0.419096359573501,0.));
#5399=CARTESIAN_POINT('Ctrl Pts',(-21.5189389411877,0.336808144689218,0.));
#5400=CARTESIAN_POINT('Ctrl Pts',(-21.502723126116,0.253699276736901,0.));
#5401=CARTESIAN_POINT('Ctrl Pts',(-21.4983118435656,0.140819274319536,0.));
#5402=CARTESIAN_POINT('Ctrl Pts',(-21.5011255343561,-6.66133814775094E-15,
0.));
#5403=CARTESIAN_POINT('Ctrl Pts',(-21.4983118435657,-0.140819274319537,
0.));
#5404=CARTESIAN_POINT('Ctrl Pts',(-21.5027231261159,-0.253699276736922,
0.));
#5405=CARTESIAN_POINT('Ctrl Pts',(-21.5189389411878,-0.336808144689216,
0.));
#5406=CARTESIAN_POINT('Ctrl Pts',(-21.5389922563346,-0.419096359573514,
0.));
#5407=CARTESIAN_POINT('Ctrl Pts',(-21.5717018116619,-0.497221520123813,
0.));
#5408=CARTESIAN_POINT('Ctrl Pts',(-21.6077034725789,-0.573842015796178,
0.));
#5409=CARTESIAN_POINT('Ctrl Pts',(-21.6544959206665,-0.644438738000545,
0.));
#5410=CARTESIAN_POINT('Ctrl Pts',(-21.7047650904486,-0.712550627546455,
0.));
#5411=CARTESIAN_POINT('Ctrl Pts',(-21.7830205785876,-0.793808770749816,
0.));
#5412=CARTESIAN_POINT('Ctrl Pts',(-21.8899923976652,-0.886245221832883,
0.));
#5413=CARTESIAN_POINT('Ctrl Pts',(-22.0362072115578,-0.972156898845091,
0.));
#5414=CARTESIAN_POINT('Ctrl Pts',(-22.1903374432442,-1.04191151723363,0.));
#5415=CARTESIAN_POINT('Ctrl Pts',(-22.351047060056,-1.09529472238152,0.));
#5416=CARTESIAN_POINT('Ctrl Pts',(-22.5709889099833,-1.14541345357331,0.));
#5417=CARTESIAN_POINT('Ctrl Pts',(-22.85012627479,-1.1862004945969,0.));
#5418=CARTESIAN_POINT('Ctrl Pts',(-23.1763222104294,-1.27742946698552,0.));
#5419=CARTESIAN_POINT('Ctrl Pts',(-23.4970893412753,-1.38433421994035,0.));
#5420=CARTESIAN_POINT('Ctrl Pts',(-23.8118976318147,-1.50814214358129,0.));
#5421=CARTESIAN_POINT('Ctrl Pts',(-24.1210912679689,-1.64516298883538,0.));
#5422=CARTESIAN_POINT('Ctrl Pts',(-24.4247248108043,-1.79412106155849,0.));
#5423=CARTESIAN_POINT('Ctrl Pts',(-24.7228894333978,-1.95370904782665,0.));
#5424=CARTESIAN_POINT('Ctrl Pts',(-25.0156927351206,-2.12293499379401,0.));
#5425=CARTESIAN_POINT('Ctrl Pts',(-25.303058667702,-2.30119894044144,0.));
#5426=CARTESIAN_POINT('Ctrl Pts',(-25.5855689174808,-2.48711579455434,0.));
#5427=CARTESIAN_POINT('Ctrl Pts',(-25.7693204265744,-2.61771288107181,0.));
#5428=CARTESIAN_POINT('Ctrl Pts',(-25.8611958530192,-2.68301119113981,0.));
#5429=CARTESIAN_POINT('',(-25.6744113676412,-4.10178021414319,0.));
#5430=CARTESIAN_POINT('Origin',(0.,0.,0.));
#5431=CARTESIAN_POINT('',(-24.2855825786608,-9.28495981763226,0.));
#5432=CARTESIAN_POINT('Ctrl Pts',(-25.6744113676412,-4.10178021414319,0.));
#5433=CARTESIAN_POINT('Ctrl Pts',(-25.5687660741782,-4.14107442811006,0.));
#5434=CARTESIAN_POINT('Ctrl Pts',(-25.3574747326995,-4.21966313669567,0.));
#5435=CARTESIAN_POINT('Ctrl Pts',(-25.0364719635968,-4.32612599454625,0.));
#5436=CARTESIAN_POINT('Ctrl Pts',(-24.7127596832733,-4.42393996824357,0.));
#5437=CARTESIAN_POINT('Ctrl Pts',(-24.3861345143747,-4.51161660897687,0.));
#5438=CARTESIAN_POINT('Ctrl Pts',(-24.0568251947102,-4.58859608357574,0.));
#5439=CARTESIAN_POINT('Ctrl Pts',(-23.7249845278152,-4.65389238943547,0.));
#5440=CARTESIAN_POINT('Ctrl Pts',(-23.3908628050019,-4.70621916094518,0.));
#5441=CARTESIAN_POINT('Ctrl Pts',(-23.0547374982671,-4.7443300507414,0.));
#5442=CARTESIAN_POINT('Ctrl Pts',(-22.7172312562817,-4.7645714700677,0.));
#5443=CARTESIAN_POINT('Ctrl Pts',(-22.3785383820978,-4.76826617002519,0.));
#5444=CARTESIAN_POINT('Ctrl Pts',(-22.0983559293384,-4.73541736011608,0.));
#5445=CARTESIAN_POINT('Ctrl Pts',(-21.872936734063,-4.72690319737879,0.));
#5446=CARTESIAN_POINT('Ctrl Pts',(-21.7038865744706,-4.73687270435921,0.));
#5447=CARTESIAN_POINT('Ctrl Pts',(-21.5369543793501,-4.76435865237714,0.));
#5448=CARTESIAN_POINT('Ctrl Pts',(-21.3734861362177,-4.80949978147153,0.));
#5449=CARTESIAN_POINT('Ctrl Pts',(-21.2462349794835,-4.8711001927966,0.));
#5450=CARTESIAN_POINT('Ctrl Pts',(-21.1496148274104,-4.92933552119884,0.));
#5451=CARTESIAN_POINT('Ctrl Pts',(-21.0834298838394,-4.98211593586751,0.));
#5452=CARTESIAN_POINT('Ctrl Pts',(-21.019960073528,-5.038196356364,0.));
#5453=CARTESIAN_POINT('Ctrl Pts',(-20.9653542959338,-5.10288815645637,0.));
#5454=CARTESIAN_POINT('Ctrl Pts',(-20.9135390122246,-5.16988541083935,0.));
#5455=CARTESIAN_POINT('Ctrl Pts',(-20.872871240022,-5.24417954291785,0.));
#5456=CARTESIAN_POINT('Ctrl Pts',(-20.8356978076069,-5.32025958309422,0.));
#5457=CARTESIAN_POINT('Ctrl Pts',(-20.8022213414275,-5.42815156876334,0.));
#5458=CARTESIAN_POINT('Ctrl Pts',(-20.7684924479179,-5.56490077943149,0.));
#5459=CARTESIAN_POINT('Ctrl Pts',(-20.7293279212049,-5.70019351657243,0.));
#5460=CARTESIAN_POINT('Ctrl Pts',(-20.7043733985103,-5.81036895011627,0.));
#5461=CARTESIAN_POINT('Ctrl Pts',(-20.6985265152396,-5.8948429138375,0.));
#5462=CARTESIAN_POINT('Ctrl Pts',(-20.6965987730431,-5.97951740567091,0.));
#5463=CARTESIAN_POINT('Ctrl Pts',(-20.707973497848,-6.06344637180495,0.));
#5464=CARTESIAN_POINT('Ctrl Pts',(-20.7229175883919,-6.14677400289862,0.));
#5465=CARTESIAN_POINT('Ctrl Pts',(-20.7498438462467,-6.2270759768592,0.));
#5466=CARTESIAN_POINT('Ctrl Pts',(-20.7807714813929,-6.30587762857004,0.));
#5467=CARTESIAN_POINT('Ctrl Pts',(-20.8353293234045,-6.40462097840064,0.));
#5468=CARTESIAN_POINT('Ctrl Pts',(-20.9147318521347,-6.52159407785883,0.));
#5469=CARTESIAN_POINT('Ctrl Pts',(-21.0337289388522,-6.64242156397626,0.));
#5470=CARTESIAN_POINT('Ctrl Pts',(-21.1645534865272,-6.74969119076717,0.));
#5471=CARTESIAN_POINT('Ctrl Pts',(-21.3059704657578,-6.84285011687163,0.));
#5472=CARTESIAN_POINT('Ctrl Pts',(-21.5054462967355,-6.94818623328688,0.));
#5473=CARTESIAN_POINT('Ctrl Pts',(-21.7645158234743,-7.05982955580118,0.));
#5474=CARTESIAN_POINT('Ctrl Pts',(-22.0559851066197,-7.23237569691569,0.));
#5475=CARTESIAN_POINT('Ctrl Pts',(-22.3381533764516,-7.41865840125361,0.));
#5476=CARTESIAN_POINT('Ctrl Pts',(-22.6101909860407,-7.61972605334539,0.));
#5477=CARTESIAN_POINT('Ctrl Pts',(-22.8733855001985,-7.83210322817748,0.));
#5478=CARTESIAN_POINT('Ctrl Pts',(-23.1281197948084,-8.05457182127273,0.));
#5479=CARTESIAN_POINT('Ctrl Pts',(-23.3748202940414,-8.28589266167761,0.));
#5480=CARTESIAN_POINT('Ctrl Pts',(-23.6138476674563,-8.52513544432045,0.));
#5481=CARTESIAN_POINT('Ctrl Pts',(-23.8452837388848,-8.77170097054914,0.));
#5482=CARTESIAN_POINT('Ctrl Pts',(-24.0700488626876,-9.02440189455863,0.));
#5483=CARTESIAN_POINT('Ctrl Pts',(-24.213738177715,-9.1981073833837,0.));
#5484=CARTESIAN_POINT('Ctrl Pts',(-24.2855825786608,-9.28495981763226,0.));
#5485=CARTESIAN_POINT('',(-23.7379581765293,-10.6070420763446,0.));
#5486=CARTESIAN_POINT('Origin',(0.,0.,0.));
#5487=CARTESIAN_POINT('',(-21.0549469853895,-15.2541537766746,0.));
#5488=CARTESIAN_POINT('Ctrl Pts',(-23.7379581765293,-10.6070420763446,0.));
#5489=CARTESIAN_POINT('Ctrl Pts',(-23.6257425682105,-10.6176543584653,0.));
#5490=CARTESIAN_POINT('Ctrl Pts',(-23.4013105500931,-10.6388789985029,0.));
#5491=CARTESIAN_POINT('Ctrl Pts',(-23.0636910698987,-10.6586325922669,0.));
#5492=CARTESIAN_POINT('Ctrl Pts',(-22.7256928987773,-10.6693307323518,0.));
#5493=CARTESIAN_POINT('Ctrl Pts',(-22.3875048281897,-10.6694830496775,0.));
#5494=CARTESIAN_POINT('Ctrl Pts',(-22.0494926973798,-10.6586079886278,0.));
#5495=CARTESIAN_POINT('Ctrl Pts',(-21.7120592994817,-10.6357926922871,0.));
#5496=CARTESIAN_POINT('Ctrl Pts',(-21.3757793332567,-10.5998594070481,0.));
#5497=CARTESIAN_POINT('Ctrl Pts',(-21.0412433945071,-10.5496760688412,0.));
#5498=CARTESIAN_POINT('Ctrl Pts',(-20.7099985340181,-10.4818747352624,0.));
#5499=CARTESIAN_POINT('Ctrl Pts',(-20.3818900809488,-10.3977833750924,0.));
#5500=CARTESIAN_POINT('Ctrl Pts',(-20.119756511369,-10.2935373063607,0.));
#5501=CARTESIAN_POINT('Ctrl Pts',(-19.9042219163807,-10.2269704758146,0.));
#5502=CARTESIAN_POINT('Ctrl Pts',(-19.7383517030153,-10.1928468792022,0.));
#5503=CARTESIAN_POINT('Ctrl Pts',(-19.5699936976895,-10.1761910349148,0.));
#5504=CARTESIAN_POINT('Ctrl Pts',(-19.4004121159427,-10.1774853227428,0.));
#5505=CARTESIAN_POINT('Ctrl Pts',(-19.261553577591,-10.2040517280776,0.));
#5506=CARTESIAN_POINT('Ctrl Pts',(-19.1531532652753,-10.2352956002865,0.));
#5507=CARTESIAN_POINT('Ctrl Pts',(-19.075562942444,-10.269147642042,0.));
#5508=CARTESIAN_POINT('Ctrl Pts',(-18.9997411325927,-10.3068899728511,0.));
#5509=CARTESIAN_POINT('Ctrl Pts',(-18.9302525318239,-10.3552444380954,0.));
#5510=CARTESIAN_POINT('Ctrl Pts',(-18.8628626456888,-10.4065480341431,0.));
#5511=CARTESIAN_POINT('Ctrl Pts',(-18.8043518578994,-10.4677850610915,0.));
#5512=CARTESIAN_POINT('Ctrl Pts',(-18.748754116128,-10.5316515444821,0.));
#5513=CARTESIAN_POINT('Ctrl Pts',(-18.6884938321674,-10.6272028528796,0.));
#5514=CARTESIAN_POINT('Ctrl Pts',(-18.6205209227106,-10.7505627671781,0.));
#5515=CARTESIAN_POINT('Ctrl Pts',(-18.547674557848,-10.8711089906861,0.));
#5516=CARTESIAN_POINT('Ctrl Pts',(-18.495054839391,-10.9710715816339,0.));
#5517=CARTESIAN_POINT('Ctrl Pts',(-18.4675437132102,-11.0511538800963,0.));
#5518=CARTESIAN_POINT('Ctrl Pts',(-18.4437662861153,-11.1324442221915,0.));
#5519=CARTESIAN_POINT('Ctrl Pts',(-18.4330310117001,-11.2164573735665,0.));
#5520=CARTESIAN_POINT('Ctrl Pts',(-18.4258991167965,-11.3008134997278,0.));
#5521=CARTESIAN_POINT('Ctrl Pts',(-18.4311242044434,-11.3853482786245,0.));
#5522=CARTESIAN_POINT('Ctrl Pts',(-18.4406026377289,-11.4694694901621,0.));
#5523=CARTESIAN_POINT('Ctrl Pts',(-18.4677448068412,-11.57896885051,0.));
#5524=CARTESIAN_POINT('Ctrl Pts',(-18.5141668941099,-11.7125070749225,0.));
#5525=CARTESIAN_POINT('Ctrl Pts',(-18.5978367988444,-11.8600161766431,0.));
#5526=CARTESIAN_POINT('Ctrl Pts',(-18.6964401857817,-11.997490564042,0.));
#5527=CARTESIAN_POINT('Ctrl Pts',(-18.8089271939992,-12.1240765842414,0.));
#5528=CARTESIAN_POINT('Ctrl Pts',(-18.9743430577957,-12.2774516036226,0.));
#5529=CARTESIAN_POINT('Ctrl Pts',(-19.1956895863519,-12.4523428996976,0.));
#5530=CARTESIAN_POINT('Ctrl Pts',(-19.4325690670326,-12.694447475167,0.));
#5531=CARTESIAN_POINT('Ctrl Pts',(-19.6569091745667,-12.9474132724341,0.));
#5532=CARTESIAN_POINT('Ctrl Pts',(-19.8676371896754,-13.2120382247667,0.));
#5533=CARTESIAN_POINT('Ctrl Pts',(-20.0668963106463,-13.4852985756818,0.));
#5534=CARTESIAN_POINT('Ctrl Pts',(-20.2553716358213,-13.7661168221765,0.));
#5535=CARTESIAN_POINT('Ctrl Pts',(-20.433795780363,-14.0534063837203,0.));
#5536=CARTESIAN_POINT('Ctrl Pts',(-20.6027579049832,-14.3463620027689,0.));
#5537=CARTESIAN_POINT('Ctrl Pts',(-20.7624921294572,-14.6444260754351,0.));
#5538=CARTESIAN_POINT('Ctrl Pts',(-20.9141947555387,-14.946689918978,0.));
#5539=CARTESIAN_POINT('Ctrl Pts',(-21.0080296871387,-15.1516660681091,0.));
#5540=CARTESIAN_POINT('Ctrl Pts',(-21.0549469853895,-15.2541537766746,0.));
#5541=CARTESIAN_POINT('',(-20.1838023645177,-16.389451550009,0.));
#5542=CARTESIAN_POINT('Origin',(0.,0.,0.));
#5543=CARTESIAN_POINT('',(-16.389451550009,-20.1838023645177,0.));
#5544=CARTESIAN_POINT('Ctrl Pts',(-20.1838023645177,-16.389451550009,0.));
#5545=CARTESIAN_POINT('Ctrl Pts',(-20.072663749605,-16.3706586907945,0.));
#5546=CARTESIAN_POINT('Ctrl Pts',(-19.850385725992,-16.3330728381409,0.));
#5547=CARTESIAN_POINT('Ctrl Pts',(-19.5191577443386,-16.2647709930477,0.));
#5548=CARTESIAN_POINT('Ctrl Pts',(-19.1899076992128,-16.1876242389529,0.));
#5549=CARTESIAN_POINT('Ctrl Pts',(-18.8632036850645,-16.1002418526971,0.));
#5550=CARTESIAN_POINT('Ctrl Pts',(-18.5395237112327,-16.0022533734375,0.));
#5551=CARTESIAN_POINT('Ctrl Pts',(-18.219493110763,-15.8928812996378,0.));
#5552=CARTESIAN_POINT('Ctrl Pts',(-17.9039718250956,-15.7711367516566,0.));
#5553=CARTESIAN_POINT('Ctrl Pts',(-17.5938233257103,-15.6360790970135,0.));
#5554=CARTESIAN_POINT('Ctrl Pts',(-17.291413636552,-15.484855559366,0.));
#5555=CARTESIAN_POINT('Ctrl Pts',(-16.9962496534492,-15.3187088262966,0.));
#5556=CARTESIAN_POINT('Ctrl Pts',(-16.7700289366195,-15.1501696960516,0.));
#5557=CARTESIAN_POINT('Ctrl Pts',(-16.579067268379,-15.0300866171914,0.));
#5558=CARTESIAN_POINT('Ctrl Pts',(-16.427680782168,-14.9541953837035,0.));
#5559=CARTESIAN_POINT('Ctrl Pts',(-16.2693702864751,-14.8945328153738,0.));
#5560=CARTESIAN_POINT('Ctrl Pts',(-16.1052320706632,-14.8518920583589,0.));
#5561=CARTESIAN_POINT('Ctrl Pts',(-15.964229130608,-14.8416140010829,0.));
#5562=CARTESIAN_POINT('Ctrl Pts',(-15.851435960194,-14.8437371988404,0.));
#5563=CARTESIAN_POINT('Ctrl Pts',(-15.7677279103792,-14.8563539069803,0.));
#5564=CARTESIAN_POINT('Ctrl Pts',(-15.6847212320279,-14.8731860706294,0.));
#5565=CARTESIAN_POINT('Ctrl Pts',(-15.6050853413917,-14.9019079241288,0.));
#5566=CARTESIAN_POINT('Ctrl Pts',(-15.5267133622037,-14.9340216065537,0.));
#5567=CARTESIAN_POINT('Ctrl Pts',(-15.4543469723217,-14.9780283261845,0.));
#5568=CARTESIAN_POINT('Ctrl Pts',(-15.3841138154162,-15.0253288574906,0.));
#5569=CARTESIAN_POINT('Ctrl Pts',(-15.3011763524414,-15.1020278248552,0.));
#5570=CARTESIAN_POINT('Ctrl Pts',(-15.2035916684864,-15.2035916684864,0.));
#5571=CARTESIAN_POINT('Ctrl Pts',(-15.1020278248553,-15.3011763524415,0.));
#5572=CARTESIAN_POINT('Ctrl Pts',(-15.0253288574905,-15.3841138154162,0.));
#5573=CARTESIAN_POINT('Ctrl Pts',(-14.9780283261845,-15.4543469723218,0.));
#5574=CARTESIAN_POINT('Ctrl Pts',(-14.9340216065537,-15.5267133622038,0.));
#5575=CARTESIAN_POINT('Ctrl Pts',(-14.9019079241288,-15.6050853413917,0.));
#5576=CARTESIAN_POINT('Ctrl Pts',(-14.8731860706294,-15.6847212320279,0.));
#5577=CARTESIAN_POINT('Ctrl Pts',(-14.8563539069802,-15.7677279103792,0.));
#5578=CARTESIAN_POINT('Ctrl Pts',(-14.8437371988404,-15.8514359601941,0.));
#5579=CARTESIAN_POINT('Ctrl Pts',(-14.8416140010828,-15.964229130608,0.));
#5580=CARTESIAN_POINT('Ctrl Pts',(-14.8518920583588,-16.1052320706633,0.));
#5581=CARTESIAN_POINT('Ctrl Pts',(-14.8945328153738,-16.2693702864751,0.));
#5582=CARTESIAN_POINT('Ctrl Pts',(-14.9541953837034,-16.427680782168,0.));
#5583=CARTESIAN_POINT('Ctrl Pts',(-15.0300866171914,-16.579067268379,0.));
#5584=CARTESIAN_POINT('Ctrl Pts',(-15.1501696960515,-16.7700289366195,0.));
#5585=CARTESIAN_POINT('Ctrl Pts',(-15.3187088262966,-16.9962496534492,0.));
#5586=CARTESIAN_POINT('Ctrl Pts',(-15.484855559366,-17.291413636552,0.));
#5587=CARTESIAN_POINT('Ctrl Pts',(-15.6360790970135,-17.5938233257103,0.));
#5588=CARTESIAN_POINT('Ctrl Pts',(-15.7711367516565,-17.9039718250956,0.));
#5589=CARTESIAN_POINT('Ctrl Pts',(-15.8928812996378,-18.219493110763,0.));
#5590=CARTESIAN_POINT('Ctrl Pts',(-16.0022533734374,-18.5395237112327,0.));
#5591=CARTESIAN_POINT('Ctrl Pts',(-16.1002418526971,-18.8632036850646,0.));
#5592=CARTESIAN_POINT('Ctrl Pts',(-16.1876242389528,-19.1899076992128,0.));
#5593=CARTESIAN_POINT('Ctrl Pts',(-16.2647709930477,-19.5191577443386,0.));
#5594=CARTESIAN_POINT('Ctrl Pts',(-16.3330728381409,-19.850385725992,0.));
#5595=CARTESIAN_POINT('Ctrl Pts',(-16.3706586907945,-20.072663749605,0.));
#5596=CARTESIAN_POINT('Ctrl Pts',(-16.389451550009,-20.1838023645177,0.));
#5597=CARTESIAN_POINT('',(-15.2541537766746,-21.0549469853895,0.));
#5598=CARTESIAN_POINT('Origin',(0.,0.,0.));
#5599=CARTESIAN_POINT('',(-10.6070420763446,-23.7379581765293,0.));
#5600=CARTESIAN_POINT('Ctrl Pts',(-15.2541537766746,-21.0549469853895,0.));
#5601=CARTESIAN_POINT('Ctrl Pts',(-15.1516660681091,-21.0080296871387,0.));
#5602=CARTESIAN_POINT('Ctrl Pts',(-14.946689918978,-20.9141947555388,0.));
#5603=CARTESIAN_POINT('Ctrl Pts',(-14.6444260754351,-20.7624921294572,0.));
#5604=CARTESIAN_POINT('Ctrl Pts',(-14.3463620027688,-20.6027579049833,0.));
#5605=CARTESIAN_POINT('Ctrl Pts',(-14.0534063837203,-20.4337957803631,0.));
#5606=CARTESIAN_POINT('Ctrl Pts',(-13.7661168221765,-20.2553716358214,0.));
#5607=CARTESIAN_POINT('Ctrl Pts',(-13.4852985756818,-20.0668963106464,0.));
#5608=CARTESIAN_POINT('Ctrl Pts',(-13.2120382247667,-19.8676371896754,0.));
#5609=CARTESIAN_POINT('Ctrl Pts',(-12.9474132724341,-19.6569091745668,0.));
#5610=CARTESIAN_POINT('Ctrl Pts',(-12.694447475167,-19.4325690670326,0.));
#5611=CARTESIAN_POINT('Ctrl Pts',(-12.4523428996975,-19.195689586352,0.));
#5612=CARTESIAN_POINT('Ctrl Pts',(-12.2774516036226,-18.9743430577957,0.));
#5613=CARTESIAN_POINT('Ctrl Pts',(-12.1240765842414,-18.8089271939992,0.));
#5614=CARTESIAN_POINT('Ctrl Pts',(-11.997490564042,-18.6964401857817,0.));
#5615=CARTESIAN_POINT('Ctrl Pts',(-11.8600161766431,-18.5978367988444,0.));
#5616=CARTESIAN_POINT('Ctrl Pts',(-11.7125070749224,-18.5141668941099,0.));
#5617=CARTESIAN_POINT('Ctrl Pts',(-11.57896885051,-18.4677448068412,0.));
#5618=CARTESIAN_POINT('Ctrl Pts',(-11.469469490162,-18.4406026377289,0.));
#5619=CARTESIAN_POINT('Ctrl Pts',(-11.3853482786245,-18.4311242044434,0.));
#5620=CARTESIAN_POINT('Ctrl Pts',(-11.3008134997278,-18.4258991167965,0.));
#5621=CARTESIAN_POINT('Ctrl Pts',(-11.2164573735665,-18.4330310117001,0.));
#5622=CARTESIAN_POINT('Ctrl Pts',(-11.1324442221915,-18.4437662861153,0.));
#5623=CARTESIAN_POINT('Ctrl Pts',(-11.0511538800962,-18.4675437132102,0.));
#5624=CARTESIAN_POINT('Ctrl Pts',(-10.9710715816339,-18.4950548393911,0.));
#5625=CARTESIAN_POINT('Ctrl Pts',(-10.871108990686,-18.5476745578479,0.));
#5626=CARTESIAN_POINT('Ctrl Pts',(-10.750562767178,-18.6205209227106,0.));
#5627=CARTESIAN_POINT('Ctrl Pts',(-10.6272028528796,-18.6884938321675,0.));
#5628=CARTESIAN_POINT('Ctrl Pts',(-10.531651544482,-18.748754116128,0.));
#5629=CARTESIAN_POINT('Ctrl Pts',(-10.4677850610915,-18.8043518578995,0.));
#5630=CARTESIAN_POINT('Ctrl Pts',(-10.4065480341431,-18.8628626456888,0.));
#5631=CARTESIAN_POINT('Ctrl Pts',(-10.3552444380954,-18.9302525318239,0.));
#5632=CARTESIAN_POINT('Ctrl Pts',(-10.3068899728511,-18.9997411325927,0.));
#5633=CARTESIAN_POINT('Ctrl Pts',(-10.269147642042,-19.0755629424439,0.));
#5634=CARTESIAN_POINT('Ctrl Pts',(-10.2352956002865,-19.1531532652753,0.));
#5635=CARTESIAN_POINT('Ctrl Pts',(-10.2040517280776,-19.261553577591,0.));
#5636=CARTESIAN_POINT('Ctrl Pts',(-10.1774853227427,-19.4004121159427,0.));
#5637=CARTESIAN_POINT('Ctrl Pts',(-10.1761910349148,-19.5699936976895,0.));
#5638=CARTESIAN_POINT('Ctrl Pts',(-10.1928468792022,-19.7383517030153,0.));
#5639=CARTESIAN_POINT('Ctrl Pts',(-10.2269704758145,-19.9042219163807,0.));
#5640=CARTESIAN_POINT('Ctrl Pts',(-10.2935373063607,-20.119756511369,0.));
#5641=CARTESIAN_POINT('Ctrl Pts',(-10.3977833750924,-20.3818900809488,0.));
#5642=CARTESIAN_POINT('Ctrl Pts',(-10.4818747352624,-20.7099985340181,0.));
#5643=CARTESIAN_POINT('Ctrl Pts',(-10.5496760688412,-21.0412433945071,0.));
#5644=CARTESIAN_POINT('Ctrl Pts',(-10.599859407048,-21.3757793332567,0.));
#5645=CARTESIAN_POINT('Ctrl Pts',(-10.6357926922871,-21.7120592994817,0.));
#5646=CARTESIAN_POINT('Ctrl Pts',(-10.6586079886278,-22.0494926973798,0.));
#5647=CARTESIAN_POINT('Ctrl Pts',(-10.6694830496775,-22.3875048281897,0.));
#5648=CARTESIAN_POINT('Ctrl Pts',(-10.6693307323517,-22.7256928987772,0.));
#5649=CARTESIAN_POINT('Ctrl Pts',(-10.6586325922669,-23.0636910698987,0.));
#5650=CARTESIAN_POINT('Ctrl Pts',(-10.6388789985028,-23.4013105500931,0.));
#5651=CARTESIAN_POINT('Ctrl Pts',(-10.6176543584652,-23.6257425682105,0.));
#5652=CARTESIAN_POINT('Ctrl Pts',(-10.6070420763446,-23.7379581765293,0.));
#5653=CARTESIAN_POINT('',(-9.28495981763223,-24.2855825786608,0.));
#5654=CARTESIAN_POINT('Origin',(0.,0.,0.));
#5655=CARTESIAN_POINT('',(-4.10178021414316,-25.6744113676412,0.));
#5656=CARTESIAN_POINT('Ctrl Pts',(-9.28495981763223,-24.2855825786608,0.));
#5657=CARTESIAN_POINT('Ctrl Pts',(-9.19810738338367,-24.213738177715,0.));
#5658=CARTESIAN_POINT('Ctrl Pts',(-9.02440189455858,-24.0700488626876,0.));
#5659=CARTESIAN_POINT('Ctrl Pts',(-8.77170097054913,-23.8452837388848,0.));
#5660=CARTESIAN_POINT('Ctrl Pts',(-8.52513544432039,-23.6138476674563,0.));
#5661=CARTESIAN_POINT('Ctrl Pts',(-8.28589266167758,-23.3748202940414,0.));
#5662=CARTESIAN_POINT('Ctrl Pts',(-8.05457182127271,-23.1281197948084,0.));
#5663=CARTESIAN_POINT('Ctrl Pts',(-7.83210322817745,-22.8733855001985,0.));
#5664=CARTESIAN_POINT('Ctrl Pts',(-7.61972605334536,-22.6101909860408,0.));
#5665=CARTESIAN_POINT('Ctrl Pts',(-7.41865840125357,-22.3381533764517,0.));
#5666=CARTESIAN_POINT('Ctrl Pts',(-7.23237569691566,-22.0559851066197,0.));
#5667=CARTESIAN_POINT('Ctrl Pts',(-7.05982955580114,-21.7645158234744,0.));
#5668=CARTESIAN_POINT('Ctrl Pts',(-6.94818623328686,-21.5054462967356,0.));
#5669=CARTESIAN_POINT('Ctrl Pts',(-6.8428501168716,-21.3059704657578,0.));
#5670=CARTESIAN_POINT('Ctrl Pts',(-6.74969119076715,-21.1645534865272,0.));
#5671=CARTESIAN_POINT('Ctrl Pts',(-6.64242156397624,-21.0337289388522,0.));
#5672=CARTESIAN_POINT('Ctrl Pts',(-6.52159407785878,-20.9147318521348,0.));
#5673=CARTESIAN_POINT('Ctrl Pts',(-6.40462097840062,-20.8353293234046,0.));
#5674=CARTESIAN_POINT('Ctrl Pts',(-6.30587762857001,-20.7807714813929,0.));
#5675=CARTESIAN_POINT('Ctrl Pts',(-6.22707597685917,-20.7498438462467,0.));
#5676=CARTESIAN_POINT('Ctrl Pts',(-6.1467740028986,-20.7229175883919,0.));
#5677=CARTESIAN_POINT('Ctrl Pts',(-6.06344637180492,-20.707973497848,0.));
#5678=CARTESIAN_POINT('Ctrl Pts',(-5.97951740567088,-20.6965987730431,0.));
#5679=CARTESIAN_POINT('Ctrl Pts',(-5.89484291383747,-20.6985265152396,0.));
#5680=CARTESIAN_POINT('Ctrl Pts',(-5.81036895011626,-20.7043733985104,0.));
#5681=CARTESIAN_POINT('Ctrl Pts',(-5.70019351657237,-20.7293279212047,0.));
#5682=CARTESIAN_POINT('Ctrl Pts',(-5.56490077943146,-20.7684924479179,0.));
#5683=CARTESIAN_POINT('Ctrl Pts',(-5.42815156876336,-20.8022213414277,0.));
#5684=CARTESIAN_POINT('Ctrl Pts',(-5.32025958309415,-20.8356978076068,0.));
#5685=CARTESIAN_POINT('Ctrl Pts',(-5.24417954291785,-20.8728712400221,0.));
#5686=CARTESIAN_POINT('Ctrl Pts',(-5.16988541083932,-20.9135390122246,0.));
#5687=CARTESIAN_POINT('Ctrl Pts',(-5.10288815645634,-20.9653542959338,0.));
#5688=CARTESIAN_POINT('Ctrl Pts',(-5.03819635636399,-21.019960073528,0.));
#5689=CARTESIAN_POINT('Ctrl Pts',(-4.98211593586747,-21.0834298838394,0.));
#5690=CARTESIAN_POINT('Ctrl Pts',(-4.92933552119881,-21.1496148274104,0.));
#5691=CARTESIAN_POINT('Ctrl Pts',(-4.87110019279657,-21.2462349794835,0.));
#5692=CARTESIAN_POINT('Ctrl Pts',(-4.80949978147147,-21.3734861362176,0.));
#5693=CARTESIAN_POINT('Ctrl Pts',(-4.76435865237712,-21.5369543793501,0.));
#5694=CARTESIAN_POINT('Ctrl Pts',(-4.73687270435918,-21.7038865744706,0.));
#5695=CARTESIAN_POINT('Ctrl Pts',(-4.72690319737875,-21.872936734063,0.));
#5696=CARTESIAN_POINT('Ctrl Pts',(-4.73541736011604,-22.0983559293384,0.));
#5697=CARTESIAN_POINT('Ctrl Pts',(-4.76826617002514,-22.3785383820977,0.));
#5698=CARTESIAN_POINT('Ctrl Pts',(-4.76457147006768,-22.7172312562817,0.));
#5699=CARTESIAN_POINT('Ctrl Pts',(-4.74433005074136,-23.0547374982671,0.));
#5700=CARTESIAN_POINT('Ctrl Pts',(-4.70621916094513,-23.3908628050019,0.));
#5701=CARTESIAN_POINT('Ctrl Pts',(-4.65389238943544,-23.7249845278152,0.));
#5702=CARTESIAN_POINT('Ctrl Pts',(-4.58859608357571,-24.0568251947101,0.));
#5703=CARTESIAN_POINT('Ctrl Pts',(-4.51161660897683,-24.3861345143747,0.));
#5704=CARTESIAN_POINT('Ctrl Pts',(-4.42393996824351,-24.7127596832733,0.));
#5705=CARTESIAN_POINT('Ctrl Pts',(-4.32612599454625,-25.0364719635968,0.));
#5706=CARTESIAN_POINT('Ctrl Pts',(-4.21966313669563,-25.3574747326995,0.));
#5707=CARTESIAN_POINT('Ctrl Pts',(-4.14107442811002,-25.5687660741782,0.));
#5708=CARTESIAN_POINT('Ctrl Pts',(-4.10178021414316,-25.6744113676412,0.));
#5709=CARTESIAN_POINT('',(-2.6830111911398,-25.8611958530192,0.));
#5710=CARTESIAN_POINT('Origin',(0.,0.,0.));
#5711=CARTESIAN_POINT('',(2.68301119113981,-25.8611958530192,0.));
#5712=CARTESIAN_POINT('Ctrl Pts',(-2.6830111911398,-25.8611958530192,0.));
#5713=CARTESIAN_POINT('Ctrl Pts',(-2.6177128810718,-25.7693204265744,0.));
#5714=CARTESIAN_POINT('Ctrl Pts',(-2.48711579455431,-25.5855689174808,0.));
#5715=CARTESIAN_POINT('Ctrl Pts',(-2.30119894044147,-25.303058667702,0.));
#5716=CARTESIAN_POINT('Ctrl Pts',(-2.12293499379398,-25.0156927351206,0.));
#5717=CARTESIAN_POINT('Ctrl Pts',(-1.95370904782663,-24.7228894333978,0.));
#5718=CARTESIAN_POINT('Ctrl Pts',(-1.79412106155848,-24.4247248108043,0.));
#5719=CARTESIAN_POINT('Ctrl Pts',(-1.64516298883537,-24.1210912679689,0.));
#5720=CARTESIAN_POINT('Ctrl Pts',(-1.50814214358127,-23.8118976318147,0.));
#5721=CARTESIAN_POINT('Ctrl Pts',(-1.38433421994033,-23.4970893412753,0.));
#5722=CARTESIAN_POINT('Ctrl Pts',(-1.27742946698552,-23.1763222104294,0.));
#5723=CARTESIAN_POINT('Ctrl Pts',(-1.18620049459688,-22.85012627479,0.));
#5724=CARTESIAN_POINT('Ctrl Pts',(-1.1454134535733,-22.5709889099833,0.));
#5725=CARTESIAN_POINT('Ctrl Pts',(-1.09529472238151,-22.351047060056,0.));
#5726=CARTESIAN_POINT('Ctrl Pts',(-1.04191151723362,-22.1903374432442,0.));
#5727=CARTESIAN_POINT('Ctrl Pts',(-0.97215689884509,-22.0362072115579,0.));
#5728=CARTESIAN_POINT('Ctrl Pts',(-0.886245221832852,-21.8899923976652,
0.));
#5729=CARTESIAN_POINT('Ctrl Pts',(-0.793808770749811,-21.7830205785876,
0.));
#5730=CARTESIAN_POINT('Ctrl Pts',(-0.712550627546449,-21.7047650904486,
0.));
#5731=CARTESIAN_POINT('Ctrl Pts',(-0.644438738000522,-21.6544959206665,
0.));
#5732=CARTESIAN_POINT('Ctrl Pts',(-0.57384201579618,-21.6077034725789,0.));
#5733=CARTESIAN_POINT('Ctrl Pts',(-0.497221520123799,-21.5717018116619,
0.));
#5734=CARTESIAN_POINT('Ctrl Pts',(-0.419096359573502,-21.5389922563346,
0.));
#5735=CARTESIAN_POINT('Ctrl Pts',(-0.336808144689219,-21.5189389411877,
0.));
#5736=CARTESIAN_POINT('Ctrl Pts',(-0.253699276736902,-21.502723126116,0.));
#5737=CARTESIAN_POINT('Ctrl Pts',(-0.140819274319537,-21.4983118435656,
0.));
#5738=CARTESIAN_POINT('Ctrl Pts',(4.44089209850063E-15,-21.5011255343561,
0.));
#5739=CARTESIAN_POINT('Ctrl Pts',(0.140819274319536,-21.4983118435657,0.));
#5740=CARTESIAN_POINT('Ctrl Pts',(0.253699276736919,-21.5027231261159,0.));
#5741=CARTESIAN_POINT('Ctrl Pts',(0.336808144689215,-21.5189389411878,0.));
#5742=CARTESIAN_POINT('Ctrl Pts',(0.419096359573513,-21.5389922563346,0.));
#5743=CARTESIAN_POINT('Ctrl Pts',(0.497221520123812,-21.5717018116619,0.));
#5744=CARTESIAN_POINT('Ctrl Pts',(0.573842015796175,-21.6077034725789,0.));
#5745=CARTESIAN_POINT('Ctrl Pts',(0.644438738000542,-21.6544959206665,0.));
#5746=CARTESIAN_POINT('Ctrl Pts',(0.712550627546453,-21.7047650904486,0.));
#5747=CARTESIAN_POINT('Ctrl Pts',(0.793808770749815,-21.7830205785876,0.));
#5748=CARTESIAN_POINT('Ctrl Pts',(0.886245221832882,-21.8899923976652,0.));
#5749=CARTESIAN_POINT('Ctrl Pts',(0.97215689884509,-22.0362072115578,0.));
#5750=CARTESIAN_POINT('Ctrl Pts',(1.04191151723362,-22.1903374432442,0.));
#5751=CARTESIAN_POINT('Ctrl Pts',(1.09529472238152,-22.351047060056,0.));
#5752=CARTESIAN_POINT('Ctrl Pts',(1.14541345357331,-22.5709889099833,0.));
#5753=CARTESIAN_POINT('Ctrl Pts',(1.18620049459689,-22.85012627479,0.));
#5754=CARTESIAN_POINT('Ctrl Pts',(1.27742946698552,-23.1763222104294,0.));
#5755=CARTESIAN_POINT('Ctrl Pts',(1.38433421994035,-23.4970893412753,0.));
#5756=CARTESIAN_POINT('Ctrl Pts',(1.50814214358129,-23.8118976318147,0.));
#5757=CARTESIAN_POINT('Ctrl Pts',(1.64516298883538,-24.1210912679689,0.));
#5758=CARTESIAN_POINT('Ctrl Pts',(1.79412106155848,-24.4247248108043,0.));
#5759=CARTESIAN_POINT('Ctrl Pts',(1.95370904782664,-24.7228894333978,0.));
#5760=CARTESIAN_POINT('Ctrl Pts',(2.12293499379401,-25.0156927351206,0.));
#5761=CARTESIAN_POINT('Ctrl Pts',(2.30119894044144,-25.303058667702,0.));
#5762=CARTESIAN_POINT('Ctrl Pts',(2.48711579455433,-25.5855689174808,0.));
#5763=CARTESIAN_POINT('Ctrl Pts',(2.61771288107181,-25.7693204265744,0.));
#5764=CARTESIAN_POINT('Ctrl Pts',(2.68301119113981,-25.8611958530192,0.));
#5765=CARTESIAN_POINT('',(4.10178021414318,-25.6744113676412,0.));
#5766=CARTESIAN_POINT('Origin',(0.,0.,0.));
#5767=CARTESIAN_POINT('',(9.28495981763225,-24.2855825786608,0.));
#5768=CARTESIAN_POINT('Ctrl Pts',(4.10178021414318,-25.6744113676412,0.));
#5769=CARTESIAN_POINT('Ctrl Pts',(4.14107442811004,-25.5687660741782,0.));
#5770=CARTESIAN_POINT('Ctrl Pts',(4.21966313669566,-25.3574747326995,0.));
#5771=CARTESIAN_POINT('Ctrl Pts',(4.32612599454624,-25.0364719635968,0.));
#5772=CARTESIAN_POINT('Ctrl Pts',(4.42393996824356,-24.7127596832733,0.));
#5773=CARTESIAN_POINT('Ctrl Pts',(4.51161660897686,-24.3861345143747,0.));
#5774=CARTESIAN_POINT('Ctrl Pts',(4.58859608357573,-24.0568251947102,0.));
#5775=CARTESIAN_POINT('Ctrl Pts',(4.65389238943546,-23.7249845278152,0.));
#5776=CARTESIAN_POINT('Ctrl Pts',(4.70621916094516,-23.3908628050019,0.));
#5777=CARTESIAN_POINT('Ctrl Pts',(4.74433005074139,-23.0547374982671,0.));
#5778=CARTESIAN_POINT('Ctrl Pts',(4.76457147006769,-22.7172312562817,0.));
#5779=CARTESIAN_POINT('Ctrl Pts',(4.76826617002518,-22.3785383820978,0.));
#5780=CARTESIAN_POINT('Ctrl Pts',(4.73541736011606,-22.0983559293384,0.));
#5781=CARTESIAN_POINT('Ctrl Pts',(4.72690319737878,-21.872936734063,0.));
#5782=CARTESIAN_POINT('Ctrl Pts',(4.73687270435919,-21.7038865744706,0.));
#5783=CARTESIAN_POINT('Ctrl Pts',(4.76435865237713,-21.5369543793501,0.));
#5784=CARTESIAN_POINT('Ctrl Pts',(4.80949978147152,-21.3734861362177,0.));
#5785=CARTESIAN_POINT('Ctrl Pts',(4.87110019279659,-21.2462349794835,0.));
#5786=CARTESIAN_POINT('Ctrl Pts',(4.92933552119883,-21.1496148274104,0.));
#5787=CARTESIAN_POINT('Ctrl Pts',(4.9821159358675,-21.0834298838394,0.));
#5788=CARTESIAN_POINT('Ctrl Pts',(5.03819635636399,-21.019960073528,0.));
#5789=CARTESIAN_POINT('Ctrl Pts',(5.10288815645636,-20.9653542959338,0.));
#5790=CARTESIAN_POINT('Ctrl Pts',(5.16988541083934,-20.9135390122246,0.));
#5791=CARTESIAN_POINT('Ctrl Pts',(5.24417954291784,-20.872871240022,0.));
#5792=CARTESIAN_POINT('Ctrl Pts',(5.32025958309421,-20.8356978076069,0.));
#5793=CARTESIAN_POINT('Ctrl Pts',(5.42815156876333,-20.8022213414275,0.));
#5794=CARTESIAN_POINT('Ctrl Pts',(5.56490077943148,-20.7684924479179,0.));
#5795=CARTESIAN_POINT('Ctrl Pts',(5.70019351657242,-20.7293279212049,0.));
#5796=CARTESIAN_POINT('Ctrl Pts',(5.81036895011626,-20.7043733985103,0.));
#5797=CARTESIAN_POINT('Ctrl Pts',(5.8948429138375,-20.6985265152396,0.));
#5798=CARTESIAN_POINT('Ctrl Pts',(5.9795174056709,-20.6965987730431,0.));
#5799=CARTESIAN_POINT('Ctrl Pts',(6.06344637180494,-20.707973497848,0.));
#5800=CARTESIAN_POINT('Ctrl Pts',(6.14677400289861,-20.7229175883919,0.));
#5801=CARTESIAN_POINT('Ctrl Pts',(6.22707597685919,-20.7498438462467,0.));
#5802=CARTESIAN_POINT('Ctrl Pts',(6.30587762857003,-20.7807714813929,0.));
#5803=CARTESIAN_POINT('Ctrl Pts',(6.40462097840063,-20.8353293234045,0.));
#5804=CARTESIAN_POINT('Ctrl Pts',(6.52159407785882,-20.9147318521347,0.));
#5805=CARTESIAN_POINT('Ctrl Pts',(6.64242156397625,-21.0337289388522,0.));
#5806=CARTESIAN_POINT('Ctrl Pts',(6.74969119076716,-21.1645534865272,0.));
#5807=CARTESIAN_POINT('Ctrl Pts',(6.84285011687161,-21.3059704657578,0.));
#5808=CARTESIAN_POINT('Ctrl Pts',(6.94818623328687,-21.5054462967356,0.));
#5809=CARTESIAN_POINT('Ctrl Pts',(7.05982955580117,-21.7645158234743,0.));
#5810=CARTESIAN_POINT('Ctrl Pts',(7.23237569691567,-22.0559851066197,0.));
#5811=CARTESIAN_POINT('Ctrl Pts',(7.41865840125359,-22.3381533764517,0.));
#5812=CARTESIAN_POINT('Ctrl Pts',(7.61972605334538,-22.6101909860407,0.));
#5813=CARTESIAN_POINT('Ctrl Pts',(7.83210322817746,-22.8733855001985,0.));
#5814=CARTESIAN_POINT('Ctrl Pts',(8.05457182127272,-23.1281197948084,0.));
#5815=CARTESIAN_POINT('Ctrl Pts',(8.2858926616776,-23.3748202940414,0.));
#5816=CARTESIAN_POINT('Ctrl Pts',(8.52513544432044,-23.6138476674563,0.));
#5817=CARTESIAN_POINT('Ctrl Pts',(8.77170097054912,-23.8452837388848,0.));
#5818=CARTESIAN_POINT('Ctrl Pts',(9.02440189455862,-24.0700488626876,0.));
#5819=CARTESIAN_POINT('Ctrl Pts',(9.19810738338369,-24.213738177715,0.));
#5820=CARTESIAN_POINT('Ctrl Pts',(9.28495981763225,-24.2855825786608,0.));
#5821=CARTESIAN_POINT('',(10.6070420763446,-23.7379581765293,0.));
#5822=CARTESIAN_POINT('Origin',(0.,0.,0.));
#5823=CARTESIAN_POINT('',(15.2541537766746,-21.0549469853895,0.));
#5824=CARTESIAN_POINT('Ctrl Pts',(10.6070420763446,-23.7379581765293,0.));
#5825=CARTESIAN_POINT('Ctrl Pts',(10.6176543584652,-23.6257425682105,0.));
#5826=CARTESIAN_POINT('Ctrl Pts',(10.6388789985029,-23.4013105500931,0.));
#5827=CARTESIAN_POINT('Ctrl Pts',(10.6586325922668,-23.0636910698987,0.));
#5828=CARTESIAN_POINT('Ctrl Pts',(10.6693307323518,-22.7256928987773,0.));
#5829=CARTESIAN_POINT('Ctrl Pts',(10.6694830496775,-22.3875048281897,0.));
#5830=CARTESIAN_POINT('Ctrl Pts',(10.6586079886278,-22.0494926973798,0.));
#5831=CARTESIAN_POINT('Ctrl Pts',(10.6357926922871,-21.7120592994817,0.));
#5832=CARTESIAN_POINT('Ctrl Pts',(10.5998594070481,-21.3757793332567,0.));
#5833=CARTESIAN_POINT('Ctrl Pts',(10.5496760688412,-21.0412433945071,0.));
#5834=CARTESIAN_POINT('Ctrl Pts',(10.4818747352624,-20.7099985340181,0.));
#5835=CARTESIAN_POINT('Ctrl Pts',(10.3977833750924,-20.3818900809488,0.));
#5836=CARTESIAN_POINT('Ctrl Pts',(10.2935373063607,-20.119756511369,0.));
#5837=CARTESIAN_POINT('Ctrl Pts',(10.2269704758146,-19.9042219163807,0.));
#5838=CARTESIAN_POINT('Ctrl Pts',(10.1928468792022,-19.7383517030153,0.));
#5839=CARTESIAN_POINT('Ctrl Pts',(10.1761910349148,-19.5699936976895,0.));
#5840=CARTESIAN_POINT('Ctrl Pts',(10.1774853227428,-19.4004121159427,0.));
#5841=CARTESIAN_POINT('Ctrl Pts',(10.2040517280776,-19.261553577591,0.));
#5842=CARTESIAN_POINT('Ctrl Pts',(10.2352956002865,-19.1531532652753,0.));
#5843=CARTESIAN_POINT('Ctrl Pts',(10.269147642042,-19.075562942444,0.));
#5844=CARTESIAN_POINT('Ctrl Pts',(10.3068899728511,-18.9997411325926,0.));
#5845=CARTESIAN_POINT('Ctrl Pts',(10.3552444380954,-18.9302525318239,0.));
#5846=CARTESIAN_POINT('Ctrl Pts',(10.4065480341431,-18.8628626456888,0.));
#5847=CARTESIAN_POINT('Ctrl Pts',(10.4677850610915,-18.8043518578994,0.));
#5848=CARTESIAN_POINT('Ctrl Pts',(10.5316515444821,-18.748754116128,0.));
#5849=CARTESIAN_POINT('Ctrl Pts',(10.6272028528796,-18.6884938321674,0.));
#5850=CARTESIAN_POINT('Ctrl Pts',(10.7505627671781,-18.6205209227106,0.));
#5851=CARTESIAN_POINT('Ctrl Pts',(10.8711089906861,-18.547674557848,0.));
#5852=CARTESIAN_POINT('Ctrl Pts',(10.9710715816339,-18.495054839391,0.));
#5853=CARTESIAN_POINT('Ctrl Pts',(11.0511538800963,-18.4675437132102,0.));
#5854=CARTESIAN_POINT('Ctrl Pts',(11.1324442221915,-18.4437662861153,0.));
#5855=CARTESIAN_POINT('Ctrl Pts',(11.2164573735665,-18.4330310117001,0.));
#5856=CARTESIAN_POINT('Ctrl Pts',(11.3008134997278,-18.4258991167965,0.));
#5857=CARTESIAN_POINT('Ctrl Pts',(11.3853482786245,-18.4311242044434,0.));
#5858=CARTESIAN_POINT('Ctrl Pts',(11.4694694901621,-18.4406026377289,0.));
#5859=CARTESIAN_POINT('Ctrl Pts',(11.57896885051,-18.4677448068412,0.));
#5860=CARTESIAN_POINT('Ctrl Pts',(11.7125070749225,-18.5141668941099,0.));
#5861=CARTESIAN_POINT('Ctrl Pts',(11.8600161766431,-18.5978367988444,0.));
#5862=CARTESIAN_POINT('Ctrl Pts',(11.997490564042,-18.6964401857817,0.));
#5863=CARTESIAN_POINT('Ctrl Pts',(12.1240765842414,-18.8089271939992,0.));
#5864=CARTESIAN_POINT('Ctrl Pts',(12.2774516036226,-18.9743430577957,0.));
#5865=CARTESIAN_POINT('Ctrl Pts',(12.4523428996976,-19.1956895863519,0.));
#5866=CARTESIAN_POINT('Ctrl Pts',(12.694447475167,-19.4325690670326,0.));
#5867=CARTESIAN_POINT('Ctrl Pts',(12.9474132724341,-19.6569091745667,0.));
#5868=CARTESIAN_POINT('Ctrl Pts',(13.2120382247667,-19.8676371896754,0.));
#5869=CARTESIAN_POINT('Ctrl Pts',(13.4852985756818,-20.0668963106463,0.));
#5870=CARTESIAN_POINT('Ctrl Pts',(13.7661168221765,-20.2553716358213,0.));
#5871=CARTESIAN_POINT('Ctrl Pts',(14.0534063837203,-20.433795780363,0.));
#5872=CARTESIAN_POINT('Ctrl Pts',(14.3463620027689,-20.6027579049832,0.));
#5873=CARTESIAN_POINT('Ctrl Pts',(14.6444260754351,-20.7624921294572,0.));
#5874=CARTESIAN_POINT('Ctrl Pts',(14.946689918978,-20.9141947555387,0.));
#5875=CARTESIAN_POINT('Ctrl Pts',(15.1516660681091,-21.0080296871387,0.));
#5876=CARTESIAN_POINT('Ctrl Pts',(15.2541537766746,-21.0549469853895,0.));
#5877=CARTESIAN_POINT('',(16.389451550009,-20.1838023645177,0.));
#5878=CARTESIAN_POINT('Origin',(0.,0.,0.));
#5879=CARTESIAN_POINT('',(20.1838023645177,-16.389451550009,0.));
#5880=CARTESIAN_POINT('Ctrl Pts',(16.389451550009,-20.1838023645177,0.));
#5881=CARTESIAN_POINT('Ctrl Pts',(16.3706586907945,-20.072663749605,0.));
#5882=CARTESIAN_POINT('Ctrl Pts',(16.3330728381409,-19.850385725992,0.));
#5883=CARTESIAN_POINT('Ctrl Pts',(16.2647709930477,-19.5191577443386,0.));
#5884=CARTESIAN_POINT('Ctrl Pts',(16.1876242389529,-19.1899076992128,0.));
#5885=CARTESIAN_POINT('Ctrl Pts',(16.1002418526971,-18.8632036850646,0.));
#5886=CARTESIAN_POINT('Ctrl Pts',(16.0022533734374,-18.5395237112327,0.));
#5887=CARTESIAN_POINT('Ctrl Pts',(15.8928812996378,-18.219493110763,0.));
#5888=CARTESIAN_POINT('Ctrl Pts',(15.7711367516566,-17.9039718250956,0.));
#5889=CARTESIAN_POINT('Ctrl Pts',(15.6360790970135,-17.5938233257103,0.));
#5890=CARTESIAN_POINT('Ctrl Pts',(15.484855559366,-17.291413636552,0.));
#5891=CARTESIAN_POINT('Ctrl Pts',(15.3187088262966,-16.9962496534492,0.));
#5892=CARTESIAN_POINT('Ctrl Pts',(15.1501696960516,-16.7700289366195,0.));
#5893=CARTESIAN_POINT('Ctrl Pts',(15.0300866171914,-16.579067268379,0.));
#5894=CARTESIAN_POINT('Ctrl Pts',(14.9541953837035,-16.427680782168,0.));
#5895=CARTESIAN_POINT('Ctrl Pts',(14.8945328153738,-16.2693702864751,0.));
#5896=CARTESIAN_POINT('Ctrl Pts',(14.8518920583589,-16.1052320706632,0.));
#5897=CARTESIAN_POINT('Ctrl Pts',(14.8416140010829,-15.964229130608,0.));
#5898=CARTESIAN_POINT('Ctrl Pts',(14.8437371988404,-15.851435960194,0.));
#5899=CARTESIAN_POINT('Ctrl Pts',(14.8563539069802,-15.7677279103792,0.));
#5900=CARTESIAN_POINT('Ctrl Pts',(14.8731860706294,-15.6847212320279,0.));
#5901=CARTESIAN_POINT('Ctrl Pts',(14.9019079241288,-15.6050853413917,0.));
#5902=CARTESIAN_POINT('Ctrl Pts',(14.9340216065537,-15.5267133622038,0.));
#5903=CARTESIAN_POINT('Ctrl Pts',(14.9780283261845,-15.4543469723217,0.));
#5904=CARTESIAN_POINT('Ctrl Pts',(15.0253288574906,-15.3841138154162,0.));
#5905=CARTESIAN_POINT('Ctrl Pts',(15.1020278248552,-15.3011763524414,0.));
#5906=CARTESIAN_POINT('Ctrl Pts',(15.2035916684864,-15.2035916684864,0.));
#5907=CARTESIAN_POINT('Ctrl Pts',(15.3011763524415,-15.1020278248553,0.));
#5908=CARTESIAN_POINT('Ctrl Pts',(15.3841138154161,-15.0253288574906,0.));
#5909=CARTESIAN_POINT('Ctrl Pts',(15.4543469723218,-14.9780283261846,0.));
#5910=CARTESIAN_POINT('Ctrl Pts',(15.5267133622038,-14.9340216065537,0.));
#5911=CARTESIAN_POINT('Ctrl Pts',(15.6050853413917,-14.9019079241288,0.));
#5912=CARTESIAN_POINT('Ctrl Pts',(15.6847212320279,-14.8731860706294,0.));
#5913=CARTESIAN_POINT('Ctrl Pts',(15.7677279103792,-14.8563539069802,0.));
#5914=CARTESIAN_POINT('Ctrl Pts',(15.851435960194,-14.8437371988404,0.));
#5915=CARTESIAN_POINT('Ctrl Pts',(15.964229130608,-14.8416140010829,0.));
#5916=CARTESIAN_POINT('Ctrl Pts',(16.1052320706632,-14.8518920583588,0.));
#5917=CARTESIAN_POINT('Ctrl Pts',(16.2693702864751,-14.8945328153738,0.));
#5918=CARTESIAN_POINT('Ctrl Pts',(16.427680782168,-14.9541953837034,0.));
#5919=CARTESIAN_POINT('Ctrl Pts',(16.579067268379,-15.0300866171914,0.));
#5920=CARTESIAN_POINT('Ctrl Pts',(16.7700289366195,-15.1501696960515,0.));
#5921=CARTESIAN_POINT('Ctrl Pts',(16.9962496534492,-15.3187088262966,0.));
#5922=CARTESIAN_POINT('Ctrl Pts',(17.291413636552,-15.484855559366,0.));
#5923=CARTESIAN_POINT('Ctrl Pts',(17.5938233257103,-15.6360790970135,0.));
#5924=CARTESIAN_POINT('Ctrl Pts',(17.9039718250956,-15.7711367516565,0.));
#5925=CARTESIAN_POINT('Ctrl Pts',(18.219493110763,-15.8928812996378,0.));
#5926=CARTESIAN_POINT('Ctrl Pts',(18.5395237112326,-16.0022533734374,0.));
#5927=CARTESIAN_POINT('Ctrl Pts',(18.8632036850646,-16.1002418526971,0.));
#5928=CARTESIAN_POINT('Ctrl Pts',(19.1899076992128,-16.1876242389528,0.));
#5929=CARTESIAN_POINT('Ctrl Pts',(19.5191577443386,-16.2647709930477,0.));
#5930=CARTESIAN_POINT('Ctrl Pts',(19.850385725992,-16.3330728381409,0.));
#5931=CARTESIAN_POINT('Ctrl Pts',(20.072663749605,-16.3706586907945,0.));
#5932=CARTESIAN_POINT('Ctrl Pts',(20.1838023645177,-16.389451550009,0.));
#5933=CARTESIAN_POINT('',(21.0549469853895,-15.2541537766746,0.));
#5934=CARTESIAN_POINT('Origin',(0.,0.,0.));
#5935=CARTESIAN_POINT('',(23.7379581765293,-10.6070420763446,0.));
#5936=CARTESIAN_POINT('Ctrl Pts',(21.0549469853895,-15.2541537766746,0.));
#5937=CARTESIAN_POINT('Ctrl Pts',(21.0080296871387,-15.1516660681091,0.));
#5938=CARTESIAN_POINT('Ctrl Pts',(20.9141947555388,-14.946689918978,0.));
#5939=CARTESIAN_POINT('Ctrl Pts',(20.7624921294572,-14.6444260754351,0.));
#5940=CARTESIAN_POINT('Ctrl Pts',(20.6027579049833,-14.3463620027688,0.));
#5941=CARTESIAN_POINT('Ctrl Pts',(20.4337957803631,-14.0534063837203,0.));
#5942=CARTESIAN_POINT('Ctrl Pts',(20.2553716358214,-13.7661168221765,0.));
#5943=CARTESIAN_POINT('Ctrl Pts',(20.0668963106464,-13.4852985756818,0.));
#5944=CARTESIAN_POINT('Ctrl Pts',(19.8676371896754,-13.2120382247667,0.));
#5945=CARTESIAN_POINT('Ctrl Pts',(19.6569091745668,-12.9474132724341,0.));
#5946=CARTESIAN_POINT('Ctrl Pts',(19.4325690670326,-12.694447475167,0.));
#5947=CARTESIAN_POINT('Ctrl Pts',(19.195689586352,-12.4523428996975,0.));
#5948=CARTESIAN_POINT('Ctrl Pts',(18.9743430577957,-12.2774516036226,0.));
#5949=CARTESIAN_POINT('Ctrl Pts',(18.8089271939992,-12.1240765842414,0.));
#5950=CARTESIAN_POINT('Ctrl Pts',(18.6964401857817,-11.997490564042,0.));
#5951=CARTESIAN_POINT('Ctrl Pts',(18.5978367988444,-11.8600161766431,0.));
#5952=CARTESIAN_POINT('Ctrl Pts',(18.5141668941099,-11.7125070749224,0.));
#5953=CARTESIAN_POINT('Ctrl Pts',(18.4677448068412,-11.57896885051,0.));
#5954=CARTESIAN_POINT('Ctrl Pts',(18.4406026377289,-11.469469490162,0.));
#5955=CARTESIAN_POINT('Ctrl Pts',(18.4311242044434,-11.3853482786245,0.));
#5956=CARTESIAN_POINT('Ctrl Pts',(18.4258991167965,-11.3008134997278,0.));
#5957=CARTESIAN_POINT('Ctrl Pts',(18.4330310117001,-11.2164573735665,0.));
#5958=CARTESIAN_POINT('Ctrl Pts',(18.4437662861153,-11.1324442221915,0.));
#5959=CARTESIAN_POINT('Ctrl Pts',(18.4675437132102,-11.0511538800962,0.));
#5960=CARTESIAN_POINT('Ctrl Pts',(18.4950548393911,-10.9710715816339,0.));
#5961=CARTESIAN_POINT('Ctrl Pts',(18.5476745578479,-10.871108990686,0.));
#5962=CARTESIAN_POINT('Ctrl Pts',(18.6205209227106,-10.750562767178,0.));
#5963=CARTESIAN_POINT('Ctrl Pts',(18.6884938321676,-10.6272028528797,0.));
#5964=CARTESIAN_POINT('Ctrl Pts',(18.748754116128,-10.531651544482,0.));
#5965=CARTESIAN_POINT('Ctrl Pts',(18.8043518578995,-10.4677850610915,0.));
#5966=CARTESIAN_POINT('Ctrl Pts',(18.8628626456888,-10.4065480341431,0.));
#5967=CARTESIAN_POINT('Ctrl Pts',(18.9302525318239,-10.3552444380954,0.));
#5968=CARTESIAN_POINT('Ctrl Pts',(18.9997411325927,-10.3068899728511,0.));
#5969=CARTESIAN_POINT('Ctrl Pts',(19.0755629424439,-10.269147642042,0.));
#5970=CARTESIAN_POINT('Ctrl Pts',(19.1531532652753,-10.2352956002865,0.));
#5971=CARTESIAN_POINT('Ctrl Pts',(19.261553577591,-10.2040517280776,0.));
#5972=CARTESIAN_POINT('Ctrl Pts',(19.4004121159427,-10.1774853227428,0.));
#5973=CARTESIAN_POINT('Ctrl Pts',(19.5699936976895,-10.1761910349148,0.));
#5974=CARTESIAN_POINT('Ctrl Pts',(19.7383517030153,-10.1928468792022,0.));
#5975=CARTESIAN_POINT('Ctrl Pts',(19.9042219163807,-10.2269704758145,0.));
#5976=CARTESIAN_POINT('Ctrl Pts',(20.119756511369,-10.2935373063607,0.));
#5977=CARTESIAN_POINT('Ctrl Pts',(20.3818900809488,-10.3977833750924,0.));
#5978=CARTESIAN_POINT('Ctrl Pts',(20.7099985340181,-10.4818747352624,0.));
#5979=CARTESIAN_POINT('Ctrl Pts',(21.0412433945071,-10.5496760688412,0.));
#5980=CARTESIAN_POINT('Ctrl Pts',(21.3757793332567,-10.599859407048,0.));
#5981=CARTESIAN_POINT('Ctrl Pts',(21.7120592994817,-10.6357926922871,0.));
#5982=CARTESIAN_POINT('Ctrl Pts',(22.0494926973798,-10.6586079886278,0.));
#5983=CARTESIAN_POINT('Ctrl Pts',(22.3875048281897,-10.6694830496775,0.));
#5984=CARTESIAN_POINT('Ctrl Pts',(22.7256928987772,-10.6693307323517,0.));
#5985=CARTESIAN_POINT('Ctrl Pts',(23.0636910698987,-10.6586325922669,0.));
#5986=CARTESIAN_POINT('Ctrl Pts',(23.4013105500931,-10.6388789985028,0.));
#5987=CARTESIAN_POINT('Ctrl Pts',(23.6257425682105,-10.6176543584652,0.));
#5988=CARTESIAN_POINT('Ctrl Pts',(23.7379581765293,-10.6070420763446,0.));
#5989=CARTESIAN_POINT('',(24.2855825786608,-9.28495981763224,0.));
#5990=CARTESIAN_POINT('Origin',(0.,0.,0.));
#5991=CARTESIAN_POINT('',(25.6744113676412,-4.10178021414317,0.));
#5992=CARTESIAN_POINT('Ctrl Pts',(24.2855825786608,-9.28495981763224,0.));
#5993=CARTESIAN_POINT('Ctrl Pts',(24.213738177715,-9.19810738338368,0.));
#5994=CARTESIAN_POINT('Ctrl Pts',(24.0700488626876,-9.02440189455859,0.));
#5995=CARTESIAN_POINT('Ctrl Pts',(23.8452837388848,-8.77170097054913,0.));
#5996=CARTESIAN_POINT('Ctrl Pts',(23.6138476674563,-8.5251354443204,0.));
#5997=CARTESIAN_POINT('Ctrl Pts',(23.3748202940414,-8.28589266167758,0.));
#5998=CARTESIAN_POINT('Ctrl Pts',(23.1281197948084,-8.05457182127272,0.));
#5999=CARTESIAN_POINT('Ctrl Pts',(22.8733855001985,-7.83210322817746,0.));
#6000=CARTESIAN_POINT('Ctrl Pts',(22.6101909860408,-7.61972605334537,0.));
#6001=CARTESIAN_POINT('Ctrl Pts',(22.3381533764517,-7.41865840125357,0.));
#6002=CARTESIAN_POINT('Ctrl Pts',(22.0559851066197,-7.23237569691567,0.));
#6003=CARTESIAN_POINT('Ctrl Pts',(21.7645158234744,-7.05982955580115,0.));
#6004=CARTESIAN_POINT('Ctrl Pts',(21.5054462967356,-6.94818623328686,0.));
#6005=CARTESIAN_POINT('Ctrl Pts',(21.3059704657578,-6.8428501168716,0.));
#6006=CARTESIAN_POINT('Ctrl Pts',(21.1645534865272,-6.74969119076715,0.));
#6007=CARTESIAN_POINT('Ctrl Pts',(21.0337289388522,-6.64242156397625,0.));
#6008=CARTESIAN_POINT('Ctrl Pts',(20.9147318521348,-6.52159407785879,0.));
#6009=CARTESIAN_POINT('Ctrl Pts',(20.8353293234046,-6.40462097840063,0.));
#6010=CARTESIAN_POINT('Ctrl Pts',(20.7807714813929,-6.30587762857002,0.));
#6011=CARTESIAN_POINT('Ctrl Pts',(20.7498438462467,-6.22707597685918,0.));
#6012=CARTESIAN_POINT('Ctrl Pts',(20.7229175883919,-6.14677400289861,0.));
#6013=CARTESIAN_POINT('Ctrl Pts',(20.707973497848,-6.06344637180493,0.));
#6014=CARTESIAN_POINT('Ctrl Pts',(20.6965987730431,-5.97951740567089,0.));
#6015=CARTESIAN_POINT('Ctrl Pts',(20.6985265152396,-5.89484291383748,0.));
#6016=CARTESIAN_POINT('Ctrl Pts',(20.7043733985104,-5.81036895011626,0.));
#6017=CARTESIAN_POINT('Ctrl Pts',(20.7293279212047,-5.70019351657237,0.));
#6018=CARTESIAN_POINT('Ctrl Pts',(20.7684924479179,-5.56490077943146,0.));
#6019=CARTESIAN_POINT('Ctrl Pts',(20.8022213414277,-5.42815156876337,0.));
#6020=CARTESIAN_POINT('Ctrl Pts',(20.8356978076068,-5.32025958309416,0.));
#6021=CARTESIAN_POINT('Ctrl Pts',(20.8728712400221,-5.24417954291786,0.));
#6022=CARTESIAN_POINT('Ctrl Pts',(20.9135390122246,-5.16988541083932,0.));
#6023=CARTESIAN_POINT('Ctrl Pts',(20.9653542959337,-5.10288815645634,0.));
#6024=CARTESIAN_POINT('Ctrl Pts',(21.019960073528,-5.03819635636399,0.));
#6025=CARTESIAN_POINT('Ctrl Pts',(21.0834298838394,-4.98211593586747,0.));
#6026=CARTESIAN_POINT('Ctrl Pts',(21.1496148274104,-4.92933552119882,0.));
#6027=CARTESIAN_POINT('Ctrl Pts',(21.2462349794835,-4.87110019279658,0.));
#6028=CARTESIAN_POINT('Ctrl Pts',(21.3734861362176,-4.80949978147148,0.));
#6029=CARTESIAN_POINT('Ctrl Pts',(21.53695437935,-4.76435865237712,0.));
#6030=CARTESIAN_POINT('Ctrl Pts',(21.7038865744706,-4.73687270435918,0.));
#6031=CARTESIAN_POINT('Ctrl Pts',(21.872936734063,-4.72690319737876,0.));
#6032=CARTESIAN_POINT('Ctrl Pts',(22.0983559293384,-4.73541736011604,0.));
#6033=CARTESIAN_POINT('Ctrl Pts',(22.3785383820977,-4.76826617002515,0.));
#6034=CARTESIAN_POINT('Ctrl Pts',(22.7172312562817,-4.76457147006769,0.));
#6035=CARTESIAN_POINT('Ctrl Pts',(23.0547374982671,-4.74433005074137,0.));
#6036=CARTESIAN_POINT('Ctrl Pts',(23.3908628050019,-4.70621916094514,0.));
#6037=CARTESIAN_POINT('Ctrl Pts',(23.7249845278152,-4.65389238943545,0.));
#6038=CARTESIAN_POINT('Ctrl Pts',(24.0568251947101,-4.58859608357572,0.));
#6039=CARTESIAN_POINT('Ctrl Pts',(24.3861345143747,-4.51161660897684,0.));
#6040=CARTESIAN_POINT('Ctrl Pts',(24.7127596832733,-4.42393996824351,0.));
#6041=CARTESIAN_POINT('Ctrl Pts',(25.0364719635968,-4.32612599454626,0.));
#6042=CARTESIAN_POINT('Ctrl Pts',(25.3574747326995,-4.21966313669563,0.));
#6043=CARTESIAN_POINT('Ctrl Pts',(25.5687660741782,-4.14107442811003,0.));
#6044=CARTESIAN_POINT('Ctrl Pts',(25.6744113676412,-4.10178021414317,0.));
#6045=CARTESIAN_POINT('',(25.8611958530192,-2.6830111911398,0.));
#6046=CARTESIAN_POINT('Origin',(0.,0.,0.));
#6047=CARTESIAN_POINT('',(25.8611958530192,2.6830111911398,0.));
#6048=CARTESIAN_POINT('Ctrl Pts',(25.8611958530192,-2.6830111911398,0.));
#6049=CARTESIAN_POINT('Ctrl Pts',(25.7693204265744,-2.6177128810718,0.));
#6050=CARTESIAN_POINT('Ctrl Pts',(25.5855689174808,-2.48711579455431,0.));
#6051=CARTESIAN_POINT('Ctrl Pts',(25.303058667702,-2.30119894044147,0.));
#6052=CARTESIAN_POINT('Ctrl Pts',(25.0156927351206,-2.12293499379398,0.));
#6053=CARTESIAN_POINT('Ctrl Pts',(24.7228894333978,-1.95370904782663,0.));
#6054=CARTESIAN_POINT('Ctrl Pts',(24.4247248108043,-1.79412106155848,0.));
#6055=CARTESIAN_POINT('Ctrl Pts',(24.1210912679689,-1.64516298883537,0.));
#6056=CARTESIAN_POINT('Ctrl Pts',(23.8118976318147,-1.50814214358127,0.));
#6057=CARTESIAN_POINT('Ctrl Pts',(23.4970893412753,-1.38433421994033,0.));
#6058=CARTESIAN_POINT('Ctrl Pts',(23.1763222104294,-1.27742946698552,0.));
#6059=CARTESIAN_POINT('Ctrl Pts',(22.85012627479,-1.18620049459688,0.));
#6060=CARTESIAN_POINT('Ctrl Pts',(22.5709889099833,-1.1454134535733,0.));
#6061=CARTESIAN_POINT('Ctrl Pts',(22.351047060056,-1.09529472238151,0.));
#6062=CARTESIAN_POINT('Ctrl Pts',(22.1903374432442,-1.04191151723362,0.));
#6063=CARTESIAN_POINT('Ctrl Pts',(22.0362072115579,-0.972156898845091,0.));
#6064=CARTESIAN_POINT('Ctrl Pts',(21.8899923976652,-0.886245221832854,0.));
#6065=CARTESIAN_POINT('Ctrl Pts',(21.7830205785876,-0.793808770749812,0.));
#6066=CARTESIAN_POINT('Ctrl Pts',(21.7047650904486,-0.71255062754645,0.));
#6067=CARTESIAN_POINT('Ctrl Pts',(21.6544959206665,-0.644438738000522,0.));
#6068=CARTESIAN_POINT('Ctrl Pts',(21.6077034725789,-0.573842015796181,0.));
#6069=CARTESIAN_POINT('Ctrl Pts',(21.5717018116619,-0.497221520123801,0.));
#6070=CARTESIAN_POINT('Ctrl Pts',(21.5389922563346,-0.419096359573503,0.));
#6071=CARTESIAN_POINT('Ctrl Pts',(21.5189389411877,-0.33680814468922,0.));
#6072=CARTESIAN_POINT('Ctrl Pts',(21.502723126116,-0.253699276736903,0.));
#6073=CARTESIAN_POINT('Ctrl Pts',(21.4983118435656,-0.140819274319538,0.));
#6074=CARTESIAN_POINT('Ctrl Pts',(21.5011255343561,3.33066907387547E-15,
0.));
#6075=CARTESIAN_POINT('Ctrl Pts',(21.4983118435657,0.140819274319535,0.));
#6076=CARTESIAN_POINT('Ctrl Pts',(21.5027231261159,0.253699276736918,0.));
#6077=CARTESIAN_POINT('Ctrl Pts',(21.5189389411878,0.336808144689213,0.));
#6078=CARTESIAN_POINT('Ctrl Pts',(21.5389922563346,0.419096359573512,0.));
#6079=CARTESIAN_POINT('Ctrl Pts',(21.5717018116619,0.497221520123811,0.));
#6080=CARTESIAN_POINT('Ctrl Pts',(21.6077034725789,0.573842015796174,0.));
#6081=CARTESIAN_POINT('Ctrl Pts',(21.6544959206665,0.644438738000541,0.));
#6082=CARTESIAN_POINT('Ctrl Pts',(21.7047650904486,0.712550627546452,0.));
#6083=CARTESIAN_POINT('Ctrl Pts',(21.7830205785876,0.793808770749814,0.));
#6084=CARTESIAN_POINT('Ctrl Pts',(21.8899923976652,0.886245221832881,0.));
#6085=CARTESIAN_POINT('Ctrl Pts',(22.0362072115578,0.972156898845089,0.));
#6086=CARTESIAN_POINT('Ctrl Pts',(22.1903374432442,1.04191151723362,0.));
#6087=CARTESIAN_POINT('Ctrl Pts',(22.351047060056,1.09529472238152,0.));
#6088=CARTESIAN_POINT('Ctrl Pts',(22.5709889099833,1.14541345357331,0.));
#6089=CARTESIAN_POINT('Ctrl Pts',(22.85012627479,1.18620049459689,0.));
#6090=CARTESIAN_POINT('Ctrl Pts',(23.1763222104294,1.27742946698551,0.));
#6091=CARTESIAN_POINT('Ctrl Pts',(23.4970893412753,1.38433421994035,0.));
#6092=CARTESIAN_POINT('Ctrl Pts',(23.8118976318147,1.50814214358129,0.));
#6093=CARTESIAN_POINT('Ctrl Pts',(24.1210912679689,1.64516298883538,0.));
#6094=CARTESIAN_POINT('Ctrl Pts',(24.4247248108043,1.79412106155848,0.));
#6095=CARTESIAN_POINT('Ctrl Pts',(24.7228894333978,1.95370904782664,0.));
#6096=CARTESIAN_POINT('Ctrl Pts',(25.0156927351206,2.12293499379401,0.));
#6097=CARTESIAN_POINT('Ctrl Pts',(25.303058667702,2.30119894044144,0.));
#6098=CARTESIAN_POINT('Ctrl Pts',(25.5855689174808,2.48711579455433,0.));
#6099=CARTESIAN_POINT('Ctrl Pts',(25.7693204265744,2.61771288107181,0.));
#6100=CARTESIAN_POINT('Ctrl Pts',(25.8611958530192,2.6830111911398,0.));
#6101=CARTESIAN_POINT('',(25.6744113676412,4.10178021414318,0.));
#6102=CARTESIAN_POINT('Origin',(0.,0.,0.));
#6103=CARTESIAN_POINT('',(24.2855825786608,9.28495981763225,0.));
#6104=CARTESIAN_POINT('Ctrl Pts',(25.6744113676412,4.10178021414318,0.));
#6105=CARTESIAN_POINT('Ctrl Pts',(25.5687660741782,4.14107442811004,0.));
#6106=CARTESIAN_POINT('Ctrl Pts',(25.3574747326995,4.21966313669566,0.));
#6107=CARTESIAN_POINT('Ctrl Pts',(25.0364719635968,4.32612599454624,0.));
#6108=CARTESIAN_POINT('Ctrl Pts',(24.7127596832733,4.42393996824356,0.));
#6109=CARTESIAN_POINT('Ctrl Pts',(24.3861345143747,4.51161660897686,0.));
#6110=CARTESIAN_POINT('Ctrl Pts',(24.0568251947102,4.58859608357573,0.));
#6111=CARTESIAN_POINT('Ctrl Pts',(23.7249845278152,4.65389238943546,0.));
#6112=CARTESIAN_POINT('Ctrl Pts',(23.3908628050019,4.70621916094516,0.));
#6113=CARTESIAN_POINT('Ctrl Pts',(23.0547374982671,4.74433005074139,0.));
#6114=CARTESIAN_POINT('Ctrl Pts',(22.7172312562817,4.76457147006769,0.));
#6115=CARTESIAN_POINT('Ctrl Pts',(22.3785383820978,4.76826617002518,0.));
#6116=CARTESIAN_POINT('Ctrl Pts',(22.0983559293384,4.73541736011606,0.));
#6117=CARTESIAN_POINT('Ctrl Pts',(21.872936734063,4.72690319737878,0.));
#6118=CARTESIAN_POINT('Ctrl Pts',(21.7038865744706,4.73687270435919,0.));
#6119=CARTESIAN_POINT('Ctrl Pts',(21.5369543793501,4.76435865237713,0.));
#6120=CARTESIAN_POINT('Ctrl Pts',(21.3734861362177,4.80949978147152,0.));
#6121=CARTESIAN_POINT('Ctrl Pts',(21.2462349794835,4.87110019279659,0.));
#6122=CARTESIAN_POINT('Ctrl Pts',(21.1496148274104,4.92933552119883,0.));
#6123=CARTESIAN_POINT('Ctrl Pts',(21.0834298838394,4.9821159358675,0.));
#6124=CARTESIAN_POINT('Ctrl Pts',(21.019960073528,5.03819635636399,0.));
#6125=CARTESIAN_POINT('Ctrl Pts',(20.9653542959338,5.10288815645636,0.));
#6126=CARTESIAN_POINT('Ctrl Pts',(20.9135390122246,5.16988541083934,0.));
#6127=CARTESIAN_POINT('Ctrl Pts',(20.872871240022,5.24417954291784,0.));
#6128=CARTESIAN_POINT('Ctrl Pts',(20.8356978076069,5.32025958309421,0.));
#6129=CARTESIAN_POINT('Ctrl Pts',(20.8022213414275,5.42815156876333,0.));
#6130=CARTESIAN_POINT('Ctrl Pts',(20.7684924479179,5.56490077943148,0.));
#6131=CARTESIAN_POINT('Ctrl Pts',(20.7293279212049,5.70019351657242,0.));
#6132=CARTESIAN_POINT('Ctrl Pts',(20.7043733985103,5.81036895011626,0.));
#6133=CARTESIAN_POINT('Ctrl Pts',(20.6985265152396,5.8948429138375,0.));
#6134=CARTESIAN_POINT('Ctrl Pts',(20.6965987730431,5.9795174056709,0.));
#6135=CARTESIAN_POINT('Ctrl Pts',(20.707973497848,6.06344637180494,0.));
#6136=CARTESIAN_POINT('Ctrl Pts',(20.7229175883919,6.14677400289861,0.));
#6137=CARTESIAN_POINT('Ctrl Pts',(20.7498438462467,6.22707597685919,0.));
#6138=CARTESIAN_POINT('Ctrl Pts',(20.7807714813929,6.30587762857003,0.));
#6139=CARTESIAN_POINT('Ctrl Pts',(20.8353293234045,6.40462097840063,0.));
#6140=CARTESIAN_POINT('Ctrl Pts',(20.9147318521347,6.52159407785882,0.));
#6141=CARTESIAN_POINT('Ctrl Pts',(21.0337289388522,6.64242156397625,0.));
#6142=CARTESIAN_POINT('Ctrl Pts',(21.1645534865272,6.74969119076716,0.));
#6143=CARTESIAN_POINT('Ctrl Pts',(21.3059704657578,6.84285011687161,0.));
#6144=CARTESIAN_POINT('Ctrl Pts',(21.5054462967356,6.94818623328687,0.));
#6145=CARTESIAN_POINT('Ctrl Pts',(21.7645158234743,7.05982955580117,0.));
#6146=CARTESIAN_POINT('Ctrl Pts',(22.0559851066197,7.23237569691567,0.));
#6147=CARTESIAN_POINT('Ctrl Pts',(22.3381533764517,7.41865840125359,0.));
#6148=CARTESIAN_POINT('Ctrl Pts',(22.6101909860407,7.61972605334538,0.));
#6149=CARTESIAN_POINT('Ctrl Pts',(22.8733855001985,7.83210322817746,0.));
#6150=CARTESIAN_POINT('Ctrl Pts',(23.1281197948084,8.05457182127272,0.));
#6151=CARTESIAN_POINT('Ctrl Pts',(23.3748202940414,8.2858926616776,0.));
#6152=CARTESIAN_POINT('Ctrl Pts',(23.6138476674563,8.52513544432044,0.));
#6153=CARTESIAN_POINT('Ctrl Pts',(23.8452837388848,8.77170097054912,0.));
#6154=CARTESIAN_POINT('Ctrl Pts',(24.0700488626876,9.02440189455862,0.));
#6155=CARTESIAN_POINT('Ctrl Pts',(24.213738177715,9.19810738338369,0.));
#6156=CARTESIAN_POINT('Ctrl Pts',(24.2855825786608,9.28495981763225,0.));
#6157=CARTESIAN_POINT('',(23.7379581765293,10.6070420763446,0.));
#6158=CARTESIAN_POINT('Origin',(0.,0.,0.));
#6159=CARTESIAN_POINT('Ctrl Pts',(23.7379581765293,10.6070420763446,0.));
#6160=CARTESIAN_POINT('Ctrl Pts',(23.6257425682105,10.6176543584652,0.));
#6161=CARTESIAN_POINT('Ctrl Pts',(23.4013105500931,10.6388789985029,0.));
#6162=CARTESIAN_POINT('Ctrl Pts',(23.0636910698987,10.6586325922668,0.));
#6163=CARTESIAN_POINT('Ctrl Pts',(22.7256928987773,10.6693307323518,0.));
#6164=CARTESIAN_POINT('Ctrl Pts',(22.3875048281897,10.6694830496775,0.));
#6165=CARTESIAN_POINT('Ctrl Pts',(22.0494926973799,10.6586079886278,0.));
#6166=CARTESIAN_POINT('Ctrl Pts',(21.7120592994817,10.6357926922871,0.));
#6167=CARTESIAN_POINT('Ctrl Pts',(21.3757793332567,10.5998594070481,0.));
#6168=CARTESIAN_POINT('Ctrl Pts',(21.0412433945071,10.5496760688412,0.));
#6169=CARTESIAN_POINT('Ctrl Pts',(20.7099985340181,10.4818747352624,0.));
#6170=CARTESIAN_POINT('Ctrl Pts',(20.3818900809488,10.3977833750924,0.));
#6171=CARTESIAN_POINT('Ctrl Pts',(20.119756511369,10.2935373063607,0.));
#6172=CARTESIAN_POINT('Ctrl Pts',(19.9042219163807,10.2269704758146,0.));
#6173=CARTESIAN_POINT('Ctrl Pts',(19.7383517030153,10.1928468792022,0.));
#6174=CARTESIAN_POINT('Ctrl Pts',(19.5699936976895,10.1761910349148,0.));
#6175=CARTESIAN_POINT('Ctrl Pts',(19.4004121159427,10.1774853227428,0.));
#6176=CARTESIAN_POINT('Ctrl Pts',(19.261553577591,10.2040517280776,0.));
#6177=CARTESIAN_POINT('Ctrl Pts',(19.1531532652753,10.2352956002865,0.));
#6178=CARTESIAN_POINT('Ctrl Pts',(19.075562942444,10.269147642042,0.));
#6179=CARTESIAN_POINT('Ctrl Pts',(18.9997411325927,10.3068899728511,0.));
#6180=CARTESIAN_POINT('Ctrl Pts',(18.9302525318239,10.3552444380954,0.));
#6181=CARTESIAN_POINT('Ctrl Pts',(18.8628626456888,10.4065480341431,0.));
#6182=CARTESIAN_POINT('Ctrl Pts',(18.8043518578994,10.4677850610915,0.));
#6183=CARTESIAN_POINT('Ctrl Pts',(18.748754116128,10.5316515444821,0.));
#6184=CARTESIAN_POINT('Ctrl Pts',(18.6884938321674,10.6272028528796,0.));
#6185=CARTESIAN_POINT('Ctrl Pts',(18.6205209227106,10.7505627671781,0.));
#6186=CARTESIAN_POINT('Ctrl Pts',(18.547674557848,10.8711089906861,0.));
#6187=CARTESIAN_POINT('Ctrl Pts',(18.4950548393911,10.9710715816339,0.));
#6188=CARTESIAN_POINT('Ctrl Pts',(18.4675437132102,11.0511538800963,0.));
#6189=CARTESIAN_POINT('Ctrl Pts',(18.4437662861153,11.1324442221915,0.));
#6190=CARTESIAN_POINT('Ctrl Pts',(18.4330310117001,11.2164573735665,0.));
#6191=CARTESIAN_POINT('Ctrl Pts',(18.4258991167965,11.3008134997278,0.));
#6192=CARTESIAN_POINT('Ctrl Pts',(18.4311242044434,11.3853482786245,0.));
#6193=CARTESIAN_POINT('Ctrl Pts',(18.4406026377289,11.4694694901621,0.));
#6194=CARTESIAN_POINT('Ctrl Pts',(18.4677448068412,11.57896885051,0.));
#6195=CARTESIAN_POINT('Ctrl Pts',(18.5141668941099,11.7125070749225,0.));
#6196=CARTESIAN_POINT('Ctrl Pts',(18.5978367988444,11.8600161766431,0.));
#6197=CARTESIAN_POINT('Ctrl Pts',(18.6964401857817,11.997490564042,0.));
#6198=CARTESIAN_POINT('Ctrl Pts',(18.8089271939992,12.1240765842414,0.));
#6199=CARTESIAN_POINT('Ctrl Pts',(18.9743430577957,12.2774516036226,0.));
#6200=CARTESIAN_POINT('Ctrl Pts',(19.1956895863519,12.4523428996976,0.));
#6201=CARTESIAN_POINT('Ctrl Pts',(19.4325690670326,12.694447475167,0.));
#6202=CARTESIAN_POINT('Ctrl Pts',(19.6569091745667,12.9474132724341,0.));
#6203=CARTESIAN_POINT('Ctrl Pts',(19.8676371896754,13.2120382247667,0.));
#6204=CARTESIAN_POINT('Ctrl Pts',(20.0668963106463,13.4852985756818,0.));
#6205=CARTESIAN_POINT('Ctrl Pts',(20.2553716358214,13.7661168221765,0.));
#6206=CARTESIAN_POINT('Ctrl Pts',(20.433795780363,14.0534063837203,0.));
#6207=CARTESIAN_POINT('Ctrl Pts',(20.6027579049832,14.3463620027689,0.));
#6208=CARTESIAN_POINT('Ctrl Pts',(20.7624921294572,14.6444260754351,0.));
#6209=CARTESIAN_POINT('Ctrl Pts',(20.9141947555388,14.946689918978,0.));
#6210=CARTESIAN_POINT('Ctrl Pts',(21.0080296871387,15.1516660681091,0.));
#6211=CARTESIAN_POINT('Ctrl Pts',(21.0549469853895,15.2541537766746,0.));
#6212=CARTESIAN_POINT('',(15.2541537766746,21.0549469853895,0.));
#6213=CARTESIAN_POINT('Origin',(0.,0.,0.));
#6214=CARTESIAN_POINT('',(10.6070420763446,23.7379581765293,0.));
#6215=CARTESIAN_POINT('Ctrl Pts',(15.2541537766746,21.0549469853895,0.));
#6216=CARTESIAN_POINT('Ctrl Pts',(15.1516660681091,21.0080296871387,0.));
#6217=CARTESIAN_POINT('Ctrl Pts',(14.946689918978,20.9141947555388,0.));
#6218=CARTESIAN_POINT('Ctrl Pts',(14.6444260754351,20.7624921294572,0.));
#6219=CARTESIAN_POINT('Ctrl Pts',(14.3463620027688,20.6027579049833,0.));
#6220=CARTESIAN_POINT('Ctrl Pts',(14.0534063837203,20.4337957803631,0.));
#6221=CARTESIAN_POINT('Ctrl Pts',(13.7661168221765,20.2553716358214,0.));
#6222=CARTESIAN_POINT('Ctrl Pts',(13.4852985756818,20.0668963106464,0.));
#6223=CARTESIAN_POINT('Ctrl Pts',(13.2120382247667,19.8676371896754,0.));
#6224=CARTESIAN_POINT('Ctrl Pts',(12.9474132724341,19.6569091745668,0.));
#6225=CARTESIAN_POINT('Ctrl Pts',(12.694447475167,19.4325690670326,0.));
#6226=CARTESIAN_POINT('Ctrl Pts',(12.4523428996975,19.195689586352,0.));
#6227=CARTESIAN_POINT('Ctrl Pts',(12.2774516036226,18.9743430577957,0.));
#6228=CARTESIAN_POINT('Ctrl Pts',(12.1240765842414,18.8089271939992,0.));
#6229=CARTESIAN_POINT('Ctrl Pts',(11.997490564042,18.6964401857817,0.));
#6230=CARTESIAN_POINT('Ctrl Pts',(11.8600161766431,18.5978367988444,0.));
#6231=CARTESIAN_POINT('Ctrl Pts',(11.7125070749224,18.5141668941099,0.));
#6232=CARTESIAN_POINT('Ctrl Pts',(11.57896885051,18.4677448068412,0.));
#6233=CARTESIAN_POINT('Ctrl Pts',(11.469469490162,18.4406026377289,0.));
#6234=CARTESIAN_POINT('Ctrl Pts',(11.3853482786245,18.4311242044434,0.));
#6235=CARTESIAN_POINT('Ctrl Pts',(11.3008134997278,18.4258991167965,0.));
#6236=CARTESIAN_POINT('Ctrl Pts',(11.2164573735665,18.4330310117001,0.));
#6237=CARTESIAN_POINT('Ctrl Pts',(11.1324442221915,18.4437662861153,0.));
#6238=CARTESIAN_POINT('Ctrl Pts',(11.0511538800962,18.4675437132102,0.));
#6239=CARTESIAN_POINT('Ctrl Pts',(10.9710715816339,18.4950548393911,0.));
#6240=CARTESIAN_POINT('Ctrl Pts',(10.871108990686,18.5476745578479,0.));
#6241=CARTESIAN_POINT('Ctrl Pts',(10.750562767178,18.6205209227106,0.));
#6242=CARTESIAN_POINT('Ctrl Pts',(10.6272028528797,18.6884938321675,0.));
#6243=CARTESIAN_POINT('Ctrl Pts',(10.531651544482,18.748754116128,0.));
#6244=CARTESIAN_POINT('Ctrl Pts',(10.4677850610915,18.8043518578995,0.));
#6245=CARTESIAN_POINT('Ctrl Pts',(10.4065480341431,18.8628626456888,0.));
#6246=CARTESIAN_POINT('Ctrl Pts',(10.3552444380954,18.9302525318239,0.));
#6247=CARTESIAN_POINT('Ctrl Pts',(10.3068899728511,18.9997411325927,0.));
#6248=CARTESIAN_POINT('Ctrl Pts',(10.269147642042,19.0755629424439,0.));
#6249=CARTESIAN_POINT('Ctrl Pts',(10.2352956002865,19.1531532652753,0.));
#6250=CARTESIAN_POINT('Ctrl Pts',(10.2040517280776,19.261553577591,0.));
#6251=CARTESIAN_POINT('Ctrl Pts',(10.1774853227428,19.4004121159427,0.));
#6252=CARTESIAN_POINT('Ctrl Pts',(10.1761910349148,19.5699936976895,0.));
#6253=CARTESIAN_POINT('Ctrl Pts',(10.1928468792022,19.7383517030153,0.));
#6254=CARTESIAN_POINT('Ctrl Pts',(10.2269704758146,19.9042219163807,0.));
#6255=CARTESIAN_POINT('Ctrl Pts',(10.2935373063607,20.119756511369,0.));
#6256=CARTESIAN_POINT('Ctrl Pts',(10.3977833750924,20.3818900809488,0.));
#6257=CARTESIAN_POINT('Ctrl Pts',(10.4818747352624,20.7099985340181,0.));
#6258=CARTESIAN_POINT('Ctrl Pts',(10.5496760688412,21.0412433945071,0.));
#6259=CARTESIAN_POINT('Ctrl Pts',(10.599859407048,21.3757793332567,0.));
#6260=CARTESIAN_POINT('Ctrl Pts',(10.6357926922871,21.7120592994817,0.));
#6261=CARTESIAN_POINT('Ctrl Pts',(10.6586079886278,22.0494926973798,0.));
#6262=CARTESIAN_POINT('Ctrl Pts',(10.6694830496775,22.3875048281897,0.));
#6263=CARTESIAN_POINT('Ctrl Pts',(10.6693307323517,22.7256928987772,0.));
#6264=CARTESIAN_POINT('Ctrl Pts',(10.6586325922669,23.0636910698987,0.));
#6265=CARTESIAN_POINT('Ctrl Pts',(10.6388789985028,23.4013105500931,0.));
#6266=CARTESIAN_POINT('Ctrl Pts',(10.6176543584652,23.6257425682105,0.));
#6267=CARTESIAN_POINT('Ctrl Pts',(10.6070420763446,23.7379581765293,0.));
#6268=CARTESIAN_POINT('',(9.28495981763224,24.2855825786608,0.));
#6269=CARTESIAN_POINT('Origin',(0.,0.,0.));
#6270=CARTESIAN_POINT('',(4.10178021414317,25.6744113676412,0.));
#6271=CARTESIAN_POINT('Ctrl Pts',(9.28495981763224,24.2855825786608,0.));
#6272=CARTESIAN_POINT('Ctrl Pts',(9.19810738338368,24.213738177715,0.));
#6273=CARTESIAN_POINT('Ctrl Pts',(9.02440189455859,24.0700488626876,0.));
#6274=CARTESIAN_POINT('Ctrl Pts',(8.77170097054914,23.8452837388848,0.));
#6275=CARTESIAN_POINT('Ctrl Pts',(8.52513544432041,23.6138476674563,0.));
#6276=CARTESIAN_POINT('Ctrl Pts',(8.28589266167759,23.3748202940414,0.));
#6277=CARTESIAN_POINT('Ctrl Pts',(8.05457182127272,23.1281197948084,0.));
#6278=CARTESIAN_POINT('Ctrl Pts',(7.83210322817746,22.8733855001985,0.));
#6279=CARTESIAN_POINT('Ctrl Pts',(7.61972605334537,22.6101909860408,0.));
#6280=CARTESIAN_POINT('Ctrl Pts',(7.41865840125358,22.3381533764517,0.));
#6281=CARTESIAN_POINT('Ctrl Pts',(7.23237569691567,22.0559851066197,0.));
#6282=CARTESIAN_POINT('Ctrl Pts',(7.05982955580115,21.7645158234744,0.));
#6283=CARTESIAN_POINT('Ctrl Pts',(6.94818623328687,21.5054462967356,0.));
#6284=CARTESIAN_POINT('Ctrl Pts',(6.84285011687161,21.3059704657578,0.));
#6285=CARTESIAN_POINT('Ctrl Pts',(6.74969119076716,21.1645534865272,0.));
#6286=CARTESIAN_POINT('Ctrl Pts',(6.64242156397625,21.0337289388522,0.));
#6287=CARTESIAN_POINT('Ctrl Pts',(6.52159407785879,20.9147318521348,0.));
#6288=CARTESIAN_POINT('Ctrl Pts',(6.40462097840063,20.8353293234046,0.));
#6289=CARTESIAN_POINT('Ctrl Pts',(6.30587762857002,20.7807714813929,0.));
#6290=CARTESIAN_POINT('Ctrl Pts',(6.22707597685918,20.7498438462467,0.));
#6291=CARTESIAN_POINT('Ctrl Pts',(6.14677400289861,20.7229175883919,0.));
#6292=CARTESIAN_POINT('Ctrl Pts',(6.06344637180493,20.707973497848,0.));
#6293=CARTESIAN_POINT('Ctrl Pts',(5.97951740567089,20.6965987730431,0.));
#6294=CARTESIAN_POINT('Ctrl Pts',(5.89484291383748,20.6985265152396,0.));
#6295=CARTESIAN_POINT('Ctrl Pts',(5.81036895011627,20.7043733985104,0.));
#6296=CARTESIAN_POINT('Ctrl Pts',(5.70019351657238,20.7293279212047,0.));
#6297=CARTESIAN_POINT('Ctrl Pts',(5.56490077943146,20.7684924479179,0.));
#6298=CARTESIAN_POINT('Ctrl Pts',(5.42815156876337,20.8022213414277,0.));
#6299=CARTESIAN_POINT('Ctrl Pts',(5.32025958309416,20.8356978076068,0.));
#6300=CARTESIAN_POINT('Ctrl Pts',(5.24417954291786,20.8728712400221,0.));
#6301=CARTESIAN_POINT('Ctrl Pts',(5.16988541083932,20.9135390122246,0.));
#6302=CARTESIAN_POINT('Ctrl Pts',(5.10288815645634,20.9653542959337,0.));
#6303=CARTESIAN_POINT('Ctrl Pts',(5.038196356364,21.019960073528,0.));
#6304=CARTESIAN_POINT('Ctrl Pts',(4.98211593586747,21.0834298838394,0.));
#6305=CARTESIAN_POINT('Ctrl Pts',(4.92933552119882,21.1496148274104,0.));
#6306=CARTESIAN_POINT('Ctrl Pts',(4.87110019279658,21.2462349794835,0.));
#6307=CARTESIAN_POINT('Ctrl Pts',(4.80949978147148,21.3734861362176,0.));
#6308=CARTESIAN_POINT('Ctrl Pts',(4.76435865237712,21.53695437935,0.));
#6309=CARTESIAN_POINT('Ctrl Pts',(4.73687270435918,21.7038865744706,0.));
#6310=CARTESIAN_POINT('Ctrl Pts',(4.72690319737876,21.872936734063,0.));
#6311=CARTESIAN_POINT('Ctrl Pts',(4.73541736011604,22.0983559293384,0.));
#6312=CARTESIAN_POINT('Ctrl Pts',(4.76826617002515,22.3785383820977,0.));
#6313=CARTESIAN_POINT('Ctrl Pts',(4.76457147006769,22.7172312562817,0.));
#6314=CARTESIAN_POINT('Ctrl Pts',(4.74433005074137,23.0547374982671,0.));
#6315=CARTESIAN_POINT('Ctrl Pts',(4.70621916094514,23.3908628050019,0.));
#6316=CARTESIAN_POINT('Ctrl Pts',(4.65389238943545,23.7249845278152,0.));
#6317=CARTESIAN_POINT('Ctrl Pts',(4.58859608357572,24.0568251947101,0.));
#6318=CARTESIAN_POINT('Ctrl Pts',(4.51161660897684,24.3861345143747,0.));
#6319=CARTESIAN_POINT('Ctrl Pts',(4.42393996824352,24.7127596832733,0.));
#6320=CARTESIAN_POINT('Ctrl Pts',(4.32612599454626,25.0364719635968,0.));
#6321=CARTESIAN_POINT('Ctrl Pts',(4.21966313669564,25.3574747326995,0.));
#6322=CARTESIAN_POINT('Ctrl Pts',(4.14107442811003,25.5687660741782,0.));
#6323=CARTESIAN_POINT('Ctrl Pts',(4.10178021414317,25.6744113676412,0.));
#6324=CARTESIAN_POINT('',(2.68301119113981,25.8611958530192,0.));
#6325=CARTESIAN_POINT('Origin',(0.,0.,0.));
#6326=CARTESIAN_POINT('',(-2.6830111911398,25.8611958530192,0.));
#6327=CARTESIAN_POINT('Ctrl Pts',(2.68301119113981,25.8611958530192,0.));
#6328=CARTESIAN_POINT('Ctrl Pts',(2.6177128810718,25.7693204265744,0.));
#6329=CARTESIAN_POINT('Ctrl Pts',(2.48711579455431,25.5855689174808,0.));
#6330=CARTESIAN_POINT('Ctrl Pts',(2.30119894044147,25.303058667702,0.));
#6331=CARTESIAN_POINT('Ctrl Pts',(2.12293499379398,25.0156927351206,0.));
#6332=CARTESIAN_POINT('Ctrl Pts',(1.95370904782663,24.7228894333978,0.));
#6333=CARTESIAN_POINT('Ctrl Pts',(1.79412106155848,24.4247248108043,0.));
#6334=CARTESIAN_POINT('Ctrl Pts',(1.64516298883537,24.1210912679689,0.));
#6335=CARTESIAN_POINT('Ctrl Pts',(1.50814214358127,23.8118976318147,0.));
#6336=CARTESIAN_POINT('Ctrl Pts',(1.38433421994033,23.4970893412753,0.));
#6337=CARTESIAN_POINT('Ctrl Pts',(1.27742946698552,23.1763222104294,0.));
#6338=CARTESIAN_POINT('Ctrl Pts',(1.18620049459688,22.85012627479,0.));
#6339=CARTESIAN_POINT('Ctrl Pts',(1.1454134535733,22.5709889099833,0.));
#6340=CARTESIAN_POINT('Ctrl Pts',(1.09529472238151,22.351047060056,0.));
#6341=CARTESIAN_POINT('Ctrl Pts',(1.04191151723362,22.1903374432442,0.));
#6342=CARTESIAN_POINT('Ctrl Pts',(0.972156898845093,22.0362072115579,0.));
#6343=CARTESIAN_POINT('Ctrl Pts',(0.886245221832855,21.8899923976652,0.));
#6344=CARTESIAN_POINT('Ctrl Pts',(0.793808770749814,21.7830205785876,0.));
#6345=CARTESIAN_POINT('Ctrl Pts',(0.71255062754645,21.7047650904486,0.));
#6346=CARTESIAN_POINT('Ctrl Pts',(0.644438738000525,21.6544959206665,0.));
#6347=CARTESIAN_POINT('Ctrl Pts',(0.573842015796183,21.6077034725789,0.));
#6348=CARTESIAN_POINT('Ctrl Pts',(0.497221520123801,21.5717018116619,0.));
#6349=CARTESIAN_POINT('Ctrl Pts',(0.419096359573505,21.5389922563346,0.));
#6350=CARTESIAN_POINT('Ctrl Pts',(0.336808144689221,21.5189389411877,0.));
#6351=CARTESIAN_POINT('Ctrl Pts',(0.253699276736903,21.502723126116,0.));
#6352=CARTESIAN_POINT('Ctrl Pts',(0.140819274319539,21.4983118435656,0.));
#6353=CARTESIAN_POINT('Ctrl Pts',(-3.55618312575245E-15,21.5011255343561,
0.));
#6354=CARTESIAN_POINT('Ctrl Pts',(-0.140819274319532,21.4983118435657,0.));
#6355=CARTESIAN_POINT('Ctrl Pts',(-0.253699276736918,21.5027231261159,0.));
#6356=CARTESIAN_POINT('Ctrl Pts',(-0.336808144689213,21.5189389411878,0.));
#6357=CARTESIAN_POINT('Ctrl Pts',(-0.419096359573511,21.5389922563346,0.));
#6358=CARTESIAN_POINT('Ctrl Pts',(-0.497221520123809,21.5717018116619,0.));
#6359=CARTESIAN_POINT('Ctrl Pts',(-0.573842015796174,21.6077034725789,0.));
#6360=CARTESIAN_POINT('Ctrl Pts',(-0.644438738000541,21.6544959206665,0.));
#6361=CARTESIAN_POINT('Ctrl Pts',(-0.712550627546452,21.7047650904486,0.));
#6362=CARTESIAN_POINT('Ctrl Pts',(-0.793808770749812,21.7830205785876,0.));
#6363=CARTESIAN_POINT('Ctrl Pts',(-0.88624522183288,21.8899923976652,0.));
#6364=CARTESIAN_POINT('Ctrl Pts',(-0.972156898845087,22.0362072115578,0.));
#6365=CARTESIAN_POINT('Ctrl Pts',(-1.04191151723362,22.1903374432442,0.));
#6366=CARTESIAN_POINT('Ctrl Pts',(-1.09529472238152,22.3510470600559,0.));
#6367=CARTESIAN_POINT('Ctrl Pts',(-1.1454134535733,22.5709889099833,0.));
#6368=CARTESIAN_POINT('Ctrl Pts',(-1.18620049459689,22.85012627479,0.));
#6369=CARTESIAN_POINT('Ctrl Pts',(-1.27742946698551,23.1763222104294,0.));
#6370=CARTESIAN_POINT('Ctrl Pts',(-1.38433421994034,23.4970893412752,0.));
#6371=CARTESIAN_POINT('Ctrl Pts',(-1.50814214358128,23.8118976318147,0.));
#6372=CARTESIAN_POINT('Ctrl Pts',(-1.64516298883538,24.1210912679689,0.));
#6373=CARTESIAN_POINT('Ctrl Pts',(-1.79412106155848,24.4247248108043,0.));
#6374=CARTESIAN_POINT('Ctrl Pts',(-1.95370904782664,24.7228894333978,0.));
#6375=CARTESIAN_POINT('Ctrl Pts',(-2.12293499379401,25.0156927351206,0.));
#6376=CARTESIAN_POINT('Ctrl Pts',(-2.30119894044144,25.303058667702,0.));
#6377=CARTESIAN_POINT('Ctrl Pts',(-2.48711579455433,25.5855689174808,0.));
#6378=CARTESIAN_POINT('Ctrl Pts',(-2.61771288107181,25.7693204265744,0.));
#6379=CARTESIAN_POINT('Ctrl Pts',(-2.6830111911398,25.8611958530192,0.));
#6380=CARTESIAN_POINT('Origin',(0.,0.,0.));
#6381=CARTESIAN_POINT('',(-12.4096736459909,-1.5,0.));
#6382=CARTESIAN_POINT('Origin',(0.,0.,0.));
#6383=CARTESIAN_POINT('',(-12.95,-1.5,0.));
#6384=CARTESIAN_POINT('',(-5.625,-1.5,0.));
#6385=CARTESIAN_POINT('',(-13.75,-0.75,0.));
#6386=CARTESIAN_POINT('',(-15.9432997611829,1.30621852610897,0.));
#6387=CARTESIAN_POINT('',(-13.75,0.75,0.));
#6388=CARTESIAN_POINT('',(-13.75,11.7807382713707,0.));
#6389=CARTESIAN_POINT('',(-12.95,1.5,0.));
#6390=CARTESIAN_POINT('',(-4.21283329495015,9.69109378598423,0.));
#6391=CARTESIAN_POINT('',(-12.4096736459909,1.5,0.));
#6392=CARTESIAN_POINT('',(-6.475,1.5,0.));
#6393=CARTESIAN_POINT('Origin',(0.,0.,0.));
#6394=CARTESIAN_POINT('Origin',(0.,0.,0.));
#6395=CARTESIAN_POINT('Origin',(0.,0.,0.));
#6396=CARTESIAN_POINT('Origin',(0.,0.,0.));
#6397=CARTESIAN_POINT('Origin',(0.,0.,0.));
#6398=CARTESIAN_POINT('Origin',(0.,0.,0.));
#6399=CARTESIAN_POINT('Origin',(0.,0.,0.));
#6400=CARTESIAN_POINT('Origin',(0.,0.,0.));
#6401=CARTESIAN_POINT('Origin',(0.,0.,0.));
#6402=CARTESIAN_POINT('Origin',(0.,0.,0.));
#6403=CARTESIAN_POINT('Origin',(0.,0.,0.));
#6404=CARTESIAN_POINT('Origin',(0.,0.,0.));
#6405=CARTESIAN_POINT('Origin',(0.,0.,0.));
#6406=CARTESIAN_POINT('Origin',(0.,0.,0.));
#6407=CARTESIAN_POINT('Origin',(0.,0.,0.));
#6408=CARTESIAN_POINT('',(-12.4096736459909,1.5,-16.2));
#6409=CARTESIAN_POINT('',(-12.4096736459909,1.5,0.));
#6410=CARTESIAN_POINT('Origin',(0.,0.,-16.2));
#6411=CARTESIAN_POINT('Origin',(0.,0.,0.));
#6412=CARTESIAN_POINT('Origin',(0.,0.,-16.2));
#6413=CARTESIAN_POINT('Origin',(0.,0.,0.));
#6414=CARTESIAN_POINT('Origin',(0.,0.,-16.2));
#6415=CARTESIAN_POINT('Origin',(0.,0.,0.));
#6416=CARTESIAN_POINT('Origin',(0.,0.,-16.2));
#6417=CARTESIAN_POINT('Origin',(0.,0.,0.));
#6418=CARTESIAN_POINT('Origin',(0.,0.,-16.2));
#6419=CARTESIAN_POINT('Origin',(0.,0.,0.));
#6420=CARTESIAN_POINT('Origin',(0.,0.,-16.2));
#6421=CARTESIAN_POINT('Origin',(0.,0.,0.));
#6422=CARTESIAN_POINT('Origin',(0.,0.,-16.2));
#6423=CARTESIAN_POINT('Origin',(0.,0.,0.));
#6424=CARTESIAN_POINT('Origin',(0.,0.,-16.2));
#6425=CARTESIAN_POINT('Origin',(0.,0.,0.));
#6426=CARTESIAN_POINT('Origin',(0.,0.,-16.2));
#6427=CARTESIAN_POINT('Origin',(0.,0.,0.));
#6428=CARTESIAN_POINT('Origin',(0.,0.,-16.2));
#6429=CARTESIAN_POINT('Origin',(0.,0.,0.));
#6430=CARTESIAN_POINT('Origin',(0.,0.,-16.2));
#6431=CARTESIAN_POINT('Origin',(0.,0.,0.));
#6432=CARTESIAN_POINT('Origin',(0.,0.,-16.2));
#6433=CARTESIAN_POINT('Origin',(0.,0.,0.));
#6434=CARTESIAN_POINT('Origin',(0.,0.,-16.2));
#6435=CARTESIAN_POINT('Origin',(0.,0.,0.));
#6436=CARTESIAN_POINT('',(-12.4096736459909,-1.5,-16.2));
#6437=CARTESIAN_POINT('Origin',(0.,0.,-16.2));
#6438=CARTESIAN_POINT('',(-12.4096736459909,-1.5,0.));
#6439=CARTESIAN_POINT('Origin',(-11.25,-1.5,0.));
#6440=CARTESIAN_POINT('',(-12.95,-1.5,-16.2));
#6441=CARTESIAN_POINT('',(-5.625,-1.5,-16.2));
#6442=CARTESIAN_POINT('',(-12.95,-1.5,0.));
#6443=CARTESIAN_POINT('Origin',(-12.95,-1.5,0.));
#6444=CARTESIAN_POINT('',(-13.75,-0.75,-16.2));
#6445=CARTESIAN_POINT('',(-15.9432997611829,1.30621852610897,-16.2));
#6446=CARTESIAN_POINT('',(-13.75,-0.75,0.));
#6447=CARTESIAN_POINT('Origin',(-12.95,1.5,0.));
#6448=CARTESIAN_POINT('',(-12.95,1.5,-16.2));
#6449=CARTESIAN_POINT('',(-12.95,1.5,0.));
#6450=CARTESIAN_POINT('',(-6.475,1.5,-16.2));
#6451=CARTESIAN_POINT('Origin',(-13.75,0.75,0.));
#6452=CARTESIAN_POINT('',(-13.75,0.75,-16.2));
#6453=CARTESIAN_POINT('',(-13.75,0.75,0.));
#6454=CARTESIAN_POINT('',(-4.21283329495015,9.69109378598423,-16.2));
#6455=CARTESIAN_POINT('Origin',(-13.75,-0.75,0.));
#6456=CARTESIAN_POINT('',(-13.75,11.7807382713707,-16.2));
#6457=CARTESIAN_POINT('Origin',(0.,0.,0.));
#6458=CARTESIAN_POINT('Origin',(0.,0.,-16.2));
#6459=CARTESIAN_POINT('Ctrl Pts',(-4.10178021414319,25.6744113676412,0.));
#6460=CARTESIAN_POINT('Ctrl Pts',(-4.10178021414319,25.6744113676412,-16.2));
#6461=CARTESIAN_POINT('Ctrl Pts',(-4.14107442811006,25.5687660741782,0.));
#6462=CARTESIAN_POINT('Ctrl Pts',(-4.14107442811006,25.5687660741782,-16.2));
#6463=CARTESIAN_POINT('Ctrl Pts',(-4.21966313669568,25.3574747326995,0.));
#6464=CARTESIAN_POINT('Ctrl Pts',(-4.21966313669568,25.3574747326995,-16.2));
#6465=CARTESIAN_POINT('Ctrl Pts',(-4.32612599454625,25.0364719635968,0.));
#6466=CARTESIAN_POINT('Ctrl Pts',(-4.32612599454625,25.0364719635968,-16.2));
#6467=CARTESIAN_POINT('Ctrl Pts',(-4.42393996824357,24.7127596832733,0.));
#6468=CARTESIAN_POINT('Ctrl Pts',(-4.42393996824357,24.7127596832733,-16.2));
#6469=CARTESIAN_POINT('Ctrl Pts',(-4.51161660897688,24.3861345143747,0.));
#6470=CARTESIAN_POINT('Ctrl Pts',(-4.51161660897688,24.3861345143747,-16.2));
#6471=CARTESIAN_POINT('Ctrl Pts',(-4.58859608357574,24.0568251947102,0.));
#6472=CARTESIAN_POINT('Ctrl Pts',(-4.58859608357574,24.0568251947102,-16.2));
#6473=CARTESIAN_POINT('Ctrl Pts',(-4.65389238943547,23.7249845278152,0.));
#6474=CARTESIAN_POINT('Ctrl Pts',(-4.65389238943547,23.7249845278152,-16.2));
#6475=CARTESIAN_POINT('Ctrl Pts',(-4.70621916094518,23.3908628050019,0.));
#6476=CARTESIAN_POINT('Ctrl Pts',(-4.70621916094518,23.3908628050019,-16.2));
#6477=CARTESIAN_POINT('Ctrl Pts',(-4.7443300507414,23.0547374982671,0.));
#6478=CARTESIAN_POINT('Ctrl Pts',(-4.7443300507414,23.0547374982671,-16.2));
#6479=CARTESIAN_POINT('Ctrl Pts',(-4.7645714700677,22.7172312562817,0.));
#6480=CARTESIAN_POINT('Ctrl Pts',(-4.7645714700677,22.7172312562817,-16.2));
#6481=CARTESIAN_POINT('Ctrl Pts',(-4.76826617002519,22.3785383820978,0.));
#6482=CARTESIAN_POINT('Ctrl Pts',(-4.76826617002519,22.3785383820978,-16.2));
#6483=CARTESIAN_POINT('Ctrl Pts',(-4.73541736011608,22.0983559293384,0.));
#6484=CARTESIAN_POINT('Ctrl Pts',(-4.73541736011608,22.0983559293384,-16.2));
#6485=CARTESIAN_POINT('Ctrl Pts',(-4.72690319737879,21.872936734063,0.));
#6486=CARTESIAN_POINT('Ctrl Pts',(-4.72690319737879,21.872936734063,-16.2));
#6487=CARTESIAN_POINT('Ctrl Pts',(-4.73687270435921,21.7038865744706,0.));
#6488=CARTESIAN_POINT('Ctrl Pts',(-4.73687270435921,21.7038865744706,-16.2));
#6489=CARTESIAN_POINT('Ctrl Pts',(-4.76435865237714,21.5369543793501,0.));
#6490=CARTESIAN_POINT('Ctrl Pts',(-4.76435865237714,21.5369543793501,-16.2));
#6491=CARTESIAN_POINT('Ctrl Pts',(-4.80949978147153,21.3734861362177,0.));
#6492=CARTESIAN_POINT('Ctrl Pts',(-4.80949978147153,21.3734861362177,-16.2));
#6493=CARTESIAN_POINT('Ctrl Pts',(-4.8711001927966,21.2462349794835,0.));
#6494=CARTESIAN_POINT('Ctrl Pts',(-4.8711001927966,21.2462349794835,-16.2));
#6495=CARTESIAN_POINT('Ctrl Pts',(-4.92933552119884,21.1496148274104,0.));
#6496=CARTESIAN_POINT('Ctrl Pts',(-4.92933552119884,21.1496148274104,-16.2));
#6497=CARTESIAN_POINT('Ctrl Pts',(-4.98211593586751,21.0834298838394,0.));
#6498=CARTESIAN_POINT('Ctrl Pts',(-4.98211593586751,21.0834298838394,-16.2));
#6499=CARTESIAN_POINT('Ctrl Pts',(-5.038196356364,21.019960073528,0.));
#6500=CARTESIAN_POINT('Ctrl Pts',(-5.038196356364,21.019960073528,-16.2));
#6501=CARTESIAN_POINT('Ctrl Pts',(-5.10288815645637,20.9653542959337,0.));
#6502=CARTESIAN_POINT('Ctrl Pts',(-5.10288815645637,20.9653542959337,-16.2));
#6503=CARTESIAN_POINT('Ctrl Pts',(-5.16988541083935,20.9135390122246,0.));
#6504=CARTESIAN_POINT('Ctrl Pts',(-5.16988541083935,20.9135390122246,-16.2));
#6505=CARTESIAN_POINT('Ctrl Pts',(-5.24417954291785,20.872871240022,0.));
#6506=CARTESIAN_POINT('Ctrl Pts',(-5.24417954291785,20.872871240022,-16.2));
#6507=CARTESIAN_POINT('Ctrl Pts',(-5.32025958309422,20.8356978076069,0.));
#6508=CARTESIAN_POINT('Ctrl Pts',(-5.32025958309422,20.8356978076069,-16.2));
#6509=CARTESIAN_POINT('Ctrl Pts',(-5.42815156876334,20.8022213414275,0.));
#6510=CARTESIAN_POINT('Ctrl Pts',(-5.42815156876334,20.8022213414275,-16.2));
#6511=CARTESIAN_POINT('Ctrl Pts',(-5.56490077943149,20.7684924479179,0.));
#6512=CARTESIAN_POINT('Ctrl Pts',(-5.56490077943149,20.7684924479179,-16.2));
#6513=CARTESIAN_POINT('Ctrl Pts',(-5.70019351657243,20.7293279212049,0.));
#6514=CARTESIAN_POINT('Ctrl Pts',(-5.70019351657243,20.7293279212049,-16.2));
#6515=CARTESIAN_POINT('Ctrl Pts',(-5.81036895011627,20.7043733985103,0.));
#6516=CARTESIAN_POINT('Ctrl Pts',(-5.81036895011627,20.7043733985103,-16.2));
#6517=CARTESIAN_POINT('Ctrl Pts',(-5.8948429138375,20.6985265152396,0.));
#6518=CARTESIAN_POINT('Ctrl Pts',(-5.8948429138375,20.6985265152396,-16.2));
#6519=CARTESIAN_POINT('Ctrl Pts',(-5.97951740567091,20.6965987730431,0.));
#6520=CARTESIAN_POINT('Ctrl Pts',(-5.97951740567091,20.6965987730431,-16.2));
#6521=CARTESIAN_POINT('Ctrl Pts',(-6.06344637180495,20.707973497848,0.));
#6522=CARTESIAN_POINT('Ctrl Pts',(-6.06344637180495,20.707973497848,-16.2));
#6523=CARTESIAN_POINT('Ctrl Pts',(-6.14677400289862,20.7229175883919,0.));
#6524=CARTESIAN_POINT('Ctrl Pts',(-6.14677400289862,20.7229175883919,-16.2));
#6525=CARTESIAN_POINT('Ctrl Pts',(-6.2270759768592,20.7498438462467,0.));
#6526=CARTESIAN_POINT('Ctrl Pts',(-6.2270759768592,20.7498438462467,-16.2));
#6527=CARTESIAN_POINT('Ctrl Pts',(-6.30587762857004,20.7807714813929,0.));
#6528=CARTESIAN_POINT('Ctrl Pts',(-6.30587762857004,20.7807714813929,-16.2));
#6529=CARTESIAN_POINT('Ctrl Pts',(-6.40462097840064,20.8353293234045,0.));
#6530=CARTESIAN_POINT('Ctrl Pts',(-6.40462097840064,20.8353293234045,-16.2));
#6531=CARTESIAN_POINT('Ctrl Pts',(-6.52159407785883,20.9147318521347,0.));
#6532=CARTESIAN_POINT('Ctrl Pts',(-6.52159407785883,20.9147318521347,-16.2));
#6533=CARTESIAN_POINT('Ctrl Pts',(-6.64242156397626,21.0337289388522,0.));
#6534=CARTESIAN_POINT('Ctrl Pts',(-6.64242156397626,21.0337289388522,-16.2));
#6535=CARTESIAN_POINT('Ctrl Pts',(-6.74969119076717,21.1645534865271,0.));
#6536=CARTESIAN_POINT('Ctrl Pts',(-6.74969119076717,21.1645534865271,-16.2));
#6537=CARTESIAN_POINT('Ctrl Pts',(-6.84285011687163,21.3059704657578,0.));
#6538=CARTESIAN_POINT('Ctrl Pts',(-6.84285011687163,21.3059704657578,-16.2));
#6539=CARTESIAN_POINT('Ctrl Pts',(-6.94818623328688,21.5054462967355,0.));
#6540=CARTESIAN_POINT('Ctrl Pts',(-6.94818623328688,21.5054462967355,-16.2));
#6541=CARTESIAN_POINT('Ctrl Pts',(-7.05982955580118,21.7645158234743,0.));
#6542=CARTESIAN_POINT('Ctrl Pts',(-7.05982955580118,21.7645158234743,-16.2));
#6543=CARTESIAN_POINT('Ctrl Pts',(-7.23237569691569,22.0559851066197,0.));
#6544=CARTESIAN_POINT('Ctrl Pts',(-7.23237569691569,22.0559851066197,-16.2));
#6545=CARTESIAN_POINT('Ctrl Pts',(-7.41865840125361,22.3381533764516,0.));
#6546=CARTESIAN_POINT('Ctrl Pts',(-7.41865840125361,22.3381533764516,-16.2));
#6547=CARTESIAN_POINT('Ctrl Pts',(-7.61972605334539,22.6101909860407,0.));
#6548=CARTESIAN_POINT('Ctrl Pts',(-7.61972605334539,22.6101909860407,-16.2));
#6549=CARTESIAN_POINT('Ctrl Pts',(-7.83210322817748,22.8733855001985,0.));
#6550=CARTESIAN_POINT('Ctrl Pts',(-7.83210322817748,22.8733855001985,-16.2));
#6551=CARTESIAN_POINT('Ctrl Pts',(-8.05457182127273,23.1281197948084,0.));
#6552=CARTESIAN_POINT('Ctrl Pts',(-8.05457182127273,23.1281197948084,-16.2));
#6553=CARTESIAN_POINT('Ctrl Pts',(-8.28589266167761,23.3748202940414,0.));
#6554=CARTESIAN_POINT('Ctrl Pts',(-8.28589266167761,23.3748202940414,-16.2));
#6555=CARTESIAN_POINT('Ctrl Pts',(-8.52513544432045,23.6138476674563,0.));
#6556=CARTESIAN_POINT('Ctrl Pts',(-8.52513544432045,23.6138476674563,-16.2));
#6557=CARTESIAN_POINT('Ctrl Pts',(-8.77170097054914,23.8452837388848,0.));
#6558=CARTESIAN_POINT('Ctrl Pts',(-8.77170097054914,23.8452837388848,-16.2));
#6559=CARTESIAN_POINT('Ctrl Pts',(-9.02440189455863,24.0700488626876,0.));
#6560=CARTESIAN_POINT('Ctrl Pts',(-9.02440189455863,24.0700488626876,-16.2));
#6561=CARTESIAN_POINT('Ctrl Pts',(-9.1981073833837,24.213738177715,0.));
#6562=CARTESIAN_POINT('Ctrl Pts',(-9.1981073833837,24.213738177715,-16.2));
#6563=CARTESIAN_POINT('Ctrl Pts',(-9.28495981763226,24.2855825786608,0.));
#6564=CARTESIAN_POINT('Ctrl Pts',(-9.28495981763226,24.2855825786608,-16.2));
#6565=CARTESIAN_POINT('',(-4.10178021414319,25.6744113676412,-16.2));
#6566=CARTESIAN_POINT('',(-4.10178021414319,25.6744113676412,0.));
#6567=CARTESIAN_POINT('',(-9.28495981763226,24.2855825786608,-16.2));
#6568=CARTESIAN_POINT('Ctrl Pts',(-9.28495981763226,24.2855825786608,-16.2));
#6569=CARTESIAN_POINT('Ctrl Pts',(-9.1981073833837,24.213738177715,-16.2));
#6570=CARTESIAN_POINT('Ctrl Pts',(-9.02440189455863,24.0700488626876,-16.2));
#6571=CARTESIAN_POINT('Ctrl Pts',(-8.77170097054914,23.8452837388848,-16.2));
#6572=CARTESIAN_POINT('Ctrl Pts',(-8.52513544432045,23.6138476674563,-16.2));
#6573=CARTESIAN_POINT('Ctrl Pts',(-8.28589266167761,23.3748202940414,-16.2));
#6574=CARTESIAN_POINT('Ctrl Pts',(-8.05457182127273,23.1281197948084,-16.2));
#6575=CARTESIAN_POINT('Ctrl Pts',(-7.83210322817748,22.8733855001985,-16.2));
#6576=CARTESIAN_POINT('Ctrl Pts',(-7.61972605334539,22.6101909860407,-16.2));
#6577=CARTESIAN_POINT('Ctrl Pts',(-7.41865840125361,22.3381533764516,-16.2));
#6578=CARTESIAN_POINT('Ctrl Pts',(-7.23237569691569,22.0559851066197,-16.2));
#6579=CARTESIAN_POINT('Ctrl Pts',(-7.05982955580118,21.7645158234743,-16.2));
#6580=CARTESIAN_POINT('Ctrl Pts',(-6.94818623328688,21.5054462967355,-16.2));
#6581=CARTESIAN_POINT('Ctrl Pts',(-6.84285011687163,21.3059704657578,-16.2));
#6582=CARTESIAN_POINT('Ctrl Pts',(-6.74969119076717,21.1645534865271,-16.2));
#6583=CARTESIAN_POINT('Ctrl Pts',(-6.64242156397626,21.0337289388522,-16.2));
#6584=CARTESIAN_POINT('Ctrl Pts',(-6.52159407785883,20.9147318521347,-16.2));
#6585=CARTESIAN_POINT('Ctrl Pts',(-6.40462097840064,20.8353293234045,-16.2));
#6586=CARTESIAN_POINT('Ctrl Pts',(-6.30587762857004,20.7807714813929,-16.2));
#6587=CARTESIAN_POINT('Ctrl Pts',(-6.2270759768592,20.7498438462467,-16.2));
#6588=CARTESIAN_POINT('Ctrl Pts',(-6.14677400289862,20.7229175883919,-16.2));
#6589=CARTESIAN_POINT('Ctrl Pts',(-6.06344637180495,20.707973497848,-16.2));
#6590=CARTESIAN_POINT('Ctrl Pts',(-5.97951740567091,20.6965987730431,-16.2));
#6591=CARTESIAN_POINT('Ctrl Pts',(-5.8948429138375,20.6985265152396,-16.2));
#6592=CARTESIAN_POINT('Ctrl Pts',(-5.81036895011627,20.7043733985103,-16.2));
#6593=CARTESIAN_POINT('Ctrl Pts',(-5.70019351657243,20.7293279212049,-16.2));
#6594=CARTESIAN_POINT('Ctrl Pts',(-5.56490077943149,20.7684924479179,-16.2));
#6595=CARTESIAN_POINT('Ctrl Pts',(-5.42815156876334,20.8022213414275,-16.2));
#6596=CARTESIAN_POINT('Ctrl Pts',(-5.32025958309422,20.8356978076069,-16.2));
#6597=CARTESIAN_POINT('Ctrl Pts',(-5.24417954291785,20.872871240022,-16.2));
#6598=CARTESIAN_POINT('Ctrl Pts',(-5.16988541083935,20.9135390122246,-16.2));
#6599=CARTESIAN_POINT('Ctrl Pts',(-5.10288815645637,20.9653542959337,-16.2));
#6600=CARTESIAN_POINT('Ctrl Pts',(-5.038196356364,21.019960073528,-16.2));
#6601=CARTESIAN_POINT('Ctrl Pts',(-4.98211593586751,21.0834298838394,-16.2));
#6602=CARTESIAN_POINT('Ctrl Pts',(-4.92933552119884,21.1496148274104,-16.2));
#6603=CARTESIAN_POINT('Ctrl Pts',(-4.8711001927966,21.2462349794835,-16.2));
#6604=CARTESIAN_POINT('Ctrl Pts',(-4.80949978147153,21.3734861362177,-16.2));
#6605=CARTESIAN_POINT('Ctrl Pts',(-4.76435865237714,21.5369543793501,-16.2));
#6606=CARTESIAN_POINT('Ctrl Pts',(-4.73687270435921,21.7038865744706,-16.2));
#6607=CARTESIAN_POINT('Ctrl Pts',(-4.72690319737879,21.872936734063,-16.2));
#6608=CARTESIAN_POINT('Ctrl Pts',(-4.73541736011608,22.0983559293384,-16.2));
#6609=CARTESIAN_POINT('Ctrl Pts',(-4.76826617002519,22.3785383820978,-16.2));
#6610=CARTESIAN_POINT('Ctrl Pts',(-4.7645714700677,22.7172312562817,-16.2));
#6611=CARTESIAN_POINT('Ctrl Pts',(-4.7443300507414,23.0547374982671,-16.2));
#6612=CARTESIAN_POINT('Ctrl Pts',(-4.70621916094518,23.3908628050019,-16.2));
#6613=CARTESIAN_POINT('Ctrl Pts',(-4.65389238943547,23.7249845278152,-16.2));
#6614=CARTESIAN_POINT('Ctrl Pts',(-4.58859608357574,24.0568251947102,-16.2));
#6615=CARTESIAN_POINT('Ctrl Pts',(-4.51161660897688,24.3861345143747,-16.2));
#6616=CARTESIAN_POINT('Ctrl Pts',(-4.42393996824357,24.7127596832733,-16.2));
#6617=CARTESIAN_POINT('Ctrl Pts',(-4.32612599454625,25.0364719635968,-16.2));
#6618=CARTESIAN_POINT('Ctrl Pts',(-4.21966313669568,25.3574747326995,-16.2));
#6619=CARTESIAN_POINT('Ctrl Pts',(-4.14107442811006,25.5687660741782,-16.2));
#6620=CARTESIAN_POINT('Ctrl Pts',(-4.10178021414319,25.6744113676412,-16.2));
#6621=CARTESIAN_POINT('',(-9.28495981763226,24.2855825786608,0.));
#6622=CARTESIAN_POINT('Ctrl Pts',(-10.6070420763446,23.7379581765293,0.));
#6623=CARTESIAN_POINT('Ctrl Pts',(-10.6070420763446,23.7379581765293,-16.2));
#6624=CARTESIAN_POINT('Ctrl Pts',(-10.6176543584653,23.6257425682105,0.));
#6625=CARTESIAN_POINT('Ctrl Pts',(-10.6176543584653,23.6257425682105,-16.2));
#6626=CARTESIAN_POINT('Ctrl Pts',(-10.6388789985029,23.4013105500931,0.));
#6627=CARTESIAN_POINT('Ctrl Pts',(-10.6388789985029,23.4013105500931,-16.2));
#6628=CARTESIAN_POINT('Ctrl Pts',(-10.6586325922669,23.0636910698987,0.));
#6629=CARTESIAN_POINT('Ctrl Pts',(-10.6586325922669,23.0636910698987,-16.2));
#6630=CARTESIAN_POINT('Ctrl Pts',(-10.6693307323518,22.7256928987772,0.));
#6631=CARTESIAN_POINT('Ctrl Pts',(-10.6693307323518,22.7256928987772,-16.2));
#6632=CARTESIAN_POINT('Ctrl Pts',(-10.6694830496775,22.3875048281897,0.));
#6633=CARTESIAN_POINT('Ctrl Pts',(-10.6694830496775,22.3875048281897,-16.2));
#6634=CARTESIAN_POINT('Ctrl Pts',(-10.6586079886278,22.0494926973798,0.));
#6635=CARTESIAN_POINT('Ctrl Pts',(-10.6586079886278,22.0494926973798,-16.2));
#6636=CARTESIAN_POINT('Ctrl Pts',(-10.6357926922871,21.7120592994817,0.));
#6637=CARTESIAN_POINT('Ctrl Pts',(-10.6357926922871,21.7120592994817,-16.2));
#6638=CARTESIAN_POINT('Ctrl Pts',(-10.5998594070481,21.3757793332567,0.));
#6639=CARTESIAN_POINT('Ctrl Pts',(-10.5998594070481,21.3757793332567,-16.2));
#6640=CARTESIAN_POINT('Ctrl Pts',(-10.5496760688412,21.0412433945071,0.));
#6641=CARTESIAN_POINT('Ctrl Pts',(-10.5496760688412,21.0412433945071,-16.2));
#6642=CARTESIAN_POINT('Ctrl Pts',(-10.4818747352624,20.7099985340181,0.));
#6643=CARTESIAN_POINT('Ctrl Pts',(-10.4818747352624,20.7099985340181,-16.2));
#6644=CARTESIAN_POINT('Ctrl Pts',(-10.3977833750924,20.3818900809488,0.));
#6645=CARTESIAN_POINT('Ctrl Pts',(-10.3977833750924,20.3818900809488,-16.2));
#6646=CARTESIAN_POINT('Ctrl Pts',(-10.2935373063607,20.119756511369,0.));
#6647=CARTESIAN_POINT('Ctrl Pts',(-10.2935373063607,20.119756511369,-16.2));
#6648=CARTESIAN_POINT('Ctrl Pts',(-10.2269704758146,19.9042219163807,0.));
#6649=CARTESIAN_POINT('Ctrl Pts',(-10.2269704758146,19.9042219163807,-16.2));
#6650=CARTESIAN_POINT('Ctrl Pts',(-10.1928468792022,19.7383517030153,0.));
#6651=CARTESIAN_POINT('Ctrl Pts',(-10.1928468792022,19.7383517030153,-16.2));
#6652=CARTESIAN_POINT('Ctrl Pts',(-10.1761910349148,19.5699936976895,0.));
#6653=CARTESIAN_POINT('Ctrl Pts',(-10.1761910349148,19.5699936976895,-16.2));
#6654=CARTESIAN_POINT('Ctrl Pts',(-10.1774853227428,19.4004121159427,0.));
#6655=CARTESIAN_POINT('Ctrl Pts',(-10.1774853227428,19.4004121159427,-16.2));
#6656=CARTESIAN_POINT('Ctrl Pts',(-10.2040517280776,19.261553577591,0.));
#6657=CARTESIAN_POINT('Ctrl Pts',(-10.2040517280776,19.261553577591,-16.2));
#6658=CARTESIAN_POINT('Ctrl Pts',(-10.2352956002865,19.1531532652753,0.));
#6659=CARTESIAN_POINT('Ctrl Pts',(-10.2352956002865,19.1531532652753,-16.2));
#6660=CARTESIAN_POINT('Ctrl Pts',(-10.269147642042,19.075562942444,0.));
#6661=CARTESIAN_POINT('Ctrl Pts',(-10.269147642042,19.075562942444,-16.2));
#6662=CARTESIAN_POINT('Ctrl Pts',(-10.3068899728511,18.9997411325926,0.));
#6663=CARTESIAN_POINT('Ctrl Pts',(-10.3068899728511,18.9997411325926,-16.2));
#6664=CARTESIAN_POINT('Ctrl Pts',(-10.3552444380954,18.9302525318239,0.));
#6665=CARTESIAN_POINT('Ctrl Pts',(-10.3552444380954,18.9302525318239,-16.2));
#6666=CARTESIAN_POINT('Ctrl Pts',(-10.4065480341431,18.8628626456888,0.));
#6667=CARTESIAN_POINT('Ctrl Pts',(-10.4065480341431,18.8628626456888,-16.2));
#6668=CARTESIAN_POINT('Ctrl Pts',(-10.4677850610915,18.8043518578994,0.));
#6669=CARTESIAN_POINT('Ctrl Pts',(-10.4677850610915,18.8043518578994,-16.2));
#6670=CARTESIAN_POINT('Ctrl Pts',(-10.5316515444821,18.748754116128,0.));
#6671=CARTESIAN_POINT('Ctrl Pts',(-10.5316515444821,18.748754116128,-16.2));
#6672=CARTESIAN_POINT('Ctrl Pts',(-10.6272028528796,18.6884938321674,0.));
#6673=CARTESIAN_POINT('Ctrl Pts',(-10.6272028528796,18.6884938321674,-16.2));
#6674=CARTESIAN_POINT('Ctrl Pts',(-10.7505627671781,18.6205209227106,0.));
#6675=CARTESIAN_POINT('Ctrl Pts',(-10.7505627671781,18.6205209227106,-16.2));
#6676=CARTESIAN_POINT('Ctrl Pts',(-10.8711089906861,18.547674557848,0.));
#6677=CARTESIAN_POINT('Ctrl Pts',(-10.8711089906861,18.547674557848,-16.2));
#6678=CARTESIAN_POINT('Ctrl Pts',(-10.9710715816339,18.495054839391,0.));
#6679=CARTESIAN_POINT('Ctrl Pts',(-10.9710715816339,18.495054839391,-16.2));
#6680=CARTESIAN_POINT('Ctrl Pts',(-11.0511538800963,18.4675437132102,0.));
#6681=CARTESIAN_POINT('Ctrl Pts',(-11.0511538800963,18.4675437132102,-16.2));
#6682=CARTESIAN_POINT('Ctrl Pts',(-11.1324442221915,18.4437662861153,0.));
#6683=CARTESIAN_POINT('Ctrl Pts',(-11.1324442221915,18.4437662861153,-16.2));
#6684=CARTESIAN_POINT('Ctrl Pts',(-11.2164573735665,18.4330310117001,0.));
#6685=CARTESIAN_POINT('Ctrl Pts',(-11.2164573735665,18.4330310117001,-16.2));
#6686=CARTESIAN_POINT('Ctrl Pts',(-11.3008134997278,18.4258991167965,0.));
#6687=CARTESIAN_POINT('Ctrl Pts',(-11.3008134997278,18.4258991167965,-16.2));
#6688=CARTESIAN_POINT('Ctrl Pts',(-11.3853482786245,18.4311242044434,0.));
#6689=CARTESIAN_POINT('Ctrl Pts',(-11.3853482786245,18.4311242044434,-16.2));
#6690=CARTESIAN_POINT('Ctrl Pts',(-11.4694694901621,18.4406026377289,0.));
#6691=CARTESIAN_POINT('Ctrl Pts',(-11.4694694901621,18.4406026377289,-16.2));
#6692=CARTESIAN_POINT('Ctrl Pts',(-11.57896885051,18.4677448068412,0.));
#6693=CARTESIAN_POINT('Ctrl Pts',(-11.57896885051,18.4677448068412,-16.2));
#6694=CARTESIAN_POINT('Ctrl Pts',(-11.7125070749225,18.5141668941099,0.));
#6695=CARTESIAN_POINT('Ctrl Pts',(-11.7125070749225,18.5141668941099,-16.2));
#6696=CARTESIAN_POINT('Ctrl Pts',(-11.8600161766431,18.5978367988444,0.));
#6697=CARTESIAN_POINT('Ctrl Pts',(-11.8600161766431,18.5978367988444,-16.2));
#6698=CARTESIAN_POINT('Ctrl Pts',(-11.997490564042,18.6964401857817,0.));
#6699=CARTESIAN_POINT('Ctrl Pts',(-11.997490564042,18.6964401857817,-16.2));
#6700=CARTESIAN_POINT('Ctrl Pts',(-12.1240765842414,18.8089271939992,0.));
#6701=CARTESIAN_POINT('Ctrl Pts',(-12.1240765842414,18.8089271939992,-16.2));
#6702=CARTESIAN_POINT('Ctrl Pts',(-12.2774516036226,18.9743430577957,0.));
#6703=CARTESIAN_POINT('Ctrl Pts',(-12.2774516036226,18.9743430577957,-16.2));
#6704=CARTESIAN_POINT('Ctrl Pts',(-12.4523428996976,19.1956895863519,0.));
#6705=CARTESIAN_POINT('Ctrl Pts',(-12.4523428996976,19.1956895863519,-16.2));
#6706=CARTESIAN_POINT('Ctrl Pts',(-12.694447475167,19.4325690670326,0.));
#6707=CARTESIAN_POINT('Ctrl Pts',(-12.694447475167,19.4325690670326,-16.2));
#6708=CARTESIAN_POINT('Ctrl Pts',(-12.9474132724341,19.6569091745667,0.));
#6709=CARTESIAN_POINT('Ctrl Pts',(-12.9474132724341,19.6569091745667,-16.2));
#6710=CARTESIAN_POINT('Ctrl Pts',(-13.2120382247667,19.8676371896754,0.));
#6711=CARTESIAN_POINT('Ctrl Pts',(-13.2120382247667,19.8676371896754,-16.2));
#6712=CARTESIAN_POINT('Ctrl Pts',(-13.4852985756818,20.0668963106463,0.));
#6713=CARTESIAN_POINT('Ctrl Pts',(-13.4852985756818,20.0668963106463,-16.2));
#6714=CARTESIAN_POINT('Ctrl Pts',(-13.7661168221765,20.2553716358213,0.));
#6715=CARTESIAN_POINT('Ctrl Pts',(-13.7661168221765,20.2553716358213,-16.2));
#6716=CARTESIAN_POINT('Ctrl Pts',(-14.0534063837203,20.433795780363,0.));
#6717=CARTESIAN_POINT('Ctrl Pts',(-14.0534063837203,20.433795780363,-16.2));
#6718=CARTESIAN_POINT('Ctrl Pts',(-14.3463620027689,20.6027579049832,0.));
#6719=CARTESIAN_POINT('Ctrl Pts',(-14.3463620027689,20.6027579049832,-16.2));
#6720=CARTESIAN_POINT('Ctrl Pts',(-14.6444260754351,20.7624921294572,0.));
#6721=CARTESIAN_POINT('Ctrl Pts',(-14.6444260754351,20.7624921294572,-16.2));
#6722=CARTESIAN_POINT('Ctrl Pts',(-14.946689918978,20.9141947555387,0.));
#6723=CARTESIAN_POINT('Ctrl Pts',(-14.946689918978,20.9141947555387,-16.2));
#6724=CARTESIAN_POINT('Ctrl Pts',(-15.1516660681091,21.0080296871387,0.));
#6725=CARTESIAN_POINT('Ctrl Pts',(-15.1516660681091,21.0080296871387,-16.2));
#6726=CARTESIAN_POINT('Ctrl Pts',(-15.2541537766746,21.0549469853895,0.));
#6727=CARTESIAN_POINT('Ctrl Pts',(-15.2541537766746,21.0549469853895,-16.2));
#6728=CARTESIAN_POINT('',(-10.6070420763446,23.7379581765293,-16.2));
#6729=CARTESIAN_POINT('',(-10.6070420763446,23.7379581765293,0.));
#6730=CARTESIAN_POINT('',(-15.2541537766746,21.0549469853895,-16.2));
#6731=CARTESIAN_POINT('Ctrl Pts',(-15.2541537766746,21.0549469853895,-16.2));
#6732=CARTESIAN_POINT('Ctrl Pts',(-15.1516660681091,21.0080296871387,-16.2));
#6733=CARTESIAN_POINT('Ctrl Pts',(-14.946689918978,20.9141947555387,-16.2));
#6734=CARTESIAN_POINT('Ctrl Pts',(-14.6444260754351,20.7624921294572,-16.2));
#6735=CARTESIAN_POINT('Ctrl Pts',(-14.3463620027689,20.6027579049832,-16.2));
#6736=CARTESIAN_POINT('Ctrl Pts',(-14.0534063837203,20.433795780363,-16.2));
#6737=CARTESIAN_POINT('Ctrl Pts',(-13.7661168221765,20.2553716358213,-16.2));
#6738=CARTESIAN_POINT('Ctrl Pts',(-13.4852985756818,20.0668963106463,-16.2));
#6739=CARTESIAN_POINT('Ctrl Pts',(-13.2120382247667,19.8676371896754,-16.2));
#6740=CARTESIAN_POINT('Ctrl Pts',(-12.9474132724341,19.6569091745667,-16.2));
#6741=CARTESIAN_POINT('Ctrl Pts',(-12.694447475167,19.4325690670326,-16.2));
#6742=CARTESIAN_POINT('Ctrl Pts',(-12.4523428996976,19.1956895863519,-16.2));
#6743=CARTESIAN_POINT('Ctrl Pts',(-12.2774516036226,18.9743430577957,-16.2));
#6744=CARTESIAN_POINT('Ctrl Pts',(-12.1240765842414,18.8089271939992,-16.2));
#6745=CARTESIAN_POINT('Ctrl Pts',(-11.997490564042,18.6964401857817,-16.2));
#6746=CARTESIAN_POINT('Ctrl Pts',(-11.8600161766431,18.5978367988444,-16.2));
#6747=CARTESIAN_POINT('Ctrl Pts',(-11.7125070749225,18.5141668941099,-16.2));
#6748=CARTESIAN_POINT('Ctrl Pts',(-11.57896885051,18.4677448068412,-16.2));
#6749=CARTESIAN_POINT('Ctrl Pts',(-11.4694694901621,18.4406026377289,-16.2));
#6750=CARTESIAN_POINT('Ctrl Pts',(-11.3853482786245,18.4311242044434,-16.2));
#6751=CARTESIAN_POINT('Ctrl Pts',(-11.3008134997278,18.4258991167965,-16.2));
#6752=CARTESIAN_POINT('Ctrl Pts',(-11.2164573735665,18.4330310117001,-16.2));
#6753=CARTESIAN_POINT('Ctrl Pts',(-11.1324442221915,18.4437662861153,-16.2));
#6754=CARTESIAN_POINT('Ctrl Pts',(-11.0511538800963,18.4675437132102,-16.2));
#6755=CARTESIAN_POINT('Ctrl Pts',(-10.9710715816339,18.495054839391,-16.2));
#6756=CARTESIAN_POINT('Ctrl Pts',(-10.8711089906861,18.547674557848,-16.2));
#6757=CARTESIAN_POINT('Ctrl Pts',(-10.7505627671781,18.6205209227106,-16.2));
#6758=CARTESIAN_POINT('Ctrl Pts',(-10.6272028528796,18.6884938321674,-16.2));
#6759=CARTESIAN_POINT('Ctrl Pts',(-10.5316515444821,18.748754116128,-16.2));
#6760=CARTESIAN_POINT('Ctrl Pts',(-10.4677850610915,18.8043518578994,-16.2));
#6761=CARTESIAN_POINT('Ctrl Pts',(-10.4065480341431,18.8628626456888,-16.2));
#6762=CARTESIAN_POINT('Ctrl Pts',(-10.3552444380954,18.9302525318239,-16.2));
#6763=CARTESIAN_POINT('Ctrl Pts',(-10.3068899728511,18.9997411325926,-16.2));
#6764=CARTESIAN_POINT('Ctrl Pts',(-10.269147642042,19.075562942444,-16.2));
#6765=CARTESIAN_POINT('Ctrl Pts',(-10.2352956002865,19.1531532652753,-16.2));
#6766=CARTESIAN_POINT('Ctrl Pts',(-10.2040517280776,19.261553577591,-16.2));
#6767=CARTESIAN_POINT('Ctrl Pts',(-10.1774853227428,19.4004121159427,-16.2));
#6768=CARTESIAN_POINT('Ctrl Pts',(-10.1761910349148,19.5699936976895,-16.2));
#6769=CARTESIAN_POINT('Ctrl Pts',(-10.1928468792022,19.7383517030153,-16.2));
#6770=CARTESIAN_POINT('Ctrl Pts',(-10.2269704758146,19.9042219163807,-16.2));
#6771=CARTESIAN_POINT('Ctrl Pts',(-10.2935373063607,20.119756511369,-16.2));
#6772=CARTESIAN_POINT('Ctrl Pts',(-10.3977833750924,20.3818900809488,-16.2));
#6773=CARTESIAN_POINT('Ctrl Pts',(-10.4818747352624,20.7099985340181,-16.2));
#6774=CARTESIAN_POINT('Ctrl Pts',(-10.5496760688412,21.0412433945071,-16.2));
#6775=CARTESIAN_POINT('Ctrl Pts',(-10.5998594070481,21.3757793332567,-16.2));
#6776=CARTESIAN_POINT('Ctrl Pts',(-10.6357926922871,21.7120592994817,-16.2));
#6777=CARTESIAN_POINT('Ctrl Pts',(-10.6586079886278,22.0494926973798,-16.2));
#6778=CARTESIAN_POINT('Ctrl Pts',(-10.6694830496775,22.3875048281897,-16.2));
#6779=CARTESIAN_POINT('Ctrl Pts',(-10.6693307323518,22.7256928987772,-16.2));
#6780=CARTESIAN_POINT('Ctrl Pts',(-10.6586325922669,23.0636910698987,-16.2));
#6781=CARTESIAN_POINT('Ctrl Pts',(-10.6388789985029,23.4013105500931,-16.2));
#6782=CARTESIAN_POINT('Ctrl Pts',(-10.6176543584653,23.6257425682105,-16.2));
#6783=CARTESIAN_POINT('Ctrl Pts',(-10.6070420763446,23.7379581765293,-16.2));
#6784=CARTESIAN_POINT('',(-15.2541537766746,21.0549469853895,0.));
#6785=CARTESIAN_POINT('Ctrl Pts',(-16.389451550009,20.1838023645177,0.));
#6786=CARTESIAN_POINT('Ctrl Pts',(-16.389451550009,20.1838023645177,-16.2));
#6787=CARTESIAN_POINT('Ctrl Pts',(-16.3706586907945,20.072663749605,0.));
#6788=CARTESIAN_POINT('Ctrl Pts',(-16.3706586907945,20.072663749605,-16.2));
#6789=CARTESIAN_POINT('Ctrl Pts',(-16.3330728381409,19.850385725992,0.));
#6790=CARTESIAN_POINT('Ctrl Pts',(-16.3330728381409,19.850385725992,-16.2));
#6791=CARTESIAN_POINT('Ctrl Pts',(-16.2647709930477,19.5191577443386,0.));
#6792=CARTESIAN_POINT('Ctrl Pts',(-16.2647709930477,19.5191577443386,-16.2));
#6793=CARTESIAN_POINT('Ctrl Pts',(-16.1876242389529,19.1899076992128,0.));
#6794=CARTESIAN_POINT('Ctrl Pts',(-16.1876242389529,19.1899076992128,-16.2));
#6795=CARTESIAN_POINT('Ctrl Pts',(-16.1002418526971,18.8632036850646,0.));
#6796=CARTESIAN_POINT('Ctrl Pts',(-16.1002418526971,18.8632036850646,-16.2));
#6797=CARTESIAN_POINT('Ctrl Pts',(-16.0022533734374,18.5395237112327,0.));
#6798=CARTESIAN_POINT('Ctrl Pts',(-16.0022533734374,18.5395237112327,-16.2));
#6799=CARTESIAN_POINT('Ctrl Pts',(-15.8928812996378,18.219493110763,0.));
#6800=CARTESIAN_POINT('Ctrl Pts',(-15.8928812996378,18.219493110763,-16.2));
#6801=CARTESIAN_POINT('Ctrl Pts',(-15.7711367516566,17.9039718250956,0.));
#6802=CARTESIAN_POINT('Ctrl Pts',(-15.7711367516566,17.9039718250956,-16.2));
#6803=CARTESIAN_POINT('Ctrl Pts',(-15.6360790970135,17.5938233257103,0.));
#6804=CARTESIAN_POINT('Ctrl Pts',(-15.6360790970135,17.5938233257103,-16.2));
#6805=CARTESIAN_POINT('Ctrl Pts',(-15.484855559366,17.291413636552,0.));
#6806=CARTESIAN_POINT('Ctrl Pts',(-15.484855559366,17.291413636552,-16.2));
#6807=CARTESIAN_POINT('Ctrl Pts',(-15.3187088262966,16.9962496534492,0.));
#6808=CARTESIAN_POINT('Ctrl Pts',(-15.3187088262966,16.9962496534492,-16.2));
#6809=CARTESIAN_POINT('Ctrl Pts',(-15.1501696960516,16.7700289366195,0.));
#6810=CARTESIAN_POINT('Ctrl Pts',(-15.1501696960516,16.7700289366195,-16.2));
#6811=CARTESIAN_POINT('Ctrl Pts',(-15.0300866171914,16.579067268379,0.));
#6812=CARTESIAN_POINT('Ctrl Pts',(-15.0300866171914,16.579067268379,-16.2));
#6813=CARTESIAN_POINT('Ctrl Pts',(-14.9541953837035,16.427680782168,0.));
#6814=CARTESIAN_POINT('Ctrl Pts',(-14.9541953837035,16.427680782168,-16.2));
#6815=CARTESIAN_POINT('Ctrl Pts',(-14.8945328153738,16.2693702864751,0.));
#6816=CARTESIAN_POINT('Ctrl Pts',(-14.8945328153738,16.2693702864751,-16.2));
#6817=CARTESIAN_POINT('Ctrl Pts',(-14.8518920583589,16.1052320706632,0.));
#6818=CARTESIAN_POINT('Ctrl Pts',(-14.8518920583589,16.1052320706632,-16.2));
#6819=CARTESIAN_POINT('Ctrl Pts',(-14.8416140010829,15.964229130608,0.));
#6820=CARTESIAN_POINT('Ctrl Pts',(-14.8416140010829,15.964229130608,-16.2));
#6821=CARTESIAN_POINT('Ctrl Pts',(-14.8437371988404,15.851435960194,0.));
#6822=CARTESIAN_POINT('Ctrl Pts',(-14.8437371988404,15.851435960194,-16.2));
#6823=CARTESIAN_POINT('Ctrl Pts',(-14.8563539069803,15.7677279103792,0.));
#6824=CARTESIAN_POINT('Ctrl Pts',(-14.8563539069803,15.7677279103792,-16.2));
#6825=CARTESIAN_POINT('Ctrl Pts',(-14.8731860706294,15.6847212320279,0.));
#6826=CARTESIAN_POINT('Ctrl Pts',(-14.8731860706294,15.6847212320279,-16.2));
#6827=CARTESIAN_POINT('Ctrl Pts',(-14.9019079241288,15.6050853413917,0.));
#6828=CARTESIAN_POINT('Ctrl Pts',(-14.9019079241288,15.6050853413917,-16.2));
#6829=CARTESIAN_POINT('Ctrl Pts',(-14.9340216065537,15.5267133622038,0.));
#6830=CARTESIAN_POINT('Ctrl Pts',(-14.9340216065537,15.5267133622038,-16.2));
#6831=CARTESIAN_POINT('Ctrl Pts',(-14.9780283261845,15.4543469723217,0.));
#6832=CARTESIAN_POINT('Ctrl Pts',(-14.9780283261845,15.4543469723217,-16.2));
#6833=CARTESIAN_POINT('Ctrl Pts',(-15.0253288574906,15.3841138154162,0.));
#6834=CARTESIAN_POINT('Ctrl Pts',(-15.0253288574906,15.3841138154162,-16.2));
#6835=CARTESIAN_POINT('Ctrl Pts',(-15.1020278248552,15.3011763524414,0.));
#6836=CARTESIAN_POINT('Ctrl Pts',(-15.1020278248552,15.3011763524414,-16.2));
#6837=CARTESIAN_POINT('Ctrl Pts',(-15.2035916684864,15.2035916684864,0.));
#6838=CARTESIAN_POINT('Ctrl Pts',(-15.2035916684864,15.2035916684864,-16.2));
#6839=CARTESIAN_POINT('Ctrl Pts',(-15.3011763524415,15.1020278248553,0.));
#6840=CARTESIAN_POINT('Ctrl Pts',(-15.3011763524415,15.1020278248553,-16.2));
#6841=CARTESIAN_POINT('Ctrl Pts',(-15.3841138154162,15.0253288574905,0.));
#6842=CARTESIAN_POINT('Ctrl Pts',(-15.3841138154162,15.0253288574905,-16.2));
#6843=CARTESIAN_POINT('Ctrl Pts',(-15.4543469723218,14.9780283261846,0.));
#6844=CARTESIAN_POINT('Ctrl Pts',(-15.4543469723218,14.9780283261846,-16.2));
#6845=CARTESIAN_POINT('Ctrl Pts',(-15.5267133622038,14.9340216065537,0.));
#6846=CARTESIAN_POINT('Ctrl Pts',(-15.5267133622038,14.9340216065537,-16.2));
#6847=CARTESIAN_POINT('Ctrl Pts',(-15.6050853413917,14.9019079241288,0.));
#6848=CARTESIAN_POINT('Ctrl Pts',(-15.6050853413917,14.9019079241288,-16.2));
#6849=CARTESIAN_POINT('Ctrl Pts',(-15.6847212320279,14.8731860706294,0.));
#6850=CARTESIAN_POINT('Ctrl Pts',(-15.6847212320279,14.8731860706294,-16.2));
#6851=CARTESIAN_POINT('Ctrl Pts',(-15.7677279103792,14.8563539069802,0.));
#6852=CARTESIAN_POINT('Ctrl Pts',(-15.7677279103792,14.8563539069802,-16.2));
#6853=CARTESIAN_POINT('Ctrl Pts',(-15.8514359601941,14.8437371988404,0.));
#6854=CARTESIAN_POINT('Ctrl Pts',(-15.8514359601941,14.8437371988404,-16.2));
#6855=CARTESIAN_POINT('Ctrl Pts',(-15.964229130608,14.8416140010829,0.));
#6856=CARTESIAN_POINT('Ctrl Pts',(-15.964229130608,14.8416140010829,-16.2));
#6857=CARTESIAN_POINT('Ctrl Pts',(-16.1052320706632,14.8518920583588,0.));
#6858=CARTESIAN_POINT('Ctrl Pts',(-16.1052320706632,14.8518920583588,-16.2));
#6859=CARTESIAN_POINT('Ctrl Pts',(-16.2693702864751,14.8945328153738,0.));
#6860=CARTESIAN_POINT('Ctrl Pts',(-16.2693702864751,14.8945328153738,-16.2));
#6861=CARTESIAN_POINT('Ctrl Pts',(-16.427680782168,14.9541953837034,0.));
#6862=CARTESIAN_POINT('Ctrl Pts',(-16.427680782168,14.9541953837034,-16.2));
#6863=CARTESIAN_POINT('Ctrl Pts',(-16.579067268379,15.0300866171914,0.));
#6864=CARTESIAN_POINT('Ctrl Pts',(-16.579067268379,15.0300866171914,-16.2));
#6865=CARTESIAN_POINT('Ctrl Pts',(-16.7700289366195,15.1501696960515,0.));
#6866=CARTESIAN_POINT('Ctrl Pts',(-16.7700289366195,15.1501696960515,-16.2));
#6867=CARTESIAN_POINT('Ctrl Pts',(-16.9962496534492,15.3187088262966,0.));
#6868=CARTESIAN_POINT('Ctrl Pts',(-16.9962496534492,15.3187088262966,-16.2));
#6869=CARTESIAN_POINT('Ctrl Pts',(-17.291413636552,15.484855559366,0.));
#6870=CARTESIAN_POINT('Ctrl Pts',(-17.291413636552,15.484855559366,-16.2));
#6871=CARTESIAN_POINT('Ctrl Pts',(-17.5938233257103,15.6360790970135,0.));
#6872=CARTESIAN_POINT('Ctrl Pts',(-17.5938233257103,15.6360790970135,-16.2));
#6873=CARTESIAN_POINT('Ctrl Pts',(-17.9039718250956,15.7711367516565,0.));
#6874=CARTESIAN_POINT('Ctrl Pts',(-17.9039718250956,15.7711367516565,-16.2));
#6875=CARTESIAN_POINT('Ctrl Pts',(-18.219493110763,15.8928812996378,0.));
#6876=CARTESIAN_POINT('Ctrl Pts',(-18.219493110763,15.8928812996378,-16.2));
#6877=CARTESIAN_POINT('Ctrl Pts',(-18.5395237112327,16.0022533734374,0.));
#6878=CARTESIAN_POINT('Ctrl Pts',(-18.5395237112327,16.0022533734374,-16.2));
#6879=CARTESIAN_POINT('Ctrl Pts',(-18.8632036850646,16.1002418526971,0.));
#6880=CARTESIAN_POINT('Ctrl Pts',(-18.8632036850646,16.1002418526971,-16.2));
#6881=CARTESIAN_POINT('Ctrl Pts',(-19.1899076992128,16.1876242389528,0.));
#6882=CARTESIAN_POINT('Ctrl Pts',(-19.1899076992128,16.1876242389528,-16.2));
#6883=CARTESIAN_POINT('Ctrl Pts',(-19.5191577443386,16.2647709930477,0.));
#6884=CARTESIAN_POINT('Ctrl Pts',(-19.5191577443386,16.2647709930477,-16.2));
#6885=CARTESIAN_POINT('Ctrl Pts',(-19.850385725992,16.3330728381409,0.));
#6886=CARTESIAN_POINT('Ctrl Pts',(-19.850385725992,16.3330728381409,-16.2));
#6887=CARTESIAN_POINT('Ctrl Pts',(-20.072663749605,16.3706586907945,0.));
#6888=CARTESIAN_POINT('Ctrl Pts',(-20.072663749605,16.3706586907945,-16.2));
#6889=CARTESIAN_POINT('Ctrl Pts',(-20.1838023645177,16.389451550009,0.));
#6890=CARTESIAN_POINT('Ctrl Pts',(-20.1838023645177,16.389451550009,-16.2));
#6891=CARTESIAN_POINT('',(-16.389451550009,20.1838023645177,-16.2));
#6892=CARTESIAN_POINT('',(-16.389451550009,20.1838023645177,0.));
#6893=CARTESIAN_POINT('',(-20.1838023645177,16.389451550009,-16.2));
#6894=CARTESIAN_POINT('Ctrl Pts',(-20.1838023645177,16.389451550009,-16.2));
#6895=CARTESIAN_POINT('Ctrl Pts',(-20.072663749605,16.3706586907945,-16.2));
#6896=CARTESIAN_POINT('Ctrl Pts',(-19.850385725992,16.3330728381409,-16.2));
#6897=CARTESIAN_POINT('Ctrl Pts',(-19.5191577443386,16.2647709930477,-16.2));
#6898=CARTESIAN_POINT('Ctrl Pts',(-19.1899076992128,16.1876242389528,-16.2));
#6899=CARTESIAN_POINT('Ctrl Pts',(-18.8632036850646,16.1002418526971,-16.2));
#6900=CARTESIAN_POINT('Ctrl Pts',(-18.5395237112327,16.0022533734374,-16.2));
#6901=CARTESIAN_POINT('Ctrl Pts',(-18.219493110763,15.8928812996378,-16.2));
#6902=CARTESIAN_POINT('Ctrl Pts',(-17.9039718250956,15.7711367516565,-16.2));
#6903=CARTESIAN_POINT('Ctrl Pts',(-17.5938233257103,15.6360790970135,-16.2));
#6904=CARTESIAN_POINT('Ctrl Pts',(-17.291413636552,15.484855559366,-16.2));
#6905=CARTESIAN_POINT('Ctrl Pts',(-16.9962496534492,15.3187088262966,-16.2));
#6906=CARTESIAN_POINT('Ctrl Pts',(-16.7700289366195,15.1501696960515,-16.2));
#6907=CARTESIAN_POINT('Ctrl Pts',(-16.579067268379,15.0300866171914,-16.2));
#6908=CARTESIAN_POINT('Ctrl Pts',(-16.427680782168,14.9541953837034,-16.2));
#6909=CARTESIAN_POINT('Ctrl Pts',(-16.2693702864751,14.8945328153738,-16.2));
#6910=CARTESIAN_POINT('Ctrl Pts',(-16.1052320706632,14.8518920583588,-16.2));
#6911=CARTESIAN_POINT('Ctrl Pts',(-15.964229130608,14.8416140010829,-16.2));
#6912=CARTESIAN_POINT('Ctrl Pts',(-15.8514359601941,14.8437371988404,-16.2));
#6913=CARTESIAN_POINT('Ctrl Pts',(-15.7677279103792,14.8563539069802,-16.2));
#6914=CARTESIAN_POINT('Ctrl Pts',(-15.6847212320279,14.8731860706294,-16.2));
#6915=CARTESIAN_POINT('Ctrl Pts',(-15.6050853413917,14.9019079241288,-16.2));
#6916=CARTESIAN_POINT('Ctrl Pts',(-15.5267133622038,14.9340216065537,-16.2));
#6917=CARTESIAN_POINT('Ctrl Pts',(-15.4543469723218,14.9780283261846,-16.2));
#6918=CARTESIAN_POINT('Ctrl Pts',(-15.3841138154162,15.0253288574905,-16.2));
#6919=CARTESIAN_POINT('Ctrl Pts',(-15.3011763524415,15.1020278248553,-16.2));
#6920=CARTESIAN_POINT('Ctrl Pts',(-15.2035916684864,15.2035916684864,-16.2));
#6921=CARTESIAN_POINT('Ctrl Pts',(-15.1020278248552,15.3011763524414,-16.2));
#6922=CARTESIAN_POINT('Ctrl Pts',(-15.0253288574906,15.3841138154162,-16.2));
#6923=CARTESIAN_POINT('Ctrl Pts',(-14.9780283261845,15.4543469723217,-16.2));
#6924=CARTESIAN_POINT('Ctrl Pts',(-14.9340216065537,15.5267133622038,-16.2));
#6925=CARTESIAN_POINT('Ctrl Pts',(-14.9019079241288,15.6050853413917,-16.2));
#6926=CARTESIAN_POINT('Ctrl Pts',(-14.8731860706294,15.6847212320279,-16.2));
#6927=CARTESIAN_POINT('Ctrl Pts',(-14.8563539069803,15.7677279103792,-16.2));
#6928=CARTESIAN_POINT('Ctrl Pts',(-14.8437371988404,15.851435960194,-16.2));
#6929=CARTESIAN_POINT('Ctrl Pts',(-14.8416140010829,15.964229130608,-16.2));
#6930=CARTESIAN_POINT('Ctrl Pts',(-14.8518920583589,16.1052320706632,-16.2));
#6931=CARTESIAN_POINT('Ctrl Pts',(-14.8945328153738,16.2693702864751,-16.2));
#6932=CARTESIAN_POINT('Ctrl Pts',(-14.9541953837035,16.427680782168,-16.2));
#6933=CARTESIAN_POINT('Ctrl Pts',(-15.0300866171914,16.579067268379,-16.2));
#6934=CARTESIAN_POINT('Ctrl Pts',(-15.1501696960516,16.7700289366195,-16.2));
#6935=CARTESIAN_POINT('Ctrl Pts',(-15.3187088262966,16.9962496534492,-16.2));
#6936=CARTESIAN_POINT('Ctrl Pts',(-15.484855559366,17.291413636552,-16.2));
#6937=CARTESIAN_POINT('Ctrl Pts',(-15.6360790970135,17.5938233257103,-16.2));
#6938=CARTESIAN_POINT('Ctrl Pts',(-15.7711367516566,17.9039718250956,-16.2));
#6939=CARTESIAN_POINT('Ctrl Pts',(-15.8928812996378,18.219493110763,-16.2));
#6940=CARTESIAN_POINT('Ctrl Pts',(-16.0022533734374,18.5395237112327,-16.2));
#6941=CARTESIAN_POINT('Ctrl Pts',(-16.1002418526971,18.8632036850646,-16.2));
#6942=CARTESIAN_POINT('Ctrl Pts',(-16.1876242389529,19.1899076992128,-16.2));
#6943=CARTESIAN_POINT('Ctrl Pts',(-16.2647709930477,19.5191577443386,-16.2));
#6944=CARTESIAN_POINT('Ctrl Pts',(-16.3330728381409,19.850385725992,-16.2));
#6945=CARTESIAN_POINT('Ctrl Pts',(-16.3706586907945,20.072663749605,-16.2));
#6946=CARTESIAN_POINT('Ctrl Pts',(-16.389451550009,20.1838023645177,-16.2));
#6947=CARTESIAN_POINT('',(-20.1838023645177,16.389451550009,0.));
#6948=CARTESIAN_POINT('Ctrl Pts',(-21.0549469853895,15.2541537766746,0.));
#6949=CARTESIAN_POINT('Ctrl Pts',(-21.0549469853895,15.2541537766746,-16.2));
#6950=CARTESIAN_POINT('Ctrl Pts',(-21.0080296871387,15.1516660681091,0.));
#6951=CARTESIAN_POINT('Ctrl Pts',(-21.0080296871387,15.1516660681091,-16.2));
#6952=CARTESIAN_POINT('Ctrl Pts',(-20.9141947555388,14.9466899189779,0.));
#6953=CARTESIAN_POINT('Ctrl Pts',(-20.9141947555388,14.9466899189779,-16.2));
#6954=CARTESIAN_POINT('Ctrl Pts',(-20.7624921294572,14.6444260754351,0.));
#6955=CARTESIAN_POINT('Ctrl Pts',(-20.7624921294572,14.6444260754351,-16.2));
#6956=CARTESIAN_POINT('Ctrl Pts',(-20.6027579049833,14.3463620027688,0.));
#6957=CARTESIAN_POINT('Ctrl Pts',(-20.6027579049833,14.3463620027688,-16.2));
#6958=CARTESIAN_POINT('Ctrl Pts',(-20.4337957803631,14.0534063837203,0.));
#6959=CARTESIAN_POINT('Ctrl Pts',(-20.4337957803631,14.0534063837203,-16.2));
#6960=CARTESIAN_POINT('Ctrl Pts',(-20.2553716358214,13.7661168221765,0.));
#6961=CARTESIAN_POINT('Ctrl Pts',(-20.2553716358214,13.7661168221765,-16.2));
#6962=CARTESIAN_POINT('Ctrl Pts',(-20.0668963106464,13.4852985756818,0.));
#6963=CARTESIAN_POINT('Ctrl Pts',(-20.0668963106464,13.4852985756818,-16.2));
#6964=CARTESIAN_POINT('Ctrl Pts',(-19.8676371896754,13.2120382247666,0.));
#6965=CARTESIAN_POINT('Ctrl Pts',(-19.8676371896754,13.2120382247666,-16.2));
#6966=CARTESIAN_POINT('Ctrl Pts',(-19.6569091745668,12.9474132724341,0.));
#6967=CARTESIAN_POINT('Ctrl Pts',(-19.6569091745668,12.9474132724341,-16.2));
#6968=CARTESIAN_POINT('Ctrl Pts',(-19.4325690670326,12.694447475167,0.));
#6969=CARTESIAN_POINT('Ctrl Pts',(-19.4325690670326,12.694447475167,-16.2));
#6970=CARTESIAN_POINT('Ctrl Pts',(-19.195689586352,12.4523428996975,0.));
#6971=CARTESIAN_POINT('Ctrl Pts',(-19.195689586352,12.4523428996975,-16.2));
#6972=CARTESIAN_POINT('Ctrl Pts',(-18.9743430577957,12.2774516036226,0.));
#6973=CARTESIAN_POINT('Ctrl Pts',(-18.9743430577957,12.2774516036226,-16.2));
#6974=CARTESIAN_POINT('Ctrl Pts',(-18.8089271939992,12.1240765842414,0.));
#6975=CARTESIAN_POINT('Ctrl Pts',(-18.8089271939992,12.1240765842414,-16.2));
#6976=CARTESIAN_POINT('Ctrl Pts',(-18.6964401857817,11.997490564042,0.));
#6977=CARTESIAN_POINT('Ctrl Pts',(-18.6964401857817,11.997490564042,-16.2));
#6978=CARTESIAN_POINT('Ctrl Pts',(-18.5978367988444,11.8600161766431,0.));
#6979=CARTESIAN_POINT('Ctrl Pts',(-18.5978367988444,11.8600161766431,-16.2));
#6980=CARTESIAN_POINT('Ctrl Pts',(-18.5141668941099,11.7125070749224,0.));
#6981=CARTESIAN_POINT('Ctrl Pts',(-18.5141668941099,11.7125070749224,-16.2));
#6982=CARTESIAN_POINT('Ctrl Pts',(-18.4677448068412,11.57896885051,0.));
#6983=CARTESIAN_POINT('Ctrl Pts',(-18.4677448068412,11.57896885051,-16.2));
#6984=CARTESIAN_POINT('Ctrl Pts',(-18.4406026377289,11.469469490162,0.));
#6985=CARTESIAN_POINT('Ctrl Pts',(-18.4406026377289,11.469469490162,-16.2));
#6986=CARTESIAN_POINT('Ctrl Pts',(-18.4311242044434,11.3853482786245,0.));
#6987=CARTESIAN_POINT('Ctrl Pts',(-18.4311242044434,11.3853482786245,-16.2));
#6988=CARTESIAN_POINT('Ctrl Pts',(-18.4258991167965,11.3008134997278,0.));
#6989=CARTESIAN_POINT('Ctrl Pts',(-18.4258991167965,11.3008134997278,-16.2));
#6990=CARTESIAN_POINT('Ctrl Pts',(-18.4330310117001,11.2164573735665,0.));
#6991=CARTESIAN_POINT('Ctrl Pts',(-18.4330310117001,11.2164573735665,-16.2));
#6992=CARTESIAN_POINT('Ctrl Pts',(-18.4437662861153,11.1324442221915,0.));
#6993=CARTESIAN_POINT('Ctrl Pts',(-18.4437662861153,11.1324442221915,-16.2));
#6994=CARTESIAN_POINT('Ctrl Pts',(-18.4675437132102,11.0511538800962,0.));
#6995=CARTESIAN_POINT('Ctrl Pts',(-18.4675437132102,11.0511538800962,-16.2));
#6996=CARTESIAN_POINT('Ctrl Pts',(-18.4950548393912,10.9710715816339,0.));
#6997=CARTESIAN_POINT('Ctrl Pts',(-18.4950548393912,10.9710715816339,-16.2));
#6998=CARTESIAN_POINT('Ctrl Pts',(-18.5476745578479,10.871108990686,0.));
#6999=CARTESIAN_POINT('Ctrl Pts',(-18.5476745578479,10.871108990686,-16.2));
#7000=CARTESIAN_POINT('Ctrl Pts',(-18.6205209227106,10.750562767178,0.));
#7001=CARTESIAN_POINT('Ctrl Pts',(-18.6205209227106,10.750562767178,-16.2));
#7002=CARTESIAN_POINT('Ctrl Pts',(-18.6884938321676,10.6272028528796,0.));
#7003=CARTESIAN_POINT('Ctrl Pts',(-18.6884938321676,10.6272028528796,-16.2));
#7004=CARTESIAN_POINT('Ctrl Pts',(-18.748754116128,10.531651544482,0.));
#7005=CARTESIAN_POINT('Ctrl Pts',(-18.748754116128,10.531651544482,-16.2));
#7006=CARTESIAN_POINT('Ctrl Pts',(-18.8043518578995,10.4677850610915,0.));
#7007=CARTESIAN_POINT('Ctrl Pts',(-18.8043518578995,10.4677850610915,-16.2));
#7008=CARTESIAN_POINT('Ctrl Pts',(-18.8628626456888,10.406548034143,0.));
#7009=CARTESIAN_POINT('Ctrl Pts',(-18.8628626456888,10.406548034143,-16.2));
#7010=CARTESIAN_POINT('Ctrl Pts',(-18.9302525318239,10.3552444380954,0.));
#7011=CARTESIAN_POINT('Ctrl Pts',(-18.9302525318239,10.3552444380954,-16.2));
#7012=CARTESIAN_POINT('Ctrl Pts',(-18.9997411325927,10.3068899728511,0.));
#7013=CARTESIAN_POINT('Ctrl Pts',(-18.9997411325927,10.3068899728511,-16.2));
#7014=CARTESIAN_POINT('Ctrl Pts',(-19.075562942444,10.269147642042,0.));
#7015=CARTESIAN_POINT('Ctrl Pts',(-19.075562942444,10.269147642042,-16.2));
#7016=CARTESIAN_POINT('Ctrl Pts',(-19.1531532652753,10.2352956002865,0.));
#7017=CARTESIAN_POINT('Ctrl Pts',(-19.1531532652753,10.2352956002865,-16.2));
#7018=CARTESIAN_POINT('Ctrl Pts',(-19.261553577591,10.2040517280776,0.));
#7019=CARTESIAN_POINT('Ctrl Pts',(-19.261553577591,10.2040517280776,-16.2));
#7020=CARTESIAN_POINT('Ctrl Pts',(-19.4004121159427,10.1774853227427,0.));
#7021=CARTESIAN_POINT('Ctrl Pts',(-19.4004121159427,10.1774853227427,-16.2));
#7022=CARTESIAN_POINT('Ctrl Pts',(-19.5699936976895,10.1761910349148,0.));
#7023=CARTESIAN_POINT('Ctrl Pts',(-19.5699936976895,10.1761910349148,-16.2));
#7024=CARTESIAN_POINT('Ctrl Pts',(-19.7383517030153,10.1928468792022,0.));
#7025=CARTESIAN_POINT('Ctrl Pts',(-19.7383517030153,10.1928468792022,-16.2));
#7026=CARTESIAN_POINT('Ctrl Pts',(-19.9042219163807,10.2269704758145,0.));
#7027=CARTESIAN_POINT('Ctrl Pts',(-19.9042219163807,10.2269704758145,-16.2));
#7028=CARTESIAN_POINT('Ctrl Pts',(-20.119756511369,10.2935373063607,0.));
#7029=CARTESIAN_POINT('Ctrl Pts',(-20.119756511369,10.2935373063607,-16.2));
#7030=CARTESIAN_POINT('Ctrl Pts',(-20.3818900809488,10.3977833750924,0.));
#7031=CARTESIAN_POINT('Ctrl Pts',(-20.3818900809488,10.3977833750924,-16.2));
#7032=CARTESIAN_POINT('Ctrl Pts',(-20.7099985340181,10.4818747352624,0.));
#7033=CARTESIAN_POINT('Ctrl Pts',(-20.7099985340181,10.4818747352624,-16.2));
#7034=CARTESIAN_POINT('Ctrl Pts',(-21.0412433945071,10.5496760688412,0.));
#7035=CARTESIAN_POINT('Ctrl Pts',(-21.0412433945071,10.5496760688412,-16.2));
#7036=CARTESIAN_POINT('Ctrl Pts',(-21.3757793332567,10.599859407048,0.));
#7037=CARTESIAN_POINT('Ctrl Pts',(-21.3757793332567,10.599859407048,-16.2));
#7038=CARTESIAN_POINT('Ctrl Pts',(-21.7120592994817,10.635792692287,0.));
#7039=CARTESIAN_POINT('Ctrl Pts',(-21.7120592994817,10.635792692287,-16.2));
#7040=CARTESIAN_POINT('Ctrl Pts',(-22.0494926973798,10.6586079886278,0.));
#7041=CARTESIAN_POINT('Ctrl Pts',(-22.0494926973798,10.6586079886278,-16.2));
#7042=CARTESIAN_POINT('Ctrl Pts',(-22.3875048281897,10.6694830496775,0.));
#7043=CARTESIAN_POINT('Ctrl Pts',(-22.3875048281897,10.6694830496775,-16.2));
#7044=CARTESIAN_POINT('Ctrl Pts',(-22.7256928987773,10.6693307323517,0.));
#7045=CARTESIAN_POINT('Ctrl Pts',(-22.7256928987773,10.6693307323517,-16.2));
#7046=CARTESIAN_POINT('Ctrl Pts',(-23.0636910698987,10.6586325922669,0.));
#7047=CARTESIAN_POINT('Ctrl Pts',(-23.0636910698987,10.6586325922669,-16.2));
#7048=CARTESIAN_POINT('Ctrl Pts',(-23.4013105500931,10.6388789985028,0.));
#7049=CARTESIAN_POINT('Ctrl Pts',(-23.4013105500931,10.6388789985028,-16.2));
#7050=CARTESIAN_POINT('Ctrl Pts',(-23.6257425682105,10.6176543584652,0.));
#7051=CARTESIAN_POINT('Ctrl Pts',(-23.6257425682105,10.6176543584652,-16.2));
#7052=CARTESIAN_POINT('Ctrl Pts',(-23.7379581765293,10.6070420763446,0.));
#7053=CARTESIAN_POINT('Ctrl Pts',(-23.7379581765293,10.6070420763446,-16.2));
#7054=CARTESIAN_POINT('',(-21.0549469853895,15.2541537766746,-16.2));
#7055=CARTESIAN_POINT('',(-21.0549469853895,15.2541537766746,0.));
#7056=CARTESIAN_POINT('',(-23.7379581765293,10.6070420763446,-16.2));
#7057=CARTESIAN_POINT('Ctrl Pts',(-23.7379581765293,10.6070420763446,-16.2));
#7058=CARTESIAN_POINT('Ctrl Pts',(-23.6257425682105,10.6176543584652,-16.2));
#7059=CARTESIAN_POINT('Ctrl Pts',(-23.4013105500931,10.6388789985028,-16.2));
#7060=CARTESIAN_POINT('Ctrl Pts',(-23.0636910698987,10.6586325922669,-16.2));
#7061=CARTESIAN_POINT('Ctrl Pts',(-22.7256928987773,10.6693307323517,-16.2));
#7062=CARTESIAN_POINT('Ctrl Pts',(-22.3875048281897,10.6694830496775,-16.2));
#7063=CARTESIAN_POINT('Ctrl Pts',(-22.0494926973798,10.6586079886278,-16.2));
#7064=CARTESIAN_POINT('Ctrl Pts',(-21.7120592994817,10.635792692287,-16.2));
#7065=CARTESIAN_POINT('Ctrl Pts',(-21.3757793332567,10.599859407048,-16.2));
#7066=CARTESIAN_POINT('Ctrl Pts',(-21.0412433945071,10.5496760688412,-16.2));
#7067=CARTESIAN_POINT('Ctrl Pts',(-20.7099985340181,10.4818747352624,-16.2));
#7068=CARTESIAN_POINT('Ctrl Pts',(-20.3818900809488,10.3977833750924,-16.2));
#7069=CARTESIAN_POINT('Ctrl Pts',(-20.119756511369,10.2935373063607,-16.2));
#7070=CARTESIAN_POINT('Ctrl Pts',(-19.9042219163807,10.2269704758145,-16.2));
#7071=CARTESIAN_POINT('Ctrl Pts',(-19.7383517030153,10.1928468792022,-16.2));
#7072=CARTESIAN_POINT('Ctrl Pts',(-19.5699936976895,10.1761910349148,-16.2));
#7073=CARTESIAN_POINT('Ctrl Pts',(-19.4004121159427,10.1774853227427,-16.2));
#7074=CARTESIAN_POINT('Ctrl Pts',(-19.261553577591,10.2040517280776,-16.2));
#7075=CARTESIAN_POINT('Ctrl Pts',(-19.1531532652753,10.2352956002865,-16.2));
#7076=CARTESIAN_POINT('Ctrl Pts',(-19.075562942444,10.269147642042,-16.2));
#7077=CARTESIAN_POINT('Ctrl Pts',(-18.9997411325927,10.3068899728511,-16.2));
#7078=CARTESIAN_POINT('Ctrl Pts',(-18.9302525318239,10.3552444380954,-16.2));
#7079=CARTESIAN_POINT('Ctrl Pts',(-18.8628626456888,10.406548034143,-16.2));
#7080=CARTESIAN_POINT('Ctrl Pts',(-18.8043518578995,10.4677850610915,-16.2));
#7081=CARTESIAN_POINT('Ctrl Pts',(-18.748754116128,10.531651544482,-16.2));
#7082=CARTESIAN_POINT('Ctrl Pts',(-18.6884938321676,10.6272028528796,-16.2));
#7083=CARTESIAN_POINT('Ctrl Pts',(-18.6205209227106,10.750562767178,-16.2));
#7084=CARTESIAN_POINT('Ctrl Pts',(-18.5476745578479,10.871108990686,-16.2));
#7085=CARTESIAN_POINT('Ctrl Pts',(-18.4950548393912,10.9710715816339,-16.2));
#7086=CARTESIAN_POINT('Ctrl Pts',(-18.4675437132102,11.0511538800962,-16.2));
#7087=CARTESIAN_POINT('Ctrl Pts',(-18.4437662861153,11.1324442221915,-16.2));
#7088=CARTESIAN_POINT('Ctrl Pts',(-18.4330310117001,11.2164573735665,-16.2));
#7089=CARTESIAN_POINT('Ctrl Pts',(-18.4258991167965,11.3008134997278,-16.2));
#7090=CARTESIAN_POINT('Ctrl Pts',(-18.4311242044434,11.3853482786245,-16.2));
#7091=CARTESIAN_POINT('Ctrl Pts',(-18.4406026377289,11.469469490162,-16.2));
#7092=CARTESIAN_POINT('Ctrl Pts',(-18.4677448068412,11.57896885051,-16.2));
#7093=CARTESIAN_POINT('Ctrl Pts',(-18.5141668941099,11.7125070749224,-16.2));
#7094=CARTESIAN_POINT('Ctrl Pts',(-18.5978367988444,11.8600161766431,-16.2));
#7095=CARTESIAN_POINT('Ctrl Pts',(-18.6964401857817,11.997490564042,-16.2));
#7096=CARTESIAN_POINT('Ctrl Pts',(-18.8089271939992,12.1240765842414,-16.2));
#7097=CARTESIAN_POINT('Ctrl Pts',(-18.9743430577957,12.2774516036226,-16.2));
#7098=CARTESIAN_POINT('Ctrl Pts',(-19.195689586352,12.4523428996975,-16.2));
#7099=CARTESIAN_POINT('Ctrl Pts',(-19.4325690670326,12.694447475167,-16.2));
#7100=CARTESIAN_POINT('Ctrl Pts',(-19.6569091745668,12.9474132724341,-16.2));
#7101=CARTESIAN_POINT('Ctrl Pts',(-19.8676371896754,13.2120382247666,-16.2));
#7102=CARTESIAN_POINT('Ctrl Pts',(-20.0668963106464,13.4852985756818,-16.2));
#7103=CARTESIAN_POINT('Ctrl Pts',(-20.2553716358214,13.7661168221765,-16.2));
#7104=CARTESIAN_POINT('Ctrl Pts',(-20.4337957803631,14.0534063837203,-16.2));
#7105=CARTESIAN_POINT('Ctrl Pts',(-20.6027579049833,14.3463620027688,-16.2));
#7106=CARTESIAN_POINT('Ctrl Pts',(-20.7624921294572,14.6444260754351,-16.2));
#7107=CARTESIAN_POINT('Ctrl Pts',(-20.9141947555388,14.9466899189779,-16.2));
#7108=CARTESIAN_POINT('Ctrl Pts',(-21.0080296871387,15.1516660681091,-16.2));
#7109=CARTESIAN_POINT('Ctrl Pts',(-21.0549469853895,15.2541537766746,-16.2));
#7110=CARTESIAN_POINT('',(-23.7379581765293,10.6070420763446,0.));
#7111=CARTESIAN_POINT('Ctrl Pts',(-24.2855825786608,9.28495981763223,0.));
#7112=CARTESIAN_POINT('Ctrl Pts',(-24.2855825786608,9.28495981763223,-16.2));
#7113=CARTESIAN_POINT('Ctrl Pts',(-24.213738177715,9.19810738338367,0.));
#7114=CARTESIAN_POINT('Ctrl Pts',(-24.213738177715,9.19810738338367,-16.2));
#7115=CARTESIAN_POINT('Ctrl Pts',(-24.0700488626876,9.02440189455858,0.));
#7116=CARTESIAN_POINT('Ctrl Pts',(-24.0700488626876,9.02440189455858,-16.2));
#7117=CARTESIAN_POINT('Ctrl Pts',(-23.8452837388848,8.77170097054913,0.));
#7118=CARTESIAN_POINT('Ctrl Pts',(-23.8452837388848,8.77170097054913,-16.2));
#7119=CARTESIAN_POINT('Ctrl Pts',(-23.6138476674563,8.52513544432039,0.));
#7120=CARTESIAN_POINT('Ctrl Pts',(-23.6138476674563,8.52513544432039,-16.2));
#7121=CARTESIAN_POINT('Ctrl Pts',(-23.3748202940414,8.28589266167758,0.));
#7122=CARTESIAN_POINT('Ctrl Pts',(-23.3748202940414,8.28589266167758,-16.2));
#7123=CARTESIAN_POINT('Ctrl Pts',(-23.1281197948084,8.05457182127271,0.));
#7124=CARTESIAN_POINT('Ctrl Pts',(-23.1281197948084,8.05457182127271,-16.2));
#7125=CARTESIAN_POINT('Ctrl Pts',(-22.8733855001985,7.83210322817745,0.));
#7126=CARTESIAN_POINT('Ctrl Pts',(-22.8733855001985,7.83210322817745,-16.2));
#7127=CARTESIAN_POINT('Ctrl Pts',(-22.6101909860408,7.61972605334536,0.));
#7128=CARTESIAN_POINT('Ctrl Pts',(-22.6101909860408,7.61972605334536,-16.2));
#7129=CARTESIAN_POINT('Ctrl Pts',(-22.3381533764517,7.41865840125357,0.));
#7130=CARTESIAN_POINT('Ctrl Pts',(-22.3381533764517,7.41865840125357,-16.2));
#7131=CARTESIAN_POINT('Ctrl Pts',(-22.0559851066197,7.23237569691566,0.));
#7132=CARTESIAN_POINT('Ctrl Pts',(-22.0559851066197,7.23237569691566,-16.2));
#7133=CARTESIAN_POINT('Ctrl Pts',(-21.7645158234744,7.05982955580114,0.));
#7134=CARTESIAN_POINT('Ctrl Pts',(-21.7645158234744,7.05982955580114,-16.2));
#7135=CARTESIAN_POINT('Ctrl Pts',(-21.5054462967356,6.94818623328686,0.));
#7136=CARTESIAN_POINT('Ctrl Pts',(-21.5054462967356,6.94818623328686,-16.2));
#7137=CARTESIAN_POINT('Ctrl Pts',(-21.3059704657578,6.8428501168716,0.));
#7138=CARTESIAN_POINT('Ctrl Pts',(-21.3059704657578,6.8428501168716,-16.2));
#7139=CARTESIAN_POINT('Ctrl Pts',(-21.1645534865272,6.74969119076715,0.));
#7140=CARTESIAN_POINT('Ctrl Pts',(-21.1645534865272,6.74969119076715,-16.2));
#7141=CARTESIAN_POINT('Ctrl Pts',(-21.0337289388522,6.64242156397624,0.));
#7142=CARTESIAN_POINT('Ctrl Pts',(-21.0337289388522,6.64242156397624,-16.2));
#7143=CARTESIAN_POINT('Ctrl Pts',(-20.9147318521348,6.52159407785878,0.));
#7144=CARTESIAN_POINT('Ctrl Pts',(-20.9147318521348,6.52159407785878,-16.2));
#7145=CARTESIAN_POINT('Ctrl Pts',(-20.8353293234046,6.40462097840062,0.));
#7146=CARTESIAN_POINT('Ctrl Pts',(-20.8353293234046,6.40462097840062,-16.2));
#7147=CARTESIAN_POINT('Ctrl Pts',(-20.7807714813929,6.30587762857001,0.));
#7148=CARTESIAN_POINT('Ctrl Pts',(-20.7807714813929,6.30587762857001,-16.2));
#7149=CARTESIAN_POINT('Ctrl Pts',(-20.7498438462467,6.22707597685917,0.));
#7150=CARTESIAN_POINT('Ctrl Pts',(-20.7498438462467,6.22707597685917,-16.2));
#7151=CARTESIAN_POINT('Ctrl Pts',(-20.7229175883919,6.1467740028986,0.));
#7152=CARTESIAN_POINT('Ctrl Pts',(-20.7229175883919,6.1467740028986,-16.2));
#7153=CARTESIAN_POINT('Ctrl Pts',(-20.707973497848,6.06344637180492,0.));
#7154=CARTESIAN_POINT('Ctrl Pts',(-20.707973497848,6.06344637180492,-16.2));
#7155=CARTESIAN_POINT('Ctrl Pts',(-20.6965987730431,5.97951740567088,0.));
#7156=CARTESIAN_POINT('Ctrl Pts',(-20.6965987730431,5.97951740567088,-16.2));
#7157=CARTESIAN_POINT('Ctrl Pts',(-20.6985265152396,5.89484291383747,0.));
#7158=CARTESIAN_POINT('Ctrl Pts',(-20.6985265152396,5.89484291383747,-16.2));
#7159=CARTESIAN_POINT('Ctrl Pts',(-20.7043733985104,5.81036895011626,0.));
#7160=CARTESIAN_POINT('Ctrl Pts',(-20.7043733985104,5.81036895011626,-16.2));
#7161=CARTESIAN_POINT('Ctrl Pts',(-20.7293279212047,5.70019351657237,0.));
#7162=CARTESIAN_POINT('Ctrl Pts',(-20.7293279212047,5.70019351657237,-16.2));
#7163=CARTESIAN_POINT('Ctrl Pts',(-20.7684924479179,5.56490077943146,0.));
#7164=CARTESIAN_POINT('Ctrl Pts',(-20.7684924479179,5.56490077943146,-16.2));
#7165=CARTESIAN_POINT('Ctrl Pts',(-20.8022213414277,5.42815156876336,0.));
#7166=CARTESIAN_POINT('Ctrl Pts',(-20.8022213414277,5.42815156876336,-16.2));
#7167=CARTESIAN_POINT('Ctrl Pts',(-20.8356978076068,5.32025958309415,0.));
#7168=CARTESIAN_POINT('Ctrl Pts',(-20.8356978076068,5.32025958309415,-16.2));
#7169=CARTESIAN_POINT('Ctrl Pts',(-20.8728712400221,5.24417954291785,0.));
#7170=CARTESIAN_POINT('Ctrl Pts',(-20.8728712400221,5.24417954291785,-16.2));
#7171=CARTESIAN_POINT('Ctrl Pts',(-20.9135390122246,5.16988541083931,0.));
#7172=CARTESIAN_POINT('Ctrl Pts',(-20.9135390122246,5.16988541083931,-16.2));
#7173=CARTESIAN_POINT('Ctrl Pts',(-20.9653542959338,5.10288815645633,0.));
#7174=CARTESIAN_POINT('Ctrl Pts',(-20.9653542959338,5.10288815645633,-16.2));
#7175=CARTESIAN_POINT('Ctrl Pts',(-21.019960073528,5.03819635636399,0.));
#7176=CARTESIAN_POINT('Ctrl Pts',(-21.019960073528,5.03819635636399,-16.2));
#7177=CARTESIAN_POINT('Ctrl Pts',(-21.0834298838394,4.98211593586746,0.));
#7178=CARTESIAN_POINT('Ctrl Pts',(-21.0834298838394,4.98211593586746,-16.2));
#7179=CARTESIAN_POINT('Ctrl Pts',(-21.1496148274104,4.92933552119881,0.));
#7180=CARTESIAN_POINT('Ctrl Pts',(-21.1496148274104,4.92933552119881,-16.2));
#7181=CARTESIAN_POINT('Ctrl Pts',(-21.2462349794835,4.87110019279657,0.));
#7182=CARTESIAN_POINT('Ctrl Pts',(-21.2462349794835,4.87110019279657,-16.2));
#7183=CARTESIAN_POINT('Ctrl Pts',(-21.3734861362176,4.80949978147147,0.));
#7184=CARTESIAN_POINT('Ctrl Pts',(-21.3734861362176,4.80949978147147,-16.2));
#7185=CARTESIAN_POINT('Ctrl Pts',(-21.5369543793501,4.76435865237711,0.));
#7186=CARTESIAN_POINT('Ctrl Pts',(-21.5369543793501,4.76435865237711,-16.2));
#7187=CARTESIAN_POINT('Ctrl Pts',(-21.7038865744706,4.73687270435917,0.));
#7188=CARTESIAN_POINT('Ctrl Pts',(-21.7038865744706,4.73687270435917,-16.2));
#7189=CARTESIAN_POINT('Ctrl Pts',(-21.872936734063,4.72690319737875,0.));
#7190=CARTESIAN_POINT('Ctrl Pts',(-21.872936734063,4.72690319737875,-16.2));
#7191=CARTESIAN_POINT('Ctrl Pts',(-22.0983559293384,4.73541736011603,0.));
#7192=CARTESIAN_POINT('Ctrl Pts',(-22.0983559293384,4.73541736011603,-16.2));
#7193=CARTESIAN_POINT('Ctrl Pts',(-22.3785383820977,4.76826617002514,0.));
#7194=CARTESIAN_POINT('Ctrl Pts',(-22.3785383820977,4.76826617002514,-16.2));
#7195=CARTESIAN_POINT('Ctrl Pts',(-22.7172312562817,4.76457147006768,0.));
#7196=CARTESIAN_POINT('Ctrl Pts',(-22.7172312562817,4.76457147006768,-16.2));
#7197=CARTESIAN_POINT('Ctrl Pts',(-23.0547374982671,4.74433005074136,0.));
#7198=CARTESIAN_POINT('Ctrl Pts',(-23.0547374982671,4.74433005074136,-16.2));
#7199=CARTESIAN_POINT('Ctrl Pts',(-23.3908628050019,4.70621916094513,0.));
#7200=CARTESIAN_POINT('Ctrl Pts',(-23.3908628050019,4.70621916094513,-16.2));
#7201=CARTESIAN_POINT('Ctrl Pts',(-23.7249845278152,4.65389238943544,0.));
#7202=CARTESIAN_POINT('Ctrl Pts',(-23.7249845278152,4.65389238943544,-16.2));
#7203=CARTESIAN_POINT('Ctrl Pts',(-24.0568251947101,4.58859608357571,0.));
#7204=CARTESIAN_POINT('Ctrl Pts',(-24.0568251947101,4.58859608357571,-16.2));
#7205=CARTESIAN_POINT('Ctrl Pts',(-24.3861345143747,4.51161660897683,0.));
#7206=CARTESIAN_POINT('Ctrl Pts',(-24.3861345143747,4.51161660897683,-16.2));
#7207=CARTESIAN_POINT('Ctrl Pts',(-24.7127596832733,4.42393996824351,0.));
#7208=CARTESIAN_POINT('Ctrl Pts',(-24.7127596832733,4.42393996824351,-16.2));
#7209=CARTESIAN_POINT('Ctrl Pts',(-25.0364719635968,4.32612599454625,0.));
#7210=CARTESIAN_POINT('Ctrl Pts',(-25.0364719635968,4.32612599454625,-16.2));
#7211=CARTESIAN_POINT('Ctrl Pts',(-25.3574747326995,4.21966313669563,0.));
#7212=CARTESIAN_POINT('Ctrl Pts',(-25.3574747326995,4.21966313669563,-16.2));
#7213=CARTESIAN_POINT('Ctrl Pts',(-25.5687660741782,4.14107442811002,0.));
#7214=CARTESIAN_POINT('Ctrl Pts',(-25.5687660741782,4.14107442811002,-16.2));
#7215=CARTESIAN_POINT('Ctrl Pts',(-25.6744113676412,4.10178021414316,0.));
#7216=CARTESIAN_POINT('Ctrl Pts',(-25.6744113676412,4.10178021414316,-16.2));
#7217=CARTESIAN_POINT('',(-24.2855825786608,9.28495981763223,-16.2));
#7218=CARTESIAN_POINT('',(-24.2855825786608,9.28495981763223,0.));
#7219=CARTESIAN_POINT('',(-25.6744113676412,4.10178021414316,-16.2));
#7220=CARTESIAN_POINT('Ctrl Pts',(-25.6744113676412,4.10178021414316,-16.2));
#7221=CARTESIAN_POINT('Ctrl Pts',(-25.5687660741782,4.14107442811002,-16.2));
#7222=CARTESIAN_POINT('Ctrl Pts',(-25.3574747326995,4.21966313669563,-16.2));
#7223=CARTESIAN_POINT('Ctrl Pts',(-25.0364719635968,4.32612599454625,-16.2));
#7224=CARTESIAN_POINT('Ctrl Pts',(-24.7127596832733,4.42393996824351,-16.2));
#7225=CARTESIAN_POINT('Ctrl Pts',(-24.3861345143747,4.51161660897683,-16.2));
#7226=CARTESIAN_POINT('Ctrl Pts',(-24.0568251947101,4.58859608357571,-16.2));
#7227=CARTESIAN_POINT('Ctrl Pts',(-23.7249845278152,4.65389238943544,-16.2));
#7228=CARTESIAN_POINT('Ctrl Pts',(-23.3908628050019,4.70621916094513,-16.2));
#7229=CARTESIAN_POINT('Ctrl Pts',(-23.0547374982671,4.74433005074136,-16.2));
#7230=CARTESIAN_POINT('Ctrl Pts',(-22.7172312562817,4.76457147006768,-16.2));
#7231=CARTESIAN_POINT('Ctrl Pts',(-22.3785383820977,4.76826617002514,-16.2));
#7232=CARTESIAN_POINT('Ctrl Pts',(-22.0983559293384,4.73541736011603,-16.2));
#7233=CARTESIAN_POINT('Ctrl Pts',(-21.872936734063,4.72690319737875,-16.2));
#7234=CARTESIAN_POINT('Ctrl Pts',(-21.7038865744706,4.73687270435917,-16.2));
#7235=CARTESIAN_POINT('Ctrl Pts',(-21.5369543793501,4.76435865237711,-16.2));
#7236=CARTESIAN_POINT('Ctrl Pts',(-21.3734861362176,4.80949978147147,-16.2));
#7237=CARTESIAN_POINT('Ctrl Pts',(-21.2462349794835,4.87110019279657,-16.2));
#7238=CARTESIAN_POINT('Ctrl Pts',(-21.1496148274104,4.92933552119881,-16.2));
#7239=CARTESIAN_POINT('Ctrl Pts',(-21.0834298838394,4.98211593586746,-16.2));
#7240=CARTESIAN_POINT('Ctrl Pts',(-21.019960073528,5.03819635636399,-16.2));
#7241=CARTESIAN_POINT('Ctrl Pts',(-20.9653542959338,5.10288815645633,-16.2));
#7242=CARTESIAN_POINT('Ctrl Pts',(-20.9135390122246,5.16988541083931,-16.2));
#7243=CARTESIAN_POINT('Ctrl Pts',(-20.8728712400221,5.24417954291785,-16.2));
#7244=CARTESIAN_POINT('Ctrl Pts',(-20.8356978076068,5.32025958309415,-16.2));
#7245=CARTESIAN_POINT('Ctrl Pts',(-20.8022213414277,5.42815156876336,-16.2));
#7246=CARTESIAN_POINT('Ctrl Pts',(-20.7684924479179,5.56490077943146,-16.2));
#7247=CARTESIAN_POINT('Ctrl Pts',(-20.7293279212047,5.70019351657237,-16.2));
#7248=CARTESIAN_POINT('Ctrl Pts',(-20.7043733985104,5.81036895011626,-16.2));
#7249=CARTESIAN_POINT('Ctrl Pts',(-20.6985265152396,5.89484291383747,-16.2));
#7250=CARTESIAN_POINT('Ctrl Pts',(-20.6965987730431,5.97951740567088,-16.2));
#7251=CARTESIAN_POINT('Ctrl Pts',(-20.707973497848,6.06344637180492,-16.2));
#7252=CARTESIAN_POINT('Ctrl Pts',(-20.7229175883919,6.1467740028986,-16.2));
#7253=CARTESIAN_POINT('Ctrl Pts',(-20.7498438462467,6.22707597685917,-16.2));
#7254=CARTESIAN_POINT('Ctrl Pts',(-20.7807714813929,6.30587762857001,-16.2));
#7255=CARTESIAN_POINT('Ctrl Pts',(-20.8353293234046,6.40462097840062,-16.2));
#7256=CARTESIAN_POINT('Ctrl Pts',(-20.9147318521348,6.52159407785878,-16.2));
#7257=CARTESIAN_POINT('Ctrl Pts',(-21.0337289388522,6.64242156397624,-16.2));
#7258=CARTESIAN_POINT('Ctrl Pts',(-21.1645534865272,6.74969119076715,-16.2));
#7259=CARTESIAN_POINT('Ctrl Pts',(-21.3059704657578,6.8428501168716,-16.2));
#7260=CARTESIAN_POINT('Ctrl Pts',(-21.5054462967356,6.94818623328686,-16.2));
#7261=CARTESIAN_POINT('Ctrl Pts',(-21.7645158234744,7.05982955580114,-16.2));
#7262=CARTESIAN_POINT('Ctrl Pts',(-22.0559851066197,7.23237569691566,-16.2));
#7263=CARTESIAN_POINT('Ctrl Pts',(-22.3381533764517,7.41865840125357,-16.2));
#7264=CARTESIAN_POINT('Ctrl Pts',(-22.6101909860408,7.61972605334536,-16.2));
#7265=CARTESIAN_POINT('Ctrl Pts',(-22.8733855001985,7.83210322817745,-16.2));
#7266=CARTESIAN_POINT('Ctrl Pts',(-23.1281197948084,8.05457182127271,-16.2));
#7267=CARTESIAN_POINT('Ctrl Pts',(-23.3748202940414,8.28589266167758,-16.2));
#7268=CARTESIAN_POINT('Ctrl Pts',(-23.6138476674563,8.52513544432039,-16.2));
#7269=CARTESIAN_POINT('Ctrl Pts',(-23.8452837388848,8.77170097054913,-16.2));
#7270=CARTESIAN_POINT('Ctrl Pts',(-24.0700488626876,9.02440189455858,-16.2));
#7271=CARTESIAN_POINT('Ctrl Pts',(-24.213738177715,9.19810738338367,-16.2));
#7272=CARTESIAN_POINT('Ctrl Pts',(-24.2855825786608,9.28495981763223,-16.2));
#7273=CARTESIAN_POINT('',(-25.6744113676412,4.10178021414316,0.));
#7274=CARTESIAN_POINT('Ctrl Pts',(-25.8611958530192,2.6830111911398,0.));
#7275=CARTESIAN_POINT('Ctrl Pts',(-25.8611958530192,2.6830111911398,-16.2));
#7276=CARTESIAN_POINT('Ctrl Pts',(-25.7693204265744,2.6177128810718,0.));
#7277=CARTESIAN_POINT('Ctrl Pts',(-25.7693204265744,2.6177128810718,-16.2));
#7278=CARTESIAN_POINT('Ctrl Pts',(-25.5855689174808,2.48711579455431,0.));
#7279=CARTESIAN_POINT('Ctrl Pts',(-25.5855689174808,2.48711579455431,-16.2));
#7280=CARTESIAN_POINT('Ctrl Pts',(-25.303058667702,2.30119894044146,0.));
#7281=CARTESIAN_POINT('Ctrl Pts',(-25.303058667702,2.30119894044146,-16.2));
#7282=CARTESIAN_POINT('Ctrl Pts',(-25.0156927351206,2.12293499379397,0.));
#7283=CARTESIAN_POINT('Ctrl Pts',(-25.0156927351206,2.12293499379397,-16.2));
#7284=CARTESIAN_POINT('Ctrl Pts',(-24.7228894333978,1.95370904782662,0.));
#7285=CARTESIAN_POINT('Ctrl Pts',(-24.7228894333978,1.95370904782662,-16.2));
#7286=CARTESIAN_POINT('Ctrl Pts',(-24.4247248108043,1.79412106155848,0.));
#7287=CARTESIAN_POINT('Ctrl Pts',(-24.4247248108043,1.79412106155848,-16.2));
#7288=CARTESIAN_POINT('Ctrl Pts',(-24.1210912679689,1.64516298883537,0.));
#7289=CARTESIAN_POINT('Ctrl Pts',(-24.1210912679689,1.64516298883537,-16.2));
#7290=CARTESIAN_POINT('Ctrl Pts',(-23.8118976318147,1.50814214358127,0.));
#7291=CARTESIAN_POINT('Ctrl Pts',(-23.8118976318147,1.50814214358127,-16.2));
#7292=CARTESIAN_POINT('Ctrl Pts',(-23.4970893412753,1.38433421994033,0.));
#7293=CARTESIAN_POINT('Ctrl Pts',(-23.4970893412753,1.38433421994033,-16.2));
#7294=CARTESIAN_POINT('Ctrl Pts',(-23.1763222104294,1.27742946698552,0.));
#7295=CARTESIAN_POINT('Ctrl Pts',(-23.1763222104294,1.27742946698552,-16.2));
#7296=CARTESIAN_POINT('Ctrl Pts',(-22.85012627479,1.18620049459687,0.));
#7297=CARTESIAN_POINT('Ctrl Pts',(-22.85012627479,1.18620049459687,-16.2));
#7298=CARTESIAN_POINT('Ctrl Pts',(-22.5709889099833,1.1454134535733,0.));
#7299=CARTESIAN_POINT('Ctrl Pts',(-22.5709889099833,1.1454134535733,-16.2));
#7300=CARTESIAN_POINT('Ctrl Pts',(-22.351047060056,1.09529472238151,0.));
#7301=CARTESIAN_POINT('Ctrl Pts',(-22.351047060056,1.09529472238151,-16.2));
#7302=CARTESIAN_POINT('Ctrl Pts',(-22.1903374432442,1.04191151723362,0.));
#7303=CARTESIAN_POINT('Ctrl Pts',(-22.1903374432442,1.04191151723362,-16.2));
#7304=CARTESIAN_POINT('Ctrl Pts',(-22.0362072115579,0.97215689884509,0.));
#7305=CARTESIAN_POINT('Ctrl Pts',(-22.0362072115579,0.97215689884509,-16.2));
#7306=CARTESIAN_POINT('Ctrl Pts',(-21.8899923976652,0.886245221832851,0.));
#7307=CARTESIAN_POINT('Ctrl Pts',(-21.8899923976652,0.886245221832851,-16.2));
#7308=CARTESIAN_POINT('Ctrl Pts',(-21.7830205785876,0.79380877074981,0.));
#7309=CARTESIAN_POINT('Ctrl Pts',(-21.7830205785876,0.79380877074981,-16.2));
#7310=CARTESIAN_POINT('Ctrl Pts',(-21.7047650904486,0.712550627546447,0.));
#7311=CARTESIAN_POINT('Ctrl Pts',(-21.7047650904486,0.712550627546447,-16.2));
#7312=CARTESIAN_POINT('Ctrl Pts',(-21.6544959206665,0.644438738000521,0.));
#7313=CARTESIAN_POINT('Ctrl Pts',(-21.6544959206665,0.644438738000521,-16.2));
#7314=CARTESIAN_POINT('Ctrl Pts',(-21.6077034725789,0.573842015796179,0.));
#7315=CARTESIAN_POINT('Ctrl Pts',(-21.6077034725789,0.573842015796179,-16.2));
#7316=CARTESIAN_POINT('Ctrl Pts',(-21.5717018116619,0.497221520123798,0.));
#7317=CARTESIAN_POINT('Ctrl Pts',(-21.5717018116619,0.497221520123798,-16.2));
#7318=CARTESIAN_POINT('Ctrl Pts',(-21.5389922563346,0.419096359573501,0.));
#7319=CARTESIAN_POINT('Ctrl Pts',(-21.5389922563346,0.419096359573501,-16.2));
#7320=CARTESIAN_POINT('Ctrl Pts',(-21.5189389411877,0.336808144689218,0.));
#7321=CARTESIAN_POINT('Ctrl Pts',(-21.5189389411877,0.336808144689218,-16.2));
#7322=CARTESIAN_POINT('Ctrl Pts',(-21.502723126116,0.253699276736901,0.));
#7323=CARTESIAN_POINT('Ctrl Pts',(-21.502723126116,0.253699276736901,-16.2));
#7324=CARTESIAN_POINT('Ctrl Pts',(-21.4983118435656,0.140819274319536,0.));
#7325=CARTESIAN_POINT('Ctrl Pts',(-21.4983118435656,0.140819274319536,-16.2));
#7326=CARTESIAN_POINT('Ctrl Pts',(-21.5011255343561,-6.66133814775094E-15,
0.));
#7327=CARTESIAN_POINT('Ctrl Pts',(-21.5011255343561,-6.66133814775094E-15,
-16.2));
#7328=CARTESIAN_POINT('Ctrl Pts',(-21.4983118435657,-0.140819274319537,
0.));
#7329=CARTESIAN_POINT('Ctrl Pts',(-21.4983118435657,-0.140819274319537,
-16.2));
#7330=CARTESIAN_POINT('Ctrl Pts',(-21.5027231261159,-0.253699276736922,
0.));
#7331=CARTESIAN_POINT('Ctrl Pts',(-21.5027231261159,-0.253699276736922,
-16.2));
#7332=CARTESIAN_POINT('Ctrl Pts',(-21.5189389411878,-0.336808144689216,
0.));
#7333=CARTESIAN_POINT('Ctrl Pts',(-21.5189389411878,-0.336808144689216,
-16.2));
#7334=CARTESIAN_POINT('Ctrl Pts',(-21.5389922563346,-0.419096359573514,
0.));
#7335=CARTESIAN_POINT('Ctrl Pts',(-21.5389922563346,-0.419096359573514,
-16.2));
#7336=CARTESIAN_POINT('Ctrl Pts',(-21.5717018116619,-0.497221520123813,
0.));
#7337=CARTESIAN_POINT('Ctrl Pts',(-21.5717018116619,-0.497221520123813,
-16.2));
#7338=CARTESIAN_POINT('Ctrl Pts',(-21.6077034725789,-0.573842015796178,
0.));
#7339=CARTESIAN_POINT('Ctrl Pts',(-21.6077034725789,-0.573842015796178,
-16.2));
#7340=CARTESIAN_POINT('Ctrl Pts',(-21.6544959206665,-0.644438738000545,
0.));
#7341=CARTESIAN_POINT('Ctrl Pts',(-21.6544959206665,-0.644438738000545,
-16.2));
#7342=CARTESIAN_POINT('Ctrl Pts',(-21.7047650904486,-0.712550627546455,
0.));
#7343=CARTESIAN_POINT('Ctrl Pts',(-21.7047650904486,-0.712550627546455,
-16.2));
#7344=CARTESIAN_POINT('Ctrl Pts',(-21.7830205785876,-0.793808770749816,
0.));
#7345=CARTESIAN_POINT('Ctrl Pts',(-21.7830205785876,-0.793808770749816,
-16.2));
#7346=CARTESIAN_POINT('Ctrl Pts',(-21.8899923976652,-0.886245221832883,
0.));
#7347=CARTESIAN_POINT('Ctrl Pts',(-21.8899923976652,-0.886245221832883,
-16.2));
#7348=CARTESIAN_POINT('Ctrl Pts',(-22.0362072115578,-0.972156898845091,
0.));
#7349=CARTESIAN_POINT('Ctrl Pts',(-22.0362072115578,-0.972156898845091,
-16.2));
#7350=CARTESIAN_POINT('Ctrl Pts',(-22.1903374432442,-1.04191151723363,0.));
#7351=CARTESIAN_POINT('Ctrl Pts',(-22.1903374432442,-1.04191151723363,-16.2));
#7352=CARTESIAN_POINT('Ctrl Pts',(-22.351047060056,-1.09529472238152,0.));
#7353=CARTESIAN_POINT('Ctrl Pts',(-22.351047060056,-1.09529472238152,-16.2));
#7354=CARTESIAN_POINT('Ctrl Pts',(-22.5709889099833,-1.14541345357331,0.));
#7355=CARTESIAN_POINT('Ctrl Pts',(-22.5709889099833,-1.14541345357331,-16.2));
#7356=CARTESIAN_POINT('Ctrl Pts',(-22.85012627479,-1.1862004945969,0.));
#7357=CARTESIAN_POINT('Ctrl Pts',(-22.85012627479,-1.1862004945969,-16.2));
#7358=CARTESIAN_POINT('Ctrl Pts',(-23.1763222104294,-1.27742946698552,0.));
#7359=CARTESIAN_POINT('Ctrl Pts',(-23.1763222104294,-1.27742946698552,-16.2));
#7360=CARTESIAN_POINT('Ctrl Pts',(-23.4970893412753,-1.38433421994035,0.));
#7361=CARTESIAN_POINT('Ctrl Pts',(-23.4970893412753,-1.38433421994035,-16.2));
#7362=CARTESIAN_POINT('Ctrl Pts',(-23.8118976318147,-1.50814214358129,0.));
#7363=CARTESIAN_POINT('Ctrl Pts',(-23.8118976318147,-1.50814214358129,-16.2));
#7364=CARTESIAN_POINT('Ctrl Pts',(-24.1210912679689,-1.64516298883538,0.));
#7365=CARTESIAN_POINT('Ctrl Pts',(-24.1210912679689,-1.64516298883538,-16.2));
#7366=CARTESIAN_POINT('Ctrl Pts',(-24.4247248108043,-1.79412106155849,0.));
#7367=CARTESIAN_POINT('Ctrl Pts',(-24.4247248108043,-1.79412106155849,-16.2));
#7368=CARTESIAN_POINT('Ctrl Pts',(-24.7228894333978,-1.95370904782665,0.));
#7369=CARTESIAN_POINT('Ctrl Pts',(-24.7228894333978,-1.95370904782665,-16.2));
#7370=CARTESIAN_POINT('Ctrl Pts',(-25.0156927351206,-2.12293499379401,0.));
#7371=CARTESIAN_POINT('Ctrl Pts',(-25.0156927351206,-2.12293499379401,-16.2));
#7372=CARTESIAN_POINT('Ctrl Pts',(-25.303058667702,-2.30119894044144,0.));
#7373=CARTESIAN_POINT('Ctrl Pts',(-25.303058667702,-2.30119894044144,-16.2));
#7374=CARTESIAN_POINT('Ctrl Pts',(-25.5855689174808,-2.48711579455434,0.));
#7375=CARTESIAN_POINT('Ctrl Pts',(-25.5855689174808,-2.48711579455434,-16.2));
#7376=CARTESIAN_POINT('Ctrl Pts',(-25.7693204265744,-2.61771288107181,0.));
#7377=CARTESIAN_POINT('Ctrl Pts',(-25.7693204265744,-2.61771288107181,-16.2));
#7378=CARTESIAN_POINT('Ctrl Pts',(-25.8611958530192,-2.68301119113981,0.));
#7379=CARTESIAN_POINT('Ctrl Pts',(-25.8611958530192,-2.68301119113981,-16.2));
#7380=CARTESIAN_POINT('',(-25.8611958530192,2.6830111911398,-16.2));
#7381=CARTESIAN_POINT('',(-25.8611958530192,2.6830111911398,0.));
#7382=CARTESIAN_POINT('',(-25.8611958530192,-2.68301119113981,-16.2));
#7383=CARTESIAN_POINT('Ctrl Pts',(-25.8611958530192,-2.68301119113981,-16.2));
#7384=CARTESIAN_POINT('Ctrl Pts',(-25.7693204265744,-2.61771288107181,-16.2));
#7385=CARTESIAN_POINT('Ctrl Pts',(-25.5855689174808,-2.48711579455434,-16.2));
#7386=CARTESIAN_POINT('Ctrl Pts',(-25.303058667702,-2.30119894044144,-16.2));
#7387=CARTESIAN_POINT('Ctrl Pts',(-25.0156927351206,-2.12293499379401,-16.2));
#7388=CARTESIAN_POINT('Ctrl Pts',(-24.7228894333978,-1.95370904782665,-16.2));
#7389=CARTESIAN_POINT('Ctrl Pts',(-24.4247248108043,-1.79412106155849,-16.2));
#7390=CARTESIAN_POINT('Ctrl Pts',(-24.1210912679689,-1.64516298883538,-16.2));
#7391=CARTESIAN_POINT('Ctrl Pts',(-23.8118976318147,-1.50814214358129,-16.2));
#7392=CARTESIAN_POINT('Ctrl Pts',(-23.4970893412753,-1.38433421994035,-16.2));
#7393=CARTESIAN_POINT('Ctrl Pts',(-23.1763222104294,-1.27742946698552,-16.2));
#7394=CARTESIAN_POINT('Ctrl Pts',(-22.85012627479,-1.1862004945969,-16.2));
#7395=CARTESIAN_POINT('Ctrl Pts',(-22.5709889099833,-1.14541345357331,-16.2));
#7396=CARTESIAN_POINT('Ctrl Pts',(-22.351047060056,-1.09529472238152,-16.2));
#7397=CARTESIAN_POINT('Ctrl Pts',(-22.1903374432442,-1.04191151723363,-16.2));
#7398=CARTESIAN_POINT('Ctrl Pts',(-22.0362072115578,-0.972156898845091,
-16.2));
#7399=CARTESIAN_POINT('Ctrl Pts',(-21.8899923976652,-0.886245221832883,
-16.2));
#7400=CARTESIAN_POINT('Ctrl Pts',(-21.7830205785876,-0.793808770749816,
-16.2));
#7401=CARTESIAN_POINT('Ctrl Pts',(-21.7047650904486,-0.712550627546455,
-16.2));
#7402=CARTESIAN_POINT('Ctrl Pts',(-21.6544959206665,-0.644438738000545,
-16.2));
#7403=CARTESIAN_POINT('Ctrl Pts',(-21.6077034725789,-0.573842015796178,
-16.2));
#7404=CARTESIAN_POINT('Ctrl Pts',(-21.5717018116619,-0.497221520123813,
-16.2));
#7405=CARTESIAN_POINT('Ctrl Pts',(-21.5389922563346,-0.419096359573514,
-16.2));
#7406=CARTESIAN_POINT('Ctrl Pts',(-21.5189389411878,-0.336808144689216,
-16.2));
#7407=CARTESIAN_POINT('Ctrl Pts',(-21.5027231261159,-0.253699276736922,
-16.2));
#7408=CARTESIAN_POINT('Ctrl Pts',(-21.4983118435657,-0.140819274319537,
-16.2));
#7409=CARTESIAN_POINT('Ctrl Pts',(-21.5011255343561,-6.66133814775094E-15,
-16.2));
#7410=CARTESIAN_POINT('Ctrl Pts',(-21.4983118435656,0.140819274319536,-16.2));
#7411=CARTESIAN_POINT('Ctrl Pts',(-21.502723126116,0.253699276736901,-16.2));
#7412=CARTESIAN_POINT('Ctrl Pts',(-21.5189389411877,0.336808144689218,-16.2));
#7413=CARTESIAN_POINT('Ctrl Pts',(-21.5389922563346,0.419096359573501,-16.2));
#7414=CARTESIAN_POINT('Ctrl Pts',(-21.5717018116619,0.497221520123798,-16.2));
#7415=CARTESIAN_POINT('Ctrl Pts',(-21.6077034725789,0.573842015796179,-16.2));
#7416=CARTESIAN_POINT('Ctrl Pts',(-21.6544959206665,0.644438738000521,-16.2));
#7417=CARTESIAN_POINT('Ctrl Pts',(-21.7047650904486,0.712550627546447,-16.2));
#7418=CARTESIAN_POINT('Ctrl Pts',(-21.7830205785876,0.79380877074981,-16.2));
#7419=CARTESIAN_POINT('Ctrl Pts',(-21.8899923976652,0.886245221832851,-16.2));
#7420=CARTESIAN_POINT('Ctrl Pts',(-22.0362072115579,0.97215689884509,-16.2));
#7421=CARTESIAN_POINT('Ctrl Pts',(-22.1903374432442,1.04191151723362,-16.2));
#7422=CARTESIAN_POINT('Ctrl Pts',(-22.351047060056,1.09529472238151,-16.2));
#7423=CARTESIAN_POINT('Ctrl Pts',(-22.5709889099833,1.1454134535733,-16.2));
#7424=CARTESIAN_POINT('Ctrl Pts',(-22.85012627479,1.18620049459687,-16.2));
#7425=CARTESIAN_POINT('Ctrl Pts',(-23.1763222104294,1.27742946698552,-16.2));
#7426=CARTESIAN_POINT('Ctrl Pts',(-23.4970893412753,1.38433421994033,-16.2));
#7427=CARTESIAN_POINT('Ctrl Pts',(-23.8118976318147,1.50814214358127,-16.2));
#7428=CARTESIAN_POINT('Ctrl Pts',(-24.1210912679689,1.64516298883537,-16.2));
#7429=CARTESIAN_POINT('Ctrl Pts',(-24.4247248108043,1.79412106155848,-16.2));
#7430=CARTESIAN_POINT('Ctrl Pts',(-24.7228894333978,1.95370904782662,-16.2));
#7431=CARTESIAN_POINT('Ctrl Pts',(-25.0156927351206,2.12293499379397,-16.2));
#7432=CARTESIAN_POINT('Ctrl Pts',(-25.303058667702,2.30119894044146,-16.2));
#7433=CARTESIAN_POINT('Ctrl Pts',(-25.5855689174808,2.48711579455431,-16.2));
#7434=CARTESIAN_POINT('Ctrl Pts',(-25.7693204265744,2.6177128810718,-16.2));
#7435=CARTESIAN_POINT('Ctrl Pts',(-25.8611958530192,2.6830111911398,-16.2));
#7436=CARTESIAN_POINT('',(-25.8611958530192,-2.68301119113981,0.));
#7437=CARTESIAN_POINT('Ctrl Pts',(-25.6744113676412,-4.10178021414319,0.));
#7438=CARTESIAN_POINT('Ctrl Pts',(-25.6744113676412,-4.10178021414319,-16.2));
#7439=CARTESIAN_POINT('Ctrl Pts',(-25.5687660741782,-4.14107442811006,0.));
#7440=CARTESIAN_POINT('Ctrl Pts',(-25.5687660741782,-4.14107442811006,-16.2));
#7441=CARTESIAN_POINT('Ctrl Pts',(-25.3574747326995,-4.21966313669567,0.));
#7442=CARTESIAN_POINT('Ctrl Pts',(-25.3574747326995,-4.21966313669567,-16.2));
#7443=CARTESIAN_POINT('Ctrl Pts',(-25.0364719635968,-4.32612599454625,0.));
#7444=CARTESIAN_POINT('Ctrl Pts',(-25.0364719635968,-4.32612599454625,-16.2));
#7445=CARTESIAN_POINT('Ctrl Pts',(-24.7127596832733,-4.42393996824357,0.));
#7446=CARTESIAN_POINT('Ctrl Pts',(-24.7127596832733,-4.42393996824357,-16.2));
#7447=CARTESIAN_POINT('Ctrl Pts',(-24.3861345143747,-4.51161660897687,0.));
#7448=CARTESIAN_POINT('Ctrl Pts',(-24.3861345143747,-4.51161660897687,-16.2));
#7449=CARTESIAN_POINT('Ctrl Pts',(-24.0568251947102,-4.58859608357574,0.));
#7450=CARTESIAN_POINT('Ctrl Pts',(-24.0568251947102,-4.58859608357574,-16.2));
#7451=CARTESIAN_POINT('Ctrl Pts',(-23.7249845278152,-4.65389238943547,0.));
#7452=CARTESIAN_POINT('Ctrl Pts',(-23.7249845278152,-4.65389238943547,-16.2));
#7453=CARTESIAN_POINT('Ctrl Pts',(-23.3908628050019,-4.70621916094518,0.));
#7454=CARTESIAN_POINT('Ctrl Pts',(-23.3908628050019,-4.70621916094518,-16.2));
#7455=CARTESIAN_POINT('Ctrl Pts',(-23.0547374982671,-4.7443300507414,0.));
#7456=CARTESIAN_POINT('Ctrl Pts',(-23.0547374982671,-4.7443300507414,-16.2));
#7457=CARTESIAN_POINT('Ctrl Pts',(-22.7172312562817,-4.7645714700677,0.));
#7458=CARTESIAN_POINT('Ctrl Pts',(-22.7172312562817,-4.7645714700677,-16.2));
#7459=CARTESIAN_POINT('Ctrl Pts',(-22.3785383820978,-4.76826617002519,0.));
#7460=CARTESIAN_POINT('Ctrl Pts',(-22.3785383820978,-4.76826617002519,-16.2));
#7461=CARTESIAN_POINT('Ctrl Pts',(-22.0983559293384,-4.73541736011608,0.));
#7462=CARTESIAN_POINT('Ctrl Pts',(-22.0983559293384,-4.73541736011608,-16.2));
#7463=CARTESIAN_POINT('Ctrl Pts',(-21.872936734063,-4.72690319737879,0.));
#7464=CARTESIAN_POINT('Ctrl Pts',(-21.872936734063,-4.72690319737879,-16.2));
#7465=CARTESIAN_POINT('Ctrl Pts',(-21.7038865744706,-4.73687270435921,0.));
#7466=CARTESIAN_POINT('Ctrl Pts',(-21.7038865744706,-4.73687270435921,-16.2));
#7467=CARTESIAN_POINT('Ctrl Pts',(-21.5369543793501,-4.76435865237714,0.));
#7468=CARTESIAN_POINT('Ctrl Pts',(-21.5369543793501,-4.76435865237714,-16.2));
#7469=CARTESIAN_POINT('Ctrl Pts',(-21.3734861362177,-4.80949978147153,0.));
#7470=CARTESIAN_POINT('Ctrl Pts',(-21.3734861362177,-4.80949978147153,-16.2));
#7471=CARTESIAN_POINT('Ctrl Pts',(-21.2462349794835,-4.8711001927966,0.));
#7472=CARTESIAN_POINT('Ctrl Pts',(-21.2462349794835,-4.8711001927966,-16.2));
#7473=CARTESIAN_POINT('Ctrl Pts',(-21.1496148274104,-4.92933552119884,0.));
#7474=CARTESIAN_POINT('Ctrl Pts',(-21.1496148274104,-4.92933552119884,-16.2));
#7475=CARTESIAN_POINT('Ctrl Pts',(-21.0834298838394,-4.98211593586751,0.));
#7476=CARTESIAN_POINT('Ctrl Pts',(-21.0834298838394,-4.98211593586751,-16.2));
#7477=CARTESIAN_POINT('Ctrl Pts',(-21.019960073528,-5.038196356364,0.));
#7478=CARTESIAN_POINT('Ctrl Pts',(-21.019960073528,-5.038196356364,-16.2));
#7479=CARTESIAN_POINT('Ctrl Pts',(-20.9653542959338,-5.10288815645637,0.));
#7480=CARTESIAN_POINT('Ctrl Pts',(-20.9653542959338,-5.10288815645637,-16.2));
#7481=CARTESIAN_POINT('Ctrl Pts',(-20.9135390122246,-5.16988541083935,0.));
#7482=CARTESIAN_POINT('Ctrl Pts',(-20.9135390122246,-5.16988541083935,-16.2));
#7483=CARTESIAN_POINT('Ctrl Pts',(-20.872871240022,-5.24417954291785,0.));
#7484=CARTESIAN_POINT('Ctrl Pts',(-20.872871240022,-5.24417954291785,-16.2));
#7485=CARTESIAN_POINT('Ctrl Pts',(-20.8356978076069,-5.32025958309422,0.));
#7486=CARTESIAN_POINT('Ctrl Pts',(-20.8356978076069,-5.32025958309422,-16.2));
#7487=CARTESIAN_POINT('Ctrl Pts',(-20.8022213414275,-5.42815156876334,0.));
#7488=CARTESIAN_POINT('Ctrl Pts',(-20.8022213414275,-5.42815156876334,-16.2));
#7489=CARTESIAN_POINT('Ctrl Pts',(-20.7684924479179,-5.56490077943149,0.));
#7490=CARTESIAN_POINT('Ctrl Pts',(-20.7684924479179,-5.56490077943149,-16.2));
#7491=CARTESIAN_POINT('Ctrl Pts',(-20.7293279212049,-5.70019351657243,0.));
#7492=CARTESIAN_POINT('Ctrl Pts',(-20.7293279212049,-5.70019351657243,-16.2));
#7493=CARTESIAN_POINT('Ctrl Pts',(-20.7043733985103,-5.81036895011627,0.));
#7494=CARTESIAN_POINT('Ctrl Pts',(-20.7043733985103,-5.81036895011627,-16.2));
#7495=CARTESIAN_POINT('Ctrl Pts',(-20.6985265152396,-5.8948429138375,0.));
#7496=CARTESIAN_POINT('Ctrl Pts',(-20.6985265152396,-5.8948429138375,-16.2));
#7497=CARTESIAN_POINT('Ctrl Pts',(-20.6965987730431,-5.97951740567091,0.));
#7498=CARTESIAN_POINT('Ctrl Pts',(-20.6965987730431,-5.97951740567091,-16.2));
#7499=CARTESIAN_POINT('Ctrl Pts',(-20.707973497848,-6.06344637180495,0.));
#7500=CARTESIAN_POINT('Ctrl Pts',(-20.707973497848,-6.06344637180495,-16.2));
#7501=CARTESIAN_POINT('Ctrl Pts',(-20.7229175883919,-6.14677400289862,0.));
#7502=CARTESIAN_POINT('Ctrl Pts',(-20.7229175883919,-6.14677400289862,-16.2));
#7503=CARTESIAN_POINT('Ctrl Pts',(-20.7498438462467,-6.2270759768592,0.));
#7504=CARTESIAN_POINT('Ctrl Pts',(-20.7498438462467,-6.2270759768592,-16.2));
#7505=CARTESIAN_POINT('Ctrl Pts',(-20.7807714813929,-6.30587762857004,0.));
#7506=CARTESIAN_POINT('Ctrl Pts',(-20.7807714813929,-6.30587762857004,-16.2));
#7507=CARTESIAN_POINT('Ctrl Pts',(-20.8353293234045,-6.40462097840064,0.));
#7508=CARTESIAN_POINT('Ctrl Pts',(-20.8353293234045,-6.40462097840064,-16.2));
#7509=CARTESIAN_POINT('Ctrl Pts',(-20.9147318521347,-6.52159407785883,0.));
#7510=CARTESIAN_POINT('Ctrl Pts',(-20.9147318521347,-6.52159407785883,-16.2));
#7511=CARTESIAN_POINT('Ctrl Pts',(-21.0337289388522,-6.64242156397626,0.));
#7512=CARTESIAN_POINT('Ctrl Pts',(-21.0337289388522,-6.64242156397626,-16.2));
#7513=CARTESIAN_POINT('Ctrl Pts',(-21.1645534865272,-6.74969119076717,0.));
#7514=CARTESIAN_POINT('Ctrl Pts',(-21.1645534865272,-6.74969119076717,-16.2));
#7515=CARTESIAN_POINT('Ctrl Pts',(-21.3059704657578,-6.84285011687163,0.));
#7516=CARTESIAN_POINT('Ctrl Pts',(-21.3059704657578,-6.84285011687163,-16.2));
#7517=CARTESIAN_POINT('Ctrl Pts',(-21.5054462967355,-6.94818623328688,0.));
#7518=CARTESIAN_POINT('Ctrl Pts',(-21.5054462967355,-6.94818623328688,-16.2));
#7519=CARTESIAN_POINT('Ctrl Pts',(-21.7645158234743,-7.05982955580118,0.));
#7520=CARTESIAN_POINT('Ctrl Pts',(-21.7645158234743,-7.05982955580118,-16.2));
#7521=CARTESIAN_POINT('Ctrl Pts',(-22.0559851066197,-7.23237569691569,0.));
#7522=CARTESIAN_POINT('Ctrl Pts',(-22.0559851066197,-7.23237569691569,-16.2));
#7523=CARTESIAN_POINT('Ctrl Pts',(-22.3381533764516,-7.41865840125361,0.));
#7524=CARTESIAN_POINT('Ctrl Pts',(-22.3381533764516,-7.41865840125361,-16.2));
#7525=CARTESIAN_POINT('Ctrl Pts',(-22.6101909860407,-7.61972605334539,0.));
#7526=CARTESIAN_POINT('Ctrl Pts',(-22.6101909860407,-7.61972605334539,-16.2));
#7527=CARTESIAN_POINT('Ctrl Pts',(-22.8733855001985,-7.83210322817748,0.));
#7528=CARTESIAN_POINT('Ctrl Pts',(-22.8733855001985,-7.83210322817748,-16.2));
#7529=CARTESIAN_POINT('Ctrl Pts',(-23.1281197948084,-8.05457182127273,0.));
#7530=CARTESIAN_POINT('Ctrl Pts',(-23.1281197948084,-8.05457182127273,-16.2));
#7531=CARTESIAN_POINT('Ctrl Pts',(-23.3748202940414,-8.28589266167761,0.));
#7532=CARTESIAN_POINT('Ctrl Pts',(-23.3748202940414,-8.28589266167761,-16.2));
#7533=CARTESIAN_POINT('Ctrl Pts',(-23.6138476674563,-8.52513544432045,0.));
#7534=CARTESIAN_POINT('Ctrl Pts',(-23.6138476674563,-8.52513544432045,-16.2));
#7535=CARTESIAN_POINT('Ctrl Pts',(-23.8452837388848,-8.77170097054914,0.));
#7536=CARTESIAN_POINT('Ctrl Pts',(-23.8452837388848,-8.77170097054914,-16.2));
#7537=CARTESIAN_POINT('Ctrl Pts',(-24.0700488626876,-9.02440189455863,0.));
#7538=CARTESIAN_POINT('Ctrl Pts',(-24.0700488626876,-9.02440189455863,-16.2));
#7539=CARTESIAN_POINT('Ctrl Pts',(-24.213738177715,-9.1981073833837,0.));
#7540=CARTESIAN_POINT('Ctrl Pts',(-24.213738177715,-9.1981073833837,-16.2));
#7541=CARTESIAN_POINT('Ctrl Pts',(-24.2855825786608,-9.28495981763226,0.));
#7542=CARTESIAN_POINT('Ctrl Pts',(-24.2855825786608,-9.28495981763226,-16.2));
#7543=CARTESIAN_POINT('',(-25.6744113676412,-4.10178021414319,-16.2));
#7544=CARTESIAN_POINT('',(-25.6744113676412,-4.10178021414319,0.));
#7545=CARTESIAN_POINT('',(-24.2855825786608,-9.28495981763226,-16.2));
#7546=CARTESIAN_POINT('Ctrl Pts',(-24.2855825786608,-9.28495981763226,-16.2));
#7547=CARTESIAN_POINT('Ctrl Pts',(-24.213738177715,-9.1981073833837,-16.2));
#7548=CARTESIAN_POINT('Ctrl Pts',(-24.0700488626876,-9.02440189455863,-16.2));
#7549=CARTESIAN_POINT('Ctrl Pts',(-23.8452837388848,-8.77170097054914,-16.2));
#7550=CARTESIAN_POINT('Ctrl Pts',(-23.6138476674563,-8.52513544432045,-16.2));
#7551=CARTESIAN_POINT('Ctrl Pts',(-23.3748202940414,-8.28589266167761,-16.2));
#7552=CARTESIAN_POINT('Ctrl Pts',(-23.1281197948084,-8.05457182127273,-16.2));
#7553=CARTESIAN_POINT('Ctrl Pts',(-22.8733855001985,-7.83210322817748,-16.2));
#7554=CARTESIAN_POINT('Ctrl Pts',(-22.6101909860407,-7.61972605334539,-16.2));
#7555=CARTESIAN_POINT('Ctrl Pts',(-22.3381533764516,-7.41865840125361,-16.2));
#7556=CARTESIAN_POINT('Ctrl Pts',(-22.0559851066197,-7.23237569691569,-16.2));
#7557=CARTESIAN_POINT('Ctrl Pts',(-21.7645158234743,-7.05982955580118,-16.2));
#7558=CARTESIAN_POINT('Ctrl Pts',(-21.5054462967355,-6.94818623328688,-16.2));
#7559=CARTESIAN_POINT('Ctrl Pts',(-21.3059704657578,-6.84285011687163,-16.2));
#7560=CARTESIAN_POINT('Ctrl Pts',(-21.1645534865272,-6.74969119076717,-16.2));
#7561=CARTESIAN_POINT('Ctrl Pts',(-21.0337289388522,-6.64242156397626,-16.2));
#7562=CARTESIAN_POINT('Ctrl Pts',(-20.9147318521347,-6.52159407785883,-16.2));
#7563=CARTESIAN_POINT('Ctrl Pts',(-20.8353293234045,-6.40462097840064,-16.2));
#7564=CARTESIAN_POINT('Ctrl Pts',(-20.7807714813929,-6.30587762857004,-16.2));
#7565=CARTESIAN_POINT('Ctrl Pts',(-20.7498438462467,-6.2270759768592,-16.2));
#7566=CARTESIAN_POINT('Ctrl Pts',(-20.7229175883919,-6.14677400289862,-16.2));
#7567=CARTESIAN_POINT('Ctrl Pts',(-20.707973497848,-6.06344637180495,-16.2));
#7568=CARTESIAN_POINT('Ctrl Pts',(-20.6965987730431,-5.97951740567091,-16.2));
#7569=CARTESIAN_POINT('Ctrl Pts',(-20.6985265152396,-5.8948429138375,-16.2));
#7570=CARTESIAN_POINT('Ctrl Pts',(-20.7043733985103,-5.81036895011627,-16.2));
#7571=CARTESIAN_POINT('Ctrl Pts',(-20.7293279212049,-5.70019351657243,-16.2));
#7572=CARTESIAN_POINT('Ctrl Pts',(-20.7684924479179,-5.56490077943149,-16.2));
#7573=CARTESIAN_POINT('Ctrl Pts',(-20.8022213414275,-5.42815156876334,-16.2));
#7574=CARTESIAN_POINT('Ctrl Pts',(-20.8356978076069,-5.32025958309422,-16.2));
#7575=CARTESIAN_POINT('Ctrl Pts',(-20.872871240022,-5.24417954291785,-16.2));
#7576=CARTESIAN_POINT('Ctrl Pts',(-20.9135390122246,-5.16988541083935,-16.2));
#7577=CARTESIAN_POINT('Ctrl Pts',(-20.9653542959338,-5.10288815645637,-16.2));
#7578=CARTESIAN_POINT('Ctrl Pts',(-21.019960073528,-5.038196356364,-16.2));
#7579=CARTESIAN_POINT('Ctrl Pts',(-21.0834298838394,-4.98211593586751,-16.2));
#7580=CARTESIAN_POINT('Ctrl Pts',(-21.1496148274104,-4.92933552119884,-16.2));
#7581=CARTESIAN_POINT('Ctrl Pts',(-21.2462349794835,-4.8711001927966,-16.2));
#7582=CARTESIAN_POINT('Ctrl Pts',(-21.3734861362177,-4.80949978147153,-16.2));
#7583=CARTESIAN_POINT('Ctrl Pts',(-21.5369543793501,-4.76435865237714,-16.2));
#7584=CARTESIAN_POINT('Ctrl Pts',(-21.7038865744706,-4.73687270435921,-16.2));
#7585=CARTESIAN_POINT('Ctrl Pts',(-21.872936734063,-4.72690319737879,-16.2));
#7586=CARTESIAN_POINT('Ctrl Pts',(-22.0983559293384,-4.73541736011608,-16.2));
#7587=CARTESIAN_POINT('Ctrl Pts',(-22.3785383820978,-4.76826617002519,-16.2));
#7588=CARTESIAN_POINT('Ctrl Pts',(-22.7172312562817,-4.7645714700677,-16.2));
#7589=CARTESIAN_POINT('Ctrl Pts',(-23.0547374982671,-4.7443300507414,-16.2));
#7590=CARTESIAN_POINT('Ctrl Pts',(-23.3908628050019,-4.70621916094518,-16.2));
#7591=CARTESIAN_POINT('Ctrl Pts',(-23.7249845278152,-4.65389238943547,-16.2));
#7592=CARTESIAN_POINT('Ctrl Pts',(-24.0568251947102,-4.58859608357574,-16.2));
#7593=CARTESIAN_POINT('Ctrl Pts',(-24.3861345143747,-4.51161660897687,-16.2));
#7594=CARTESIAN_POINT('Ctrl Pts',(-24.7127596832733,-4.42393996824357,-16.2));
#7595=CARTESIAN_POINT('Ctrl Pts',(-25.0364719635968,-4.32612599454625,-16.2));
#7596=CARTESIAN_POINT('Ctrl Pts',(-25.3574747326995,-4.21966313669567,-16.2));
#7597=CARTESIAN_POINT('Ctrl Pts',(-25.5687660741782,-4.14107442811006,-16.2));
#7598=CARTESIAN_POINT('Ctrl Pts',(-25.6744113676412,-4.10178021414319,-16.2));
#7599=CARTESIAN_POINT('',(-24.2855825786608,-9.28495981763226,0.));
#7600=CARTESIAN_POINT('Ctrl Pts',(-23.7379581765293,-10.6070420763446,0.));
#7601=CARTESIAN_POINT('Ctrl Pts',(-23.7379581765293,-10.6070420763446,-16.2));
#7602=CARTESIAN_POINT('Ctrl Pts',(-23.6257425682105,-10.6176543584653,0.));
#7603=CARTESIAN_POINT('Ctrl Pts',(-23.6257425682105,-10.6176543584653,-16.2));
#7604=CARTESIAN_POINT('Ctrl Pts',(-23.4013105500931,-10.6388789985029,0.));
#7605=CARTESIAN_POINT('Ctrl Pts',(-23.4013105500931,-10.6388789985029,-16.2));
#7606=CARTESIAN_POINT('Ctrl Pts',(-23.0636910698987,-10.6586325922669,0.));
#7607=CARTESIAN_POINT('Ctrl Pts',(-23.0636910698987,-10.6586325922669,-16.2));
#7608=CARTESIAN_POINT('Ctrl Pts',(-22.7256928987773,-10.6693307323518,0.));
#7609=CARTESIAN_POINT('Ctrl Pts',(-22.7256928987773,-10.6693307323518,-16.2));
#7610=CARTESIAN_POINT('Ctrl Pts',(-22.3875048281897,-10.6694830496775,0.));
#7611=CARTESIAN_POINT('Ctrl Pts',(-22.3875048281897,-10.6694830496775,-16.2));
#7612=CARTESIAN_POINT('Ctrl Pts',(-22.0494926973798,-10.6586079886278,0.));
#7613=CARTESIAN_POINT('Ctrl Pts',(-22.0494926973798,-10.6586079886278,-16.2));
#7614=CARTESIAN_POINT('Ctrl Pts',(-21.7120592994817,-10.6357926922871,0.));
#7615=CARTESIAN_POINT('Ctrl Pts',(-21.7120592994817,-10.6357926922871,-16.2));
#7616=CARTESIAN_POINT('Ctrl Pts',(-21.3757793332567,-10.5998594070481,0.));
#7617=CARTESIAN_POINT('Ctrl Pts',(-21.3757793332567,-10.5998594070481,-16.2));
#7618=CARTESIAN_POINT('Ctrl Pts',(-21.0412433945071,-10.5496760688412,0.));
#7619=CARTESIAN_POINT('Ctrl Pts',(-21.0412433945071,-10.5496760688412,-16.2));
#7620=CARTESIAN_POINT('Ctrl Pts',(-20.7099985340181,-10.4818747352624,0.));
#7621=CARTESIAN_POINT('Ctrl Pts',(-20.7099985340181,-10.4818747352624,-16.2));
#7622=CARTESIAN_POINT('Ctrl Pts',(-20.3818900809488,-10.3977833750924,0.));
#7623=CARTESIAN_POINT('Ctrl Pts',(-20.3818900809488,-10.3977833750924,-16.2));
#7624=CARTESIAN_POINT('Ctrl Pts',(-20.119756511369,-10.2935373063607,0.));
#7625=CARTESIAN_POINT('Ctrl Pts',(-20.119756511369,-10.2935373063607,-16.2));
#7626=CARTESIAN_POINT('Ctrl Pts',(-19.9042219163807,-10.2269704758146,0.));
#7627=CARTESIAN_POINT('Ctrl Pts',(-19.9042219163807,-10.2269704758146,-16.2));
#7628=CARTESIAN_POINT('Ctrl Pts',(-19.7383517030153,-10.1928468792022,0.));
#7629=CARTESIAN_POINT('Ctrl Pts',(-19.7383517030153,-10.1928468792022,-16.2));
#7630=CARTESIAN_POINT('Ctrl Pts',(-19.5699936976895,-10.1761910349148,0.));
#7631=CARTESIAN_POINT('Ctrl Pts',(-19.5699936976895,-10.1761910349148,-16.2));
#7632=CARTESIAN_POINT('Ctrl Pts',(-19.4004121159427,-10.1774853227428,0.));
#7633=CARTESIAN_POINT('Ctrl Pts',(-19.4004121159427,-10.1774853227428,-16.2));
#7634=CARTESIAN_POINT('Ctrl Pts',(-19.261553577591,-10.2040517280776,0.));
#7635=CARTESIAN_POINT('Ctrl Pts',(-19.261553577591,-10.2040517280776,-16.2));
#7636=CARTESIAN_POINT('Ctrl Pts',(-19.1531532652753,-10.2352956002865,0.));
#7637=CARTESIAN_POINT('Ctrl Pts',(-19.1531532652753,-10.2352956002865,-16.2));
#7638=CARTESIAN_POINT('Ctrl Pts',(-19.075562942444,-10.269147642042,0.));
#7639=CARTESIAN_POINT('Ctrl Pts',(-19.075562942444,-10.269147642042,-16.2));
#7640=CARTESIAN_POINT('Ctrl Pts',(-18.9997411325927,-10.3068899728511,0.));
#7641=CARTESIAN_POINT('Ctrl Pts',(-18.9997411325927,-10.3068899728511,-16.2));
#7642=CARTESIAN_POINT('Ctrl Pts',(-18.9302525318239,-10.3552444380954,0.));
#7643=CARTESIAN_POINT('Ctrl Pts',(-18.9302525318239,-10.3552444380954,-16.2));
#7644=CARTESIAN_POINT('Ctrl Pts',(-18.8628626456888,-10.4065480341431,0.));
#7645=CARTESIAN_POINT('Ctrl Pts',(-18.8628626456888,-10.4065480341431,-16.2));
#7646=CARTESIAN_POINT('Ctrl Pts',(-18.8043518578994,-10.4677850610915,0.));
#7647=CARTESIAN_POINT('Ctrl Pts',(-18.8043518578994,-10.4677850610915,-16.2));
#7648=CARTESIAN_POINT('Ctrl Pts',(-18.748754116128,-10.5316515444821,0.));
#7649=CARTESIAN_POINT('Ctrl Pts',(-18.748754116128,-10.5316515444821,-16.2));
#7650=CARTESIAN_POINT('Ctrl Pts',(-18.6884938321674,-10.6272028528796,0.));
#7651=CARTESIAN_POINT('Ctrl Pts',(-18.6884938321674,-10.6272028528796,-16.2));
#7652=CARTESIAN_POINT('Ctrl Pts',(-18.6205209227106,-10.7505627671781,0.));
#7653=CARTESIAN_POINT('Ctrl Pts',(-18.6205209227106,-10.7505627671781,-16.2));
#7654=CARTESIAN_POINT('Ctrl Pts',(-18.547674557848,-10.8711089906861,0.));
#7655=CARTESIAN_POINT('Ctrl Pts',(-18.547674557848,-10.8711089906861,-16.2));
#7656=CARTESIAN_POINT('Ctrl Pts',(-18.495054839391,-10.9710715816339,0.));
#7657=CARTESIAN_POINT('Ctrl Pts',(-18.495054839391,-10.9710715816339,-16.2));
#7658=CARTESIAN_POINT('Ctrl Pts',(-18.4675437132102,-11.0511538800963,0.));
#7659=CARTESIAN_POINT('Ctrl Pts',(-18.4675437132102,-11.0511538800963,-16.2));
#7660=CARTESIAN_POINT('Ctrl Pts',(-18.4437662861153,-11.1324442221915,0.));
#7661=CARTESIAN_POINT('Ctrl Pts',(-18.4437662861153,-11.1324442221915,-16.2));
#7662=CARTESIAN_POINT('Ctrl Pts',(-18.4330310117001,-11.2164573735665,0.));
#7663=CARTESIAN_POINT('Ctrl Pts',(-18.4330310117001,-11.2164573735665,-16.2));
#7664=CARTESIAN_POINT('Ctrl Pts',(-18.4258991167965,-11.3008134997278,0.));
#7665=CARTESIAN_POINT('Ctrl Pts',(-18.4258991167965,-11.3008134997278,-16.2));
#7666=CARTESIAN_POINT('Ctrl Pts',(-18.4311242044434,-11.3853482786245,0.));
#7667=CARTESIAN_POINT('Ctrl Pts',(-18.4311242044434,-11.3853482786245,-16.2));
#7668=CARTESIAN_POINT('Ctrl Pts',(-18.4406026377289,-11.4694694901621,0.));
#7669=CARTESIAN_POINT('Ctrl Pts',(-18.4406026377289,-11.4694694901621,-16.2));
#7670=CARTESIAN_POINT('Ctrl Pts',(-18.4677448068412,-11.57896885051,0.));
#7671=CARTESIAN_POINT('Ctrl Pts',(-18.4677448068412,-11.57896885051,-16.2));
#7672=CARTESIAN_POINT('Ctrl Pts',(-18.5141668941099,-11.7125070749225,0.));
#7673=CARTESIAN_POINT('Ctrl Pts',(-18.5141668941099,-11.7125070749225,-16.2));
#7674=CARTESIAN_POINT('Ctrl Pts',(-18.5978367988444,-11.8600161766431,0.));
#7675=CARTESIAN_POINT('Ctrl Pts',(-18.5978367988444,-11.8600161766431,-16.2));
#7676=CARTESIAN_POINT('Ctrl Pts',(-18.6964401857817,-11.997490564042,0.));
#7677=CARTESIAN_POINT('Ctrl Pts',(-18.6964401857817,-11.997490564042,-16.2));
#7678=CARTESIAN_POINT('Ctrl Pts',(-18.8089271939992,-12.1240765842414,0.));
#7679=CARTESIAN_POINT('Ctrl Pts',(-18.8089271939992,-12.1240765842414,-16.2));
#7680=CARTESIAN_POINT('Ctrl Pts',(-18.9743430577957,-12.2774516036226,0.));
#7681=CARTESIAN_POINT('Ctrl Pts',(-18.9743430577957,-12.2774516036226,-16.2));
#7682=CARTESIAN_POINT('Ctrl Pts',(-19.1956895863519,-12.4523428996976,0.));
#7683=CARTESIAN_POINT('Ctrl Pts',(-19.1956895863519,-12.4523428996976,-16.2));
#7684=CARTESIAN_POINT('Ctrl Pts',(-19.4325690670326,-12.694447475167,0.));
#7685=CARTESIAN_POINT('Ctrl Pts',(-19.4325690670326,-12.694447475167,-16.2));
#7686=CARTESIAN_POINT('Ctrl Pts',(-19.6569091745667,-12.9474132724341,0.));
#7687=CARTESIAN_POINT('Ctrl Pts',(-19.6569091745667,-12.9474132724341,-16.2));
#7688=CARTESIAN_POINT('Ctrl Pts',(-19.8676371896754,-13.2120382247667,0.));
#7689=CARTESIAN_POINT('Ctrl Pts',(-19.8676371896754,-13.2120382247667,-16.2));
#7690=CARTESIAN_POINT('Ctrl Pts',(-20.0668963106463,-13.4852985756818,0.));
#7691=CARTESIAN_POINT('Ctrl Pts',(-20.0668963106463,-13.4852985756818,-16.2));
#7692=CARTESIAN_POINT('Ctrl Pts',(-20.2553716358213,-13.7661168221765,0.));
#7693=CARTESIAN_POINT('Ctrl Pts',(-20.2553716358213,-13.7661168221765,-16.2));
#7694=CARTESIAN_POINT('Ctrl Pts',(-20.433795780363,-14.0534063837203,0.));
#7695=CARTESIAN_POINT('Ctrl Pts',(-20.433795780363,-14.0534063837203,-16.2));
#7696=CARTESIAN_POINT('Ctrl Pts',(-20.6027579049832,-14.3463620027689,0.));
#7697=CARTESIAN_POINT('Ctrl Pts',(-20.6027579049832,-14.3463620027689,-16.2));
#7698=CARTESIAN_POINT('Ctrl Pts',(-20.7624921294572,-14.6444260754351,0.));
#7699=CARTESIAN_POINT('Ctrl Pts',(-20.7624921294572,-14.6444260754351,-16.2));
#7700=CARTESIAN_POINT('Ctrl Pts',(-20.9141947555387,-14.946689918978,0.));
#7701=CARTESIAN_POINT('Ctrl Pts',(-20.9141947555387,-14.946689918978,-16.2));
#7702=CARTESIAN_POINT('Ctrl Pts',(-21.0080296871387,-15.1516660681091,0.));
#7703=CARTESIAN_POINT('Ctrl Pts',(-21.0080296871387,-15.1516660681091,-16.2));
#7704=CARTESIAN_POINT('Ctrl Pts',(-21.0549469853895,-15.2541537766746,0.));
#7705=CARTESIAN_POINT('Ctrl Pts',(-21.0549469853895,-15.2541537766746,-16.2));
#7706=CARTESIAN_POINT('',(-23.7379581765293,-10.6070420763446,-16.2));
#7707=CARTESIAN_POINT('',(-23.7379581765293,-10.6070420763446,0.));
#7708=CARTESIAN_POINT('',(-21.0549469853895,-15.2541537766746,-16.2));
#7709=CARTESIAN_POINT('Ctrl Pts',(-21.0549469853895,-15.2541537766746,-16.2));
#7710=CARTESIAN_POINT('Ctrl Pts',(-21.0080296871387,-15.1516660681091,-16.2));
#7711=CARTESIAN_POINT('Ctrl Pts',(-20.9141947555387,-14.946689918978,-16.2));
#7712=CARTESIAN_POINT('Ctrl Pts',(-20.7624921294572,-14.6444260754351,-16.2));
#7713=CARTESIAN_POINT('Ctrl Pts',(-20.6027579049832,-14.3463620027689,-16.2));
#7714=CARTESIAN_POINT('Ctrl Pts',(-20.433795780363,-14.0534063837203,-16.2));
#7715=CARTESIAN_POINT('Ctrl Pts',(-20.2553716358213,-13.7661168221765,-16.2));
#7716=CARTESIAN_POINT('Ctrl Pts',(-20.0668963106463,-13.4852985756818,-16.2));
#7717=CARTESIAN_POINT('Ctrl Pts',(-19.8676371896754,-13.2120382247667,-16.2));
#7718=CARTESIAN_POINT('Ctrl Pts',(-19.6569091745667,-12.9474132724341,-16.2));
#7719=CARTESIAN_POINT('Ctrl Pts',(-19.4325690670326,-12.694447475167,-16.2));
#7720=CARTESIAN_POINT('Ctrl Pts',(-19.1956895863519,-12.4523428996976,-16.2));
#7721=CARTESIAN_POINT('Ctrl Pts',(-18.9743430577957,-12.2774516036226,-16.2));
#7722=CARTESIAN_POINT('Ctrl Pts',(-18.8089271939992,-12.1240765842414,-16.2));
#7723=CARTESIAN_POINT('Ctrl Pts',(-18.6964401857817,-11.997490564042,-16.2));
#7724=CARTESIAN_POINT('Ctrl Pts',(-18.5978367988444,-11.8600161766431,-16.2));
#7725=CARTESIAN_POINT('Ctrl Pts',(-18.5141668941099,-11.7125070749225,-16.2));
#7726=CARTESIAN_POINT('Ctrl Pts',(-18.4677448068412,-11.57896885051,-16.2));
#7727=CARTESIAN_POINT('Ctrl Pts',(-18.4406026377289,-11.4694694901621,-16.2));
#7728=CARTESIAN_POINT('Ctrl Pts',(-18.4311242044434,-11.3853482786245,-16.2));
#7729=CARTESIAN_POINT('Ctrl Pts',(-18.4258991167965,-11.3008134997278,-16.2));
#7730=CARTESIAN_POINT('Ctrl Pts',(-18.4330310117001,-11.2164573735665,-16.2));
#7731=CARTESIAN_POINT('Ctrl Pts',(-18.4437662861153,-11.1324442221915,-16.2));
#7732=CARTESIAN_POINT('Ctrl Pts',(-18.4675437132102,-11.0511538800963,-16.2));
#7733=CARTESIAN_POINT('Ctrl Pts',(-18.495054839391,-10.9710715816339,-16.2));
#7734=CARTESIAN_POINT('Ctrl Pts',(-18.547674557848,-10.8711089906861,-16.2));
#7735=CARTESIAN_POINT('Ctrl Pts',(-18.6205209227106,-10.7505627671781,-16.2));
#7736=CARTESIAN_POINT('Ctrl Pts',(-18.6884938321674,-10.6272028528796,-16.2));
#7737=CARTESIAN_POINT('Ctrl Pts',(-18.748754116128,-10.5316515444821,-16.2));
#7738=CARTESIAN_POINT('Ctrl Pts',(-18.8043518578994,-10.4677850610915,-16.2));
#7739=CARTESIAN_POINT('Ctrl Pts',(-18.8628626456888,-10.4065480341431,-16.2));
#7740=CARTESIAN_POINT('Ctrl Pts',(-18.9302525318239,-10.3552444380954,-16.2));
#7741=CARTESIAN_POINT('Ctrl Pts',(-18.9997411325927,-10.3068899728511,-16.2));
#7742=CARTESIAN_POINT('Ctrl Pts',(-19.075562942444,-10.269147642042,-16.2));
#7743=CARTESIAN_POINT('Ctrl Pts',(-19.1531532652753,-10.2352956002865,-16.2));
#7744=CARTESIAN_POINT('Ctrl Pts',(-19.261553577591,-10.2040517280776,-16.2));
#7745=CARTESIAN_POINT('Ctrl Pts',(-19.4004121159427,-10.1774853227428,-16.2));
#7746=CARTESIAN_POINT('Ctrl Pts',(-19.5699936976895,-10.1761910349148,-16.2));
#7747=CARTESIAN_POINT('Ctrl Pts',(-19.7383517030153,-10.1928468792022,-16.2));
#7748=CARTESIAN_POINT('Ctrl Pts',(-19.9042219163807,-10.2269704758146,-16.2));
#7749=CARTESIAN_POINT('Ctrl Pts',(-20.119756511369,-10.2935373063607,-16.2));
#7750=CARTESIAN_POINT('Ctrl Pts',(-20.3818900809488,-10.3977833750924,-16.2));
#7751=CARTESIAN_POINT('Ctrl Pts',(-20.7099985340181,-10.4818747352624,-16.2));
#7752=CARTESIAN_POINT('Ctrl Pts',(-21.0412433945071,-10.5496760688412,-16.2));
#7753=CARTESIAN_POINT('Ctrl Pts',(-21.3757793332567,-10.5998594070481,-16.2));
#7754=CARTESIAN_POINT('Ctrl Pts',(-21.7120592994817,-10.6357926922871,-16.2));
#7755=CARTESIAN_POINT('Ctrl Pts',(-22.0494926973798,-10.6586079886278,-16.2));
#7756=CARTESIAN_POINT('Ctrl Pts',(-22.3875048281897,-10.6694830496775,-16.2));
#7757=CARTESIAN_POINT('Ctrl Pts',(-22.7256928987773,-10.6693307323518,-16.2));
#7758=CARTESIAN_POINT('Ctrl Pts',(-23.0636910698987,-10.6586325922669,-16.2));
#7759=CARTESIAN_POINT('Ctrl Pts',(-23.4013105500931,-10.6388789985029,-16.2));
#7760=CARTESIAN_POINT('Ctrl Pts',(-23.6257425682105,-10.6176543584653,-16.2));
#7761=CARTESIAN_POINT('Ctrl Pts',(-23.7379581765293,-10.6070420763446,-16.2));
#7762=CARTESIAN_POINT('',(-21.0549469853895,-15.2541537766746,0.));
#7763=CARTESIAN_POINT('Ctrl Pts',(-20.1838023645177,-16.389451550009,0.));
#7764=CARTESIAN_POINT('Ctrl Pts',(-20.1838023645177,-16.389451550009,-16.2));
#7765=CARTESIAN_POINT('Ctrl Pts',(-20.072663749605,-16.3706586907945,0.));
#7766=CARTESIAN_POINT('Ctrl Pts',(-20.072663749605,-16.3706586907945,-16.2));
#7767=CARTESIAN_POINT('Ctrl Pts',(-19.850385725992,-16.3330728381409,0.));
#7768=CARTESIAN_POINT('Ctrl Pts',(-19.850385725992,-16.3330728381409,-16.2));
#7769=CARTESIAN_POINT('Ctrl Pts',(-19.5191577443386,-16.2647709930477,0.));
#7770=CARTESIAN_POINT('Ctrl Pts',(-19.5191577443386,-16.2647709930477,-16.2));
#7771=CARTESIAN_POINT('Ctrl Pts',(-19.1899076992128,-16.1876242389529,0.));
#7772=CARTESIAN_POINT('Ctrl Pts',(-19.1899076992128,-16.1876242389529,-16.2));
#7773=CARTESIAN_POINT('Ctrl Pts',(-18.8632036850645,-16.1002418526971,0.));
#7774=CARTESIAN_POINT('Ctrl Pts',(-18.8632036850645,-16.1002418526971,-16.2));
#7775=CARTESIAN_POINT('Ctrl Pts',(-18.5395237112327,-16.0022533734375,0.));
#7776=CARTESIAN_POINT('Ctrl Pts',(-18.5395237112327,-16.0022533734375,-16.2));
#7777=CARTESIAN_POINT('Ctrl Pts',(-18.219493110763,-15.8928812996378,0.));
#7778=CARTESIAN_POINT('Ctrl Pts',(-18.219493110763,-15.8928812996378,-16.2));
#7779=CARTESIAN_POINT('Ctrl Pts',(-17.9039718250956,-15.7711367516566,0.));
#7780=CARTESIAN_POINT('Ctrl Pts',(-17.9039718250956,-15.7711367516566,-16.2));
#7781=CARTESIAN_POINT('Ctrl Pts',(-17.5938233257103,-15.6360790970135,0.));
#7782=CARTESIAN_POINT('Ctrl Pts',(-17.5938233257103,-15.6360790970135,-16.2));
#7783=CARTESIAN_POINT('Ctrl Pts',(-17.291413636552,-15.484855559366,0.));
#7784=CARTESIAN_POINT('Ctrl Pts',(-17.291413636552,-15.484855559366,-16.2));
#7785=CARTESIAN_POINT('Ctrl Pts',(-16.9962496534492,-15.3187088262966,0.));
#7786=CARTESIAN_POINT('Ctrl Pts',(-16.9962496534492,-15.3187088262966,-16.2));
#7787=CARTESIAN_POINT('Ctrl Pts',(-16.7700289366195,-15.1501696960516,0.));
#7788=CARTESIAN_POINT('Ctrl Pts',(-16.7700289366195,-15.1501696960516,-16.2));
#7789=CARTESIAN_POINT('Ctrl Pts',(-16.579067268379,-15.0300866171914,0.));
#7790=CARTESIAN_POINT('Ctrl Pts',(-16.579067268379,-15.0300866171914,-16.2));
#7791=CARTESIAN_POINT('Ctrl Pts',(-16.427680782168,-14.9541953837035,0.));
#7792=CARTESIAN_POINT('Ctrl Pts',(-16.427680782168,-14.9541953837035,-16.2));
#7793=CARTESIAN_POINT('Ctrl Pts',(-16.2693702864751,-14.8945328153738,0.));
#7794=CARTESIAN_POINT('Ctrl Pts',(-16.2693702864751,-14.8945328153738,-16.2));
#7795=CARTESIAN_POINT('Ctrl Pts',(-16.1052320706632,-14.8518920583589,0.));
#7796=CARTESIAN_POINT('Ctrl Pts',(-16.1052320706632,-14.8518920583589,-16.2));
#7797=CARTESIAN_POINT('Ctrl Pts',(-15.964229130608,-14.8416140010829,0.));
#7798=CARTESIAN_POINT('Ctrl Pts',(-15.964229130608,-14.8416140010829,-16.2));
#7799=CARTESIAN_POINT('Ctrl Pts',(-15.851435960194,-14.8437371988404,0.));
#7800=CARTESIAN_POINT('Ctrl Pts',(-15.851435960194,-14.8437371988404,-16.2));
#7801=CARTESIAN_POINT('Ctrl Pts',(-15.7677279103792,-14.8563539069803,0.));
#7802=CARTESIAN_POINT('Ctrl Pts',(-15.7677279103792,-14.8563539069803,-16.2));
#7803=CARTESIAN_POINT('Ctrl Pts',(-15.6847212320279,-14.8731860706294,0.));
#7804=CARTESIAN_POINT('Ctrl Pts',(-15.6847212320279,-14.8731860706294,-16.2));
#7805=CARTESIAN_POINT('Ctrl Pts',(-15.6050853413917,-14.9019079241288,0.));
#7806=CARTESIAN_POINT('Ctrl Pts',(-15.6050853413917,-14.9019079241288,-16.2));
#7807=CARTESIAN_POINT('Ctrl Pts',(-15.5267133622037,-14.9340216065537,0.));
#7808=CARTESIAN_POINT('Ctrl Pts',(-15.5267133622037,-14.9340216065537,-16.2));
#7809=CARTESIAN_POINT('Ctrl Pts',(-15.4543469723217,-14.9780283261845,0.));
#7810=CARTESIAN_POINT('Ctrl Pts',(-15.4543469723217,-14.9780283261845,-16.2));
#7811=CARTESIAN_POINT('Ctrl Pts',(-15.3841138154162,-15.0253288574906,0.));
#7812=CARTESIAN_POINT('Ctrl Pts',(-15.3841138154162,-15.0253288574906,-16.2));
#7813=CARTESIAN_POINT('Ctrl Pts',(-15.3011763524414,-15.1020278248552,0.));
#7814=CARTESIAN_POINT('Ctrl Pts',(-15.3011763524414,-15.1020278248552,-16.2));
#7815=CARTESIAN_POINT('Ctrl Pts',(-15.2035916684864,-15.2035916684864,0.));
#7816=CARTESIAN_POINT('Ctrl Pts',(-15.2035916684864,-15.2035916684864,-16.2));
#7817=CARTESIAN_POINT('Ctrl Pts',(-15.1020278248553,-15.3011763524415,0.));
#7818=CARTESIAN_POINT('Ctrl Pts',(-15.1020278248553,-15.3011763524415,-16.2));
#7819=CARTESIAN_POINT('Ctrl Pts',(-15.0253288574905,-15.3841138154162,0.));
#7820=CARTESIAN_POINT('Ctrl Pts',(-15.0253288574905,-15.3841138154162,-16.2));
#7821=CARTESIAN_POINT('Ctrl Pts',(-14.9780283261845,-15.4543469723218,0.));
#7822=CARTESIAN_POINT('Ctrl Pts',(-14.9780283261845,-15.4543469723218,-16.2));
#7823=CARTESIAN_POINT('Ctrl Pts',(-14.9340216065537,-15.5267133622038,0.));
#7824=CARTESIAN_POINT('Ctrl Pts',(-14.9340216065537,-15.5267133622038,-16.2));
#7825=CARTESIAN_POINT('Ctrl Pts',(-14.9019079241288,-15.6050853413917,0.));
#7826=CARTESIAN_POINT('Ctrl Pts',(-14.9019079241288,-15.6050853413917,-16.2));
#7827=CARTESIAN_POINT('Ctrl Pts',(-14.8731860706294,-15.6847212320279,0.));
#7828=CARTESIAN_POINT('Ctrl Pts',(-14.8731860706294,-15.6847212320279,-16.2));
#7829=CARTESIAN_POINT('Ctrl Pts',(-14.8563539069802,-15.7677279103792,0.));
#7830=CARTESIAN_POINT('Ctrl Pts',(-14.8563539069802,-15.7677279103792,-16.2));
#7831=CARTESIAN_POINT('Ctrl Pts',(-14.8437371988404,-15.8514359601941,0.));
#7832=CARTESIAN_POINT('Ctrl Pts',(-14.8437371988404,-15.8514359601941,-16.2));
#7833=CARTESIAN_POINT('Ctrl Pts',(-14.8416140010828,-15.964229130608,0.));
#7834=CARTESIAN_POINT('Ctrl Pts',(-14.8416140010828,-15.964229130608,-16.2));
#7835=CARTESIAN_POINT('Ctrl Pts',(-14.8518920583588,-16.1052320706633,0.));
#7836=CARTESIAN_POINT('Ctrl Pts',(-14.8518920583588,-16.1052320706633,-16.2));
#7837=CARTESIAN_POINT('Ctrl Pts',(-14.8945328153738,-16.2693702864751,0.));
#7838=CARTESIAN_POINT('Ctrl Pts',(-14.8945328153738,-16.2693702864751,-16.2));
#7839=CARTESIAN_POINT('Ctrl Pts',(-14.9541953837034,-16.427680782168,0.));
#7840=CARTESIAN_POINT('Ctrl Pts',(-14.9541953837034,-16.427680782168,-16.2));
#7841=CARTESIAN_POINT('Ctrl Pts',(-15.0300866171914,-16.579067268379,0.));
#7842=CARTESIAN_POINT('Ctrl Pts',(-15.0300866171914,-16.579067268379,-16.2));
#7843=CARTESIAN_POINT('Ctrl Pts',(-15.1501696960515,-16.7700289366195,0.));
#7844=CARTESIAN_POINT('Ctrl Pts',(-15.1501696960515,-16.7700289366195,-16.2));
#7845=CARTESIAN_POINT('Ctrl Pts',(-15.3187088262966,-16.9962496534492,0.));
#7846=CARTESIAN_POINT('Ctrl Pts',(-15.3187088262966,-16.9962496534492,-16.2));
#7847=CARTESIAN_POINT('Ctrl Pts',(-15.484855559366,-17.291413636552,0.));
#7848=CARTESIAN_POINT('Ctrl Pts',(-15.484855559366,-17.291413636552,-16.2));
#7849=CARTESIAN_POINT('Ctrl Pts',(-15.6360790970135,-17.5938233257103,0.));
#7850=CARTESIAN_POINT('Ctrl Pts',(-15.6360790970135,-17.5938233257103,-16.2));
#7851=CARTESIAN_POINT('Ctrl Pts',(-15.7711367516565,-17.9039718250956,0.));
#7852=CARTESIAN_POINT('Ctrl Pts',(-15.7711367516565,-17.9039718250956,-16.2));
#7853=CARTESIAN_POINT('Ctrl Pts',(-15.8928812996378,-18.219493110763,0.));
#7854=CARTESIAN_POINT('Ctrl Pts',(-15.8928812996378,-18.219493110763,-16.2));
#7855=CARTESIAN_POINT('Ctrl Pts',(-16.0022533734374,-18.5395237112327,0.));
#7856=CARTESIAN_POINT('Ctrl Pts',(-16.0022533734374,-18.5395237112327,-16.2));
#7857=CARTESIAN_POINT('Ctrl Pts',(-16.1002418526971,-18.8632036850646,0.));
#7858=CARTESIAN_POINT('Ctrl Pts',(-16.1002418526971,-18.8632036850646,-16.2));
#7859=CARTESIAN_POINT('Ctrl Pts',(-16.1876242389528,-19.1899076992128,0.));
#7860=CARTESIAN_POINT('Ctrl Pts',(-16.1876242389528,-19.1899076992128,-16.2));
#7861=CARTESIAN_POINT('Ctrl Pts',(-16.2647709930477,-19.5191577443386,0.));
#7862=CARTESIAN_POINT('Ctrl Pts',(-16.2647709930477,-19.5191577443386,-16.2));
#7863=CARTESIAN_POINT('Ctrl Pts',(-16.3330728381409,-19.850385725992,0.));
#7864=CARTESIAN_POINT('Ctrl Pts',(-16.3330728381409,-19.850385725992,-16.2));
#7865=CARTESIAN_POINT('Ctrl Pts',(-16.3706586907945,-20.072663749605,0.));
#7866=CARTESIAN_POINT('Ctrl Pts',(-16.3706586907945,-20.072663749605,-16.2));
#7867=CARTESIAN_POINT('Ctrl Pts',(-16.389451550009,-20.1838023645177,0.));
#7868=CARTESIAN_POINT('Ctrl Pts',(-16.389451550009,-20.1838023645177,-16.2));
#7869=CARTESIAN_POINT('',(-20.1838023645177,-16.389451550009,-16.2));
#7870=CARTESIAN_POINT('',(-20.1838023645177,-16.389451550009,0.));
#7871=CARTESIAN_POINT('',(-16.389451550009,-20.1838023645177,-16.2));
#7872=CARTESIAN_POINT('Ctrl Pts',(-16.389451550009,-20.1838023645177,-16.2));
#7873=CARTESIAN_POINT('Ctrl Pts',(-16.3706586907945,-20.072663749605,-16.2));
#7874=CARTESIAN_POINT('Ctrl Pts',(-16.3330728381409,-19.850385725992,-16.2));
#7875=CARTESIAN_POINT('Ctrl Pts',(-16.2647709930477,-19.5191577443386,-16.2));
#7876=CARTESIAN_POINT('Ctrl Pts',(-16.1876242389528,-19.1899076992128,-16.2));
#7877=CARTESIAN_POINT('Ctrl Pts',(-16.1002418526971,-18.8632036850646,-16.2));
#7878=CARTESIAN_POINT('Ctrl Pts',(-16.0022533734374,-18.5395237112327,-16.2));
#7879=CARTESIAN_POINT('Ctrl Pts',(-15.8928812996378,-18.219493110763,-16.2));
#7880=CARTESIAN_POINT('Ctrl Pts',(-15.7711367516565,-17.9039718250956,-16.2));
#7881=CARTESIAN_POINT('Ctrl Pts',(-15.6360790970135,-17.5938233257103,-16.2));
#7882=CARTESIAN_POINT('Ctrl Pts',(-15.484855559366,-17.291413636552,-16.2));
#7883=CARTESIAN_POINT('Ctrl Pts',(-15.3187088262966,-16.9962496534492,-16.2));
#7884=CARTESIAN_POINT('Ctrl Pts',(-15.1501696960515,-16.7700289366195,-16.2));
#7885=CARTESIAN_POINT('Ctrl Pts',(-15.0300866171914,-16.579067268379,-16.2));
#7886=CARTESIAN_POINT('Ctrl Pts',(-14.9541953837034,-16.427680782168,-16.2));
#7887=CARTESIAN_POINT('Ctrl Pts',(-14.8945328153738,-16.2693702864751,-16.2));
#7888=CARTESIAN_POINT('Ctrl Pts',(-14.8518920583588,-16.1052320706633,-16.2));
#7889=CARTESIAN_POINT('Ctrl Pts',(-14.8416140010828,-15.964229130608,-16.2));
#7890=CARTESIAN_POINT('Ctrl Pts',(-14.8437371988404,-15.8514359601941,-16.2));
#7891=CARTESIAN_POINT('Ctrl Pts',(-14.8563539069802,-15.7677279103792,-16.2));
#7892=CARTESIAN_POINT('Ctrl Pts',(-14.8731860706294,-15.6847212320279,-16.2));
#7893=CARTESIAN_POINT('Ctrl Pts',(-14.9019079241288,-15.6050853413917,-16.2));
#7894=CARTESIAN_POINT('Ctrl Pts',(-14.9340216065537,-15.5267133622038,-16.2));
#7895=CARTESIAN_POINT('Ctrl Pts',(-14.9780283261845,-15.4543469723218,-16.2));
#7896=CARTESIAN_POINT('Ctrl Pts',(-15.0253288574905,-15.3841138154162,-16.2));
#7897=CARTESIAN_POINT('Ctrl Pts',(-15.1020278248553,-15.3011763524415,-16.2));
#7898=CARTESIAN_POINT('Ctrl Pts',(-15.2035916684864,-15.2035916684864,-16.2));
#7899=CARTESIAN_POINT('Ctrl Pts',(-15.3011763524414,-15.1020278248552,-16.2));
#7900=CARTESIAN_POINT('Ctrl Pts',(-15.3841138154162,-15.0253288574906,-16.2));
#7901=CARTESIAN_POINT('Ctrl Pts',(-15.4543469723217,-14.9780283261845,-16.2));
#7902=CARTESIAN_POINT('Ctrl Pts',(-15.5267133622037,-14.9340216065537,-16.2));
#7903=CARTESIAN_POINT('Ctrl Pts',(-15.6050853413917,-14.9019079241288,-16.2));
#7904=CARTESIAN_POINT('Ctrl Pts',(-15.6847212320279,-14.8731860706294,-16.2));
#7905=CARTESIAN_POINT('Ctrl Pts',(-15.7677279103792,-14.8563539069803,-16.2));
#7906=CARTESIAN_POINT('Ctrl Pts',(-15.851435960194,-14.8437371988404,-16.2));
#7907=CARTESIAN_POINT('Ctrl Pts',(-15.964229130608,-14.8416140010829,-16.2));
#7908=CARTESIAN_POINT('Ctrl Pts',(-16.1052320706632,-14.8518920583589,-16.2));
#7909=CARTESIAN_POINT('Ctrl Pts',(-16.2693702864751,-14.8945328153738,-16.2));
#7910=CARTESIAN_POINT('Ctrl Pts',(-16.427680782168,-14.9541953837035,-16.2));
#7911=CARTESIAN_POINT('Ctrl Pts',(-16.579067268379,-15.0300866171914,-16.2));
#7912=CARTESIAN_POINT('Ctrl Pts',(-16.7700289366195,-15.1501696960516,-16.2));
#7913=CARTESIAN_POINT('Ctrl Pts',(-16.9962496534492,-15.3187088262966,-16.2));
#7914=CARTESIAN_POINT('Ctrl Pts',(-17.291413636552,-15.484855559366,-16.2));
#7915=CARTESIAN_POINT('Ctrl Pts',(-17.5938233257103,-15.6360790970135,-16.2));
#7916=CARTESIAN_POINT('Ctrl Pts',(-17.9039718250956,-15.7711367516566,-16.2));
#7917=CARTESIAN_POINT('Ctrl Pts',(-18.219493110763,-15.8928812996378,-16.2));
#7918=CARTESIAN_POINT('Ctrl Pts',(-18.5395237112327,-16.0022533734375,-16.2));
#7919=CARTESIAN_POINT('Ctrl Pts',(-18.8632036850645,-16.1002418526971,-16.2));
#7920=CARTESIAN_POINT('Ctrl Pts',(-19.1899076992128,-16.1876242389529,-16.2));
#7921=CARTESIAN_POINT('Ctrl Pts',(-19.5191577443386,-16.2647709930477,-16.2));
#7922=CARTESIAN_POINT('Ctrl Pts',(-19.850385725992,-16.3330728381409,-16.2));
#7923=CARTESIAN_POINT('Ctrl Pts',(-20.072663749605,-16.3706586907945,-16.2));
#7924=CARTESIAN_POINT('Ctrl Pts',(-20.1838023645177,-16.389451550009,-16.2));
#7925=CARTESIAN_POINT('',(-16.389451550009,-20.1838023645177,0.));
#7926=CARTESIAN_POINT('Ctrl Pts',(-15.2541537766746,-21.0549469853895,0.));
#7927=CARTESIAN_POINT('Ctrl Pts',(-15.2541537766746,-21.0549469853895,-16.2));
#7928=CARTESIAN_POINT('Ctrl Pts',(-15.1516660681091,-21.0080296871387,0.));
#7929=CARTESIAN_POINT('Ctrl Pts',(-15.1516660681091,-21.0080296871387,-16.2));
#7930=CARTESIAN_POINT('Ctrl Pts',(-14.946689918978,-20.9141947555388,0.));
#7931=CARTESIAN_POINT('Ctrl Pts',(-14.946689918978,-20.9141947555388,-16.2));
#7932=CARTESIAN_POINT('Ctrl Pts',(-14.6444260754351,-20.7624921294572,0.));
#7933=CARTESIAN_POINT('Ctrl Pts',(-14.6444260754351,-20.7624921294572,-16.2));
#7934=CARTESIAN_POINT('Ctrl Pts',(-14.3463620027688,-20.6027579049833,0.));
#7935=CARTESIAN_POINT('Ctrl Pts',(-14.3463620027688,-20.6027579049833,-16.2));
#7936=CARTESIAN_POINT('Ctrl Pts',(-14.0534063837203,-20.4337957803631,0.));
#7937=CARTESIAN_POINT('Ctrl Pts',(-14.0534063837203,-20.4337957803631,-16.2));
#7938=CARTESIAN_POINT('Ctrl Pts',(-13.7661168221765,-20.2553716358214,0.));
#7939=CARTESIAN_POINT('Ctrl Pts',(-13.7661168221765,-20.2553716358214,-16.2));
#7940=CARTESIAN_POINT('Ctrl Pts',(-13.4852985756818,-20.0668963106464,0.));
#7941=CARTESIAN_POINT('Ctrl Pts',(-13.4852985756818,-20.0668963106464,-16.2));
#7942=CARTESIAN_POINT('Ctrl Pts',(-13.2120382247667,-19.8676371896754,0.));
#7943=CARTESIAN_POINT('Ctrl Pts',(-13.2120382247667,-19.8676371896754,-16.2));
#7944=CARTESIAN_POINT('Ctrl Pts',(-12.9474132724341,-19.6569091745668,0.));
#7945=CARTESIAN_POINT('Ctrl Pts',(-12.9474132724341,-19.6569091745668,-16.2));
#7946=CARTESIAN_POINT('Ctrl Pts',(-12.694447475167,-19.4325690670326,0.));
#7947=CARTESIAN_POINT('Ctrl Pts',(-12.694447475167,-19.4325690670326,-16.2));
#7948=CARTESIAN_POINT('Ctrl Pts',(-12.4523428996975,-19.195689586352,0.));
#7949=CARTESIAN_POINT('Ctrl Pts',(-12.4523428996975,-19.195689586352,-16.2));
#7950=CARTESIAN_POINT('Ctrl Pts',(-12.2774516036226,-18.9743430577957,0.));
#7951=CARTESIAN_POINT('Ctrl Pts',(-12.2774516036226,-18.9743430577957,-16.2));
#7952=CARTESIAN_POINT('Ctrl Pts',(-12.1240765842414,-18.8089271939992,0.));
#7953=CARTESIAN_POINT('Ctrl Pts',(-12.1240765842414,-18.8089271939992,-16.2));
#7954=CARTESIAN_POINT('Ctrl Pts',(-11.997490564042,-18.6964401857817,0.));
#7955=CARTESIAN_POINT('Ctrl Pts',(-11.997490564042,-18.6964401857817,-16.2));
#7956=CARTESIAN_POINT('Ctrl Pts',(-11.8600161766431,-18.5978367988444,0.));
#7957=CARTESIAN_POINT('Ctrl Pts',(-11.8600161766431,-18.5978367988444,-16.2));
#7958=CARTESIAN_POINT('Ctrl Pts',(-11.7125070749224,-18.5141668941099,0.));
#7959=CARTESIAN_POINT('Ctrl Pts',(-11.7125070749224,-18.5141668941099,-16.2));
#7960=CARTESIAN_POINT('Ctrl Pts',(-11.57896885051,-18.4677448068412,0.));
#7961=CARTESIAN_POINT('Ctrl Pts',(-11.57896885051,-18.4677448068412,-16.2));
#7962=CARTESIAN_POINT('Ctrl Pts',(-11.469469490162,-18.4406026377289,0.));
#7963=CARTESIAN_POINT('Ctrl Pts',(-11.469469490162,-18.4406026377289,-16.2));
#7964=CARTESIAN_POINT('Ctrl Pts',(-11.3853482786245,-18.4311242044434,0.));
#7965=CARTESIAN_POINT('Ctrl Pts',(-11.3853482786245,-18.4311242044434,-16.2));
#7966=CARTESIAN_POINT('Ctrl Pts',(-11.3008134997278,-18.4258991167965,0.));
#7967=CARTESIAN_POINT('Ctrl Pts',(-11.3008134997278,-18.4258991167965,-16.2));
#7968=CARTESIAN_POINT('Ctrl Pts',(-11.2164573735665,-18.4330310117001,0.));
#7969=CARTESIAN_POINT('Ctrl Pts',(-11.2164573735665,-18.4330310117001,-16.2));
#7970=CARTESIAN_POINT('Ctrl Pts',(-11.1324442221915,-18.4437662861153,0.));
#7971=CARTESIAN_POINT('Ctrl Pts',(-11.1324442221915,-18.4437662861153,-16.2));
#7972=CARTESIAN_POINT('Ctrl Pts',(-11.0511538800962,-18.4675437132102,0.));
#7973=CARTESIAN_POINT('Ctrl Pts',(-11.0511538800962,-18.4675437132102,-16.2));
#7974=CARTESIAN_POINT('Ctrl Pts',(-10.9710715816339,-18.4950548393911,0.));
#7975=CARTESIAN_POINT('Ctrl Pts',(-10.9710715816339,-18.4950548393911,-16.2));
#7976=CARTESIAN_POINT('Ctrl Pts',(-10.871108990686,-18.5476745578479,0.));
#7977=CARTESIAN_POINT('Ctrl Pts',(-10.871108990686,-18.5476745578479,-16.2));
#7978=CARTESIAN_POINT('Ctrl Pts',(-10.750562767178,-18.6205209227106,0.));
#7979=CARTESIAN_POINT('Ctrl Pts',(-10.750562767178,-18.6205209227106,-16.2));
#7980=CARTESIAN_POINT('Ctrl Pts',(-10.6272028528796,-18.6884938321675,0.));
#7981=CARTESIAN_POINT('Ctrl Pts',(-10.6272028528796,-18.6884938321675,-16.2));
#7982=CARTESIAN_POINT('Ctrl Pts',(-10.531651544482,-18.748754116128,0.));
#7983=CARTESIAN_POINT('Ctrl Pts',(-10.531651544482,-18.748754116128,-16.2));
#7984=CARTESIAN_POINT('Ctrl Pts',(-10.4677850610915,-18.8043518578995,0.));
#7985=CARTESIAN_POINT('Ctrl Pts',(-10.4677850610915,-18.8043518578995,-16.2));
#7986=CARTESIAN_POINT('Ctrl Pts',(-10.4065480341431,-18.8628626456888,0.));
#7987=CARTESIAN_POINT('Ctrl Pts',(-10.4065480341431,-18.8628626456888,-16.2));
#7988=CARTESIAN_POINT('Ctrl Pts',(-10.3552444380954,-18.9302525318239,0.));
#7989=CARTESIAN_POINT('Ctrl Pts',(-10.3552444380954,-18.9302525318239,-16.2));
#7990=CARTESIAN_POINT('Ctrl Pts',(-10.3068899728511,-18.9997411325927,0.));
#7991=CARTESIAN_POINT('Ctrl Pts',(-10.3068899728511,-18.9997411325927,-16.2));
#7992=CARTESIAN_POINT('Ctrl Pts',(-10.269147642042,-19.0755629424439,0.));
#7993=CARTESIAN_POINT('Ctrl Pts',(-10.269147642042,-19.0755629424439,-16.2));
#7994=CARTESIAN_POINT('Ctrl Pts',(-10.2352956002865,-19.1531532652753,0.));
#7995=CARTESIAN_POINT('Ctrl Pts',(-10.2352956002865,-19.1531532652753,-16.2));
#7996=CARTESIAN_POINT('Ctrl Pts',(-10.2040517280776,-19.261553577591,0.));
#7997=CARTESIAN_POINT('Ctrl Pts',(-10.2040517280776,-19.261553577591,-16.2));
#7998=CARTESIAN_POINT('Ctrl Pts',(-10.1774853227427,-19.4004121159427,0.));
#7999=CARTESIAN_POINT('Ctrl Pts',(-10.1774853227427,-19.4004121159427,-16.2));
#8000=CARTESIAN_POINT('Ctrl Pts',(-10.1761910349148,-19.5699936976895,0.));
#8001=CARTESIAN_POINT('Ctrl Pts',(-10.1761910349148,-19.5699936976895,-16.2));
#8002=CARTESIAN_POINT('Ctrl Pts',(-10.1928468792022,-19.7383517030153,0.));
#8003=CARTESIAN_POINT('Ctrl Pts',(-10.1928468792022,-19.7383517030153,-16.2));
#8004=CARTESIAN_POINT('Ctrl Pts',(-10.2269704758145,-19.9042219163807,0.));
#8005=CARTESIAN_POINT('Ctrl Pts',(-10.2269704758145,-19.9042219163807,-16.2));
#8006=CARTESIAN_POINT('Ctrl Pts',(-10.2935373063607,-20.119756511369,0.));
#8007=CARTESIAN_POINT('Ctrl Pts',(-10.2935373063607,-20.119756511369,-16.2));
#8008=CARTESIAN_POINT('Ctrl Pts',(-10.3977833750924,-20.3818900809488,0.));
#8009=CARTESIAN_POINT('Ctrl Pts',(-10.3977833750924,-20.3818900809488,-16.2));
#8010=CARTESIAN_POINT('Ctrl Pts',(-10.4818747352624,-20.7099985340181,0.));
#8011=CARTESIAN_POINT('Ctrl Pts',(-10.4818747352624,-20.7099985340181,-16.2));
#8012=CARTESIAN_POINT('Ctrl Pts',(-10.5496760688412,-21.0412433945071,0.));
#8013=CARTESIAN_POINT('Ctrl Pts',(-10.5496760688412,-21.0412433945071,-16.2));
#8014=CARTESIAN_POINT('Ctrl Pts',(-10.599859407048,-21.3757793332567,0.));
#8015=CARTESIAN_POINT('Ctrl Pts',(-10.599859407048,-21.3757793332567,-16.2));
#8016=CARTESIAN_POINT('Ctrl Pts',(-10.6357926922871,-21.7120592994817,0.));
#8017=CARTESIAN_POINT('Ctrl Pts',(-10.6357926922871,-21.7120592994817,-16.2));
#8018=CARTESIAN_POINT('Ctrl Pts',(-10.6586079886278,-22.0494926973798,0.));
#8019=CARTESIAN_POINT('Ctrl Pts',(-10.6586079886278,-22.0494926973798,-16.2));
#8020=CARTESIAN_POINT('Ctrl Pts',(-10.6694830496775,-22.3875048281897,0.));
#8021=CARTESIAN_POINT('Ctrl Pts',(-10.6694830496775,-22.3875048281897,-16.2));
#8022=CARTESIAN_POINT('Ctrl Pts',(-10.6693307323517,-22.7256928987772,0.));
#8023=CARTESIAN_POINT('Ctrl Pts',(-10.6693307323517,-22.7256928987772,-16.2));
#8024=CARTESIAN_POINT('Ctrl Pts',(-10.6586325922669,-23.0636910698987,0.));
#8025=CARTESIAN_POINT('Ctrl Pts',(-10.6586325922669,-23.0636910698987,-16.2));
#8026=CARTESIAN_POINT('Ctrl Pts',(-10.6388789985028,-23.4013105500931,0.));
#8027=CARTESIAN_POINT('Ctrl Pts',(-10.6388789985028,-23.4013105500931,-16.2));
#8028=CARTESIAN_POINT('Ctrl Pts',(-10.6176543584652,-23.6257425682105,0.));
#8029=CARTESIAN_POINT('Ctrl Pts',(-10.6176543584652,-23.6257425682105,-16.2));
#8030=CARTESIAN_POINT('Ctrl Pts',(-10.6070420763446,-23.7379581765293,0.));
#8031=CARTESIAN_POINT('Ctrl Pts',(-10.6070420763446,-23.7379581765293,-16.2));
#8032=CARTESIAN_POINT('',(-15.2541537766746,-21.0549469853895,-16.2));
#8033=CARTESIAN_POINT('',(-15.2541537766746,-21.0549469853895,0.));
#8034=CARTESIAN_POINT('',(-10.6070420763446,-23.7379581765293,-16.2));
#8035=CARTESIAN_POINT('Ctrl Pts',(-10.6070420763446,-23.7379581765293,-16.2));
#8036=CARTESIAN_POINT('Ctrl Pts',(-10.6176543584652,-23.6257425682105,-16.2));
#8037=CARTESIAN_POINT('Ctrl Pts',(-10.6388789985028,-23.4013105500931,-16.2));
#8038=CARTESIAN_POINT('Ctrl Pts',(-10.6586325922669,-23.0636910698987,-16.2));
#8039=CARTESIAN_POINT('Ctrl Pts',(-10.6693307323517,-22.7256928987772,-16.2));
#8040=CARTESIAN_POINT('Ctrl Pts',(-10.6694830496775,-22.3875048281897,-16.2));
#8041=CARTESIAN_POINT('Ctrl Pts',(-10.6586079886278,-22.0494926973798,-16.2));
#8042=CARTESIAN_POINT('Ctrl Pts',(-10.6357926922871,-21.7120592994817,-16.2));
#8043=CARTESIAN_POINT('Ctrl Pts',(-10.599859407048,-21.3757793332567,-16.2));
#8044=CARTESIAN_POINT('Ctrl Pts',(-10.5496760688412,-21.0412433945071,-16.2));
#8045=CARTESIAN_POINT('Ctrl Pts',(-10.4818747352624,-20.7099985340181,-16.2));
#8046=CARTESIAN_POINT('Ctrl Pts',(-10.3977833750924,-20.3818900809488,-16.2));
#8047=CARTESIAN_POINT('Ctrl Pts',(-10.2935373063607,-20.119756511369,-16.2));
#8048=CARTESIAN_POINT('Ctrl Pts',(-10.2269704758145,-19.9042219163807,-16.2));
#8049=CARTESIAN_POINT('Ctrl Pts',(-10.1928468792022,-19.7383517030153,-16.2));
#8050=CARTESIAN_POINT('Ctrl Pts',(-10.1761910349148,-19.5699936976895,-16.2));
#8051=CARTESIAN_POINT('Ctrl Pts',(-10.1774853227427,-19.4004121159427,-16.2));
#8052=CARTESIAN_POINT('Ctrl Pts',(-10.2040517280776,-19.261553577591,-16.2));
#8053=CARTESIAN_POINT('Ctrl Pts',(-10.2352956002865,-19.1531532652753,-16.2));
#8054=CARTESIAN_POINT('Ctrl Pts',(-10.269147642042,-19.0755629424439,-16.2));
#8055=CARTESIAN_POINT('Ctrl Pts',(-10.3068899728511,-18.9997411325927,-16.2));
#8056=CARTESIAN_POINT('Ctrl Pts',(-10.3552444380954,-18.9302525318239,-16.2));
#8057=CARTESIAN_POINT('Ctrl Pts',(-10.4065480341431,-18.8628626456888,-16.2));
#8058=CARTESIAN_POINT('Ctrl Pts',(-10.4677850610915,-18.8043518578995,-16.2));
#8059=CARTESIAN_POINT('Ctrl Pts',(-10.531651544482,-18.748754116128,-16.2));
#8060=CARTESIAN_POINT('Ctrl Pts',(-10.6272028528796,-18.6884938321675,-16.2));
#8061=CARTESIAN_POINT('Ctrl Pts',(-10.750562767178,-18.6205209227106,-16.2));
#8062=CARTESIAN_POINT('Ctrl Pts',(-10.871108990686,-18.5476745578479,-16.2));
#8063=CARTESIAN_POINT('Ctrl Pts',(-10.9710715816339,-18.4950548393911,-16.2));
#8064=CARTESIAN_POINT('Ctrl Pts',(-11.0511538800962,-18.4675437132102,-16.2));
#8065=CARTESIAN_POINT('Ctrl Pts',(-11.1324442221915,-18.4437662861153,-16.2));
#8066=CARTESIAN_POINT('Ctrl Pts',(-11.2164573735665,-18.4330310117001,-16.2));
#8067=CARTESIAN_POINT('Ctrl Pts',(-11.3008134997278,-18.4258991167965,-16.2));
#8068=CARTESIAN_POINT('Ctrl Pts',(-11.3853482786245,-18.4311242044434,-16.2));
#8069=CARTESIAN_POINT('Ctrl Pts',(-11.469469490162,-18.4406026377289,-16.2));
#8070=CARTESIAN_POINT('Ctrl Pts',(-11.57896885051,-18.4677448068412,-16.2));
#8071=CARTESIAN_POINT('Ctrl Pts',(-11.7125070749224,-18.5141668941099,-16.2));
#8072=CARTESIAN_POINT('Ctrl Pts',(-11.8600161766431,-18.5978367988444,-16.2));
#8073=CARTESIAN_POINT('Ctrl Pts',(-11.997490564042,-18.6964401857817,-16.2));
#8074=CARTESIAN_POINT('Ctrl Pts',(-12.1240765842414,-18.8089271939992,-16.2));
#8075=CARTESIAN_POINT('Ctrl Pts',(-12.2774516036226,-18.9743430577957,-16.2));
#8076=CARTESIAN_POINT('Ctrl Pts',(-12.4523428996975,-19.195689586352,-16.2));
#8077=CARTESIAN_POINT('Ctrl Pts',(-12.694447475167,-19.4325690670326,-16.2));
#8078=CARTESIAN_POINT('Ctrl Pts',(-12.9474132724341,-19.6569091745668,-16.2));
#8079=CARTESIAN_POINT('Ctrl Pts',(-13.2120382247667,-19.8676371896754,-16.2));
#8080=CARTESIAN_POINT('Ctrl Pts',(-13.4852985756818,-20.0668963106464,-16.2));
#8081=CARTESIAN_POINT('Ctrl Pts',(-13.7661168221765,-20.2553716358214,-16.2));
#8082=CARTESIAN_POINT('Ctrl Pts',(-14.0534063837203,-20.4337957803631,-16.2));
#8083=CARTESIAN_POINT('Ctrl Pts',(-14.3463620027688,-20.6027579049833,-16.2));
#8084=CARTESIAN_POINT('Ctrl Pts',(-14.6444260754351,-20.7624921294572,-16.2));
#8085=CARTESIAN_POINT('Ctrl Pts',(-14.946689918978,-20.9141947555388,-16.2));
#8086=CARTESIAN_POINT('Ctrl Pts',(-15.1516660681091,-21.0080296871387,-16.2));
#8087=CARTESIAN_POINT('Ctrl Pts',(-15.2541537766746,-21.0549469853895,-16.2));
#8088=CARTESIAN_POINT('',(-10.6070420763446,-23.7379581765293,0.));
#8089=CARTESIAN_POINT('Ctrl Pts',(-9.28495981763223,-24.2855825786608,0.));
#8090=CARTESIAN_POINT('Ctrl Pts',(-9.28495981763223,-24.2855825786608,-16.2));
#8091=CARTESIAN_POINT('Ctrl Pts',(-9.19810738338367,-24.213738177715,0.));
#8092=CARTESIAN_POINT('Ctrl Pts',(-9.19810738338367,-24.213738177715,-16.2));
#8093=CARTESIAN_POINT('Ctrl Pts',(-9.02440189455858,-24.0700488626876,0.));
#8094=CARTESIAN_POINT('Ctrl Pts',(-9.02440189455858,-24.0700488626876,-16.2));
#8095=CARTESIAN_POINT('Ctrl Pts',(-8.77170097054913,-23.8452837388848,0.));
#8096=CARTESIAN_POINT('Ctrl Pts',(-8.77170097054913,-23.8452837388848,-16.2));
#8097=CARTESIAN_POINT('Ctrl Pts',(-8.52513544432039,-23.6138476674563,0.));
#8098=CARTESIAN_POINT('Ctrl Pts',(-8.52513544432039,-23.6138476674563,-16.2));
#8099=CARTESIAN_POINT('Ctrl Pts',(-8.28589266167758,-23.3748202940414,0.));
#8100=CARTESIAN_POINT('Ctrl Pts',(-8.28589266167758,-23.3748202940414,-16.2));
#8101=CARTESIAN_POINT('Ctrl Pts',(-8.05457182127271,-23.1281197948084,0.));
#8102=CARTESIAN_POINT('Ctrl Pts',(-8.05457182127271,-23.1281197948084,-16.2));
#8103=CARTESIAN_POINT('Ctrl Pts',(-7.83210322817745,-22.8733855001985,0.));
#8104=CARTESIAN_POINT('Ctrl Pts',(-7.83210322817745,-22.8733855001985,-16.2));
#8105=CARTESIAN_POINT('Ctrl Pts',(-7.61972605334536,-22.6101909860408,0.));
#8106=CARTESIAN_POINT('Ctrl Pts',(-7.61972605334536,-22.6101909860408,-16.2));
#8107=CARTESIAN_POINT('Ctrl Pts',(-7.41865840125357,-22.3381533764517,0.));
#8108=CARTESIAN_POINT('Ctrl Pts',(-7.41865840125357,-22.3381533764517,-16.2));
#8109=CARTESIAN_POINT('Ctrl Pts',(-7.23237569691566,-22.0559851066197,0.));
#8110=CARTESIAN_POINT('Ctrl Pts',(-7.23237569691566,-22.0559851066197,-16.2));
#8111=CARTESIAN_POINT('Ctrl Pts',(-7.05982955580114,-21.7645158234744,0.));
#8112=CARTESIAN_POINT('Ctrl Pts',(-7.05982955580114,-21.7645158234744,-16.2));
#8113=CARTESIAN_POINT('Ctrl Pts',(-6.94818623328686,-21.5054462967356,0.));
#8114=CARTESIAN_POINT('Ctrl Pts',(-6.94818623328686,-21.5054462967356,-16.2));
#8115=CARTESIAN_POINT('Ctrl Pts',(-6.8428501168716,-21.3059704657578,0.));
#8116=CARTESIAN_POINT('Ctrl Pts',(-6.8428501168716,-21.3059704657578,-16.2));
#8117=CARTESIAN_POINT('Ctrl Pts',(-6.74969119076715,-21.1645534865272,0.));
#8118=CARTESIAN_POINT('Ctrl Pts',(-6.74969119076715,-21.1645534865272,-16.2));
#8119=CARTESIAN_POINT('Ctrl Pts',(-6.64242156397624,-21.0337289388522,0.));
#8120=CARTESIAN_POINT('Ctrl Pts',(-6.64242156397624,-21.0337289388522,-16.2));
#8121=CARTESIAN_POINT('Ctrl Pts',(-6.52159407785878,-20.9147318521348,0.));
#8122=CARTESIAN_POINT('Ctrl Pts',(-6.52159407785878,-20.9147318521348,-16.2));
#8123=CARTESIAN_POINT('Ctrl Pts',(-6.40462097840062,-20.8353293234046,0.));
#8124=CARTESIAN_POINT('Ctrl Pts',(-6.40462097840062,-20.8353293234046,-16.2));
#8125=CARTESIAN_POINT('Ctrl Pts',(-6.30587762857001,-20.7807714813929,0.));
#8126=CARTESIAN_POINT('Ctrl Pts',(-6.30587762857001,-20.7807714813929,-16.2));
#8127=CARTESIAN_POINT('Ctrl Pts',(-6.22707597685917,-20.7498438462467,0.));
#8128=CARTESIAN_POINT('Ctrl Pts',(-6.22707597685917,-20.7498438462467,-16.2));
#8129=CARTESIAN_POINT('Ctrl Pts',(-6.1467740028986,-20.7229175883919,0.));
#8130=CARTESIAN_POINT('Ctrl Pts',(-6.1467740028986,-20.7229175883919,-16.2));
#8131=CARTESIAN_POINT('Ctrl Pts',(-6.06344637180492,-20.707973497848,0.));
#8132=CARTESIAN_POINT('Ctrl Pts',(-6.06344637180492,-20.707973497848,-16.2));
#8133=CARTESIAN_POINT('Ctrl Pts',(-5.97951740567088,-20.6965987730431,0.));
#8134=CARTESIAN_POINT('Ctrl Pts',(-5.97951740567088,-20.6965987730431,-16.2));
#8135=CARTESIAN_POINT('Ctrl Pts',(-5.89484291383747,-20.6985265152396,0.));
#8136=CARTESIAN_POINT('Ctrl Pts',(-5.89484291383747,-20.6985265152396,-16.2));
#8137=CARTESIAN_POINT('Ctrl Pts',(-5.81036895011626,-20.7043733985104,0.));
#8138=CARTESIAN_POINT('Ctrl Pts',(-5.81036895011626,-20.7043733985104,-16.2));
#8139=CARTESIAN_POINT('Ctrl Pts',(-5.70019351657237,-20.7293279212047,0.));
#8140=CARTESIAN_POINT('Ctrl Pts',(-5.70019351657237,-20.7293279212047,-16.2));
#8141=CARTESIAN_POINT('Ctrl Pts',(-5.56490077943146,-20.7684924479179,0.));
#8142=CARTESIAN_POINT('Ctrl Pts',(-5.56490077943146,-20.7684924479179,-16.2));
#8143=CARTESIAN_POINT('Ctrl Pts',(-5.42815156876336,-20.8022213414277,0.));
#8144=CARTESIAN_POINT('Ctrl Pts',(-5.42815156876336,-20.8022213414277,-16.2));
#8145=CARTESIAN_POINT('Ctrl Pts',(-5.32025958309415,-20.8356978076068,0.));
#8146=CARTESIAN_POINT('Ctrl Pts',(-5.32025958309415,-20.8356978076068,-16.2));
#8147=CARTESIAN_POINT('Ctrl Pts',(-5.24417954291785,-20.8728712400221,0.));
#8148=CARTESIAN_POINT('Ctrl Pts',(-5.24417954291785,-20.8728712400221,-16.2));
#8149=CARTESIAN_POINT('Ctrl Pts',(-5.16988541083932,-20.9135390122246,0.));
#8150=CARTESIAN_POINT('Ctrl Pts',(-5.16988541083932,-20.9135390122246,-16.2));
#8151=CARTESIAN_POINT('Ctrl Pts',(-5.10288815645634,-20.9653542959338,0.));
#8152=CARTESIAN_POINT('Ctrl Pts',(-5.10288815645634,-20.9653542959338,-16.2));
#8153=CARTESIAN_POINT('Ctrl Pts',(-5.03819635636399,-21.019960073528,0.));
#8154=CARTESIAN_POINT('Ctrl Pts',(-5.03819635636399,-21.019960073528,-16.2));
#8155=CARTESIAN_POINT('Ctrl Pts',(-4.98211593586747,-21.0834298838394,0.));
#8156=CARTESIAN_POINT('Ctrl Pts',(-4.98211593586747,-21.0834298838394,-16.2));
#8157=CARTESIAN_POINT('Ctrl Pts',(-4.92933552119881,-21.1496148274104,0.));
#8158=CARTESIAN_POINT('Ctrl Pts',(-4.92933552119881,-21.1496148274104,-16.2));
#8159=CARTESIAN_POINT('Ctrl Pts',(-4.87110019279657,-21.2462349794835,0.));
#8160=CARTESIAN_POINT('Ctrl Pts',(-4.87110019279657,-21.2462349794835,-16.2));
#8161=CARTESIAN_POINT('Ctrl Pts',(-4.80949978147147,-21.3734861362176,0.));
#8162=CARTESIAN_POINT('Ctrl Pts',(-4.80949978147147,-21.3734861362176,-16.2));
#8163=CARTESIAN_POINT('Ctrl Pts',(-4.76435865237712,-21.5369543793501,0.));
#8164=CARTESIAN_POINT('Ctrl Pts',(-4.76435865237712,-21.5369543793501,-16.2));
#8165=CARTESIAN_POINT('Ctrl Pts',(-4.73687270435918,-21.7038865744706,0.));
#8166=CARTESIAN_POINT('Ctrl Pts',(-4.73687270435918,-21.7038865744706,-16.2));
#8167=CARTESIAN_POINT('Ctrl Pts',(-4.72690319737875,-21.872936734063,0.));
#8168=CARTESIAN_POINT('Ctrl Pts',(-4.72690319737875,-21.872936734063,-16.2));
#8169=CARTESIAN_POINT('Ctrl Pts',(-4.73541736011604,-22.0983559293384,0.));
#8170=CARTESIAN_POINT('Ctrl Pts',(-4.73541736011604,-22.0983559293384,-16.2));
#8171=CARTESIAN_POINT('Ctrl Pts',(-4.76826617002514,-22.3785383820977,0.));
#8172=CARTESIAN_POINT('Ctrl Pts',(-4.76826617002514,-22.3785383820977,-16.2));
#8173=CARTESIAN_POINT('Ctrl Pts',(-4.76457147006768,-22.7172312562817,0.));
#8174=CARTESIAN_POINT('Ctrl Pts',(-4.76457147006768,-22.7172312562817,-16.2));
#8175=CARTESIAN_POINT('Ctrl Pts',(-4.74433005074136,-23.0547374982671,0.));
#8176=CARTESIAN_POINT('Ctrl Pts',(-4.74433005074136,-23.0547374982671,-16.2));
#8177=CARTESIAN_POINT('Ctrl Pts',(-4.70621916094513,-23.3908628050019,0.));
#8178=CARTESIAN_POINT('Ctrl Pts',(-4.70621916094513,-23.3908628050019,-16.2));
#8179=CARTESIAN_POINT('Ctrl Pts',(-4.65389238943544,-23.7249845278152,0.));
#8180=CARTESIAN_POINT('Ctrl Pts',(-4.65389238943544,-23.7249845278152,-16.2));
#8181=CARTESIAN_POINT('Ctrl Pts',(-4.58859608357571,-24.0568251947101,0.));
#8182=CARTESIAN_POINT('Ctrl Pts',(-4.58859608357571,-24.0568251947101,-16.2));
#8183=CARTESIAN_POINT('Ctrl Pts',(-4.51161660897683,-24.3861345143747,0.));
#8184=CARTESIAN_POINT('Ctrl Pts',(-4.51161660897683,-24.3861345143747,-16.2));
#8185=CARTESIAN_POINT('Ctrl Pts',(-4.42393996824351,-24.7127596832733,0.));
#8186=CARTESIAN_POINT('Ctrl Pts',(-4.42393996824351,-24.7127596832733,-16.2));
#8187=CARTESIAN_POINT('Ctrl Pts',(-4.32612599454625,-25.0364719635968,0.));
#8188=CARTESIAN_POINT('Ctrl Pts',(-4.32612599454625,-25.0364719635968,-16.2));
#8189=CARTESIAN_POINT('Ctrl Pts',(-4.21966313669563,-25.3574747326995,0.));
#8190=CARTESIAN_POINT('Ctrl Pts',(-4.21966313669563,-25.3574747326995,-16.2));
#8191=CARTESIAN_POINT('Ctrl Pts',(-4.14107442811002,-25.5687660741782,0.));
#8192=CARTESIAN_POINT('Ctrl Pts',(-4.14107442811002,-25.5687660741782,-16.2));
#8193=CARTESIAN_POINT('Ctrl Pts',(-4.10178021414316,-25.6744113676412,0.));
#8194=CARTESIAN_POINT('Ctrl Pts',(-4.10178021414316,-25.6744113676412,-16.2));
#8195=CARTESIAN_POINT('',(-9.28495981763223,-24.2855825786608,-16.2));
#8196=CARTESIAN_POINT('',(-9.28495981763223,-24.2855825786608,0.));
#8197=CARTESIAN_POINT('',(-4.10178021414316,-25.6744113676412,-16.2));
#8198=CARTESIAN_POINT('Ctrl Pts',(-4.10178021414316,-25.6744113676412,-16.2));
#8199=CARTESIAN_POINT('Ctrl Pts',(-4.14107442811002,-25.5687660741782,-16.2));
#8200=CARTESIAN_POINT('Ctrl Pts',(-4.21966313669563,-25.3574747326995,-16.2));
#8201=CARTESIAN_POINT('Ctrl Pts',(-4.32612599454625,-25.0364719635968,-16.2));
#8202=CARTESIAN_POINT('Ctrl Pts',(-4.42393996824351,-24.7127596832733,-16.2));
#8203=CARTESIAN_POINT('Ctrl Pts',(-4.51161660897683,-24.3861345143747,-16.2));
#8204=CARTESIAN_POINT('Ctrl Pts',(-4.58859608357571,-24.0568251947101,-16.2));
#8205=CARTESIAN_POINT('Ctrl Pts',(-4.65389238943544,-23.7249845278152,-16.2));
#8206=CARTESIAN_POINT('Ctrl Pts',(-4.70621916094513,-23.3908628050019,-16.2));
#8207=CARTESIAN_POINT('Ctrl Pts',(-4.74433005074136,-23.0547374982671,-16.2));
#8208=CARTESIAN_POINT('Ctrl Pts',(-4.76457147006768,-22.7172312562817,-16.2));
#8209=CARTESIAN_POINT('Ctrl Pts',(-4.76826617002514,-22.3785383820977,-16.2));
#8210=CARTESIAN_POINT('Ctrl Pts',(-4.73541736011604,-22.0983559293384,-16.2));
#8211=CARTESIAN_POINT('Ctrl Pts',(-4.72690319737875,-21.872936734063,-16.2));
#8212=CARTESIAN_POINT('Ctrl Pts',(-4.73687270435918,-21.7038865744706,-16.2));
#8213=CARTESIAN_POINT('Ctrl Pts',(-4.76435865237712,-21.5369543793501,-16.2));
#8214=CARTESIAN_POINT('Ctrl Pts',(-4.80949978147147,-21.3734861362176,-16.2));
#8215=CARTESIAN_POINT('Ctrl Pts',(-4.87110019279657,-21.2462349794835,-16.2));
#8216=CARTESIAN_POINT('Ctrl Pts',(-4.92933552119881,-21.1496148274104,-16.2));
#8217=CARTESIAN_POINT('Ctrl Pts',(-4.98211593586747,-21.0834298838394,-16.2));
#8218=CARTESIAN_POINT('Ctrl Pts',(-5.03819635636399,-21.019960073528,-16.2));
#8219=CARTESIAN_POINT('Ctrl Pts',(-5.10288815645634,-20.9653542959338,-16.2));
#8220=CARTESIAN_POINT('Ctrl Pts',(-5.16988541083932,-20.9135390122246,-16.2));
#8221=CARTESIAN_POINT('Ctrl Pts',(-5.24417954291785,-20.8728712400221,-16.2));
#8222=CARTESIAN_POINT('Ctrl Pts',(-5.32025958309415,-20.8356978076068,-16.2));
#8223=CARTESIAN_POINT('Ctrl Pts',(-5.42815156876336,-20.8022213414277,-16.2));
#8224=CARTESIAN_POINT('Ctrl Pts',(-5.56490077943146,-20.7684924479179,-16.2));
#8225=CARTESIAN_POINT('Ctrl Pts',(-5.70019351657237,-20.7293279212047,-16.2));
#8226=CARTESIAN_POINT('Ctrl Pts',(-5.81036895011626,-20.7043733985104,-16.2));
#8227=CARTESIAN_POINT('Ctrl Pts',(-5.89484291383747,-20.6985265152396,-16.2));
#8228=CARTESIAN_POINT('Ctrl Pts',(-5.97951740567088,-20.6965987730431,-16.2));
#8229=CARTESIAN_POINT('Ctrl Pts',(-6.06344637180492,-20.707973497848,-16.2));
#8230=CARTESIAN_POINT('Ctrl Pts',(-6.1467740028986,-20.7229175883919,-16.2));
#8231=CARTESIAN_POINT('Ctrl Pts',(-6.22707597685917,-20.7498438462467,-16.2));
#8232=CARTESIAN_POINT('Ctrl Pts',(-6.30587762857001,-20.7807714813929,-16.2));
#8233=CARTESIAN_POINT('Ctrl Pts',(-6.40462097840062,-20.8353293234046,-16.2));
#8234=CARTESIAN_POINT('Ctrl Pts',(-6.52159407785878,-20.9147318521348,-16.2));
#8235=CARTESIAN_POINT('Ctrl Pts',(-6.64242156397624,-21.0337289388522,-16.2));
#8236=CARTESIAN_POINT('Ctrl Pts',(-6.74969119076715,-21.1645534865272,-16.2));
#8237=CARTESIAN_POINT('Ctrl Pts',(-6.8428501168716,-21.3059704657578,-16.2));
#8238=CARTESIAN_POINT('Ctrl Pts',(-6.94818623328686,-21.5054462967356,-16.2));
#8239=CARTESIAN_POINT('Ctrl Pts',(-7.05982955580114,-21.7645158234744,-16.2));
#8240=CARTESIAN_POINT('Ctrl Pts',(-7.23237569691566,-22.0559851066197,-16.2));
#8241=CARTESIAN_POINT('Ctrl Pts',(-7.41865840125357,-22.3381533764517,-16.2));
#8242=CARTESIAN_POINT('Ctrl Pts',(-7.61972605334536,-22.6101909860408,-16.2));
#8243=CARTESIAN_POINT('Ctrl Pts',(-7.83210322817745,-22.8733855001985,-16.2));
#8244=CARTESIAN_POINT('Ctrl Pts',(-8.05457182127271,-23.1281197948084,-16.2));
#8245=CARTESIAN_POINT('Ctrl Pts',(-8.28589266167758,-23.3748202940414,-16.2));
#8246=CARTESIAN_POINT('Ctrl Pts',(-8.52513544432039,-23.6138476674563,-16.2));
#8247=CARTESIAN_POINT('Ctrl Pts',(-8.77170097054913,-23.8452837388848,-16.2));
#8248=CARTESIAN_POINT('Ctrl Pts',(-9.02440189455858,-24.0700488626876,-16.2));
#8249=CARTESIAN_POINT('Ctrl Pts',(-9.19810738338367,-24.213738177715,-16.2));
#8250=CARTESIAN_POINT('Ctrl Pts',(-9.28495981763223,-24.2855825786608,-16.2));
#8251=CARTESIAN_POINT('',(-4.10178021414316,-25.6744113676412,0.));
#8252=CARTESIAN_POINT('Ctrl Pts',(-2.6830111911398,-25.8611958530192,0.));
#8253=CARTESIAN_POINT('Ctrl Pts',(-2.6830111911398,-25.8611958530192,-16.2));
#8254=CARTESIAN_POINT('Ctrl Pts',(-2.6177128810718,-25.7693204265744,0.));
#8255=CARTESIAN_POINT('Ctrl Pts',(-2.6177128810718,-25.7693204265744,-16.2));
#8256=CARTESIAN_POINT('Ctrl Pts',(-2.48711579455431,-25.5855689174808,0.));
#8257=CARTESIAN_POINT('Ctrl Pts',(-2.48711579455431,-25.5855689174808,-16.2));
#8258=CARTESIAN_POINT('Ctrl Pts',(-2.30119894044147,-25.303058667702,0.));
#8259=CARTESIAN_POINT('Ctrl Pts',(-2.30119894044147,-25.303058667702,-16.2));
#8260=CARTESIAN_POINT('Ctrl Pts',(-2.12293499379398,-25.0156927351206,0.));
#8261=CARTESIAN_POINT('Ctrl Pts',(-2.12293499379398,-25.0156927351206,-16.2));
#8262=CARTESIAN_POINT('Ctrl Pts',(-1.95370904782663,-24.7228894333978,0.));
#8263=CARTESIAN_POINT('Ctrl Pts',(-1.95370904782663,-24.7228894333978,-16.2));
#8264=CARTESIAN_POINT('Ctrl Pts',(-1.79412106155848,-24.4247248108043,0.));
#8265=CARTESIAN_POINT('Ctrl Pts',(-1.79412106155848,-24.4247248108043,-16.2));
#8266=CARTESIAN_POINT('Ctrl Pts',(-1.64516298883537,-24.1210912679689,0.));
#8267=CARTESIAN_POINT('Ctrl Pts',(-1.64516298883537,-24.1210912679689,-16.2));
#8268=CARTESIAN_POINT('Ctrl Pts',(-1.50814214358127,-23.8118976318147,0.));
#8269=CARTESIAN_POINT('Ctrl Pts',(-1.50814214358127,-23.8118976318147,-16.2));
#8270=CARTESIAN_POINT('Ctrl Pts',(-1.38433421994033,-23.4970893412753,0.));
#8271=CARTESIAN_POINT('Ctrl Pts',(-1.38433421994033,-23.4970893412753,-16.2));
#8272=CARTESIAN_POINT('Ctrl Pts',(-1.27742946698552,-23.1763222104294,0.));
#8273=CARTESIAN_POINT('Ctrl Pts',(-1.27742946698552,-23.1763222104294,-16.2));
#8274=CARTESIAN_POINT('Ctrl Pts',(-1.18620049459688,-22.85012627479,0.));
#8275=CARTESIAN_POINT('Ctrl Pts',(-1.18620049459688,-22.85012627479,-16.2));
#8276=CARTESIAN_POINT('Ctrl Pts',(-1.1454134535733,-22.5709889099833,0.));
#8277=CARTESIAN_POINT('Ctrl Pts',(-1.1454134535733,-22.5709889099833,-16.2));
#8278=CARTESIAN_POINT('Ctrl Pts',(-1.09529472238151,-22.351047060056,0.));
#8279=CARTESIAN_POINT('Ctrl Pts',(-1.09529472238151,-22.351047060056,-16.2));
#8280=CARTESIAN_POINT('Ctrl Pts',(-1.04191151723362,-22.1903374432442,0.));
#8281=CARTESIAN_POINT('Ctrl Pts',(-1.04191151723362,-22.1903374432442,-16.2));
#8282=CARTESIAN_POINT('Ctrl Pts',(-0.97215689884509,-22.0362072115579,0.));
#8283=CARTESIAN_POINT('Ctrl Pts',(-0.97215689884509,-22.0362072115579,-16.2));
#8284=CARTESIAN_POINT('Ctrl Pts',(-0.886245221832852,-21.8899923976652,
0.));
#8285=CARTESIAN_POINT('Ctrl Pts',(-0.886245221832852,-21.8899923976652,
-16.2));
#8286=CARTESIAN_POINT('Ctrl Pts',(-0.793808770749811,-21.7830205785876,
0.));
#8287=CARTESIAN_POINT('Ctrl Pts',(-0.793808770749811,-21.7830205785876,
-16.2));
#8288=CARTESIAN_POINT('Ctrl Pts',(-0.712550627546449,-21.7047650904486,
0.));
#8289=CARTESIAN_POINT('Ctrl Pts',(-0.712550627546449,-21.7047650904486,
-16.2));
#8290=CARTESIAN_POINT('Ctrl Pts',(-0.644438738000522,-21.6544959206665,
0.));
#8291=CARTESIAN_POINT('Ctrl Pts',(-0.644438738000522,-21.6544959206665,
-16.2));
#8292=CARTESIAN_POINT('Ctrl Pts',(-0.57384201579618,-21.6077034725789,0.));
#8293=CARTESIAN_POINT('Ctrl Pts',(-0.57384201579618,-21.6077034725789,-16.2));
#8294=CARTESIAN_POINT('Ctrl Pts',(-0.497221520123799,-21.5717018116619,
0.));
#8295=CARTESIAN_POINT('Ctrl Pts',(-0.497221520123799,-21.5717018116619,
-16.2));
#8296=CARTESIAN_POINT('Ctrl Pts',(-0.419096359573502,-21.5389922563346,
0.));
#8297=CARTESIAN_POINT('Ctrl Pts',(-0.419096359573502,-21.5389922563346,
-16.2));
#8298=CARTESIAN_POINT('Ctrl Pts',(-0.336808144689219,-21.5189389411877,
0.));
#8299=CARTESIAN_POINT('Ctrl Pts',(-0.336808144689219,-21.5189389411877,
-16.2));
#8300=CARTESIAN_POINT('Ctrl Pts',(-0.253699276736902,-21.502723126116,0.));
#8301=CARTESIAN_POINT('Ctrl Pts',(-0.253699276736902,-21.502723126116,-16.2));
#8302=CARTESIAN_POINT('Ctrl Pts',(-0.140819274319537,-21.4983118435656,
0.));
#8303=CARTESIAN_POINT('Ctrl Pts',(-0.140819274319537,-21.4983118435656,
-16.2));
#8304=CARTESIAN_POINT('Ctrl Pts',(4.44089209850063E-15,-21.5011255343561,
0.));
#8305=CARTESIAN_POINT('Ctrl Pts',(4.44089209850063E-15,-21.5011255343561,
-16.2));
#8306=CARTESIAN_POINT('Ctrl Pts',(0.140819274319536,-21.4983118435657,0.));
#8307=CARTESIAN_POINT('Ctrl Pts',(0.140819274319536,-21.4983118435657,-16.2));
#8308=CARTESIAN_POINT('Ctrl Pts',(0.253699276736919,-21.5027231261159,0.));
#8309=CARTESIAN_POINT('Ctrl Pts',(0.253699276736919,-21.5027231261159,-16.2));
#8310=CARTESIAN_POINT('Ctrl Pts',(0.336808144689215,-21.5189389411878,0.));
#8311=CARTESIAN_POINT('Ctrl Pts',(0.336808144689215,-21.5189389411878,-16.2));
#8312=CARTESIAN_POINT('Ctrl Pts',(0.419096359573513,-21.5389922563346,0.));
#8313=CARTESIAN_POINT('Ctrl Pts',(0.419096359573513,-21.5389922563346,-16.2));
#8314=CARTESIAN_POINT('Ctrl Pts',(0.497221520123812,-21.5717018116619,0.));
#8315=CARTESIAN_POINT('Ctrl Pts',(0.497221520123812,-21.5717018116619,-16.2));
#8316=CARTESIAN_POINT('Ctrl Pts',(0.573842015796175,-21.6077034725789,0.));
#8317=CARTESIAN_POINT('Ctrl Pts',(0.573842015796175,-21.6077034725789,-16.2));
#8318=CARTESIAN_POINT('Ctrl Pts',(0.644438738000542,-21.6544959206665,0.));
#8319=CARTESIAN_POINT('Ctrl Pts',(0.644438738000542,-21.6544959206665,-16.2));
#8320=CARTESIAN_POINT('Ctrl Pts',(0.712550627546453,-21.7047650904486,0.));
#8321=CARTESIAN_POINT('Ctrl Pts',(0.712550627546453,-21.7047650904486,-16.2));
#8322=CARTESIAN_POINT('Ctrl Pts',(0.793808770749815,-21.7830205785876,0.));
#8323=CARTESIAN_POINT('Ctrl Pts',(0.793808770749815,-21.7830205785876,-16.2));
#8324=CARTESIAN_POINT('Ctrl Pts',(0.886245221832882,-21.8899923976652,0.));
#8325=CARTESIAN_POINT('Ctrl Pts',(0.886245221832882,-21.8899923976652,-16.2));
#8326=CARTESIAN_POINT('Ctrl Pts',(0.97215689884509,-22.0362072115578,0.));
#8327=CARTESIAN_POINT('Ctrl Pts',(0.97215689884509,-22.0362072115578,-16.2));
#8328=CARTESIAN_POINT('Ctrl Pts',(1.04191151723362,-22.1903374432442,0.));
#8329=CARTESIAN_POINT('Ctrl Pts',(1.04191151723362,-22.1903374432442,-16.2));
#8330=CARTESIAN_POINT('Ctrl Pts',(1.09529472238152,-22.351047060056,0.));
#8331=CARTESIAN_POINT('Ctrl Pts',(1.09529472238152,-22.351047060056,-16.2));
#8332=CARTESIAN_POINT('Ctrl Pts',(1.14541345357331,-22.5709889099833,0.));
#8333=CARTESIAN_POINT('Ctrl Pts',(1.14541345357331,-22.5709889099833,-16.2));
#8334=CARTESIAN_POINT('Ctrl Pts',(1.18620049459689,-22.85012627479,0.));
#8335=CARTESIAN_POINT('Ctrl Pts',(1.18620049459689,-22.85012627479,-16.2));
#8336=CARTESIAN_POINT('Ctrl Pts',(1.27742946698552,-23.1763222104294,0.));
#8337=CARTESIAN_POINT('Ctrl Pts',(1.27742946698552,-23.1763222104294,-16.2));
#8338=CARTESIAN_POINT('Ctrl Pts',(1.38433421994035,-23.4970893412753,0.));
#8339=CARTESIAN_POINT('Ctrl Pts',(1.38433421994035,-23.4970893412753,-16.2));
#8340=CARTESIAN_POINT('Ctrl Pts',(1.50814214358129,-23.8118976318147,0.));
#8341=CARTESIAN_POINT('Ctrl Pts',(1.50814214358129,-23.8118976318147,-16.2));
#8342=CARTESIAN_POINT('Ctrl Pts',(1.64516298883538,-24.1210912679689,0.));
#8343=CARTESIAN_POINT('Ctrl Pts',(1.64516298883538,-24.1210912679689,-16.2));
#8344=CARTESIAN_POINT('Ctrl Pts',(1.79412106155848,-24.4247248108043,0.));
#8345=CARTESIAN_POINT('Ctrl Pts',(1.79412106155848,-24.4247248108043,-16.2));
#8346=CARTESIAN_POINT('Ctrl Pts',(1.95370904782664,-24.7228894333978,0.));
#8347=CARTESIAN_POINT('Ctrl Pts',(1.95370904782664,-24.7228894333978,-16.2));
#8348=CARTESIAN_POINT('Ctrl Pts',(2.12293499379401,-25.0156927351206,0.));
#8349=CARTESIAN_POINT('Ctrl Pts',(2.12293499379401,-25.0156927351206,-16.2));
#8350=CARTESIAN_POINT('Ctrl Pts',(2.30119894044144,-25.303058667702,0.));
#8351=CARTESIAN_POINT('Ctrl Pts',(2.30119894044144,-25.303058667702,-16.2));
#8352=CARTESIAN_POINT('Ctrl Pts',(2.48711579455433,-25.5855689174808,0.));
#8353=CARTESIAN_POINT('Ctrl Pts',(2.48711579455433,-25.5855689174808,-16.2));
#8354=CARTESIAN_POINT('Ctrl Pts',(2.61771288107181,-25.7693204265744,0.));
#8355=CARTESIAN_POINT('Ctrl Pts',(2.61771288107181,-25.7693204265744,-16.2));
#8356=CARTESIAN_POINT('Ctrl Pts',(2.68301119113981,-25.8611958530192,0.));
#8357=CARTESIAN_POINT('Ctrl Pts',(2.68301119113981,-25.8611958530192,-16.2));
#8358=CARTESIAN_POINT('',(-2.6830111911398,-25.8611958530192,-16.2));
#8359=CARTESIAN_POINT('',(-2.6830111911398,-25.8611958530192,0.));
#8360=CARTESIAN_POINT('',(2.68301119113981,-25.8611958530192,-16.2));
#8361=CARTESIAN_POINT('Ctrl Pts',(2.68301119113981,-25.8611958530192,-16.2));
#8362=CARTESIAN_POINT('Ctrl Pts',(2.61771288107181,-25.7693204265744,-16.2));
#8363=CARTESIAN_POINT('Ctrl Pts',(2.48711579455433,-25.5855689174808,-16.2));
#8364=CARTESIAN_POINT('Ctrl Pts',(2.30119894044144,-25.303058667702,-16.2));
#8365=CARTESIAN_POINT('Ctrl Pts',(2.12293499379401,-25.0156927351206,-16.2));
#8366=CARTESIAN_POINT('Ctrl Pts',(1.95370904782664,-24.7228894333978,-16.2));
#8367=CARTESIAN_POINT('Ctrl Pts',(1.79412106155848,-24.4247248108043,-16.2));
#8368=CARTESIAN_POINT('Ctrl Pts',(1.64516298883538,-24.1210912679689,-16.2));
#8369=CARTESIAN_POINT('Ctrl Pts',(1.50814214358129,-23.8118976318147,-16.2));
#8370=CARTESIAN_POINT('Ctrl Pts',(1.38433421994035,-23.4970893412753,-16.2));
#8371=CARTESIAN_POINT('Ctrl Pts',(1.27742946698552,-23.1763222104294,-16.2));
#8372=CARTESIAN_POINT('Ctrl Pts',(1.18620049459689,-22.85012627479,-16.2));
#8373=CARTESIAN_POINT('Ctrl Pts',(1.14541345357331,-22.5709889099833,-16.2));
#8374=CARTESIAN_POINT('Ctrl Pts',(1.09529472238152,-22.351047060056,-16.2));
#8375=CARTESIAN_POINT('Ctrl Pts',(1.04191151723362,-22.1903374432442,-16.2));
#8376=CARTESIAN_POINT('Ctrl Pts',(0.97215689884509,-22.0362072115578,-16.2));
#8377=CARTESIAN_POINT('Ctrl Pts',(0.886245221832882,-21.8899923976652,-16.2));
#8378=CARTESIAN_POINT('Ctrl Pts',(0.793808770749815,-21.7830205785876,-16.2));
#8379=CARTESIAN_POINT('Ctrl Pts',(0.712550627546453,-21.7047650904486,-16.2));
#8380=CARTESIAN_POINT('Ctrl Pts',(0.644438738000542,-21.6544959206665,-16.2));
#8381=CARTESIAN_POINT('Ctrl Pts',(0.573842015796175,-21.6077034725789,-16.2));
#8382=CARTESIAN_POINT('Ctrl Pts',(0.497221520123812,-21.5717018116619,-16.2));
#8383=CARTESIAN_POINT('Ctrl Pts',(0.419096359573513,-21.5389922563346,-16.2));
#8384=CARTESIAN_POINT('Ctrl Pts',(0.336808144689215,-21.5189389411878,-16.2));
#8385=CARTESIAN_POINT('Ctrl Pts',(0.253699276736919,-21.5027231261159,-16.2));
#8386=CARTESIAN_POINT('Ctrl Pts',(0.140819274319536,-21.4983118435657,-16.2));
#8387=CARTESIAN_POINT('Ctrl Pts',(4.44089209850063E-15,-21.5011255343561,
-16.2));
#8388=CARTESIAN_POINT('Ctrl Pts',(-0.140819274319537,-21.4983118435656,
-16.2));
#8389=CARTESIAN_POINT('Ctrl Pts',(-0.253699276736902,-21.502723126116,-16.2));
#8390=CARTESIAN_POINT('Ctrl Pts',(-0.336808144689219,-21.5189389411877,
-16.2));
#8391=CARTESIAN_POINT('Ctrl Pts',(-0.419096359573502,-21.5389922563346,
-16.2));
#8392=CARTESIAN_POINT('Ctrl Pts',(-0.497221520123799,-21.5717018116619,
-16.2));
#8393=CARTESIAN_POINT('Ctrl Pts',(-0.57384201579618,-21.6077034725789,-16.2));
#8394=CARTESIAN_POINT('Ctrl Pts',(-0.644438738000522,-21.6544959206665,
-16.2));
#8395=CARTESIAN_POINT('Ctrl Pts',(-0.712550627546449,-21.7047650904486,
-16.2));
#8396=CARTESIAN_POINT('Ctrl Pts',(-0.793808770749811,-21.7830205785876,
-16.2));
#8397=CARTESIAN_POINT('Ctrl Pts',(-0.886245221832852,-21.8899923976652,
-16.2));
#8398=CARTESIAN_POINT('Ctrl Pts',(-0.97215689884509,-22.0362072115579,-16.2));
#8399=CARTESIAN_POINT('Ctrl Pts',(-1.04191151723362,-22.1903374432442,-16.2));
#8400=CARTESIAN_POINT('Ctrl Pts',(-1.09529472238151,-22.351047060056,-16.2));
#8401=CARTESIAN_POINT('Ctrl Pts',(-1.1454134535733,-22.5709889099833,-16.2));
#8402=CARTESIAN_POINT('Ctrl Pts',(-1.18620049459688,-22.85012627479,-16.2));
#8403=CARTESIAN_POINT('Ctrl Pts',(-1.27742946698552,-23.1763222104294,-16.2));
#8404=CARTESIAN_POINT('Ctrl Pts',(-1.38433421994033,-23.4970893412753,-16.2));
#8405=CARTESIAN_POINT('Ctrl Pts',(-1.50814214358127,-23.8118976318147,-16.2));
#8406=CARTESIAN_POINT('Ctrl Pts',(-1.64516298883537,-24.1210912679689,-16.2));
#8407=CARTESIAN_POINT('Ctrl Pts',(-1.79412106155848,-24.4247248108043,-16.2));
#8408=CARTESIAN_POINT('Ctrl Pts',(-1.95370904782663,-24.7228894333978,-16.2));
#8409=CARTESIAN_POINT('Ctrl Pts',(-2.12293499379398,-25.0156927351206,-16.2));
#8410=CARTESIAN_POINT('Ctrl Pts',(-2.30119894044147,-25.303058667702,-16.2));
#8411=CARTESIAN_POINT('Ctrl Pts',(-2.48711579455431,-25.5855689174808,-16.2));
#8412=CARTESIAN_POINT('Ctrl Pts',(-2.6177128810718,-25.7693204265744,-16.2));
#8413=CARTESIAN_POINT('Ctrl Pts',(-2.6830111911398,-25.8611958530192,-16.2));
#8414=CARTESIAN_POINT('',(2.68301119113981,-25.8611958530192,0.));
#8415=CARTESIAN_POINT('Ctrl Pts',(4.10178021414318,-25.6744113676412,0.));
#8416=CARTESIAN_POINT('Ctrl Pts',(4.10178021414318,-25.6744113676412,-16.2));
#8417=CARTESIAN_POINT('Ctrl Pts',(4.14107442811004,-25.5687660741782,0.));
#8418=CARTESIAN_POINT('Ctrl Pts',(4.14107442811004,-25.5687660741782,-16.2));
#8419=CARTESIAN_POINT('Ctrl Pts',(4.21966313669566,-25.3574747326995,0.));
#8420=CARTESIAN_POINT('Ctrl Pts',(4.21966313669566,-25.3574747326995,-16.2));
#8421=CARTESIAN_POINT('Ctrl Pts',(4.32612599454624,-25.0364719635968,0.));
#8422=CARTESIAN_POINT('Ctrl Pts',(4.32612599454624,-25.0364719635968,-16.2));
#8423=CARTESIAN_POINT('Ctrl Pts',(4.42393996824356,-24.7127596832733,0.));
#8424=CARTESIAN_POINT('Ctrl Pts',(4.42393996824356,-24.7127596832733,-16.2));
#8425=CARTESIAN_POINT('Ctrl Pts',(4.51161660897686,-24.3861345143747,0.));
#8426=CARTESIAN_POINT('Ctrl Pts',(4.51161660897686,-24.3861345143747,-16.2));
#8427=CARTESIAN_POINT('Ctrl Pts',(4.58859608357573,-24.0568251947102,0.));
#8428=CARTESIAN_POINT('Ctrl Pts',(4.58859608357573,-24.0568251947102,-16.2));
#8429=CARTESIAN_POINT('Ctrl Pts',(4.65389238943546,-23.7249845278152,0.));
#8430=CARTESIAN_POINT('Ctrl Pts',(4.65389238943546,-23.7249845278152,-16.2));
#8431=CARTESIAN_POINT('Ctrl Pts',(4.70621916094516,-23.3908628050019,0.));
#8432=CARTESIAN_POINT('Ctrl Pts',(4.70621916094516,-23.3908628050019,-16.2));
#8433=CARTESIAN_POINT('Ctrl Pts',(4.74433005074139,-23.0547374982671,0.));
#8434=CARTESIAN_POINT('Ctrl Pts',(4.74433005074139,-23.0547374982671,-16.2));
#8435=CARTESIAN_POINT('Ctrl Pts',(4.76457147006769,-22.7172312562817,0.));
#8436=CARTESIAN_POINT('Ctrl Pts',(4.76457147006769,-22.7172312562817,-16.2));
#8437=CARTESIAN_POINT('Ctrl Pts',(4.76826617002518,-22.3785383820978,0.));
#8438=CARTESIAN_POINT('Ctrl Pts',(4.76826617002518,-22.3785383820978,-16.2));
#8439=CARTESIAN_POINT('Ctrl Pts',(4.73541736011606,-22.0983559293384,0.));
#8440=CARTESIAN_POINT('Ctrl Pts',(4.73541736011606,-22.0983559293384,-16.2));
#8441=CARTESIAN_POINT('Ctrl Pts',(4.72690319737878,-21.872936734063,0.));
#8442=CARTESIAN_POINT('Ctrl Pts',(4.72690319737878,-21.872936734063,-16.2));
#8443=CARTESIAN_POINT('Ctrl Pts',(4.73687270435919,-21.7038865744706,0.));
#8444=CARTESIAN_POINT('Ctrl Pts',(4.73687270435919,-21.7038865744706,-16.2));
#8445=CARTESIAN_POINT('Ctrl Pts',(4.76435865237713,-21.5369543793501,0.));
#8446=CARTESIAN_POINT('Ctrl Pts',(4.76435865237713,-21.5369543793501,-16.2));
#8447=CARTESIAN_POINT('Ctrl Pts',(4.80949978147152,-21.3734861362177,0.));
#8448=CARTESIAN_POINT('Ctrl Pts',(4.80949978147152,-21.3734861362177,-16.2));
#8449=CARTESIAN_POINT('Ctrl Pts',(4.87110019279659,-21.2462349794835,0.));
#8450=CARTESIAN_POINT('Ctrl Pts',(4.87110019279659,-21.2462349794835,-16.2));
#8451=CARTESIAN_POINT('Ctrl Pts',(4.92933552119883,-21.1496148274104,0.));
#8452=CARTESIAN_POINT('Ctrl Pts',(4.92933552119883,-21.1496148274104,-16.2));
#8453=CARTESIAN_POINT('Ctrl Pts',(4.9821159358675,-21.0834298838394,0.));
#8454=CARTESIAN_POINT('Ctrl Pts',(4.9821159358675,-21.0834298838394,-16.2));
#8455=CARTESIAN_POINT('Ctrl Pts',(5.03819635636399,-21.019960073528,0.));
#8456=CARTESIAN_POINT('Ctrl Pts',(5.03819635636399,-21.019960073528,-16.2));
#8457=CARTESIAN_POINT('Ctrl Pts',(5.10288815645636,-20.9653542959338,0.));
#8458=CARTESIAN_POINT('Ctrl Pts',(5.10288815645636,-20.9653542959338,-16.2));
#8459=CARTESIAN_POINT('Ctrl Pts',(5.16988541083934,-20.9135390122246,0.));
#8460=CARTESIAN_POINT('Ctrl Pts',(5.16988541083934,-20.9135390122246,-16.2));
#8461=CARTESIAN_POINT('Ctrl Pts',(5.24417954291784,-20.872871240022,0.));
#8462=CARTESIAN_POINT('Ctrl Pts',(5.24417954291784,-20.872871240022,-16.2));
#8463=CARTESIAN_POINT('Ctrl Pts',(5.32025958309421,-20.8356978076069,0.));
#8464=CARTESIAN_POINT('Ctrl Pts',(5.32025958309421,-20.8356978076069,-16.2));
#8465=CARTESIAN_POINT('Ctrl Pts',(5.42815156876333,-20.8022213414275,0.));
#8466=CARTESIAN_POINT('Ctrl Pts',(5.42815156876333,-20.8022213414275,-16.2));
#8467=CARTESIAN_POINT('Ctrl Pts',(5.56490077943148,-20.7684924479179,0.));
#8468=CARTESIAN_POINT('Ctrl Pts',(5.56490077943148,-20.7684924479179,-16.2));
#8469=CARTESIAN_POINT('Ctrl Pts',(5.70019351657242,-20.7293279212049,0.));
#8470=CARTESIAN_POINT('Ctrl Pts',(5.70019351657242,-20.7293279212049,-16.2));
#8471=CARTESIAN_POINT('Ctrl Pts',(5.81036895011626,-20.7043733985103,0.));
#8472=CARTESIAN_POINT('Ctrl Pts',(5.81036895011626,-20.7043733985103,-16.2));
#8473=CARTESIAN_POINT('Ctrl Pts',(5.8948429138375,-20.6985265152396,0.));
#8474=CARTESIAN_POINT('Ctrl Pts',(5.8948429138375,-20.6985265152396,-16.2));
#8475=CARTESIAN_POINT('Ctrl Pts',(5.9795174056709,-20.6965987730431,0.));
#8476=CARTESIAN_POINT('Ctrl Pts',(5.9795174056709,-20.6965987730431,-16.2));
#8477=CARTESIAN_POINT('Ctrl Pts',(6.06344637180494,-20.707973497848,0.));
#8478=CARTESIAN_POINT('Ctrl Pts',(6.06344637180494,-20.707973497848,-16.2));
#8479=CARTESIAN_POINT('Ctrl Pts',(6.14677400289861,-20.7229175883919,0.));
#8480=CARTESIAN_POINT('Ctrl Pts',(6.14677400289861,-20.7229175883919,-16.2));
#8481=CARTESIAN_POINT('Ctrl Pts',(6.22707597685919,-20.7498438462467,0.));
#8482=CARTESIAN_POINT('Ctrl Pts',(6.22707597685919,-20.7498438462467,-16.2));
#8483=CARTESIAN_POINT('Ctrl Pts',(6.30587762857003,-20.7807714813929,0.));
#8484=CARTESIAN_POINT('Ctrl Pts',(6.30587762857003,-20.7807714813929,-16.2));
#8485=CARTESIAN_POINT('Ctrl Pts',(6.40462097840063,-20.8353293234045,0.));
#8486=CARTESIAN_POINT('Ctrl Pts',(6.40462097840063,-20.8353293234045,-16.2));
#8487=CARTESIAN_POINT('Ctrl Pts',(6.52159407785882,-20.9147318521347,0.));
#8488=CARTESIAN_POINT('Ctrl Pts',(6.52159407785882,-20.9147318521347,-16.2));
#8489=CARTESIAN_POINT('Ctrl Pts',(6.64242156397625,-21.0337289388522,0.));
#8490=CARTESIAN_POINT('Ctrl Pts',(6.64242156397625,-21.0337289388522,-16.2));
#8491=CARTESIAN_POINT('Ctrl Pts',(6.74969119076716,-21.1645534865272,0.));
#8492=CARTESIAN_POINT('Ctrl Pts',(6.74969119076716,-21.1645534865272,-16.2));
#8493=CARTESIAN_POINT('Ctrl Pts',(6.84285011687161,-21.3059704657578,0.));
#8494=CARTESIAN_POINT('Ctrl Pts',(6.84285011687161,-21.3059704657578,-16.2));
#8495=CARTESIAN_POINT('Ctrl Pts',(6.94818623328687,-21.5054462967356,0.));
#8496=CARTESIAN_POINT('Ctrl Pts',(6.94818623328687,-21.5054462967356,-16.2));
#8497=CARTESIAN_POINT('Ctrl Pts',(7.05982955580117,-21.7645158234743,0.));
#8498=CARTESIAN_POINT('Ctrl Pts',(7.05982955580117,-21.7645158234743,-16.2));
#8499=CARTESIAN_POINT('Ctrl Pts',(7.23237569691567,-22.0559851066197,0.));
#8500=CARTESIAN_POINT('Ctrl Pts',(7.23237569691567,-22.0559851066197,-16.2));
#8501=CARTESIAN_POINT('Ctrl Pts',(7.41865840125359,-22.3381533764517,0.));
#8502=CARTESIAN_POINT('Ctrl Pts',(7.41865840125359,-22.3381533764517,-16.2));
#8503=CARTESIAN_POINT('Ctrl Pts',(7.61972605334538,-22.6101909860407,0.));
#8504=CARTESIAN_POINT('Ctrl Pts',(7.61972605334538,-22.6101909860407,-16.2));
#8505=CARTESIAN_POINT('Ctrl Pts',(7.83210322817746,-22.8733855001985,0.));
#8506=CARTESIAN_POINT('Ctrl Pts',(7.83210322817746,-22.8733855001985,-16.2));
#8507=CARTESIAN_POINT('Ctrl Pts',(8.05457182127272,-23.1281197948084,0.));
#8508=CARTESIAN_POINT('Ctrl Pts',(8.05457182127272,-23.1281197948084,-16.2));
#8509=CARTESIAN_POINT('Ctrl Pts',(8.2858926616776,-23.3748202940414,0.));
#8510=CARTESIAN_POINT('Ctrl Pts',(8.2858926616776,-23.3748202940414,-16.2));
#8511=CARTESIAN_POINT('Ctrl Pts',(8.52513544432044,-23.6138476674563,0.));
#8512=CARTESIAN_POINT('Ctrl Pts',(8.52513544432044,-23.6138476674563,-16.2));
#8513=CARTESIAN_POINT('Ctrl Pts',(8.77170097054912,-23.8452837388848,0.));
#8514=CARTESIAN_POINT('Ctrl Pts',(8.77170097054912,-23.8452837388848,-16.2));
#8515=CARTESIAN_POINT('Ctrl Pts',(9.02440189455862,-24.0700488626876,0.));
#8516=CARTESIAN_POINT('Ctrl Pts',(9.02440189455862,-24.0700488626876,-16.2));
#8517=CARTESIAN_POINT('Ctrl Pts',(9.19810738338369,-24.213738177715,0.));
#8518=CARTESIAN_POINT('Ctrl Pts',(9.19810738338369,-24.213738177715,-16.2));
#8519=CARTESIAN_POINT('Ctrl Pts',(9.28495981763225,-24.2855825786608,0.));
#8520=CARTESIAN_POINT('Ctrl Pts',(9.28495981763225,-24.2855825786608,-16.2));
#8521=CARTESIAN_POINT('',(4.10178021414318,-25.6744113676412,-16.2));
#8522=CARTESIAN_POINT('',(4.10178021414318,-25.6744113676412,0.));
#8523=CARTESIAN_POINT('',(9.28495981763225,-24.2855825786608,-16.2));
#8524=CARTESIAN_POINT('Ctrl Pts',(9.28495981763225,-24.2855825786608,-16.2));
#8525=CARTESIAN_POINT('Ctrl Pts',(9.19810738338369,-24.213738177715,-16.2));
#8526=CARTESIAN_POINT('Ctrl Pts',(9.02440189455862,-24.0700488626876,-16.2));
#8527=CARTESIAN_POINT('Ctrl Pts',(8.77170097054912,-23.8452837388848,-16.2));
#8528=CARTESIAN_POINT('Ctrl Pts',(8.52513544432044,-23.6138476674563,-16.2));
#8529=CARTESIAN_POINT('Ctrl Pts',(8.2858926616776,-23.3748202940414,-16.2));
#8530=CARTESIAN_POINT('Ctrl Pts',(8.05457182127272,-23.1281197948084,-16.2));
#8531=CARTESIAN_POINT('Ctrl Pts',(7.83210322817746,-22.8733855001985,-16.2));
#8532=CARTESIAN_POINT('Ctrl Pts',(7.61972605334538,-22.6101909860407,-16.2));
#8533=CARTESIAN_POINT('Ctrl Pts',(7.41865840125359,-22.3381533764517,-16.2));
#8534=CARTESIAN_POINT('Ctrl Pts',(7.23237569691567,-22.0559851066197,-16.2));
#8535=CARTESIAN_POINT('Ctrl Pts',(7.05982955580117,-21.7645158234743,-16.2));
#8536=CARTESIAN_POINT('Ctrl Pts',(6.94818623328687,-21.5054462967356,-16.2));
#8537=CARTESIAN_POINT('Ctrl Pts',(6.84285011687161,-21.3059704657578,-16.2));
#8538=CARTESIAN_POINT('Ctrl Pts',(6.74969119076716,-21.1645534865272,-16.2));
#8539=CARTESIAN_POINT('Ctrl Pts',(6.64242156397625,-21.0337289388522,-16.2));
#8540=CARTESIAN_POINT('Ctrl Pts',(6.52159407785882,-20.9147318521347,-16.2));
#8541=CARTESIAN_POINT('Ctrl Pts',(6.40462097840063,-20.8353293234045,-16.2));
#8542=CARTESIAN_POINT('Ctrl Pts',(6.30587762857003,-20.7807714813929,-16.2));
#8543=CARTESIAN_POINT('Ctrl Pts',(6.22707597685919,-20.7498438462467,-16.2));
#8544=CARTESIAN_POINT('Ctrl Pts',(6.14677400289861,-20.7229175883919,-16.2));
#8545=CARTESIAN_POINT('Ctrl Pts',(6.06344637180494,-20.707973497848,-16.2));
#8546=CARTESIAN_POINT('Ctrl Pts',(5.9795174056709,-20.6965987730431,-16.2));
#8547=CARTESIAN_POINT('Ctrl Pts',(5.8948429138375,-20.6985265152396,-16.2));
#8548=CARTESIAN_POINT('Ctrl Pts',(5.81036895011626,-20.7043733985103,-16.2));
#8549=CARTESIAN_POINT('Ctrl Pts',(5.70019351657242,-20.7293279212049,-16.2));
#8550=CARTESIAN_POINT('Ctrl Pts',(5.56490077943148,-20.7684924479179,-16.2));
#8551=CARTESIAN_POINT('Ctrl Pts',(5.42815156876333,-20.8022213414275,-16.2));
#8552=CARTESIAN_POINT('Ctrl Pts',(5.32025958309421,-20.8356978076069,-16.2));
#8553=CARTESIAN_POINT('Ctrl Pts',(5.24417954291784,-20.872871240022,-16.2));
#8554=CARTESIAN_POINT('Ctrl Pts',(5.16988541083934,-20.9135390122246,-16.2));
#8555=CARTESIAN_POINT('Ctrl Pts',(5.10288815645636,-20.9653542959338,-16.2));
#8556=CARTESIAN_POINT('Ctrl Pts',(5.03819635636399,-21.019960073528,-16.2));
#8557=CARTESIAN_POINT('Ctrl Pts',(4.9821159358675,-21.0834298838394,-16.2));
#8558=CARTESIAN_POINT('Ctrl Pts',(4.92933552119883,-21.1496148274104,-16.2));
#8559=CARTESIAN_POINT('Ctrl Pts',(4.87110019279659,-21.2462349794835,-16.2));
#8560=CARTESIAN_POINT('Ctrl Pts',(4.80949978147152,-21.3734861362177,-16.2));
#8561=CARTESIAN_POINT('Ctrl Pts',(4.76435865237713,-21.5369543793501,-16.2));
#8562=CARTESIAN_POINT('Ctrl Pts',(4.73687270435919,-21.7038865744706,-16.2));
#8563=CARTESIAN_POINT('Ctrl Pts',(4.72690319737878,-21.872936734063,-16.2));
#8564=CARTESIAN_POINT('Ctrl Pts',(4.73541736011606,-22.0983559293384,-16.2));
#8565=CARTESIAN_POINT('Ctrl Pts',(4.76826617002518,-22.3785383820978,-16.2));
#8566=CARTESIAN_POINT('Ctrl Pts',(4.76457147006769,-22.7172312562817,-16.2));
#8567=CARTESIAN_POINT('Ctrl Pts',(4.74433005074139,-23.0547374982671,-16.2));
#8568=CARTESIAN_POINT('Ctrl Pts',(4.70621916094516,-23.3908628050019,-16.2));
#8569=CARTESIAN_POINT('Ctrl Pts',(4.65389238943546,-23.7249845278152,-16.2));
#8570=CARTESIAN_POINT('Ctrl Pts',(4.58859608357573,-24.0568251947102,-16.2));
#8571=CARTESIAN_POINT('Ctrl Pts',(4.51161660897686,-24.3861345143747,-16.2));
#8572=CARTESIAN_POINT('Ctrl Pts',(4.42393996824356,-24.7127596832733,-16.2));
#8573=CARTESIAN_POINT('Ctrl Pts',(4.32612599454624,-25.0364719635968,-16.2));
#8574=CARTESIAN_POINT('Ctrl Pts',(4.21966313669566,-25.3574747326995,-16.2));
#8575=CARTESIAN_POINT('Ctrl Pts',(4.14107442811004,-25.5687660741782,-16.2));
#8576=CARTESIAN_POINT('Ctrl Pts',(4.10178021414318,-25.6744113676412,-16.2));
#8577=CARTESIAN_POINT('',(9.28495981763225,-24.2855825786608,0.));
#8578=CARTESIAN_POINT('Ctrl Pts',(10.6070420763446,-23.7379581765293,0.));
#8579=CARTESIAN_POINT('Ctrl Pts',(10.6070420763446,-23.7379581765293,-16.2));
#8580=CARTESIAN_POINT('Ctrl Pts',(10.6176543584652,-23.6257425682105,0.));
#8581=CARTESIAN_POINT('Ctrl Pts',(10.6176543584652,-23.6257425682105,-16.2));
#8582=CARTESIAN_POINT('Ctrl Pts',(10.6388789985029,-23.4013105500931,0.));
#8583=CARTESIAN_POINT('Ctrl Pts',(10.6388789985029,-23.4013105500931,-16.2));
#8584=CARTESIAN_POINT('Ctrl Pts',(10.6586325922668,-23.0636910698987,0.));
#8585=CARTESIAN_POINT('Ctrl Pts',(10.6586325922668,-23.0636910698987,-16.2));
#8586=CARTESIAN_POINT('Ctrl Pts',(10.6693307323518,-22.7256928987773,0.));
#8587=CARTESIAN_POINT('Ctrl Pts',(10.6693307323518,-22.7256928987773,-16.2));
#8588=CARTESIAN_POINT('Ctrl Pts',(10.6694830496775,-22.3875048281897,0.));
#8589=CARTESIAN_POINT('Ctrl Pts',(10.6694830496775,-22.3875048281897,-16.2));
#8590=CARTESIAN_POINT('Ctrl Pts',(10.6586079886278,-22.0494926973798,0.));
#8591=CARTESIAN_POINT('Ctrl Pts',(10.6586079886278,-22.0494926973798,-16.2));
#8592=CARTESIAN_POINT('Ctrl Pts',(10.6357926922871,-21.7120592994817,0.));
#8593=CARTESIAN_POINT('Ctrl Pts',(10.6357926922871,-21.7120592994817,-16.2));
#8594=CARTESIAN_POINT('Ctrl Pts',(10.5998594070481,-21.3757793332567,0.));
#8595=CARTESIAN_POINT('Ctrl Pts',(10.5998594070481,-21.3757793332567,-16.2));
#8596=CARTESIAN_POINT('Ctrl Pts',(10.5496760688412,-21.0412433945071,0.));
#8597=CARTESIAN_POINT('Ctrl Pts',(10.5496760688412,-21.0412433945071,-16.2));
#8598=CARTESIAN_POINT('Ctrl Pts',(10.4818747352624,-20.7099985340181,0.));
#8599=CARTESIAN_POINT('Ctrl Pts',(10.4818747352624,-20.7099985340181,-16.2));
#8600=CARTESIAN_POINT('Ctrl Pts',(10.3977833750924,-20.3818900809488,0.));
#8601=CARTESIAN_POINT('Ctrl Pts',(10.3977833750924,-20.3818900809488,-16.2));
#8602=CARTESIAN_POINT('Ctrl Pts',(10.2935373063607,-20.119756511369,0.));
#8603=CARTESIAN_POINT('Ctrl Pts',(10.2935373063607,-20.119756511369,-16.2));
#8604=CARTESIAN_POINT('Ctrl Pts',(10.2269704758146,-19.9042219163807,0.));
#8605=CARTESIAN_POINT('Ctrl Pts',(10.2269704758146,-19.9042219163807,-16.2));
#8606=CARTESIAN_POINT('Ctrl Pts',(10.1928468792022,-19.7383517030153,0.));
#8607=CARTESIAN_POINT('Ctrl Pts',(10.1928468792022,-19.7383517030153,-16.2));
#8608=CARTESIAN_POINT('Ctrl Pts',(10.1761910349148,-19.5699936976895,0.));
#8609=CARTESIAN_POINT('Ctrl Pts',(10.1761910349148,-19.5699936976895,-16.2));
#8610=CARTESIAN_POINT('Ctrl Pts',(10.1774853227428,-19.4004121159427,0.));
#8611=CARTESIAN_POINT('Ctrl Pts',(10.1774853227428,-19.4004121159427,-16.2));
#8612=CARTESIAN_POINT('Ctrl Pts',(10.2040517280776,-19.261553577591,0.));
#8613=CARTESIAN_POINT('Ctrl Pts',(10.2040517280776,-19.261553577591,-16.2));
#8614=CARTESIAN_POINT('Ctrl Pts',(10.2352956002865,-19.1531532652753,0.));
#8615=CARTESIAN_POINT('Ctrl Pts',(10.2352956002865,-19.1531532652753,-16.2));
#8616=CARTESIAN_POINT('Ctrl Pts',(10.269147642042,-19.075562942444,0.));
#8617=CARTESIAN_POINT('Ctrl Pts',(10.269147642042,-19.075562942444,-16.2));
#8618=CARTESIAN_POINT('Ctrl Pts',(10.3068899728511,-18.9997411325926,0.));
#8619=CARTESIAN_POINT('Ctrl Pts',(10.3068899728511,-18.9997411325926,-16.2));
#8620=CARTESIAN_POINT('Ctrl Pts',(10.3552444380954,-18.9302525318239,0.));
#8621=CARTESIAN_POINT('Ctrl Pts',(10.3552444380954,-18.9302525318239,-16.2));
#8622=CARTESIAN_POINT('Ctrl Pts',(10.4065480341431,-18.8628626456888,0.));
#8623=CARTESIAN_POINT('Ctrl Pts',(10.4065480341431,-18.8628626456888,-16.2));
#8624=CARTESIAN_POINT('Ctrl Pts',(10.4677850610915,-18.8043518578994,0.));
#8625=CARTESIAN_POINT('Ctrl Pts',(10.4677850610915,-18.8043518578994,-16.2));
#8626=CARTESIAN_POINT('Ctrl Pts',(10.5316515444821,-18.748754116128,0.));
#8627=CARTESIAN_POINT('Ctrl Pts',(10.5316515444821,-18.748754116128,-16.2));
#8628=CARTESIAN_POINT('Ctrl Pts',(10.6272028528796,-18.6884938321674,0.));
#8629=CARTESIAN_POINT('Ctrl Pts',(10.6272028528796,-18.6884938321674,-16.2));
#8630=CARTESIAN_POINT('Ctrl Pts',(10.7505627671781,-18.6205209227106,0.));
#8631=CARTESIAN_POINT('Ctrl Pts',(10.7505627671781,-18.6205209227106,-16.2));
#8632=CARTESIAN_POINT('Ctrl Pts',(10.8711089906861,-18.547674557848,0.));
#8633=CARTESIAN_POINT('Ctrl Pts',(10.8711089906861,-18.547674557848,-16.2));
#8634=CARTESIAN_POINT('Ctrl Pts',(10.9710715816339,-18.495054839391,0.));
#8635=CARTESIAN_POINT('Ctrl Pts',(10.9710715816339,-18.495054839391,-16.2));
#8636=CARTESIAN_POINT('Ctrl Pts',(11.0511538800963,-18.4675437132102,0.));
#8637=CARTESIAN_POINT('Ctrl Pts',(11.0511538800963,-18.4675437132102,-16.2));
#8638=CARTESIAN_POINT('Ctrl Pts',(11.1324442221915,-18.4437662861153,0.));
#8639=CARTESIAN_POINT('Ctrl Pts',(11.1324442221915,-18.4437662861153,-16.2));
#8640=CARTESIAN_POINT('Ctrl Pts',(11.2164573735665,-18.4330310117001,0.));
#8641=CARTESIAN_POINT('Ctrl Pts',(11.2164573735665,-18.4330310117001,-16.2));
#8642=CARTESIAN_POINT('Ctrl Pts',(11.3008134997278,-18.4258991167965,0.));
#8643=CARTESIAN_POINT('Ctrl Pts',(11.3008134997278,-18.4258991167965,-16.2));
#8644=CARTESIAN_POINT('Ctrl Pts',(11.3853482786245,-18.4311242044434,0.));
#8645=CARTESIAN_POINT('Ctrl Pts',(11.3853482786245,-18.4311242044434,-16.2));
#8646=CARTESIAN_POINT('Ctrl Pts',(11.4694694901621,-18.4406026377289,0.));
#8647=CARTESIAN_POINT('Ctrl Pts',(11.4694694901621,-18.4406026377289,-16.2));
#8648=CARTESIAN_POINT('Ctrl Pts',(11.57896885051,-18.4677448068412,0.));
#8649=CARTESIAN_POINT('Ctrl Pts',(11.57896885051,-18.4677448068412,-16.2));
#8650=CARTESIAN_POINT('Ctrl Pts',(11.7125070749225,-18.5141668941099,0.));
#8651=CARTESIAN_POINT('Ctrl Pts',(11.7125070749225,-18.5141668941099,-16.2));
#8652=CARTESIAN_POINT('Ctrl Pts',(11.8600161766431,-18.5978367988444,0.));
#8653=CARTESIAN_POINT('Ctrl Pts',(11.8600161766431,-18.5978367988444,-16.2));
#8654=CARTESIAN_POINT('Ctrl Pts',(11.997490564042,-18.6964401857817,0.));
#8655=CARTESIAN_POINT('Ctrl Pts',(11.997490564042,-18.6964401857817,-16.2));
#8656=CARTESIAN_POINT('Ctrl Pts',(12.1240765842414,-18.8089271939992,0.));
#8657=CARTESIAN_POINT('Ctrl Pts',(12.1240765842414,-18.8089271939992,-16.2));
#8658=CARTESIAN_POINT('Ctrl Pts',(12.2774516036226,-18.9743430577957,0.));
#8659=CARTESIAN_POINT('Ctrl Pts',(12.2774516036226,-18.9743430577957,-16.2));
#8660=CARTESIAN_POINT('Ctrl Pts',(12.4523428996976,-19.1956895863519,0.));
#8661=CARTESIAN_POINT('Ctrl Pts',(12.4523428996976,-19.1956895863519,-16.2));
#8662=CARTESIAN_POINT('Ctrl Pts',(12.694447475167,-19.4325690670326,0.));
#8663=CARTESIAN_POINT('Ctrl Pts',(12.694447475167,-19.4325690670326,-16.2));
#8664=CARTESIAN_POINT('Ctrl Pts',(12.9474132724341,-19.6569091745667,0.));
#8665=CARTESIAN_POINT('Ctrl Pts',(12.9474132724341,-19.6569091745667,-16.2));
#8666=CARTESIAN_POINT('Ctrl Pts',(13.2120382247667,-19.8676371896754,0.));
#8667=CARTESIAN_POINT('Ctrl Pts',(13.2120382247667,-19.8676371896754,-16.2));
#8668=CARTESIAN_POINT('Ctrl Pts',(13.4852985756818,-20.0668963106463,0.));
#8669=CARTESIAN_POINT('Ctrl Pts',(13.4852985756818,-20.0668963106463,-16.2));
#8670=CARTESIAN_POINT('Ctrl Pts',(13.7661168221765,-20.2553716358213,0.));
#8671=CARTESIAN_POINT('Ctrl Pts',(13.7661168221765,-20.2553716358213,-16.2));
#8672=CARTESIAN_POINT('Ctrl Pts',(14.0534063837203,-20.433795780363,0.));
#8673=CARTESIAN_POINT('Ctrl Pts',(14.0534063837203,-20.433795780363,-16.2));
#8674=CARTESIAN_POINT('Ctrl Pts',(14.3463620027689,-20.6027579049832,0.));
#8675=CARTESIAN_POINT('Ctrl Pts',(14.3463620027689,-20.6027579049832,-16.2));
#8676=CARTESIAN_POINT('Ctrl Pts',(14.6444260754351,-20.7624921294572,0.));
#8677=CARTESIAN_POINT('Ctrl Pts',(14.6444260754351,-20.7624921294572,-16.2));
#8678=CARTESIAN_POINT('Ctrl Pts',(14.946689918978,-20.9141947555387,0.));
#8679=CARTESIAN_POINT('Ctrl Pts',(14.946689918978,-20.9141947555387,-16.2));
#8680=CARTESIAN_POINT('Ctrl Pts',(15.1516660681091,-21.0080296871387,0.));
#8681=CARTESIAN_POINT('Ctrl Pts',(15.1516660681091,-21.0080296871387,-16.2));
#8682=CARTESIAN_POINT('Ctrl Pts',(15.2541537766746,-21.0549469853895,0.));
#8683=CARTESIAN_POINT('Ctrl Pts',(15.2541537766746,-21.0549469853895,-16.2));
#8684=CARTESIAN_POINT('',(10.6070420763446,-23.7379581765293,-16.2));
#8685=CARTESIAN_POINT('',(10.6070420763446,-23.7379581765293,0.));
#8686=CARTESIAN_POINT('',(15.2541537766746,-21.0549469853895,-16.2));
#8687=CARTESIAN_POINT('Ctrl Pts',(15.2541537766746,-21.0549469853895,-16.2));
#8688=CARTESIAN_POINT('Ctrl Pts',(15.1516660681091,-21.0080296871387,-16.2));
#8689=CARTESIAN_POINT('Ctrl Pts',(14.946689918978,-20.9141947555387,-16.2));
#8690=CARTESIAN_POINT('Ctrl Pts',(14.6444260754351,-20.7624921294572,-16.2));
#8691=CARTESIAN_POINT('Ctrl Pts',(14.3463620027689,-20.6027579049832,-16.2));
#8692=CARTESIAN_POINT('Ctrl Pts',(14.0534063837203,-20.433795780363,-16.2));
#8693=CARTESIAN_POINT('Ctrl Pts',(13.7661168221765,-20.2553716358213,-16.2));
#8694=CARTESIAN_POINT('Ctrl Pts',(13.4852985756818,-20.0668963106463,-16.2));
#8695=CARTESIAN_POINT('Ctrl Pts',(13.2120382247667,-19.8676371896754,-16.2));
#8696=CARTESIAN_POINT('Ctrl Pts',(12.9474132724341,-19.6569091745667,-16.2));
#8697=CARTESIAN_POINT('Ctrl Pts',(12.694447475167,-19.4325690670326,-16.2));
#8698=CARTESIAN_POINT('Ctrl Pts',(12.4523428996976,-19.1956895863519,-16.2));
#8699=CARTESIAN_POINT('Ctrl Pts',(12.2774516036226,-18.9743430577957,-16.2));
#8700=CARTESIAN_POINT('Ctrl Pts',(12.1240765842414,-18.8089271939992,-16.2));
#8701=CARTESIAN_POINT('Ctrl Pts',(11.997490564042,-18.6964401857817,-16.2));
#8702=CARTESIAN_POINT('Ctrl Pts',(11.8600161766431,-18.5978367988444,-16.2));
#8703=CARTESIAN_POINT('Ctrl Pts',(11.7125070749225,-18.5141668941099,-16.2));
#8704=CARTESIAN_POINT('Ctrl Pts',(11.57896885051,-18.4677448068412,-16.2));
#8705=CARTESIAN_POINT('Ctrl Pts',(11.4694694901621,-18.4406026377289,-16.2));
#8706=CARTESIAN_POINT('Ctrl Pts',(11.3853482786245,-18.4311242044434,-16.2));
#8707=CARTESIAN_POINT('Ctrl Pts',(11.3008134997278,-18.4258991167965,-16.2));
#8708=CARTESIAN_POINT('Ctrl Pts',(11.2164573735665,-18.4330310117001,-16.2));
#8709=CARTESIAN_POINT('Ctrl Pts',(11.1324442221915,-18.4437662861153,-16.2));
#8710=CARTESIAN_POINT('Ctrl Pts',(11.0511538800963,-18.4675437132102,-16.2));
#8711=CARTESIAN_POINT('Ctrl Pts',(10.9710715816339,-18.495054839391,-16.2));
#8712=CARTESIAN_POINT('Ctrl Pts',(10.8711089906861,-18.547674557848,-16.2));
#8713=CARTESIAN_POINT('Ctrl Pts',(10.7505627671781,-18.6205209227106,-16.2));
#8714=CARTESIAN_POINT('Ctrl Pts',(10.6272028528796,-18.6884938321674,-16.2));
#8715=CARTESIAN_POINT('Ctrl Pts',(10.5316515444821,-18.748754116128,-16.2));
#8716=CARTESIAN_POINT('Ctrl Pts',(10.4677850610915,-18.8043518578994,-16.2));
#8717=CARTESIAN_POINT('Ctrl Pts',(10.4065480341431,-18.8628626456888,-16.2));
#8718=CARTESIAN_POINT('Ctrl Pts',(10.3552444380954,-18.9302525318239,-16.2));
#8719=CARTESIAN_POINT('Ctrl Pts',(10.3068899728511,-18.9997411325926,-16.2));
#8720=CARTESIAN_POINT('Ctrl Pts',(10.269147642042,-19.075562942444,-16.2));
#8721=CARTESIAN_POINT('Ctrl Pts',(10.2352956002865,-19.1531532652753,-16.2));
#8722=CARTESIAN_POINT('Ctrl Pts',(10.2040517280776,-19.261553577591,-16.2));
#8723=CARTESIAN_POINT('Ctrl Pts',(10.1774853227428,-19.4004121159427,-16.2));
#8724=CARTESIAN_POINT('Ctrl Pts',(10.1761910349148,-19.5699936976895,-16.2));
#8725=CARTESIAN_POINT('Ctrl Pts',(10.1928468792022,-19.7383517030153,-16.2));
#8726=CARTESIAN_POINT('Ctrl Pts',(10.2269704758146,-19.9042219163807,-16.2));
#8727=CARTESIAN_POINT('Ctrl Pts',(10.2935373063607,-20.119756511369,-16.2));
#8728=CARTESIAN_POINT('Ctrl Pts',(10.3977833750924,-20.3818900809488,-16.2));
#8729=CARTESIAN_POINT('Ctrl Pts',(10.4818747352624,-20.7099985340181,-16.2));
#8730=CARTESIAN_POINT('Ctrl Pts',(10.5496760688412,-21.0412433945071,-16.2));
#8731=CARTESIAN_POINT('Ctrl Pts',(10.5998594070481,-21.3757793332567,-16.2));
#8732=CARTESIAN_POINT('Ctrl Pts',(10.6357926922871,-21.7120592994817,-16.2));
#8733=CARTESIAN_POINT('Ctrl Pts',(10.6586079886278,-22.0494926973798,-16.2));
#8734=CARTESIAN_POINT('Ctrl Pts',(10.6694830496775,-22.3875048281897,-16.2));
#8735=CARTESIAN_POINT('Ctrl Pts',(10.6693307323518,-22.7256928987773,-16.2));
#8736=CARTESIAN_POINT('Ctrl Pts',(10.6586325922668,-23.0636910698987,-16.2));
#8737=CARTESIAN_POINT('Ctrl Pts',(10.6388789985029,-23.4013105500931,-16.2));
#8738=CARTESIAN_POINT('Ctrl Pts',(10.6176543584652,-23.6257425682105,-16.2));
#8739=CARTESIAN_POINT('Ctrl Pts',(10.6070420763446,-23.7379581765293,-16.2));
#8740=CARTESIAN_POINT('',(15.2541537766746,-21.0549469853895,0.));
#8741=CARTESIAN_POINT('Ctrl Pts',(16.389451550009,-20.1838023645177,0.));
#8742=CARTESIAN_POINT('Ctrl Pts',(16.389451550009,-20.1838023645177,-16.2));
#8743=CARTESIAN_POINT('Ctrl Pts',(16.3706586907945,-20.072663749605,0.));
#8744=CARTESIAN_POINT('Ctrl Pts',(16.3706586907945,-20.072663749605,-16.2));
#8745=CARTESIAN_POINT('Ctrl Pts',(16.3330728381409,-19.850385725992,0.));
#8746=CARTESIAN_POINT('Ctrl Pts',(16.3330728381409,-19.850385725992,-16.2));
#8747=CARTESIAN_POINT('Ctrl Pts',(16.2647709930477,-19.5191577443386,0.));
#8748=CARTESIAN_POINT('Ctrl Pts',(16.2647709930477,-19.5191577443386,-16.2));
#8749=CARTESIAN_POINT('Ctrl Pts',(16.1876242389529,-19.1899076992128,0.));
#8750=CARTESIAN_POINT('Ctrl Pts',(16.1876242389529,-19.1899076992128,-16.2));
#8751=CARTESIAN_POINT('Ctrl Pts',(16.1002418526971,-18.8632036850646,0.));
#8752=CARTESIAN_POINT('Ctrl Pts',(16.1002418526971,-18.8632036850646,-16.2));
#8753=CARTESIAN_POINT('Ctrl Pts',(16.0022533734374,-18.5395237112327,0.));
#8754=CARTESIAN_POINT('Ctrl Pts',(16.0022533734374,-18.5395237112327,-16.2));
#8755=CARTESIAN_POINT('Ctrl Pts',(15.8928812996378,-18.219493110763,0.));
#8756=CARTESIAN_POINT('Ctrl Pts',(15.8928812996378,-18.219493110763,-16.2));
#8757=CARTESIAN_POINT('Ctrl Pts',(15.7711367516566,-17.9039718250956,0.));
#8758=CARTESIAN_POINT('Ctrl Pts',(15.7711367516566,-17.9039718250956,-16.2));
#8759=CARTESIAN_POINT('Ctrl Pts',(15.6360790970135,-17.5938233257103,0.));
#8760=CARTESIAN_POINT('Ctrl Pts',(15.6360790970135,-17.5938233257103,-16.2));
#8761=CARTESIAN_POINT('Ctrl Pts',(15.484855559366,-17.291413636552,0.));
#8762=CARTESIAN_POINT('Ctrl Pts',(15.484855559366,-17.291413636552,-16.2));
#8763=CARTESIAN_POINT('Ctrl Pts',(15.3187088262966,-16.9962496534492,0.));
#8764=CARTESIAN_POINT('Ctrl Pts',(15.3187088262966,-16.9962496534492,-16.2));
#8765=CARTESIAN_POINT('Ctrl Pts',(15.1501696960516,-16.7700289366195,0.));
#8766=CARTESIAN_POINT('Ctrl Pts',(15.1501696960516,-16.7700289366195,-16.2));
#8767=CARTESIAN_POINT('Ctrl Pts',(15.0300866171914,-16.579067268379,0.));
#8768=CARTESIAN_POINT('Ctrl Pts',(15.0300866171914,-16.579067268379,-16.2));
#8769=CARTESIAN_POINT('Ctrl Pts',(14.9541953837035,-16.427680782168,0.));
#8770=CARTESIAN_POINT('Ctrl Pts',(14.9541953837035,-16.427680782168,-16.2));
#8771=CARTESIAN_POINT('Ctrl Pts',(14.8945328153738,-16.2693702864751,0.));
#8772=CARTESIAN_POINT('Ctrl Pts',(14.8945328153738,-16.2693702864751,-16.2));
#8773=CARTESIAN_POINT('Ctrl Pts',(14.8518920583589,-16.1052320706632,0.));
#8774=CARTESIAN_POINT('Ctrl Pts',(14.8518920583589,-16.1052320706632,-16.2));
#8775=CARTESIAN_POINT('Ctrl Pts',(14.8416140010829,-15.964229130608,0.));
#8776=CARTESIAN_POINT('Ctrl Pts',(14.8416140010829,-15.964229130608,-16.2));
#8777=CARTESIAN_POINT('Ctrl Pts',(14.8437371988404,-15.851435960194,0.));
#8778=CARTESIAN_POINT('Ctrl Pts',(14.8437371988404,-15.851435960194,-16.2));
#8779=CARTESIAN_POINT('Ctrl Pts',(14.8563539069802,-15.7677279103792,0.));
#8780=CARTESIAN_POINT('Ctrl Pts',(14.8563539069802,-15.7677279103792,-16.2));
#8781=CARTESIAN_POINT('Ctrl Pts',(14.8731860706294,-15.6847212320279,0.));
#8782=CARTESIAN_POINT('Ctrl Pts',(14.8731860706294,-15.6847212320279,-16.2));
#8783=CARTESIAN_POINT('Ctrl Pts',(14.9019079241288,-15.6050853413917,0.));
#8784=CARTESIAN_POINT('Ctrl Pts',(14.9019079241288,-15.6050853413917,-16.2));
#8785=CARTESIAN_POINT('Ctrl Pts',(14.9340216065537,-15.5267133622038,0.));
#8786=CARTESIAN_POINT('Ctrl Pts',(14.9340216065537,-15.5267133622038,-16.2));
#8787=CARTESIAN_POINT('Ctrl Pts',(14.9780283261845,-15.4543469723217,0.));
#8788=CARTESIAN_POINT('Ctrl Pts',(14.9780283261845,-15.4543469723217,-16.2));
#8789=CARTESIAN_POINT('Ctrl Pts',(15.0253288574906,-15.3841138154162,0.));
#8790=CARTESIAN_POINT('Ctrl Pts',(15.0253288574906,-15.3841138154162,-16.2));
#8791=CARTESIAN_POINT('Ctrl Pts',(15.1020278248552,-15.3011763524414,0.));
#8792=CARTESIAN_POINT('Ctrl Pts',(15.1020278248552,-15.3011763524414,-16.2));
#8793=CARTESIAN_POINT('Ctrl Pts',(15.2035916684864,-15.2035916684864,0.));
#8794=CARTESIAN_POINT('Ctrl Pts',(15.2035916684864,-15.2035916684864,-16.2));
#8795=CARTESIAN_POINT('Ctrl Pts',(15.3011763524415,-15.1020278248553,0.));
#8796=CARTESIAN_POINT('Ctrl Pts',(15.3011763524415,-15.1020278248553,-16.2));
#8797=CARTESIAN_POINT('Ctrl Pts',(15.3841138154161,-15.0253288574906,0.));
#8798=CARTESIAN_POINT('Ctrl Pts',(15.3841138154161,-15.0253288574906,-16.2));
#8799=CARTESIAN_POINT('Ctrl Pts',(15.4543469723218,-14.9780283261846,0.));
#8800=CARTESIAN_POINT('Ctrl Pts',(15.4543469723218,-14.9780283261846,-16.2));
#8801=CARTESIAN_POINT('Ctrl Pts',(15.5267133622038,-14.9340216065537,0.));
#8802=CARTESIAN_POINT('Ctrl Pts',(15.5267133622038,-14.9340216065537,-16.2));
#8803=CARTESIAN_POINT('Ctrl Pts',(15.6050853413917,-14.9019079241288,0.));
#8804=CARTESIAN_POINT('Ctrl Pts',(15.6050853413917,-14.9019079241288,-16.2));
#8805=CARTESIAN_POINT('Ctrl Pts',(15.6847212320279,-14.8731860706294,0.));
#8806=CARTESIAN_POINT('Ctrl Pts',(15.6847212320279,-14.8731860706294,-16.2));
#8807=CARTESIAN_POINT('Ctrl Pts',(15.7677279103792,-14.8563539069802,0.));
#8808=CARTESIAN_POINT('Ctrl Pts',(15.7677279103792,-14.8563539069802,-16.2));
#8809=CARTESIAN_POINT('Ctrl Pts',(15.851435960194,-14.8437371988404,0.));
#8810=CARTESIAN_POINT('Ctrl Pts',(15.851435960194,-14.8437371988404,-16.2));
#8811=CARTESIAN_POINT('Ctrl Pts',(15.964229130608,-14.8416140010829,0.));
#8812=CARTESIAN_POINT('Ctrl Pts',(15.964229130608,-14.8416140010829,-16.2));
#8813=CARTESIAN_POINT('Ctrl Pts',(16.1052320706632,-14.8518920583588,0.));
#8814=CARTESIAN_POINT('Ctrl Pts',(16.1052320706632,-14.8518920583588,-16.2));
#8815=CARTESIAN_POINT('Ctrl Pts',(16.2693702864751,-14.8945328153738,0.));
#8816=CARTESIAN_POINT('Ctrl Pts',(16.2693702864751,-14.8945328153738,-16.2));
#8817=CARTESIAN_POINT('Ctrl Pts',(16.427680782168,-14.9541953837034,0.));
#8818=CARTESIAN_POINT('Ctrl Pts',(16.427680782168,-14.9541953837034,-16.2));
#8819=CARTESIAN_POINT('Ctrl Pts',(16.579067268379,-15.0300866171914,0.));
#8820=CARTESIAN_POINT('Ctrl Pts',(16.579067268379,-15.0300866171914,-16.2));
#8821=CARTESIAN_POINT('Ctrl Pts',(16.7700289366195,-15.1501696960515,0.));
#8822=CARTESIAN_POINT('Ctrl Pts',(16.7700289366195,-15.1501696960515,-16.2));
#8823=CARTESIAN_POINT('Ctrl Pts',(16.9962496534492,-15.3187088262966,0.));
#8824=CARTESIAN_POINT('Ctrl Pts',(16.9962496534492,-15.3187088262966,-16.2));
#8825=CARTESIAN_POINT('Ctrl Pts',(17.291413636552,-15.484855559366,0.));
#8826=CARTESIAN_POINT('Ctrl Pts',(17.291413636552,-15.484855559366,-16.2));
#8827=CARTESIAN_POINT('Ctrl Pts',(17.5938233257103,-15.6360790970135,0.));
#8828=CARTESIAN_POINT('Ctrl Pts',(17.5938233257103,-15.6360790970135,-16.2));
#8829=CARTESIAN_POINT('Ctrl Pts',(17.9039718250956,-15.7711367516565,0.));
#8830=CARTESIAN_POINT('Ctrl Pts',(17.9039718250956,-15.7711367516565,-16.2));
#8831=CARTESIAN_POINT('Ctrl Pts',(18.219493110763,-15.8928812996378,0.));
#8832=CARTESIAN_POINT('Ctrl Pts',(18.219493110763,-15.8928812996378,-16.2));
#8833=CARTESIAN_POINT('Ctrl Pts',(18.5395237112326,-16.0022533734374,0.));
#8834=CARTESIAN_POINT('Ctrl Pts',(18.5395237112326,-16.0022533734374,-16.2));
#8835=CARTESIAN_POINT('Ctrl Pts',(18.8632036850646,-16.1002418526971,0.));
#8836=CARTESIAN_POINT('Ctrl Pts',(18.8632036850646,-16.1002418526971,-16.2));
#8837=CARTESIAN_POINT('Ctrl Pts',(19.1899076992128,-16.1876242389528,0.));
#8838=CARTESIAN_POINT('Ctrl Pts',(19.1899076992128,-16.1876242389528,-16.2));
#8839=CARTESIAN_POINT('Ctrl Pts',(19.5191577443386,-16.2647709930477,0.));
#8840=CARTESIAN_POINT('Ctrl Pts',(19.5191577443386,-16.2647709930477,-16.2));
#8841=CARTESIAN_POINT('Ctrl Pts',(19.850385725992,-16.3330728381409,0.));
#8842=CARTESIAN_POINT('Ctrl Pts',(19.850385725992,-16.3330728381409,-16.2));
#8843=CARTESIAN_POINT('Ctrl Pts',(20.072663749605,-16.3706586907945,0.));
#8844=CARTESIAN_POINT('Ctrl Pts',(20.072663749605,-16.3706586907945,-16.2));
#8845=CARTESIAN_POINT('Ctrl Pts',(20.1838023645177,-16.389451550009,0.));
#8846=CARTESIAN_POINT('Ctrl Pts',(20.1838023645177,-16.389451550009,-16.2));
#8847=CARTESIAN_POINT('',(16.389451550009,-20.1838023645177,-16.2));
#8848=CARTESIAN_POINT('',(16.389451550009,-20.1838023645177,0.));
#8849=CARTESIAN_POINT('',(20.1838023645177,-16.389451550009,-16.2));
#8850=CARTESIAN_POINT('Ctrl Pts',(20.1838023645177,-16.389451550009,-16.2));
#8851=CARTESIAN_POINT('Ctrl Pts',(20.072663749605,-16.3706586907945,-16.2));
#8852=CARTESIAN_POINT('Ctrl Pts',(19.850385725992,-16.3330728381409,-16.2));
#8853=CARTESIAN_POINT('Ctrl Pts',(19.5191577443386,-16.2647709930477,-16.2));
#8854=CARTESIAN_POINT('Ctrl Pts',(19.1899076992128,-16.1876242389528,-16.2));
#8855=CARTESIAN_POINT('Ctrl Pts',(18.8632036850646,-16.1002418526971,-16.2));
#8856=CARTESIAN_POINT('Ctrl Pts',(18.5395237112326,-16.0022533734374,-16.2));
#8857=CARTESIAN_POINT('Ctrl Pts',(18.219493110763,-15.8928812996378,-16.2));
#8858=CARTESIAN_POINT('Ctrl Pts',(17.9039718250956,-15.7711367516565,-16.2));
#8859=CARTESIAN_POINT('Ctrl Pts',(17.5938233257103,-15.6360790970135,-16.2));
#8860=CARTESIAN_POINT('Ctrl Pts',(17.291413636552,-15.484855559366,-16.2));
#8861=CARTESIAN_POINT('Ctrl Pts',(16.9962496534492,-15.3187088262966,-16.2));
#8862=CARTESIAN_POINT('Ctrl Pts',(16.7700289366195,-15.1501696960515,-16.2));
#8863=CARTESIAN_POINT('Ctrl Pts',(16.579067268379,-15.0300866171914,-16.2));
#8864=CARTESIAN_POINT('Ctrl Pts',(16.427680782168,-14.9541953837034,-16.2));
#8865=CARTESIAN_POINT('Ctrl Pts',(16.2693702864751,-14.8945328153738,-16.2));
#8866=CARTESIAN_POINT('Ctrl Pts',(16.1052320706632,-14.8518920583588,-16.2));
#8867=CARTESIAN_POINT('Ctrl Pts',(15.964229130608,-14.8416140010829,-16.2));
#8868=CARTESIAN_POINT('Ctrl Pts',(15.851435960194,-14.8437371988404,-16.2));
#8869=CARTESIAN_POINT('Ctrl Pts',(15.7677279103792,-14.8563539069802,-16.2));
#8870=CARTESIAN_POINT('Ctrl Pts',(15.6847212320279,-14.8731860706294,-16.2));
#8871=CARTESIAN_POINT('Ctrl Pts',(15.6050853413917,-14.9019079241288,-16.2));
#8872=CARTESIAN_POINT('Ctrl Pts',(15.5267133622038,-14.9340216065537,-16.2));
#8873=CARTESIAN_POINT('Ctrl Pts',(15.4543469723218,-14.9780283261846,-16.2));
#8874=CARTESIAN_POINT('Ctrl Pts',(15.3841138154161,-15.0253288574906,-16.2));
#8875=CARTESIAN_POINT('Ctrl Pts',(15.3011763524415,-15.1020278248553,-16.2));
#8876=CARTESIAN_POINT('Ctrl Pts',(15.2035916684864,-15.2035916684864,-16.2));
#8877=CARTESIAN_POINT('Ctrl Pts',(15.1020278248552,-15.3011763524414,-16.2));
#8878=CARTESIAN_POINT('Ctrl Pts',(15.0253288574906,-15.3841138154162,-16.2));
#8879=CARTESIAN_POINT('Ctrl Pts',(14.9780283261845,-15.4543469723217,-16.2));
#8880=CARTESIAN_POINT('Ctrl Pts',(14.9340216065537,-15.5267133622038,-16.2));
#8881=CARTESIAN_POINT('Ctrl Pts',(14.9019079241288,-15.6050853413917,-16.2));
#8882=CARTESIAN_POINT('Ctrl Pts',(14.8731860706294,-15.6847212320279,-16.2));
#8883=CARTESIAN_POINT('Ctrl Pts',(14.8563539069802,-15.7677279103792,-16.2));
#8884=CARTESIAN_POINT('Ctrl Pts',(14.8437371988404,-15.851435960194,-16.2));
#8885=CARTESIAN_POINT('Ctrl Pts',(14.8416140010829,-15.964229130608,-16.2));
#8886=CARTESIAN_POINT('Ctrl Pts',(14.8518920583589,-16.1052320706632,-16.2));
#8887=CARTESIAN_POINT('Ctrl Pts',(14.8945328153738,-16.2693702864751,-16.2));
#8888=CARTESIAN_POINT('Ctrl Pts',(14.9541953837035,-16.427680782168,-16.2));
#8889=CARTESIAN_POINT('Ctrl Pts',(15.0300866171914,-16.579067268379,-16.2));
#8890=CARTESIAN_POINT('Ctrl Pts',(15.1501696960516,-16.7700289366195,-16.2));
#8891=CARTESIAN_POINT('Ctrl Pts',(15.3187088262966,-16.9962496534492,-16.2));
#8892=CARTESIAN_POINT('Ctrl Pts',(15.484855559366,-17.291413636552,-16.2));
#8893=CARTESIAN_POINT('Ctrl Pts',(15.6360790970135,-17.5938233257103,-16.2));
#8894=CARTESIAN_POINT('Ctrl Pts',(15.7711367516566,-17.9039718250956,-16.2));
#8895=CARTESIAN_POINT('Ctrl Pts',(15.8928812996378,-18.219493110763,-16.2));
#8896=CARTESIAN_POINT('Ctrl Pts',(16.0022533734374,-18.5395237112327,-16.2));
#8897=CARTESIAN_POINT('Ctrl Pts',(16.1002418526971,-18.8632036850646,-16.2));
#8898=CARTESIAN_POINT('Ctrl Pts',(16.1876242389529,-19.1899076992128,-16.2));
#8899=CARTESIAN_POINT('Ctrl Pts',(16.2647709930477,-19.5191577443386,-16.2));
#8900=CARTESIAN_POINT('Ctrl Pts',(16.3330728381409,-19.850385725992,-16.2));
#8901=CARTESIAN_POINT('Ctrl Pts',(16.3706586907945,-20.072663749605,-16.2));
#8902=CARTESIAN_POINT('Ctrl Pts',(16.389451550009,-20.1838023645177,-16.2));
#8903=CARTESIAN_POINT('',(20.1838023645177,-16.389451550009,0.));
#8904=CARTESIAN_POINT('Ctrl Pts',(21.0549469853895,-15.2541537766746,0.));
#8905=CARTESIAN_POINT('Ctrl Pts',(21.0549469853895,-15.2541537766746,-16.2));
#8906=CARTESIAN_POINT('Ctrl Pts',(21.0080296871387,-15.1516660681091,0.));
#8907=CARTESIAN_POINT('Ctrl Pts',(21.0080296871387,-15.1516660681091,-16.2));
#8908=CARTESIAN_POINT('Ctrl Pts',(20.9141947555388,-14.946689918978,0.));
#8909=CARTESIAN_POINT('Ctrl Pts',(20.9141947555388,-14.946689918978,-16.2));
#8910=CARTESIAN_POINT('Ctrl Pts',(20.7624921294572,-14.6444260754351,0.));
#8911=CARTESIAN_POINT('Ctrl Pts',(20.7624921294572,-14.6444260754351,-16.2));
#8912=CARTESIAN_POINT('Ctrl Pts',(20.6027579049833,-14.3463620027688,0.));
#8913=CARTESIAN_POINT('Ctrl Pts',(20.6027579049833,-14.3463620027688,-16.2));
#8914=CARTESIAN_POINT('Ctrl Pts',(20.4337957803631,-14.0534063837203,0.));
#8915=CARTESIAN_POINT('Ctrl Pts',(20.4337957803631,-14.0534063837203,-16.2));
#8916=CARTESIAN_POINT('Ctrl Pts',(20.2553716358214,-13.7661168221765,0.));
#8917=CARTESIAN_POINT('Ctrl Pts',(20.2553716358214,-13.7661168221765,-16.2));
#8918=CARTESIAN_POINT('Ctrl Pts',(20.0668963106464,-13.4852985756818,0.));
#8919=CARTESIAN_POINT('Ctrl Pts',(20.0668963106464,-13.4852985756818,-16.2));
#8920=CARTESIAN_POINT('Ctrl Pts',(19.8676371896754,-13.2120382247667,0.));
#8921=CARTESIAN_POINT('Ctrl Pts',(19.8676371896754,-13.2120382247667,-16.2));
#8922=CARTESIAN_POINT('Ctrl Pts',(19.6569091745668,-12.9474132724341,0.));
#8923=CARTESIAN_POINT('Ctrl Pts',(19.6569091745668,-12.9474132724341,-16.2));
#8924=CARTESIAN_POINT('Ctrl Pts',(19.4325690670326,-12.694447475167,0.));
#8925=CARTESIAN_POINT('Ctrl Pts',(19.4325690670326,-12.694447475167,-16.2));
#8926=CARTESIAN_POINT('Ctrl Pts',(19.195689586352,-12.4523428996975,0.));
#8927=CARTESIAN_POINT('Ctrl Pts',(19.195689586352,-12.4523428996975,-16.2));
#8928=CARTESIAN_POINT('Ctrl Pts',(18.9743430577957,-12.2774516036226,0.));
#8929=CARTESIAN_POINT('Ctrl Pts',(18.9743430577957,-12.2774516036226,-16.2));
#8930=CARTESIAN_POINT('Ctrl Pts',(18.8089271939992,-12.1240765842414,0.));
#8931=CARTESIAN_POINT('Ctrl Pts',(18.8089271939992,-12.1240765842414,-16.2));
#8932=CARTESIAN_POINT('Ctrl Pts',(18.6964401857817,-11.997490564042,0.));
#8933=CARTESIAN_POINT('Ctrl Pts',(18.6964401857817,-11.997490564042,-16.2));
#8934=CARTESIAN_POINT('Ctrl Pts',(18.5978367988444,-11.8600161766431,0.));
#8935=CARTESIAN_POINT('Ctrl Pts',(18.5978367988444,-11.8600161766431,-16.2));
#8936=CARTESIAN_POINT('Ctrl Pts',(18.5141668941099,-11.7125070749224,0.));
#8937=CARTESIAN_POINT('Ctrl Pts',(18.5141668941099,-11.7125070749224,-16.2));
#8938=CARTESIAN_POINT('Ctrl Pts',(18.4677448068412,-11.57896885051,0.));
#8939=CARTESIAN_POINT('Ctrl Pts',(18.4677448068412,-11.57896885051,-16.2));
#8940=CARTESIAN_POINT('Ctrl Pts',(18.4406026377289,-11.469469490162,0.));
#8941=CARTESIAN_POINT('Ctrl Pts',(18.4406026377289,-11.469469490162,-16.2));
#8942=CARTESIAN_POINT('Ctrl Pts',(18.4311242044434,-11.3853482786245,0.));
#8943=CARTESIAN_POINT('Ctrl Pts',(18.4311242044434,-11.3853482786245,-16.2));
#8944=CARTESIAN_POINT('Ctrl Pts',(18.4258991167965,-11.3008134997278,0.));
#8945=CARTESIAN_POINT('Ctrl Pts',(18.4258991167965,-11.3008134997278,-16.2));
#8946=CARTESIAN_POINT('Ctrl Pts',(18.4330310117001,-11.2164573735665,0.));
#8947=CARTESIAN_POINT('Ctrl Pts',(18.4330310117001,-11.2164573735665,-16.2));
#8948=CARTESIAN_POINT('Ctrl Pts',(18.4437662861153,-11.1324442221915,0.));
#8949=CARTESIAN_POINT('Ctrl Pts',(18.4437662861153,-11.1324442221915,-16.2));
#8950=CARTESIAN_POINT('Ctrl Pts',(18.4675437132102,-11.0511538800962,0.));
#8951=CARTESIAN_POINT('Ctrl Pts',(18.4675437132102,-11.0511538800962,-16.2));
#8952=CARTESIAN_POINT('Ctrl Pts',(18.4950548393911,-10.9710715816339,0.));
#8953=CARTESIAN_POINT('Ctrl Pts',(18.4950548393911,-10.9710715816339,-16.2));
#8954=CARTESIAN_POINT('Ctrl Pts',(18.5476745578479,-10.871108990686,0.));
#8955=CARTESIAN_POINT('Ctrl Pts',(18.5476745578479,-10.871108990686,-16.2));
#8956=CARTESIAN_POINT('Ctrl Pts',(18.6205209227106,-10.750562767178,0.));
#8957=CARTESIAN_POINT('Ctrl Pts',(18.6205209227106,-10.750562767178,-16.2));
#8958=CARTESIAN_POINT('Ctrl Pts',(18.6884938321676,-10.6272028528797,0.));
#8959=CARTESIAN_POINT('Ctrl Pts',(18.6884938321676,-10.6272028528797,-16.2));
#8960=CARTESIAN_POINT('Ctrl Pts',(18.748754116128,-10.531651544482,0.));
#8961=CARTESIAN_POINT('Ctrl Pts',(18.748754116128,-10.531651544482,-16.2));
#8962=CARTESIAN_POINT('Ctrl Pts',(18.8043518578995,-10.4677850610915,0.));
#8963=CARTESIAN_POINT('Ctrl Pts',(18.8043518578995,-10.4677850610915,-16.2));
#8964=CARTESIAN_POINT('Ctrl Pts',(18.8628626456888,-10.4065480341431,0.));
#8965=CARTESIAN_POINT('Ctrl Pts',(18.8628626456888,-10.4065480341431,-16.2));
#8966=CARTESIAN_POINT('Ctrl Pts',(18.9302525318239,-10.3552444380954,0.));
#8967=CARTESIAN_POINT('Ctrl Pts',(18.9302525318239,-10.3552444380954,-16.2));
#8968=CARTESIAN_POINT('Ctrl Pts',(18.9997411325927,-10.3068899728511,0.));
#8969=CARTESIAN_POINT('Ctrl Pts',(18.9997411325927,-10.3068899728511,-16.2));
#8970=CARTESIAN_POINT('Ctrl Pts',(19.0755629424439,-10.269147642042,0.));
#8971=CARTESIAN_POINT('Ctrl Pts',(19.0755629424439,-10.269147642042,-16.2));
#8972=CARTESIAN_POINT('Ctrl Pts',(19.1531532652753,-10.2352956002865,0.));
#8973=CARTESIAN_POINT('Ctrl Pts',(19.1531532652753,-10.2352956002865,-16.2));
#8974=CARTESIAN_POINT('Ctrl Pts',(19.261553577591,-10.2040517280776,0.));
#8975=CARTESIAN_POINT('Ctrl Pts',(19.261553577591,-10.2040517280776,-16.2));
#8976=CARTESIAN_POINT('Ctrl Pts',(19.4004121159427,-10.1774853227428,0.));
#8977=CARTESIAN_POINT('Ctrl Pts',(19.4004121159427,-10.1774853227428,-16.2));
#8978=CARTESIAN_POINT('Ctrl Pts',(19.5699936976895,-10.1761910349148,0.));
#8979=CARTESIAN_POINT('Ctrl Pts',(19.5699936976895,-10.1761910349148,-16.2));
#8980=CARTESIAN_POINT('Ctrl Pts',(19.7383517030153,-10.1928468792022,0.));
#8981=CARTESIAN_POINT('Ctrl Pts',(19.7383517030153,-10.1928468792022,-16.2));
#8982=CARTESIAN_POINT('Ctrl Pts',(19.9042219163807,-10.2269704758145,0.));
#8983=CARTESIAN_POINT('Ctrl Pts',(19.9042219163807,-10.2269704758145,-16.2));
#8984=CARTESIAN_POINT('Ctrl Pts',(20.119756511369,-10.2935373063607,0.));
#8985=CARTESIAN_POINT('Ctrl Pts',(20.119756511369,-10.2935373063607,-16.2));
#8986=CARTESIAN_POINT('Ctrl Pts',(20.3818900809488,-10.3977833750924,0.));
#8987=CARTESIAN_POINT('Ctrl Pts',(20.3818900809488,-10.3977833750924,-16.2));
#8988=CARTESIAN_POINT('Ctrl Pts',(20.7099985340181,-10.4818747352624,0.));
#8989=CARTESIAN_POINT('Ctrl Pts',(20.7099985340181,-10.4818747352624,-16.2));
#8990=CARTESIAN_POINT('Ctrl Pts',(21.0412433945071,-10.5496760688412,0.));
#8991=CARTESIAN_POINT('Ctrl Pts',(21.0412433945071,-10.5496760688412,-16.2));
#8992=CARTESIAN_POINT('Ctrl Pts',(21.3757793332567,-10.599859407048,0.));
#8993=CARTESIAN_POINT('Ctrl Pts',(21.3757793332567,-10.599859407048,-16.2));
#8994=CARTESIAN_POINT('Ctrl Pts',(21.7120592994817,-10.6357926922871,0.));
#8995=CARTESIAN_POINT('Ctrl Pts',(21.7120592994817,-10.6357926922871,-16.2));
#8996=CARTESIAN_POINT('Ctrl Pts',(22.0494926973798,-10.6586079886278,0.));
#8997=CARTESIAN_POINT('Ctrl Pts',(22.0494926973798,-10.6586079886278,-16.2));
#8998=CARTESIAN_POINT('Ctrl Pts',(22.3875048281897,-10.6694830496775,0.));
#8999=CARTESIAN_POINT('Ctrl Pts',(22.3875048281897,-10.6694830496775,-16.2));
#9000=CARTESIAN_POINT('Ctrl Pts',(22.7256928987772,-10.6693307323517,0.));
#9001=CARTESIAN_POINT('Ctrl Pts',(22.7256928987772,-10.6693307323517,-16.2));
#9002=CARTESIAN_POINT('Ctrl Pts',(23.0636910698987,-10.6586325922669,0.));
#9003=CARTESIAN_POINT('Ctrl Pts',(23.0636910698987,-10.6586325922669,-16.2));
#9004=CARTESIAN_POINT('Ctrl Pts',(23.4013105500931,-10.6388789985028,0.));
#9005=CARTESIAN_POINT('Ctrl Pts',(23.4013105500931,-10.6388789985028,-16.2));
#9006=CARTESIAN_POINT('Ctrl Pts',(23.6257425682105,-10.6176543584652,0.));
#9007=CARTESIAN_POINT('Ctrl Pts',(23.6257425682105,-10.6176543584652,-16.2));
#9008=CARTESIAN_POINT('Ctrl Pts',(23.7379581765293,-10.6070420763446,0.));
#9009=CARTESIAN_POINT('Ctrl Pts',(23.7379581765293,-10.6070420763446,-16.2));
#9010=CARTESIAN_POINT('',(21.0549469853895,-15.2541537766746,-16.2));
#9011=CARTESIAN_POINT('',(21.0549469853895,-15.2541537766746,0.));
#9012=CARTESIAN_POINT('',(23.7379581765293,-10.6070420763446,-16.2));
#9013=CARTESIAN_POINT('Ctrl Pts',(23.7379581765293,-10.6070420763446,-16.2));
#9014=CARTESIAN_POINT('Ctrl Pts',(23.6257425682105,-10.6176543584652,-16.2));
#9015=CARTESIAN_POINT('Ctrl Pts',(23.4013105500931,-10.6388789985028,-16.2));
#9016=CARTESIAN_POINT('Ctrl Pts',(23.0636910698987,-10.6586325922669,-16.2));
#9017=CARTESIAN_POINT('Ctrl Pts',(22.7256928987772,-10.6693307323517,-16.2));
#9018=CARTESIAN_POINT('Ctrl Pts',(22.3875048281897,-10.6694830496775,-16.2));
#9019=CARTESIAN_POINT('Ctrl Pts',(22.0494926973798,-10.6586079886278,-16.2));
#9020=CARTESIAN_POINT('Ctrl Pts',(21.7120592994817,-10.6357926922871,-16.2));
#9021=CARTESIAN_POINT('Ctrl Pts',(21.3757793332567,-10.599859407048,-16.2));
#9022=CARTESIAN_POINT('Ctrl Pts',(21.0412433945071,-10.5496760688412,-16.2));
#9023=CARTESIAN_POINT('Ctrl Pts',(20.7099985340181,-10.4818747352624,-16.2));
#9024=CARTESIAN_POINT('Ctrl Pts',(20.3818900809488,-10.3977833750924,-16.2));
#9025=CARTESIAN_POINT('Ctrl Pts',(20.119756511369,-10.2935373063607,-16.2));
#9026=CARTESIAN_POINT('Ctrl Pts',(19.9042219163807,-10.2269704758145,-16.2));
#9027=CARTESIAN_POINT('Ctrl Pts',(19.7383517030153,-10.1928468792022,-16.2));
#9028=CARTESIAN_POINT('Ctrl Pts',(19.5699936976895,-10.1761910349148,-16.2));
#9029=CARTESIAN_POINT('Ctrl Pts',(19.4004121159427,-10.1774853227428,-16.2));
#9030=CARTESIAN_POINT('Ctrl Pts',(19.261553577591,-10.2040517280776,-16.2));
#9031=CARTESIAN_POINT('Ctrl Pts',(19.1531532652753,-10.2352956002865,-16.2));
#9032=CARTESIAN_POINT('Ctrl Pts',(19.0755629424439,-10.269147642042,-16.2));
#9033=CARTESIAN_POINT('Ctrl Pts',(18.9997411325927,-10.3068899728511,-16.2));
#9034=CARTESIAN_POINT('Ctrl Pts',(18.9302525318239,-10.3552444380954,-16.2));
#9035=CARTESIAN_POINT('Ctrl Pts',(18.8628626456888,-10.4065480341431,-16.2));
#9036=CARTESIAN_POINT('Ctrl Pts',(18.8043518578995,-10.4677850610915,-16.2));
#9037=CARTESIAN_POINT('Ctrl Pts',(18.748754116128,-10.531651544482,-16.2));
#9038=CARTESIAN_POINT('Ctrl Pts',(18.6884938321676,-10.6272028528797,-16.2));
#9039=CARTESIAN_POINT('Ctrl Pts',(18.6205209227106,-10.750562767178,-16.2));
#9040=CARTESIAN_POINT('Ctrl Pts',(18.5476745578479,-10.871108990686,-16.2));
#9041=CARTESIAN_POINT('Ctrl Pts',(18.4950548393911,-10.9710715816339,-16.2));
#9042=CARTESIAN_POINT('Ctrl Pts',(18.4675437132102,-11.0511538800962,-16.2));
#9043=CARTESIAN_POINT('Ctrl Pts',(18.4437662861153,-11.1324442221915,-16.2));
#9044=CARTESIAN_POINT('Ctrl Pts',(18.4330310117001,-11.2164573735665,-16.2));
#9045=CARTESIAN_POINT('Ctrl Pts',(18.4258991167965,-11.3008134997278,-16.2));
#9046=CARTESIAN_POINT('Ctrl Pts',(18.4311242044434,-11.3853482786245,-16.2));
#9047=CARTESIAN_POINT('Ctrl Pts',(18.4406026377289,-11.469469490162,-16.2));
#9048=CARTESIAN_POINT('Ctrl Pts',(18.4677448068412,-11.57896885051,-16.2));
#9049=CARTESIAN_POINT('Ctrl Pts',(18.5141668941099,-11.7125070749224,-16.2));
#9050=CARTESIAN_POINT('Ctrl Pts',(18.5978367988444,-11.8600161766431,-16.2));
#9051=CARTESIAN_POINT('Ctrl Pts',(18.6964401857817,-11.997490564042,-16.2));
#9052=CARTESIAN_POINT('Ctrl Pts',(18.8089271939992,-12.1240765842414,-16.2));
#9053=CARTESIAN_POINT('Ctrl Pts',(18.9743430577957,-12.2774516036226,-16.2));
#9054=CARTESIAN_POINT('Ctrl Pts',(19.195689586352,-12.4523428996975,-16.2));
#9055=CARTESIAN_POINT('Ctrl Pts',(19.4325690670326,-12.694447475167,-16.2));
#9056=CARTESIAN_POINT('Ctrl Pts',(19.6569091745668,-12.9474132724341,-16.2));
#9057=CARTESIAN_POINT('Ctrl Pts',(19.8676371896754,-13.2120382247667,-16.2));
#9058=CARTESIAN_POINT('Ctrl Pts',(20.0668963106464,-13.4852985756818,-16.2));
#9059=CARTESIAN_POINT('Ctrl Pts',(20.2553716358214,-13.7661168221765,-16.2));
#9060=CARTESIAN_POINT('Ctrl Pts',(20.4337957803631,-14.0534063837203,-16.2));
#9061=CARTESIAN_POINT('Ctrl Pts',(20.6027579049833,-14.3463620027688,-16.2));
#9062=CARTESIAN_POINT('Ctrl Pts',(20.7624921294572,-14.6444260754351,-16.2));
#9063=CARTESIAN_POINT('Ctrl Pts',(20.9141947555388,-14.946689918978,-16.2));
#9064=CARTESIAN_POINT('Ctrl Pts',(21.0080296871387,-15.1516660681091,-16.2));
#9065=CARTESIAN_POINT('Ctrl Pts',(21.0549469853895,-15.2541537766746,-16.2));
#9066=CARTESIAN_POINT('',(23.7379581765293,-10.6070420763446,0.));
#9067=CARTESIAN_POINT('Ctrl Pts',(24.2855825786608,-9.28495981763224,0.));
#9068=CARTESIAN_POINT('Ctrl Pts',(24.2855825786608,-9.28495981763224,-16.2));
#9069=CARTESIAN_POINT('Ctrl Pts',(24.213738177715,-9.19810738338368,0.));
#9070=CARTESIAN_POINT('Ctrl Pts',(24.213738177715,-9.19810738338368,-16.2));
#9071=CARTESIAN_POINT('Ctrl Pts',(24.0700488626876,-9.02440189455859,0.));
#9072=CARTESIAN_POINT('Ctrl Pts',(24.0700488626876,-9.02440189455859,-16.2));
#9073=CARTESIAN_POINT('Ctrl Pts',(23.8452837388848,-8.77170097054913,0.));
#9074=CARTESIAN_POINT('Ctrl Pts',(23.8452837388848,-8.77170097054913,-16.2));
#9075=CARTESIAN_POINT('Ctrl Pts',(23.6138476674563,-8.5251354443204,0.));
#9076=CARTESIAN_POINT('Ctrl Pts',(23.6138476674563,-8.5251354443204,-16.2));
#9077=CARTESIAN_POINT('Ctrl Pts',(23.3748202940414,-8.28589266167758,0.));
#9078=CARTESIAN_POINT('Ctrl Pts',(23.3748202940414,-8.28589266167758,-16.2));
#9079=CARTESIAN_POINT('Ctrl Pts',(23.1281197948084,-8.05457182127272,0.));
#9080=CARTESIAN_POINT('Ctrl Pts',(23.1281197948084,-8.05457182127272,-16.2));
#9081=CARTESIAN_POINT('Ctrl Pts',(22.8733855001985,-7.83210322817746,0.));
#9082=CARTESIAN_POINT('Ctrl Pts',(22.8733855001985,-7.83210322817746,-16.2));
#9083=CARTESIAN_POINT('Ctrl Pts',(22.6101909860408,-7.61972605334537,0.));
#9084=CARTESIAN_POINT('Ctrl Pts',(22.6101909860408,-7.61972605334537,-16.2));
#9085=CARTESIAN_POINT('Ctrl Pts',(22.3381533764517,-7.41865840125357,0.));
#9086=CARTESIAN_POINT('Ctrl Pts',(22.3381533764517,-7.41865840125357,-16.2));
#9087=CARTESIAN_POINT('Ctrl Pts',(22.0559851066197,-7.23237569691567,0.));
#9088=CARTESIAN_POINT('Ctrl Pts',(22.0559851066197,-7.23237569691567,-16.2));
#9089=CARTESIAN_POINT('Ctrl Pts',(21.7645158234744,-7.05982955580115,0.));
#9090=CARTESIAN_POINT('Ctrl Pts',(21.7645158234744,-7.05982955580115,-16.2));
#9091=CARTESIAN_POINT('Ctrl Pts',(21.5054462967356,-6.94818623328686,0.));
#9092=CARTESIAN_POINT('Ctrl Pts',(21.5054462967356,-6.94818623328686,-16.2));
#9093=CARTESIAN_POINT('Ctrl Pts',(21.3059704657578,-6.8428501168716,0.));
#9094=CARTESIAN_POINT('Ctrl Pts',(21.3059704657578,-6.8428501168716,-16.2));
#9095=CARTESIAN_POINT('Ctrl Pts',(21.1645534865272,-6.74969119076715,0.));
#9096=CARTESIAN_POINT('Ctrl Pts',(21.1645534865272,-6.74969119076715,-16.2));
#9097=CARTESIAN_POINT('Ctrl Pts',(21.0337289388522,-6.64242156397625,0.));
#9098=CARTESIAN_POINT('Ctrl Pts',(21.0337289388522,-6.64242156397625,-16.2));
#9099=CARTESIAN_POINT('Ctrl Pts',(20.9147318521348,-6.52159407785879,0.));
#9100=CARTESIAN_POINT('Ctrl Pts',(20.9147318521348,-6.52159407785879,-16.2));
#9101=CARTESIAN_POINT('Ctrl Pts',(20.8353293234046,-6.40462097840063,0.));
#9102=CARTESIAN_POINT('Ctrl Pts',(20.8353293234046,-6.40462097840063,-16.2));
#9103=CARTESIAN_POINT('Ctrl Pts',(20.7807714813929,-6.30587762857002,0.));
#9104=CARTESIAN_POINT('Ctrl Pts',(20.7807714813929,-6.30587762857002,-16.2));
#9105=CARTESIAN_POINT('Ctrl Pts',(20.7498438462467,-6.22707597685918,0.));
#9106=CARTESIAN_POINT('Ctrl Pts',(20.7498438462467,-6.22707597685918,-16.2));
#9107=CARTESIAN_POINT('Ctrl Pts',(20.7229175883919,-6.14677400289861,0.));
#9108=CARTESIAN_POINT('Ctrl Pts',(20.7229175883919,-6.14677400289861,-16.2));
#9109=CARTESIAN_POINT('Ctrl Pts',(20.707973497848,-6.06344637180493,0.));
#9110=CARTESIAN_POINT('Ctrl Pts',(20.707973497848,-6.06344637180493,-16.2));
#9111=CARTESIAN_POINT('Ctrl Pts',(20.6965987730431,-5.97951740567089,0.));
#9112=CARTESIAN_POINT('Ctrl Pts',(20.6965987730431,-5.97951740567089,-16.2));
#9113=CARTESIAN_POINT('Ctrl Pts',(20.6985265152396,-5.89484291383748,0.));
#9114=CARTESIAN_POINT('Ctrl Pts',(20.6985265152396,-5.89484291383748,-16.2));
#9115=CARTESIAN_POINT('Ctrl Pts',(20.7043733985104,-5.81036895011626,0.));
#9116=CARTESIAN_POINT('Ctrl Pts',(20.7043733985104,-5.81036895011626,-16.2));
#9117=CARTESIAN_POINT('Ctrl Pts',(20.7293279212047,-5.70019351657237,0.));
#9118=CARTESIAN_POINT('Ctrl Pts',(20.7293279212047,-5.70019351657237,-16.2));
#9119=CARTESIAN_POINT('Ctrl Pts',(20.7684924479179,-5.56490077943146,0.));
#9120=CARTESIAN_POINT('Ctrl Pts',(20.7684924479179,-5.56490077943146,-16.2));
#9121=CARTESIAN_POINT('Ctrl Pts',(20.8022213414277,-5.42815156876337,0.));
#9122=CARTESIAN_POINT('Ctrl Pts',(20.8022213414277,-5.42815156876337,-16.2));
#9123=CARTESIAN_POINT('Ctrl Pts',(20.8356978076068,-5.32025958309416,0.));
#9124=CARTESIAN_POINT('Ctrl Pts',(20.8356978076068,-5.32025958309416,-16.2));
#9125=CARTESIAN_POINT('Ctrl Pts',(20.8728712400221,-5.24417954291786,0.));
#9126=CARTESIAN_POINT('Ctrl Pts',(20.8728712400221,-5.24417954291786,-16.2));
#9127=CARTESIAN_POINT('Ctrl Pts',(20.9135390122246,-5.16988541083932,0.));
#9128=CARTESIAN_POINT('Ctrl Pts',(20.9135390122246,-5.16988541083932,-16.2));
#9129=CARTESIAN_POINT('Ctrl Pts',(20.9653542959337,-5.10288815645634,0.));
#9130=CARTESIAN_POINT('Ctrl Pts',(20.9653542959337,-5.10288815645634,-16.2));
#9131=CARTESIAN_POINT('Ctrl Pts',(21.019960073528,-5.03819635636399,0.));
#9132=CARTESIAN_POINT('Ctrl Pts',(21.019960073528,-5.03819635636399,-16.2));
#9133=CARTESIAN_POINT('Ctrl Pts',(21.0834298838394,-4.98211593586747,0.));
#9134=CARTESIAN_POINT('Ctrl Pts',(21.0834298838394,-4.98211593586747,-16.2));
#9135=CARTESIAN_POINT('Ctrl Pts',(21.1496148274104,-4.92933552119882,0.));
#9136=CARTESIAN_POINT('Ctrl Pts',(21.1496148274104,-4.92933552119882,-16.2));
#9137=CARTESIAN_POINT('Ctrl Pts',(21.2462349794835,-4.87110019279658,0.));
#9138=CARTESIAN_POINT('Ctrl Pts',(21.2462349794835,-4.87110019279658,-16.2));
#9139=CARTESIAN_POINT('Ctrl Pts',(21.3734861362176,-4.80949978147148,0.));
#9140=CARTESIAN_POINT('Ctrl Pts',(21.3734861362176,-4.80949978147148,-16.2));
#9141=CARTESIAN_POINT('Ctrl Pts',(21.53695437935,-4.76435865237712,0.));
#9142=CARTESIAN_POINT('Ctrl Pts',(21.53695437935,-4.76435865237712,-16.2));
#9143=CARTESIAN_POINT('Ctrl Pts',(21.7038865744706,-4.73687270435918,0.));
#9144=CARTESIAN_POINT('Ctrl Pts',(21.7038865744706,-4.73687270435918,-16.2));
#9145=CARTESIAN_POINT('Ctrl Pts',(21.872936734063,-4.72690319737876,0.));
#9146=CARTESIAN_POINT('Ctrl Pts',(21.872936734063,-4.72690319737876,-16.2));
#9147=CARTESIAN_POINT('Ctrl Pts',(22.0983559293384,-4.73541736011604,0.));
#9148=CARTESIAN_POINT('Ctrl Pts',(22.0983559293384,-4.73541736011604,-16.2));
#9149=CARTESIAN_POINT('Ctrl Pts',(22.3785383820977,-4.76826617002515,0.));
#9150=CARTESIAN_POINT('Ctrl Pts',(22.3785383820977,-4.76826617002515,-16.2));
#9151=CARTESIAN_POINT('Ctrl Pts',(22.7172312562817,-4.76457147006769,0.));
#9152=CARTESIAN_POINT('Ctrl Pts',(22.7172312562817,-4.76457147006769,-16.2));
#9153=CARTESIAN_POINT('Ctrl Pts',(23.0547374982671,-4.74433005074137,0.));
#9154=CARTESIAN_POINT('Ctrl Pts',(23.0547374982671,-4.74433005074137,-16.2));
#9155=CARTESIAN_POINT('Ctrl Pts',(23.3908628050019,-4.70621916094514,0.));
#9156=CARTESIAN_POINT('Ctrl Pts',(23.3908628050019,-4.70621916094514,-16.2));
#9157=CARTESIAN_POINT('Ctrl Pts',(23.7249845278152,-4.65389238943545,0.));
#9158=CARTESIAN_POINT('Ctrl Pts',(23.7249845278152,-4.65389238943545,-16.2));
#9159=CARTESIAN_POINT('Ctrl Pts',(24.0568251947101,-4.58859608357572,0.));
#9160=CARTESIAN_POINT('Ctrl Pts',(24.0568251947101,-4.58859608357572,-16.2));
#9161=CARTESIAN_POINT('Ctrl Pts',(24.3861345143747,-4.51161660897684,0.));
#9162=CARTESIAN_POINT('Ctrl Pts',(24.3861345143747,-4.51161660897684,-16.2));
#9163=CARTESIAN_POINT('Ctrl Pts',(24.7127596832733,-4.42393996824351,0.));
#9164=CARTESIAN_POINT('Ctrl Pts',(24.7127596832733,-4.42393996824351,-16.2));
#9165=CARTESIAN_POINT('Ctrl Pts',(25.0364719635968,-4.32612599454626,0.));
#9166=CARTESIAN_POINT('Ctrl Pts',(25.0364719635968,-4.32612599454626,-16.2));
#9167=CARTESIAN_POINT('Ctrl Pts',(25.3574747326995,-4.21966313669563,0.));
#9168=CARTESIAN_POINT('Ctrl Pts',(25.3574747326995,-4.21966313669563,-16.2));
#9169=CARTESIAN_POINT('Ctrl Pts',(25.5687660741782,-4.14107442811003,0.));
#9170=CARTESIAN_POINT('Ctrl Pts',(25.5687660741782,-4.14107442811003,-16.2));
#9171=CARTESIAN_POINT('Ctrl Pts',(25.6744113676412,-4.10178021414317,0.));
#9172=CARTESIAN_POINT('Ctrl Pts',(25.6744113676412,-4.10178021414317,-16.2));
#9173=CARTESIAN_POINT('',(24.2855825786608,-9.28495981763223,-16.2));
#9174=CARTESIAN_POINT('',(24.2855825786608,-9.28495981763224,0.));
#9175=CARTESIAN_POINT('',(25.6744113676412,-4.10178021414317,-16.2));
#9176=CARTESIAN_POINT('Ctrl Pts',(25.6744113676412,-4.10178021414317,-16.2));
#9177=CARTESIAN_POINT('Ctrl Pts',(25.5687660741782,-4.14107442811003,-16.2));
#9178=CARTESIAN_POINT('Ctrl Pts',(25.3574747326995,-4.21966313669563,-16.2));
#9179=CARTESIAN_POINT('Ctrl Pts',(25.0364719635968,-4.32612599454626,-16.2));
#9180=CARTESIAN_POINT('Ctrl Pts',(24.7127596832733,-4.42393996824351,-16.2));
#9181=CARTESIAN_POINT('Ctrl Pts',(24.3861345143747,-4.51161660897684,-16.2));
#9182=CARTESIAN_POINT('Ctrl Pts',(24.0568251947101,-4.58859608357572,-16.2));
#9183=CARTESIAN_POINT('Ctrl Pts',(23.7249845278152,-4.65389238943545,-16.2));
#9184=CARTESIAN_POINT('Ctrl Pts',(23.3908628050019,-4.70621916094514,-16.2));
#9185=CARTESIAN_POINT('Ctrl Pts',(23.0547374982671,-4.74433005074137,-16.2));
#9186=CARTESIAN_POINT('Ctrl Pts',(22.7172312562817,-4.76457147006769,-16.2));
#9187=CARTESIAN_POINT('Ctrl Pts',(22.3785383820977,-4.76826617002515,-16.2));
#9188=CARTESIAN_POINT('Ctrl Pts',(22.0983559293384,-4.73541736011604,-16.2));
#9189=CARTESIAN_POINT('Ctrl Pts',(21.872936734063,-4.72690319737876,-16.2));
#9190=CARTESIAN_POINT('Ctrl Pts',(21.7038865744706,-4.73687270435918,-16.2));
#9191=CARTESIAN_POINT('Ctrl Pts',(21.53695437935,-4.76435865237712,-16.2));
#9192=CARTESIAN_POINT('Ctrl Pts',(21.3734861362176,-4.80949978147148,-16.2));
#9193=CARTESIAN_POINT('Ctrl Pts',(21.2462349794835,-4.87110019279658,-16.2));
#9194=CARTESIAN_POINT('Ctrl Pts',(21.1496148274104,-4.92933552119882,-16.2));
#9195=CARTESIAN_POINT('Ctrl Pts',(21.0834298838394,-4.98211593586747,-16.2));
#9196=CARTESIAN_POINT('Ctrl Pts',(21.019960073528,-5.03819635636399,-16.2));
#9197=CARTESIAN_POINT('Ctrl Pts',(20.9653542959337,-5.10288815645634,-16.2));
#9198=CARTESIAN_POINT('Ctrl Pts',(20.9135390122246,-5.16988541083932,-16.2));
#9199=CARTESIAN_POINT('Ctrl Pts',(20.8728712400221,-5.24417954291786,-16.2));
#9200=CARTESIAN_POINT('Ctrl Pts',(20.8356978076068,-5.32025958309416,-16.2));
#9201=CARTESIAN_POINT('Ctrl Pts',(20.8022213414277,-5.42815156876337,-16.2));
#9202=CARTESIAN_POINT('Ctrl Pts',(20.7684924479179,-5.56490077943146,-16.2));
#9203=CARTESIAN_POINT('Ctrl Pts',(20.7293279212047,-5.70019351657237,-16.2));
#9204=CARTESIAN_POINT('Ctrl Pts',(20.7043733985104,-5.81036895011626,-16.2));
#9205=CARTESIAN_POINT('Ctrl Pts',(20.6985265152396,-5.89484291383748,-16.2));
#9206=CARTESIAN_POINT('Ctrl Pts',(20.6965987730431,-5.97951740567089,-16.2));
#9207=CARTESIAN_POINT('Ctrl Pts',(20.707973497848,-6.06344637180493,-16.2));
#9208=CARTESIAN_POINT('Ctrl Pts',(20.7229175883919,-6.14677400289861,-16.2));
#9209=CARTESIAN_POINT('Ctrl Pts',(20.7498438462467,-6.22707597685918,-16.2));
#9210=CARTESIAN_POINT('Ctrl Pts',(20.7807714813929,-6.30587762857002,-16.2));
#9211=CARTESIAN_POINT('Ctrl Pts',(20.8353293234046,-6.40462097840063,-16.2));
#9212=CARTESIAN_POINT('Ctrl Pts',(20.9147318521348,-6.52159407785879,-16.2));
#9213=CARTESIAN_POINT('Ctrl Pts',(21.0337289388522,-6.64242156397625,-16.2));
#9214=CARTESIAN_POINT('Ctrl Pts',(21.1645534865272,-6.74969119076715,-16.2));
#9215=CARTESIAN_POINT('Ctrl Pts',(21.3059704657578,-6.8428501168716,-16.2));
#9216=CARTESIAN_POINT('Ctrl Pts',(21.5054462967356,-6.94818623328686,-16.2));
#9217=CARTESIAN_POINT('Ctrl Pts',(21.7645158234744,-7.05982955580115,-16.2));
#9218=CARTESIAN_POINT('Ctrl Pts',(22.0559851066197,-7.23237569691567,-16.2));
#9219=CARTESIAN_POINT('Ctrl Pts',(22.3381533764517,-7.41865840125357,-16.2));
#9220=CARTESIAN_POINT('Ctrl Pts',(22.6101909860408,-7.61972605334537,-16.2));
#9221=CARTESIAN_POINT('Ctrl Pts',(22.8733855001985,-7.83210322817746,-16.2));
#9222=CARTESIAN_POINT('Ctrl Pts',(23.1281197948084,-8.05457182127272,-16.2));
#9223=CARTESIAN_POINT('Ctrl Pts',(23.3748202940414,-8.28589266167758,-16.2));
#9224=CARTESIAN_POINT('Ctrl Pts',(23.6138476674563,-8.5251354443204,-16.2));
#9225=CARTESIAN_POINT('Ctrl Pts',(23.8452837388848,-8.77170097054913,-16.2));
#9226=CARTESIAN_POINT('Ctrl Pts',(24.0700488626876,-9.02440189455859,-16.2));
#9227=CARTESIAN_POINT('Ctrl Pts',(24.213738177715,-9.19810738338368,-16.2));
#9228=CARTESIAN_POINT('Ctrl Pts',(24.2855825786608,-9.28495981763224,-16.2));
#9229=CARTESIAN_POINT('',(25.6744113676412,-4.10178021414317,0.));
#9230=CARTESIAN_POINT('Ctrl Pts',(25.8611958530192,-2.6830111911398,0.));
#9231=CARTESIAN_POINT('Ctrl Pts',(25.8611958530192,-2.6830111911398,-16.2));
#9232=CARTESIAN_POINT('Ctrl Pts',(25.7693204265744,-2.6177128810718,0.));
#9233=CARTESIAN_POINT('Ctrl Pts',(25.7693204265744,-2.6177128810718,-16.2));
#9234=CARTESIAN_POINT('Ctrl Pts',(25.5855689174808,-2.48711579455431,0.));
#9235=CARTESIAN_POINT('Ctrl Pts',(25.5855689174808,-2.48711579455431,-16.2));
#9236=CARTESIAN_POINT('Ctrl Pts',(25.303058667702,-2.30119894044147,0.));
#9237=CARTESIAN_POINT('Ctrl Pts',(25.303058667702,-2.30119894044147,-16.2));
#9238=CARTESIAN_POINT('Ctrl Pts',(25.0156927351206,-2.12293499379398,0.));
#9239=CARTESIAN_POINT('Ctrl Pts',(25.0156927351206,-2.12293499379398,-16.2));
#9240=CARTESIAN_POINT('Ctrl Pts',(24.7228894333978,-1.95370904782663,0.));
#9241=CARTESIAN_POINT('Ctrl Pts',(24.7228894333978,-1.95370904782663,-16.2));
#9242=CARTESIAN_POINT('Ctrl Pts',(24.4247248108043,-1.79412106155848,0.));
#9243=CARTESIAN_POINT('Ctrl Pts',(24.4247248108043,-1.79412106155848,-16.2));
#9244=CARTESIAN_POINT('Ctrl Pts',(24.1210912679689,-1.64516298883537,0.));
#9245=CARTESIAN_POINT('Ctrl Pts',(24.1210912679689,-1.64516298883537,-16.2));
#9246=CARTESIAN_POINT('Ctrl Pts',(23.8118976318147,-1.50814214358127,0.));
#9247=CARTESIAN_POINT('Ctrl Pts',(23.8118976318147,-1.50814214358127,-16.2));
#9248=CARTESIAN_POINT('Ctrl Pts',(23.4970893412753,-1.38433421994033,0.));
#9249=CARTESIAN_POINT('Ctrl Pts',(23.4970893412753,-1.38433421994033,-16.2));
#9250=CARTESIAN_POINT('Ctrl Pts',(23.1763222104294,-1.27742946698552,0.));
#9251=CARTESIAN_POINT('Ctrl Pts',(23.1763222104294,-1.27742946698552,-16.2));
#9252=CARTESIAN_POINT('Ctrl Pts',(22.85012627479,-1.18620049459688,0.));
#9253=CARTESIAN_POINT('Ctrl Pts',(22.85012627479,-1.18620049459688,-16.2));
#9254=CARTESIAN_POINT('Ctrl Pts',(22.5709889099833,-1.1454134535733,0.));
#9255=CARTESIAN_POINT('Ctrl Pts',(22.5709889099833,-1.1454134535733,-16.2));
#9256=CARTESIAN_POINT('Ctrl Pts',(22.351047060056,-1.09529472238151,0.));
#9257=CARTESIAN_POINT('Ctrl Pts',(22.351047060056,-1.09529472238151,-16.2));
#9258=CARTESIAN_POINT('Ctrl Pts',(22.1903374432442,-1.04191151723362,0.));
#9259=CARTESIAN_POINT('Ctrl Pts',(22.1903374432442,-1.04191151723362,-16.2));
#9260=CARTESIAN_POINT('Ctrl Pts',(22.0362072115579,-0.972156898845091,0.));
#9261=CARTESIAN_POINT('Ctrl Pts',(22.0362072115579,-0.972156898845091,-16.2));
#9262=CARTESIAN_POINT('Ctrl Pts',(21.8899923976652,-0.886245221832854,0.));
#9263=CARTESIAN_POINT('Ctrl Pts',(21.8899923976652,-0.886245221832854,-16.2));
#9264=CARTESIAN_POINT('Ctrl Pts',(21.7830205785876,-0.793808770749812,0.));
#9265=CARTESIAN_POINT('Ctrl Pts',(21.7830205785876,-0.793808770749812,-16.2));
#9266=CARTESIAN_POINT('Ctrl Pts',(21.7047650904486,-0.71255062754645,0.));
#9267=CARTESIAN_POINT('Ctrl Pts',(21.7047650904486,-0.71255062754645,-16.2));
#9268=CARTESIAN_POINT('Ctrl Pts',(21.6544959206665,-0.644438738000522,0.));
#9269=CARTESIAN_POINT('Ctrl Pts',(21.6544959206665,-0.644438738000522,-16.2));
#9270=CARTESIAN_POINT('Ctrl Pts',(21.6077034725789,-0.573842015796181,0.));
#9271=CARTESIAN_POINT('Ctrl Pts',(21.6077034725789,-0.573842015796181,-16.2));
#9272=CARTESIAN_POINT('Ctrl Pts',(21.5717018116619,-0.497221520123801,0.));
#9273=CARTESIAN_POINT('Ctrl Pts',(21.5717018116619,-0.497221520123801,-16.2));
#9274=CARTESIAN_POINT('Ctrl Pts',(21.5389922563346,-0.419096359573503,0.));
#9275=CARTESIAN_POINT('Ctrl Pts',(21.5389922563346,-0.419096359573503,-16.2));
#9276=CARTESIAN_POINT('Ctrl Pts',(21.5189389411877,-0.33680814468922,0.));
#9277=CARTESIAN_POINT('Ctrl Pts',(21.5189389411877,-0.33680814468922,-16.2));
#9278=CARTESIAN_POINT('Ctrl Pts',(21.502723126116,-0.253699276736903,0.));
#9279=CARTESIAN_POINT('Ctrl Pts',(21.502723126116,-0.253699276736903,-16.2));
#9280=CARTESIAN_POINT('Ctrl Pts',(21.4983118435656,-0.140819274319538,0.));
#9281=CARTESIAN_POINT('Ctrl Pts',(21.4983118435656,-0.140819274319538,-16.2));
#9282=CARTESIAN_POINT('Ctrl Pts',(21.5011255343561,3.33066907387547E-15,
0.));
#9283=CARTESIAN_POINT('Ctrl Pts',(21.5011255343561,3.33066907387547E-15,
-16.2));
#9284=CARTESIAN_POINT('Ctrl Pts',(21.4983118435657,0.140819274319535,0.));
#9285=CARTESIAN_POINT('Ctrl Pts',(21.4983118435657,0.140819274319535,-16.2));
#9286=CARTESIAN_POINT('Ctrl Pts',(21.5027231261159,0.253699276736918,0.));
#9287=CARTESIAN_POINT('Ctrl Pts',(21.5027231261159,0.253699276736918,-16.2));
#9288=CARTESIAN_POINT('Ctrl Pts',(21.5189389411878,0.336808144689213,0.));
#9289=CARTESIAN_POINT('Ctrl Pts',(21.5189389411878,0.336808144689213,-16.2));
#9290=CARTESIAN_POINT('Ctrl Pts',(21.5389922563346,0.419096359573512,0.));
#9291=CARTESIAN_POINT('Ctrl Pts',(21.5389922563346,0.419096359573512,-16.2));
#9292=CARTESIAN_POINT('Ctrl Pts',(21.5717018116619,0.497221520123811,0.));
#9293=CARTESIAN_POINT('Ctrl Pts',(21.5717018116619,0.497221520123811,-16.2));
#9294=CARTESIAN_POINT('Ctrl Pts',(21.6077034725789,0.573842015796174,0.));
#9295=CARTESIAN_POINT('Ctrl Pts',(21.6077034725789,0.573842015796174,-16.2));
#9296=CARTESIAN_POINT('Ctrl Pts',(21.6544959206665,0.644438738000541,0.));
#9297=CARTESIAN_POINT('Ctrl Pts',(21.6544959206665,0.644438738000541,-16.2));
#9298=CARTESIAN_POINT('Ctrl Pts',(21.7047650904486,0.712550627546452,0.));
#9299=CARTESIAN_POINT('Ctrl Pts',(21.7047650904486,0.712550627546452,-16.2));
#9300=CARTESIAN_POINT('Ctrl Pts',(21.7830205785876,0.793808770749814,0.));
#9301=CARTESIAN_POINT('Ctrl Pts',(21.7830205785876,0.793808770749814,-16.2));
#9302=CARTESIAN_POINT('Ctrl Pts',(21.8899923976652,0.886245221832881,0.));
#9303=CARTESIAN_POINT('Ctrl Pts',(21.8899923976652,0.886245221832881,-16.2));
#9304=CARTESIAN_POINT('Ctrl Pts',(22.0362072115578,0.972156898845089,0.));
#9305=CARTESIAN_POINT('Ctrl Pts',(22.0362072115578,0.972156898845089,-16.2));
#9306=CARTESIAN_POINT('Ctrl Pts',(22.1903374432442,1.04191151723362,0.));
#9307=CARTESIAN_POINT('Ctrl Pts',(22.1903374432442,1.04191151723362,-16.2));
#9308=CARTESIAN_POINT('Ctrl Pts',(22.351047060056,1.09529472238152,0.));
#9309=CARTESIAN_POINT('Ctrl Pts',(22.351047060056,1.09529472238152,-16.2));
#9310=CARTESIAN_POINT('Ctrl Pts',(22.5709889099833,1.14541345357331,0.));
#9311=CARTESIAN_POINT('Ctrl Pts',(22.5709889099833,1.14541345357331,-16.2));
#9312=CARTESIAN_POINT('Ctrl Pts',(22.85012627479,1.18620049459689,0.));
#9313=CARTESIAN_POINT('Ctrl Pts',(22.85012627479,1.18620049459689,-16.2));
#9314=CARTESIAN_POINT('Ctrl Pts',(23.1763222104294,1.27742946698551,0.));
#9315=CARTESIAN_POINT('Ctrl Pts',(23.1763222104294,1.27742946698551,-16.2));
#9316=CARTESIAN_POINT('Ctrl Pts',(23.4970893412753,1.38433421994035,0.));
#9317=CARTESIAN_POINT('Ctrl Pts',(23.4970893412753,1.38433421994035,-16.2));
#9318=CARTESIAN_POINT('Ctrl Pts',(23.8118976318147,1.50814214358129,0.));
#9319=CARTESIAN_POINT('Ctrl Pts',(23.8118976318147,1.50814214358129,-16.2));
#9320=CARTESIAN_POINT('Ctrl Pts',(24.1210912679689,1.64516298883538,0.));
#9321=CARTESIAN_POINT('Ctrl Pts',(24.1210912679689,1.64516298883538,-16.2));
#9322=CARTESIAN_POINT('Ctrl Pts',(24.4247248108043,1.79412106155848,0.));
#9323=CARTESIAN_POINT('Ctrl Pts',(24.4247248108043,1.79412106155848,-16.2));
#9324=CARTESIAN_POINT('Ctrl Pts',(24.7228894333978,1.95370904782664,0.));
#9325=CARTESIAN_POINT('Ctrl Pts',(24.7228894333978,1.95370904782664,-16.2));
#9326=CARTESIAN_POINT('Ctrl Pts',(25.0156927351206,2.12293499379401,0.));
#9327=CARTESIAN_POINT('Ctrl Pts',(25.0156927351206,2.12293499379401,-16.2));
#9328=CARTESIAN_POINT('Ctrl Pts',(25.303058667702,2.30119894044144,0.));
#9329=CARTESIAN_POINT('Ctrl Pts',(25.303058667702,2.30119894044144,-16.2));
#9330=CARTESIAN_POINT('Ctrl Pts',(25.5855689174808,2.48711579455433,0.));
#9331=CARTESIAN_POINT('Ctrl Pts',(25.5855689174808,2.48711579455433,-16.2));
#9332=CARTESIAN_POINT('Ctrl Pts',(25.7693204265744,2.61771288107181,0.));
#9333=CARTESIAN_POINT('Ctrl Pts',(25.7693204265744,2.61771288107181,-16.2));
#9334=CARTESIAN_POINT('Ctrl Pts',(25.8611958530192,2.6830111911398,0.));
#9335=CARTESIAN_POINT('Ctrl Pts',(25.8611958530192,2.6830111911398,-16.2));
#9336=CARTESIAN_POINT('',(25.8611958530192,-2.6830111911398,-16.2));
#9337=CARTESIAN_POINT('',(25.8611958530192,-2.6830111911398,0.));
#9338=CARTESIAN_POINT('',(25.8611958530192,2.6830111911398,-16.2));
#9339=CARTESIAN_POINT('Ctrl Pts',(25.8611958530192,2.6830111911398,-16.2));
#9340=CARTESIAN_POINT('Ctrl Pts',(25.7693204265744,2.61771288107181,-16.2));
#9341=CARTESIAN_POINT('Ctrl Pts',(25.5855689174808,2.48711579455433,-16.2));
#9342=CARTESIAN_POINT('Ctrl Pts',(25.303058667702,2.30119894044144,-16.2));
#9343=CARTESIAN_POINT('Ctrl Pts',(25.0156927351206,2.12293499379401,-16.2));
#9344=CARTESIAN_POINT('Ctrl Pts',(24.7228894333978,1.95370904782664,-16.2));
#9345=CARTESIAN_POINT('Ctrl Pts',(24.4247248108043,1.79412106155848,-16.2));
#9346=CARTESIAN_POINT('Ctrl Pts',(24.1210912679689,1.64516298883538,-16.2));
#9347=CARTESIAN_POINT('Ctrl Pts',(23.8118976318147,1.50814214358129,-16.2));
#9348=CARTESIAN_POINT('Ctrl Pts',(23.4970893412753,1.38433421994035,-16.2));
#9349=CARTESIAN_POINT('Ctrl Pts',(23.1763222104294,1.27742946698551,-16.2));
#9350=CARTESIAN_POINT('Ctrl Pts',(22.85012627479,1.18620049459689,-16.2));
#9351=CARTESIAN_POINT('Ctrl Pts',(22.5709889099833,1.14541345357331,-16.2));
#9352=CARTESIAN_POINT('Ctrl Pts',(22.351047060056,1.09529472238152,-16.2));
#9353=CARTESIAN_POINT('Ctrl Pts',(22.1903374432442,1.04191151723362,-16.2));
#9354=CARTESIAN_POINT('Ctrl Pts',(22.0362072115578,0.972156898845089,-16.2));
#9355=CARTESIAN_POINT('Ctrl Pts',(21.8899923976652,0.886245221832881,-16.2));
#9356=CARTESIAN_POINT('Ctrl Pts',(21.7830205785876,0.793808770749814,-16.2));
#9357=CARTESIAN_POINT('Ctrl Pts',(21.7047650904486,0.712550627546452,-16.2));
#9358=CARTESIAN_POINT('Ctrl Pts',(21.6544959206665,0.644438738000541,-16.2));
#9359=CARTESIAN_POINT('Ctrl Pts',(21.6077034725789,0.573842015796174,-16.2));
#9360=CARTESIAN_POINT('Ctrl Pts',(21.5717018116619,0.497221520123811,-16.2));
#9361=CARTESIAN_POINT('Ctrl Pts',(21.5389922563346,0.419096359573512,-16.2));
#9362=CARTESIAN_POINT('Ctrl Pts',(21.5189389411878,0.336808144689213,-16.2));
#9363=CARTESIAN_POINT('Ctrl Pts',(21.5027231261159,0.253699276736918,-16.2));
#9364=CARTESIAN_POINT('Ctrl Pts',(21.4983118435657,0.140819274319535,-16.2));
#9365=CARTESIAN_POINT('Ctrl Pts',(21.5011255343561,3.33066907387547E-15,
-16.2));
#9366=CARTESIAN_POINT('Ctrl Pts',(21.4983118435656,-0.140819274319538,-16.2));
#9367=CARTESIAN_POINT('Ctrl Pts',(21.502723126116,-0.253699276736903,-16.2));
#9368=CARTESIAN_POINT('Ctrl Pts',(21.5189389411877,-0.33680814468922,-16.2));
#9369=CARTESIAN_POINT('Ctrl Pts',(21.5389922563346,-0.419096359573503,-16.2));
#9370=CARTESIAN_POINT('Ctrl Pts',(21.5717018116619,-0.497221520123801,-16.2));
#9371=CARTESIAN_POINT('Ctrl Pts',(21.6077034725789,-0.573842015796181,-16.2));
#9372=CARTESIAN_POINT('Ctrl Pts',(21.6544959206665,-0.644438738000522,-16.2));
#9373=CARTESIAN_POINT('Ctrl Pts',(21.7047650904486,-0.71255062754645,-16.2));
#9374=CARTESIAN_POINT('Ctrl Pts',(21.7830205785876,-0.793808770749812,-16.2));
#9375=CARTESIAN_POINT('Ctrl Pts',(21.8899923976652,-0.886245221832854,-16.2));
#9376=CARTESIAN_POINT('Ctrl Pts',(22.0362072115579,-0.972156898845091,-16.2));
#9377=CARTESIAN_POINT('Ctrl Pts',(22.1903374432442,-1.04191151723362,-16.2));
#9378=CARTESIAN_POINT('Ctrl Pts',(22.351047060056,-1.09529472238151,-16.2));
#9379=CARTESIAN_POINT('Ctrl Pts',(22.5709889099833,-1.1454134535733,-16.2));
#9380=CARTESIAN_POINT('Ctrl Pts',(22.85012627479,-1.18620049459688,-16.2));
#9381=CARTESIAN_POINT('Ctrl Pts',(23.1763222104294,-1.27742946698552,-16.2));
#9382=CARTESIAN_POINT('Ctrl Pts',(23.4970893412753,-1.38433421994033,-16.2));
#9383=CARTESIAN_POINT('Ctrl Pts',(23.8118976318147,-1.50814214358127,-16.2));
#9384=CARTESIAN_POINT('Ctrl Pts',(24.1210912679689,-1.64516298883537,-16.2));
#9385=CARTESIAN_POINT('Ctrl Pts',(24.4247248108043,-1.79412106155848,-16.2));
#9386=CARTESIAN_POINT('Ctrl Pts',(24.7228894333978,-1.95370904782663,-16.2));
#9387=CARTESIAN_POINT('Ctrl Pts',(25.0156927351206,-2.12293499379398,-16.2));
#9388=CARTESIAN_POINT('Ctrl Pts',(25.303058667702,-2.30119894044147,-16.2));
#9389=CARTESIAN_POINT('Ctrl Pts',(25.5855689174808,-2.48711579455431,-16.2));
#9390=CARTESIAN_POINT('Ctrl Pts',(25.7693204265744,-2.6177128810718,-16.2));
#9391=CARTESIAN_POINT('Ctrl Pts',(25.8611958530192,-2.6830111911398,-16.2));
#9392=CARTESIAN_POINT('',(25.8611958530192,2.6830111911398,0.));
#9393=CARTESIAN_POINT('Ctrl Pts',(25.6744113676412,4.10178021414318,0.));
#9394=CARTESIAN_POINT('Ctrl Pts',(25.6744113676412,4.10178021414318,-16.2));
#9395=CARTESIAN_POINT('Ctrl Pts',(25.5687660741782,4.14107442811004,0.));
#9396=CARTESIAN_POINT('Ctrl Pts',(25.5687660741782,4.14107442811004,-16.2));
#9397=CARTESIAN_POINT('Ctrl Pts',(25.3574747326995,4.21966313669566,0.));
#9398=CARTESIAN_POINT('Ctrl Pts',(25.3574747326995,4.21966313669566,-16.2));
#9399=CARTESIAN_POINT('Ctrl Pts',(25.0364719635968,4.32612599454624,0.));
#9400=CARTESIAN_POINT('Ctrl Pts',(25.0364719635968,4.32612599454624,-16.2));
#9401=CARTESIAN_POINT('Ctrl Pts',(24.7127596832733,4.42393996824356,0.));
#9402=CARTESIAN_POINT('Ctrl Pts',(24.7127596832733,4.42393996824356,-16.2));
#9403=CARTESIAN_POINT('Ctrl Pts',(24.3861345143747,4.51161660897686,0.));
#9404=CARTESIAN_POINT('Ctrl Pts',(24.3861345143747,4.51161660897686,-16.2));
#9405=CARTESIAN_POINT('Ctrl Pts',(24.0568251947102,4.58859608357573,0.));
#9406=CARTESIAN_POINT('Ctrl Pts',(24.0568251947102,4.58859608357573,-16.2));
#9407=CARTESIAN_POINT('Ctrl Pts',(23.7249845278152,4.65389238943546,0.));
#9408=CARTESIAN_POINT('Ctrl Pts',(23.7249845278152,4.65389238943546,-16.2));
#9409=CARTESIAN_POINT('Ctrl Pts',(23.3908628050019,4.70621916094516,0.));
#9410=CARTESIAN_POINT('Ctrl Pts',(23.3908628050019,4.70621916094516,-16.2));
#9411=CARTESIAN_POINT('Ctrl Pts',(23.0547374982671,4.74433005074139,0.));
#9412=CARTESIAN_POINT('Ctrl Pts',(23.0547374982671,4.74433005074139,-16.2));
#9413=CARTESIAN_POINT('Ctrl Pts',(22.7172312562817,4.76457147006769,0.));
#9414=CARTESIAN_POINT('Ctrl Pts',(22.7172312562817,4.76457147006769,-16.2));
#9415=CARTESIAN_POINT('Ctrl Pts',(22.3785383820978,4.76826617002518,0.));
#9416=CARTESIAN_POINT('Ctrl Pts',(22.3785383820978,4.76826617002518,-16.2));
#9417=CARTESIAN_POINT('Ctrl Pts',(22.0983559293384,4.73541736011606,0.));
#9418=CARTESIAN_POINT('Ctrl Pts',(22.0983559293384,4.73541736011606,-16.2));
#9419=CARTESIAN_POINT('Ctrl Pts',(21.872936734063,4.72690319737878,0.));
#9420=CARTESIAN_POINT('Ctrl Pts',(21.872936734063,4.72690319737878,-16.2));
#9421=CARTESIAN_POINT('Ctrl Pts',(21.7038865744706,4.73687270435919,0.));
#9422=CARTESIAN_POINT('Ctrl Pts',(21.7038865744706,4.73687270435919,-16.2));
#9423=CARTESIAN_POINT('Ctrl Pts',(21.5369543793501,4.76435865237713,0.));
#9424=CARTESIAN_POINT('Ctrl Pts',(21.5369543793501,4.76435865237713,-16.2));
#9425=CARTESIAN_POINT('Ctrl Pts',(21.3734861362177,4.80949978147152,0.));
#9426=CARTESIAN_POINT('Ctrl Pts',(21.3734861362177,4.80949978147152,-16.2));
#9427=CARTESIAN_POINT('Ctrl Pts',(21.2462349794835,4.87110019279659,0.));
#9428=CARTESIAN_POINT('Ctrl Pts',(21.2462349794835,4.87110019279659,-16.2));
#9429=CARTESIAN_POINT('Ctrl Pts',(21.1496148274104,4.92933552119883,0.));
#9430=CARTESIAN_POINT('Ctrl Pts',(21.1496148274104,4.92933552119883,-16.2));
#9431=CARTESIAN_POINT('Ctrl Pts',(21.0834298838394,4.9821159358675,0.));
#9432=CARTESIAN_POINT('Ctrl Pts',(21.0834298838394,4.9821159358675,-16.2));
#9433=CARTESIAN_POINT('Ctrl Pts',(21.019960073528,5.03819635636399,0.));
#9434=CARTESIAN_POINT('Ctrl Pts',(21.019960073528,5.03819635636399,-16.2));
#9435=CARTESIAN_POINT('Ctrl Pts',(20.9653542959338,5.10288815645636,0.));
#9436=CARTESIAN_POINT('Ctrl Pts',(20.9653542959338,5.10288815645636,-16.2));
#9437=CARTESIAN_POINT('Ctrl Pts',(20.9135390122246,5.16988541083934,0.));
#9438=CARTESIAN_POINT('Ctrl Pts',(20.9135390122246,5.16988541083934,-16.2));
#9439=CARTESIAN_POINT('Ctrl Pts',(20.872871240022,5.24417954291784,0.));
#9440=CARTESIAN_POINT('Ctrl Pts',(20.872871240022,5.24417954291784,-16.2));
#9441=CARTESIAN_POINT('Ctrl Pts',(20.8356978076069,5.32025958309421,0.));
#9442=CARTESIAN_POINT('Ctrl Pts',(20.8356978076069,5.32025958309421,-16.2));
#9443=CARTESIAN_POINT('Ctrl Pts',(20.8022213414275,5.42815156876333,0.));
#9444=CARTESIAN_POINT('Ctrl Pts',(20.8022213414275,5.42815156876333,-16.2));
#9445=CARTESIAN_POINT('Ctrl Pts',(20.7684924479179,5.56490077943148,0.));
#9446=CARTESIAN_POINT('Ctrl Pts',(20.7684924479179,5.56490077943148,-16.2));
#9447=CARTESIAN_POINT('Ctrl Pts',(20.7293279212049,5.70019351657242,0.));
#9448=CARTESIAN_POINT('Ctrl Pts',(20.7293279212049,5.70019351657242,-16.2));
#9449=CARTESIAN_POINT('Ctrl Pts',(20.7043733985103,5.81036895011626,0.));
#9450=CARTESIAN_POINT('Ctrl Pts',(20.7043733985103,5.81036895011626,-16.2));
#9451=CARTESIAN_POINT('Ctrl Pts',(20.6985265152396,5.8948429138375,0.));
#9452=CARTESIAN_POINT('Ctrl Pts',(20.6985265152396,5.8948429138375,-16.2));
#9453=CARTESIAN_POINT('Ctrl Pts',(20.6965987730431,5.9795174056709,0.));
#9454=CARTESIAN_POINT('Ctrl Pts',(20.6965987730431,5.9795174056709,-16.2));
#9455=CARTESIAN_POINT('Ctrl Pts',(20.707973497848,6.06344637180494,0.));
#9456=CARTESIAN_POINT('Ctrl Pts',(20.707973497848,6.06344637180494,-16.2));
#9457=CARTESIAN_POINT('Ctrl Pts',(20.7229175883919,6.14677400289861,0.));
#9458=CARTESIAN_POINT('Ctrl Pts',(20.7229175883919,6.14677400289861,-16.2));
#9459=CARTESIAN_POINT('Ctrl Pts',(20.7498438462467,6.22707597685919,0.));
#9460=CARTESIAN_POINT('Ctrl Pts',(20.7498438462467,6.22707597685919,-16.2));
#9461=CARTESIAN_POINT('Ctrl Pts',(20.7807714813929,6.30587762857003,0.));
#9462=CARTESIAN_POINT('Ctrl Pts',(20.7807714813929,6.30587762857003,-16.2));
#9463=CARTESIAN_POINT('Ctrl Pts',(20.8353293234045,6.40462097840063,0.));
#9464=CARTESIAN_POINT('Ctrl Pts',(20.8353293234045,6.40462097840063,-16.2));
#9465=CARTESIAN_POINT('Ctrl Pts',(20.9147318521347,6.52159407785882,0.));
#9466=CARTESIAN_POINT('Ctrl Pts',(20.9147318521347,6.52159407785882,-16.2));
#9467=CARTESIAN_POINT('Ctrl Pts',(21.0337289388522,6.64242156397625,0.));
#9468=CARTESIAN_POINT('Ctrl Pts',(21.0337289388522,6.64242156397625,-16.2));
#9469=CARTESIAN_POINT('Ctrl Pts',(21.1645534865272,6.74969119076716,0.));
#9470=CARTESIAN_POINT('Ctrl Pts',(21.1645534865272,6.74969119076716,-16.2));
#9471=CARTESIAN_POINT('Ctrl Pts',(21.3059704657578,6.84285011687161,0.));
#9472=CARTESIAN_POINT('Ctrl Pts',(21.3059704657578,6.84285011687161,-16.2));
#9473=CARTESIAN_POINT('Ctrl Pts',(21.5054462967356,6.94818623328687,0.));
#9474=CARTESIAN_POINT('Ctrl Pts',(21.5054462967356,6.94818623328687,-16.2));
#9475=CARTESIAN_POINT('Ctrl Pts',(21.7645158234743,7.05982955580117,0.));
#9476=CARTESIAN_POINT('Ctrl Pts',(21.7645158234743,7.05982955580117,-16.2));
#9477=CARTESIAN_POINT('Ctrl Pts',(22.0559851066197,7.23237569691567,0.));
#9478=CARTESIAN_POINT('Ctrl Pts',(22.0559851066197,7.23237569691567,-16.2));
#9479=CARTESIAN_POINT('Ctrl Pts',(22.3381533764517,7.41865840125359,0.));
#9480=CARTESIAN_POINT('Ctrl Pts',(22.3381533764517,7.41865840125359,-16.2));
#9481=CARTESIAN_POINT('Ctrl Pts',(22.6101909860407,7.61972605334538,0.));
#9482=CARTESIAN_POINT('Ctrl Pts',(22.6101909860407,7.61972605334538,-16.2));
#9483=CARTESIAN_POINT('Ctrl Pts',(22.8733855001985,7.83210322817746,0.));
#9484=CARTESIAN_POINT('Ctrl Pts',(22.8733855001985,7.83210322817746,-16.2));
#9485=CARTESIAN_POINT('Ctrl Pts',(23.1281197948084,8.05457182127272,0.));
#9486=CARTESIAN_POINT('Ctrl Pts',(23.1281197948084,8.05457182127272,-16.2));
#9487=CARTESIAN_POINT('Ctrl Pts',(23.3748202940414,8.2858926616776,0.));
#9488=CARTESIAN_POINT('Ctrl Pts',(23.3748202940414,8.2858926616776,-16.2));
#9489=CARTESIAN_POINT('Ctrl Pts',(23.6138476674563,8.52513544432044,0.));
#9490=CARTESIAN_POINT('Ctrl Pts',(23.6138476674563,8.52513544432044,-16.2));
#9491=CARTESIAN_POINT('Ctrl Pts',(23.8452837388848,8.77170097054912,0.));
#9492=CARTESIAN_POINT('Ctrl Pts',(23.8452837388848,8.77170097054912,-16.2));
#9493=CARTESIAN_POINT('Ctrl Pts',(24.0700488626876,9.02440189455862,0.));
#9494=CARTESIAN_POINT('Ctrl Pts',(24.0700488626876,9.02440189455862,-16.2));
#9495=CARTESIAN_POINT('Ctrl Pts',(24.213738177715,9.19810738338369,0.));
#9496=CARTESIAN_POINT('Ctrl Pts',(24.213738177715,9.19810738338369,-16.2));
#9497=CARTESIAN_POINT('Ctrl Pts',(24.2855825786608,9.28495981763225,0.));
#9498=CARTESIAN_POINT('Ctrl Pts',(24.2855825786608,9.28495981763225,-16.2));
#9499=CARTESIAN_POINT('',(25.6744113676412,4.10178021414318,-16.2));
#9500=CARTESIAN_POINT('',(25.6744113676412,4.10178021414318,0.));
#9501=CARTESIAN_POINT('',(24.2855825786608,9.28495981763225,-16.2));
#9502=CARTESIAN_POINT('Ctrl Pts',(24.2855825786608,9.28495981763225,-16.2));
#9503=CARTESIAN_POINT('Ctrl Pts',(24.213738177715,9.19810738338369,-16.2));
#9504=CARTESIAN_POINT('Ctrl Pts',(24.0700488626876,9.02440189455862,-16.2));
#9505=CARTESIAN_POINT('Ctrl Pts',(23.8452837388848,8.77170097054912,-16.2));
#9506=CARTESIAN_POINT('Ctrl Pts',(23.6138476674563,8.52513544432044,-16.2));
#9507=CARTESIAN_POINT('Ctrl Pts',(23.3748202940414,8.2858926616776,-16.2));
#9508=CARTESIAN_POINT('Ctrl Pts',(23.1281197948084,8.05457182127272,-16.2));
#9509=CARTESIAN_POINT('Ctrl Pts',(22.8733855001985,7.83210322817746,-16.2));
#9510=CARTESIAN_POINT('Ctrl Pts',(22.6101909860407,7.61972605334538,-16.2));
#9511=CARTESIAN_POINT('Ctrl Pts',(22.3381533764517,7.41865840125359,-16.2));
#9512=CARTESIAN_POINT('Ctrl Pts',(22.0559851066197,7.23237569691567,-16.2));
#9513=CARTESIAN_POINT('Ctrl Pts',(21.7645158234743,7.05982955580117,-16.2));
#9514=CARTESIAN_POINT('Ctrl Pts',(21.5054462967356,6.94818623328687,-16.2));
#9515=CARTESIAN_POINT('Ctrl Pts',(21.3059704657578,6.84285011687161,-16.2));
#9516=CARTESIAN_POINT('Ctrl Pts',(21.1645534865272,6.74969119076716,-16.2));
#9517=CARTESIAN_POINT('Ctrl Pts',(21.0337289388522,6.64242156397625,-16.2));
#9518=CARTESIAN_POINT('Ctrl Pts',(20.9147318521347,6.52159407785882,-16.2));
#9519=CARTESIAN_POINT('Ctrl Pts',(20.8353293234045,6.40462097840063,-16.2));
#9520=CARTESIAN_POINT('Ctrl Pts',(20.7807714813929,6.30587762857003,-16.2));
#9521=CARTESIAN_POINT('Ctrl Pts',(20.7498438462467,6.22707597685919,-16.2));
#9522=CARTESIAN_POINT('Ctrl Pts',(20.7229175883919,6.14677400289861,-16.2));
#9523=CARTESIAN_POINT('Ctrl Pts',(20.707973497848,6.06344637180494,-16.2));
#9524=CARTESIAN_POINT('Ctrl Pts',(20.6965987730431,5.9795174056709,-16.2));
#9525=CARTESIAN_POINT('Ctrl Pts',(20.6985265152396,5.8948429138375,-16.2));
#9526=CARTESIAN_POINT('Ctrl Pts',(20.7043733985103,5.81036895011626,-16.2));
#9527=CARTESIAN_POINT('Ctrl Pts',(20.7293279212049,5.70019351657242,-16.2));
#9528=CARTESIAN_POINT('Ctrl Pts',(20.7684924479179,5.56490077943148,-16.2));
#9529=CARTESIAN_POINT('Ctrl Pts',(20.8022213414275,5.42815156876333,-16.2));
#9530=CARTESIAN_POINT('Ctrl Pts',(20.8356978076069,5.32025958309421,-16.2));
#9531=CARTESIAN_POINT('Ctrl Pts',(20.872871240022,5.24417954291784,-16.2));
#9532=CARTESIAN_POINT('Ctrl Pts',(20.9135390122246,5.16988541083934,-16.2));
#9533=CARTESIAN_POINT('Ctrl Pts',(20.9653542959338,5.10288815645636,-16.2));
#9534=CARTESIAN_POINT('Ctrl Pts',(21.019960073528,5.03819635636399,-16.2));
#9535=CARTESIAN_POINT('Ctrl Pts',(21.0834298838394,4.9821159358675,-16.2));
#9536=CARTESIAN_POINT('Ctrl Pts',(21.1496148274104,4.92933552119883,-16.2));
#9537=CARTESIAN_POINT('Ctrl Pts',(21.2462349794835,4.87110019279659,-16.2));
#9538=CARTESIAN_POINT('Ctrl Pts',(21.3734861362177,4.80949978147152,-16.2));
#9539=CARTESIAN_POINT('Ctrl Pts',(21.5369543793501,4.76435865237713,-16.2));
#9540=CARTESIAN_POINT('Ctrl Pts',(21.7038865744706,4.73687270435919,-16.2));
#9541=CARTESIAN_POINT('Ctrl Pts',(21.872936734063,4.72690319737878,-16.2));
#9542=CARTESIAN_POINT('Ctrl Pts',(22.0983559293384,4.73541736011606,-16.2));
#9543=CARTESIAN_POINT('Ctrl Pts',(22.3785383820978,4.76826617002518,-16.2));
#9544=CARTESIAN_POINT('Ctrl Pts',(22.7172312562817,4.76457147006769,-16.2));
#9545=CARTESIAN_POINT('Ctrl Pts',(23.0547374982671,4.74433005074139,-16.2));
#9546=CARTESIAN_POINT('Ctrl Pts',(23.3908628050019,4.70621916094516,-16.2));
#9547=CARTESIAN_POINT('Ctrl Pts',(23.7249845278152,4.65389238943546,-16.2));
#9548=CARTESIAN_POINT('Ctrl Pts',(24.0568251947102,4.58859608357573,-16.2));
#9549=CARTESIAN_POINT('Ctrl Pts',(24.3861345143747,4.51161660897686,-16.2));
#9550=CARTESIAN_POINT('Ctrl Pts',(24.7127596832733,4.42393996824356,-16.2));
#9551=CARTESIAN_POINT('Ctrl Pts',(25.0364719635968,4.32612599454624,-16.2));
#9552=CARTESIAN_POINT('Ctrl Pts',(25.3574747326995,4.21966313669566,-16.2));
#9553=CARTESIAN_POINT('Ctrl Pts',(25.5687660741782,4.14107442811004,-16.2));
#9554=CARTESIAN_POINT('Ctrl Pts',(25.6744113676412,4.10178021414318,-16.2));
#9555=CARTESIAN_POINT('',(24.2855825786608,9.28495981763225,0.));
#9556=CARTESIAN_POINT('Ctrl Pts',(23.7379581765293,10.6070420763446,0.));
#9557=CARTESIAN_POINT('Ctrl Pts',(23.7379581765293,10.6070420763446,-16.2));
#9558=CARTESIAN_POINT('Ctrl Pts',(23.6257425682105,10.6176543584652,0.));
#9559=CARTESIAN_POINT('Ctrl Pts',(23.6257425682105,10.6176543584652,-16.2));
#9560=CARTESIAN_POINT('Ctrl Pts',(23.4013105500931,10.6388789985029,0.));
#9561=CARTESIAN_POINT('Ctrl Pts',(23.4013105500931,10.6388789985029,-16.2));
#9562=CARTESIAN_POINT('Ctrl Pts',(23.0636910698987,10.6586325922668,0.));
#9563=CARTESIAN_POINT('Ctrl Pts',(23.0636910698987,10.6586325922668,-16.2));
#9564=CARTESIAN_POINT('Ctrl Pts',(22.7256928987773,10.6693307323518,0.));
#9565=CARTESIAN_POINT('Ctrl Pts',(22.7256928987773,10.6693307323518,-16.2));
#9566=CARTESIAN_POINT('Ctrl Pts',(22.3875048281897,10.6694830496775,0.));
#9567=CARTESIAN_POINT('Ctrl Pts',(22.3875048281897,10.6694830496775,-16.2));
#9568=CARTESIAN_POINT('Ctrl Pts',(22.0494926973799,10.6586079886278,0.));
#9569=CARTESIAN_POINT('Ctrl Pts',(22.0494926973799,10.6586079886278,-16.2));
#9570=CARTESIAN_POINT('Ctrl Pts',(21.7120592994817,10.6357926922871,0.));
#9571=CARTESIAN_POINT('Ctrl Pts',(21.7120592994817,10.6357926922871,-16.2));
#9572=CARTESIAN_POINT('Ctrl Pts',(21.3757793332567,10.5998594070481,0.));
#9573=CARTESIAN_POINT('Ctrl Pts',(21.3757793332567,10.5998594070481,-16.2));
#9574=CARTESIAN_POINT('Ctrl Pts',(21.0412433945071,10.5496760688412,0.));
#9575=CARTESIAN_POINT('Ctrl Pts',(21.0412433945071,10.5496760688412,-16.2));
#9576=CARTESIAN_POINT('Ctrl Pts',(20.7099985340181,10.4818747352624,0.));
#9577=CARTESIAN_POINT('Ctrl Pts',(20.7099985340181,10.4818747352624,-16.2));
#9578=CARTESIAN_POINT('Ctrl Pts',(20.3818900809488,10.3977833750924,0.));
#9579=CARTESIAN_POINT('Ctrl Pts',(20.3818900809488,10.3977833750924,-16.2));
#9580=CARTESIAN_POINT('Ctrl Pts',(20.119756511369,10.2935373063607,0.));
#9581=CARTESIAN_POINT('Ctrl Pts',(20.119756511369,10.2935373063607,-16.2));
#9582=CARTESIAN_POINT('Ctrl Pts',(19.9042219163807,10.2269704758146,0.));
#9583=CARTESIAN_POINT('Ctrl Pts',(19.9042219163807,10.2269704758146,-16.2));
#9584=CARTESIAN_POINT('Ctrl Pts',(19.7383517030153,10.1928468792022,0.));
#9585=CARTESIAN_POINT('Ctrl Pts',(19.7383517030153,10.1928468792022,-16.2));
#9586=CARTESIAN_POINT('Ctrl Pts',(19.5699936976895,10.1761910349148,0.));
#9587=CARTESIAN_POINT('Ctrl Pts',(19.5699936976895,10.1761910349148,-16.2));
#9588=CARTESIAN_POINT('Ctrl Pts',(19.4004121159427,10.1774853227428,0.));
#9589=CARTESIAN_POINT('Ctrl Pts',(19.4004121159427,10.1774853227428,-16.2));
#9590=CARTESIAN_POINT('Ctrl Pts',(19.261553577591,10.2040517280776,0.));
#9591=CARTESIAN_POINT('Ctrl Pts',(19.261553577591,10.2040517280776,-16.2));
#9592=CARTESIAN_POINT('Ctrl Pts',(19.1531532652753,10.2352956002865,0.));
#9593=CARTESIAN_POINT('Ctrl Pts',(19.1531532652753,10.2352956002865,-16.2));
#9594=CARTESIAN_POINT('Ctrl Pts',(19.075562942444,10.269147642042,0.));
#9595=CARTESIAN_POINT('Ctrl Pts',(19.075562942444,10.269147642042,-16.2));
#9596=CARTESIAN_POINT('Ctrl Pts',(18.9997411325927,10.3068899728511,0.));
#9597=CARTESIAN_POINT('Ctrl Pts',(18.9997411325927,10.3068899728511,-16.2));
#9598=CARTESIAN_POINT('Ctrl Pts',(18.9302525318239,10.3552444380954,0.));
#9599=CARTESIAN_POINT('Ctrl Pts',(18.9302525318239,10.3552444380954,-16.2));
#9600=CARTESIAN_POINT('Ctrl Pts',(18.8628626456888,10.4065480341431,0.));
#9601=CARTESIAN_POINT('Ctrl Pts',(18.8628626456888,10.4065480341431,-16.2));
#9602=CARTESIAN_POINT('Ctrl Pts',(18.8043518578994,10.4677850610915,0.));
#9603=CARTESIAN_POINT('Ctrl Pts',(18.8043518578994,10.4677850610915,-16.2));
#9604=CARTESIAN_POINT('Ctrl Pts',(18.748754116128,10.5316515444821,0.));
#9605=CARTESIAN_POINT('Ctrl Pts',(18.748754116128,10.5316515444821,-16.2));
#9606=CARTESIAN_POINT('Ctrl Pts',(18.6884938321674,10.6272028528796,0.));
#9607=CARTESIAN_POINT('Ctrl Pts',(18.6884938321674,10.6272028528796,-16.2));
#9608=CARTESIAN_POINT('Ctrl Pts',(18.6205209227106,10.7505627671781,0.));
#9609=CARTESIAN_POINT('Ctrl Pts',(18.6205209227106,10.7505627671781,-16.2));
#9610=CARTESIAN_POINT('Ctrl Pts',(18.547674557848,10.8711089906861,0.));
#9611=CARTESIAN_POINT('Ctrl Pts',(18.547674557848,10.8711089906861,-16.2));
#9612=CARTESIAN_POINT('Ctrl Pts',(18.4950548393911,10.9710715816339,0.));
#9613=CARTESIAN_POINT('Ctrl Pts',(18.4950548393911,10.9710715816339,-16.2));
#9614=CARTESIAN_POINT('Ctrl Pts',(18.4675437132102,11.0511538800963,0.));
#9615=CARTESIAN_POINT('Ctrl Pts',(18.4675437132102,11.0511538800963,-16.2));
#9616=CARTESIAN_POINT('Ctrl Pts',(18.4437662861153,11.1324442221915,0.));
#9617=CARTESIAN_POINT('Ctrl Pts',(18.4437662861153,11.1324442221915,-16.2));
#9618=CARTESIAN_POINT('Ctrl Pts',(18.4330310117001,11.2164573735665,0.));
#9619=CARTESIAN_POINT('Ctrl Pts',(18.4330310117001,11.2164573735665,-16.2));
#9620=CARTESIAN_POINT('Ctrl Pts',(18.4258991167965,11.3008134997278,0.));
#9621=CARTESIAN_POINT('Ctrl Pts',(18.4258991167965,11.3008134997278,-16.2));
#9622=CARTESIAN_POINT('Ctrl Pts',(18.4311242044434,11.3853482786245,0.));
#9623=CARTESIAN_POINT('Ctrl Pts',(18.4311242044434,11.3853482786245,-16.2));
#9624=CARTESIAN_POINT('Ctrl Pts',(18.4406026377289,11.4694694901621,0.));
#9625=CARTESIAN_POINT('Ctrl Pts',(18.4406026377289,11.4694694901621,-16.2));
#9626=CARTESIAN_POINT('Ctrl Pts',(18.4677448068412,11.57896885051,0.));
#9627=CARTESIAN_POINT('Ctrl Pts',(18.4677448068412,11.57896885051,-16.2));
#9628=CARTESIAN_POINT('Ctrl Pts',(18.5141668941099,11.7125070749225,0.));
#9629=CARTESIAN_POINT('Ctrl Pts',(18.5141668941099,11.7125070749225,-16.2));
#9630=CARTESIAN_POINT('Ctrl Pts',(18.5978367988444,11.8600161766431,0.));
#9631=CARTESIAN_POINT('Ctrl Pts',(18.5978367988444,11.8600161766431,-16.2));
#9632=CARTESIAN_POINT('Ctrl Pts',(18.6964401857817,11.997490564042,0.));
#9633=CARTESIAN_POINT('Ctrl Pts',(18.6964401857817,11.997490564042,-16.2));
#9634=CARTESIAN_POINT('Ctrl Pts',(18.8089271939992,12.1240765842414,0.));
#9635=CARTESIAN_POINT('Ctrl Pts',(18.8089271939992,12.1240765842414,-16.2));
#9636=CARTESIAN_POINT('Ctrl Pts',(18.9743430577957,12.2774516036226,0.));
#9637=CARTESIAN_POINT('Ctrl Pts',(18.9743430577957,12.2774516036226,-16.2));
#9638=CARTESIAN_POINT('Ctrl Pts',(19.1956895863519,12.4523428996976,0.));
#9639=CARTESIAN_POINT('Ctrl Pts',(19.1956895863519,12.4523428996976,-16.2));
#9640=CARTESIAN_POINT('Ctrl Pts',(19.4325690670326,12.694447475167,0.));
#9641=CARTESIAN_POINT('Ctrl Pts',(19.4325690670326,12.694447475167,-16.2));
#9642=CARTESIAN_POINT('Ctrl Pts',(19.6569091745667,12.9474132724341,0.));
#9643=CARTESIAN_POINT('Ctrl Pts',(19.6569091745667,12.9474132724341,-16.2));
#9644=CARTESIAN_POINT('Ctrl Pts',(19.8676371896754,13.2120382247667,0.));
#9645=CARTESIAN_POINT('Ctrl Pts',(19.8676371896754,13.2120382247667,-16.2));
#9646=CARTESIAN_POINT('Ctrl Pts',(20.0668963106463,13.4852985756818,0.));
#9647=CARTESIAN_POINT('Ctrl Pts',(20.0668963106463,13.4852985756818,-16.2));
#9648=CARTESIAN_POINT('Ctrl Pts',(20.2553716358214,13.7661168221765,0.));
#9649=CARTESIAN_POINT('Ctrl Pts',(20.2553716358214,13.7661168221765,-16.2));
#9650=CARTESIAN_POINT('Ctrl Pts',(20.433795780363,14.0534063837203,0.));
#9651=CARTESIAN_POINT('Ctrl Pts',(20.433795780363,14.0534063837203,-16.2));
#9652=CARTESIAN_POINT('Ctrl Pts',(20.6027579049832,14.3463620027689,0.));
#9653=CARTESIAN_POINT('Ctrl Pts',(20.6027579049832,14.3463620027689,-16.2));
#9654=CARTESIAN_POINT('Ctrl Pts',(20.7624921294572,14.6444260754351,0.));
#9655=CARTESIAN_POINT('Ctrl Pts',(20.7624921294572,14.6444260754351,-16.2));
#9656=CARTESIAN_POINT('Ctrl Pts',(20.9141947555388,14.946689918978,0.));
#9657=CARTESIAN_POINT('Ctrl Pts',(20.9141947555388,14.946689918978,-16.2));
#9658=CARTESIAN_POINT('Ctrl Pts',(21.0080296871387,15.1516660681091,0.));
#9659=CARTESIAN_POINT('Ctrl Pts',(21.0080296871387,15.1516660681091,-16.2));
#9660=CARTESIAN_POINT('Ctrl Pts',(21.0549469853895,15.2541537766746,0.));
#9661=CARTESIAN_POINT('Ctrl Pts',(21.0549469853895,15.2541537766746,-16.2));
#9662=CARTESIAN_POINT('',(23.7379581765293,10.6070420763446,-16.2));
#9663=CARTESIAN_POINT('',(23.7379581765293,10.6070420763446,0.));
#9664=CARTESIAN_POINT('Ctrl Pts',(21.0549469853895,15.2541537766746,-16.2));
#9665=CARTESIAN_POINT('Ctrl Pts',(21.0080296871387,15.1516660681091,-16.2));
#9666=CARTESIAN_POINT('Ctrl Pts',(20.9141947555388,14.946689918978,-16.2));
#9667=CARTESIAN_POINT('Ctrl Pts',(20.7624921294572,14.6444260754351,-16.2));
#9668=CARTESIAN_POINT('Ctrl Pts',(20.6027579049832,14.3463620027689,-16.2));
#9669=CARTESIAN_POINT('Ctrl Pts',(20.433795780363,14.0534063837203,-16.2));
#9670=CARTESIAN_POINT('Ctrl Pts',(20.2553716358214,13.7661168221765,-16.2));
#9671=CARTESIAN_POINT('Ctrl Pts',(20.0668963106463,13.4852985756818,-16.2));
#9672=CARTESIAN_POINT('Ctrl Pts',(19.8676371896754,13.2120382247667,-16.2));
#9673=CARTESIAN_POINT('Ctrl Pts',(19.6569091745667,12.9474132724341,-16.2));
#9674=CARTESIAN_POINT('Ctrl Pts',(19.4325690670326,12.694447475167,-16.2));
#9675=CARTESIAN_POINT('Ctrl Pts',(19.1956895863519,12.4523428996976,-16.2));
#9676=CARTESIAN_POINT('Ctrl Pts',(18.9743430577957,12.2774516036226,-16.2));
#9677=CARTESIAN_POINT('Ctrl Pts',(18.8089271939992,12.1240765842414,-16.2));
#9678=CARTESIAN_POINT('Ctrl Pts',(18.6964401857817,11.997490564042,-16.2));
#9679=CARTESIAN_POINT('Ctrl Pts',(18.5978367988444,11.8600161766431,-16.2));
#9680=CARTESIAN_POINT('Ctrl Pts',(18.5141668941099,11.7125070749225,-16.2));
#9681=CARTESIAN_POINT('Ctrl Pts',(18.4677448068412,11.57896885051,-16.2));
#9682=CARTESIAN_POINT('Ctrl Pts',(18.4406026377289,11.4694694901621,-16.2));
#9683=CARTESIAN_POINT('Ctrl Pts',(18.4311242044434,11.3853482786245,-16.2));
#9684=CARTESIAN_POINT('Ctrl Pts',(18.4258991167965,11.3008134997278,-16.2));
#9685=CARTESIAN_POINT('Ctrl Pts',(18.4330310117001,11.2164573735665,-16.2));
#9686=CARTESIAN_POINT('Ctrl Pts',(18.4437662861153,11.1324442221915,-16.2));
#9687=CARTESIAN_POINT('Ctrl Pts',(18.4675437132102,11.0511538800963,-16.2));
#9688=CARTESIAN_POINT('Ctrl Pts',(18.4950548393911,10.9710715816339,-16.2));
#9689=CARTESIAN_POINT('Ctrl Pts',(18.547674557848,10.8711089906861,-16.2));
#9690=CARTESIAN_POINT('Ctrl Pts',(18.6205209227106,10.7505627671781,-16.2));
#9691=CARTESIAN_POINT('Ctrl Pts',(18.6884938321674,10.6272028528796,-16.2));
#9692=CARTESIAN_POINT('Ctrl Pts',(18.748754116128,10.5316515444821,-16.2));
#9693=CARTESIAN_POINT('Ctrl Pts',(18.8043518578994,10.4677850610915,-16.2));
#9694=CARTESIAN_POINT('Ctrl Pts',(18.8628626456888,10.4065480341431,-16.2));
#9695=CARTESIAN_POINT('Ctrl Pts',(18.9302525318239,10.3552444380954,-16.2));
#9696=CARTESIAN_POINT('Ctrl Pts',(18.9997411325927,10.3068899728511,-16.2));
#9697=CARTESIAN_POINT('Ctrl Pts',(19.075562942444,10.269147642042,-16.2));
#9698=CARTESIAN_POINT('Ctrl Pts',(19.1531532652753,10.2352956002865,-16.2));
#9699=CARTESIAN_POINT('Ctrl Pts',(19.261553577591,10.2040517280776,-16.2));
#9700=CARTESIAN_POINT('Ctrl Pts',(19.4004121159427,10.1774853227428,-16.2));
#9701=CARTESIAN_POINT('Ctrl Pts',(19.5699936976895,10.1761910349148,-16.2));
#9702=CARTESIAN_POINT('Ctrl Pts',(19.7383517030153,10.1928468792022,-16.2));
#9703=CARTESIAN_POINT('Ctrl Pts',(19.9042219163807,10.2269704758146,-16.2));
#9704=CARTESIAN_POINT('Ctrl Pts',(20.119756511369,10.2935373063607,-16.2));
#9705=CARTESIAN_POINT('Ctrl Pts',(20.3818900809488,10.3977833750924,-16.2));
#9706=CARTESIAN_POINT('Ctrl Pts',(20.7099985340181,10.4818747352624,-16.2));
#9707=CARTESIAN_POINT('Ctrl Pts',(21.0412433945071,10.5496760688412,-16.2));
#9708=CARTESIAN_POINT('Ctrl Pts',(21.3757793332567,10.5998594070481,-16.2));
#9709=CARTESIAN_POINT('Ctrl Pts',(21.7120592994817,10.6357926922871,-16.2));
#9710=CARTESIAN_POINT('Ctrl Pts',(22.0494926973799,10.6586079886278,-16.2));
#9711=CARTESIAN_POINT('Ctrl Pts',(22.3875048281897,10.6694830496775,-16.2));
#9712=CARTESIAN_POINT('Ctrl Pts',(22.7256928987773,10.6693307323518,-16.2));
#9713=CARTESIAN_POINT('Ctrl Pts',(23.0636910698987,10.6586325922668,-16.2));
#9714=CARTESIAN_POINT('Ctrl Pts',(23.4013105500931,10.6388789985029,-16.2));
#9715=CARTESIAN_POINT('Ctrl Pts',(23.6257425682105,10.6176543584652,-16.2));
#9716=CARTESIAN_POINT('Ctrl Pts',(23.7379581765293,10.6070420763446,-16.2));
#9717=CARTESIAN_POINT('Ctrl Pts',(15.2541537766746,21.0549469853895,0.));
#9718=CARTESIAN_POINT('Ctrl Pts',(15.2541537766746,21.0549469853895,-16.2));
#9719=CARTESIAN_POINT('Ctrl Pts',(15.1516660681091,21.0080296871387,0.));
#9720=CARTESIAN_POINT('Ctrl Pts',(15.1516660681091,21.0080296871387,-16.2));
#9721=CARTESIAN_POINT('Ctrl Pts',(14.946689918978,20.9141947555388,0.));
#9722=CARTESIAN_POINT('Ctrl Pts',(14.946689918978,20.9141947555388,-16.2));
#9723=CARTESIAN_POINT('Ctrl Pts',(14.6444260754351,20.7624921294572,0.));
#9724=CARTESIAN_POINT('Ctrl Pts',(14.6444260754351,20.7624921294572,-16.2));
#9725=CARTESIAN_POINT('Ctrl Pts',(14.3463620027688,20.6027579049833,0.));
#9726=CARTESIAN_POINT('Ctrl Pts',(14.3463620027688,20.6027579049833,-16.2));
#9727=CARTESIAN_POINT('Ctrl Pts',(14.0534063837203,20.4337957803631,0.));
#9728=CARTESIAN_POINT('Ctrl Pts',(14.0534063837203,20.4337957803631,-16.2));
#9729=CARTESIAN_POINT('Ctrl Pts',(13.7661168221765,20.2553716358214,0.));
#9730=CARTESIAN_POINT('Ctrl Pts',(13.7661168221765,20.2553716358214,-16.2));
#9731=CARTESIAN_POINT('Ctrl Pts',(13.4852985756818,20.0668963106464,0.));
#9732=CARTESIAN_POINT('Ctrl Pts',(13.4852985756818,20.0668963106464,-16.2));
#9733=CARTESIAN_POINT('Ctrl Pts',(13.2120382247667,19.8676371896754,0.));
#9734=CARTESIAN_POINT('Ctrl Pts',(13.2120382247667,19.8676371896754,-16.2));
#9735=CARTESIAN_POINT('Ctrl Pts',(12.9474132724341,19.6569091745668,0.));
#9736=CARTESIAN_POINT('Ctrl Pts',(12.9474132724341,19.6569091745668,-16.2));
#9737=CARTESIAN_POINT('Ctrl Pts',(12.694447475167,19.4325690670326,0.));
#9738=CARTESIAN_POINT('Ctrl Pts',(12.694447475167,19.4325690670326,-16.2));
#9739=CARTESIAN_POINT('Ctrl Pts',(12.4523428996975,19.195689586352,0.));
#9740=CARTESIAN_POINT('Ctrl Pts',(12.4523428996975,19.195689586352,-16.2));
#9741=CARTESIAN_POINT('Ctrl Pts',(12.2774516036226,18.9743430577957,0.));
#9742=CARTESIAN_POINT('Ctrl Pts',(12.2774516036226,18.9743430577957,-16.2));
#9743=CARTESIAN_POINT('Ctrl Pts',(12.1240765842414,18.8089271939992,0.));
#9744=CARTESIAN_POINT('Ctrl Pts',(12.1240765842414,18.8089271939992,-16.2));
#9745=CARTESIAN_POINT('Ctrl Pts',(11.997490564042,18.6964401857817,0.));
#9746=CARTESIAN_POINT('Ctrl Pts',(11.997490564042,18.6964401857817,-16.2));
#9747=CARTESIAN_POINT('Ctrl Pts',(11.8600161766431,18.5978367988444,0.));
#9748=CARTESIAN_POINT('Ctrl Pts',(11.8600161766431,18.5978367988444,-16.2));
#9749=CARTESIAN_POINT('Ctrl Pts',(11.7125070749224,18.5141668941099,0.));
#9750=CARTESIAN_POINT('Ctrl Pts',(11.7125070749224,18.5141668941099,-16.2));
#9751=CARTESIAN_POINT('Ctrl Pts',(11.57896885051,18.4677448068412,0.));
#9752=CARTESIAN_POINT('Ctrl Pts',(11.57896885051,18.4677448068412,-16.2));
#9753=CARTESIAN_POINT('Ctrl Pts',(11.469469490162,18.4406026377289,0.));
#9754=CARTESIAN_POINT('Ctrl Pts',(11.469469490162,18.4406026377289,-16.2));
#9755=CARTESIAN_POINT('Ctrl Pts',(11.3853482786245,18.4311242044434,0.));
#9756=CARTESIAN_POINT('Ctrl Pts',(11.3853482786245,18.4311242044434,-16.2));
#9757=CARTESIAN_POINT('Ctrl Pts',(11.3008134997278,18.4258991167965,0.));
#9758=CARTESIAN_POINT('Ctrl Pts',(11.3008134997278,18.4258991167965,-16.2));
#9759=CARTESIAN_POINT('Ctrl Pts',(11.2164573735665,18.4330310117001,0.));
#9760=CARTESIAN_POINT('Ctrl Pts',(11.2164573735665,18.4330310117001,-16.2));
#9761=CARTESIAN_POINT('Ctrl Pts',(11.1324442221915,18.4437662861153,0.));
#9762=CARTESIAN_POINT('Ctrl Pts',(11.1324442221915,18.4437662861153,-16.2));
#9763=CARTESIAN_POINT('Ctrl Pts',(11.0511538800962,18.4675437132102,0.));
#9764=CARTESIAN_POINT('Ctrl Pts',(11.0511538800962,18.4675437132102,-16.2));
#9765=CARTESIAN_POINT('Ctrl Pts',(10.9710715816339,18.4950548393911,0.));
#9766=CARTESIAN_POINT('Ctrl Pts',(10.9710715816339,18.4950548393911,-16.2));
#9767=CARTESIAN_POINT('Ctrl Pts',(10.871108990686,18.5476745578479,0.));
#9768=CARTESIAN_POINT('Ctrl Pts',(10.871108990686,18.5476745578479,-16.2));
#9769=CARTESIAN_POINT('Ctrl Pts',(10.750562767178,18.6205209227106,0.));
#9770=CARTESIAN_POINT('Ctrl Pts',(10.750562767178,18.6205209227106,-16.2));
#9771=CARTESIAN_POINT('Ctrl Pts',(10.6272028528797,18.6884938321675,0.));
#9772=CARTESIAN_POINT('Ctrl Pts',(10.6272028528797,18.6884938321675,-16.2));
#9773=CARTESIAN_POINT('Ctrl Pts',(10.531651544482,18.748754116128,0.));
#9774=CARTESIAN_POINT('Ctrl Pts',(10.531651544482,18.748754116128,-16.2));
#9775=CARTESIAN_POINT('Ctrl Pts',(10.4677850610915,18.8043518578995,0.));
#9776=CARTESIAN_POINT('Ctrl Pts',(10.4677850610915,18.8043518578995,-16.2));
#9777=CARTESIAN_POINT('Ctrl Pts',(10.4065480341431,18.8628626456888,0.));
#9778=CARTESIAN_POINT('Ctrl Pts',(10.4065480341431,18.8628626456888,-16.2));
#9779=CARTESIAN_POINT('Ctrl Pts',(10.3552444380954,18.9302525318239,0.));
#9780=CARTESIAN_POINT('Ctrl Pts',(10.3552444380954,18.9302525318239,-16.2));
#9781=CARTESIAN_POINT('Ctrl Pts',(10.3068899728511,18.9997411325927,0.));
#9782=CARTESIAN_POINT('Ctrl Pts',(10.3068899728511,18.9997411325927,-16.2));
#9783=CARTESIAN_POINT('Ctrl Pts',(10.269147642042,19.0755629424439,0.));
#9784=CARTESIAN_POINT('Ctrl Pts',(10.269147642042,19.0755629424439,-16.2));
#9785=CARTESIAN_POINT('Ctrl Pts',(10.2352956002865,19.1531532652753,0.));
#9786=CARTESIAN_POINT('Ctrl Pts',(10.2352956002865,19.1531532652753,-16.2));
#9787=CARTESIAN_POINT('Ctrl Pts',(10.2040517280776,19.261553577591,0.));
#9788=CARTESIAN_POINT('Ctrl Pts',(10.2040517280776,19.261553577591,-16.2));
#9789=CARTESIAN_POINT('Ctrl Pts',(10.1774853227428,19.4004121159427,0.));
#9790=CARTESIAN_POINT('Ctrl Pts',(10.1774853227428,19.4004121159427,-16.2));
#9791=CARTESIAN_POINT('Ctrl Pts',(10.1761910349148,19.5699936976895,0.));
#9792=CARTESIAN_POINT('Ctrl Pts',(10.1761910349148,19.5699936976895,-16.2));
#9793=CARTESIAN_POINT('Ctrl Pts',(10.1928468792022,19.7383517030153,0.));
#9794=CARTESIAN_POINT('Ctrl Pts',(10.1928468792022,19.7383517030153,-16.2));
#9795=CARTESIAN_POINT('Ctrl Pts',(10.2269704758146,19.9042219163807,0.));
#9796=CARTESIAN_POINT('Ctrl Pts',(10.2269704758146,19.9042219163807,-16.2));
#9797=CARTESIAN_POINT('Ctrl Pts',(10.2935373063607,20.119756511369,0.));
#9798=CARTESIAN_POINT('Ctrl Pts',(10.2935373063607,20.119756511369,-16.2));
#9799=CARTESIAN_POINT('Ctrl Pts',(10.3977833750924,20.3818900809488,0.));
#9800=CARTESIAN_POINT('Ctrl Pts',(10.3977833750924,20.3818900809488,-16.2));
#9801=CARTESIAN_POINT('Ctrl Pts',(10.4818747352624,20.7099985340181,0.));
#9802=CARTESIAN_POINT('Ctrl Pts',(10.4818747352624,20.7099985340181,-16.2));
#9803=CARTESIAN_POINT('Ctrl Pts',(10.5496760688412,21.0412433945071,0.));
#9804=CARTESIAN_POINT('Ctrl Pts',(10.5496760688412,21.0412433945071,-16.2));
#9805=CARTESIAN_POINT('Ctrl Pts',(10.599859407048,21.3757793332567,0.));
#9806=CARTESIAN_POINT('Ctrl Pts',(10.599859407048,21.3757793332567,-16.2));
#9807=CARTESIAN_POINT('Ctrl Pts',(10.6357926922871,21.7120592994817,0.));
#9808=CARTESIAN_POINT('Ctrl Pts',(10.6357926922871,21.7120592994817,-16.2));
#9809=CARTESIAN_POINT('Ctrl Pts',(10.6586079886278,22.0494926973798,0.));
#9810=CARTESIAN_POINT('Ctrl Pts',(10.6586079886278,22.0494926973798,-16.2));
#9811=CARTESIAN_POINT('Ctrl Pts',(10.6694830496775,22.3875048281897,0.));
#9812=CARTESIAN_POINT('Ctrl Pts',(10.6694830496775,22.3875048281897,-16.2));
#9813=CARTESIAN_POINT('Ctrl Pts',(10.6693307323517,22.7256928987772,0.));
#9814=CARTESIAN_POINT('Ctrl Pts',(10.6693307323517,22.7256928987772,-16.2));
#9815=CARTESIAN_POINT('Ctrl Pts',(10.6586325922669,23.0636910698987,0.));
#9816=CARTESIAN_POINT('Ctrl Pts',(10.6586325922669,23.0636910698987,-16.2));
#9817=CARTESIAN_POINT('Ctrl Pts',(10.6388789985028,23.4013105500931,0.));
#9818=CARTESIAN_POINT('Ctrl Pts',(10.6388789985028,23.4013105500931,-16.2));
#9819=CARTESIAN_POINT('Ctrl Pts',(10.6176543584652,23.6257425682105,0.));
#9820=CARTESIAN_POINT('Ctrl Pts',(10.6176543584652,23.6257425682105,-16.2));
#9821=CARTESIAN_POINT('Ctrl Pts',(10.6070420763446,23.7379581765293,0.));
#9822=CARTESIAN_POINT('Ctrl Pts',(10.6070420763446,23.7379581765293,-16.2));
#9823=CARTESIAN_POINT('',(15.2541537766746,21.0549469853895,-16.2));
#9824=CARTESIAN_POINT('',(15.2541537766746,21.0549469853895,0.));
#9825=CARTESIAN_POINT('',(10.6070420763446,23.7379581765293,-16.2));
#9826=CARTESIAN_POINT('Ctrl Pts',(10.6070420763446,23.7379581765293,-16.2));
#9827=CARTESIAN_POINT('Ctrl Pts',(10.6176543584652,23.6257425682105,-16.2));
#9828=CARTESIAN_POINT('Ctrl Pts',(10.6388789985028,23.4013105500931,-16.2));
#9829=CARTESIAN_POINT('Ctrl Pts',(10.6586325922669,23.0636910698987,-16.2));
#9830=CARTESIAN_POINT('Ctrl Pts',(10.6693307323517,22.7256928987772,-16.2));
#9831=CARTESIAN_POINT('Ctrl Pts',(10.6694830496775,22.3875048281897,-16.2));
#9832=CARTESIAN_POINT('Ctrl Pts',(10.6586079886278,22.0494926973798,-16.2));
#9833=CARTESIAN_POINT('Ctrl Pts',(10.6357926922871,21.7120592994817,-16.2));
#9834=CARTESIAN_POINT('Ctrl Pts',(10.599859407048,21.3757793332567,-16.2));
#9835=CARTESIAN_POINT('Ctrl Pts',(10.5496760688412,21.0412433945071,-16.2));
#9836=CARTESIAN_POINT('Ctrl Pts',(10.4818747352624,20.7099985340181,-16.2));
#9837=CARTESIAN_POINT('Ctrl Pts',(10.3977833750924,20.3818900809488,-16.2));
#9838=CARTESIAN_POINT('Ctrl Pts',(10.2935373063607,20.119756511369,-16.2));
#9839=CARTESIAN_POINT('Ctrl Pts',(10.2269704758146,19.9042219163807,-16.2));
#9840=CARTESIAN_POINT('Ctrl Pts',(10.1928468792022,19.7383517030153,-16.2));
#9841=CARTESIAN_POINT('Ctrl Pts',(10.1761910349148,19.5699936976895,-16.2));
#9842=CARTESIAN_POINT('Ctrl Pts',(10.1774853227428,19.4004121159427,-16.2));
#9843=CARTESIAN_POINT('Ctrl Pts',(10.2040517280776,19.261553577591,-16.2));
#9844=CARTESIAN_POINT('Ctrl Pts',(10.2352956002865,19.1531532652753,-16.2));
#9845=CARTESIAN_POINT('Ctrl Pts',(10.269147642042,19.0755629424439,-16.2));
#9846=CARTESIAN_POINT('Ctrl Pts',(10.3068899728511,18.9997411325927,-16.2));
#9847=CARTESIAN_POINT('Ctrl Pts',(10.3552444380954,18.9302525318239,-16.2));
#9848=CARTESIAN_POINT('Ctrl Pts',(10.4065480341431,18.8628626456888,-16.2));
#9849=CARTESIAN_POINT('Ctrl Pts',(10.4677850610915,18.8043518578995,-16.2));
#9850=CARTESIAN_POINT('Ctrl Pts',(10.531651544482,18.748754116128,-16.2));
#9851=CARTESIAN_POINT('Ctrl Pts',(10.6272028528797,18.6884938321675,-16.2));
#9852=CARTESIAN_POINT('Ctrl Pts',(10.750562767178,18.6205209227106,-16.2));
#9853=CARTESIAN_POINT('Ctrl Pts',(10.871108990686,18.5476745578479,-16.2));
#9854=CARTESIAN_POINT('Ctrl Pts',(10.9710715816339,18.4950548393911,-16.2));
#9855=CARTESIAN_POINT('Ctrl Pts',(11.0511538800962,18.4675437132102,-16.2));
#9856=CARTESIAN_POINT('Ctrl Pts',(11.1324442221915,18.4437662861153,-16.2));
#9857=CARTESIAN_POINT('Ctrl Pts',(11.2164573735665,18.4330310117001,-16.2));
#9858=CARTESIAN_POINT('Ctrl Pts',(11.3008134997278,18.4258991167965,-16.2));
#9859=CARTESIAN_POINT('Ctrl Pts',(11.3853482786245,18.4311242044434,-16.2));
#9860=CARTESIAN_POINT('Ctrl Pts',(11.469469490162,18.4406026377289,-16.2));
#9861=CARTESIAN_POINT('Ctrl Pts',(11.57896885051,18.4677448068412,-16.2));
#9862=CARTESIAN_POINT('Ctrl Pts',(11.7125070749224,18.5141668941099,-16.2));
#9863=CARTESIAN_POINT('Ctrl Pts',(11.8600161766431,18.5978367988444,-16.2));
#9864=CARTESIAN_POINT('Ctrl Pts',(11.997490564042,18.6964401857817,-16.2));
#9865=CARTESIAN_POINT('Ctrl Pts',(12.1240765842414,18.8089271939992,-16.2));
#9866=CARTESIAN_POINT('Ctrl Pts',(12.2774516036226,18.9743430577957,-16.2));
#9867=CARTESIAN_POINT('Ctrl Pts',(12.4523428996975,19.195689586352,-16.2));
#9868=CARTESIAN_POINT('Ctrl Pts',(12.694447475167,19.4325690670326,-16.2));
#9869=CARTESIAN_POINT('Ctrl Pts',(12.9474132724341,19.6569091745668,-16.2));
#9870=CARTESIAN_POINT('Ctrl Pts',(13.2120382247667,19.8676371896754,-16.2));
#9871=CARTESIAN_POINT('Ctrl Pts',(13.4852985756818,20.0668963106464,-16.2));
#9872=CARTESIAN_POINT('Ctrl Pts',(13.7661168221765,20.2553716358214,-16.2));
#9873=CARTESIAN_POINT('Ctrl Pts',(14.0534063837203,20.4337957803631,-16.2));
#9874=CARTESIAN_POINT('Ctrl Pts',(14.3463620027688,20.6027579049833,-16.2));
#9875=CARTESIAN_POINT('Ctrl Pts',(14.6444260754351,20.7624921294572,-16.2));
#9876=CARTESIAN_POINT('Ctrl Pts',(14.946689918978,20.9141947555388,-16.2));
#9877=CARTESIAN_POINT('Ctrl Pts',(15.1516660681091,21.0080296871387,-16.2));
#9878=CARTESIAN_POINT('Ctrl Pts',(15.2541537766746,21.0549469853895,-16.2));
#9879=CARTESIAN_POINT('',(10.6070420763446,23.7379581765293,0.));
#9880=CARTESIAN_POINT('Ctrl Pts',(9.28495981763224,24.2855825786608,0.));
#9881=CARTESIAN_POINT('Ctrl Pts',(9.28495981763224,24.2855825786608,-16.2));
#9882=CARTESIAN_POINT('Ctrl Pts',(9.19810738338368,24.213738177715,0.));
#9883=CARTESIAN_POINT('Ctrl Pts',(9.19810738338368,24.213738177715,-16.2));
#9884=CARTESIAN_POINT('Ctrl Pts',(9.02440189455859,24.0700488626876,0.));
#9885=CARTESIAN_POINT('Ctrl Pts',(9.02440189455859,24.0700488626876,-16.2));
#9886=CARTESIAN_POINT('Ctrl Pts',(8.77170097054914,23.8452837388848,0.));
#9887=CARTESIAN_POINT('Ctrl Pts',(8.77170097054914,23.8452837388848,-16.2));
#9888=CARTESIAN_POINT('Ctrl Pts',(8.52513544432041,23.6138476674563,0.));
#9889=CARTESIAN_POINT('Ctrl Pts',(8.52513544432041,23.6138476674563,-16.2));
#9890=CARTESIAN_POINT('Ctrl Pts',(8.28589266167759,23.3748202940414,0.));
#9891=CARTESIAN_POINT('Ctrl Pts',(8.28589266167759,23.3748202940414,-16.2));
#9892=CARTESIAN_POINT('Ctrl Pts',(8.05457182127272,23.1281197948084,0.));
#9893=CARTESIAN_POINT('Ctrl Pts',(8.05457182127272,23.1281197948084,-16.2));
#9894=CARTESIAN_POINT('Ctrl Pts',(7.83210322817746,22.8733855001985,0.));
#9895=CARTESIAN_POINT('Ctrl Pts',(7.83210322817746,22.8733855001985,-16.2));
#9896=CARTESIAN_POINT('Ctrl Pts',(7.61972605334537,22.6101909860408,0.));
#9897=CARTESIAN_POINT('Ctrl Pts',(7.61972605334537,22.6101909860408,-16.2));
#9898=CARTESIAN_POINT('Ctrl Pts',(7.41865840125358,22.3381533764517,0.));
#9899=CARTESIAN_POINT('Ctrl Pts',(7.41865840125358,22.3381533764517,-16.2));
#9900=CARTESIAN_POINT('Ctrl Pts',(7.23237569691567,22.0559851066197,0.));
#9901=CARTESIAN_POINT('Ctrl Pts',(7.23237569691567,22.0559851066197,-16.2));
#9902=CARTESIAN_POINT('Ctrl Pts',(7.05982955580115,21.7645158234744,0.));
#9903=CARTESIAN_POINT('Ctrl Pts',(7.05982955580115,21.7645158234744,-16.2));
#9904=CARTESIAN_POINT('Ctrl Pts',(6.94818623328687,21.5054462967356,0.));
#9905=CARTESIAN_POINT('Ctrl Pts',(6.94818623328687,21.5054462967356,-16.2));
#9906=CARTESIAN_POINT('Ctrl Pts',(6.84285011687161,21.3059704657578,0.));
#9907=CARTESIAN_POINT('Ctrl Pts',(6.84285011687161,21.3059704657578,-16.2));
#9908=CARTESIAN_POINT('Ctrl Pts',(6.74969119076716,21.1645534865272,0.));
#9909=CARTESIAN_POINT('Ctrl Pts',(6.74969119076716,21.1645534865272,-16.2));
#9910=CARTESIAN_POINT('Ctrl Pts',(6.64242156397625,21.0337289388522,0.));
#9911=CARTESIAN_POINT('Ctrl Pts',(6.64242156397625,21.0337289388522,-16.2));
#9912=CARTESIAN_POINT('Ctrl Pts',(6.52159407785879,20.9147318521348,0.));
#9913=CARTESIAN_POINT('Ctrl Pts',(6.52159407785879,20.9147318521348,-16.2));
#9914=CARTESIAN_POINT('Ctrl Pts',(6.40462097840063,20.8353293234046,0.));
#9915=CARTESIAN_POINT('Ctrl Pts',(6.40462097840063,20.8353293234046,-16.2));
#9916=CARTESIAN_POINT('Ctrl Pts',(6.30587762857002,20.7807714813929,0.));
#9917=CARTESIAN_POINT('Ctrl Pts',(6.30587762857002,20.7807714813929,-16.2));
#9918=CARTESIAN_POINT('Ctrl Pts',(6.22707597685918,20.7498438462467,0.));
#9919=CARTESIAN_POINT('Ctrl Pts',(6.22707597685918,20.7498438462467,-16.2));
#9920=CARTESIAN_POINT('Ctrl Pts',(6.14677400289861,20.7229175883919,0.));
#9921=CARTESIAN_POINT('Ctrl Pts',(6.14677400289861,20.7229175883919,-16.2));
#9922=CARTESIAN_POINT('Ctrl Pts',(6.06344637180493,20.707973497848,0.));
#9923=CARTESIAN_POINT('Ctrl Pts',(6.06344637180493,20.707973497848,-16.2));
#9924=CARTESIAN_POINT('Ctrl Pts',(5.97951740567089,20.6965987730431,0.));
#9925=CARTESIAN_POINT('Ctrl Pts',(5.97951740567089,20.6965987730431,-16.2));
#9926=CARTESIAN_POINT('Ctrl Pts',(5.89484291383748,20.6985265152396,0.));
#9927=CARTESIAN_POINT('Ctrl Pts',(5.89484291383748,20.6985265152396,-16.2));
#9928=CARTESIAN_POINT('Ctrl Pts',(5.81036895011627,20.7043733985104,0.));
#9929=CARTESIAN_POINT('Ctrl Pts',(5.81036895011627,20.7043733985104,-16.2));
#9930=CARTESIAN_POINT('Ctrl Pts',(5.70019351657238,20.7293279212047,0.));
#9931=CARTESIAN_POINT('Ctrl Pts',(5.70019351657238,20.7293279212047,-16.2));
#9932=CARTESIAN_POINT('Ctrl Pts',(5.56490077943146,20.7684924479179,0.));
#9933=CARTESIAN_POINT('Ctrl Pts',(5.56490077943146,20.7684924479179,-16.2));
#9934=CARTESIAN_POINT('Ctrl Pts',(5.42815156876337,20.8022213414277,0.));
#9935=CARTESIAN_POINT('Ctrl Pts',(5.42815156876337,20.8022213414277,-16.2));
#9936=CARTESIAN_POINT('Ctrl Pts',(5.32025958309416,20.8356978076068,0.));
#9937=CARTESIAN_POINT('Ctrl Pts',(5.32025958309416,20.8356978076068,-16.2));
#9938=CARTESIAN_POINT('Ctrl Pts',(5.24417954291786,20.8728712400221,0.));
#9939=CARTESIAN_POINT('Ctrl Pts',(5.24417954291786,20.8728712400221,-16.2));
#9940=CARTESIAN_POINT('Ctrl Pts',(5.16988541083932,20.9135390122246,0.));
#9941=CARTESIAN_POINT('Ctrl Pts',(5.16988541083932,20.9135390122246,-16.2));
#9942=CARTESIAN_POINT('Ctrl Pts',(5.10288815645634,20.9653542959337,0.));
#9943=CARTESIAN_POINT('Ctrl Pts',(5.10288815645634,20.9653542959337,-16.2));
#9944=CARTESIAN_POINT('Ctrl Pts',(5.038196356364,21.019960073528,0.));
#9945=CARTESIAN_POINT('Ctrl Pts',(5.038196356364,21.019960073528,-16.2));
#9946=CARTESIAN_POINT('Ctrl Pts',(4.98211593586747,21.0834298838394,0.));
#9947=CARTESIAN_POINT('Ctrl Pts',(4.98211593586747,21.0834298838394,-16.2));
#9948=CARTESIAN_POINT('Ctrl Pts',(4.92933552119882,21.1496148274104,0.));
#9949=CARTESIAN_POINT('Ctrl Pts',(4.92933552119882,21.1496148274104,-16.2));
#9950=CARTESIAN_POINT('Ctrl Pts',(4.87110019279658,21.2462349794835,0.));
#9951=CARTESIAN_POINT('Ctrl Pts',(4.87110019279658,21.2462349794835,-16.2));
#9952=CARTESIAN_POINT('Ctrl Pts',(4.80949978147148,21.3734861362176,0.));
#9953=CARTESIAN_POINT('Ctrl Pts',(4.80949978147148,21.3734861362176,-16.2));
#9954=CARTESIAN_POINT('Ctrl Pts',(4.76435865237712,21.53695437935,0.));
#9955=CARTESIAN_POINT('Ctrl Pts',(4.76435865237712,21.53695437935,-16.2));
#9956=CARTESIAN_POINT('Ctrl Pts',(4.73687270435918,21.7038865744706,0.));
#9957=CARTESIAN_POINT('Ctrl Pts',(4.73687270435918,21.7038865744706,-16.2));
#9958=CARTESIAN_POINT('Ctrl Pts',(4.72690319737876,21.872936734063,0.));
#9959=CARTESIAN_POINT('Ctrl Pts',(4.72690319737876,21.872936734063,-16.2));
#9960=CARTESIAN_POINT('Ctrl Pts',(4.73541736011604,22.0983559293384,0.));
#9961=CARTESIAN_POINT('Ctrl Pts',(4.73541736011604,22.0983559293384,-16.2));
#9962=CARTESIAN_POINT('Ctrl Pts',(4.76826617002515,22.3785383820977,0.));
#9963=CARTESIAN_POINT('Ctrl Pts',(4.76826617002515,22.3785383820977,-16.2));
#9964=CARTESIAN_POINT('Ctrl Pts',(4.76457147006769,22.7172312562817,0.));
#9965=CARTESIAN_POINT('Ctrl Pts',(4.76457147006769,22.7172312562817,-16.2));
#9966=CARTESIAN_POINT('Ctrl Pts',(4.74433005074137,23.0547374982671,0.));
#9967=CARTESIAN_POINT('Ctrl Pts',(4.74433005074137,23.0547374982671,-16.2));
#9968=CARTESIAN_POINT('Ctrl Pts',(4.70621916094514,23.3908628050019,0.));
#9969=CARTESIAN_POINT('Ctrl Pts',(4.70621916094514,23.3908628050019,-16.2));
#9970=CARTESIAN_POINT('Ctrl Pts',(4.65389238943545,23.7249845278152,0.));
#9971=CARTESIAN_POINT('Ctrl Pts',(4.65389238943545,23.7249845278152,-16.2));
#9972=CARTESIAN_POINT('Ctrl Pts',(4.58859608357572,24.0568251947101,0.));
#9973=CARTESIAN_POINT('Ctrl Pts',(4.58859608357572,24.0568251947101,-16.2));
#9974=CARTESIAN_POINT('Ctrl Pts',(4.51161660897684,24.3861345143747,0.));
#9975=CARTESIAN_POINT('Ctrl Pts',(4.51161660897684,24.3861345143747,-16.2));
#9976=CARTESIAN_POINT('Ctrl Pts',(4.42393996824352,24.7127596832733,0.));
#9977=CARTESIAN_POINT('Ctrl Pts',(4.42393996824352,24.7127596832733,-16.2));
#9978=CARTESIAN_POINT('Ctrl Pts',(4.32612599454626,25.0364719635968,0.));
#9979=CARTESIAN_POINT('Ctrl Pts',(4.32612599454626,25.0364719635968,-16.2));
#9980=CARTESIAN_POINT('Ctrl Pts',(4.21966313669564,25.3574747326995,0.));
#9981=CARTESIAN_POINT('Ctrl Pts',(4.21966313669564,25.3574747326995,-16.2));
#9982=CARTESIAN_POINT('Ctrl Pts',(4.14107442811003,25.5687660741782,0.));
#9983=CARTESIAN_POINT('Ctrl Pts',(4.14107442811003,25.5687660741782,-16.2));
#9984=CARTESIAN_POINT('Ctrl Pts',(4.10178021414317,25.6744113676412,0.));
#9985=CARTESIAN_POINT('Ctrl Pts',(4.10178021414317,25.6744113676412,-16.2));
#9986=CARTESIAN_POINT('',(9.28495981763224,24.2855825786608,-16.2));
#9987=CARTESIAN_POINT('',(9.28495981763224,24.2855825786608,0.));
#9988=CARTESIAN_POINT('',(4.10178021414317,25.6744113676412,-16.2));
#9989=CARTESIAN_POINT('Ctrl Pts',(4.10178021414317,25.6744113676412,-16.2));
#9990=CARTESIAN_POINT('Ctrl Pts',(4.14107442811003,25.5687660741782,-16.2));
#9991=CARTESIAN_POINT('Ctrl Pts',(4.21966313669564,25.3574747326995,-16.2));
#9992=CARTESIAN_POINT('Ctrl Pts',(4.32612599454626,25.0364719635968,-16.2));
#9993=CARTESIAN_POINT('Ctrl Pts',(4.42393996824352,24.7127596832733,-16.2));
#9994=CARTESIAN_POINT('Ctrl Pts',(4.51161660897684,24.3861345143747,-16.2));
#9995=CARTESIAN_POINT('Ctrl Pts',(4.58859608357572,24.0568251947101,-16.2));
#9996=CARTESIAN_POINT('Ctrl Pts',(4.65389238943545,23.7249845278152,-16.2));
#9997=CARTESIAN_POINT('Ctrl Pts',(4.70621916094514,23.3908628050019,-16.2));
#9998=CARTESIAN_POINT('Ctrl Pts',(4.74433005074137,23.0547374982671,-16.2));
#9999=CARTESIAN_POINT('Ctrl Pts',(4.76457147006769,22.7172312562817,-16.2));
#10000=CARTESIAN_POINT('Ctrl Pts',(4.76826617002515,22.3785383820977,-16.2));
#10001=CARTESIAN_POINT('Ctrl Pts',(4.73541736011604,22.0983559293384,-16.2));
#10002=CARTESIAN_POINT('Ctrl Pts',(4.72690319737876,21.872936734063,-16.2));
#10003=CARTESIAN_POINT('Ctrl Pts',(4.73687270435918,21.7038865744706,-16.2));
#10004=CARTESIAN_POINT('Ctrl Pts',(4.76435865237712,21.53695437935,-16.2));
#10005=CARTESIAN_POINT('Ctrl Pts',(4.80949978147148,21.3734861362176,-16.2));
#10006=CARTESIAN_POINT('Ctrl Pts',(4.87110019279658,21.2462349794835,-16.2));
#10007=CARTESIAN_POINT('Ctrl Pts',(4.92933552119882,21.1496148274104,-16.2));
#10008=CARTESIAN_POINT('Ctrl Pts',(4.98211593586747,21.0834298838394,-16.2));
#10009=CARTESIAN_POINT('Ctrl Pts',(5.038196356364,21.019960073528,-16.2));
#10010=CARTESIAN_POINT('Ctrl Pts',(5.10288815645634,20.9653542959337,-16.2));
#10011=CARTESIAN_POINT('Ctrl Pts',(5.16988541083932,20.9135390122246,-16.2));
#10012=CARTESIAN_POINT('Ctrl Pts',(5.24417954291786,20.8728712400221,-16.2));
#10013=CARTESIAN_POINT('Ctrl Pts',(5.32025958309416,20.8356978076068,-16.2));
#10014=CARTESIAN_POINT('Ctrl Pts',(5.42815156876337,20.8022213414277,-16.2));
#10015=CARTESIAN_POINT('Ctrl Pts',(5.56490077943146,20.7684924479179,-16.2));
#10016=CARTESIAN_POINT('Ctrl Pts',(5.70019351657238,20.7293279212047,-16.2));
#10017=CARTESIAN_POINT('Ctrl Pts',(5.81036895011627,20.7043733985104,-16.2));
#10018=CARTESIAN_POINT('Ctrl Pts',(5.89484291383748,20.6985265152396,-16.2));
#10019=CARTESIAN_POINT('Ctrl Pts',(5.97951740567089,20.6965987730431,-16.2));
#10020=CARTESIAN_POINT('Ctrl Pts',(6.06344637180493,20.707973497848,-16.2));
#10021=CARTESIAN_POINT('Ctrl Pts',(6.14677400289861,20.7229175883919,-16.2));
#10022=CARTESIAN_POINT('Ctrl Pts',(6.22707597685918,20.7498438462467,-16.2));
#10023=CARTESIAN_POINT('Ctrl Pts',(6.30587762857002,20.7807714813929,-16.2));
#10024=CARTESIAN_POINT('Ctrl Pts',(6.40462097840063,20.8353293234046,-16.2));
#10025=CARTESIAN_POINT('Ctrl Pts',(6.52159407785879,20.9147318521348,-16.2));
#10026=CARTESIAN_POINT('Ctrl Pts',(6.64242156397625,21.0337289388522,-16.2));
#10027=CARTESIAN_POINT('Ctrl Pts',(6.74969119076716,21.1645534865272,-16.2));
#10028=CARTESIAN_POINT('Ctrl Pts',(6.84285011687161,21.3059704657578,-16.2));
#10029=CARTESIAN_POINT('Ctrl Pts',(6.94818623328687,21.5054462967356,-16.2));
#10030=CARTESIAN_POINT('Ctrl Pts',(7.05982955580115,21.7645158234744,-16.2));
#10031=CARTESIAN_POINT('Ctrl Pts',(7.23237569691567,22.0559851066197,-16.2));
#10032=CARTESIAN_POINT('Ctrl Pts',(7.41865840125358,22.3381533764517,-16.2));
#10033=CARTESIAN_POINT('Ctrl Pts',(7.61972605334537,22.6101909860408,-16.2));
#10034=CARTESIAN_POINT('Ctrl Pts',(7.83210322817746,22.8733855001985,-16.2));
#10035=CARTESIAN_POINT('Ctrl Pts',(8.05457182127272,23.1281197948084,-16.2));
#10036=CARTESIAN_POINT('Ctrl Pts',(8.28589266167759,23.3748202940414,-16.2));
#10037=CARTESIAN_POINT('Ctrl Pts',(8.52513544432041,23.6138476674563,-16.2));
#10038=CARTESIAN_POINT('Ctrl Pts',(8.77170097054914,23.8452837388848,-16.2));
#10039=CARTESIAN_POINT('Ctrl Pts',(9.02440189455859,24.0700488626876,-16.2));
#10040=CARTESIAN_POINT('Ctrl Pts',(9.19810738338368,24.213738177715,-16.2));
#10041=CARTESIAN_POINT('Ctrl Pts',(9.28495981763224,24.2855825786608,-16.2));
#10042=CARTESIAN_POINT('',(4.10178021414317,25.6744113676412,0.));
#10043=CARTESIAN_POINT('Origin',(-1.56550253461022E-15,24.3114765427415,
-16.2));
#10044=CARTESIAN_POINT('',(-2.6830111911398,25.8611958530192,-16.2));
#10045=CARTESIAN_POINT('Origin',(0.,0.,-16.2));
#10046=CARTESIAN_POINT('',(2.6830111911398,25.8611958530192,-16.2));
#10047=CARTESIAN_POINT('Ctrl Pts',(-2.6830111911398,25.8611958530192,-16.2));
#10048=CARTESIAN_POINT('Ctrl Pts',(-2.61771288107181,25.7693204265744,-16.2));
#10049=CARTESIAN_POINT('Ctrl Pts',(-2.48711579455433,25.5855689174808,-16.2));
#10050=CARTESIAN_POINT('Ctrl Pts',(-2.30119894044144,25.303058667702,-16.2));
#10051=CARTESIAN_POINT('Ctrl Pts',(-2.12293499379401,25.0156927351206,-16.2));
#10052=CARTESIAN_POINT('Ctrl Pts',(-1.95370904782664,24.7228894333978,-16.2));
#10053=CARTESIAN_POINT('Ctrl Pts',(-1.79412106155848,24.4247248108043,-16.2));
#10054=CARTESIAN_POINT('Ctrl Pts',(-1.64516298883538,24.1210912679689,-16.2));
#10055=CARTESIAN_POINT('Ctrl Pts',(-1.50814214358128,23.8118976318147,-16.2));
#10056=CARTESIAN_POINT('Ctrl Pts',(-1.38433421994034,23.4970893412752,-16.2));
#10057=CARTESIAN_POINT('Ctrl Pts',(-1.27742946698551,23.1763222104294,-16.2));
#10058=CARTESIAN_POINT('Ctrl Pts',(-1.18620049459689,22.85012627479,-16.2));
#10059=CARTESIAN_POINT('Ctrl Pts',(-1.1454134535733,22.5709889099833,-16.2));
#10060=CARTESIAN_POINT('Ctrl Pts',(-1.09529472238152,22.3510470600559,-16.2));
#10061=CARTESIAN_POINT('Ctrl Pts',(-1.04191151723362,22.1903374432442,-16.2));
#10062=CARTESIAN_POINT('Ctrl Pts',(-0.972156898845087,22.0362072115578,
-16.2));
#10063=CARTESIAN_POINT('Ctrl Pts',(-0.88624522183288,21.8899923976652,-16.2));
#10064=CARTESIAN_POINT('Ctrl Pts',(-0.793808770749812,21.7830205785876,
-16.2));
#10065=CARTESIAN_POINT('Ctrl Pts',(-0.712550627546452,21.7047650904486,
-16.2));
#10066=CARTESIAN_POINT('Ctrl Pts',(-0.644438738000541,21.6544959206665,
-16.2));
#10067=CARTESIAN_POINT('Ctrl Pts',(-0.573842015796174,21.6077034725789,
-16.2));
#10068=CARTESIAN_POINT('Ctrl Pts',(-0.497221520123809,21.5717018116619,
-16.2));
#10069=CARTESIAN_POINT('Ctrl Pts',(-0.419096359573511,21.5389922563346,
-16.2));
#10070=CARTESIAN_POINT('Ctrl Pts',(-0.336808144689213,21.5189389411878,
-16.2));
#10071=CARTESIAN_POINT('Ctrl Pts',(-0.253699276736918,21.5027231261159,
-16.2));
#10072=CARTESIAN_POINT('Ctrl Pts',(-0.140819274319532,21.4983118435657,
-16.2));
#10073=CARTESIAN_POINT('Ctrl Pts',(-3.55618312575245E-15,21.5011255343561,
-16.2));
#10074=CARTESIAN_POINT('Ctrl Pts',(0.140819274319539,21.4983118435656,-16.2));
#10075=CARTESIAN_POINT('Ctrl Pts',(0.253699276736903,21.502723126116,-16.2));
#10076=CARTESIAN_POINT('Ctrl Pts',(0.336808144689221,21.5189389411877,-16.2));
#10077=CARTESIAN_POINT('Ctrl Pts',(0.419096359573505,21.5389922563346,-16.2));
#10078=CARTESIAN_POINT('Ctrl Pts',(0.497221520123801,21.5717018116619,-16.2));
#10079=CARTESIAN_POINT('Ctrl Pts',(0.573842015796183,21.6077034725789,-16.2));
#10080=CARTESIAN_POINT('Ctrl Pts',(0.644438738000525,21.6544959206665,-16.2));
#10081=CARTESIAN_POINT('Ctrl Pts',(0.71255062754645,21.7047650904486,-16.2));
#10082=CARTESIAN_POINT('Ctrl Pts',(0.793808770749814,21.7830205785876,-16.2));
#10083=CARTESIAN_POINT('Ctrl Pts',(0.886245221832855,21.8899923976652,-16.2));
#10084=CARTESIAN_POINT('Ctrl Pts',(0.972156898845093,22.0362072115579,-16.2));
#10085=CARTESIAN_POINT('Ctrl Pts',(1.04191151723362,22.1903374432442,-16.2));
#10086=CARTESIAN_POINT('Ctrl Pts',(1.09529472238151,22.351047060056,-16.2));
#10087=CARTESIAN_POINT('Ctrl Pts',(1.1454134535733,22.5709889099833,-16.2));
#10088=CARTESIAN_POINT('Ctrl Pts',(1.18620049459688,22.85012627479,-16.2));
#10089=CARTESIAN_POINT('Ctrl Pts',(1.27742946698552,23.1763222104294,-16.2));
#10090=CARTESIAN_POINT('Ctrl Pts',(1.38433421994033,23.4970893412753,-16.2));
#10091=CARTESIAN_POINT('Ctrl Pts',(1.50814214358127,23.8118976318147,-16.2));
#10092=CARTESIAN_POINT('Ctrl Pts',(1.64516298883537,24.1210912679689,-16.2));
#10093=CARTESIAN_POINT('Ctrl Pts',(1.79412106155848,24.4247248108043,-16.2));
#10094=CARTESIAN_POINT('Ctrl Pts',(1.95370904782663,24.7228894333978,-16.2));
#10095=CARTESIAN_POINT('Ctrl Pts',(2.12293499379398,25.0156927351206,-16.2));
#10096=CARTESIAN_POINT('Ctrl Pts',(2.30119894044147,25.303058667702,-16.2));
#10097=CARTESIAN_POINT('Ctrl Pts',(2.48711579455431,25.5855689174808,-16.2));
#10098=CARTESIAN_POINT('Ctrl Pts',(2.6177128810718,25.7693204265744,-16.2));
#10099=CARTESIAN_POINT('Ctrl Pts',(2.68301119113981,25.8611958530192,-16.2));
#10100=CARTESIAN_POINT('Origin',(0.,0.,-16.2));
#10101=CARTESIAN_POINT('Origin',(0.,0.,-16.2));
#10102=CARTESIAN_POINT('Origin',(0.,0.,-16.2));
#10103=CARTESIAN_POINT('Origin',(0.,0.,-16.2));
#10104=CARTESIAN_POINT('Origin',(0.,0.,-16.2));
#10105=CARTESIAN_POINT('Origin',(0.,0.,-16.2));
#10106=CARTESIAN_POINT('Origin',(0.,0.,-16.2));
#10107=CARTESIAN_POINT('Origin',(0.,0.,-16.2));
#10108=CARTESIAN_POINT('Origin',(0.,0.,-16.2));
#10109=CARTESIAN_POINT('Origin',(0.,0.,-16.2));
#10110=CARTESIAN_POINT('Origin',(0.,0.,-16.2));
#10111=CARTESIAN_POINT('Origin',(0.,0.,-16.2));
#10112=CARTESIAN_POINT('Origin',(0.,0.,-16.2));
#10113=CARTESIAN_POINT('Origin',(0.,0.,-16.2));
#10114=CARTESIAN_POINT('Origin',(0.,0.,-16.2));
#10115=CARTESIAN_POINT('Origin',(0.,0.,-16.2));
#10116=CARTESIAN_POINT('Origin',(0.,0.,-16.2));
#10117=CARTESIAN_POINT('Origin',(0.,0.,-16.2));
#10118=CARTESIAN_POINT('Origin',(0.,0.,-16.2));
#10119=CARTESIAN_POINT('Origin',(0.,0.,-16.2));
#10120=CARTESIAN_POINT('Origin',(0.,0.,-16.2));
#10121=CARTESIAN_POINT('Origin',(0.,0.,-16.2));
#10122=CARTESIAN_POINT('Origin',(0.,0.,0.));
#10123=CARTESIAN_POINT('',(2.68301119113981,25.8611958530192,0.));
#10124=CARTESIAN_POINT('Origin',(0.,0.,0.));
#10125=CARTESIAN_POINT('Origin',(0.,0.,0.));
#10126=CARTESIAN_POINT('Origin',(0.,0.,0.));
#10127=CARTESIAN_POINT('Origin',(0.,0.,0.));
#10128=CARTESIAN_POINT('Origin',(0.,0.,0.));
#10129=CARTESIAN_POINT('Origin',(0.,0.,0.));
#10130=CARTESIAN_POINT('Origin',(0.,0.,0.));
#10131=CARTESIAN_POINT('Origin',(0.,0.,0.));
#10132=CARTESIAN_POINT('Origin',(0.,0.,0.));
#10133=CARTESIAN_POINT('Origin',(0.,0.,0.));
#10134=CARTESIAN_POINT('Origin',(0.,0.,0.));
#10135=CARTESIAN_POINT('Origin',(0.,0.,0.));
#10136=CARTESIAN_POINT('Origin',(0.,0.,0.));
#10137=CARTESIAN_POINT('Origin',(0.,0.,0.));
#10138=CARTESIAN_POINT('Origin',(0.,0.,0.));
#10139=CARTESIAN_POINT('Origin',(0.,0.,0.));
#10140=CARTESIAN_POINT('Origin',(0.,0.,0.));
#10141=CARTESIAN_POINT('Origin',(0.,0.,0.));
#10142=CARTESIAN_POINT('Origin',(0.,0.,0.));
#10143=CARTESIAN_POINT('Origin',(0.,0.,0.));
#10144=CARTESIAN_POINT('Origin',(0.,0.,0.));
#10145=CARTESIAN_POINT('',(-2.6830111911398,25.8611958530192,0.));
#10146=CARTESIAN_POINT('Ctrl Pts',(2.68301119113981,25.8611958530192,0.));
#10147=CARTESIAN_POINT('Ctrl Pts',(2.68301119113981,25.8611958530192,-16.2));
#10148=CARTESIAN_POINT('Ctrl Pts',(2.6177128810718,25.7693204265744,0.));
#10149=CARTESIAN_POINT('Ctrl Pts',(2.6177128810718,25.7693204265744,-16.2));
#10150=CARTESIAN_POINT('Ctrl Pts',(2.48711579455431,25.5855689174808,0.));
#10151=CARTESIAN_POINT('Ctrl Pts',(2.48711579455431,25.5855689174808,-16.2));
#10152=CARTESIAN_POINT('Ctrl Pts',(2.30119894044147,25.303058667702,0.));
#10153=CARTESIAN_POINT('Ctrl Pts',(2.30119894044147,25.303058667702,-16.2));
#10154=CARTESIAN_POINT('Ctrl Pts',(2.12293499379398,25.0156927351206,0.));
#10155=CARTESIAN_POINT('Ctrl Pts',(2.12293499379398,25.0156927351206,-16.2));
#10156=CARTESIAN_POINT('Ctrl Pts',(1.95370904782663,24.7228894333978,0.));
#10157=CARTESIAN_POINT('Ctrl Pts',(1.95370904782663,24.7228894333978,-16.2));
#10158=CARTESIAN_POINT('Ctrl Pts',(1.79412106155848,24.4247248108043,0.));
#10159=CARTESIAN_POINT('Ctrl Pts',(1.79412106155848,24.4247248108043,-16.2));
#10160=CARTESIAN_POINT('Ctrl Pts',(1.64516298883537,24.1210912679689,0.));
#10161=CARTESIAN_POINT('Ctrl Pts',(1.64516298883537,24.1210912679689,-16.2));
#10162=CARTESIAN_POINT('Ctrl Pts',(1.50814214358127,23.8118976318147,0.));
#10163=CARTESIAN_POINT('Ctrl Pts',(1.50814214358127,23.8118976318147,-16.2));
#10164=CARTESIAN_POINT('Ctrl Pts',(1.38433421994033,23.4970893412753,0.));
#10165=CARTESIAN_POINT('Ctrl Pts',(1.38433421994033,23.4970893412753,-16.2));
#10166=CARTESIAN_POINT('Ctrl Pts',(1.27742946698552,23.1763222104294,0.));
#10167=CARTESIAN_POINT('Ctrl Pts',(1.27742946698552,23.1763222104294,-16.2));
#10168=CARTESIAN_POINT('Ctrl Pts',(1.18620049459688,22.85012627479,0.));
#10169=CARTESIAN_POINT('Ctrl Pts',(1.18620049459688,22.85012627479,-16.2));
#10170=CARTESIAN_POINT('Ctrl Pts',(1.1454134535733,22.5709889099833,0.));
#10171=CARTESIAN_POINT('Ctrl Pts',(1.1454134535733,22.5709889099833,-16.2));
#10172=CARTESIAN_POINT('Ctrl Pts',(1.09529472238151,22.351047060056,0.));
#10173=CARTESIAN_POINT('Ctrl Pts',(1.09529472238151,22.351047060056,-16.2));
#10174=CARTESIAN_POINT('Ctrl Pts',(1.04191151723362,22.1903374432442,0.));
#10175=CARTESIAN_POINT('Ctrl Pts',(1.04191151723362,22.1903374432442,-16.2));
#10176=CARTESIAN_POINT('Ctrl Pts',(0.972156898845093,22.0362072115579,0.));
#10177=CARTESIAN_POINT('Ctrl Pts',(0.972156898845093,22.0362072115579,-16.2));
#10178=CARTESIAN_POINT('Ctrl Pts',(0.886245221832855,21.8899923976652,0.));
#10179=CARTESIAN_POINT('Ctrl Pts',(0.886245221832855,21.8899923976652,-16.2));
#10180=CARTESIAN_POINT('Ctrl Pts',(0.793808770749814,21.7830205785876,0.));
#10181=CARTESIAN_POINT('Ctrl Pts',(0.793808770749814,21.7830205785876,-16.2));
#10182=CARTESIAN_POINT('Ctrl Pts',(0.71255062754645,21.7047650904486,0.));
#10183=CARTESIAN_POINT('Ctrl Pts',(0.71255062754645,21.7047650904486,-16.2));
#10184=CARTESIAN_POINT('Ctrl Pts',(0.644438738000525,21.6544959206665,0.));
#10185=CARTESIAN_POINT('Ctrl Pts',(0.644438738000525,21.6544959206665,-16.2));
#10186=CARTESIAN_POINT('Ctrl Pts',(0.573842015796183,21.6077034725789,0.));
#10187=CARTESIAN_POINT('Ctrl Pts',(0.573842015796183,21.6077034725789,-16.2));
#10188=CARTESIAN_POINT('Ctrl Pts',(0.497221520123801,21.5717018116619,0.));
#10189=CARTESIAN_POINT('Ctrl Pts',(0.497221520123801,21.5717018116619,-16.2));
#10190=CARTESIAN_POINT('Ctrl Pts',(0.419096359573505,21.5389922563346,0.));
#10191=CARTESIAN_POINT('Ctrl Pts',(0.419096359573505,21.5389922563346,-16.2));
#10192=CARTESIAN_POINT('Ctrl Pts',(0.336808144689221,21.5189389411877,0.));
#10193=CARTESIAN_POINT('Ctrl Pts',(0.336808144689221,21.5189389411877,-16.2));
#10194=CARTESIAN_POINT('Ctrl Pts',(0.253699276736903,21.502723126116,0.));
#10195=CARTESIAN_POINT('Ctrl Pts',(0.253699276736903,21.502723126116,-16.2));
#10196=CARTESIAN_POINT('Ctrl Pts',(0.140819274319539,21.4983118435656,0.));
#10197=CARTESIAN_POINT('Ctrl Pts',(0.140819274319539,21.4983118435656,-16.2));
#10198=CARTESIAN_POINT('Ctrl Pts',(-3.55618312575245E-15,21.5011255343561,
0.));
#10199=CARTESIAN_POINT('Ctrl Pts',(-3.55618312575245E-15,21.5011255343561,
-16.2));
#10200=CARTESIAN_POINT('Ctrl Pts',(-0.140819274319532,21.4983118435657,
0.));
#10201=CARTESIAN_POINT('Ctrl Pts',(-0.140819274319532,21.4983118435657,
-16.2));
#10202=CARTESIAN_POINT('Ctrl Pts',(-0.253699276736918,21.5027231261159,
0.));
#10203=CARTESIAN_POINT('Ctrl Pts',(-0.253699276736918,21.5027231261159,
-16.2));
#10204=CARTESIAN_POINT('Ctrl Pts',(-0.336808144689213,21.5189389411878,
0.));
#10205=CARTESIAN_POINT('Ctrl Pts',(-0.336808144689213,21.5189389411878,
-16.2));
#10206=CARTESIAN_POINT('Ctrl Pts',(-0.419096359573511,21.5389922563346,
0.));
#10207=CARTESIAN_POINT('Ctrl Pts',(-0.419096359573511,21.5389922563346,
-16.2));
#10208=CARTESIAN_POINT('Ctrl Pts',(-0.497221520123809,21.5717018116619,
0.));
#10209=CARTESIAN_POINT('Ctrl Pts',(-0.497221520123809,21.5717018116619,
-16.2));
#10210=CARTESIAN_POINT('Ctrl Pts',(-0.573842015796174,21.6077034725789,
0.));
#10211=CARTESIAN_POINT('Ctrl Pts',(-0.573842015796174,21.6077034725789,
-16.2));
#10212=CARTESIAN_POINT('Ctrl Pts',(-0.644438738000541,21.6544959206665,
0.));
#10213=CARTESIAN_POINT('Ctrl Pts',(-0.644438738000541,21.6544959206665,
-16.2));
#10214=CARTESIAN_POINT('Ctrl Pts',(-0.712550627546452,21.7047650904486,
0.));
#10215=CARTESIAN_POINT('Ctrl Pts',(-0.712550627546452,21.7047650904486,
-16.2));
#10216=CARTESIAN_POINT('Ctrl Pts',(-0.793808770749812,21.7830205785876,
0.));
#10217=CARTESIAN_POINT('Ctrl Pts',(-0.793808770749812,21.7830205785876,
-16.2));
#10218=CARTESIAN_POINT('Ctrl Pts',(-0.88624522183288,21.8899923976652,0.));
#10219=CARTESIAN_POINT('Ctrl Pts',(-0.88624522183288,21.8899923976652,-16.2));
#10220=CARTESIAN_POINT('Ctrl Pts',(-0.972156898845087,22.0362072115578,
0.));
#10221=CARTESIAN_POINT('Ctrl Pts',(-0.972156898845087,22.0362072115578,
-16.2));
#10222=CARTESIAN_POINT('Ctrl Pts',(-1.04191151723362,22.1903374432442,0.));
#10223=CARTESIAN_POINT('Ctrl Pts',(-1.04191151723362,22.1903374432442,-16.2));
#10224=CARTESIAN_POINT('Ctrl Pts',(-1.09529472238152,22.3510470600559,0.));
#10225=CARTESIAN_POINT('Ctrl Pts',(-1.09529472238152,22.3510470600559,-16.2));
#10226=CARTESIAN_POINT('Ctrl Pts',(-1.1454134535733,22.5709889099833,0.));
#10227=CARTESIAN_POINT('Ctrl Pts',(-1.1454134535733,22.5709889099833,-16.2));
#10228=CARTESIAN_POINT('Ctrl Pts',(-1.18620049459689,22.85012627479,0.));
#10229=CARTESIAN_POINT('Ctrl Pts',(-1.18620049459689,22.85012627479,-16.2));
#10230=CARTESIAN_POINT('Ctrl Pts',(-1.27742946698551,23.1763222104294,0.));
#10231=CARTESIAN_POINT('Ctrl Pts',(-1.27742946698551,23.1763222104294,-16.2));
#10232=CARTESIAN_POINT('Ctrl Pts',(-1.38433421994034,23.4970893412752,0.));
#10233=CARTESIAN_POINT('Ctrl Pts',(-1.38433421994034,23.4970893412752,-16.2));
#10234=CARTESIAN_POINT('Ctrl Pts',(-1.50814214358128,23.8118976318147,0.));
#10235=CARTESIAN_POINT('Ctrl Pts',(-1.50814214358128,23.8118976318147,-16.2));
#10236=CARTESIAN_POINT('Ctrl Pts',(-1.64516298883538,24.1210912679689,0.));
#10237=CARTESIAN_POINT('Ctrl Pts',(-1.64516298883538,24.1210912679689,-16.2));
#10238=CARTESIAN_POINT('Ctrl Pts',(-1.79412106155848,24.4247248108043,0.));
#10239=CARTESIAN_POINT('Ctrl Pts',(-1.79412106155848,24.4247248108043,-16.2));
#10240=CARTESIAN_POINT('Ctrl Pts',(-1.95370904782664,24.7228894333978,0.));
#10241=CARTESIAN_POINT('Ctrl Pts',(-1.95370904782664,24.7228894333978,-16.2));
#10242=CARTESIAN_POINT('Ctrl Pts',(-2.12293499379401,25.0156927351206,0.));
#10243=CARTESIAN_POINT('Ctrl Pts',(-2.12293499379401,25.0156927351206,-16.2));
#10244=CARTESIAN_POINT('Ctrl Pts',(-2.30119894044144,25.303058667702,0.));
#10245=CARTESIAN_POINT('Ctrl Pts',(-2.30119894044144,25.303058667702,-16.2));
#10246=CARTESIAN_POINT('Ctrl Pts',(-2.48711579455433,25.5855689174808,0.));
#10247=CARTESIAN_POINT('Ctrl Pts',(-2.48711579455433,25.5855689174808,-16.2));
#10248=CARTESIAN_POINT('Ctrl Pts',(-2.61771288107181,25.7693204265744,0.));
#10249=CARTESIAN_POINT('Ctrl Pts',(-2.61771288107181,25.7693204265744,-16.2));
#10250=CARTESIAN_POINT('Ctrl Pts',(-2.6830111911398,25.8611958530192,0.));
#10251=CARTESIAN_POINT('Ctrl Pts',(-2.6830111911398,25.8611958530192,-16.2));
#10252=CARTESIAN_POINT('Origin',(0.,0.,0.));
#10253=UNCERTAINTY_MEASURE_WITH_UNIT(LENGTH_MEASURE(0.01),#10257,
'DISTANCE_ACCURACY_VALUE',
'Maximum model space distance between geometric entities at asserted c
onnectivities');
#10254=UNCERTAINTY_MEASURE_WITH_UNIT(LENGTH_MEASURE(0.01),#10257,
'DISTANCE_ACCURACY_VALUE',
'Maximum model space distance between geometric entities at asserted c
onnectivities');
#10255=(
GEOMETRIC_REPRESENTATION_CONTEXT(3)
GLOBAL_UNCERTAINTY_ASSIGNED_CONTEXT((#10253))
GLOBAL_UNIT_ASSIGNED_CONTEXT((#10257,#10259,#10260))
REPRESENTATION_CONTEXT('','3D')
);
#10256=(
GEOMETRIC_REPRESENTATION_CONTEXT(3)
GLOBAL_UNCERTAINTY_ASSIGNED_CONTEXT((#10254))
GLOBAL_UNIT_ASSIGNED_CONTEXT((#10257,#10259,#10260))
REPRESENTATION_CONTEXT('','3D')
);
#10257=(
LENGTH_UNIT()
NAMED_UNIT(*)
SI_UNIT(.MILLI.,.METRE.)
);
#10258=(
LENGTH_UNIT()
NAMED_UNIT(*)
SI_UNIT(.CENTI.,.METRE.)
);
#10259=(
NAMED_UNIT(*)
PLANE_ANGLE_UNIT()
SI_UNIT($,.RADIAN.)
);
#10260=(
NAMED_UNIT(*)
SI_UNIT($,.STERADIAN.)
SOLID_ANGLE_UNIT()
);
#10261=SHAPE_DEFINITION_REPRESENTATION(#10262,#10263);
#10262=PRODUCT_DEFINITION_SHAPE('',$,#10265);
#10263=SHAPE_REPRESENTATION('',(#3137),#10255);
#10264=PRODUCT_DEFINITION_CONTEXT('part definition',#10269,'design');
#10265=PRODUCT_DEFINITION('\X2\044804350441044204400435043D044F\X0\_12.
12','\X2\044804350441044204400435043D044F\X0\_12.12',#10266,#10264);
#10266=PRODUCT_DEFINITION_FORMATION('',$,#10271);
#10267=PRODUCT_RELATED_PRODUCT_CATEGORY('\X2\044804350441044204400435043D044F\X0\_
12.12','\X2\044804350441044204400435043D044F\X0\_12.12',(#10271));
#10268=APPLICATION_PROTOCOL_DEFINITION('international standard',
'automotive_design',2009,#10269);
#10269=APPLICATION_CONTEXT(
'Core Data for Automotive Mechanical Design Process');
#10270=PRODUCT_CONTEXT('part definition',#10269,'mechanical');
#10271=PRODUCT('\X2\044804350441044204400435043D044F\X0\_12.12',
'\X2\044804350441044204400435043D044F\X0\_12.12',$,(#10270));
#10272=PRESENTATION_STYLE_ASSIGNMENT((#10273));
#10273=SURFACE_STYLE_USAGE(.BOTH.,#10276);
#10274=SURFACE_STYLE_RENDERING_WITH_PROPERTIES($,#10280,(#10275));
#10275=SURFACE_STYLE_TRANSPARENT(0.);
#10276=SURFACE_SIDE_STYLE('',(#10277,#10274));
#10277=SURFACE_STYLE_FILL_AREA(#10278);
#10278=FILL_AREA_STYLE('',(#10279));
#10279=FILL_AREA_STYLE_COLOUR('',#10280);
#10280=COLOUR_RGB('',0.749019607843137,0.749019607843137,0.749019607843137);
ENDSEC;
END-ISO-10303-21;
