ISO-10303-21;
HEADER;
/* Generated by software containing ST-Developer
 * from STEP Tools, Inc. (www.steptools.com) 
 */

FILE_DESCRIPTION(
/* description */ (''),
/* implementation_level */ '2;1');

FILE_NAME(
/* name */ '',
/* time_stamp */ '2026-01-13T21:21:53+03:00',
/* author */ ('DELL'),
/* organization */ (''),
/* preprocessor_version */ 'ST-DEVELOPER v19.2',
/* originating_system */ 'Autodesk Inventor 2023',
/* authorisation */ '');

FILE_SCHEMA (('AUTOMOTIVE_DESIGN { 1 0 10303 214 3 1 1 }'));
ENDSEC;

DATA;
#10=MECHANICAL_DESIGN_GEOMETRIC_PRESENTATION_REPRESENTATION('',(#13),#4009);
#11=SHAPE_REPRESENTATION_RELATIONSHIP('SRR','None',#4016,#12);
#12=ADVANCED_BREP_SHAPE_REPRESENTATION('',(#14),#4008);
#13=STYLED_ITEM('',(#4025),#14);
#14=MANIFOLD_SOLID_BREP('\X2\04220432043504400434043E0435\X0\ \X2\04420435043B043E\X0\1',
#2464);
#15=CONICAL_SURFACE('',#2541,2.275,0.785398163397448);
#16=CONICAL_SURFACE('',#2545,2.275,0.785398163397448);
#17=CONICAL_SURFACE('',#2549,2.275,0.785398163397448);
#18=CONICAL_SURFACE('',#2553,2.275,0.785398163397448);
#19=FACE_BOUND('',#286,.T.);
#20=FACE_BOUND('',#289,.T.);
#21=FACE_BOUND('',#290,.T.);
#22=FACE_BOUND('',#291,.T.);
#23=FACE_BOUND('',#292,.T.);
#24=FACE_BOUND('',#293,.T.);
#25=FACE_BOUND('',#298,.T.);
#26=FACE_BOUND('',#303,.T.);
#27=FACE_BOUND('',#314,.T.);
#28=FACE_BOUND('',#316,.T.);
#29=FACE_BOUND('',#334,.T.);
#30=FACE_BOUND('',#337,.T.);
#31=FACE_BOUND('',#340,.T.);
#32=FACE_BOUND('',#343,.T.);
#33=FACE_BOUND('',#353,.T.);
#34=FACE_BOUND('',#355,.T.);
#35=FACE_BOUND('',#356,.T.);
#36=FACE_BOUND('',#359,.T.);
#37=FACE_BOUND('',#360,.T.);
#38=FACE_BOUND('',#364,.T.);
#39=FACE_BOUND('',#370,.T.);
#40=FACE_BOUND('',#371,.T.);
#41=FACE_BOUND('',#379,.T.);
#42=FACE_BOUND('',#385,.T.);
#43=FACE_BOUND('',#390,.T.);
#44=FACE_BOUND('',#391,.T.);
#45=FACE_BOUND('',#404,.T.);
#46=FACE_BOUND('',#405,.T.);
#47=FACE_BOUND('',#423,.T.);
#48=FACE_BOUND('',#424,.T.);
#49=FACE_BOUND('',#425,.T.);
#50=FACE_BOUND('',#426,.T.);
#51=FACE_BOUND('',#427,.T.);
#52=PLANE('',#2490);
#53=PLANE('',#2494);
#54=PLANE('',#2498);
#55=PLANE('',#2502);
#56=PLANE('',#2503);
#57=PLANE('',#2504);
#58=PLANE('',#2505);
#59=PLANE('',#2506);
#60=PLANE('',#2507);
#61=PLANE('',#2508);
#62=PLANE('',#2509);
#63=PLANE('',#2511);
#64=PLANE('',#2512);
#65=PLANE('',#2518);
#66=PLANE('',#2519);
#67=PLANE('',#2520);
#68=PLANE('',#2521);
#69=PLANE('',#2523);
#70=PLANE('',#2524);
#71=PLANE('',#2525);
#72=PLANE('',#2526);
#73=PLANE('',#2528);
#74=PLANE('',#2529);
#75=PLANE('',#2530);
#76=PLANE('',#2534);
#77=PLANE('',#2535);
#78=PLANE('',#2536);
#79=PLANE('',#2537);
#80=PLANE('',#2538);
#81=PLANE('',#2539);
#82=PLANE('',#2540);
#83=PLANE('',#2557);
#84=PLANE('',#2558);
#85=PLANE('',#2559);
#86=PLANE('',#2560);
#87=PLANE('',#2561);
#88=PLANE('',#2562);
#89=PLANE('',#2563);
#90=PLANE('',#2564);
#91=PLANE('',#2566);
#92=PLANE('',#2567);
#93=PLANE('',#2569);
#94=PLANE('',#2570);
#95=PLANE('',#2572);
#96=PLANE('',#2573);
#97=PLANE('',#2579);
#98=PLANE('',#2580);
#99=PLANE('',#2581);
#100=PLANE('',#2582);
#101=PLANE('',#2583);
#102=PLANE('',#2584);
#103=PLANE('',#2585);
#104=PLANE('',#2586);
#105=PLANE('',#2589);
#106=PLANE('',#2590);
#107=PLANE('',#2599);
#108=PLANE('',#2600);
#109=PLANE('',#2601);
#110=PLANE('',#2602);
#111=PLANE('',#2603);
#112=PLANE('',#2604);
#113=PLANE('',#2605);
#114=PLANE('',#2606);
#115=PLANE('',#2609);
#116=PLANE('',#2610);
#117=PLANE('',#2611);
#118=PLANE('',#2612);
#119=PLANE('',#2613);
#120=PLANE('',#2614);
#121=PLANE('',#2615);
#122=PLANE('',#2616);
#123=PLANE('',#2617);
#124=PLANE('',#2618);
#125=PLANE('',#2619);
#126=PLANE('',#2620);
#127=PLANE('',#2621);
#128=PLANE('',#2622);
#129=PLANE('',#2623);
#130=PLANE('',#2624);
#131=PLANE('',#2628);
#132=PLANE('',#2632);
#133=PLANE('',#2633);
#134=PLANE('',#2634);
#135=PLANE('',#2635);
#136=PLANE('',#2636);
#137=PLANE('',#2637);
#138=PLANE('',#2638);
#139=PLANE('',#2641);
#140=PLANE('',#2644);
#141=PLANE('',#2647);
#142=PLANE('',#2650);
#143=PLANE('',#2653);
#144=PLANE('',#2656);
#145=PLANE('',#2659);
#146=PLANE('',#2664);
#147=FACE_OUTER_BOUND('',#271,.T.);
#148=FACE_OUTER_BOUND('',#272,.T.);
#149=FACE_OUTER_BOUND('',#273,.T.);
#150=FACE_OUTER_BOUND('',#274,.T.);
#151=FACE_OUTER_BOUND('',#275,.T.);
#152=FACE_OUTER_BOUND('',#276,.T.);
#153=FACE_OUTER_BOUND('',#277,.T.);
#154=FACE_OUTER_BOUND('',#278,.T.);
#155=FACE_OUTER_BOUND('',#279,.T.);
#156=FACE_OUTER_BOUND('',#280,.T.);
#157=FACE_OUTER_BOUND('',#281,.T.);
#158=FACE_OUTER_BOUND('',#282,.T.);
#159=FACE_OUTER_BOUND('',#283,.T.);
#160=FACE_OUTER_BOUND('',#284,.T.);
#161=FACE_OUTER_BOUND('',#285,.T.);
#162=FACE_OUTER_BOUND('',#287,.T.);
#163=FACE_OUTER_BOUND('',#288,.T.);
#164=FACE_OUTER_BOUND('',#294,.T.);
#165=FACE_OUTER_BOUND('',#295,.T.);
#166=FACE_OUTER_BOUND('',#296,.T.);
#167=FACE_OUTER_BOUND('',#297,.T.);
#168=FACE_OUTER_BOUND('',#299,.T.);
#169=FACE_OUTER_BOUND('',#300,.T.);
#170=FACE_OUTER_BOUND('',#301,.T.);
#171=FACE_OUTER_BOUND('',#302,.T.);
#172=FACE_OUTER_BOUND('',#304,.T.);
#173=FACE_OUTER_BOUND('',#305,.T.);
#174=FACE_OUTER_BOUND('',#306,.T.);
#175=FACE_OUTER_BOUND('',#307,.T.);
#176=FACE_OUTER_BOUND('',#308,.T.);
#177=FACE_OUTER_BOUND('',#309,.T.);
#178=FACE_OUTER_BOUND('',#310,.T.);
#179=FACE_OUTER_BOUND('',#311,.T.);
#180=FACE_OUTER_BOUND('',#312,.T.);
#181=FACE_OUTER_BOUND('',#313,.T.);
#182=FACE_OUTER_BOUND('',#315,.T.);
#183=FACE_OUTER_BOUND('',#317,.T.);
#184=FACE_OUTER_BOUND('',#318,.T.);
#185=FACE_OUTER_BOUND('',#319,.T.);
#186=FACE_OUTER_BOUND('',#320,.T.);
#187=FACE_OUTER_BOUND('',#321,.T.);
#188=FACE_OUTER_BOUND('',#322,.T.);
#189=FACE_OUTER_BOUND('',#323,.T.);
#190=FACE_OUTER_BOUND('',#324,.T.);
#191=FACE_OUTER_BOUND('',#325,.T.);
#192=FACE_OUTER_BOUND('',#326,.T.);
#193=FACE_OUTER_BOUND('',#327,.T.);
#194=FACE_OUTER_BOUND('',#328,.T.);
#195=FACE_OUTER_BOUND('',#329,.T.);
#196=FACE_OUTER_BOUND('',#330,.T.);
#197=FACE_OUTER_BOUND('',#331,.T.);
#198=FACE_OUTER_BOUND('',#332,.T.);
#199=FACE_OUTER_BOUND('',#333,.T.);
#200=FACE_OUTER_BOUND('',#335,.T.);
#201=FACE_OUTER_BOUND('',#336,.T.);
#202=FACE_OUTER_BOUND('',#338,.T.);
#203=FACE_OUTER_BOUND('',#339,.T.);
#204=FACE_OUTER_BOUND('',#341,.T.);
#205=FACE_OUTER_BOUND('',#342,.T.);
#206=FACE_OUTER_BOUND('',#344,.T.);
#207=FACE_OUTER_BOUND('',#345,.T.);
#208=FACE_OUTER_BOUND('',#346,.T.);
#209=FACE_OUTER_BOUND('',#347,.T.);
#210=FACE_OUTER_BOUND('',#348,.T.);
#211=FACE_OUTER_BOUND('',#349,.T.);
#212=FACE_OUTER_BOUND('',#350,.T.);
#213=FACE_OUTER_BOUND('',#351,.T.);
#214=FACE_OUTER_BOUND('',#352,.T.);
#215=FACE_OUTER_BOUND('',#354,.T.);
#216=FACE_OUTER_BOUND('',#357,.T.);
#217=FACE_OUTER_BOUND('',#358,.T.);
#218=FACE_OUTER_BOUND('',#361,.T.);
#219=FACE_OUTER_BOUND('',#362,.T.);
#220=FACE_OUTER_BOUND('',#363,.T.);
#221=FACE_OUTER_BOUND('',#365,.T.);
#222=FACE_OUTER_BOUND('',#366,.T.);
#223=FACE_OUTER_BOUND('',#367,.T.);
#224=FACE_OUTER_BOUND('',#368,.T.);
#225=FACE_OUTER_BOUND('',#369,.T.);
#226=FACE_OUTER_BOUND('',#372,.T.);
#227=FACE_OUTER_BOUND('',#373,.T.);
#228=FACE_OUTER_BOUND('',#374,.T.);
#229=FACE_OUTER_BOUND('',#375,.T.);
#230=FACE_OUTER_BOUND('',#376,.T.);
#231=FACE_OUTER_BOUND('',#377,.T.);
#232=FACE_OUTER_BOUND('',#378,.T.);
#233=FACE_OUTER_BOUND('',#380,.T.);
#234=FACE_OUTER_BOUND('',#381,.T.);
#235=FACE_OUTER_BOUND('',#382,.T.);
#236=FACE_OUTER_BOUND('',#383,.T.);
#237=FACE_OUTER_BOUND('',#384,.T.);
#238=FACE_OUTER_BOUND('',#386,.T.);
#239=FACE_OUTER_BOUND('',#387,.T.);
#240=FACE_OUTER_BOUND('',#388,.T.);
#241=FACE_OUTER_BOUND('',#389,.T.);
#242=FACE_OUTER_BOUND('',#392,.T.);
#243=FACE_OUTER_BOUND('',#393,.T.);
#244=FACE_OUTER_BOUND('',#394,.T.);
#245=FACE_OUTER_BOUND('',#395,.T.);
#246=FACE_OUTER_BOUND('',#396,.T.);
#247=FACE_OUTER_BOUND('',#397,.T.);
#248=FACE_OUTER_BOUND('',#398,.T.);
#249=FACE_OUTER_BOUND('',#399,.T.);
#250=FACE_OUTER_BOUND('',#400,.T.);
#251=FACE_OUTER_BOUND('',#401,.T.);
#252=FACE_OUTER_BOUND('',#402,.T.);
#253=FACE_OUTER_BOUND('',#403,.T.);
#254=FACE_OUTER_BOUND('',#406,.T.);
#255=FACE_OUTER_BOUND('',#407,.T.);
#256=FACE_OUTER_BOUND('',#408,.T.);
#257=FACE_OUTER_BOUND('',#409,.T.);
#258=FACE_OUTER_BOUND('',#410,.T.);
#259=FACE_OUTER_BOUND('',#411,.T.);
#260=FACE_OUTER_BOUND('',#412,.T.);
#261=FACE_OUTER_BOUND('',#413,.T.);
#262=FACE_OUTER_BOUND('',#414,.T.);
#263=FACE_OUTER_BOUND('',#415,.T.);
#264=FACE_OUTER_BOUND('',#416,.T.);
#265=FACE_OUTER_BOUND('',#417,.T.);
#266=FACE_OUTER_BOUND('',#418,.T.);
#267=FACE_OUTER_BOUND('',#419,.T.);
#268=FACE_OUTER_BOUND('',#420,.T.);
#269=FACE_OUTER_BOUND('',#421,.T.);
#270=FACE_OUTER_BOUND('',#422,.T.);
#271=EDGE_LOOP('',(#1629,#1630,#1631,#1632));
#272=EDGE_LOOP('',(#1633));
#273=EDGE_LOOP('',(#1634,#1635,#1636,#1637));
#274=EDGE_LOOP('',(#1638));
#275=EDGE_LOOP('',(#1639,#1640,#1641,#1642));
#276=EDGE_LOOP('',(#1643));
#277=EDGE_LOOP('',(#1644,#1645,#1646,#1647));
#278=EDGE_LOOP('',(#1648));
#279=EDGE_LOOP('',(#1649,#1650,#1651,#1652));
#280=EDGE_LOOP('',(#1653,#1654,#1655,#1656));
#281=EDGE_LOOP('',(#1657,#1658,#1659,#1660));
#282=EDGE_LOOP('',(#1661,#1662,#1663,#1664));
#283=EDGE_LOOP('',(#1665,#1666,#1667,#1668));
#284=EDGE_LOOP('',(#1669,#1670,#1671,#1672));
#285=EDGE_LOOP('',(#1673,#1674,#1675,#1676,#1677,#1678));
#286=EDGE_LOOP('',(#1679));
#287=EDGE_LOOP('',(#1680,#1681,#1682,#1683));
#288=EDGE_LOOP('',(#1684,#1685,#1686,#1687,#1688,#1689,#1690,#1691,#1692,
#1693,#1694,#1695,#1696,#1697,#1698,#1699,#1700,#1701,#1702,#1703,#1704,
#1705,#1706,#1707,#1708,#1709,#1710,#1711,#1712,#1713,#1714,#1715));
#289=EDGE_LOOP('',(#1716));
#290=EDGE_LOOP('',(#1717));
#291=EDGE_LOOP('',(#1718));
#292=EDGE_LOOP('',(#1719));
#293=EDGE_LOOP('',(#1720));
#294=EDGE_LOOP('',(#1721,#1722,#1723,#1724));
#295=EDGE_LOOP('',(#1725,#1726,#1727,#1728,#1729));
#296=EDGE_LOOP('',(#1730,#1731,#1732,#1733));
#297=EDGE_LOOP('',(#1734,#1735,#1736,#1737,#1738,#1739,#1740));
#298=EDGE_LOOP('',(#1741));
#299=EDGE_LOOP('',(#1742,#1743,#1744,#1745,#1746));
#300=EDGE_LOOP('',(#1747,#1748,#1749,#1750));
#301=EDGE_LOOP('',(#1751,#1752,#1753,#1754));
#302=EDGE_LOOP('',(#1755,#1756,#1757,#1758,#1759,#1760,#1761));
#303=EDGE_LOOP('',(#1762));
#304=EDGE_LOOP('',(#1763,#1764,#1765,#1766));
#305=EDGE_LOOP('',(#1767,#1768,#1769,#1770));
#306=EDGE_LOOP('',(#1771,#1772,#1773,#1774));
#307=EDGE_LOOP('',(#1775,#1776,#1777,#1778));
#308=EDGE_LOOP('',(#1779,#1780,#1781,#1782));
#309=EDGE_LOOP('',(#1783,#1784,#1785,#1786));
#310=EDGE_LOOP('',(#1787,#1788,#1789,#1790,#1791));
#311=EDGE_LOOP('',(#1792,#1793,#1794,#1795,#1796));
#312=EDGE_LOOP('',(#1797,#1798,#1799,#1800));
#313=EDGE_LOOP('',(#1801,#1802,#1803,#1804,#1805));
#314=EDGE_LOOP('',(#1806));
#315=EDGE_LOOP('',(#1807,#1808,#1809,#1810,#1811));
#316=EDGE_LOOP('',(#1812,#1813,#1814,#1815,#1816,#1817));
#317=EDGE_LOOP('',(#1818,#1819,#1820,#1821));
#318=EDGE_LOOP('',(#1822,#1823,#1824,#1825));
#319=EDGE_LOOP('',(#1826,#1827,#1828,#1829));
#320=EDGE_LOOP('',(#1830,#1831,#1832,#1833));
#321=EDGE_LOOP('',(#1834,#1835,#1836,#1837));
#322=EDGE_LOOP('',(#1838,#1839,#1840,#1841));
#323=EDGE_LOOP('',(#1842,#1843,#1844,#1845));
#324=EDGE_LOOP('',(#1846,#1847,#1848,#1849));
#325=EDGE_LOOP('',(#1850,#1851,#1852,#1853));
#326=EDGE_LOOP('',(#1854,#1855,#1856,#1857));
#327=EDGE_LOOP('',(#1858,#1859,#1860,#1861));
#328=EDGE_LOOP('',(#1862,#1863,#1864,#1865));
#329=EDGE_LOOP('',(#1866,#1867,#1868,#1869));
#330=EDGE_LOOP('',(#1870,#1871,#1872,#1873));
#331=EDGE_LOOP('',(#1874,#1875,#1876,#1877));
#332=EDGE_LOOP('',(#1878,#1879,#1880,#1881));
#333=EDGE_LOOP('',(#1882,#1883,#1884,#1885));
#334=EDGE_LOOP('',(#1886));
#335=EDGE_LOOP('',(#1887,#1888,#1889,#1890));
#336=EDGE_LOOP('',(#1891,#1892,#1893,#1894));
#337=EDGE_LOOP('',(#1895));
#338=EDGE_LOOP('',(#1896,#1897,#1898,#1899));
#339=EDGE_LOOP('',(#1900,#1901,#1902,#1903));
#340=EDGE_LOOP('',(#1904));
#341=EDGE_LOOP('',(#1905,#1906,#1907,#1908));
#342=EDGE_LOOP('',(#1909,#1910,#1911,#1912));
#343=EDGE_LOOP('',(#1913));
#344=EDGE_LOOP('',(#1914,#1915,#1916,#1917));
#345=EDGE_LOOP('',(#1918,#1919,#1920,#1921));
#346=EDGE_LOOP('',(#1922,#1923,#1924,#1925));
#347=EDGE_LOOP('',(#1926,#1927,#1928,#1929));
#348=EDGE_LOOP('',(#1930,#1931,#1932,#1933));
#349=EDGE_LOOP('',(#1934,#1935,#1936,#1937));
#350=EDGE_LOOP('',(#1938,#1939,#1940,#1941));
#351=EDGE_LOOP('',(#1942,#1943,#1944,#1945));
#352=EDGE_LOOP('',(#1946,#1947,#1948,#1949));
#353=EDGE_LOOP('',(#1950,#1951,#1952,#1953));
#354=EDGE_LOOP('',(#1954,#1955,#1956,#1957,#1958,#1959,#1960,#1961,#1962,
#1963,#1964,#1965,#1966,#1967,#1968,#1969,#1970,#1971,#1972,#1973));
#355=EDGE_LOOP('',(#1974));
#356=EDGE_LOOP('',(#1975));
#357=EDGE_LOOP('',(#1976,#1977,#1978,#1979));
#358=EDGE_LOOP('',(#1980,#1981,#1982,#1983,#1984,#1985,#1986,#1987,#1988,
#1989,#1990,#1991,#1992,#1993,#1994,#1995,#1996,#1997,#1998,#1999,#2000,
#2001,#2002,#2003,#2004,#2005,#2006,#2007,#2008,#2009,#2010,#2011,#2012,
#2013,#2014,#2015,#2016,#2017,#2018,#2019,#2020,#2021,#2022,#2023,#2024,
#2025,#2026,#2027));
#359=EDGE_LOOP('',(#2028));
#360=EDGE_LOOP('',(#2029));
#361=EDGE_LOOP('',(#2030,#2031,#2032,#2033));
#362=EDGE_LOOP('',(#2034,#2035,#2036,#2037));
#363=EDGE_LOOP('',(#2038,#2039,#2040,#2041));
#364=EDGE_LOOP('',(#2042,#2043,#2044,#2045));
#365=EDGE_LOOP('',(#2046,#2047,#2048,#2049));
#366=EDGE_LOOP('',(#2050,#2051,#2052,#2053));
#367=EDGE_LOOP('',(#2054,#2055,#2056,#2057));
#368=EDGE_LOOP('',(#2058,#2059,#2060,#2061));
#369=EDGE_LOOP('',(#2062,#2063,#2064,#2065,#2066,#2067,#2068,#2069,#2070,
#2071,#2072,#2073,#2074,#2075,#2076,#2077,#2078,#2079,#2080,#2081,#2082,
#2083,#2084,#2085));
#370=EDGE_LOOP('',(#2086));
#371=EDGE_LOOP('',(#2087));
#372=EDGE_LOOP('',(#2088,#2089,#2090,#2091));
#373=EDGE_LOOP('',(#2092,#2093,#2094,#2095));
#374=EDGE_LOOP('',(#2096,#2097,#2098,#2099));
#375=EDGE_LOOP('',(#2100,#2101,#2102,#2103));
#376=EDGE_LOOP('',(#2104,#2105,#2106,#2107));
#377=EDGE_LOOP('',(#2108,#2109,#2110,#2111));
#378=EDGE_LOOP('',(#2112,#2113,#2114,#2115));
#379=EDGE_LOOP('',(#2116,#2117,#2118,#2119));
#380=EDGE_LOOP('',(#2120,#2121,#2122,#2123));
#381=EDGE_LOOP('',(#2124,#2125,#2126,#2127));
#382=EDGE_LOOP('',(#2128,#2129,#2130,#2131));
#383=EDGE_LOOP('',(#2132,#2133,#2134,#2135));
#384=EDGE_LOOP('',(#2136,#2137,#2138,#2139));
#385=EDGE_LOOP('',(#2140,#2141,#2142,#2143));
#386=EDGE_LOOP('',(#2144,#2145,#2146,#2147));
#387=EDGE_LOOP('',(#2148,#2149,#2150,#2151));
#388=EDGE_LOOP('',(#2152,#2153,#2154,#2155));
#389=EDGE_LOOP('',(#2156,#2157,#2158,#2159,#2160,#2161,#2162,#2163,#2164,
#2165,#2166,#2167,#2168,#2169,#2170,#2171,#2172,#2173,#2174,#2175,#2176,
#2177,#2178,#2179));
#390=EDGE_LOOP('',(#2180));
#391=EDGE_LOOP('',(#2181));
#392=EDGE_LOOP('',(#2182,#2183,#2184,#2185));
#393=EDGE_LOOP('',(#2186,#2187,#2188,#2189));
#394=EDGE_LOOP('',(#2190));
#395=EDGE_LOOP('',(#2191,#2192,#2193,#2194));
#396=EDGE_LOOP('',(#2195,#2196,#2197,#2198));
#397=EDGE_LOOP('',(#2199));
#398=EDGE_LOOP('',(#2200,#2201,#2202,#2203));
#399=EDGE_LOOP('',(#2204,#2205,#2206,#2207,#2208,#2209,#2210,#2211));
#400=EDGE_LOOP('',(#2212,#2213,#2214,#2215));
#401=EDGE_LOOP('',(#2216,#2217,#2218,#2219));
#402=EDGE_LOOP('',(#2220,#2221,#2222,#2223));
#403=EDGE_LOOP('',(#2224,#2225,#2226,#2227));
#404=EDGE_LOOP('',(#2228));
#405=EDGE_LOOP('',(#2229));
#406=EDGE_LOOP('',(#2230,#2231,#2232,#2233));
#407=EDGE_LOOP('',(#2234,#2235,#2236,#2237));
#408=EDGE_LOOP('',(#2238,#2239,#2240,#2241));
#409=EDGE_LOOP('',(#2242,#2243,#2244,#2245));
#410=EDGE_LOOP('',(#2246,#2247,#2248,#2249));
#411=EDGE_LOOP('',(#2250,#2251,#2252,#2253));
#412=EDGE_LOOP('',(#2254,#2255,#2256,#2257));
#413=EDGE_LOOP('',(#2258,#2259,#2260,#2261));
#414=EDGE_LOOP('',(#2262,#2263,#2264,#2265));
#415=EDGE_LOOP('',(#2266,#2267,#2268,#2269));
#416=EDGE_LOOP('',(#2270,#2271,#2272,#2273));
#417=EDGE_LOOP('',(#2274,#2275,#2276,#2277));
#418=EDGE_LOOP('',(#2278,#2279,#2280,#2281));
#419=EDGE_LOOP('',(#2282,#2283,#2284,#2285));
#420=EDGE_LOOP('',(#2286,#2287,#2288,#2289));
#421=EDGE_LOOP('',(#2290,#2291,#2292,#2293));
#422=EDGE_LOOP('',(#2294,#2295,#2296,#2297,#2298,#2299,#2300,#2301,#2302,
#2303,#2304,#2305,#2306,#2307,#2308,#2309));
#423=EDGE_LOOP('',(#2310));
#424=EDGE_LOOP('',(#2311));
#425=EDGE_LOOP('',(#2312));
#426=EDGE_LOOP('',(#2313));
#427=EDGE_LOOP('',(#2314));
#428=LINE('',#3317,#717);
#429=LINE('',#3324,#718);
#430=LINE('',#3331,#719);
#431=LINE('',#3338,#720);
#432=LINE('',#3344,#721);
#433=LINE('',#3346,#722);
#434=LINE('',#3348,#723);
#435=LINE('',#3349,#724);
#436=LINE('',#3352,#725);
#437=LINE('',#3354,#726);
#438=LINE('',#3355,#727);
#439=LINE('',#3358,#728);
#440=LINE('',#3360,#729);
#441=LINE('',#3361,#730);
#442=LINE('',#3364,#731);
#443=LINE('',#3366,#732);
#444=LINE('',#3367,#733);
#445=LINE('',#3370,#734);
#446=LINE('',#3372,#735);
#447=LINE('',#3373,#736);
#448=LINE('',#3375,#737);
#449=LINE('',#3376,#738);
#450=LINE('',#3383,#739);
#451=LINE('',#3385,#740);
#452=LINE('',#3387,#741);
#453=LINE('',#3388,#742);
#454=LINE('',#3391,#743);
#455=LINE('',#3393,#744);
#456=LINE('',#3395,#745);
#457=LINE('',#3397,#746);
#458=LINE('',#3399,#747);
#459=LINE('',#3401,#748);
#460=LINE('',#3403,#749);
#461=LINE('',#3405,#750);
#462=LINE('',#3407,#751);
#463=LINE('',#3409,#752);
#464=LINE('',#3411,#753);
#465=LINE('',#3413,#754);
#466=LINE('',#3415,#755);
#467=LINE('',#3417,#756);
#468=LINE('',#3419,#757);
#469=LINE('',#3421,#758);
#470=LINE('',#3423,#759);
#471=LINE('',#3425,#760);
#472=LINE('',#3427,#761);
#473=LINE('',#3429,#762);
#474=LINE('',#3431,#763);
#475=LINE('',#3433,#764);
#476=LINE('',#3435,#765);
#477=LINE('',#3437,#766);
#478=LINE('',#3439,#767);
#479=LINE('',#3441,#768);
#480=LINE('',#3443,#769);
#481=LINE('',#3445,#770);
#482=LINE('',#3447,#771);
#483=LINE('',#3449,#772);
#484=LINE('',#3450,#773);
#485=LINE('',#3463,#774);
#486=LINE('',#3465,#775);
#487=LINE('',#3466,#776);
#488=LINE('',#3469,#777);
#489=LINE('',#3471,#778);
#490=LINE('',#3472,#779);
#491=LINE('',#3475,#780);
#492=LINE('',#3477,#781);
#493=LINE('',#3478,#782);
#494=LINE('',#3481,#783);
#495=LINE('',#3483,#784);
#496=LINE('',#3485,#785);
#497=LINE('',#3486,#786);
#498=LINE('',#3491,#787);
#499=LINE('',#3493,#788);
#500=LINE('',#3494,#789);
#501=LINE('',#3498,#790);
#502=LINE('',#3500,#791);
#503=LINE('',#3502,#792);
#504=LINE('',#3503,#793);
#505=LINE('',#3506,#794);
#506=LINE('',#3508,#795);
#507=LINE('',#3509,#796);
#508=LINE('',#3511,#797);
#509=LINE('',#3512,#798);
#510=LINE('',#3517,#799);
#511=LINE('',#3518,#800);
#512=LINE('',#3521,#801);
#513=LINE('',#3522,#802);
#514=LINE('',#3525,#803);
#515=LINE('',#3527,#804);
#516=LINE('',#3528,#805);
#517=LINE('',#3530,#806);
#518=LINE('',#3534,#807);
#519=LINE('',#3537,#808);
#520=LINE('',#3538,#809);
#521=LINE('',#3541,#810);
#522=LINE('',#3542,#811);
#523=LINE('',#3544,#812);
#524=LINE('',#3546,#813);
#525=LINE('',#3548,#814);
#526=LINE('',#3550,#815);
#527=LINE('',#3553,#816);
#528=LINE('',#3554,#817);
#529=LINE('',#3557,#818);
#530=LINE('',#3561,#819);
#531=LINE('',#3565,#820);
#532=LINE('',#3569,#821);
#533=LINE('',#3573,#822);
#534=LINE('',#3577,#823);
#535=LINE('',#3581,#824);
#536=LINE('',#3585,#825);
#537=LINE('',#3590,#826);
#538=LINE('',#3592,#827);
#539=LINE('',#3594,#828);
#540=LINE('',#3595,#829);
#541=LINE('',#3598,#830);
#542=LINE('',#3600,#831);
#543=LINE('',#3601,#832);
#544=LINE('',#3603,#833);
#545=LINE('',#3604,#834);
#546=LINE('',#3608,#835);
#547=LINE('',#3610,#836);
#548=LINE('',#3612,#837);
#549=LINE('',#3613,#838);
#550=LINE('',#3616,#839);
#551=LINE('',#3618,#840);
#552=LINE('',#3619,#841);
#553=LINE('',#3621,#842);
#554=LINE('',#3622,#843);
#555=LINE('',#3626,#844);
#556=LINE('',#3628,#845);
#557=LINE('',#3630,#846);
#558=LINE('',#3631,#847);
#559=LINE('',#3634,#848);
#560=LINE('',#3636,#849);
#561=LINE('',#3637,#850);
#562=LINE('',#3642,#851);
#563=LINE('',#3644,#852);
#564=LINE('',#3645,#853);
#565=LINE('',#3647,#854);
#566=LINE('',#3648,#855);
#567=LINE('',#3654,#856);
#568=LINE('',#3656,#857);
#569=LINE('',#3658,#858);
#570=LINE('',#3659,#859);
#571=LINE('',#3662,#860);
#572=LINE('',#3664,#861);
#573=LINE('',#3665,#862);
#574=LINE('',#3670,#863);
#575=LINE('',#3672,#864);
#576=LINE('',#3673,#865);
#577=LINE('',#3675,#866);
#578=LINE('',#3676,#867);
#579=LINE('',#3682,#868);
#580=LINE('',#3686,#869);
#581=LINE('',#3690,#870);
#582=LINE('',#3692,#871);
#583=LINE('',#3694,#872);
#584=LINE('',#3695,#873);
#585=LINE('',#3698,#874);
#586=LINE('',#3700,#875);
#587=LINE('',#3701,#876);
#588=LINE('',#3704,#877);
#589=LINE('',#3706,#878);
#590=LINE('',#3707,#879);
#591=LINE('',#3711,#880);
#592=LINE('',#3713,#881);
#593=LINE('',#3715,#882);
#594=LINE('',#3716,#883);
#595=LINE('',#3720,#884);
#596=LINE('',#3722,#885);
#597=LINE('',#3724,#886);
#598=LINE('',#3725,#887);
#599=LINE('',#3727,#888);
#600=LINE('',#3728,#889);
#601=LINE('',#3730,#890);
#602=LINE('',#3733,#891);
#603=LINE('',#3734,#892);
#604=LINE('',#3736,#893);
#605=LINE('',#3738,#894);
#606=LINE('',#3740,#895);
#607=LINE('',#3742,#896);
#608=LINE('',#3744,#897);
#609=LINE('',#3746,#898);
#610=LINE('',#3747,#899);
#611=LINE('',#3749,#900);
#612=LINE('',#3751,#901);
#613=LINE('',#3753,#902);
#614=LINE('',#3755,#903);
#615=LINE('',#3757,#904);
#616=LINE('',#3758,#905);
#617=LINE('',#3765,#906);
#618=LINE('',#3766,#907);
#619=LINE('',#3769,#908);
#620=LINE('',#3771,#909);
#621=LINE('',#3775,#910);
#622=LINE('',#3779,#911);
#623=LINE('',#3783,#912);
#624=LINE('',#3787,#913);
#625=LINE('',#3791,#914);
#626=LINE('',#3795,#915);
#627=LINE('',#3799,#916);
#628=LINE('',#3803,#917);
#629=LINE('',#3805,#918);
#630=LINE('',#3807,#919);
#631=LINE('',#3808,#920);
#632=LINE('',#3809,#921);
#633=LINE('',#3810,#922);
#634=LINE('',#3812,#923);
#635=LINE('',#3814,#924);
#636=LINE('',#3816,#925);
#637=LINE('',#3818,#926);
#638=LINE('',#3819,#927);
#639=LINE('',#3821,#928);
#640=LINE('',#3822,#929);
#641=LINE('',#3823,#930);
#642=LINE('',#3826,#931);
#643=LINE('',#3828,#932);
#644=LINE('',#3829,#933);
#645=LINE('',#3832,#934);
#646=LINE('',#3833,#935);
#647=LINE('',#3836,#936);
#648=LINE('',#3838,#937);
#649=LINE('',#3839,#938);
#650=LINE('',#3842,#939);
#651=LINE('',#3843,#940);
#652=LINE('',#3845,#941);
#653=LINE('',#3846,#942);
#654=LINE('',#3849,#943);
#655=LINE('',#3852,#944);
#656=LINE('',#3854,#945);
#657=LINE('',#3856,#946);
#658=LINE('',#3858,#947);
#659=LINE('',#3860,#948);
#660=LINE('',#3862,#949);
#661=LINE('',#3863,#950);
#662=LINE('',#3869,#951);
#663=LINE('',#3870,#952);
#664=LINE('',#3872,#953);
#665=LINE('',#3876,#954);
#666=LINE('',#3878,#955);
#667=LINE('',#3879,#956);
#668=LINE('',#3882,#957);
#669=LINE('',#3883,#958);
#670=LINE('',#3886,#959);
#671=LINE('',#3887,#960);
#672=LINE('',#3889,#961);
#673=LINE('',#3891,#962);
#674=LINE('',#3893,#963);
#675=LINE('',#3896,#964);
#676=LINE('',#3898,#965);
#677=LINE('',#3899,#966);
#678=LINE('',#3901,#967);
#679=LINE('',#3904,#968);
#680=LINE('',#3906,#969);
#681=LINE('',#3907,#970);
#682=LINE('',#3910,#971);
#683=LINE('',#3912,#972);
#684=LINE('',#3915,#973);
#685=LINE('',#3918,#974);
#686=LINE('',#3922,#975);
#687=LINE('',#3925,#976);
#688=LINE('',#3929,#977);
#689=LINE('',#3931,#978);
#690=LINE('',#3933,#979);
#691=LINE('',#3935,#980);
#692=LINE('',#3936,#981);
#693=LINE('',#3938,#982);
#694=LINE('',#3941,#983);
#695=LINE('',#3946,#984);
#696=LINE('',#3949,#985);
#697=LINE('',#3950,#986);
#698=LINE('',#3954,#987);
#699=LINE('',#3957,#988);
#700=LINE('',#3958,#989);
#701=LINE('',#3962,#990);
#702=LINE('',#3965,#991);
#703=LINE('',#3966,#992);
#704=LINE('',#3970,#993);
#705=LINE('',#3973,#994);
#706=LINE('',#3974,#995);
#707=LINE('',#3978,#996);
#708=LINE('',#3981,#997);
#709=LINE('',#3982,#998);
#710=LINE('',#3986,#999);
#711=LINE('',#3989,#1000);
#712=LINE('',#3990,#1001);
#713=LINE('',#3994,#1002);
#714=LINE('',#3997,#1003);
#715=LINE('',#3998,#1004);
#716=LINE('',#4003,#1005);
#717=VECTOR('',#2671,2.1);
#718=VECTOR('',#2680,2.1);
#719=VECTOR('',#2689,2.1);
#720=VECTOR('',#2698,2.1);
#721=VECTOR('',#2705,10.);
#722=VECTOR('',#2706,10.);
#723=VECTOR('',#2707,10.);
#724=VECTOR('',#2708,10.);
#725=VECTOR('',#2711,10.);
#726=VECTOR('',#2712,10.);
#727=VECTOR('',#2713,10.);
#728=VECTOR('',#2716,10.);
#729=VECTOR('',#2717,10.);
#730=VECTOR('',#2718,10.);
#731=VECTOR('',#2721,10.);
#732=VECTOR('',#2722,10.);
#733=VECTOR('',#2723,10.);
#734=VECTOR('',#2726,10.);
#735=VECTOR('',#2727,10.);
#736=VECTOR('',#2728,10.);
#737=VECTOR('',#2731,10.);
#738=VECTOR('',#2732,10.);
#739=VECTOR('',#2739,10.);
#740=VECTOR('',#2740,10.);
#741=VECTOR('',#2741,10.);
#742=VECTOR('',#2742,10.);
#743=VECTOR('',#2745,10.);
#744=VECTOR('',#2746,10.);
#745=VECTOR('',#2747,10.);
#746=VECTOR('',#2748,10.);
#747=VECTOR('',#2749,10.);
#748=VECTOR('',#2750,10.);
#749=VECTOR('',#2751,10.);
#750=VECTOR('',#2752,10.);
#751=VECTOR('',#2753,10.);
#752=VECTOR('',#2754,10.);
#753=VECTOR('',#2755,10.);
#754=VECTOR('',#2756,10.);
#755=VECTOR('',#2757,10.);
#756=VECTOR('',#2758,10.);
#757=VECTOR('',#2759,10.);
#758=VECTOR('',#2760,10.);
#759=VECTOR('',#2761,10.);
#760=VECTOR('',#2762,10.);
#761=VECTOR('',#2763,10.);
#762=VECTOR('',#2764,10.);
#763=VECTOR('',#2765,10.);
#764=VECTOR('',#2766,10.);
#765=VECTOR('',#2767,10.);
#766=VECTOR('',#2768,10.);
#767=VECTOR('',#2769,10.);
#768=VECTOR('',#2770,10.);
#769=VECTOR('',#2771,10.);
#770=VECTOR('',#2772,10.);
#771=VECTOR('',#2773,10.);
#772=VECTOR('',#2774,10.);
#773=VECTOR('',#2775,10.);
#774=VECTOR('',#2788,10.);
#775=VECTOR('',#2789,10.);
#776=VECTOR('',#2790,10.);
#777=VECTOR('',#2793,10.);
#778=VECTOR('',#2794,10.);
#779=VECTOR('',#2795,10.);
#780=VECTOR('',#2798,10.);
#781=VECTOR('',#2799,10.);
#782=VECTOR('',#2800,10.);
#783=VECTOR('',#2803,10.);
#784=VECTOR('',#2804,10.);
#785=VECTOR('',#2805,10.);
#786=VECTOR('',#2806,10.);
#787=VECTOR('',#2811,10.);
#788=VECTOR('',#2812,10.);
#789=VECTOR('',#2813,10.);
#790=VECTOR('',#2816,10.);
#791=VECTOR('',#2817,10.);
#792=VECTOR('',#2818,10.);
#793=VECTOR('',#2819,10.);
#794=VECTOR('',#2822,10.);
#795=VECTOR('',#2823,10.);
#796=VECTOR('',#2824,10.);
#797=VECTOR('',#2827,10.);
#798=VECTOR('',#2828,10.);
#799=VECTOR('',#2833,10.);
#800=VECTOR('',#2834,10.);
#801=VECTOR('',#2837,10.);
#802=VECTOR('',#2838,10.);
#803=VECTOR('',#2841,10.);
#804=VECTOR('',#2842,10.);
#805=VECTOR('',#2843,10.);
#806=VECTOR('',#2846,1.6);
#807=VECTOR('',#2851,1.6);
#808=VECTOR('',#2854,10.);
#809=VECTOR('',#2855,10.);
#810=VECTOR('',#2858,10.);
#811=VECTOR('',#2859,10.);
#812=VECTOR('',#2862,10.);
#813=VECTOR('',#2865,10.);
#814=VECTOR('',#2868,10.);
#815=VECTOR('',#2871,10.);
#816=VECTOR('',#2874,10.);
#817=VECTOR('',#2875,10.);
#818=VECTOR('',#2878,2.275);
#819=VECTOR('',#2883,1.45);
#820=VECTOR('',#2888,2.275);
#821=VECTOR('',#2893,1.45);
#822=VECTOR('',#2898,2.275);
#823=VECTOR('',#2903,1.45);
#824=VECTOR('',#2908,2.275);
#825=VECTOR('',#2913,1.45);
#826=VECTOR('',#2918,10.);
#827=VECTOR('',#2919,10.);
#828=VECTOR('',#2920,10.);
#829=VECTOR('',#2921,10.);
#830=VECTOR('',#2924,10.);
#831=VECTOR('',#2925,10.);
#832=VECTOR('',#2926,10.);
#833=VECTOR('',#2929,10.);
#834=VECTOR('',#2930,10.);
#835=VECTOR('',#2933,10.);
#836=VECTOR('',#2934,10.);
#837=VECTOR('',#2935,10.);
#838=VECTOR('',#2936,10.);
#839=VECTOR('',#2939,10.);
#840=VECTOR('',#2940,10.);
#841=VECTOR('',#2941,10.);
#842=VECTOR('',#2944,10.);
#843=VECTOR('',#2945,10.);
#844=VECTOR('',#2948,10.);
#845=VECTOR('',#2949,10.);
#846=VECTOR('',#2950,10.);
#847=VECTOR('',#2951,10.);
#848=VECTOR('',#2954,10.);
#849=VECTOR('',#2955,10.);
#850=VECTOR('',#2956,10.);
#851=VECTOR('',#2961,10.);
#852=VECTOR('',#2962,10.);
#853=VECTOR('',#2963,10.);
#854=VECTOR('',#2966,10.);
#855=VECTOR('',#2967,10.);
#856=VECTOR('',#2972,10.);
#857=VECTOR('',#2973,10.);
#858=VECTOR('',#2974,10.);
#859=VECTOR('',#2975,10.);
#860=VECTOR('',#2978,10.);
#861=VECTOR('',#2979,10.);
#862=VECTOR('',#2980,10.);
#863=VECTOR('',#2985,10.);
#864=VECTOR('',#2986,10.);
#865=VECTOR('',#2987,10.);
#866=VECTOR('',#2990,10.);
#867=VECTOR('',#2991,10.);
#868=VECTOR('',#2998,1.1);
#869=VECTOR('',#3003,1.1);
#870=VECTOR('',#3006,10.);
#871=VECTOR('',#3007,10.);
#872=VECTOR('',#3008,10.);
#873=VECTOR('',#3009,10.);
#874=VECTOR('',#3012,10.);
#875=VECTOR('',#3013,10.);
#876=VECTOR('',#3014,10.);
#877=VECTOR('',#3017,10.);
#878=VECTOR('',#3018,10.);
#879=VECTOR('',#3019,10.);
#880=VECTOR('',#3022,10.);
#881=VECTOR('',#3023,10.);
#882=VECTOR('',#3024,10.);
#883=VECTOR('',#3025,10.);
#884=VECTOR('',#3028,10.);
#885=VECTOR('',#3029,10.);
#886=VECTOR('',#3030,10.);
#887=VECTOR('',#3031,10.);
#888=VECTOR('',#3034,10.);
#889=VECTOR('',#3035,10.);
#890=VECTOR('',#3038,10.);
#891=VECTOR('',#3041,10.);
#892=VECTOR('',#3042,10.);
#893=VECTOR('',#3043,10.);
#894=VECTOR('',#3044,10.);
#895=VECTOR('',#3045,10.);
#896=VECTOR('',#3046,10.);
#897=VECTOR('',#3047,10.);
#898=VECTOR('',#3048,10.);
#899=VECTOR('',#3049,10.);
#900=VECTOR('',#3050,10.);
#901=VECTOR('',#3051,10.);
#902=VECTOR('',#3052,10.);
#903=VECTOR('',#3053,10.);
#904=VECTOR('',#3054,10.);
#905=VECTOR('',#3055,10.);
#906=VECTOR('',#3062,10.);
#907=VECTOR('',#3063,10.);
#908=VECTOR('',#3066,10.);
#909=VECTOR('',#3067,10.);
#910=VECTOR('',#3070,10.);
#911=VECTOR('',#3073,10.);
#912=VECTOR('',#3076,10.);
#913=VECTOR('',#3079,10.);
#914=VECTOR('',#3082,10.);
#915=VECTOR('',#3085,10.);
#916=VECTOR('',#3088,10.);
#917=VECTOR('',#3091,10.);
#918=VECTOR('',#3092,10.);
#919=VECTOR('',#3093,10.);
#920=VECTOR('',#3094,10.);
#921=VECTOR('',#3095,10.);
#922=VECTOR('',#3096,10.);
#923=VECTOR('',#3097,10.);
#924=VECTOR('',#3098,10.);
#925=VECTOR('',#3099,10.);
#926=VECTOR('',#3100,10.);
#927=VECTOR('',#3101,10.);
#928=VECTOR('',#3102,10.);
#929=VECTOR('',#3103,10.);
#930=VECTOR('',#3104,10.);
#931=VECTOR('',#3107,10.);
#932=VECTOR('',#3108,10.);
#933=VECTOR('',#3109,10.);
#934=VECTOR('',#3112,10.);
#935=VECTOR('',#3113,10.);
#936=VECTOR('',#3116,10.);
#937=VECTOR('',#3117,10.);
#938=VECTOR('',#3118,10.);
#939=VECTOR('',#3121,10.);
#940=VECTOR('',#3122,10.);
#941=VECTOR('',#3125,10.);
#942=VECTOR('',#3126,10.);
#943=VECTOR('',#3131,10.);
#944=VECTOR('',#3134,10.);
#945=VECTOR('',#3135,10.);
#946=VECTOR('',#3136,10.);
#947=VECTOR('',#3137,10.);
#948=VECTOR('',#3138,10.);
#949=VECTOR('',#3139,10.);
#950=VECTOR('',#3140,10.);
#951=VECTOR('',#3147,10.);
#952=VECTOR('',#3148,10.);
#953=VECTOR('',#3151,10.);
#954=VECTOR('',#3156,10.);
#955=VECTOR('',#3157,10.);
#956=VECTOR('',#3158,10.);
#957=VECTOR('',#3161,10.);
#958=VECTOR('',#3162,10.);
#959=VECTOR('',#3165,10.);
#960=VECTOR('',#3166,10.);
#961=VECTOR('',#3169,10.);
#962=VECTOR('',#3172,10.);
#963=VECTOR('',#3175,10.);
#964=VECTOR('',#3178,10.);
#965=VECTOR('',#3179,10.);
#966=VECTOR('',#3180,10.);
#967=VECTOR('',#3183,10.);
#968=VECTOR('',#3186,10.);
#969=VECTOR('',#3187,10.);
#970=VECTOR('',#3188,10.);
#971=VECTOR('',#3193,10.);
#972=VECTOR('',#3196,10.);
#973=VECTOR('',#3201,1.1);
#974=VECTOR('',#3204,1.1);
#975=VECTOR('',#3211,1.1);
#976=VECTOR('',#3214,1.1);
#977=VECTOR('',#3221,10.);
#978=VECTOR('',#3224,10.);
#979=VECTOR('',#3225,10.);
#980=VECTOR('',#3226,10.);
#981=VECTOR('',#3227,10.);
#982=VECTOR('',#3230,10.);
#983=VECTOR('',#3235,10.);
#984=VECTOR('',#3242,10.);
#985=VECTOR('',#3245,10.);
#986=VECTOR('',#3246,10.);
#987=VECTOR('',#3251,10.);
#988=VECTOR('',#3254,10.);
#989=VECTOR('',#3255,10.);
#990=VECTOR('',#3260,10.);
#991=VECTOR('',#3263,10.);
#992=VECTOR('',#3264,10.);
#993=VECTOR('',#3269,10.);
#994=VECTOR('',#3272,10.);
#995=VECTOR('',#3273,10.);
#996=VECTOR('',#3278,10.);
#997=VECTOR('',#3281,10.);
#998=VECTOR('',#3282,10.);
#999=VECTOR('',#3287,10.);
#1000=VECTOR('',#3290,10.);
#1001=VECTOR('',#3291,10.);
#1002=VECTOR('',#3296,10.);
#1003=VECTOR('',#3299,10.);
#1004=VECTOR('',#3300,10.);
#1005=VECTOR('',#3307,13.);
#1006=CIRCLE('',#2488,2.1);
#1007=CIRCLE('',#2489,2.1);
#1008=CIRCLE('',#2492,2.1);
#1009=CIRCLE('',#2493,2.1);
#1010=CIRCLE('',#2496,2.1);
#1011=CIRCLE('',#2497,2.1);
#1012=CIRCLE('',#2500,2.1);
#1013=CIRCLE('',#2501,2.1);
#1014=CIRCLE('',#2510,1.6);
#1015=CIRCLE('',#2513,3.1);
#1016=CIRCLE('',#2514,3.1);
#1017=CIRCLE('',#2515,13.);
#1018=CIRCLE('',#2516,3.1);
#1019=CIRCLE('',#2517,3.1);
#1020=CIRCLE('',#2522,1.6);
#1021=CIRCLE('',#2527,1.6);
#1022=CIRCLE('',#2533,1.6);
#1023=CIRCLE('',#2542,1.45);
#1024=CIRCLE('',#2544,1.45);
#1025=CIRCLE('',#2546,1.45);
#1026=CIRCLE('',#2548,1.45);
#1027=CIRCLE('',#2550,1.45);
#1028=CIRCLE('',#2552,1.45);
#1029=CIRCLE('',#2554,1.45);
#1030=CIRCLE('',#2556,1.45);
#1031=CIRCLE('',#2565,1.1);
#1032=CIRCLE('',#2568,1.1);
#1033=CIRCLE('',#2571,1.1);
#1034=CIRCLE('',#2574,1.1);
#1035=CIRCLE('',#2576,1.1);
#1036=CIRCLE('',#2578,1.1);
#1037=CIRCLE('',#2587,1.1);
#1038=CIRCLE('',#2588,1.1);
#1039=CIRCLE('',#2591,1.3);
#1040=CIRCLE('',#2592,1.3);
#1041=CIRCLE('',#2593,1.3);
#1042=CIRCLE('',#2594,1.3);
#1043=CIRCLE('',#2595,1.3);
#1044=CIRCLE('',#2596,1.3);
#1045=CIRCLE('',#2597,1.3);
#1046=CIRCLE('',#2598,1.3);
#1047=CIRCLE('',#2607,1.1);
#1048=CIRCLE('',#2608,1.1);
#1049=CIRCLE('',#2627,1.1);
#1050=CIRCLE('',#2631,1.1);
#1051=CIRCLE('',#2640,1.3);
#1052=CIRCLE('',#2643,1.3);
#1053=CIRCLE('',#2646,1.3);
#1054=CIRCLE('',#2649,1.3);
#1055=CIRCLE('',#2652,1.3);
#1056=CIRCLE('',#2655,1.3);
#1057=CIRCLE('',#2658,1.3);
#1058=CIRCLE('',#2661,1.3);
#1059=CIRCLE('',#2663,13.);
#1060=VERTEX_POINT('',#3314);
#1061=VERTEX_POINT('',#3316);
#1062=VERTEX_POINT('',#3321);
#1063=VERTEX_POINT('',#3323);
#1064=VERTEX_POINT('',#3328);
#1065=VERTEX_POINT('',#3330);
#1066=VERTEX_POINT('',#3335);
#1067=VERTEX_POINT('',#3337);
#1068=VERTEX_POINT('',#3342);
#1069=VERTEX_POINT('',#3343);
#1070=VERTEX_POINT('',#3345);
#1071=VERTEX_POINT('',#3347);
#1072=VERTEX_POINT('',#3351);
#1073=VERTEX_POINT('',#3353);
#1074=VERTEX_POINT('',#3357);
#1075=VERTEX_POINT('',#3359);
#1076=VERTEX_POINT('',#3363);
#1077=VERTEX_POINT('',#3365);
#1078=VERTEX_POINT('',#3369);
#1079=VERTEX_POINT('',#3371);
#1080=VERTEX_POINT('',#3378);
#1081=VERTEX_POINT('',#3381);
#1082=VERTEX_POINT('',#3382);
#1083=VERTEX_POINT('',#3384);
#1084=VERTEX_POINT('',#3386);
#1085=VERTEX_POINT('',#3390);
#1086=VERTEX_POINT('',#3392);
#1087=VERTEX_POINT('',#3394);
#1088=VERTEX_POINT('',#3396);
#1089=VERTEX_POINT('',#3398);
#1090=VERTEX_POINT('',#3400);
#1091=VERTEX_POINT('',#3402);
#1092=VERTEX_POINT('',#3404);
#1093=VERTEX_POINT('',#3406);
#1094=VERTEX_POINT('',#3408);
#1095=VERTEX_POINT('',#3410);
#1096=VERTEX_POINT('',#3412);
#1097=VERTEX_POINT('',#3414);
#1098=VERTEX_POINT('',#3416);
#1099=VERTEX_POINT('',#3418);
#1100=VERTEX_POINT('',#3420);
#1101=VERTEX_POINT('',#3422);
#1102=VERTEX_POINT('',#3424);
#1103=VERTEX_POINT('',#3426);
#1104=VERTEX_POINT('',#3428);
#1105=VERTEX_POINT('',#3430);
#1106=VERTEX_POINT('',#3432);
#1107=VERTEX_POINT('',#3434);
#1108=VERTEX_POINT('',#3436);
#1109=VERTEX_POINT('',#3438);
#1110=VERTEX_POINT('',#3440);
#1111=VERTEX_POINT('',#3442);
#1112=VERTEX_POINT('',#3444);
#1113=VERTEX_POINT('',#3446);
#1114=VERTEX_POINT('',#3448);
#1115=VERTEX_POINT('',#3451);
#1116=VERTEX_POINT('',#3453);
#1117=VERTEX_POINT('',#3455);
#1118=VERTEX_POINT('',#3457);
#1119=VERTEX_POINT('',#3459);
#1120=VERTEX_POINT('',#3462);
#1121=VERTEX_POINT('',#3464);
#1122=VERTEX_POINT('',#3468);
#1123=VERTEX_POINT('',#3470);
#1124=VERTEX_POINT('',#3474);
#1125=VERTEX_POINT('',#3476);
#1126=VERTEX_POINT('',#3480);
#1127=VERTEX_POINT('',#3482);
#1128=VERTEX_POINT('',#3484);
#1129=VERTEX_POINT('',#3487);
#1130=VERTEX_POINT('',#3490);
#1131=VERTEX_POINT('',#3492);
#1132=VERTEX_POINT('',#3496);
#1133=VERTEX_POINT('',#3497);
#1134=VERTEX_POINT('',#3499);
#1135=VERTEX_POINT('',#3501);
#1136=VERTEX_POINT('',#3505);
#1137=VERTEX_POINT('',#3507);
#1138=VERTEX_POINT('',#3513);
#1139=VERTEX_POINT('',#3516);
#1140=VERTEX_POINT('',#3520);
#1141=VERTEX_POINT('',#3524);
#1142=VERTEX_POINT('',#3526);
#1143=VERTEX_POINT('',#3532);
#1144=VERTEX_POINT('',#3536);
#1145=VERTEX_POINT('',#3540);
#1146=VERTEX_POINT('',#3552);
#1147=VERTEX_POINT('',#3556);
#1148=VERTEX_POINT('',#3560);
#1149=VERTEX_POINT('',#3564);
#1150=VERTEX_POINT('',#3568);
#1151=VERTEX_POINT('',#3572);
#1152=VERTEX_POINT('',#3576);
#1153=VERTEX_POINT('',#3580);
#1154=VERTEX_POINT('',#3584);
#1155=VERTEX_POINT('',#3588);
#1156=VERTEX_POINT('',#3589);
#1157=VERTEX_POINT('',#3591);
#1158=VERTEX_POINT('',#3593);
#1159=VERTEX_POINT('',#3597);
#1160=VERTEX_POINT('',#3599);
#1161=VERTEX_POINT('',#3606);
#1162=VERTEX_POINT('',#3607);
#1163=VERTEX_POINT('',#3609);
#1164=VERTEX_POINT('',#3611);
#1165=VERTEX_POINT('',#3615);
#1166=VERTEX_POINT('',#3617);
#1167=VERTEX_POINT('',#3624);
#1168=VERTEX_POINT('',#3625);
#1169=VERTEX_POINT('',#3627);
#1170=VERTEX_POINT('',#3629);
#1171=VERTEX_POINT('',#3633);
#1172=VERTEX_POINT('',#3635);
#1173=VERTEX_POINT('',#3638);
#1174=VERTEX_POINT('',#3641);
#1175=VERTEX_POINT('',#3643);
#1176=VERTEX_POINT('',#3649);
#1177=VERTEX_POINT('',#3652);
#1178=VERTEX_POINT('',#3653);
#1179=VERTEX_POINT('',#3655);
#1180=VERTEX_POINT('',#3657);
#1181=VERTEX_POINT('',#3661);
#1182=VERTEX_POINT('',#3663);
#1183=VERTEX_POINT('',#3666);
#1184=VERTEX_POINT('',#3669);
#1185=VERTEX_POINT('',#3671);
#1186=VERTEX_POINT('',#3677);
#1187=VERTEX_POINT('',#3680);
#1188=VERTEX_POINT('',#3684);
#1189=VERTEX_POINT('',#3688);
#1190=VERTEX_POINT('',#3689);
#1191=VERTEX_POINT('',#3691);
#1192=VERTEX_POINT('',#3693);
#1193=VERTEX_POINT('',#3697);
#1194=VERTEX_POINT('',#3699);
#1195=VERTEX_POINT('',#3703);
#1196=VERTEX_POINT('',#3705);
#1197=VERTEX_POINT('',#3709);
#1198=VERTEX_POINT('',#3710);
#1199=VERTEX_POINT('',#3712);
#1200=VERTEX_POINT('',#3714);
#1201=VERTEX_POINT('',#3718);
#1202=VERTEX_POINT('',#3719);
#1203=VERTEX_POINT('',#3721);
#1204=VERTEX_POINT('',#3723);
#1205=VERTEX_POINT('',#3732);
#1206=VERTEX_POINT('',#3735);
#1207=VERTEX_POINT('',#3737);
#1208=VERTEX_POINT('',#3739);
#1209=VERTEX_POINT('',#3741);
#1210=VERTEX_POINT('',#3743);
#1211=VERTEX_POINT('',#3745);
#1212=VERTEX_POINT('',#3748);
#1213=VERTEX_POINT('',#3750);
#1214=VERTEX_POINT('',#3752);
#1215=VERTEX_POINT('',#3754);
#1216=VERTEX_POINT('',#3756);
#1217=VERTEX_POINT('',#3759);
#1218=VERTEX_POINT('',#3761);
#1219=VERTEX_POINT('',#3764);
#1220=VERTEX_POINT('',#3768);
#1221=VERTEX_POINT('',#3770);
#1222=VERTEX_POINT('',#3772);
#1223=VERTEX_POINT('',#3774);
#1224=VERTEX_POINT('',#3776);
#1225=VERTEX_POINT('',#3778);
#1226=VERTEX_POINT('',#3780);
#1227=VERTEX_POINT('',#3782);
#1228=VERTEX_POINT('',#3784);
#1229=VERTEX_POINT('',#3786);
#1230=VERTEX_POINT('',#3788);
#1231=VERTEX_POINT('',#3790);
#1232=VERTEX_POINT('',#3792);
#1233=VERTEX_POINT('',#3794);
#1234=VERTEX_POINT('',#3796);
#1235=VERTEX_POINT('',#3798);
#1236=VERTEX_POINT('',#3800);
#1237=VERTEX_POINT('',#3802);
#1238=VERTEX_POINT('',#3804);
#1239=VERTEX_POINT('',#3806);
#1240=VERTEX_POINT('',#3811);
#1241=VERTEX_POINT('',#3813);
#1242=VERTEX_POINT('',#3815);
#1243=VERTEX_POINT('',#3817);
#1244=VERTEX_POINT('',#3820);
#1245=VERTEX_POINT('',#3825);
#1246=VERTEX_POINT('',#3827);
#1247=VERTEX_POINT('',#3831);
#1248=VERTEX_POINT('',#3835);
#1249=VERTEX_POINT('',#3837);
#1250=VERTEX_POINT('',#3841);
#1251=VERTEX_POINT('',#3851);
#1252=VERTEX_POINT('',#3853);
#1253=VERTEX_POINT('',#3855);
#1254=VERTEX_POINT('',#3857);
#1255=VERTEX_POINT('',#3859);
#1256=VERTEX_POINT('',#3861);
#1257=VERTEX_POINT('',#3864);
#1258=VERTEX_POINT('',#3866);
#1259=VERTEX_POINT('',#3875);
#1260=VERTEX_POINT('',#3877);
#1261=VERTEX_POINT('',#3881);
#1262=VERTEX_POINT('',#3885);
#1263=VERTEX_POINT('',#3895);
#1264=VERTEX_POINT('',#3897);
#1265=VERTEX_POINT('',#3903);
#1266=VERTEX_POINT('',#3905);
#1267=VERTEX_POINT('',#3917);
#1268=VERTEX_POINT('',#3924);
#1269=VERTEX_POINT('',#3932);
#1270=VERTEX_POINT('',#3934);
#1271=VERTEX_POINT('',#3944);
#1272=VERTEX_POINT('',#3948);
#1273=VERTEX_POINT('',#3952);
#1274=VERTEX_POINT('',#3956);
#1275=VERTEX_POINT('',#3960);
#1276=VERTEX_POINT('',#3964);
#1277=VERTEX_POINT('',#3968);
#1278=VERTEX_POINT('',#3972);
#1279=VERTEX_POINT('',#3976);
#1280=VERTEX_POINT('',#3980);
#1281=VERTEX_POINT('',#3984);
#1282=VERTEX_POINT('',#3988);
#1283=VERTEX_POINT('',#3992);
#1284=VERTEX_POINT('',#3996);
#1285=VERTEX_POINT('',#4002);
#1286=EDGE_CURVE('',#1060,#1060,#1006,.T.);
#1287=EDGE_CURVE('',#1060,#1061,#428,.T.);
#1288=EDGE_CURVE('',#1061,#1061,#1007,.T.);
#1289=EDGE_CURVE('',#1062,#1062,#1008,.T.);
#1290=EDGE_CURVE('',#1062,#1063,#429,.T.);
#1291=EDGE_CURVE('',#1063,#1063,#1009,.T.);
#1292=EDGE_CURVE('',#1064,#1064,#1010,.T.);
#1293=EDGE_CURVE('',#1064,#1065,#430,.T.);
#1294=EDGE_CURVE('',#1065,#1065,#1011,.T.);
#1295=EDGE_CURVE('',#1066,#1066,#1012,.T.);
#1296=EDGE_CURVE('',#1066,#1067,#431,.T.);
#1297=EDGE_CURVE('',#1067,#1067,#1013,.T.);
#1298=EDGE_CURVE('',#1068,#1069,#432,.T.);
#1299=EDGE_CURVE('',#1068,#1070,#433,.T.);
#1300=EDGE_CURVE('',#1070,#1071,#434,.T.);
#1301=EDGE_CURVE('',#1069,#1071,#435,.T.);
#1302=EDGE_CURVE('',#1072,#1068,#436,.T.);
#1303=EDGE_CURVE('',#1072,#1073,#437,.T.);
#1304=EDGE_CURVE('',#1073,#1070,#438,.T.);
#1305=EDGE_CURVE('',#1074,#1072,#439,.T.);
#1306=EDGE_CURVE('',#1074,#1075,#440,.T.);
#1307=EDGE_CURVE('',#1075,#1073,#441,.T.);
#1308=EDGE_CURVE('',#1076,#1074,#442,.T.);
#1309=EDGE_CURVE('',#1076,#1077,#443,.T.);
#1310=EDGE_CURVE('',#1077,#1075,#444,.T.);
#1311=EDGE_CURVE('',#1078,#1076,#445,.T.);
#1312=EDGE_CURVE('',#1078,#1079,#446,.T.);
#1313=EDGE_CURVE('',#1079,#1077,#447,.T.);
#1314=EDGE_CURVE('',#1069,#1078,#448,.T.);
#1315=EDGE_CURVE('',#1071,#1079,#449,.T.);
#1316=EDGE_CURVE('',#1080,#1080,#1014,.T.);
#1317=EDGE_CURVE('',#1081,#1082,#450,.T.);
#1318=EDGE_CURVE('',#1081,#1083,#451,.T.);
#1319=EDGE_CURVE('',#1084,#1083,#452,.T.);
#1320=EDGE_CURVE('',#1082,#1084,#453,.T.);
#1321=EDGE_CURVE('',#1085,#1084,#454,.T.);
#1322=EDGE_CURVE('',#1083,#1086,#455,.T.);
#1323=EDGE_CURVE('',#1087,#1086,#456,.T.);
#1324=EDGE_CURVE('',#1088,#1087,#457,.T.);
#1325=EDGE_CURVE('',#1088,#1089,#458,.T.);
#1326=EDGE_CURVE('',#1090,#1089,#459,.T.);
#1327=EDGE_CURVE('',#1090,#1091,#460,.T.);
#1328=EDGE_CURVE('',#1091,#1092,#461,.T.);
#1329=EDGE_CURVE('',#1092,#1093,#462,.T.);
#1330=EDGE_CURVE('',#1094,#1093,#463,.T.);
#1331=EDGE_CURVE('',#1094,#1095,#464,.T.);
#1332=EDGE_CURVE('',#1095,#1096,#465,.T.);
#1333=EDGE_CURVE('',#1096,#1097,#466,.T.);
#1334=EDGE_CURVE('',#1097,#1098,#467,.T.);
#1335=EDGE_CURVE('',#1098,#1099,#468,.T.);
#1336=EDGE_CURVE('',#1099,#1100,#469,.T.);
#1337=EDGE_CURVE('',#1100,#1101,#470,.T.);
#1338=EDGE_CURVE('',#1101,#1102,#471,.T.);
#1339=EDGE_CURVE('',#1102,#1103,#472,.T.);
#1340=EDGE_CURVE('',#1104,#1103,#473,.T.);
#1341=EDGE_CURVE('',#1104,#1105,#474,.T.);
#1342=EDGE_CURVE('',#1105,#1106,#475,.T.);
#1343=EDGE_CURVE('',#1106,#1107,#476,.T.);
#1344=EDGE_CURVE('',#1108,#1107,#477,.T.);
#1345=EDGE_CURVE('',#1108,#1109,#478,.T.);
#1346=EDGE_CURVE('',#1110,#1109,#479,.T.);
#1347=EDGE_CURVE('',#1110,#1111,#480,.T.);
#1348=EDGE_CURVE('',#1112,#1111,#481,.T.);
#1349=EDGE_CURVE('',#1112,#1113,#482,.T.);
#1350=EDGE_CURVE('',#1114,#1113,#483,.T.);
#1351=EDGE_CURVE('',#1085,#1114,#484,.T.);
#1352=EDGE_CURVE('',#1115,#1115,#1015,.T.);
#1353=EDGE_CURVE('',#1116,#1116,#1016,.T.);
#1354=EDGE_CURVE('',#1117,#1117,#1017,.T.);
#1355=EDGE_CURVE('',#1118,#1118,#1018,.T.);
#1356=EDGE_CURVE('',#1119,#1119,#1019,.T.);
#1357=EDGE_CURVE('',#1120,#1087,#485,.T.);
#1358=EDGE_CURVE('',#1086,#1121,#486,.T.);
#1359=EDGE_CURVE('',#1121,#1120,#487,.T.);
#1360=EDGE_CURVE('',#1120,#1122,#488,.T.);
#1361=EDGE_CURVE('',#1122,#1123,#489,.T.);
#1362=EDGE_CURVE('',#1123,#1088,#490,.T.);
#1363=EDGE_CURVE('',#1114,#1124,#491,.T.);
#1364=EDGE_CURVE('',#1124,#1125,#492,.T.);
#1365=EDGE_CURVE('',#1125,#1085,#493,.T.);
#1366=EDGE_CURVE('',#1126,#1125,#494,.T.);
#1367=EDGE_CURVE('',#1127,#1126,#495,.T.);
#1368=EDGE_CURVE('',#1128,#1127,#496,.T.);
#1369=EDGE_CURVE('',#1082,#1128,#497,.T.);
#1370=EDGE_CURVE('',#1129,#1129,#1020,.T.);
#1371=EDGE_CURVE('',#1130,#1124,#498,.T.);
#1372=EDGE_CURVE('',#1131,#1130,#499,.T.);
#1373=EDGE_CURVE('',#1126,#1131,#500,.T.);
#1374=EDGE_CURVE('',#1132,#1133,#501,.T.);
#1375=EDGE_CURVE('',#1133,#1134,#502,.T.);
#1376=EDGE_CURVE('',#1134,#1135,#503,.T.);
#1377=EDGE_CURVE('',#1135,#1132,#504,.T.);
#1378=EDGE_CURVE('',#1133,#1136,#505,.T.);
#1379=EDGE_CURVE('',#1137,#1136,#506,.T.);
#1380=EDGE_CURVE('',#1134,#1137,#507,.T.);
#1381=EDGE_CURVE('',#1081,#1136,#508,.F.);
#1382=EDGE_CURVE('',#1121,#1132,#509,.T.);
#1383=EDGE_CURVE('',#1138,#1138,#1021,.T.);
#1384=EDGE_CURVE('',#1131,#1139,#510,.T.);
#1385=EDGE_CURVE('',#1139,#1127,#511,.T.);
#1386=EDGE_CURVE('',#1081,#1140,#512,.T.);
#1387=EDGE_CURVE('',#1140,#1137,#513,.T.);
#1388=EDGE_CURVE('',#1128,#1141,#514,.T.);
#1389=EDGE_CURVE('',#1141,#1142,#515,.T.);
#1390=EDGE_CURVE('',#1142,#1082,#516,.T.);
#1391=EDGE_CURVE('',#1129,#1080,#517,.T.);
#1392=EDGE_CURVE('',#1143,#1143,#1022,.T.);
#1393=EDGE_CURVE('',#1143,#1138,#518,.T.);
#1394=EDGE_CURVE('',#1144,#1123,#519,.T.);
#1395=EDGE_CURVE('',#1089,#1144,#520,.T.);
#1396=EDGE_CURVE('',#1113,#1145,#521,.T.);
#1397=EDGE_CURVE('',#1130,#1145,#522,.F.);
#1398=EDGE_CURVE('',#1122,#1135,#523,.T.);
#1399=EDGE_CURVE('',#1141,#1139,#524,.T.);
#1400=EDGE_CURVE('',#1140,#1122,#525,.T.);
#1401=EDGE_CURVE('',#1130,#1142,#526,.T.);
#1402=EDGE_CURVE('',#1146,#1112,#527,.T.);
#1403=EDGE_CURVE('',#1145,#1146,#528,.T.);
#1404=EDGE_CURVE('',#1115,#1147,#529,.T.);
#1405=EDGE_CURVE('',#1147,#1147,#1023,.T.);
#1406=EDGE_CURVE('',#1147,#1148,#530,.T.);
#1407=EDGE_CURVE('',#1148,#1148,#1024,.T.);
#1408=EDGE_CURVE('',#1119,#1149,#531,.T.);
#1409=EDGE_CURVE('',#1149,#1149,#1025,.T.);
#1410=EDGE_CURVE('',#1149,#1150,#532,.T.);
#1411=EDGE_CURVE('',#1150,#1150,#1026,.T.);
#1412=EDGE_CURVE('',#1116,#1151,#533,.T.);
#1413=EDGE_CURVE('',#1151,#1151,#1027,.T.);
#1414=EDGE_CURVE('',#1151,#1152,#534,.T.);
#1415=EDGE_CURVE('',#1152,#1152,#1028,.T.);
#1416=EDGE_CURVE('',#1118,#1153,#535,.T.);
#1417=EDGE_CURVE('',#1153,#1153,#1029,.T.);
#1418=EDGE_CURVE('',#1153,#1154,#536,.T.);
#1419=EDGE_CURVE('',#1154,#1154,#1030,.T.);
#1420=EDGE_CURVE('',#1155,#1156,#537,.F.);
#1421=EDGE_CURVE('',#1156,#1157,#538,.T.);
#1422=EDGE_CURVE('',#1157,#1158,#539,.F.);
#1423=EDGE_CURVE('',#1158,#1155,#540,.T.);
#1424=EDGE_CURVE('',#1159,#1156,#541,.T.);
#1425=EDGE_CURVE('',#1160,#1159,#542,.T.);
#1426=EDGE_CURVE('',#1160,#1157,#543,.T.);
#1427=EDGE_CURVE('',#1103,#1160,#544,.F.);
#1428=EDGE_CURVE('',#1159,#1104,#545,.F.);
#1429=EDGE_CURVE('',#1161,#1162,#546,.F.);
#1430=EDGE_CURVE('',#1162,#1163,#547,.T.);
#1431=EDGE_CURVE('',#1163,#1164,#548,.F.);
#1432=EDGE_CURVE('',#1164,#1161,#549,.T.);
#1433=EDGE_CURVE('',#1165,#1162,#550,.T.);
#1434=EDGE_CURVE('',#1166,#1165,#551,.T.);
#1435=EDGE_CURVE('',#1166,#1163,#552,.T.);
#1436=EDGE_CURVE('',#1093,#1166,#553,.F.);
#1437=EDGE_CURVE('',#1165,#1094,#554,.F.);
#1438=EDGE_CURVE('',#1167,#1168,#555,.T.);
#1439=EDGE_CURVE('',#1169,#1167,#556,.T.);
#1440=EDGE_CURVE('',#1170,#1169,#557,.T.);
#1441=EDGE_CURVE('',#1170,#1168,#558,.T.);
#1442=EDGE_CURVE('',#1168,#1171,#559,.T.);
#1443=EDGE_CURVE('',#1172,#1170,#560,.T.);
#1444=EDGE_CURVE('',#1172,#1171,#561,.T.);
#1445=EDGE_CURVE('',#1173,#1173,#1031,.T.);
#1446=EDGE_CURVE('',#1171,#1174,#562,.T.);
#1447=EDGE_CURVE('',#1175,#1172,#563,.T.);
#1448=EDGE_CURVE('',#1175,#1174,#564,.T.);
#1449=EDGE_CURVE('',#1174,#1167,#565,.T.);
#1450=EDGE_CURVE('',#1169,#1175,#566,.T.);
#1451=EDGE_CURVE('',#1176,#1176,#1032,.T.);
#1452=EDGE_CURVE('',#1177,#1178,#567,.T.);
#1453=EDGE_CURVE('',#1179,#1177,#568,.T.);
#1454=EDGE_CURVE('',#1180,#1179,#569,.T.);
#1455=EDGE_CURVE('',#1180,#1178,#570,.T.);
#1456=EDGE_CURVE('',#1178,#1181,#571,.T.);
#1457=EDGE_CURVE('',#1182,#1180,#572,.T.);
#1458=EDGE_CURVE('',#1182,#1181,#573,.T.);
#1459=EDGE_CURVE('',#1183,#1183,#1033,.T.);
#1460=EDGE_CURVE('',#1181,#1184,#574,.T.);
#1461=EDGE_CURVE('',#1185,#1182,#575,.T.);
#1462=EDGE_CURVE('',#1185,#1184,#576,.T.);
#1463=EDGE_CURVE('',#1184,#1177,#577,.T.);
#1464=EDGE_CURVE('',#1179,#1185,#578,.T.);
#1465=EDGE_CURVE('',#1186,#1186,#1034,.T.);
#1466=EDGE_CURVE('',#1187,#1187,#1035,.T.);
#1467=EDGE_CURVE('',#1187,#1173,#579,.T.);
#1468=EDGE_CURVE('',#1188,#1188,#1036,.T.);
#1469=EDGE_CURVE('',#1188,#1183,#580,.T.);
#1470=EDGE_CURVE('',#1189,#1190,#581,.T.);
#1471=EDGE_CURVE('',#1189,#1191,#582,.T.);
#1472=EDGE_CURVE('',#1192,#1191,#583,.T.);
#1473=EDGE_CURVE('',#1190,#1192,#584,.T.);
#1474=EDGE_CURVE('',#1193,#1189,#585,.T.);
#1475=EDGE_CURVE('',#1194,#1193,#586,.T.);
#1476=EDGE_CURVE('',#1191,#1194,#587,.T.);
#1477=EDGE_CURVE('',#1195,#1193,#588,.T.);
#1478=EDGE_CURVE('',#1196,#1195,#589,.T.);
#1479=EDGE_CURVE('',#1194,#1196,#590,.T.);
#1480=EDGE_CURVE('',#1197,#1198,#591,.T.);
#1481=EDGE_CURVE('',#1197,#1199,#592,.T.);
#1482=EDGE_CURVE('',#1200,#1199,#593,.T.);
#1483=EDGE_CURVE('',#1198,#1200,#594,.T.);
#1484=EDGE_CURVE('',#1201,#1202,#595,.T.);
#1485=EDGE_CURVE('',#1203,#1201,#596,.T.);
#1486=EDGE_CURVE('',#1203,#1204,#597,.T.);
#1487=EDGE_CURVE('',#1204,#1202,#598,.T.);
#1488=EDGE_CURVE('',#1200,#1203,#599,.T.);
#1489=EDGE_CURVE('',#1199,#1204,#600,.T.);
#1490=EDGE_CURVE('',#1202,#1197,#601,.T.);
#1491=EDGE_CURVE('',#1205,#1196,#602,.T.);
#1492=EDGE_CURVE('',#1107,#1205,#603,.T.);
#1493=EDGE_CURVE('',#1106,#1206,#604,.T.);
#1494=EDGE_CURVE('',#1206,#1207,#605,.T.);
#1495=EDGE_CURVE('',#1207,#1208,#606,.T.);
#1496=EDGE_CURVE('',#1209,#1208,#607,.T.);
#1497=EDGE_CURVE('',#1209,#1210,#608,.T.);
#1498=EDGE_CURVE('',#1210,#1211,#609,.T.);
#1499=EDGE_CURVE('',#1211,#1091,#610,.T.);
#1500=EDGE_CURVE('',#1212,#1090,#611,.T.);
#1501=EDGE_CURVE('',#1213,#1212,#612,.T.);
#1502=EDGE_CURVE('',#1213,#1214,#613,.T.);
#1503=EDGE_CURVE('',#1214,#1215,#614,.T.);
#1504=EDGE_CURVE('',#1215,#1216,#615,.T.);
#1505=EDGE_CURVE('',#1192,#1216,#616,.T.);
#1506=EDGE_CURVE('',#1217,#1217,#1037,.T.);
#1507=EDGE_CURVE('',#1218,#1218,#1038,.T.);
#1508=EDGE_CURVE('',#1216,#1219,#617,.T.);
#1509=EDGE_CURVE('',#1219,#1190,#618,.T.);
#1510=EDGE_CURVE('',#1220,#1146,#619,.T.);
#1511=EDGE_CURVE('',#1220,#1221,#620,.T.);
#1512=EDGE_CURVE('',#1221,#1222,#1039,.T.);
#1513=EDGE_CURVE('',#1222,#1223,#621,.T.);
#1514=EDGE_CURVE('',#1223,#1224,#1040,.T.);
#1515=EDGE_CURVE('',#1224,#1225,#622,.T.);
#1516=EDGE_CURVE('',#1225,#1226,#1041,.T.);
#1517=EDGE_CURVE('',#1226,#1227,#623,.T.);
#1518=EDGE_CURVE('',#1227,#1228,#1042,.T.);
#1519=EDGE_CURVE('',#1228,#1229,#624,.T.);
#1520=EDGE_CURVE('',#1229,#1230,#1043,.T.);
#1521=EDGE_CURVE('',#1230,#1231,#625,.T.);
#1522=EDGE_CURVE('',#1231,#1232,#1044,.T.);
#1523=EDGE_CURVE('',#1232,#1233,#626,.T.);
#1524=EDGE_CURVE('',#1233,#1234,#1045,.T.);
#1525=EDGE_CURVE('',#1234,#1235,#627,.T.);
#1526=EDGE_CURVE('',#1235,#1236,#1046,.T.);
#1527=EDGE_CURVE('',#1236,#1237,#628,.T.);
#1528=EDGE_CURVE('',#1238,#1237,#629,.T.);
#1529=EDGE_CURVE('',#1238,#1239,#630,.T.);
#1530=EDGE_CURVE('',#1205,#1239,#631,.T.);
#1531=EDGE_CURVE('',#1195,#1155,#632,.T.);
#1532=EDGE_CURVE('',#1158,#1198,#633,.T.);
#1533=EDGE_CURVE('',#1201,#1240,#634,.T.);
#1534=EDGE_CURVE('',#1240,#1241,#635,.T.);
#1535=EDGE_CURVE('',#1241,#1242,#636,.T.);
#1536=EDGE_CURVE('',#1242,#1243,#637,.T.);
#1537=EDGE_CURVE('',#1243,#1161,#638,.T.);
#1538=EDGE_CURVE('',#1164,#1244,#639,.T.);
#1539=EDGE_CURVE('',#1244,#1213,#640,.T.);
#1540=EDGE_CURVE('',#1144,#1212,#641,.T.);
#1541=EDGE_CURVE('',#1245,#1240,#642,.T.);
#1542=EDGE_CURVE('',#1246,#1245,#643,.T.);
#1543=EDGE_CURVE('',#1241,#1246,#644,.T.);
#1544=EDGE_CURVE('',#1219,#1247,#645,.T.);
#1545=EDGE_CURVE('',#1247,#1215,#646,.T.);
#1546=EDGE_CURVE('',#1248,#1245,#647,.T.);
#1547=EDGE_CURVE('',#1248,#1249,#648,.T.);
#1548=EDGE_CURVE('',#1249,#1246,#649,.T.);
#1549=EDGE_CURVE('',#1247,#1250,#650,.T.);
#1550=EDGE_CURVE('',#1214,#1250,#651,.T.);
#1551=EDGE_CURVE('',#1243,#1248,#652,.T.);
#1552=EDGE_CURVE('',#1242,#1249,#653,.T.);
#1553=EDGE_CURVE('',#1250,#1244,#654,.T.);
#1554=EDGE_CURVE('',#1092,#1251,#655,.T.);
#1555=EDGE_CURVE('',#1251,#1252,#656,.T.);
#1556=EDGE_CURVE('',#1252,#1253,#657,.T.);
#1557=EDGE_CURVE('',#1254,#1253,#658,.T.);
#1558=EDGE_CURVE('',#1254,#1255,#659,.T.);
#1559=EDGE_CURVE('',#1255,#1256,#660,.T.);
#1560=EDGE_CURVE('',#1256,#1105,#661,.T.);
#1561=EDGE_CURVE('',#1257,#1257,#1047,.T.);
#1562=EDGE_CURVE('',#1258,#1258,#1048,.T.);
#1563=EDGE_CURVE('',#1208,#1254,#662,.T.);
#1564=EDGE_CURVE('',#1255,#1207,#663,.T.);
#1565=EDGE_CURVE('',#1206,#1256,#664,.T.);
#1566=EDGE_CURVE('',#1259,#1099,#665,.T.);
#1567=EDGE_CURVE('',#1260,#1259,#666,.T.);
#1568=EDGE_CURVE('',#1100,#1260,#667,.T.);
#1569=EDGE_CURVE('',#1261,#1260,#668,.T.);
#1570=EDGE_CURVE('',#1101,#1261,#669,.T.);
#1571=EDGE_CURVE('',#1102,#1262,#670,.T.);
#1572=EDGE_CURVE('',#1262,#1261,#671,.T.);
#1573=EDGE_CURVE('',#1262,#1259,#672,.T.);
#1574=EDGE_CURVE('',#1253,#1209,#673,.T.);
#1575=EDGE_CURVE('',#1252,#1210,#674,.T.);
#1576=EDGE_CURVE('',#1098,#1263,#675,.T.);
#1577=EDGE_CURVE('',#1097,#1264,#676,.T.);
#1578=EDGE_CURVE('',#1264,#1263,#677,.T.);
#1579=EDGE_CURVE('',#1211,#1251,#678,.T.);
#1580=EDGE_CURVE('',#1263,#1265,#679,.T.);
#1581=EDGE_CURVE('',#1266,#1264,#680,.T.);
#1582=EDGE_CURVE('',#1265,#1266,#681,.T.);
#1583=EDGE_CURVE('',#1096,#1266,#682,.T.);
#1584=EDGE_CURVE('',#1265,#1095,#683,.T.);
#1585=EDGE_CURVE('',#1217,#1257,#684,.T.);
#1586=EDGE_CURVE('',#1186,#1267,#685,.T.);
#1587=EDGE_CURVE('',#1267,#1267,#1049,.T.);
#1588=EDGE_CURVE('',#1218,#1258,#686,.T.);
#1589=EDGE_CURVE('',#1176,#1268,#687,.T.);
#1590=EDGE_CURVE('',#1268,#1268,#1050,.T.);
#1591=EDGE_CURVE('',#1111,#1220,#688,.T.);
#1592=EDGE_CURVE('',#1237,#1110,#689,.T.);
#1593=EDGE_CURVE('',#1269,#1236,#690,.T.);
#1594=EDGE_CURVE('',#1269,#1270,#691,.T.);
#1595=EDGE_CURVE('',#1270,#1221,#692,.T.);
#1596=EDGE_CURVE('',#1109,#1238,#693,.T.);
#1597=EDGE_CURVE('',#1239,#1108,#694,.T.);
#1598=EDGE_CURVE('',#1271,#1269,#1051,.T.);
#1599=EDGE_CURVE('',#1271,#1235,#695,.T.);
#1600=EDGE_CURVE('',#1272,#1271,#696,.T.);
#1601=EDGE_CURVE('',#1272,#1234,#697,.T.);
#1602=EDGE_CURVE('',#1273,#1272,#1052,.T.);
#1603=EDGE_CURVE('',#1273,#1233,#698,.T.);
#1604=EDGE_CURVE('',#1274,#1273,#699,.T.);
#1605=EDGE_CURVE('',#1274,#1232,#700,.T.);
#1606=EDGE_CURVE('',#1275,#1274,#1053,.T.);
#1607=EDGE_CURVE('',#1275,#1231,#701,.T.);
#1608=EDGE_CURVE('',#1276,#1275,#702,.T.);
#1609=EDGE_CURVE('',#1276,#1230,#703,.T.);
#1610=EDGE_CURVE('',#1277,#1276,#1054,.T.);
#1611=EDGE_CURVE('',#1277,#1229,#704,.T.);
#1612=EDGE_CURVE('',#1278,#1277,#705,.T.);
#1613=EDGE_CURVE('',#1278,#1228,#706,.T.);
#1614=EDGE_CURVE('',#1279,#1278,#1055,.T.);
#1615=EDGE_CURVE('',#1279,#1227,#707,.T.);
#1616=EDGE_CURVE('',#1280,#1279,#708,.T.);
#1617=EDGE_CURVE('',#1280,#1226,#709,.T.);
#1618=EDGE_CURVE('',#1281,#1280,#1056,.T.);
#1619=EDGE_CURVE('',#1281,#1225,#710,.T.);
#1620=EDGE_CURVE('',#1282,#1281,#711,.T.);
#1621=EDGE_CURVE('',#1282,#1224,#712,.T.);
#1622=EDGE_CURVE('',#1283,#1282,#1057,.T.);
#1623=EDGE_CURVE('',#1283,#1223,#713,.T.);
#1624=EDGE_CURVE('',#1284,#1283,#714,.T.);
#1625=EDGE_CURVE('',#1284,#1222,#715,.T.);
#1626=EDGE_CURVE('',#1270,#1284,#1058,.T.);
#1627=EDGE_CURVE('',#1117,#1285,#716,.T.);
#1628=EDGE_CURVE('',#1285,#1285,#1059,.T.);
#1629=ORIENTED_EDGE('',*,*,#1286,.F.);
#1630=ORIENTED_EDGE('',*,*,#1287,.T.);
#1631=ORIENTED_EDGE('',*,*,#1288,.T.);
#1632=ORIENTED_EDGE('',*,*,#1287,.F.);
#1633=ORIENTED_EDGE('',*,*,#1288,.F.);
#1634=ORIENTED_EDGE('',*,*,#1289,.F.);
#1635=ORIENTED_EDGE('',*,*,#1290,.T.);
#1636=ORIENTED_EDGE('',*,*,#1291,.T.);
#1637=ORIENTED_EDGE('',*,*,#1290,.F.);
#1638=ORIENTED_EDGE('',*,*,#1291,.F.);
#1639=ORIENTED_EDGE('',*,*,#1292,.F.);
#1640=ORIENTED_EDGE('',*,*,#1293,.T.);
#1641=ORIENTED_EDGE('',*,*,#1294,.T.);
#1642=ORIENTED_EDGE('',*,*,#1293,.F.);
#1643=ORIENTED_EDGE('',*,*,#1294,.F.);
#1644=ORIENTED_EDGE('',*,*,#1295,.F.);
#1645=ORIENTED_EDGE('',*,*,#1296,.T.);
#1646=ORIENTED_EDGE('',*,*,#1297,.T.);
#1647=ORIENTED_EDGE('',*,*,#1296,.F.);
#1648=ORIENTED_EDGE('',*,*,#1297,.F.);
#1649=ORIENTED_EDGE('',*,*,#1298,.F.);
#1650=ORIENTED_EDGE('',*,*,#1299,.T.);
#1651=ORIENTED_EDGE('',*,*,#1300,.T.);
#1652=ORIENTED_EDGE('',*,*,#1301,.F.);
#1653=ORIENTED_EDGE('',*,*,#1302,.F.);
#1654=ORIENTED_EDGE('',*,*,#1303,.T.);
#1655=ORIENTED_EDGE('',*,*,#1304,.T.);
#1656=ORIENTED_EDGE('',*,*,#1299,.F.);
#1657=ORIENTED_EDGE('',*,*,#1305,.F.);
#1658=ORIENTED_EDGE('',*,*,#1306,.T.);
#1659=ORIENTED_EDGE('',*,*,#1307,.T.);
#1660=ORIENTED_EDGE('',*,*,#1303,.F.);
#1661=ORIENTED_EDGE('',*,*,#1308,.F.);
#1662=ORIENTED_EDGE('',*,*,#1309,.T.);
#1663=ORIENTED_EDGE('',*,*,#1310,.T.);
#1664=ORIENTED_EDGE('',*,*,#1306,.F.);
#1665=ORIENTED_EDGE('',*,*,#1311,.F.);
#1666=ORIENTED_EDGE('',*,*,#1312,.T.);
#1667=ORIENTED_EDGE('',*,*,#1313,.T.);
#1668=ORIENTED_EDGE('',*,*,#1309,.F.);
#1669=ORIENTED_EDGE('',*,*,#1314,.F.);
#1670=ORIENTED_EDGE('',*,*,#1301,.T.);
#1671=ORIENTED_EDGE('',*,*,#1315,.T.);
#1672=ORIENTED_EDGE('',*,*,#1312,.F.);
#1673=ORIENTED_EDGE('',*,*,#1315,.F.);
#1674=ORIENTED_EDGE('',*,*,#1300,.F.);
#1675=ORIENTED_EDGE('',*,*,#1304,.F.);
#1676=ORIENTED_EDGE('',*,*,#1307,.F.);
#1677=ORIENTED_EDGE('',*,*,#1310,.F.);
#1678=ORIENTED_EDGE('',*,*,#1313,.F.);
#1679=ORIENTED_EDGE('',*,*,#1316,.F.);
#1680=ORIENTED_EDGE('',*,*,#1317,.F.);
#1681=ORIENTED_EDGE('',*,*,#1318,.T.);
#1682=ORIENTED_EDGE('',*,*,#1319,.F.);
#1683=ORIENTED_EDGE('',*,*,#1320,.F.);
#1684=ORIENTED_EDGE('',*,*,#1321,.T.);
#1685=ORIENTED_EDGE('',*,*,#1319,.T.);
#1686=ORIENTED_EDGE('',*,*,#1322,.T.);
#1687=ORIENTED_EDGE('',*,*,#1323,.F.);
#1688=ORIENTED_EDGE('',*,*,#1324,.F.);
#1689=ORIENTED_EDGE('',*,*,#1325,.T.);
#1690=ORIENTED_EDGE('',*,*,#1326,.F.);
#1691=ORIENTED_EDGE('',*,*,#1327,.T.);
#1692=ORIENTED_EDGE('',*,*,#1328,.T.);
#1693=ORIENTED_EDGE('',*,*,#1329,.T.);
#1694=ORIENTED_EDGE('',*,*,#1330,.F.);
#1695=ORIENTED_EDGE('',*,*,#1331,.T.);
#1696=ORIENTED_EDGE('',*,*,#1332,.T.);
#1697=ORIENTED_EDGE('',*,*,#1333,.T.);
#1698=ORIENTED_EDGE('',*,*,#1334,.T.);
#1699=ORIENTED_EDGE('',*,*,#1335,.T.);
#1700=ORIENTED_EDGE('',*,*,#1336,.T.);
#1701=ORIENTED_EDGE('',*,*,#1337,.T.);
#1702=ORIENTED_EDGE('',*,*,#1338,.T.);
#1703=ORIENTED_EDGE('',*,*,#1339,.T.);
#1704=ORIENTED_EDGE('',*,*,#1340,.F.);
#1705=ORIENTED_EDGE('',*,*,#1341,.T.);
#1706=ORIENTED_EDGE('',*,*,#1342,.T.);
#1707=ORIENTED_EDGE('',*,*,#1343,.T.);
#1708=ORIENTED_EDGE('',*,*,#1344,.F.);
#1709=ORIENTED_EDGE('',*,*,#1345,.T.);
#1710=ORIENTED_EDGE('',*,*,#1346,.F.);
#1711=ORIENTED_EDGE('',*,*,#1347,.T.);
#1712=ORIENTED_EDGE('',*,*,#1348,.F.);
#1713=ORIENTED_EDGE('',*,*,#1349,.T.);
#1714=ORIENTED_EDGE('',*,*,#1350,.F.);
#1715=ORIENTED_EDGE('',*,*,#1351,.F.);
#1716=ORIENTED_EDGE('',*,*,#1352,.F.);
#1717=ORIENTED_EDGE('',*,*,#1353,.F.);
#1718=ORIENTED_EDGE('',*,*,#1354,.T.);
#1719=ORIENTED_EDGE('',*,*,#1355,.F.);
#1720=ORIENTED_EDGE('',*,*,#1356,.F.);
#1721=ORIENTED_EDGE('',*,*,#1357,.T.);
#1722=ORIENTED_EDGE('',*,*,#1323,.T.);
#1723=ORIENTED_EDGE('',*,*,#1358,.T.);
#1724=ORIENTED_EDGE('',*,*,#1359,.T.);
#1725=ORIENTED_EDGE('',*,*,#1357,.F.);
#1726=ORIENTED_EDGE('',*,*,#1360,.T.);
#1727=ORIENTED_EDGE('',*,*,#1361,.T.);
#1728=ORIENTED_EDGE('',*,*,#1362,.T.);
#1729=ORIENTED_EDGE('',*,*,#1324,.T.);
#1730=ORIENTED_EDGE('',*,*,#1363,.T.);
#1731=ORIENTED_EDGE('',*,*,#1364,.T.);
#1732=ORIENTED_EDGE('',*,*,#1365,.T.);
#1733=ORIENTED_EDGE('',*,*,#1351,.T.);
#1734=ORIENTED_EDGE('',*,*,#1365,.F.);
#1735=ORIENTED_EDGE('',*,*,#1366,.F.);
#1736=ORIENTED_EDGE('',*,*,#1367,.F.);
#1737=ORIENTED_EDGE('',*,*,#1368,.F.);
#1738=ORIENTED_EDGE('',*,*,#1369,.F.);
#1739=ORIENTED_EDGE('',*,*,#1320,.T.);
#1740=ORIENTED_EDGE('',*,*,#1321,.F.);
#1741=ORIENTED_EDGE('',*,*,#1370,.T.);
#1742=ORIENTED_EDGE('',*,*,#1364,.F.);
#1743=ORIENTED_EDGE('',*,*,#1371,.F.);
#1744=ORIENTED_EDGE('',*,*,#1372,.F.);
#1745=ORIENTED_EDGE('',*,*,#1373,.F.);
#1746=ORIENTED_EDGE('',*,*,#1366,.T.);
#1747=ORIENTED_EDGE('',*,*,#1374,.T.);
#1748=ORIENTED_EDGE('',*,*,#1375,.T.);
#1749=ORIENTED_EDGE('',*,*,#1376,.T.);
#1750=ORIENTED_EDGE('',*,*,#1377,.T.);
#1751=ORIENTED_EDGE('',*,*,#1375,.F.);
#1752=ORIENTED_EDGE('',*,*,#1378,.T.);
#1753=ORIENTED_EDGE('',*,*,#1379,.F.);
#1754=ORIENTED_EDGE('',*,*,#1380,.F.);
#1755=ORIENTED_EDGE('',*,*,#1358,.F.);
#1756=ORIENTED_EDGE('',*,*,#1322,.F.);
#1757=ORIENTED_EDGE('',*,*,#1318,.F.);
#1758=ORIENTED_EDGE('',*,*,#1381,.T.);
#1759=ORIENTED_EDGE('',*,*,#1378,.F.);
#1760=ORIENTED_EDGE('',*,*,#1374,.F.);
#1761=ORIENTED_EDGE('',*,*,#1382,.F.);
#1762=ORIENTED_EDGE('',*,*,#1383,.T.);
#1763=ORIENTED_EDGE('',*,*,#1384,.T.);
#1764=ORIENTED_EDGE('',*,*,#1385,.T.);
#1765=ORIENTED_EDGE('',*,*,#1367,.T.);
#1766=ORIENTED_EDGE('',*,*,#1373,.T.);
#1767=ORIENTED_EDGE('',*,*,#1381,.F.);
#1768=ORIENTED_EDGE('',*,*,#1386,.T.);
#1769=ORIENTED_EDGE('',*,*,#1387,.T.);
#1770=ORIENTED_EDGE('',*,*,#1379,.T.);
#1771=ORIENTED_EDGE('',*,*,#1369,.T.);
#1772=ORIENTED_EDGE('',*,*,#1388,.T.);
#1773=ORIENTED_EDGE('',*,*,#1389,.T.);
#1774=ORIENTED_EDGE('',*,*,#1390,.T.);
#1775=ORIENTED_EDGE('',*,*,#1370,.F.);
#1776=ORIENTED_EDGE('',*,*,#1391,.T.);
#1777=ORIENTED_EDGE('',*,*,#1316,.T.);
#1778=ORIENTED_EDGE('',*,*,#1391,.F.);
#1779=ORIENTED_EDGE('',*,*,#1392,.F.);
#1780=ORIENTED_EDGE('',*,*,#1393,.T.);
#1781=ORIENTED_EDGE('',*,*,#1383,.F.);
#1782=ORIENTED_EDGE('',*,*,#1393,.F.);
#1783=ORIENTED_EDGE('',*,*,#1362,.F.);
#1784=ORIENTED_EDGE('',*,*,#1394,.F.);
#1785=ORIENTED_EDGE('',*,*,#1395,.F.);
#1786=ORIENTED_EDGE('',*,*,#1325,.F.);
#1787=ORIENTED_EDGE('',*,*,#1363,.F.);
#1788=ORIENTED_EDGE('',*,*,#1350,.T.);
#1789=ORIENTED_EDGE('',*,*,#1396,.T.);
#1790=ORIENTED_EDGE('',*,*,#1397,.F.);
#1791=ORIENTED_EDGE('',*,*,#1371,.T.);
#1792=ORIENTED_EDGE('',*,*,#1359,.F.);
#1793=ORIENTED_EDGE('',*,*,#1382,.T.);
#1794=ORIENTED_EDGE('',*,*,#1377,.F.);
#1795=ORIENTED_EDGE('',*,*,#1398,.F.);
#1796=ORIENTED_EDGE('',*,*,#1360,.F.);
#1797=ORIENTED_EDGE('',*,*,#1385,.F.);
#1798=ORIENTED_EDGE('',*,*,#1399,.F.);
#1799=ORIENTED_EDGE('',*,*,#1388,.F.);
#1800=ORIENTED_EDGE('',*,*,#1368,.T.);
#1801=ORIENTED_EDGE('',*,*,#1376,.F.);
#1802=ORIENTED_EDGE('',*,*,#1380,.T.);
#1803=ORIENTED_EDGE('',*,*,#1387,.F.);
#1804=ORIENTED_EDGE('',*,*,#1400,.T.);
#1805=ORIENTED_EDGE('',*,*,#1398,.T.);
#1806=ORIENTED_EDGE('',*,*,#1392,.T.);
#1807=ORIENTED_EDGE('',*,*,#1384,.F.);
#1808=ORIENTED_EDGE('',*,*,#1372,.T.);
#1809=ORIENTED_EDGE('',*,*,#1401,.T.);
#1810=ORIENTED_EDGE('',*,*,#1389,.F.);
#1811=ORIENTED_EDGE('',*,*,#1399,.T.);
#1812=ORIENTED_EDGE('',*,*,#1298,.T.);
#1813=ORIENTED_EDGE('',*,*,#1314,.T.);
#1814=ORIENTED_EDGE('',*,*,#1311,.T.);
#1815=ORIENTED_EDGE('',*,*,#1308,.T.);
#1816=ORIENTED_EDGE('',*,*,#1305,.T.);
#1817=ORIENTED_EDGE('',*,*,#1302,.T.);
#1818=ORIENTED_EDGE('',*,*,#1396,.F.);
#1819=ORIENTED_EDGE('',*,*,#1349,.F.);
#1820=ORIENTED_EDGE('',*,*,#1402,.F.);
#1821=ORIENTED_EDGE('',*,*,#1403,.F.);
#1822=ORIENTED_EDGE('',*,*,#1352,.T.);
#1823=ORIENTED_EDGE('',*,*,#1404,.T.);
#1824=ORIENTED_EDGE('',*,*,#1405,.T.);
#1825=ORIENTED_EDGE('',*,*,#1404,.F.);
#1826=ORIENTED_EDGE('',*,*,#1405,.F.);
#1827=ORIENTED_EDGE('',*,*,#1406,.T.);
#1828=ORIENTED_EDGE('',*,*,#1407,.T.);
#1829=ORIENTED_EDGE('',*,*,#1406,.F.);
#1830=ORIENTED_EDGE('',*,*,#1356,.T.);
#1831=ORIENTED_EDGE('',*,*,#1408,.T.);
#1832=ORIENTED_EDGE('',*,*,#1409,.T.);
#1833=ORIENTED_EDGE('',*,*,#1408,.F.);
#1834=ORIENTED_EDGE('',*,*,#1409,.F.);
#1835=ORIENTED_EDGE('',*,*,#1410,.T.);
#1836=ORIENTED_EDGE('',*,*,#1411,.T.);
#1837=ORIENTED_EDGE('',*,*,#1410,.F.);
#1838=ORIENTED_EDGE('',*,*,#1353,.T.);
#1839=ORIENTED_EDGE('',*,*,#1412,.T.);
#1840=ORIENTED_EDGE('',*,*,#1413,.T.);
#1841=ORIENTED_EDGE('',*,*,#1412,.F.);
#1842=ORIENTED_EDGE('',*,*,#1413,.F.);
#1843=ORIENTED_EDGE('',*,*,#1414,.T.);
#1844=ORIENTED_EDGE('',*,*,#1415,.T.);
#1845=ORIENTED_EDGE('',*,*,#1414,.F.);
#1846=ORIENTED_EDGE('',*,*,#1355,.T.);
#1847=ORIENTED_EDGE('',*,*,#1416,.T.);
#1848=ORIENTED_EDGE('',*,*,#1417,.T.);
#1849=ORIENTED_EDGE('',*,*,#1416,.F.);
#1850=ORIENTED_EDGE('',*,*,#1417,.F.);
#1851=ORIENTED_EDGE('',*,*,#1418,.T.);
#1852=ORIENTED_EDGE('',*,*,#1419,.T.);
#1853=ORIENTED_EDGE('',*,*,#1418,.F.);
#1854=ORIENTED_EDGE('',*,*,#1420,.T.);
#1855=ORIENTED_EDGE('',*,*,#1421,.T.);
#1856=ORIENTED_EDGE('',*,*,#1422,.T.);
#1857=ORIENTED_EDGE('',*,*,#1423,.T.);
#1858=ORIENTED_EDGE('',*,*,#1421,.F.);
#1859=ORIENTED_EDGE('',*,*,#1424,.F.);
#1860=ORIENTED_EDGE('',*,*,#1425,.F.);
#1861=ORIENTED_EDGE('',*,*,#1426,.T.);
#1862=ORIENTED_EDGE('',*,*,#1427,.T.);
#1863=ORIENTED_EDGE('',*,*,#1425,.T.);
#1864=ORIENTED_EDGE('',*,*,#1428,.T.);
#1865=ORIENTED_EDGE('',*,*,#1340,.T.);
#1866=ORIENTED_EDGE('',*,*,#1429,.T.);
#1867=ORIENTED_EDGE('',*,*,#1430,.T.);
#1868=ORIENTED_EDGE('',*,*,#1431,.T.);
#1869=ORIENTED_EDGE('',*,*,#1432,.T.);
#1870=ORIENTED_EDGE('',*,*,#1430,.F.);
#1871=ORIENTED_EDGE('',*,*,#1433,.F.);
#1872=ORIENTED_EDGE('',*,*,#1434,.F.);
#1873=ORIENTED_EDGE('',*,*,#1435,.T.);
#1874=ORIENTED_EDGE('',*,*,#1436,.T.);
#1875=ORIENTED_EDGE('',*,*,#1434,.T.);
#1876=ORIENTED_EDGE('',*,*,#1437,.T.);
#1877=ORIENTED_EDGE('',*,*,#1330,.T.);
#1878=ORIENTED_EDGE('',*,*,#1438,.F.);
#1879=ORIENTED_EDGE('',*,*,#1439,.F.);
#1880=ORIENTED_EDGE('',*,*,#1440,.F.);
#1881=ORIENTED_EDGE('',*,*,#1441,.T.);
#1882=ORIENTED_EDGE('',*,*,#1442,.F.);
#1883=ORIENTED_EDGE('',*,*,#1441,.F.);
#1884=ORIENTED_EDGE('',*,*,#1443,.F.);
#1885=ORIENTED_EDGE('',*,*,#1444,.T.);
#1886=ORIENTED_EDGE('',*,*,#1445,.F.);
#1887=ORIENTED_EDGE('',*,*,#1446,.F.);
#1888=ORIENTED_EDGE('',*,*,#1444,.F.);
#1889=ORIENTED_EDGE('',*,*,#1447,.F.);
#1890=ORIENTED_EDGE('',*,*,#1448,.T.);
#1891=ORIENTED_EDGE('',*,*,#1449,.F.);
#1892=ORIENTED_EDGE('',*,*,#1448,.F.);
#1893=ORIENTED_EDGE('',*,*,#1450,.F.);
#1894=ORIENTED_EDGE('',*,*,#1439,.T.);
#1895=ORIENTED_EDGE('',*,*,#1451,.F.);
#1896=ORIENTED_EDGE('',*,*,#1452,.F.);
#1897=ORIENTED_EDGE('',*,*,#1453,.F.);
#1898=ORIENTED_EDGE('',*,*,#1454,.F.);
#1899=ORIENTED_EDGE('',*,*,#1455,.T.);
#1900=ORIENTED_EDGE('',*,*,#1456,.F.);
#1901=ORIENTED_EDGE('',*,*,#1455,.F.);
#1902=ORIENTED_EDGE('',*,*,#1457,.F.);
#1903=ORIENTED_EDGE('',*,*,#1458,.T.);
#1904=ORIENTED_EDGE('',*,*,#1459,.F.);
#1905=ORIENTED_EDGE('',*,*,#1460,.F.);
#1906=ORIENTED_EDGE('',*,*,#1458,.F.);
#1907=ORIENTED_EDGE('',*,*,#1461,.F.);
#1908=ORIENTED_EDGE('',*,*,#1462,.T.);
#1909=ORIENTED_EDGE('',*,*,#1463,.F.);
#1910=ORIENTED_EDGE('',*,*,#1462,.F.);
#1911=ORIENTED_EDGE('',*,*,#1464,.F.);
#1912=ORIENTED_EDGE('',*,*,#1453,.T.);
#1913=ORIENTED_EDGE('',*,*,#1465,.F.);
#1914=ORIENTED_EDGE('',*,*,#1466,.F.);
#1915=ORIENTED_EDGE('',*,*,#1467,.T.);
#1916=ORIENTED_EDGE('',*,*,#1445,.T.);
#1917=ORIENTED_EDGE('',*,*,#1467,.F.);
#1918=ORIENTED_EDGE('',*,*,#1468,.F.);
#1919=ORIENTED_EDGE('',*,*,#1469,.T.);
#1920=ORIENTED_EDGE('',*,*,#1459,.T.);
#1921=ORIENTED_EDGE('',*,*,#1469,.F.);
#1922=ORIENTED_EDGE('',*,*,#1470,.F.);
#1923=ORIENTED_EDGE('',*,*,#1471,.T.);
#1924=ORIENTED_EDGE('',*,*,#1472,.F.);
#1925=ORIENTED_EDGE('',*,*,#1473,.F.);
#1926=ORIENTED_EDGE('',*,*,#1474,.F.);
#1927=ORIENTED_EDGE('',*,*,#1475,.F.);
#1928=ORIENTED_EDGE('',*,*,#1476,.F.);
#1929=ORIENTED_EDGE('',*,*,#1471,.F.);
#1930=ORIENTED_EDGE('',*,*,#1477,.F.);
#1931=ORIENTED_EDGE('',*,*,#1478,.F.);
#1932=ORIENTED_EDGE('',*,*,#1479,.F.);
#1933=ORIENTED_EDGE('',*,*,#1475,.T.);
#1934=ORIENTED_EDGE('',*,*,#1480,.F.);
#1935=ORIENTED_EDGE('',*,*,#1481,.T.);
#1936=ORIENTED_EDGE('',*,*,#1482,.F.);
#1937=ORIENTED_EDGE('',*,*,#1483,.F.);
#1938=ORIENTED_EDGE('',*,*,#1484,.F.);
#1939=ORIENTED_EDGE('',*,*,#1485,.F.);
#1940=ORIENTED_EDGE('',*,*,#1486,.T.);
#1941=ORIENTED_EDGE('',*,*,#1487,.T.);
#1942=ORIENTED_EDGE('',*,*,#1488,.F.);
#1943=ORIENTED_EDGE('',*,*,#1482,.T.);
#1944=ORIENTED_EDGE('',*,*,#1489,.T.);
#1945=ORIENTED_EDGE('',*,*,#1486,.F.);
#1946=ORIENTED_EDGE('',*,*,#1490,.F.);
#1947=ORIENTED_EDGE('',*,*,#1487,.F.);
#1948=ORIENTED_EDGE('',*,*,#1489,.F.);
#1949=ORIENTED_EDGE('',*,*,#1481,.F.);
#1950=ORIENTED_EDGE('',*,*,#1460,.T.);
#1951=ORIENTED_EDGE('',*,*,#1463,.T.);
#1952=ORIENTED_EDGE('',*,*,#1452,.T.);
#1953=ORIENTED_EDGE('',*,*,#1456,.T.);
#1954=ORIENTED_EDGE('',*,*,#1472,.T.);
#1955=ORIENTED_EDGE('',*,*,#1476,.T.);
#1956=ORIENTED_EDGE('',*,*,#1479,.T.);
#1957=ORIENTED_EDGE('',*,*,#1491,.F.);
#1958=ORIENTED_EDGE('',*,*,#1492,.F.);
#1959=ORIENTED_EDGE('',*,*,#1343,.F.);
#1960=ORIENTED_EDGE('',*,*,#1493,.T.);
#1961=ORIENTED_EDGE('',*,*,#1494,.T.);
#1962=ORIENTED_EDGE('',*,*,#1495,.T.);
#1963=ORIENTED_EDGE('',*,*,#1496,.F.);
#1964=ORIENTED_EDGE('',*,*,#1497,.T.);
#1965=ORIENTED_EDGE('',*,*,#1498,.T.);
#1966=ORIENTED_EDGE('',*,*,#1499,.T.);
#1967=ORIENTED_EDGE('',*,*,#1327,.F.);
#1968=ORIENTED_EDGE('',*,*,#1500,.F.);
#1969=ORIENTED_EDGE('',*,*,#1501,.F.);
#1970=ORIENTED_EDGE('',*,*,#1502,.T.);
#1971=ORIENTED_EDGE('',*,*,#1503,.T.);
#1972=ORIENTED_EDGE('',*,*,#1504,.T.);
#1973=ORIENTED_EDGE('',*,*,#1505,.F.);
#1974=ORIENTED_EDGE('',*,*,#1506,.T.);
#1975=ORIENTED_EDGE('',*,*,#1507,.T.);
#1976=ORIENTED_EDGE('',*,*,#1473,.T.);
#1977=ORIENTED_EDGE('',*,*,#1505,.T.);
#1978=ORIENTED_EDGE('',*,*,#1508,.T.);
#1979=ORIENTED_EDGE('',*,*,#1509,.T.);
#1980=ORIENTED_EDGE('',*,*,#1317,.T.);
#1981=ORIENTED_EDGE('',*,*,#1390,.F.);
#1982=ORIENTED_EDGE('',*,*,#1401,.F.);
#1983=ORIENTED_EDGE('',*,*,#1397,.T.);
#1984=ORIENTED_EDGE('',*,*,#1403,.T.);
#1985=ORIENTED_EDGE('',*,*,#1510,.F.);
#1986=ORIENTED_EDGE('',*,*,#1511,.T.);
#1987=ORIENTED_EDGE('',*,*,#1512,.T.);
#1988=ORIENTED_EDGE('',*,*,#1513,.T.);
#1989=ORIENTED_EDGE('',*,*,#1514,.T.);
#1990=ORIENTED_EDGE('',*,*,#1515,.T.);
#1991=ORIENTED_EDGE('',*,*,#1516,.T.);
#1992=ORIENTED_EDGE('',*,*,#1517,.T.);
#1993=ORIENTED_EDGE('',*,*,#1518,.T.);
#1994=ORIENTED_EDGE('',*,*,#1519,.T.);
#1995=ORIENTED_EDGE('',*,*,#1520,.T.);
#1996=ORIENTED_EDGE('',*,*,#1521,.T.);
#1997=ORIENTED_EDGE('',*,*,#1522,.T.);
#1998=ORIENTED_EDGE('',*,*,#1523,.T.);
#1999=ORIENTED_EDGE('',*,*,#1524,.T.);
#2000=ORIENTED_EDGE('',*,*,#1525,.T.);
#2001=ORIENTED_EDGE('',*,*,#1526,.T.);
#2002=ORIENTED_EDGE('',*,*,#1527,.T.);
#2003=ORIENTED_EDGE('',*,*,#1528,.F.);
#2004=ORIENTED_EDGE('',*,*,#1529,.T.);
#2005=ORIENTED_EDGE('',*,*,#1530,.F.);
#2006=ORIENTED_EDGE('',*,*,#1491,.T.);
#2007=ORIENTED_EDGE('',*,*,#1478,.T.);
#2008=ORIENTED_EDGE('',*,*,#1531,.T.);
#2009=ORIENTED_EDGE('',*,*,#1423,.F.);
#2010=ORIENTED_EDGE('',*,*,#1532,.T.);
#2011=ORIENTED_EDGE('',*,*,#1483,.T.);
#2012=ORIENTED_EDGE('',*,*,#1488,.T.);
#2013=ORIENTED_EDGE('',*,*,#1485,.T.);
#2014=ORIENTED_EDGE('',*,*,#1533,.T.);
#2015=ORIENTED_EDGE('',*,*,#1534,.T.);
#2016=ORIENTED_EDGE('',*,*,#1535,.T.);
#2017=ORIENTED_EDGE('',*,*,#1536,.T.);
#2018=ORIENTED_EDGE('',*,*,#1537,.T.);
#2019=ORIENTED_EDGE('',*,*,#1432,.F.);
#2020=ORIENTED_EDGE('',*,*,#1538,.T.);
#2021=ORIENTED_EDGE('',*,*,#1539,.T.);
#2022=ORIENTED_EDGE('',*,*,#1501,.T.);
#2023=ORIENTED_EDGE('',*,*,#1540,.F.);
#2024=ORIENTED_EDGE('',*,*,#1394,.T.);
#2025=ORIENTED_EDGE('',*,*,#1361,.F.);
#2026=ORIENTED_EDGE('',*,*,#1400,.F.);
#2027=ORIENTED_EDGE('',*,*,#1386,.F.);
#2028=ORIENTED_EDGE('',*,*,#1286,.T.);
#2029=ORIENTED_EDGE('',*,*,#1289,.T.);
#2030=ORIENTED_EDGE('',*,*,#1541,.F.);
#2031=ORIENTED_EDGE('',*,*,#1542,.F.);
#2032=ORIENTED_EDGE('',*,*,#1543,.F.);
#2033=ORIENTED_EDGE('',*,*,#1534,.F.);
#2034=ORIENTED_EDGE('',*,*,#1544,.F.);
#2035=ORIENTED_EDGE('',*,*,#1508,.F.);
#2036=ORIENTED_EDGE('',*,*,#1504,.F.);
#2037=ORIENTED_EDGE('',*,*,#1545,.F.);
#2038=ORIENTED_EDGE('',*,*,#1546,.F.);
#2039=ORIENTED_EDGE('',*,*,#1547,.T.);
#2040=ORIENTED_EDGE('',*,*,#1548,.T.);
#2041=ORIENTED_EDGE('',*,*,#1542,.T.);
#2042=ORIENTED_EDGE('',*,*,#1446,.T.);
#2043=ORIENTED_EDGE('',*,*,#1449,.T.);
#2044=ORIENTED_EDGE('',*,*,#1438,.T.);
#2045=ORIENTED_EDGE('',*,*,#1442,.T.);
#2046=ORIENTED_EDGE('',*,*,#1549,.F.);
#2047=ORIENTED_EDGE('',*,*,#1545,.T.);
#2048=ORIENTED_EDGE('',*,*,#1503,.F.);
#2049=ORIENTED_EDGE('',*,*,#1550,.T.);
#2050=ORIENTED_EDGE('',*,*,#1551,.F.);
#2051=ORIENTED_EDGE('',*,*,#1536,.F.);
#2052=ORIENTED_EDGE('',*,*,#1552,.T.);
#2053=ORIENTED_EDGE('',*,*,#1547,.F.);
#2054=ORIENTED_EDGE('',*,*,#1535,.F.);
#2055=ORIENTED_EDGE('',*,*,#1543,.T.);
#2056=ORIENTED_EDGE('',*,*,#1548,.F.);
#2057=ORIENTED_EDGE('',*,*,#1552,.F.);
#2058=ORIENTED_EDGE('',*,*,#1553,.F.);
#2059=ORIENTED_EDGE('',*,*,#1550,.F.);
#2060=ORIENTED_EDGE('',*,*,#1502,.F.);
#2061=ORIENTED_EDGE('',*,*,#1539,.F.);
#2062=ORIENTED_EDGE('',*,*,#1470,.T.);
#2063=ORIENTED_EDGE('',*,*,#1509,.F.);
#2064=ORIENTED_EDGE('',*,*,#1544,.T.);
#2065=ORIENTED_EDGE('',*,*,#1549,.T.);
#2066=ORIENTED_EDGE('',*,*,#1553,.T.);
#2067=ORIENTED_EDGE('',*,*,#1538,.F.);
#2068=ORIENTED_EDGE('',*,*,#1431,.F.);
#2069=ORIENTED_EDGE('',*,*,#1435,.F.);
#2070=ORIENTED_EDGE('',*,*,#1436,.F.);
#2071=ORIENTED_EDGE('',*,*,#1329,.F.);
#2072=ORIENTED_EDGE('',*,*,#1554,.T.);
#2073=ORIENTED_EDGE('',*,*,#1555,.T.);
#2074=ORIENTED_EDGE('',*,*,#1556,.T.);
#2075=ORIENTED_EDGE('',*,*,#1557,.F.);
#2076=ORIENTED_EDGE('',*,*,#1558,.T.);
#2077=ORIENTED_EDGE('',*,*,#1559,.T.);
#2078=ORIENTED_EDGE('',*,*,#1560,.T.);
#2079=ORIENTED_EDGE('',*,*,#1341,.F.);
#2080=ORIENTED_EDGE('',*,*,#1428,.F.);
#2081=ORIENTED_EDGE('',*,*,#1424,.T.);
#2082=ORIENTED_EDGE('',*,*,#1420,.F.);
#2083=ORIENTED_EDGE('',*,*,#1531,.F.);
#2084=ORIENTED_EDGE('',*,*,#1477,.T.);
#2085=ORIENTED_EDGE('',*,*,#1474,.T.);
#2086=ORIENTED_EDGE('',*,*,#1561,.T.);
#2087=ORIENTED_EDGE('',*,*,#1562,.T.);
#2088=ORIENTED_EDGE('',*,*,#1558,.F.);
#2089=ORIENTED_EDGE('',*,*,#1563,.F.);
#2090=ORIENTED_EDGE('',*,*,#1495,.F.);
#2091=ORIENTED_EDGE('',*,*,#1564,.F.);
#2092=ORIENTED_EDGE('',*,*,#1559,.F.);
#2093=ORIENTED_EDGE('',*,*,#1564,.T.);
#2094=ORIENTED_EDGE('',*,*,#1494,.F.);
#2095=ORIENTED_EDGE('',*,*,#1565,.T.);
#2096=ORIENTED_EDGE('',*,*,#1560,.F.);
#2097=ORIENTED_EDGE('',*,*,#1565,.F.);
#2098=ORIENTED_EDGE('',*,*,#1493,.F.);
#2099=ORIENTED_EDGE('',*,*,#1342,.F.);
#2100=ORIENTED_EDGE('',*,*,#1566,.F.);
#2101=ORIENTED_EDGE('',*,*,#1567,.F.);
#2102=ORIENTED_EDGE('',*,*,#1568,.F.);
#2103=ORIENTED_EDGE('',*,*,#1336,.F.);
#2104=ORIENTED_EDGE('',*,*,#1337,.F.);
#2105=ORIENTED_EDGE('',*,*,#1568,.T.);
#2106=ORIENTED_EDGE('',*,*,#1569,.F.);
#2107=ORIENTED_EDGE('',*,*,#1570,.F.);
#2108=ORIENTED_EDGE('',*,*,#1571,.F.);
#2109=ORIENTED_EDGE('',*,*,#1338,.F.);
#2110=ORIENTED_EDGE('',*,*,#1570,.T.);
#2111=ORIENTED_EDGE('',*,*,#1572,.F.);
#2112=ORIENTED_EDGE('',*,*,#1573,.F.);
#2113=ORIENTED_EDGE('',*,*,#1572,.T.);
#2114=ORIENTED_EDGE('',*,*,#1569,.T.);
#2115=ORIENTED_EDGE('',*,*,#1567,.T.);
#2116=ORIENTED_EDGE('',*,*,#1461,.T.);
#2117=ORIENTED_EDGE('',*,*,#1457,.T.);
#2118=ORIENTED_EDGE('',*,*,#1454,.T.);
#2119=ORIENTED_EDGE('',*,*,#1464,.T.);
#2120=ORIENTED_EDGE('',*,*,#1563,.T.);
#2121=ORIENTED_EDGE('',*,*,#1557,.T.);
#2122=ORIENTED_EDGE('',*,*,#1574,.T.);
#2123=ORIENTED_EDGE('',*,*,#1496,.T.);
#2124=ORIENTED_EDGE('',*,*,#1556,.F.);
#2125=ORIENTED_EDGE('',*,*,#1575,.T.);
#2126=ORIENTED_EDGE('',*,*,#1497,.F.);
#2127=ORIENTED_EDGE('',*,*,#1574,.F.);
#2128=ORIENTED_EDGE('',*,*,#1576,.F.);
#2129=ORIENTED_EDGE('',*,*,#1334,.F.);
#2130=ORIENTED_EDGE('',*,*,#1577,.T.);
#2131=ORIENTED_EDGE('',*,*,#1578,.T.);
#2132=ORIENTED_EDGE('',*,*,#1555,.F.);
#2133=ORIENTED_EDGE('',*,*,#1579,.F.);
#2134=ORIENTED_EDGE('',*,*,#1498,.F.);
#2135=ORIENTED_EDGE('',*,*,#1575,.F.);
#2136=ORIENTED_EDGE('',*,*,#1580,.F.);
#2137=ORIENTED_EDGE('',*,*,#1578,.F.);
#2138=ORIENTED_EDGE('',*,*,#1581,.F.);
#2139=ORIENTED_EDGE('',*,*,#1582,.F.);
#2140=ORIENTED_EDGE('',*,*,#1447,.T.);
#2141=ORIENTED_EDGE('',*,*,#1443,.T.);
#2142=ORIENTED_EDGE('',*,*,#1440,.T.);
#2143=ORIENTED_EDGE('',*,*,#1450,.T.);
#2144=ORIENTED_EDGE('',*,*,#1554,.F.);
#2145=ORIENTED_EDGE('',*,*,#1328,.F.);
#2146=ORIENTED_EDGE('',*,*,#1499,.F.);
#2147=ORIENTED_EDGE('',*,*,#1579,.T.);
#2148=ORIENTED_EDGE('',*,*,#1333,.F.);
#2149=ORIENTED_EDGE('',*,*,#1583,.T.);
#2150=ORIENTED_EDGE('',*,*,#1581,.T.);
#2151=ORIENTED_EDGE('',*,*,#1577,.F.);
#2152=ORIENTED_EDGE('',*,*,#1584,.F.);
#2153=ORIENTED_EDGE('',*,*,#1582,.T.);
#2154=ORIENTED_EDGE('',*,*,#1583,.F.);
#2155=ORIENTED_EDGE('',*,*,#1332,.F.);
#2156=ORIENTED_EDGE('',*,*,#1480,.T.);
#2157=ORIENTED_EDGE('',*,*,#1532,.F.);
#2158=ORIENTED_EDGE('',*,*,#1422,.F.);
#2159=ORIENTED_EDGE('',*,*,#1426,.F.);
#2160=ORIENTED_EDGE('',*,*,#1427,.F.);
#2161=ORIENTED_EDGE('',*,*,#1339,.F.);
#2162=ORIENTED_EDGE('',*,*,#1571,.T.);
#2163=ORIENTED_EDGE('',*,*,#1573,.T.);
#2164=ORIENTED_EDGE('',*,*,#1566,.T.);
#2165=ORIENTED_EDGE('',*,*,#1335,.F.);
#2166=ORIENTED_EDGE('',*,*,#1576,.T.);
#2167=ORIENTED_EDGE('',*,*,#1580,.T.);
#2168=ORIENTED_EDGE('',*,*,#1584,.T.);
#2169=ORIENTED_EDGE('',*,*,#1331,.F.);
#2170=ORIENTED_EDGE('',*,*,#1437,.F.);
#2171=ORIENTED_EDGE('',*,*,#1433,.T.);
#2172=ORIENTED_EDGE('',*,*,#1429,.F.);
#2173=ORIENTED_EDGE('',*,*,#1537,.F.);
#2174=ORIENTED_EDGE('',*,*,#1551,.T.);
#2175=ORIENTED_EDGE('',*,*,#1546,.T.);
#2176=ORIENTED_EDGE('',*,*,#1541,.T.);
#2177=ORIENTED_EDGE('',*,*,#1533,.F.);
#2178=ORIENTED_EDGE('',*,*,#1484,.T.);
#2179=ORIENTED_EDGE('',*,*,#1490,.T.);
#2180=ORIENTED_EDGE('',*,*,#1466,.T.);
#2181=ORIENTED_EDGE('',*,*,#1468,.T.);
#2182=ORIENTED_EDGE('',*,*,#1506,.F.);
#2183=ORIENTED_EDGE('',*,*,#1585,.T.);
#2184=ORIENTED_EDGE('',*,*,#1561,.F.);
#2185=ORIENTED_EDGE('',*,*,#1585,.F.);
#2186=ORIENTED_EDGE('',*,*,#1465,.T.);
#2187=ORIENTED_EDGE('',*,*,#1586,.T.);
#2188=ORIENTED_EDGE('',*,*,#1587,.T.);
#2189=ORIENTED_EDGE('',*,*,#1586,.F.);
#2190=ORIENTED_EDGE('',*,*,#1587,.F.);
#2191=ORIENTED_EDGE('',*,*,#1507,.F.);
#2192=ORIENTED_EDGE('',*,*,#1588,.T.);
#2193=ORIENTED_EDGE('',*,*,#1562,.F.);
#2194=ORIENTED_EDGE('',*,*,#1588,.F.);
#2195=ORIENTED_EDGE('',*,*,#1451,.T.);
#2196=ORIENTED_EDGE('',*,*,#1589,.T.);
#2197=ORIENTED_EDGE('',*,*,#1590,.T.);
#2198=ORIENTED_EDGE('',*,*,#1589,.F.);
#2199=ORIENTED_EDGE('',*,*,#1590,.F.);
#2200=ORIENTED_EDGE('',*,*,#1510,.T.);
#2201=ORIENTED_EDGE('',*,*,#1402,.T.);
#2202=ORIENTED_EDGE('',*,*,#1348,.T.);
#2203=ORIENTED_EDGE('',*,*,#1591,.T.);
#2204=ORIENTED_EDGE('',*,*,#1591,.F.);
#2205=ORIENTED_EDGE('',*,*,#1347,.F.);
#2206=ORIENTED_EDGE('',*,*,#1592,.F.);
#2207=ORIENTED_EDGE('',*,*,#1527,.F.);
#2208=ORIENTED_EDGE('',*,*,#1593,.F.);
#2209=ORIENTED_EDGE('',*,*,#1594,.T.);
#2210=ORIENTED_EDGE('',*,*,#1595,.T.);
#2211=ORIENTED_EDGE('',*,*,#1511,.F.);
#2212=ORIENTED_EDGE('',*,*,#1528,.T.);
#2213=ORIENTED_EDGE('',*,*,#1592,.T.);
#2214=ORIENTED_EDGE('',*,*,#1346,.T.);
#2215=ORIENTED_EDGE('',*,*,#1596,.T.);
#2216=ORIENTED_EDGE('',*,*,#1540,.T.);
#2217=ORIENTED_EDGE('',*,*,#1500,.T.);
#2218=ORIENTED_EDGE('',*,*,#1326,.T.);
#2219=ORIENTED_EDGE('',*,*,#1395,.T.);
#2220=ORIENTED_EDGE('',*,*,#1530,.T.);
#2221=ORIENTED_EDGE('',*,*,#1597,.T.);
#2222=ORIENTED_EDGE('',*,*,#1344,.T.);
#2223=ORIENTED_EDGE('',*,*,#1492,.T.);
#2224=ORIENTED_EDGE('',*,*,#1596,.F.);
#2225=ORIENTED_EDGE('',*,*,#1345,.F.);
#2226=ORIENTED_EDGE('',*,*,#1597,.F.);
#2227=ORIENTED_EDGE('',*,*,#1529,.F.);
#2228=ORIENTED_EDGE('',*,*,#1292,.T.);
#2229=ORIENTED_EDGE('',*,*,#1295,.T.);
#2230=ORIENTED_EDGE('',*,*,#1598,.T.);
#2231=ORIENTED_EDGE('',*,*,#1593,.T.);
#2232=ORIENTED_EDGE('',*,*,#1526,.F.);
#2233=ORIENTED_EDGE('',*,*,#1599,.F.);
#2234=ORIENTED_EDGE('',*,*,#1600,.T.);
#2235=ORIENTED_EDGE('',*,*,#1599,.T.);
#2236=ORIENTED_EDGE('',*,*,#1525,.F.);
#2237=ORIENTED_EDGE('',*,*,#1601,.F.);
#2238=ORIENTED_EDGE('',*,*,#1602,.T.);
#2239=ORIENTED_EDGE('',*,*,#1601,.T.);
#2240=ORIENTED_EDGE('',*,*,#1524,.F.);
#2241=ORIENTED_EDGE('',*,*,#1603,.F.);
#2242=ORIENTED_EDGE('',*,*,#1604,.T.);
#2243=ORIENTED_EDGE('',*,*,#1603,.T.);
#2244=ORIENTED_EDGE('',*,*,#1523,.F.);
#2245=ORIENTED_EDGE('',*,*,#1605,.F.);
#2246=ORIENTED_EDGE('',*,*,#1606,.T.);
#2247=ORIENTED_EDGE('',*,*,#1605,.T.);
#2248=ORIENTED_EDGE('',*,*,#1522,.F.);
#2249=ORIENTED_EDGE('',*,*,#1607,.F.);
#2250=ORIENTED_EDGE('',*,*,#1608,.T.);
#2251=ORIENTED_EDGE('',*,*,#1607,.T.);
#2252=ORIENTED_EDGE('',*,*,#1521,.F.);
#2253=ORIENTED_EDGE('',*,*,#1609,.F.);
#2254=ORIENTED_EDGE('',*,*,#1610,.T.);
#2255=ORIENTED_EDGE('',*,*,#1609,.T.);
#2256=ORIENTED_EDGE('',*,*,#1520,.F.);
#2257=ORIENTED_EDGE('',*,*,#1611,.F.);
#2258=ORIENTED_EDGE('',*,*,#1612,.T.);
#2259=ORIENTED_EDGE('',*,*,#1611,.T.);
#2260=ORIENTED_EDGE('',*,*,#1519,.F.);
#2261=ORIENTED_EDGE('',*,*,#1613,.F.);
#2262=ORIENTED_EDGE('',*,*,#1614,.T.);
#2263=ORIENTED_EDGE('',*,*,#1613,.T.);
#2264=ORIENTED_EDGE('',*,*,#1518,.F.);
#2265=ORIENTED_EDGE('',*,*,#1615,.F.);
#2266=ORIENTED_EDGE('',*,*,#1616,.T.);
#2267=ORIENTED_EDGE('',*,*,#1615,.T.);
#2268=ORIENTED_EDGE('',*,*,#1517,.F.);
#2269=ORIENTED_EDGE('',*,*,#1617,.F.);
#2270=ORIENTED_EDGE('',*,*,#1618,.T.);
#2271=ORIENTED_EDGE('',*,*,#1617,.T.);
#2272=ORIENTED_EDGE('',*,*,#1516,.F.);
#2273=ORIENTED_EDGE('',*,*,#1619,.F.);
#2274=ORIENTED_EDGE('',*,*,#1620,.T.);
#2275=ORIENTED_EDGE('',*,*,#1619,.T.);
#2276=ORIENTED_EDGE('',*,*,#1515,.F.);
#2277=ORIENTED_EDGE('',*,*,#1621,.F.);
#2278=ORIENTED_EDGE('',*,*,#1622,.T.);
#2279=ORIENTED_EDGE('',*,*,#1621,.T.);
#2280=ORIENTED_EDGE('',*,*,#1514,.F.);
#2281=ORIENTED_EDGE('',*,*,#1623,.F.);
#2282=ORIENTED_EDGE('',*,*,#1624,.T.);
#2283=ORIENTED_EDGE('',*,*,#1623,.T.);
#2284=ORIENTED_EDGE('',*,*,#1513,.F.);
#2285=ORIENTED_EDGE('',*,*,#1625,.F.);
#2286=ORIENTED_EDGE('',*,*,#1626,.T.);
#2287=ORIENTED_EDGE('',*,*,#1625,.T.);
#2288=ORIENTED_EDGE('',*,*,#1512,.F.);
#2289=ORIENTED_EDGE('',*,*,#1595,.F.);
#2290=ORIENTED_EDGE('',*,*,#1354,.F.);
#2291=ORIENTED_EDGE('',*,*,#1627,.T.);
#2292=ORIENTED_EDGE('',*,*,#1628,.T.);
#2293=ORIENTED_EDGE('',*,*,#1627,.F.);
#2294=ORIENTED_EDGE('',*,*,#1600,.F.);
#2295=ORIENTED_EDGE('',*,*,#1602,.F.);
#2296=ORIENTED_EDGE('',*,*,#1604,.F.);
#2297=ORIENTED_EDGE('',*,*,#1606,.F.);
#2298=ORIENTED_EDGE('',*,*,#1608,.F.);
#2299=ORIENTED_EDGE('',*,*,#1610,.F.);
#2300=ORIENTED_EDGE('',*,*,#1612,.F.);
#2301=ORIENTED_EDGE('',*,*,#1614,.F.);
#2302=ORIENTED_EDGE('',*,*,#1616,.F.);
#2303=ORIENTED_EDGE('',*,*,#1618,.F.);
#2304=ORIENTED_EDGE('',*,*,#1620,.F.);
#2305=ORIENTED_EDGE('',*,*,#1622,.F.);
#2306=ORIENTED_EDGE('',*,*,#1624,.F.);
#2307=ORIENTED_EDGE('',*,*,#1626,.F.);
#2308=ORIENTED_EDGE('',*,*,#1594,.F.);
#2309=ORIENTED_EDGE('',*,*,#1598,.F.);
#2310=ORIENTED_EDGE('',*,*,#1628,.F.);
#2311=ORIENTED_EDGE('',*,*,#1415,.F.);
#2312=ORIENTED_EDGE('',*,*,#1407,.F.);
#2313=ORIENTED_EDGE('',*,*,#1419,.F.);
#2314=ORIENTED_EDGE('',*,*,#1411,.F.);
#2315=CYLINDRICAL_SURFACE('',#2487,2.1);
#2316=CYLINDRICAL_SURFACE('',#2491,2.1);
#2317=CYLINDRICAL_SURFACE('',#2495,2.1);
#2318=CYLINDRICAL_SURFACE('',#2499,2.1);
#2319=CYLINDRICAL_SURFACE('',#2531,1.6);
#2320=CYLINDRICAL_SURFACE('',#2532,1.6);
#2321=CYLINDRICAL_SURFACE('',#2543,1.45);
#2322=CYLINDRICAL_SURFACE('',#2547,1.45);
#2323=CYLINDRICAL_SURFACE('',#2551,1.45);
#2324=CYLINDRICAL_SURFACE('',#2555,1.45);
#2325=CYLINDRICAL_SURFACE('',#2575,1.1);
#2326=CYLINDRICAL_SURFACE('',#2577,1.1);
#2327=CYLINDRICAL_SURFACE('',#2625,1.1);
#2328=CYLINDRICAL_SURFACE('',#2626,1.1);
#2329=CYLINDRICAL_SURFACE('',#2629,1.1);
#2330=CYLINDRICAL_SURFACE('',#2630,1.1);
#2331=CYLINDRICAL_SURFACE('',#2639,1.3);
#2332=CYLINDRICAL_SURFACE('',#2642,1.3);
#2333=CYLINDRICAL_SURFACE('',#2645,1.3);
#2334=CYLINDRICAL_SURFACE('',#2648,1.3);
#2335=CYLINDRICAL_SURFACE('',#2651,1.3);
#2336=CYLINDRICAL_SURFACE('',#2654,1.3);
#2337=CYLINDRICAL_SURFACE('',#2657,1.3);
#2338=CYLINDRICAL_SURFACE('',#2660,1.3);
#2339=CYLINDRICAL_SURFACE('',#2662,13.);
#2340=ADVANCED_FACE('',(#147),#2315,.F.);
#2341=ADVANCED_FACE('',(#148),#52,.T.);
#2342=ADVANCED_FACE('',(#149),#2316,.F.);
#2343=ADVANCED_FACE('',(#150),#53,.T.);
#2344=ADVANCED_FACE('',(#151),#2317,.F.);
#2345=ADVANCED_FACE('',(#152),#54,.T.);
#2346=ADVANCED_FACE('',(#153),#2318,.F.);
#2347=ADVANCED_FACE('',(#154),#55,.T.);
#2348=ADVANCED_FACE('',(#155),#56,.F.);
#2349=ADVANCED_FACE('',(#156),#57,.F.);
#2350=ADVANCED_FACE('',(#157),#58,.F.);
#2351=ADVANCED_FACE('',(#158),#59,.F.);
#2352=ADVANCED_FACE('',(#159),#60,.F.);
#2353=ADVANCED_FACE('',(#160),#61,.F.);
#2354=ADVANCED_FACE('',(#161,#19),#62,.T.);
#2355=ADVANCED_FACE('',(#162),#63,.F.);
#2356=ADVANCED_FACE('',(#163,#20,#21,#22,#23,#24),#64,.T.);
#2357=ADVANCED_FACE('',(#164),#65,.T.);
#2358=ADVANCED_FACE('',(#165),#66,.T.);
#2359=ADVANCED_FACE('',(#166),#67,.T.);
#2360=ADVANCED_FACE('',(#167,#25),#68,.F.);
#2361=ADVANCED_FACE('',(#168),#69,.T.);
#2362=ADVANCED_FACE('',(#169),#70,.T.);
#2363=ADVANCED_FACE('',(#170),#71,.T.);
#2364=ADVANCED_FACE('',(#171,#26),#72,.F.);
#2365=ADVANCED_FACE('',(#172),#73,.T.);
#2366=ADVANCED_FACE('',(#173),#74,.T.);
#2367=ADVANCED_FACE('',(#174),#75,.T.);
#2368=ADVANCED_FACE('',(#175),#2319,.F.);
#2369=ADVANCED_FACE('',(#176),#2320,.F.);
#2370=ADVANCED_FACE('',(#177),#76,.T.);
#2371=ADVANCED_FACE('',(#178),#77,.T.);
#2372=ADVANCED_FACE('',(#179),#78,.T.);
#2373=ADVANCED_FACE('',(#180),#79,.T.);
#2374=ADVANCED_FACE('',(#181,#27),#80,.T.);
#2375=ADVANCED_FACE('',(#182,#28),#81,.T.);
#2376=ADVANCED_FACE('',(#183),#82,.T.);
#2377=ADVANCED_FACE('',(#184),#15,.F.);
#2378=ADVANCED_FACE('',(#185),#2321,.F.);
#2379=ADVANCED_FACE('',(#186),#16,.F.);
#2380=ADVANCED_FACE('',(#187),#2322,.F.);
#2381=ADVANCED_FACE('',(#188),#17,.F.);
#2382=ADVANCED_FACE('',(#189),#2323,.F.);
#2383=ADVANCED_FACE('',(#190),#18,.F.);
#2384=ADVANCED_FACE('',(#191),#2324,.F.);
#2385=ADVANCED_FACE('',(#192),#83,.T.);
#2386=ADVANCED_FACE('',(#193),#84,.F.);
#2387=ADVANCED_FACE('',(#194),#85,.T.);
#2388=ADVANCED_FACE('',(#195),#86,.T.);
#2389=ADVANCED_FACE('',(#196),#87,.F.);
#2390=ADVANCED_FACE('',(#197),#88,.T.);
#2391=ADVANCED_FACE('',(#198),#89,.F.);
#2392=ADVANCED_FACE('',(#199,#29),#90,.F.);
#2393=ADVANCED_FACE('',(#200),#91,.F.);
#2394=ADVANCED_FACE('',(#201,#30),#92,.F.);
#2395=ADVANCED_FACE('',(#202),#93,.F.);
#2396=ADVANCED_FACE('',(#203,#31),#94,.F.);
#2397=ADVANCED_FACE('',(#204),#95,.F.);
#2398=ADVANCED_FACE('',(#205,#32),#96,.F.);
#2399=ADVANCED_FACE('',(#206),#2325,.F.);
#2400=ADVANCED_FACE('',(#207),#2326,.F.);
#2401=ADVANCED_FACE('',(#208),#97,.F.);
#2402=ADVANCED_FACE('',(#209),#98,.F.);
#2403=ADVANCED_FACE('',(#210),#99,.F.);
#2404=ADVANCED_FACE('',(#211),#100,.F.);
#2405=ADVANCED_FACE('',(#212),#101,.F.);
#2406=ADVANCED_FACE('',(#213),#102,.F.);
#2407=ADVANCED_FACE('',(#214,#33),#103,.F.);
#2408=ADVANCED_FACE('',(#215,#34,#35),#104,.T.);
#2409=ADVANCED_FACE('',(#216),#105,.F.);
#2410=ADVANCED_FACE('',(#217,#36,#37),#106,.F.);
#2411=ADVANCED_FACE('',(#218),#107,.T.);
#2412=ADVANCED_FACE('',(#219),#108,.T.);
#2413=ADVANCED_FACE('',(#220,#38),#109,.T.);
#2414=ADVANCED_FACE('',(#221),#110,.T.);
#2415=ADVANCED_FACE('',(#222),#111,.T.);
#2416=ADVANCED_FACE('',(#223),#112,.T.);
#2417=ADVANCED_FACE('',(#224),#113,.T.);
#2418=ADVANCED_FACE('',(#225,#39,#40),#114,.F.);
#2419=ADVANCED_FACE('',(#226),#115,.T.);
#2420=ADVANCED_FACE('',(#227),#116,.T.);
#2421=ADVANCED_FACE('',(#228),#117,.T.);
#2422=ADVANCED_FACE('',(#229),#118,.T.);
#2423=ADVANCED_FACE('',(#230),#119,.T.);
#2424=ADVANCED_FACE('',(#231),#120,.T.);
#2425=ADVANCED_FACE('',(#232,#41),#121,.T.);
#2426=ADVANCED_FACE('',(#233),#122,.T.);
#2427=ADVANCED_FACE('',(#234),#123,.F.);
#2428=ADVANCED_FACE('',(#235),#124,.F.);
#2429=ADVANCED_FACE('',(#236),#125,.F.);
#2430=ADVANCED_FACE('',(#237,#42),#126,.F.);
#2431=ADVANCED_FACE('',(#238),#127,.F.);
#2432=ADVANCED_FACE('',(#239),#128,.F.);
#2433=ADVANCED_FACE('',(#240),#129,.F.);
#2434=ADVANCED_FACE('',(#241,#43,#44),#130,.F.);
#2435=ADVANCED_FACE('',(#242),#2327,.F.);
#2436=ADVANCED_FACE('',(#243),#2328,.F.);
#2437=ADVANCED_FACE('',(#244),#131,.T.);
#2438=ADVANCED_FACE('',(#245),#2329,.F.);
#2439=ADVANCED_FACE('',(#246),#2330,.F.);
#2440=ADVANCED_FACE('',(#247),#132,.T.);
#2441=ADVANCED_FACE('',(#248),#133,.T.);
#2442=ADVANCED_FACE('',(#249),#134,.T.);
#2443=ADVANCED_FACE('',(#250),#135,.T.);
#2444=ADVANCED_FACE('',(#251),#136,.T.);
#2445=ADVANCED_FACE('',(#252),#137,.T.);
#2446=ADVANCED_FACE('',(#253,#45,#46),#138,.T.);
#2447=ADVANCED_FACE('',(#254),#2331,.F.);
#2448=ADVANCED_FACE('',(#255),#139,.T.);
#2449=ADVANCED_FACE('',(#256),#2332,.F.);
#2450=ADVANCED_FACE('',(#257),#140,.T.);
#2451=ADVANCED_FACE('',(#258),#2333,.F.);
#2452=ADVANCED_FACE('',(#259),#141,.T.);
#2453=ADVANCED_FACE('',(#260),#2334,.F.);
#2454=ADVANCED_FACE('',(#261),#142,.T.);
#2455=ADVANCED_FACE('',(#262),#2335,.F.);
#2456=ADVANCED_FACE('',(#263),#143,.T.);
#2457=ADVANCED_FACE('',(#264),#2336,.F.);
#2458=ADVANCED_FACE('',(#265),#144,.T.);
#2459=ADVANCED_FACE('',(#266),#2337,.F.);
#2460=ADVANCED_FACE('',(#267),#145,.T.);
#2461=ADVANCED_FACE('',(#268),#2338,.F.);
#2462=ADVANCED_FACE('',(#269),#2339,.F.);
#2463=ADVANCED_FACE('',(#270,#47,#48,#49,#50,#51),#146,.F.);
#2464=CLOSED_SHELL('',(#2340,#2341,#2342,#2343,#2344,#2345,#2346,#2347,
#2348,#2349,#2350,#2351,#2352,#2353,#2354,#2355,#2356,#2357,#2358,#2359,
#2360,#2361,#2362,#2363,#2364,#2365,#2366,#2367,#2368,#2369,#2370,#2371,
#2372,#2373,#2374,#2375,#2376,#2377,#2378,#2379,#2380,#2381,#2382,#2383,
#2384,#2385,#2386,#2387,#2388,#2389,#2390,#2391,#2392,#2393,#2394,#2395,
#2396,#2397,#2398,#2399,#2400,#2401,#2402,#2403,#2404,#2405,#2406,#2407,
#2408,#2409,#2410,#2411,#2412,#2413,#2414,#2415,#2416,#2417,#2418,#2419,
#2420,#2421,#2422,#2423,#2424,#2425,#2426,#2427,#2428,#2429,#2430,#2431,
#2432,#2433,#2434,#2435,#2436,#2437,#2438,#2439,#2440,#2441,#2442,#2443,
#2444,#2445,#2446,#2447,#2448,#2449,#2450,#2451,#2452,#2453,#2454,#2455,
#2456,#2457,#2458,#2459,#2460,#2461,#2462,#2463));
#2465=DERIVED_UNIT_ELEMENT(#2468,1.);
#2466=DERIVED_UNIT_ELEMENT(#4011,-3.);
#2467=DIMENSIONAL_EXPONENTS(0.,1.,0.,0.,0.,0.,0.);
#2468=(
CONVERSION_BASED_UNIT('gram',#2470)
MASS_UNIT()
NAMED_UNIT(#2467)
);
#2469=(
MASS_UNIT()
NAMED_UNIT(*)
SI_UNIT(.KILO.,.GRAM.)
);
#2470=MASS_MEASURE_WITH_UNIT(MASS_MEASURE(0.001),#2469);
#2471=DERIVED_UNIT((#2465,#2466));
#2472=MEASURE_REPRESENTATION_ITEM('density measure',
POSITIVE_RATIO_MEASURE(8.5),#2471);
#2473=PROPERTY_DEFINITION_REPRESENTATION(#2478,#2475);
#2474=PROPERTY_DEFINITION_REPRESENTATION(#2479,#2476);
#2475=REPRESENTATION('material name',(#2477),#4008);
#2476=REPRESENTATION('density',(#2472),#4008);
#2477=DESCRIPTIVE_REPRESENTATION_ITEM(
'\X2\041B043004420443043D044C\X0\, \X2\043C044F0433043A0430044F\X0\, \X2\04360435043B04420430044F\X0\,
 \X2\0441043204300440043E0447043D0430044F\X0\',
'\X2\041B043004420443043D044C\X0\, \X2\043C044F0433043A0430044F\X0\, \X2\04360435043B04420430044F\X0\,
 \X2\0441043204300440043E0447043D0430044F\X0\');
#2478=PROPERTY_DEFINITION('material property','material name',#4018);
#2479=PROPERTY_DEFINITION('material property','density of part',#4018);
#2480=DATE_TIME_ROLE('creation_date');
#2481=APPLIED_DATE_AND_TIME_ASSIGNMENT(#2482,#2480,(#4018));
#2482=DATE_AND_TIME(#2483,#2484);
#2483=CALENDAR_DATE(2025,14,12);
#2484=LOCAL_TIME(0,0,0.,#2485);
#2485=COORDINATED_UNIVERSAL_TIME_OFFSET(0,0,.BEHIND.);
#2486=AXIS2_PLACEMENT_3D('placement',#3312,#2665,#2666);
#2487=AXIS2_PLACEMENT_3D('',#3313,#2667,#2668);
#2488=AXIS2_PLACEMENT_3D('',#3315,#2669,#2670);
#2489=AXIS2_PLACEMENT_3D('',#3318,#2672,#2673);
#2490=AXIS2_PLACEMENT_3D('',#3319,#2674,#2675);
#2491=AXIS2_PLACEMENT_3D('',#3320,#2676,#2677);
#2492=AXIS2_PLACEMENT_3D('',#3322,#2678,#2679);
#2493=AXIS2_PLACEMENT_3D('',#3325,#2681,#2682);
#2494=AXIS2_PLACEMENT_3D('',#3326,#2683,#2684);
#2495=AXIS2_PLACEMENT_3D('',#3327,#2685,#2686);
#2496=AXIS2_PLACEMENT_3D('',#3329,#2687,#2688);
#2497=AXIS2_PLACEMENT_3D('',#3332,#2690,#2691);
#2498=AXIS2_PLACEMENT_3D('',#3333,#2692,#2693);
#2499=AXIS2_PLACEMENT_3D('',#3334,#2694,#2695);
#2500=AXIS2_PLACEMENT_3D('',#3336,#2696,#2697);
#2501=AXIS2_PLACEMENT_3D('',#3339,#2699,#2700);
#2502=AXIS2_PLACEMENT_3D('',#3340,#2701,#2702);
#2503=AXIS2_PLACEMENT_3D('',#3341,#2703,#2704);
#2504=AXIS2_PLACEMENT_3D('',#3350,#2709,#2710);
#2505=AXIS2_PLACEMENT_3D('',#3356,#2714,#2715);
#2506=AXIS2_PLACEMENT_3D('',#3362,#2719,#2720);
#2507=AXIS2_PLACEMENT_3D('',#3368,#2724,#2725);
#2508=AXIS2_PLACEMENT_3D('',#3374,#2729,#2730);
#2509=AXIS2_PLACEMENT_3D('',#3377,#2733,#2734);
#2510=AXIS2_PLACEMENT_3D('',#3379,#2735,#2736);
#2511=AXIS2_PLACEMENT_3D('',#3380,#2737,#2738);
#2512=AXIS2_PLACEMENT_3D('',#3389,#2743,#2744);
#2513=AXIS2_PLACEMENT_3D('',#3452,#2776,#2777);
#2514=AXIS2_PLACEMENT_3D('',#3454,#2778,#2779);
#2515=AXIS2_PLACEMENT_3D('',#3456,#2780,#2781);
#2516=AXIS2_PLACEMENT_3D('',#3458,#2782,#2783);
#2517=AXIS2_PLACEMENT_3D('',#3460,#2784,#2785);
#2518=AXIS2_PLACEMENT_3D('',#3461,#2786,#2787);
#2519=AXIS2_PLACEMENT_3D('',#3467,#2791,#2792);
#2520=AXIS2_PLACEMENT_3D('',#3473,#2796,#2797);
#2521=AXIS2_PLACEMENT_3D('',#3479,#2801,#2802);
#2522=AXIS2_PLACEMENT_3D('',#3488,#2807,#2808);
#2523=AXIS2_PLACEMENT_3D('',#3489,#2809,#2810);
#2524=AXIS2_PLACEMENT_3D('',#3495,#2814,#2815);
#2525=AXIS2_PLACEMENT_3D('',#3504,#2820,#2821);
#2526=AXIS2_PLACEMENT_3D('',#3510,#2825,#2826);
#2527=AXIS2_PLACEMENT_3D('',#3514,#2829,#2830);
#2528=AXIS2_PLACEMENT_3D('',#3515,#2831,#2832);
#2529=AXIS2_PLACEMENT_3D('',#3519,#2835,#2836);
#2530=AXIS2_PLACEMENT_3D('',#3523,#2839,#2840);
#2531=AXIS2_PLACEMENT_3D('',#3529,#2844,#2845);
#2532=AXIS2_PLACEMENT_3D('',#3531,#2847,#2848);
#2533=AXIS2_PLACEMENT_3D('',#3533,#2849,#2850);
#2534=AXIS2_PLACEMENT_3D('',#3535,#2852,#2853);
#2535=AXIS2_PLACEMENT_3D('',#3539,#2856,#2857);
#2536=AXIS2_PLACEMENT_3D('',#3543,#2860,#2861);
#2537=AXIS2_PLACEMENT_3D('',#3545,#2863,#2864);
#2538=AXIS2_PLACEMENT_3D('',#3547,#2866,#2867);
#2539=AXIS2_PLACEMENT_3D('',#3549,#2869,#2870);
#2540=AXIS2_PLACEMENT_3D('',#3551,#2872,#2873);
#2541=AXIS2_PLACEMENT_3D('',#3555,#2876,#2877);
#2542=AXIS2_PLACEMENT_3D('',#3558,#2879,#2880);
#2543=AXIS2_PLACEMENT_3D('',#3559,#2881,#2882);
#2544=AXIS2_PLACEMENT_3D('',#3562,#2884,#2885);
#2545=AXIS2_PLACEMENT_3D('',#3563,#2886,#2887);
#2546=AXIS2_PLACEMENT_3D('',#3566,#2889,#2890);
#2547=AXIS2_PLACEMENT_3D('',#3567,#2891,#2892);
#2548=AXIS2_PLACEMENT_3D('',#3570,#2894,#2895);
#2549=AXIS2_PLACEMENT_3D('',#3571,#2896,#2897);
#2550=AXIS2_PLACEMENT_3D('',#3574,#2899,#2900);
#2551=AXIS2_PLACEMENT_3D('',#3575,#2901,#2902);
#2552=AXIS2_PLACEMENT_3D('',#3578,#2904,#2905);
#2553=AXIS2_PLACEMENT_3D('',#3579,#2906,#2907);
#2554=AXIS2_PLACEMENT_3D('',#3582,#2909,#2910);
#2555=AXIS2_PLACEMENT_3D('',#3583,#2911,#2912);
#2556=AXIS2_PLACEMENT_3D('',#3586,#2914,#2915);
#2557=AXIS2_PLACEMENT_3D('',#3587,#2916,#2917);
#2558=AXIS2_PLACEMENT_3D('',#3596,#2922,#2923);
#2559=AXIS2_PLACEMENT_3D('',#3602,#2927,#2928);
#2560=AXIS2_PLACEMENT_3D('',#3605,#2931,#2932);
#2561=AXIS2_PLACEMENT_3D('',#3614,#2937,#2938);
#2562=AXIS2_PLACEMENT_3D('',#3620,#2942,#2943);
#2563=AXIS2_PLACEMENT_3D('',#3623,#2946,#2947);
#2564=AXIS2_PLACEMENT_3D('',#3632,#2952,#2953);
#2565=AXIS2_PLACEMENT_3D('',#3639,#2957,#2958);
#2566=AXIS2_PLACEMENT_3D('',#3640,#2959,#2960);
#2567=AXIS2_PLACEMENT_3D('',#3646,#2964,#2965);
#2568=AXIS2_PLACEMENT_3D('',#3650,#2968,#2969);
#2569=AXIS2_PLACEMENT_3D('',#3651,#2970,#2971);
#2570=AXIS2_PLACEMENT_3D('',#3660,#2976,#2977);
#2571=AXIS2_PLACEMENT_3D('',#3667,#2981,#2982);
#2572=AXIS2_PLACEMENT_3D('',#3668,#2983,#2984);
#2573=AXIS2_PLACEMENT_3D('',#3674,#2988,#2989);
#2574=AXIS2_PLACEMENT_3D('',#3678,#2992,#2993);
#2575=AXIS2_PLACEMENT_3D('',#3679,#2994,#2995);
#2576=AXIS2_PLACEMENT_3D('',#3681,#2996,#2997);
#2577=AXIS2_PLACEMENT_3D('',#3683,#2999,#3000);
#2578=AXIS2_PLACEMENT_3D('',#3685,#3001,#3002);
#2579=AXIS2_PLACEMENT_3D('',#3687,#3004,#3005);
#2580=AXIS2_PLACEMENT_3D('',#3696,#3010,#3011);
#2581=AXIS2_PLACEMENT_3D('',#3702,#3015,#3016);
#2582=AXIS2_PLACEMENT_3D('',#3708,#3020,#3021);
#2583=AXIS2_PLACEMENT_3D('',#3717,#3026,#3027);
#2584=AXIS2_PLACEMENT_3D('',#3726,#3032,#3033);
#2585=AXIS2_PLACEMENT_3D('',#3729,#3036,#3037);
#2586=AXIS2_PLACEMENT_3D('',#3731,#3039,#3040);
#2587=AXIS2_PLACEMENT_3D('',#3760,#3056,#3057);
#2588=AXIS2_PLACEMENT_3D('',#3762,#3058,#3059);
#2589=AXIS2_PLACEMENT_3D('',#3763,#3060,#3061);
#2590=AXIS2_PLACEMENT_3D('',#3767,#3064,#3065);
#2591=AXIS2_PLACEMENT_3D('',#3773,#3068,#3069);
#2592=AXIS2_PLACEMENT_3D('',#3777,#3071,#3072);
#2593=AXIS2_PLACEMENT_3D('',#3781,#3074,#3075);
#2594=AXIS2_PLACEMENT_3D('',#3785,#3077,#3078);
#2595=AXIS2_PLACEMENT_3D('',#3789,#3080,#3081);
#2596=AXIS2_PLACEMENT_3D('',#3793,#3083,#3084);
#2597=AXIS2_PLACEMENT_3D('',#3797,#3086,#3087);
#2598=AXIS2_PLACEMENT_3D('',#3801,#3089,#3090);
#2599=AXIS2_PLACEMENT_3D('',#3824,#3105,#3106);
#2600=AXIS2_PLACEMENT_3D('',#3830,#3110,#3111);
#2601=AXIS2_PLACEMENT_3D('',#3834,#3114,#3115);
#2602=AXIS2_PLACEMENT_3D('',#3840,#3119,#3120);
#2603=AXIS2_PLACEMENT_3D('',#3844,#3123,#3124);
#2604=AXIS2_PLACEMENT_3D('',#3847,#3127,#3128);
#2605=AXIS2_PLACEMENT_3D('',#3848,#3129,#3130);
#2606=AXIS2_PLACEMENT_3D('',#3850,#3132,#3133);
#2607=AXIS2_PLACEMENT_3D('',#3865,#3141,#3142);
#2608=AXIS2_PLACEMENT_3D('',#3867,#3143,#3144);
#2609=AXIS2_PLACEMENT_3D('',#3868,#3145,#3146);
#2610=AXIS2_PLACEMENT_3D('',#3871,#3149,#3150);
#2611=AXIS2_PLACEMENT_3D('',#3873,#3152,#3153);
#2612=AXIS2_PLACEMENT_3D('',#3874,#3154,#3155);
#2613=AXIS2_PLACEMENT_3D('',#3880,#3159,#3160);
#2614=AXIS2_PLACEMENT_3D('',#3884,#3163,#3164);
#2615=AXIS2_PLACEMENT_3D('',#3888,#3167,#3168);
#2616=AXIS2_PLACEMENT_3D('',#3890,#3170,#3171);
#2617=AXIS2_PLACEMENT_3D('',#3892,#3173,#3174);
#2618=AXIS2_PLACEMENT_3D('',#3894,#3176,#3177);
#2619=AXIS2_PLACEMENT_3D('',#3900,#3181,#3182);
#2620=AXIS2_PLACEMENT_3D('',#3902,#3184,#3185);
#2621=AXIS2_PLACEMENT_3D('',#3908,#3189,#3190);
#2622=AXIS2_PLACEMENT_3D('',#3909,#3191,#3192);
#2623=AXIS2_PLACEMENT_3D('',#3911,#3194,#3195);
#2624=AXIS2_PLACEMENT_3D('',#3913,#3197,#3198);
#2625=AXIS2_PLACEMENT_3D('',#3914,#3199,#3200);
#2626=AXIS2_PLACEMENT_3D('',#3916,#3202,#3203);
#2627=AXIS2_PLACEMENT_3D('',#3919,#3205,#3206);
#2628=AXIS2_PLACEMENT_3D('',#3920,#3207,#3208);
#2629=AXIS2_PLACEMENT_3D('',#3921,#3209,#3210);
#2630=AXIS2_PLACEMENT_3D('',#3923,#3212,#3213);
#2631=AXIS2_PLACEMENT_3D('',#3926,#3215,#3216);
#2632=AXIS2_PLACEMENT_3D('',#3927,#3217,#3218);
#2633=AXIS2_PLACEMENT_3D('',#3928,#3219,#3220);
#2634=AXIS2_PLACEMENT_3D('',#3930,#3222,#3223);
#2635=AXIS2_PLACEMENT_3D('',#3937,#3228,#3229);
#2636=AXIS2_PLACEMENT_3D('',#3939,#3231,#3232);
#2637=AXIS2_PLACEMENT_3D('',#3940,#3233,#3234);
#2638=AXIS2_PLACEMENT_3D('',#3942,#3236,#3237);
#2639=AXIS2_PLACEMENT_3D('',#3943,#3238,#3239);
#2640=AXIS2_PLACEMENT_3D('',#3945,#3240,#3241);
#2641=AXIS2_PLACEMENT_3D('',#3947,#3243,#3244);
#2642=AXIS2_PLACEMENT_3D('',#3951,#3247,#3248);
#2643=AXIS2_PLACEMENT_3D('',#3953,#3249,#3250);
#2644=AXIS2_PLACEMENT_3D('',#3955,#3252,#3253);
#2645=AXIS2_PLACEMENT_3D('',#3959,#3256,#3257);
#2646=AXIS2_PLACEMENT_3D('',#3961,#3258,#3259);
#2647=AXIS2_PLACEMENT_3D('',#3963,#3261,#3262);
#2648=AXIS2_PLACEMENT_3D('',#3967,#3265,#3266);
#2649=AXIS2_PLACEMENT_3D('',#3969,#3267,#3268);
#2650=AXIS2_PLACEMENT_3D('',#3971,#3270,#3271);
#2651=AXIS2_PLACEMENT_3D('',#3975,#3274,#3275);
#2652=AXIS2_PLACEMENT_3D('',#3977,#3276,#3277);
#2653=AXIS2_PLACEMENT_3D('',#3979,#3279,#3280);
#2654=AXIS2_PLACEMENT_3D('',#3983,#3283,#3284);
#2655=AXIS2_PLACEMENT_3D('',#3985,#3285,#3286);
#2656=AXIS2_PLACEMENT_3D('',#3987,#3288,#3289);
#2657=AXIS2_PLACEMENT_3D('',#3991,#3292,#3293);
#2658=AXIS2_PLACEMENT_3D('',#3993,#3294,#3295);
#2659=AXIS2_PLACEMENT_3D('',#3995,#3297,#3298);
#2660=AXIS2_PLACEMENT_3D('',#3999,#3301,#3302);
#2661=AXIS2_PLACEMENT_3D('',#4000,#3303,#3304);
#2662=AXIS2_PLACEMENT_3D('',#4001,#3305,#3306);
#2663=AXIS2_PLACEMENT_3D('',#4004,#3308,#3309);
#2664=AXIS2_PLACEMENT_3D('',#4005,#3310,#3311);
#2665=DIRECTION('axis',(0.,0.,1.));
#2666=DIRECTION('refdir',(1.,0.,0.));
#2667=DIRECTION('center_axis',(0.,0.,1.));
#2668=DIRECTION('ref_axis',(-1.,0.,0.));
#2669=DIRECTION('center_axis',(0.,0.,1.));
#2670=DIRECTION('ref_axis',(-1.,0.,0.));
#2671=DIRECTION('',(0.,0.,1.));
#2672=DIRECTION('center_axis',(0.,0.,1.));
#2673=DIRECTION('ref_axis',(-1.,0.,0.));
#2674=DIRECTION('center_axis',(0.,0.,-1.));
#2675=DIRECTION('ref_axis',(-1.,0.,0.));
#2676=DIRECTION('center_axis',(0.,0.,1.));
#2677=DIRECTION('ref_axis',(-1.,0.,0.));
#2678=DIRECTION('center_axis',(0.,0.,1.));
#2679=DIRECTION('ref_axis',(-1.,0.,0.));
#2680=DIRECTION('',(0.,0.,1.));
#2681=DIRECTION('center_axis',(0.,0.,1.));
#2682=DIRECTION('ref_axis',(-1.,0.,0.));
#2683=DIRECTION('center_axis',(0.,0.,-1.));
#2684=DIRECTION('ref_axis',(-1.,0.,0.));
#2685=DIRECTION('center_axis',(-1.,0.,0.));
#2686=DIRECTION('ref_axis',(0.,0.,-1.));
#2687=DIRECTION('center_axis',(-1.,0.,0.));
#2688=DIRECTION('ref_axis',(0.,0.,-1.));
#2689=DIRECTION('',(-1.,0.,0.));
#2690=DIRECTION('center_axis',(-1.,0.,0.));
#2691=DIRECTION('ref_axis',(0.,0.,-1.));
#2692=DIRECTION('center_axis',(1.,0.,0.));
#2693=DIRECTION('ref_axis',(0.,0.,-1.));
#2694=DIRECTION('center_axis',(-1.,0.,0.));
#2695=DIRECTION('ref_axis',(0.,0.,-1.));
#2696=DIRECTION('center_axis',(-1.,0.,0.));
#2697=DIRECTION('ref_axis',(0.,0.,-1.));
#2698=DIRECTION('',(-1.,0.,0.));
#2699=DIRECTION('center_axis',(-1.,0.,0.));
#2700=DIRECTION('ref_axis',(0.,0.,-1.));
#2701=DIRECTION('center_axis',(1.,0.,0.));
#2702=DIRECTION('ref_axis',(0.,0.,-1.));
#2703=DIRECTION('center_axis',(-0.866025403784439,0.,0.499999999999999));
#2704=DIRECTION('ref_axis',(-0.499999999999999,1.38777878078144E-16,-0.866025403784439));
#2705=DIRECTION('',(-0.499999999999999,1.38777878078144E-16,-0.866025403784439));
#2706=DIRECTION('',(0.,-1.,0.));
#2707=DIRECTION('',(-0.499999999999999,1.38777878078144E-16,-0.866025403784439));
#2708=DIRECTION('',(0.,-1.,0.));
#2709=DIRECTION('center_axis',(-6.63090581511574E-16,0.,1.));
#2710=DIRECTION('ref_axis',(-1.,2.77555756156289E-16,-6.63090581511574E-16));
#2711=DIRECTION('',(-1.,2.77555756156289E-16,-6.63090581511574E-16));
#2712=DIRECTION('',(0.,-1.,0.));
#2713=DIRECTION('',(-1.,2.77555756156289E-16,-6.63090581511574E-16));
#2714=DIRECTION('center_axis',(0.866025403784438,0.,0.500000000000002));
#2715=DIRECTION('ref_axis',(-0.500000000000002,1.38777878078145E-16,0.866025403784438));
#2716=DIRECTION('',(-0.500000000000002,1.38777878078145E-16,0.866025403784438));
#2717=DIRECTION('',(0.,-1.,0.));
#2718=DIRECTION('',(-0.500000000000002,1.38777878078145E-16,0.866025403784438));
#2719=DIRECTION('center_axis',(0.866025403784442,0.,-0.499999999999995));
#2720=DIRECTION('ref_axis',(0.499999999999995,-1.38777878078143E-16,0.866025403784442));
#2721=DIRECTION('',(0.499999999999995,-1.38777878078143E-16,0.866025403784442));
#2722=DIRECTION('',(0.,-1.,0.));
#2723=DIRECTION('',(0.499999999999995,-1.38777878078143E-16,0.866025403784442));
#2724=DIRECTION('center_axis',(0.,0.,-1.));
#2725=DIRECTION('ref_axis',(1.,-2.77555756156289E-16,0.));
#2726=DIRECTION('',(1.,-2.77555756156289E-16,0.));
#2727=DIRECTION('',(0.,-1.,0.));
#2728=DIRECTION('',(1.,-2.77555756156289E-16,0.));
#2729=DIRECTION('center_axis',(-0.866025403784439,0.,-0.5));
#2730=DIRECTION('ref_axis',(0.5,-1.38777878078145E-16,-0.866025403784439));
#2731=DIRECTION('',(0.5,-1.38777878078145E-16,-0.866025403784439));
#2732=DIRECTION('',(0.5,-1.38777878078145E-16,-0.866025403784439));
#2733=DIRECTION('center_axis',(2.77555756156289E-16,1.,0.));
#2734=DIRECTION('ref_axis',(0.,0.,1.));
#2735=DIRECTION('center_axis',(2.77555756156289E-16,1.,0.));
#2736=DIRECTION('ref_axis',(1.,-2.77555756156289E-16,0.));
#2737=DIRECTION('center_axis',(1.,0.,0.));
#2738=DIRECTION('ref_axis',(0.,1.,0.));
#2739=DIRECTION('',(0.,1.,0.));
#2740=DIRECTION('',(0.,0.,1.));
#2741=DIRECTION('',(0.,-1.,0.));
#2742=DIRECTION('',(0.,0.,1.));
#2743=DIRECTION('center_axis',(0.,0.,1.));
#2744=DIRECTION('ref_axis',(1.,0.,0.));
#2745=DIRECTION('',(1.,0.,0.));
#2746=DIRECTION('',(-1.,0.,0.));
#2747=DIRECTION('',(2.77555756156289E-16,1.,0.));
#2748=DIRECTION('',(-0.707106781186547,0.707106781186548,0.));
#2749=DIRECTION('',(1.26882631385732E-16,-1.,0.));
#2750=DIRECTION('',(-0.707106781186547,0.707106781186548,0.));
#2751=DIRECTION('',(1.,-2.96059473233375E-16,0.));
#2752=DIRECTION('',(1.48029736616688E-16,1.,0.));
#2753=DIRECTION('',(-1.,0.,0.));
#2754=DIRECTION('',(8.3790416952842E-16,-1.,0.));
#2755=DIRECTION('',(1.,0.,0.));
#2756=DIRECTION('',(1.48029736616688E-16,1.,0.));
#2757=DIRECTION('',(1.,0.,0.));
#2758=DIRECTION('',(-7.40148683083438E-17,-1.,0.));
#2759=DIRECTION('',(1.,0.,0.));
#2760=DIRECTION('',(-7.40148683083438E-17,1.,0.));
#2761=DIRECTION('',(1.,0.,0.));
#2762=DIRECTION('',(1.48029736616688E-16,-1.,0.));
#2763=DIRECTION('',(1.,0.,0.));
#2764=DIRECTION('',(-8.3790416952842E-16,1.,0.));
#2765=DIRECTION('',(-1.,0.,0.));
#2766=DIRECTION('',(1.48029736616688E-16,-1.,0.));
#2767=DIRECTION('',(1.,-2.96059473233375E-16,0.));
#2768=DIRECTION('',(-0.707106781186548,-0.707106781186548,0.));
#2769=DIRECTION('',(0.,1.,0.));
#2770=DIRECTION('',(0.707106781186548,-0.707106781186547,0.));
#2771=DIRECTION('',(-1.,-1.48029736616688E-16,0.));
#2772=DIRECTION('',(0.707106781186547,0.707106781186548,0.));
#2773=DIRECTION('',(1.26882631385732E-16,-1.,0.));
#2774=DIRECTION('',(0.707106781186548,0.707106781186547,0.));
#2775=DIRECTION('',(2.77555756156289E-16,1.,0.));
#2776=DIRECTION('center_axis',(0.,0.,1.));
#2777=DIRECTION('ref_axis',(-1.,0.,0.));
#2778=DIRECTION('center_axis',(0.,0.,1.));
#2779=DIRECTION('ref_axis',(-1.,0.,0.));
#2780=DIRECTION('center_axis',(0.,0.,-1.));
#2781=DIRECTION('ref_axis',(-1.,0.,0.));
#2782=DIRECTION('center_axis',(0.,0.,1.));
#2783=DIRECTION('ref_axis',(-1.,0.,0.));
#2784=DIRECTION('center_axis',(0.,0.,1.));
#2785=DIRECTION('ref_axis',(-1.,0.,0.));
#2786=DIRECTION('center_axis',(-0.707106781186548,1.96261557335472E-16,
0.707106781186547));
#2787=DIRECTION('ref_axis',(0.707106781186547,0.,0.707106781186548));
#2788=DIRECTION('',(0.577350269189625,-0.577350269189626,0.577350269189626));
#2789=DIRECTION('',(-0.707106781186547,0.,-0.707106781186548));
#2790=DIRECTION('',(-2.77555756156289E-16,-1.,0.));
#2791=DIRECTION('center_axis',(-0.707106781186548,-0.707106781186547,0.));
#2792=DIRECTION('ref_axis',(0.,0.,1.));
#2793=DIRECTION('',(0.,0.,-1.));
#2794=DIRECTION('',(0.707106781186547,-0.707106781186548,0.));
#2795=DIRECTION('',(0.,0.,1.));
#2796=DIRECTION('center_axis',(-0.707106781186548,1.96261557335472E-16,
0.707106781186547));
#2797=DIRECTION('ref_axis',(0.707106781186547,0.,0.707106781186548));
#2798=DIRECTION('',(-0.577350269189626,-0.577350269189625,-0.577350269189626));
#2799=DIRECTION('',(-2.77555756156289E-16,-1.,0.));
#2800=DIRECTION('',(0.707106781186547,0.,0.707106781186548));
#2801=DIRECTION('center_axis',(0.,1.,0.));
#2802=DIRECTION('ref_axis',(0.,0.,1.));
#2803=DIRECTION('',(0.,0.,1.));
#2804=DIRECTION('',(-0.707106781186549,0.,0.707106781186546));
#2805=DIRECTION('',(-1.,0.,-3.33066907387547E-16));
#2806=DIRECTION('',(-0.447213595499958,0.,-0.894427190999916));
#2807=DIRECTION('center_axis',(0.,1.,0.));
#2808=DIRECTION('ref_axis',(1.,-2.77555756156289E-16,0.));
#2809=DIRECTION('center_axis',(-1.,2.77555756156289E-16,0.));
#2810=DIRECTION('ref_axis',(0.,0.,1.));
#2811=DIRECTION('',(0.,0.,1.));
#2812=DIRECTION('',(0.,0.,1.));
#2813=DIRECTION('',(2.77555756156289E-16,1.,0.));
#2814=DIRECTION('center_axis',(-0.707106781186546,1.96261557335472E-16,
-0.707106781186549));
#2815=DIRECTION('ref_axis',(-0.707106781186549,0.,0.707106781186546));
#2816=DIRECTION('',(0.707106781186549,0.,-0.707106781186546));
#2817=DIRECTION('',(-2.77555756156289E-16,-1.,0.));
#2818=DIRECTION('',(-0.707106781186549,2.09345661157837E-16,0.707106781186546));
#2819=DIRECTION('',(2.77555756156289E-16,1.,0.));
#2820=DIRECTION('center_axis',(3.33066907387547E-16,-9.24446373305873E-32,
-1.));
#2821=DIRECTION('ref_axis',(-1.,2.96059473233375E-16,-3.33066907387547E-16));
#2822=DIRECTION('',(1.,0.,3.33066907387547E-16));
#2823=DIRECTION('',(2.77555756156289E-16,1.,0.));
#2824=DIRECTION('',(1.,-2.96059473233375E-16,3.33066907387547E-16));
#2825=DIRECTION('center_axis',(0.,-1.,0.));
#2826=DIRECTION('ref_axis',(0.,0.,-1.));
#2827=DIRECTION('',(0.447213595499958,0.,0.894427190999916));
#2828=DIRECTION('',(0.,0.,-1.));
#2829=DIRECTION('center_axis',(0.,-1.,0.));
#2830=DIRECTION('ref_axis',(1.,-2.77555756156289E-16,0.));
#2831=DIRECTION('center_axis',(-0.707106781186546,1.96261557335472E-16,
-0.707106781186549));
#2832=DIRECTION('ref_axis',(-0.707106781186549,0.,0.707106781186546));
#2833=DIRECTION('',(0.707106781186549,-1.96261557335472E-16,-0.707106781186546));
#2834=DIRECTION('',(-2.77555756156289E-16,-1.,0.));
#2835=DIRECTION('center_axis',(0.894427190999916,-2.48253415324727E-16,
-0.447213595499958));
#2836=DIRECTION('ref_axis',(-0.447213595499958,0.,-0.894427190999916));
#2837=DIRECTION('',(-2.77555756156289E-16,-1.,0.));
#2838=DIRECTION('',(-0.447213595499958,1.32401821506521E-16,-0.894427190999916));
#2839=DIRECTION('center_axis',(0.894427190999916,-2.48253415324727E-16,
-0.447213595499958));
#2840=DIRECTION('ref_axis',(-0.447213595499958,0.,-0.894427190999916));
#2841=DIRECTION('',(2.77555756156289E-16,1.,0.));
#2842=DIRECTION('',(0.447213595499958,-1.24126707662364E-16,0.894427190999916));
#2843=DIRECTION('',(-2.77555756156289E-16,-1.,0.));
#2844=DIRECTION('center_axis',(2.77555756156289E-16,1.,0.));
#2845=DIRECTION('ref_axis',(1.,-2.77555756156289E-16,0.));
#2846=DIRECTION('',(2.77555756156289E-16,1.,0.));
#2847=DIRECTION('center_axis',(2.77555756156289E-16,1.,0.));
#2848=DIRECTION('ref_axis',(1.,-2.77555756156289E-16,0.));
#2849=DIRECTION('center_axis',(2.96059473233375E-16,1.,0.));
#2850=DIRECTION('ref_axis',(1.,-2.77555756156289E-16,0.));
#2851=DIRECTION('',(2.77555756156289E-16,1.,0.));
#2852=DIRECTION('center_axis',(-1.,-1.26882631385732E-16,0.));
#2853=DIRECTION('ref_axis',(-1.26882631385732E-16,1.,0.));
#2854=DIRECTION('',(-1.26882631385732E-16,1.,0.));
#2855=DIRECTION('',(0.,0.,-1.));
#2856=DIRECTION('center_axis',(-0.707106781186547,0.707106781186548,0.));
#2857=DIRECTION('ref_axis',(0.,0.,1.));
#2858=DIRECTION('',(0.,0.,-1.));
#2859=DIRECTION('',(-0.707106781186548,-0.707106781186547,0.));
#2860=DIRECTION('center_axis',(-1.,2.77555756156289E-16,0.));
#2861=DIRECTION('ref_axis',(0.,0.,1.));
#2862=DIRECTION('',(0.,0.,-1.));
#2863=DIRECTION('center_axis',(3.33066907387547E-16,-9.24446373305873E-32,
-1.));
#2864=DIRECTION('ref_axis',(-1.,2.96059473233375E-16,-3.33066907387547E-16));
#2865=DIRECTION('',(-1.,2.96059473233375E-16,-3.33066907387547E-16));
#2866=DIRECTION('center_axis',(-2.96059473233375E-16,-1.,0.));
#2867=DIRECTION('ref_axis',(0.,0.,-1.));
#2868=DIRECTION('',(-1.,2.96059473233375E-16,0.));
#2869=DIRECTION('center_axis',(2.77555756156289E-16,1.,0.));
#2870=DIRECTION('ref_axis',(0.,0.,1.));
#2871=DIRECTION('',(1.,-2.77555756156289E-16,0.));
#2872=DIRECTION('center_axis',(-1.,-1.26882631385732E-16,0.));
#2873=DIRECTION('ref_axis',(-1.26882631385732E-16,1.,0.));
#2874=DIRECTION('',(0.,0.,1.));
#2875=DIRECTION('',(-1.26882631385732E-16,1.,0.));
#2876=DIRECTION('center_axis',(0.,0.,1.));
#2877=DIRECTION('ref_axis',(-1.,0.,0.));
#2878=DIRECTION('',(-0.707106781186548,-8.65956056235493E-17,-0.707106781186547));
#2879=DIRECTION('center_axis',(0.,0.,-1.));
#2880=DIRECTION('ref_axis',(-1.,0.,0.));
#2881=DIRECTION('center_axis',(0.,0.,1.));
#2882=DIRECTION('ref_axis',(-1.,0.,0.));
#2883=DIRECTION('',(0.,0.,-1.));
#2884=DIRECTION('center_axis',(0.,0.,-1.));
#2885=DIRECTION('ref_axis',(-1.,0.,0.));
#2886=DIRECTION('center_axis',(0.,0.,1.));
#2887=DIRECTION('ref_axis',(-1.,0.,0.));
#2888=DIRECTION('',(-0.707106781186548,-8.65956056235493E-17,-0.707106781186547));
#2889=DIRECTION('center_axis',(0.,0.,-1.));
#2890=DIRECTION('ref_axis',(-1.,0.,0.));
#2891=DIRECTION('center_axis',(0.,0.,1.));
#2892=DIRECTION('ref_axis',(-1.,0.,0.));
#2893=DIRECTION('',(0.,0.,-1.));
#2894=DIRECTION('center_axis',(0.,0.,-1.));
#2895=DIRECTION('ref_axis',(-1.,0.,0.));
#2896=DIRECTION('center_axis',(0.,0.,1.));
#2897=DIRECTION('ref_axis',(-1.,0.,0.));
#2898=DIRECTION('',(-0.707106781186548,-8.65956056235493E-17,-0.707106781186547));
#2899=DIRECTION('center_axis',(0.,0.,-1.));
#2900=DIRECTION('ref_axis',(-1.,0.,0.));
#2901=DIRECTION('center_axis',(0.,0.,1.));
#2902=DIRECTION('ref_axis',(-1.,0.,0.));
#2903=DIRECTION('',(0.,0.,-1.));
#2904=DIRECTION('center_axis',(0.,0.,-1.));
#2905=DIRECTION('ref_axis',(-1.,0.,0.));
#2906=DIRECTION('center_axis',(0.,0.,1.));
#2907=DIRECTION('ref_axis',(-1.,0.,0.));
#2908=DIRECTION('',(-0.707106781186548,-8.65956056235493E-17,-0.707106781186547));
#2909=DIRECTION('center_axis',(0.,0.,-1.));
#2910=DIRECTION('ref_axis',(-1.,0.,0.));
#2911=DIRECTION('center_axis',(0.,0.,1.));
#2912=DIRECTION('ref_axis',(-1.,0.,0.));
#2913=DIRECTION('',(0.,0.,-1.));
#2914=DIRECTION('center_axis',(0.,0.,-1.));
#2915=DIRECTION('ref_axis',(-1.,0.,0.));
#2916=DIRECTION('center_axis',(-0.707106781186547,-5.92487720258028E-16,
-0.707106781186548));
#2917=DIRECTION('ref_axis',(-0.707106781186548,0.,0.707106781186547));
#2918=DIRECTION('',(0.707106781186548,0.,-0.707106781186547));
#2919=DIRECTION('',(-8.3790416952842E-16,1.,0.));
#2920=DIRECTION('',(-0.707106781186548,0.,0.707106781186547));
#2921=DIRECTION('',(8.3790416952842E-16,-1.,0.));
#2922=DIRECTION('center_axis',(1.,8.3790416952842E-16,0.));
#2923=DIRECTION('ref_axis',(8.3790416952842E-16,-1.,0.));
#2924=DIRECTION('',(0.,0.,-1.));
#2925=DIRECTION('',(8.3790416952842E-16,-1.,0.));
#2926=DIRECTION('',(0.,0.,-1.));
#2927=DIRECTION('center_axis',(-0.707106781186547,-5.92487720258028E-16,
0.707106781186548));
#2928=DIRECTION('ref_axis',(0.707106781186548,0.,0.707106781186547));
#2929=DIRECTION('',(0.707106781186548,0.,0.707106781186547));
#2930=DIRECTION('',(-0.707106781186548,0.,-0.707106781186547));
#2931=DIRECTION('center_axis',(0.707106781186546,5.92487720258027E-16,-0.707106781186549));
#2932=DIRECTION('ref_axis',(-0.707106781186549,0.,-0.707106781186546));
#2933=DIRECTION('',(-0.707106781186549,0.,-0.707106781186546));
#2934=DIRECTION('',(8.3790416952842E-16,-1.,0.));
#2935=DIRECTION('',(0.707106781186549,0.,0.707106781186546));
#2936=DIRECTION('',(-8.3790416952842E-16,1.,0.));
#2937=DIRECTION('center_axis',(-1.,-8.3790416952842E-16,0.));
#2938=DIRECTION('ref_axis',(-8.3790416952842E-16,1.,0.));
#2939=DIRECTION('',(0.,0.,-1.));
#2940=DIRECTION('',(-8.3790416952842E-16,1.,0.));
#2941=DIRECTION('',(0.,0.,-1.));
#2942=DIRECTION('center_axis',(0.707106781186548,5.92487720258028E-16,0.707106781186547));
#2943=DIRECTION('ref_axis',(0.707106781186547,0.,-0.707106781186548));
#2944=DIRECTION('',(-0.707106781186547,0.,0.707106781186548));
#2945=DIRECTION('',(0.707106781186547,0.,-0.707106781186548));
#2946=DIRECTION('center_axis',(-1.,0.,0.));
#2947=DIRECTION('ref_axis',(0.,1.,0.));
#2948=DIRECTION('',(0.,-1.,0.));
#2949=DIRECTION('',(0.,0.,-1.));
#2950=DIRECTION('',(0.,1.,0.));
#2951=DIRECTION('',(0.,0.,-1.));
#2952=DIRECTION('center_axis',(0.,-1.,0.));
#2953=DIRECTION('ref_axis',(-1.,0.,0.));
#2954=DIRECTION('',(1.,0.,0.));
#2955=DIRECTION('',(-1.,0.,0.));
#2956=DIRECTION('',(0.,0.,-1.));
#2957=DIRECTION('center_axis',(0.,1.,0.));
#2958=DIRECTION('ref_axis',(1.,-3.1720657846433E-16,0.));
#2959=DIRECTION('center_axis',(1.,0.,0.));
#2960=DIRECTION('ref_axis',(0.,-1.,0.));
#2961=DIRECTION('',(0.,1.,0.));
#2962=DIRECTION('',(0.,-1.,0.));
#2963=DIRECTION('',(0.,0.,-1.));
#2964=DIRECTION('center_axis',(0.,1.,0.));
#2965=DIRECTION('ref_axis',(1.,0.,0.));
#2966=DIRECTION('',(-1.,0.,0.));
#2967=DIRECTION('',(1.,0.,0.));
#2968=DIRECTION('center_axis',(0.,-1.,0.));
#2969=DIRECTION('ref_axis',(1.,-3.1720657846433E-16,0.));
#2970=DIRECTION('center_axis',(-1.,0.,0.));
#2971=DIRECTION('ref_axis',(0.,1.,0.));
#2972=DIRECTION('',(0.,-1.,0.));
#2973=DIRECTION('',(0.,0.,-1.));
#2974=DIRECTION('',(0.,1.,0.));
#2975=DIRECTION('',(0.,0.,-1.));
#2976=DIRECTION('center_axis',(0.,-1.,0.));
#2977=DIRECTION('ref_axis',(-1.,0.,0.));
#2978=DIRECTION('',(1.,0.,0.));
#2979=DIRECTION('',(-1.,0.,0.));
#2980=DIRECTION('',(0.,0.,-1.));
#2981=DIRECTION('center_axis',(0.,1.,0.));
#2982=DIRECTION('ref_axis',(1.,-3.1720657846433E-16,0.));
#2983=DIRECTION('center_axis',(1.,0.,0.));
#2984=DIRECTION('ref_axis',(0.,-1.,0.));
#2985=DIRECTION('',(0.,1.,0.));
#2986=DIRECTION('',(0.,-1.,0.));
#2987=DIRECTION('',(0.,0.,-1.));
#2988=DIRECTION('center_axis',(0.,1.,0.));
#2989=DIRECTION('ref_axis',(1.,0.,0.));
#2990=DIRECTION('',(-1.,0.,0.));
#2991=DIRECTION('',(1.,0.,0.));
#2992=DIRECTION('center_axis',(0.,-1.,0.));
#2993=DIRECTION('ref_axis',(1.,-3.1720657846433E-16,0.));
#2994=DIRECTION('center_axis',(3.1720657846433E-16,1.,0.));
#2995=DIRECTION('ref_axis',(1.,-3.1720657846433E-16,0.));
#2996=DIRECTION('center_axis',(0.,1.,0.));
#2997=DIRECTION('ref_axis',(1.,-3.1720657846433E-16,0.));
#2998=DIRECTION('',(3.1720657846433E-16,1.,0.));
#2999=DIRECTION('center_axis',(3.1720657846433E-16,1.,0.));
#3000=DIRECTION('ref_axis',(1.,-3.1720657846433E-16,0.));
#3001=DIRECTION('center_axis',(0.,1.,0.));
#3002=DIRECTION('ref_axis',(1.,-3.1720657846433E-16,0.));
#3003=DIRECTION('',(3.1720657846433E-16,1.,0.));
#3004=DIRECTION('center_axis',(-1.,-7.40148683083438E-17,0.));
#3005=DIRECTION('ref_axis',(7.40148683083438E-17,-1.,0.));
#3006=DIRECTION('',(0.,0.,-1.));
#3007=DIRECTION('',(7.40148683083438E-17,-1.,0.));
#3008=DIRECTION('',(0.,0.,1.));
#3009=DIRECTION('',(7.40148683083438E-17,-1.,0.));
#3010=DIRECTION('center_axis',(0.,0.,1.));
#3011=DIRECTION('ref_axis',(1.,0.,0.));
#3012=DIRECTION('',(-1.,0.,0.));
#3013=DIRECTION('',(-1.48029736616688E-16,1.,0.));
#3014=DIRECTION('',(1.,-2.96059473233375E-16,0.));
#3015=DIRECTION('center_axis',(1.,1.48029736616688E-16,0.));
#3016=DIRECTION('ref_axis',(-1.48029736616688E-16,1.,0.));
#3017=DIRECTION('',(0.,0.,1.));
#3018=DIRECTION('',(-1.48029736616688E-16,1.,0.));
#3019=DIRECTION('',(0.,0.,-1.));
#3020=DIRECTION('center_axis',(1.,1.48029736616688E-16,0.));
#3021=DIRECTION('ref_axis',(-1.48029736616688E-16,1.,0.));
#3022=DIRECTION('',(0.,0.,-1.));
#3023=DIRECTION('',(-1.48029736616688E-16,1.,0.));
#3024=DIRECTION('',(0.,0.,1.));
#3025=DIRECTION('',(-1.48029736616688E-16,1.,0.));
#3026=DIRECTION('center_axis',(-1.,-7.40148683083438E-17,0.));
#3027=DIRECTION('ref_axis',(7.40148683083438E-17,-1.,0.));
#3028=DIRECTION('',(0.,0.,1.));
#3029=DIRECTION('',(7.40148683083438E-17,-1.,0.));
#3030=DIRECTION('',(0.,0.,1.));
#3031=DIRECTION('',(7.40148683083438E-17,-1.,0.));
#3032=DIRECTION('center_axis',(0.,1.,0.));
#3033=DIRECTION('ref_axis',(-1.,0.,0.));
#3034=DIRECTION('',(-1.,0.,0.));
#3035=DIRECTION('',(-1.,0.,0.));
#3036=DIRECTION('center_axis',(0.,0.,1.));
#3037=DIRECTION('ref_axis',(1.,0.,0.));
#3038=DIRECTION('',(1.,0.,0.));
#3039=DIRECTION('center_axis',(-2.96059473233375E-16,-1.,0.));
#3040=DIRECTION('ref_axis',(-1.,2.96059473233375E-16,0.));
#3041=DIRECTION('',(-1.,2.96059473233375E-16,0.));
#3042=DIRECTION('',(0.,0.,-1.));
#3043=DIRECTION('',(0.,0.,-1.));
#3044=DIRECTION('',(-1.,2.96059473233375E-16,0.));
#3045=DIRECTION('',(0.,0.,1.));
#3046=DIRECTION('',(1.,-2.96059473233375E-16,0.));
#3047=DIRECTION('',(0.,0.,-1.));
#3048=DIRECTION('',(-1.,2.96059473233375E-16,0.));
#3049=DIRECTION('',(0.,0.,1.));
#3050=DIRECTION('',(0.,0.,1.));
#3051=DIRECTION('',(-1.,2.96059473233375E-16,0.));
#3052=DIRECTION('',(0.,0.,1.));
#3053=DIRECTION('',(1.,-2.96059473233375E-16,0.));
#3054=DIRECTION('',(0.,0.,-1.));
#3055=DIRECTION('',(-1.,2.96059473233375E-16,0.));
#3056=DIRECTION('center_axis',(2.96059473233375E-16,1.,0.));
#3057=DIRECTION('ref_axis',(1.,-3.1720657846433E-16,0.));
#3058=DIRECTION('center_axis',(2.96059473233375E-16,1.,0.));
#3059=DIRECTION('ref_axis',(1.,-3.1720657846433E-16,0.));
#3060=DIRECTION('center_axis',(0.,0.,1.));
#3061=DIRECTION('ref_axis',(1.,0.,0.));
#3062=DIRECTION('',(7.40148683083438E-17,1.,0.));
#3063=DIRECTION('',(1.,0.,0.));
#3064=DIRECTION('center_axis',(0.,0.,1.));
#3065=DIRECTION('ref_axis',(1.,0.,0.));
#3066=DIRECTION('',(-0.707106781186547,-0.707106781186548,0.));
#3067=DIRECTION('',(1.,1.48029736616688E-16,0.));
#3068=DIRECTION('center_axis',(0.,0.,1.));
#3069=DIRECTION('ref_axis',(0.,-1.,0.));
#3070=DIRECTION('',(-0.70710678118645,-0.707106781186645,0.));
#3071=DIRECTION('center_axis',(0.,0.,1.));
#3072=DIRECTION('ref_axis',(0.707106781186643,-0.707106781186452,0.));
#3073=DIRECTION('',(0.,-1.,0.));
#3074=DIRECTION('center_axis',(0.,0.,1.));
#3075=DIRECTION('ref_axis',(1.,1.70803542250024E-15,0.));
#3076=DIRECTION('',(0.707106781186546,-0.707106781186549,0.));
#3077=DIRECTION('center_axis',(0.,0.,1.));
#3078=DIRECTION('ref_axis',(0.707106781186546,0.707106781186549,0.));
#3079=DIRECTION('',(1.,0.,0.));
#3080=DIRECTION('center_axis',(0.,0.,1.));
#3081=DIRECTION('ref_axis',(0.,1.,0.));
#3082=DIRECTION('',(0.707106781186645,0.70710678118645,0.));
#3083=DIRECTION('center_axis',(0.,0.,1.));
#3084=DIRECTION('ref_axis',(-0.707106781186451,0.707106781186644,0.));
#3085=DIRECTION('',(0.,1.,0.));
#3086=DIRECTION('center_axis',(0.,0.,1.));
#3087=DIRECTION('ref_axis',(-1.,0.,0.));
#3088=DIRECTION('',(-0.707106781186548,0.707106781186548,0.));
#3089=DIRECTION('center_axis',(0.,0.,1.));
#3090=DIRECTION('ref_axis',(-0.707106781186548,-0.707106781186547,0.));
#3091=DIRECTION('',(1.,1.48029736616688E-16,0.));
#3092=DIRECTION('',(-0.707106781186548,0.707106781186547,0.));
#3093=DIRECTION('',(0.,-1.,0.));
#3094=DIRECTION('',(0.707106781186548,0.707106781186548,0.));
#3095=DIRECTION('',(1.,0.,0.));
#3096=DIRECTION('',(-1.,0.,0.));
#3097=DIRECTION('',(-1.,0.,0.));
#3098=DIRECTION('',(7.40148683083438E-17,1.,0.));
#3099=DIRECTION('',(-1.,0.,0.));
#3100=DIRECTION('',(-1.48029736616688E-16,-1.,0.));
#3101=DIRECTION('',(-1.,0.,0.));
#3102=DIRECTION('',(1.,0.,0.));
#3103=DIRECTION('',(-1.48029736616688E-16,-1.,0.));
#3104=DIRECTION('',(0.707106781186547,-0.707106781186548,0.));
#3105=DIRECTION('center_axis',(-1.,7.40148683083438E-17,0.));
#3106=DIRECTION('ref_axis',(-7.40148683083438E-17,-1.,0.));
#3107=DIRECTION('',(0.,0.,-1.));
#3108=DIRECTION('',(-7.40148683083438E-17,-1.,0.));
#3109=DIRECTION('',(0.,0.,1.));
#3110=DIRECTION('center_axis',(-1.,7.40148683083438E-17,0.));
#3111=DIRECTION('ref_axis',(-7.40148683083438E-17,-1.,0.));
#3112=DIRECTION('',(0.,0.,1.));
#3113=DIRECTION('',(-7.40148683083438E-17,-1.,0.));
#3114=DIRECTION('center_axis',(0.,0.,-1.));
#3115=DIRECTION('ref_axis',(-1.,0.,0.));
#3116=DIRECTION('',(1.,0.,0.));
#3117=DIRECTION('',(1.48029736616688E-16,1.,0.));
#3118=DIRECTION('',(1.,0.,0.));
#3119=DIRECTION('center_axis',(0.,0.,-1.));
#3120=DIRECTION('ref_axis',(-1.,0.,0.));
#3121=DIRECTION('',(-1.,0.,0.));
#3122=DIRECTION('',(1.48029736616688E-16,1.,0.));
#3123=DIRECTION('center_axis',(1.,-1.48029736616688E-16,0.));
#3124=DIRECTION('ref_axis',(1.48029736616688E-16,1.,0.));
#3125=DIRECTION('',(0.,0.,1.));
#3126=DIRECTION('',(0.,0.,1.));
#3127=DIRECTION('center_axis',(0.,-1.,0.));
#3128=DIRECTION('ref_axis',(1.,0.,0.));
#3129=DIRECTION('center_axis',(1.,-1.48029736616688E-16,0.));
#3130=DIRECTION('ref_axis',(1.48029736616688E-16,1.,0.));
#3131=DIRECTION('',(0.,0.,-1.));
#3132=DIRECTION('center_axis',(0.,-1.,0.));
#3133=DIRECTION('ref_axis',(-1.,0.,0.));
#3134=DIRECTION('',(0.,0.,-1.));
#3135=DIRECTION('',(1.,0.,0.));
#3136=DIRECTION('',(0.,0.,1.));
#3137=DIRECTION('',(-1.,0.,0.));
#3138=DIRECTION('',(0.,0.,-1.));
#3139=DIRECTION('',(1.,0.,0.));
#3140=DIRECTION('',(0.,0.,1.));
#3141=DIRECTION('center_axis',(0.,-1.,0.));
#3142=DIRECTION('ref_axis',(1.,-3.1720657846433E-16,0.));
#3143=DIRECTION('center_axis',(0.,-1.,0.));
#3144=DIRECTION('ref_axis',(1.,-3.1720657846433E-16,0.));
#3145=DIRECTION('center_axis',(1.,7.40148683083438E-17,0.));
#3146=DIRECTION('ref_axis',(7.40148683083438E-17,-1.,0.));
#3147=DIRECTION('',(-7.40148683083438E-17,1.,0.));
#3148=DIRECTION('',(7.40148683083438E-17,-1.,0.));
#3149=DIRECTION('center_axis',(0.,0.,1.));
#3150=DIRECTION('ref_axis',(1.,0.,0.));
#3151=DIRECTION('',(-1.48029736616688E-16,1.,0.));
#3152=DIRECTION('center_axis',(-1.,-1.48029736616688E-16,0.));
#3153=DIRECTION('ref_axis',(-1.48029736616688E-16,1.,0.));
#3154=DIRECTION('center_axis',(1.,7.40148683083438E-17,0.));
#3155=DIRECTION('ref_axis',(7.40148683083438E-17,-1.,0.));
#3156=DIRECTION('',(0.,0.,1.));
#3157=DIRECTION('',(7.40148683083438E-17,-1.,0.));
#3158=DIRECTION('',(0.,0.,-1.));
#3159=DIRECTION('center_axis',(0.,-1.,0.));
#3160=DIRECTION('ref_axis',(-1.,0.,0.));
#3161=DIRECTION('',(-1.,0.,0.));
#3162=DIRECTION('',(0.,0.,-1.));
#3163=DIRECTION('center_axis',(-1.,-1.48029736616688E-16,0.));
#3164=DIRECTION('ref_axis',(-1.48029736616688E-16,1.,0.));
#3165=DIRECTION('',(0.,0.,-1.));
#3166=DIRECTION('',(-1.48029736616688E-16,1.,0.));
#3167=DIRECTION('center_axis',(0.,0.,1.));
#3168=DIRECTION('ref_axis',(1.,0.,0.));
#3169=DIRECTION('',(-1.,0.,0.));
#3170=DIRECTION('center_axis',(0.,0.,1.));
#3171=DIRECTION('ref_axis',(1.,0.,0.));
#3172=DIRECTION('',(-7.40148683083438E-17,-1.,0.));
#3173=DIRECTION('center_axis',(1.,-7.40148683083438E-17,0.));
#3174=DIRECTION('ref_axis',(-7.40148683083438E-17,-1.,0.));
#3175=DIRECTION('',(-7.40148683083438E-17,-1.,0.));
#3176=DIRECTION('center_axis',(1.,-7.40148683083438E-17,0.));
#3177=DIRECTION('ref_axis',(-7.40148683083438E-17,-1.,0.));
#3178=DIRECTION('',(0.,0.,-1.));
#3179=DIRECTION('',(0.,0.,-1.));
#3180=DIRECTION('',(-7.40148683083438E-17,-1.,0.));
#3181=DIRECTION('center_axis',(0.,0.,-1.));
#3182=DIRECTION('ref_axis',(-1.,0.,0.));
#3183=DIRECTION('',(1.48029736616688E-16,1.,0.));
#3184=DIRECTION('center_axis',(0.,0.,-1.));
#3185=DIRECTION('ref_axis',(-1.,0.,0.));
#3186=DIRECTION('',(-1.,0.,0.));
#3187=DIRECTION('',(1.,0.,0.));
#3188=DIRECTION('',(1.48029736616688E-16,1.,0.));
#3189=DIRECTION('center_axis',(-1.,1.48029736616688E-16,0.));
#3190=DIRECTION('ref_axis',(1.48029736616688E-16,1.,0.));
#3191=DIRECTION('center_axis',(0.,1.,0.));
#3192=DIRECTION('ref_axis',(1.,0.,0.));
#3193=DIRECTION('',(0.,0.,-1.));
#3194=DIRECTION('center_axis',(-1.,1.48029736616688E-16,0.));
#3195=DIRECTION('ref_axis',(1.48029736616688E-16,1.,0.));
#3196=DIRECTION('',(0.,0.,1.));
#3197=DIRECTION('center_axis',(0.,1.,0.));
#3198=DIRECTION('ref_axis',(1.,0.,0.));
#3199=DIRECTION('center_axis',(3.1720657846433E-16,1.,0.));
#3200=DIRECTION('ref_axis',(1.,-3.1720657846433E-16,0.));
#3201=DIRECTION('',(3.1720657846433E-16,1.,0.));
#3202=DIRECTION('center_axis',(3.1720657846433E-16,1.,0.));
#3203=DIRECTION('ref_axis',(1.,-3.1720657846433E-16,0.));
#3204=DIRECTION('',(3.1720657846433E-16,1.,0.));
#3205=DIRECTION('center_axis',(2.96059473233375E-16,1.,0.));
#3206=DIRECTION('ref_axis',(1.,-2.96059473233375E-16,0.));
#3207=DIRECTION('center_axis',(-2.96059473233375E-16,-1.,0.));
#3208=DIRECTION('ref_axis',(0.,0.,-1.));
#3209=DIRECTION('center_axis',(3.1720657846433E-16,1.,0.));
#3210=DIRECTION('ref_axis',(1.,-3.1720657846433E-16,0.));
#3211=DIRECTION('',(3.1720657846433E-16,1.,0.));
#3212=DIRECTION('center_axis',(3.1720657846433E-16,1.,0.));
#3213=DIRECTION('ref_axis',(1.,-3.1720657846433E-16,0.));
#3214=DIRECTION('',(3.1720657846433E-16,1.,0.));
#3215=DIRECTION('center_axis',(2.96059473233375E-16,1.,0.));
#3216=DIRECTION('ref_axis',(1.,-2.96059473233375E-16,0.));
#3217=DIRECTION('center_axis',(-2.96059473233375E-16,-1.,0.));
#3218=DIRECTION('ref_axis',(0.,0.,-1.));
#3219=DIRECTION('center_axis',(-0.707106781186548,0.707106781186547,0.));
#3220=DIRECTION('ref_axis',(0.,0.,1.));
#3221=DIRECTION('',(0.,0.,-1.));
#3222=DIRECTION('center_axis',(0.,1.,0.));
#3223=DIRECTION('ref_axis',(-1.,0.,0.));
#3224=DIRECTION('',(0.,0.,1.));
#3225=DIRECTION('',(0.,0.,-1.));
#3226=DIRECTION('',(-1.,0.,0.));
#3227=DIRECTION('',(0.,0.,-1.));
#3228=DIRECTION('center_axis',(0.707106781186547,0.707106781186548,0.));
#3229=DIRECTION('ref_axis',(0.,0.,-1.));
#3230=DIRECTION('',(0.,0.,-1.));
#3231=DIRECTION('center_axis',(-0.707106781186548,-0.707106781186547,0.));
#3232=DIRECTION('ref_axis',(0.,0.,1.));
#3233=DIRECTION('center_axis',(0.707106781186548,-0.707106781186548,0.));
#3234=DIRECTION('ref_axis',(0.,0.,-1.));
#3235=DIRECTION('',(0.,0.,1.));
#3236=DIRECTION('center_axis',(1.,0.,0.));
#3237=DIRECTION('ref_axis',(0.,-1.,0.));
#3238=DIRECTION('center_axis',(0.,0.,-1.));
#3239=DIRECTION('ref_axis',(-0.707106781186548,-0.707106781186547,0.));
#3240=DIRECTION('center_axis',(0.,0.,1.));
#3241=DIRECTION('ref_axis',(0.707106781186548,0.707106781186547,0.));
#3242=DIRECTION('',(0.,0.,-1.));
#3243=DIRECTION('center_axis',(-0.707106781186548,-0.707106781186548,0.));
#3244=DIRECTION('ref_axis',(-0.707106781186548,0.707106781186548,0.));
#3245=DIRECTION('',(-0.707106781186548,0.707106781186548,0.));
#3246=DIRECTION('',(0.,0.,-1.));
#3247=DIRECTION('center_axis',(0.,0.,-1.));
#3248=DIRECTION('ref_axis',(-1.,0.,0.));
#3249=DIRECTION('center_axis',(0.,0.,1.));
#3250=DIRECTION('ref_axis',(1.,0.,0.));
#3251=DIRECTION('',(0.,0.,-1.));
#3252=DIRECTION('center_axis',(-1.,0.,0.));
#3253=DIRECTION('ref_axis',(0.,1.,0.));
#3254=DIRECTION('',(0.,1.,0.));
#3255=DIRECTION('',(0.,0.,-1.));
#3256=DIRECTION('center_axis',(0.,0.,-1.));
#3257=DIRECTION('ref_axis',(-0.707106781186451,0.707106781186644,0.));
#3258=DIRECTION('center_axis',(0.,0.,1.));
#3259=DIRECTION('ref_axis',(0.70710678118645,-0.707106781186645,0.));
#3260=DIRECTION('',(0.,0.,-1.));
#3261=DIRECTION('center_axis',(-0.70710678118645,0.707106781186645,0.));
#3262=DIRECTION('ref_axis',(0.707106781186645,0.70710678118645,0.));
#3263=DIRECTION('',(0.707106781186645,0.70710678118645,0.));
#3264=DIRECTION('',(0.,0.,-1.));
#3265=DIRECTION('center_axis',(0.,0.,-1.));
#3266=DIRECTION('ref_axis',(0.,1.,0.));
#3267=DIRECTION('center_axis',(0.,0.,1.));
#3268=DIRECTION('ref_axis',(0.,-1.,0.));
#3269=DIRECTION('',(0.,0.,-1.));
#3270=DIRECTION('center_axis',(0.,1.,0.));
#3271=DIRECTION('ref_axis',(1.,0.,0.));
#3272=DIRECTION('',(1.,0.,0.));
#3273=DIRECTION('',(0.,0.,-1.));
#3274=DIRECTION('center_axis',(0.,0.,-1.));
#3275=DIRECTION('ref_axis',(0.707106781186546,0.707106781186549,0.));
#3276=DIRECTION('center_axis',(0.,0.,1.));
#3277=DIRECTION('ref_axis',(-0.707106781186547,-0.707106781186548,0.));
#3278=DIRECTION('',(0.,0.,-1.));
#3279=DIRECTION('center_axis',(0.707106781186549,0.707106781186546,0.));
#3280=DIRECTION('ref_axis',(0.707106781186546,-0.707106781186549,0.));
#3281=DIRECTION('',(0.707106781186548,-0.707106781186547,0.));
#3282=DIRECTION('',(0.,0.,-1.));
#3283=DIRECTION('center_axis',(0.,0.,-1.));
#3284=DIRECTION('ref_axis',(1.,1.70803542250024E-15,0.));
#3285=DIRECTION('center_axis',(0.,0.,1.));
#3286=DIRECTION('ref_axis',(-1.,0.,0.));
#3287=DIRECTION('',(0.,0.,-1.));
#3288=DIRECTION('center_axis',(1.,0.,0.));
#3289=DIRECTION('ref_axis',(0.,-1.,0.));
#3290=DIRECTION('',(0.,-1.,0.));
#3291=DIRECTION('',(0.,0.,-1.));
#3292=DIRECTION('center_axis',(0.,0.,-1.));
#3293=DIRECTION('ref_axis',(0.707106781186643,-0.707106781186452,0.));
#3294=DIRECTION('center_axis',(0.,0.,1.));
#3295=DIRECTION('ref_axis',(-0.707106781186645,0.70710678118645,0.));
#3296=DIRECTION('',(0.,0.,-1.));
#3297=DIRECTION('center_axis',(0.707106781186645,-0.70710678118645,0.));
#3298=DIRECTION('ref_axis',(-0.70710678118645,-0.707106781186645,0.));
#3299=DIRECTION('',(-0.70710678118645,-0.707106781186645,0.));
#3300=DIRECTION('',(0.,0.,-1.));
#3301=DIRECTION('center_axis',(0.,0.,-1.));
#3302=DIRECTION('ref_axis',(0.,-1.,0.));
#3303=DIRECTION('center_axis',(0.,0.,1.));
#3304=DIRECTION('ref_axis',(0.,1.,0.));
#3305=DIRECTION('center_axis',(0.,0.,1.));
#3306=DIRECTION('ref_axis',(-1.,0.,0.));
#3307=DIRECTION('',(0.,0.,-1.));
#3308=DIRECTION('center_axis',(0.,0.,-1.));
#3309=DIRECTION('ref_axis',(-1.,0.,0.));
#3310=DIRECTION('center_axis',(0.,0.,1.));
#3311=DIRECTION('ref_axis',(1.,0.,0.));
#3312=CARTESIAN_POINT('',(0.,0.,0.));
#3313=CARTESIAN_POINT('Origin',(22.0000000000045,-27.3,-5.));
#3314=CARTESIAN_POINT('',(24.1000000000045,-27.3,-5.));
#3315=CARTESIAN_POINT('Origin',(22.0000000000045,-27.3,-5.));
#3316=CARTESIAN_POINT('',(24.1000000000045,-27.3,0.));
#3317=CARTESIAN_POINT('',(24.1000000000045,-27.3,-5.));
#3318=CARTESIAN_POINT('Origin',(22.0000000000045,-27.3,0.));
#3319=CARTESIAN_POINT('Origin',(22.0000000000045,-27.3,0.));
#3320=CARTESIAN_POINT('Origin',(-17.9999999999955,-27.3,-5.));
#3321=CARTESIAN_POINT('',(-15.8999999999955,-27.3,-5.));
#3322=CARTESIAN_POINT('Origin',(-17.9999999999955,-27.3,-5.));
#3323=CARTESIAN_POINT('',(-15.8999999999955,-27.3,-5.55111512312578E-16));
#3324=CARTESIAN_POINT('',(-15.8999999999955,-27.3,-5.));
#3325=CARTESIAN_POINT('Origin',(-17.9999999999955,-27.3,0.));
#3326=CARTESIAN_POINT('Origin',(-17.9999999999955,-27.3,0.));
#3327=CARTESIAN_POINT('Origin',(30.0000000000045,5.30000000000006,-1.));
#3328=CARTESIAN_POINT('',(30.0000000000045,5.30000000000006,1.1));
#3329=CARTESIAN_POINT('Origin',(30.0000000000045,5.30000000000006,-1.));
#3330=CARTESIAN_POINT('',(25.0000000000045,5.30000000000006,1.1));
#3331=CARTESIAN_POINT('',(30.0000000000045,5.30000000000006,1.1));
#3332=CARTESIAN_POINT('Origin',(25.0000000000045,5.30000000000006,-1.));
#3333=CARTESIAN_POINT('Origin',(25.0000000000045,5.30000000000006,-1.));
#3334=CARTESIAN_POINT('Origin',(30.0000000000045,-8.6999999999999,-1.));
#3335=CARTESIAN_POINT('',(30.0000000000045,-8.6999999999999,1.09999999999999));
#3336=CARTESIAN_POINT('Origin',(30.0000000000045,-8.6999999999999,-1.));
#3337=CARTESIAN_POINT('',(25.0000000000045,-8.6999999999999,1.09999999999999));
#3338=CARTESIAN_POINT('',(30.0000000000045,-8.6999999999999,1.09999999999999));
#3339=CARTESIAN_POINT('Origin',(25.0000000000045,-8.6999999999999,-1.));
#3340=CARTESIAN_POINT('Origin',(25.0000000000045,-8.6999999999999,-1.));
#3341=CARTESIAN_POINT('Origin',(-36.6743157806454,-5.7,-8.10000000000001));
#3342=CARTESIAN_POINT('',(-36.6743157806454,-5.7,-8.10000000000001));
#3343=CARTESIAN_POINT('',(-38.3486315612953,-5.7,-11.));
#3344=CARTESIAN_POINT('',(-36.0103629710773,-5.7,-6.95000000000001));
#3345=CARTESIAN_POINT('',(-36.6743157806454,-8.1,-8.10000000000001));
#3346=CARTESIAN_POINT('',(-36.6743157806454,-5.7,-8.10000000000001));
#3347=CARTESIAN_POINT('',(-38.3486315612953,-8.1,-11.));
#3348=CARTESIAN_POINT('',(-38.3486315612953,-8.1,-11.));
#3349=CARTESIAN_POINT('',(-38.3486315612953,-5.7,-11.));
#3350=CARTESIAN_POINT('Origin',(-33.3256842193455,-5.7,-8.10000000000001));
#3351=CARTESIAN_POINT('',(-33.3256842193455,-5.7,-8.10000000000001));
#3352=CARTESIAN_POINT('',(-34.1628421096705,-5.7,-8.10000000000001));
#3353=CARTESIAN_POINT('',(-33.3256842193455,-8.1,-8.10000000000001));
#3354=CARTESIAN_POINT('',(-33.3256842193455,-5.7,-8.10000000000001));
#3355=CARTESIAN_POINT('',(-36.6743157806454,-8.1,-8.10000000000001));
#3356=CARTESIAN_POINT('Origin',(-31.6513684386956,-5.7,-11.));
#3357=CARTESIAN_POINT('',(-31.6513684386956,-5.7,-11.));
#3358=CARTESIAN_POINT('',(-33.1524791385887,-5.7,-8.4));
#3359=CARTESIAN_POINT('',(-31.6513684386956,-8.1,-11.));
#3360=CARTESIAN_POINT('',(-31.6513684386956,-5.7,-11.));
#3361=CARTESIAN_POINT('',(-33.3256842193455,-8.1,-8.10000000000001));
#3362=CARTESIAN_POINT('Origin',(-33.3256842193455,-5.7,-13.9));
#3363=CARTESIAN_POINT('',(-33.3256842193455,-5.7,-13.9));
#3364=CARTESIAN_POINT('',(-31.8245735194525,-5.7,-11.3));
#3365=CARTESIAN_POINT('',(-33.3256842193455,-8.1,-13.9));
#3366=CARTESIAN_POINT('',(-33.3256842193455,-5.7,-13.9));
#3367=CARTESIAN_POINT('',(-31.6513684386956,-8.1,-11.));
#3368=CARTESIAN_POINT('Origin',(-36.6743157806454,-5.7,-13.9));
#3369=CARTESIAN_POINT('',(-36.6743157806454,-5.7,-13.9));
#3370=CARTESIAN_POINT('',(-35.8371578903204,-5.7,-13.9));
#3371=CARTESIAN_POINT('',(-36.6743157806454,-8.1,-13.9));
#3372=CARTESIAN_POINT('',(-36.6743157806454,-5.7,-13.9));
#3373=CARTESIAN_POINT('',(-33.3256842193455,-8.1,-13.9));
#3374=CARTESIAN_POINT('Origin',(-38.3486315612953,-5.7,-11.));
#3375=CARTESIAN_POINT('',(-39.0125843708634,-5.69999999999999,-9.85));
#3376=CARTESIAN_POINT('',(-36.6743157806454,-8.1,-13.9));
#3377=CARTESIAN_POINT('Origin',(-34.9999999999954,-8.1,-11.));
#3378=CARTESIAN_POINT('',(-36.5999999999955,-8.1,-11.));
#3379=CARTESIAN_POINT('Origin',(-34.9999999999955,-8.1,-11.));
#3380=CARTESIAN_POINT('Origin',(-24.9999999999955,-15.8,-5.));
#3381=CARTESIAN_POINT('',(-24.9999999999955,-15.8,-5.));
#3382=CARTESIAN_POINT('',(-24.9999999999955,-11.6,-5.));
#3383=CARTESIAN_POINT('',(-24.9999999999955,-28.,-5.));
#3384=CARTESIAN_POINT('',(-24.9999999999955,-15.8,3.));
#3385=CARTESIAN_POINT('',(-24.9999999999955,-15.8,-5.));
#3386=CARTESIAN_POINT('',(-24.9999999999955,-11.6,3.));
#3387=CARTESIAN_POINT('',(-24.9999999999955,-7.9,3.));
#3388=CARTESIAN_POINT('',(-24.9999999999955,-11.6,-5.));
#3389=CARTESIAN_POINT('Origin',(-1.55431223447522E-14,0.,3.));
#3390=CARTESIAN_POINT('',(-37.9999999999955,-11.6,3.));
#3391=CARTESIAN_POINT('',(-12.4999999999978,-11.6,3.));
#3392=CARTESIAN_POINT('',(-37.9999999999955,-15.8,3.));
#3393=CARTESIAN_POINT('',(-17.4999999999978,-15.8,3.));
#3394=CARTESIAN_POINT('',(-37.9999999999955,-23.7,3.));
#3395=CARTESIAN_POINT('',(-37.9999999999955,-10.85,3.));
#3396=CARTESIAN_POINT('',(-29.9999999999955,-31.7,3.));
#3397=CARTESIAN_POINT('',(-32.9249999999966,-28.7749999999988,3.));
#3398=CARTESIAN_POINT('',(-29.9999999999955,-53.7,3.));
#3399=CARTESIAN_POINT('',(-29.9999999999955,-22.7,3.));
#3400=CARTESIAN_POINT('',(-25.9999999999955,-57.7,3.));
#3401=CARTESIAN_POINT('',(-34.9249999999966,-48.7749999999989,3.));
#3402=CARTESIAN_POINT('',(-12.9999999999955,-57.7,3.));
#3403=CARTESIAN_POINT('',(-29.9999999999955,-57.7,3.));
#3404=CARTESIAN_POINT('',(-12.9999999999955,-54.7,3.));
#3405=CARTESIAN_POINT('',(-12.9999999999955,-28.85,3.));
#3406=CARTESIAN_POINT('',(-21.9999999999955,-54.7,3.));
#3407=CARTESIAN_POINT('',(10.0000000000022,-54.7,3.));
#3408=CARTESIAN_POINT('',(-21.9999999999955,-49.4,3.));
#3409=CARTESIAN_POINT('',(-21.9999999999955,-27.35,3.));
#3410=CARTESIAN_POINT('',(-12.9999999999955,-49.4,3.));
#3411=CARTESIAN_POINT('',(-9.99999999999777,-49.4,3.));
#3412=CARTESIAN_POINT('',(-12.9999999999955,-42.7,3.));
#3413=CARTESIAN_POINT('',(-12.9999999999955,-28.85,3.));
#3414=CARTESIAN_POINT('',(-6.99999999999553,-42.7,3.));
#3415=CARTESIAN_POINT('',(-6.49999999999777,-42.7,3.));
#3416=CARTESIAN_POINT('',(-6.99999999999553,-49.4,3.));
#3417=CARTESIAN_POINT('',(-6.99999999999553,-21.35,3.));
#3418=CARTESIAN_POINT('',(6.99999999999553,-49.4,3.));
#3419=CARTESIAN_POINT('',(-9.99999999999777,-49.4,3.));
#3420=CARTESIAN_POINT('',(6.99999999999553,-42.7,3.));
#3421=CARTESIAN_POINT('',(6.99999999999553,-21.35,3.));
#3422=CARTESIAN_POINT('',(12.9999999999955,-42.7,3.));
#3423=CARTESIAN_POINT('',(6.49999999999776,-42.7,3.));
#3424=CARTESIAN_POINT('',(12.9999999999955,-49.4,3.));
#3425=CARTESIAN_POINT('',(12.9999999999955,-28.85,3.));
#3426=CARTESIAN_POINT('',(22.0000000000045,-49.4,3.));
#3427=CARTESIAN_POINT('',(-9.99999999999777,-49.4,3.));
#3428=CARTESIAN_POINT('',(22.0000000000045,-54.7,3.));
#3429=CARTESIAN_POINT('',(22.0000000000044,-24.7,3.));
#3430=CARTESIAN_POINT('',(12.9999999999955,-54.7,3.));
#3431=CARTESIAN_POINT('',(10.0000000000022,-54.7,3.));
#3432=CARTESIAN_POINT('',(12.9999999999955,-57.7,3.));
#3433=CARTESIAN_POINT('',(12.9999999999955,-28.85,3.));
#3434=CARTESIAN_POINT('',(26.0000000000045,-57.7,3.));
#3435=CARTESIAN_POINT('',(-29.9999999999955,-57.7,3.));
#3436=CARTESIAN_POINT('',(30.0000000000045,-53.7,3.));
#3437=CARTESIAN_POINT('',(34.9250000000034,-48.7750000000011,3.));
#3438=CARTESIAN_POINT('',(30.0000000000045,13.3,3.));
#3439=CARTESIAN_POINT('',(30.0000000000045,-57.7,3.));
#3440=CARTESIAN_POINT('',(22.0000000000045,21.3,3.));
#3441=CARTESIAN_POINT('',(23.8250000000033,19.4750000000011,3.));
#3442=CARTESIAN_POINT('',(-21.9999999999955,21.3,3.));
#3443=CARTESIAN_POINT('',(30.0000000000045,21.3,3.));
#3444=CARTESIAN_POINT('',(-29.9999999999955,13.3,3.));
#3445=CARTESIAN_POINT('',(-23.8249999999966,19.4749999999989,3.));
#3446=CARTESIAN_POINT('',(-29.9999999999955,4.3,3.));
#3447=CARTESIAN_POINT('',(-29.9999999999955,-22.7,3.));
#3448=CARTESIAN_POINT('',(-37.9999999999955,-3.69999999999998,3.));
#3449=CARTESIAN_POINT('',(-26.0749999999966,8.22499999999888,3.));
#3450=CARTESIAN_POINT('',(-37.9999999999955,-10.85,3.));
#3451=CARTESIAN_POINT('',(18.657420587344,-15.55742058734,3.));
#3452=CARTESIAN_POINT('Origin',(15.557420587344,-15.55742058734,3.));
#3453=CARTESIAN_POINT('',(-12.45742058734,-15.55742058734,3.));
#3454=CARTESIAN_POINT('Origin',(-15.55742058734,-15.55742058734,3.));
#3455=CARTESIAN_POINT('',(13.,2.22044604925031E-15,3.));
#3456=CARTESIAN_POINT('Origin',(-1.33226762955019E-14,0.,3.));
#3457=CARTESIAN_POINT('',(-12.45742058734,15.557420587345,3.));
#3458=CARTESIAN_POINT('Origin',(-15.55742058734,15.557420587345,3.));
#3459=CARTESIAN_POINT('',(18.657420587345,15.557420587344,3.));
#3460=CARTESIAN_POINT('Origin',(15.557420587345,15.557420587344,3.));
#3461=CARTESIAN_POINT('Origin',(-38.9999999999955,-10.85,2.));
#3462=CARTESIAN_POINT('',(-39.9999999999955,-21.7,1.));
#3463=CARTESIAN_POINT('',(-40.2249999999955,-21.475,0.775000000000001));
#3464=CARTESIAN_POINT('',(-39.9999999999955,-15.8,1.));
#3465=CARTESIAN_POINT('',(-39.9999999999955,-15.8,0.999999999999998));
#3466=CARTESIAN_POINT('',(-39.9999999999955,-10.85,1.));
#3467=CARTESIAN_POINT('Origin',(-34.9999999999955,-26.7,-1.5));
#3468=CARTESIAN_POINT('',(-39.9999999999955,-21.7,-5.));
#3469=CARTESIAN_POINT('',(-39.9999999999955,-21.7,3.));
#3470=CARTESIAN_POINT('',(-29.9999999999955,-31.7,-5.));
#3471=CARTESIAN_POINT('',(-22.8749999999955,-38.825,-5.));
#3472=CARTESIAN_POINT('',(-29.9999999999955,-31.7,-1.5));
#3473=CARTESIAN_POINT('Origin',(-38.9999999999955,-10.85,2.));
#3474=CARTESIAN_POINT('',(-39.9999999999955,-5.69999999999999,1.));
#3475=CARTESIAN_POINT('',(-39.2749999999955,-4.97499999999999,1.72499999999999));
#3476=CARTESIAN_POINT('',(-39.9999999999955,-11.6,1.));
#3477=CARTESIAN_POINT('',(-39.9999999999955,-10.85,1.));
#3478=CARTESIAN_POINT('',(-39.9999999999955,-11.6,0.999999999999998));
#3479=CARTESIAN_POINT('Origin',(-34.9999999999955,-11.6,-6.));
#3480=CARTESIAN_POINT('',(-39.9999999999955,-11.6,-13.));
#3481=CARTESIAN_POINT('',(-39.9999999999955,-11.6,-10.5));
#3482=CARTESIAN_POINT('',(-37.9999999999955,-11.6,-15.));
#3483=CARTESIAN_POINT('',(-39.9999999999955,-11.6,-13.));
#3484=CARTESIAN_POINT('',(-29.9999999999955,-11.6,-15.));
#3485=CARTESIAN_POINT('',(-32.4999999999955,-11.6,-15.));
#3486=CARTESIAN_POINT('',(-27.4499999999955,-11.6,-9.9));
#3487=CARTESIAN_POINT('',(-36.5999999999955,-11.6,-11.));
#3488=CARTESIAN_POINT('Origin',(-34.9999999999955,-11.6,-11.));
#3489=CARTESIAN_POINT('Origin',(-39.9999999999955,-21.7,-15.));
#3490=CARTESIAN_POINT('',(-39.9999999999955,-5.69999999999999,-5.));
#3491=CARTESIAN_POINT('',(-39.9999999999955,-5.69999999999999,3.));
#3492=CARTESIAN_POINT('',(-39.9999999999955,-5.69999999999999,-13.));
#3493=CARTESIAN_POINT('',(-39.9999999999955,-5.69999999999999,3.));
#3494=CARTESIAN_POINT('',(-39.9999999999955,-21.7,-13.));
#3495=CARTESIAN_POINT('Origin',(-38.9999999999955,-21.7,-14.));
#3496=CARTESIAN_POINT('',(-39.9999999999955,-15.8,-13.));
#3497=CARTESIAN_POINT('',(-37.9999999999955,-15.8,-15.));
#3498=CARTESIAN_POINT('',(-39.9999999999955,-15.8,-13.));
#3499=CARTESIAN_POINT('',(-37.9999999999955,-21.7,-15.));
#3500=CARTESIAN_POINT('',(-37.9999999999955,-21.7,-15.));
#3501=CARTESIAN_POINT('',(-39.9999999999955,-21.7,-13.));
#3502=CARTESIAN_POINT('',(-39.9999999999955,-21.7,-13.));
#3503=CARTESIAN_POINT('',(-39.9999999999955,-21.7,-13.));
#3504=CARTESIAN_POINT('Origin',(-29.9999999999955,-21.7,-15.));
#3505=CARTESIAN_POINT('',(-29.9999999999955,-15.8,-15.));
#3506=CARTESIAN_POINT('',(-32.4999999999955,-15.8,-15.));
#3507=CARTESIAN_POINT('',(-29.9999999999955,-21.7,-15.));
#3508=CARTESIAN_POINT('',(-29.9999999999955,-21.7,-15.));
#3509=CARTESIAN_POINT('',(-39.9999999999955,-21.7,-15.));
#3510=CARTESIAN_POINT('Origin',(-34.9999999999955,-15.8,-6.));
#3511=CARTESIAN_POINT('',(-27.4499999999955,-15.8,-9.9));
#3512=CARTESIAN_POINT('',(-39.9999999999955,-15.8,-10.5));
#3513=CARTESIAN_POINT('',(-36.5999999999955,-15.8,-11.));
#3514=CARTESIAN_POINT('Origin',(-34.9999999999955,-15.8,-11.));
#3515=CARTESIAN_POINT('Origin',(-38.9999999999955,-21.7,-14.));
#3516=CARTESIAN_POINT('',(-37.9999999999955,-5.69999999999999,-15.));
#3517=CARTESIAN_POINT('',(-39.9999999999955,-5.69999999999999,-13.));
#3518=CARTESIAN_POINT('',(-37.9999999999955,-21.7,-15.));
#3519=CARTESIAN_POINT('Origin',(-27.4999999999955,-30.95,-10.));
#3520=CARTESIAN_POINT('',(-24.9999999999955,-21.7,-5.));
#3521=CARTESIAN_POINT('',(-24.9999999999955,-30.95,-5.));
#3522=CARTESIAN_POINT('',(-27.4499999999955,-21.7,-9.9));
#3523=CARTESIAN_POINT('Origin',(-27.4999999999955,-30.95,-10.));
#3524=CARTESIAN_POINT('',(-29.9999999999955,-5.69999999999999,-15.));
#3525=CARTESIAN_POINT('',(-29.9999999999955,-21.7,-15.));
#3526=CARTESIAN_POINT('',(-24.9999999999955,-5.7,-5.));
#3527=CARTESIAN_POINT('',(-27.4499999999955,-5.7,-9.9));
#3528=CARTESIAN_POINT('',(-24.9999999999955,-30.95,-5.));
#3529=CARTESIAN_POINT('Origin',(-34.9999999999955,-21.7,-11.));
#3530=CARTESIAN_POINT('',(-36.5999999999955,-21.7,-11.));
#3531=CARTESIAN_POINT('Origin',(-34.9999999999955,-21.7,-11.));
#3532=CARTESIAN_POINT('',(-36.5999999999955,-21.7,-11.));
#3533=CARTESIAN_POINT('Origin',(-34.9999999999955,-21.7,-11.));
#3534=CARTESIAN_POINT('',(-36.5999999999955,-21.7,-11.));
#3535=CARTESIAN_POINT('Origin',(-29.9999999999955,-57.7,3.));
#3536=CARTESIAN_POINT('',(-29.9999999999955,-53.7,-5.));
#3537=CARTESIAN_POINT('',(-29.9999999999955,-22.7,-5.));
#3538=CARTESIAN_POINT('',(-29.9999999999955,-53.7,3.));
#3539=CARTESIAN_POINT('Origin',(-34.9999999999955,-0.699999999999996,-1.5));
#3540=CARTESIAN_POINT('',(-29.9999999999955,4.3,-5.));
#3541=CARTESIAN_POINT('',(-29.9999999999955,4.3,-1.5));
#3542=CARTESIAN_POINT('',(-36.1249999999955,-1.82499999999999,-5.));
#3543=CARTESIAN_POINT('Origin',(-39.9999999999955,-21.7,-15.));
#3544=CARTESIAN_POINT('',(-39.9999999999955,-21.7,3.));
#3545=CARTESIAN_POINT('Origin',(-29.9999999999955,-21.7,-15.));
#3546=CARTESIAN_POINT('',(-39.9999999999955,-5.69999999999999,-15.));
#3547=CARTESIAN_POINT('Origin',(-34.9999999999955,-21.7,-6.));
#3548=CARTESIAN_POINT('',(-17.4999999999955,-21.7,-5.));
#3549=CARTESIAN_POINT('Origin',(-34.9999999999955,-5.7,-6.));
#3550=CARTESIAN_POINT('',(-17.4999999999955,-5.7,-5.));
#3551=CARTESIAN_POINT('Origin',(-29.9999999999955,-57.7,3.));
#3552=CARTESIAN_POINT('',(-29.9999999999955,13.3,-5.));
#3553=CARTESIAN_POINT('',(-29.9999999999955,13.3,1.5));
#3554=CARTESIAN_POINT('',(-29.9999999999955,-22.7,-5.));
#3555=CARTESIAN_POINT('Origin',(15.557420587344,-15.55742058734,2.175));
#3556=CARTESIAN_POINT('',(17.007420587344,-15.55742058734,1.35));
#3557=CARTESIAN_POINT('',(17.832420587344,-15.55742058734,2.175));
#3558=CARTESIAN_POINT('Origin',(15.557420587344,-15.55742058734,1.35));
#3559=CARTESIAN_POINT('Origin',(15.557420587344,-15.55742058734,0.));
#3560=CARTESIAN_POINT('',(17.007420587344,-15.55742058734,0.));
#3561=CARTESIAN_POINT('',(17.007420587344,-15.55742058734,0.));
#3562=CARTESIAN_POINT('Origin',(15.557420587344,-15.55742058734,0.));
#3563=CARTESIAN_POINT('Origin',(15.557420587345,15.557420587344,2.175));
#3564=CARTESIAN_POINT('',(17.007420587345,15.557420587344,1.35));
#3565=CARTESIAN_POINT('',(17.832420587345,15.557420587344,2.175));
#3566=CARTESIAN_POINT('Origin',(15.557420587345,15.557420587344,1.35));
#3567=CARTESIAN_POINT('Origin',(15.557420587345,15.557420587344,0.));
#3568=CARTESIAN_POINT('',(17.007420587345,15.557420587344,0.));
#3569=CARTESIAN_POINT('',(17.007420587345,15.557420587344,0.));
#3570=CARTESIAN_POINT('Origin',(15.557420587345,15.557420587344,0.));
#3571=CARTESIAN_POINT('Origin',(-15.55742058734,-15.55742058734,2.175));
#3572=CARTESIAN_POINT('',(-14.10742058734,-15.55742058734,1.35));
#3573=CARTESIAN_POINT('',(-13.28242058734,-15.55742058734,2.175));
#3574=CARTESIAN_POINT('Origin',(-15.55742058734,-15.55742058734,1.35));
#3575=CARTESIAN_POINT('Origin',(-15.55742058734,-15.55742058734,0.));
#3576=CARTESIAN_POINT('',(-14.10742058734,-15.55742058734,0.));
#3577=CARTESIAN_POINT('',(-14.10742058734,-15.55742058734,0.));
#3578=CARTESIAN_POINT('Origin',(-15.55742058734,-15.55742058734,0.));
#3579=CARTESIAN_POINT('Origin',(-15.55742058734,15.557420587345,2.175));
#3580=CARTESIAN_POINT('',(-14.10742058734,15.557420587345,1.35));
#3581=CARTESIAN_POINT('',(-13.28242058734,15.557420587345,2.175));
#3582=CARTESIAN_POINT('Origin',(-15.55742058734,15.557420587345,1.35));
#3583=CARTESIAN_POINT('Origin',(-15.55742058734,15.557420587345,0.));
#3584=CARTESIAN_POINT('',(-14.10742058734,15.557420587345,0.));
#3585=CARTESIAN_POINT('',(-14.10742058734,15.557420587345,0.));
#3586=CARTESIAN_POINT('Origin',(-15.55742058734,15.557420587345,0.));
#3587=CARTESIAN_POINT('Origin',(21.0000000000045,-44.8,-4.));
#3588=CARTESIAN_POINT('',(22.0000000000045,-54.7,-5.));
#3589=CARTESIAN_POINT('',(20.0000000000045,-54.7,-3.));
#3590=CARTESIAN_POINT('',(19.0000000000045,-54.7,-2.));
#3591=CARTESIAN_POINT('',(20.0000000000045,-49.4,-3.));
#3592=CARTESIAN_POINT('',(20.0000000000045,-44.8,-3.));
#3593=CARTESIAN_POINT('',(22.0000000000045,-49.4,-5.));
#3594=CARTESIAN_POINT('',(9.00000000000446,-49.4,8.));
#3595=CARTESIAN_POINT('',(22.0000000000045,-44.8,-5.));
#3596=CARTESIAN_POINT('Origin',(20.0000000000045,-49.4,3.));
#3597=CARTESIAN_POINT('',(20.0000000000045,-54.7,1.));
#3598=CARTESIAN_POINT('',(20.0000000000045,-54.7,3.));
#3599=CARTESIAN_POINT('',(20.0000000000045,-49.4,1.));
#3600=CARTESIAN_POINT('',(20.0000000000044,-24.7,1.));
#3601=CARTESIAN_POINT('',(20.0000000000045,-49.4,3.));
#3602=CARTESIAN_POINT('Origin',(21.0000000000044,-24.7,2.));
#3603=CARTESIAN_POINT('',(11.0000000000045,-49.4,-8.00000000000001));
#3604=CARTESIAN_POINT('',(21.0000000000045,-54.7,1.99999999999999));
#3605=CARTESIAN_POINT('Origin',(-20.9999999999955,-47.45,-4.));
#3606=CARTESIAN_POINT('',(-21.9999999999955,-49.4,-5.));
#3607=CARTESIAN_POINT('',(-19.9999999999955,-49.4,-3.));
#3608=CARTESIAN_POINT('',(-18.9999999999955,-49.4,-2.00000000000001));
#3609=CARTESIAN_POINT('',(-19.9999999999955,-54.7,-3.));
#3610=CARTESIAN_POINT('',(-19.9999999999955,-47.45,-3.));
#3611=CARTESIAN_POINT('',(-21.9999999999955,-54.7,-5.));
#3612=CARTESIAN_POINT('',(-8.99999999999549,-54.7,7.99999999999999));
#3613=CARTESIAN_POINT('',(-21.9999999999955,-47.45,-5.));
#3614=CARTESIAN_POINT('Origin',(-19.9999999999955,-54.7,3.));
#3615=CARTESIAN_POINT('',(-19.9999999999955,-49.4,1.));
#3616=CARTESIAN_POINT('',(-19.9999999999955,-49.4,3.));
#3617=CARTESIAN_POINT('',(-19.9999999999955,-54.7,1.));
#3618=CARTESIAN_POINT('',(-19.9999999999956,-27.35,1.));
#3619=CARTESIAN_POINT('',(-19.9999999999955,-54.7,3.));
#3620=CARTESIAN_POINT('Origin',(-20.9999999999955,-27.35,2.));
#3621=CARTESIAN_POINT('',(-10.9999999999955,-54.7,-7.99999999999999));
#3622=CARTESIAN_POINT('',(-20.9999999999955,-49.4,2.00000000000001));
#3623=CARTESIAN_POINT('Origin',(-11.9999999999955,-48.2,1.5));
#3624=CARTESIAN_POINT('',(-11.9999999999955,-46.6,-3.5));
#3625=CARTESIAN_POINT('',(-11.9999999999955,-48.2,-3.5));
#3626=CARTESIAN_POINT('',(-11.9999999999955,-49.2,-3.5));
#3627=CARTESIAN_POINT('',(-11.9999999999955,-46.6,1.5));
#3628=CARTESIAN_POINT('',(-11.9999999999955,-46.6,1.5));
#3629=CARTESIAN_POINT('',(-11.9999999999955,-48.2,1.5));
#3630=CARTESIAN_POINT('',(-11.9999999999955,-49.2,1.5));
#3631=CARTESIAN_POINT('',(-11.9999999999955,-48.2,1.5));
#3632=CARTESIAN_POINT('Origin',(-7.99999999999553,-48.2,1.5));
#3633=CARTESIAN_POINT('',(-7.99999999999553,-48.2,-3.5));
#3634=CARTESIAN_POINT('',(-8.99999999999553,-48.2,-3.5));
#3635=CARTESIAN_POINT('',(-7.99999999999553,-48.2,1.5));
#3636=CARTESIAN_POINT('',(-8.99999999999553,-48.2,1.5));
#3637=CARTESIAN_POINT('',(-7.99999999999553,-48.2,1.5));
#3638=CARTESIAN_POINT('',(-11.0999999999955,-48.2,-1.));
#3639=CARTESIAN_POINT('Origin',(-9.99999999999547,-48.2,-1.));
#3640=CARTESIAN_POINT('Origin',(-7.99999999999553,-46.6,1.5));
#3641=CARTESIAN_POINT('',(-7.99999999999553,-46.6,-3.5));
#3642=CARTESIAN_POINT('',(-7.99999999999553,-48.4,-3.5));
#3643=CARTESIAN_POINT('',(-7.99999999999553,-46.6,1.5));
#3644=CARTESIAN_POINT('',(-7.99999999999553,-48.4,1.5));
#3645=CARTESIAN_POINT('',(-7.99999999999553,-46.6,1.5));
#3646=CARTESIAN_POINT('Origin',(-11.9999999999955,-46.6,1.5));
#3647=CARTESIAN_POINT('',(-10.9999999999955,-46.6,-3.5));
#3648=CARTESIAN_POINT('',(-10.9999999999955,-46.6,1.5));
#3649=CARTESIAN_POINT('',(-11.0999999999955,-46.6,-1.));
#3650=CARTESIAN_POINT('Origin',(-9.99999999999547,-46.6,-1.));
#3651=CARTESIAN_POINT('Origin',(7.99999999999553,-48.2,1.5));
#3652=CARTESIAN_POINT('',(7.99999999999553,-46.6,-3.5));
#3653=CARTESIAN_POINT('',(7.99999999999553,-48.2,-3.5));
#3654=CARTESIAN_POINT('',(7.99999999999553,-49.2,-3.5));
#3655=CARTESIAN_POINT('',(7.99999999999553,-46.6,1.5));
#3656=CARTESIAN_POINT('',(7.99999999999553,-46.6,1.5));
#3657=CARTESIAN_POINT('',(7.99999999999553,-48.2,1.5));
#3658=CARTESIAN_POINT('',(7.99999999999553,-49.2,1.5));
#3659=CARTESIAN_POINT('',(7.99999999999553,-48.2,1.5));
#3660=CARTESIAN_POINT('Origin',(11.9999999999955,-48.2,1.5));
#3661=CARTESIAN_POINT('',(11.9999999999955,-48.2,-3.5));
#3662=CARTESIAN_POINT('',(10.9999999999955,-48.2,-3.5));
#3663=CARTESIAN_POINT('',(11.9999999999955,-48.2,1.5));
#3664=CARTESIAN_POINT('',(10.9999999999955,-48.2,1.5));
#3665=CARTESIAN_POINT('',(11.9999999999955,-48.2,1.5));
#3666=CARTESIAN_POINT('',(8.90000000000449,-48.2,-1.));
#3667=CARTESIAN_POINT('Origin',(10.0000000000045,-48.2,-1.));
#3668=CARTESIAN_POINT('Origin',(11.9999999999955,-46.6,1.5));
#3669=CARTESIAN_POINT('',(11.9999999999955,-46.6,-3.5));
#3670=CARTESIAN_POINT('',(11.9999999999955,-48.4,-3.5));
#3671=CARTESIAN_POINT('',(11.9999999999955,-46.6,1.5));
#3672=CARTESIAN_POINT('',(11.9999999999955,-48.4,1.5));
#3673=CARTESIAN_POINT('',(11.9999999999955,-46.6,1.5));
#3674=CARTESIAN_POINT('Origin',(7.99999999999553,-46.6,1.5));
#3675=CARTESIAN_POINT('',(8.99999999999553,-46.6,-3.5));
#3676=CARTESIAN_POINT('',(8.99999999999553,-46.6,1.5));
#3677=CARTESIAN_POINT('',(8.90000000000449,-46.6,-1.));
#3678=CARTESIAN_POINT('Origin',(10.0000000000045,-46.6,-1.));
#3679=CARTESIAN_POINT('Origin',(-9.99999999999547,-57.7,-1.));
#3680=CARTESIAN_POINT('',(-11.0999999999955,-49.4,-1.));
#3681=CARTESIAN_POINT('Origin',(-9.99999999999547,-49.4,-1.));
#3682=CARTESIAN_POINT('',(-11.0999999999955,-57.7,-1.));
#3683=CARTESIAN_POINT('Origin',(10.0000000000045,-57.7,-1.));
#3684=CARTESIAN_POINT('',(8.90000000000449,-49.4,-1.));
#3685=CARTESIAN_POINT('Origin',(10.0000000000045,-49.4,-1.));
#3686=CARTESIAN_POINT('',(8.90000000000449,-57.7,-1.));
#3687=CARTESIAN_POINT('Origin',(6.99999999999553,-42.7,-5.));
#3688=CARTESIAN_POINT('',(6.99999999999553,-54.7,-3.5));
#3689=CARTESIAN_POINT('',(6.99999999999553,-54.7,-5.));
#3690=CARTESIAN_POINT('',(6.99999999999553,-54.7,-1.));
#3691=CARTESIAN_POINT('',(6.99999999999553,-57.7,-3.5));
#3692=CARTESIAN_POINT('',(6.99999999999553,-57.7,-3.5));
#3693=CARTESIAN_POINT('',(6.99999999999553,-57.7,-5.));
#3694=CARTESIAN_POINT('',(6.99999999999553,-57.7,-1.));
#3695=CARTESIAN_POINT('',(6.99999999999553,-41.45,-5.));
#3696=CARTESIAN_POINT('Origin',(9.99999999999553,-50.2,-3.5));
#3697=CARTESIAN_POINT('',(12.9999999999955,-54.7,-3.5));
#3698=CARTESIAN_POINT('',(15.,-54.7,-3.5));
#3699=CARTESIAN_POINT('',(12.9999999999955,-57.7,-3.5));
#3700=CARTESIAN_POINT('',(12.9999999999955,-42.7,-3.5));
#3701=CARTESIAN_POINT('',(20.,-57.7,-3.5));
#3702=CARTESIAN_POINT('Origin',(12.9999999999955,-57.7,-5.));
#3703=CARTESIAN_POINT('',(12.9999999999955,-54.7,-5.));
#3704=CARTESIAN_POINT('',(12.9999999999955,-54.7,-1.));
#3705=CARTESIAN_POINT('',(12.9999999999955,-57.7,-5.));
#3706=CARTESIAN_POINT('',(12.9999999999955,-48.95,-5.));
#3707=CARTESIAN_POINT('',(12.9999999999955,-57.7,-1.));
#3708=CARTESIAN_POINT('Origin',(12.9999999999955,-57.7,-5.));
#3709=CARTESIAN_POINT('',(12.9999999999955,-49.4,-3.5));
#3710=CARTESIAN_POINT('',(12.9999999999955,-49.4,-5.));
#3711=CARTESIAN_POINT('',(12.9999999999955,-49.4,-1.));
#3712=CARTESIAN_POINT('',(12.9999999999955,-42.7,-3.5));
#3713=CARTESIAN_POINT('',(12.9999999999955,-42.7,-3.5));
#3714=CARTESIAN_POINT('',(12.9999999999955,-42.7,-5.));
#3715=CARTESIAN_POINT('',(12.9999999999955,-42.7,-5.));
#3716=CARTESIAN_POINT('',(12.9999999999955,-48.95,-5.));
#3717=CARTESIAN_POINT('Origin',(6.99999999999553,-42.7,-5.));
#3718=CARTESIAN_POINT('',(6.99999999999553,-49.4,-5.));
#3719=CARTESIAN_POINT('',(6.99999999999553,-49.4,-3.5));
#3720=CARTESIAN_POINT('',(6.99999999999553,-49.4,-1.));
#3721=CARTESIAN_POINT('',(6.99999999999553,-42.7,-5.));
#3722=CARTESIAN_POINT('',(6.99999999999553,-41.45,-5.));
#3723=CARTESIAN_POINT('',(6.99999999999553,-42.7,-3.5));
#3724=CARTESIAN_POINT('',(6.99999999999553,-42.7,-5.));
#3725=CARTESIAN_POINT('',(6.99999999999553,-57.7,-3.5));
#3726=CARTESIAN_POINT('Origin',(12.9999999999955,-42.7,-5.));
#3727=CARTESIAN_POINT('',(6.50000000000001,-42.7,-5.));
#3728=CARTESIAN_POINT('',(6.99999999999553,-42.7,-3.5));
#3729=CARTESIAN_POINT('Origin',(9.99999999999553,-50.2,-3.5));
#3730=CARTESIAN_POINT('',(-5.,-49.4,-3.5));
#3731=CARTESIAN_POINT('Origin',(30.0000000000045,-57.7,3.));
#3732=CARTESIAN_POINT('',(26.0000000000045,-57.7,-5.));
#3733=CARTESIAN_POINT('',(-29.9999999999955,-57.7,-5.));
#3734=CARTESIAN_POINT('',(26.0000000000045,-57.7,3.));
#3735=CARTESIAN_POINT('',(12.9999999999955,-57.7,1.5));
#3736=CARTESIAN_POINT('',(12.9999999999955,-57.7,3.));
#3737=CARTESIAN_POINT('',(6.99999999999553,-57.7,1.5));
#3738=CARTESIAN_POINT('',(20.,-57.7,1.5));
#3739=CARTESIAN_POINT('',(6.99999999999553,-57.7,3.));
#3740=CARTESIAN_POINT('',(6.99999999999553,-57.7,3.));
#3741=CARTESIAN_POINT('',(-6.99999999999553,-57.7,3.));
#3742=CARTESIAN_POINT('',(-29.9999999999955,-57.7,3.));
#3743=CARTESIAN_POINT('',(-6.99999999999553,-57.7,1.5));
#3744=CARTESIAN_POINT('',(-6.99999999999553,-57.7,3.));
#3745=CARTESIAN_POINT('',(-12.9999999999955,-57.7,1.5));
#3746=CARTESIAN_POINT('',(10.0000000000045,-57.7,1.5));
#3747=CARTESIAN_POINT('',(-12.9999999999955,-57.7,3.));
#3748=CARTESIAN_POINT('',(-25.9999999999955,-57.7,-5.));
#3749=CARTESIAN_POINT('',(-25.9999999999955,-57.7,3.));
#3750=CARTESIAN_POINT('',(-12.9999999999955,-57.7,-5.));
#3751=CARTESIAN_POINT('',(-29.9999999999955,-57.7,-5.));
#3752=CARTESIAN_POINT('',(-12.9999999999955,-57.7,-3.5));
#3753=CARTESIAN_POINT('',(-12.9999999999955,-57.7,-1.));
#3754=CARTESIAN_POINT('',(-6.99999999999553,-57.7,-3.5));
#3755=CARTESIAN_POINT('',(10.0000000000045,-57.7,-3.5));
#3756=CARTESIAN_POINT('',(-6.99999999999553,-57.7,-5.));
#3757=CARTESIAN_POINT('',(-6.99999999999553,-57.7,-1.));
#3758=CARTESIAN_POINT('',(-29.9999999999955,-57.7,-5.));
#3759=CARTESIAN_POINT('',(8.90000000000449,-57.7,-1.));
#3760=CARTESIAN_POINT('Origin',(10.0000000000045,-57.7,-1.));
#3761=CARTESIAN_POINT('',(-11.0999999999955,-57.7,-1.));
#3762=CARTESIAN_POINT('Origin',(-9.99999999999547,-57.7,-1.));
#3763=CARTESIAN_POINT('Origin',(4.49640324973188E-12,-40.2,-5.));
#3764=CARTESIAN_POINT('',(-6.99999999999553,-54.7,-5.));
#3765=CARTESIAN_POINT('',(-6.99999999999553,-41.45,-5.));
#3766=CARTESIAN_POINT('',(10.0000000000045,-54.7,-5.));
#3767=CARTESIAN_POINT('Origin',(4.49640324973188E-12,-40.2,-5.));
#3768=CARTESIAN_POINT('',(-21.9999999999955,21.3,-5.));
#3769=CARTESIAN_POINT('',(-33.8749999999955,9.42499999999997,-5.));
#3770=CARTESIAN_POINT('',(-16.34743135546,21.3,-5.));
#3771=CARTESIAN_POINT('',(30.0000000000045,21.3,-5.));
#3772=CARTESIAN_POINT('',(-17.2666701710038,20.9192388155435,-5.));
#3773=CARTESIAN_POINT('Origin',(-16.34743135546,20.,-5.));
#3774=CARTESIAN_POINT('',(-20.9192388155388,17.2666701710075,-5.));
#3775=CARTESIAN_POINT('',(-20.9192388155388,17.2666701710075,-5.));
#3776=CARTESIAN_POINT('',(-21.3,16.347431355469,-5.));
#3777=CARTESIAN_POINT('Origin',(-20.,16.347431355469,-5.));
#3778=CARTESIAN_POINT('',(-21.3,-16.34743135546,-5.));
#3779=CARTESIAN_POINT('',(-21.3,-16.34743135546,-5.));
#3780=CARTESIAN_POINT('',(-20.9192388155396,-17.2666701709996,-5.));
#3781=CARTESIAN_POINT('Origin',(-20.,-16.34743135546,-5.));
#3782=CARTESIAN_POINT('',(-17.2666701709996,-20.9192388155396,-5.));
#3783=CARTESIAN_POINT('',(-17.2666701709996,-20.9192388155396,-5.));
#3784=CARTESIAN_POINT('',(-16.34743135546,-21.3,-5.));
#3785=CARTESIAN_POINT('Origin',(-16.34743135546,-20.,-5.));
#3786=CARTESIAN_POINT('',(16.347431355469,-21.3,-5.));
#3787=CARTESIAN_POINT('',(16.347431355469,-21.3,-5.));
#3788=CARTESIAN_POINT('',(17.2666701710075,-20.9192388155387,-5.));
#3789=CARTESIAN_POINT('Origin',(16.347431355469,-20.,-5.));
#3790=CARTESIAN_POINT('',(20.9192388155435,-17.2666701710038,-5.));
#3791=CARTESIAN_POINT('',(20.9192388155435,-17.2666701710037,-5.));
#3792=CARTESIAN_POINT('',(21.3,-16.34743135546,-5.));
#3793=CARTESIAN_POINT('Origin',(20.,-16.34743135546,-5.));
#3794=CARTESIAN_POINT('',(21.3,16.347431355469,-5.));
#3795=CARTESIAN_POINT('',(21.3,16.347431355469,-5.));
#3796=CARTESIAN_POINT('',(20.9192388155426,17.2666701710116,-5.));
#3797=CARTESIAN_POINT('Origin',(20.,16.347431355469,-5.));
#3798=CARTESIAN_POINT('',(17.2666701710116,20.9192388155426,-5.));
#3799=CARTESIAN_POINT('',(17.2666701710116,20.9192388155426,-5.));
#3800=CARTESIAN_POINT('',(16.347431355469,21.3,-5.));
#3801=CARTESIAN_POINT('Origin',(16.347431355469,20.,-5.));
#3802=CARTESIAN_POINT('',(22.0000000000045,21.3,-5.));
#3803=CARTESIAN_POINT('',(30.0000000000045,21.3,-5.));
#3804=CARTESIAN_POINT('',(30.0000000000045,13.3,-5.));
#3805=CARTESIAN_POINT('',(33.8750000000045,9.42500000000001,-5.));
#3806=CARTESIAN_POINT('',(30.0000000000045,-53.7,-5.));
#3807=CARTESIAN_POINT('',(30.0000000000045,-57.7,-5.));
#3808=CARTESIAN_POINT('',(24.8750000000045,-58.825,-5.));
#3809=CARTESIAN_POINT('',(10.0000000000045,-54.7,-5.));
#3810=CARTESIAN_POINT('',(-9.99999999999552,-49.4,-5.));
#3811=CARTESIAN_POINT('',(-6.99999999999553,-49.4,-5.));
#3812=CARTESIAN_POINT('',(-9.99999999999552,-49.4,-5.));
#3813=CARTESIAN_POINT('',(-6.99999999999553,-42.7,-5.));
#3814=CARTESIAN_POINT('',(-6.99999999999553,-41.45,-5.));
#3815=CARTESIAN_POINT('',(-12.9999999999955,-42.7,-5.));
#3816=CARTESIAN_POINT('',(-6.49999999999552,-42.7,-5.));
#3817=CARTESIAN_POINT('',(-12.9999999999955,-49.4,-5.));
#3818=CARTESIAN_POINT('',(-12.9999999999955,-48.95,-5.));
#3819=CARTESIAN_POINT('',(-9.99999999999552,-49.4,-5.));
#3820=CARTESIAN_POINT('',(-12.9999999999955,-54.7,-5.));
#3821=CARTESIAN_POINT('',(10.0000000000045,-54.7,-5.));
#3822=CARTESIAN_POINT('',(-12.9999999999955,-48.95,-5.));
#3823=CARTESIAN_POINT('',(-24.8749999999955,-58.825,-5.));
#3824=CARTESIAN_POINT('Origin',(-6.99999999999553,-42.7,-5.));
#3825=CARTESIAN_POINT('',(-6.99999999999553,-49.4,-3.5));
#3826=CARTESIAN_POINT('',(-6.99999999999553,-49.4,-1.));
#3827=CARTESIAN_POINT('',(-6.99999999999553,-42.7,-3.5));
#3828=CARTESIAN_POINT('',(-6.99999999999553,-57.7,-3.5));
#3829=CARTESIAN_POINT('',(-6.99999999999553,-42.7,-5.));
#3830=CARTESIAN_POINT('Origin',(-6.99999999999553,-42.7,-5.));
#3831=CARTESIAN_POINT('',(-6.99999999999553,-54.7,-3.5));
#3832=CARTESIAN_POINT('',(-6.99999999999553,-54.7,-1.));
#3833=CARTESIAN_POINT('',(-6.99999999999553,-57.7,-3.5));
#3834=CARTESIAN_POINT('Origin',(-9.99999999999553,-50.2,-3.5));
#3835=CARTESIAN_POINT('',(-12.9999999999955,-49.4,-3.5));
#3836=CARTESIAN_POINT('',(-14.9999999999955,-49.4,-3.5));
#3837=CARTESIAN_POINT('',(-12.9999999999955,-42.7,-3.5));
#3838=CARTESIAN_POINT('',(-12.9999999999955,-42.7,-3.5));
#3839=CARTESIAN_POINT('',(-6.99999999999553,-42.7,-3.5));
#3840=CARTESIAN_POINT('Origin',(-9.99999999999553,-50.2,-3.5));
#3841=CARTESIAN_POINT('',(-12.9999999999955,-54.7,-3.5));
#3842=CARTESIAN_POINT('',(5.00000000000447,-54.7,-3.5));
#3843=CARTESIAN_POINT('',(-12.9999999999955,-42.7,-3.5));
#3844=CARTESIAN_POINT('Origin',(-12.9999999999955,-57.7,-5.));
#3845=CARTESIAN_POINT('',(-12.9999999999955,-49.4,-1.));
#3846=CARTESIAN_POINT('',(-12.9999999999955,-42.7,-5.));
#3847=CARTESIAN_POINT('Origin',(-12.9999999999955,-42.7,-5.));
#3848=CARTESIAN_POINT('Origin',(-12.9999999999955,-57.7,-5.));
#3849=CARTESIAN_POINT('',(-12.9999999999955,-54.7,-1.));
#3850=CARTESIAN_POINT('Origin',(20.0000000000045,-54.7,3.));
#3851=CARTESIAN_POINT('',(-12.9999999999955,-54.7,1.5));
#3852=CARTESIAN_POINT('',(-12.9999999999955,-54.7,3.));
#3853=CARTESIAN_POINT('',(-6.99999999999553,-54.7,1.5));
#3854=CARTESIAN_POINT('',(5.00000000000447,-54.7,1.5));
#3855=CARTESIAN_POINT('',(-6.99999999999553,-54.7,3.));
#3856=CARTESIAN_POINT('',(-6.99999999999553,-54.7,3.));
#3857=CARTESIAN_POINT('',(6.99999999999553,-54.7,3.));
#3858=CARTESIAN_POINT('',(10.0000000000022,-54.7,3.));
#3859=CARTESIAN_POINT('',(6.99999999999553,-54.7,1.5));
#3860=CARTESIAN_POINT('',(6.99999999999553,-54.7,3.));
#3861=CARTESIAN_POINT('',(12.9999999999955,-54.7,1.5));
#3862=CARTESIAN_POINT('',(15.,-54.7,1.5));
#3863=CARTESIAN_POINT('',(12.9999999999955,-54.7,3.));
#3864=CARTESIAN_POINT('',(8.90000000000449,-54.7,-1.));
#3865=CARTESIAN_POINT('Origin',(10.0000000000045,-54.7,-1.));
#3866=CARTESIAN_POINT('',(-11.0999999999955,-54.7,-1.));
#3867=CARTESIAN_POINT('Origin',(-9.99999999999547,-54.7,-1.));
#3868=CARTESIAN_POINT('Origin',(6.99999999999553,-42.7,3.));
#3869=CARTESIAN_POINT('',(6.99999999999553,-21.35,3.));
#3870=CARTESIAN_POINT('',(6.99999999999553,-57.7,1.5));
#3871=CARTESIAN_POINT('Origin',(9.99999999999553,-50.2,1.5));
#3872=CARTESIAN_POINT('',(12.9999999999955,-42.7,1.5));
#3873=CARTESIAN_POINT('Origin',(12.9999999999955,-57.7,3.));
#3874=CARTESIAN_POINT('Origin',(6.99999999999553,-42.7,3.));
#3875=CARTESIAN_POINT('',(6.99999999999553,-49.4,1.5));
#3876=CARTESIAN_POINT('',(6.99999999999553,-49.4,3.));
#3877=CARTESIAN_POINT('',(6.99999999999553,-42.7,1.5));
#3878=CARTESIAN_POINT('',(6.99999999999553,-57.7,1.5));
#3879=CARTESIAN_POINT('',(6.99999999999553,-42.7,3.));
#3880=CARTESIAN_POINT('Origin',(12.9999999999955,-42.7,3.));
#3881=CARTESIAN_POINT('',(12.9999999999955,-42.7,1.5));
#3882=CARTESIAN_POINT('',(6.99999999999553,-42.7,1.5));
#3883=CARTESIAN_POINT('',(12.9999999999955,-42.7,3.));
#3884=CARTESIAN_POINT('Origin',(12.9999999999955,-57.7,3.));
#3885=CARTESIAN_POINT('',(12.9999999999955,-49.4,1.5));
#3886=CARTESIAN_POINT('',(12.9999999999955,-49.4,3.));
#3887=CARTESIAN_POINT('',(12.9999999999955,-42.7,1.5));
#3888=CARTESIAN_POINT('Origin',(9.99999999999553,-50.2,1.5));
#3889=CARTESIAN_POINT('',(-5.,-49.4,1.5));
#3890=CARTESIAN_POINT('Origin',(-1.55431223447522E-14,0.,3.));
#3891=CARTESIAN_POINT('',(-6.99999999999553,-21.35,3.));
#3892=CARTESIAN_POINT('Origin',(-6.99999999999553,-42.7,3.));
#3893=CARTESIAN_POINT('',(-6.99999999999553,-57.7,1.5));
#3894=CARTESIAN_POINT('Origin',(-6.99999999999553,-42.7,3.));
#3895=CARTESIAN_POINT('',(-6.99999999999553,-49.4,1.5));
#3896=CARTESIAN_POINT('',(-6.99999999999553,-49.4,3.));
#3897=CARTESIAN_POINT('',(-6.99999999999553,-42.7,1.5));
#3898=CARTESIAN_POINT('',(-6.99999999999553,-42.7,3.));
#3899=CARTESIAN_POINT('',(-6.99999999999553,-57.7,1.5));
#3900=CARTESIAN_POINT('Origin',(-9.99999999999553,-50.2,1.5));
#3901=CARTESIAN_POINT('',(-12.9999999999955,-42.7,1.5));
#3902=CARTESIAN_POINT('Origin',(-9.99999999999553,-50.2,1.5));
#3903=CARTESIAN_POINT('',(-12.9999999999955,-49.4,1.5));
#3904=CARTESIAN_POINT('',(-14.9999999999955,-49.4,1.5));
#3905=CARTESIAN_POINT('',(-12.9999999999955,-42.7,1.5));
#3906=CARTESIAN_POINT('',(-6.99999999999553,-42.7,1.5));
#3907=CARTESIAN_POINT('',(-12.9999999999955,-42.7,1.5));
#3908=CARTESIAN_POINT('Origin',(-12.9999999999955,-57.7,3.));
#3909=CARTESIAN_POINT('Origin',(-12.9999999999955,-42.7,3.));
#3910=CARTESIAN_POINT('',(-12.9999999999955,-42.7,3.));
#3911=CARTESIAN_POINT('Origin',(-12.9999999999955,-57.7,3.));
#3912=CARTESIAN_POINT('',(-12.9999999999955,-49.4,3.));
#3913=CARTESIAN_POINT('Origin',(-19.9999999999955,-49.4,3.));
#3914=CARTESIAN_POINT('Origin',(10.0000000000045,-57.7,-1.));
#3915=CARTESIAN_POINT('',(8.90000000000449,-57.7,-1.));
#3916=CARTESIAN_POINT('Origin',(10.0000000000045,-57.7,-1.));
#3917=CARTESIAN_POINT('',(8.90000000000449,-43.7,-1.));
#3918=CARTESIAN_POINT('',(8.90000000000449,-57.7,-1.));
#3919=CARTESIAN_POINT('Origin',(10.0000000000045,-43.7,-1.));
#3920=CARTESIAN_POINT('Origin',(10.0000000000045,-43.7,-1.));
#3921=CARTESIAN_POINT('Origin',(-9.99999999999547,-57.7,-1.));
#3922=CARTESIAN_POINT('',(-11.0999999999955,-57.7,-1.));
#3923=CARTESIAN_POINT('Origin',(-9.99999999999547,-57.7,-1.));
#3924=CARTESIAN_POINT('',(-11.0999999999955,-43.7,-1.));
#3925=CARTESIAN_POINT('',(-11.0999999999955,-57.7,-1.));
#3926=CARTESIAN_POINT('Origin',(-9.99999999999547,-43.7,-1.));
#3927=CARTESIAN_POINT('Origin',(-9.99999999999547,-43.7,-1.));
#3928=CARTESIAN_POINT('Origin',(-25.9999999999955,17.3,1.5));
#3929=CARTESIAN_POINT('',(-21.9999999999955,21.3,1.5));
#3930=CARTESIAN_POINT('Origin',(16.347431355469,21.3,0.));
#3931=CARTESIAN_POINT('',(22.0000000000045,21.3,1.5));
#3932=CARTESIAN_POINT('',(16.347431355469,21.3,0.));
#3933=CARTESIAN_POINT('',(16.347431355469,21.3,3.));
#3934=CARTESIAN_POINT('',(-16.34743135546,21.3,0.));
#3935=CARTESIAN_POINT('',(16.347431355469,21.3,0.));
#3936=CARTESIAN_POINT('',(-16.34743135546,21.3,3.));
#3937=CARTESIAN_POINT('Origin',(26.0000000000045,17.3,1.5));
#3938=CARTESIAN_POINT('',(30.0000000000045,13.3,1.5));
#3939=CARTESIAN_POINT('Origin',(-27.9999999999955,-55.7,3.));
#3940=CARTESIAN_POINT('Origin',(28.0000000000045,-55.7,3.));
#3941=CARTESIAN_POINT('',(30.0000000000045,-53.7,3.));
#3942=CARTESIAN_POINT('Origin',(30.0000000000045,21.3,3.));
#3943=CARTESIAN_POINT('Origin',(16.347431355469,20.,3.));
#3944=CARTESIAN_POINT('',(17.2666701710116,20.9192388155426,0.));
#3945=CARTESIAN_POINT('Origin',(16.347431355469,20.,0.));
#3946=CARTESIAN_POINT('',(17.2666701710116,20.9192388155426,3.));
#3947=CARTESIAN_POINT('Origin',(20.9192388155426,17.2666701710116,3.));
#3948=CARTESIAN_POINT('',(20.9192388155426,17.2666701710116,0.));
#3949=CARTESIAN_POINT('',(20.9192388155426,17.2666701710116,0.));
#3950=CARTESIAN_POINT('',(20.9192388155426,17.2666701710116,3.));
#3951=CARTESIAN_POINT('Origin',(20.,16.347431355469,3.));
#3952=CARTESIAN_POINT('',(21.3,16.347431355469,0.));
#3953=CARTESIAN_POINT('Origin',(20.,16.347431355469,0.));
#3954=CARTESIAN_POINT('',(21.3,16.347431355469,3.));
#3955=CARTESIAN_POINT('Origin',(21.3,-16.34743135546,3.));
#3956=CARTESIAN_POINT('',(21.3,-16.34743135546,0.));
#3957=CARTESIAN_POINT('',(21.3,-16.34743135546,0.));
#3958=CARTESIAN_POINT('',(21.3,-16.34743135546,3.));
#3959=CARTESIAN_POINT('Origin',(20.,-16.34743135546,3.));
#3960=CARTESIAN_POINT('',(20.9192388155435,-17.2666701710038,0.));
#3961=CARTESIAN_POINT('Origin',(20.,-16.34743135546,0.));
#3962=CARTESIAN_POINT('',(20.9192388155435,-17.2666701710037,3.));
#3963=CARTESIAN_POINT('Origin',(17.2666701710075,-20.9192388155387,3.));
#3964=CARTESIAN_POINT('',(17.2666701710075,-20.9192388155387,0.));
#3965=CARTESIAN_POINT('',(17.2666701710075,-20.9192388155387,0.));
#3966=CARTESIAN_POINT('',(17.2666701710075,-20.9192388155387,3.));
#3967=CARTESIAN_POINT('Origin',(16.347431355469,-20.,3.));
#3968=CARTESIAN_POINT('',(16.347431355469,-21.3,0.));
#3969=CARTESIAN_POINT('Origin',(16.347431355469,-20.,0.));
#3970=CARTESIAN_POINT('',(16.347431355469,-21.3,3.));
#3971=CARTESIAN_POINT('Origin',(-16.34743135546,-21.3,3.));
#3972=CARTESIAN_POINT('',(-16.34743135546,-21.3,0.));
#3973=CARTESIAN_POINT('',(-16.34743135546,-21.3,0.));
#3974=CARTESIAN_POINT('',(-16.34743135546,-21.3,3.));
#3975=CARTESIAN_POINT('Origin',(-16.34743135546,-20.,3.));
#3976=CARTESIAN_POINT('',(-17.2666701709996,-20.9192388155396,0.));
#3977=CARTESIAN_POINT('Origin',(-16.34743135546,-20.,0.));
#3978=CARTESIAN_POINT('',(-17.2666701709996,-20.9192388155396,3.));
#3979=CARTESIAN_POINT('Origin',(-20.9192388155396,-17.2666701709996,3.));
#3980=CARTESIAN_POINT('',(-20.9192388155396,-17.2666701709996,0.));
#3981=CARTESIAN_POINT('',(-20.9192388155396,-17.2666701709996,0.));
#3982=CARTESIAN_POINT('',(-20.9192388155396,-17.2666701709996,3.));
#3983=CARTESIAN_POINT('Origin',(-20.,-16.34743135546,3.));
#3984=CARTESIAN_POINT('',(-21.3,-16.34743135546,0.));
#3985=CARTESIAN_POINT('Origin',(-20.,-16.34743135546,0.));
#3986=CARTESIAN_POINT('',(-21.3,-16.34743135546,3.));
#3987=CARTESIAN_POINT('Origin',(-21.3,16.347431355469,3.));
#3988=CARTESIAN_POINT('',(-21.3,16.347431355469,0.));
#3989=CARTESIAN_POINT('',(-21.3,16.347431355469,0.));
#3990=CARTESIAN_POINT('',(-21.3,16.347431355469,3.));
#3991=CARTESIAN_POINT('Origin',(-20.,16.347431355469,3.));
#3992=CARTESIAN_POINT('',(-20.9192388155388,17.2666701710075,0.));
#3993=CARTESIAN_POINT('Origin',(-20.,16.347431355469,0.));
#3994=CARTESIAN_POINT('',(-20.9192388155388,17.2666701710075,3.));
#3995=CARTESIAN_POINT('Origin',(-17.2666701710038,20.9192388155435,3.));
#3996=CARTESIAN_POINT('',(-17.2666701710038,20.9192388155435,0.));
#3997=CARTESIAN_POINT('',(-17.2666701710038,20.9192388155435,0.));
#3998=CARTESIAN_POINT('',(-17.2666701710038,20.9192388155435,3.));
#3999=CARTESIAN_POINT('Origin',(-16.34743135546,20.,3.));
#4000=CARTESIAN_POINT('Origin',(-16.34743135546,20.,0.));
#4001=CARTESIAN_POINT('Origin',(-1.33226762955019E-14,0.,0.));
#4002=CARTESIAN_POINT('',(13.,1.59204083889156E-15,0.));
#4003=CARTESIAN_POINT('',(13.,1.59204083889156E-15,0.));
#4004=CARTESIAN_POINT('Origin',(-1.33226762955019E-14,0.,0.));
#4005=CARTESIAN_POINT('Origin',(-1.55431223447522E-14,0.,0.));
#4006=UNCERTAINTY_MEASURE_WITH_UNIT(LENGTH_MEASURE(0.01),#4010,
'DISTANCE_ACCURACY_VALUE',
'Maximum model space distance between geometric entities at asserted c
onnectivities');
#4007=UNCERTAINTY_MEASURE_WITH_UNIT(LENGTH_MEASURE(0.01),#4010,
'DISTANCE_ACCURACY_VALUE',
'Maximum model space distance between geometric entities at asserted c
onnectivities');
#4008=(
GEOMETRIC_REPRESENTATION_CONTEXT(3)
GLOBAL_UNCERTAINTY_ASSIGNED_CONTEXT((#4006))
GLOBAL_UNIT_ASSIGNED_CONTEXT((#4010,#4012,#4013))
REPRESENTATION_CONTEXT('','3D')
);
#4009=(
GEOMETRIC_REPRESENTATION_CONTEXT(3)
GLOBAL_UNCERTAINTY_ASSIGNED_CONTEXT((#4007))
GLOBAL_UNIT_ASSIGNED_CONTEXT((#4010,#4012,#4013))
REPRESENTATION_CONTEXT('','3D')
);
#4010=(
LENGTH_UNIT()
NAMED_UNIT(*)
SI_UNIT(.MILLI.,.METRE.)
);
#4011=(
LENGTH_UNIT()
NAMED_UNIT(*)
SI_UNIT(.CENTI.,.METRE.)
);
#4012=(
NAMED_UNIT(*)
PLANE_ANGLE_UNIT()
SI_UNIT($,.RADIAN.)
);
#4013=(
NAMED_UNIT(*)
SI_UNIT($,.STERADIAN.)
SOLID_ANGLE_UNIT()
);
#4014=SHAPE_DEFINITION_REPRESENTATION(#4015,#4016);
#4015=PRODUCT_DEFINITION_SHAPE('',$,#4018);
#4016=SHAPE_REPRESENTATION('',(#2486),#4008);
#4017=PRODUCT_DEFINITION_CONTEXT('part definition',#4022,'design');
#4018=PRODUCT_DEFINITION('\X2\043A0430044004350442043A0430\X0\',
'\X2\043A0430044004350442043A0430\X0\',#4019,#4017);
#4019=PRODUCT_DEFINITION_FORMATION('',$,#4024);
#4020=PRODUCT_RELATED_PRODUCT_CATEGORY('\X2\043A0430044004350442043A0430\X0\',
'\X2\043A0430044004350442043A0430\X0\',(#4024));
#4021=APPLICATION_PROTOCOL_DEFINITION('international standard',
'automotive_design',2009,#4022);
#4022=APPLICATION_CONTEXT(
'Core Data for Automotive Mechanical Design Process');
#4023=PRODUCT_CONTEXT('part definition',#4022,'mechanical');
#4024=PRODUCT('\X2\043A0430044004350442043A0430\X0\','\X2\043A0430044004350442043A0430\X0\',
$,(#4023));
#4025=PRESENTATION_STYLE_ASSIGNMENT((#4026));
#4026=SURFACE_STYLE_USAGE(.BOTH.,#4029);
#4027=SURFACE_STYLE_RENDERING_WITH_PROPERTIES($,#4033,(#4028));
#4028=SURFACE_STYLE_TRANSPARENT(0.);
#4029=SURFACE_SIDE_STYLE('',(#4030,#4027));
#4030=SURFACE_STYLE_FILL_AREA(#4031);
#4031=FILL_AREA_STYLE('',(#4032));
#4032=FILL_AREA_STYLE_COLOUR('',#4033);
#4033=COLOUR_RGB('',0.0509803921568627,0.615686274509804,0.0509803921568627);
ENDSEC;
END-ISO-10303-21;
