ISO-10303-21;
HEADER;
/* Generated by software containing ST-Developer
 * from STEP Tools, Inc. (www.steptools.com) 
 */

FILE_DESCRIPTION(
/* description */ ('',
'CAx-IF Rec.Pracs.---Representation and Presentation of Product Manufa
cturing Information (PMI)---4.0---2014-10-13'),
/* implementation_level */ '2;1');

FILE_NAME(
/* name */ 'C:\\Users\\maste\\Documents\\Soberizavod\\A110\\A110.stp',
/* time_stamp */ '2019-03-25T16:11:40+03:00',
/* author */ ('maste'),
/* organization */ ('TraceParts S.A.'),
/* preprocessor_version */ 'ST-DEVELOPER v17',
/* originating_system */ 'Autodesk Inventor 2018',
/* authorisation */ '');

FILE_SCHEMA (('AP242_MANAGED_MODEL_BASED_3D_ENGINEERING_MIM_LF { 1 0 10303 442 1 1 4 }'));
ENDSEC;

DATA;
#10=MECHANICAL_DESIGN_GEOMETRIC_PRESENTATION_REPRESENTATION('',(#81,#82,
#83,#84,#85),#2968);
#11=ITEM_DEFINED_TRANSFORMATION($,$,#1376,#1571);
#12=ITEM_DEFINED_TRANSFORMATION($,$,#1432,#1572);
#13=ITEM_DEFINED_TRANSFORMATION($,$,#1464,#1573);
#14=ITEM_DEFINED_TRANSFORMATION($,$,#1501,#1574);
#15=ITEM_DEFINED_TRANSFORMATION($,$,#1538,#1575);
#16=(
REPRESENTATION_RELATIONSHIP($,$,#2991,#2990)
REPRESENTATION_RELATIONSHIP_WITH_TRANSFORMATION(#11)
SHAPE_REPRESENTATION_RELATIONSHIP()
);
#17=(
REPRESENTATION_RELATIONSHIP($,$,#2992,#2990)
REPRESENTATION_RELATIONSHIP_WITH_TRANSFORMATION(#12)
SHAPE_REPRESENTATION_RELATIONSHIP()
);
#18=(
REPRESENTATION_RELATIONSHIP($,$,#2993,#2990)
REPRESENTATION_RELATIONSHIP_WITH_TRANSFORMATION(#13)
SHAPE_REPRESENTATION_RELATIONSHIP()
);
#19=(
REPRESENTATION_RELATIONSHIP($,$,#2994,#2990)
REPRESENTATION_RELATIONSHIP_WITH_TRANSFORMATION(#14)
SHAPE_REPRESENTATION_RELATIONSHIP()
);
#20=(
REPRESENTATION_RELATIONSHIP($,$,#2995,#2990)
REPRESENTATION_RELATIONSHIP_WITH_TRANSFORMATION(#15)
SHAPE_REPRESENTATION_RELATIONSHIP()
);
#21=CONTEXT_DEPENDENT_SHAPE_REPRESENTATION(#16,#2985);
#22=CONTEXT_DEPENDENT_SHAPE_REPRESENTATION(#17,#2986);
#23=CONTEXT_DEPENDENT_SHAPE_REPRESENTATION(#18,#2987);
#24=CONTEXT_DEPENDENT_SHAPE_REPRESENTATION(#19,#2988);
#25=CONTEXT_DEPENDENT_SHAPE_REPRESENTATION(#20,#2989);
#26=NEXT_ASSEMBLY_USAGE_OCCURRENCE('roulement_wbb1-8705-2z_2_01:1',
'roulement_wbb1-8705-2z_2_01:1','roulement_wbb1-8705-2z_2_01:1',#2997,#2998,
'roulement_wbb1-8705-2z_2_01:1');
#27=NEXT_ASSEMBLY_USAGE_OCCURRENCE('roulement_wbb1-8705-2z_2_02:1',
'roulement_wbb1-8705-2z_2_02:1','roulement_wbb1-8705-2z_2_02:1',#2997,#2999,
'roulement_wbb1-8705-2z_2_02:1');
#28=NEXT_ASSEMBLY_USAGE_OCCURRENCE('roulement_wbb1-8705-2z_2_03:1',
'roulement_wbb1-8705-2z_2_03:1','roulement_wbb1-8705-2z_2_03:1',#2997,#3000,
'roulement_wbb1-8705-2z_2_03:1');
#29=NEXT_ASSEMBLY_USAGE_OCCURRENCE('roulement_wbb1-8705-2z_2_04:1',
'roulement_wbb1-8705-2z_2_04:1','roulement_wbb1-8705-2z_2_04:1',#2997,#3001,
'roulement_wbb1-8705-2z_2_04:1');
#30=NEXT_ASSEMBLY_USAGE_OCCURRENCE('roulement_wbb1-8705-2z_2_05:1',
'roulement_wbb1-8705-2z_2_05:1','roulement_wbb1-8705-2z_2_05:1',#2997,#3002,
'roulement_wbb1-8705-2z_2_05:1');
#31=B_SPLINE_CURVE_WITH_KNOTS('',3,(#2300,#2301,#2302,#2303,#2304,#2305,
#2306,#2307,#2308,#2309,#2310,#2311,#2312,#2313,#2314,#2315,#2316,#2317),
 .UNSPECIFIED.,.F.,.F.,(4,2,2,2,2,2,2,2,4),(0.,0.00369792981100463,0.00740301427258506,
0.011116777261014,0.0148377515936106,0.0185587455596428,0.0222725539384193,
0.0259776613073327,0.0296755729616185),.UNSPECIFIED.);
#32=B_SPLINE_CURVE_WITH_KNOTS('',3,(#2318,#2319,#2320,#2321,#2322,#2323,
#2324,#2325,#2326,#2327,#2328,#2329,#2330,#2331,#2332,#2333,#2334,#2335),
 .UNSPECIFIED.,.F.,.F.,(4,2,2,2,2,2,2,2,4),(0.0296755729616185,0.0333734846159041,
0.0370785919848166,0.0407924003635941,0.0445133943296264,0.0482343686622224,
0.0519481316506517,0.0556532161122316,0.0593511459232368),.UNSPECIFIED.);
#33=B_SPLINE_CURVE_WITH_KNOTS('',3,(#2338,#2339,#2340,#2341,#2342,#2343,
#2344,#2345,#2346,#2347,#2348,#2349,#2350,#2351,#2352,#2353,#2354,#2355),
 .UNSPECIFIED.,.F.,.F.,(4,2,2,2,2,2,2,2,4),(0.,0.00369792981100515,0.00740301427258513,
0.0111167772610143,0.0148377515936104,0.0185587455596427,0.0222725539384202,
0.0259776613073327,0.0296755729616184),.UNSPECIFIED.);
#34=B_SPLINE_CURVE_WITH_KNOTS('',3,(#2356,#2357,#2358,#2359,#2360,#2361,
#2362,#2363,#2364,#2365,#2366,#2367,#2368,#2369,#2370,#2371,#2372,#2373),
 .UNSPECIFIED.,.F.,.F.,(4,2,2,2,2,2,2,2,4),(0.0296755729616184,0.0333734846159042,
0.0370785919848175,0.0407924003635942,0.0445133943296264,0.0482343686622226,
0.0519481316506519,0.0556532161122322,0.0593511459232368),.UNSPECIFIED.);
#35=B_SPLINE_CURVE_WITH_KNOTS('',3,(#2380,#2381,#2382,#2383,#2384,#2385,
#2386,#2387,#2388,#2389,#2390,#2391,#2392,#2393,#2394,#2395,#2396,#2397),
 .UNSPECIFIED.,.F.,.F.,(4,2,2,2,2,2,2,2,4),(0.,0.00370147415154108,0.00741012078401406,
0.0111203396226075,0.0148377519248928,0.018555173450934,0.0222654273295778,
0.0259741073180893,0.0296755736272909),.UNSPECIFIED.);
#36=B_SPLINE_CURVE_WITH_KNOTS('',3,(#2398,#2399,#2400,#2401,#2402,#2403,
#2404,#2405,#2406,#2407,#2408,#2409,#2410,#2411,#2412,#2413,#2414,#2415),
 .UNSPECIFIED.,.F.,.F.,(4,2,2,2,2,2,2,2,4),(0.0296755736272909,0.0333734852815768,
0.0370785926504895,0.0407924010292665,0.0445133949952986,0.0482343693278956,
0.0519481323163244,0.0556532167779049,0.0593511465889094),.UNSPECIFIED.);
#37=B_SPLINE_CURVE_WITH_KNOTS('',3,(#2418,#2419,#2420,#2421,#2422,#2423,
#2424,#2425,#2426,#2427,#2428,#2429,#2430,#2431,#2432,#2433,#2434,#2435),
 .UNSPECIFIED.,.F.,.F.,(4,2,2,2,2,2,2,2,4),(0.,0.00369792981100454,0.00740301427258504,
0.0111167772610139,0.0148377515936109,0.0185587455596429,0.0222725539384199,
0.0259776613073327,0.0296755729616186),.UNSPECIFIED.);
#38=B_SPLINE_CURVE_WITH_KNOTS('',3,(#2436,#2437,#2438,#2439,#2440,#2441,
#2442,#2443,#2444,#2445,#2446,#2447,#2448,#2449,#2450,#2451,#2452,#2453),
 .UNSPECIFIED.,.F.,.F.,(4,2,2,2,2,2,2,2,4),(0.0296755729616186,0.0333770392708201,
0.0370857192593316,0.0407959731379754,0.0445133946640167,0.0482308069663019,
0.0519410258048954,0.0556496724373684,0.0593511465889094),.UNSPECIFIED.);
#39=B_SPLINE_CURVE_WITH_KNOTS('',3,(#2460,#2461,#2462,#2463,#2464,#2465,
#2466,#2467,#2468,#2469,#2470,#2471,#2472,#2473,#2474,#2475,#2476,#2477),
 .UNSPECIFIED.,.F.,.F.,(4,2,2,2,2,2,2,2,4),(0.,0.00369792981100435,0.00740301427258488,
0.0111167772610128,0.0148377515936116,0.0185587455596438,0.0222725539384203,
0.025977661307333,0.0296755729616192),.UNSPECIFIED.);
#40=B_SPLINE_CURVE_WITH_KNOTS('',3,(#2478,#2479,#2480,#2481,#2482,#2483,
#2484,#2485,#2486,#2487,#2488,#2489,#2490,#2491,#2492,#2493,#2494,#2495),
 .UNSPECIFIED.,.F.,.F.,(4,2,2,2,2,2,2,2,4),(0.0296755729616192,0.0333734846159051,
0.0370785919848178,0.0407924003635944,0.0445133943296266,0.0482343686622243,
0.0519481316506527,0.0556532161122335,0.0593511459232379),.UNSPECIFIED.);
#41=B_SPLINE_CURVE_WITH_KNOTS('',3,(#2498,#2499,#2500,#2501,#2502,#2503,
#2504,#2505,#2506,#2507,#2508,#2509,#2510,#2511,#2512,#2513,#2514,#2515),
 .UNSPECIFIED.,.F.,.F.,(4,2,2,2,2,2,2,2,4),(0.,0.00369792981100435,0.00740301427258514,
0.0111167772610136,0.014837751593611,0.0185587455596435,0.0222725539384201,
0.0259776613073327,0.0296755729616187),.UNSPECIFIED.);
#42=B_SPLINE_CURVE_WITH_KNOTS('',3,(#2516,#2517,#2518,#2519,#2520,#2521,
#2522,#2523,#2524,#2525,#2526,#2527,#2528,#2529,#2530,#2531,#2532,#2533),
 .UNSPECIFIED.,.F.,.F.,(4,2,2,2,2,2,2,2,4),(0.0296755729616187,0.0333734846159049,
0.0370785919848175,0.040792400363594,0.0445133943296265,0.0482343686622251,
0.051948131650653,0.0556532161122335,0.0593511459232378),.UNSPECIFIED.);
#43=B_SPLINE_CURVE_WITH_KNOTS('',3,(#2540,#2541,#2542,#2543,#2544,#2545,
#2546,#2547,#2548,#2549,#2550,#2551,#2552,#2553,#2554,#2555,#2556,#2557),
 .UNSPECIFIED.,.F.,.F.,(4,2,2,2,2,2,2,2,4),(0.,0.00369792981100475,0.00740301427258508,
0.0111167772610139,0.0148377515936109,0.018558745559643,0.0222725539384198,
0.0259776613073326,0.0296755729616187),.UNSPECIFIED.);
#44=B_SPLINE_CURVE_WITH_KNOTS('',3,(#2558,#2559,#2560,#2561,#2562,#2563,
#2564,#2565,#2566,#2567,#2568,#2569,#2570,#2571,#2572,#2573,#2574,#2575),
 .UNSPECIFIED.,.F.,.F.,(4,2,2,2,2,2,2,2,4),(0.0296755729616187,0.0333734846159048,
0.0370785919848176,0.0407924003635949,0.0445133943296265,0.0482343686622235,
0.0519481316506524,0.0556532161122329,0.0593511459232375),.UNSPECIFIED.);
#45=B_SPLINE_CURVE_WITH_KNOTS('',3,(#2578,#2579,#2580,#2581,#2582,#2583,
#2584,#2585,#2586,#2587,#2588,#2589,#2590,#2591,#2592,#2593,#2594,#2595),
 .UNSPECIFIED.,.F.,.F.,(4,2,2,2,2,2,2,2,4),(0.,0.00369792981100454,0.00740301427258504,
0.011116777261014,0.014837751593611,0.0185587455596426,0.0222725539384199,
0.0259776613073326,0.0296755729616188),.UNSPECIFIED.);
#46=B_SPLINE_CURVE_WITH_KNOTS('',3,(#2596,#2597,#2598,#2599,#2600,#2601,
#2602,#2603,#2604,#2605,#2606,#2607,#2608,#2609,#2610,#2611,#2612,#2613),
 .UNSPECIFIED.,.F.,.F.,(4,2,2,2,2,2,2,2,4),(0.0296755729616188,0.0333734846159049,
0.0370785919848176,0.0407924003635945,0.0445133943296266,0.0482343686622236,
0.0519481316506524,0.0556532161122327,0.0593511459232375),.UNSPECIFIED.);
#47=B_SPLINE_CURVE_WITH_KNOTS('',3,(#2620,#2621,#2622,#2623,#2624,#2625,
#2626,#2627,#2628,#2629,#2630,#2631,#2632,#2633,#2634,#2635,#2636,#2637),
 .UNSPECIFIED.,.F.,.F.,(4,2,2,2,2,2,2,2,4),(0.,0.00370147415154122,0.00741012078401465,
0.0111203396226085,0.0148377519248931,0.0185551734509337,0.0222654273295782,
0.0259741073180901,0.0296755736272912),.UNSPECIFIED.);
#48=B_SPLINE_CURVE_WITH_KNOTS('',3,(#2638,#2639,#2640,#2641,#2642,#2643,
#2644,#2645,#2646,#2647,#2648,#2649,#2650,#2651,#2652,#2653,#2654,#2655),
 .UNSPECIFIED.,.F.,.F.,(4,2,2,2,2,2,2,2,4),(0.0296755736272912,0.0333734852815775,
0.03707859265049,0.0407924010292668,0.0445133949952991,0.0482343693278956,
0.0519481323163247,0.0556532167779053,0.0593511465889101),.UNSPECIFIED.);
#49=B_SPLINE_CURVE_WITH_KNOTS('',3,(#2658,#2659,#2660,#2661,#2662,#2663,
#2664,#2665,#2666,#2667,#2668,#2669,#2670,#2671,#2672,#2673,#2674,#2675),
 .UNSPECIFIED.,.F.,.F.,(4,2,2,2,2,2,2,2,4),(0.,0.0036979298110048,0.00740301427258541,
0.0111167772610145,0.014837751593611,0.0185587455596432,0.0222725539384201,
0.0259776613073325,0.0296755729616188),.UNSPECIFIED.);
#50=B_SPLINE_CURVE_WITH_KNOTS('',3,(#2676,#2677,#2678,#2679,#2680,#2681,
#2682,#2683,#2684,#2685,#2686,#2687,#2688,#2689,#2690,#2691,#2692,#2693),
 .UNSPECIFIED.,.F.,.F.,(4,2,2,2,2,2,2,2,4),(0.0296755729616188,0.03337703927082,
0.0370857192593319,0.0407959731379763,0.044513394664017,0.0482308069663016,
0.0519410258048954,0.0556496724373689,0.0593511465889101),.UNSPECIFIED.);
#51=B_SPLINE_CURVE_WITH_KNOTS('',3,(#2700,#2701,#2702,#2703,#2704,#2705,
#2706,#2707,#2708,#2709,#2710,#2711,#2712,#2713,#2714,#2715,#2716,#2717),
 .UNSPECIFIED.,.F.,.F.,(4,2,2,2,2,2,2,2,4),(0.,0.00369792981100496,0.00740301427258529,
0.0111167772610141,0.0148377515936111,0.0185587455596426,0.02227255393842,
0.0259776613073327,0.0296755729616191),.UNSPECIFIED.);
#52=B_SPLINE_CURVE_WITH_KNOTS('',3,(#2718,#2719,#2720,#2721,#2722,#2723,
#2724,#2725,#2726,#2727,#2728,#2729,#2730,#2731,#2732,#2733,#2734,#2735),
 .UNSPECIFIED.,.F.,.F.,(4,2,2,2,2,2,2,2,4),(0.0296755729616191,0.0333734846159054,
0.037078591984818,0.0407924003635953,0.0445133943296269,0.0482343686622239,
0.0519481316506528,0.0556532161122333,0.0593511459232378),.UNSPECIFIED.);
#53=B_SPLINE_CURVE_WITH_KNOTS('',3,(#2738,#2739,#2740,#2741,#2742,#2743,
#2744,#2745,#2746,#2747,#2748,#2749,#2750,#2751,#2752,#2753,#2754,#2755),
 .UNSPECIFIED.,.F.,.F.,(4,2,2,2,2,2,2,2,4),(0.,0.00369792981100454,0.00740301427258504,
0.011116777261014,0.014837751593611,0.0185587455596426,0.0222725539384199,
0.0259776613073324,0.0296755729616188),.UNSPECIFIED.);
#54=B_SPLINE_CURVE_WITH_KNOTS('',3,(#2756,#2757,#2758,#2759,#2760,#2761,
#2762,#2763,#2764,#2765,#2766,#2767,#2768,#2769,#2770,#2771,#2772,#2773),
 .UNSPECIFIED.,.F.,.F.,(4,2,2,2,2,2,2,2,4),(0.0296755729616188,0.0333734846159051,
0.0370785919848179,0.0407924003635952,0.0445133943296267,0.0482343686622237,
0.0519481316506526,0.0556532161122329,0.0593511459232378),.UNSPECIFIED.);
#55=B_SPLINE_CURVE_WITH_KNOTS('',3,(#2780,#2781,#2782,#2783,#2784,#2785,
#2786,#2787,#2788,#2789,#2790,#2791,#2792,#2793,#2794,#2795,#2796,#2797),
 .UNSPECIFIED.,.F.,.F.,(4,2,2,2,2,2,2,2,4),(0.,0.00369792981100501,0.0074030142725851,
0.0111167772610144,0.0148377515936111,0.0185551731196518,0.0222654269982959,
0.0259741069868077,0.0296755732960093),.UNSPECIFIED.);
#56=B_SPLINE_CURVE_WITH_KNOTS('',3,(#2798,#2799,#2800,#2801,#2802,#2803,
#2804,#2805,#2806,#2807,#2808,#2809,#2810,#2811,#2812,#2813,#2814,#2815),
 .UNSPECIFIED.,.F.,.F.,(4,2,2,2,2,2,2,2,4),(0.0296755732960093,0.0333734849502956,
0.037078592319208,0.0407924006979849,0.0445133946640171,0.0482343689966136,
0.0519481319850427,0.0556532164466233,0.0593511462576281),.UNSPECIFIED.);
#57=B_SPLINE_CURVE_WITH_KNOTS('',3,(#2818,#2819,#2820,#2821,#2822,#2823,
#2824,#2825,#2826,#2827,#2828,#2829,#2830,#2831,#2832,#2833,#2834,#2835),
 .UNSPECIFIED.,.F.,.F.,(4,2,2,2,2,2,2,2,4),(0.,0.0036979298110048,0.00740301427258541,
0.0111167772610145,0.014837751593611,0.0185587455596433,0.0222725539384201,
0.0259776613073326,0.0296755729616188),.UNSPECIFIED.);
#58=B_SPLINE_CURVE_WITH_KNOTS('',3,(#2836,#2837,#2838,#2839,#2840,#2841,
#2842,#2843,#2844,#2845,#2846,#2847,#2848,#2849,#2850,#2851,#2852,#2853),
 .UNSPECIFIED.,.F.,.F.,(4,2,2,2,2,2,2,2,4),(0.0296755729616188,0.0333770392708204,
0.0370857192593323,0.0407959731379763,0.044513394664017,0.0482343689966138,
0.051948131985043,0.0556532164466231,0.0593511462576281),.UNSPECIFIED.);
#59=B_SPLINE_CURVE_WITH_KNOTS('',3,(#2860,#2861,#2862,#2863,#2864,#2865,
#2866,#2867,#2868,#2869,#2870,#2871,#2872,#2873,#2874,#2875,#2876,#2877),
 .UNSPECIFIED.,.F.,.F.,(4,2,2,2,2,2,2,2,4),(0.,0.00370147415154108,0.00741012078401438,
0.0111203396226076,0.0148377519248926,0.0185587458909241,0.0222725542697014,
0.0259776616386142,0.0296755732929003),.UNSPECIFIED.);
#60=B_SPLINE_CURVE_WITH_KNOTS('',3,(#2878,#2879,#2880,#2881,#2882,#2883,
#2884,#2885,#2886,#2887,#2888,#2889,#2890,#2891,#2892,#2893,#2894,#2895),
 .UNSPECIFIED.,.F.,.F.,(4,2,2,2,2,2,2,2,4),(0.0296755732929003,0.0333734849471867,
0.0370785923160992,0.0407924006948765,0.0445133946609081,0.0482343689935051,
0.0519481319819341,0.0556532164435146,0.0593511462545191),.UNSPECIFIED.);
#61=B_SPLINE_CURVE_WITH_KNOTS('',3,(#2898,#2899,#2900,#2901,#2902,#2903,
#2904,#2905,#2906,#2907,#2908,#2909,#2910,#2911,#2912,#2913,#2914,#2915),
 .UNSPECIFIED.,.F.,.F.,(4,2,2,2,2,2,2,2,4),(0.,0.00369792981100454,0.00740301427258504,
0.011116777261014,0.014837751593611,0.0185587455596426,0.0222725539384199,
0.0259776613073324,0.0296755729616188),.UNSPECIFIED.);
#62=B_SPLINE_CURVE_WITH_KNOTS('',3,(#2916,#2917,#2918,#2919,#2920,#2921,
#2922,#2923,#2924,#2925,#2926,#2927,#2928,#2929,#2930,#2931,#2932,#2933),
 .UNSPECIFIED.,.F.,.F.,(4,2,2,2,2,2,2,2,4),(0.0296755729616188,0.0333734846159049,
0.0370785919848177,0.040792400363595,0.0445133943296265,0.0482308066319115,
0.0519410254705047,0.055649672102978,0.0593511462545191),.UNSPECIFIED.);
#63=SPHERICAL_SURFACE('',#1539,0.6);
#64=SPHERICAL_SURFACE('',#1541,0.6);
#65=SPHERICAL_SURFACE('',#1543,0.6);
#66=SPHERICAL_SURFACE('',#1545,0.6);
#67=SPHERICAL_SURFACE('',#1547,0.6);
#68=SPHERICAL_SURFACE('',#1549,0.6);
#69=SPHERICAL_SURFACE('',#1551,0.6);
#70=SPHERICAL_SURFACE('',#1553,0.6);
#71=SHAPE_REPRESENTATION_RELATIONSHIP('SRR','None',#2991,#76);
#72=SHAPE_REPRESENTATION_RELATIONSHIP('SRR','None',#2992,#77);
#73=SHAPE_REPRESENTATION_RELATIONSHIP('SRR','None',#2993,#78);
#74=SHAPE_REPRESENTATION_RELATIONSHIP('SRR','None',#2994,#79);
#75=SHAPE_REPRESENTATION_RELATIONSHIP('SRR','None',#2995,#80);
#76=ADVANCED_BREP_SHAPE_REPRESENTATION('',(#86),#2963);
#77=ADVANCED_BREP_SHAPE_REPRESENTATION('',(#87),#2964);
#78=ADVANCED_BREP_SHAPE_REPRESENTATION('',(#88),#2965);
#79=ADVANCED_BREP_SHAPE_REPRESENTATION('',(#89),#2966);
#80=ADVANCED_BREP_SHAPE_REPRESENTATION('',(#90),#2967);
#81=STYLED_ITEM('',(#1332),#86);
#82=STYLED_ITEM('',(#1332),#87);
#83=STYLED_ITEM('',(#1332),#88);
#84=STYLED_ITEM('',(#1332),#89);
#85=STYLED_ITEM('',(#1332),#90);
#86=MANIFOLD_SOLID_BREP('Solid1',#1271);
#87=MANIFOLD_SOLID_BREP('Solid1',#1272);
#88=MANIFOLD_SOLID_BREP('Solid1',#1273);
#89=MANIFOLD_SOLID_BREP('Solid1',#1274);
#90=MANIFOLD_SOLID_BREP('Solid1',#1275);
#91=FACE_BOUND('',#235,.T.);
#92=FACE_BOUND('',#240,.T.);
#93=FACE_BOUND('',#244,.T.);
#94=FACE_BOUND('',#249,.T.);
#95=FACE_BOUND('',#257,.T.);
#96=FACE_BOUND('',#260,.T.);
#97=FACE_BOUND('',#263,.T.);
#98=FACE_BOUND('',#266,.T.);
#99=FACE_BOUND('',#269,.T.);
#100=FACE_BOUND('',#274,.T.);
#101=FACE_BOUND('',#277,.T.);
#102=FACE_BOUND('',#280,.T.);
#103=FACE_BOUND('',#283,.T.);
#104=FACE_BOUND('',#286,.T.);
#105=FACE_BOUND('',#288,.T.);
#106=FACE_BOUND('',#289,.T.);
#107=FACE_BOUND('',#291,.T.);
#108=FACE_BOUND('',#292,.T.);
#109=FACE_BOUND('',#294,.T.);
#110=FACE_BOUND('',#295,.T.);
#111=FACE_BOUND('',#297,.T.);
#112=FACE_BOUND('',#298,.T.);
#113=FACE_BOUND('',#300,.T.);
#114=FACE_BOUND('',#301,.T.);
#115=FACE_BOUND('',#303,.T.);
#116=FACE_BOUND('',#304,.T.);
#117=FACE_BOUND('',#306,.T.);
#118=FACE_BOUND('',#307,.T.);
#119=FACE_BOUND('',#309,.T.);
#120=FACE_BOUND('',#310,.T.);
#121=PLANE('',#1407);
#122=PLANE('',#1423);
#123=PLANE('',#1433);
#124=PLANE('',#1451);
#125=PLANE('',#1476);
#126=PLANE('',#1482);
#127=PLANE('',#1488);
#128=PLANE('',#1494);
#129=PLANE('',#1500);
#130=PLANE('',#1513);
#131=PLANE('',#1519);
#132=PLANE('',#1525);
#133=PLANE('',#1531);
#134=PLANE('',#1537);
#135=TOROIDAL_SURFACE('',#1387,3.45,0.6);
#136=TOROIDAL_SURFACE('',#1399,4.2,0.12);
#137=TOROIDAL_SURFACE('',#1410,4.85,0.15);
#138=TOROIDAL_SURFACE('',#1419,4.85,0.15);
#139=TOROIDAL_SURFACE('',#1430,4.2,0.12);
#140=TOROIDAL_SURFACE('',#1438,2.65,0.15);
#141=TOROIDAL_SURFACE('',#1447,2.65,0.15);
#142=TOROIDAL_SURFACE('',#1458,3.45,0.6);
#143=TOROIDAL_SURFACE('',#1555,3.45,0.01);
#144=TOROIDAL_SURFACE('',#1557,3.45,0.01);
#145=TOROIDAL_SURFACE('',#1559,3.45,0.01);
#146=TOROIDAL_SURFACE('',#1561,3.45,0.01);
#147=TOROIDAL_SURFACE('',#1563,3.45,0.01);
#148=TOROIDAL_SURFACE('',#1565,3.45,0.01);
#149=TOROIDAL_SURFACE('',#1567,3.45,0.01);
#150=TOROIDAL_SURFACE('',#1569,3.45,0.01);
#151=CYLINDRICAL_SURFACE('',#1383,3.9);
#152=CYLINDRICAL_SURFACE('',#1392,3.9);
#153=CYLINDRICAL_SURFACE('',#1404,4.2);
#154=CYLINDRICAL_SURFACE('',#1415,5.);
#155=CYLINDRICAL_SURFACE('',#1426,4.2);
#156=CYLINDRICAL_SURFACE('',#1443,2.5);
#157=CYLINDRICAL_SURFACE('',#1454,3.);
#158=CYLINDRICAL_SURFACE('',#1463,3.);
#159=CYLINDRICAL_SURFACE('',#1470,4.32);
#160=CYLINDRICAL_SURFACE('',#1485,3.045);
#161=CYLINDRICAL_SURFACE('',#1491,3.135);
#162=CYLINDRICAL_SURFACE('',#1507,4.32);
#163=CYLINDRICAL_SURFACE('',#1522,3.045);
#164=CYLINDRICAL_SURFACE('',#1528,3.135);
#165=FACE_OUTER_BOUND('',#227,.T.);
#166=FACE_OUTER_BOUND('',#228,.T.);
#167=FACE_OUTER_BOUND('',#229,.T.);
#168=FACE_OUTER_BOUND('',#230,.T.);
#169=FACE_OUTER_BOUND('',#231,.T.);
#170=FACE_OUTER_BOUND('',#232,.T.);
#171=FACE_OUTER_BOUND('',#233,.T.);
#172=FACE_OUTER_BOUND('',#234,.T.);
#173=FACE_OUTER_BOUND('',#236,.T.);
#174=FACE_OUTER_BOUND('',#237,.T.);
#175=FACE_OUTER_BOUND('',#238,.T.);
#176=FACE_OUTER_BOUND('',#239,.T.);
#177=FACE_OUTER_BOUND('',#241,.T.);
#178=FACE_OUTER_BOUND('',#242,.T.);
#179=FACE_OUTER_BOUND('',#243,.T.);
#180=FACE_OUTER_BOUND('',#245,.T.);
#181=FACE_OUTER_BOUND('',#246,.T.);
#182=FACE_OUTER_BOUND('',#247,.T.);
#183=FACE_OUTER_BOUND('',#248,.T.);
#184=FACE_OUTER_BOUND('',#250,.T.);
#185=FACE_OUTER_BOUND('',#251,.T.);
#186=FACE_OUTER_BOUND('',#252,.T.);
#187=FACE_OUTER_BOUND('',#253,.T.);
#188=FACE_OUTER_BOUND('',#254,.T.);
#189=FACE_OUTER_BOUND('',#255,.T.);
#190=FACE_OUTER_BOUND('',#256,.T.);
#191=FACE_OUTER_BOUND('',#258,.T.);
#192=FACE_OUTER_BOUND('',#259,.T.);
#193=FACE_OUTER_BOUND('',#261,.T.);
#194=FACE_OUTER_BOUND('',#262,.T.);
#195=FACE_OUTER_BOUND('',#264,.T.);
#196=FACE_OUTER_BOUND('',#265,.T.);
#197=FACE_OUTER_BOUND('',#267,.T.);
#198=FACE_OUTER_BOUND('',#268,.T.);
#199=FACE_OUTER_BOUND('',#270,.T.);
#200=FACE_OUTER_BOUND('',#271,.T.);
#201=FACE_OUTER_BOUND('',#272,.T.);
#202=FACE_OUTER_BOUND('',#273,.T.);
#203=FACE_OUTER_BOUND('',#275,.T.);
#204=FACE_OUTER_BOUND('',#276,.T.);
#205=FACE_OUTER_BOUND('',#278,.T.);
#206=FACE_OUTER_BOUND('',#279,.T.);
#207=FACE_OUTER_BOUND('',#281,.T.);
#208=FACE_OUTER_BOUND('',#282,.T.);
#209=FACE_OUTER_BOUND('',#284,.T.);
#210=FACE_OUTER_BOUND('',#285,.T.);
#211=FACE_OUTER_BOUND('',#287,.T.);
#212=FACE_OUTER_BOUND('',#290,.T.);
#213=FACE_OUTER_BOUND('',#293,.T.);
#214=FACE_OUTER_BOUND('',#296,.T.);
#215=FACE_OUTER_BOUND('',#299,.T.);
#216=FACE_OUTER_BOUND('',#302,.T.);
#217=FACE_OUTER_BOUND('',#305,.T.);
#218=FACE_OUTER_BOUND('',#308,.T.);
#219=FACE_OUTER_BOUND('',#311,.T.);
#220=FACE_OUTER_BOUND('',#312,.T.);
#221=FACE_OUTER_BOUND('',#313,.T.);
#222=FACE_OUTER_BOUND('',#314,.T.);
#223=FACE_OUTER_BOUND('',#315,.T.);
#224=FACE_OUTER_BOUND('',#316,.T.);
#225=FACE_OUTER_BOUND('',#317,.T.);
#226=FACE_OUTER_BOUND('',#318,.T.);
#227=EDGE_LOOP('',(#831,#832,#833,#834,#835,#836,#837));
#228=EDGE_LOOP('',(#838,#839,#840,#841,#842,#843,#844));
#229=EDGE_LOOP('',(#845,#846,#847,#848,#849,#850,#851,#852));
#230=EDGE_LOOP('',(#853,#854,#855,#856,#857,#858,#859));
#231=EDGE_LOOP('',(#860,#861,#862,#863,#864,#865,#866));
#232=EDGE_LOOP('',(#867,#868,#869,#870,#871,#872,#873,#874));
#233=EDGE_LOOP('',(#875,#876,#877,#878,#879,#880,#881));
#234=EDGE_LOOP('',(#882,#883));
#235=EDGE_LOOP('',(#884,#885));
#236=EDGE_LOOP('',(#886,#887,#888,#889,#890,#891,#892));
#237=EDGE_LOOP('',(#893,#894,#895,#896,#897,#898,#899,#900));
#238=EDGE_LOOP('',(#901,#902,#903,#904,#905,#906,#907));
#239=EDGE_LOOP('',(#908,#909));
#240=EDGE_LOOP('',(#910,#911));
#241=EDGE_LOOP('',(#912,#913,#914,#915,#916,#917,#918));
#242=EDGE_LOOP('',(#919,#920,#921,#922,#923,#924,#925,#926));
#243=EDGE_LOOP('',(#927,#928));
#244=EDGE_LOOP('',(#929,#930));
#245=EDGE_LOOP('',(#931,#932,#933,#934,#935,#936,#937));
#246=EDGE_LOOP('',(#938,#939,#940,#941,#942,#943,#944,#945));
#247=EDGE_LOOP('',(#946,#947,#948,#949,#950,#951,#952));
#248=EDGE_LOOP('',(#953,#954));
#249=EDGE_LOOP('',(#955,#956));
#250=EDGE_LOOP('',(#957,#958,#959,#960,#961,#962,#963));
#251=EDGE_LOOP('',(#964,#965,#966,#967,#968,#969,#970,#971));
#252=EDGE_LOOP('',(#972,#973,#974,#975,#976,#977,#978));
#253=EDGE_LOOP('',(#979,#980,#981,#982,#983,#984));
#254=EDGE_LOOP('',(#985,#986,#987,#988,#989,#990));
#255=EDGE_LOOP('',(#991,#992,#993,#994,#995,#996));
#256=EDGE_LOOP('',(#997,#998));
#257=EDGE_LOOP('',(#999,#1000));
#258=EDGE_LOOP('',(#1001,#1002,#1003,#1004,#1005,#1006));
#259=EDGE_LOOP('',(#1007,#1008));
#260=EDGE_LOOP('',(#1009,#1010));
#261=EDGE_LOOP('',(#1011,#1012,#1013,#1014,#1015,#1016));
#262=EDGE_LOOP('',(#1017,#1018));
#263=EDGE_LOOP('',(#1019,#1020));
#264=EDGE_LOOP('',(#1021,#1022,#1023,#1024,#1025,#1026));
#265=EDGE_LOOP('',(#1027,#1028));
#266=EDGE_LOOP('',(#1029,#1030));
#267=EDGE_LOOP('',(#1031,#1032,#1033,#1034,#1035,#1036));
#268=EDGE_LOOP('',(#1037,#1038));
#269=EDGE_LOOP('',(#1039,#1040));
#270=EDGE_LOOP('',(#1041,#1042,#1043,#1044,#1045,#1046));
#271=EDGE_LOOP('',(#1047,#1048,#1049,#1050,#1051,#1052));
#272=EDGE_LOOP('',(#1053,#1054,#1055,#1056,#1057,#1058));
#273=EDGE_LOOP('',(#1059,#1060));
#274=EDGE_LOOP('',(#1061,#1062));
#275=EDGE_LOOP('',(#1063,#1064,#1065,#1066,#1067,#1068));
#276=EDGE_LOOP('',(#1069,#1070));
#277=EDGE_LOOP('',(#1071,#1072));
#278=EDGE_LOOP('',(#1073,#1074,#1075,#1076,#1077,#1078));
#279=EDGE_LOOP('',(#1079,#1080));
#280=EDGE_LOOP('',(#1081,#1082));
#281=EDGE_LOOP('',(#1083,#1084,#1085,#1086,#1087,#1088));
#282=EDGE_LOOP('',(#1089,#1090));
#283=EDGE_LOOP('',(#1091,#1092));
#284=EDGE_LOOP('',(#1093,#1094,#1095,#1096,#1097,#1098));
#285=EDGE_LOOP('',(#1099,#1100));
#286=EDGE_LOOP('',(#1101,#1102));
#287=EDGE_LOOP('',(#1103,#1104));
#288=EDGE_LOOP('',(#1105,#1106));
#289=EDGE_LOOP('',(#1107,#1108));
#290=EDGE_LOOP('',(#1109,#1110));
#291=EDGE_LOOP('',(#1111,#1112));
#292=EDGE_LOOP('',(#1113,#1114));
#293=EDGE_LOOP('',(#1115,#1116));
#294=EDGE_LOOP('',(#1117,#1118));
#295=EDGE_LOOP('',(#1119,#1120));
#296=EDGE_LOOP('',(#1121,#1122));
#297=EDGE_LOOP('',(#1123,#1124));
#298=EDGE_LOOP('',(#1125,#1126));
#299=EDGE_LOOP('',(#1127,#1128));
#300=EDGE_LOOP('',(#1129,#1130));
#301=EDGE_LOOP('',(#1131,#1132));
#302=EDGE_LOOP('',(#1133,#1134));
#303=EDGE_LOOP('',(#1135,#1136));
#304=EDGE_LOOP('',(#1137,#1138));
#305=EDGE_LOOP('',(#1139,#1140));
#306=EDGE_LOOP('',(#1141,#1142));
#307=EDGE_LOOP('',(#1143,#1144));
#308=EDGE_LOOP('',(#1145,#1146));
#309=EDGE_LOOP('',(#1147,#1148));
#310=EDGE_LOOP('',(#1149,#1150));
#311=EDGE_LOOP('',(#1151,#1152,#1153,#1154,#1155,#1156));
#312=EDGE_LOOP('',(#1157,#1158,#1159,#1160,#1161,#1162));
#313=EDGE_LOOP('',(#1163,#1164,#1165,#1166,#1167,#1168));
#314=EDGE_LOOP('',(#1169,#1170,#1171,#1172,#1173,#1174));
#315=EDGE_LOOP('',(#1175,#1176,#1177,#1178,#1179,#1180));
#316=EDGE_LOOP('',(#1181,#1182,#1183,#1184,#1185,#1186));
#317=EDGE_LOOP('',(#1187,#1188,#1189,#1190,#1191,#1192));
#318=EDGE_LOOP('',(#1193,#1194,#1195,#1196,#1197,#1198));
#319=LINE('',#2011,#343);
#320=LINE('',#2018,#344);
#321=LINE('',#2034,#345);
#322=LINE('',#2040,#346);
#323=LINE('',#2056,#347);
#324=LINE('',#2079,#348);
#325=LINE('',#2094,#349);
#326=LINE('',#2122,#350);
#327=LINE('',#2145,#351);
#328=LINE('',#2156,#352);
#329=LINE('',#2164,#353);
#330=LINE('',#2173,#354);
#331=LINE('',#2176,#355);
#332=LINE('',#2190,#356);
#333=LINE('',#2198,#357);
#334=LINE('',#2212,#358);
#335=LINE('',#2220,#359);
#336=LINE('',#2232,#360);
#337=LINE('',#2241,#361);
#338=LINE('',#2244,#362);
#339=LINE('',#2258,#363);
#340=LINE('',#2266,#364);
#341=LINE('',#2280,#365);
#342=LINE('',#2288,#366);
#343=VECTOR('',#1586,4.06041889066002);
#344=VECTOR('',#1595,3.9);
#345=VECTOR('',#1614,3.9);
#346=VECTOR('',#1621,4.06041889066002);
#347=VECTOR('',#1640,4.2);
#348=VECTOR('',#1667,5.);
#349=VECTOR('',#1686,4.2);
#350=VECTOR('',#1721,2.5);
#351=VECTOR('',#1748,3.);
#352=VECTOR('',#1763,3.);
#353=VECTOR('',#1772,4.11);
#354=VECTOR('',#1783,4.32);
#355=VECTOR('',#1786,4.10606301014133);
#356=VECTOR('',#1803,3.76627922061358);
#357=VECTOR('',#1812,3.045);
#358=VECTOR('',#1829,3.135);
#359=VECTOR('',#1838,3.729);
#360=VECTOR('',#1853,4.11);
#361=VECTOR('',#1864,4.32);
#362=VECTOR('',#1867,4.10606301014133);
#363=VECTOR('',#1884,3.76627922061358);
#364=VECTOR('',#1893,3.045);
#365=VECTOR('',#1910,3.135);
#366=VECTOR('',#1919,3.729);
#367=CIRCLE('',#1378,4.22083778132003);
#368=CIRCLE('',#1379,4.22083778132003);
#369=CIRCLE('',#1380,3.9);
#370=CIRCLE('',#1381,3.9);
#371=CIRCLE('',#1382,4.22083778132003);
#372=CIRCLE('',#1384,3.9);
#373=CIRCLE('',#1385,3.9);
#374=CIRCLE('',#1386,3.9);
#375=CIRCLE('',#1388,0.6);
#376=CIRCLE('',#1389,3.9);
#377=CIRCLE('',#1390,3.9);
#378=CIRCLE('',#1391,3.9);
#379=CIRCLE('',#1393,3.9);
#380=CIRCLE('',#1394,3.9);
#381=CIRCLE('',#1396,4.22083778132003);
#382=CIRCLE('',#1397,4.22083778132003);
#383=CIRCLE('',#1398,4.22083778132003);
#384=CIRCLE('',#1400,0.12);
#385=CIRCLE('',#1401,4.2);
#386=CIRCLE('',#1402,4.2);
#387=CIRCLE('',#1403,4.2);
#388=CIRCLE('',#1405,4.2);
#389=CIRCLE('',#1406,4.2);
#390=CIRCLE('',#1408,4.85);
#391=CIRCLE('',#1409,4.85);
#392=CIRCLE('',#1411,5.);
#393=CIRCLE('',#1412,5.);
#394=CIRCLE('',#1413,5.);
#395=CIRCLE('',#1414,0.15);
#396=CIRCLE('',#1416,5.);
#397=CIRCLE('',#1417,5.);
#398=CIRCLE('',#1418,5.);
#399=CIRCLE('',#1420,4.85);
#400=CIRCLE('',#1421,4.85);
#401=CIRCLE('',#1422,0.15);
#402=CIRCLE('',#1424,4.2);
#403=CIRCLE('',#1425,4.2);
#404=CIRCLE('',#1427,4.2);
#405=CIRCLE('',#1428,4.2);
#406=CIRCLE('',#1429,4.2);
#407=CIRCLE('',#1431,0.12);
#408=CIRCLE('',#1434,3.);
#409=CIRCLE('',#1435,3.);
#410=CIRCLE('',#1436,2.65);
#411=CIRCLE('',#1437,2.65);
#412=CIRCLE('',#1439,2.5);
#413=CIRCLE('',#1440,2.5);
#414=CIRCLE('',#1441,2.5);
#415=CIRCLE('',#1442,0.15);
#416=CIRCLE('',#1444,2.5);
#417=CIRCLE('',#1445,2.5);
#418=CIRCLE('',#1446,2.5);
#419=CIRCLE('',#1448,2.65);
#420=CIRCLE('',#1449,2.65);
#421=CIRCLE('',#1450,0.15);
#422=CIRCLE('',#1452,3.);
#423=CIRCLE('',#1453,3.);
#424=CIRCLE('',#1455,3.);
#425=CIRCLE('',#1456,3.);
#426=CIRCLE('',#1457,3.);
#427=CIRCLE('',#1459,0.6);
#428=CIRCLE('',#1460,3.);
#429=CIRCLE('',#1461,3.);
#430=CIRCLE('',#1462,3.);
#431=CIRCLE('',#1466,4.32);
#432=CIRCLE('',#1467,4.32);
#433=CIRCLE('',#1468,3.9);
#434=CIRCLE('',#1469,3.9);
#435=CIRCLE('',#1471,4.32);
#436=CIRCLE('',#1472,4.32);
#437=CIRCLE('',#1474,3.89212602028267);
#438=CIRCLE('',#1475,3.89212602028267);
#439=CIRCLE('',#1477,3.85627922061358);
#440=CIRCLE('',#1478,3.85627922061358);
#441=CIRCLE('',#1480,3.67627922061358);
#442=CIRCLE('',#1481,3.67627922061358);
#443=CIRCLE('',#1483,3.045);
#444=CIRCLE('',#1484,3.045);
#445=CIRCLE('',#1486,3.045);
#446=CIRCLE('',#1487,3.045);
#447=CIRCLE('',#1489,3.135);
#448=CIRCLE('',#1490,3.135);
#449=CIRCLE('',#1492,3.135);
#450=CIRCLE('',#1493,3.135);
#451=CIRCLE('',#1495,3.639);
#452=CIRCLE('',#1496,3.639);
#453=CIRCLE('',#1498,3.819);
#454=CIRCLE('',#1499,3.819);
#455=CIRCLE('',#1503,4.32);
#456=CIRCLE('',#1504,4.32);
#457=CIRCLE('',#1505,3.9);
#458=CIRCLE('',#1506,3.9);
#459=CIRCLE('',#1508,4.32);
#460=CIRCLE('',#1509,4.32);
#461=CIRCLE('',#1511,3.89212602028267);
#462=CIRCLE('',#1512,3.89212602028267);
#463=CIRCLE('',#1514,3.85627922061358);
#464=CIRCLE('',#1515,3.85627922061358);
#465=CIRCLE('',#1517,3.67627922061358);
#466=CIRCLE('',#1518,3.67627922061358);
#467=CIRCLE('',#1520,3.045);
#468=CIRCLE('',#1521,3.045);
#469=CIRCLE('',#1523,3.045);
#470=CIRCLE('',#1524,3.045);
#471=CIRCLE('',#1526,3.135);
#472=CIRCLE('',#1527,3.135);
#473=CIRCLE('',#1529,3.135);
#474=CIRCLE('',#1530,3.135);
#475=CIRCLE('',#1532,3.639);
#476=CIRCLE('',#1533,3.639);
#477=CIRCLE('',#1535,3.819);
#478=CIRCLE('',#1536,3.819);
#479=CIRCLE('',#1540,0.6);
#480=CIRCLE('',#1542,0.6);
#481=CIRCLE('',#1544,0.6);
#482=CIRCLE('',#1546,0.6);
#483=CIRCLE('',#1548,0.6);
#484=CIRCLE('',#1550,0.6);
#485=CIRCLE('',#1552,0.6);
#486=CIRCLE('',#1554,0.6);
#487=CIRCLE('',#1556,3.44);
#488=CIRCLE('',#1558,3.44);
#489=CIRCLE('',#1560,3.44);
#490=CIRCLE('',#1562,3.44);
#491=CIRCLE('',#1564,3.44);
#492=CIRCLE('',#1566,3.44);
#493=CIRCLE('',#1568,3.44);
#494=CIRCLE('',#1570,3.44);
#495=VERTEX_POINT('',#2005);
#496=VERTEX_POINT('',#2006);
#497=VERTEX_POINT('',#2008);
#498=VERTEX_POINT('',#2010);
#499=VERTEX_POINT('',#2012);
#500=VERTEX_POINT('',#2017);
#501=VERTEX_POINT('',#2019);
#502=VERTEX_POINT('',#2021);
#503=VERTEX_POINT('',#2025);
#504=VERTEX_POINT('',#2027);
#505=VERTEX_POINT('',#2029);
#506=VERTEX_POINT('',#2033);
#507=VERTEX_POINT('',#2035);
#508=VERTEX_POINT('',#2039);
#509=VERTEX_POINT('',#2041);
#510=VERTEX_POINT('',#2043);
#511=VERTEX_POINT('',#2047);
#512=VERTEX_POINT('',#2049);
#513=VERTEX_POINT('',#2051);
#514=VERTEX_POINT('',#2055);
#515=VERTEX_POINT('',#2057);
#516=VERTEX_POINT('',#2061);
#517=VERTEX_POINT('',#2062);
#518=VERTEX_POINT('',#2066);
#519=VERTEX_POINT('',#2067);
#520=VERTEX_POINT('',#2069);
#521=VERTEX_POINT('',#2074);
#522=VERTEX_POINT('',#2075);
#523=VERTEX_POINT('',#2077);
#524=VERTEX_POINT('',#2082);
#525=VERTEX_POINT('',#2083);
#526=VERTEX_POINT('',#2088);
#527=VERTEX_POINT('',#2089);
#528=VERTEX_POINT('',#2093);
#529=VERTEX_POINT('',#2095);
#530=VERTEX_POINT('',#2097);
#531=VERTEX_POINT('',#2104);
#532=VERTEX_POINT('',#2105);
#533=VERTEX_POINT('',#2108);
#534=VERTEX_POINT('',#2109);
#535=VERTEX_POINT('',#2113);
#536=VERTEX_POINT('',#2114);
#537=VERTEX_POINT('',#2116);
#538=VERTEX_POINT('',#2121);
#539=VERTEX_POINT('',#2123);
#540=VERTEX_POINT('',#2125);
#541=VERTEX_POINT('',#2129);
#542=VERTEX_POINT('',#2130);
#543=VERTEX_POINT('',#2135);
#544=VERTEX_POINT('',#2136);
#545=VERTEX_POINT('',#2140);
#546=VERTEX_POINT('',#2141);
#547=VERTEX_POINT('',#2143);
#548=VERTEX_POINT('',#2148);
#549=VERTEX_POINT('',#2150);
#550=VERTEX_POINT('',#2152);
#551=VERTEX_POINT('',#2159);
#552=VERTEX_POINT('',#2160);
#553=VERTEX_POINT('',#2163);
#554=VERTEX_POINT('',#2165);
#555=VERTEX_POINT('',#2169);
#556=VERTEX_POINT('',#2170);
#557=VERTEX_POINT('',#2175);
#558=VERTEX_POINT('',#2177);
#559=VERTEX_POINT('',#2181);
#560=VERTEX_POINT('',#2182);
#561=VERTEX_POINT('',#2186);
#562=VERTEX_POINT('',#2187);
#563=VERTEX_POINT('',#2192);
#564=VERTEX_POINT('',#2193);
#565=VERTEX_POINT('',#2197);
#566=VERTEX_POINT('',#2199);
#567=VERTEX_POINT('',#2203);
#568=VERTEX_POINT('',#2204);
#569=VERTEX_POINT('',#2208);
#570=VERTEX_POINT('',#2209);
#571=VERTEX_POINT('',#2214);
#572=VERTEX_POINT('',#2215);
#573=VERTEX_POINT('',#2219);
#574=VERTEX_POINT('',#2221);
#575=VERTEX_POINT('',#2227);
#576=VERTEX_POINT('',#2228);
#577=VERTEX_POINT('',#2231);
#578=VERTEX_POINT('',#2233);
#579=VERTEX_POINT('',#2237);
#580=VERTEX_POINT('',#2238);
#581=VERTEX_POINT('',#2243);
#582=VERTEX_POINT('',#2245);
#583=VERTEX_POINT('',#2249);
#584=VERTEX_POINT('',#2250);
#585=VERTEX_POINT('',#2254);
#586=VERTEX_POINT('',#2255);
#587=VERTEX_POINT('',#2260);
#588=VERTEX_POINT('',#2261);
#589=VERTEX_POINT('',#2265);
#590=VERTEX_POINT('',#2267);
#591=VERTEX_POINT('',#2271);
#592=VERTEX_POINT('',#2272);
#593=VERTEX_POINT('',#2276);
#594=VERTEX_POINT('',#2277);
#595=VERTEX_POINT('',#2282);
#596=VERTEX_POINT('',#2283);
#597=VERTEX_POINT('',#2287);
#598=VERTEX_POINT('',#2289);
#599=VERTEX_POINT('',#2295);
#600=VERTEX_POINT('',#2296);
#601=VERTEX_POINT('',#2298);
#602=VERTEX_POINT('',#2299);
#603=VERTEX_POINT('',#2336);
#604=VERTEX_POINT('',#2337);
#605=VERTEX_POINT('',#2375);
#606=VERTEX_POINT('',#2376);
#607=VERTEX_POINT('',#2378);
#608=VERTEX_POINT('',#2379);
#609=VERTEX_POINT('',#2416);
#610=VERTEX_POINT('',#2417);
#611=VERTEX_POINT('',#2455);
#612=VERTEX_POINT('',#2456);
#613=VERTEX_POINT('',#2458);
#614=VERTEX_POINT('',#2459);
#615=VERTEX_POINT('',#2496);
#616=VERTEX_POINT('',#2497);
#617=VERTEX_POINT('',#2535);
#618=VERTEX_POINT('',#2536);
#619=VERTEX_POINT('',#2538);
#620=VERTEX_POINT('',#2539);
#621=VERTEX_POINT('',#2576);
#622=VERTEX_POINT('',#2577);
#623=VERTEX_POINT('',#2615);
#624=VERTEX_POINT('',#2616);
#625=VERTEX_POINT('',#2618);
#626=VERTEX_POINT('',#2619);
#627=VERTEX_POINT('',#2656);
#628=VERTEX_POINT('',#2657);
#629=VERTEX_POINT('',#2695);
#630=VERTEX_POINT('',#2696);
#631=VERTEX_POINT('',#2698);
#632=VERTEX_POINT('',#2699);
#633=VERTEX_POINT('',#2736);
#634=VERTEX_POINT('',#2737);
#635=VERTEX_POINT('',#2775);
#636=VERTEX_POINT('',#2776);
#637=VERTEX_POINT('',#2778);
#638=VERTEX_POINT('',#2779);
#639=VERTEX_POINT('',#2816);
#640=VERTEX_POINT('',#2817);
#641=VERTEX_POINT('',#2855);
#642=VERTEX_POINT('',#2856);
#643=VERTEX_POINT('',#2858);
#644=VERTEX_POINT('',#2859);
#645=VERTEX_POINT('',#2896);
#646=VERTEX_POINT('',#2897);
#647=EDGE_CURVE('',#495,#496,#367,.T.);
#648=EDGE_CURVE('',#496,#497,#368,.T.);
#649=EDGE_CURVE('',#497,#498,#319,.T.);
#650=EDGE_CURVE('',#499,#498,#369,.T.);
#651=EDGE_CURVE('',#498,#499,#370,.T.);
#652=EDGE_CURVE('',#497,#495,#371,.T.);
#653=EDGE_CURVE('',#498,#500,#320,.T.);
#654=EDGE_CURVE('',#501,#500,#372,.T.);
#655=EDGE_CURVE('',#502,#501,#373,.T.);
#656=EDGE_CURVE('',#500,#502,#374,.T.);
#657=EDGE_CURVE('',#501,#503,#375,.T.);
#658=EDGE_CURVE('',#504,#503,#376,.T.);
#659=EDGE_CURVE('',#505,#504,#377,.T.);
#660=EDGE_CURVE('',#503,#505,#378,.T.);
#661=EDGE_CURVE('',#505,#506,#321,.T.);
#662=EDGE_CURVE('',#507,#506,#379,.T.);
#663=EDGE_CURVE('',#506,#507,#380,.T.);
#664=EDGE_CURVE('',#506,#508,#322,.T.);
#665=EDGE_CURVE('',#509,#508,#381,.T.);
#666=EDGE_CURVE('',#510,#509,#382,.T.);
#667=EDGE_CURVE('',#508,#510,#383,.T.);
#668=EDGE_CURVE('',#509,#511,#384,.T.);
#669=EDGE_CURVE('',#512,#511,#385,.T.);
#670=EDGE_CURVE('',#513,#512,#386,.T.);
#671=EDGE_CURVE('',#511,#513,#387,.T.);
#672=EDGE_CURVE('',#513,#514,#323,.T.);
#673=EDGE_CURVE('',#515,#514,#388,.T.);
#674=EDGE_CURVE('',#514,#515,#389,.T.);
#675=EDGE_CURVE('',#516,#517,#390,.T.);
#676=EDGE_CURVE('',#517,#516,#391,.T.);
#677=EDGE_CURVE('',#518,#519,#392,.T.);
#678=EDGE_CURVE('',#520,#518,#393,.T.);
#679=EDGE_CURVE('',#519,#520,#394,.T.);
#680=EDGE_CURVE('',#519,#517,#395,.T.);
#681=EDGE_CURVE('',#521,#522,#396,.T.);
#682=EDGE_CURVE('',#523,#521,#397,.T.);
#683=EDGE_CURVE('',#523,#520,#324,.T.);
#684=EDGE_CURVE('',#522,#523,#398,.T.);
#685=EDGE_CURVE('',#524,#525,#399,.T.);
#686=EDGE_CURVE('',#525,#524,#400,.T.);
#687=EDGE_CURVE('',#525,#522,#401,.T.);
#688=EDGE_CURVE('',#526,#527,#402,.T.);
#689=EDGE_CURVE('',#527,#526,#403,.T.);
#690=EDGE_CURVE('',#527,#528,#325,.T.);
#691=EDGE_CURVE('',#529,#528,#404,.T.);
#692=EDGE_CURVE('',#530,#529,#405,.T.);
#693=EDGE_CURVE('',#528,#530,#406,.T.);
#694=EDGE_CURVE('',#529,#496,#407,.T.);
#695=EDGE_CURVE('',#531,#532,#408,.T.);
#696=EDGE_CURVE('',#532,#531,#409,.T.);
#697=EDGE_CURVE('',#533,#534,#410,.T.);
#698=EDGE_CURVE('',#534,#533,#411,.T.);
#699=EDGE_CURVE('',#535,#536,#412,.T.);
#700=EDGE_CURVE('',#537,#535,#413,.T.);
#701=EDGE_CURVE('',#536,#537,#414,.T.);
#702=EDGE_CURVE('',#536,#534,#415,.T.);
#703=EDGE_CURVE('',#537,#538,#326,.T.);
#704=EDGE_CURVE('',#539,#538,#416,.T.);
#705=EDGE_CURVE('',#540,#539,#417,.T.);
#706=EDGE_CURVE('',#538,#540,#418,.T.);
#707=EDGE_CURVE('',#541,#542,#419,.T.);
#708=EDGE_CURVE('',#542,#541,#420,.T.);
#709=EDGE_CURVE('',#542,#539,#421,.T.);
#710=EDGE_CURVE('',#543,#544,#422,.T.);
#711=EDGE_CURVE('',#544,#543,#423,.T.);
#712=EDGE_CURVE('',#545,#546,#424,.T.);
#713=EDGE_CURVE('',#547,#545,#425,.T.);
#714=EDGE_CURVE('',#547,#544,#327,.T.);
#715=EDGE_CURVE('',#546,#547,#426,.T.);
#716=EDGE_CURVE('',#546,#548,#427,.T.);
#717=EDGE_CURVE('',#549,#548,#428,.T.);
#718=EDGE_CURVE('',#550,#549,#429,.T.);
#719=EDGE_CURVE('',#548,#550,#430,.T.);
#720=EDGE_CURVE('',#532,#550,#328,.T.);
#721=EDGE_CURVE('',#551,#552,#431,.T.);
#722=EDGE_CURVE('',#552,#551,#432,.T.);
#723=EDGE_CURVE('',#552,#553,#329,.T.);
#724=EDGE_CURVE('',#553,#554,#433,.T.);
#725=EDGE_CURVE('',#554,#553,#434,.T.);
#726=EDGE_CURVE('',#555,#556,#435,.T.);
#727=EDGE_CURVE('',#556,#555,#436,.T.);
#728=EDGE_CURVE('',#556,#552,#330,.T.);
#729=EDGE_CURVE('',#556,#557,#331,.T.);
#730=EDGE_CURVE('',#558,#557,#437,.T.);
#731=EDGE_CURVE('',#557,#558,#438,.T.);
#732=EDGE_CURVE('',#559,#560,#439,.T.);
#733=EDGE_CURVE('',#560,#559,#440,.T.);
#734=EDGE_CURVE('',#561,#562,#441,.T.);
#735=EDGE_CURVE('',#562,#561,#442,.T.);
#736=EDGE_CURVE('',#562,#560,#332,.T.);
#737=EDGE_CURVE('',#563,#564,#443,.T.);
#738=EDGE_CURVE('',#564,#563,#444,.T.);
#739=EDGE_CURVE('',#564,#565,#333,.T.);
#740=EDGE_CURVE('',#566,#565,#445,.T.);
#741=EDGE_CURVE('',#565,#566,#446,.T.);
#742=EDGE_CURVE('',#567,#568,#447,.T.);
#743=EDGE_CURVE('',#568,#567,#448,.T.);
#744=EDGE_CURVE('',#569,#570,#449,.T.);
#745=EDGE_CURVE('',#570,#569,#450,.T.);
#746=EDGE_CURVE('',#570,#568,#334,.T.);
#747=EDGE_CURVE('',#571,#572,#451,.T.);
#748=EDGE_CURVE('',#572,#571,#452,.T.);
#749=EDGE_CURVE('',#572,#573,#335,.T.);
#750=EDGE_CURVE('',#574,#573,#453,.T.);
#751=EDGE_CURVE('',#573,#574,#454,.T.);
#752=EDGE_CURVE('',#575,#576,#455,.T.);
#753=EDGE_CURVE('',#576,#575,#456,.T.);
#754=EDGE_CURVE('',#576,#577,#336,.T.);
#755=EDGE_CURVE('',#577,#578,#457,.T.);
#756=EDGE_CURVE('',#578,#577,#458,.T.);
#757=EDGE_CURVE('',#579,#580,#459,.T.);
#758=EDGE_CURVE('',#580,#579,#460,.T.);
#759=EDGE_CURVE('',#580,#576,#337,.T.);
#760=EDGE_CURVE('',#580,#581,#338,.T.);
#761=EDGE_CURVE('',#582,#581,#461,.T.);
#762=EDGE_CURVE('',#581,#582,#462,.T.);
#763=EDGE_CURVE('',#583,#584,#463,.T.);
#764=EDGE_CURVE('',#584,#583,#464,.T.);
#765=EDGE_CURVE('',#585,#586,#465,.T.);
#766=EDGE_CURVE('',#586,#585,#466,.T.);
#767=EDGE_CURVE('',#586,#584,#339,.T.);
#768=EDGE_CURVE('',#587,#588,#467,.T.);
#769=EDGE_CURVE('',#588,#587,#468,.T.);
#770=EDGE_CURVE('',#588,#589,#340,.T.);
#771=EDGE_CURVE('',#590,#589,#469,.T.);
#772=EDGE_CURVE('',#589,#590,#470,.T.);
#773=EDGE_CURVE('',#591,#592,#471,.T.);
#774=EDGE_CURVE('',#592,#591,#472,.T.);
#775=EDGE_CURVE('',#593,#594,#473,.T.);
#776=EDGE_CURVE('',#594,#593,#474,.T.);
#777=EDGE_CURVE('',#594,#592,#341,.T.);
#778=EDGE_CURVE('',#595,#596,#475,.T.);
#779=EDGE_CURVE('',#596,#595,#476,.T.);
#780=EDGE_CURVE('',#596,#597,#342,.T.);
#781=EDGE_CURVE('',#598,#597,#477,.T.);
#782=EDGE_CURVE('',#597,#598,#478,.T.);
#783=EDGE_CURVE('',#599,#600,#479,.T.);
#784=EDGE_CURVE('',#601,#602,#31,.T.);
#785=EDGE_CURVE('',#602,#601,#32,.T.);
#786=EDGE_CURVE('',#603,#604,#33,.T.);
#787=EDGE_CURVE('',#604,#603,#34,.T.);
#788=EDGE_CURVE('',#605,#606,#480,.T.);
#789=EDGE_CURVE('',#607,#608,#35,.T.);
#790=EDGE_CURVE('',#608,#607,#36,.T.);
#791=EDGE_CURVE('',#609,#610,#37,.T.);
#792=EDGE_CURVE('',#610,#609,#38,.T.);
#793=EDGE_CURVE('',#611,#612,#481,.T.);
#794=EDGE_CURVE('',#613,#614,#39,.T.);
#795=EDGE_CURVE('',#614,#613,#40,.T.);
#796=EDGE_CURVE('',#615,#616,#41,.T.);
#797=EDGE_CURVE('',#616,#615,#42,.T.);
#798=EDGE_CURVE('',#617,#618,#482,.T.);
#799=EDGE_CURVE('',#619,#620,#43,.T.);
#800=EDGE_CURVE('',#620,#619,#44,.T.);
#801=EDGE_CURVE('',#621,#622,#45,.T.);
#802=EDGE_CURVE('',#622,#621,#46,.T.);
#803=EDGE_CURVE('',#623,#624,#483,.T.);
#804=EDGE_CURVE('',#625,#626,#47,.T.);
#805=EDGE_CURVE('',#626,#625,#48,.T.);
#806=EDGE_CURVE('',#627,#628,#49,.T.);
#807=EDGE_CURVE('',#628,#627,#50,.T.);
#808=EDGE_CURVE('',#629,#630,#484,.T.);
#809=EDGE_CURVE('',#631,#632,#51,.T.);
#810=EDGE_CURVE('',#632,#631,#52,.T.);
#811=EDGE_CURVE('',#633,#634,#53,.T.);
#812=EDGE_CURVE('',#634,#633,#54,.T.);
#813=EDGE_CURVE('',#635,#636,#485,.T.);
#814=EDGE_CURVE('',#637,#638,#55,.T.);
#815=EDGE_CURVE('',#638,#637,#56,.T.);
#816=EDGE_CURVE('',#639,#640,#57,.T.);
#817=EDGE_CURVE('',#640,#639,#58,.T.);
#818=EDGE_CURVE('',#641,#642,#486,.T.);
#819=EDGE_CURVE('',#643,#644,#59,.T.);
#820=EDGE_CURVE('',#644,#643,#60,.T.);
#821=EDGE_CURVE('',#645,#646,#61,.T.);
#822=EDGE_CURVE('',#646,#645,#62,.T.);
#823=EDGE_CURVE('',#632,#640,#487,.T.);
#824=EDGE_CURVE('',#644,#604,#488,.T.);
#825=EDGE_CURVE('',#602,#610,#489,.T.);
#826=EDGE_CURVE('',#608,#616,#490,.T.);
#827=EDGE_CURVE('',#614,#622,#491,.T.);
#828=EDGE_CURVE('',#620,#628,#492,.T.);
#829=EDGE_CURVE('',#626,#634,#493,.T.);
#830=EDGE_CURVE('',#638,#646,#494,.T.);
#831=ORIENTED_EDGE('',*,*,#647,.T.);
#832=ORIENTED_EDGE('',*,*,#648,.T.);
#833=ORIENTED_EDGE('',*,*,#649,.T.);
#834=ORIENTED_EDGE('',*,*,#650,.F.);
#835=ORIENTED_EDGE('',*,*,#651,.F.);
#836=ORIENTED_EDGE('',*,*,#649,.F.);
#837=ORIENTED_EDGE('',*,*,#652,.T.);
#838=ORIENTED_EDGE('',*,*,#650,.T.);
#839=ORIENTED_EDGE('',*,*,#653,.T.);
#840=ORIENTED_EDGE('',*,*,#654,.F.);
#841=ORIENTED_EDGE('',*,*,#655,.F.);
#842=ORIENTED_EDGE('',*,*,#656,.F.);
#843=ORIENTED_EDGE('',*,*,#653,.F.);
#844=ORIENTED_EDGE('',*,*,#651,.T.);
#845=ORIENTED_EDGE('',*,*,#655,.T.);
#846=ORIENTED_EDGE('',*,*,#657,.T.);
#847=ORIENTED_EDGE('',*,*,#658,.F.);
#848=ORIENTED_EDGE('',*,*,#659,.F.);
#849=ORIENTED_EDGE('',*,*,#660,.F.);
#850=ORIENTED_EDGE('',*,*,#657,.F.);
#851=ORIENTED_EDGE('',*,*,#654,.T.);
#852=ORIENTED_EDGE('',*,*,#656,.T.);
#853=ORIENTED_EDGE('',*,*,#658,.T.);
#854=ORIENTED_EDGE('',*,*,#660,.T.);
#855=ORIENTED_EDGE('',*,*,#661,.T.);
#856=ORIENTED_EDGE('',*,*,#662,.F.);
#857=ORIENTED_EDGE('',*,*,#663,.F.);
#858=ORIENTED_EDGE('',*,*,#661,.F.);
#859=ORIENTED_EDGE('',*,*,#659,.T.);
#860=ORIENTED_EDGE('',*,*,#662,.T.);
#861=ORIENTED_EDGE('',*,*,#664,.T.);
#862=ORIENTED_EDGE('',*,*,#665,.F.);
#863=ORIENTED_EDGE('',*,*,#666,.F.);
#864=ORIENTED_EDGE('',*,*,#667,.F.);
#865=ORIENTED_EDGE('',*,*,#664,.F.);
#866=ORIENTED_EDGE('',*,*,#663,.T.);
#867=ORIENTED_EDGE('',*,*,#666,.T.);
#868=ORIENTED_EDGE('',*,*,#668,.T.);
#869=ORIENTED_EDGE('',*,*,#669,.F.);
#870=ORIENTED_EDGE('',*,*,#670,.F.);
#871=ORIENTED_EDGE('',*,*,#671,.F.);
#872=ORIENTED_EDGE('',*,*,#668,.F.);
#873=ORIENTED_EDGE('',*,*,#665,.T.);
#874=ORIENTED_EDGE('',*,*,#667,.T.);
#875=ORIENTED_EDGE('',*,*,#669,.T.);
#876=ORIENTED_EDGE('',*,*,#671,.T.);
#877=ORIENTED_EDGE('',*,*,#672,.T.);
#878=ORIENTED_EDGE('',*,*,#673,.F.);
#879=ORIENTED_EDGE('',*,*,#674,.F.);
#880=ORIENTED_EDGE('',*,*,#672,.F.);
#881=ORIENTED_EDGE('',*,*,#670,.T.);
#882=ORIENTED_EDGE('',*,*,#675,.F.);
#883=ORIENTED_EDGE('',*,*,#676,.F.);
#884=ORIENTED_EDGE('',*,*,#673,.T.);
#885=ORIENTED_EDGE('',*,*,#674,.T.);
#886=ORIENTED_EDGE('',*,*,#677,.F.);
#887=ORIENTED_EDGE('',*,*,#678,.F.);
#888=ORIENTED_EDGE('',*,*,#679,.F.);
#889=ORIENTED_EDGE('',*,*,#680,.T.);
#890=ORIENTED_EDGE('',*,*,#676,.T.);
#891=ORIENTED_EDGE('',*,*,#675,.T.);
#892=ORIENTED_EDGE('',*,*,#680,.F.);
#893=ORIENTED_EDGE('',*,*,#681,.F.);
#894=ORIENTED_EDGE('',*,*,#682,.F.);
#895=ORIENTED_EDGE('',*,*,#683,.T.);
#896=ORIENTED_EDGE('',*,*,#678,.T.);
#897=ORIENTED_EDGE('',*,*,#677,.T.);
#898=ORIENTED_EDGE('',*,*,#679,.T.);
#899=ORIENTED_EDGE('',*,*,#683,.F.);
#900=ORIENTED_EDGE('',*,*,#684,.F.);
#901=ORIENTED_EDGE('',*,*,#685,.F.);
#902=ORIENTED_EDGE('',*,*,#686,.F.);
#903=ORIENTED_EDGE('',*,*,#687,.T.);
#904=ORIENTED_EDGE('',*,*,#684,.T.);
#905=ORIENTED_EDGE('',*,*,#682,.T.);
#906=ORIENTED_EDGE('',*,*,#681,.T.);
#907=ORIENTED_EDGE('',*,*,#687,.F.);
#908=ORIENTED_EDGE('',*,*,#685,.T.);
#909=ORIENTED_EDGE('',*,*,#686,.T.);
#910=ORIENTED_EDGE('',*,*,#688,.F.);
#911=ORIENTED_EDGE('',*,*,#689,.F.);
#912=ORIENTED_EDGE('',*,*,#688,.T.);
#913=ORIENTED_EDGE('',*,*,#690,.T.);
#914=ORIENTED_EDGE('',*,*,#691,.F.);
#915=ORIENTED_EDGE('',*,*,#692,.F.);
#916=ORIENTED_EDGE('',*,*,#693,.F.);
#917=ORIENTED_EDGE('',*,*,#690,.F.);
#918=ORIENTED_EDGE('',*,*,#689,.T.);
#919=ORIENTED_EDGE('',*,*,#692,.T.);
#920=ORIENTED_EDGE('',*,*,#694,.T.);
#921=ORIENTED_EDGE('',*,*,#647,.F.);
#922=ORIENTED_EDGE('',*,*,#652,.F.);
#923=ORIENTED_EDGE('',*,*,#648,.F.);
#924=ORIENTED_EDGE('',*,*,#694,.F.);
#925=ORIENTED_EDGE('',*,*,#691,.T.);
#926=ORIENTED_EDGE('',*,*,#693,.T.);
#927=ORIENTED_EDGE('',*,*,#695,.T.);
#928=ORIENTED_EDGE('',*,*,#696,.T.);
#929=ORIENTED_EDGE('',*,*,#697,.F.);
#930=ORIENTED_EDGE('',*,*,#698,.F.);
#931=ORIENTED_EDGE('',*,*,#699,.F.);
#932=ORIENTED_EDGE('',*,*,#700,.F.);
#933=ORIENTED_EDGE('',*,*,#701,.F.);
#934=ORIENTED_EDGE('',*,*,#702,.T.);
#935=ORIENTED_EDGE('',*,*,#698,.T.);
#936=ORIENTED_EDGE('',*,*,#697,.T.);
#937=ORIENTED_EDGE('',*,*,#702,.F.);
#938=ORIENTED_EDGE('',*,*,#699,.T.);
#939=ORIENTED_EDGE('',*,*,#701,.T.);
#940=ORIENTED_EDGE('',*,*,#703,.T.);
#941=ORIENTED_EDGE('',*,*,#704,.F.);
#942=ORIENTED_EDGE('',*,*,#705,.F.);
#943=ORIENTED_EDGE('',*,*,#706,.F.);
#944=ORIENTED_EDGE('',*,*,#703,.F.);
#945=ORIENTED_EDGE('',*,*,#700,.T.);
#946=ORIENTED_EDGE('',*,*,#707,.F.);
#947=ORIENTED_EDGE('',*,*,#708,.F.);
#948=ORIENTED_EDGE('',*,*,#709,.T.);
#949=ORIENTED_EDGE('',*,*,#704,.T.);
#950=ORIENTED_EDGE('',*,*,#706,.T.);
#951=ORIENTED_EDGE('',*,*,#705,.T.);
#952=ORIENTED_EDGE('',*,*,#709,.F.);
#953=ORIENTED_EDGE('',*,*,#710,.F.);
#954=ORIENTED_EDGE('',*,*,#711,.F.);
#955=ORIENTED_EDGE('',*,*,#707,.T.);
#956=ORIENTED_EDGE('',*,*,#708,.T.);
#957=ORIENTED_EDGE('',*,*,#712,.F.);
#958=ORIENTED_EDGE('',*,*,#713,.F.);
#959=ORIENTED_EDGE('',*,*,#714,.T.);
#960=ORIENTED_EDGE('',*,*,#711,.T.);
#961=ORIENTED_EDGE('',*,*,#710,.T.);
#962=ORIENTED_EDGE('',*,*,#714,.F.);
#963=ORIENTED_EDGE('',*,*,#715,.F.);
#964=ORIENTED_EDGE('',*,*,#712,.T.);
#965=ORIENTED_EDGE('',*,*,#716,.T.);
#966=ORIENTED_EDGE('',*,*,#717,.F.);
#967=ORIENTED_EDGE('',*,*,#718,.F.);
#968=ORIENTED_EDGE('',*,*,#719,.F.);
#969=ORIENTED_EDGE('',*,*,#716,.F.);
#970=ORIENTED_EDGE('',*,*,#715,.T.);
#971=ORIENTED_EDGE('',*,*,#713,.T.);
#972=ORIENTED_EDGE('',*,*,#695,.F.);
#973=ORIENTED_EDGE('',*,*,#696,.F.);
#974=ORIENTED_EDGE('',*,*,#720,.T.);
#975=ORIENTED_EDGE('',*,*,#718,.T.);
#976=ORIENTED_EDGE('',*,*,#717,.T.);
#977=ORIENTED_EDGE('',*,*,#719,.T.);
#978=ORIENTED_EDGE('',*,*,#720,.F.);
#979=ORIENTED_EDGE('',*,*,#721,.F.);
#980=ORIENTED_EDGE('',*,*,#722,.F.);
#981=ORIENTED_EDGE('',*,*,#723,.T.);
#982=ORIENTED_EDGE('',*,*,#724,.T.);
#983=ORIENTED_EDGE('',*,*,#725,.T.);
#984=ORIENTED_EDGE('',*,*,#723,.F.);
#985=ORIENTED_EDGE('',*,*,#726,.F.);
#986=ORIENTED_EDGE('',*,*,#727,.F.);
#987=ORIENTED_EDGE('',*,*,#728,.T.);
#988=ORIENTED_EDGE('',*,*,#722,.T.);
#989=ORIENTED_EDGE('',*,*,#721,.T.);
#990=ORIENTED_EDGE('',*,*,#728,.F.);
#991=ORIENTED_EDGE('',*,*,#726,.T.);
#992=ORIENTED_EDGE('',*,*,#729,.T.);
#993=ORIENTED_EDGE('',*,*,#730,.F.);
#994=ORIENTED_EDGE('',*,*,#731,.F.);
#995=ORIENTED_EDGE('',*,*,#729,.F.);
#996=ORIENTED_EDGE('',*,*,#727,.T.);
#997=ORIENTED_EDGE('',*,*,#730,.T.);
#998=ORIENTED_EDGE('',*,*,#731,.T.);
#999=ORIENTED_EDGE('',*,*,#732,.F.);
#1000=ORIENTED_EDGE('',*,*,#733,.F.);
#1001=ORIENTED_EDGE('',*,*,#734,.F.);
#1002=ORIENTED_EDGE('',*,*,#735,.F.);
#1003=ORIENTED_EDGE('',*,*,#736,.T.);
#1004=ORIENTED_EDGE('',*,*,#733,.T.);
#1005=ORIENTED_EDGE('',*,*,#732,.T.);
#1006=ORIENTED_EDGE('',*,*,#736,.F.);
#1007=ORIENTED_EDGE('',*,*,#734,.T.);
#1008=ORIENTED_EDGE('',*,*,#735,.T.);
#1009=ORIENTED_EDGE('',*,*,#737,.F.);
#1010=ORIENTED_EDGE('',*,*,#738,.F.);
#1011=ORIENTED_EDGE('',*,*,#737,.T.);
#1012=ORIENTED_EDGE('',*,*,#739,.T.);
#1013=ORIENTED_EDGE('',*,*,#740,.F.);
#1014=ORIENTED_EDGE('',*,*,#741,.F.);
#1015=ORIENTED_EDGE('',*,*,#739,.F.);
#1016=ORIENTED_EDGE('',*,*,#738,.T.);
#1017=ORIENTED_EDGE('',*,*,#742,.F.);
#1018=ORIENTED_EDGE('',*,*,#743,.F.);
#1019=ORIENTED_EDGE('',*,*,#740,.T.);
#1020=ORIENTED_EDGE('',*,*,#741,.T.);
#1021=ORIENTED_EDGE('',*,*,#744,.F.);
#1022=ORIENTED_EDGE('',*,*,#745,.F.);
#1023=ORIENTED_EDGE('',*,*,#746,.T.);
#1024=ORIENTED_EDGE('',*,*,#743,.T.);
#1025=ORIENTED_EDGE('',*,*,#742,.T.);
#1026=ORIENTED_EDGE('',*,*,#746,.F.);
#1027=ORIENTED_EDGE('',*,*,#747,.F.);
#1028=ORIENTED_EDGE('',*,*,#748,.F.);
#1029=ORIENTED_EDGE('',*,*,#744,.T.);
#1030=ORIENTED_EDGE('',*,*,#745,.T.);
#1031=ORIENTED_EDGE('',*,*,#747,.T.);
#1032=ORIENTED_EDGE('',*,*,#749,.T.);
#1033=ORIENTED_EDGE('',*,*,#750,.F.);
#1034=ORIENTED_EDGE('',*,*,#751,.F.);
#1035=ORIENTED_EDGE('',*,*,#749,.F.);
#1036=ORIENTED_EDGE('',*,*,#748,.T.);
#1037=ORIENTED_EDGE('',*,*,#725,.F.);
#1038=ORIENTED_EDGE('',*,*,#724,.F.);
#1039=ORIENTED_EDGE('',*,*,#750,.T.);
#1040=ORIENTED_EDGE('',*,*,#751,.T.);
#1041=ORIENTED_EDGE('',*,*,#752,.F.);
#1042=ORIENTED_EDGE('',*,*,#753,.F.);
#1043=ORIENTED_EDGE('',*,*,#754,.T.);
#1044=ORIENTED_EDGE('',*,*,#755,.T.);
#1045=ORIENTED_EDGE('',*,*,#756,.T.);
#1046=ORIENTED_EDGE('',*,*,#754,.F.);
#1047=ORIENTED_EDGE('',*,*,#757,.F.);
#1048=ORIENTED_EDGE('',*,*,#758,.F.);
#1049=ORIENTED_EDGE('',*,*,#759,.T.);
#1050=ORIENTED_EDGE('',*,*,#753,.T.);
#1051=ORIENTED_EDGE('',*,*,#752,.T.);
#1052=ORIENTED_EDGE('',*,*,#759,.F.);
#1053=ORIENTED_EDGE('',*,*,#757,.T.);
#1054=ORIENTED_EDGE('',*,*,#760,.T.);
#1055=ORIENTED_EDGE('',*,*,#761,.F.);
#1056=ORIENTED_EDGE('',*,*,#762,.F.);
#1057=ORIENTED_EDGE('',*,*,#760,.F.);
#1058=ORIENTED_EDGE('',*,*,#758,.T.);
#1059=ORIENTED_EDGE('',*,*,#761,.T.);
#1060=ORIENTED_EDGE('',*,*,#762,.T.);
#1061=ORIENTED_EDGE('',*,*,#763,.F.);
#1062=ORIENTED_EDGE('',*,*,#764,.F.);
#1063=ORIENTED_EDGE('',*,*,#765,.F.);
#1064=ORIENTED_EDGE('',*,*,#766,.F.);
#1065=ORIENTED_EDGE('',*,*,#767,.T.);
#1066=ORIENTED_EDGE('',*,*,#764,.T.);
#1067=ORIENTED_EDGE('',*,*,#763,.T.);
#1068=ORIENTED_EDGE('',*,*,#767,.F.);
#1069=ORIENTED_EDGE('',*,*,#765,.T.);
#1070=ORIENTED_EDGE('',*,*,#766,.T.);
#1071=ORIENTED_EDGE('',*,*,#768,.F.);
#1072=ORIENTED_EDGE('',*,*,#769,.F.);
#1073=ORIENTED_EDGE('',*,*,#768,.T.);
#1074=ORIENTED_EDGE('',*,*,#770,.T.);
#1075=ORIENTED_EDGE('',*,*,#771,.F.);
#1076=ORIENTED_EDGE('',*,*,#772,.F.);
#1077=ORIENTED_EDGE('',*,*,#770,.F.);
#1078=ORIENTED_EDGE('',*,*,#769,.T.);
#1079=ORIENTED_EDGE('',*,*,#773,.F.);
#1080=ORIENTED_EDGE('',*,*,#774,.F.);
#1081=ORIENTED_EDGE('',*,*,#771,.T.);
#1082=ORIENTED_EDGE('',*,*,#772,.T.);
#1083=ORIENTED_EDGE('',*,*,#775,.F.);
#1084=ORIENTED_EDGE('',*,*,#776,.F.);
#1085=ORIENTED_EDGE('',*,*,#777,.T.);
#1086=ORIENTED_EDGE('',*,*,#774,.T.);
#1087=ORIENTED_EDGE('',*,*,#773,.T.);
#1088=ORIENTED_EDGE('',*,*,#777,.F.);
#1089=ORIENTED_EDGE('',*,*,#778,.F.);
#1090=ORIENTED_EDGE('',*,*,#779,.F.);
#1091=ORIENTED_EDGE('',*,*,#775,.T.);
#1092=ORIENTED_EDGE('',*,*,#776,.T.);
#1093=ORIENTED_EDGE('',*,*,#778,.T.);
#1094=ORIENTED_EDGE('',*,*,#780,.T.);
#1095=ORIENTED_EDGE('',*,*,#781,.F.);
#1096=ORIENTED_EDGE('',*,*,#782,.F.);
#1097=ORIENTED_EDGE('',*,*,#780,.F.);
#1098=ORIENTED_EDGE('',*,*,#779,.T.);
#1099=ORIENTED_EDGE('',*,*,#756,.F.);
#1100=ORIENTED_EDGE('',*,*,#755,.F.);
#1101=ORIENTED_EDGE('',*,*,#781,.T.);
#1102=ORIENTED_EDGE('',*,*,#782,.T.);
#1103=ORIENTED_EDGE('',*,*,#783,.T.);
#1104=ORIENTED_EDGE('',*,*,#783,.F.);
#1105=ORIENTED_EDGE('',*,*,#784,.F.);
#1106=ORIENTED_EDGE('',*,*,#785,.F.);
#1107=ORIENTED_EDGE('',*,*,#786,.F.);
#1108=ORIENTED_EDGE('',*,*,#787,.F.);
#1109=ORIENTED_EDGE('',*,*,#788,.T.);
#1110=ORIENTED_EDGE('',*,*,#788,.F.);
#1111=ORIENTED_EDGE('',*,*,#789,.F.);
#1112=ORIENTED_EDGE('',*,*,#790,.F.);
#1113=ORIENTED_EDGE('',*,*,#791,.F.);
#1114=ORIENTED_EDGE('',*,*,#792,.F.);
#1115=ORIENTED_EDGE('',*,*,#793,.T.);
#1116=ORIENTED_EDGE('',*,*,#793,.F.);
#1117=ORIENTED_EDGE('',*,*,#794,.F.);
#1118=ORIENTED_EDGE('',*,*,#795,.F.);
#1119=ORIENTED_EDGE('',*,*,#796,.F.);
#1120=ORIENTED_EDGE('',*,*,#797,.F.);
#1121=ORIENTED_EDGE('',*,*,#798,.T.);
#1122=ORIENTED_EDGE('',*,*,#798,.F.);
#1123=ORIENTED_EDGE('',*,*,#799,.F.);
#1124=ORIENTED_EDGE('',*,*,#800,.F.);
#1125=ORIENTED_EDGE('',*,*,#801,.F.);
#1126=ORIENTED_EDGE('',*,*,#802,.F.);
#1127=ORIENTED_EDGE('',*,*,#803,.T.);
#1128=ORIENTED_EDGE('',*,*,#803,.F.);
#1129=ORIENTED_EDGE('',*,*,#804,.F.);
#1130=ORIENTED_EDGE('',*,*,#805,.F.);
#1131=ORIENTED_EDGE('',*,*,#806,.F.);
#1132=ORIENTED_EDGE('',*,*,#807,.F.);
#1133=ORIENTED_EDGE('',*,*,#808,.T.);
#1134=ORIENTED_EDGE('',*,*,#808,.F.);
#1135=ORIENTED_EDGE('',*,*,#809,.F.);
#1136=ORIENTED_EDGE('',*,*,#810,.F.);
#1137=ORIENTED_EDGE('',*,*,#811,.F.);
#1138=ORIENTED_EDGE('',*,*,#812,.F.);
#1139=ORIENTED_EDGE('',*,*,#813,.T.);
#1140=ORIENTED_EDGE('',*,*,#813,.F.);
#1141=ORIENTED_EDGE('',*,*,#814,.F.);
#1142=ORIENTED_EDGE('',*,*,#815,.F.);
#1143=ORIENTED_EDGE('',*,*,#816,.F.);
#1144=ORIENTED_EDGE('',*,*,#817,.F.);
#1145=ORIENTED_EDGE('',*,*,#818,.T.);
#1146=ORIENTED_EDGE('',*,*,#818,.F.);
#1147=ORIENTED_EDGE('',*,*,#819,.F.);
#1148=ORIENTED_EDGE('',*,*,#820,.F.);
#1149=ORIENTED_EDGE('',*,*,#821,.F.);
#1150=ORIENTED_EDGE('',*,*,#822,.F.);
#1151=ORIENTED_EDGE('',*,*,#809,.T.);
#1152=ORIENTED_EDGE('',*,*,#823,.T.);
#1153=ORIENTED_EDGE('',*,*,#817,.T.);
#1154=ORIENTED_EDGE('',*,*,#816,.T.);
#1155=ORIENTED_EDGE('',*,*,#823,.F.);
#1156=ORIENTED_EDGE('',*,*,#810,.T.);
#1157=ORIENTED_EDGE('',*,*,#819,.T.);
#1158=ORIENTED_EDGE('',*,*,#824,.T.);
#1159=ORIENTED_EDGE('',*,*,#787,.T.);
#1160=ORIENTED_EDGE('',*,*,#786,.T.);
#1161=ORIENTED_EDGE('',*,*,#824,.F.);
#1162=ORIENTED_EDGE('',*,*,#820,.T.);
#1163=ORIENTED_EDGE('',*,*,#784,.T.);
#1164=ORIENTED_EDGE('',*,*,#825,.T.);
#1165=ORIENTED_EDGE('',*,*,#792,.T.);
#1166=ORIENTED_EDGE('',*,*,#791,.T.);
#1167=ORIENTED_EDGE('',*,*,#825,.F.);
#1168=ORIENTED_EDGE('',*,*,#785,.T.);
#1169=ORIENTED_EDGE('',*,*,#789,.T.);
#1170=ORIENTED_EDGE('',*,*,#826,.T.);
#1171=ORIENTED_EDGE('',*,*,#797,.T.);
#1172=ORIENTED_EDGE('',*,*,#796,.T.);
#1173=ORIENTED_EDGE('',*,*,#826,.F.);
#1174=ORIENTED_EDGE('',*,*,#790,.T.);
#1175=ORIENTED_EDGE('',*,*,#794,.T.);
#1176=ORIENTED_EDGE('',*,*,#827,.T.);
#1177=ORIENTED_EDGE('',*,*,#802,.T.);
#1178=ORIENTED_EDGE('',*,*,#801,.T.);
#1179=ORIENTED_EDGE('',*,*,#827,.F.);
#1180=ORIENTED_EDGE('',*,*,#795,.T.);
#1181=ORIENTED_EDGE('',*,*,#799,.T.);
#1182=ORIENTED_EDGE('',*,*,#828,.T.);
#1183=ORIENTED_EDGE('',*,*,#807,.T.);
#1184=ORIENTED_EDGE('',*,*,#806,.T.);
#1185=ORIENTED_EDGE('',*,*,#828,.F.);
#1186=ORIENTED_EDGE('',*,*,#800,.T.);
#1187=ORIENTED_EDGE('',*,*,#804,.T.);
#1188=ORIENTED_EDGE('',*,*,#829,.T.);
#1189=ORIENTED_EDGE('',*,*,#812,.T.);
#1190=ORIENTED_EDGE('',*,*,#811,.T.);
#1191=ORIENTED_EDGE('',*,*,#829,.F.);
#1192=ORIENTED_EDGE('',*,*,#805,.T.);
#1193=ORIENTED_EDGE('',*,*,#814,.T.);
#1194=ORIENTED_EDGE('',*,*,#830,.T.);
#1195=ORIENTED_EDGE('',*,*,#822,.T.);
#1196=ORIENTED_EDGE('',*,*,#821,.T.);
#1197=ORIENTED_EDGE('',*,*,#830,.F.);
#1198=ORIENTED_EDGE('',*,*,#815,.T.);
#1199=CONICAL_SURFACE('',#1377,4.06041889066002,1.39626340159546);
#1200=CONICAL_SURFACE('',#1395,4.06041889066002,1.39626340159546);
#1201=CONICAL_SURFACE('',#1465,4.11,1.39626340159546);
#1202=CONICAL_SURFACE('',#1473,4.10606301014133,1.39626340159546);
#1203=CONICAL_SURFACE('',#1479,3.76627922061358,0.785398163397447);
#1204=CONICAL_SURFACE('',#1497,3.729,0.785398163397448);
#1205=CONICAL_SURFACE('',#1502,4.11,1.39626340159546);
#1206=CONICAL_SURFACE('',#1510,4.10606301014133,1.39626340159546);
#1207=CONICAL_SURFACE('',#1516,3.76627922061358,0.785398163397447);
#1208=CONICAL_SURFACE('',#1534,3.729,0.785398163397448);
#1209=ADVANCED_FACE('',(#165),#1199,.F.);
#1210=ADVANCED_FACE('',(#166),#151,.F.);
#1211=ADVANCED_FACE('',(#167),#135,.F.);
#1212=ADVANCED_FACE('',(#168),#152,.F.);
#1213=ADVANCED_FACE('',(#169),#1200,.F.);
#1214=ADVANCED_FACE('',(#170),#136,.F.);
#1215=ADVANCED_FACE('',(#171),#153,.F.);
#1216=ADVANCED_FACE('',(#172,#91),#121,.T.);
#1217=ADVANCED_FACE('',(#173),#137,.T.);
#1218=ADVANCED_FACE('',(#174),#154,.T.);
#1219=ADVANCED_FACE('',(#175),#138,.T.);
#1220=ADVANCED_FACE('',(#176,#92),#122,.T.);
#1221=ADVANCED_FACE('',(#177),#155,.F.);
#1222=ADVANCED_FACE('',(#178),#139,.F.);
#1223=ADVANCED_FACE('',(#179,#93),#123,.T.);
#1224=ADVANCED_FACE('',(#180),#140,.T.);
#1225=ADVANCED_FACE('',(#181),#156,.F.);
#1226=ADVANCED_FACE('',(#182),#141,.T.);
#1227=ADVANCED_FACE('',(#183,#94),#124,.T.);
#1228=ADVANCED_FACE('',(#184),#157,.T.);
#1229=ADVANCED_FACE('',(#185),#142,.F.);
#1230=ADVANCED_FACE('',(#186),#158,.T.);
#1231=ADVANCED_FACE('',(#187),#1201,.T.);
#1232=ADVANCED_FACE('',(#188),#159,.T.);
#1233=ADVANCED_FACE('',(#189),#1202,.F.);
#1234=ADVANCED_FACE('',(#190,#95),#125,.T.);
#1235=ADVANCED_FACE('',(#191),#1203,.T.);
#1236=ADVANCED_FACE('',(#192,#96),#126,.T.);
#1237=ADVANCED_FACE('',(#193),#160,.F.);
#1238=ADVANCED_FACE('',(#194,#97),#127,.T.);
#1239=ADVANCED_FACE('',(#195),#161,.T.);
#1240=ADVANCED_FACE('',(#196,#98),#128,.T.);
#1241=ADVANCED_FACE('',(#197),#1204,.F.);
#1242=ADVANCED_FACE('',(#198,#99),#129,.T.);
#1243=ADVANCED_FACE('',(#199),#1205,.T.);
#1244=ADVANCED_FACE('',(#200),#162,.T.);
#1245=ADVANCED_FACE('',(#201),#1206,.F.);
#1246=ADVANCED_FACE('',(#202,#100),#130,.T.);
#1247=ADVANCED_FACE('',(#203),#1207,.T.);
#1248=ADVANCED_FACE('',(#204,#101),#131,.T.);
#1249=ADVANCED_FACE('',(#205),#163,.F.);
#1250=ADVANCED_FACE('',(#206,#102),#132,.T.);
#1251=ADVANCED_FACE('',(#207),#164,.T.);
#1252=ADVANCED_FACE('',(#208,#103),#133,.T.);
#1253=ADVANCED_FACE('',(#209),#1208,.F.);
#1254=ADVANCED_FACE('',(#210,#104),#134,.T.);
#1255=ADVANCED_FACE('',(#211,#105,#106),#63,.T.);
#1256=ADVANCED_FACE('',(#212,#107,#108),#64,.T.);
#1257=ADVANCED_FACE('',(#213,#109,#110),#65,.T.);
#1258=ADVANCED_FACE('',(#214,#111,#112),#66,.T.);
#1259=ADVANCED_FACE('',(#215,#113,#114),#67,.T.);
#1260=ADVANCED_FACE('',(#216,#115,#116),#68,.T.);
#1261=ADVANCED_FACE('',(#217,#117,#118),#69,.T.);
#1262=ADVANCED_FACE('',(#218,#119,#120),#70,.T.);
#1263=ADVANCED_FACE('',(#219),#143,.T.);
#1264=ADVANCED_FACE('',(#220),#144,.T.);
#1265=ADVANCED_FACE('',(#221),#145,.T.);
#1266=ADVANCED_FACE('',(#222),#146,.T.);
#1267=ADVANCED_FACE('',(#223),#147,.T.);
#1268=ADVANCED_FACE('',(#224),#148,.T.);
#1269=ADVANCED_FACE('',(#225),#149,.T.);
#1270=ADVANCED_FACE('',(#226),#150,.T.);
#1271=CLOSED_SHELL('',(#1209,#1210,#1211,#1212,#1213,#1214,#1215,#1216,
#1217,#1218,#1219,#1220,#1221,#1222));
#1272=CLOSED_SHELL('',(#1223,#1224,#1225,#1226,#1227,#1228,#1229,#1230));
#1273=CLOSED_SHELL('',(#1231,#1232,#1233,#1234,#1235,#1236,#1237,#1238,
#1239,#1240,#1241,#1242));
#1274=CLOSED_SHELL('',(#1243,#1244,#1245,#1246,#1247,#1248,#1249,#1250,
#1251,#1252,#1253,#1254));
#1275=CLOSED_SHELL('',(#1255,#1256,#1257,#1258,#1259,#1260,#1261,#1262,
#1263,#1264,#1265,#1266,#1267,#1268,#1269,#1270));
#1276=DERIVED_UNIT_ELEMENT(#1286,1.);
#1277=DERIVED_UNIT_ELEMENT(#2970,3.);
#1278=DERIVED_UNIT_ELEMENT(#1286,1.);
#1279=DERIVED_UNIT_ELEMENT(#2970,3.);
#1280=DERIVED_UNIT_ELEMENT(#1286,1.);
#1281=DERIVED_UNIT_ELEMENT(#2970,3.);
#1282=DERIVED_UNIT_ELEMENT(#1286,1.);
#1283=DERIVED_UNIT_ELEMENT(#2970,3.);
#1284=DERIVED_UNIT_ELEMENT(#1286,1.);
#1285=DERIVED_UNIT_ELEMENT(#2970,3.);
#1286=(
MASS_UNIT()
NAMED_UNIT(*)
SI_UNIT($,.GRAM.)
);
#1287=DERIVED_UNIT((#1276,#1277));
#1288=DERIVED_UNIT((#1278,#1279));
#1289=DERIVED_UNIT((#1280,#1281));
#1290=DERIVED_UNIT((#1282,#1283));
#1291=DERIVED_UNIT((#1284,#1285));
#1292=MEASURE_REPRESENTATION_ITEM('density measure',
POSITIVE_RATIO_MEASURE(1.),#1287);
#1293=MEASURE_REPRESENTATION_ITEM('density measure',
POSITIVE_RATIO_MEASURE(1.),#1288);
#1294=MEASURE_REPRESENTATION_ITEM('density measure',
POSITIVE_RATIO_MEASURE(1.),#1289);
#1295=MEASURE_REPRESENTATION_ITEM('density measure',
POSITIVE_RATIO_MEASURE(1.),#1290);
#1296=MEASURE_REPRESENTATION_ITEM('density measure',
POSITIVE_RATIO_MEASURE(1.),#1291);
#1297=PROPERTY_DEFINITION_REPRESENTATION(#1322,#1307);
#1298=PROPERTY_DEFINITION_REPRESENTATION(#1323,#1308);
#1299=PROPERTY_DEFINITION_REPRESENTATION(#1324,#1309);
#1300=PROPERTY_DEFINITION_REPRESENTATION(#1325,#1310);
#1301=PROPERTY_DEFINITION_REPRESENTATION(#1326,#1311);
#1302=PROPERTY_DEFINITION_REPRESENTATION(#1327,#1312);
#1303=PROPERTY_DEFINITION_REPRESENTATION(#1328,#1313);
#1304=PROPERTY_DEFINITION_REPRESENTATION(#1329,#1314);
#1305=PROPERTY_DEFINITION_REPRESENTATION(#1330,#1315);
#1306=PROPERTY_DEFINITION_REPRESENTATION(#1331,#1316);
#1307=REPRESENTATION('material name',(#1317),#2963);
#1308=REPRESENTATION('density',(#1292),#2963);
#1309=REPRESENTATION('material name',(#1318),#2964);
#1310=REPRESENTATION('density',(#1293),#2964);
#1311=REPRESENTATION('material name',(#1319),#2965);
#1312=REPRESENTATION('density',(#1294),#2965);
#1313=REPRESENTATION('material name',(#1320),#2966);
#1314=REPRESENTATION('density',(#1295),#2966);
#1315=REPRESENTATION('material name',(#1321),#2967);
#1316=REPRESENTATION('density',(#1296),#2967);
#1317=DESCRIPTIVE_REPRESENTATION_ITEM('\X2\04220438043F043E0432044B0435\X0\',
'\X2\04220438043F043E0432044B0435\X0\');
#1318=DESCRIPTIVE_REPRESENTATION_ITEM('\X2\04220438043F043E0432044B0435\X0\',
'\X2\04220438043F043E0432044B0435\X0\');
#1319=DESCRIPTIVE_REPRESENTATION_ITEM('\X2\04220438043F043E0432044B0435\X0\',
'\X2\04220438043F043E0432044B0435\X0\');
#1320=DESCRIPTIVE_REPRESENTATION_ITEM('\X2\04220438043F043E0432044B0435\X0\',
'\X2\04220438043F043E0432044B0435\X0\');
#1321=DESCRIPTIVE_REPRESENTATION_ITEM('\X2\04220438043F043E0432044B0435\X0\',
'\X2\04220438043F043E0432044B0435\X0\');
#1322=PROPERTY_DEFINITION('material property','material name',#2998);
#1323=PROPERTY_DEFINITION('material property','density of part',#2998);
#1324=PROPERTY_DEFINITION('material property','material name',#2999);
#1325=PROPERTY_DEFINITION('material property','density of part',#2999);
#1326=PROPERTY_DEFINITION('material property','material name',#3000);
#1327=PROPERTY_DEFINITION('material property','density of part',#3000);
#1328=PROPERTY_DEFINITION('material property','material name',#3001);
#1329=PROPERTY_DEFINITION('material property','density of part',#3001);
#1330=PROPERTY_DEFINITION('material property','material name',#3002);
#1331=PROPERTY_DEFINITION('material property','density of part',#3002);
#1332=PRESENTATION_STYLE_ASSIGNMENT((#1333));
#1333=SURFACE_STYLE_USAGE(.BOTH.,#1334);
#1334=SURFACE_SIDE_STYLE('',(#1335));
#1335=SURFACE_STYLE_FILL_AREA(#1336);
#1336=FILL_AREA_STYLE('',(#1337));
#1337=FILL_AREA_STYLE_COLOUR('',#1338);
#1338=COLOUR_RGB('',0.749019607843137,0.749019607843137,0.749019607843137);
#1339=DATE_TIME_ROLE('creation_date');
#1340=DATE_TIME_ROLE('creation_date');
#1341=DATE_TIME_ROLE('creation_date');
#1342=DATE_TIME_ROLE('creation_date');
#1343=DATE_TIME_ROLE('creation_date');
#1344=DATE_TIME_ROLE('creation_date');
#1345=APPLIED_DATE_AND_TIME_ASSIGNMENT(#1351,#1339,(#2997));
#1346=APPLIED_DATE_AND_TIME_ASSIGNMENT(#1352,#1340,(#2998));
#1347=APPLIED_DATE_AND_TIME_ASSIGNMENT(#1353,#1341,(#2999));
#1348=APPLIED_DATE_AND_TIME_ASSIGNMENT(#1354,#1342,(#3000));
#1349=APPLIED_DATE_AND_TIME_ASSIGNMENT(#1355,#1343,(#3001));
#1350=APPLIED_DATE_AND_TIME_ASSIGNMENT(#1356,#1344,(#3002));
#1351=DATE_AND_TIME(#1357,#1363);
#1352=DATE_AND_TIME(#1358,#1364);
#1353=DATE_AND_TIME(#1359,#1365);
#1354=DATE_AND_TIME(#1360,#1366);
#1355=DATE_AND_TIME(#1361,#1367);
#1356=DATE_AND_TIME(#1362,#1368);
#1357=CALENDAR_DATE(2018,21,12);
#1358=CALENDAR_DATE(2018,21,12);
#1359=CALENDAR_DATE(2018,21,12);
#1360=CALENDAR_DATE(2018,21,12);
#1361=CALENDAR_DATE(2018,21,12);
#1362=CALENDAR_DATE(2018,21,12);
#1363=LOCAL_TIME(11,33,6.,#1369);
#1364=LOCAL_TIME(11,33,7.,#1370);
#1365=LOCAL_TIME(11,33,7.,#1371);
#1366=LOCAL_TIME(11,33,7.,#1372);
#1367=LOCAL_TIME(11,33,7.,#1373);
#1368=LOCAL_TIME(11,33,7.,#1374);
#1369=COORDINATED_UNIVERSAL_TIME_OFFSET(0,0,.BEHIND.);
#1370=COORDINATED_UNIVERSAL_TIME_OFFSET(0,0,.BEHIND.);
#1371=COORDINATED_UNIVERSAL_TIME_OFFSET(0,0,.BEHIND.);
#1372=COORDINATED_UNIVERSAL_TIME_OFFSET(0,0,.BEHIND.);
#1373=COORDINATED_UNIVERSAL_TIME_OFFSET(0,0,.BEHIND.);
#1374=COORDINATED_UNIVERSAL_TIME_OFFSET(0,0,.BEHIND.);
#1375=AXIS2_PLACEMENT_3D('placement',#2002,#1576,#1577);
#1376=AXIS2_PLACEMENT_3D('placement',#2003,#1578,#1579);
#1377=AXIS2_PLACEMENT_3D('',#2004,#1580,#1581);
#1378=AXIS2_PLACEMENT_3D('',#2007,#1582,#1583);
#1379=AXIS2_PLACEMENT_3D('',#2009,#1584,#1585);
#1380=AXIS2_PLACEMENT_3D('',#2013,#1587,#1588);
#1381=AXIS2_PLACEMENT_3D('',#2014,#1589,#1590);
#1382=AXIS2_PLACEMENT_3D('',#2015,#1591,#1592);
#1383=AXIS2_PLACEMENT_3D('',#2016,#1593,#1594);
#1384=AXIS2_PLACEMENT_3D('',#2020,#1596,#1597);
#1385=AXIS2_PLACEMENT_3D('',#2022,#1598,#1599);
#1386=AXIS2_PLACEMENT_3D('',#2023,#1600,#1601);
#1387=AXIS2_PLACEMENT_3D('',#2024,#1602,#1603);
#1388=AXIS2_PLACEMENT_3D('',#2026,#1604,#1605);
#1389=AXIS2_PLACEMENT_3D('',#2028,#1606,#1607);
#1390=AXIS2_PLACEMENT_3D('',#2030,#1608,#1609);
#1391=AXIS2_PLACEMENT_3D('',#2031,#1610,#1611);
#1392=AXIS2_PLACEMENT_3D('',#2032,#1612,#1613);
#1393=AXIS2_PLACEMENT_3D('',#2036,#1615,#1616);
#1394=AXIS2_PLACEMENT_3D('',#2037,#1617,#1618);
#1395=AXIS2_PLACEMENT_3D('',#2038,#1619,#1620);
#1396=AXIS2_PLACEMENT_3D('',#2042,#1622,#1623);
#1397=AXIS2_PLACEMENT_3D('',#2044,#1624,#1625);
#1398=AXIS2_PLACEMENT_3D('',#2045,#1626,#1627);
#1399=AXIS2_PLACEMENT_3D('',#2046,#1628,#1629);
#1400=AXIS2_PLACEMENT_3D('',#2048,#1630,#1631);
#1401=AXIS2_PLACEMENT_3D('',#2050,#1632,#1633);
#1402=AXIS2_PLACEMENT_3D('',#2052,#1634,#1635);
#1403=AXIS2_PLACEMENT_3D('',#2053,#1636,#1637);
#1404=AXIS2_PLACEMENT_3D('',#2054,#1638,#1639);
#1405=AXIS2_PLACEMENT_3D('',#2058,#1641,#1642);
#1406=AXIS2_PLACEMENT_3D('',#2059,#1643,#1644);
#1407=AXIS2_PLACEMENT_3D('',#2060,#1645,#1646);
#1408=AXIS2_PLACEMENT_3D('',#2063,#1647,#1648);
#1409=AXIS2_PLACEMENT_3D('',#2064,#1649,#1650);
#1410=AXIS2_PLACEMENT_3D('',#2065,#1651,#1652);
#1411=AXIS2_PLACEMENT_3D('',#2068,#1653,#1654);
#1412=AXIS2_PLACEMENT_3D('',#2070,#1655,#1656);
#1413=AXIS2_PLACEMENT_3D('',#2071,#1657,#1658);
#1414=AXIS2_PLACEMENT_3D('',#2072,#1659,#1660);
#1415=AXIS2_PLACEMENT_3D('',#2073,#1661,#1662);
#1416=AXIS2_PLACEMENT_3D('',#2076,#1663,#1664);
#1417=AXIS2_PLACEMENT_3D('',#2078,#1665,#1666);
#1418=AXIS2_PLACEMENT_3D('',#2080,#1668,#1669);
#1419=AXIS2_PLACEMENT_3D('',#2081,#1670,#1671);
#1420=AXIS2_PLACEMENT_3D('',#2084,#1672,#1673);
#1421=AXIS2_PLACEMENT_3D('',#2085,#1674,#1675);
#1422=AXIS2_PLACEMENT_3D('',#2086,#1676,#1677);
#1423=AXIS2_PLACEMENT_3D('',#2087,#1678,#1679);
#1424=AXIS2_PLACEMENT_3D('',#2090,#1680,#1681);
#1425=AXIS2_PLACEMENT_3D('',#2091,#1682,#1683);
#1426=AXIS2_PLACEMENT_3D('',#2092,#1684,#1685);
#1427=AXIS2_PLACEMENT_3D('',#2096,#1687,#1688);
#1428=AXIS2_PLACEMENT_3D('',#2098,#1689,#1690);
#1429=AXIS2_PLACEMENT_3D('',#2099,#1691,#1692);
#1430=AXIS2_PLACEMENT_3D('',#2100,#1693,#1694);
#1431=AXIS2_PLACEMENT_3D('',#2101,#1695,#1696);
#1432=AXIS2_PLACEMENT_3D('placement',#2102,#1697,#1698);
#1433=AXIS2_PLACEMENT_3D('',#2103,#1699,#1700);
#1434=AXIS2_PLACEMENT_3D('',#2106,#1701,#1702);
#1435=AXIS2_PLACEMENT_3D('',#2107,#1703,#1704);
#1436=AXIS2_PLACEMENT_3D('',#2110,#1705,#1706);
#1437=AXIS2_PLACEMENT_3D('',#2111,#1707,#1708);
#1438=AXIS2_PLACEMENT_3D('',#2112,#1709,#1710);
#1439=AXIS2_PLACEMENT_3D('',#2115,#1711,#1712);
#1440=AXIS2_PLACEMENT_3D('',#2117,#1713,#1714);
#1441=AXIS2_PLACEMENT_3D('',#2118,#1715,#1716);
#1442=AXIS2_PLACEMENT_3D('',#2119,#1717,#1718);
#1443=AXIS2_PLACEMENT_3D('',#2120,#1719,#1720);
#1444=AXIS2_PLACEMENT_3D('',#2124,#1722,#1723);
#1445=AXIS2_PLACEMENT_3D('',#2126,#1724,#1725);
#1446=AXIS2_PLACEMENT_3D('',#2127,#1726,#1727);
#1447=AXIS2_PLACEMENT_3D('',#2128,#1728,#1729);
#1448=AXIS2_PLACEMENT_3D('',#2131,#1730,#1731);
#1449=AXIS2_PLACEMENT_3D('',#2132,#1732,#1733);
#1450=AXIS2_PLACEMENT_3D('',#2133,#1734,#1735);
#1451=AXIS2_PLACEMENT_3D('',#2134,#1736,#1737);
#1452=AXIS2_PLACEMENT_3D('',#2137,#1738,#1739);
#1453=AXIS2_PLACEMENT_3D('',#2138,#1740,#1741);
#1454=AXIS2_PLACEMENT_3D('',#2139,#1742,#1743);
#1455=AXIS2_PLACEMENT_3D('',#2142,#1744,#1745);
#1456=AXIS2_PLACEMENT_3D('',#2144,#1746,#1747);
#1457=AXIS2_PLACEMENT_3D('',#2146,#1749,#1750);
#1458=AXIS2_PLACEMENT_3D('',#2147,#1751,#1752);
#1459=AXIS2_PLACEMENT_3D('',#2149,#1753,#1754);
#1460=AXIS2_PLACEMENT_3D('',#2151,#1755,#1756);
#1461=AXIS2_PLACEMENT_3D('',#2153,#1757,#1758);
#1462=AXIS2_PLACEMENT_3D('',#2154,#1759,#1760);
#1463=AXIS2_PLACEMENT_3D('',#2155,#1761,#1762);
#1464=AXIS2_PLACEMENT_3D('placement',#2157,#1764,#1765);
#1465=AXIS2_PLACEMENT_3D('',#2158,#1766,#1767);
#1466=AXIS2_PLACEMENT_3D('',#2161,#1768,#1769);
#1467=AXIS2_PLACEMENT_3D('',#2162,#1770,#1771);
#1468=AXIS2_PLACEMENT_3D('',#2166,#1773,#1774);
#1469=AXIS2_PLACEMENT_3D('',#2167,#1775,#1776);
#1470=AXIS2_PLACEMENT_3D('',#2168,#1777,#1778);
#1471=AXIS2_PLACEMENT_3D('',#2171,#1779,#1780);
#1472=AXIS2_PLACEMENT_3D('',#2172,#1781,#1782);
#1473=AXIS2_PLACEMENT_3D('',#2174,#1784,#1785);
#1474=AXIS2_PLACEMENT_3D('',#2178,#1787,#1788);
#1475=AXIS2_PLACEMENT_3D('',#2179,#1789,#1790);
#1476=AXIS2_PLACEMENT_3D('',#2180,#1791,#1792);
#1477=AXIS2_PLACEMENT_3D('',#2183,#1793,#1794);
#1478=AXIS2_PLACEMENT_3D('',#2184,#1795,#1796);
#1479=AXIS2_PLACEMENT_3D('',#2185,#1797,#1798);
#1480=AXIS2_PLACEMENT_3D('',#2188,#1799,#1800);
#1481=AXIS2_PLACEMENT_3D('',#2189,#1801,#1802);
#1482=AXIS2_PLACEMENT_3D('',#2191,#1804,#1805);
#1483=AXIS2_PLACEMENT_3D('',#2194,#1806,#1807);
#1484=AXIS2_PLACEMENT_3D('',#2195,#1808,#1809);
#1485=AXIS2_PLACEMENT_3D('',#2196,#1810,#1811);
#1486=AXIS2_PLACEMENT_3D('',#2200,#1813,#1814);
#1487=AXIS2_PLACEMENT_3D('',#2201,#1815,#1816);
#1488=AXIS2_PLACEMENT_3D('',#2202,#1817,#1818);
#1489=AXIS2_PLACEMENT_3D('',#2205,#1819,#1820);
#1490=AXIS2_PLACEMENT_3D('',#2206,#1821,#1822);
#1491=AXIS2_PLACEMENT_3D('',#2207,#1823,#1824);
#1492=AXIS2_PLACEMENT_3D('',#2210,#1825,#1826);
#1493=AXIS2_PLACEMENT_3D('',#2211,#1827,#1828);
#1494=AXIS2_PLACEMENT_3D('',#2213,#1830,#1831);
#1495=AXIS2_PLACEMENT_3D('',#2216,#1832,#1833);
#1496=AXIS2_PLACEMENT_3D('',#2217,#1834,#1835);
#1497=AXIS2_PLACEMENT_3D('',#2218,#1836,#1837);
#1498=AXIS2_PLACEMENT_3D('',#2222,#1839,#1840);
#1499=AXIS2_PLACEMENT_3D('',#2223,#1841,#1842);
#1500=AXIS2_PLACEMENT_3D('',#2224,#1843,#1844);
#1501=AXIS2_PLACEMENT_3D('placement',#2225,#1845,#1846);
#1502=AXIS2_PLACEMENT_3D('',#2226,#1847,#1848);
#1503=AXIS2_PLACEMENT_3D('',#2229,#1849,#1850);
#1504=AXIS2_PLACEMENT_3D('',#2230,#1851,#1852);
#1505=AXIS2_PLACEMENT_3D('',#2234,#1854,#1855);
#1506=AXIS2_PLACEMENT_3D('',#2235,#1856,#1857);
#1507=AXIS2_PLACEMENT_3D('',#2236,#1858,#1859);
#1508=AXIS2_PLACEMENT_3D('',#2239,#1860,#1861);
#1509=AXIS2_PLACEMENT_3D('',#2240,#1862,#1863);
#1510=AXIS2_PLACEMENT_3D('',#2242,#1865,#1866);
#1511=AXIS2_PLACEMENT_3D('',#2246,#1868,#1869);
#1512=AXIS2_PLACEMENT_3D('',#2247,#1870,#1871);
#1513=AXIS2_PLACEMENT_3D('',#2248,#1872,#1873);
#1514=AXIS2_PLACEMENT_3D('',#2251,#1874,#1875);
#1515=AXIS2_PLACEMENT_3D('',#2252,#1876,#1877);
#1516=AXIS2_PLACEMENT_3D('',#2253,#1878,#1879);
#1517=AXIS2_PLACEMENT_3D('',#2256,#1880,#1881);
#1518=AXIS2_PLACEMENT_3D('',#2257,#1882,#1883);
#1519=AXIS2_PLACEMENT_3D('',#2259,#1885,#1886);
#1520=AXIS2_PLACEMENT_3D('',#2262,#1887,#1888);
#1521=AXIS2_PLACEMENT_3D('',#2263,#1889,#1890);
#1522=AXIS2_PLACEMENT_3D('',#2264,#1891,#1892);
#1523=AXIS2_PLACEMENT_3D('',#2268,#1894,#1895);
#1524=AXIS2_PLACEMENT_3D('',#2269,#1896,#1897);
#1525=AXIS2_PLACEMENT_3D('',#2270,#1898,#1899);
#1526=AXIS2_PLACEMENT_3D('',#2273,#1900,#1901);
#1527=AXIS2_PLACEMENT_3D('',#2274,#1902,#1903);
#1528=AXIS2_PLACEMENT_3D('',#2275,#1904,#1905);
#1529=AXIS2_PLACEMENT_3D('',#2278,#1906,#1907);
#1530=AXIS2_PLACEMENT_3D('',#2279,#1908,#1909);
#1531=AXIS2_PLACEMENT_3D('',#2281,#1911,#1912);
#1532=AXIS2_PLACEMENT_3D('',#2284,#1913,#1914);
#1533=AXIS2_PLACEMENT_3D('',#2285,#1915,#1916);
#1534=AXIS2_PLACEMENT_3D('',#2286,#1917,#1918);
#1535=AXIS2_PLACEMENT_3D('',#2290,#1920,#1921);
#1536=AXIS2_PLACEMENT_3D('',#2291,#1922,#1923);
#1537=AXIS2_PLACEMENT_3D('',#2292,#1924,#1925);
#1538=AXIS2_PLACEMENT_3D('placement',#2293,#1926,#1927);
#1539=AXIS2_PLACEMENT_3D('',#2294,#1928,#1929);
#1540=AXIS2_PLACEMENT_3D('',#2297,#1930,#1931);
#1541=AXIS2_PLACEMENT_3D('',#2374,#1932,#1933);
#1542=AXIS2_PLACEMENT_3D('',#2377,#1934,#1935);
#1543=AXIS2_PLACEMENT_3D('',#2454,#1936,#1937);
#1544=AXIS2_PLACEMENT_3D('',#2457,#1938,#1939);
#1545=AXIS2_PLACEMENT_3D('',#2534,#1940,#1941);
#1546=AXIS2_PLACEMENT_3D('',#2537,#1942,#1943);
#1547=AXIS2_PLACEMENT_3D('',#2614,#1944,#1945);
#1548=AXIS2_PLACEMENT_3D('',#2617,#1946,#1947);
#1549=AXIS2_PLACEMENT_3D('',#2694,#1948,#1949);
#1550=AXIS2_PLACEMENT_3D('',#2697,#1950,#1951);
#1551=AXIS2_PLACEMENT_3D('',#2774,#1952,#1953);
#1552=AXIS2_PLACEMENT_3D('',#2777,#1954,#1955);
#1553=AXIS2_PLACEMENT_3D('',#2854,#1956,#1957);
#1554=AXIS2_PLACEMENT_3D('',#2857,#1958,#1959);
#1555=AXIS2_PLACEMENT_3D('',#2934,#1960,#1961);
#1556=AXIS2_PLACEMENT_3D('',#2935,#1962,#1963);
#1557=AXIS2_PLACEMENT_3D('',#2936,#1964,#1965);
#1558=AXIS2_PLACEMENT_3D('',#2937,#1966,#1967);
#1559=AXIS2_PLACEMENT_3D('',#2938,#1968,#1969);
#1560=AXIS2_PLACEMENT_3D('',#2939,#1970,#1971);
#1561=AXIS2_PLACEMENT_3D('',#2940,#1972,#1973);
#1562=AXIS2_PLACEMENT_3D('',#2941,#1974,#1975);
#1563=AXIS2_PLACEMENT_3D('',#2942,#1976,#1977);
#1564=AXIS2_PLACEMENT_3D('',#2943,#1978,#1979);
#1565=AXIS2_PLACEMENT_3D('',#2944,#1980,#1981);
#1566=AXIS2_PLACEMENT_3D('',#2945,#1982,#1983);
#1567=AXIS2_PLACEMENT_3D('',#2946,#1984,#1985);
#1568=AXIS2_PLACEMENT_3D('',#2947,#1986,#1987);
#1569=AXIS2_PLACEMENT_3D('',#2948,#1988,#1989);
#1570=AXIS2_PLACEMENT_3D('',#2949,#1990,#1991);
#1571=AXIS2_PLACEMENT_3D('',#2950,#1992,#1993);
#1572=AXIS2_PLACEMENT_3D('',#2951,#1994,#1995);
#1573=AXIS2_PLACEMENT_3D('',#2952,#1996,#1997);
#1574=AXIS2_PLACEMENT_3D('',#2953,#1998,#1999);
#1575=AXIS2_PLACEMENT_3D('',#2954,#2000,#2001);
#1576=DIRECTION('axis',(0.,0.,1.));
#1577=DIRECTION('refdir',(1.,0.,0.));
#1578=DIRECTION('axis',(0.,0.,1.));
#1579=DIRECTION('refdir',(1.,0.,0.));
#1580=DIRECTION('center_axis',(1.,0.,0.));
#1581=DIRECTION('ref_axis',(0.,1.,0.));
#1582=DIRECTION('center_axis',(1.,0.,0.));
#1583=DIRECTION('ref_axis',(0.,1.,0.));
#1584=DIRECTION('center_axis',(1.,0.,0.));
#1585=DIRECTION('ref_axis',(0.,1.,0.));
#1586=DIRECTION('',(-0.173648177666931,0.984807753012208,1.2060416625019E-16));
#1587=DIRECTION('center_axis',(1.,0.,0.));
#1588=DIRECTION('ref_axis',(0.,1.,0.));
#1589=DIRECTION('center_axis',(1.,0.,0.));
#1590=DIRECTION('ref_axis',(0.,1.,0.));
#1591=DIRECTION('center_axis',(1.,0.,0.));
#1592=DIRECTION('ref_axis',(0.,1.,0.));
#1593=DIRECTION('center_axis',(1.,0.,0.));
#1594=DIRECTION('ref_axis',(0.,1.,0.));
#1595=DIRECTION('',(-1.,0.,0.));
#1596=DIRECTION('center_axis',(1.,0.,0.));
#1597=DIRECTION('ref_axis',(0.,1.,0.));
#1598=DIRECTION('center_axis',(1.,0.,0.));
#1599=DIRECTION('ref_axis',(0.,1.,0.));
#1600=DIRECTION('center_axis',(1.,0.,0.));
#1601=DIRECTION('ref_axis',(0.,1.,0.));
#1602=DIRECTION('center_axis',(1.,0.,0.));
#1603=DIRECTION('ref_axis',(0.,0.,-1.));
#1604=DIRECTION('center_axis',(0.,-1.,-1.22464679914735E-16));
#1605=DIRECTION('ref_axis',(0.,-1.22464679914735E-16,1.));
#1606=DIRECTION('center_axis',(1.,0.,0.));
#1607=DIRECTION('ref_axis',(0.,1.,0.));
#1608=DIRECTION('center_axis',(1.,0.,0.));
#1609=DIRECTION('ref_axis',(0.,1.,0.));
#1610=DIRECTION('center_axis',(1.,0.,0.));
#1611=DIRECTION('ref_axis',(0.,1.,0.));
#1612=DIRECTION('center_axis',(1.,0.,0.));
#1613=DIRECTION('ref_axis',(0.,1.,0.));
#1614=DIRECTION('',(-1.,0.,0.));
#1615=DIRECTION('center_axis',(1.,0.,0.));
#1616=DIRECTION('ref_axis',(0.,1.,0.));
#1617=DIRECTION('center_axis',(1.,0.,0.));
#1618=DIRECTION('ref_axis',(0.,1.,0.));
#1619=DIRECTION('center_axis',(-1.,0.,0.));
#1620=DIRECTION('ref_axis',(0.,1.,0.));
#1621=DIRECTION('',(-0.17364817766693,-0.984807753012208,-1.2060416625019E-16));
#1622=DIRECTION('center_axis',(1.,0.,0.));
#1623=DIRECTION('ref_axis',(0.,1.,0.));
#1624=DIRECTION('center_axis',(1.,0.,0.));
#1625=DIRECTION('ref_axis',(0.,1.,0.));
#1626=DIRECTION('center_axis',(1.,0.,0.));
#1627=DIRECTION('ref_axis',(0.,1.,0.));
#1628=DIRECTION('center_axis',(1.,0.,0.));
#1629=DIRECTION('ref_axis',(0.,0.,-1.));
#1630=DIRECTION('center_axis',(0.,-1.,-1.22464679914735E-16));
#1631=DIRECTION('ref_axis',(0.,-1.22464679914735E-16,1.));
#1632=DIRECTION('center_axis',(1.,0.,0.));
#1633=DIRECTION('ref_axis',(0.,1.,0.));
#1634=DIRECTION('center_axis',(1.,0.,0.));
#1635=DIRECTION('ref_axis',(0.,1.,0.));
#1636=DIRECTION('center_axis',(1.,0.,0.));
#1637=DIRECTION('ref_axis',(0.,1.,0.));
#1638=DIRECTION('center_axis',(1.,0.,0.));
#1639=DIRECTION('ref_axis',(0.,1.,0.));
#1640=DIRECTION('',(-1.,0.,0.));
#1641=DIRECTION('center_axis',(1.,0.,0.));
#1642=DIRECTION('ref_axis',(0.,1.,0.));
#1643=DIRECTION('center_axis',(1.,0.,0.));
#1644=DIRECTION('ref_axis',(0.,1.,0.));
#1645=DIRECTION('center_axis',(-1.,6.12303176911189E-17,0.));
#1646=DIRECTION('ref_axis',(-6.12303176911189E-17,-1.,0.));
#1647=DIRECTION('center_axis',(1.,0.,0.));
#1648=DIRECTION('ref_axis',(0.,1.,0.));
#1649=DIRECTION('center_axis',(1.,0.,0.));
#1650=DIRECTION('ref_axis',(0.,1.,0.));
#1651=DIRECTION('center_axis',(1.,0.,0.));
#1652=DIRECTION('ref_axis',(0.,0.,-1.));
#1653=DIRECTION('center_axis',(1.,0.,0.));
#1654=DIRECTION('ref_axis',(0.,1.,0.));
#1655=DIRECTION('center_axis',(1.,0.,0.));
#1656=DIRECTION('ref_axis',(0.,1.,0.));
#1657=DIRECTION('center_axis',(1.,0.,0.));
#1658=DIRECTION('ref_axis',(0.,1.,0.));
#1659=DIRECTION('center_axis',(0.,-1.,-1.22464679914735E-16));
#1660=DIRECTION('ref_axis',(0.,-1.22464679914735E-16,1.));
#1661=DIRECTION('center_axis',(1.,0.,0.));
#1662=DIRECTION('ref_axis',(0.,1.,0.));
#1663=DIRECTION('center_axis',(1.,0.,0.));
#1664=DIRECTION('ref_axis',(0.,1.,0.));
#1665=DIRECTION('center_axis',(1.,0.,0.));
#1666=DIRECTION('ref_axis',(0.,1.,0.));
#1667=DIRECTION('',(-1.,0.,0.));
#1668=DIRECTION('center_axis',(1.,0.,0.));
#1669=DIRECTION('ref_axis',(0.,1.,0.));
#1670=DIRECTION('center_axis',(1.,0.,0.));
#1671=DIRECTION('ref_axis',(0.,0.,-1.));
#1672=DIRECTION('center_axis',(1.,0.,0.));
#1673=DIRECTION('ref_axis',(0.,1.,0.));
#1674=DIRECTION('center_axis',(1.,0.,0.));
#1675=DIRECTION('ref_axis',(0.,1.,0.));
#1676=DIRECTION('center_axis',(0.,-1.,-1.22464679914735E-16));
#1677=DIRECTION('ref_axis',(0.,-1.22464679914735E-16,1.));
#1678=DIRECTION('center_axis',(1.,0.,0.));
#1679=DIRECTION('ref_axis',(0.,1.,0.));
#1680=DIRECTION('center_axis',(1.,0.,0.));
#1681=DIRECTION('ref_axis',(0.,1.,0.));
#1682=DIRECTION('center_axis',(1.,0.,0.));
#1683=DIRECTION('ref_axis',(0.,1.,0.));
#1684=DIRECTION('center_axis',(1.,0.,0.));
#1685=DIRECTION('ref_axis',(0.,1.,0.));
#1686=DIRECTION('',(-1.,0.,0.));
#1687=DIRECTION('center_axis',(1.,0.,0.));
#1688=DIRECTION('ref_axis',(0.,1.,0.));
#1689=DIRECTION('center_axis',(1.,0.,0.));
#1690=DIRECTION('ref_axis',(0.,1.,0.));
#1691=DIRECTION('center_axis',(1.,0.,0.));
#1692=DIRECTION('ref_axis',(0.,1.,0.));
#1693=DIRECTION('center_axis',(1.,0.,0.));
#1694=DIRECTION('ref_axis',(0.,0.,-1.));
#1695=DIRECTION('center_axis',(0.,-1.,-1.22464679914735E-16));
#1696=DIRECTION('ref_axis',(0.,-1.22464679914735E-16,1.));
#1697=DIRECTION('axis',(0.,0.,1.));
#1698=DIRECTION('refdir',(1.,0.,0.));
#1699=DIRECTION('center_axis',(1.,0.,0.));
#1700=DIRECTION('ref_axis',(0.,1.,0.));
#1701=DIRECTION('center_axis',(1.,0.,0.));
#1702=DIRECTION('ref_axis',(0.,1.,0.));
#1703=DIRECTION('center_axis',(1.,0.,0.));
#1704=DIRECTION('ref_axis',(0.,1.,0.));
#1705=DIRECTION('center_axis',(1.,0.,0.));
#1706=DIRECTION('ref_axis',(0.,1.,0.));
#1707=DIRECTION('center_axis',(1.,0.,0.));
#1708=DIRECTION('ref_axis',(0.,1.,0.));
#1709=DIRECTION('center_axis',(1.,0.,0.));
#1710=DIRECTION('ref_axis',(0.,0.,-1.));
#1711=DIRECTION('center_axis',(1.,0.,0.));
#1712=DIRECTION('ref_axis',(0.,1.,0.));
#1713=DIRECTION('center_axis',(1.,0.,0.));
#1714=DIRECTION('ref_axis',(0.,1.,0.));
#1715=DIRECTION('center_axis',(1.,0.,0.));
#1716=DIRECTION('ref_axis',(0.,1.,0.));
#1717=DIRECTION('center_axis',(0.,-1.,-1.22464679914735E-16));
#1718=DIRECTION('ref_axis',(0.,-1.22464679914735E-16,1.));
#1719=DIRECTION('center_axis',(1.,0.,0.));
#1720=DIRECTION('ref_axis',(0.,1.,0.));
#1721=DIRECTION('',(-1.,0.,0.));
#1722=DIRECTION('center_axis',(1.,0.,0.));
#1723=DIRECTION('ref_axis',(0.,1.,0.));
#1724=DIRECTION('center_axis',(1.,0.,0.));
#1725=DIRECTION('ref_axis',(0.,1.,0.));
#1726=DIRECTION('center_axis',(1.,0.,0.));
#1727=DIRECTION('ref_axis',(0.,1.,0.));
#1728=DIRECTION('center_axis',(1.,0.,0.));
#1729=DIRECTION('ref_axis',(0.,0.,-1.));
#1730=DIRECTION('center_axis',(1.,0.,0.));
#1731=DIRECTION('ref_axis',(0.,1.,0.));
#1732=DIRECTION('center_axis',(1.,0.,0.));
#1733=DIRECTION('ref_axis',(0.,1.,0.));
#1734=DIRECTION('center_axis',(0.,-1.,-1.22464679914735E-16));
#1735=DIRECTION('ref_axis',(0.,-1.22464679914735E-16,1.));
#1736=DIRECTION('center_axis',(-1.,6.12303176911189E-17,0.));
#1737=DIRECTION('ref_axis',(-6.12303176911189E-17,-1.,0.));
#1738=DIRECTION('center_axis',(1.,0.,0.));
#1739=DIRECTION('ref_axis',(0.,1.,0.));
#1740=DIRECTION('center_axis',(1.,0.,0.));
#1741=DIRECTION('ref_axis',(0.,1.,0.));
#1742=DIRECTION('center_axis',(1.,0.,0.));
#1743=DIRECTION('ref_axis',(0.,1.,0.));
#1744=DIRECTION('center_axis',(1.,0.,0.));
#1745=DIRECTION('ref_axis',(0.,1.,0.));
#1746=DIRECTION('center_axis',(1.,0.,0.));
#1747=DIRECTION('ref_axis',(0.,1.,0.));
#1748=DIRECTION('',(-1.,0.,0.));
#1749=DIRECTION('center_axis',(1.,0.,0.));
#1750=DIRECTION('ref_axis',(0.,1.,0.));
#1751=DIRECTION('center_axis',(1.,0.,0.));
#1752=DIRECTION('ref_axis',(0.,0.,-1.));
#1753=DIRECTION('center_axis',(0.,-1.,-1.22464679914735E-16));
#1754=DIRECTION('ref_axis',(0.,-1.22464679914735E-16,1.));
#1755=DIRECTION('center_axis',(1.,0.,0.));
#1756=DIRECTION('ref_axis',(0.,1.,0.));
#1757=DIRECTION('center_axis',(1.,0.,0.));
#1758=DIRECTION('ref_axis',(0.,1.,0.));
#1759=DIRECTION('center_axis',(1.,0.,0.));
#1760=DIRECTION('ref_axis',(0.,1.,0.));
#1761=DIRECTION('center_axis',(1.,0.,0.));
#1762=DIRECTION('ref_axis',(0.,1.,0.));
#1763=DIRECTION('',(-1.,0.,0.));
#1764=DIRECTION('axis',(0.,0.,1.));
#1765=DIRECTION('refdir',(1.,0.,0.));
#1766=DIRECTION('center_axis',(1.,0.,0.));
#1767=DIRECTION('ref_axis',(0.,1.,0.));
#1768=DIRECTION('center_axis',(1.,0.,0.));
#1769=DIRECTION('ref_axis',(0.,1.,0.));
#1770=DIRECTION('center_axis',(1.,0.,0.));
#1771=DIRECTION('ref_axis',(0.,1.,0.));
#1772=DIRECTION('',(-0.17364817766693,0.984807753012208,1.2060416625019E-16));
#1773=DIRECTION('center_axis',(1.,0.,0.));
#1774=DIRECTION('ref_axis',(0.,1.,0.));
#1775=DIRECTION('center_axis',(1.,0.,0.));
#1776=DIRECTION('ref_axis',(0.,1.,0.));
#1777=DIRECTION('center_axis',(1.,0.,0.));
#1778=DIRECTION('ref_axis',(0.,1.,0.));
#1779=DIRECTION('center_axis',(1.,0.,0.));
#1780=DIRECTION('ref_axis',(0.,1.,0.));
#1781=DIRECTION('center_axis',(1.,0.,0.));
#1782=DIRECTION('ref_axis',(0.,1.,0.));
#1783=DIRECTION('',(-1.,0.,0.));
#1784=DIRECTION('center_axis',(1.,0.,0.));
#1785=DIRECTION('ref_axis',(0.,1.,0.));
#1786=DIRECTION('',(-0.17364817766693,0.984807753012208,1.2060416625019E-16));
#1787=DIRECTION('center_axis',(1.,0.,0.));
#1788=DIRECTION('ref_axis',(0.,1.,0.));
#1789=DIRECTION('center_axis',(1.,0.,0.));
#1790=DIRECTION('ref_axis',(0.,1.,0.));
#1791=DIRECTION('center_axis',(1.,0.,0.));
#1792=DIRECTION('ref_axis',(0.,1.,0.));
#1793=DIRECTION('center_axis',(1.,0.,0.));
#1794=DIRECTION('ref_axis',(0.,1.,0.));
#1795=DIRECTION('center_axis',(1.,0.,0.));
#1796=DIRECTION('ref_axis',(0.,1.,0.));
#1797=DIRECTION('center_axis',(-1.,0.,0.));
#1798=DIRECTION('ref_axis',(0.,1.,0.));
#1799=DIRECTION('center_axis',(1.,0.,0.));
#1800=DIRECTION('ref_axis',(0.,1.,0.));
#1801=DIRECTION('center_axis',(1.,0.,0.));
#1802=DIRECTION('ref_axis',(0.,1.,0.));
#1803=DIRECTION('',(-0.707106781186549,-0.707106781186546,-8.65956056235492E-17));
#1804=DIRECTION('center_axis',(1.,3.51737547624667E-16,0.));
#1805=DIRECTION('ref_axis',(-3.51737547624667E-16,1.,0.));
#1806=DIRECTION('center_axis',(1.,0.,0.));
#1807=DIRECTION('ref_axis',(0.,1.,0.));
#1808=DIRECTION('center_axis',(1.,0.,0.));
#1809=DIRECTION('ref_axis',(0.,1.,0.));
#1810=DIRECTION('center_axis',(1.,0.,0.));
#1811=DIRECTION('ref_axis',(0.,1.,0.));
#1812=DIRECTION('',(-1.,0.,0.));
#1813=DIRECTION('center_axis',(1.,0.,0.));
#1814=DIRECTION('ref_axis',(0.,1.,0.));
#1815=DIRECTION('center_axis',(1.,0.,0.));
#1816=DIRECTION('ref_axis',(0.,1.,0.));
#1817=DIRECTION('center_axis',(-1.,6.1230317691119E-17,0.));
#1818=DIRECTION('ref_axis',(-6.1230317691119E-17,-1.,0.));
#1819=DIRECTION('center_axis',(1.,0.,0.));
#1820=DIRECTION('ref_axis',(0.,1.,0.));
#1821=DIRECTION('center_axis',(1.,0.,0.));
#1822=DIRECTION('ref_axis',(0.,1.,0.));
#1823=DIRECTION('center_axis',(1.,0.,0.));
#1824=DIRECTION('ref_axis',(0.,1.,0.));
#1825=DIRECTION('center_axis',(1.,0.,0.));
#1826=DIRECTION('ref_axis',(0.,1.,0.));
#1827=DIRECTION('center_axis',(1.,0.,0.));
#1828=DIRECTION('ref_axis',(0.,1.,0.));
#1829=DIRECTION('',(-1.,0.,0.));
#1830=DIRECTION('center_axis',(-1.,-4.4056469231157E-16,0.));
#1831=DIRECTION('ref_axis',(4.4056469231157E-16,-1.,0.));
#1832=DIRECTION('center_axis',(1.,0.,0.));
#1833=DIRECTION('ref_axis',(0.,1.,0.));
#1834=DIRECTION('center_axis',(1.,0.,0.));
#1835=DIRECTION('ref_axis',(0.,1.,0.));
#1836=DIRECTION('center_axis',(-1.,0.,0.));
#1837=DIRECTION('ref_axis',(0.,1.,0.));
#1838=DIRECTION('',(-0.707106781186548,-0.707106781186547,-8.65956056235492E-17));
#1839=DIRECTION('center_axis',(1.,0.,0.));
#1840=DIRECTION('ref_axis',(0.,1.,0.));
#1841=DIRECTION('center_axis',(1.,0.,0.));
#1842=DIRECTION('ref_axis',(0.,1.,0.));
#1843=DIRECTION('center_axis',(-1.,-6.12303176911189E-17,0.));
#1844=DIRECTION('ref_axis',(6.12303176911189E-17,-1.,0.));
#1845=DIRECTION('axis',(0.,0.,1.));
#1846=DIRECTION('refdir',(1.,0.,0.));
#1847=DIRECTION('center_axis',(-1.,0.,-1.22460635382238E-16));
#1848=DIRECTION('ref_axis',(0.,1.,0.));
#1849=DIRECTION('center_axis',(-1.,0.,-1.22460635382238E-16));
#1850=DIRECTION('ref_axis',(0.,1.,0.));
#1851=DIRECTION('center_axis',(-1.,0.,-1.22460635382238E-16));
#1852=DIRECTION('ref_axis',(0.,1.,0.));
#1853=DIRECTION('',(0.17364817766693,0.984807753012208,-9.93391000801298E-17));
#1854=DIRECTION('center_axis',(-1.,0.,-1.22460635382238E-16));
#1855=DIRECTION('ref_axis',(0.,1.,0.));
#1856=DIRECTION('center_axis',(-1.,0.,-1.22460635382238E-16));
#1857=DIRECTION('ref_axis',(0.,1.,0.));
#1858=DIRECTION('center_axis',(-1.,0.,-1.22460635382238E-16));
#1859=DIRECTION('ref_axis',(0.,1.,0.));
#1860=DIRECTION('center_axis',(-1.,0.,-1.22460635382238E-16));
#1861=DIRECTION('ref_axis',(0.,1.,0.));
#1862=DIRECTION('center_axis',(-1.,0.,-1.22460635382238E-16));
#1863=DIRECTION('ref_axis',(0.,1.,0.));
#1864=DIRECTION('',(1.,0.,1.22460635382238E-16));
#1865=DIRECTION('center_axis',(-1.,0.,-1.22460635382238E-16));
#1866=DIRECTION('ref_axis',(0.,1.,0.));
#1867=DIRECTION('',(0.17364817766693,0.984807753012208,-9.93391000801298E-17));
#1868=DIRECTION('center_axis',(-1.,0.,-1.22460635382238E-16));
#1869=DIRECTION('ref_axis',(0.,1.,0.));
#1870=DIRECTION('center_axis',(-1.,0.,-1.22460635382238E-16));
#1871=DIRECTION('ref_axis',(0.,1.,0.));
#1872=DIRECTION('center_axis',(-1.,0.,-1.22460635382238E-16));
#1873=DIRECTION('ref_axis',(0.,1.,0.));
#1874=DIRECTION('center_axis',(-1.,0.,-1.22460635382238E-16));
#1875=DIRECTION('ref_axis',(0.,1.,0.));
#1876=DIRECTION('center_axis',(-1.,0.,-1.22460635382238E-16));
#1877=DIRECTION('ref_axis',(0.,1.,0.));
#1878=DIRECTION('center_axis',(1.,0.,1.22460635382238E-16));
#1879=DIRECTION('ref_axis',(0.,1.,0.));
#1880=DIRECTION('center_axis',(-1.,0.,-1.22460635382238E-16));
#1881=DIRECTION('ref_axis',(0.,1.,0.));
#1882=DIRECTION('center_axis',(-1.,0.,-1.22460635382238E-16));
#1883=DIRECTION('ref_axis',(0.,1.,0.));
#1884=DIRECTION('',(0.707106781186549,-0.707106781186546,1.73188351330743E-16));
#1885=DIRECTION('center_axis',(-1.,3.51737547624667E-16,-1.22460635382238E-16));
#1886=DIRECTION('ref_axis',(3.51737547624667E-16,1.,4.30740035699068E-32));
#1887=DIRECTION('center_axis',(-1.,0.,-1.22460635382238E-16));
#1888=DIRECTION('ref_axis',(0.,1.,0.));
#1889=DIRECTION('center_axis',(-1.,0.,-1.22460635382238E-16));
#1890=DIRECTION('ref_axis',(0.,1.,0.));
#1891=DIRECTION('center_axis',(-1.,0.,-1.22460635382238E-16));
#1892=DIRECTION('ref_axis',(0.,1.,0.));
#1893=DIRECTION('',(1.,0.,1.22460635382238E-16));
#1894=DIRECTION('center_axis',(-1.,0.,-1.22460635382238E-16));
#1895=DIRECTION('ref_axis',(0.,1.,0.));
#1896=DIRECTION('center_axis',(-1.,0.,-1.22460635382238E-16));
#1897=DIRECTION('ref_axis',(0.,1.,0.));
#1898=DIRECTION('center_axis',(1.,6.1230317691119E-17,1.22460635382238E-16));
#1899=DIRECTION('ref_axis',(6.1230317691119E-17,-1.,7.4983036091107E-33));
#1900=DIRECTION('center_axis',(-1.,0.,-1.22460635382238E-16));
#1901=DIRECTION('ref_axis',(0.,1.,0.));
#1902=DIRECTION('center_axis',(-1.,0.,-1.22460635382238E-16));
#1903=DIRECTION('ref_axis',(0.,1.,0.));
#1904=DIRECTION('center_axis',(-1.,0.,-1.22460635382238E-16));
#1905=DIRECTION('ref_axis',(0.,1.,0.));
#1906=DIRECTION('center_axis',(-1.,0.,-1.22460635382238E-16));
#1907=DIRECTION('ref_axis',(0.,1.,0.));
#1908=DIRECTION('center_axis',(-1.,0.,-1.22460635382238E-16));
#1909=DIRECTION('ref_axis',(0.,1.,0.));
#1910=DIRECTION('',(1.,0.,1.22460635382238E-16));
#1911=DIRECTION('center_axis',(1.,-4.4056469231157E-16,1.22460635382238E-16));
#1912=DIRECTION('ref_axis',(-4.4056469231157E-16,-1.,-5.39518321474549E-32));
#1913=DIRECTION('center_axis',(-1.,0.,-1.22460635382238E-16));
#1914=DIRECTION('ref_axis',(0.,1.,0.));
#1915=DIRECTION('center_axis',(-1.,0.,-1.22460635382238E-16));
#1916=DIRECTION('ref_axis',(0.,1.,0.));
#1917=DIRECTION('center_axis',(1.,0.,1.22460635382238E-16));
#1918=DIRECTION('ref_axis',(0.,1.,0.));
#1919=DIRECTION('',(0.707106781186548,-0.707106781186547,1.73188351330743E-16));
#1920=DIRECTION('center_axis',(-1.,0.,-1.22460635382238E-16));
#1921=DIRECTION('ref_axis',(0.,1.,0.));
#1922=DIRECTION('center_axis',(-1.,0.,-1.22460635382238E-16));
#1923=DIRECTION('ref_axis',(0.,1.,0.));
#1924=DIRECTION('center_axis',(1.,-6.12303176911189E-17,1.22460635382238E-16));
#1925=DIRECTION('ref_axis',(-6.12303176911189E-17,-1.,-7.49830360911069E-33));
#1926=DIRECTION('axis',(0.,0.,1.));
#1927=DIRECTION('refdir',(1.,0.,0.));
#1928=DIRECTION('center_axis',(0.,0.707106781186548,0.707106781186548));
#1929=DIRECTION('ref_axis',(1.,0.,0.));
#1930=DIRECTION('center_axis',(0.,-0.707106781186547,0.707106781186548));
#1931=DIRECTION('ref_axis',(-1.,0.,0.));
#1932=DIRECTION('center_axis',(0.,1.,0.));
#1933=DIRECTION('ref_axis',(1.,0.,0.));
#1934=DIRECTION('center_axis',(0.,1.83690953073357E-16,1.));
#1935=DIRECTION('ref_axis',(-1.,0.,0.));
#1936=DIRECTION('center_axis',(0.,0.707106781186548,-0.707106781186548));
#1937=DIRECTION('ref_axis',(1.,0.,0.));
#1938=DIRECTION('center_axis',(0.,0.707106781186548,0.707106781186547));
#1939=DIRECTION('ref_axis',(-1.,0.,0.));
#1940=DIRECTION('center_axis',(0.,0.,-1.));
#1941=DIRECTION('ref_axis',(1.,0.,0.));
#1942=DIRECTION('center_axis',(0.,1.,-1.22460635382238E-16));
#1943=DIRECTION('ref_axis',(-1.,0.,0.));
#1944=DIRECTION('center_axis',(0.,-0.707106781186548,-0.707106781186548));
#1945=DIRECTION('ref_axis',(1.,0.,0.));
#1946=DIRECTION('center_axis',(0.,0.707106781186548,-0.707106781186548));
#1947=DIRECTION('ref_axis',(-1.,0.,0.));
#1948=DIRECTION('center_axis',(0.,-1.,0.));
#1949=DIRECTION('ref_axis',(1.,0.,0.));
#1950=DIRECTION('center_axis',(0.,-6.12303176911189E-17,-1.));
#1951=DIRECTION('ref_axis',(-1.,0.,0.));
#1952=DIRECTION('center_axis',(0.,-0.707106781186548,0.707106781186548));
#1953=DIRECTION('ref_axis',(1.,0.,0.));
#1954=DIRECTION('center_axis',(0.,-0.707106781186548,-0.707106781186548));
#1955=DIRECTION('ref_axis',(-1.,0.,0.));
#1956=DIRECTION('center_axis',(0.,0.,1.));
#1957=DIRECTION('ref_axis',(1.,0.,0.));
#1958=DIRECTION('center_axis',(0.,-1.,0.));
#1959=DIRECTION('ref_axis',(-1.,0.,0.));
#1960=DIRECTION('center_axis',(1.,0.,6.12303176911189E-17));
#1961=DIRECTION('ref_axis',(0.,0.,-1.));
#1962=DIRECTION('center_axis',(-1.,0.,-6.12303176911189E-17));
#1963=DIRECTION('ref_axis',(6.12303176911189E-17,0.,-1.));
#1964=DIRECTION('center_axis',(1.,0.,6.12303176911189E-17));
#1965=DIRECTION('ref_axis',(0.,0.,-1.));
#1966=DIRECTION('center_axis',(-1.,0.,-6.12303176911189E-17));
#1967=DIRECTION('ref_axis',(6.12303176911189E-17,0.,-1.));
#1968=DIRECTION('center_axis',(1.,0.,6.12303176911189E-17));
#1969=DIRECTION('ref_axis',(0.,0.,-1.));
#1970=DIRECTION('center_axis',(-1.,0.,-6.12303176911189E-17));
#1971=DIRECTION('ref_axis',(6.12303176911189E-17,0.,-1.));
#1972=DIRECTION('center_axis',(1.,0.,6.12303176911189E-17));
#1973=DIRECTION('ref_axis',(0.,0.,-1.));
#1974=DIRECTION('center_axis',(-1.,0.,-6.12303176911189E-17));
#1975=DIRECTION('ref_axis',(6.12303176911189E-17,0.,-1.));
#1976=DIRECTION('center_axis',(1.,0.,6.12303176911189E-17));
#1977=DIRECTION('ref_axis',(0.,0.,-1.));
#1978=DIRECTION('center_axis',(-1.,0.,-6.12303176911189E-17));
#1979=DIRECTION('ref_axis',(6.12303176911189E-17,0.,-1.));
#1980=DIRECTION('center_axis',(1.,0.,6.12303176911189E-17));
#1981=DIRECTION('ref_axis',(0.,0.,-1.));
#1982=DIRECTION('center_axis',(-1.,0.,-6.12303176911189E-17));
#1983=DIRECTION('ref_axis',(6.12303176911189E-17,0.,-1.));
#1984=DIRECTION('center_axis',(1.,0.,6.12303176911189E-17));
#1985=DIRECTION('ref_axis',(0.,0.,-1.));
#1986=DIRECTION('center_axis',(-1.,0.,-6.12303176911189E-17));
#1987=DIRECTION('ref_axis',(6.12303176911189E-17,0.,-1.));
#1988=DIRECTION('center_axis',(1.,0.,6.12303176911189E-17));
#1989=DIRECTION('ref_axis',(0.,0.,-1.));
#1990=DIRECTION('center_axis',(-1.,0.,-6.12303176911189E-17));
#1991=DIRECTION('ref_axis',(6.12303176911189E-17,0.,-1.));
#1992=DIRECTION('',(0.,0.,1.));
#1993=DIRECTION('',(1.,0.,0.));
#1994=DIRECTION('',(0.,0.,1.));
#1995=DIRECTION('',(1.,0.,0.));
#1996=DIRECTION('',(0.,0.,1.));
#1997=DIRECTION('',(1.,0.,0.));
#1998=DIRECTION('',(0.,0.,1.));
#1999=DIRECTION('',(1.,0.,0.));
#2000=DIRECTION('',(0.,0.,1.));
#2001=DIRECTION('',(1.,0.,0.));
#2002=CARTESIAN_POINT('',(0.,0.,0.));
#2003=CARTESIAN_POINT('',(0.,0.,0.));
#2004=CARTESIAN_POINT('Origin',(3.67353689099985,0.,0.));
#2005=CARTESIAN_POINT('',(3.70182306963854,4.22083778132003,0.));
#2006=CARTESIAN_POINT('',(3.70182306963854,-5.16903547861379E-16,4.22083778132003));
#2007=CARTESIAN_POINT('Origin',(3.70182306963854,0.,0.));
#2008=CARTESIAN_POINT('',(3.70182306963854,-4.22083778132003,-5.16903547861379E-16));
#2009=CARTESIAN_POINT('Origin',(3.70182306963854,0.,0.));
#2010=CARTESIAN_POINT('',(3.64525071236117,-3.9,-4.77612251667468E-16));
#2011=CARTESIAN_POINT('',(3.67353689099985,-4.06041889066002,-4.97257899764424E-16));
#2012=CARTESIAN_POINT('',(3.64525071236117,3.9,0.));
#2013=CARTESIAN_POINT('Origin',(3.64525071236117,0.,0.));
#2014=CARTESIAN_POINT('Origin',(3.64525071236117,0.,0.));
#2015=CARTESIAN_POINT('Origin',(3.70182306963854,0.,0.));
#2016=CARTESIAN_POINT('Origin',(3.02105670451043,0.,0.));
#2017=CARTESIAN_POINT('',(2.39686269665969,-3.9,-4.77612251667468E-16));
#2018=CARTESIAN_POINT('',(3.02105670451043,-3.9,-4.77612251667468E-16));
#2019=CARTESIAN_POINT('',(2.39686269665969,-4.77612251667468E-16,3.9));
#2020=CARTESIAN_POINT('Origin',(2.39686269665969,0.,0.));
#2021=CARTESIAN_POINT('',(2.39686269665969,3.9,0.));
#2022=CARTESIAN_POINT('Origin',(2.39686269665969,0.,0.));
#2023=CARTESIAN_POINT('Origin',(2.39686269665969,0.,0.));
#2024=CARTESIAN_POINT('Origin',(2.,0.,0.));
#2025=CARTESIAN_POINT('',(1.60313730334031,-4.77612251667468E-16,3.9));
#2026=CARTESIAN_POINT('Origin',(2.,-4.22503145705837E-16,3.45));
#2027=CARTESIAN_POINT('',(1.60313730334031,3.9,0.));
#2028=CARTESIAN_POINT('Origin',(1.60313730334031,0.,0.));
#2029=CARTESIAN_POINT('',(1.60313730334031,-3.9,-4.77612251667468E-16));
#2030=CARTESIAN_POINT('Origin',(1.60313730334031,0.,0.));
#2031=CARTESIAN_POINT('Origin',(1.60313730334031,0.,0.));
#2032=CARTESIAN_POINT('Origin',(0.97894329548957,0.,0.));
#2033=CARTESIAN_POINT('',(0.354749287638829,-3.9,-4.77612251667468E-16));
#2034=CARTESIAN_POINT('',(0.97894329548957,-3.9,-4.77612251667468E-16));
#2035=CARTESIAN_POINT('',(0.354749287638829,3.9,0.));
#2036=CARTESIAN_POINT('Origin',(0.354749287638829,0.,0.));
#2037=CARTESIAN_POINT('Origin',(0.354749287638829,0.,0.));
#2038=CARTESIAN_POINT('Origin',(0.326463109000147,0.,0.));
#2039=CARTESIAN_POINT('',(0.298176930361465,-4.22083778132003,-5.16903547861379E-16));
#2040=CARTESIAN_POINT('',(0.326463109000147,-4.06041889066002,-4.97257899764424E-16));
#2041=CARTESIAN_POINT('',(0.298176930361465,-5.16903547861379E-16,4.22083778132003));
#2042=CARTESIAN_POINT('Origin',(0.298176930361465,0.,0.));
#2043=CARTESIAN_POINT('',(0.298176930361465,4.22083778132003,0.));
#2044=CARTESIAN_POINT('Origin',(0.298176930361465,0.,0.));
#2045=CARTESIAN_POINT('Origin',(0.298176930361465,0.,0.));
#2046=CARTESIAN_POINT('Origin',(0.18,0.,0.));
#2047=CARTESIAN_POINT('',(0.0600000000000001,-5.14351655641888E-16,4.2));
#2048=CARTESIAN_POINT('Origin',(0.18,-5.14351655641888E-16,4.2));
#2049=CARTESIAN_POINT('',(0.06,4.2,0.));
#2050=CARTESIAN_POINT('Origin',(0.0600000000000001,0.,0.));
#2051=CARTESIAN_POINT('',(0.0600000000000001,-4.2,-5.14351655641888E-16));
#2052=CARTESIAN_POINT('Origin',(0.0600000000000001,0.,0.));
#2053=CARTESIAN_POINT('Origin',(0.0600000000000001,0.,0.));
#2054=CARTESIAN_POINT('Origin',(0.0299999999999998,0.,0.));
#2055=CARTESIAN_POINT('',(0.,-4.2,-5.14351655641888E-16));
#2056=CARTESIAN_POINT('',(0.0299999999999998,-4.2,-5.14351655641888E-16));
#2057=CARTESIAN_POINT('',(-1.23066433346114E-16,4.2,0.));
#2058=CARTESIAN_POINT('Origin',(0.,0.,0.));
#2059=CARTESIAN_POINT('Origin',(0.,0.,0.));
#2060=CARTESIAN_POINT('Origin',(-1.031665800965E-16,4.525,0.));
#2061=CARTESIAN_POINT('',(-8.32667268468868E-17,4.85,0.));
#2062=CARTESIAN_POINT('',(0.,-5.93953697586466E-16,4.85));
#2063=CARTESIAN_POINT('Origin',(0.,0.,0.));
#2064=CARTESIAN_POINT('Origin',(0.,0.,0.));
#2065=CARTESIAN_POINT('Origin',(0.15,0.,0.));
#2066=CARTESIAN_POINT('',(0.15,5.,0.));
#2067=CARTESIAN_POINT('',(0.15,-6.12323399573677E-16,5.));
#2068=CARTESIAN_POINT('Origin',(0.15,0.,0.));
#2069=CARTESIAN_POINT('',(0.15,-5.,-6.12323399573677E-16));
#2070=CARTESIAN_POINT('Origin',(0.15,0.,0.));
#2071=CARTESIAN_POINT('Origin',(0.15,0.,0.));
#2072=CARTESIAN_POINT('Origin',(0.15,-5.93953697586466E-16,4.85));
#2073=CARTESIAN_POINT('Origin',(2.,0.,0.));
#2074=CARTESIAN_POINT('',(3.85,5.,0.));
#2075=CARTESIAN_POINT('',(3.85,-6.12323399573677E-16,5.));
#2076=CARTESIAN_POINT('Origin',(3.85,0.,0.));
#2077=CARTESIAN_POINT('',(3.85,-5.,-6.12323399573677E-16));
#2078=CARTESIAN_POINT('Origin',(3.85,0.,0.));
#2079=CARTESIAN_POINT('',(2.,-5.,-6.12323399573677E-16));
#2080=CARTESIAN_POINT('Origin',(3.85,0.,0.));
#2081=CARTESIAN_POINT('Origin',(3.85,0.,0.));
#2082=CARTESIAN_POINT('',(4.,4.85,0.));
#2083=CARTESIAN_POINT('',(4.,-5.93953697586466E-16,4.85));
#2084=CARTESIAN_POINT('Origin',(4.,0.,0.));
#2085=CARTESIAN_POINT('Origin',(4.,0.,0.));
#2086=CARTESIAN_POINT('Origin',(3.85,-5.93953697586466E-16,4.85));
#2087=CARTESIAN_POINT('Origin',(4.,4.525,0.));
#2088=CARTESIAN_POINT('',(4.,4.2,0.));
#2089=CARTESIAN_POINT('',(4.,-4.2,-5.14351655641888E-16));
#2090=CARTESIAN_POINT('Origin',(4.,0.,0.));
#2091=CARTESIAN_POINT('Origin',(4.,0.,0.));
#2092=CARTESIAN_POINT('Origin',(3.97,0.,0.));
#2093=CARTESIAN_POINT('',(3.94,-4.2,-5.14351655641888E-16));
#2094=CARTESIAN_POINT('',(3.97,-4.2,-5.14351655641888E-16));
#2095=CARTESIAN_POINT('',(3.94,-5.14351655641888E-16,4.2));
#2096=CARTESIAN_POINT('Origin',(3.94,0.,0.));
#2097=CARTESIAN_POINT('',(3.94,4.2,0.));
#2098=CARTESIAN_POINT('Origin',(3.94,0.,0.));
#2099=CARTESIAN_POINT('Origin',(3.94,0.,0.));
#2100=CARTESIAN_POINT('Origin',(3.82,0.,0.));
#2101=CARTESIAN_POINT('Origin',(3.82,-5.14351655641888E-16,4.2));
#2102=CARTESIAN_POINT('',(0.,0.,0.));
#2103=CARTESIAN_POINT('Origin',(4.,2.825,0.));
#2104=CARTESIAN_POINT('',(4.,3.,0.));
#2105=CARTESIAN_POINT('',(4.,-3.,-3.67394039744206E-16));
#2106=CARTESIAN_POINT('Origin',(4.,0.,0.));
#2107=CARTESIAN_POINT('Origin',(4.,0.,0.));
#2108=CARTESIAN_POINT('',(4.,2.65,0.));
#2109=CARTESIAN_POINT('',(4.,-3.24531401774049E-16,2.65));
#2110=CARTESIAN_POINT('Origin',(4.,0.,0.));
#2111=CARTESIAN_POINT('Origin',(4.,0.,0.));
#2112=CARTESIAN_POINT('Origin',(3.85,0.,0.));
#2113=CARTESIAN_POINT('',(3.85,2.5,0.));
#2114=CARTESIAN_POINT('',(3.85,-3.06161699786838E-16,2.5));
#2115=CARTESIAN_POINT('Origin',(3.85,0.,0.));
#2116=CARTESIAN_POINT('',(3.85,-2.5,-3.06161699786838E-16));
#2117=CARTESIAN_POINT('Origin',(3.85,0.,0.));
#2118=CARTESIAN_POINT('Origin',(3.85,0.,0.));
#2119=CARTESIAN_POINT('Origin',(3.85,-3.24531401774049E-16,2.65));
#2120=CARTESIAN_POINT('Origin',(2.,0.,0.));
#2121=CARTESIAN_POINT('',(0.15,-2.5,-3.06161699786838E-16));
#2122=CARTESIAN_POINT('',(2.,-2.5,-3.06161699786838E-16));
#2123=CARTESIAN_POINT('',(0.15,-3.06161699786838E-16,2.5));
#2124=CARTESIAN_POINT('Origin',(0.15,0.,0.));
#2125=CARTESIAN_POINT('',(0.15,2.5,0.));
#2126=CARTESIAN_POINT('Origin',(0.15,0.,0.));
#2127=CARTESIAN_POINT('Origin',(0.15,0.,0.));
#2128=CARTESIAN_POINT('Origin',(0.15,0.,0.));
#2129=CARTESIAN_POINT('',(-8.32667268468868E-17,2.65,0.));
#2130=CARTESIAN_POINT('',(0.,-3.24531401774049E-16,2.65));
#2131=CARTESIAN_POINT('Origin',(0.,0.,0.));
#2132=CARTESIAN_POINT('Origin',(0.,0.,0.));
#2133=CARTESIAN_POINT('Origin',(0.15,-3.24531401774049E-16,2.65));
#2134=CARTESIAN_POINT('Origin',(-7.2551421250941E-17,2.825,0.));
#2135=CARTESIAN_POINT('',(-6.18361156549951E-17,3.,0.));
#2136=CARTESIAN_POINT('',(0.,-3.,-3.67394039744206E-16));
#2137=CARTESIAN_POINT('Origin',(0.,0.,0.));
#2138=CARTESIAN_POINT('Origin',(0.,0.,0.));
#2139=CARTESIAN_POINT('Origin',(0.801568651670155,0.,0.));
#2140=CARTESIAN_POINT('',(1.60313730334031,3.,0.));
#2141=CARTESIAN_POINT('',(1.60313730334031,-3.67394039744206E-16,3.));
#2142=CARTESIAN_POINT('Origin',(1.60313730334031,0.,0.));
#2143=CARTESIAN_POINT('',(1.60313730334031,-3.,-3.67394039744206E-16));
#2144=CARTESIAN_POINT('Origin',(1.60313730334031,0.,0.));
#2145=CARTESIAN_POINT('',(0.801568651670155,-3.,-3.67394039744206E-16));
#2146=CARTESIAN_POINT('Origin',(1.60313730334031,0.,0.));
#2147=CARTESIAN_POINT('Origin',(2.,0.,0.));
#2148=CARTESIAN_POINT('',(2.39686269665969,-3.67394039744206E-16,3.));
#2149=CARTESIAN_POINT('Origin',(2.,-4.22503145705837E-16,3.45));
#2150=CARTESIAN_POINT('',(2.39686269665969,3.,0.));
#2151=CARTESIAN_POINT('Origin',(2.39686269665969,0.,0.));
#2152=CARTESIAN_POINT('',(2.39686269665969,-3.,-3.67394039744206E-16));
#2153=CARTESIAN_POINT('Origin',(2.39686269665969,0.,0.));
#2154=CARTESIAN_POINT('Origin',(2.39686269665969,0.,0.));
#2155=CARTESIAN_POINT('Origin',(3.19843134832985,0.,0.));
#2156=CARTESIAN_POINT('',(3.19843134832985,-3.,-3.67394039744206E-16));
#2157=CARTESIAN_POINT('',(0.,0.,0.));
#2158=CARTESIAN_POINT('Origin',(3.6849342126487,0.,0.));
#2159=CARTESIAN_POINT('',(3.72196287859748,4.32,0.));
#2160=CARTESIAN_POINT('',(3.72196287859748,-4.32,-5.29047417231657E-16));
#2161=CARTESIAN_POINT('Origin',(3.72196287859748,0.,0.));
#2162=CARTESIAN_POINT('Origin',(3.72196287859748,0.,0.));
#2163=CARTESIAN_POINT('',(3.64790554669992,-3.9,-4.77612251667468E-16));
#2164=CARTESIAN_POINT('',(3.6849342126487,-4.11,-5.03329834449562E-16));
#2165=CARTESIAN_POINT('',(3.64790554669992,3.9,0.));
#2166=CARTESIAN_POINT('Origin',(3.64790554669992,0.,0.));
#2167=CARTESIAN_POINT('Origin',(3.64790554669992,0.,0.));
#2168=CARTESIAN_POINT('Origin',(3.76765707613234,0.,0.));
#2169=CARTESIAN_POINT('',(3.81335127366719,4.32,0.));
#2170=CARTESIAN_POINT('',(3.81335127366719,-4.32,-5.29047417231657E-16));
#2171=CARTESIAN_POINT('Origin',(3.81335127366719,0.,0.));
#2172=CARTESIAN_POINT('Origin',(3.81335127366719,0.,0.));
#2173=CARTESIAN_POINT('',(3.76765707613234,-4.32,-5.29047417231657E-16));
#2174=CARTESIAN_POINT('Origin',(3.77562841018356,0.,0.));
#2175=CARTESIAN_POINT('',(3.73790554669992,-3.89212602028267,-4.76647967261729E-16));
#2176=CARTESIAN_POINT('',(3.77562841018356,-4.10606301014133,-5.02847692246693E-16));
#2177=CARTESIAN_POINT('',(3.73790554669992,3.89212602028267,0.));
#2178=CARTESIAN_POINT('Origin',(3.73790554669992,0.,0.));
#2179=CARTESIAN_POINT('Origin',(3.73790554669992,0.,0.));
#2180=CARTESIAN_POINT('Origin',(3.73790554669992,3.87420262044812,0.));
#2181=CARTESIAN_POINT('',(3.73790554669992,3.85627922061358,0.));
#2182=CARTESIAN_POINT('',(3.73790554669992,-3.85627922061358,-4.72258000414287E-16));
#2183=CARTESIAN_POINT('Origin',(3.73790554669992,0.,0.));
#2184=CARTESIAN_POINT('Origin',(3.73790554669992,0.,0.));
#2185=CARTESIAN_POINT('Origin',(3.82790554669992,0.,0.));
#2186=CARTESIAN_POINT('',(3.91790554669992,3.67627922061358,0.));
#2187=CARTESIAN_POINT('',(3.91790554669992,-3.67627922061358,-4.50214358029635E-16));
#2188=CARTESIAN_POINT('Origin',(3.91790554669992,0.,0.));
#2189=CARTESIAN_POINT('Origin',(3.91790554669992,0.,0.));
#2190=CARTESIAN_POINT('',(3.82790554669992,-3.76627922061358,-4.61236179221961E-16));
#2191=CARTESIAN_POINT('Origin',(3.91790554669992,3.36063961030679,0.));
#2192=CARTESIAN_POINT('',(3.91790554669992,3.045,0.));
#2193=CARTESIAN_POINT('',(3.91790554669992,-3.045,-3.72904950340369E-16));
#2194=CARTESIAN_POINT('Origin',(3.91790554669992,0.,0.));
#2195=CARTESIAN_POINT('Origin',(3.91790554669992,0.,0.));
#2196=CARTESIAN_POINT('Origin',(3.78290554669992,0.,0.));
#2197=CARTESIAN_POINT('',(3.64790554669992,-3.045,-3.72904950340369E-16));
#2198=CARTESIAN_POINT('',(3.78290554669992,-3.045,-3.72904950340369E-16));
#2199=CARTESIAN_POINT('',(3.64790554669992,3.045,0.));
#2200=CARTESIAN_POINT('Origin',(3.64790554669992,0.,0.));
#2201=CARTESIAN_POINT('Origin',(3.64790554669992,0.,0.));
#2202=CARTESIAN_POINT('Origin',(3.64790554669992,3.09,0.));
#2203=CARTESIAN_POINT('',(3.64790554669992,3.135,0.));
#2204=CARTESIAN_POINT('',(3.64790554669992,-3.135,-3.83926771532695E-16));
#2205=CARTESIAN_POINT('Origin',(3.64790554669992,0.,0.));
#2206=CARTESIAN_POINT('Origin',(3.64790554669992,0.,0.));
#2207=CARTESIAN_POINT('Origin',(3.73790554669992,0.,0.));
#2208=CARTESIAN_POINT('',(3.82790554669992,3.135,0.));
#2209=CARTESIAN_POINT('',(3.82790554669992,-3.135,-3.83926771532695E-16));
#2210=CARTESIAN_POINT('Origin',(3.82790554669992,0.,0.));
#2211=CARTESIAN_POINT('Origin',(3.82790554669992,0.,0.));
#2212=CARTESIAN_POINT('',(3.73790554669992,-3.135,-3.83926771532695E-16));
#2213=CARTESIAN_POINT('Origin',(3.82790554669992,3.387,0.));
#2214=CARTESIAN_POINT('',(3.82790554669992,3.639,0.));
#2215=CARTESIAN_POINT('',(3.82790554669992,-3.639,-4.45648970209722E-16));
#2216=CARTESIAN_POINT('Origin',(3.82790554669992,0.,0.));
#2217=CARTESIAN_POINT('Origin',(3.82790554669992,0.,0.));
#2218=CARTESIAN_POINT('Origin',(3.73790554669992,0.,0.));
#2219=CARTESIAN_POINT('',(3.64790554669992,-3.819,-4.67692612594374E-16));
#2220=CARTESIAN_POINT('',(3.73790554669992,-3.729,-4.56670791402048E-16));
#2221=CARTESIAN_POINT('',(3.64790554669992,3.819,0.));
#2222=CARTESIAN_POINT('Origin',(3.64790554669992,0.,0.));
#2223=CARTESIAN_POINT('Origin',(3.64790554669992,0.,0.));
#2224=CARTESIAN_POINT('Origin',(3.64790554669992,3.8595,0.));
#2225=CARTESIAN_POINT('',(0.,0.,0.));
#2226=CARTESIAN_POINT('Origin',(0.315065787351302,0.,-2.0633811425823E-16));
#2227=CARTESIAN_POINT('',(0.278037121402524,4.32,-2.10872668217674E-16));
#2228=CARTESIAN_POINT('',(0.278037121402524,-4.32,3.18174749013983E-16));
#2229=CARTESIAN_POINT('Origin',(0.278037121402524,0.,-2.10872668217674E-16));
#2230=CARTESIAN_POINT('Origin',(0.278037121402524,0.,-2.10872668217674E-16));
#2231=CARTESIAN_POINT('',(0.352094453300079,-3.9,2.75808691368682E-16));
#2232=CARTESIAN_POINT('',(0.315065787351302,-4.11,2.96991720191332E-16));
#2233=CARTESIAN_POINT('',(0.352094453300079,3.9,-2.01803560298786E-16));
#2234=CARTESIAN_POINT('Origin',(0.352094453300079,0.,-2.01803560298786E-16));
#2235=CARTESIAN_POINT('Origin',(0.352094453300079,0.,-2.01803560298786E-16));
#2236=CARTESIAN_POINT('Origin',(0.232342923867666,0.,-2.16468408681074E-16));
#2237=CARTESIAN_POINT('',(0.186648726332807,4.32,-2.22064149144475E-16));
#2238=CARTESIAN_POINT('',(0.186648726332807,-4.32,3.06983268087182E-16));
#2239=CARTESIAN_POINT('Origin',(0.186648726332807,0.,-2.22064149144475E-16));
#2240=CARTESIAN_POINT('Origin',(0.186648726332807,0.,-2.22064149144475E-16));
#2241=CARTESIAN_POINT('',(0.232342923867666,-4.32,3.12579008550582E-16));
#2242=CARTESIAN_POINT('Origin',(0.224371589816443,0.,-2.17444583313831E-16));
#2243=CARTESIAN_POINT('',(0.262094453300079,-3.89212602028267,2.63822949778542E-16));
#2244=CARTESIAN_POINT('',(0.224371589816443,-4.10606301014133,2.85403108932862E-16));
#2245=CARTESIAN_POINT('',(0.26209445330008,3.89212602028267,-2.12825017483188E-16));
#2246=CARTESIAN_POINT('Origin',(0.26209445330008,0.,-2.12825017483188E-16));
#2247=CARTESIAN_POINT('Origin',(0.26209445330008,0.,-2.12825017483188E-16));
#2248=CARTESIAN_POINT('Origin',(0.26209445330008,3.87420262044812,-2.12825017483188E-16));
#2249=CARTESIAN_POINT('',(0.26209445330008,3.85627922061358,-2.12825017483188E-16));
#2250=CARTESIAN_POINT('',(0.262094453300079,-3.85627922061358,2.59432982931099E-16));
#2251=CARTESIAN_POINT('Origin',(0.26209445330008,0.,-2.12825017483188E-16));
#2252=CARTESIAN_POINT('Origin',(0.26209445330008,0.,-2.12825017483188E-16));
#2253=CARTESIAN_POINT('Origin',(0.172094453300079,0.,-2.23846474667589E-16));
#2254=CARTESIAN_POINT('',(0.0820944533000794,3.67627922061358,-2.3486793185199E-16));
#2255=CARTESIAN_POINT('',(0.082094453300079,-3.67627922061358,2.15346426177644E-16));
#2256=CARTESIAN_POINT('Origin',(0.0820944533000794,0.,-2.3486793185199E-16));
#2257=CARTESIAN_POINT('Origin',(0.0820944533000794,0.,-2.3486793185199E-16));
#2258=CARTESIAN_POINT('',(0.172094453300079,-3.76627922061358,2.37389704554372E-16));
#2259=CARTESIAN_POINT('Origin',(0.0820944533000794,3.36063961030679,-2.3486793185199E-16));
#2260=CARTESIAN_POINT('',(0.0820944533000789,3.045,-2.3486793185199E-16));
#2261=CARTESIAN_POINT('',(0.0820944533000789,-3.045,1.38037018488379E-16));
#2262=CARTESIAN_POINT('Origin',(0.0820944533000789,0.,-2.3486793185199E-16));
#2263=CARTESIAN_POINT('Origin',(0.0820944533000789,0.,-2.3486793185199E-16));
#2264=CARTESIAN_POINT('Origin',(0.217094453300079,0.,-2.18335746075388E-16));
#2265=CARTESIAN_POINT('',(0.352094453300079,-3.045,1.71101390041583E-16));
#2266=CARTESIAN_POINT('',(0.217094453300079,-3.045,1.54569204264981E-16));
#2267=CARTESIAN_POINT('',(0.352094453300079,3.045,-2.01803560298786E-16));
#2268=CARTESIAN_POINT('Origin',(0.352094453300079,0.,-2.01803560298786E-16));
#2269=CARTESIAN_POINT('Origin',(0.352094453300079,0.,-2.01803560298786E-16));
#2270=CARTESIAN_POINT('Origin',(0.352094453300079,3.09,-2.01803560298786E-16));
#2271=CARTESIAN_POINT('',(0.352094453300079,3.135,-2.01803560298786E-16));
#2272=CARTESIAN_POINT('',(0.352094453300079,-3.135,1.82123211233909E-16));
#2273=CARTESIAN_POINT('Origin',(0.352094453300079,0.,-2.01803560298786E-16));
#2274=CARTESIAN_POINT('Origin',(0.352094453300079,0.,-2.01803560298786E-16));
#2275=CARTESIAN_POINT('Origin',(0.26209445330008,0.,-2.12825017483188E-16));
#2276=CARTESIAN_POINT('',(0.172094453300079,3.135,-2.23846474667589E-16));
#2277=CARTESIAN_POINT('',(0.172094453300079,-3.135,1.60080296865106E-16));
#2278=CARTESIAN_POINT('Origin',(0.172094453300079,0.,-2.23846474667589E-16));
#2279=CARTESIAN_POINT('Origin',(0.172094453300079,0.,-2.23846474667589E-16));
#2280=CARTESIAN_POINT('',(0.26209445330008,-3.135,1.71101754049508E-16));
#2281=CARTESIAN_POINT('Origin',(0.172094453300079,3.387,-2.23846474667589E-16));
#2282=CARTESIAN_POINT('',(0.17209445330008,3.639,-2.23846474667589E-16));
#2283=CARTESIAN_POINT('',(0.17209445330008,-3.639,2.21802495542133E-16));
#2284=CARTESIAN_POINT('Origin',(0.17209445330008,0.,-2.23846474667589E-16));
#2285=CARTESIAN_POINT('Origin',(0.17209445330008,0.,-2.23846474667589E-16));
#2286=CARTESIAN_POINT('Origin',(0.26209445330008,0.,-2.12825017483188E-16));
#2287=CARTESIAN_POINT('',(0.35209445330008,-3.819,2.65889052295588E-16));
#2288=CARTESIAN_POINT('',(0.26209445330008,-3.729,2.43845773918861E-16));
#2289=CARTESIAN_POINT('',(0.352094453300079,3.819,-2.01803560298786E-16));
#2290=CARTESIAN_POINT('Origin',(0.352094453300079,0.,-2.01803560298786E-16));
#2291=CARTESIAN_POINT('Origin',(0.352094453300079,0.,-2.01803560298786E-16));
#2292=CARTESIAN_POINT('Origin',(0.352094453300079,3.8595,-2.01803560298786E-16));
#2293=CARTESIAN_POINT('',(0.,0.,0.));
#2294=CARTESIAN_POINT('Origin',(2.,2.43951839509359,-2.43951839509359));
#2295=CARTESIAN_POINT('',(2.,2.86378246380552,-2.01525432638166));
#2296=CARTESIAN_POINT('',(2.,2.01525432638166,-2.86378246380552));
#2297=CARTESIAN_POINT('Origin',(2.,2.43951839509359,-2.43951839509359));
#2298=CARTESIAN_POINT('',(2.,1.98649176321659,-2.83292260301489));
#2299=CARTESIAN_POINT('',(2.,1.97358388294243,-2.81754621204158));
#2300=CARTESIAN_POINT('Ctrl Pts',(2.,1.98649176321659,-2.83292260301489));
#2301=CARTESIAN_POINT('Ctrl Pts',(2.00123264327034,1.98649176321659,-2.83292260301489));
#2302=CARTESIAN_POINT('Ctrl Pts',(2.00268323852715,1.98630569746073,-2.8327010121366));
#2303=CARTESIAN_POINT('Ctrl Pts',(2.00496233173975,1.98569730727562,-2.83197644483899));
#2304=CARTESIAN_POINT('Ctrl Pts',(2.00619351330781,1.98516680766069,-2.83134463296524));
#2305=CARTESIAN_POINT('Ctrl Pts',(2.00794014165766,1.98404110885062,-2.83000389842962));
#2306=CARTESIAN_POINT('Ctrl Pts',(2.0087638179912,1.98324620045779,-2.8290571124823));
#2307=CARTESIAN_POINT('Ctrl Pts',(2.00971041300449,1.98177354085188,-2.82730299342115));
#2308=CARTESIAN_POINT('Ctrl Pts',(2.01,1.98083483938925,-2.82618483290786));
#2309=CARTESIAN_POINT('Ctrl Pts',(2.01,1.97923990136015,-2.82428487833799));
#2310=CARTESIAN_POINT('Ctrl Pts',(2.00971041062647,1.97830125274187,-2.82316666362633));
#2311=CARTESIAN_POINT('Ctrl Pts',(2.00876381293888,1.97682874881687,-2.82141238469928));
#2312=CARTESIAN_POINT('Ctrl Pts',(2.00794013205974,1.97603396739973,-2.82046546762996));
#2313=CARTESIAN_POINT('Ctrl Pts',(2.0061934975114,1.97490849191546,-2.81912451170762));
#2314=CARTESIAN_POINT('Ctrl Pts',(2.00496231441175,1.97437812200437,-2.81849257244552));
#2315=CARTESIAN_POINT('Ctrl Pts',(2.00268322430379,1.97376989375489,-2.81776785405236));
#2316=CARTESIAN_POINT('Ctrl Pts',(2.0012326372181,1.97358388294243,-2.81754621204158));
#2317=CARTESIAN_POINT('Ctrl Pts',(2.,1.97358388294243,-2.81754621204158));
#2318=CARTESIAN_POINT('Ctrl Pts',(2.,1.97358388294243,-2.81754621204158));
#2319=CARTESIAN_POINT('Ctrl Pts',(1.9987673627819,1.97358388294243,-2.81754621204158));
#2320=CARTESIAN_POINT('Ctrl Pts',(1.99731677569621,1.97376989375489,-2.81776785405236));
#2321=CARTESIAN_POINT('Ctrl Pts',(1.99503768558825,1.97437812200437,-2.81849257244552));
#2322=CARTESIAN_POINT('Ctrl Pts',(1.9938065024886,1.97490849191545,-2.81912451170762));
#2323=CARTESIAN_POINT('Ctrl Pts',(1.99205986794026,1.97603396739973,-2.82046546762996));
#2324=CARTESIAN_POINT('Ctrl Pts',(1.99123618706112,1.97682874881687,-2.82141238469928));
#2325=CARTESIAN_POINT('Ctrl Pts',(1.99028958937353,1.97830125274187,-2.82316666362633));
#2326=CARTESIAN_POINT('Ctrl Pts',(1.99,1.97923990136015,-2.82428487833799));
#2327=CARTESIAN_POINT('Ctrl Pts',(1.99,1.98083483938925,-2.82618483290786));
#2328=CARTESIAN_POINT('Ctrl Pts',(1.99028958699551,1.98177354085188,-2.82730299342116));
#2329=CARTESIAN_POINT('Ctrl Pts',(1.9912361820088,1.98324620045779,-2.8290571124823));
#2330=CARTESIAN_POINT('Ctrl Pts',(1.99205985834234,1.98404110885062,-2.83000389842962));
#2331=CARTESIAN_POINT('Ctrl Pts',(1.99380648669219,1.98516680766069,-2.83134463296524));
#2332=CARTESIAN_POINT('Ctrl Pts',(1.99503766826025,1.98569730727562,-2.83197644483899));
#2333=CARTESIAN_POINT('Ctrl Pts',(1.99731676147285,1.98630569746073,-2.8327010121366));
#2334=CARTESIAN_POINT('Ctrl Pts',(1.99876735672967,1.98649176321659,-2.83292260301489));
#2335=CARTESIAN_POINT('Ctrl Pts',(2.,1.98649176321659,-2.83292260301489));
#2336=CARTESIAN_POINT('',(2.,2.83292260301489,-1.98649176321659));
#2337=CARTESIAN_POINT('',(2.,2.81754621204158,-1.97358388294243));
#2338=CARTESIAN_POINT('Ctrl Pts',(2.,2.83292260301489,-1.98649176321659));
#2339=CARTESIAN_POINT('Ctrl Pts',(1.99876735672967,2.83292260301489,-1.98649176321659));
#2340=CARTESIAN_POINT('Ctrl Pts',(1.99731676147285,2.8327010121366,-1.98630569746073));
#2341=CARTESIAN_POINT('Ctrl Pts',(1.99503766826025,2.83197644483899,-1.98569730727563));
#2342=CARTESIAN_POINT('Ctrl Pts',(1.99380648669219,2.83134463296524,-1.98516680766069));
#2343=CARTESIAN_POINT('Ctrl Pts',(1.99205985834234,2.83000389842962,-1.98404110885063));
#2344=CARTESIAN_POINT('Ctrl Pts',(1.9912361820088,2.8290571124823,-1.98324620045779));
#2345=CARTESIAN_POINT('Ctrl Pts',(1.99028958699551,2.82730299342115,-1.98177354085188));
#2346=CARTESIAN_POINT('Ctrl Pts',(1.99,2.82618483290786,-1.98083483938925));
#2347=CARTESIAN_POINT('Ctrl Pts',(1.99,2.82428487833799,-1.97923990136015));
#2348=CARTESIAN_POINT('Ctrl Pts',(1.99028958937353,2.82316666362633,-1.97830125274187));
#2349=CARTESIAN_POINT('Ctrl Pts',(1.99123618706112,2.82141238469928,-1.97682874881688));
#2350=CARTESIAN_POINT('Ctrl Pts',(1.99205986794026,2.82046546762995,-1.97603396739973));
#2351=CARTESIAN_POINT('Ctrl Pts',(1.9938065024886,2.81912451170762,-1.97490849191545));
#2352=CARTESIAN_POINT('Ctrl Pts',(1.99503768558825,2.81849257244552,-1.97437812200437));
#2353=CARTESIAN_POINT('Ctrl Pts',(1.99731677569621,2.81776785405235,-1.97376989375489));
#2354=CARTESIAN_POINT('Ctrl Pts',(1.9987673627819,2.81754621204158,-1.97358388294243));
#2355=CARTESIAN_POINT('Ctrl Pts',(2.,2.81754621204158,-1.97358388294243));
#2356=CARTESIAN_POINT('Ctrl Pts',(2.,2.81754621204158,-1.97358388294243));
#2357=CARTESIAN_POINT('Ctrl Pts',(2.0012326372181,2.81754621204158,-1.97358388294243));
#2358=CARTESIAN_POINT('Ctrl Pts',(2.00268322430379,2.81776785405235,-1.97376989375489));
#2359=CARTESIAN_POINT('Ctrl Pts',(2.00496231441175,2.81849257244552,-1.97437812200437));
#2360=CARTESIAN_POINT('Ctrl Pts',(2.0061934975114,2.81912451170762,-1.97490849191546));
#2361=CARTESIAN_POINT('Ctrl Pts',(2.00794013205974,2.82046546762995,-1.97603396739974));
#2362=CARTESIAN_POINT('Ctrl Pts',(2.00876381293888,2.82141238469928,-1.97682874881688));
#2363=CARTESIAN_POINT('Ctrl Pts',(2.00971041062647,2.82316666362633,-1.97830125274187));
#2364=CARTESIAN_POINT('Ctrl Pts',(2.01,2.82428487833799,-1.97923990136015));
#2365=CARTESIAN_POINT('Ctrl Pts',(2.01,2.82618483290786,-1.98083483938925));
#2366=CARTESIAN_POINT('Ctrl Pts',(2.00971041300449,2.82730299342115,-1.98177354085188));
#2367=CARTESIAN_POINT('Ctrl Pts',(2.0087638179912,2.8290571124823,-1.98324620045779));
#2368=CARTESIAN_POINT('Ctrl Pts',(2.00794014165766,2.83000389842962,-1.98404110885063));
#2369=CARTESIAN_POINT('Ctrl Pts',(2.00619351330781,2.83134463296524,-1.98516680766069));
#2370=CARTESIAN_POINT('Ctrl Pts',(2.00496233173975,2.83197644483899,-1.98569730727563));
#2371=CARTESIAN_POINT('Ctrl Pts',(2.00268323852715,2.8327010121366,-1.98630569746073));
#2372=CARTESIAN_POINT('Ctrl Pts',(2.00123264327034,2.83292260301489,-1.98649176321659));
#2373=CARTESIAN_POINT('Ctrl Pts',(2.,2.83292260301489,-1.98649176321659));
#2374=CARTESIAN_POINT('Origin',(2.,-6.3373378810308E-16,-3.45));
#2375=CARTESIAN_POINT('',(2.,0.6,-3.45));
#2376=CARTESIAN_POINT('',(2.,-0.600000000000001,-3.45));
#2377=CARTESIAN_POINT('Origin',(2.,-6.3373378810308E-16,-3.45));
#2378=CARTESIAN_POINT('',(2.,-0.598516986626799,-3.40784057971015));
#2379=CARTESIAN_POINT('',(2.,-0.596771485972001,-3.38784057971015));
#2380=CARTESIAN_POINT('Ctrl Pts',(2.,-0.598516986626799,-3.40784057971015));
#2381=CARTESIAN_POINT('Ctrl Pts',(2.00123382471718,-0.598516986626799,-3.40784057971015));
#2382=CARTESIAN_POINT('Ctrl Pts',(2.00268575623959,-0.598491818970311,-3.40755177668656));
#2383=CARTESIAN_POINT('Ctrl Pts',(2.00496668435879,-0.598409516695139,-3.40660748216516));
#2384=CARTESIAN_POINT('Ctrl Pts',(2.00619858782269,-0.598337749400729,-3.40578412751119));
#2385=CARTESIAN_POINT('Ctrl Pts',(2.00794391767138,-0.598185582889284,-3.4040387976625));
#2386=CARTESIAN_POINT('Ctrl Pts',(2.0087661201104,-0.598078251858896,-3.4028079528258));
#2387=CARTESIAN_POINT('Ctrl Pts',(2.00971096049126,-0.597879389590883,-3.40052810686506));
#2388=CARTESIAN_POINT('Ctrl Pts',(2.01,-0.597752609660099,-3.39907502473126));
#2389=CARTESIAN_POINT('Ctrl Pts',(2.01,-0.597537137163264,-3.39660613162609));
#2390=CARTESIAN_POINT('Ctrl Pts',(2.00971095971304,-0.597410282028565,-3.39515305243497));
#2391=CARTESIAN_POINT('Ctrl Pts',(2.00876612176834,-0.597211197479386,-3.39287320884086));
#2392=CARTESIAN_POINT('Ctrl Pts',(2.00794391907558,-0.597103684401766,-3.39164236316199));
#2393=CARTESIAN_POINT('Ctrl Pts',(2.00619858681176,-0.596951203100424,-3.38989703089818));
#2394=CARTESIAN_POINT('Ctrl Pts',(2.00496667970636,-0.596879253364954,-3.38907367357577));
#2395=CARTESIAN_POINT('Ctrl Pts',(2.00268574933969,-0.596796728920005,-3.38812938162708));
#2396=CARTESIAN_POINT('Ctrl Pts',(2.00123382210307,-0.596771485972001,-3.38784057971015));
#2397=CARTESIAN_POINT('Ctrl Pts',(2.,-0.596771485972001,-3.38784057971015));
#2398=CARTESIAN_POINT('Ctrl Pts',(2.,-0.596771485972001,-3.38784057971015));
#2399=CARTESIAN_POINT('Ctrl Pts',(1.9987673627819,-0.596771485972001,-3.38784057971015));
#2400=CARTESIAN_POINT('Ctrl Pts',(1.99731677569621,-0.596796681033955,-3.38812883378582));
#2401=CARTESIAN_POINT('Ctrl Pts',(1.99503768558825,-0.596879052004489,-3.3890713693958));
#2402=CARTESIAN_POINT('Ctrl Pts',(1.9938065024886,-0.596950872381354,-3.38989324609399));
#2403=CARTESIAN_POINT('Ctrl Pts',(1.99205986794026,-0.597103240060318,-3.39163727646694));
#2404=CARTESIAN_POINT('Ctrl Pts',(1.99123618706112,-0.59721081621164,-3.3928688432775));
#2405=CARTESIAN_POINT('Ctrl Pts',(1.99028958937353,-0.597410061226358,-3.3951505233136));
#2406=CARTESIAN_POINT('Ctrl Pts',(1.99,-0.597537033628662,-3.39660494532218));
#2407=CARTESIAN_POINT('Ctrl Pts',(1.99,-0.597752712893014,-3.39907620757842));
#2408=CARTESIAN_POINT('Ctrl Pts',(1.99028958699551,-0.597879609604685,-3.40053062862956));
#2409=CARTESIAN_POINT('Ctrl Pts',(1.9912361820088,-0.59807863149411,-3.40281230570643));
#2410=CARTESIAN_POINT('Ctrl Pts',(1.99205985834234,-0.598186025142796,-3.4040438695851));
#2411=CARTESIAN_POINT('Ctrl Pts',(1.99380648669219,-0.598338078362533,-3.40578790132919));
#2412=CARTESIAN_POINT('Ctrl Pts',(1.99503766826026,-0.598409716947761,-3.40660977966469));
#2413=CARTESIAN_POINT('Ctrl Pts',(1.99731676147285,-0.598491866571825,-3.40755232293974));
#2414=CARTESIAN_POINT('Ctrl Pts',(1.99876735672967,-0.598516986626799,-3.40784057971015));
#2415=CARTESIAN_POINT('Ctrl Pts',(2.,-0.598516986626799,-3.40784057971015));
#2416=CARTESIAN_POINT('',(2.,0.598516986626798,-3.40784057971015));
#2417=CARTESIAN_POINT('',(2.,0.596771485972,-3.38784057971015));
#2418=CARTESIAN_POINT('Ctrl Pts',(2.,0.598516986626798,-3.40784057971015));
#2419=CARTESIAN_POINT('Ctrl Pts',(1.99876735672967,0.598516986626798,-3.40784057971015));
#2420=CARTESIAN_POINT('Ctrl Pts',(1.99731676147285,0.598491866571824,-3.40755232293974));
#2421=CARTESIAN_POINT('Ctrl Pts',(1.99503766826026,0.598409716947759,-3.40660977966469));
#2422=CARTESIAN_POINT('Ctrl Pts',(1.99380648669219,0.598338078362532,-3.40578790132919));
#2423=CARTESIAN_POINT('Ctrl Pts',(1.99205985834234,0.598186025142795,-3.4040438695851));
#2424=CARTESIAN_POINT('Ctrl Pts',(1.9912361820088,0.598078631494108,-3.40281230570643));
#2425=CARTESIAN_POINT('Ctrl Pts',(1.99028958699551,0.597879609604684,-3.40053062862956));
#2426=CARTESIAN_POINT('Ctrl Pts',(1.99,0.597752712893012,-3.39907620757842));
#2427=CARTESIAN_POINT('Ctrl Pts',(1.99,0.597537033628661,-3.39660494532218));
#2428=CARTESIAN_POINT('Ctrl Pts',(1.99028958937353,0.597410061226357,-3.3951505233136));
#2429=CARTESIAN_POINT('Ctrl Pts',(1.99123618706112,0.597210816211639,-3.3928688432775));
#2430=CARTESIAN_POINT('Ctrl Pts',(1.99205986794026,0.597103240060317,-3.39163727646694));
#2431=CARTESIAN_POINT('Ctrl Pts',(1.9938065024886,0.596950872381353,-3.38989324609399));
#2432=CARTESIAN_POINT('Ctrl Pts',(1.99503768558825,0.596879052004488,-3.3890713693958));
#2433=CARTESIAN_POINT('Ctrl Pts',(1.99731677569621,0.596796681033954,-3.38812883378582));
#2434=CARTESIAN_POINT('Ctrl Pts',(1.9987673627819,0.596771485972,-3.38784057971015));
#2435=CARTESIAN_POINT('Ctrl Pts',(2.,0.596771485972,-3.38784057971015));
#2436=CARTESIAN_POINT('Ctrl Pts',(2.,0.596771485972,-3.38784057971015));
#2437=CARTESIAN_POINT('Ctrl Pts',(2.00123382210307,0.596771485972,-3.38784057971015));
#2438=CARTESIAN_POINT('Ctrl Pts',(2.00268574933969,0.596796728920004,-3.38812938162708));
#2439=CARTESIAN_POINT('Ctrl Pts',(2.00496667970636,0.596879253364953,-3.38907367357577));
#2440=CARTESIAN_POINT('Ctrl Pts',(2.00619858681176,0.596951203100423,-3.38989703089818));
#2441=CARTESIAN_POINT('Ctrl Pts',(2.00794391907558,0.597103684401765,-3.39164236316199));
#2442=CARTESIAN_POINT('Ctrl Pts',(2.00876612176834,0.597211197479385,-3.39287320884086));
#2443=CARTESIAN_POINT('Ctrl Pts',(2.00971095971304,0.597410282028564,-3.39515305243497));
#2444=CARTESIAN_POINT('Ctrl Pts',(2.01,0.597537137163263,-3.39660613162609));
#2445=CARTESIAN_POINT('Ctrl Pts',(2.01,0.597752609660098,-3.39907502473126));
#2446=CARTESIAN_POINT('Ctrl Pts',(2.00971096049126,0.597879389590882,-3.40052810686506));
#2447=CARTESIAN_POINT('Ctrl Pts',(2.0087661201104,0.598078251858894,-3.4028079528258));
#2448=CARTESIAN_POINT('Ctrl Pts',(2.00794391767138,0.598185582889282,-3.4040387976625));
#2449=CARTESIAN_POINT('Ctrl Pts',(2.00619858782269,0.598337749400727,-3.40578412751119));
#2450=CARTESIAN_POINT('Ctrl Pts',(2.00496668435879,0.598409516695137,-3.40660748216516));
#2451=CARTESIAN_POINT('Ctrl Pts',(2.00268575623959,0.598491818970309,-3.40755177668656));
#2452=CARTESIAN_POINT('Ctrl Pts',(2.00123382471718,0.598516986626798,-3.40784057971015));
#2453=CARTESIAN_POINT('Ctrl Pts',(2.,0.598516986626798,-3.40784057971015));
#2454=CARTESIAN_POINT('Origin',(2.,-2.43951839509359,-2.43951839509359));
#2455=CARTESIAN_POINT('',(2.,-2.01525432638166,-2.86378246380552));
#2456=CARTESIAN_POINT('',(2.,-2.86378246380552,-2.01525432638166));
#2457=CARTESIAN_POINT('Origin',(2.,-2.43951839509359,-2.43951839509359));
#2458=CARTESIAN_POINT('',(2.,-2.83292260301489,-1.98649176321659));
#2459=CARTESIAN_POINT('',(2.,-2.81754621204158,-1.97358388294243));
#2460=CARTESIAN_POINT('Ctrl Pts',(2.,-2.83292260301489,-1.98649176321659));
#2461=CARTESIAN_POINT('Ctrl Pts',(2.00123264327034,-2.83292260301489,-1.98649176321659));
#2462=CARTESIAN_POINT('Ctrl Pts',(2.00268323852715,-2.8327010121366,-1.98630569746073));
#2463=CARTESIAN_POINT('Ctrl Pts',(2.00496233173975,-2.83197644483899,-1.98569730727563));
#2464=CARTESIAN_POINT('Ctrl Pts',(2.00619351330781,-2.83134463296524,-1.98516680766069));
#2465=CARTESIAN_POINT('Ctrl Pts',(2.00794014165766,-2.83000389842962,-1.98404110885063));
#2466=CARTESIAN_POINT('Ctrl Pts',(2.0087638179912,-2.8290571124823,-1.98324620045779));
#2467=CARTESIAN_POINT('Ctrl Pts',(2.00971041300449,-2.82730299342116,-1.98177354085188));
#2468=CARTESIAN_POINT('Ctrl Pts',(2.01,-2.82618483290786,-1.98083483938925));
#2469=CARTESIAN_POINT('Ctrl Pts',(2.01,-2.82428487833799,-1.97923990136015));
#2470=CARTESIAN_POINT('Ctrl Pts',(2.00971041062647,-2.82316666362633,-1.97830125274187));
#2471=CARTESIAN_POINT('Ctrl Pts',(2.00876381293888,-2.82141238469928,-1.97682874881688));
#2472=CARTESIAN_POINT('Ctrl Pts',(2.00794013205974,-2.82046546762995,-1.97603396739974));
#2473=CARTESIAN_POINT('Ctrl Pts',(2.0061934975114,-2.81912451170762,-1.97490849191546));
#2474=CARTESIAN_POINT('Ctrl Pts',(2.00496231441175,-2.81849257244552,-1.97437812200437));
#2475=CARTESIAN_POINT('Ctrl Pts',(2.00268322430379,-2.81776785405236,-1.97376989375489));
#2476=CARTESIAN_POINT('Ctrl Pts',(2.0012326372181,-2.81754621204158,-1.97358388294243));
#2477=CARTESIAN_POINT('Ctrl Pts',(2.,-2.81754621204158,-1.97358388294243));
#2478=CARTESIAN_POINT('Ctrl Pts',(2.,-2.81754621204158,-1.97358388294243));
#2479=CARTESIAN_POINT('Ctrl Pts',(1.9987673627819,-2.81754621204158,-1.97358388294243));
#2480=CARTESIAN_POINT('Ctrl Pts',(1.99731677569621,-2.81776785405236,-1.97376989375489));
#2481=CARTESIAN_POINT('Ctrl Pts',(1.99503768558825,-2.81849257244552,-1.97437812200437));
#2482=CARTESIAN_POINT('Ctrl Pts',(1.9938065024886,-2.81912451170762,-1.97490849191546));
#2483=CARTESIAN_POINT('Ctrl Pts',(1.99205986794026,-2.82046546762995,-1.97603396739974));
#2484=CARTESIAN_POINT('Ctrl Pts',(1.99123618706112,-2.82141238469928,-1.97682874881688));
#2485=CARTESIAN_POINT('Ctrl Pts',(1.99028958937353,-2.82316666362633,-1.97830125274187));
#2486=CARTESIAN_POINT('Ctrl Pts',(1.99,-2.82428487833799,-1.97923990136015));
#2487=CARTESIAN_POINT('Ctrl Pts',(1.99,-2.82618483290786,-1.98083483938925));
#2488=CARTESIAN_POINT('Ctrl Pts',(1.99028958699551,-2.82730299342116,-1.98177354085188));
#2489=CARTESIAN_POINT('Ctrl Pts',(1.9912361820088,-2.8290571124823,-1.98324620045779));
#2490=CARTESIAN_POINT('Ctrl Pts',(1.99205985834234,-2.83000389842962,-1.98404110885063));
#2491=CARTESIAN_POINT('Ctrl Pts',(1.99380648669219,-2.83134463296524,-1.98516680766069));
#2492=CARTESIAN_POINT('Ctrl Pts',(1.99503766826026,-2.83197644483899,-1.98569730727563));
#2493=CARTESIAN_POINT('Ctrl Pts',(1.99731676147285,-2.8327010121366,-1.98630569746073));
#2494=CARTESIAN_POINT('Ctrl Pts',(1.99876735672967,-2.83292260301489,-1.98649176321659));
#2495=CARTESIAN_POINT('Ctrl Pts',(2.,-2.83292260301489,-1.98649176321659));
#2496=CARTESIAN_POINT('',(2.,-1.98649176321659,-2.83292260301489));
#2497=CARTESIAN_POINT('',(2.,-1.97358388294243,-2.81754621204158));
#2498=CARTESIAN_POINT('Ctrl Pts',(2.,-1.98649176321659,-2.83292260301489));
#2499=CARTESIAN_POINT('Ctrl Pts',(1.99876735672967,-1.98649176321659,-2.83292260301489));
#2500=CARTESIAN_POINT('Ctrl Pts',(1.99731676147285,-1.98630569746073,-2.8327010121366));
#2501=CARTESIAN_POINT('Ctrl Pts',(1.99503766826026,-1.98569730727563,-2.83197644483899));
#2502=CARTESIAN_POINT('Ctrl Pts',(1.99380648669219,-1.98516680766069,-2.83134463296524));
#2503=CARTESIAN_POINT('Ctrl Pts',(1.99205985834234,-1.98404110885063,-2.83000389842962));
#2504=CARTESIAN_POINT('Ctrl Pts',(1.9912361820088,-1.98324620045779,-2.8290571124823));
#2505=CARTESIAN_POINT('Ctrl Pts',(1.99028958699551,-1.98177354085188,-2.82730299342116));
#2506=CARTESIAN_POINT('Ctrl Pts',(1.99,-1.98083483938925,-2.82618483290786));
#2507=CARTESIAN_POINT('Ctrl Pts',(1.99,-1.97923990136015,-2.82428487833799));
#2508=CARTESIAN_POINT('Ctrl Pts',(1.99028958937353,-1.97830125274187,-2.82316666362633));
#2509=CARTESIAN_POINT('Ctrl Pts',(1.99123618706112,-1.97682874881688,-2.82141238469928));
#2510=CARTESIAN_POINT('Ctrl Pts',(1.99205986794026,-1.97603396739974,-2.82046546762995));
#2511=CARTESIAN_POINT('Ctrl Pts',(1.9938065024886,-1.97490849191546,-2.81912451170762));
#2512=CARTESIAN_POINT('Ctrl Pts',(1.99503768558825,-1.97437812200437,-2.81849257244552));
#2513=CARTESIAN_POINT('Ctrl Pts',(1.99731677569621,-1.97376989375489,-2.81776785405235));
#2514=CARTESIAN_POINT('Ctrl Pts',(1.9987673627819,-1.97358388294243,-2.81754621204158));
#2515=CARTESIAN_POINT('Ctrl Pts',(2.,-1.97358388294243,-2.81754621204158));
#2516=CARTESIAN_POINT('Ctrl Pts',(2.,-1.97358388294243,-2.81754621204158));
#2517=CARTESIAN_POINT('Ctrl Pts',(2.0012326372181,-1.97358388294243,-2.81754621204158));
#2518=CARTESIAN_POINT('Ctrl Pts',(2.00268322430379,-1.97376989375489,-2.81776785405235));
#2519=CARTESIAN_POINT('Ctrl Pts',(2.00496231441175,-1.97437812200437,-2.81849257244552));
#2520=CARTESIAN_POINT('Ctrl Pts',(2.0061934975114,-1.97490849191546,-2.81912451170762));
#2521=CARTESIAN_POINT('Ctrl Pts',(2.00794013205974,-1.97603396739974,-2.82046546762995));
#2522=CARTESIAN_POINT('Ctrl Pts',(2.00876381293888,-1.97682874881688,-2.82141238469928));
#2523=CARTESIAN_POINT('Ctrl Pts',(2.00971041062647,-1.97830125274187,-2.82316666362633));
#2524=CARTESIAN_POINT('Ctrl Pts',(2.01,-1.97923990136015,-2.82428487833799));
#2525=CARTESIAN_POINT('Ctrl Pts',(2.01,-1.98083483938925,-2.82618483290786));
#2526=CARTESIAN_POINT('Ctrl Pts',(2.00971041300449,-1.98177354085188,-2.82730299342116));
#2527=CARTESIAN_POINT('Ctrl Pts',(2.0087638179912,-1.98324620045779,-2.8290571124823));
#2528=CARTESIAN_POINT('Ctrl Pts',(2.00794014165766,-1.98404110885063,-2.83000389842962));
#2529=CARTESIAN_POINT('Ctrl Pts',(2.00619351330781,-1.98516680766069,-2.83134463296524));
#2530=CARTESIAN_POINT('Ctrl Pts',(2.00496233173975,-1.98569730727563,-2.83197644483899));
#2531=CARTESIAN_POINT('Ctrl Pts',(2.00268323852715,-1.98630569746073,-2.8327010121366));
#2532=CARTESIAN_POINT('Ctrl Pts',(2.00123264327034,-1.98649176321659,-2.83292260301489));
#2533=CARTESIAN_POINT('Ctrl Pts',(2.,-1.98649176321659,-2.83292260301489));
#2534=CARTESIAN_POINT('Origin',(2.,-3.45,4.2248919206872E-16));
#2535=CARTESIAN_POINT('',(2.,-3.45,-0.6));
#2536=CARTESIAN_POINT('',(2.,-3.45,0.600000000000001));
#2537=CARTESIAN_POINT('Origin',(2.,-3.45,4.2248919206872E-16));
#2538=CARTESIAN_POINT('',(2.,-3.40784057971015,0.598516986626799));
#2539=CARTESIAN_POINT('',(2.,-3.38784057971015,0.596771485972001));
#2540=CARTESIAN_POINT('Ctrl Pts',(2.,-3.40784057971015,0.598516986626799));
#2541=CARTESIAN_POINT('Ctrl Pts',(2.00123264327034,-3.40784057971015,0.598516986626799));
#2542=CARTESIAN_POINT('Ctrl Pts',(2.00268323852715,-3.40755232293974,0.598491866571825));
#2543=CARTESIAN_POINT('Ctrl Pts',(2.00496233173975,-3.40660977966469,0.59840971694776));
#2544=CARTESIAN_POINT('Ctrl Pts',(2.00619351330781,-3.40578790132919,0.598338078362533));
#2545=CARTESIAN_POINT('Ctrl Pts',(2.00794014165766,-3.4040438695851,0.598186025142796));
#2546=CARTESIAN_POINT('Ctrl Pts',(2.0087638179912,-3.40281230570643,0.598078631494109));
#2547=CARTESIAN_POINT('Ctrl Pts',(2.00971041300449,-3.40053062862956,0.597879609604685));
#2548=CARTESIAN_POINT('Ctrl Pts',(2.01,-3.39907620757842,0.597752712893013));
#2549=CARTESIAN_POINT('Ctrl Pts',(2.01,-3.39660494532218,0.597537033628662));
#2550=CARTESIAN_POINT('Ctrl Pts',(2.00971041062647,-3.3951505233136,0.597410061226358));
#2551=CARTESIAN_POINT('Ctrl Pts',(2.00876381293888,-3.3928688432775,0.59721081621164));
#2552=CARTESIAN_POINT('Ctrl Pts',(2.00794013205974,-3.39163727646694,0.597103240060318));
#2553=CARTESIAN_POINT('Ctrl Pts',(2.0061934975114,-3.38989324609399,0.596950872381354));
#2554=CARTESIAN_POINT('Ctrl Pts',(2.00496231441175,-3.3890713693958,0.596879052004489));
#2555=CARTESIAN_POINT('Ctrl Pts',(2.00268322430379,-3.38812883378582,0.596796681033955));
#2556=CARTESIAN_POINT('Ctrl Pts',(2.0012326372181,-3.38784057971015,0.596771485972001));
#2557=CARTESIAN_POINT('Ctrl Pts',(2.,-3.38784057971015,0.596771485972001));
#2558=CARTESIAN_POINT('Ctrl Pts',(2.,-3.38784057971015,0.596771485972001));
#2559=CARTESIAN_POINT('Ctrl Pts',(1.9987673627819,-3.38784057971015,0.596771485972001));
#2560=CARTESIAN_POINT('Ctrl Pts',(1.99731677569621,-3.38812883378582,0.596796681033955));
#2561=CARTESIAN_POINT('Ctrl Pts',(1.99503768558825,-3.3890713693958,0.596879052004489));
#2562=CARTESIAN_POINT('Ctrl Pts',(1.9938065024886,-3.38989324609399,0.596950872381354));
#2563=CARTESIAN_POINT('Ctrl Pts',(1.99205986794026,-3.39163727646694,0.597103240060318));
#2564=CARTESIAN_POINT('Ctrl Pts',(1.99123618706112,-3.3928688432775,0.597210816211641));
#2565=CARTESIAN_POINT('Ctrl Pts',(1.99028958937353,-3.3951505233136,0.597410061226359));
#2566=CARTESIAN_POINT('Ctrl Pts',(1.99,-3.39660494532218,0.597537033628662));
#2567=CARTESIAN_POINT('Ctrl Pts',(1.99,-3.39907620757842,0.597752712893013));
#2568=CARTESIAN_POINT('Ctrl Pts',(1.99028958699551,-3.40053062862956,0.597879609604685));
#2569=CARTESIAN_POINT('Ctrl Pts',(1.9912361820088,-3.40281230570643,0.598078631494109));
#2570=CARTESIAN_POINT('Ctrl Pts',(1.99205985834234,-3.4040438695851,0.598186025142796));
#2571=CARTESIAN_POINT('Ctrl Pts',(1.99380648669219,-3.40578790132919,0.598338078362533));
#2572=CARTESIAN_POINT('Ctrl Pts',(1.99503766826026,-3.40660977966469,0.59840971694776));
#2573=CARTESIAN_POINT('Ctrl Pts',(1.99731676147285,-3.40755232293974,0.598491866571825));
#2574=CARTESIAN_POINT('Ctrl Pts',(1.99876735672967,-3.40784057971015,0.598516986626799));
#2575=CARTESIAN_POINT('Ctrl Pts',(2.,-3.40784057971015,0.598516986626799));
#2576=CARTESIAN_POINT('',(2.,-3.40784057971015,-0.598516986626798));
#2577=CARTESIAN_POINT('',(2.,-3.38784057971015,-0.596771485972));
#2578=CARTESIAN_POINT('Ctrl Pts',(2.,-3.40784057971015,-0.598516986626798));
#2579=CARTESIAN_POINT('Ctrl Pts',(1.99876735672967,-3.40784057971015,-0.598516986626798));
#2580=CARTESIAN_POINT('Ctrl Pts',(1.99731676147285,-3.40755232293974,-0.598491866571824));
#2581=CARTESIAN_POINT('Ctrl Pts',(1.99503766826026,-3.40660977966469,-0.59840971694776));
#2582=CARTESIAN_POINT('Ctrl Pts',(1.99380648669219,-3.40578790132919,-0.598338078362532));
#2583=CARTESIAN_POINT('Ctrl Pts',(1.99205985834234,-3.4040438695851,-0.598186025142795));
#2584=CARTESIAN_POINT('Ctrl Pts',(1.9912361820088,-3.40281230570643,-0.598078631494108));
#2585=CARTESIAN_POINT('Ctrl Pts',(1.99028958699551,-3.40053062862956,-0.597879609604684));
#2586=CARTESIAN_POINT('Ctrl Pts',(1.99,-3.39907620757842,-0.597752712893012));
#2587=CARTESIAN_POINT('Ctrl Pts',(1.99,-3.39660494532218,-0.597537033628661));
#2588=CARTESIAN_POINT('Ctrl Pts',(1.99028958937353,-3.3951505233136,-0.597410061226358));
#2589=CARTESIAN_POINT('Ctrl Pts',(1.99123618706112,-3.3928688432775,-0.597210816211641));
#2590=CARTESIAN_POINT('Ctrl Pts',(1.99205986794026,-3.39163727646694,-0.597103240060317));
#2591=CARTESIAN_POINT('Ctrl Pts',(1.9938065024886,-3.38989324609399,-0.596950872381353));
#2592=CARTESIAN_POINT('Ctrl Pts',(1.99503768558825,-3.3890713693958,-0.596879052004488));
#2593=CARTESIAN_POINT('Ctrl Pts',(1.99731677569621,-3.38812883378582,-0.596796681033954));
#2594=CARTESIAN_POINT('Ctrl Pts',(1.9987673627819,-3.38784057971015,-0.596771485972));
#2595=CARTESIAN_POINT('Ctrl Pts',(2.,-3.38784057971015,-0.596771485972));
#2596=CARTESIAN_POINT('Ctrl Pts',(2.,-3.38784057971015,-0.596771485972));
#2597=CARTESIAN_POINT('Ctrl Pts',(2.0012326372181,-3.38784057971015,-0.596771485972));
#2598=CARTESIAN_POINT('Ctrl Pts',(2.00268322430379,-3.38812883378582,-0.596796681033954));
#2599=CARTESIAN_POINT('Ctrl Pts',(2.00496231441175,-3.3890713693958,-0.596879052004488));
#2600=CARTESIAN_POINT('Ctrl Pts',(2.0061934975114,-3.38989324609399,-0.596950872381353));
#2601=CARTESIAN_POINT('Ctrl Pts',(2.00794013205974,-3.39163727646694,-0.597103240060317));
#2602=CARTESIAN_POINT('Ctrl Pts',(2.00876381293888,-3.3928688432775,-0.597210816211639));
#2603=CARTESIAN_POINT('Ctrl Pts',(2.00971041062647,-3.3951505233136,-0.597410061226357));
#2604=CARTESIAN_POINT('Ctrl Pts',(2.01,-3.39660494532218,-0.597537033628661));
#2605=CARTESIAN_POINT('Ctrl Pts',(2.01,-3.39907620757842,-0.597752712893012));
#2606=CARTESIAN_POINT('Ctrl Pts',(2.00971041300449,-3.40053062862956,-0.597879609604684));
#2607=CARTESIAN_POINT('Ctrl Pts',(2.0087638179912,-3.40281230570643,-0.598078631494108));
#2608=CARTESIAN_POINT('Ctrl Pts',(2.00794014165766,-3.4040438695851,-0.598186025142795));
#2609=CARTESIAN_POINT('Ctrl Pts',(2.00619351330781,-3.40578790132919,-0.598338078362532));
#2610=CARTESIAN_POINT('Ctrl Pts',(2.00496233173975,-3.40660977966469,-0.59840971694776));
#2611=CARTESIAN_POINT('Ctrl Pts',(2.00268323852715,-3.40755232293974,-0.598491866571824));
#2612=CARTESIAN_POINT('Ctrl Pts',(2.00123264327034,-3.40784057971015,-0.598516986626798));
#2613=CARTESIAN_POINT('Ctrl Pts',(2.,-3.40784057971015,-0.598516986626798));
#2614=CARTESIAN_POINT('Origin',(2.,-2.43951839509359,2.43951839509359));
#2615=CARTESIAN_POINT('',(2.,-2.86378246380552,2.01525432638166));
#2616=CARTESIAN_POINT('',(2.,-2.01525432638166,2.86378246380552));
#2617=CARTESIAN_POINT('Origin',(2.,-2.43951839509359,2.43951839509359));
#2618=CARTESIAN_POINT('',(2.,-1.98649176321659,2.83292260301489));
#2619=CARTESIAN_POINT('',(2.,-1.97358388294243,2.81754621204158));
#2620=CARTESIAN_POINT('Ctrl Pts',(2.,-1.98649176321659,2.83292260301489));
#2621=CARTESIAN_POINT('Ctrl Pts',(2.00123382471718,-1.98649176321659,2.83292260301489));
#2622=CARTESIAN_POINT('Ctrl Pts',(2.00268575623959,-1.98630534486076,2.83270059221791));
#2623=CARTESIAN_POINT('Ctrl Pts',(2.00496668435879,-1.98569582429812,2.83197467866151));
#2624=CARTESIAN_POINT('Ctrl Pts',(2.00619858782269,-1.98516437177952,2.83134173186182));
#2625=CARTESIAN_POINT('Ctrl Pts',(2.00794391767138,-1.98403783518022,2.82999999931829));
#2626=CARTESIAN_POINT('Ctrl Pts',(2.0087661201104,-1.98324339094902,2.82905376608826));
#2627=CARTESIAN_POINT('Ctrl Pts',(2.00971096049126,-1.98177191326835,2.82730105469112));
#2628=CARTESIAN_POINT('Ctrl Pts',(2.01,-1.98083407598669,2.82618392351192));
#2629=CARTESIAN_POINT('Ctrl Pts',(2.01,-1.97924066699367,2.82428579039155));
#2630=CARTESIAN_POINT('Ctrl Pts',(2.00971095971304,-1.97830288497,2.82316860811594));
#2631=CARTESIAN_POINT('Ctrl Pts',(2.00876612176834,-1.97683156613932,2.82141574121575));
#2632=CARTESIAN_POINT('Ctrl Pts',(2.00794391907558,-1.97603725003945,2.82046937866337));
#2633=CARTESIAN_POINT('Ctrl Pts',(2.00619858681176,-1.97491093432247,2.81912742182202));
#2634=CARTESIAN_POINT('Ctrl Pts',(2.00496667970636,-1.97437960892231,2.81849434413015));
#2635=CARTESIAN_POINT('Ctrl Pts',(2.00268574933969,-1.9737702472766,2.81776827529518));
#2636=CARTESIAN_POINT('Ctrl Pts',(2.00123382210307,-1.97358388294243,2.81754621204158));
#2637=CARTESIAN_POINT('Ctrl Pts',(2.,-1.97358388294243,2.81754621204158));
#2638=CARTESIAN_POINT('Ctrl Pts',(2.,-1.97358388294243,2.81754621204158));
#2639=CARTESIAN_POINT('Ctrl Pts',(1.9987673627819,-1.97358388294243,2.81754621204158));
#2640=CARTESIAN_POINT('Ctrl Pts',(1.99731677569621,-1.97376989375489,2.81776785405235));
#2641=CARTESIAN_POINT('Ctrl Pts',(1.99503768558825,-1.97437812200437,2.81849257244552));
#2642=CARTESIAN_POINT('Ctrl Pts',(1.9938065024886,-1.97490849191546,2.81912451170762));
#2643=CARTESIAN_POINT('Ctrl Pts',(1.99205986794026,-1.97603396739974,2.82046546762995));
#2644=CARTESIAN_POINT('Ctrl Pts',(1.99123618706112,-1.97682874881688,2.82141238469928));
#2645=CARTESIAN_POINT('Ctrl Pts',(1.99028958937353,-1.97830125274187,2.82316666362633));
#2646=CARTESIAN_POINT('Ctrl Pts',(1.99,-1.97923990136015,2.82428487833799));
#2647=CARTESIAN_POINT('Ctrl Pts',(1.99,-1.98083483938925,2.82618483290786));
#2648=CARTESIAN_POINT('Ctrl Pts',(1.99028958699551,-1.98177354085188,2.82730299342116));
#2649=CARTESIAN_POINT('Ctrl Pts',(1.9912361820088,-1.98324620045779,2.8290571124823));
#2650=CARTESIAN_POINT('Ctrl Pts',(1.99205985834234,-1.98404110885063,2.83000389842962));
#2651=CARTESIAN_POINT('Ctrl Pts',(1.99380648669219,-1.98516680766069,2.83134463296524));
#2652=CARTESIAN_POINT('Ctrl Pts',(1.99503766826025,-1.98569730727563,2.83197644483899));
#2653=CARTESIAN_POINT('Ctrl Pts',(1.99731676147285,-1.98630569746073,2.8327010121366));
#2654=CARTESIAN_POINT('Ctrl Pts',(1.99876735672967,-1.98649176321659,2.83292260301489));
#2655=CARTESIAN_POINT('Ctrl Pts',(2.,-1.98649176321659,2.83292260301489));
#2656=CARTESIAN_POINT('',(2.,-2.83292260301489,1.98649176321659));
#2657=CARTESIAN_POINT('',(2.,-2.81754621204158,1.97358388294243));
#2658=CARTESIAN_POINT('Ctrl Pts',(2.,-2.83292260301489,1.98649176321659));
#2659=CARTESIAN_POINT('Ctrl Pts',(1.99876735672967,-2.83292260301489,1.98649176321659));
#2660=CARTESIAN_POINT('Ctrl Pts',(1.99731676147285,-2.8327010121366,1.98630569746073));
#2661=CARTESIAN_POINT('Ctrl Pts',(1.99503766826025,-2.83197644483899,1.98569730727563));
#2662=CARTESIAN_POINT('Ctrl Pts',(1.99380648669219,-2.83134463296524,1.98516680766069));
#2663=CARTESIAN_POINT('Ctrl Pts',(1.99205985834234,-2.83000389842962,1.98404110885063));
#2664=CARTESIAN_POINT('Ctrl Pts',(1.9912361820088,-2.8290571124823,1.98324620045779));
#2665=CARTESIAN_POINT('Ctrl Pts',(1.99028958699551,-2.82730299342116,1.98177354085188));
#2666=CARTESIAN_POINT('Ctrl Pts',(1.99,-2.82618483290786,1.98083483938925));
#2667=CARTESIAN_POINT('Ctrl Pts',(1.99,-2.82428487833799,1.97923990136015));
#2668=CARTESIAN_POINT('Ctrl Pts',(1.99028958937353,-2.82316666362633,1.97830125274187));
#2669=CARTESIAN_POINT('Ctrl Pts',(1.99123618706112,-2.82141238469928,1.97682874881688));
#2670=CARTESIAN_POINT('Ctrl Pts',(1.99205986794026,-2.82046546762995,1.97603396739974));
#2671=CARTESIAN_POINT('Ctrl Pts',(1.9938065024886,-2.81912451170762,1.97490849191546));
#2672=CARTESIAN_POINT('Ctrl Pts',(1.99503768558825,-2.81849257244552,1.97437812200437));
#2673=CARTESIAN_POINT('Ctrl Pts',(1.99731677569621,-2.81776785405235,1.97376989375489));
#2674=CARTESIAN_POINT('Ctrl Pts',(1.9987673627819,-2.81754621204158,1.97358388294243));
#2675=CARTESIAN_POINT('Ctrl Pts',(2.,-2.81754621204158,1.97358388294243));
#2676=CARTESIAN_POINT('Ctrl Pts',(2.,-2.81754621204158,1.97358388294243));
#2677=CARTESIAN_POINT('Ctrl Pts',(2.00123382210307,-2.81754621204158,1.97358388294243));
#2678=CARTESIAN_POINT('Ctrl Pts',(2.00268574933969,-2.81776827529518,1.9737702472766));
#2679=CARTESIAN_POINT('Ctrl Pts',(2.00496667970636,-2.81849434413015,1.97437960892231));
#2680=CARTESIAN_POINT('Ctrl Pts',(2.00619858681176,-2.81912742182202,1.97491093432247));
#2681=CARTESIAN_POINT('Ctrl Pts',(2.00794391907558,-2.82046937866337,1.97603725003945));
#2682=CARTESIAN_POINT('Ctrl Pts',(2.00876612176834,-2.82141574121575,1.97683156613932));
#2683=CARTESIAN_POINT('Ctrl Pts',(2.00971095971304,-2.82316860811594,1.97830288497));
#2684=CARTESIAN_POINT('Ctrl Pts',(2.01,-2.82428579039155,1.97924066699367));
#2685=CARTESIAN_POINT('Ctrl Pts',(2.01,-2.82618392351192,1.98083407598669));
#2686=CARTESIAN_POINT('Ctrl Pts',(2.00971096049126,-2.82730105469112,1.98177191326835));
#2687=CARTESIAN_POINT('Ctrl Pts',(2.0087661201104,-2.82905376608826,1.98324339094902));
#2688=CARTESIAN_POINT('Ctrl Pts',(2.00794391767138,-2.82999999931829,1.98403783518022));
#2689=CARTESIAN_POINT('Ctrl Pts',(2.00619858782269,-2.83134173186182,1.98516437177952));
#2690=CARTESIAN_POINT('Ctrl Pts',(2.00496668435879,-2.83197467866151,1.98569582429812));
#2691=CARTESIAN_POINT('Ctrl Pts',(2.00268575623959,-2.83270059221791,1.98630534486076));
#2692=CARTESIAN_POINT('Ctrl Pts',(2.00123382471718,-2.83292260301489,1.98649176321659));
#2693=CARTESIAN_POINT('Ctrl Pts',(2.,-2.83292260301489,1.98649176321659));
#2694=CARTESIAN_POINT('Origin',(2.,2.1124459603436E-16,3.45));
#2695=CARTESIAN_POINT('',(2.,-0.6,3.45));
#2696=CARTESIAN_POINT('',(2.,0.6,3.45));
#2697=CARTESIAN_POINT('Origin',(2.,2.1124459603436E-16,3.45));
#2698=CARTESIAN_POINT('',(2.,0.598516986626799,3.40784057971015));
#2699=CARTESIAN_POINT('',(2.,0.596771485972,3.38784057971015));
#2700=CARTESIAN_POINT('Ctrl Pts',(2.,0.598516986626799,3.40784057971015));
#2701=CARTESIAN_POINT('Ctrl Pts',(2.00123264327034,0.598516986626799,3.40784057971015));
#2702=CARTESIAN_POINT('Ctrl Pts',(2.00268323852715,0.598491866571825,3.40755232293974));
#2703=CARTESIAN_POINT('Ctrl Pts',(2.00496233173975,0.59840971694776,3.40660977966469));
#2704=CARTESIAN_POINT('Ctrl Pts',(2.00619351330781,0.598338078362533,3.40578790132919));
#2705=CARTESIAN_POINT('Ctrl Pts',(2.00794014165766,0.598186025142796,3.4040438695851));
#2706=CARTESIAN_POINT('Ctrl Pts',(2.0087638179912,0.598078631494109,3.40281230570643));
#2707=CARTESIAN_POINT('Ctrl Pts',(2.00971041300449,0.597879609604685,3.40053062862956));
#2708=CARTESIAN_POINT('Ctrl Pts',(2.01,0.597752712893013,3.39907620757842));
#2709=CARTESIAN_POINT('Ctrl Pts',(2.01,0.597537033628662,3.39660494532218));
#2710=CARTESIAN_POINT('Ctrl Pts',(2.00971041062647,0.597410061226359,3.3951505233136));
#2711=CARTESIAN_POINT('Ctrl Pts',(2.00876381293888,0.597210816211641,3.3928688432775));
#2712=CARTESIAN_POINT('Ctrl Pts',(2.00794013205974,0.597103240060318,3.39163727646694));
#2713=CARTESIAN_POINT('Ctrl Pts',(2.0061934975114,0.596950872381354,3.38989324609399));
#2714=CARTESIAN_POINT('Ctrl Pts',(2.00496231441175,0.596879052004488,3.3890713693958));
#2715=CARTESIAN_POINT('Ctrl Pts',(2.00268322430379,0.596796681033955,3.38812883378582));
#2716=CARTESIAN_POINT('Ctrl Pts',(2.0012326372181,0.596771485972,3.38784057971015));
#2717=CARTESIAN_POINT('Ctrl Pts',(2.,0.596771485972,3.38784057971015));
#2718=CARTESIAN_POINT('Ctrl Pts',(2.,0.596771485972,3.38784057971015));
#2719=CARTESIAN_POINT('Ctrl Pts',(1.9987673627819,0.596771485972,3.38784057971015));
#2720=CARTESIAN_POINT('Ctrl Pts',(1.99731677569621,0.596796681033955,3.38812883378582));
#2721=CARTESIAN_POINT('Ctrl Pts',(1.99503768558825,0.596879052004488,3.3890713693958));
#2722=CARTESIAN_POINT('Ctrl Pts',(1.9938065024886,0.596950872381354,3.38989324609399));
#2723=CARTESIAN_POINT('Ctrl Pts',(1.99205986794026,0.597103240060318,3.39163727646694));
#2724=CARTESIAN_POINT('Ctrl Pts',(1.99123618706112,0.597210816211641,3.3928688432775));
#2725=CARTESIAN_POINT('Ctrl Pts',(1.99028958937353,0.597410061226359,3.3951505233136));
#2726=CARTESIAN_POINT('Ctrl Pts',(1.99,0.597537033628662,3.39660494532218));
#2727=CARTESIAN_POINT('Ctrl Pts',(1.99,0.597752712893013,3.39907620757842));
#2728=CARTESIAN_POINT('Ctrl Pts',(1.99028958699551,0.597879609604685,3.40053062862956));
#2729=CARTESIAN_POINT('Ctrl Pts',(1.9912361820088,0.598078631494109,3.40281230570643));
#2730=CARTESIAN_POINT('Ctrl Pts',(1.99205985834234,0.598186025142796,3.4040438695851));
#2731=CARTESIAN_POINT('Ctrl Pts',(1.99380648669219,0.598338078362533,3.40578790132919));
#2732=CARTESIAN_POINT('Ctrl Pts',(1.99503766826026,0.59840971694776,3.40660977966469));
#2733=CARTESIAN_POINT('Ctrl Pts',(1.99731676147285,0.598491866571825,3.40755232293974));
#2734=CARTESIAN_POINT('Ctrl Pts',(1.99876735672967,0.598516986626799,3.40784057971015));
#2735=CARTESIAN_POINT('Ctrl Pts',(2.,0.598516986626799,3.40784057971015));
#2736=CARTESIAN_POINT('',(2.,-0.598516986626798,3.40784057971015));
#2737=CARTESIAN_POINT('',(2.,-0.596771485972,3.38784057971015));
#2738=CARTESIAN_POINT('Ctrl Pts',(2.,-0.598516986626798,3.40784057971015));
#2739=CARTESIAN_POINT('Ctrl Pts',(1.99876735672967,-0.598516986626798,3.40784057971015));
#2740=CARTESIAN_POINT('Ctrl Pts',(1.99731676147285,-0.598491866571824,3.40755232293974));
#2741=CARTESIAN_POINT('Ctrl Pts',(1.99503766826026,-0.59840971694776,3.40660977966469));
#2742=CARTESIAN_POINT('Ctrl Pts',(1.99380648669219,-0.598338078362532,3.40578790132919));
#2743=CARTESIAN_POINT('Ctrl Pts',(1.99205985834234,-0.598186025142795,3.4040438695851));
#2744=CARTESIAN_POINT('Ctrl Pts',(1.9912361820088,-0.598078631494109,3.40281230570643));
#2745=CARTESIAN_POINT('Ctrl Pts',(1.99028958699551,-0.597879609604684,3.40053062862956));
#2746=CARTESIAN_POINT('Ctrl Pts',(1.99,-0.597752712893013,3.39907620757842));
#2747=CARTESIAN_POINT('Ctrl Pts',(1.99,-0.597537033628661,3.39660494532218));
#2748=CARTESIAN_POINT('Ctrl Pts',(1.99028958937353,-0.597410061226359,3.3951505233136));
#2749=CARTESIAN_POINT('Ctrl Pts',(1.99123618706112,-0.597210816211641,3.3928688432775));
#2750=CARTESIAN_POINT('Ctrl Pts',(1.99205986794026,-0.597103240060317,3.39163727646694));
#2751=CARTESIAN_POINT('Ctrl Pts',(1.9938065024886,-0.596950872381353,3.38989324609399));
#2752=CARTESIAN_POINT('Ctrl Pts',(1.99503768558825,-0.596879052004488,3.3890713693958));
#2753=CARTESIAN_POINT('Ctrl Pts',(1.99731677569621,-0.596796681033954,3.38812883378582));
#2754=CARTESIAN_POINT('Ctrl Pts',(1.9987673627819,-0.596771485972,3.38784057971015));
#2755=CARTESIAN_POINT('Ctrl Pts',(2.,-0.596771485972,3.38784057971015));
#2756=CARTESIAN_POINT('Ctrl Pts',(2.,-0.596771485972,3.38784057971015));
#2757=CARTESIAN_POINT('Ctrl Pts',(2.0012326372181,-0.596771485972,3.38784057971015));
#2758=CARTESIAN_POINT('Ctrl Pts',(2.00268322430379,-0.596796681033954,3.38812883378582));
#2759=CARTESIAN_POINT('Ctrl Pts',(2.00496231441175,-0.596879052004488,3.3890713693958));
#2760=CARTESIAN_POINT('Ctrl Pts',(2.0061934975114,-0.596950872381353,3.38989324609399));
#2761=CARTESIAN_POINT('Ctrl Pts',(2.00794013205974,-0.597103240060317,3.39163727646694));
#2762=CARTESIAN_POINT('Ctrl Pts',(2.00876381293888,-0.597210816211641,3.3928688432775));
#2763=CARTESIAN_POINT('Ctrl Pts',(2.00971041062647,-0.597410061226359,3.3951505233136));
#2764=CARTESIAN_POINT('Ctrl Pts',(2.01,-0.597537033628661,3.39660494532218));
#2765=CARTESIAN_POINT('Ctrl Pts',(2.01,-0.597752712893013,3.39907620757842));
#2766=CARTESIAN_POINT('Ctrl Pts',(2.00971041300449,-0.597879609604684,3.40053062862956));
#2767=CARTESIAN_POINT('Ctrl Pts',(2.0087638179912,-0.598078631494109,3.40281230570643));
#2768=CARTESIAN_POINT('Ctrl Pts',(2.00794014165766,-0.598186025142795,3.4040438695851));
#2769=CARTESIAN_POINT('Ctrl Pts',(2.00619351330781,-0.598338078362532,3.40578790132919));
#2770=CARTESIAN_POINT('Ctrl Pts',(2.00496233173975,-0.59840971694776,3.40660977966469));
#2771=CARTESIAN_POINT('Ctrl Pts',(2.00268323852715,-0.598491866571824,3.40755232293974));
#2772=CARTESIAN_POINT('Ctrl Pts',(2.00123264327034,-0.598516986626798,3.40784057971015));
#2773=CARTESIAN_POINT('Ctrl Pts',(2.,-0.598516986626798,3.40784057971015));
#2774=CARTESIAN_POINT('Origin',(2.,2.43951839509359,2.43951839509359));
#2775=CARTESIAN_POINT('',(2.,2.01525432638166,2.86378246380552));
#2776=CARTESIAN_POINT('',(2.,2.86378246380552,2.01525432638166));
#2777=CARTESIAN_POINT('Origin',(2.,2.43951839509359,2.43951839509359));
#2778=CARTESIAN_POINT('',(2.,2.83292260301489,1.98649176321659));
#2779=CARTESIAN_POINT('',(2.,2.81754621204158,1.97358388294243));
#2780=CARTESIAN_POINT('Ctrl Pts',(2.,2.83292260301489,1.98649176321659));
#2781=CARTESIAN_POINT('Ctrl Pts',(2.00123264327034,2.83292260301489,1.98649176321659));
#2782=CARTESIAN_POINT('Ctrl Pts',(2.00268323852715,2.8327010121366,1.98630569746073));
#2783=CARTESIAN_POINT('Ctrl Pts',(2.00496233173975,2.83197644483899,1.98569730727563));
#2784=CARTESIAN_POINT('Ctrl Pts',(2.00619351330781,2.83134463296524,1.98516680766069));
#2785=CARTESIAN_POINT('Ctrl Pts',(2.00794014165766,2.83000389842962,1.98404110885063));
#2786=CARTESIAN_POINT('Ctrl Pts',(2.0087638179912,2.8290571124823,1.98324620045779));
#2787=CARTESIAN_POINT('Ctrl Pts',(2.00971041300449,2.82730299342115,1.98177354085188));
#2788=CARTESIAN_POINT('Ctrl Pts',(2.01,2.82618483290786,1.98083483938925));
#2789=CARTESIAN_POINT('Ctrl Pts',(2.01,2.82428579039155,1.97924066699367));
#2790=CARTESIAN_POINT('Ctrl Pts',(2.00971095971304,2.82316860811594,1.97830288497));
#2791=CARTESIAN_POINT('Ctrl Pts',(2.00876612176834,2.82141574121575,1.97683156613932));
#2792=CARTESIAN_POINT('Ctrl Pts',(2.00794391907558,2.82046937866337,1.97603725003945));
#2793=CARTESIAN_POINT('Ctrl Pts',(2.00619858681176,2.81912742182202,1.97491093432247));
#2794=CARTESIAN_POINT('Ctrl Pts',(2.00496667970636,2.81849434413015,1.97437960892231));
#2795=CARTESIAN_POINT('Ctrl Pts',(2.00268574933969,2.81776827529518,1.9737702472766));
#2796=CARTESIAN_POINT('Ctrl Pts',(2.00123382210307,2.81754621204158,1.97358388294243));
#2797=CARTESIAN_POINT('Ctrl Pts',(2.,2.81754621204158,1.97358388294243));
#2798=CARTESIAN_POINT('Ctrl Pts',(2.,2.81754621204158,1.97358388294243));
#2799=CARTESIAN_POINT('Ctrl Pts',(1.9987673627819,2.81754621204158,1.97358388294243));
#2800=CARTESIAN_POINT('Ctrl Pts',(1.99731677569621,2.81776785405235,1.97376989375489));
#2801=CARTESIAN_POINT('Ctrl Pts',(1.99503768558825,2.81849257244552,1.97437812200437));
#2802=CARTESIAN_POINT('Ctrl Pts',(1.9938065024886,2.81912451170762,1.97490849191546));
#2803=CARTESIAN_POINT('Ctrl Pts',(1.99205986794026,2.82046546762995,1.97603396739974));
#2804=CARTESIAN_POINT('Ctrl Pts',(1.99123618706112,2.82141238469928,1.97682874881688));
#2805=CARTESIAN_POINT('Ctrl Pts',(1.99028958937353,2.82316666362633,1.97830125274187));
#2806=CARTESIAN_POINT('Ctrl Pts',(1.99,2.82428487833799,1.97923990136015));
#2807=CARTESIAN_POINT('Ctrl Pts',(1.99,2.82618483290786,1.98083483938925));
#2808=CARTESIAN_POINT('Ctrl Pts',(1.99028958699551,2.82730299342116,1.98177354085188));
#2809=CARTESIAN_POINT('Ctrl Pts',(1.9912361820088,2.8290571124823,1.98324620045779));
#2810=CARTESIAN_POINT('Ctrl Pts',(1.99205985834234,2.83000389842962,1.98404110885063));
#2811=CARTESIAN_POINT('Ctrl Pts',(1.99380648669219,2.83134463296524,1.98516680766069));
#2812=CARTESIAN_POINT('Ctrl Pts',(1.99503766826025,2.83197644483899,1.98569730727563));
#2813=CARTESIAN_POINT('Ctrl Pts',(1.99731676147285,2.8327010121366,1.98630569746073));
#2814=CARTESIAN_POINT('Ctrl Pts',(1.99876735672967,2.83292260301489,1.98649176321659));
#2815=CARTESIAN_POINT('Ctrl Pts',(2.,2.83292260301489,1.98649176321659));
#2816=CARTESIAN_POINT('',(2.,1.98649176321659,2.83292260301489));
#2817=CARTESIAN_POINT('',(2.,1.97358388294243,2.81754621204158));
#2818=CARTESIAN_POINT('Ctrl Pts',(2.,1.98649176321659,2.83292260301489));
#2819=CARTESIAN_POINT('Ctrl Pts',(1.99876735672967,1.98649176321659,2.83292260301489));
#2820=CARTESIAN_POINT('Ctrl Pts',(1.99731676147285,1.98630569746073,2.8327010121366));
#2821=CARTESIAN_POINT('Ctrl Pts',(1.99503766826025,1.98569730727563,2.83197644483899));
#2822=CARTESIAN_POINT('Ctrl Pts',(1.99380648669219,1.98516680766069,2.83134463296524));
#2823=CARTESIAN_POINT('Ctrl Pts',(1.99205985834234,1.98404110885063,2.83000389842962));
#2824=CARTESIAN_POINT('Ctrl Pts',(1.9912361820088,1.98324620045779,2.8290571124823));
#2825=CARTESIAN_POINT('Ctrl Pts',(1.99028958699551,1.98177354085188,2.82730299342116));
#2826=CARTESIAN_POINT('Ctrl Pts',(1.99,1.98083483938925,2.82618483290786));
#2827=CARTESIAN_POINT('Ctrl Pts',(1.99,1.97923990136015,2.82428487833799));
#2828=CARTESIAN_POINT('Ctrl Pts',(1.99028958937353,1.97830125274187,2.82316666362633));
#2829=CARTESIAN_POINT('Ctrl Pts',(1.99123618706112,1.97682874881688,2.82141238469928));
#2830=CARTESIAN_POINT('Ctrl Pts',(1.99205986794026,1.97603396739974,2.82046546762995));
#2831=CARTESIAN_POINT('Ctrl Pts',(1.9938065024886,1.97490849191546,2.81912451170762));
#2832=CARTESIAN_POINT('Ctrl Pts',(1.99503768558825,1.97437812200437,2.81849257244552));
#2833=CARTESIAN_POINT('Ctrl Pts',(1.99731677569621,1.97376989375489,2.81776785405235));
#2834=CARTESIAN_POINT('Ctrl Pts',(1.9987673627819,1.97358388294243,2.81754621204158));
#2835=CARTESIAN_POINT('Ctrl Pts',(2.,1.97358388294243,2.81754621204158));
#2836=CARTESIAN_POINT('Ctrl Pts',(2.,1.97358388294243,2.81754621204158));
#2837=CARTESIAN_POINT('Ctrl Pts',(2.00123382210307,1.97358388294243,2.81754621204158));
#2838=CARTESIAN_POINT('Ctrl Pts',(2.00268574933969,1.9737702472766,2.81776827529518));
#2839=CARTESIAN_POINT('Ctrl Pts',(2.00496667970636,1.97437960892231,2.81849434413015));
#2840=CARTESIAN_POINT('Ctrl Pts',(2.00619858681176,1.97491093432247,2.81912742182202));
#2841=CARTESIAN_POINT('Ctrl Pts',(2.00794391907558,1.97603725003945,2.82046937866337));
#2842=CARTESIAN_POINT('Ctrl Pts',(2.00876612176834,1.97683156613932,2.82141574121575));
#2843=CARTESIAN_POINT('Ctrl Pts',(2.00971095971304,1.97830288497,2.82316860811594));
#2844=CARTESIAN_POINT('Ctrl Pts',(2.01,1.97924066699367,2.82428579039155));
#2845=CARTESIAN_POINT('Ctrl Pts',(2.01,1.98083483938925,2.82618483290786));
#2846=CARTESIAN_POINT('Ctrl Pts',(2.00971041300449,1.98177354085188,2.82730299342115));
#2847=CARTESIAN_POINT('Ctrl Pts',(2.0087638179912,1.98324620045779,2.8290571124823));
#2848=CARTESIAN_POINT('Ctrl Pts',(2.00794014165766,1.98404110885063,2.83000389842962));
#2849=CARTESIAN_POINT('Ctrl Pts',(2.00619351330781,1.98516680766069,2.83134463296524));
#2850=CARTESIAN_POINT('Ctrl Pts',(2.00496233173975,1.98569730727563,2.83197644483899));
#2851=CARTESIAN_POINT('Ctrl Pts',(2.00268323852715,1.98630569746073,2.8327010121366));
#2852=CARTESIAN_POINT('Ctrl Pts',(2.00123264327034,1.98649176321659,2.83292260301489));
#2853=CARTESIAN_POINT('Ctrl Pts',(2.,1.98649176321659,2.83292260301489));
#2854=CARTESIAN_POINT('Origin',(2.,3.45,0.));
#2855=CARTESIAN_POINT('',(2.,3.45,0.6));
#2856=CARTESIAN_POINT('',(2.,3.45,-0.6));
#2857=CARTESIAN_POINT('Origin',(2.,3.45,0.));
#2858=CARTESIAN_POINT('',(2.,3.40784057971015,-0.598516986626799));
#2859=CARTESIAN_POINT('',(2.,3.38784057971015,-0.596771485972));
#2860=CARTESIAN_POINT('Ctrl Pts',(2.,3.40784057971015,-0.598516986626799));
#2861=CARTESIAN_POINT('Ctrl Pts',(2.00123382471718,3.40784057971015,-0.598516986626799));
#2862=CARTESIAN_POINT('Ctrl Pts',(2.00268575623959,3.40755177668656,-0.59849181897031));
#2863=CARTESIAN_POINT('Ctrl Pts',(2.00496668435879,3.40660748216516,-0.598409516695138));
#2864=CARTESIAN_POINT('Ctrl Pts',(2.00619858782269,3.40578412751119,-0.598337749400727));
#2865=CARTESIAN_POINT('Ctrl Pts',(2.00794391767138,3.4040387976625,-0.598185582889281));
#2866=CARTESIAN_POINT('Ctrl Pts',(2.0087661201104,3.4028079528258,-0.598078251858892));
#2867=CARTESIAN_POINT('Ctrl Pts',(2.00971096049126,3.40052810686506,-0.597879389590879));
#2868=CARTESIAN_POINT('Ctrl Pts',(2.01,3.39907502473126,-0.597752609660098));
#2869=CARTESIAN_POINT('Ctrl Pts',(2.01,3.39660494532218,-0.597537033628661));
#2870=CARTESIAN_POINT('Ctrl Pts',(2.00971041062647,3.3951505233136,-0.597410061226359));
#2871=CARTESIAN_POINT('Ctrl Pts',(2.00876381293888,3.3928688432775,-0.597210816211641));
#2872=CARTESIAN_POINT('Ctrl Pts',(2.00794013205974,3.39163727646694,-0.597103240060317));
#2873=CARTESIAN_POINT('Ctrl Pts',(2.0061934975114,3.38989324609399,-0.596950872381354));
#2874=CARTESIAN_POINT('Ctrl Pts',(2.00496231441175,3.3890713693958,-0.596879052004488));
#2875=CARTESIAN_POINT('Ctrl Pts',(2.00268322430379,3.38812883378582,-0.596796681033955));
#2876=CARTESIAN_POINT('Ctrl Pts',(2.0012326372181,3.38784057971015,-0.596771485972));
#2877=CARTESIAN_POINT('Ctrl Pts',(2.,3.38784057971015,-0.596771485972));
#2878=CARTESIAN_POINT('Ctrl Pts',(2.,3.38784057971015,-0.596771485972));
#2879=CARTESIAN_POINT('Ctrl Pts',(1.9987673627819,3.38784057971015,-0.596771485972));
#2880=CARTESIAN_POINT('Ctrl Pts',(1.99731677569621,3.38812883378582,-0.596796681033954));
#2881=CARTESIAN_POINT('Ctrl Pts',(1.99503768558825,3.3890713693958,-0.596879052004488));
#2882=CARTESIAN_POINT('Ctrl Pts',(1.9938065024886,3.38989324609399,-0.596950872381354));
#2883=CARTESIAN_POINT('Ctrl Pts',(1.99205986794026,3.39163727646694,-0.597103240060317));
#2884=CARTESIAN_POINT('Ctrl Pts',(1.99123618706112,3.3928688432775,-0.597210816211641));
#2885=CARTESIAN_POINT('Ctrl Pts',(1.99028958937353,3.3951505233136,-0.597410061226359));
#2886=CARTESIAN_POINT('Ctrl Pts',(1.99,3.39660494532218,-0.597537033628661));
#2887=CARTESIAN_POINT('Ctrl Pts',(1.99,3.39907620757842,-0.597752712893013));
#2888=CARTESIAN_POINT('Ctrl Pts',(1.99028958699551,3.40053062862956,-0.597879609604684));
#2889=CARTESIAN_POINT('Ctrl Pts',(1.9912361820088,3.40281230570643,-0.598078631494109));
#2890=CARTESIAN_POINT('Ctrl Pts',(1.99205985834234,3.4040438695851,-0.598186025142796));
#2891=CARTESIAN_POINT('Ctrl Pts',(1.99380648669219,3.40578790132919,-0.598338078362532));
#2892=CARTESIAN_POINT('Ctrl Pts',(1.99503766826026,3.40660977966469,-0.59840971694776));
#2893=CARTESIAN_POINT('Ctrl Pts',(1.99731676147285,3.40755232293974,-0.598491866571824));
#2894=CARTESIAN_POINT('Ctrl Pts',(1.99876735672967,3.40784057971015,-0.598516986626799));
#2895=CARTESIAN_POINT('Ctrl Pts',(2.,3.40784057971015,-0.598516986626799));
#2896=CARTESIAN_POINT('',(2.,3.40784057971015,0.598516986626799));
#2897=CARTESIAN_POINT('',(2.,3.38784057971015,0.596771485972));
#2898=CARTESIAN_POINT('Ctrl Pts',(2.,3.40784057971015,0.598516986626799));
#2899=CARTESIAN_POINT('Ctrl Pts',(1.99876735672967,3.40784057971015,0.598516986626799));
#2900=CARTESIAN_POINT('Ctrl Pts',(1.99731676147285,3.40755232293974,0.598491866571824));
#2901=CARTESIAN_POINT('Ctrl Pts',(1.99503766826026,3.40660977966469,0.59840971694776));
#2902=CARTESIAN_POINT('Ctrl Pts',(1.99380648669219,3.40578790132919,0.598338078362532));
#2903=CARTESIAN_POINT('Ctrl Pts',(1.99205985834234,3.4040438695851,0.598186025142796));
#2904=CARTESIAN_POINT('Ctrl Pts',(1.9912361820088,3.40281230570643,0.598078631494109));
#2905=CARTESIAN_POINT('Ctrl Pts',(1.99028958699551,3.40053062862956,0.597879609604684));
#2906=CARTESIAN_POINT('Ctrl Pts',(1.99,3.39907620757842,0.597752712893013));
#2907=CARTESIAN_POINT('Ctrl Pts',(1.99,3.39660494532218,0.597537033628661));
#2908=CARTESIAN_POINT('Ctrl Pts',(1.99028958937353,3.3951505233136,0.597410061226359));
#2909=CARTESIAN_POINT('Ctrl Pts',(1.99123618706112,3.3928688432775,0.597210816211641));
#2910=CARTESIAN_POINT('Ctrl Pts',(1.99205986794026,3.39163727646694,0.597103240060317));
#2911=CARTESIAN_POINT('Ctrl Pts',(1.9938065024886,3.38989324609399,0.596950872381354));
#2912=CARTESIAN_POINT('Ctrl Pts',(1.99503768558825,3.3890713693958,0.596879052004488));
#2913=CARTESIAN_POINT('Ctrl Pts',(1.99731677569621,3.38812883378582,0.596796681033954));
#2914=CARTESIAN_POINT('Ctrl Pts',(1.9987673627819,3.38784057971015,0.596771485972));
#2915=CARTESIAN_POINT('Ctrl Pts',(2.,3.38784057971015,0.596771485972));
#2916=CARTESIAN_POINT('Ctrl Pts',(2.,3.38784057971015,0.596771485972));
#2917=CARTESIAN_POINT('Ctrl Pts',(2.0012326372181,3.38784057971015,0.596771485972));
#2918=CARTESIAN_POINT('Ctrl Pts',(2.00268322430379,3.38812883378582,0.596796681033955));
#2919=CARTESIAN_POINT('Ctrl Pts',(2.00496231441175,3.3890713693958,0.596879052004488));
#2920=CARTESIAN_POINT('Ctrl Pts',(2.0061934975114,3.38989324609399,0.596950872381354));
#2921=CARTESIAN_POINT('Ctrl Pts',(2.00794013205974,3.39163727646694,0.597103240060317));
#2922=CARTESIAN_POINT('Ctrl Pts',(2.00876381293888,3.3928688432775,0.597210816211641));
#2923=CARTESIAN_POINT('Ctrl Pts',(2.00971041062647,3.3951505233136,0.597410061226359));
#2924=CARTESIAN_POINT('Ctrl Pts',(2.01,3.39660494532218,0.597537033628661));
#2925=CARTESIAN_POINT('Ctrl Pts',(2.01,3.39907502473126,0.597752609660098));
#2926=CARTESIAN_POINT('Ctrl Pts',(2.00971096049126,3.40052810686506,0.597879389590879));
#2927=CARTESIAN_POINT('Ctrl Pts',(2.0087661201104,3.4028079528258,0.598078251858892));
#2928=CARTESIAN_POINT('Ctrl Pts',(2.00794391767138,3.4040387976625,0.598185582889281));
#2929=CARTESIAN_POINT('Ctrl Pts',(2.00619858782269,3.40578412751119,0.598337749400727));
#2930=CARTESIAN_POINT('Ctrl Pts',(2.00496668435879,3.40660748216516,0.598409516695138));
#2931=CARTESIAN_POINT('Ctrl Pts',(2.00268575623959,3.40755177668656,0.59849181897031));
#2932=CARTESIAN_POINT('Ctrl Pts',(2.00123382471718,3.40784057971015,0.598516986626799));
#2933=CARTESIAN_POINT('Ctrl Pts',(2.,3.40784057971015,0.598516986626799));
#2934=CARTESIAN_POINT('Origin',(2.,0.,0.));
#2935=CARTESIAN_POINT('Origin',(2.,0.,4.09774491877792E-33));
#2936=CARTESIAN_POINT('Origin',(2.,0.,0.));
#2937=CARTESIAN_POINT('Origin',(2.,0.,4.09774491877792E-33));
#2938=CARTESIAN_POINT('Origin',(2.,0.,0.));
#2939=CARTESIAN_POINT('Origin',(2.,0.,4.09774491877792E-33));
#2940=CARTESIAN_POINT('Origin',(2.,0.,0.));
#2941=CARTESIAN_POINT('Origin',(2.,0.,4.09774491877792E-33));
#2942=CARTESIAN_POINT('Origin',(2.,0.,0.));
#2943=CARTESIAN_POINT('Origin',(2.,0.,4.09774491877792E-33));
#2944=CARTESIAN_POINT('Origin',(2.,0.,0.));
#2945=CARTESIAN_POINT('Origin',(2.,0.,4.09774491877792E-33));
#2946=CARTESIAN_POINT('Origin',(2.,0.,0.));
#2947=CARTESIAN_POINT('Origin',(2.,0.,4.09774491877792E-33));
#2948=CARTESIAN_POINT('Origin',(2.,0.,0.));
#2949=CARTESIAN_POINT('Origin',(2.,0.,4.09774491877792E-33));
#2950=CARTESIAN_POINT('',(0.,0.,0.));
#2951=CARTESIAN_POINT('',(0.,0.,0.));
#2952=CARTESIAN_POINT('',(0.,0.,0.));
#2953=CARTESIAN_POINT('',(0.,0.,0.));
#2954=CARTESIAN_POINT('',(0.,0.,0.));
#2955=UNCERTAINTY_MEASURE_WITH_UNIT(LENGTH_MEASURE(0.01),#2969,
'DISTANCE_ACCURACY_VALUE',
'Maximum model space distance between geometric entities at asserted c
onnectivities');
#2956=UNCERTAINTY_MEASURE_WITH_UNIT(LENGTH_MEASURE(0.01),#2969,
'DISTANCE_ACCURACY_VALUE',
'Maximum model space distance between geometric entities at asserted c
onnectivities');
#2957=UNCERTAINTY_MEASURE_WITH_UNIT(LENGTH_MEASURE(0.01),#2969,
'DISTANCE_ACCURACY_VALUE',
'Maximum model space distance between geometric entities at asserted c
onnectivities');
#2958=UNCERTAINTY_MEASURE_WITH_UNIT(LENGTH_MEASURE(0.01),#2969,
'DISTANCE_ACCURACY_VALUE',
'Maximum model space distance between geometric entities at asserted c
onnectivities');
#2959=UNCERTAINTY_MEASURE_WITH_UNIT(LENGTH_MEASURE(0.01),#2969,
'DISTANCE_ACCURACY_VALUE',
'Maximum model space distance between geometric entities at asserted c
onnectivities');
#2960=UNCERTAINTY_MEASURE_WITH_UNIT(LENGTH_MEASURE(0.01),#2969,
'DISTANCE_ACCURACY_VALUE',
'Maximum model space distance between geometric entities at asserted c
onnectivities');
#2961=UNCERTAINTY_MEASURE_WITH_UNIT(LENGTH_MEASURE(0.01),#2969,
'DISTANCE_ACCURACY_VALUE',
'Maximum model space distance between geometric entities at asserted c
onnectivities');
#2962=(
GEOMETRIC_REPRESENTATION_CONTEXT(3)
GLOBAL_UNCERTAINTY_ASSIGNED_CONTEXT((#2955))
GLOBAL_UNIT_ASSIGNED_CONTEXT((#2969,#2972,#2971))
REPRESENTATION_CONTEXT('','3D')
);
#2963=(
GEOMETRIC_REPRESENTATION_CONTEXT(3)
GLOBAL_UNCERTAINTY_ASSIGNED_CONTEXT((#2956))
GLOBAL_UNIT_ASSIGNED_CONTEXT((#2969,#2972,#2971))
REPRESENTATION_CONTEXT('','3D')
);
#2964=(
GEOMETRIC_REPRESENTATION_CONTEXT(3)
GLOBAL_UNCERTAINTY_ASSIGNED_CONTEXT((#2957))
GLOBAL_UNIT_ASSIGNED_CONTEXT((#2969,#2972,#2971))
REPRESENTATION_CONTEXT('','3D')
);
#2965=(
GEOMETRIC_REPRESENTATION_CONTEXT(3)
GLOBAL_UNCERTAINTY_ASSIGNED_CONTEXT((#2958))
GLOBAL_UNIT_ASSIGNED_CONTEXT((#2969,#2972,#2971))
REPRESENTATION_CONTEXT('','3D')
);
#2966=(
GEOMETRIC_REPRESENTATION_CONTEXT(3)
GLOBAL_UNCERTAINTY_ASSIGNED_CONTEXT((#2959))
GLOBAL_UNIT_ASSIGNED_CONTEXT((#2969,#2972,#2971))
REPRESENTATION_CONTEXT('','3D')
);
#2967=(
GEOMETRIC_REPRESENTATION_CONTEXT(3)
GLOBAL_UNCERTAINTY_ASSIGNED_CONTEXT((#2960))
GLOBAL_UNIT_ASSIGNED_CONTEXT((#2969,#2972,#2971))
REPRESENTATION_CONTEXT('','3D')
);
#2968=(
GEOMETRIC_REPRESENTATION_CONTEXT(3)
GLOBAL_UNCERTAINTY_ASSIGNED_CONTEXT((#2961))
GLOBAL_UNIT_ASSIGNED_CONTEXT((#2969,#2972,#2971))
REPRESENTATION_CONTEXT('','3D')
);
#2969=(
LENGTH_UNIT()
NAMED_UNIT(*)
SI_UNIT(.MILLI.,.METRE.)
);
#2970=(
LENGTH_UNIT()
NAMED_UNIT(*)
SI_UNIT(.CENTI.,.METRE.)
);
#2971=(
NAMED_UNIT(*)
SI_UNIT($,.STERADIAN.)
SOLID_ANGLE_UNIT()
);
#2972=(
NAMED_UNIT(*)
PLANE_ANGLE_UNIT()
SI_UNIT($,.RADIAN.)
);
#2973=SHAPE_DEFINITION_REPRESENTATION(#2979,#2990);
#2974=SHAPE_DEFINITION_REPRESENTATION(#2980,#2991);
#2975=SHAPE_DEFINITION_REPRESENTATION(#2981,#2992);
#2976=SHAPE_DEFINITION_REPRESENTATION(#2982,#2993);
#2977=SHAPE_DEFINITION_REPRESENTATION(#2983,#2994);
#2978=SHAPE_DEFINITION_REPRESENTATION(#2984,#2995);
#2979=PRODUCT_DEFINITION_SHAPE('',$,#2997);
#2980=PRODUCT_DEFINITION_SHAPE('',$,#2998);
#2981=PRODUCT_DEFINITION_SHAPE('',$,#2999);
#2982=PRODUCT_DEFINITION_SHAPE('',$,#3000);
#2983=PRODUCT_DEFINITION_SHAPE('',$,#3001);
#2984=PRODUCT_DEFINITION_SHAPE('',$,#3002);
#2985=PRODUCT_DEFINITION_SHAPE($,$,#26);
#2986=PRODUCT_DEFINITION_SHAPE($,$,#27);
#2987=PRODUCT_DEFINITION_SHAPE($,$,#28);
#2988=PRODUCT_DEFINITION_SHAPE($,$,#29);
#2989=PRODUCT_DEFINITION_SHAPE($,$,#30);
#2990=SHAPE_REPRESENTATION('',(#1375,#1571,#1572,#1573,#1574,#1575),#2962);
#2991=SHAPE_REPRESENTATION('',(#1376),#2963);
#2992=SHAPE_REPRESENTATION('',(#1432),#2964);
#2993=SHAPE_REPRESENTATION('',(#1464),#2965);
#2994=SHAPE_REPRESENTATION('',(#1501),#2966);
#2995=SHAPE_REPRESENTATION('',(#1538),#2967);
#2996=PRODUCT_DEFINITION_CONTEXT('part definition',#3016,'design');
#2997=PRODUCT_DEFINITION('A110','A110',#3003,#2996);
#2998=PRODUCT_DEFINITION('roulement_wbb1-8705-2z_2_01',
'roulement_wbb1-8705-2z_2_01',#3004,#2996);
#2999=PRODUCT_DEFINITION('roulement_wbb1-8705-2z_2_02',
'roulement_wbb1-8705-2z_2_02',#3005,#2996);
#3000=PRODUCT_DEFINITION('roulement_wbb1-8705-2z_2_03',
'roulement_wbb1-8705-2z_2_03',#3006,#2996);
#3001=PRODUCT_DEFINITION('roulement_wbb1-8705-2z_2_04',
'roulement_wbb1-8705-2z_2_04',#3007,#2996);
#3002=PRODUCT_DEFINITION('roulement_wbb1-8705-2z_2_05',
'roulement_wbb1-8705-2z_2_05',#3008,#2996);
#3003=PRODUCT_DEFINITION_FORMATION('',$,#3018);
#3004=PRODUCT_DEFINITION_FORMATION('',$,#3019);
#3005=PRODUCT_DEFINITION_FORMATION('',$,#3020);
#3006=PRODUCT_DEFINITION_FORMATION('',$,#3021);
#3007=PRODUCT_DEFINITION_FORMATION('',$,#3022);
#3008=PRODUCT_DEFINITION_FORMATION('',$,#3023);
#3009=PRODUCT_RELATED_PRODUCT_CATEGORY('A110','A110',(#3018));
#3010=PRODUCT_RELATED_PRODUCT_CATEGORY('roulement_wbb1-8705-2z_2_01',
'roulement_wbb1-8705-2z_2_01',(#3019));
#3011=PRODUCT_RELATED_PRODUCT_CATEGORY('roulement_wbb1-8705-2z_2_02',
'roulement_wbb1-8705-2z_2_02',(#3020));
#3012=PRODUCT_RELATED_PRODUCT_CATEGORY('roulement_wbb1-8705-2z_2_03',
'roulement_wbb1-8705-2z_2_03',(#3021));
#3013=PRODUCT_RELATED_PRODUCT_CATEGORY('roulement_wbb1-8705-2z_2_04',
'roulement_wbb1-8705-2z_2_04',(#3022));
#3014=PRODUCT_RELATED_PRODUCT_CATEGORY('roulement_wbb1-8705-2z_2_05',
'roulement_wbb1-8705-2z_2_05',(#3023));
#3015=APPLICATION_PROTOCOL_DEFINITION('international standard',
'ap242_managed_model_based_3d_engineering',2011,#3016);
#3016=APPLICATION_CONTEXT('Managed model based 3d engineering');
#3017=PRODUCT_CONTEXT('part definition',#3016,'mechanical');
#3018=PRODUCT('A110','A110',$,(#3017));
#3019=PRODUCT('roulement_wbb1-8705-2z_2_01',
'roulement_wbb1-8705-2z_2_01',$,(#3017));
#3020=PRODUCT('roulement_wbb1-8705-2z_2_02',
'roulement_wbb1-8705-2z_2_02',$,(#3017));
#3021=PRODUCT('roulement_wbb1-8705-2z_2_03',
'roulement_wbb1-8705-2z_2_03',$,(#3017));
#3022=PRODUCT('roulement_wbb1-8705-2z_2_04',
'roulement_wbb1-8705-2z_2_04',$,(#3017));
#3023=PRODUCT('roulement_wbb1-8705-2z_2_05',
'roulement_wbb1-8705-2z_2_05',$,(#3017));
ENDSEC;
END-ISO-10303-21;
