ISO-10303-21;
HEADER;
FILE_DESCRIPTION (( 'STEP AP214' ),
    '1' );
FILE_NAME ('A312 Колесо с тормозом O35 М10х20.STEP',
    '2019-05-24T12:33:19',
    ( 'Пользователь Windows' ),
    ( '' ),
    'SwSTEP 2.0',
    'SolidWorks 2018',
    '' );
FILE_SCHEMA (( 'AUTOMOTIVE_DESIGN' ));
ENDSEC;

DATA;
#1 = CARTESIAN_POINT ( 'NONE',  ( 2.480228988863465212, 21.45055613879291556, 24.99999999999999289 ) ) ;
#2 = VECTOR ( 'NONE', #2632, 1000.000000000000000 ) ;
#3 = ORIENTED_EDGE ( 'NONE', *, *, #6562, .T. ) ;
#4 = EDGE_CURVE ( 'NONE', #2165, #5810, #9514, .T. ) ;
#5 = ORIENTED_EDGE ( 'NONE', *, *, #2572, .T. ) ;
#6 = CARTESIAN_POINT ( 'NONE',  ( -18.69385674190661462, 0.06106891052306556017, -10.10645224680603604 ) ) ;
#7 = DIRECTION ( 'NONE',  ( 1.000000000000000000, 0.0000000000000000000, 1.347358039593636966E-16 ) ) ;
#8 = PLANE ( 'NONE',  #296 ) ;
#9 = CARTESIAN_POINT ( 'NONE',  ( 11.74541948957021553, 0.0000000000000000000, -16.21756610830467338 ) ) ;
#10 = VERTEX_POINT ( 'NONE', #7067 ) ;
#11 = PRODUCT_CONTEXT ( 'NONE', #6349, 'mechanical' ) ;
#12 = EDGE_CURVE ( 'NONE', #3875, #7631, #8996, .T. ) ;
#13 = ORIENTED_EDGE ( 'NONE', *, *, #3883, .T. ) ;
#14 = STYLED_ITEM ( 'NONE', ( #3678 ), #8065 ) ;
#15 = CARTESIAN_POINT ( 'NONE',  ( 34.48061228278506718, 20.11813772300484970, 28.00000000000000000 ) ) ;
#16 = ORIENTED_EDGE ( 'NONE', *, *, #822, .F. ) ;
#17 = CYLINDRICAL_SURFACE ( 'NONE', #9607, 2.849999999999998312 ) ;
#18 = CARTESIAN_POINT ( 'NONE',  ( -46.30940107675852602, -10.00000000000000178, -20.00000000000000355 ) ) ;
#19 = CARTESIAN_POINT ( 'NONE',  ( 26.00299169246556019, 1.000000000000000000, 26.50000000000000000 ) ) ;
#20 = CARTESIAN_POINT ( 'NONE',  ( -46.30940107675852602, -10.00000000000000178, -14.00000000000000178 ) ) ;
#21 = DIRECTION ( 'NONE',  ( 1.000000000000000000, 0.0000000000000000000, 0.0000000000000000000 ) ) ;
#22 = CIRCLE ( 'NONE', #1051, 13.00000000000000000 ) ;
#23 = ORIENTED_EDGE ( 'NONE', *, *, #9522, .F. ) ;
#24 = ADVANCED_FACE ( 'NONE', ( #4713 ), #5106, .T. ) ;
#25 = VECTOR ( 'NONE', #7444, 1000.000000000000000 ) ;
#26 = ADVANCED_FACE ( 'NONE', ( #170 ), #2759, .F. ) ;
#27 = VERTEX_POINT ( 'NONE', #7892 ) ;
#28 = EDGE_CURVE ( 'NONE', #731, #8059, #10537, .T. ) ;
#29 = CARTESIAN_POINT ( 'NONE',  ( 0.0000000000000000000, 0.0000000000000000000, 0.0000000000000000000 ) ) ;
#30 = VECTOR ( 'NONE', #5880, 1000.000000000000000 ) ;
#31 = CARTESIAN_POINT ( 'NONE',  ( -31.74999999999995737, 0.0000000000000000000, 0.0000000000000000000 ) ) ;
#32 = AXIS2_PLACEMENT_3D ( 'NONE', #5351, #385, #9449 ) ;
#33 = CARTESIAN_POINT ( 'NONE',  ( 0.0000000000000000000, 132.7585063021263352, 0.0000000000000000000 ) ) ;
#34 = VERTEX_POINT ( 'NONE', #3053 ) ;
#35 = DIRECTION ( 'NONE',  ( 0.0000000000000000000, 0.0000000000000000000, 1.000000000000000000 ) ) ;
#36 = CARTESIAN_POINT ( 'NONE',  ( -9.977753031397176287, -5.000000000000000888, -17.33333333333333215 ) ) ;
#37 = ORIENTED_EDGE ( 'NONE', *, *, #7748, .F. ) ;
#38 = VERTEX_POINT ( 'NONE', #8851 ) ;
#39 = EDGE_LOOP ( 'NONE', ( #4653, #3102, #1024 ) ) ;
#40 = FACE_OUTER_BOUND ( 'NONE', #663, .T. ) ;
#41 = CARTESIAN_POINT ( 'NONE',  ( 3.101173193528902861, 0.0000000000000000000, -19.99597603092394138 ) ) ;
#42 = CARTESIAN_POINT ( 'NONE',  ( -49.22070958161015852, -6.246763691215470260, -16.00000000000000000 ) ) ;
#43 = DIRECTION ( 'NONE',  ( 0.0000000000000000000, 0.0000000000000000000, -1.000000000000000000 ) ) ;
#44 = ORIENTED_EDGE ( 'NONE', *, *, #10561, .T. ) ;
#45 = CARTESIAN_POINT ( 'NONE',  ( -1.443735181952769286, 4.939961795957295010, -0.08165819712377016260 ) ) ;
#46 = PRODUCT_DEFINITION ( 'UNKNOWN', '', #6363, #7542 ) ;
#47 = ORIENTED_EDGE ( 'NONE', *, *, #1844, .T. ) ;
#48 = EDGE_CURVE ( 'NONE', #4137, #3682, #573, .T. ) ;
#49 = DIRECTION ( 'NONE',  ( 0.0000000000000000000, 0.0000000000000000000, -1.000000000000000000 ) ) ;
#50 = AXIS2_PLACEMENT_3D ( 'NONE', #694, #1618, #4119 ) ;
#51 = FACE_OUTER_BOUND ( 'NONE', #10733, .T. ) ;
#52 = FACE_OUTER_BOUND ( 'NONE', #4687, .T. ) ;
#53 = CARTESIAN_POINT ( 'NONE',  ( -30.86602540378445525, -1.500000000000011768, -13.99999999999999822 ) ) ;
#54 = CARTESIAN_POINT ( 'NONE',  ( 39.26439155837419293, 21.05655294009385514, 27.00000000000000000 ) ) ;
#55 = DIRECTION ( 'NONE',  ( -1.000000000000000000, 0.0000000000000000000, 0.0000000000000000000 ) ) ;
#56 = DIRECTION ( 'NONE',  ( 0.0000000000000000000, -0.4999999999999982236, 0.8660254037844395958 ) ) ;
#57 = DIRECTION ( 'NONE',  ( 0.0000000000000000000, 0.0000000000000000000, 1.000000000000000000 ) ) ;
#58 = DIRECTION ( 'NONE',  ( 0.0000000000000000000, -1.000000000000000000, 0.0000000000000000000 ) ) ;
#59 = EDGE_LOOP ( 'NONE', ( #7784, #5181, #8723, #2832, #9350, #5701 ) ) ;
#60 = EDGE_CURVE ( 'NONE', #262, #1843, #1199, .T. ) ;
#61 = LINE ( 'NONE', #8260, #4579 ) ;
#62 = VECTOR ( 'NONE', #4432, 1000.000000000000000 ) ;
#63 = AXIS2_PLACEMENT_3D ( 'NONE', #9141, #4170, #9770 ) ;
#64 = CARTESIAN_POINT ( 'NONE',  ( 39.32547229361256313, 22.05468576882094567, 3.314579963387052519 ) ) ;
#65 = CARTESIAN_POINT ( 'NONE',  ( -2.456427564297940958, -27.95933239334472376, 18.00000000000000711 ) ) ;
#66 = CARTESIAN_POINT ( 'NONE',  ( -46.30940107675852602, -10.00000000000000178, -17.00000000000000000 ) ) ;
#67 = CARTESIAN_POINT ( 'NONE',  ( -0.0000000000000000000, -2.316617955123385197, -4.012499999999997513 ) ) ;
#68 = CARTESIAN_POINT ( 'NONE',  ( 0.0000000000000000000, 0.0000000000000000000, 11.50000000000000000 ) ) ;
#69 = VECTOR ( 'NONE', #6240, 1000.000000000000000 ) ;
#70 = ADVANCED_FACE ( 'NONE', ( #2873 ), #6539, .F. ) ;
#71 = EDGE_CURVE ( 'NONE', #8401, #3727, #8860, .T. ) ;
#72 = ADVANCED_FACE ( 'NONE', ( #8707 ), #8581, .T. ) ;
#74 = FACE_OUTER_BOUND ( 'NONE', #10047, .T. ) ;
#73 = AXIS2_PLACEMENT_3D ( 'NONE', #4274, #6008, #5974 ) ;
#75 = DIRECTION ( 'NONE',  ( 0.0000000000000000000, -1.000000000000000000, 0.0000000000000000000 ) ) ;
#76 = FACE_OUTER_BOUND ( 'NONE', #7651, .T. ) ;
#77 = CARTESIAN_POINT ( 'NONE',  ( 0.0000000000000000000, 7.119265967618437330, 0.0000000000000000000 ) ) ;
#78 = CARTESIAN_POINT ( 'NONE',  ( 10.00000000000000000, 0.0000000000000000000, 0.0000000000000000000 ) ) ;
#79 = CARTESIAN_POINT ( 'NONE',  ( -10.60627594189017309, -34.43529242890430453, 14.54983511888436709 ) ) ;
#80 = ORIENTED_EDGE ( 'NONE', *, *, #9522, .T. ) ;
#81 = PRODUCT_DEFINITION_CONTEXT ( 'detailed design', #1379, 'design' ) ;
#82 = CARTESIAN_POINT ( 'NONE',  ( -30.00000000000000355, -2.000000000000000000, 13.99999999999999822 ) ) ;
#83 = CIRCLE ( 'NONE', #5325, 8.000000000000000000 ) ;
#84 = CYLINDRICAL_SURFACE ( 'NONE', #3679, 5.000000000000000000 ) ;
#85 = LINE ( 'NONE', #9051, #8614 ) ;
#86 = EDGE_CURVE ( 'NONE', #6727, #5827, #6666, .T. ) ;
#87 = CARTESIAN_POINT ( 'NONE',  ( -18.06039371099786095, -25.00000000000000000, -16.00000000000000000 ) ) ;
#88 = DIRECTION ( 'NONE',  ( 0.0000000000000000000, 0.0000000000000000000, -1.000000000000000000 ) ) ;
#89 = CARTESIAN_POINT ( 'NONE',  ( 36.60402920347198830, 20.72999999999999687, 28.00000000000000000 ) ) ;
#90 = CARTESIAN_POINT ( 'NONE',  ( 5.000000000000000000, 3.474926932685064696, 2.006249999999993427 ) ) ;
#91 = ORIENTED_EDGE ( 'NONE', *, *, #7288, .F. ) ;
#92 =( LENGTH_UNIT ( ) NAMED_UNIT ( * ) SI_UNIT ( .MILLI., .METRE. ) );
#93 = CARTESIAN_POINT ( 'NONE',  ( -16.93246895830160170, -2.972516301894199575, -15.57573200547113856 ) ) ;
#94 = AXIS2_PLACEMENT_3D ( 'NONE', #3914, #2908, #9728 ) ;
#95 = AXIS2_PLACEMENT_3D ( 'NONE', #2389, #4152, #3312 ) ;
#96 = TOROIDAL_SURFACE ( 'NONE', #9090, 15.77347793950660204, 3.263979491393262933 ) ;
#97 = CARTESIAN_POINT ( 'NONE',  ( 6.171862870446968685, 20.12064925652151715, 27.87754877558452904 ) ) ;
#98 = DIRECTION ( 'NONE',  ( -0.0000000000000000000, 0.0000000000000000000, 1.000000000000000000 ) ) ;
#99 = LINE ( 'NONE', #720, #8122 ) ;
#100 = ORIENTED_EDGE ( 'NONE', *, *, #8387, .T. ) ;
#101 = CARTESIAN_POINT ( 'NONE',  ( -42.76684878504190834, -9.417327053355329269, -16.50000000000000000 ) ) ;
#102 = DIRECTION ( 'NONE',  ( -1.000000000000000000, -0.0000000000000000000, -0.0000000000000000000 ) ) ;
#103 = LINE ( 'NONE', #10497, #5680 ) ;
#104 =( GEOMETRIC_REPRESENTATION_CONTEXT ( 3 ) GLOBAL_UNCERTAINTY_ASSIGNED_CONTEXT ( ( #9235 ) ) GLOBAL_UNIT_ASSIGNED_CONTEXT ( ( #10243, #2756, #6955 ) ) REPRESENTATION_CONTEXT ( 'NONE', 'WORKASPACE' ) );
#105 = LINE ( 'NONE', #9883, #8635 ) ;
#106 = DIRECTION ( 'NONE',  ( 1.000000000000000000, 0.0000000000000000000, 0.0000000000000000000 ) ) ;
#107 = CARTESIAN_POINT ( 'NONE',  ( -0.8192951148925901039, 5.300482436767279815, -5.901655677627839047 ) ) ;
#108 = CARTESIAN_POINT ( 'NONE',  ( -15.72048850252181751, 1.377376531367428214, -10.82541866456027790 ) ) ;
#109 = CYLINDRICAL_SURFACE ( 'NONE', #655, 1.000000000000000888 ) ;
#110 = ORIENTED_EDGE ( 'NONE', *, *, #1855, .F. ) ;
#111 = CARTESIAN_POINT ( 'NONE',  ( -4.336808689942017736E-16, 5.773502691896262640, -0.4465819873852080457 ) ) ;
#112 = ORIENTED_EDGE ( 'NONE', *, *, #10420, .F. ) ;
#113 = ORIENTED_EDGE ( 'NONE', *, *, #1299, .F. ) ;
#114 = ORIENTED_EDGE ( 'NONE', *, *, #5634, .T. ) ;
#115 = ORIENTED_EDGE ( 'NONE', *, *, #4069, .T. ) ;
#116 = CARTESIAN_POINT ( 'NONE',  ( 0.1983443223721562121, 3.359771601077103931, -4.180704885107413560 ) ) ;
#117 = CARTESIAN_POINT ( 'NONE',  ( 6.651350249290356231, -1.200000000000000030E-05, 27.00000000000000000 ) ) ;
#118 = DIRECTION ( 'NONE',  ( -1.000000000000000000, 0.0000000000000000000, 0.0000000000000000000 ) ) ;
#119 = EDGE_CURVE ( 'NONE', #4146, #1965, #2889, .T. ) ;
#120 = ORIENTED_EDGE ( 'NONE', *, *, #6180, .F. ) ;
#121 = CARTESIAN_POINT ( 'NONE',  ( 39.26439155837419293, 21.05655294009385514, 2.000000000000000000 ) ) ;
#122 = AXIS2_PLACEMENT_3D ( 'NONE', #1961, #6129, #8687 ) ;
#123 = CARTESIAN_POINT ( 'NONE',  ( 0.0000000000000000000, -0.9956277796461907581, -17.00000000000000000 ) ) ;
#124 = ORIENTED_EDGE ( 'NONE', *, *, #1950, .F. ) ;
#125 = ADVANCED_FACE ( 'NONE', ( #2261 ), #9746, .T. ) ;
#126 = ADVANCED_FACE ( 'NONE', ( #1981 ), #4314, .F. ) ;
#127 = ORIENTED_EDGE ( 'NONE', *, *, #542, .T. ) ;
#128 = ORIENTED_EDGE ( 'NONE', *, *, #4916, .F. ) ;
#129 = DIRECTION ( 'NONE',  ( -0.0000000000000000000, -1.000000000000000000, -0.0000000000000000000 ) ) ;
#130 = DIRECTION ( 'NONE',  ( -0.0000000000000000000, -0.0000000000000000000, 1.000000000000000000 ) ) ;
#131 = DIRECTION ( 'NONE',  ( 0.0000000000000000000, 1.000000000000000000, 0.0000000000000000000 ) ) ;
#132 = ORIENTED_EDGE ( 'NONE', *, *, #2269, .F. ) ;
#133 = CARTESIAN_POINT ( 'NONE',  ( -5.000000000000000000, -2.886751345948137981, -6.099999999999999645 ) ) ;
#134 = CARTESIAN_POINT ( 'NONE',  ( -46.30940107675852602, -10.00000000000000178, -17.00000000000000000 ) ) ;
#135 = CIRCLE ( 'NONE', #3505, 4.999999999999999112 ) ;
#136 = CARTESIAN_POINT ( 'NONE',  ( 0.04320752586705304404, 0.9836842030353537547, -5.000000000000000000 ) ) ;
#137 = B_SPLINE_CURVE_WITH_KNOTS ( 'NONE', 3,
 ( #10394, #8731, #3714, #2007 ),
 .UNSPECIFIED., .F., .F.,
 ( 4, 4 ),
 ( 2.380735200836964876E-07, 0.002921158011986722466 ),
 .UNSPECIFIED. ) ;
#138 = VERTEX_POINT ( 'NONE', #5707 ) ;
#139 = ORIENTED_EDGE ( 'NONE', *, *, #5656, .T. ) ;
#140 = EDGE_CURVE ( 'NONE', #6047, #5984, #6128, .T. ) ;
#141 = EDGE_CURVE ( 'NONE', #1054, #8808, #6411, .T. ) ;
#142 = AXIS2_PLACEMENT_3D ( 'NONE', #715, #1500, #8930 ) ;
#143 = CIRCLE ( 'NONE', #5900, 5.000000000000000888 ) ;
#144 = ORIENTED_EDGE ( 'NONE', *, *, #5535, .F. ) ;
#145 = DIRECTION ( 'NONE',  ( -1.000000000000000000, -0.0000000000000000000, -0.0000000000000000000 ) ) ;
#146 = VERTEX_POINT ( 'NONE', #4899 ) ;
#147 = CIRCLE ( 'NONE', #4457, 23.00000000000000000 ) ;
#148 = VERTEX_POINT ( 'NONE', #8156 ) ;
#149 = CARTESIAN_POINT ( 'NONE',  ( -18.89640197179878456, -1.088413701850036164, -14.12569039319918573 ) ) ;
#150 = CARTESIAN_POINT ( 'NONE',  ( -10.76798797844580591, -0.3955779046314645830, -16.85466235543811919 ) ) ;
#151 = CARTESIAN_POINT ( 'NONE',  ( -0.4079457818577101880, 5.537975084925941260, -0.3106000600989319294 ) ) ;
#152 = TOROIDAL_SURFACE ( 'NONE', #3833, 15.77347793950660204, 3.263979491393262933 ) ;
#153 = AXIS2_PLACEMENT_3D ( 'NONE', #2012, #7727, #7862 ) ;
#154 = LINE ( 'NONE', #8610, #813 ) ;
#155 = ORIENTED_EDGE ( 'NONE', *, *, #8574, .T. ) ;
#156 = DIRECTION ( 'NONE',  ( -1.000000000000000000, 0.0000000000000000000, 0.0000000000000000000 ) ) ;
#157 = ORIENTED_EDGE ( 'NONE', *, *, #5952, .T. ) ;
#158 = CARTESIAN_POINT ( 'NONE',  ( 4.000000000000000000, 0.0000000000000000000, 0.0000000000000000000 ) ) ;
#159 = CARTESIAN_POINT ( 'NONE',  ( 0.0000000000000000000, 7.722348195210097188, -20.18874136332290803 ) ) ;
#160 = CARTESIAN_POINT ( 'NONE',  ( 0.0000000000000000000, 3.803076006814065657, 0.0000000000000000000 ) ) ;
#161 = FACE_OUTER_BOUND ( 'NONE', #3400, .T. ) ;
#162 = DIRECTION ( 'NONE',  ( 0.0000000000000000000, -0.4265450675242221101, -0.9044663096935986468 ) ) ;
#163 = DIRECTION ( 'NONE',  ( 0.0000000000000000000, 0.0000000000000000000, -1.000000000000000000 ) ) ;
#164 = CARTESIAN_POINT ( 'NONE',  ( 14.20419899880919168, 2.452046392830443899, -14.07979867761707382 ) ) ;
#165 = DIRECTION ( 'NONE',  ( 0.0000000000000000000, 0.0000000000000000000, 1.000000000000000000 ) ) ;
#166 = ORIENTED_EDGE ( 'NONE', *, *, #3722, .F. ) ;
#167 = ORIENTED_EDGE ( 'NONE', *, *, #6806, .F. ) ;
#168 = DIRECTION ( 'NONE',  ( 1.000000000000000000, 0.0000000000000000000, 0.0000000000000000000 ) ) ;
#169 = MECHANICAL_DESIGN_GEOMETRIC_PRESENTATION_REPRESENTATION (  '', ( #1700 ), #2034 ) ;
#170 = FACE_OUTER_BOUND ( 'NONE', #9327, .T. ) ;
#171 = CARTESIAN_POINT ( 'NONE',  ( -12.00000000000000355, -35.00000000000000000, -14.00000000000000000 ) ) ;
#172 = CARTESIAN_POINT ( 'NONE',  ( -45.46956002651344164, -15.36003117112892724, -16.00000000000000000 ) ) ;
#173 = CARTESIAN_POINT ( 'NONE',  ( -48.45181534823213809, -7.663156059625572780, 16.50000000000000000 ) ) ;
#174 = DIRECTION ( 'NONE',  ( -1.000000000000000000, 0.0000000000000000000, 0.0000000000000000000 ) ) ;
#175 = DIRECTION ( 'NONE',  ( 0.0000000000000000000, 0.0000000000000000000, 1.000000000000000000 ) ) ;
#176 = ORIENTED_EDGE ( 'NONE', *, *, #3677, .F. ) ;
#177 = DIRECTION ( 'NONE',  ( 0.0000000000000000000, 0.0000000000000000000, 1.000000000000000000 ) ) ;
#178 = ADVANCED_FACE ( 'NONE', ( #51 ), #8230, .T. ) ;
#179 = CARTESIAN_POINT ( 'NONE',  ( -16.38216236786598401, -3.327566223770357379, -15.71200263610950820 ) ) ;
#180 = DIRECTION ( 'NONE',  ( 1.000000000000000000, 0.0000000000000000000, 0.0000000000000000000 ) ) ;
#181 = CARTESIAN_POINT ( 'NONE',  ( 17.19248235785697787, 0.0000000000000000000, -10.26701154168958752 ) ) ;
#182 = VECTOR ( 'NONE', #288, 1000.000000000000000 ) ;
#183 = EDGE_CURVE ( 'NONE', #2820, #9529, #3018, .T. ) ;
#184 = AXIS2_PLACEMENT_3D ( 'NONE', #7795, #2838, #612 ) ;
#185 = ORIENTED_EDGE ( 'NONE', *, *, #1123, .F. ) ;
#186 = DIRECTION ( 'NONE',  ( 0.0000000000000000000, 0.0000000000000000000, -1.000000000000000000 ) ) ;
#187 = CARTESIAN_POINT ( 'NONE',  ( 4.000000000000000000, 6.123233995736766282E-16, -5.000000000000000000 ) ) ;
#188 = CARTESIAN_POINT ( 'NONE',  ( -46.30940107675852602, -10.00000000000000178, 17.00000000000000000 ) ) ;
#189 = SURFACE_SIDE_STYLE ('',( #9110 ) ) ;
#190 =( NAMED_UNIT ( * ) SI_UNIT ( $, .STERADIAN. ) SOLID_ANGLE_UNIT ( ) );
#191 = DIRECTION ( 'NONE',  ( 0.0000000000000000000, 0.0000000000000000000, -1.000000000000000000 ) ) ;
#192 = FACE_OUTER_BOUND ( 'NONE', #3888, .T. ) ;
#193 = EDGE_CURVE ( 'NONE', #10, #8510, #564, .T. ) ;
#194 = CARTESIAN_POINT ( 'NONE',  ( 43.44550000000000267, 3.673940397442059375E-16, -2.999999999999999112 ) ) ;
#195 = EDGE_CURVE ( 'NONE', #4712, #9254, #10384, .T. ) ;
#196 = VERTEX_POINT ( 'NONE', #9809 ) ;
#197 = AXIS2_PLACEMENT_3D ( 'NONE', #6221, #4511, #8785 ) ;
#198 = DIRECTION ( 'NONE',  ( 0.0000000000000000000, 0.0000000000000000000, -1.000000000000000000 ) ) ;
#199 = CARTESIAN_POINT ( 'NONE',  ( -47.59375280793623375, -7.101215356597956330, -16.50000000000000000 ) ) ;
#200 = PRODUCT ( 'Дно_00', 'Дно_00', '', ( #11 ) ) ;
#201 = VECTOR ( 'NONE', #475, 999.9999999999998863 ) ;
#202 = EDGE_CURVE ( 'NONE', #6739, #4533, #9502, .T. ) ;
#203 = LINE ( 'NONE', #8089, #4347 ) ;
#204 = LINE ( 'NONE', #7939, #8480 ) ;
#205 = EDGE_LOOP ( 'NONE', ( #7528, #3263, #6115, #6786 ) ) ;
#206 = CARTESIAN_POINT ( 'NONE',  ( 2.480228988863465212, 20.91258098738522264, 2.000000000000005329 ) ) ;
#207 = DIRECTION ( 'NONE',  ( 0.0000000000000000000, -1.000000000000000000, 0.0000000000000000000 ) ) ;
#208 = EDGE_CURVE ( 'NONE', #5015, #9997, #4703, .T. ) ;
#209 = AXIS2_PLACEMENT_3D ( 'NONE', #7334, #1467, #7226 ) ;
#210 = CARTESIAN_POINT ( 'NONE',  ( -13.32334447028392610, -1.861881626456466599, -15.19334827381378794 ) ) ;
#211 = DIRECTION ( 'NONE',  ( -1.000000000000000000, -0.0000000000000000000, -0.0000000000000000000 ) ) ;
#212 = FACE_OUTER_BOUND ( 'NONE', #9257, .T. ) ;
#213 = CARTESIAN_POINT ( 'NONE',  ( 43.00000000000000000, 22.03209181533656391, 2.999999999999999112 ) ) ;
#214 = CARTESIAN_POINT ( 'NONE',  ( -43.84160065784930538, -5.431517531462706216, 15.99999999999986500 ) ) ;
#215 = CYLINDRICAL_SURFACE ( 'NONE', #2516, 1.000000000000000888 ) ;
#216 = LINE ( 'NONE', #9594, #7084 ) ;
#217 = ORIENTED_EDGE ( 'NONE', *, *, #511, .F. ) ;
#218 = LINE ( 'NONE', #243, #1895 ) ;
#219 = EDGE_CURVE ( 'NONE', #4302, #5845, #8734, .T. ) ;
#220 = DIRECTION ( 'NONE',  ( -0.0000000000000000000, 0.0000000000000000000, 1.000000000000000000 ) ) ;
#221 = LINE ( 'NONE', #6097, #3856 ) ;
#222 = CARTESIAN_POINT ( 'NONE',  ( -44.72162484987471487, -10.77222073478869291, 17.00000000000000000 ) ) ;
#223 = CARTESIAN_POINT ( 'NONE',  ( 2.887974721806341183, 20.75332061292611741, 26.08325202010476218 ) ) ;
#224 = EDGE_LOOP ( 'NONE', ( #4054, #952 ) ) ;
#225 = CYLINDRICAL_SURFACE ( 'NONE', #4881, 2.500000000000000000 ) ;
#226 = SURFACE_STYLE_USAGE ( .BOTH. , #6895 ) ;
#227 = AXIS2_PLACEMENT_3D ( 'NONE', #7204, #9567, #1248 ) ;
#228 = CARTESIAN_POINT ( 'NONE',  ( 4.138023886105525406, 4.000000000000000000, -4.354715601472606501 ) ) ;
#229 = AXIS2_PLACEMENT_3D ( 'NONE', #755, #6521, #4872 ) ;
#230 = ORIENTED_EDGE ( 'NONE', *, *, #704, .F. ) ;
#231 = ADVANCED_FACE ( 'NONE', ( #7933 ), #3933, .F. ) ;
#232 = DIRECTION ( 'NONE',  ( -0.9306005987039488447, -0.3660362354902201298, -0.0000000000000000000 ) ) ;
#233 = CARTESIAN_POINT ( 'NONE',  ( -27.89727847352801859, -22.73738441881632966, -13.99999999999999822 ) ) ;
#234 = VERTEX_POINT ( 'NONE', #8086 ) ;
#235 = PRESENTATION_STYLE_ASSIGNMENT (( #226 ) ) ;
#236 = VERTEX_POINT ( 'NONE', #2408 ) ;
#237 = CARTESIAN_POINT ( 'NONE',  ( -17.51349452708147325, 1.458079726049741565, -7.275297982623132320 ) ) ;
#238 = ORIENTED_EDGE ( 'NONE', *, *, #4490, .F. ) ;
#239 = EDGE_CURVE ( 'NONE', #2739, #2806, #3151, .T. ) ;
#240 = CARTESIAN_POINT ( 'NONE',  ( -17.50711840748080661, 1.458078897827197684, -7.290568936021362134 ) ) ;
#241 = CARTESIAN_POINT ( 'NONE',  ( 43.44550000000000267, 0.0000000000000000000, 2.999999999999999112 ) ) ;
#242 = CARTESIAN_POINT ( 'NONE',  ( -46.30940107675852602, -10.00000000000000178, 17.00000000000000000 ) ) ;
#243 = CARTESIAN_POINT ( 'NONE',  ( -18.06039371099786095, -35.00000000000000000, 13.99999999999999112 ) ) ;
#244 = ORIENTED_EDGE ( 'NONE', *, *, #7735, .F. ) ;
#245 = ORIENTED_EDGE ( 'NONE', *, *, #219, .T. ) ;
#246 = ORIENTED_EDGE ( 'NONE', *, *, #2289, .T. ) ;
#247 = PRODUCT_RELATED_PRODUCT_CATEGORY ( 'part', '', ( #1662 ) ) ;
#248 = SPHERICAL_SURFACE ( 'NONE', #433, 1.000000000000000000 ) ;
#249 = ORIENTED_EDGE ( 'NONE', *, *, #8600, .T. ) ;
#250 = CARTESIAN_POINT ( 'NONE',  ( 9.915003704982137123, 19.25110051273698986, 1.500000000000000000 ) ) ;
#251 = ORIENTED_EDGE ( 'NONE', *, *, #3323, .F. ) ;
#252 = AXIS2_PLACEMENT_3D ( 'NONE', #9584, #4594, #471 ) ;
#253 = VERTEX_POINT ( 'NONE', #6511 ) ;
#254 = ORIENTED_EDGE ( 'NONE', *, *, #8651, .T. ) ;
#255 = CARTESIAN_POINT ( 'NONE',  ( -10.91030358890337126, -0.004088444636181729798, -16.76590323080885270 ) ) ;
#256 = CARTESIAN_POINT ( 'NONE',  ( -9.977753031397178063, -4.137241701007458694, -17.33333333333332504 ) ) ;
#257 = ORIENTED_EDGE ( 'NONE', *, *, #9365, .T. ) ;
#258 = VECTOR ( 'NONE', #9955, 1000.000000000000000 ) ;
#259 = EDGE_LOOP ( 'NONE', ( #7392, #825, #5451, #5034, #5654, #6156 ) ) ;
#260 = DIRECTION ( 'NONE',  ( -1.000000000000000000, -0.0000000000000000000, -0.0000000000000000000 ) ) ;
#261 = ORIENTED_EDGE ( 'NONE', *, *, #6449, .T. ) ;
#262 = VERTEX_POINT ( 'NONE', #10614 ) ;
#263 = SURFACE_STYLE_USAGE ( .BOTH. , #9290 ) ;
#264 = EDGE_CURVE ( 'NONE', #7142, #5088, #7167, .T. ) ;
#265 = DIRECTION ( 'NONE',  ( 0.0000000000000000000, 0.0000000000000000000, 1.000000000000000000 ) ) ;
#266 = AXIS2_PLACEMENT_3D ( 'NONE', #7047, #2905, #9907 ) ;
#267 =( NAMED_UNIT ( * ) SI_UNIT ( $, .STERADIAN. ) SOLID_ANGLE_UNIT ( ) );
#268 = ORIENTED_EDGE ( 'NONE', *, *, #8522, .F. ) ;
#269 = FACE_OUTER_BOUND ( 'NONE', #1547, .T. ) ;
#270 = ORIENTED_EDGE ( 'NONE', *, *, #2709, .T. ) ;
#271 = DIRECTION ( 'NONE',  ( -0.0000000000000000000, -0.0000000000000000000, -1.000000000000000000 ) ) ;
#272 = FACE_OUTER_BOUND ( 'NONE', #8994, .T. ) ;
#273 = CARTESIAN_POINT ( 'NONE',  ( -7.118449302602197548, -32.31055268242869971, -16.53262470167040021 ) ) ;
#274 = CARTESIAN_POINT ( 'NONE',  ( -10.91263781840602753, 0.0009812571605240624946, 16.76452603390175256 ) ) ;
#275 = CARTESIAN_POINT ( 'NONE',  ( -46.30940107675852602, -10.00000000000000178, 17.00000000000000000 ) ) ;
#276 = EDGE_LOOP ( 'NONE', ( #2551, #6891, #1929, #6604 ) ) ;
#277 = DIRECTION ( 'NONE',  ( 0.0000000000000000000, 0.0000000000000000000, -1.000000000000000000 ) ) ;
#278 = EDGE_CURVE ( 'NONE', #8914, #4990, #1729, .T. ) ;
#279 = ORIENTED_EDGE ( 'NONE', *, *, #1705, .T. ) ;
#280 = MECHANICAL_DESIGN_GEOMETRIC_PRESENTATION_REPRESENTATION (  '', ( #6033 ), #4177 ) ;
#281 = EDGE_LOOP ( 'NONE', ( #9748, #2347, #7949, #10228, #9888 ) ) ;
#282 = FACE_OUTER_BOUND ( 'NONE', #503, .T. ) ;
#283 = CARTESIAN_POINT ( 'NONE',  ( -25.69999999999999929, 1.500000000000000000, 10.84999999999999787 ) ) ;
#284 = DIRECTION ( 'NONE',  ( -1.000000000000000000, 0.0000000000000000000, 0.0000000000000000000 ) ) ;
#285 = ADVANCED_FACE ( 'NONE', ( #2513, #9127 ), #874, .T. ) ;
#286 = EDGE_LOOP ( 'NONE', ( #1569, #1057, #5582, #5397 ) ) ;
#287 = CARTESIAN_POINT ( 'NONE',  ( -12.04296557290410696, 0.3565823528168198253, -15.91039802587052776 ) ) ;
#288 = DIRECTION ( 'NONE',  ( 0.0000000000000000000, -0.0000000000000000000, 1.000000000000000000 ) ) ;
#289 = CARTESIAN_POINT ( 'NONE',  ( -48.25027341332628339, -7.497842460810316467, -16.50000000000000000 ) ) ;
#290 = ORIENTED_EDGE ( 'NONE', *, *, #3185, .T. ) ;
#291 = EDGE_CURVE ( 'NONE', #1676, #9876, #6659, .T. ) ;
#292 = ORIENTED_EDGE ( 'NONE', *, *, #5246, .T. ) ;
#293 = ORIENTED_EDGE ( 'NONE', *, *, #3409, .F. ) ;
#294 = CYLINDRICAL_SURFACE ( 'NONE', #5419, 5.999999999999998224 ) ;
#295 = AXIS2_PLACEMENT_3D ( 'NONE', #2477, #843, #812 ) ;
#296 = AXIS2_PLACEMENT_3D ( 'NONE', #1747, #7398, #7539 ) ;
#297 = CARTESIAN_POINT ( 'NONE',  ( -14.96662954969047732, -4.697919568106146748, 16.00000000000000000 ) ) ;
#298 = DIRECTION ( 'NONE',  ( 0.0000000000000000000, 0.0000000000000000000, -1.000000000000000000 ) ) ;
#299 = FILL_AREA_STYLE ('',( #5159 ) ) ;
#300 = CARTESIAN_POINT ( 'NONE',  ( 0.0000000000000000000, 0.0000000000000000000, 7.500000000000000000 ) ) ;
#301 = ORIENTED_EDGE ( 'NONE', *, *, #3829, .F. ) ;
#302 = CARTESIAN_POINT ( 'NONE',  ( -15.73644369315357494, -3.746203479411404746, 15.84777133846078456 ) ) ;
#303 = EDGE_LOOP ( 'NONE', ( #6736, #6347 ) ) ;
#304 = DIRECTION ( 'NONE',  ( 0.0000000000000000000, 0.0000000000000000000, -1.000000000000000000 ) ) ;
#305 =( BOUNDED_CURVE ( )  B_SPLINE_CURVE ( 3, ( #9857, #65, #1861, #7590 ),
 .UNSPECIFIED., .F., .F. ) 
 B_SPLINE_CURVE_WITH_KNOTS ( ( 4, 4 ),
 ( 1.570796326794896780, 1.977375190089597945 ),
 .UNSPECIFIED. ) 
 CURVE ( )  GEOMETRIC_REPRESENTATION_ITEM ( )  RATIONAL_B_SPLINE_CURVE ( ( 1.000000000000000000, 0.9862718450024048344, 0.9862718450024048344, 1.000000000000000000 ) ) 
 REPRESENTATION_ITEM ( '' )  );
#306 = FACE_OUTER_BOUND ( 'NONE', #2954, .T. ) ;
#307 = DIRECTION ( 'NONE',  ( -0.0000000000000000000, 1.000000000000000000, -0.0000000000000000000 ) ) ;
#308 = MECHANICAL_DESIGN_GEOMETRIC_PRESENTATION_REPRESENTATION (  '', ( #1062 ), #5662 ) ;
#309 = CARTESIAN_POINT ( 'NONE',  ( -21.28787625300871156, 1.241689056318212102E-12, 1.691143183366657254 ) ) ;
#310 = CARTESIAN_POINT ( 'NONE',  ( -10.90974260547336705, -0.007048259324792753751, 16.76641298330097385 ) ) ;
#311 = ORIENTED_EDGE ( 'NONE', *, *, #10529, .T. ) ;
#312 = CARTESIAN_POINT ( 'NONE',  ( 2.566549093630345890, 20.87862841284358595, 25.99999999999999645 ) ) ;
#313 = AXIS2_PLACEMENT_3D ( 'NONE', #8308, #10108, #118 ) ;
#314 = DIRECTION ( 'NONE',  ( 0.0000000000000000000, 1.000000000000000000, 0.0000000000000000000 ) ) ;
#315 = CARTESIAN_POINT ( 'NONE',  ( -12.00290912278228994, -6.999999999999999112, 14.00000000000000000 ) ) ;
#316 =( BOUNDED_CURVE ( )  B_SPLINE_CURVE ( 3, ( #4736, #3916, #3075, #2362 ),
 .UNSPECIFIED., .F., .F. ) 
 B_SPLINE_CURVE_WITH_KNOTS ( ( 4, 4 ),
 ( 0.0000000000000000000, 1.570796326794895226 ),
 .UNSPECIFIED. ) 
 CURVE ( )  GEOMETRIC_REPRESENTATION_ITEM ( )  RATIONAL_B_SPLINE_CURVE ( ( 1.000000000000000000, 0.8047378541243652705, 0.8047378541243652705, 1.000000000000000000 ) ) 
 REPRESENTATION_ITEM ( '' )  );
#317 = VERTEX_POINT ( 'NONE', #2240 ) ;
#318 = CARTESIAN_POINT ( 'NONE',  ( 15.33069386212223861, 2.452143627986183017, -12.87970146197645782 ) ) ;
#319 = CARTESIAN_POINT ( 'NONE',  ( -16.37926732190237189, -3.329348713744269883, -15.71263491639796328 ) ) ;
#320 = DIRECTION ( 'NONE',  ( -1.000000000000000000, -0.0000000000000000000, -1.347358039593636966E-16 ) ) ;
#321 =( NAMED_UNIT ( * ) SI_UNIT ( $, .STERADIAN. ) SOLID_ANGLE_UNIT ( ) );
#322 = EDGE_CURVE ( 'NONE', #8127, #5163, #832, .T. ) ;
#323 = CARTESIAN_POINT ( 'NONE',  ( 0.0000000000000000000, -2.818925648462311528E-15, -23.00000000000000000 ) ) ;
#324 = CIRCLE ( 'NONE', #3772, 1.000000000000000000 ) ;
#325 = FACE_OUTER_BOUND ( 'NONE', #7904, .T. ) ;
#326 = DIRECTION ( 'NONE',  ( 0.0000000000000000000, 0.0000000000000000000, 1.000000000000000000 ) ) ;
#327 = CIRCLE ( 'NONE', #3541, 5.999999999999998224 ) ;
#328 = DIRECTION ( 'NONE',  ( -0.0000000000000000000, -0.0000000000000000000, 1.000000000000000000 ) ) ;
#329 = ORIENTED_EDGE ( 'NONE', *, *, #1583, .T. ) ;
#330 =( NAMED_UNIT ( * ) PLANE_ANGLE_UNIT ( ) SI_UNIT ( $, .RADIAN. ) );
#331 = SURFACE_STYLE_USAGE ( .BOTH. , #2888 ) ;
#332 = CARTESIAN_POINT ( 'NONE',  ( 43.00000000000000000, 22.03209181533656391, 25.00000000000000000 ) ) ;
#333 = CARTESIAN_POINT ( 'NONE',  ( 39.26439155837419293, 20.47850743234435811, 28.00000000000000000 ) ) ;
#334 = ADVANCED_FACE ( 'NONE', ( #40 ), #3543, .T. ) ;
#335 = LINE ( 'NONE', #4335, #201 ) ;
#336 = EDGE_CURVE ( 'NONE', #6739, #7621, #8573, .T. ) ;
#337 = EDGE_CURVE ( 'NONE', #262, #2820, #4430, .T. ) ;
#338 = VECTOR ( 'NONE', #1684, 1000.000000000000000 ) ;
#340 = CIRCLE ( 'NONE', #5023, 5.000000000000000000 ) ;
#339 = STYLED_ITEM ( 'NONE', ( #6020 ), #6766 ) ;
#341 = ORIENTED_EDGE ( 'NONE', *, *, #6163, .F. ) ;
#342 = CARTESIAN_POINT ( 'NONE',  ( -19.38329604735257661, 1.272689679264576456E-11, -8.978753103090401311 ) ) ;
#343 = DIRECTION ( 'NONE',  ( 0.0000000000000000000, 0.0000000000000000000, 1.000000000000000000 ) ) ;
#344 = CARTESIAN_POINT ( 'NONE',  ( 0.4465819873849492527, -2.886751345948519010, -5.000000000000000888 ) ) ;
#345 = CARTESIAN_POINT ( 'NONE',  ( 0.0000000000000000000, 0.0000000000000000000, 0.0000000000000000000 ) ) ;
#346 = SHAPE_DEFINITION_REPRESENTATION ( #8933, #2894 ) ;
#347 = FACE_OUTER_BOUND ( 'NONE', #10485, .T. ) ;
#348 = CIRCLE ( 'NONE', #1697, 5.000000000000000888 ) ;
#349 = CARTESIAN_POINT ( 'NONE',  ( -25.69999999999999929, 1.500000000000000000, -8.000000000000000000 ) ) ;
#350 = VERTEX_POINT ( 'NONE', #4755 ) ;
#351 = AXIS2_PLACEMENT_3D ( 'NONE', #1295, #7923, #5624 ) ;
#352 = CARTESIAN_POINT ( 'NONE',  ( -41.32662511730033827, -12.14644144644005586, -16.00000000000000000 ) ) ;
#353 = AXIS2_PLACEMENT_3D ( 'NONE', #8408, #5120, #7546 ) ;
#354 = CARTESIAN_POINT ( 'NONE',  ( -16.32730766833226355, -3.361483568586479453, -15.72390954086578674 ) ) ;
#355 = VERTEX_POINT ( 'NONE', #3060 ) ;
#356 = CARTESIAN_POINT ( 'NONE',  ( 3.000000000000000000, 3.673940397442059868E-16, -6.074599999999999334 ) ) ;
#357 = CIRCLE ( 'NONE', #3457, 3.249999999999999556 ) ;
#358 = ORIENTED_EDGE ( 'NONE', *, *, #8875, .F. ) ;
#359 = FACE_OUTER_BOUND ( 'NONE', #7120, .T. ) ;
#360 = ORIENTED_EDGE ( 'NONE', *, *, #3265, .F. ) ;
#361 = CYLINDRICAL_SURFACE ( 'NONE', #3216, 1.000000000000000000 ) ;
#362 = EDGE_CURVE ( 'NONE', #4154, #731, #6402, .T. ) ;
#363 = DIRECTION ( 'NONE',  ( 0.0000000000000000000, -0.4999999999999981681, 0.8660254037844395958 ) ) ;
#364 = VECTOR ( 'NONE', #2324, 1000.000000000000000 ) ;
#365 = ORIENTED_EDGE ( 'NONE', *, *, #848, .T. ) ;
#366 = DIRECTION ( 'NONE',  ( 1.224646799147353207E-16, -1.000000000000000000, 0.0000000000000000000 ) ) ;
#367 = CARTESIAN_POINT ( 'NONE',  ( -21.25235012305799387, -27.00000000000000355, -2.311115933264683024E-30 ) ) ;
#368 = CARTESIAN_POINT ( 'NONE',  ( 11.74541948957021553, 2.452347357060362665, -16.21756610830467338 ) ) ;
#369 = AXIS2_PLACEMENT_3D ( 'NONE', #19, #5051, #4286 ) ;
#370 = VERTEX_POINT ( 'NONE', #3968 ) ;
#371 = DIRECTION ( 'NONE',  ( -1.000000000000000000, 0.0000000000000000000, 0.0000000000000000000 ) ) ;
#372 = ORIENTED_EDGE ( 'NONE', *, *, #10375, .T. ) ;
#373 = CARTESIAN_POINT ( 'NONE',  ( -16.36867270804286889, -3.336000359438830110, 15.71498729544548745 ) ) ;
#374 = AXIS2_PLACEMENT_3D ( 'NONE', #7009, #7821, #2045 ) ;
#375 = DIRECTION ( 'NONE',  ( 0.0000000000000000000, 0.0000000000000000000, 1.000000000000000000 ) ) ;
#376 = DIRECTION ( 'NONE',  ( -0.0000000000000000000, -1.000000000000000000, -0.0000000000000000000 ) ) ;
#377 = ORIENTED_EDGE ( 'NONE', *, *, #6696, .F. ) ;
#378 = CARTESIAN_POINT ( 'NONE',  ( 26.00299169246556019, 0.0000000000000000000, 28.00000000000000000 ) ) ;
#379 = ORIENTED_EDGE ( 'NONE', *, *, #2316, .F. ) ;
#380 = CARTESIAN_POINT ( 'NONE',  ( -19.72087827795418136, 4.566448250376653132E-12, -8.210378823525330105 ) ) ;
#381 = PLANE ( 'NONE',  #9877 ) ;
#382 = DIRECTION ( 'NONE',  ( -1.000000000000000000, -0.0000000000000000000, -0.0000000000000000000 ) ) ;
#383 = CARTESIAN_POINT ( 'NONE',  ( 40.26439155837419293, 20.81213173596536237, 1.000000000000000000 ) ) ;
#384 = ORIENTED_EDGE ( 'NONE', *, *, #10145, .F. ) ;
#385 = DIRECTION ( 'NONE',  ( 0.0000000000000000000, 0.0000000000000000000, -1.000000000000000000 ) ) ;
#386 = EDGE_LOOP ( 'NONE', ( #8918, #6840, #9450, #2752 ) ) ;
#387 = ORIENTED_EDGE ( 'NONE', *, *, #10270, .T. ) ;
#388 = CARTESIAN_POINT ( 'NONE',  ( 44.00000000000000000, 0.0000000000000000000, 2.445500000000000007 ) ) ;
#389 = EDGE_CURVE ( 'NONE', #7277, #5984, #7300, .T. ) ;
#390 = ADVANCED_FACE ( 'NONE', ( #3800 ), #294, .F. ) ;
#391 = CIRCLE ( 'NONE', #8545, 16.36018239871366831 ) ;
#392 = CARTESIAN_POINT ( 'NONE',  ( -46.14542788219400649, -4.822834520243908685, -16.00000000000000000 ) ) ;
#393 = ORIENTED_EDGE ( 'NONE', *, *, #5656, .F. ) ;
#394 = CARTESIAN_POINT ( 'NONE',  ( -16.33879490882912933, -3.354329662357875996, -15.72142207678503567 ) ) ;
#395 = CARTESIAN_POINT ( 'NONE',  ( -5.000000000000000000, -2.417244626924489825, -0.3110470720778660270 ) ) ;
#396 = ORIENTED_EDGE ( 'NONE', *, *, #7343, .T. ) ;
#397 = VECTOR ( 'NONE', #106, 1000.000000000000000 ) ;
#398 = DIRECTION ( 'NONE',  ( -1.000000000000000000, 1.224646799147353454E-16, 0.0000000000000000000 ) ) ;
#399 = ORIENTED_EDGE ( 'NONE', *, *, #4351, .T. ) ;
#400 = CARTESIAN_POINT ( 'NONE',  ( 0.0000000000000000000, 0.0000000000000000000, -6.099999999999997868 ) ) ;
#401 = CIRCLE ( 'NONE', #95, 4.999999999999999112 ) ;
#402 = ORIENTED_EDGE ( 'NONE', *, *, #8971, .F. ) ;
#403 = CARTESIAN_POINT ( 'NONE',  ( -3.898666202813043213, 4.000000000000000888, 4.604901444995825877 ) ) ;
#404 = EDGE_CURVE ( 'NONE', #2806, #7639, #5645, .T. ) ;
#405 = DIRECTION ( 'NONE',  ( 1.000000000000000000, 1.224646799147353454E-16, 0.0000000000000000000 ) ) ;
#406 = CIRCLE ( 'NONE', #7174, 1.000000000000000000 ) ;
#407 = DIRECTION ( 'NONE',  ( -9.044956623960345393E-17, 1.000000000000000000, -3.469446951953582141E-17 ) ) ;
#408 = CARTESIAN_POINT ( 'NONE',  ( -46.30940107675852602, -10.19999999999999929, 13.99999999999999112 ) ) ;
#409 = CARTESIAN_POINT ( 'NONE',  ( -3.850397117029918936E-07, 4.000000000000000000, 5.999775301698644370 ) ) ;
#410 = CARTESIAN_POINT ( 'NONE',  ( 3.053004708647780507, 3.999999999999998224, 5.204217300848098304 ) ) ;
#411 = DIRECTION ( 'NONE',  ( 0.0000000000000000000, 0.0000000000000000000, -1.000000000000000000 ) ) ;
#412 = VERTEX_POINT ( 'NONE', #3168 ) ;
#413 = CARTESIAN_POINT ( 'NONE',  ( 0.0000000000000000000, -2.818925648462311528E-15, 0.0000000000000000000 ) ) ;
#414 = EDGE_CURVE ( 'NONE', #3364, #7124, #4969, .T. ) ;
#415 = CARTESIAN_POINT ( 'NONE',  ( -12.69112335454055263, 2.668279410336021673, 12.80620457568321946 ) ) ;
#416 = EDGE_LOOP ( 'NONE', ( #13, #2455, #3999 ) ) ;
#417 = LINE ( 'NONE', #323, #8987 ) ;
#418 = CARTESIAN_POINT ( 'NONE',  ( -14.36916674355508228, -1.519769259024950525, 14.75642702102260273 ) ) ;
#419 = CARTESIAN_POINT ( 'NONE',  ( -5.000000000000000888, 0.9828435001097578505, -0.04309034703445667469 ) ) ;
#420 = CARTESIAN_POINT ( 'NONE',  ( -10.91175213059565685, 0.0000000000000000000, 16.76308921491894566 ) ) ;
#421 = ORIENTED_EDGE ( 'NONE', *, *, #9426, .F. ) ;
#422 = CARTESIAN_POINT ( 'NONE',  ( -14.98162219220311542, -4.807409504537786482, -15.99712752225617507 ) ) ;
#423 = ORIENTED_EDGE ( 'NONE', *, *, #802, .T. ) ;
#424 = DIRECTION ( 'NONE',  ( -0.0000000000000000000, -1.000000000000000000, -0.0000000000000000000 ) ) ;
#425 = PRODUCT_DEFINITION_SHAPE ( 'NONE', 'NONE',  #10741 ) ;
#426 = CARTESIAN_POINT ( 'NONE',  ( 33.38382983976000418, 19.33534829694457713, 26.48232370596583607 ) ) ;
#427 = ORIENTED_EDGE ( 'NONE', *, *, #6580, .F. ) ;
#428 = CARTESIAN_POINT ( 'NONE',  ( 3.773198524618077698, 4.000000000000000000, -4.673916180009822341 ) ) ;
#429 = CARTESIAN_POINT ( 'NONE',  ( -10.90452259075568620, -0.02013679887554765610, -16.76967024209670498 ) ) ;
#430 = EDGE_CURVE ( 'NONE', #9756, #10, #1970, .T. ) ;
#431 = AXIS2_PLACEMENT_3D ( 'NONE', #7907, #307, #6413 ) ;
#432 = EDGE_LOOP ( 'NONE', ( #5955, #10013, #9864, #387, #1919 ) ) ;
#433 = AXIS2_PLACEMENT_3D ( 'NONE', #1172, #6136, #5460 ) ;
#434 = CARTESIAN_POINT ( 'NONE',  ( -18.06039371099786095, -35.00000000000000000, 14.00000000000000000 ) ) ;
#435 = CARTESIAN_POINT ( 'NONE',  ( 2.803259676394111999, 21.22215863601313757, 26.03696422824242518 ) ) ;
#436 = CARTESIAN_POINT ( 'NONE',  ( -9.000000000000000000, -1.102182119232617714E-15, -9.500000000000000000 ) ) ;
#437 = VECTOR ( 'NONE', #6915, 1000.000000000000000 ) ;
#438 = CIRCLE ( 'NONE', #637, 5.000000000000000000 ) ;
#439 = DIRECTION ( 'NONE',  ( -0.8390177281815074384, -2.891287051891903635E-22, 0.5441040817685001141 ) ) ;
#440 = CARTESIAN_POINT ( 'NONE',  ( 2.735608441625766662, 20.81213173596538368, 1.966840904754810104 ) ) ;
#441 = PLANE ( 'NONE',  #864 ) ;
#443 = EDGE_CURVE ( 'NONE', #5810, #3500, #8328, .T. ) ;
#442 = DIRECTION ( 'NONE',  ( 0.0000000000000000000, 1.000000000000000000, 0.0000000000000000000 ) ) ;
#444 = ADVANCED_FACE ( 'NONE', ( #5614 ), #1902, .T. ) ;
#445 = ORIENTED_EDGE ( 'NONE', *, *, #10127, .F. ) ;
#446 = CARTESIAN_POINT ( 'NONE',  ( 0.0000000000000000000, 0.0000000000000000000, 13.50000000000000000 ) ) ;
#447 = PRESENTATION_LAYER_ASSIGNMENT (  '', '', ( #7189 ) ) ;
#448 = SURFACE_SIDE_STYLE ('',( #8748 ) ) ;
#449 = CARTESIAN_POINT ( 'NONE',  ( -16.49956365332276320, -3.254582616661846561, 15.68555645146729738 ) ) ;
#450 = CARTESIAN_POINT ( 'NONE',  ( -23.76257500059566397, 1.214306433183765597E-14, -4.417821563562238651 ) ) ;
#451 = CONICAL_SURFACE ( 'NONE', #4995, 5.000000000000000888, 1.047197551196596299 ) ;
#452 = CARTESIAN_POINT ( 'NONE',  ( -47.59375280793623375, -7.101215356597956330, -16.50000000000000000 ) ) ;
#453 = CARTESIAN_POINT ( 'NONE',  ( 5.986353027432968155, 4.000000000000002665, -0.7538520388089010593 ) ) ;
#454 = DIRECTION ( 'NONE',  ( -1.000000000000000000, 7.709882115452482111E-16, 0.0000000000000000000 ) ) ;
#455 = CARTESIAN_POINT ( 'NONE',  ( 27.00281925585051823, 0.9814300378111168177, 1.500000000000000000 ) ) ;
#456 = VECTOR ( 'NONE', #1269, 1000.000000000000000 ) ;
#457 = CARTESIAN_POINT ( 'NONE',  ( -3.850397117029918936E-07, 4.000000000000000000, 5.999775301698644370 ) ) ;
#458 = PLANE ( 'NONE',  #8417 ) ;
#459 = FACE_OUTER_BOUND ( 'NONE', #259, .T. ) ;
#460 = B_SPLINE_CURVE_WITH_KNOTS ( 'NONE', 3,
 ( #4418, #6919, #10200, #1957, #5257, #7739, #4448, #4895, #670, #4858, #3775, #2959, #7883, #9836, #10685, #4059 ),
 .UNSPECIFIED., .F., .F.,
 ( 4, 2, 2, 2, 2, 2, 2, 4 ),
 ( 0.0000000000000000000, 0.001372458012998735346, 0.002058687019498112777, 0.002744916025997490641, 0.003431145032496868939, 0.004117374038996245503, 0.004803603045495622934, 0.005489832051994996027 ),
 .UNSPECIFIED. ) ;
#461 = EDGE_CURVE ( 'NONE', #1691, #253, #7787, .T. ) ;
#462 = FACE_OUTER_BOUND ( 'NONE', #9596, .T. ) ;
#463 = AXIS2_PLACEMENT_3D ( 'NONE', #6432, #3134, #9709 ) ;
#464 = CARTESIAN_POINT ( 'NONE',  ( 5.000000000000000000, -4.633235910246749079, 4.336808689942017736E-15 ) ) ;
#465 = DIRECTION ( 'NONE',  ( 0.0000000000000000000, 0.0000000000000000000, -1.000000000000000000 ) ) ;
#466 = CARTESIAN_POINT ( 'NONE',  ( 0.0000000000000000000, 20.11813772300484615, 0.0000000000000000000 ) ) ;
#467 = CIRCLE ( 'NONE', #6145, 1.000000000000000000 ) ;
#468 = CARTESIAN_POINT ( 'NONE',  ( -52.30940107675851891, -10.20000000000000107, 15.99999999999999289 ) ) ;
#469 = LINE ( 'NONE', #7722, #5793 ) ;
#470 = DIRECTION ( 'NONE',  ( 0.0000000000000000000, 0.0000000000000000000, 1.000000000000000000 ) ) ;
#471 = DIRECTION ( 'NONE',  ( -1.000000000000000000, 0.0000000000000000000, 0.0000000000000000000 ) ) ;
#472 = ORIENTED_EDGE ( 'NONE', *, *, #4160, .F. ) ;
#473 = DIRECTION ( 'NONE',  ( 0.0000000000000000000, -1.000000000000000000, -0.0000000000000000000 ) ) ;
#474 = CARTESIAN_POINT ( 'NONE',  ( -12.00000000000000355, -6.999999999999999112, -9.000000000000001776 ) ) ;
#475 = DIRECTION ( 'NONE',  ( 2.029032189114408436E-17, -0.9861790539178934001, 0.1656830516788268814 ) ) ;
#476 = EDGE_CURVE ( 'NONE', #234, #9220, #10531, .T. ) ;
#477 = AXIS2_PLACEMENT_3D ( 'NONE', #1221, #7029, #3732 ) ;
#478 = SHAPE_DEFINITION_REPRESENTATION ( #8402, #10436 ) ;
#479 = LINE ( 'NONE', #4437, #8503 ) ;
#480 = EDGE_LOOP ( 'NONE', ( #2510, #1164, #8447, #2224, #5356, #8106 ) ) ;
#481 = CONICAL_SURFACE ( 'NONE', #4320, 4.985276673768730404, 0.009815708440995224091 ) ;
#482 = DIRECTION ( 'NONE',  ( -0.0000000000000000000, -1.000000000000000000, 0.0000000000000000000 ) ) ;
#483 = CARTESIAN_POINT ( 'NONE',  ( -13.41607954220046395, 0.7862735337779702682, 14.46581446015873595 ) ) ;
#484 = DIRECTION ( 'NONE',  ( -1.000000000000000000, 0.0000000000000000000, 0.0000000000000000000 ) ) ;
#485 = DIRECTION ( 'NONE',  ( 0.0000000000000000000, 0.0000000000000000000, -1.000000000000000000 ) ) ;
#486 = CARTESIAN_POINT ( 'NONE',  ( -46.30940107675853312, -16.19999999999999574, -13.99999999999999467 ) ) ;
#487 = DIRECTION ( 'NONE',  ( 0.0000000000000000000, 1.000000000000000000, 0.0000000000000000000 ) ) ;
#488 = B_SPLINE_CURVE_WITH_KNOTS ( 'NONE', 3,
 ( #9737, #5657, #1556, #3959, #8147, #734 ),
 .UNSPECIFIED., .F., .F.,
 ( 4, 2, 4 ),
 ( 0.0000000000000000000, 0.5000000000000000000, 1.000000000000000000 ),
 .UNSPECIFIED. ) ;
#489 = VECTOR ( 'NONE', #5027, 1000.000000000000000 ) ;
#490 = ORIENTED_EDGE ( 'NONE', *, *, #8112, .T. ) ;
#491 = EDGE_CURVE ( 'NONE', #8932, #10197, #1460, .T. ) ;
#492 = CARTESIAN_POINT ( 'NONE',  ( -46.30940107675852602, -10.00000000000000178, -17.00000000000000000 ) ) ;
#493 = VERTEX_POINT ( 'NONE', #15 ) ;
#494 = CARTESIAN_POINT ( 'NONE',  ( 0.0000000000000000000, 9.999999999999998224, 0.0000000000000000000 ) ) ;
#495 = ORIENTED_EDGE ( 'NONE', *, *, #5682, .F. ) ;
#496 = COLOUR_RGB ( '',1.000000000000000000, 0.3098039215686274606, 0.0000000000000000000 ) ;
#497 = ADVANCED_FACE ( 'NONE', ( #3665 ), #3284, .T. ) ;
#498 = AXIS2_PLACEMENT_3D ( 'NONE', #9894, #4882, #8072 ) ;
#499 = CARTESIAN_POINT ( 'NONE',  ( 8.999999999999992895, 19.11813772300486747, 1.500000000000000000 ) ) ;
#500 = CARTESIAN_POINT ( 'NONE',  ( 1.551084702268052148E-14, 20.11813772300487457, 28.00000000000000000 ) ) ;
#501 = AXIS2_PLACEMENT_3D ( 'NONE', #6127, #5906, #959 ) ;
#502 = ORIENTED_EDGE ( 'NONE', *, *, #9986, .T. ) ;
#503 = EDGE_LOOP ( 'NONE', ( #1224, #10738, #6473, #643, #365 ) ) ;
#504 = CARTESIAN_POINT ( 'NONE',  ( 3.500000000000000000, 2.886751345948122438, -5.000000000000000000 ) ) ;
#505 = CARTESIAN_POINT ( 'NONE',  ( -11.49488534106223803, 0.1829917208034312348, 16.38499048537440217 ) ) ;
#506 = FILL_AREA_STYLE_COLOUR ( '', #9732 ) ;
#507 = EDGE_LOOP ( 'NONE', ( #396, #4023, #2668, #1327, #10370, #4497, #8662, #3617, #6979 ) ) ;
#508 = LINE ( 'NONE', #10356, #2046 ) ;
#509 = SURFACE_STYLE_FILL_AREA ( #862 ) ;
#510 = ORIENTED_EDGE ( 'NONE', *, *, #3572, .F. ) ;
#511 = EDGE_CURVE ( 'NONE', #138, #6194, #1190, .T. ) ;
#512 = DIRECTION ( 'NONE',  ( -0.0000000000000000000, -1.000000000000000000, -0.0000000000000000000 ) ) ;
#513 = ORIENTED_EDGE ( 'NONE', *, *, #9354, .T. ) ;
#514 = ORIENTED_EDGE ( 'NONE', *, *, #5982, .F. ) ;
#515 =( NAMED_UNIT ( * ) SI_UNIT ( $, .STERADIAN. ) SOLID_ANGLE_UNIT ( ) );
#516 = CARTESIAN_POINT ( 'NONE',  ( -25.69999999999999929, 1.500000000000000000, 10.84999999999999787 ) ) ;
#517 = CARTESIAN_POINT ( 'NONE',  ( -0.6173387887380265004, 4.000000000000000000, -6.513667660063795495 ) ) ;
#518 = EDGE_LOOP ( 'NONE', ( #4407, #10178, #9467, #7031 ) ) ;
#519 = UNCERTAINTY_MEASURE_WITH_UNIT (LENGTH_MEASURE( 1.000000000000000082E-05 ), #10172, 'distance_accuracy_value', 'NONE');
#520 = CARTESIAN_POINT ( 'NONE',  ( -52.30940107675851891, -4.000000000000001776, 15.89897948556635221 ) ) ;
#521 = DIRECTION ( 'NONE',  ( 0.0000000000000000000, 0.0000000000000000000, 1.000000000000000000 ) ) ;
#522 = PRESENTATION_LAYER_ASSIGNMENT (  '', '', ( #1062 ) ) ;
#523 = CARTESIAN_POINT ( 'NONE',  ( -23.07291989574154911, 0.0002178574658619694823, 6.894855153387124069 ) ) ;
#524 = CYLINDRICAL_SURFACE ( 'NONE', #1421, 10.00000000000000000 ) ;
#525 = DIRECTION ( 'NONE',  ( 0.0000000000000000000, 0.0000000000000000000, 1.000000000000000000 ) ) ;
#526 = CARTESIAN_POINT ( 'NONE',  ( 36.60402920347198830, 31.73000000000000043, 2.000000000000000000 ) ) ;
#527 = ORIENTED_EDGE ( 'NONE', *, *, #9287, .T. ) ;
#528 = ORIENTED_EDGE ( 'NONE', *, *, #4848, .F. ) ;
#529 = ORIENTED_EDGE ( 'NONE', *, *, #1075, .F. ) ;
#530 = CARTESIAN_POINT ( 'NONE',  ( 3.920962885854206714, 20.86658192818691404, 26.64767054695602866 ) ) ;
#531 = DIRECTION ( 'NONE',  ( -0.0000000000000000000, -0.0000000000000000000, 1.000000000000000000 ) ) ;
#532 = CARTESIAN_POINT ( 'NONE',  ( -16.76149889671478377, -3.084153750348046064, 15.61879978832248916 ) ) ;
#533 = ORIENTED_EDGE ( 'NONE', *, *, #6096, .F. ) ;
#534 = CARTESIAN_POINT ( 'NONE',  ( 39.32547229361259156, 22.05468576882095633, 25.00000000000000000 ) ) ;
#535 = PLANE ( 'NONE',  #877 ) ;
#536 = CARTESIAN_POINT ( 'NONE',  ( -15.63753978406984579, -3.848963535957465876, -15.86762477081822986 ) ) ;
#537 = LINE ( 'NONE', #6160, #4814 ) ;
#538 = ORIENTED_EDGE ( 'NONE', *, *, #2960, .F. ) ;
#539 = CIRCLE ( 'NONE', #8827, 5.399999999999999467 ) ;
#540 = CARTESIAN_POINT ( 'NONE',  ( 40.63042779386440628, 21.49339341425656613, 3.000000000000000000 ) ) ;
#541 = CARTESIAN_POINT ( 'NONE',  ( 0.1973348417590421178, -1.936114729409374791, -5.000000000000000000 ) ) ;
#542 = EDGE_CURVE ( 'NONE', #1884, #816, #7552, .T. ) ;
#543 = AXIS2_PLACEMENT_3D ( 'NONE', #10284, #5304, #1964 ) ;
#544 = CARTESIAN_POINT ( 'NONE',  ( 3.708000751093671443, 22.09803150779407943, 2.755097551169057191 ) ) ;
#545 = LINE ( 'NONE', #6711, #2994 ) ;
#546 = ORIENTED_EDGE ( 'NONE', *, *, #3769, .F. ) ;
#547 = DIRECTION ( 'NONE',  ( 0.0000000000000000000, 0.0000000000000000000, -1.000000000000000000 ) ) ;
#548 = B_SPLINE_CURVE_WITH_KNOTS ( 'NONE', 3,
 ( #2992, #5536, #2946, #4704 ),
 .UNSPECIFIED., .F., .F.,
 ( 4, 4 ),
 ( 0.0000000000000000000, 0.0005945642865651186481 ),
 .UNSPECIFIED. ) ;
#549 = ORIENTED_EDGE ( 'NONE', *, *, #1231, .F. ) ;
#550 = CARTESIAN_POINT ( 'NONE',  ( 0.0000000000000000000, 0.0000000000000000000, 0.0000000000000000000 ) ) ;
#551 = DIRECTION ( 'NONE',  ( -1.000000000000000000, -0.0000000000000000000, -0.0000000000000000000 ) ) ;
#552 = VERTEX_POINT ( 'NONE', #4148 ) ;
#553 = EDGE_CURVE ( 'NONE', #7759, #2051, #5222, .T. ) ;
#554 = EDGE_CURVE ( 'NONE', #1443, #7140, #9653, .T. ) ;
#555 = CARTESIAN_POINT ( 'NONE',  ( -21.21211638775292485, -3.828588921589435067E-16, 11.18709671808293038 ) ) ;
#556 = ORIENTED_EDGE ( 'NONE', *, *, #3816, .F. ) ;
#557 = AXIS2_PLACEMENT_3D ( 'NONE', #10673, #764, #7420 ) ;
#558 = APPLICATION_CONTEXT ( 'automotive_design' ) ;
#559 = CARTESIAN_POINT ( 'NONE',  ( 3.708000751093670999, 22.09803150779407588, 2.755097551169056747 ) ) ;
#560 = CARTESIAN_POINT ( 'NONE',  ( -3.533488969450998773, 3.226023196415221950, 14.37156313651556161 ) ) ;
#561 = EDGE_LOOP ( 'NONE', ( #8969, #7505, #9454, #3928 ) ) ;
#562 = VERTEX_POINT ( 'NONE', #4980 ) ;
#563 = CARTESIAN_POINT ( 'NONE',  ( 1.000000000000000222, 22.03209181533656746, 2.000000000000005329 ) ) ;
#564 = CIRCLE ( 'NONE', #2983, 1.000000000000000888 ) ;
#565 = DIRECTION ( 'NONE',  ( 0.0000000000000000000, 0.0000000000000000000, 1.000000000000000000 ) ) ;
#566 = ADVANCED_FACE ( 'NONE', ( #7676 ), #4826, .T. ) ;
#567 = DIRECTION ( 'NONE',  ( 0.0000000000000000000, 0.0000000000000000000, -1.000000000000000000 ) ) ;
#568 = EDGE_CURVE ( 'NONE', #8964, #1012, #9780, .T. ) ;
#569 = CARTESIAN_POINT ( 'NONE',  ( -17.83973557329224491, -2.251207675096828620, 15.18483918228180229 ) ) ;
#570 = VERTEX_POINT ( 'NONE', #1642 ) ;
#571 = CARTESIAN_POINT ( 'NONE',  ( -7.118449302602199324, -32.31055268242869971, -18.69030977609206090 ) ) ;
#572 = CARTESIAN_POINT ( 'NONE',  ( 0.0000000000000000000, 0.0000000000000000000, 13.50000000000000000 ) ) ;
#573 = CIRCLE ( 'NONE', #1680, 2.500000000000000000 ) ;
#574 = CARTESIAN_POINT ( 'NONE',  ( -18.89802121939649737, 1.458238474859995248, 1.501566128614606699 ) ) ;
#575 = AXIS2_PLACEMENT_3D ( 'NONE', #6158, #10279, #4485 ) ;
#576 = CYLINDRICAL_SURFACE ( 'NONE', #1177, 2.999999999999992450 ) ;
#577 = CARTESIAN_POINT ( 'NONE',  ( 39.26439155837419293, 21.05655294009385514, 1.000000000000000000 ) ) ;
#578 = ORIENTED_EDGE ( 'NONE', *, *, #4694, .T. ) ;
#579 = CARTESIAN_POINT ( 'NONE',  ( -28.02020433871750882, -24.10435930197277443, -13.99999999999999822 ) ) ;
#580 = DIRECTION ( 'NONE',  ( -1.000000000000000000, 0.0000000000000000000, 0.0000000000000000000 ) ) ;
#581 = CARTESIAN_POINT ( 'NONE',  ( 0.0000000000000000000, 0.0000000000000000000, -6.099999999999999645 ) ) ;
#582 = EDGE_CURVE ( 'NONE', #2376, #4267, #7663, .T. ) ;
#583 = VECTOR ( 'NONE', #3385, 1000.000000000000000 ) ;
#584 = ORIENTED_EDGE ( 'NONE', *, *, #5545, .F. ) ;
#585 = CARTESIAN_POINT ( 'NONE',  ( 5.000000000000000000, 6.123233995736766282E-16, -7.500000000000000000 ) ) ;
#586 = ORIENTED_EDGE ( 'NONE', *, *, #2150, .F. ) ;
#587 =( REPRESENTATION_RELATIONSHIP ('NONE','NONE', #3297, #3471 ) REPRESENTATION_RELATIONSHIP_WITH_TRANSFORMATION ( #5912 )SHAPE_REPRESENTATION_RELATIONSHIP( ) );
#588 = CARTESIAN_POINT ( 'NONE',  ( 34.16857486540672539, 20.11813772300484970, 2.187962582621649332 ) ) ;
#589 = CARTESIAN_POINT ( 'NONE',  ( 20.35140718271905769, 2.452154042861337313, 7.987517217311368434 ) ) ;
#590 = CARTESIAN_POINT ( 'NONE',  ( 14.50000000000000533, 0.0000000000000000000, -13.50000000000000000 ) ) ;
#592 = EDGE_CURVE ( 'NONE', #8521, #8964, #2503, .T. ) ;
#591 = DIRECTION ( 'NONE',  ( 0.0000000000000000000, 0.0000000000000000000, 1.000000000000000000 ) ) ;
#593 = CARTESIAN_POINT ( 'NONE',  ( -22.85797610351529130, 0.0000000000000000000, 7.786926839206819828 ) ) ;
#594 = CARTESIAN_POINT ( 'NONE',  ( -1.482093843553000810E-15, 0.0000000000000000000, -11.00000000000000178 ) ) ;
#595 = CARTESIAN_POINT ( 'NONE',  ( -25.69999999999999929, 1.500000000000000000, -8.000000000000000000 ) ) ;
#596 = LINE ( 'NONE', #3705, #10165 ) ;
#597 = CIRCLE ( 'NONE', #5247, 5.000000000000000888 ) ;
#598 = CONICAL_SURFACE ( 'NONE', #8042, 5.000000000000000888, 1.047197551196596299 ) ;
#599 = PRODUCT_DEFINITION ( 'UNKNOWN', '', #1898, #5277 ) ;
#600 = VERTEX_POINT ( 'NONE', #7404 ) ;
#601 = DIRECTION ( 'NONE',  ( -1.000000000000000000, -0.0000000000000000000, -1.347358039593636966E-16 ) ) ;
#602 = CARTESIAN_POINT ( 'NONE',  ( -18.39410161113739406, 0.08527173284662996344, 10.49513622840048299 ) ) ;
#603 = PRODUCT_DEFINITION_SHAPE ( 'NONE', 'NONE',  #10222 ) ;
#604 = EDGE_CURVE ( 'NONE', #7909, #34, #1585, .T. ) ;
#605 = CARTESIAN_POINT ( 'NONE',  ( 2.836205516832972062, 22.38505103526629725, 25.99999999999999289 ) ) ;
#606 = AXIS2_PLACEMENT_3D ( 'NONE', #10558, #650, #4877 ) ;
#607 = DIRECTION ( 'NONE',  ( -1.000000000000000000, 0.0000000000000000000, 1.347358039593636966E-16 ) ) ;
#608 = DIRECTION ( 'NONE',  ( 0.0000000000000000000, 0.0000000000000000000, 1.000000000000000000 ) ) ;
#609 = CIRCLE ( 'NONE', #4918, 11.00000000000000000 ) ;
#610 = CARTESIAN_POINT ( 'NONE',  ( 6.651350249290356231, 21.73000000000000043, 27.00000000000000000 ) ) ;
#611 = DIRECTION ( 'NONE',  ( 0.0000000000000000000, -0.0000000000000000000, 1.000000000000000000 ) ) ;
#612 = DIRECTION ( 'NONE',  ( 1.000000000000000000, 0.0000000000000000000, 0.0000000000000000000 ) ) ;
#613 = ADVANCED_FACE ( 'NONE', ( #161 ), #3533, .T. ) ;
#614 = DIRECTION ( 'NONE',  ( -1.224646799147353207E-16, 0.0000000000000000000, -1.000000000000000000 ) ) ;
#615 = CARTESIAN_POINT ( 'NONE',  ( 1.000000000000000888, 8.572527594031473190E-16, -7.000000000000000000 ) ) ;
#616 = CARTESIAN_POINT ( 'NONE',  ( 4.250000000000000000, 0.0000000000000000000, 0.0000000000000000000 ) ) ;
#617 = CARTESIAN_POINT ( 'NONE',  ( -7.118449302602197548, -32.31055268242869971, -16.53262470167040021 ) ) ;
#618 = B_SPLINE_CURVE_WITH_KNOTS ( 'NONE', 3,
 ( #1485, #7386, #10592, #4017, #2429, #8219 ),
 .UNSPECIFIED., .F., .F.,
 ( 4, 2, 4 ),
 ( 0.005150343764683556862, 0.006610526168996386578, 0.008070708573309215428 ),
 .UNSPECIFIED. ) ;
#619 = CIRCLE ( 'NONE', #2945, 13.00000000000000000 ) ;
#620 = EDGE_CURVE ( 'NONE', #3610, #2011, #6650, .T. ) ;
#622 = FACE_OUTER_BOUND ( 'NONE', #10017, .T. ) ;
#621 = AXIS2_PLACEMENT_3D ( 'NONE', #7326, #2369, #8144 ) ;
#623 = VERTEX_POINT ( 'NONE', #3381 ) ;
#624 = ADVANCED_FACE ( 'NONE', ( #282 ), #3271, .F. ) ;
#625 = ORIENTED_EDGE ( 'NONE', *, *, #9692, .T. ) ;
#626 = CARTESIAN_POINT ( 'NONE',  ( -52.30940107675851891, -10.00000000000000178, -20.00000000000000355 ) ) ;
#627 = LINE ( 'NONE', #7922, #1252 ) ;
#628 = CARTESIAN_POINT ( 'NONE',  ( -48.90541538820878031, -6.015664712233888878, 16.00000000000000000 ) ) ;
#629 = ORIENTED_EDGE ( 'NONE', *, *, #4426, .T. ) ;
#630 = DIRECTION ( 'NONE',  ( -0.0000000000000000000, -1.000000000000000000, -0.0000000000000000000 ) ) ;
#631 = CIRCLE ( 'NONE', #3564, 2.500000000000002220 ) ;
#632 = DIRECTION ( 'NONE',  ( -1.347358039593636966E-16, 0.0000000000000000000, -1.000000000000000000 ) ) ;
#633 = CARTESIAN_POINT ( 'NONE',  ( 0.1739375980333736083, 5.301268757141562205, -0.8179331680533002968 ) ) ;
#634 = DIRECTION ( 'NONE',  ( -0.8660254037844368202, 0.5000000000000032196, 0.0000000000000000000 ) ) ;
#635 = ORIENTED_EDGE ( 'NONE', *, *, #10693, .T. ) ;
#636 = EDGE_CURVE ( 'NONE', #7100, #10002, #8838, .T. ) ;
#637 = AXIS2_PLACEMENT_3D ( 'NONE', #1873, #3445, #6741 ) ;
#638 = CARTESIAN_POINT ( 'NONE',  ( -2.243639582772022134, 5.704168430776321408, 25.00000000000000000 ) ) ;
#639 = VERTEX_POINT ( 'NONE', #4213 ) ;
#640 = ORIENTED_EDGE ( 'NONE', *, *, #2414, .T. ) ;
#641 = DIRECTION ( 'NONE',  ( 1.000000000000000000, 0.0000000000000000000, 0.0000000000000000000 ) ) ;
#642 = CARTESIAN_POINT ( 'NONE',  ( 2.480228988863467876, 21.45055613879291911, 25.99999999999999645 ) ) ;
#643 = ORIENTED_EDGE ( 'NONE', *, *, #6004, .T. ) ;
#644 = CARTESIAN_POINT ( 'NONE',  ( 6.395970796527975288, 30.11813772300487102, 0.0000000000000000000 ) ) ;
#645 = CARTESIAN_POINT ( 'NONE',  ( -13.31924071975002910, -1.862050620658908029, -15.19386821632300055 ) ) ;
#646 = EDGE_LOOP ( 'NONE', ( #8790, #8616, #3370, #1580, #510, #1616, #4158, #5450, #5058, #5434, #9565, #7401, #4546, #7021, #6852, #5081, #5868, #10201, #2617 ) ) ;
#647 = B_SPLINE_CURVE_WITH_KNOTS ( 'NONE', 3,
 ( #6936, #9451, #7013, #10223, #6214, #6175 ),
 .UNSPECIFIED., .F., .F.,
 ( 4, 2, 4 ),
 ( 0.0000000000000000000, 0.0004765870639421972360, 0.0009531741278843944721 ),
 .UNSPECIFIED. ) ;
#648 = EDGE_CURVE ( 'NONE', #9841, #10005, #8564, .T. ) ;
#649 = CARTESIAN_POINT ( 'NONE',  ( -46.30940107675852602, -10.00000000000000178, -17.00000000000000000 ) ) ;
#650 = DIRECTION ( 'NONE',  ( -1.000000000000000000, -0.0000000000000000000, -0.0000000000000000000 ) ) ;
#651 = ORIENTED_EDGE ( 'NONE', *, *, #9287, .F. ) ;
#652 = AXIS2_PLACEMENT_3D ( 'NONE', #31, #3293, #8352 ) ;
#653 = CARTESIAN_POINT ( 'NONE',  ( 39.26439155837419293, 21.05655294009385514, 26.00000000000000355 ) ) ;
#654 = ORIENTED_EDGE ( 'NONE', *, *, #9847, .F. ) ;
#655 = AXIS2_PLACEMENT_3D ( 'NONE', #1446, #9611, #7243 ) ;
#656 = CARTESIAN_POINT ( 'NONE',  ( 2.925285743277525885, 4.084588180558403891, -0.01055556052338961145 ) ) ;
#657 = ORIENTED_EDGE ( 'NONE', *, *, #4085, .F. ) ;
#658 = DIRECTION ( 'NONE',  ( 0.0000000000000000000, 0.0000000000000000000, 1.000000000000000000 ) ) ;
#659 = DIRECTION ( 'NONE',  ( 1.347358039593636966E-16, -0.0000000000000000000, -1.000000000000000000 ) ) ;
#660 = VERTEX_POINT ( 'NONE', #4345 ) ;
#661 = VERTEX_POINT ( 'NONE', #5118 ) ;
#662 = CARTESIAN_POINT ( 'NONE',  ( -46.30940107675852602, -10.00000000000000178, -14.00000000000000178 ) ) ;
#663 = EDGE_LOOP ( 'NONE', ( #8902, #10250, #7661, #8847 ) ) ;
#664 = UNCERTAINTY_MEASURE_WITH_UNIT (LENGTH_MEASURE( 1.000000000000000082E-05 ), #1740, 'distance_accuracy_value', 'NONE');
#665 = VECTOR ( 'NONE', #162, 1000.000000000000114 ) ;
#666 = ORIENTED_EDGE ( 'NONE', *, *, #6668, .F. ) ;
#667 = ORIENTED_EDGE ( 'NONE', *, *, #3781, .F. ) ;
#668 = CIRCLE ( 'NONE', #4243, 4.012500000000000178 ) ;
#669 = DIRECTION ( 'NONE',  ( -1.000000000000000000, 0.0000000000000000000, 0.0000000000000000000 ) ) ;
#670 = CARTESIAN_POINT ( 'NONE',  ( -32.21137111131200470, -3.017441141069908905, -15.59272810448640634 ) ) ;
#671 = CARTESIAN_POINT ( 'NONE',  ( -47.47136413395558208, -8.921639532710566201, 17.00000000000000000 ) ) ;
#672 = CARTESIAN_POINT ( 'NONE',  ( -1.200000000000000030E-05, 0.0000000000000000000, 26.50000000000000000 ) ) ;
#673 =( GEOMETRIC_REPRESENTATION_CONTEXT ( 3 ) GLOBAL_UNCERTAINTY_ASSIGNED_CONTEXT ( ( #2955 ) ) GLOBAL_UNIT_ASSIGNED_CONTEXT ( ( #92, #8477, #1959 ) ) REPRESENTATION_CONTEXT ( 'NONE', 'WORKASPACE' ) );
#674 = ADVANCED_FACE ( 'NONE', ( #2631 ), #6389, .F. ) ;
#675 = CARTESIAN_POINT ( 'NONE',  ( 0.4465819873852038824, 5.773502691896261751, 7.658331097742661643E-17 ) ) ;
#676 = ORIENTED_EDGE ( 'NONE', *, *, #9332, .T. ) ;
#677 = DIRECTION ( 'NONE',  ( 0.0000000000000000000, 0.0000000000000000000, -1.000000000000000000 ) ) ;
#678 = AXIS2_PLACEMENT_3D ( 'NONE', #3164, #3991, #9806 ) ;
#679 = FACE_OUTER_BOUND ( 'NONE', #4666, .T. ) ;
#680 = ORIENTED_EDGE ( 'NONE', *, *, #3961, .T. ) ;
#681 = CARTESIAN_POINT ( 'NONE',  ( 3.500000000000000000, 0.0000000000000000000, 0.0000000000000000000 ) ) ;
#682 = ORIENTED_EDGE ( 'NONE', *, *, #8041, .T. ) ;
#683 = CIRCLE ( 'NONE', #10011, 11.00000000000000000 ) ;
#684 = CARTESIAN_POINT ( 'NONE',  ( 5.000000000000000000, 4.633235910246737532, -7.806255641895631925E-15 ) ) ;
#685 = CARTESIAN_POINT ( 'NONE',  ( -19.00265597472541756, -2.602085213965210642E-15, 9.723061284943861793 ) ) ;
#686 = CARTESIAN_POINT ( 'NONE',  ( 17.97699349158354920, 0.9585065240796716290, 0.0000000000000000000 ) ) ;
#687 = DIRECTION ( 'NONE',  ( 0.0000000000000000000, 0.0000000000000000000, -1.000000000000000000 ) ) ;
#688 = CARTESIAN_POINT ( 'NONE',  ( 36.60402920347198830, 30.11813772300484615, 0.0000000000000000000 ) ) ;
#689 = ORIENTED_EDGE ( 'NONE', *, *, #4010, .F. ) ;
#690 = ADVANCED_FACE ( 'NONE', ( #9636 ), #1780, .F. ) ;
#691 = VERTEX_POINT ( 'NONE', #1720 ) ;
#692 = CARTESIAN_POINT ( 'NONE',  ( -48.79770978298941486, -8.035100114331980237, -16.50000000000000000 ) ) ;
#693 = ORIENTED_EDGE ( 'NONE', *, *, #4187, .F. ) ;
#694 = CARTESIAN_POINT ( 'NONE',  ( 15.56835092944197640, 9.999999999999998224, 0.0000000000000000000 ) ) ;
#695 = DIRECTION ( 'NONE',  ( 0.0000000000000000000, 1.000000000000000000, 0.0000000000000000000 ) ) ;
#696 = EDGE_CURVE ( 'NONE', #34, #4702, #1836, .T. ) ;
#697 = CARTESIAN_POINT ( 'NONE',  ( 0.0000000000000000000, -35.00000000000000000, 0.0000000000000000000 ) ) ;
#698 = CARTESIAN_POINT ( 'NONE',  ( -2.915605589912154091E-15, 3.838309248099015747, 3.351853367131007566 ) ) ;
#699 = DIRECTION ( 'NONE',  ( 0.0000000000000000000, 0.0000000000000000000, 1.000000000000000000 ) ) ;
#700 = DIRECTION ( 'NONE',  ( 1.347358039593636966E-16, -0.0000000000000000000, 1.000000000000000000 ) ) ;
#701 = B_SPLINE_CURVE_WITH_KNOTS ( 'NONE', 3,
 ( #5425, #2129, #8625, #10402, #9604, #2990, #1212, #5574 ),
 .UNSPECIFIED., .F., .F.,
 ( 4, 2, 2, 4 ),
 ( 0.0000000000000000000, 0.002135811222253450933, 0.003203716833380175748, 0.004271622444506900998 ),
 .UNSPECIFIED. ) ;
#702 = ORIENTED_EDGE ( 'NONE', *, *, #5446, .T. ) ;
#703 = VERTEX_POINT ( 'NONE', #5980 ) ;
#704 = EDGE_CURVE ( 'NONE', #775, #4074, #4182, .T. ) ;
#705 = EDGE_CURVE ( 'NONE', #5845, #10596, #10480, .T. ) ;
#706 = AXIS2_PLACEMENT_3D ( 'NONE', #9307, #6835, #9171 ) ;
#707 = DIRECTION ( 'NONE',  ( 1.000000000000000000, 0.0000000000000000000, 0.0000000000000000000 ) ) ;
#708 = FILL_AREA_STYLE ('',( #7056 ) ) ;
#709 = CARTESIAN_POINT ( 'NONE',  ( -46.25609191076274129, -8.273327236834287390, 17.00000000000000000 ) ) ;
#710 = DIRECTION ( 'NONE',  ( 1.000000000000000000, -0.0000000000000000000, -0.0000000000000000000 ) ) ;
#711 = ORIENTED_EDGE ( 'NONE', *, *, #620, .F. ) ;
#712 = DIRECTION ( 'NONE',  ( -0.5000000000000034417, 1.060575238724904696E-16, -0.8660254037844367092 ) ) ;
#713 = CIRCLE ( 'NONE', #7022, 1.000000000000000888 ) ;
#714 = LINE ( 'NONE', #2020, #4327 ) ;
#715 = CARTESIAN_POINT ( 'NONE',  ( 0.0000000000000000000, 0.0000000000000000000, 9.500000000000000000 ) ) ;
#716 = CARTESIAN_POINT ( 'NONE',  ( -20.03560172286180219, -0.1473273071544815294, 12.23351413006406396 ) ) ;
#717 = CARTESIAN_POINT ( 'NONE',  ( 0.0000000000000000000, -35.00000000000000000, 0.0000000000000000000 ) ) ;
#718 = DIRECTION ( 'NONE',  ( 0.0000000000000000000, -1.000000000000000000, 0.0000000000000000000 ) ) ;
#719 = CARTESIAN_POINT ( 'NONE',  ( 40.25847626997612849, 22.42166733285727531, 3.002010066493811635 ) ) ;
#720 = CARTESIAN_POINT ( 'NONE',  ( 4.000000000000000000, -2.886751345948135317, -5.000000000000000888 ) ) ;
#721 = VERTEX_POINT ( 'NONE', #3489 ) ;
#722 = AXIS2_PLACEMENT_3D ( 'NONE', #6702, #7432, #2441 ) ;
#723 = CARTESIAN_POINT ( 'NONE',  ( -51.36469485808101609, -8.871312976137334161, -16.00000000000000000 ) ) ;
#724 = DIRECTION ( 'NONE',  ( -0.8775487755845255977, 0.0000000000000000000, -0.4794873788433851036 ) ) ;
#725 = CARTESIAN_POINT ( 'NONE',  ( 9.526735952526879103, 19.62911643547413476, 26.37015112668384020 ) ) ;
#726 = ADVANCED_FACE ( 'NONE', ( #5213 ), #2657, .F. ) ;
#727 = DIRECTION ( 'NONE',  ( 0.0000000000000000000, 0.0000000000000000000, -1.000000000000000000 ) ) ;
#728 = DIRECTION ( 'NONE',  ( -0.3559765279695034090, -0.9344948964733715835, 0.0000000000000000000 ) ) ;
#729 = CARTESIAN_POINT ( 'NONE',  ( 6.651350249290356231, 0.0000000000000000000, 1.000000000000000000 ) ) ;
#730 = FACE_OUTER_BOUND ( 'NONE', #276, .T. ) ;
#731 = VERTEX_POINT ( 'NONE', #5153 ) ;
#732 = DIRECTION ( 'NONE',  ( -1.000000000000000000, -0.0000000000000000000, -0.0000000000000000000 ) ) ;
#733 = AXIS2_PLACEMENT_3D ( 'NONE', #1223, #2178, #3009 ) ;
#734 = CARTESIAN_POINT ( 'NONE',  ( -23.23672086637473200, 0.0000000000000000000, -6.566558020062779555 ) ) ;
#735 = LINE ( 'NONE', #9515, #1877 ) ;
#736 = ADVANCED_FACE ( 'NONE', ( #3003 ), #9255, .T. ) ;
#737 = CYLINDRICAL_SURFACE ( 'NONE', #5082, 2.999999999999992450 ) ;
#738 = TOROIDAL_SURFACE ( 'NONE', #9913, 9.000000000000000000, 2.000000000000000000 ) ;
#739 = CARTESIAN_POINT ( 'NONE',  ( -23.23672086637473200, 0.0000000000000000000, -6.566558020062779555 ) ) ;
#740 = FACE_OUTER_BOUND ( 'NONE', #5692, .T. ) ;
#741 = DIRECTION ( 'NONE',  ( 0.0000000000000000000, 0.0000000000000000000, 1.000000000000000000 ) ) ;
#742 = CARTESIAN_POINT ( 'NONE',  ( -44.58432766445422146, -9.674495156955732256, 17.00000000000000000 ) ) ;
#743 = CARTESIAN_POINT ( 'NONE',  ( -1.877603347281801671, 4.773567832072372674, 25.00000000000000000 ) ) ;
#744 = EDGE_LOOP ( 'NONE', ( #301, #427, #3908, #8004 ) ) ;
#745 = CARTESIAN_POINT ( 'NONE',  ( 18.97613226645720275, 0.0000000000000000000, 1.500000000000000000 ) ) ;
#746 = CARTESIAN_POINT ( 'NONE',  ( 41.99999999999999289, 22.03209181533656391, 25.00000000000000000 ) ) ;
#747 = CARTESIAN_POINT ( 'NONE',  ( -22.67181115109345413, -5.701898048196683721E-47, 8.334969029753612091 ) ) ;
#748 = DIRECTION ( 'NONE',  ( 1.000000000000000000, -0.0000000000000000000, -0.0000000000000000000 ) ) ;
#749 = LINE ( 'NONE', #9165, #9297 ) ;
#750 = LINE ( 'NONE', #213, #8717 ) ;
#751 = LINE ( 'NONE', #7375, #9425 ) ;
#752 = CARTESIAN_POINT ( 'NONE',  ( -11.68456302951151926, -0.5980042596337075134, -16.25799764706787798 ) ) ;
#753 = FACE_OUTER_BOUND ( 'NONE', #4780, .T. ) ;
#754 = EDGE_CURVE ( 'NONE', #1553, #370, #9368, .T. ) ;
#755 = CARTESIAN_POINT ( 'NONE',  ( 0.0000000000000000000, 9.999999999999998224, 0.0000000000000000000 ) ) ;
#756 = EDGE_LOOP ( 'NONE', ( #1966, #6843, #8776, #4173, #1571, #9069, #5963, #3633 ) ) ;
#757 = AXIS2_PLACEMENT_3D ( 'NONE', #4305, #207, #6003 ) ;
#758 = CARTESIAN_POINT ( 'NONE',  ( -7.118449302602197548, -32.31055268242869971, 18.69030977609205380 ) ) ;
#759 = FACE_OUTER_BOUND ( 'NONE', #7129, .T. ) ;
#760 = CARTESIAN_POINT ( 'NONE',  ( 26.00299169246555309, 0.0000000000000000000, 1.500000000000000000 ) ) ;
#761 = DIRECTION ( 'NONE',  ( 1.000000000000000000, 0.0000000000000000000, 0.0000000000000000000 ) ) ;
#762 = ORIENTED_EDGE ( 'NONE', *, *, #6030, .F. ) ;
#763 = DIRECTION ( 'NONE',  ( -1.000000000000000000, 0.0000000000000000000, 0.0000000000000000000 ) ) ;
#764 = DIRECTION ( 'NONE',  ( -1.000000000000000000, -0.0000000000000000000, -0.0000000000000000000 ) ) ;
#765 = DIRECTION ( 'NONE',  ( 0.0000000000000000000, 0.0000000000000000000, 1.000000000000000000 ) ) ;
#766 = DIRECTION ( 'NONE',  ( 1.000000000000000000, 0.0000000000000000000, 0.0000000000000000000 ) ) ;
#767 = B_SPLINE_CURVE_WITH_KNOTS ( 'NONE', 3,
 ( #7780, #5337, #6997, #2892, #4596, #5664, #5503, #6294 ),
 .UNSPECIFIED., .F., .F.,
 ( 4, 2, 2, 4 ),
 ( 0.0000000000000000000, 0.001288514399683939743, 0.002577028799367879486, 0.005154057598735758972 ),
 .UNSPECIFIED. ) ;
#768 = EDGE_CURVE ( 'NONE', #8222, #8299, #8193, .T. ) ;
#769 = EDGE_CURVE ( 'NONE', #1843, #9529, #417, .T. ) ;
#770 = ORIENTED_EDGE ( 'NONE', *, *, #10632, .T. ) ;
#771 = AXIS2_PLACEMENT_3D ( 'NONE', #615, #2212, #7323 ) ;
#772 = ORIENTED_EDGE ( 'NONE', *, *, #2525, .T. ) ;
#773 = VERTEX_POINT ( 'NONE', #2849 ) ;
#774 = LINE ( 'NONE', #1362, #1014 ) ;
#775 = VERTEX_POINT ( 'NONE', #1078 ) ;
#776 = EDGE_CURVE ( 'NONE', #7783, #10090, #2381, .T. ) ;
#777 = EDGE_LOOP ( 'NONE', ( #6730, #10232, #10261, #2598 ) ) ;
#778 = CARTESIAN_POINT ( 'NONE',  ( 5.090446711762115051, 0.0000000000000000000, 19.99625010005045667 ) ) ;
#779 = CARTESIAN_POINT ( 'NONE',  ( 4.000000000000000000, 0.0000000000000000000, -3.249999999999999556 ) ) ;
#780 = PLANE ( 'NONE',  #678 ) ;
#781 = CARTESIAN_POINT ( 'NONE',  ( -46.30940107675852602, -10.00000000000000178, 13.99999999999999112 ) ) ;
#782 = ADVANCED_FACE ( 'NONE', ( #6249 ), #1588, .F. ) ;
#783 = APPLICATION_CONTEXT ( 'automotive_design' ) ;
#784 = CARTESIAN_POINT ( 'NONE',  ( -22.46449251976172690, -1.734723475976806897E-15, 8.880047705890236287 ) ) ;
#785 = ORIENTED_EDGE ( 'NONE', *, *, #1397, .F. ) ;
#786 = EDGE_CURVE ( 'NONE', #1325, #138, #3909, .T. ) ;
#787 = AXIS2_PLACEMENT_3D ( 'NONE', #10707, #6493, #4845 ) ;
#788 = EDGE_LOOP ( 'NONE', ( #9136, #1605, #3756, #5339, #10033 ) ) ;
#789 = EDGE_LOOP ( 'NONE', ( #3118, #8525, #7644, #3761, #3730 ) ) ;
#790 = CARTESIAN_POINT ( 'NONE',  ( 0.0000000000000000000, 0.0000000000000000000, -6.099999999999999645 ) ) ;
#791 = CARTESIAN_POINT ( 'NONE',  ( -46.30940107675852602, -10.19999999999999929, -20.00000000000000355 ) ) ;
#792 = DIRECTION ( 'NONE',  ( 1.000000000000000000, 0.0000000000000000000, 0.0000000000000000000 ) ) ;
#793 = EDGE_LOOP ( 'NONE', ( #1670, #2035, #7881 ) ) ;
#794 = CARTESIAN_POINT ( 'NONE',  ( 2.959716367706854978, 20.81213173596535171, 26.12245122441547096 ) ) ;
#795 = CARTESIAN_POINT ( 'NONE',  ( 0.0000000000000000000, 7.999999999999998224, -13.37500000000000178 ) ) ;
#796 = LINE ( 'NONE', #8412, #258 ) ;
#797 = VERTEX_POINT ( 'NONE', #8537 ) ;
#798 = ADVANCED_FACE ( 'NONE', ( #8694 ), #3788, .F. ) ;
#799 = ADVANCED_FACE ( 'NONE', ( #8319 ), #6776, .T. ) ;
#800 = VERTEX_POINT ( 'NONE', #1193 ) ;
#801 = ORIENTED_EDGE ( 'NONE', *, *, #4368, .F. ) ;
#802 = EDGE_CURVE ( 'NONE', #5969, #7436, #4303, .T. ) ;
#803 = CARTESIAN_POINT ( 'NONE',  ( 1.000000000000000888, 9.797174393178825657E-16, -8.000000000000000000 ) ) ;
#804 = ORIENTED_EDGE ( 'NONE', *, *, #4294, .T. ) ;
#805 =( BOUNDED_CURVE ( )  B_SPLINE_CURVE ( 3, ( #617, #7996, #2134, #8835 ),
 .UNSPECIFIED., .F., .T. ) 
 B_SPLINE_CURVE_WITH_KNOTS ( ( 4, 4 ),
 ( 4.305810117089988509, 4.712388980384689674 ),
 .UNSPECIFIED. ) 
 CURVE ( )  GEOMETRIC_REPRESENTATION_ITEM ( )  RATIONAL_B_SPLINE_CURVE ( ( 1.000000000000000000, 0.9862718450024048344, 0.9862718450024048344, 1.000000000000000000 ) ) 
 REPRESENTATION_ITEM ( '' )  );
#806 = AXIS2_PLACEMENT_3D ( 'NONE', #4646, #3026, #2348 ) ;
#807 = DIRECTION ( 'NONE',  ( 0.0000000000000000000, -0.0000000000000000000, 1.000000000000000000 ) ) ;
#808 = ORIENTED_EDGE ( 'NONE', *, *, #6144, .T. ) ;
#809 = CIRCLE ( 'NONE', #9394, 1.000000000000001554 ) ;
#810 = CARTESIAN_POINT ( 'NONE',  ( 2.887974721806343847, 20.75332061292611385, 1.916747979895233600 ) ) ;
#811 = EDGE_CURVE ( 'NONE', #3302, #908, #4561, .T. ) ;
#812 = DIRECTION ( 'NONE',  ( 0.0000000000000000000, 0.0000000000000000000, 1.000000000000000000 ) ) ;
#813 = VECTOR ( 'NONE', #7778, 1000.000000000000000 ) ;
#814 = ORIENTED_EDGE ( 'NONE', *, *, #9150, .T. ) ;
#815 = LINE ( 'NONE', #9089, #25 ) ;
#816 = VERTEX_POINT ( 'NONE', #7705 ) ;
#817 = DIRECTION ( 'NONE',  ( 1.000000000000000000, 0.0000000000000000000, 0.0000000000000000000 ) ) ;
#818 = PLANE ( 'NONE',  #7158 ) ;
#819 = CARTESIAN_POINT ( 'NONE',  ( -3.000000000000000000, 0.0000000000000000000, -6.074599999999999334 ) ) ;
#820 = CARTESIAN_POINT ( 'NONE',  ( 13.81565638746558022, 0.0000000000000000000, -14.47177420918595026 ) ) ;
#821 = PRODUCT_DEFINITION ( 'UNKNOWN', '', #5602, #6143 ) ;
#822 = EDGE_CURVE ( 'NONE', #9848, #262, #10372, .T. ) ;
#823 = APPLICATION_PROTOCOL_DEFINITION ( 'draft international standard', 'automotive_design', 1998, #783 ) ;
#824 = AXIS2_PLACEMENT_3D ( 'NONE', #4075, #5723, #8945 ) ;
#825 = ORIENTED_EDGE ( 'NONE', *, *, #3365, .T. ) ;
#826 = ORIENTED_EDGE ( 'NONE', *, *, #7343, .F. ) ;
#827 = CARTESIAN_POINT ( 'NONE',  ( 39.44065310272038971, 22.04182087321156658, 25.33036762365653161 ) ) ;
#828 = ORIENTED_EDGE ( 'NONE', *, *, #3608, .F. ) ;
#829 = ORIENTED_EDGE ( 'NONE', *, *, #705, .F. ) ;
#830 = CARTESIAN_POINT ( 'NONE',  ( 2.500000000000004885, 4.330127018922191873, 0.0000000000000000000 ) ) ;
#831 = DIRECTION ( 'NONE',  ( -0.0000000000000000000, -0.0000000000000000000, -1.000000000000000000 ) ) ;
#832 = LINE ( 'NONE', #2311, #5872 ) ;
#833 = CARTESIAN_POINT ( 'NONE',  ( -9.977753031397178063, -34.18083139256186342, 17.33333333333333570 ) ) ;
#834 = EDGE_CURVE ( 'NONE', #3456, #703, #8183, .T. ) ;
#835 = ORIENTED_EDGE ( 'NONE', *, *, #6932, .F. ) ;
#836 = EDGE_LOOP ( 'NONE', ( #3238, #1043, #3628, #4445 ) ) ;
#837 = CARTESIAN_POINT ( 'NONE',  ( -17.50000000000000355, 0.0000000000000000000, 10.49999999999999822 ) ) ;
#838 = CARTESIAN_POINT ( 'NONE',  ( 36.60402920347198830, 30.11813772300484615, 28.00000000000000000 ) ) ;
#839 = CARTESIAN_POINT ( 'NONE',  ( 6.171862870446970462, 20.72999999999999332, 27.87754877558452549 ) ) ;
#840 = FACE_OUTER_BOUND ( 'NONE', #7520, .T. ) ;
#841 = FACE_OUTER_BOUND ( 'NONE', #5971, .T. ) ;
#842 = CARTESIAN_POINT ( 'NONE',  ( 43.00000000000000000, 22.03209181533656391, 2.999999999999999112 ) ) ;
#843 = DIRECTION ( 'NONE',  ( -1.000000000000000000, -0.0000000000000000000, -0.0000000000000000000 ) ) ;
#844 = EDGE_LOOP ( 'NONE', ( #9789, #230, #5683, #654, #5185, #4507 ) ) ;
#845 = ADVANCED_FACE ( 'NONE', ( #3523 ), #10118, .T. ) ;
#846 = EDGE_CURVE ( 'NONE', #7659, #4131, #9879, .T. ) ;
#847 = ADVANCED_FACE ( 'NONE', ( #10010 ), #1572, .F. ) ;
#848 = EDGE_CURVE ( 'NONE', #639, #7309, #4947, .T. ) ;
#849 = PRESENTATION_LAYER_ASSIGNMENT (  '', '', ( #7898 ) ) ;
#850 = CARTESIAN_POINT ( 'NONE',  ( 33.22031895026839976, 19.11813772300484260, 26.50000000000000000 ) ) ;
#851 = DIRECTION ( 'NONE',  ( 0.0000000000000000000, -8.673617379884033500E-16, -1.000000000000000000 ) ) ;
#852 = PLANE ( 'NONE',  #5720 ) ;
#853 = CARTESIAN_POINT ( 'NONE',  ( 2.083882971141139517, 4.000000000000000000, -5.634429835272153575 ) ) ;
#854 =( REPRESENTATION_RELATIONSHIP ('NONE','NONE', #3297, #6865 ) REPRESENTATION_RELATIONSHIP_WITH_TRANSFORMATION ( #9560 )SHAPE_REPRESENTATION_RELATIONSHIP( ) );
#855 = DIRECTION ( 'NONE',  ( 0.0000000000000000000, -0.0000000000000000000, 1.000000000000000000 ) ) ;
#856 = ORIENTED_EDGE ( 'NONE', *, *, #9142, .T. ) ;
#857 = DIRECTION ( 'NONE',  ( 0.0000000000000000000, 1.000000000000000000, 0.0000000000000000000 ) ) ;
#858 = EDGE_CURVE ( 'NONE', #8914, #8334, #10643, .T. ) ;
#859 = DIRECTION ( 'NONE',  ( -1.000000000000000000, 0.0000000000000000000, 0.0000000000000000000 ) ) ;
#860 = DIRECTION ( 'NONE',  ( 0.0000000000000000000, 0.0000000000000000000, -1.000000000000000000 ) ) ;
#861 = DIRECTION ( 'NONE',  ( -0.0000000000000000000, -0.0000000000000000000, 1.000000000000000000 ) ) ;
#862 = FILL_AREA_STYLE ('',( #6717 ) ) ;
#863 = MECHANICAL_DESIGN_GEOMETRIC_PRESENTATION_REPRESENTATION (  '', ( #1472 ), #1402 ) ;
#864 = AXIS2_PLACEMENT_3D ( 'NONE', #6238, #6311, #1381 ) ;
#865 = TOROIDAL_SURFACE ( 'NONE', #4219, 12.42591725181291551, 4.731764117148970605 ) ;
#866 = LINE ( 'NONE', #5119, #3316 ) ;
#867 = FACE_OUTER_BOUND ( 'NONE', #4135, .T. ) ;
#868 = DIRECTION ( 'NONE',  ( -1.347358039593636966E-16, 0.0000000000000000000, 1.000000000000000000 ) ) ;
#869 = VERTEX_POINT ( 'NONE', #10373 ) ;
#870 = CARTESIAN_POINT ( 'NONE',  ( 5.000000000000000000, 4.633235910246737532, -7.806255641895631925E-15 ) ) ;
#871 = DIRECTION ( 'NONE',  ( -1.000000000000000000, 0.0000000000000000000, 0.0000000000000000000 ) ) ;
#872 = DIRECTION ( 'NONE',  ( -1.000000000000000000, -1.040834085586084059E-15, 0.0000000000000000000 ) ) ;
#873 = VECTOR ( 'NONE', #7449, 999.9999999999998863 ) ;
#874 = PLANE ( 'NONE',  #8732 ) ;
#875 = FACE_OUTER_BOUND ( 'NONE', #2088, .T. ) ;
#876 = FACE_OUTER_BOUND ( 'NONE', #3136, .T. ) ;
#877 = AXIS2_PLACEMENT_3D ( 'NONE', #2980, #1358, #9754 ) ;
#878 = DIRECTION ( 'NONE',  ( -1.000000000000000000, -8.673617379884036705E-17, 0.0000000000000000000 ) ) ;
#879 = AXIS2_PLACEMENT_3D ( 'NONE', #5309, #3063, #2310 ) ;
#880 = DIRECTION ( 'NONE',  ( 0.0000000000000000000, 0.0000000000000000000, -1.000000000000000000 ) ) ;
#881 = AXIS2_PLACEMENT_3D ( 'NONE', #5525, #1391, #7076 ) ;
#882 = CIRCLE ( 'NONE', #2279, 2.849999999999998312 ) ;
#883 = CARTESIAN_POINT ( 'NONE',  ( -47.24550000541380967, -8.722286537159254394, -17.00000000000000000 ) ) ;
#884 = DIRECTION ( 'NONE',  ( 0.0000000000000000000, 1.000000000000000000, 0.0000000000000000000 ) ) ;
#885 = CARTESIAN_POINT ( 'NONE',  ( 13.01405725182183204, 2.452143627986183905, -15.21680642875023715 ) ) ;
#886 = FACE_OUTER_BOUND ( 'NONE', #7191, .T. ) ;
#887 = CARTESIAN_POINT ( 'NONE',  ( -25.69999999999999929, 0.0000000000000000000, -5.150000000000001243 ) ) ;
#888 = DIRECTION ( 'NONE',  ( -0.0000000000000000000, 0.0000000000000000000, -1.000000000000000000 ) ) ;
#889 = CARTESIAN_POINT ( 'NONE',  ( 39.99999999999999289, 11.66666666666663765, 20.00000000000000000 ) ) ;
#890 = CIRCLE ( 'NONE', #621, 1.000000000000000888 ) ;
#891 = DIRECTION ( 'NONE',  ( 0.0000000000000000000, 1.000000000000000000, 0.0000000000000000000 ) ) ;
#892 = EDGE_CURVE ( 'NONE', #8960, #7879, #1474, .T. ) ;
#893 = ORIENTED_EDGE ( 'NONE', *, *, #4640, .T. ) ;
#894 = CIRCLE ( 'NONE', #2465, 2.999999999999992450 ) ;
#895 = VERTEX_POINT ( 'NONE', #2063 ) ;
#896 = ADVANCED_FACE ( 'NONE', ( #1046 ), #7912, .T. ) ;
#897 = CARTESIAN_POINT ( 'NONE',  ( 5.072652694264757400, 20.14528961632159820, 27.27694693915153934 ) ) ;
#898 = CARTESIAN_POINT ( 'NONE',  ( -21.25235012305799387, -27.00000000000000355, 16.00000000000000000 ) ) ;
#899 = ORIENTED_EDGE ( 'NONE', *, *, #6706, .F. ) ;
#900 = PLANE ( 'NONE',  #3215 ) ;
#901 = ORIENTED_EDGE ( 'NONE', *, *, #2438, .F. ) ;
#902 = PLANE ( 'NONE',  #9253 ) ;
#903 = CARTESIAN_POINT ( 'NONE',  ( -47.47136413395558208, -8.921639532710566201, -17.00000000000000000 ) ) ;
#904 = ORIENTED_EDGE ( 'NONE', *, *, #2476, .T. ) ;
#905 = ORIENTED_EDGE ( 'NONE', *, *, #5894, .T. ) ;
#906 = EDGE_CURVE ( 'NONE', #10115, #10501, #5730, .T. ) ;
#907 = EDGE_CURVE ( 'NONE', #8808, #10237, #2623, .T. ) ;
#908 = VERTEX_POINT ( 'NONE', #1256 ) ;
#909 = CARTESIAN_POINT ( 'NONE',  ( -47.76545418391609132, -4.171980414102221424, -15.93170785621790841 ) ) ;
#910 = COLOUR_RGB ( '',0.7921568627450980005, 0.8196078431372548767, 0.9333333333333333481 ) ;
#911 = ORIENTED_EDGE ( 'NONE', *, *, #3817, .F. ) ;
#912 = ORIENTED_EDGE ( 'NONE', *, *, #141, .T. ) ;
#913 = ORIENTED_EDGE ( 'NONE', *, *, #6293, .T. ) ;
#914 = CARTESIAN_POINT ( 'NONE',  ( -20.80709762260210738, -0.01710466080092259630, -11.48421643677575865 ) ) ;
#915 = CARTESIAN_POINT ( 'NONE',  ( -49.32428295434048238, -6.327103434332690846, -16.00000000000000000 ) ) ;
#916 = CARTESIAN_POINT ( 'NONE',  ( 0.0000000000000000000, 0.0000000000000000000, 13.50000000000000000 ) ) ;
#917 = CARTESIAN_POINT ( 'NONE',  ( 14.20419899880919168, 2.452046392830443899, -14.07979867761707382 ) ) ;
#918 = ORIENTED_EDGE ( 'NONE', *, *, #2572, .F. ) ;
#919 =( REPRESENTATION_RELATIONSHIP ('NONE','NONE', #3297, #3436 ) REPRESENTATION_RELATIONSHIP_WITH_TRANSFORMATION ( #1774 )SHAPE_REPRESENTATION_RELATIONSHIP( ) );
#920 = COLOUR_RGB ( '',0.7764705882352941346, 0.7568627450980391913, 0.7372549019607843590 ) ;
#921 = ORIENTED_EDGE ( 'NONE', *, *, #8653, .T. ) ;
#922 = STYLED_ITEM ( 'NONE', ( #4955 ), #8667 ) ;
#923 = CARTESIAN_POINT ( 'NONE',  ( -18.06039371099786095, -25.00000000000000000, -20.00000000000000355 ) ) ;
#924 = ORIENTED_EDGE ( 'NONE', *, *, #6864, .T. ) ;
#925 = DIRECTION ( 'NONE',  ( -1.347358039593636966E-16, 0.0000000000000000000, 1.000000000000000000 ) ) ;
#926 = CARTESIAN_POINT ( 'NONE',  ( -49.11713620887982756, -6.166423948098251451, 16.00000000000000000 ) ) ;
#927 = CARTESIAN_POINT ( 'NONE',  ( 2.959716367706854534, 20.72706986570518950, 26.12245122441547451 ) ) ;
#928 =( NAMED_UNIT ( * ) SI_UNIT ( $, .STERADIAN. ) SOLID_ANGLE_UNIT ( ) );
#929 = CARTESIAN_POINT ( 'NONE',  ( -16.36867270804286889, -3.336000359438830110, 15.71498729544548745 ) ) ;
#930 = EDGE_LOOP ( 'NONE', ( #5071, #379, #10513, #5052 ) ) ;
#931 = CIRCLE ( 'NONE', #7932, 2.000000000000000000 ) ;
#932 = EDGE_LOOP ( 'NONE', ( #10218, #2460 ) ) ;
#933 = EDGE_CURVE ( 'NONE', #10225, #1726, #5465, .T. ) ;
#934 = VERTEX_POINT ( 'NONE', #434 ) ;
#935 = CARTESIAN_POINT ( 'NONE',  ( 39.12698902700896753, 22.05290017622106546, 2.887101883937466251 ) ) ;
#936 = DIRECTION ( 'NONE',  ( 0.0000000000000000000, -0.0000000000000000000, -1.000000000000000000 ) ) ;
#937 = DIRECTION ( 'NONE',  ( 1.000000000000000000, 0.0000000000000000000, 0.0000000000000000000 ) ) ;
#938 = CARTESIAN_POINT ( 'NONE',  ( -47.99508469041674630, -9.622228305875150767, -17.00000000000000000 ) ) ;
#939 = ORIENTED_EDGE ( 'NONE', *, *, #8112, .F. ) ;
#940 = DIRECTION ( 'NONE',  ( 0.0000000000000000000, 1.000000000000000000, 0.0000000000000000000 ) ) ;
#941 = CLOSED_SHELL ( 'NONE', ( #6546, #1200, #2300, #10714, #2419, #72, #2373, #9162, #178, #3052, #6489, #9058, #7667, #4094, #6861, #8874, #2481, #7066, #2772, #4971, #2635, #24, #7993, #3108, #2636, #690, #9319, #4256, #7763 ) ) ;
#942 = ORIENTED_EDGE ( 'NONE', *, *, #4175, .F. ) ;
#943 = ORIENTED_EDGE ( 'NONE', *, *, #1047, .T. ) ;
#944 = ADVANCED_FACE ( 'NONE', ( #3259 ), #152, .F. ) ;
#945 = ADVANCED_FACE ( 'NONE', ( #1303 ), #9623, .T. ) ;
#946 = CARTESIAN_POINT ( 'NONE',  ( -20.25675770219317684, -0.09120195436164310610, -11.98357168838511555 ) ) ;
#947 = DIRECTION ( 'NONE',  ( 0.0000000000000000000, 0.0000000000000000000, -1.000000000000000000 ) ) ;
#948 = CARTESIAN_POINT ( 'NONE',  ( 41.99999999999999289, 22.03209181533656391, 2.999999999999999112 ) ) ;
#949 = ORIENTED_EDGE ( 'NONE', *, *, #2972, .F. ) ;
#950 = CARTESIAN_POINT ( 'NONE',  ( 2.956690342120252613, 4.000000000000000000, -5.228814567829927817 ) ) ;
#951 = AXIS2_PLACEMENT_3D ( 'NONE', #9369, #470, #9082 ) ;
#952 = ORIENTED_EDGE ( 'NONE', *, *, #7423, .F. ) ;
#953 = PRODUCT_DEFINITION_SHAPE ( 'NONE', 'NONE',  #7793 ) ;
#954 = EDGE_CURVE ( 'NONE', #10099, #8334, #3650, .T. ) ;
#955 = AXIS2_PLACEMENT_3D ( 'NONE', #7849, #2078, #10351 ) ;
#956 = VERTEX_POINT ( 'NONE', #4742 ) ;
#957 = CARTESIAN_POINT ( 'NONE',  ( -25.69999999999999929, 1.500000000000000000, 5.150000000000001243 ) ) ;
#958 = DIRECTION ( 'NONE',  ( 0.0000000000000000000, -1.000000000000000000, -0.0000000000000000000 ) ) ;
#959 = DIRECTION ( 'NONE',  ( 1.000000000000000000, 0.0000000000000000000, 0.0000000000000000000 ) ) ;
#960 = DIRECTION ( 'NONE',  ( 0.0000000000000000000, 1.000000000000000000, 0.0000000000000000000 ) ) ;
#961 = ORIENTED_EDGE ( 'NONE', *, *, #542, .F. ) ;
#962 = DIRECTION ( 'NONE',  ( 0.0000000000000000000, 0.0000000000000000000, -1.000000000000000000 ) ) ;
#963 = EDGE_CURVE ( 'NONE', #5103, #5232, #406, .T. ) ;
#964 = CONICAL_SURFACE ( 'NONE', #3835, 4.171999999999999709, 0.7853981633974509435 ) ;
#965 = CARTESIAN_POINT ( 'NONE',  ( 0.0000000000000000000, -25.66666666666665009, 20.00000000000000000 ) ) ;
#966 = CARTESIAN_POINT ( 'NONE',  ( 9.292305210990166486, 19.84950204030734966, 0.0000000000000000000 ) ) ;
#967 = DIRECTION ( 'NONE',  ( 0.0000000000000000000, 1.000000000000000000, 0.0000000000000000000 ) ) ;
#968 = EDGE_CURVE ( 'NONE', #1673, #660, #6234, .T. ) ;
#969 = CARTESIAN_POINT ( 'NONE',  ( -40.65544456622768621, -18.45577136593991341, -13.99999999999999645 ) ) ;
#970 = DIRECTION ( 'NONE',  ( -1.000000000000000000, 0.0000000000000000000, 0.0000000000000000000 ) ) ;
#971 = FACE_OUTER_BOUND ( 'NONE', #3253, .T. ) ;
#972 = CARTESIAN_POINT ( 'NONE',  ( -10.91149923374124953, 0.0000000000000000000, -16.76318177656527908 ) ) ;
#973 = CARTESIAN_POINT ( 'NONE',  ( 21.72202849340033382, 2.452451426071679208, -1.951599337616952923 ) ) ;
#974 = ORIENTED_EDGE ( 'NONE', *, *, #291, .T. ) ;
#975 = UNCERTAINTY_MEASURE_WITH_UNIT (LENGTH_MEASURE( 1.000000000000000082E-05 ), #4064, 'distance_accuracy_value', 'NONE');
#976 = CYLINDRICAL_SURFACE ( 'NONE', #7738, 5.000000000000000888 ) ;
#977 = CONICAL_SURFACE ( 'NONE', #7359, 5.000000000000000888, 1.047197551196596299 ) ;
#978 = FACE_OUTER_BOUND ( 'NONE', #6917, .T. ) ;
#979 = EDGE_CURVE ( 'NONE', #562, #5232, #7144, .T. ) ;
#980 = DIRECTION ( 'NONE',  ( 0.0000000000000000000, 1.000000000000000000, 0.0000000000000000000 ) ) ;
#981 = DIRECTION ( 'NONE',  ( 0.0000000000000000000, -0.0000000000000000000, 1.000000000000000000 ) ) ;
#982 = CARTESIAN_POINT ( 'NONE',  ( -48.57583265857833510, -5.819069231174260892, 16.00000000000000000 ) ) ;
#983 = VECTOR ( 'NONE', #1830, 1000.000000000000000 ) ;
#984 = CARTESIAN_POINT ( 'NONE',  ( -22.46339264990674778, -1.734723475976806700E-15, -8.882700002401914929 ) ) ;
#985 = ORIENTED_EDGE ( 'NONE', *, *, #9104, .F. ) ;
#986 = DIRECTION ( 'NONE',  ( 0.0000000000000000000, 0.0000000000000000000, 1.000000000000000000 ) ) ;
#987 = CARTESIAN_POINT ( 'NONE',  ( 14.59274161015280491, 2.452046392830443455, -13.68782314604820272 ) ) ;
#988 = ADVANCED_FACE ( 'NONE', ( #9492 ), #4714, .F. ) ;
#989 = EDGE_CURVE ( 'NONE', #6834, #703, #2719, .T. ) ;
#990 = CIRCLE ( 'NONE', #4279, 2.500000000000000000 ) ;
#991 = CARTESIAN_POINT ( 'NONE',  ( -2.500000000000007994, 4.330127018922190096, -6.099999999999999645 ) ) ;
#992 = VECTOR ( 'NONE', #2716, 1000.000000000000000 ) ;
#993 = FACE_BOUND ( 'NONE', #6621, .T. ) ;
#994 = DIRECTION ( 'NONE',  ( 1.347358039593636966E-16, -0.0000000000000000000, 1.000000000000000000 ) ) ;
#995 = EDGE_CURVE ( 'NONE', #3604, #6874, #5603, .T. ) ;
#996 = ORIENTED_EDGE ( 'NONE', *, *, #2960, .T. ) ;
#997 = CARTESIAN_POINT ( 'NONE',  ( -46.30940107675852602, -10.00000000000000178, -17.00000000000000000 ) ) ;
#998 = CARTESIAN_POINT ( 'NONE',  ( -48.63335286844683480, -7.843328432783208903, 16.50000000000000000 ) ) ;
#999 = DIRECTION ( 'NONE',  ( -0.8660254037844368202, 0.5000000000000032196, 0.0000000000000000000 ) ) ;
#1000 = CYLINDRICAL_SURFACE ( 'NONE', #2208, 1.000000000000000888 ) ;
#1001 = MECHANICAL_DESIGN_GEOMETRIC_PRESENTATION_REPRESENTATION (  '', ( #7189 ), #3992 ) ;
#1002 = FACE_OUTER_BOUND ( 'NONE', #3278, .T. ) ;
#1003 = DIRECTION ( 'NONE',  ( -0.0000000000000000000, -1.000000000000000000, -0.0000000000000000000 ) ) ;
#1004 = ORIENTED_EDGE ( 'NONE', *, *, #9048, .F. ) ;
#1005 =( GEOMETRIC_REPRESENTATION_CONTEXT ( 3 ) GLOBAL_UNCERTAINTY_ASSIGNED_CONTEXT ( ( #7227 ) ) GLOBAL_UNIT_ASSIGNED_CONTEXT ( ( #9724, #9603, #4733 ) ) REPRESENTATION_CONTEXT ( 'NONE', 'WORKASPACE' ) );
#1006 = CARTESIAN_POINT ( 'NONE',  ( -13.32686069953944497, -1.860833229207202510, -15.19203887802414776 ) ) ;
#1007 = LINE ( 'NONE', #9996, #6472 ) ;
#1008 = ORIENTED_EDGE ( 'NONE', *, *, #5019, .F. ) ;
#1009 = CARTESIAN_POINT ( 'NONE',  ( 3.197340939745714206, 22.24054010065556497, 1.747712137022986223 ) ) ;
#1010 = CARTESIAN_POINT ( 'NONE',  ( -41.32662511729986221, -12.14644144644022994, 15.99999999999986500 ) ) ;
#1011 = CARTESIAN_POINT ( 'NONE',  ( 20.35140718271905769, 0.0000000000000000000, 7.987517217311368434 ) ) ;
#1012 = VERTEX_POINT ( 'NONE', #7250 ) ;
#1013 = ORIENTED_EDGE ( 'NONE', *, *, #3805, .F. ) ;
#1014 = VECTOR ( 'NONE', #10483, 1000.000000000000227 ) ;
#1015 = ORIENTED_EDGE ( 'NONE', *, *, #6905, .T. ) ;
#1016 = ORIENTED_EDGE ( 'NONE', *, *, #86, .F. ) ;
#1017 = DIRECTION ( 'NONE',  ( -0.0000000000000000000, 0.0000000000000000000, 1.000000000000000000 ) ) ;
#1018 = CARTESIAN_POINT ( 'NONE',  ( -44.63955933959039868, -6.972568151493788946, 16.50000000000000000 ) ) ;
#1019 = EDGE_CURVE ( 'NONE', #3144, #6075, #488, .T. ) ;
#1020 = VERTEX_POINT ( 'NONE', #6390 ) ;
#1021 = CARTESIAN_POINT ( 'NONE',  ( -18.06039371099785740, -35.00000000000000000, 16.00000000000000000 ) ) ;
#1022 = AXIS2_PLACEMENT_3D ( 'NONE', #7330, #1385, #567 ) ;
#1023 = ORIENTED_EDGE ( 'NONE', *, *, #10529, .F. ) ;
#1024 = ORIENTED_EDGE ( 'NONE', *, *, #9251, .F. ) ;
#1025 = DIRECTION ( 'NONE',  ( -1.000000000000000000, -0.0000000000000000000, -0.0000000000000000000 ) ) ;
#1026 = VERTEX_POINT ( 'NONE', #8108 ) ;
#1027 = DIRECTION ( 'NONE',  ( 0.0000000000000000000, 0.0000000000000000000, -1.000000000000000000 ) ) ;
#1028 = CARTESIAN_POINT ( 'NONE',  ( -45.95630496707463664, -11.72993680440100128, -17.00000000000000000 ) ) ;
#1029 = VECTOR ( 'NONE', #4873, 1000.000000000000000 ) ;
#1030 = CARTESIAN_POINT ( 'NONE',  ( -46.30940107675852602, -10.00000000000000178, 17.00000000000000000 ) ) ;
#1031 = DIRECTION ( 'NONE',  ( 0.0000000000000000000, 1.000000000000000000, 0.0000000000000000000 ) ) ;
#1032 = B_SPLINE_CURVE_WITH_KNOTS ( 'NONE', 3,
 ( #7905, #8698, #419, #7008, #9557, #2156 ),
 .UNSPECIFIED., .F., .F.,
 ( 4, 2, 4 ),
 ( 0.008070708573309217163, 0.009531758523483284049, 0.01099280847365735093 ),
 .UNSPECIFIED. ) ;
#1033 = ORIENTED_EDGE ( 'NONE', *, *, #1451, .F. ) ;
#1034 = ORIENTED_EDGE ( 'NONE', *, *, #10682, .T. ) ;
#1035 = EDGE_CURVE ( 'NONE', #4398, #6999, #8974, .T. ) ;
#1036 = EDGE_CURVE ( 'NONE', #7737, #7114, #8683, .T. ) ;
#1037 = ORIENTED_EDGE ( 'NONE', *, *, #4682, .T. ) ;
#1038 = UNCERTAINTY_MEASURE_WITH_UNIT (LENGTH_MEASURE( 1.000000000000000082E-05 ), #1885, 'distance_accuracy_value', 'NONE');
#1039 = CARTESIAN_POINT ( 'NONE',  ( 44.17200000000001836, 0.0000000000000000000, 0.0000000000000000000 ) ) ;
#1040 = ORIENTED_EDGE ( 'NONE', *, *, #3251, .F. ) ;
#1041 = ADVANCED_FACE ( 'NONE', ( #8444 ), #2368, .T. ) ;
#1042 = LINE ( 'NONE', #1129, #5196 ) ;
#1043 = ORIENTED_EDGE ( 'NONE', *, *, #3791, .T. ) ;
#1044 = CARTESIAN_POINT ( 'NONE',  ( -18.26003305591795112, -1.834846057467681923, -14.87287283805342319 ) ) ;
#1045 = PLANE ( 'NONE',  #7704 ) ;
#1046 = FACE_OUTER_BOUND ( 'NONE', #6537, .T. ) ;
#1047 = EDGE_CURVE ( 'NONE', #8768, #7926, #539, .T. ) ;
#1048 = AXIS2_PLACEMENT_3D ( 'NONE', #5048, #10068, #7642 ) ;
#1049 = VECTOR ( 'NONE', #5298, 1000.000000000000000 ) ;
#1050 = EDGE_LOOP ( 'NONE', ( #10439, #9987, #6924, #7870, #7125 ) ) ;
#1051 = AXIS2_PLACEMENT_3D ( 'NONE', #3849, #3050, #9582 ) ;
#1052 = CARTESIAN_POINT ( 'NONE',  ( -12.29401712797151625, -5.000000000000001776, 16.00000000000000355 ) ) ;
#1053 = ORIENTED_EDGE ( 'NONE', *, *, #4626, .T. ) ;
#1054 = VERTEX_POINT ( 'NONE', #10500 ) ;
#1055 = CARTESIAN_POINT ( 'NONE',  ( -46.20075989647837389, -6.548080878539098038, 16.50000000000000000 ) ) ;
#1056 =( LENGTH_UNIT ( ) NAMED_UNIT ( * ) SI_UNIT ( .MILLI., .METRE. ) );
#1057 = ORIENTED_EDGE ( 'NONE', *, *, #4931, .F. ) ;
#1058 = CARTESIAN_POINT ( 'NONE',  ( -3.372500267112788830, 4.000000000000000000, 4.962483445647369429 ) ) ;
#1059 = VERTEX_POINT ( 'NONE', #10566 ) ;
#1060 = ORIENTED_EDGE ( 'NONE', *, *, #7048, .T. ) ;
#1061 = ORIENTED_EDGE ( 'NONE', *, *, #8163, .F. ) ;
#1062 = STYLED_ITEM ( 'NONE', ( #10613 ), #9891 ) ;
#1063 = VECTOR ( 'NONE', #4828, 1000.000000000000000 ) ;
#1064 = CARTESIAN_POINT ( 'NONE',  ( -19.00262419343523135, 0.0000000000000000000, -9.723055785304410392 ) ) ;
#1065 = DIRECTION ( 'NONE',  ( 0.0000000000000000000, -0.0000000000000000000, 1.000000000000000000 ) ) ;
#1066 = CARTESIAN_POINT ( 'NONE',  ( -30.00000000000000355, 0.0000000000000000000, -13.99999999999999822 ) ) ;
#1067 = DIRECTION ( 'NONE',  ( -0.0000000000000000000, -1.000000000000000000, -0.0000000000000000000 ) ) ;
#1068 = VERTEX_POINT ( 'NONE', #5586 ) ;
#1069 = CARTESIAN_POINT ( 'NONE',  ( 9.403276732240399838, 19.74602265198544160, 1.707041502791519560 ) ) ;
#1070 = DIRECTION ( 'NONE',  ( -0.0000000000000000000, -1.000000000000000000, -0.0000000000000000000 ) ) ;
#1071 = CARTESIAN_POINT ( 'NONE',  ( -17.16585835684802319, -2.799284254639078373, -15.49139210588191951 ) ) ;
#1072 = VECTOR ( 'NONE', #2999, 1000.000000000000000 ) ;
#1073 = CARTESIAN_POINT ( 'NONE',  ( -25.69999999999999929, 0.0000000000000000000, -8.000000000000000000 ) ) ;
#1074 = FACE_OUTER_BOUND ( 'NONE', #6362, .T. ) ;
#1075 = EDGE_CURVE ( 'NONE', #5462, #6600, #4807, .T. ) ;
#1076 = AXIS2_PLACEMENT_3D ( 'NONE', #8704, #3721, #6216 ) ;
#1077 = ORIENTED_EDGE ( 'NONE', *, *, #6180, .T. ) ;
#1078 = CARTESIAN_POINT ( 'NONE',  ( -2.500000000000003997, -4.330127018922192761, 0.0000000000000000000 ) ) ;
#1079 = DIRECTION ( 'NONE',  ( 1.000000000000000000, 0.0000000000000000000, 0.0000000000000000000 ) ) ;
#1080 = FILL_AREA_STYLE ('',( #7650 ) ) ;
#1081 = CARTESIAN_POINT ( 'NONE',  ( -14.96662954709576354, -35.00000000000000000, 26.00000000000000000 ) ) ;
#1082 = ADVANCED_FACE ( 'NONE', ( #2734 ), #3081, .T. ) ;
#1083 = ORIENTED_EDGE ( 'NONE', *, *, #4231, .T. ) ;
#1084 = EDGE_CURVE ( 'NONE', #4794, #7142, #809, .T. ) ;
#1085 = PLANE ( 'NONE',  #10041 ) ;
#1086 = EDGE_CURVE ( 'NONE', #8292, #7544, #6765, .T. ) ;
#1087 = ORIENTED_EDGE ( 'NONE', *, *, #5386, .T. ) ;
#1088 = AXIS2_PLACEMENT_3D ( 'NONE', #3836, #4663, #10442 ) ;
#1089 = CARTESIAN_POINT ( 'NONE',  ( -19.00265597472540335, 1.127570259384924611E-14, 9.723061284943863569 ) ) ;
#1090 = CARTESIAN_POINT ( 'NONE',  ( -13.32033297737229915, -1.864980210965269336, 15.19541503472147248 ) ) ;
#1091 = CARTESIAN_POINT ( 'NONE',  ( 0.0000000000000000000, 9.999999999999996447, 0.0000000000000000000 ) ) ;
#1092 = EDGE_CURVE ( 'NONE', #10225, #7229, #5863, .T. ) ;
#1093 = FACE_OUTER_BOUND ( 'NONE', #5859, .T. ) ;
#1094 = LINE ( 'NONE', #3270, #1633 ) ;
#1095 = FACE_OUTER_BOUND ( 'NONE', #2573, .T. ) ;
#1096 = CARTESIAN_POINT ( 'NONE',  ( 39.76126558828183022, 20.62880651903689611, 27.87725869656014410 ) ) ;
#1097 = CARTESIAN_POINT ( 'NONE',  ( -13.00000000000000000, 1.592040838891559095E-15, 11.50000000000000000 ) ) ;
#1098 = MANIFOLD_SOLID_BREP ( 'Hex', #4907 ) ;
#1099 = EDGE_CURVE ( 'NONE', #5194, #5174, #5087, .T. ) ;
#1100 = MECHANICAL_DESIGN_GEOMETRIC_PRESENTATION_REPRESENTATION (  '', ( #14 ), #9458 ) ;
#1101 = CARTESIAN_POINT ( 'NONE',  ( -16.67689176616126900, -3.140370676250404891, -15.64171518919879666 ) ) ;
#1102 = CYLINDRICAL_SURFACE ( 'NONE', #3724, 8.000000000000000000 ) ;
#1103 = FILL_AREA_STYLE ('',( #6223 ) ) ;
#1104 = FACE_OUTER_BOUND ( 'NONE', #8018, .T. ) ;
#1105 = TOROIDAL_SURFACE ( 'NONE', #9412, 5.399999999999999467, 0.4000000000000000222 ) ;
#1106 = CARTESIAN_POINT ( 'NONE',  ( 0.0000000000000000000, 5.303003746295109622, 0.0000000000000000000 ) ) ;
#1107 = EDGE_CURVE ( 'NONE', #4750, #7389, #683, .T. ) ;
#1108 = DIRECTION ( 'NONE',  ( -1.000000000000000000, 0.0000000000000000000, 0.0000000000000000000 ) ) ;
#1109 = FACE_OUTER_BOUND ( 'NONE', #9965, .T. ) ;
#1110 = CARTESIAN_POINT ( 'NONE',  ( 1.160948393155498402E-15, 5.303003746295109622, 5.000000000000068390 ) ) ;
#1111 = CONICAL_SURFACE ( 'NONE', #7835, 5.000000000000000888, 1.047197551196596299 ) ;
#1112 =( NAMED_UNIT ( * ) SI_UNIT ( $, .STERADIAN. ) SOLID_ANGLE_UNIT ( ) );
#1113 = PLANE ( 'NONE',  #7232 ) ;
#1114 = AXIS2_PLACEMENT_3D ( 'NONE', #9788, #3140, #4693 ) ;
#1115 = DIRECTION ( 'NONE',  ( 0.0000000000000000000, 0.0000000000000000000, -1.000000000000000000 ) ) ;
#1116 = AXIS2_PLACEMENT_3D ( 'NONE', #4191, #7580, #2630 ) ;
#1117 = ORIENTED_EDGE ( 'NONE', *, *, #7458, .T. ) ;
#1118 = CARTESIAN_POINT ( 'NONE',  ( 10.40000000000000036, 6.613092715395706481E-16, 5.399999999999999467 ) ) ;
#1119 = ORIENTED_EDGE ( 'NONE', *, *, #2432, .T. ) ;
#1120 = FACE_BOUND ( 'NONE', #5991, .T. ) ;
#1121 = CARTESIAN_POINT ( 'NONE',  ( 2.500000000000000000, 0.0000000000000000000, -6.099999999999999645 ) ) ;
#1122 = EDGE_LOOP ( 'NONE', ( #5697, #10604, #949, #1624 ) ) ;
#1123 = EDGE_CURVE ( 'NONE', #2436, #3362, #6515, .T. ) ;
#1124 = CARTESIAN_POINT ( 'NONE',  ( -23.36438766657581567, 1.734723475976807094E-15, -6.113329743221400214 ) ) ;
#1125 = DIRECTION ( 'NONE',  ( 1.000000000000000000, 0.0000000000000000000, -0.0000000000000000000 ) ) ;
#1126 = PLANE ( 'NONE',  #6341 ) ;
#1127 = CARTESIAN_POINT ( 'NONE',  ( 0.0000000000000000000, -2.818925648462311528E-15, -23.00000000000000000 ) ) ;
#1128 = ORIENTED_EDGE ( 'NONE', *, *, #10540, .T. ) ;
#1129 = CARTESIAN_POINT ( 'NONE',  ( 39.02254043520126459, 22.02686630917622779, 0.0000000000000000000 ) ) ;
#1130 = FACE_OUTER_BOUND ( 'NONE', #10006, .T. ) ;
#1131 = PRODUCT_DEFINITION_FORMATION_WITH_SPECIFIED_SOURCE ( 'ANY', '', #3758, .NOT_KNOWN. ) ;
#1132 = CARTESIAN_POINT ( 'NONE',  ( 0.0000000000000000000, 0.0000000000000000000, 7.000000000000000000 ) ) ;
#1133 = ORIENTED_EDGE ( 'NONE', *, *, #8364, .F. ) ;
#1134 = CARTESIAN_POINT ( 'NONE',  ( 1.178722544179327379E-15, 7.999999999999998224, 9.625000000000000000 ) ) ;
#1135 = EDGE_CURVE ( 'NONE', #9684, #10196, #9244, .T. ) ;
#1136 = ORIENTED_EDGE ( 'NONE', *, *, #1282, .F. ) ;
#1137 = AXIS2_PLACEMENT_3D ( 'NONE', #1097, #3033, #8348 ) ;
#1138 = ADVANCED_FACE ( 'NONE', ( #7541 ), #4997, .T. ) ;
#1139 = CARTESIAN_POINT ( 'NONE',  ( 15.33069386212223861, 0.0000000000000000000, -12.87970146197645782 ) ) ;
#1140 = ORIENTED_EDGE ( 'NONE', *, *, #4848, .T. ) ;
#1141 = VERTEX_POINT ( 'NONE', #3329 ) ;
#1142 = CARTESIAN_POINT ( 'NONE',  ( -12.83699460390957015, 0.6061139848721147638, -15.13392547490729356 ) ) ;
#1143 = DIRECTION ( 'NONE',  ( 0.0000000000000000000, 1.000000000000000000, 0.0000000000000000000 ) ) ;
#1144 = DIRECTION ( 'NONE',  ( -1.000000000000000000, 0.0000000000000000000, 0.0000000000000000000 ) ) ;
#1145 = ORIENTED_EDGE ( 'NONE', *, *, #6197, .T. ) ;
#1146 = CARTESIAN_POINT ( 'NONE',  ( -25.64522593462038458, 2.306159114433703028, -20.00000000000000355 ) ) ;
#1147 = ORIENTED_EDGE ( 'NONE', *, *, #9926, .T. ) ;
#1148 = CARTESIAN_POINT ( 'NONE',  ( -15.49160115967145757, -3.980263181230195180, 15.89703105376328018 ) ) ;
#1149 = VERTEX_POINT ( 'NONE', #7459 ) ;
#1150 = VERTEX_POINT ( 'NONE', #4171 ) ;
#1151 = ORIENTED_EDGE ( 'NONE', *, *, #7422, .T. ) ;
#1152 = B_SPLINE_SURFACE_WITH_KNOTS ( 'NONE', 3, 3, ( 
 ( #6789, #7549, #7611, #1784 ),
 ( #2557, #1686, #5941, #926 ),
 ( #1727, #3421, #3386, #9233 ),
 ( #2528, #2659, #5095, #982 ),
 ( #3344, #9157, #4190, #6855 ),
 ( #188, #10142, #1055, #7648 ),
 ( #9334, #5155, #1018, #5985 ),
 ( #4350, #1882, #7679, #6822 ),
 ( #5191, #222, #1849, #2692 ),
 ( #8475, #3531, #9309, #1896 ),
 ( #8518, #10216, #10122, #4366 ),
 ( #242, #4397, #5270, #5241 ),
 ( #7592, #8426, #4433, #5960 ),
 ( #1030, #2673, #6837, #8556 ),
 ( #10153, #2738, #998, #6871 ),
 ( #5998, #4333, #173, #1864 ),
 ( #275, #1933, #4297, #6769 ),
 ( #9410, #5171, #9380, #1799 ) ),
 .UNSPECIFIED., .T., .F., .F.,
 ( 4, 1, 1, 1, 1, 2, 2, 2, 1, 1, 1, 1, 4 ),
 ( 4, 4 ),
 ( 0.0000000000000000000, 0.01249999999999995559, 0.02499999999999991118, 0.03750000000000008882, 0.05000000000000004441, 0.2500000000000000000, 0.4999999999999998890, 0.7500000000000000000, 0.9499999999999999556, 0.9625000000000000222, 0.9749999999999999778, 0.9875000000000000444, 1.000000000000000000 ),
 ( 0.0000000000000000000, 1.000000000000000000 ),
 .UNSPECIFIED. ) ;
#1153 = CARTESIAN_POINT ( 'NONE',  ( -0.6361722663419685508, 4.000000000000000000, -6.000000027218217902 ) ) ;
#1154 = EDGE_CURVE ( 'NONE', #6482, #6638, #3768, .T. ) ;
#1155 = DIRECTION ( 'NONE',  ( -1.000000000000000000, 0.0000000000000000000, 0.0000000000000000000 ) ) ;
#1156 = AXIS2_PLACEMENT_3D ( 'NONE', #4822, #8999, #817 ) ;
#1157 = CARTESIAN_POINT ( 'NONE',  ( 13.00000000000000000, 0.0000000000000000000, -11.50000000000000000 ) ) ;
#1158 = CARTESIAN_POINT ( 'NONE',  ( 3.235556812105399249, 4.000000000000000000, -5.055550121566833255 ) ) ;
#1159 = ORIENTED_EDGE ( 'NONE', *, *, #10606, .F. ) ;
#1160 = CARTESIAN_POINT ( 'NONE',  ( -21.25235012305799387, -27.00000000000000355, -16.00000000000000000 ) ) ;
#1161 = DIRECTION ( 'NONE',  ( -0.0000000000000000000, -0.0000000000000000000, 1.000000000000000000 ) ) ;
#1162 = LINE ( 'NONE', #2008, #2492 ) ;
#1163 = ORIENTED_EDGE ( 'NONE', *, *, #4490, .T. ) ;
#1164 = ORIENTED_EDGE ( 'NONE', *, *, #9802, .T. ) ;
#1165 = CARTESIAN_POINT ( 'NONE',  ( 39.26439155837419293, 21.05655294009385514, 0.0000000000000000000 ) ) ;
#1166 = FACE_OUTER_BOUND ( 'NONE', #3711, .T. ) ;
#1167 = UNCERTAINTY_MEASURE_WITH_UNIT (LENGTH_MEASURE( 1.000000000000000082E-05 ), #2661, 'distance_accuracy_value', 'NONE');
#1168 = CARTESIAN_POINT ( 'NONE',  ( -20.94304824719209535, 6.972682890450046943E-12, 4.184671642071812414 ) ) ;
#1169 = CARTESIAN_POINT ( 'NONE',  ( -11.61153443165432897, 0.2198104142360479685, -16.30877511643463862 ) ) ;
#1170 = FACE_OUTER_BOUND ( 'NONE', #6814, .T. ) ;
#1171 = ORIENTED_EDGE ( 'NONE', *, *, #7960, .F. ) ;
#1172 = CARTESIAN_POINT ( 'NONE',  ( 6.651350249290356231, 20.72999999999999687, 1.000000000000000000 ) ) ;
#1173 = DIRECTION ( 'NONE',  ( 0.0000000000000000000, 0.0000000000000000000, -1.000000000000000000 ) ) ;
#1174 = CIRCLE ( 'NONE', #9274, 2.499999999999998668 ) ;
#1175 = EDGE_CURVE ( 'NONE', #10027, #9876, #668, .T. ) ;
#1176 = ORIENTED_EDGE ( 'NONE', *, *, #7268, .F. ) ;
#1177 = AXIS2_PLACEMENT_3D ( 'NONE', #6844, #3586, #180 ) ;
#1178 = LINE ( 'NONE', #6959, #4818 ) ;
#1179 = DIRECTION ( 'NONE',  ( 0.5000000000000032196, 0.8660254037844368202, -6.736790197968227970E-17 ) ) ;
#1180 = DIRECTION ( 'NONE',  ( 0.0000000000000000000, 0.0000000000000000000, 1.000000000000000000 ) ) ;
#1181 = EDGE_LOOP ( 'NONE', ( #5836, #10105, #2698, #10471 ) ) ;
#1182 = CARTESIAN_POINT ( 'NONE',  ( 0.8192951148925848859, -5.300482436767293137, -0.1983443223721672588 ) ) ;
#1183 = CARTESIAN_POINT ( 'NONE',  ( -46.30940107675852602, -10.00000000000000178, -17.00000000000000000 ) ) ;
#1184 = CARTESIAN_POINT ( 'NONE',  ( -49.22070958161013721, -6.246763691215460490, 16.00000000000000000 ) ) ;
#1185 = CLOSED_SHELL ( 'NONE', ( #2359, #10665, #3290, #3392, #3599, #9218, #9773, #9269, #10020, #7315, #2991, #9112, #5180, #8526, #613, #10265, #7355, #8065, #4571, #6560, #8051, #5555, #10605, #6154 ) ) ;
#1186 = EDGE_CURVE ( 'NONE', #5921, #5884, #143, .T. ) ;
#1187 = PRESENTATION_STYLE_ASSIGNMENT (( #7197 ) ) ;
#1188 = VERTEX_POINT ( 'NONE', #3476 ) ;
#1189 = ORIENTED_EDGE ( 'NONE', *, *, #4439, .T. ) ;
#1190 = CIRCLE ( 'NONE', #7437, 31.26025732058001338 ) ;
#1191 = AXIS2_PLACEMENT_3D ( 'NONE', #8903, #10672, #1587 ) ;
#1192 = AXIS2_PLACEMENT_3D ( 'NONE', #3183, #659, #8993 ) ;
#1193 = CARTESIAN_POINT ( 'NONE',  ( -3.000000000000000000, 0.0000000000000000000, -6.074599999999999334 ) ) ;
#1194 = DIRECTION ( 'NONE',  ( -0.0000000000000000000, -0.0000000000000000000, 1.000000000000000000 ) ) ;
#1195 = ORIENTED_EDGE ( 'NONE', *, *, #1092, .T. ) ;
#1196 = SURFACE_STYLE_USAGE ( .BOTH. , #1340 ) ;
#1197 = DIRECTION ( 'NONE',  ( -1.000000000000000000, 0.0000000000000000000, 0.0000000000000000000 ) ) ;
#1198 = CARTESIAN_POINT ( 'NONE',  ( 0.0000000000000000000, -1.022107221908487684, -13.53952102847735972 ) ) ;
#1199 = CIRCLE ( 'NONE', #10189, 19.02062639683619594 ) ;
#1200 = ADVANCED_FACE ( 'NONE', ( #6642 ), #1436, .T. ) ;
#1201 = DIRECTION ( 'NONE',  ( 1.000000000000000000, 0.0000000000000000000, 0.0000000000000000000 ) ) ;
#1202 = PLANE ( 'NONE',  #543 ) ;
#1203 = CIRCLE ( 'NONE', #10191, 10.00000000000000178 ) ;
#1204 =( GEOMETRIC_REPRESENTATION_CONTEXT ( 3 ) GLOBAL_UNCERTAINTY_ASSIGNED_CONTEXT ( ( #8727 ) ) GLOBAL_UNIT_ASSIGNED_CONTEXT ( ( #9237, #4251, #3458 ) ) REPRESENTATION_CONTEXT ( 'NONE', 'WORKASPACE' ) );
#1205 = CARTESIAN_POINT ( 'NONE',  ( -22.31707707171354116, 1.734723475976807094E-15, 9.276172004140102345 ) ) ;
#1206 = CARTESIAN_POINT ( 'NONE',  ( 3.500000000000000000, 5.773502691896261751, 0.0000000000000000000 ) ) ;
#1207 = EDGE_LOOP ( 'NONE', ( #402, #6899, #8749, #3116 ) ) ;
#1208 = CARTESIAN_POINT ( 'NONE',  ( 45.00000000000001421, 0.0000000000000000000, 0.0000000000000000000 ) ) ;
#1209 = AXIS2_PLACEMENT_3D ( 'NONE', #1853, #3535, #5099 ) ;
#1210 = CIRCLE ( 'NONE', #2167, 2.499999999999998668 ) ;
#1211 = CARTESIAN_POINT ( 'NONE',  ( 40.26439155837419293, 20.81213173596535881, 27.00000000000000000 ) ) ;
#1212 = CARTESIAN_POINT ( 'NONE',  ( -13.58252057942866742, -35.00000000000000711, -16.08967344060232563 ) ) ;
#1213 = ORIENTED_EDGE ( 'NONE', *, *, #5341, .T. ) ;
#1214 = DIRECTION ( 'NONE',  ( -1.347358039593636966E-16, 0.0000000000000000000, -1.000000000000000000 ) ) ;
#1215 = CARTESIAN_POINT ( 'NONE',  ( -13.29727667536758418, -1.899930691223541857, -15.21449598858577446 ) ) ;
#1216 = CARTESIAN_POINT ( 'NONE',  ( -46.30940107675852602, -10.00000000000000178, 13.99999999999999112 ) ) ;
#1217 = DIRECTION ( 'NONE',  ( 0.0000000000000000000, 0.0000000000000000000, 1.000000000000000000 ) ) ;
#1218 = EDGE_CURVE ( 'NONE', #5644, #2376, #8046, .T. ) ;
#1219 = AXIS2_PLACEMENT_3D ( 'NONE', #2302, #634, #5667 ) ;
#1220 = DIRECTION ( 'NONE',  ( 0.0000000000000000000, -0.0000000000000000000, 1.000000000000000000 ) ) ;
#1221 = CARTESIAN_POINT ( 'NONE',  ( 0.0000000000000000000, -2.352327244186589006, 0.0000000000000000000 ) ) ;
#1222 = FACE_OUTER_BOUND ( 'NONE', #7976, .T. ) ;
#1223 = CARTESIAN_POINT ( 'NONE',  ( 0.0000000000000000000, 6.000000000000000000, 0.0000000000000000000 ) ) ;
#1224 = ORIENTED_EDGE ( 'NONE', *, *, #8789, .T. ) ;
#1225 =( LENGTH_UNIT ( ) NAMED_UNIT ( * ) SI_UNIT ( .MILLI., .METRE. ) );
#1226 = PLANE ( 'NONE',  #1323 ) ;
#1227 = CARTESIAN_POINT ( 'NONE',  ( 5.000000000000000000, 2.886751345948137981, -5.653418012614791266 ) ) ;
#1228 = DIRECTION ( 'NONE',  ( -0.0000000000000000000, -0.0000000000000000000, 1.000000000000000000 ) ) ;
#1229 = CARTESIAN_POINT ( 'NONE',  ( 8.999999999999992895, 20.11813772300486747, 25.50000000000000000 ) ) ;
#1230 = CIRCLE ( 'NONE', #5684, 2.499999999999998668 ) ;
#1231 = EDGE_CURVE ( 'NONE', #5693, #4129, #7899, .T. ) ;
#1232 = DIRECTION ( 'NONE',  ( 0.0000000000000000000, 0.0000000000000000000, 1.000000000000000000 ) ) ;
#1233 = EDGE_CURVE ( 'NONE', #9266, #5103, #8304, .T. ) ;
#1235 = CIRCLE ( 'NONE', #1209, 5.999999999999998224 ) ;
#1234 = AXIS2_PLACEMENT_3D ( 'NONE', #3218, #4163, #9964 ) ;
#1236 = CARTESIAN_POINT ( 'NONE',  ( 5.000000000000000888, -1.936377641173858688, -0.1973691732449216474 ) ) ;
#1237 = CARTESIAN_POINT ( 'NONE',  ( -15.59938586891354362, -0.9569068703917757990, 13.99935448691319273 ) ) ;
#1238 = PLANE ( 'NONE',  #32 ) ;
#1239 = FACE_OUTER_BOUND ( 'NONE', #561, .T. ) ;
#1240 = PRESENTATION_STYLE_ASSIGNMENT (( #10412 ) ) ;
#1241 = LINE ( 'NONE', #4833, #8262 ) ;
#1242 = CARTESIAN_POINT ( 'NONE',  ( 39.87170032602629277, 20.66657781753298906, 27.80496672854095408 ) ) ;
#1243 = DIRECTION ( 'NONE',  ( 1.000000000000000000, 0.0000000000000000000, 0.0000000000000000000 ) ) ;
#1244 = ORIENTED_EDGE ( 'NONE', *, *, #10259, .F. ) ;
#1245 = ADVANCED_FACE ( 'NONE', ( #7002 ), #2353, .T. ) ;
#1246 = AXIS2_PLACEMENT_3D ( 'NONE', #5923, #6733, #1837 ) ;
#1247 = DIRECTION ( 'NONE',  ( -1.000000000000000000, -0.0000000000000000000, -0.0000000000000000000 ) ) ;
#1248 = DIRECTION ( 'NONE',  ( 1.000000000000000000, 0.0000000000000000000, 0.0000000000000000000 ) ) ;
#1249 = AXIS2_PLACEMENT_3D ( 'NONE', #4443, #6179, #5362 ) ;
#1250 = PLANE ( 'NONE',  #2897 ) ;
#1251 = CARTESIAN_POINT ( 'NONE',  ( 1.473985881113527248E-14, 19.11813772300487457, 2.499999999999999556 ) ) ;
#1252 = VECTOR ( 'NONE', #8750, 1000.000000000000000 ) ;
#1253 = ORIENTED_EDGE ( 'NONE', *, *, #8470, .T. ) ;
#1254 = VECTOR ( 'NONE', #10737, 1000.000000000000000 ) ;
#1255 = VERTEX_POINT ( 'NONE', #6878 ) ;
#1256 = CARTESIAN_POINT ( 'NONE',  ( 3.000000000000000000, 0.0000000000000000000, -6.099999999999997868 ) ) ;
#1257 = CARTESIAN_POINT ( 'NONE',  ( -3.372500267112788830, 4.000000000000000000, 4.962483445647369429 ) ) ;
#1258 = TOROIDAL_SURFACE ( 'NONE', #4323, 14.50000000000000533, 3.000000000000000000 ) ;
#1259 = ORIENTED_EDGE ( 'NONE', *, *, #6227, .T. ) ;
#1260 = DIRECTION ( 'NONE',  ( -0.0000000000000000000, -1.000000000000000000, -0.0000000000000000000 ) ) ;
#1261 =( NAMED_UNIT ( * ) PLANE_ANGLE_UNIT ( ) SI_UNIT ( $, .RADIAN. ) );
#1262 = CARTESIAN_POINT ( 'NONE',  ( 0.0000000000000000000, 132.7585063021263352, -6.251106233125548250 ) ) ;
#1263 = ORIENTED_EDGE ( 'NONE', *, *, #8358, .F. ) ;
#1264 = DIRECTION ( 'NONE',  ( -0.0000000000000000000, 0.0000000000000000000, -1.000000000000000000 ) ) ;
#1265 = ORIENTED_EDGE ( 'NONE', *, *, #2624, .F. ) ;
#1266 = AXIS2_PLACEMENT_3D ( 'NONE', #3824, #9718, #8893 ) ;
#1267 = VECTOR ( 'NONE', #4049, 1000.000000000000000 ) ;
#1268 = CARTESIAN_POINT ( 'NONE',  ( 0.0000000000000000000, 1.853294213043345184, 0.0000000000000000000 ) ) ;
#1269 = DIRECTION ( 'NONE',  ( -0.9306005987039488447, 0.3660362354902201854, -0.0000000000000000000 ) ) ;
#1270 = VERTEX_POINT ( 'NONE', #2744 ) ;
#1271 = ORIENTED_EDGE ( 'NONE', *, *, #4625, .F. ) ;
#1272 = CARTESIAN_POINT ( 'NONE',  ( -13.32949769712837806, -1.860150800268600690, 15.19120254519199165 ) ) ;
#1273 = CARTESIAN_POINT ( 'NONE',  ( 39.52207375387830268, 20.55253244500222110, 0.02516079897597751913 ) ) ;
#1274 = ORIENTED_EDGE ( 'NONE', *, *, #8651, .F. ) ;
#1275 = CARTESIAN_POINT ( 'NONE',  ( 5.000000000000000000, -2.316617955123370987, 4.012500000000000178 ) ) ;
#1276 = ORIENTED_EDGE ( 'NONE', *, *, #8267, .T. ) ;
#1277 = ORIENTED_EDGE ( 'NONE', *, *, #4558, .F. ) ;
#1278 = CARTESIAN_POINT ( 'NONE',  ( -46.20075989647837389, -6.548080878539098038, -16.50000000000000000 ) ) ;
#1279 = CARTESIAN_POINT ( 'NONE',  ( 6.011333858351814108, 4.000000000000000000, 0.5182477292813574277 ) ) ;
#1280 = PRODUCT_DEFINITION_SHAPE ( 'NONE', 'NONE',  #10745 ) ;
#1281 = CARTESIAN_POINT ( 'NONE',  ( 3.887881227897237077E-16, -0.4883827417489982614, -4.999999999999999112 ) ) ;
#1282 = EDGE_CURVE ( 'NONE', #5103, #7088, #4535, .T. ) ;
#1283 = ORIENTED_EDGE ( 'NONE', *, *, #10318, .F. ) ;
#1284 = MECHANICAL_DESIGN_GEOMETRIC_PRESENTATION_REPRESENTATION (  '', ( #6708 ), #8499 ) ;
#1285 = LINE ( 'NONE', #5749, #1029 ) ;
#1286 = CARTESIAN_POINT ( 'NONE',  ( 2.645612039746561894, 21.32455762574603852, 2.000000000000008438 ) ) ;
#1287 = DIRECTION ( 'NONE',  ( -0.0000000000000000000, -0.0000000000000000000, -1.000000000000000000 ) ) ;
#1288 = ORIENTED_EDGE ( 'NONE', *, *, #7370, .F. ) ;
#1289 = DIRECTION ( 'NONE',  ( 0.0000000000000000000, 0.0000000000000000000, -1.000000000000000000 ) ) ;
#1290 = DIRECTION ( 'NONE',  ( -1.000000000000000000, 0.0000000000000000000, -0.0000000000000000000 ) ) ;
#1291 = B_SPLINE_CURVE_WITH_KNOTS ( 'NONE', 3,
 ( #8342, #9191, #9123, #4110, #827, #3241, #8200, #5742, #5849, #9085, #1723, #8306 ),
 .UNSPECIFIED., .F., .F.,
 ( 4, 2, 2, 2, 2, 4 ),
 ( 0.0000000000000000000, 0.0002118418198207627562, 0.0004236836396415255123, 0.0008473672792830593730, 0.001271050918924593234, 0.001694734558566126986 ),
 .UNSPECIFIED. ) ;
#1292 = EDGE_LOOP ( 'NONE', ( #2342, #7641, #3662, #421, #6877, #918 ) ) ;
#1293 = VERTEX_POINT ( 'NONE', #9214 ) ;
#1294 = EDGE_LOOP ( 'NONE', ( #5708, #399, #801, #8327, #4741 ) ) ;
#1295 = CARTESIAN_POINT ( 'NONE',  ( -1.482093843553000810E-15, -5.000000000000000000, -11.00000000000000178 ) ) ;
#1296 = VERTEX_POINT ( 'NONE', #8433 ) ;
#1297 =( NAMED_UNIT ( * ) PLANE_ANGLE_UNIT ( ) SI_UNIT ( $, .RADIAN. ) );
#1298 = ORIENTED_EDGE ( 'NONE', *, *, #3264, .F. ) ;
#1299 = EDGE_CURVE ( 'NONE', #5979, #9220, #2844, .T. ) ;
#1300 = EDGE_CURVE ( 'NONE', #2325, #3896, #10107, .T. ) ;
#1301 = DIRECTION ( 'NONE',  ( -0.0000000000000000000, -1.000000000000000000, -0.0000000000000000000 ) ) ;
#1302 = AXIS2_PLACEMENT_3D ( 'NONE', #1444, #9686, #4705 ) ;
#1303 = FACE_OUTER_BOUND ( 'NONE', #7674, .T. ) ;
#1304 = DIRECTION ( 'NONE',  ( -0.005798184538827749410, -0.9999831903867453242, -4.066707188630091350E-17 ) ) ;
#1305 = CARTESIAN_POINT ( 'NONE',  ( 2.500000000000004885, 4.330127018922191873, 0.0000000000000000000 ) ) ;
#1306 = CARTESIAN_POINT ( 'NONE',  ( 13.81565638746558022, 0.0000000000000000000, -14.47177420918595026 ) ) ;
#1307 =( BOUNDED_CURVE ( )  B_SPLINE_CURVE ( 3, ( #1382, #6277, #4031, #4860 ),
 .UNSPECIFIED., .F., .F. ) 
 B_SPLINE_CURVE_WITH_KNOTS ( ( 4, 4 ),
 ( 5.487786476995439422, 5.639684198386301084 ),
 .UNSPECIFIED. ) 
 CURVE ( )  GEOMETRIC_REPRESENTATION_ITEM ( )  RATIONAL_B_SPLINE_CURVE ( ( 1.000000000000000000, 0.9980781809106359370, 0.9980781809106359370, 1.000000000000000000 ) ) 
 REPRESENTATION_ITEM ( '' )  );
#1308 = CARTESIAN_POINT ( 'NONE',  ( 0.4465819873852002742, 2.886751345948125547, 4.999999999999999112 ) ) ;
#1309 = CARTESIAN_POINT ( 'NONE',  ( -22.90994367372996265, 0.0001093852228968572729, 7.416089857628977988 ) ) ;
#1310 = ADVANCED_FACE ( 'NONE', ( #5965 ), #6749, .T. ) ;
#1311 = CARTESIAN_POINT ( 'NONE',  ( 0.4142135623730946459, 21.72521372180477783, 26.00000000000000000 ) ) ;
#1312 = ORIENTED_EDGE ( 'NONE', *, *, #193, .T. ) ;
#1313 = CARTESIAN_POINT ( 'NONE',  ( 10.40000000000000036, 6.123233995736765296E-16, -4.999999999999999112 ) ) ;
#1314 = EDGE_CURVE ( 'NONE', #9254, #8118, #7684, .T. ) ;
#1315 = VERTEX_POINT ( 'NONE', #2649 ) ;
#1316 = CARTESIAN_POINT ( 'NONE',  ( -15.38808349310994927, -2.860825593993039373, -15.54698849458499232 ) ) ;
#1317 = CARTESIAN_POINT ( 'NONE',  ( -15.28721156849276674, -1.122660398076126942, 14.23617717853792364 ) ) ;
#1318 = CARTESIAN_POINT ( 'NONE',  ( 0.0000000000000000000, 0.0000000000000000000, 10.49999999999999822 ) ) ;
#1319 = DIRECTION ( 'NONE',  ( 1.000000000000000000, 1.387778780781445922E-16, 0.0000000000000000000 ) ) ;
#1320 = CARTESIAN_POINT ( 'NONE',  ( -4.336808689942017736E-16, 5.773502691896262640, -0.4465819873852080457 ) ) ;
#1321 = AXIS2_PLACEMENT_3D ( 'NONE', #5449, #3814, #7112 ) ;
#1322 = EDGE_LOOP ( 'NONE', ( #1298, #2425, #9095 ) ) ;
#1323 = AXIS2_PLACEMENT_3D ( 'NONE', #3738, #5405, #4593 ) ;
#1324 = B_SPLINE_CURVE_WITH_KNOTS ( 'NONE', 3,
 ( #4361, #9273, #237, #10082, #3100, #6101, #8820, #7165, #574, #3794, #6371, #3861, #9598, #3944, #4605, #9755 ),
 .UNSPECIFIED., .F., .F.,
 ( 4, 2, 2, 2, 2, 2, 2, 4 ),
 ( 0.0000000000000000000, 0.002251130356957479692, 0.004502260713914959384, 0.009004521427829917032, 0.01125565178478739672, 0.01350678214174487468, 0.01575791249870235264, 0.01800904285565983060 ),
 .UNSPECIFIED. ) ;
#1325 = VERTEX_POINT ( 'NONE', #4337 ) ;
#1326 = CARTESIAN_POINT ( 'NONE',  ( -33.87316485015981016, -22.19999999999999574, -20.00000000000000355 ) ) ;
#1327 = ORIENTED_EDGE ( 'NONE', *, *, #9300, .F. ) ;
#1328 = EDGE_LOOP ( 'NONE', ( #144, #1922 ) ) ;
#1329 = CARTESIAN_POINT ( 'NONE',  ( 3.500000000000000000, -5.773502691896264416, -8.673617379884035472E-16 ) ) ;
#1330 = CARTESIAN_POINT ( 'NONE',  ( 0.0000000000000000000, 7.722348195210097188, 0.0000000000000000000 ) ) ;
#1331 = VECTOR ( 'NONE', #10431, 1000.000000000000114 ) ;
#1332 = CARTESIAN_POINT ( 'NONE',  ( 3.197340939745713317, 22.24054010065556852, 1.747712137022990442 ) ) ;
#1333 = DIRECTION ( 'NONE',  ( 1.000000000000000000, 0.0000000000000000000, 0.0000000000000000000 ) ) ;
#1334 = EDGE_CURVE ( 'NONE', #6999, #1425, #2223, .T. ) ;
#1335 = AXIS2_PLACEMENT_3D ( 'NONE', #3142, #7337, #5607 ) ;
#1336 = ORIENTED_EDGE ( 'NONE', *, *, #4888, .T. ) ;
#1337 = CARTESIAN_POINT ( 'NONE',  ( -20.41796459387131435, -0.06392189896167141394, 11.82697353232671489 ) ) ;
#1338 = LINE ( 'NONE', #10161, #9271 ) ;
#1339 = CIRCLE ( 'NONE', #4105, 5.000000000000002665 ) ;
#1340 = SURFACE_SIDE_STYLE ('',( #6838 ) ) ;
#1341 = DIRECTION ( 'NONE',  ( 0.0000000000000000000, 0.0000000000000000000, -1.000000000000000000 ) ) ;
#1342 = CARTESIAN_POINT ( 'NONE',  ( -0.6336311669650944722, 4.000000000000000000, 6.823816964036582000 ) ) ;
#1343 = DIRECTION ( 'NONE',  ( 0.8191520442889937970, 0.0000000000000000000, 0.5735764363510431618 ) ) ;
#1345 = EDGE_CURVE ( 'NONE', #5877, #5979, #647, .T. ) ;
#1344 = DIRECTION ( 'NONE',  ( 0.0000000000000000000, 0.0000000000000000000, -1.000000000000000000 ) ) ;
#1346 = CARTESIAN_POINT ( 'NONE',  ( -22.96393871467475023, 0.0002817951347676779148, 7.202013754409168023 ) ) ;
#1347 = ORIENTED_EDGE ( 'NONE', *, *, #7796, .F. ) ;
#1348 = DIRECTION ( 'NONE',  ( -1.000000000000000000, 0.0000000000000000000, 0.0000000000000000000 ) ) ;
#1349 = CARTESIAN_POINT ( 'NONE',  ( 36.60402920347198830, 31.73000000000000043, 1.000000000000000000 ) ) ;
#1350 = CARTESIAN_POINT ( 'NONE',  ( 4.967676587408656808, 21.77447165066786283, 27.21958862503250387 ) ) ;
#1351 = PRODUCT_RELATED_PRODUCT_CATEGORY ( 'part', '', ( #1865 ) ) ;
#1352 = LINE ( 'NONE', #966, #62 ) ;
#1353 = CARTESIAN_POINT ( 'NONE',  ( 9.292305210990164710, 19.84950204030734966, 28.00000000000000000 ) ) ;
#1354 = CARTESIAN_POINT ( 'NONE',  ( -13.35058360246735276, -1.853857593234663703, 15.18333860843466709 ) ) ;
#1355 = EDGE_CURVE ( 'NONE', #1914, #5377, #2079, .T. ) ;
#1356 = FILL_AREA_STYLE ('',( #8892 ) ) ;
#1357 = AXIS2_PLACEMENT_3D ( 'NONE', #3072, #6416, #8863 ) ;
#1358 = DIRECTION ( 'NONE',  ( -1.000000000000000000, 0.0000000000000000000, 0.0000000000000000000 ) ) ;
#1359 = DIRECTION ( 'NONE',  ( 0.0000000000000000000, 1.000000000000000000, 0.0000000000000000000 ) ) ;
#1360 = LINE ( 'NONE', #171, #983 ) ;
#1361 = CARTESIAN_POINT ( 'NONE',  ( -47.17464862010623250, -8.671823601036876994, -17.00000000000000000 ) ) ;
#1362 = CARTESIAN_POINT ( 'NONE',  ( 4.565789619076920047, 20.72999999999999687, 27.00000000000000355 ) ) ;
#1363 = CARTESIAN_POINT ( 'NONE',  ( 0.0000000000000000000, 0.0000000000000000000, 0.0000000000000000000 ) ) ;
#1364 = ADVANCED_FACE ( 'NONE', ( #1166 ), #4808, .T. ) ;
#1365 = DIRECTION ( 'NONE',  ( 0.0000000000000000000, 0.0000000000000000000, 1.000000000000000000 ) ) ;
#1366 = DIRECTION ( 'NONE',  ( -1.000000000000000000, -1.776356839400250465E-15, 0.0000000000000000000 ) ) ;
#1367 = LINE ( 'NONE', #1821, #9939 ) ;
#1368 = B_SPLINE_CURVE_WITH_KNOTS ( 'NONE', 3,
 ( #6283, #1316, #3899, #4723, #752, #2275 ),
 .UNSPECIFIED., .F., .F.,
 ( 4, 2, 4 ),
 ( 0.0000000000000000000, 0.5000000000000000000, 1.000000000000000000 ),
 .UNSPECIFIED. ) ;
#1369 = FACE_OUTER_BOUND ( 'NONE', #6242, .T. ) ;
#1370 = EDGE_CURVE ( 'NONE', #5869, #8680, #8675, .T. ) ;
#1371 = VERTEX_POINT ( 'NONE', #315 ) ;
#1372 = AXIS2_PLACEMENT_3D ( 'NONE', #6458, #6606, #1489 ) ;
#1373 = CARTESIAN_POINT ( 'NONE',  ( 40.26439155837419293, 20.81213173596536237, 26.00000000000000355 ) ) ;
#1374 = CARTESIAN_POINT ( 'NONE',  ( 6.395970796528011704, 20.72999999999999687, 26.86046220127888517 ) ) ;
#1375 = FACE_OUTER_BOUND ( 'NONE', #6117, .T. ) ;
#1376 = CARTESIAN_POINT ( 'NONE',  ( -20.93301063723153987, -0.01024016858142400184, 11.38865031516872151 ) ) ;
#1377 = VECTOR ( 'NONE', #10007, 1000.000000000000114 ) ;
#1378 = CIRCLE ( 'NONE', #5788, 6.000000000000000888 ) ;
#1379 = APPLICATION_CONTEXT ( 'automotive_design' ) ;
#1380 = CARTESIAN_POINT ( 'NONE',  ( -21.97505122568147939, 2.452046392830443455, 6.240288046239619746 ) ) ;
#1381 = DIRECTION ( 'NONE',  ( 0.0000000000000000000, -0.0000000000000000000, 1.000000000000000000 ) ) ;
#1382 = CARTESIAN_POINT ( 'NONE',  ( -30.86602540378445525, -1.500000000000012657, 14.57071421427143498 ) ) ;
#1383 = ORIENTED_EDGE ( 'NONE', *, *, #8254, .F. ) ;
#1384 = DIRECTION ( 'NONE',  ( -1.000000000000000000, 0.0000000000000000000, 0.0000000000000000000 ) ) ;
#1385 = DIRECTION ( 'NONE',  ( 1.000000000000000000, 0.0000000000000000000, 0.0000000000000000000 ) ) ;
#1386 = EDGE_CURVE ( 'NONE', #5076, #9852, #5495, .T. ) ;
#1387 = AXIS2_PLACEMENT_3D ( 'NONE', #1881, #1017, #5190 ) ;
#1388 = CARTESIAN_POINT ( 'NONE',  ( -52.30940107675851891, -35.00000000000000000, -15.99999999999999289 ) ) ;
#1389 = FACE_OUTER_BOUND ( 'NONE', #5422, .T. ) ;
#1390 = CYLINDRICAL_SURFACE ( 'NONE', #4669, 1.000000000000000888 ) ;
#1391 = DIRECTION ( 'NONE',  ( 0.0000000000000000000, 1.000000000000000000, 0.0000000000000000000 ) ) ;
#1392 = CARTESIAN_POINT ( 'NONE',  ( -18.27247317801774784, -1.828613324988397348, 14.87440895938547847 ) ) ;
#1393 = CARTESIAN_POINT ( 'NONE',  ( -2.439489207627428158, -27.94352326045225254, -20.00000000000000355 ) ) ;
#1394 = ORIENTED_EDGE ( 'NONE', *, *, #7000, .F. ) ;
#1395 = DIRECTION ( 'NONE',  ( -1.347358039593636966E-16, 0.0000000000000000000, 1.000000000000000000 ) ) ;
#1396 = EDGE_LOOP ( 'NONE', ( #2774, #4935, #1977, #1411, #8840, #3487 ) ) ;
#1397 = EDGE_CURVE ( 'NONE', #7544, #3396, #7986, .T. ) ;
#1398 = VECTOR ( 'NONE', #9566, 1000.000000000000000 ) ;
#1399 = CARTESIAN_POINT ( 'NONE',  ( 5.871861041109780466, 4.000000000000000888, -1.387790826951000644 ) ) ;
#1400 = CARTESIAN_POINT ( 'NONE',  ( 9.915047309586592306, 19.25105660534284624, 26.50000000000000000 ) ) ;
#1401 = ORIENTED_EDGE ( 'NONE', *, *, #2961, .F. ) ;
#1402 =( GEOMETRIC_REPRESENTATION_CONTEXT ( 3 ) GLOBAL_UNCERTAINTY_ASSIGNED_CONTEXT ( ( #664 ) ) GLOBAL_UNIT_ASSIGNED_CONTEXT ( ( #1740, #10003, #5033 ) ) REPRESENTATION_CONTEXT ( 'NONE', 'WORKASPACE' ) );
#1403 = CARTESIAN_POINT ( 'NONE',  ( 0.0000000000000000000, 0.0000000000000000000, -13.50000000000000000 ) ) ;
#1404 = AXIS2_PLACEMENT_3D ( 'NONE', #4938, #9078, #4139 ) ;
#1405 = ORIENTED_EDGE ( 'NONE', *, *, #3418, .F. ) ;
#1406 = DIRECTION ( 'NONE',  ( 0.0000000000000000000, 1.000000000000000000, -1.310430179583815370E-15 ) ) ;
#1407 = CARTESIAN_POINT ( 'NONE',  ( -49.11713620887982756, -6.166423948098251451, -16.00000000000000000 ) ) ;
#1408 = CARTESIAN_POINT ( 'NONE',  ( 2.369572206135593273, 21.49339341425656968, 25.99999999999999645 ) ) ;
#1409 = EDGE_LOOP ( 'NONE', ( #360, #9221, #3478, #5214, #3655, #10328 ) ) ;
#1410 = VERTEX_POINT ( 'NONE', #5353 ) ;
#1411 = ORIENTED_EDGE ( 'NONE', *, *, #9505, .T. ) ;
#1412 = VERTEX_POINT ( 'NONE', #4502 ) ;
#1413 = VERTEX_POINT ( 'NONE', #7046 ) ;
#1414 = DIRECTION ( 'NONE',  ( 1.000000000000000000, 0.0000000000000000000, 0.0000000000000000000 ) ) ;
#1415 = APPLICATION_CONTEXT ( 'automotive_design' ) ;
#1416 = DIRECTION ( 'NONE',  ( -1.000000000000000000, 0.0000000000000000000, 0.0000000000000000000 ) ) ;
#1417 = CARTESIAN_POINT ( 'NONE',  ( 6.240288046239612640, 0.0000000000000000000, 21.97505122568147939 ) ) ;
#1418 = ORIENTED_EDGE ( 'NONE', *, *, #404, .F. ) ;
#1419 = CARTESIAN_POINT ( 'NONE',  ( -46.30940107675852602, -10.00000000000000178, 17.00000000000000000 ) ) ;
#1420 = CARTESIAN_POINT ( 'NONE',  ( -21.49920583820770759, 0.0000000000000000000, 10.99999999999999822 ) ) ;
#1421 = AXIS2_PLACEMENT_3D ( 'NONE', #644, #3064, #5716 ) ;
#1422 = ADVANCED_FACE ( 'NONE', ( #9230 ), #4677, .T. ) ;
#1423 = EDGE_LOOP ( 'NONE', ( #3376, #9133 ) ) ;
#1424 = AXIS2_PLACEMENT_3D ( 'NONE', #9846, #7408, #8239 ) ;
#1425 = VERTEX_POINT ( 'NONE', #3581 ) ;
#1426 = VERTEX_POINT ( 'NONE', #7760 ) ;
#1427 = CARTESIAN_POINT ( 'NONE',  ( -3.556264818047240261, -3.720292241887099394, -6.018341802876225444 ) ) ;
#1428 = CARTESIAN_POINT ( 'NONE',  ( -19.75798751891701599, -0.2652749516643370109, 12.61241311700862155 ) ) ;
#1429 = DIRECTION ( 'NONE',  ( 1.000000000000000000, 0.0000000000000000000, 0.0000000000000000000 ) ) ;
#1430 = ORIENTED_EDGE ( 'NONE', *, *, #8600, .F. ) ;
#1431 = CARTESIAN_POINT ( 'NONE',  ( -14.96662954709576177, -5.000000000000000888, -16.00000000000000000 ) ) ;
#1432 = CARTESIAN_POINT ( 'NONE',  ( -12.67909907807101533, -3.059950363931672523, -15.71035036889516157 ) ) ;
#1433 = FACE_BOUND ( 'NONE', #932, .T. ) ;
#1434 = ORIENTED_EDGE ( 'NONE', *, *, #9589, .F. ) ;
#1435 = ADVANCED_FACE ( 'NONE', ( #2495 ), #4548, .T. ) ;
#1436 = CYLINDRICAL_SURFACE ( 'NONE', #9260, 5.000000000000000000 ) ;
#1437 = ORIENTED_EDGE ( 'NONE', *, *, #278, .T. ) ;
#1438 = CARTESIAN_POINT ( 'NONE',  ( 0.1973348417602477367, -1.936114729415143509, 4.999999999999999112 ) ) ;
#1439 = EDGE_CURVE ( 'NONE', #10524, #1863, #9758, .T. ) ;
#1440 = AXIS2_PLACEMENT_3D ( 'NONE', #8157, #4720, #10514 ) ;
#1441 = CARTESIAN_POINT ( 'NONE',  ( 5.000000000000000000, -2.316617955123370987, 4.012500000000000178 ) ) ;
#1442 = CIRCLE ( 'NONE', #4805, 9.999999999999998224 ) ;
#1443 = VERTEX_POINT ( 'NONE', #1132 ) ;
#1444 = CARTESIAN_POINT ( 'NONE',  ( -14.96662954709576354, -5.000000000000000888, 26.00000000000000355 ) ) ;
#1445 = FACE_OUTER_BOUND ( 'NONE', #7765, .T. ) ;
#1446 = CARTESIAN_POINT ( 'NONE',  ( 39.26439155837419293, 21.05655294009385514, 0.0000000000000000000 ) ) ;
#1447 = B_SPLINE_CURVE_WITH_KNOTS ( 'NONE', 3,
 ( #5360, #5579, #698, #10559 ),
 .UNSPECIFIED., .F., .F.,
 ( 4, 4 ),
 ( 2.380735200829041677E-07, 0.002921158011986707288 ),
 .UNSPECIFIED. ) ;
#1448 = VERTEX_POINT ( 'NONE', #610 ) ;
#1449 =( BOUNDED_SURFACE ( )  B_SPLINE_SURFACE ( 3, 2, ( 
 ( #642, #605, #6442 ),
 ( #8025, #7228, #4695 ),
 ( #8936, #10475, #2278 ),
 ( #7311, #5493, #6322 ) ),
 .UNSPECIFIED., .F., .F., .F. ) 
 B_SPLINE_SURFACE_WITH_KNOTS ( ( 4, 4 ),
 ( 3, 3 ),
 ( 0.0001175707729201724865, 0.001160233958027873059 ),
 ( 0.0000000000000000000, 1.000000000000000000 ),
 .UNSPECIFIED. ) 
 GEOMETRIC_REPRESENTATION_ITEM ( )  RATIONAL_B_SPLINE_SURFACE ( (
 ( 1.000000000000000000, 0.7071067811865477948, 1.000000000000000000),
 ( 1.000000000000000000, 0.6865949208439118268, 1.000000000000000000),
 ( 1.000000000000000000, 0.6701956687704130333, 1.000000000000000000),
 ( 1.000000000000000000, 0.6599678889349523958, 1.000000000000000000) ) ) 
 REPRESENTATION_ITEM ( '' )  SURFACE ( )  );
#1450 = ORIENTED_EDGE ( 'NONE', *, *, #7960, .T. ) ;
#1451 = EDGE_CURVE ( 'NONE', #3548, #5161, #7529, .T. ) ;
#1452 = EDGE_CURVE ( 'NONE', #5729, #5492, #3145, .T. ) ;
#1453 = EDGE_LOOP ( 'NONE', ( #4411, #9599, #3246, #8507, #911, #9886 ) ) ;
#1454 = AXIS2_PLACEMENT_3D ( 'NONE', #2254, #3038, #8035 ) ;
#1455 = DIRECTION ( 'NONE',  ( -0.0000000000000000000, -1.000000000000000000, -0.0000000000000000000 ) ) ;
#1456 = ORIENTED_EDGE ( 'NONE', *, *, #8809, .F. ) ;
#1457 = EDGE_LOOP ( 'NONE', ( #10012, #3196, #1941 ) ) ;
#1458 = CARTESIAN_POINT ( 'NONE',  ( -46.30940107675852602, -10.00000000000000178, 17.00000000000000000 ) ) ;
#1459 = CARTESIAN_POINT ( 'NONE',  ( 9.292305210990166486, 19.84950204030734966, 26.18198697595824598 ) ) ;
#1460 = CIRCLE ( 'NONE', #5005, 10.00000000000000000 ) ;
#1461 = DIRECTION ( 'NONE',  ( 0.0000000000000000000, -0.0000000000000000000, 1.000000000000000000 ) ) ;
#1462 = DIRECTION ( 'NONE',  ( -0.0000000000000000000, -1.000000000000000000, 0.0000000000000000000 ) ) ;
#1463 = CARTESIAN_POINT ( 'NONE',  ( 5.000000000000000000, -5.258101095580060258E-15, -4.012500000000001066 ) ) ;
#1464 = CARTESIAN_POINT ( 'NONE',  ( 4.581856103564379445, 21.85416681768587566, 25.77011869494194940 ) ) ;
#1465 = ORIENTED_EDGE ( 'NONE', *, *, #3663, .F. ) ;
#1466 = CARTESIAN_POINT ( 'NONE',  ( -52.30940107675851891, -10.00000000000000178, -20.00000000000000355 ) ) ;
#1467 = DIRECTION ( 'NONE',  ( 0.0000000000000000000, 0.0000000000000000000, -1.000000000000000000 ) ) ;
#1468 = PRODUCT_DEFINITION_SHAPE ( 'NONE', 'NONE',  #821 ) ;
#1469 = DIRECTION ( 'NONE',  ( 0.0000000000000000000, 0.0000000000000000000, -1.000000000000000000 ) ) ;
#1470 = ORIENTED_EDGE ( 'NONE', *, *, #1231, .T. ) ;
#1471 = CARTESIAN_POINT ( 'NONE',  ( 13.00000000000000000, 0.0000000000000000000, 13.50000000000000000 ) ) ;
#1472 = STYLED_ITEM ( 'NONE', ( #8060 ), #1098 ) ;
#1473 = AXIS2_PLACEMENT_3D ( 'NONE', #10345, #4568, #7148 ) ;
#1474 = B_SPLINE_CURVE_WITH_KNOTS ( 'NONE', 3,
 ( #7837, #9661, #6302, #7028 ),
 .UNSPECIFIED., .F., .F.,
 ( 4, 4 ),
 ( 2.380735200797610931E-07, 0.002921158011986704685 ),
 .UNSPECIFIED. ) ;
#1475 = SURFACE_STYLE_FILL_AREA ( #5334 ) ;
#1476 = CARTESIAN_POINT ( 'NONE',  ( -47.27983724504240826, -8.748921230405159122, -17.00000000000000000 ) ) ;
#1477 = CARTESIAN_POINT ( 'NONE',  ( 5.000000000000000888, 0.0000000000000000000, -6.099999999999999645 ) ) ;
#1478 = PRODUCT_DEFINITION_SHAPE ( 'NONE', 'NONE',  #10748 ) ;
#1479 = CARTESIAN_POINT ( 'NONE',  ( -35.19615242270663913, -3.999999999999998224, 13.99999999999999645 ) ) ;
#1480 = ADVANCED_FACE ( 'NONE', ( #272 ), #17, .T. ) ;
#1481 = ORIENTED_EDGE ( 'NONE', *, *, #1674, .F. ) ;
#1482 = CARTESIAN_POINT ( 'NONE',  ( -52.30940107675851891, -35.00000000000000000, -13.99999999999999467 ) ) ;
#1483 = CARTESIAN_POINT ( 'NONE',  ( 0.0000000000000000000, 0.0000000000000000000, 0.0000000000000000000 ) ) ;
#1484 = CARTESIAN_POINT ( 'NONE',  ( -46.30940107675852602, -10.00000000000000178, 17.00000000000000000 ) ) ;
#1485 = CARTESIAN_POINT ( 'NONE',  ( 5.000000000000002665, -2.886751345948133540, -5.653418012614791266 ) ) ;
#1486 = EDGE_CURVE ( 'NONE', #3542, #1912, #5322, .T. ) ;
#1487 = LINE ( 'NONE', #4149, #583 ) ;
#1488 = AXIS2_PLACEMENT_3D ( 'NONE', #717, #4871, #5714 ) ;
#1489 = DIRECTION ( 'NONE',  ( 0.0000000000000000000, 0.0000000000000000000, 1.000000000000000000 ) ) ;
#1490 = DIRECTION ( 'NONE',  ( 0.0000000000000000000, -0.0000000000000000000, 1.000000000000000000 ) ) ;
#1491 = EDGE_LOOP ( 'NONE', ( #5565, #5552, #3248, #4556 ) ) ;
#1492 = ADVANCED_FACE ( 'NONE', ( #10231 ), #7769, .F. ) ;
#1493 = DIRECTION ( 'NONE',  ( 0.9306005987039488447, 0.3660362354902201298, 0.0000000000000000000 ) ) ;
#1494 = DIRECTION ( 'NONE',  ( -0.0000000000000000000, -1.000000000000000000, -0.0000000000000000000 ) ) ;
#1495 = CARTESIAN_POINT ( 'NONE',  ( -31.74999999999995737, 6.123233995736765296E-16, -4.999999999999999112 ) ) ;
#1496 = CARTESIAN_POINT ( 'NONE',  ( 0.0000000000000000000, -35.00000000000000000, 0.0000000000000000000 ) ) ;
#1497 = DIRECTION ( 'NONE',  ( -1.000000000000000000, -0.0000000000000000000, 0.0000000000000000000 ) ) ;
#1498 = DIRECTION ( 'NONE',  ( -0.0000000000000000000, -0.0000000000000000000, 1.000000000000000000 ) ) ;
#1499 = CIRCLE ( 'NONE', #5402, 1.000000000000000888 ) ;
#1500 = DIRECTION ( 'NONE',  ( -0.0000000000000000000, -0.0000000000000000000, -1.000000000000000000 ) ) ;
#1501 = CARTESIAN_POINT ( 'NONE',  ( 3.500000000000000000, 4.330127018922190985, 2.500000000000005329 ) ) ;
#1502 = CARTESIAN_POINT ( 'NONE',  ( 0.0000000000000000000, -0.9956277796461907581, 0.0000000000000000000 ) ) ;
#1503 = EDGE_CURVE ( 'NONE', #38, #4702, #8963, .T. ) ;
#1504 = AXIS2_PLACEMENT_3D ( 'NONE', #3180, #6448, #9824 ) ;
#1505 = CARTESIAN_POINT ( 'NONE',  ( 7.347880794884120722E-16, 0.0000000000000000000, -6.000000000000000888 ) ) ;
#1506 = CIRCLE ( 'NONE', #9020, 10.00000000000000178 ) ;
#1507 = CONICAL_SURFACE ( 'NONE', #5312, 4.985276673768730404, 0.009815708440995224091 ) ;
#1508 = CARTESIAN_POINT ( 'NONE',  ( -45.46956002651344164, -15.36003117112892724, -16.00000000000000000 ) ) ;
#1509 = CARTESIAN_POINT ( 'NONE',  ( 5.000000000000000000, 2.886751345948137981, -0.4465819873852080457 ) ) ;
#1510 = UNCERTAINTY_MEASURE_WITH_UNIT (LENGTH_MEASURE( 1.000000000000000082E-05 ), #1056, 'distance_accuracy_value', 'NONE');
#1511 = ORIENTED_EDGE ( 'NONE', *, *, #6541, .T. ) ;
#1512 = DIRECTION ( 'NONE',  ( 0.0000000000000000000, 0.0000000000000000000, -1.000000000000000000 ) ) ;
#1513 = CARTESIAN_POINT ( 'NONE',  ( 0.0000000000000000000, -1.022107221908487684, 0.0000000000000000000 ) ) ;
#1514 = CARTESIAN_POINT ( 'NONE',  ( 2.878813753845998580, 4.000000000000000000, -5.297992453606391372 ) ) ;
#1515 = CIRCLE ( 'NONE', #2803, 3.000000000000000000 ) ;
#1516 = EDGE_CURVE ( 'NONE', #5735, #3606, #9481, .T. ) ;
#1517 = CIRCLE ( 'NONE', #10683, 1.000000000000000000 ) ;
#1518 = CONICAL_SURFACE ( 'NONE', #8001, 23.00000000000000000, 1.469198717907601148 ) ;
#1519 = DIRECTION ( 'NONE',  ( 0.0000000000000000000, 0.0000000000000000000, -1.000000000000000000 ) ) ;
#1520 = CARTESIAN_POINT ( 'NONE',  ( 6.651350249290356231, 20.72999999999999687, 1.000000000000000000 ) ) ;
#1521 = EDGE_CURVE ( 'NONE', #1371, #8568, #8551, .T. ) ;
#1522 = FACE_OUTER_BOUND ( 'NONE', #5323, .T. ) ;
#1523 = CARTESIAN_POINT ( 'NONE',  ( -44.72162484987471487, -10.77222073478869291, 17.00000000000000000 ) ) ;
#1524 = CYLINDRICAL_SURFACE ( 'NONE', #431, 6.000000000000000888 ) ;
#1525 = DIRECTION ( 'NONE',  ( 0.0000000000000000000, 1.000000000000000000, 0.0000000000000000000 ) ) ;
#1526 = ADVANCED_FACE ( 'NONE', ( #6225 ), #8150, .F. ) ;
#1527 = DIRECTION ( 'NONE',  ( 0.0000000000000000000, -0.0000000000000000000, 1.000000000000000000 ) ) ;
#1528 = ORIENTED_EDGE ( 'NONE', *, *, #3754, .T. ) ;
#1529 = EDGE_CURVE ( 'NONE', #4147, #6638, #10630, .T. ) ;
#1530 = AXIS2_PLACEMENT_3D ( 'NONE', #1157, #3671, #7777 ) ;
#1531 = CARTESIAN_POINT ( 'NONE',  ( -49.22070958161015852, -6.246763691215471148, -16.00000000000000000 ) ) ;
#1532 = ORIENTED_EDGE ( 'NONE', *, *, #892, .T. ) ;
#1533 = CARTESIAN_POINT ( 'NONE',  ( -16.87010755656237393, 1.458017925632500100, 8.632302523536319327 ) ) ;
#1534 = ORIENTED_EDGE ( 'NONE', *, *, #6110, .F. ) ;
#1535 = DIRECTION ( 'NONE',  ( -1.000000000000000000, -0.0000000000000000000, -0.0000000000000000000 ) ) ;
#1536 = DIRECTION ( 'NONE',  ( -0.0000000000000000000, 0.0000000000000000000, -1.000000000000000000 ) ) ;
#1537 = ORIENTED_EDGE ( 'NONE', *, *, #2961, .T. ) ;
#1538 = CARTESIAN_POINT ( 'NONE',  ( 40.24664569318001384, 22.41701397265080331, 3.006030199481434018 ) ) ;
#1539 = CARTESIAN_POINT ( 'NONE',  ( 0.08165819712377250794, -4.939961795957300339, -1.443735181952765956 ) ) ;
#1540 = ORIENTED_EDGE ( 'NONE', *, *, #1716, .F. ) ;
#1541 = ORIENTED_EDGE ( 'NONE', *, *, #1334, .F. ) ;
#1542 = ADVANCED_FACE ( 'NONE', ( #1948 ), #8948, .F. ) ;
#1543 = EDGE_CURVE ( 'NONE', #9735, #5693, #5591, .T. ) ;
#1544 = CARTESIAN_POINT ( 'NONE',  ( -48.31922871950574461, -7.551329678991878680, -16.50000000000000000 ) ) ;
#1545 = CARTESIAN_POINT ( 'NONE',  ( -52.30940107675851891, -10.00000000000000178, 15.99999999999999289 ) ) ;
#1546 = CARTESIAN_POINT ( 'NONE',  ( 0.0000000000000000000, 1.853294213043345184, -12.42591725181291551 ) ) ;
#1547 = EDGE_LOOP ( 'NONE', ( #1117, #7957 ) ) ;
#1548 = AXIS2_PLACEMENT_3D ( 'NONE', #3286, #4115, #10696 ) ;
#1549 = ORIENTED_EDGE ( 'NONE', *, *, #3754, .F. ) ;
#1550 = AXIS2_PLACEMENT_3D ( 'NONE', #6804, #5999, #174 ) ;
#1551 = CARTESIAN_POINT ( 'NONE',  ( 0.0000000000000000000, 0.0000000000000000000, -11.50000000000000000 ) ) ;
#1552 = ORIENTED_EDGE ( 'NONE', *, *, #3124, .T. ) ;
#1553 = VERTEX_POINT ( 'NONE', #3949 ) ;
#1554 = ORIENTED_EDGE ( 'NONE', *, *, #4093, .F. ) ;
#1555 = EDGE_CURVE ( 'NONE', #5163, #6890, #5073, .T. ) ;
#1556 = CARTESIAN_POINT ( 'NONE',  ( -22.91337751123775490, 0.0003265838882502013923, -7.364220866874690685 ) ) ;
#1557 = CIRCLE ( 'NONE', #4262, 2.000000000000000000 ) ;
#1558 = ORIENTED_EDGE ( 'NONE', *, *, #7561, .F. ) ;
#1559 = EDGE_LOOP ( 'NONE', ( #2823, #372, #7767, #4468 ) ) ;
#1560 = VECTOR ( 'NONE', #6037, 1000.000000000000000 ) ;
#1561 = DIRECTION ( 'NONE',  ( 0.8775487755845258198, 0.0000000000000000000, -0.4794873788433849926 ) ) ;
#1562 = SURFACE_SIDE_STYLE ('',( #8755 ) ) ;
#1563 = DIRECTION ( 'NONE',  ( -0.0000000000000000000, -0.0000000000000000000, 1.000000000000000000 ) ) ;
#1564 = CARTESIAN_POINT ( 'NONE',  ( -48.04003200415749575, -7.343744156635383824, -16.50000000000000000 ) ) ;
#1565 = DIRECTION ( 'NONE',  ( -1.000000000000000000, 0.0000000000000000000, 0.0000000000000000000 ) ) ;
#1566 = EDGE_LOOP ( 'NONE', ( #4817, #7481 ) ) ;
#1567 = MECHANICAL_DESIGN_GEOMETRIC_PRESENTATION_REPRESENTATION (  '', ( #10097 ), #8234 ) ;
#1568 = VECTOR ( 'NONE', #9622, 1000.000000000000000 ) ;
#1569 = ORIENTED_EDGE ( 'NONE', *, *, #8246, .F. ) ;
#1570 = CARTESIAN_POINT ( 'NONE',  ( -25.69999999999999929, 1.500000000000000000, -10.84999999999999787 ) ) ;
#1571 = ORIENTED_EDGE ( 'NONE', *, *, #6986, .T. ) ;
#1572 = CYLINDRICAL_SURFACE ( 'NONE', #4043, 9.999999999999998224 ) ;
#1573 = CARTESIAN_POINT ( 'NONE',  ( 6.123233995736770227E-16, 5.999999999999996447, 5.000000000000003553 ) ) ;
#1574 = CARTESIAN_POINT ( 'NONE',  ( 6.395970796527967295, 20.11813772300487102, 0.03315909524535375769 ) ) ;
#1575 = DIRECTION ( 'NONE',  ( -0.0000000000000000000, -1.000000000000000000, -0.0000000000000000000 ) ) ;
#1576 = CARTESIAN_POINT ( 'NONE',  ( 0.05140428708382958900, -4.819072548984009607, -1.653121499799245608 ) ) ;
#1577 = FACE_OUTER_BOUND ( 'NONE', #7653, .T. ) ;
#1578 = ORIENTED_EDGE ( 'NONE', *, *, #9998, .T. ) ;
#1579 = VERTEX_POINT ( 'NONE', #4013 ) ;
#1580 = ORIENTED_EDGE ( 'NONE', *, *, #8347, .T. ) ;
#1581 = CARTESIAN_POINT ( 'NONE',  ( 5.000000000000000000, 0.0000000000000000000, 0.0000000000000000000 ) ) ;
#1582 = FILL_AREA_STYLE ('',( #9925 ) ) ;
#1583 = EDGE_CURVE ( 'NONE', #8142, #3405, #6375, .T. ) ;
#1584 = AXIS2_PLACEMENT_3D ( 'NONE', #3811, #632, #1384 ) ;
#1585 = CIRCLE ( 'NONE', #8196, 4.999999999999999112 ) ;
#1586 = ADVANCED_FACE ( 'NONE', ( #4283 ), #5847, .F. ) ;
#1587 = DIRECTION ( 'NONE',  ( 0.0000000000000000000, 0.0000000000000000000, -1.000000000000000000 ) ) ;
#1588 =( BOUNDED_SURFACE ( )  B_SPLINE_SURFACE ( 3, 2, ( 
 ( #9503, #1052, #9429 ),
 ( #297, #2779, #4446 ),
 ( #5328, #3666, #9397 ),
 ( #1148, #8602, #6152 ),
 ( #6949, #10140, #4416 ),
 ( #10235, #5223, #1916 ),
 ( #7772, #6989, #6853 ),
 ( #6013, #1876, #5187 ) ),
 .UNSPECIFIED., .F., .F., .T. ) 
 B_SPLINE_SURFACE_WITH_KNOTS ( ( 4, 2, 2, 4 ),
 ( 3, 3 ),
 ( 0.05564616185666201864, 0.05831366371568364598, 0.05964741464519446312, 0.06098116557470527332 ),
 ( 0.0000000000000000000, 1.000000000000000000 ),
 .UNSPECIFIED. ) 
 GEOMETRIC_REPRESENTATION_ITEM ( )  RATIONAL_B_SPLINE_SURFACE ( (
 ( 1.000000000000000000, 0.9660917830792958849, 1.000000000000000000),
 ( 1.000000000000000000, 0.9660851215400089176, 1.000000000000000000),
 ( 1.000000000000000000, 0.9641736556802202873, 1.000000000000000000),
 ( 1.000000000000000000, 0.9588345529898150144, 1.000000000000000000),
 ( 1.000000000000000000, 0.9566646037886741283, 1.000000000000000000),
 ( 1.000000000000000000, 0.9517162660595046564, 1.000000000000000000),
 ( 1.000000000000000000, 0.9489279489438628978, 1.000000000000000000),
 ( 1.000000000000000000, 0.9458627411406010932, 1.000000000000000000) ) ) 
 REPRESENTATION_ITEM ( '' )  SURFACE ( )  );
#1589 = CARTESIAN_POINT ( 'NONE',  ( 0.0000000000000000000, -4.330127018922188320, 2.500000000000009770 ) ) ;
#1590 = CARTESIAN_POINT ( 'NONE',  ( -5.000000000000000888, -1.936377641173861130, -0.1973691732449218139 ) ) ;
#1591 =( NAMED_UNIT ( * ) PLANE_ANGLE_UNIT ( ) SI_UNIT ( $, .RADIAN. ) );
#1592 = B_SPLINE_CURVE_WITH_KNOTS ( 'NONE', 3,
 ( #8184, #7388, #810, #8910 ),
 .UNSPECIFIED., .F., .F.,
 ( 4, 4 ),
 ( 4.336808689942017736E-19, 0.0002557986877141615574 ),
 .UNSPECIFIED. ) ;
#1593 = ORIENTED_EDGE ( 'NONE', *, *, #9438, .T. ) ;
#1594 = ORIENTED_EDGE ( 'NONE', *, *, #10432, .F. ) ;
#1595 = ORIENTED_EDGE ( 'NONE', *, *, #2432, .F. ) ;
#1596 = VECTOR ( 'NONE', #1462, 1000.000000000000000 ) ;
#1597 = DIRECTION ( 'NONE',  ( -1.000000000000000000, -2.498001805406602531E-14, 1.734723475976807341E-16 ) ) ;
#1598 = ADVANCED_FACE ( 'NONE', ( #8431 ), #3910, .T. ) ;
#1599 = EDGE_CURVE ( 'NONE', #2214, #5966, #4168, .T. ) ;
#1600 = ADVANCED_FACE ( 'NONE', ( #3383 ), #8078, .F. ) ;
#1601 = EDGE_CURVE ( 'NONE', #6994, #1293, #8172, .T. ) ;
#1602 = AXIS2_PLACEMENT_3D ( 'NONE', #5038, #9184, #9976 ) ;
#1603 = CARTESIAN_POINT ( 'NONE',  ( -48.25027341332628339, -7.497842460810316467, 16.50000000000000000 ) ) ;
#1604 = DIRECTION ( 'NONE',  ( -1.000000000000000000, 0.0000000000000000000, 0.0000000000000000000 ) ) ;
#1605 = ORIENTED_EDGE ( 'NONE', *, *, #1233, .F. ) ;
#1606 = DIRECTION ( 'NONE',  ( 0.0000000000000000000, -1.000000000000000000, 0.0000000000000000000 ) ) ;
#1607 = APPLICATION_CONTEXT ( 'automotive_design' ) ;
#1608 = CARTESIAN_POINT ( 'NONE',  ( 15.56835092944197818, 5.999999999999998224, 0.0000000000000000000 ) ) ;
#1609 = DIRECTION ( 'NONE',  ( 0.0000000000000000000, 0.0000000000000000000, -1.000000000000000000 ) ) ;
#1610 = CIRCLE ( 'NONE', #9682, 128.9616428521383114 ) ;
#1611 = EDGE_CURVE ( 'NONE', #7433, #10479, #4027, .T. ) ;
#1612 = DIRECTION ( 'NONE',  ( 1.000000000000000000, 0.0000000000000000000, 0.0000000000000000000 ) ) ;
#1613 = CARTESIAN_POINT ( 'NONE',  ( 39.02254043520125748, 22.02686630917622779, 2.999999999999999556 ) ) ;
#1614 = DIRECTION ( 'NONE',  ( -0.0000000000000000000, -0.0000000000000000000, 1.000000000000000000 ) ) ;
#1615 = AXIS2_PLACEMENT_3D ( 'NONE', #8913, #7208, #8997 ) ;
#1616 = ORIENTED_EDGE ( 'NONE', *, *, #1503, .T. ) ;
#1617 =( GEOMETRIC_REPRESENTATION_CONTEXT ( 3 ) GLOBAL_UNCERTAINTY_ASSIGNED_CONTEXT ( ( #1779 ) ) GLOBAL_UNIT_ASSIGNED_CONTEXT ( ( #9463, #3726, #321 ) ) REPRESENTATION_CONTEXT ( 'NONE', 'WORKASPACE' ) );
#1618 = DIRECTION ( 'NONE',  ( 0.0000000000000000000, -1.000000000000000000, -0.0000000000000000000 ) ) ;
#1619 = DIRECTION ( 'NONE',  ( -0.0000000000000000000, -1.000000000000000000, -0.0000000000000000000 ) ) ;
#1620 = CIRCLE ( 'NONE', #209, 13.00000000000000000 ) ;
#1621 = CARTESIAN_POINT ( 'NONE',  ( 0.0000000000000000000, 2.000000000000000000, 3.000000000000000444 ) ) ;
#1622 = EDGE_CURVE ( 'NONE', #1953, #7631, #5879, .T. ) ;
#1623 = CARTESIAN_POINT ( 'NONE',  ( -3.636144277557312692E-15, -4.821944789745365334, 1.648146632869001094 ) ) ;
#1624 = ORIENTED_EDGE ( 'NONE', *, *, #5200, .F. ) ;
#1625 = CARTESIAN_POINT ( 'NONE',  ( 0.3106000600989293203, 5.537975084925940372, 0.4079457818577097994 ) ) ;
#1626 = CIRCLE ( 'NONE', #9440, 9.625000000000000000 ) ;
#1627 = ORIENTED_EDGE ( 'NONE', *, *, #10728, .T. ) ;
#1628 = CARTESIAN_POINT ( 'NONE',  ( 39.26439155837419293, 21.05655294009385514, 1.000000000000000000 ) ) ;
#1629 = PRESENTATION_LAYER_ASSIGNMENT (  '', '', ( #6205 ) ) ;
#1630 = DIRECTION ( 'NONE',  ( 0.0000000000000000000, 0.0000000000000000000, 1.000000000000000000 ) ) ;
#1631 = VECTOR ( 'NONE', #5630, 1000.000000000000000 ) ;
#1632 = VECTOR ( 'NONE', #601, 1000.000000000000000 ) ;
#1633 = VECTOR ( 'NONE', #9079, 1000.000000000000000 ) ;
#1634 = CARTESIAN_POINT ( 'NONE',  ( -1.694585229536690996, 4.308267532720396531, 26.00000000000000355 ) ) ;
#1635 = FACE_OUTER_BOUND ( 'NONE', #9769, .T. ) ;
#1636 = CARTESIAN_POINT ( 'NONE',  ( -48.45584252319862628, -14.98277595945821794, -16.00000000000000000 ) ) ;
#1637 = CARTESIAN_POINT ( 'NONE',  ( -47.31417448467101394, -8.775555923651067403, 17.00000000000000000 ) ) ;
#1638 = CARTESIAN_POINT ( 'NONE',  ( 7.135511733239522592, 3.226173678530181110, -10.83404057425530453 ) ) ;
#1639 = ORIENTED_EDGE ( 'NONE', *, *, #9251, .T. ) ;
#1640 = PRODUCT_CONTEXT ( 'NONE', #2225, 'mechanical' ) ;
#1641 = PLANE ( 'NONE',  #10670 ) ;
#1642 = CARTESIAN_POINT ( 'NONE',  ( -14.50000000000000533, 1.959434878635765920E-15, -13.50000000000000000 ) ) ;
#1643 = CIRCLE ( 'NONE', #2625, 5.000000000000000000 ) ;
#1644 = LINE ( 'NONE', #6285, #7477 ) ;
#1645 = CARTESIAN_POINT ( 'NONE',  ( 0.0000000000000000000, 5.530177779975799623, -13.95972608533009307 ) ) ;
#1646 = CARTESIAN_POINT ( 'NONE',  ( 36.60402920347198119, 20.11813772300484970, 0.0000000000000000000 ) ) ;
#1647 = CARTESIAN_POINT ( 'NONE',  ( 6.171862870446969573, 20.12064925652151715, 0.1224512244154744162 ) ) ;
#1648 = EDGE_CURVE ( 'NONE', #10248, #8836, #3126, .T. ) ;
#1649 = DIRECTION ( 'NONE',  ( 1.000000000000000000, 0.0000000000000000000, 0.0000000000000000000 ) ) ;
#1650 = ORIENTED_EDGE ( 'NONE', *, *, #4132, .F. ) ;
#1651 = AXIS2_PLACEMENT_3D ( 'NONE', #1330, #4583, #7086 ) ;
#1652 = CARTESIAN_POINT ( 'NONE',  ( 0.0000000000000000000, 0.0000000000000000000, 11.50000000000000000 ) ) ;
#1653 = DIRECTION ( 'NONE',  ( -1.000000000000000000, -0.0000000000000000000, -0.0000000000000000000 ) ) ;
#1654 = CYLINDRICAL_SURFACE ( 'NONE', #1550, 9.999999999999998224 ) ;
#1655 = ADVANCED_FACE ( 'NONE', ( #5332 ), #225, .F. ) ;
#1656 = FACE_OUTER_BOUND ( 'NONE', #3281, .T. ) ;
#1657 = CIRCLE ( 'NONE', #4122, 5.999999999999998224 ) ;
#1658 = ORIENTED_EDGE ( 'NONE', *, *, #7057, .T. ) ;
#1659 = DIRECTION ( 'NONE',  ( 0.0000000000000000000, 0.0000000000000000000, 1.000000000000000000 ) ) ;
#1660 = CARTESIAN_POINT ( 'NONE',  ( -5.000000000000000888, 0.0000000000000000000, 0.0000000000000000000 ) ) ;
#1661 = CARTESIAN_POINT ( 'NONE',  ( -25.69999999999999929, 0.0000000000000000000, 8.000000000000000000 ) ) ;
#1662 = PRODUCT ( 'hex nut gradec_din_Hexagon Nut ISO 4034 - M6 - N', 'hex nut gradec_din_Hexagon Nut ISO 4034 - M6 - N', '', ( #10455 ) ) ;
#1663 = EDGE_CURVE ( 'NONE', #7759, #2207, #2315, .T. ) ;
#1664 = EDGE_CURVE ( 'NONE', #9583, #4515, #2172, .T. ) ;
#1665 = VERTEX_POINT ( 'NONE', #5024 ) ;
#1666 = AXIS2_PLACEMENT_3D ( 'NONE', #9518, #10321, #2194 ) ;
#1667 = LINE ( 'NONE', #3321, #3474 ) ;
#1668 = EDGE_LOOP ( 'NONE', ( #2451, #3002, #1679, #1699, #10136, #1938 ) ) ;
#1669 = CARTESIAN_POINT ( 'NONE',  ( 1.301187224094062527E-15, 9.999999999999998224, 9.625000000000000000 ) ) ;
#1670 = ORIENTED_EDGE ( 'NONE', *, *, #3481, .T. ) ;
#1671 = SURFACE_STYLE_FILL_AREA ( #2394 ) ;
#1672 = DIRECTION ( 'NONE',  ( -1.000000000000000000, -0.0000000000000000000, -0.0000000000000000000 ) ) ;
#1673 = VERTEX_POINT ( 'NONE', #1621 ) ;
#1674 = EDGE_CURVE ( 'NONE', #2629, #4374, #6484, .T. ) ;
#1675 = CARTESIAN_POINT ( 'NONE',  ( -16.87007700666917032, 1.458019496901070244, -8.632292526756931039 ) ) ;
#1676 = VERTEX_POINT ( 'NONE', #870 ) ;
#1677 = CARTESIAN_POINT ( 'NONE',  ( 0.7626297612205275023, 3.226225713035840048, -14.10884440779599913 ) ) ;
#1678 = ORIENTED_EDGE ( 'NONE', *, *, #2269, .T. ) ;
#1679 = ORIENTED_EDGE ( 'NONE', *, *, #7562, .F. ) ;
#1680 = AXIS2_PLACEMENT_3D ( 'NONE', #6314, #3090, #7151 ) ;
#1681 = AXIS2_PLACEMENT_3D ( 'NONE', #6192, #2029, #7845 ) ;
#1682 = ORIENTED_EDGE ( 'NONE', *, *, #6246, .T. ) ;
#1683 = ORIENTED_EDGE ( 'NONE', *, *, #4498, .F. ) ;
#1684 = DIRECTION ( 'NONE',  ( 0.0000000000000000000, 0.0000000000000000000, -1.000000000000000000 ) ) ;
#1685 = CARTESIAN_POINT ( 'NONE',  ( 5.000000000000000000, 5.258101095580056314E-15, 4.012499999999997513 ) ) ;
#1686 = CARTESIAN_POINT ( 'NONE',  ( -47.24550000541380967, -8.722286537159254394, 17.00000000000000000 ) ) ;
#1687 = ORIENTED_EDGE ( 'NONE', *, *, #4426, .F. ) ;
#1688 = SURFACE_STYLE_USAGE ( .BOTH. , #9159 ) ;
#1689 = CARTESIAN_POINT ( 'NONE',  ( -20.55058332033310009, -0.05000202083425524247, -11.71391125064087824 ) ) ;
#1690 = LINE ( 'NONE', #2496, #4928 ) ;
#1691 = VERTEX_POINT ( 'NONE', #3431 ) ;
#1692 = ORIENTED_EDGE ( 'NONE', *, *, #2221, .T. ) ;
#1693 = VERTEX_POINT ( 'NONE', #8320 ) ;
#1694 = EDGE_CURVE ( 'NONE', #3864, #8671, #7097, .T. ) ;
#1695 = DIRECTION ( 'NONE',  ( 0.0000000000000000000, 1.000000000000000000, 0.0000000000000000000 ) ) ;
#1696 = CARTESIAN_POINT ( 'NONE',  ( 0.0000000000000000000, 3.958346224592498963, 0.0000000000000000000 ) ) ;
#1697 = AXIS2_PLACEMENT_3D ( 'NONE', #9086, #7335, #2346 ) ;
#1698 = CARTESIAN_POINT ( 'NONE',  ( 39.12021990321366616, 22.05121296851585910, 3.105581394105031645 ) ) ;
#1699 = ORIENTED_EDGE ( 'NONE', *, *, #6449, .F. ) ;
#1700 = STYLED_ITEM ( 'NONE', ( #3648 ), #9962 ) ;
#1701 = CARTESIAN_POINT ( 'NONE',  ( 0.3117969352653577331, 2.419842229203345685, -4.999999999999999112 ) ) ;
#1702 = ORIENTED_EDGE ( 'NONE', *, *, #2537, .T. ) ;
#1703 = VECTOR ( 'NONE', #7989, 1000.000000000000000 ) ;
#1704 = VERTEX_POINT ( 'NONE', #10049 ) ;
#1705 = EDGE_CURVE ( 'NONE', #4794, #9153, #7239, .T. ) ;
#1706 = EDGE_LOOP ( 'NONE', ( #6079, #629, #8143, #6408 ) ) ;
#1707 = ADVANCED_FACE ( 'NONE', ( #9315 ), #900, .T. ) ;
#1708 = LINE ( 'NONE', #794, #6383 ) ;
#1709 = ADVANCED_FACE ( 'NONE', ( #7365 ), #4897, .T. ) ;
#1710 = ORIENTED_EDGE ( 'NONE', *, *, #5934, .F. ) ;
#1711 = CARTESIAN_POINT ( 'NONE',  ( -19.52151506856273500, -0.4036703763382833987, -12.98608062605383751 ) ) ;
#1712 = CARTESIAN_POINT ( 'NONE',  ( -12.00000000000000355, -6.999999999999999112, 9.000000000000001776 ) ) ;
#1713 = CARTESIAN_POINT ( 'NONE',  ( -46.30940107675852602, -10.00000000000000178, 17.00000000000000000 ) ) ;
#1714 = CARTESIAN_POINT ( 'NONE',  ( -2.074714256722483885, 4.575665857285978078, -0.01055556052338928880 ) ) ;
#1715 = PRODUCT_DEFINITION_FORMATION_WITH_SPECIFIED_SOURCE ( 'ANY', '', #4300, .NOT_KNOWN. ) ;
#1716 = EDGE_CURVE ( 'NONE', #2806, #9122, #9443, .T. ) ;
#1717 = CARTESIAN_POINT ( 'NONE',  ( -11.31370849898476294, 0.0000000000000000000, 14.00000000000000000 ) ) ;
#1718 = AXIS2_PLACEMENT_3D ( 'NONE', #1134, #3614, #9453 ) ;
#1719 = VERTEX_POINT ( 'NONE', #4123 ) ;
#1720 = CARTESIAN_POINT ( 'NONE',  ( 11.00000000000000000, 0.0000000000000000000, -11.50000000000000000 ) ) ;
#1721 = LINE ( 'NONE', #5230, #7773 ) ;
#1722 = ORIENTED_EDGE ( 'NONE', *, *, #8633, .F. ) ;
#1723 = CARTESIAN_POINT ( 'NONE',  ( 40.18535723452474429, 21.47174432895664253, 26.00000000000000000 ) ) ;
#1724 = DIRECTION ( 'NONE',  ( -1.000000000000000000, 0.0000000000000000000, 0.0000000000000000000 ) ) ;
#1725 = ORIENTED_EDGE ( 'NONE', *, *, #754, .F. ) ;
#1726 = VERTEX_POINT ( 'NONE', #803 ) ;
#1727 = CARTESIAN_POINT ( 'NONE',  ( -46.30940107675852602, -10.00000000000000178, 17.00000000000000000 ) ) ;
#1728 = CARTESIAN_POINT ( 'NONE',  ( 18.97613226645720985, 1.000000000000000000, 0.0000000000000000000 ) ) ;
#1729 = LINE ( 'NONE', #8924, #9377 ) ;
#1730 = CARTESIAN_POINT ( 'NONE',  ( -18.86480577962845118, -1.128217211485308624, -14.17859974279690505 ) ) ;
#1731 = DIRECTION ( 'NONE',  ( 0.0000000000000000000, 0.0000000000000000000, -1.000000000000000000 ) ) ;
#1732 = EDGE_CURVE ( 'NONE', #10005, #2602, #10586, .T. ) ;
#1733 = ORIENTED_EDGE ( 'NONE', *, *, #6624, .F. ) ;
#1734 = AXIS2_PLACEMENT_3D ( 'NONE', #5660, #1561, #7360 ) ;
#1735 = DIRECTION ( 'NONE',  ( 0.0000000000000000000, 0.0000000000000000000, 1.000000000000000000 ) ) ;
#1736 = VECTOR ( 'NONE', #8968, 1000.000000000000000 ) ;
#1737 = DIRECTION ( 'NONE',  ( -0.0000000000000000000, -0.0000000000000000000, 1.000000000000000000 ) ) ;
#1738 = CARTESIAN_POINT ( 'NONE',  ( -40.94936990562959522, -9.160158949754924507, -16.00000000000000000 ) ) ;
#1739 = FACE_OUTER_BOUND ( 'NONE', #4198, .T. ) ;
#1740 =( LENGTH_UNIT ( ) NAMED_UNIT ( * ) SI_UNIT ( .MILLI., .METRE. ) );
#1741 = ORIENTED_EDGE ( 'NONE', *, *, #7471, .T. ) ;
#1742 = EDGE_CURVE ( 'NONE', #8390, #4129, #9196, .T. ) ;
#1743 = AXIS2_PLACEMENT_3D ( 'NONE', #6042, #10194, #10063 ) ;
#1744 = CARTESIAN_POINT ( 'NONE',  ( -14.64172683267341668, 1.145377897596056016, -12.71978047736013551 ) ) ;
#1745 = VECTOR ( 'NONE', #10298, 1000.000000000000000 ) ;
#1746 = DIRECTION ( 'NONE',  ( -1.000000000000000000, -3.469446951953614189E-15, 0.0000000000000000000 ) ) ;
#1747 = CARTESIAN_POINT ( 'NONE',  ( -5.000000000000000000, 2.886751345948122882, -6.099999999999999645 ) ) ;
#1748 = CARTESIAN_POINT ( 'NONE',  ( -7.808190172515118377, 0.0000000000000000000, -20.42088078030701936 ) ) ;
#1749 = CIRCLE ( 'NONE', #5568, 3.000000000000000000 ) ;
#1750 = ORIENTED_EDGE ( 'NONE', *, *, #2515, .T. ) ;
#1751 = CARTESIAN_POINT ( 'NONE',  ( 0.01055556052338894706, 4.084588180558401227, -2.925285743277526773 ) ) ;
#1752 = EDGE_CURVE ( 'NONE', #9660, #4299, #4730, .T. ) ;
#1753 = CARTESIAN_POINT ( 'NONE',  ( -4.838708853302715163, -30.18279492974917488, 19.55857878852910758 ) ) ;
#1754 = DIRECTION ( 'NONE',  ( 0.0000000000000000000, 0.0000000000000000000, -1.000000000000000000 ) ) ;
#1755 = DIRECTION ( 'NONE',  ( -0.7071067811865434649, 0.0000000000000000000, 0.7071067811865516806 ) ) ;
#1756 = DIRECTION ( 'NONE',  ( -0.0000000000000000000, -0.0000000000000000000, 1.000000000000000000 ) ) ;
#1757 = SURFACE_SIDE_STYLE ('',( #509 ) ) ;
#1758 = DIRECTION ( 'NONE',  ( -0.0000000000000000000, -1.000000000000000000, -0.0000000000000000000 ) ) ;
#1759 = AXIS2_PLACEMENT_3D ( 'NONE', #4051, #4919, #2426 ) ;
#1760 = CARTESIAN_POINT ( 'NONE',  ( 9.551946193370158156, 3.226071813993091730, -8.776808820993140969 ) ) ;
#1761 = AXIS2_PLACEMENT_3D ( 'NONE', #3242, #1536, #9919 ) ;
#1762 = ADVANCED_FACE ( 'NONE', ( #4372 ), #481, .F. ) ;
#1763 = ADVANCED_FACE ( 'NONE', ( #9061 ), #3570, .F. ) ;
#1764 = CARTESIAN_POINT ( 'NONE',  ( 3.992251427744050840, 20.34925839347650012, 26.68662217795747083 ) ) ;
#1765 = CIRCLE ( 'NONE', #9168, 17.50000000000000355 ) ;
#1766 = ORIENTED_EDGE ( 'NONE', *, *, #2658, .T. ) ;
#1767 = CARTESIAN_POINT ( 'NONE',  ( 2.500000000000004885, 4.330127018922191873, -6.099999999999999645 ) ) ;
#1768 = CARTESIAN_POINT ( 'NONE',  ( -43.84160065784951144, -5.431517531463125437, -16.00000000000000000 ) ) ;
#1769 = LINE ( 'NONE', #1229, #6819 ) ;
#1770 = SURFACE_STYLE_FILL_AREA ( #8123 ) ;
#1771 = CIRCLE ( 'NONE', #4338, 5.000000000000000888 ) ;
#1772 = MECHANICAL_DESIGN_GEOMETRIC_PRESENTATION_REPRESENTATION (  '', ( #3851 ), #2861 ) ;
#1773 = CARTESIAN_POINT ( 'NONE',  ( -16.20132419827065107, -0.6108609816962655703, -13.43764995997542755 ) ) ;
#1774 = ITEM_DEFINED_TRANSFORMATION ( 'NONE', 'NONE', #8563,  #8615 ) ;
#1775 = CIRCLE ( 'NONE', #3379, 9.999999999999998224 ) ;
#1776 = DIRECTION ( 'NONE',  ( 0.0000000000000000000, 0.0000000000000000000, -1.000000000000000000 ) ) ;
#1777 = DIRECTION ( 'NONE',  ( 0.0000000000000000000, 0.0000000000000000000, 1.000000000000000000 ) ) ;
#1778 = CIRCLE ( 'NONE', #8620, 2.000000000000000000 ) ;
#1779 = UNCERTAINTY_MEASURE_WITH_UNIT (LENGTH_MEASURE( 1.000000000000000082E-05 ), #9463, 'distance_accuracy_value', 'NONE');
#1780 = PLANE ( 'NONE',  #9957 ) ;
#1781 = DIRECTION ( 'NONE',  ( 0.0000000000000000000, -1.000000000000000000, 0.0000000000000000000 ) ) ;
#1782 = CARTESIAN_POINT ( 'NONE',  ( -12.00290912278228994, 0.0000000000000000000, 13.99999999999999822 ) ) ;
#1783 = CIRCLE ( 'NONE', #2502, 5.000000000000000000 ) ;
#1784 = CARTESIAN_POINT ( 'NONE',  ( -49.22070958161015852, -6.246763691215471148, 16.00000000000000000 ) ) ;
#1785 = EDGE_CURVE ( 'NONE', #4436, #3548, #4578, .T. ) ;
#1786 = DIRECTION ( 'NONE',  ( 0.0000000000000000000, 0.0000000000000000000, 1.000000000000000000 ) ) ;
#1787 = ORIENTED_EDGE ( 'NONE', *, *, #6867, .F. ) ;
#1788 = CARTESIAN_POINT ( 'NONE',  ( -21.49917307456696136, 0.0000000000000000000, -10.99999999999999822 ) ) ;
#1789 = CARTESIAN_POINT ( 'NONE',  ( -7.118449302602199324, -32.31055268242869971, -18.69030977609206090 ) ) ;
#1790 = ORIENTED_EDGE ( 'NONE', *, *, #1918, .T. ) ;
#1791 = CARTESIAN_POINT ( 'NONE',  ( -5.000000000000000000, 2.886751345948137981, -5.653418012614791266 ) ) ;
#1792 = FACE_OUTER_BOUND ( 'NONE', #10128, .T. ) ;
#1793 = ORIENTED_EDGE ( 'NONE', *, *, #8894, .T. ) ;
#1794 = COLOUR_RGB ( '',0.7921568627450980005, 0.8196078431372548767, 0.9333333333333333481 ) ;
#1795 = ORIENTED_EDGE ( 'NONE', *, *, #4931, .T. ) ;
#1796 = ORIENTED_EDGE ( 'NONE', *, *, #1314, .F. ) ;
#1797 = FACE_OUTER_BOUND ( 'NONE', #281, .T. ) ;
#1798 = CARTESIAN_POINT ( 'NONE',  ( -30.00000000000000355, -1.000000000000000888, -13.99999999999999822 ) ) ;
#1799 = CARTESIAN_POINT ( 'NONE',  ( -49.22070958161015852, -6.246763691215471148, 16.00000000000000000 ) ) ;
#1800 = DIRECTION ( 'NONE',  ( 0.0000000000000000000, 0.0000000000000000000, 1.000000000000000000 ) ) ;
#1801 = ORIENTED_EDGE ( 'NONE', *, *, #1452, .F. ) ;
#1802 = EDGE_LOOP ( 'NONE', ( #3367, #8036, #4201, #1678 ) ) ;
#1803 = EDGE_CURVE ( 'NONE', #8334, #2048, #2696, .T. ) ;
#1804 = EDGE_CURVE ( 'NONE', #9981, #7100, #894, .T. ) ;
#1805 = ORIENTED_EDGE ( 'NONE', *, *, #4160, .T. ) ;
#1806 = DIRECTION ( 'NONE',  ( -0.0000000000000000000, -1.000000000000000000, -0.0000000000000000000 ) ) ;
#1807 = CARTESIAN_POINT ( 'NONE',  ( -5.000000000000000000, -2.886751345948137981, -0.4465819873852080457 ) ) ;
#1808 = ORIENTED_EDGE ( 'NONE', *, *, #6316, .F. ) ;
#1809 = ADVANCED_FACE ( 'NONE', ( #5158 ), #5922, .T. ) ;
#1810 = EDGE_LOOP ( 'NONE', ( #8846, #4167, #6547, #9752 ) ) ;
#1811 = CARTESIAN_POINT ( 'NONE',  ( -28.06039371099786095, -25.00000000000000000, 13.99999999999999645 ) ) ;
#1812 = CARTESIAN_POINT ( 'NONE',  ( 4.471631885624709035, 4.000000000000000000, -4.011717348652743986 ) ) ;
#1813 = ORIENTED_EDGE ( 'NONE', *, *, #183, .T. ) ;
#1814 = FACE_OUTER_BOUND ( 'NONE', #9963, .T. ) ;
#1815 = AXIS2_PLACEMENT_3D ( 'NONE', #8593, #9525, #3651 ) ;
#1816 = VERTEX_POINT ( 'NONE', #5916 ) ;
#1817 = MECHANICAL_DESIGN_GEOMETRIC_PRESENTATION_REPRESENTATION (  '', ( #9817 ), #1617 ) ;
#1818 = CARTESIAN_POINT ( 'NONE',  ( 4.000000000000000000, 2.886751345948125991, 4.999999999999999112 ) ) ;
#1819 = ORIENTED_EDGE ( 'NONE', *, *, #4574, .F. ) ;
#1820 = VECTOR ( 'NONE', #1067, 1000.000000000000000 ) ;
#1821 = CARTESIAN_POINT ( 'NONE',  ( -0.0000000000000000000, -4.633235910246749079, 4.336808689942017736E-15 ) ) ;
#1822 = DIRECTION ( 'NONE',  ( 0.0000000000000000000, 0.0000000000000000000, -1.000000000000000000 ) ) ;
#1823 = DIRECTION ( 'NONE',  ( 0.0000000000000000000, 0.0000000000000000000, 1.000000000000000000 ) ) ;
#1824 =( NAMED_UNIT ( * ) SI_UNIT ( $, .STERADIAN. ) SOLID_ANGLE_UNIT ( ) );
#1825 = ORIENTED_EDGE ( 'NONE', *, *, #6867, .T. ) ;
#1826 = CARTESIAN_POINT ( 'NONE',  ( 8.788349632960986924, 3.226023196415221950, -9.521141061632224734 ) ) ;
#1827 = FACE_OUTER_BOUND ( 'NONE', #5302, .T. ) ;
#1828 = ORIENTED_EDGE ( 'NONE', *, *, #5122, .F. ) ;
#1829 = CARTESIAN_POINT ( 'NONE',  ( -43.80940107675851891, -10.00000000000000178, 13.99999999999999112 ) ) ;
#1830 = DIRECTION ( 'NONE',  ( -1.000000000000000000, 0.0000000000000000000, 1.347358039593636966E-16 ) ) ;
#1831 = CARTESIAN_POINT ( 'NONE',  ( -48.79770978298941486, -8.035100114331980237, -16.50000000000000000 ) ) ;
#1832 = DIRECTION ( 'NONE',  ( 1.000000000000000000, 0.0000000000000000000, 0.0000000000000000000 ) ) ;
#1833 = VECTOR ( 'NONE', #6958, 1000.000000000000000 ) ;
#1834 = ORIENTED_EDGE ( 'NONE', *, *, #1599, .T. ) ;
#1835 = VERTEX_POINT ( 'NONE', #965 ) ;
#1836 = LINE ( 'NONE', #82, #30 ) ;
#1837 = DIRECTION ( 'NONE',  ( -1.000000000000000000, 0.0000000000000000000, 0.0000000000000000000 ) ) ;
#1838 = CARTESIAN_POINT ( 'NONE',  ( -11.11826691778295917, 0.06493791931461589950, -16.62682914328251371 ) ) ;
#1839 = DIRECTION ( 'NONE',  ( 0.0000000000000000000, 0.0000000000000000000, -1.000000000000000000 ) ) ;
#1840 = ORIENTED_EDGE ( 'NONE', *, *, #8246, .T. ) ;
#1841 = CARTESIAN_POINT ( 'NONE',  ( 17.19248235785697787, 2.452491629505130888, -10.26701154168958752 ) ) ;
#1842 = ORIENTED_EDGE ( 'NONE', *, *, #10681, .T. ) ;
#1843 = VERTEX_POINT ( 'NONE', #1860 ) ;
#1844 = EDGE_CURVE ( 'NONE', #2602, #6491, #7854, .T. ) ;
#1845 = AXIS2_PLACEMENT_3D ( 'NONE', #4609, #9650, #10327 ) ;
#1846 = ORIENTED_EDGE ( 'NONE', *, *, #3547, .F. ) ;
#1847 = DIRECTION ( 'NONE',  ( -1.000000000000000000, 0.0000000000000000000, 0.0000000000000000000 ) ) ;
#1848 = DIRECTION ( 'NONE',  ( 0.0000000000000000000, 0.4999999999999981681, -0.8660254037844395958 ) ) ;
#1849 = CARTESIAN_POINT ( 'NONE',  ( -43.02412498358751947, -11.45933109061441435, 16.50000000000000000 ) ) ;
#1850 = SURFACE_STYLE_USAGE ( .BOTH. , #189 ) ;
#1851 = SURFACE_STYLE_USAGE ( .BOTH. , #6018 ) ;
#1852 = ORIENTED_EDGE ( 'NONE', *, *, #7913, .F. ) ;
#1853 = CARTESIAN_POINT ( 'NONE',  ( -33.87316485015981016, -22.19999999999999574, 13.99999999999999822 ) ) ;
#1854 = ADVANCED_FACE ( 'NONE', ( #2320 ), #4621, .T. ) ;
#1855 = EDGE_CURVE ( 'NONE', #3362, #10115, #3213, .T. ) ;
#1856 = EDGE_CURVE ( 'NONE', #5821, #6204, #8505, .T. ) ;
#1857 = LINE ( 'NONE', #8442, #2885 ) ;
#1858 = FACE_OUTER_BOUND ( 'NONE', #9067, .T. ) ;
#1859 = AXIS2_PLACEMENT_3D ( 'NONE', #1513, #10590, #6422 ) ;
#1860 = CARTESIAN_POINT ( 'NONE',  ( 0.0000000000000000000, 0.4056916642514616922, -19.02062639683619594 ) ) ;
#1861 = CARTESIAN_POINT ( 'NONE',  ( -4.862271801081308631, -30.20478701434253210, 17.50406665066870815 ) ) ;
#1862 = CARTESIAN_POINT ( 'NONE',  ( -46.30940107675852602, -10.00000000000000178, -17.00000000000000000 ) ) ;
#1863 = VERTEX_POINT ( 'NONE', #7717 ) ;
#1864 = CARTESIAN_POINT ( 'NONE',  ( -49.52295863858646641, -6.494680358738834869, 16.00000000000000000 ) ) ;
#1865 = PRODUCT ( 'Защита_00', 'Защита_00', '', ( #3235 ) ) ;
#1866 = EDGE_CURVE ( 'NONE', #7251, #7742, #1324, .T. ) ;
#1867 = CARTESIAN_POINT ( 'NONE',  ( 40.26439155837419293, 20.81213173596535881, 0.0000000000000000000 ) ) ;
#1868 = AXIS2_PLACEMENT_3D ( 'NONE', #7366, #3198, #6431 ) ;
#1869 = TOROIDAL_SURFACE ( 'NONE', #7564, 12.42591725181291551, 8.731764117148969717 ) ;
#1870 = AXIS2_PLACEMENT_3D ( 'NONE', #7196, #3998, #10520 ) ;
#1871 = CARTESIAN_POINT ( 'NONE',  ( -17.01147314530944143, -2.912324920371027748, -15.54499809627395912 ) ) ;
#1872 = FACE_OUTER_BOUND ( 'NONE', #8456, .T. ) ;
#1873 = CARTESIAN_POINT ( 'NONE',  ( 3.500000000000000000, 0.0000000000000000000, 0.0000000000000000000 ) ) ;
#1874 = DIRECTION ( 'NONE',  ( -1.000000000000000000, -0.0000000000000000000, -0.0000000000000000000 ) ) ;
#1875 = ORIENTED_EDGE ( 'NONE', *, *, #2558, .T. ) ;
#1876 = CARTESIAN_POINT ( 'NONE',  ( -13.32968719068409236, -1.846118660787036125, 15.18507501358069867 ) ) ;
#1877 = VECTOR ( 'NONE', #7969, 1000.000000000000114 ) ;
#1878 = CIRCLE ( 'NONE', #5700, 13.95972608532995274 ) ;
#1879 = FACE_BOUND ( 'NONE', #5436, .T. ) ;
#1880 = EDGE_CURVE ( 'NONE', #5194, #3239, #9839, .T. ) ;
#1881 = CARTESIAN_POINT ( 'NONE',  ( 6.395970796528011704, 31.73000000000000043, 24.99999999999999289 ) ) ;
#1882 = CARTESIAN_POINT ( 'NONE',  ( -44.58432766445422146, -9.674495156955732256, 17.00000000000000000 ) ) ;
#1883 = TOROIDAL_SURFACE ( 'NONE', #4629, 3.249999999999999556, 0.2500000000000000000 ) ;
#1884 = VERTEX_POINT ( 'NONE', #5204 ) ;
#1885 =( LENGTH_UNIT ( ) NAMED_UNIT ( * ) SI_UNIT ( .MILLI., .METRE. ) );
#1886 = CARTESIAN_POINT ( 'NONE',  ( -7.998033166238800007, -33.13149762182285940, -18.35530873995656975 ) ) ;
#1887 = AXIS2_PLACEMENT_3D ( 'NONE', #5824, #3435, #3401 ) ;
#1888 = LINE ( 'NONE', #2463, #873 ) ;
#1889 = LINE ( 'NONE', #4798, #9700 ) ;
#1890 = DIRECTION ( 'NONE',  ( 1.000000000000000000, 0.0000000000000000000, 0.0000000000000000000 ) ) ;
#1891 = EDGE_CURVE ( 'NONE', #5623, #6204, #631, .T. ) ;
#1892 = ORIENTED_EDGE ( 'NONE', *, *, #4, .F. ) ;
#1893 = CARTESIAN_POINT ( 'NONE',  ( -22.96334415377019411, -1.734723475976807094E-15, -7.484728213537292341 ) ) ;
#1894 = CARTESIAN_POINT ( 'NONE',  ( -16.31589172833203705, -3.368770921558793319, 15.72642483211654429 ) ) ;
#1895 = VECTOR ( 'NONE', #10217, 1000.000000000000000 ) ;
#1896 = CARTESIAN_POINT ( 'NONE',  ( -45.46956002651344164, -15.36003117112892724, 16.00000000000000000 ) ) ;
#1897 = CIRCLE ( 'NONE', #1718, 2.000000000000000000 ) ;
#1898 = PRODUCT_DEFINITION_FORMATION_WITH_SPECIFIED_SOURCE ( 'ANY', '', #8386, .NOT_KNOWN. ) ;
#1899 = FACE_OUTER_BOUND ( 'NONE', #8356, .T. ) ;
#1900 = DIRECTION ( 'NONE',  ( 1.224646799147353207E-16, 1.000000000000000000, -0.0000000000000000000 ) ) ;
#1901 = CARTESIAN_POINT ( 'NONE',  ( 9.784654682261383130, 19.37962512269827897, 1.525457621707784872 ) ) ;
#1902 =( BOUNDED_SURFACE ( )  B_SPLINE_SURFACE ( 3, 2, ( 
 ( #4829, #6407, #2235 ),
 ( #530, #4795, #1464 ),
 ( #10470, #1350, #7159 ),
 ( #5522, #8814, #7221 ) ),
 .UNSPECIFIED., .F., .F., .F. ) 
 B_SPLINE_SURFACE_WITH_KNOTS ( ( 4, 4 ),
 ( 3, 3 ),
 ( 1.298652474550142433, 1.570796326794896558 ),
 ( 0.0000000000000000000, 1.000000000000000000 ),
 .UNSPECIFIED. ) 
 GEOMETRIC_REPRESENTATION_ITEM ( )  RATIONAL_B_SPLINE_SURFACE ( (
 ( 1.000000000000000000, 0.6599678889349523958, 1.000000000000000000),
 ( 1.000000000000000000, 0.6758404653767340342, 1.000000000000000000),
 ( 1.000000000000000000, 0.6917306295279541661, 1.000000000000000000),
 ( 1.000000000000000000, 0.7071067811865473507, 1.000000000000000000) ) ) 
 REPRESENTATION_ITEM ( '' )  SURFACE ( )  );
#1903 = ORIENTED_EDGE ( 'NONE', *, *, #1856, .T. ) ;
#1904 = ADVANCED_FACE ( 'NONE', ( #10720 ), #1524, .F. ) ;
#1905 = CARTESIAN_POINT ( 'NONE',  ( 0.0000000000000000000, 0.0000000000000000000, 0.0000000000000000000 ) ) ;
#1906 = CARTESIAN_POINT ( 'NONE',  ( -13.32210838140785114, -1.861645927094000674, -15.19357800020038418 ) ) ;
#1907 = LINE ( 'NONE', #6667, #3733 ) ;
#1908 = ORIENTED_EDGE ( 'NONE', *, *, #3781, .T. ) ;
#1909 = CARTESIAN_POINT ( 'NONE',  ( 42.58578643762690774, 21.72521372180476362, 2.000000000000003553 ) ) ;
#1910 = CARTESIAN_POINT ( 'NONE',  ( 1.000000000000000000, 22.03209181533656746, 24.99999999999999289 ) ) ;
#1911 = SPHERICAL_SURFACE ( 'NONE', #8718, 1.000000000000000000 ) ;
#1912 = VERTEX_POINT ( 'NONE', #6926 ) ;
#1913 = ORIENTED_EDGE ( 'NONE', *, *, #3056, .F. ) ;
#1914 = VERTEX_POINT ( 'NONE', #3029 ) ;
#1915 = ORIENTED_EDGE ( 'NONE', *, *, #9234, .T. ) ;
#1916 = CARTESIAN_POINT ( 'NONE',  ( -10.65841516044880244, -0.7315460639783065711, 16.92383666755764438 ) ) ;
#1917 = DIRECTION ( 'NONE',  ( -1.347358039593636966E-16, 0.0000000000000000000, -1.000000000000000000 ) ) ;
#1918 = EDGE_CURVE ( 'NONE', #6739, #4137, #5032, .T. ) ;
#1919 = ORIENTED_EDGE ( 'NONE', *, *, #195, .T. ) ;
#1920 = CARTESIAN_POINT ( 'NONE',  ( -21.25235012305799387, -27.00000000000000355, -21.71688605722899013 ) ) ;
#1921 = FILL_AREA_STYLE ('',( #6827 ) ) ;
#1922 = ORIENTED_EDGE ( 'NONE', *, *, #1092, .F. ) ;
#1923 = ORIENTED_EDGE ( 'NONE', *, *, #8057, .F. ) ;
#1924 = DIRECTION ( 'NONE',  ( -0.0000000000000000000, 1.000000000000000000, -0.0000000000000000000 ) ) ;
#1925 = DIRECTION ( 'NONE',  ( 0.0000000000000000000, -1.000000000000000000, 0.0000000000000000000 ) ) ;
#1926 = ORIENTED_EDGE ( 'NONE', *, *, #1186, .F. ) ;
#1927 = ORIENTED_EDGE ( 'NONE', *, *, #592, .T. ) ;
#1928 = DIRECTION ( 'NONE',  ( -7.709882115452483097E-16, -1.000000000000000000, -0.0000000000000000000 ) ) ;
#1929 = ORIENTED_EDGE ( 'NONE', *, *, #2113, .F. ) ;
#1930 = CARTESIAN_POINT ( 'NONE',  ( -46.30940107675852602, -10.00000000000000178, -17.00000000000000000 ) ) ;
#1931 = CARTESIAN_POINT ( 'NONE',  ( -13.31410615506807460, -1.874546151508303282, 15.20066542739969329 ) ) ;
#1932 = CYLINDRICAL_SURFACE ( 'NONE', #6967, 2.999999999999999556 ) ;
#1933 = CARTESIAN_POINT ( 'NONE',  ( -47.31417448467101394, -8.775555923651067403, 17.00000000000000000 ) ) ;
#1934 = ORIENTED_EDGE ( 'NONE', *, *, #811, .T. ) ;
#1935 = EDGE_CURVE ( 'NONE', #3610, #5869, #5288, .T. ) ;
#1936 = AXIS2_PLACEMENT_3D ( 'NONE', #10043, #980, #7647 ) ;
#1937 = ORIENTED_EDGE ( 'NONE', *, *, #2101, .F. ) ;
#1938 = ORIENTED_EDGE ( 'NONE', *, *, #10499, .F. ) ;
#1939 = CARTESIAN_POINT ( 'NONE',  ( -16.05117182798804620, -3.534526803978809362, -15.78181279697523820 ) ) ;
#1940 = CARTESIAN_POINT ( 'NONE',  ( -3.802829764800823575, 0.0000000000000000000, -19.99620701992027705 ) ) ;
#1941 = ORIENTED_EDGE ( 'NONE', *, *, #7562, .T. ) ;
#1942 = CYLINDRICAL_SURFACE ( 'NONE', #5585, 1.000000000000000888 ) ;
#1943 = PLANE ( 'NONE',  #6418 ) ;
#1944 = ORIENTED_EDGE ( 'NONE', *, *, #9733, .T. ) ;
#1945 = CARTESIAN_POINT ( 'NONE',  ( -11.81935244850353683, 0.2860358119625728834, -16.10084509252058282 ) ) ;
#1946 = DIRECTION ( 'NONE',  ( 1.000000000000000000, 0.0000000000000000000, 0.0000000000000000000 ) ) ;
#1947 = CARTESIAN_POINT ( 'NONE',  ( 0.0000000000000000000, 7.999999999999998224, 0.0000000000000000000 ) ) ;
#1948 = FACE_OUTER_BOUND ( 'NONE', #8040, .T. ) ;
#1949 = ORIENTED_EDGE ( 'NONE', *, *, #2762, .T. ) ;
#1950 = EDGE_CURVE ( 'NONE', #8403, #2011, #7494, .T. ) ;
#1951 = AXIS2_PLACEMENT_3D ( 'NONE', #408, #6159, #2854 ) ;
#1952 = CIRCLE ( 'NONE', #9396, 1.000000000000000888 ) ;
#1953 = VERTEX_POINT ( 'NONE', #7982 ) ;
#1954 = AXIS2_PLACEMENT_3D ( 'NONE', #581, #2256, #1366 ) ;
#1955 = DIRECTION ( 'NONE',  ( 0.0000000000000000000, -0.5000000000000009992, 0.8660254037844380415 ) ) ;
#1956 = CONICAL_SURFACE ( 'NONE', #5375, 5.000000000000000888, 1.047197551196596299 ) ;
#1957 = CARTESIAN_POINT ( 'NONE',  ( -33.61574649899487355, -3.749225399225363020, -15.84145642569546908 ) ) ;
#1958 = CARTESIAN_POINT ( 'NONE',  ( 0.0000000000000000000, 3.803076006814065657, 4.985276673768730404 ) ) ;
#1959 =( NAMED_UNIT ( * ) SI_UNIT ( $, .STERADIAN. ) SOLID_ANGLE_UNIT ( ) );
#1960 = CARTESIAN_POINT ( 'NONE',  ( 0.0000000000000000000, 0.0000000000000000000, 0.0000000000000000000 ) ) ;
#1961 = CARTESIAN_POINT ( 'NONE',  ( 34.48061228278506718, 19.11813772300484615, 0.0000000000000000000 ) ) ;
#1962 = ADVANCED_FACE ( 'NONE', ( #1002 ), #9832, .F. ) ;
#1963 = ORIENTED_EDGE ( 'NONE', *, *, #6767, .F. ) ;
#1964 = DIRECTION ( 'NONE',  ( 0.0000000000000000000, 0.0000000000000000000, -1.000000000000000000 ) ) ;
#1965 = VERTEX_POINT ( 'NONE', #2313 ) ;
#1966 = ORIENTED_EDGE ( 'NONE', *, *, #9150, .F. ) ;
#1967 = EDGE_LOOP ( 'NONE', ( #528, #1787, #9975, #2366, #8595 ) ) ;
#1968 = CARTESIAN_POINT ( 'NONE',  ( -46.30940107675852602, -10.00000000000000178, -14.00000000000000178 ) ) ;
#1969 =( GEOMETRIC_REPRESENTATION_CONTEXT ( 3 ) GLOBAL_UNCERTAINTY_ASSIGNED_CONTEXT ( ( #7736 ) ) GLOBAL_UNIT_ASSIGNED_CONTEXT ( ( #6124, #3563, #6858 ) ) REPRESENTATION_CONTEXT ( 'NONE', 'WORKASPACE' ) );
#1970 = LINE ( 'NONE', #638, #10253 ) ;
#1971 = CARTESIAN_POINT ( 'NONE',  ( -19.38285573634464498, -2.786861612974673216E-11, 8.979769316541840851 ) ) ;
#1972 = CARTESIAN_POINT ( 'NONE',  ( -10.91360339132337565, 0.0004144089238137105952, 16.76389652672254371 ) ) ;
#1973 = CARTESIAN_POINT ( 'NONE',  ( 0.0000000000000000000, 6.877039440481507171, -19.65446324363314545 ) ) ;
#1974 = CARTESIAN_POINT ( 'NONE',  ( -9.382803421143266931, -0.1777251015289381397, 1.500000000000000000 ) ) ;
#1975 = AXIS2_PLACEMENT_3D ( 'NONE', #6752, #6683, #3454 ) ;
#1976 = CARTESIAN_POINT ( 'NONE',  ( 0.0000000000000000000, 0.0000000000000000000, -14.88882382602189303 ) ) ;
#1977 = ORIENTED_EDGE ( 'NONE', *, *, #2972, .T. ) ;
#1978 = CARTESIAN_POINT ( 'NONE',  ( -46.30940107675852602, -16.19999999999999929, -20.00000000000000355 ) ) ;
#1979 = ORIENTED_EDGE ( 'NONE', *, *, #10031, .T. ) ;
#1980 = CARTESIAN_POINT ( 'NONE',  ( -0.0000000000000000000, 20.11813772300484615, 28.00000000000000000 ) ) ;
#1981 = FACE_OUTER_BOUND ( 'NONE', #1050, .T. ) ;
#1982 = CARTESIAN_POINT ( 'NONE',  ( -40.94936990562961654, -9.160158949754894309, -16.00000000000000000 ) ) ;
#1983 = CARTESIAN_POINT ( 'NONE',  ( -14.37314241467411513, -1.518161749232027180, -14.75435799040247709 ) ) ;
#1984 = CARTESIAN_POINT ( 'NONE',  ( 45.00000000000001421, 0.0000000000000000000, 0.0000000000000000000 ) ) ;
#1985 = LINE ( 'NONE', #4016, #8861 ) ;
#1986 = EDGE_CURVE ( 'NONE', #4518, #3878, #4770, .T. ) ;
#1987 = AXIS2_PLACEMENT_3D ( 'NONE', #8647, #10247, #411 ) ;
#1988 = ORIENTED_EDGE ( 'NONE', *, *, #2077, .T. ) ;
#1989 = DIRECTION ( 'NONE',  ( 0.0000000000000000000, 0.0000000000000000000, -1.000000000000000000 ) ) ;
#1990 = CARTESIAN_POINT ( 'NONE',  ( -4.527468486531785352, 4.000000000000000000, -3.988326037643221245 ) ) ;
#1991 = LINE ( 'NONE', #4555, #437 ) ;
#1992 = VECTOR ( 'NONE', #8517, 1000.000000000000000 ) ;
#1993 =( NAMED_UNIT ( * ) SI_UNIT ( $, .STERADIAN. ) SOLID_ANGLE_UNIT ( ) );
#1994 = FILL_AREA_STYLE_COLOUR ( '', #3946 ) ;
#1995 = CARTESIAN_POINT ( 'NONE',  ( 7.985373796971042104, 3.226071813993092174, -10.22281049829008381 ) ) ;
#1996 = CARTESIAN_POINT ( 'NONE',  ( 5.000000000000000000, 1.947085426416883314, -0.1996207071196914595 ) ) ;
#1997 = CARTESIAN_POINT ( 'NONE',  ( 5.916483417684626822, 20.73000000000000043, 27.73801097686341066 ) ) ;
#1998 = DIRECTION ( 'NONE',  ( 0.0000000000000000000, -0.4265450675242221101, -0.9044663096935986468 ) ) ;
#1999 = VERTEX_POINT ( 'NONE', #9816 ) ;
#2000 = EDGE_CURVE ( 'NONE', #350, #6359, #5420, .T. ) ;
#2001 = DIRECTION ( 'NONE',  ( 0.0000000000000000000, 0.0000000000000000000, -1.000000000000000000 ) ) ;
#2002 = EDGE_CURVE ( 'NONE', #3604, #10680, #8921, .T. ) ;
#2003 = AXIS2_PLACEMENT_3D ( 'NONE', #9751, #6474, #4831 ) ;
#2004 = CARTESIAN_POINT ( 'NONE',  ( -20.55292394657577759, -6.986547586225265575E-12, 5.812226502081082380 ) ) ;
#2005 = CARTESIAN_POINT ( 'NONE',  ( -11.31370849898476294, -35.00000000000000000, -14.00000000000000000 ) ) ;
#2006 = CARTESIAN_POINT ( 'NONE',  ( -24.25235012305799032, -27.00000000000000355, -13.99999999999999822 ) ) ;
#2007 = CARTESIAN_POINT ( 'NONE',  ( 2.500000000000004885, 4.330127018922191873, -6.099999999999999645 ) ) ;
#2008 = CARTESIAN_POINT ( 'NONE',  ( -30.86602540378445525, -1.500000000000012657, 15.99999999999999289 ) ) ;
#2009 = LINE ( 'NONE', #5911, #2288 ) ;
#2010 = VECTOR ( 'NONE', #3962, 1000.000000000000000 ) ;
#2011 = VERTEX_POINT ( 'NONE', #4911 ) ;
#2012 = CARTESIAN_POINT ( 'NONE',  ( -25.69999999999999929, 1.500000000000000000, 8.000000000000000000 ) ) ;
#2013 = DIRECTION ( 'NONE',  ( 0.0000000000000000000, -0.5000000000000011102, -0.8660254037844379305 ) ) ;
#2014 = DIRECTION ( 'NONE',  ( 1.000000000000000000, 0.0000000000000000000, 0.0000000000000000000 ) ) ;
#2015 = ADVANCED_FACE ( 'NONE', ( #359 ), #4492, .F. ) ;
#2016 = AXIS2_PLACEMENT_3D ( 'NONE', #923, #186, #6818 ) ;
#2017 = DIRECTION ( 'NONE',  ( -0.3660362354902207405, -0.9306005987039487337, 0.0000000000000000000 ) ) ;
#2018 = MECHANICAL_DESIGN_GEOMETRIC_PRESENTATION_REPRESENTATION (  '', ( #922 ), #7380 ) ;
#2019 = CIRCLE ( 'NONE', #5124, 17.50000000000000355 ) ;
#2020 = CARTESIAN_POINT ( 'NONE',  ( 0.0000000000000000000, -35.00000000000000000, 18.00000000000000355 ) ) ;
#2021 = DIRECTION ( 'NONE',  ( 0.0000000000000000000, 0.0000000000000000000, -1.000000000000000000 ) ) ;
#2022 = CIRCLE ( 'NONE', #10564, 1.000000000000000888 ) ;
#2023 = DIRECTION ( 'NONE',  ( -0.0000000000000000000, -1.000000000000000000, -0.0000000000000000000 ) ) ;
#2024 = DIRECTION ( 'NONE',  ( -0.0000000000000000000, -0.0000000000000000000, 1.000000000000000000 ) ) ;
#2025 = FACE_OUTER_BOUND ( 'NONE', #8491, .T. ) ;
#2026 = CARTESIAN_POINT ( 'NONE',  ( 33.69485974840338116, 19.73667871171356225, 0.0000000000000000000 ) ) ;
#2027 = VECTOR ( 'NONE', #1535, 1000.000000000000000 ) ;
#2028 = DIRECTION ( 'NONE',  ( 0.9999831903867453242, -0.005798184538827749410, 1.841783169851907037E-16 ) ) ;
#2029 = DIRECTION ( 'NONE',  ( -0.0000000000000000000, -1.000000000000000000, -0.0000000000000000000 ) ) ;
#2030 = CARTESIAN_POINT ( 'NONE',  ( -30.86602540378445525, -1.500000000000012657, 14.57071421427143498 ) ) ;
#2031 = AXIS2_PLACEMENT_3D ( 'NONE', #3834, #3801, #1365 ) ;
#2032 = DIRECTION ( 'NONE',  ( -0.0000000000000000000, -0.0000000000000000000, -1.000000000000000000 ) ) ;
#2033 = CARTESIAN_POINT ( 'NONE',  ( -15.33710494450006934, -4.143179291965502387, 15.92788813190231956 ) ) ;
#2034 =( GEOMETRIC_REPRESENTATION_CONTEXT ( 3 ) GLOBAL_UNCERTAINTY_ASSIGNED_CONTEXT ( ( #8534 ) ) GLOBAL_UNIT_ASSIGNED_CONTEXT ( ( #6753, #7649, #5908 ) ) REPRESENTATION_CONTEXT ( 'NONE', 'WORKASPACE' ) );
#2035 = ORIENTED_EDGE ( 'NONE', *, *, #7656, .F. ) ;
#2036 = PLANE ( 'NONE',  #2137 ) ;
#2037 = DIRECTION ( 'NONE',  ( -0.0000000000000000000, -0.0000000000000000000, 1.000000000000000000 ) ) ;
#2038 = CYLINDRICAL_SURFACE ( 'NONE', #2812, 2.500000000000002220 ) ;
#2039 = ORIENTED_EDGE ( 'NONE', *, *, #7712, .T. ) ;
#2040 = CIRCLE ( 'NONE', #606, 2.445500000000000007 ) ;
#2041 = CARTESIAN_POINT ( 'NONE',  ( -21.09021127631075743, -1.231278372949170311E-12, 3.360454626735235095 ) ) ;
#2042 = CARTESIAN_POINT ( 'NONE',  ( -16.00454269458412071, -0.7262843530377179890, 13.64015487784067915 ) ) ;
#2043 = DIRECTION ( 'NONE',  ( 0.3660362354902203519, -0.9306005987039489558, 0.0000000000000000000 ) ) ;
#2044 = ORIENTED_EDGE ( 'NONE', *, *, #4424, .T. ) ;
#2045 = DIRECTION ( 'NONE',  ( 0.0000000000000000000, 0.0000000000000000000, 1.000000000000000000 ) ) ;
#2046 = VECTOR ( 'NONE', #3792, 1000.000000000000000 ) ;
#2047 = CIRCLE ( 'NONE', #5857, 15.56835092944197640 ) ;
#2048 = VERTEX_POINT ( 'NONE', #6524 ) ;
#2049 = AXIS2_PLACEMENT_3D ( 'NONE', #367, #7844, #4524 ) ;
#2050 = CARTESIAN_POINT ( 'NONE',  ( -15.60624284822888441, -3.875873480278607897, -15.87388824843793955 ) ) ;
#2051 = VERTEX_POINT ( 'NONE', #5750 ) ;
#2052 = CARTESIAN_POINT ( 'NONE',  ( 33.30258864149740816, 19.22818705871573286, 26.50000000000000000 ) ) ;
#2053 = EDGE_CURVE ( 'NONE', #2974, #4501, #105, .T. ) ;
#2054 = VERTEX_POINT ( 'NONE', #3176 ) ;
#2055 = DIRECTION ( 'NONE',  ( 0.0000000000000000000, 0.0000000000000000000, 1.000000000000000000 ) ) ;
#2056 = EDGE_LOOP ( 'NONE', ( #586, #10730 ) ) ;
#2057 = EDGE_LOOP ( 'NONE', ( #6470, #5929, #10326, #3404 ) ) ;
#2058 = DIRECTION ( 'NONE',  ( -1.000000000000000000, 0.0000000000000000000, 0.0000000000000000000 ) ) ;
#2059 = DIRECTION ( 'NONE',  ( 1.000000000000000000, 0.0000000000000000000, 0.0000000000000000000 ) ) ;
#2060 = DIRECTION ( 'NONE',  ( 0.9306005987039497329, 0.3660362354902185200, 1.269943301526112835E-15 ) ) ;
#2061 = EDGE_LOOP ( 'NONE', ( #9339, #10647, #3674 ) ) ;
#2062 = EDGE_LOOP ( 'NONE', ( #9694, #9259, #7182, #5157 ) ) ;
#2063 = CARTESIAN_POINT ( 'NONE',  ( -4.336808689942017736E-16, 5.773502691896262640, -0.4465819873852080457 ) ) ;
#2064 = ORIENTED_EDGE ( 'NONE', *, *, #8715, .F. ) ;
#2065 = ORIENTED_EDGE ( 'NONE', *, *, #4024, .T. ) ;
#2066 = CARTESIAN_POINT ( 'NONE',  ( -3.053004533049846980, 3.999999999999999112, -5.204217405168463095 ) ) ;
#2067 = EDGE_CURVE ( 'NONE', #10212, #6762, #6467, .T. ) ;
#2068 = DIRECTION ( 'NONE',  ( 1.839394258314614817E-16, -4.173428815848060697E-17, 1.000000000000000000 ) ) ;
#2069 = CARTESIAN_POINT ( 'NONE',  ( 0.4465819873852002742, 2.886751345948125547, 4.999999999999999112 ) ) ;
#2070 = EDGE_LOOP ( 'NONE', ( #2967, #3106, #139, #5774, #1418, #1595 ) ) ;
#2071 = DIRECTION ( 'NONE',  ( 1.000000000000000000, -0.0000000000000000000, 1.347358039593636966E-16 ) ) ;
#2072 = CARTESIAN_POINT ( 'NONE',  ( 2.959716367706854534, 20.72706986570518950, 26.12245122441547451 ) ) ;
#2073 = CARTESIAN_POINT ( 'NONE',  ( 6.171862870446970462, 20.72999999999999687, 0.1224512244154741386 ) ) ;
#2074 = ADVANCED_FACE ( 'NONE', ( #6716 ), #9186, .F. ) ;
#2075 = CIRCLE ( 'NONE', #9553, 2.999999999999999556 ) ;
#2076 = ORIENTED_EDGE ( 'NONE', *, *, #6721, .F. ) ;
#2077 = EDGE_CURVE ( 'NONE', #10736, #2214, #8024, .T. ) ;
#2078 = DIRECTION ( 'NONE',  ( -0.4794873788433848816, 0.0000000000000000000, 0.8775487755845257087 ) ) ;
#2079 = LINE ( 'NONE', #10291, #6100 ) ;
#2080 = EDGE_LOOP ( 'NONE', ( #4048, #5110, #9860, #5948 ) ) ;
#2081 = CARTESIAN_POINT ( 'NONE',  ( 5.000000000000000888, 0.0000000000000000000, 0.0000000000000000000 ) ) ;
#2082 = CARTESIAN_POINT ( 'NONE',  ( -10.91842820504251499, 0.001929919922813782629, 16.76074855765138949 ) ) ;
#2083 = CARTESIAN_POINT ( 'NONE',  ( -24.12326752035174948, 2.567906592516311697E-31, 1.114126503543134916 ) ) ;
#2084 = EDGE_LOOP ( 'NONE', ( #5561, #1944, #5418, #3091, #1937, #2177 ) ) ;
#2085 = CARTESIAN_POINT ( 'NONE',  ( 40.05682971852576202, 20.73262220736212313, 0.3763421352693137045 ) ) ;
#2086 = DIRECTION ( 'NONE',  ( 0.0000000000000000000, 0.0000000000000000000, 1.000000000000000000 ) ) ;
#2087 = FACE_OUTER_BOUND ( 'NONE', #6202, .T. ) ;
#2088 = EDGE_LOOP ( 'NONE', ( #6529, #5609, #8043 ) ) ;
#2089 = AXIS2_PLACEMENT_3D ( 'NONE', #9012, #8931, #5562 ) ;
#2090 = B_SPLINE_CURVE_WITH_KNOTS ( 'NONE', 3,
 ( #10377, #5441, #9542, #8682, #4563, #8754, #8641, #7030, #3698, #5510, #6348, #2105, #6306, #5368, #10340, #9506, #1337, #1376, #555, #5401 ),
 .UNSPECIFIED., .F., .F.,
 ( 4, 2, 2, 2, 2, 2, 2, 2, 2, 4 ),
 ( 0.0000000000000000000, 0.002048865303928178172, 0.002561081629910227919, 0.003073297955892278534, 0.004097730607856388436, 0.005122163259820498339, 0.005634379585802550688, 0.006146595911784603905, 0.007171028563748710338, 0.008195461215712818506 ),
 .UNSPECIFIED. ) ;
#2091 = VECTOR ( 'NONE', #551, 1000.000000000000000 ) ;
#2092 = DIRECTION ( 'NONE',  ( 0.0000000000000000000, 0.0000000000000000000, 1.000000000000000000 ) ) ;
#2093 = DIRECTION ( 'NONE',  ( -0.0000000000000000000, 0.0000000000000000000, -1.000000000000000000 ) ) ;
#2094 = CARTESIAN_POINT ( 'NONE',  ( 3.136731145534476184, 22.27057200464264497, 3.000000000227292851 ) ) ;
#2095 = CARTESIAN_POINT ( 'NONE',  ( 1.000000000000000888, 0.0000000000000000000, 0.0000000000000000000 ) ) ;
#2096 = VERTEX_POINT ( 'NONE', #929 ) ;
#2097 = DIRECTION ( 'NONE',  ( -1.347358039593636966E-16, 0.0000000000000000000, -1.000000000000000000 ) ) ;
#2098 = DIRECTION ( 'NONE',  ( 1.347358039593636966E-16, -0.0000000000000000000, -1.000000000000000000 ) ) ;
#2099 = CARTESIAN_POINT ( 'NONE',  ( 0.0000000000000000000, 20.72999999999999687, 27.00000000000000000 ) ) ;
#2100 = ORIENTED_EDGE ( 'NONE', *, *, #7422, .F. ) ;
#2101 = EDGE_CURVE ( 'NONE', #10137, #9647, #99, .T. ) ;
#2102 = CARTESIAN_POINT ( 'NONE',  ( 3.430510190222379574, 22.17855683418831703, 25.10248299676666761 ) ) ;
#2103 = AXIS2_PLACEMENT_3D ( 'NONE', #8100, #9062, #8177 ) ;
#2104 = CARTESIAN_POINT ( 'NONE',  ( -16.87010755656237038, 1.458017925632497880, 8.632302523536319327 ) ) ;
#2105 = CARTESIAN_POINT ( 'NONE',  ( -19.51354994526876041, -0.4166725018732735930, 13.00401643908257654 ) ) ;
#2106 = ORIENTED_EDGE ( 'NONE', *, *, #322, .F. ) ;
#2107 = DIRECTION ( 'NONE',  ( 0.0000000000000000000, 0.0000000000000000000, 1.000000000000000000 ) ) ;
#2108 = CARTESIAN_POINT ( 'NONE',  ( 13.81565638746557845, 2.452046392830443899, -14.47177420918594848 ) ) ;
#2109 = VERTEX_POINT ( 'NONE', #4193 ) ;
#2110 =( BOUNDED_CURVE ( )  B_SPLINE_CURVE ( 3, ( #97, #897, #1764, #8419 ),
 .UNSPECIFIED., .F., .F. ) 
 B_SPLINE_CURVE_WITH_KNOTS ( ( 4, 4 ),
 ( 4.734801649363186371, 5.063163687152391290 ),
 .UNSPECIFIED. ) 
 CURVE ( )  GEOMETRIC_REPRESENTATION_ITEM ( )  RATIONAL_B_SPLINE_CURVE ( ( 1.000000000000000000, 0.9910350293844736314, 0.9910350293844736314, 1.000000000000000000 ) ) 
 REPRESENTATION_ITEM ( '' )  );
#2111 = CARTESIAN_POINT ( 'NONE',  ( -46.30940107675852602, -10.00000000000000178, 13.99999999999999112 ) ) ;
#2113 = EDGE_CURVE ( 'NONE', #6834, #7280, #4483, .T. ) ;
#2112 = DIRECTION ( 'NONE',  ( 0.0000000000000000000, 0.0000000000000000000, -1.000000000000000000 ) ) ;
#2114 = ORIENTED_EDGE ( 'NONE', *, *, #10213, .T. ) ;
#2115 = CARTESIAN_POINT ( 'NONE',  ( -23.03148490964748518, 0.0002929136962556114394, 6.998608995243519537 ) ) ;
#2116 = PLANE ( 'NONE',  #8311 ) ;
#2117 = DIRECTION ( 'NONE',  ( -0.0000000000000000000, -0.0000000000000000000, -1.000000000000000000 ) ) ;
#2118 = PRODUCT_RELATED_PRODUCT_CATEGORY ( 'part', '', ( #200 ) ) ;
#2119 = CARTESIAN_POINT ( 'NONE',  ( -12.72338200928162344, 0.5705055248981442118, 15.25970734248531535 ) ) ;
#2120 = ORIENTED_EDGE ( 'NONE', *, *, #6910, .F. ) ;
#2121 = CARTESIAN_POINT ( 'NONE',  ( 0.0000000000000000000, 9.999999999999998224, -15.37500000000000178 ) ) ;
#2122 = EDGE_CURVE ( 'NONE', #10099, #7659, #6954, .T. ) ;
#2123 = AXIS2_PLACEMENT_3D ( 'NONE', #2422, #724, #7342 ) ;
#2124 = CARTESIAN_POINT ( 'NONE',  ( -52.30940107675851891, -10.19999999999999929, -20.00000000000000355 ) ) ;
#2125 = VECTOR ( 'NONE', #1874, 1000.000000000000000 ) ;
#2126 = CIRCLE ( 'NONE', #4369, 1.000000000000000000 ) ;
#2127 = CARTESIAN_POINT ( 'NONE',  ( -46.14542788219400649, -4.822834520243908685, -16.00000000000000000 ) ) ;
#2128 = CARTESIAN_POINT ( 'NONE',  ( 39.26439155837419293, 21.05655294009385514, 28.00000000000000000 ) ) ;
#2129 = CARTESIAN_POINT ( 'NONE',  ( -10.56260947381971249, -34.43334665390355553, -16.99666680594985735 ) ) ;
#2130 = ADVANCED_FACE ( 'NONE', ( #4757 ), #1390, .T. ) ;
#2131 = EDGE_LOOP ( 'NONE', ( #9395, #5459, #1176, #4620 ) ) ;
#2132 = CARTESIAN_POINT ( 'NONE',  ( -46.30940107675852602, -10.00000000000000178, -15.99999999999999645 ) ) ;
#2133 = DIRECTION ( 'NONE',  ( 1.000000000000000000, -0.0000000000000000000, -0.0000000000000000000 ) ) ;
#2134 = CARTESIAN_POINT ( 'NONE',  ( -2.456427564297941402, -27.95933239334472376, -18.00000000000000711 ) ) ;
#2135 = B_SPLINE_CURVE_WITH_KNOTS ( 'NONE', 3,
 ( #8605, #778, #5480, #7297, #8752, #8966, #4029, #10649, #3231, #4624 ),
 .UNSPECIFIED., .F., .F.,
 ( 4, 2, 1, 1, 1, 1, 4 ),
 ( 0.6257157524529523007, 0.7500000000000001110, 0.9500000000000000666, 0.9625000000000000222, 0.9749999999999998668, 0.9875000000000000444, 1.000000000000000000 ),
 .UNSPECIFIED. ) ;
#2136 = EDGE_CURVE ( 'NONE', #1863, #1691, #1657, .T. ) ;
#2137 = AXIS2_PLACEMENT_3D ( 'NONE', #9548, #3598, #2760 ) ;
#2138 = DIRECTION ( 'NONE',  ( 0.0000000000000000000, 1.000000000000000000, 0.0000000000000000000 ) ) ;
#2139 = CARTESIAN_POINT ( 'NONE',  ( 5.000000000000000000, 0.0000000000000000000, 4.012500000000000178 ) ) ;
#2140 = CYLINDRICAL_SURFACE ( 'NONE', #10000, 3.000000000000000000 ) ;
#2141 =( NAMED_UNIT ( * ) SI_UNIT ( $, .STERADIAN. ) SOLID_ANGLE_UNIT ( ) );
#2142 = ORIENTED_EDGE ( 'NONE', *, *, #430, .T. ) ;
#2143 = FILL_AREA_STYLE ('',( #7106 ) ) ;
#2144 = CARTESIAN_POINT ( 'NONE',  ( 9.292305210990166486, 19.84950204030734966, 1.818013024041751358 ) ) ;
#2145 = DIRECTION ( 'NONE',  ( -0.0000000000000000000, -0.0000000000000000000, -1.000000000000000000 ) ) ;
#2146 = CARTESIAN_POINT ( 'NONE',  ( 0.0000000000000000000, 3.803076006814065657, 0.0000000000000000000 ) ) ;
#2147 = CARTESIAN_POINT ( 'NONE',  ( 1.470485790706642648, 20.72999999999999687, 2.691255415860588585 ) ) ;
#2148 = CARTESIAN_POINT ( 'NONE',  ( 8.004888187521654430, 20.35141064624147944, 0.0000000000000000000 ) ) ;
#2149 = LINE ( 'NONE', #7848, #456 ) ;
#2150 = EDGE_CURVE ( 'NONE', #3226, #6873, #8000, .T. ) ;
#2151 = EDGE_CURVE ( 'NONE', #7138, #8521, #3857, .T. ) ;
#2152 = CIRCLE ( 'NONE', #5203, 13.95972608532995274 ) ;
#2153 = ORIENTED_EDGE ( 'NONE', *, *, #60, .T. ) ;
#2154 = CARTESIAN_POINT ( 'NONE',  ( -10.93578494680714819, 0.007382150152732935323, 16.74940977825684030 ) ) ;
#2155 = CARTESIAN_POINT ( 'NONE',  ( 5.000000000000002665, -2.886751345948133540, -5.653418012614791266 ) ) ;
#2156 = CARTESIAN_POINT ( 'NONE',  ( -5.000000000000000000, 2.886751345948122882, -0.4465819873852037158 ) ) ;
#2157 = CARTESIAN_POINT ( 'NONE',  ( 25.44734990167305000, 10.69999999999999929, 1.500000000000000000 ) ) ;
#2158 = CIRCLE ( 'NONE', #7797, 10.00000000000000178 ) ;
#2159 = B_SPLINE_CURVE_WITH_KNOTS ( 'NONE', 3,
 ( #1788, #7582, #2633, #1689, #7446, #5812, #7554, #10732, #7483, #3347, #5778, #1730, #8313, #2597, #9160, #9198, #4221, #10019, #5054, #93, #6828, #5193 ),
 .UNSPECIFIED., .F., .F.,
 ( 4, 2, 2, 2, 2, 2, 2, 2, 2, 2, 4 ),
 ( 0.0000000000000000000, 0.001016941168414197891, 0.001525411752621295318, 0.002033882336828392746, 0.003050823505242597142, 0.004067764673656801971, 0.005084705842071006801, 0.005593176426278111818, 0.006101647010485215100, 0.007118588178899423399, 0.008135529347313631698 ),
 .UNSPECIFIED. ) ;
#2160 = FACE_OUTER_BOUND ( 'NONE', #5962, .T. ) ;
#2161 = EDGE_CURVE ( 'NONE', #6727, #5076, #2159, .T. ) ;
#2162 = CARTESIAN_POINT ( 'NONE',  ( -30.57735026918963683, -1.000000000000004441, 13.99999999999999822 ) ) ;
#2163 = CARTESIAN_POINT ( 'NONE',  ( 36.60402920347198830, 31.73000000000000043, 3.000000000000000000 ) ) ;
#2164 = CARTESIAN_POINT ( 'NONE',  ( 33.22031895026839976, 19.11813772300484260, 26.50000000000000000 ) ) ;
#2165 = VERTEX_POINT ( 'NONE', #4953 ) ;
#2166 = DIRECTION ( 'NONE',  ( -0.0000000000000000000, 0.0000000000000000000, 1.000000000000000000 ) ) ;
#2167 = AXIS2_PLACEMENT_3D ( 'NONE', #6114, #7025, #9689 ) ;
#2168 = CARTESIAN_POINT ( 'NONE',  ( -16.31587058033960247, -3.368648134271492456, -15.72638245280511704 ) ) ;
#2169 = CARTESIAN_POINT ( 'NONE',  ( 2.500000000000004885, 4.330127018922191873, -6.099999999999999645 ) ) ;
#2170 = VECTOR ( 'NONE', #7071, 1000.000000000000000 ) ;
#2171 = UNCERTAINTY_MEASURE_WITH_UNIT (LENGTH_MEASURE( 1.000000000000000082E-05 ), #3534, 'distance_accuracy_value', 'NONE');
#2172 = CIRCLE ( 'NONE', #2662, 10.00000000000000000 ) ;
#2173 = CARTESIAN_POINT ( 'NONE',  ( -4.592054218142291866, -3.122278952918457584, -0.3106000600989334282 ) ) ;
#2174 = ORIENTED_EDGE ( 'NONE', *, *, #2414, .F. ) ;
#2175 = DIRECTION ( 'NONE',  ( 0.0000000000000000000, 1.000000000000000000, 0.0000000000000000000 ) ) ;
#2176 = CIRCLE ( 'NONE', #7322, 5.000000000000000000 ) ;
#2177 = ORIENTED_EDGE ( 'NONE', *, *, #2762, .F. ) ;
#2178 = DIRECTION ( 'NONE',  ( -0.0000000000000000000, -1.000000000000000000, -0.0000000000000000000 ) ) ;
#2179 = PRODUCT_CONTEXT ( 'NONE', #3274, 'mechanical' ) ;
#2180 = CARTESIAN_POINT ( 'NONE',  ( -5.000000000000000000, 0.0000000000000000000, 13.49999999999999822 ) ) ;
#2181 = CARTESIAN_POINT ( 'NONE',  ( 4.670718986748888746, 3.225955915145913622, 14.04321029647097419 ) ) ;
#2182 = FACE_OUTER_BOUND ( 'NONE', #9040, .T. ) ;
#2183 = EDGE_LOOP ( 'NONE', ( #7634, #1722, #3661, #7866 ) ) ;
#2184 = FILL_AREA_STYLE_COLOUR ( '', #8980 ) ;
#2185 = ORIENTED_EDGE ( 'NONE', *, *, #4329, .F. ) ;
#2186 = STYLED_ITEM ( 'NONE', ( #8400 ), #6823 ) ;
#2187 = CARTESIAN_POINT ( 'NONE',  ( -7.609087638148303689, 0.0000000000000000000, 18.91802783386020081 ) ) ;
#2188 = ADVANCED_FACE ( 'NONE', ( #6054 ), #1111, .T. ) ;
#2189 = DIRECTION ( 'NONE',  ( -1.000000000000000000, 0.0000000000000000000, 0.0000000000000000000 ) ) ;
#2190 = ORIENTED_EDGE ( 'NONE', *, *, #4230, .T. ) ;
#2191 = ORIENTED_EDGE ( 'NONE', *, *, #6805, .F. ) ;
#2192 = CARTESIAN_POINT ( 'NONE',  ( -5.000000000000000000, -2.886751345948137981, -5.653418012614791266 ) ) ;
#2193 = ORIENTED_EDGE ( 'NONE', *, *, #7448, .F. ) ;
#2194 = DIRECTION ( 'NONE',  ( -1.000000000000000000, 0.0000000000000000000, 0.0000000000000000000 ) ) ;
#2195 = CARTESIAN_POINT ( 'NONE',  ( -12.49794994222693312, 0.4996576678128394344, 15.48749513074030659 ) ) ;
#2196 = ORIENTED_EDGE ( 'NONE', *, *, #8067, .T. ) ;
#2197 = CARTESIAN_POINT ( 'NONE',  ( -4.838708853302715163, -30.18279492974917488, -19.55857878852910758 ) ) ;
#2198 = DIRECTION ( 'NONE',  ( -0.0000000000000000000, -0.0000000000000000000, -1.000000000000000000 ) ) ;
#2199 = VERTEX_POINT ( 'NONE', #7886 ) ;
#2200 = DIRECTION ( 'NONE',  ( 0.0000000000000000000, 0.0000000000000000000, -1.000000000000000000 ) ) ;
#2201 = CARTESIAN_POINT ( 'NONE',  ( -14.96662954709576177, -5.000000000000000888, -15.99999999999999645 ) ) ;
#2202 = VERTEX_POINT ( 'NONE', #6125 ) ;
#2203 = ORIENTED_EDGE ( 'NONE', *, *, #1154, .T. ) ;
#2204 = CARTESIAN_POINT ( 'NONE',  ( -48.04003200415749575, -7.343744156635383824, -16.50000000000000000 ) ) ;
#2205 = CARTESIAN_POINT ( 'NONE',  ( -1.369543409569211877E-15, 5.773502691896262640, -6.099999999999999645 ) ) ;
#2206 = EDGE_CURVE ( 'NONE', #9848, #3239, #10186, .T. ) ;
#2207 = VERTEX_POINT ( 'NONE', #1227 ) ;
#2208 = AXIS2_PLACEMENT_3D ( 'NONE', #5316, #3720, #2771 ) ;
#2209 = LINE ( 'NONE', #10044, #2 ) ;
#2210 = DIRECTION ( 'NONE',  ( -1.000000000000000000, 0.0000000000000000000, 0.0000000000000000000 ) ) ;
#2211 = ORIENTED_EDGE ( 'NONE', *, *, #7628, .T. ) ;
#2212 = DIRECTION ( 'NONE',  ( -0.0000000000000000000, 1.000000000000000000, 1.224646799147353207E-16 ) ) ;
#2213 = B_SPLINE_CURVE_WITH_KNOTS ( 'NONE', 3,
 ( #9985, #5940, #4247, #1996, #10280, #2855 ),
 .UNSPECIFIED., .F., .F.,
 ( 4, 2, 4 ),
 ( 0.008070708573309215428, 0.009531758523483289253, 0.01099280847365736308 ),
 .UNSPECIFIED. ) ;
#2214 = VERTEX_POINT ( 'NONE', #2144 ) ;
#2215 = ORIENTED_EDGE ( 'NONE', *, *, #10645, .T. ) ;
#2216 = DIRECTION ( 'NONE',  ( -0.0000000000000000000, -1.000000000000000000, -0.0000000000000000000 ) ) ;
#2217 = EDGE_LOOP ( 'NONE', ( #6846, #5725, #5621, #4639, #6376, #6851, #7075, #10599 ) ) ;
#2218 = LINE ( 'NONE', #7884, #5843 ) ;
#2219 = VERTEX_POINT ( 'NONE', #5406 ) ;
#2220 = EDGE_CURVE ( 'NONE', #2850, #8808, #3466, .T. ) ;
#2221 = EDGE_CURVE ( 'NONE', #773, #9507, #8896, .T. ) ;
#2222 = CARTESIAN_POINT ( 'NONE',  ( 0.0000000000000000000, -35.00000000000000000, 0.0000000000000000000 ) ) ;
#2223 = LINE ( 'NONE', #969, #10352 ) ;
#2224 = ORIENTED_EDGE ( 'NONE', *, *, #1218, .T. ) ;
#2225 = APPLICATION_CONTEXT ( 'automotive_design' ) ;
#2226 = CARTESIAN_POINT ( 'NONE',  ( 0.0000000000000000000, 132.7585063021263352, 0.0000000000000000000 ) ) ;
#2227 = CARTESIAN_POINT ( 'NONE',  ( 17.19248235785697787, 2.452491629505130888, -10.26701154168958752 ) ) ;
#2228 = FILL_AREA_STYLE ('',( #2184 ) ) ;
#2229 = CARTESIAN_POINT ( 'NONE',  ( -30.00000000000000355, -6.999999999999999112, -9.000000000000000000 ) ) ;
#2230 = CARTESIAN_POINT ( 'NONE',  ( -22.92713568620901654, 0.0001606595461300122879, 7.337625800670934950 ) ) ;
#2231 = LINE ( 'NONE', #2890, #4551 ) ;
#2232 = VERTEX_POINT ( 'NONE', #3701 ) ;
#2233 = CYLINDRICAL_SURFACE ( 'NONE', #6948, 2.499999999999998668 ) ;
#2234 = ORIENTED_EDGE ( 'NONE', *, *, #4731, .F. ) ;
#2235 = CARTESIAN_POINT ( 'NONE',  ( 3.708000751093676328, 22.09803150779407233, 25.24490244883094192 ) ) ;
#2236 = VECTOR ( 'NONE', #6681, 1000.000000000000000 ) ;
#2237 = DIRECTION ( 'NONE',  ( 0.0000000000000000000, 1.000000000000000000, 0.0000000000000000000 ) ) ;
#2238 = CARTESIAN_POINT ( 'NONE',  ( 8.610318235031920509, 19.11813772300486747, 0.0000000000000000000 ) ) ;
#2239 = CARTESIAN_POINT ( 'NONE',  ( -25.69999999999999929, 0.0000000000000000000, 8.000000000000000000 ) ) ;
#2240 = CARTESIAN_POINT ( 'NONE',  ( -30.00000000000000355, 0.0000000000000000000, 10.99999999999998934 ) ) ;
#2241 = AXIS2_PLACEMENT_3D ( 'NONE', #3965, #1527, #1565 ) ;
#2242 = ORIENTED_EDGE ( 'NONE', *, *, #6875, .T. ) ;
#2243 = AXIS2_PLACEMENT_3D ( 'NONE', #9100, #6453, #7491 ) ;
#2244 = ORIENTED_EDGE ( 'NONE', *, *, #8449, .T. ) ;
#2245 =( BOUNDED_CURVE ( )  B_SPLINE_CURVE ( 3, ( #10492, #8950, #3950, #6492 ),
 .UNSPECIFIED., .F., .F. ) 
 B_SPLINE_CURVE_WITH_KNOTS ( ( 4, 4 ),
 ( 4.712388980384689674, 4.984532832629444243 ),
 .UNSPECIFIED. ) 
 CURVE ( )  GEOMETRIC_REPRESENTATION_ITEM ( )  RATIONAL_B_SPLINE_CURVE ( ( 1.000000000000000000, 0.9938376607176927502, 0.9938376607176927502, 1.000000000000000000 ) ) 
 REPRESENTATION_ITEM ( '' )  );
#2246 = CARTESIAN_POINT ( 'NONE',  ( -46.25609191076274129, -8.273327236834287390, -17.00000000000000000 ) ) ;
#2247 = ORIENTED_EDGE ( 'NONE', *, *, #60, .F. ) ;
#2248 = ORIENTED_EDGE ( 'NONE', *, *, #8810, .F. ) ;
#2249 = CARTESIAN_POINT ( 'NONE',  ( 3.898666193966512594, 4.000000000000000888, -4.604901451007924251 ) ) ;
#2250 = DIRECTION ( 'NONE',  ( 0.0000000000000000000, -0.5000000000000011102, -0.8660254037844379305 ) ) ;
#2251 = ADVANCED_FACE ( 'NONE', ( #9831 ), #5028, .T. ) ;
#2252 = CARTESIAN_POINT ( 'NONE',  ( -14.96662954709576177, -5.000000000000002665, -26.00000000000000355 ) ) ;
#2253 = CARTESIAN_POINT ( 'NONE',  ( -1.648146632869007311, -4.821944789745374216, -6.099999999999996980 ) ) ;
#2254 = CARTESIAN_POINT ( 'NONE',  ( 0.0000000000000000000, -1.022107221908487684, 0.0000000000000000000 ) ) ;
#2255 = DIRECTION ( 'NONE',  ( 0.0000000000000000000, 0.0000000000000000000, -1.000000000000000000 ) ) ;
#2256 = DIRECTION ( 'NONE',  ( 0.0000000000000000000, -0.0000000000000000000, 1.000000000000000000 ) ) ;
#2257 = EDGE_CURVE ( 'NONE', #10476, #1914, #4240, .T. ) ;
#2258 = EDGE_LOOP ( 'NONE', ( #7746, #7241, #445, #2612 ) ) ;
#2259 = AXIS2_PLACEMENT_3D ( 'NONE', #6440, #1469, #7267 ) ;
#2260 = UNCERTAINTY_MEASURE_WITH_UNIT (LENGTH_MEASURE( 1.000000000000000082E-05 ), #9473, 'distance_accuracy_value', 'NONE');
#2261 = FACE_OUTER_BOUND ( 'NONE', #9872, .T. ) ;
#2262 = ADVANCED_FACE ( 'NONE', ( #3078 ), #5803, .T. ) ;
#2263 = DIRECTION ( 'NONE',  ( -0.0000000000000000000, -0.0000000000000000000, 1.000000000000000000 ) ) ;
#2264 = LINE ( 'NONE', #4081, #2655 ) ;
#2265 = DIRECTION ( 'NONE',  ( 0.0000000000000000000, 0.0000000000000000000, -1.000000000000000000 ) ) ;
#2266 = CARTESIAN_POINT ( 'NONE',  ( 2.142598311179081616, 2.452451426071680984, -21.70402115552820277 ) ) ;
#2267 = CARTESIAN_POINT ( 'NONE',  ( -47.27983724504240826, -8.748921230405159122, 17.00000000000000000 ) ) ;
#2269 = EDGE_CURVE ( 'NONE', #6213, #3405, #5276, .T. ) ;
#2268 = DIRECTION ( 'NONE',  ( -0.9306005987039486227, 0.3660362354902207405, 0.0000000000000000000 ) ) ;
#2270 = EDGE_LOOP ( 'NONE', ( #16, #10623, #9328, #6095 ) ) ;
#2271 = CARTESIAN_POINT ( 'NONE',  ( 1.000000000000000888, 0.0000000000000000000, 0.0000000000000000000 ) ) ;
#2272 = DIRECTION ( 'NONE',  ( 1.000000000000000000, 0.0000000000000000000, -0.0000000000000000000 ) ) ;
#2273 = PRODUCT_DEFINITION ( 'UNKNOWN', '', #1131, #4241 ) ;
#2274 = CIRCLE ( 'NONE', #4308, 5.000000000000000888 ) ;
#2275 = CARTESIAN_POINT ( 'NONE',  ( -10.91149923374124953, 0.0000000000000000000, -16.76318177656527908 ) ) ;
#2276 = CARTESIAN_POINT ( 'NONE',  ( 4.250000000000000000, 3.980102097228897245E-16, 3.249999999999999556 ) ) ;
#2277 = EDGE_CURVE ( 'NONE', #4799, #7171, #2986, .T. ) ;
#2278 = CARTESIAN_POINT ( 'NONE',  ( 3.434598495437215071, 22.17432921102611942, 25.08057857927036594 ) ) ;
#2279 = AXIS2_PLACEMENT_3D ( 'NONE', #349, #7014, #6109 ) ;
#2280 = CARTESIAN_POINT ( 'NONE',  ( -10.42502652262163210, -1.546890607983142596, -17.06858287454387124 ) ) ;
#2281 = EDGE_LOOP ( 'NONE', ( #6527, #7757, #3644, #2340 ) ) ;
#2282 = DIRECTION ( 'NONE',  ( -0.0000000000000000000, -1.000000000000000000, -0.0000000000000000000 ) ) ;
#2283 = DIRECTION ( 'NONE',  ( 0.0000000000000000000, 1.734723475976806848E-16, 1.000000000000000000 ) ) ;
#2284 = VECTOR ( 'NONE', #4032, 1000.000000000000114 ) ;
#2285 = CARTESIAN_POINT ( 'NONE',  ( 5.000000000000000000, 2.316617955123359884, -4.012500000000003730 ) ) ;
#2286 = DIRECTION ( 'NONE',  ( -0.0000000000000000000, 0.0000000000000000000, 1.000000000000000000 ) ) ;
#2287 = B_SPLINE_CURVE_WITH_KNOTS ( 'NONE', 3,
 ( #4053, #1514, #9827, #7284, #8103, #4816 ),
 .UNSPECIFIED., .F., .F.,
 ( 4, 2, 4 ),
 ( 0.4050000000000000822, 0.4524999965953303560, 0.4999999931906605743 ),
 .UNSPECIFIED. ) ;
#2288 = VECTOR ( 'NONE', #7685, 1000.000000000000000 ) ;
#2289 = EDGE_CURVE ( 'NONE', #7059, #7783, #9961, .T. ) ;
#2290 = LINE ( 'NONE', #626, #10562 ) ;
#2291 = AXIS2_PLACEMENT_3D ( 'NONE', #9281, #75, #880 ) ;
#2292 = CARTESIAN_POINT ( 'NONE',  ( 0.0000000000000000000, 2.000000000000000000, 0.0000000000000000000 ) ) ;
#2293 = FACE_OUTER_BOUND ( 'NONE', #9469, .T. ) ;
#2294 = LINE ( 'NONE', #1466, #2676 ) ;
#2295 = CYLINDRICAL_SURFACE ( 'NONE', #1114, 27.38338016777126782 ) ;
#2296 = DIRECTION ( 'NONE',  ( -0.0000000000000000000, -0.0000000000000000000, -1.000000000000000000 ) ) ;
#2297 = CARTESIAN_POINT ( 'NONE',  ( -46.30940107675852602, -10.00000000000000178, 17.00000000000000000 ) ) ;
#2298 = ORIENTED_EDGE ( 'NONE', *, *, #2537, .F. ) ;
#2299 = DIRECTION ( 'NONE',  ( 0.0000000000000000000, 0.0000000000000000000, 1.000000000000000000 ) ) ;
#2300 = ADVANCED_FACE ( 'NONE', ( #886 ), #6174, .T. ) ;
#2301 = DIRECTION ( 'NONE',  ( -1.000000000000000000, 0.0000000000000000000, 0.0000000000000000000 ) ) ;
#2302 = CARTESIAN_POINT ( 'NONE',  ( -22.49999999999990763, 12.99038105676663513, -20.00000000000000355 ) ) ;
#2303 = EDGE_CURVE ( 'NONE', #6638, #4147, #2307, .T. ) ;
#2304 = AXIS2_PLACEMENT_3D ( 'NONE', #4179, #3411, #4211 ) ;
#2305 = CARTESIAN_POINT ( 'NONE',  ( -4.592054218142293642, -3.122278952918456696, -5.789399939901066716 ) ) ;
#2306 = FACE_OUTER_BOUND ( 'NONE', #4690, .T. ) ;
#2307 = CIRCLE ( 'NONE', #8989, 14.50000000000000533 ) ;
#2308 = CARTESIAN_POINT ( 'NONE',  ( 0.0000000000000000000, 0.0000000000000000000, 0.0000000000000000000 ) ) ;
#2309 = DIRECTION ( 'NONE',  ( 0.0000000000000000000, 1.000000000000000000, 0.0000000000000000000 ) ) ;
#2310 = DIRECTION ( 'NONE',  ( 0.0000000000000000000, 0.0000000000000000000, -1.000000000000000000 ) ) ;
#2311 = CARTESIAN_POINT ( 'NONE',  ( -1.877607434884280169, 4.773566224282064674, 26.00000000000000355 ) ) ;
#2312 = VERTEX_POINT ( 'NONE', #6980 ) ;
#2313 = CARTESIAN_POINT ( 'NONE',  ( -4.336808689942017736E-16, 21.88813772300484928, 24.99999999999999289 ) ) ;
#2314 = ADVANCED_FACE ( 'NONE', ( #10308 ), #1943, .T. ) ;
#2315 = B_SPLINE_CURVE_WITH_KNOTS ( 'NONE', 3,
 ( #1767, #3320, #6691, #7489, #2567, #4260, #4989, #3356 ),
 .UNSPECIFIED., .F., .F.,
 ( 4, 2, 2, 4 ),
 ( 0.002921158011986722466, 0.003648658599403075287, 0.004376159186819427241, 0.005831160361652130281 ),
 .UNSPECIFIED. ) ;
#2316 = EDGE_CURVE ( 'NONE', #7992, #10324, #7352, .T. ) ;
#2317 = CARTESIAN_POINT ( 'NONE',  ( -49.65699333988568043, -10.86448890356655106, -16.50000000000000000 ) ) ;
#2318 = FACE_OUTER_BOUND ( 'NONE', #9573, .T. ) ;
#2319 = ORIENTED_EDGE ( 'NONE', *, *, #8746, .T. ) ;
#2320 = FACE_OUTER_BOUND ( 'NONE', #8305, .T. ) ;
#2321 = AXIS2_PLACEMENT_3D ( 'NONE', #5954, #994, #6799 ) ;
#2322 = VERTEX_POINT ( 'NONE', #7828 ) ;
#2323 = DIRECTION ( 'NONE',  ( 1.224646799147353207E-16, 1.000000000000000000, -0.0000000000000000000 ) ) ;
#2324 = DIRECTION ( 'NONE',  ( -0.0000000000000000000, 1.000000000000000000, -0.0000000000000000000 ) ) ;
#2325 = VERTEX_POINT ( 'NONE', #4585 ) ;
#2326 = ORIENTED_EDGE ( 'NONE', *, *, #2122, .T. ) ;
#2327 = ORIENTED_EDGE ( 'NONE', *, *, #1935, .F. ) ;
#2328 = DIRECTION ( 'NONE',  ( 0.0000000000000000000, 0.0000000000000000000, 1.000000000000000000 ) ) ;
#2329 = ORIENTED_EDGE ( 'NONE', *, *, #6751, .T. ) ;
#2330 = ORIENTED_EDGE ( 'NONE', *, *, #6256, .T. ) ;
#2331 = CARTESIAN_POINT ( 'NONE',  ( 6.875458175371399250, 21.73000000000000043, 27.12245122441547807 ) ) ;
#2332 = EDGE_LOOP ( 'NONE', ( #5305, #9633, #7803 ) ) ;
#2333 = DIRECTION ( 'NONE',  ( 0.0000000000000000000, 0.0000000000000000000, -1.000000000000000000 ) ) ;
#2334 = CARTESIAN_POINT ( 'NONE',  ( -47.75476521102635985, -13.28635162781927015, 16.50000000000000000 ) ) ;
#2335 = STYLED_ITEM ( 'NONE', ( #3353 ), #8410 ) ;
#2336 = CARTESIAN_POINT ( 'NONE',  ( 1.366036235490220463, 22.96269241404051442, 3.000000000000006217 ) ) ;
#2337 = CARTESIAN_POINT ( 'NONE',  ( 0.0000000000000000000, -2.818925648462311528E-15, 0.0000000000000000000 ) ) ;
#2338 = CARTESIAN_POINT ( 'NONE',  ( -5.000000000000000000, -0.9724665692850907872, -6.058069561147902959 ) ) ;
#2339 = ORIENTED_EDGE ( 'NONE', *, *, #7157, .T. ) ;
#2340 = ORIENTED_EDGE ( 'NONE', *, *, #3199, .F. ) ;
#2341 = ORIENTED_EDGE ( 'NONE', *, *, #9483, .F. ) ;
#2342 = ORIENTED_EDGE ( 'NONE', *, *, #3324, .F. ) ;
#2343 = DIRECTION ( 'NONE',  ( 1.218331786431505596E-16, -0.1014229160628661447, 0.9948434007909510157 ) ) ;
#2344 = DIRECTION ( 'NONE',  ( -1.000000000000000000, 0.0000000000000000000, 0.0000000000000000000 ) ) ;
#2345 = PRODUCT_DEFINITION_SHAPE ( 'NONE', 'NONE',  #2273 ) ;
#2346 = DIRECTION ( 'NONE',  ( -1.000000000000000000, 0.0000000000000000000, 0.0000000000000000000 ) ) ;
#2347 = ORIENTED_EDGE ( 'NONE', *, *, #858, .T. ) ;
#2348 = DIRECTION ( 'NONE',  ( 0.0000000000000000000, 0.0000000000000000000, 1.000000000000000000 ) ) ;
#2349 = CARTESIAN_POINT ( 'NONE',  ( 8.866532408291194045, 20.11813772300486747, 2.243785826740727352 ) ) ;
#2350 = CIRCLE ( 'NONE', #5306, 127.4616428521383114 ) ;
#2351 = VERTEX_POINT ( 'NONE', #8033 ) ;
#2352 = EDGE_LOOP ( 'NONE', ( #8285, #2802, #9323, #8237 ) ) ;
#2353 = TOROIDAL_SURFACE ( 'NONE', #10329, 15.77347793950660204, 7.263979491393262933 ) ;
#2354 = VERTEX_POINT ( 'NONE', #8709 ) ;
#2355 = CARTESIAN_POINT ( 'NONE',  ( -46.30940107675852602, -10.00000000000000178, -17.00000000000000000 ) ) ;
#2356 = CARTESIAN_POINT ( 'NONE',  ( 1.830828804878231855E-15, -1.022107221908487684, 13.53952102847735972 ) ) ;
#2357 = EDGE_CURVE ( 'NONE', #8266, #4584, #3982, .T. ) ;
#2358 = AXIS2_PLACEMENT_3D ( 'NONE', #7950, #1247, #10363 ) ;
#2359 = ADVANCED_FACE ( 'NONE', ( #9433 ), #3595, .F. ) ;
#2360 = DIRECTION ( 'NONE',  ( 0.0000000000000000000, -1.000000000000000000, 1.310430179583815370E-15 ) ) ;
#2361 = EDGE_LOOP ( 'NONE', ( #9729, #3247, #3996, #5212 ) ) ;
#2362 = CARTESIAN_POINT ( 'NONE',  ( 0.9999999999999983347, 21.49480438967151841, 2.000000000000005329 ) ) ;
#2363 = CIRCLE ( 'NONE', #7249, 31.26025732058002049 ) ;
#2364 = CARTESIAN_POINT ( 'NONE',  ( -46.30940107675852602, -10.00000000000000178, -17.00000000000000000 ) ) ;
#2365 = CARTESIAN_POINT ( 'NONE',  ( 5.000000000000000000, -2.316617955123370987, 4.012500000000000178 ) ) ;
#2366 = ORIENTED_EDGE ( 'NONE', *, *, #7210, .T. ) ;
#2367 = VECTOR ( 'NONE', #5310, 1000.000000000000000 ) ;
#2368 = CYLINDRICAL_SURFACE ( 'NONE', #8274, 1.000000000000000888 ) ;
#2369 = DIRECTION ( 'NONE',  ( -1.000000000000000000, 0.0000000000000000000, 0.0000000000000000000 ) ) ;
#2370 = DIRECTION ( 'NONE',  ( 0.0000000000000000000, 0.0000000000000000000, 1.000000000000000000 ) ) ;
#2371 = LINE ( 'NONE', #10418, #6525 ) ;
#2372 = EDGE_LOOP ( 'NONE', ( #5142, #7394, #5719, #9318, #5090 ) ) ;
#2373 = ADVANCED_FACE ( 'NONE', ( #9713 ), #6457, .T. ) ;
#2374 = EDGE_CURVE ( 'NONE', #3727, #493, #8623, .T. ) ;
#2375 = EDGE_CURVE ( 'NONE', #1726, #4647, #5542, .T. ) ;
#2376 = VERTEX_POINT ( 'NONE', #5471 ) ;
#2377 = AXIS2_PLACEMENT_3D ( 'NONE', #3573, #10150, #4394 ) ;
#2378 = DIRECTION ( 'NONE',  ( 1.000000000000000000, 0.0000000000000000000, 0.0000000000000000000 ) ) ;
#2379 = CARTESIAN_POINT ( 'NONE',  ( -46.30940107675852602, -10.00000000000000178, 17.00000000000000000 ) ) ;
#2380 = DIRECTION ( 'NONE',  ( -0.0000000000000000000, -0.0000000000000000000, 1.000000000000000000 ) ) ;
#2381 = CIRCLE ( 'NONE', #6261, 5.000000000000068390 ) ;
#2382 = CARTESIAN_POINT ( 'NONE',  ( 5.000000000000000000, 4.633235910246737532, -7.806255641895631925E-15 ) ) ;
#2383 = CARTESIAN_POINT ( 'NONE',  ( -7.118449302602197548, -32.31055268242869971, -20.00000000000000355 ) ) ;
#2384 = PLANE ( 'NONE',  #463 ) ;
#2385 = CARTESIAN_POINT ( 'NONE',  ( 0.0000000000000000000, 0.0000000000000000000, 0.0000000000000000000 ) ) ;
#2386 = EDGE_LOOP ( 'NONE', ( #4821, #4762, #5199, #3382 ) ) ;
#2387 = EDGE_CURVE ( 'NONE', #600, #8521, #3718, .T. ) ;
#2388 = CARTESIAN_POINT ( 'NONE',  ( -3.351853367131007122, 3.838309248099015303, -6.100000000000003197 ) ) ;
#2389 = CARTESIAN_POINT ( 'NONE',  ( 0.0000000000000000000, 0.0000000000000000000, 0.0000000000000000000 ) ) ;
#2390 = ORIENTED_EDGE ( 'NONE', *, *, #2810, .T. ) ;
#2391 = CARTESIAN_POINT ( 'NONE',  ( 9.292305210990166486, 19.84950204030734966, 1.818013024041751358 ) ) ;
#2392 = AXIS2_PLACEMENT_3D ( 'NONE', #10164, #260, #6119 ) ;
#2393 = CARTESIAN_POINT ( 'NONE',  ( -45.95630496707463664, -11.72993680440100128, -17.00000000000000000 ) ) ;
#2394 = FILL_AREA_STYLE ('',( #8210 ) ) ;
#2395 = CARTESIAN_POINT ( 'NONE',  ( 36.60402920347198830, 31.73000000000000043, 28.00000000000000000 ) ) ;
#2396 = ORIENTED_EDGE ( 'NONE', *, *, #3470, .T. ) ;
#2397 = CARTESIAN_POINT ( 'NONE',  ( 4.250000000000000000, 0.0000000000000000000, -3.249999999999999556 ) ) ;
#2398 = PLANE ( 'NONE',  #7962 ) ;
#2399 = CARTESIAN_POINT ( 'NONE',  ( 5.133927344905569457E-07, 4.000000000000000000, -5.999775301698640817 ) ) ;
#2400 = CIRCLE ( 'NONE', #1404, 27.38338016777126782 ) ;
#2401 = PLANE ( 'NONE',  #8380 ) ;
#2402 = AXIS2_PLACEMENT_3D ( 'NONE', #3776, #8797, #10414 ) ;
#2403 = DIRECTION ( 'NONE',  ( -0.0000000000000000000, -0.0000000000000000000, 1.000000000000000000 ) ) ;
#2404 = VERTEX_POINT ( 'NONE', #7052 ) ;
#2405 = CARTESIAN_POINT ( 'NONE',  ( -16.64148421068152928, 1.458029433391035967, 9.079243760334190227 ) ) ;
#2406 = CARTESIAN_POINT ( 'NONE',  ( -42.76684878504190834, -9.417327053355329269, 16.50000000000000000 ) ) ;
#2407 = ADVANCED_FACE ( 'NONE', ( #7726 ), #4615, .T. ) ;
#2408 = CARTESIAN_POINT ( 'NONE',  ( -17.50000000000000355, 0.0000000000000000000, -10.50000000000000000 ) ) ;
#2409 = LINE ( 'NONE', #5890, #8733 ) ;
#2410 = DIRECTION ( 'NONE',  ( -1.000000000000000000, 0.0000000000000000000, 1.347358039593636966E-16 ) ) ;
#2411 = DIRECTION ( 'NONE',  ( -0.0000000000000000000, -0.0000000000000000000, -1.000000000000000000 ) ) ;
#2412 = DIRECTION ( 'NONE',  ( -0.0000000000000000000, -0.0000000000000000000, 1.000000000000000000 ) ) ;
#2413 = CARTESIAN_POINT ( 'NONE',  ( 0.0000000000000000000, 0.0000000000000000000, 0.0000000000000000000 ) ) ;
#2414 = EDGE_CURVE ( 'NONE', #2629, #148, #7604, .T. ) ;
#2415 = AXIS2_PLACEMENT_3D ( 'NONE', #5968, #2836, #3688 ) ;
#2416 = CARTESIAN_POINT ( 'NONE',  ( 7.655397239527271568E-16, 132.7585063021263352, 6.251106233125548250 ) ) ;
#2417 = CARTESIAN_POINT ( 'NONE',  ( 0.0000000000000000000, -4.330127018922194537, -2.499999999999999556 ) ) ;
#2418 = VECTOR ( 'NONE', #1497, 1000.000000000000000 ) ;
#2419 = ADVANCED_FACE ( 'NONE', ( #993, #3337 ), #8782, .T. ) ;
#2420 = ADVANCED_FACE ( 'NONE', ( #6319 ), #6295, .T. ) ;
#2421 = LINE ( 'NONE', #5011, #5782 ) ;
#2422 = CARTESIAN_POINT ( 'NONE',  ( 6.651350249290356231, 20.72999999999999687, 27.00000000000000000 ) ) ;
#2423 = SURFACE_SIDE_STYLE ('',( #8377 ) ) ;
#2424 = VECTOR ( 'NONE', #482, 1000.000000000000000 ) ;
#2425 = ORIENTED_EDGE ( 'NONE', *, *, #1803, .T. ) ;
#2426 = DIRECTION ( 'NONE',  ( 1.000000000000000000, 0.0000000000000000000, 0.0000000000000000000 ) ) ;
#2427 = DIRECTION ( 'NONE',  ( 0.0000000000000000000, 1.000000000000000000, 0.0000000000000000000 ) ) ;
#2428 = CARTESIAN_POINT ( 'NONE',  ( -5.000000000000000000, -0.9724665692850902321, -0.04193043885209628285 ) ) ;
#2429 = CARTESIAN_POINT ( 'NONE',  ( 5.000000000000000000, -0.4878135028931876449, -6.100000000000001421 ) ) ;
#2430 = B_SPLINE_CURVE_WITH_KNOTS ( 'NONE', 3,
 ( #2484, #9075, #3229, #6573, #9804, #10684, #7396, #9835 ),
 .UNSPECIFIED., .F., .F.,
 ( 4, 2, 2, 4 ),
 ( 0.002921158011986703818, 0.003648658599403063578, 0.004376159186819423771, 0.005831160361652143291 ),
 .UNSPECIFIED. ) ;
#2431 = EDGE_CURVE ( 'NONE', #6536, #1296, #5915, .T. ) ;
#2432 = EDGE_CURVE ( 'NONE', #2650, #2806, #7911, .T. ) ;
#2433 = FACE_OUTER_BOUND ( 'NONE', #10503, .T. ) ;
#2435 = FACE_OUTER_BOUND ( 'NONE', #4924, .T. ) ;
#2434 = AXIS2_PLACEMENT_3D ( 'NONE', #9941, #8295, #5391 ) ;
#2436 = VERTEX_POINT ( 'NONE', #579 ) ;
#2437 = CARTESIAN_POINT ( 'NONE',  ( 3.469446951953612217E-16, -3.999999999999997335, -20.00000000000000355 ) ) ;
#2438 = EDGE_CURVE ( 'NONE', #895, #5884, #7083, .T. ) ;
#2439 = CARTESIAN_POINT ( 'NONE',  ( -35.19615242270663913, 1.000000000000002665, -13.99999999999999645 ) ) ;
#2440 = FACE_OUTER_BOUND ( 'NONE', #6862, .T. ) ;
#2441 = DIRECTION ( 'NONE',  ( 1.000000000000000000, 1.040834085586084257E-15, 1.734723475976807094E-16 ) ) ;
#2442 = ORIENTED_EDGE ( 'NONE', *, *, #568, .T. ) ;
#2443 = DIRECTION ( 'NONE',  ( -0.8191520442889937970, 1.003171929053527212E-16, 0.5735764363510431618 ) ) ;
#2444 = VECTOR ( 'NONE', #6904, 1000.000000000000000 ) ;
#2445 = APPLICATION_PROTOCOL_DEFINITION ( 'draft international standard', 'automotive_design', 1998, #8798 ) ;
#2446 = CARTESIAN_POINT ( 'NONE',  ( 0.0000000000000000000, 0.0000000000000000000, -10.50000000000000000 ) ) ;
#2447 = EDGE_LOOP ( 'NONE', ( #8303, #6988, #1008, #113 ) ) ;
#2448 = AXIS2_PLACEMENT_3D ( 'NONE', #5556, #10511, #2970 ) ;
#2449 = AXIS2_PLACEMENT_3D ( 'NONE', #8249, #5688, #765 ) ;
#2450 = PRESENTATION_STYLE_ASSIGNMENT (( #7178 ) ) ;
#2451 = ORIENTED_EDGE ( 'NONE', *, *, #7774, .F. ) ;
#2452 = DIRECTION ( 'NONE',  ( -1.000000000000000000, 7.709882115452482111E-16, 0.0000000000000000000 ) ) ;
#2453 = CARTESIAN_POINT ( 'NONE',  ( 1.224646799147353256E-15, 0.0000000000000000000, 10.00000000000000000 ) ) ;
#2454 = PRESENTATION_STYLE_ASSIGNMENT (( #3632 ) ) ;
#2455 = ORIENTED_EDGE ( 'NONE', *, *, #9651, .T. ) ;
#2456 =( BOUNDED_CURVE ( )  B_SPLINE_CURVE ( 3, ( #3753, #10258, #9559, #3715 ),
 .UNSPECIFIED., .F., .T. ) 
 B_SPLINE_CURVE_WITH_KNOTS ( ( 4, 4 ),
 ( 1.593208995773393477, 1.921571033562599284 ),
 .UNSPECIFIED. ) 
 CURVE ( )  GEOMETRIC_REPRESENTATION_ITEM ( )  RATIONAL_B_SPLINE_CURVE ( ( 1.000000000000000000, 0.9910350293844734093, 0.9910350293844734093, 1.000000000000000000 ) ) 
 REPRESENTATION_ITEM ( '' )  );
#2457 = DIRECTION ( 'NONE',  ( 0.0000000000000000000, 0.5000000000000011102, 0.8660254037844380415 ) ) ;
#2458 = ORIENTED_EDGE ( 'NONE', *, *, #476, .T. ) ;
#2459 = FACE_OUTER_BOUND ( 'NONE', #3146, .T. ) ;
#2460 = ORIENTED_EDGE ( 'NONE', *, *, #1601, .F. ) ;
#2461 = EDGE_CURVE ( 'NONE', #5377, #1410, #10576, .T. ) ;
#2462 =( NAMED_UNIT ( * ) PLANE_ANGLE_UNIT ( ) SI_UNIT ( $, .RADIAN. ) );
#2463 = CARTESIAN_POINT ( 'NONE',  ( 6.105203121394840105E-16, 3.803076006814065657, -4.985276673768730404 ) ) ;
#2464 = ORIENTED_EDGE ( 'NONE', *, *, #5583, .F. ) ;
#2465 = AXIS2_PLACEMENT_3D ( 'NONE', #7588, #4429, #168 ) ;
#2466 = DIRECTION ( 'NONE',  ( 0.0000000000000000000, -0.0000000000000000000, 1.000000000000000000 ) ) ;
#2467 = ORIENTED_EDGE ( 'NONE', *, *, #7211, .T. ) ;
#2468 = AXIS2_PLACEMENT_3D ( 'NONE', #1974, #8461, #3509 ) ;
#2469 = DIRECTION ( 'NONE',  ( -1.000000000000000000, 0.0000000000000000000, 0.0000000000000000000 ) ) ;
#2470 = DIRECTION ( 'NONE',  ( 1.000000000000000000, 0.0000000000000000000, -0.0000000000000000000 ) ) ;
#2471 = DIRECTION ( 'NONE',  ( 0.0000000000000000000, 1.000000000000000000, 0.0000000000000000000 ) ) ;
#2472 = VERTEX_POINT ( 'NONE', #10661 ) ;
#2473 = ORIENTED_EDGE ( 'NONE', *, *, #10376, .T. ) ;
#2474 = CARTESIAN_POINT ( 'NONE',  ( 40.26439155837419293, -1.200000000000000030E-05, 0.0000000000000000000 ) ) ;
#2475 = EDGE_LOOP ( 'NONE', ( #5817, #1163, #1034, #2511 ) ) ;
#2476 = EDGE_CURVE ( 'NONE', #9587, #6123, #5022, .T. ) ;
#2477 = CARTESIAN_POINT ( 'NONE',  ( 10.00000000000000178, 0.0000000000000000000, 0.0000000000000000000 ) ) ;
#2478 = CIRCLE ( 'NONE', #4749, 2.499999999999998668 ) ;
#2479 = EDGE_LOOP ( 'NONE', ( #6771, #5696, #2191, #3540 ) ) ;
#2480 = ADVANCED_FACE ( 'NONE', ( #622 ), #1518, .F. ) ;
#2481 = ADVANCED_FACE ( 'NONE', ( #2566 ), #9562, .T. ) ;
#2482 = ORIENTED_EDGE ( 'NONE', *, *, #9179, .T. ) ;
#2483 = ORIENTED_EDGE ( 'NONE', *, *, #6944, .F. ) ;
#2484 = CARTESIAN_POINT ( 'NONE',  ( 2.500000000000006217, -4.330127018922190985, -6.099999999999999645 ) ) ;
#2485 = DIRECTION ( 'NONE',  ( -0.0000000000000000000, -0.0000000000000000000, 1.000000000000000000 ) ) ;
#2486 = CARTESIAN_POINT ( 'NONE',  ( 2.003544500805155804E-15, -2.352327244186589006, 16.36018239871366831 ) ) ;
#2487 = CARTESIAN_POINT ( 'NONE',  ( -18.25235012305799742, -27.00000000000000355, -16.00000000000000000 ) ) ;
#2488 = EDGE_CURVE ( 'NONE', #4670, #7743, #3828, .T. ) ;
#2489 = ORIENTED_EDGE ( 'NONE', *, *, #9601, .T. ) ;
#2490 = APPLICATION_PROTOCOL_DEFINITION ( 'draft international standard', 'automotive_design', 1998, #8263 ) ;
#2491 = AXIS2_PLACEMENT_3D ( 'NONE', #3195, #8082, #9002 ) ;
#2492 = VECTOR ( 'NONE', #7859, 1000.000000000000000 ) ;
#2493 = ORIENTED_EDGE ( 'NONE', *, *, #9714, .F. ) ;
#2494 = DIRECTION ( 'NONE',  ( 0.9306005987039488447, 0.3660362354902201298, 0.0000000000000000000 ) ) ;
#2495 = FACE_OUTER_BOUND ( 'NONE', #480, .T. ) ;
#2496 = CARTESIAN_POINT ( 'NONE',  ( 5.000000000000000000, -4.633235910246749079, 4.336808689942017736E-15 ) ) ;
#2497 = ORIENTED_EDGE ( 'NONE', *, *, #9250, .F. ) ;
#2498 = FACE_OUTER_BOUND ( 'NONE', #39, .T. ) ;
#2499 = EDGE_LOOP ( 'NONE', ( #8293, #9716, #6774, #1627 ) ) ;
#2500 = DIRECTION ( 'NONE',  ( 1.000000000000000000, 0.0000000000000000000, 0.0000000000000000000 ) ) ;
#2501 = EDGE_CURVE ( 'NONE', #661, #552, #10450, .T. ) ;
#2502 = AXIS2_PLACEMENT_3D ( 'NONE', #7146, #3012, #5548 ) ;
#2503 = CIRCLE ( 'NONE', #7632, 18.00000000000000355 ) ;
#2504 = CARTESIAN_POINT ( 'NONE',  ( 0.0000000000000000000, 0.0000000000000000000, 0.0000000000000000000 ) ) ;
#2505 = DIRECTION ( 'NONE',  ( 0.0000000000000000000, 0.0000000000000000000, -1.000000000000000000 ) ) ;
#2506 = EDGE_LOOP ( 'NONE', ( #2957, #1903, #8265, #3915 ) ) ;
#2507 = DIRECTION ( 'NONE',  ( 0.0000000000000000000, 1.000000000000000000, 0.0000000000000000000 ) ) ;
#2508 = CARTESIAN_POINT ( 'NONE',  ( -48.31770665682614663, -4.338498032527572157, 15.95678310982324000 ) ) ;
#2509 = ORIENTED_EDGE ( 'NONE', *, *, #6905, .F. ) ;
#2510 = ORIENTED_EDGE ( 'NONE', *, *, #6657, .T. ) ;
#2511 = ORIENTED_EDGE ( 'NONE', *, *, #2461, .F. ) ;
#2512 = DIRECTION ( 'NONE',  ( 1.000000000000000000, 0.0000000000000000000, 0.0000000000000000000 ) ) ;
#2513 = FACE_BOUND ( 'NONE', #9459, .T. ) ;
#2514 = CARTESIAN_POINT ( 'NONE',  ( -46.89711106228812554, -4.021676297960161683, -15.90354801478441971 ) ) ;
#2515 = EDGE_CURVE ( 'NONE', #7124, #9684, #8908, .T. ) ;
#2516 = AXIS2_PLACEMENT_3D ( 'NONE', #117, #1781, #7579 ) ;
#2517 = CARTESIAN_POINT ( 'NONE',  ( -17.12188154561310682, -0.1260316909828558818, -12.26816712233277329 ) ) ;
#2518 = CARTESIAN_POINT ( 'NONE',  ( 7.455833834286335282, 18.95550974818555545, 2.000000000000005329 ) ) ;
#2519 = CARTESIAN_POINT ( 'NONE',  ( -49.52295863858646641, -6.494680358738834869, 16.00000000000000000 ) ) ;
#2520 = CARTESIAN_POINT ( 'NONE',  ( -0.6173387887380265004, 4.000000000000000000, -6.513667660063795495 ) ) ;
#2521 = CARTESIAN_POINT ( 'NONE',  ( 0.0000000000000000000, -25.66666666666665009, 18.00000000000000355 ) ) ;
#2522 = ORIENTED_EDGE ( 'NONE', *, *, #7423, .T. ) ;
#2523 = DIRECTION ( 'NONE',  ( 0.0000000000000000000, -0.0000000000000000000, 1.000000000000000000 ) ) ;
#2524 = CYLINDRICAL_SURFACE ( 'NONE', #3551, 4.999999999999997335 ) ;
#2525 = EDGE_CURVE ( 'NONE', #4074, #2312, #348, .T. ) ;
#2526 = DIRECTION ( 'NONE',  ( -1.347358039593636966E-16, 0.0000000000000000000, -1.000000000000000000 ) ) ;
#2527 = DIRECTION ( 'NONE',  ( 0.0000000000000000000, 0.0000000000000000000, -1.000000000000000000 ) ) ;
#2528 = CARTESIAN_POINT ( 'NONE',  ( -46.30940107675852602, -10.00000000000000178, 17.00000000000000000 ) ) ;
#2529 =( NAMED_UNIT ( * ) SI_UNIT ( $, .STERADIAN. ) SOLID_ANGLE_UNIT ( ) );
#2530 = AXIS2_PLACEMENT_3D ( 'NONE', #6913, #3654, #6882 ) ;
#2531 = ORIENTED_EDGE ( 'NONE', *, *, #5762, .F. ) ;
#2532 = AXIS2_PLACEMENT_3D ( 'NONE', #572, #2198, #8859 ) ;
#2533 = ADVANCED_FACE ( 'NONE', ( #8381 ), #4121, .T. ) ;
#2534 = ADVANCED_FACE ( 'NONE', ( #1899 ), #2799, .T. ) ;
#2535 = SURFACE_STYLE_FILL_AREA ( #1356 ) ;
#2536 = DIRECTION ( 'NONE',  ( 1.347358039593636966E-16, -0.0000000000000000000, -1.000000000000000000 ) ) ;
#2537 = EDGE_CURVE ( 'NONE', #6002, #2436, #1241, .T. ) ;
#2538 = CARTESIAN_POINT ( 'NONE',  ( 18.97613226645720985, 1.000000000000000000, 0.0000000000000000000 ) ) ;
#2539 = CARTESIAN_POINT ( 'NONE',  ( -43.02412498358751947, -11.45933109061441435, -16.50000000000000000 ) ) ;
#2540 = ORIENTED_EDGE ( 'NONE', *, *, #322, .T. ) ;
#2541 = DIRECTION ( 'NONE',  ( -1.000000000000000000, 0.0000000000000000000, 0.0000000000000000000 ) ) ;
#2542 = PRESENTATION_LAYER_ASSIGNMENT (  '', '', ( #6775 ) ) ;
#2543 = CARTESIAN_POINT ( 'NONE',  ( 3.500000000000000000, 0.0000000000000000000, 0.0000000000000000000 ) ) ;
#2544 = AXIS2_PLACEMENT_3D ( 'NONE', #8488, #3508, #3545 ) ;
#2545 = FACE_OUTER_BOUND ( 'NONE', #7395, .T. ) ;
#2546 = CYLINDRICAL_SURFACE ( 'NONE', #10226, 9.999999999999998224 ) ;
#2547 = DIRECTION ( 'NONE',  ( 0.0000000000000000000, -1.000000000000000000, 0.0000000000000000000 ) ) ;
#2548 = LINE ( 'NONE', #504, #3579 ) ;
#2549 = CARTESIAN_POINT ( 'NONE',  ( 11.00000000000000000, 0.0000000000000000000, 11.50000000000000000 ) ) ;
#2550 = CARTESIAN_POINT ( 'NONE',  ( -9.888060966966902399, -34.14974892616409363, 15.04716058450179972 ) ) ;
#2551 = ORIENTED_EDGE ( 'NONE', *, *, #979, .T. ) ;
#2552 = CARTESIAN_POINT ( 'NONE',  ( -22.85797610351529130, 0.0000000000000000000, 7.786926839206819828 ) ) ;
#2553 =( NAMED_UNIT ( * ) SI_UNIT ( $, .STERADIAN. ) SOLID_ANGLE_UNIT ( ) );
#2554 = VECTOR ( 'NONE', #7968, 1000.000000000000227 ) ;
#2555 = COLOUR_RGB ( '',0.7921568627450980005, 0.8196078431372548767, 0.9333333333333333481 ) ;
#2556 = CYLINDRICAL_SURFACE ( 'NONE', #8351, 0.9999999999999990008 ) ;
#2557 = CARTESIAN_POINT ( 'NONE',  ( -46.30940107675852602, -10.00000000000000178, 17.00000000000000000 ) ) ;
#2558 = EDGE_CURVE ( 'NONE', #6600, #3875, #9047, .T. ) ;
#2559 = CARTESIAN_POINT ( 'NONE',  ( 0.0000000000000000000, 0.0000000000000000000, 0.0000000000000000000 ) ) ;
#2560 = ORIENTED_EDGE ( 'NONE', *, *, #5149, .F. ) ;
#2561 = AXIS2_PLACEMENT_3D ( 'NONE', #1349, #7068, #2189 ) ;
#2562 = CARTESIAN_POINT ( 'NONE',  ( 6.395970796528011704, 21.73000000000000043, 28.00000000000000000 ) ) ;
#2563 = FACE_OUTER_BOUND ( 'NONE', #6071, .T. ) ;
#2564 = CARTESIAN_POINT ( 'NONE',  ( -46.30940107675853312, -3.999999999999999112, -13.99999999999999467 ) ) ;
#2565 = CARTESIAN_POINT ( 'NONE',  ( 33.69485974840337406, 19.73667871171356225, 26.28575253438168602 ) ) ;
#2566 = FACE_OUTER_BOUND ( 'NONE', #9991, .T. ) ;
#2567 = CARTESIAN_POINT ( 'NONE',  ( 3.556264818047235376, 3.720292241887089180, -6.018341802876228108 ) ) ;
#2568 = ORIENTED_EDGE ( 'NONE', *, *, #2501, .T. ) ;
#2569 = CARTESIAN_POINT ( 'NONE',  ( -49.79534160293808043, -6.765017332855848942, -16.00000000000000000 ) ) ;
#2570 = CARTESIAN_POINT ( 'NONE',  ( 3.708000751093670999, 22.09803150779407588, 2.755097551169056747 ) ) ;
#2571 = EDGE_CURVE ( 'NONE', #10, #4377, #85, .T. ) ;
#2572 = EDGE_CURVE ( 'NONE', #9684, #1413, #751, .T. ) ;
#2573 = EDGE_LOOP ( 'NONE', ( #828, #377, #5044, #5426 ) ) ;
#2574 = COLOUR_RGB ( '',0.7764705882352941346, 0.7568627450980391913, 0.7372549019607843590 ) ;
#2575 = VECTOR ( 'NONE', #211, 1000.000000000000000 ) ;
#2576 = ORIENTED_EDGE ( 'NONE', *, *, #4709, .F. ) ;
#2577 = VECTOR ( 'NONE', #7314, 1000.000000000000000 ) ;
#2578 = SURFACE_SIDE_STYLE ('',( #4038 ) ) ;
#2579 = ORIENTED_EDGE ( 'NONE', *, *, #2558, .F. ) ;
#2580 = ADVANCED_FACE ( 'NONE', ( #2160 ), #8369, .T. ) ;
#2581 = ADVANCED_FACE ( 'NONE', ( #876 ), #4887, .T. ) ;
#2582 = CARTESIAN_POINT ( 'NONE',  ( 41.99999999999999289, 22.03209181533656391, 25.00000000000000000 ) ) ;
#2583 = CIRCLE ( 'NONE', #1887, 14.50000000000000533 ) ;
#2584 = ORIENTED_EDGE ( 'NONE', *, *, #3056, .T. ) ;
#2585 = CARTESIAN_POINT ( 'NONE',  ( -14.04321029647097419, 3.226023196415221950, 4.670718986748890522 ) ) ;
#2586 = ORIENTED_EDGE ( 'NONE', *, *, #7948, .F. ) ;
#2587 =( BOUNDED_CURVE ( )  B_SPLINE_CURVE ( 3, ( #5252, #1909, #7701, #2748 ),
 .UNSPECIFIED., .F., .F. ) 
 B_SPLINE_CURVE_WITH_KNOTS ( ( 4, 4 ),
 ( 1.570796326794903885, 3.141592653589793116 ),
 .UNSPECIFIED. ) 
 CURVE ( )  GEOMETRIC_REPRESENTATION_ITEM ( )  RATIONAL_B_SPLINE_CURVE ( ( 1.000000000000000000, 0.8047378541243667138, 0.8047378541243667138, 1.000000000000000000 ) ) 
 REPRESENTATION_ITEM ( '' )  );
#2588 = ORIENTED_EDGE ( 'NONE', *, *, #6405, .F. ) ;
#2589 = PRESENTATION_LAYER_ASSIGNMENT (  '', '', ( #1472 ) ) ;
#2590 = AXIS2_PLACEMENT_3D ( 'NONE', #7064, #8759, #7966 ) ;
#2591 = ORIENTED_EDGE ( 'NONE', *, *, #7959, .T. ) ;
#2592 = CARTESIAN_POINT ( 'NONE',  ( 0.0000000000000000000, 0.0000000000000000000, 0.0000000000000000000 ) ) ;
#2593 = DIRECTION ( 'NONE',  ( 1.000000000000000000, 0.0000000000000000000, 0.0000000000000000000 ) ) ;
#2594 = VERTEX_POINT ( 'NONE', #89 ) ;
#2595 = CARTESIAN_POINT ( 'NONE',  ( 0.0000000000000000000, -0.9956277796461907581, 0.0000000000000000000 ) ) ;
#2596 = CARTESIAN_POINT ( 'NONE',  ( 2.959716367706852314, 22.42399401296051309, 1.877548775584531482 ) ) ;
#2597 = CARTESIAN_POINT ( 'NONE',  ( -18.43917349360384605, -1.640674862511166898, -14.70620035441786477 ) ) ;
#2598 = ORIENTED_EDGE ( 'NONE', *, *, #1047, .F. ) ;
#2599 = CARTESIAN_POINT ( 'NONE',  ( -11.00000000000000000, -1.347111479062088405E-15, -9.500000000000000000 ) ) ;
#2600 = ORIENTED_EDGE ( 'NONE', *, *, #202, .T. ) ;
#2601 = EDGE_LOOP ( 'NONE', ( #3774, #1840, #8181, #5327 ) ) ;
#2602 = VERTEX_POINT ( 'NONE', #9918 ) ;
#2603 = CARTESIAN_POINT ( 'NONE',  ( 36.60402920347198830, 31.73000000000000043, 0.0000000000000000000 ) ) ;
#2604 = CARTESIAN_POINT ( 'NONE',  ( 6.171862870446969573, 20.12064925652151715, 0.1224512244154744162 ) ) ;
#2605 = ORIENTED_EDGE ( 'NONE', *, *, #704, .T. ) ;
#2606 = AXIS2_PLACEMENT_3D ( 'NONE', #9472, #3668, #265 ) ;
#2607 = CARTESIAN_POINT ( 'NONE',  ( -46.30940107675852602, -4.000000000000000000, -15.89897948556634866 ) ) ;
#2608 = CARTESIAN_POINT ( 'NONE',  ( -44.63955933959039868, -6.972568151493788946, -16.50000000000000000 ) ) ;
#2609 = CIRCLE ( 'NONE', #374, 2.999999999999999112 ) ;
#2610 = CARTESIAN_POINT ( 'NONE',  ( 0.0000000000000000000, 9.999999999999998224, -15.56835092944197640 ) ) ;
#2611 = ORIENTED_EDGE ( 'NONE', *, *, #2917, .F. ) ;
#2612 = ORIENTED_EDGE ( 'NONE', *, *, #10040, .F. ) ;
#2613 = VECTOR ( 'NONE', #10482, 1000.000000000000000 ) ;
#2614 = EDGE_LOOP ( 'NONE', ( #8301, #8954, #6367, #4134 ) ) ;
#2615 = CARTESIAN_POINT ( 'NONE',  ( 2.735608441625766662, 20.81213173596538368, 1.966840904754810104 ) ) ;
#2616 = CARTESIAN_POINT ( 'NONE',  ( 0.0000000000000000000, 132.7585063021263352, 0.0000000000000000000 ) ) ;
#2617 = ORIENTED_EDGE ( 'NONE', *, *, #2220, .T. ) ;
#2618 = CIRCLE ( 'NONE', #1761, 5.000000000000000888 ) ;
#2619 = ORIENTED_EDGE ( 'NONE', *, *, #1386, .T. ) ;
#2620 = CARTESIAN_POINT ( 'NONE',  ( 7.316617955123394523, 0.0000000000000000000, 0.0000000000000000000 ) ) ;
#2621 = CARTESIAN_POINT ( 'NONE',  ( 10.41784534861619171, 2.452491629505130000, -17.10150501899544651 ) ) ;
#2622 = PRODUCT_RELATED_PRODUCT_CATEGORY ( 'part', '', ( #5754 ) ) ;
#2623 = LINE ( 'NONE', #9539, #7655 ) ;
#2624 = EDGE_CURVE ( 'NONE', #10629, #9487, #1378, .T. ) ;
#2625 = AXIS2_PLACEMENT_3D ( 'NONE', #9341, #8481, #165 ) ;
#2626 = EDGE_LOOP ( 'NONE', ( #2718, #1805, #3911, #7863 ) ) ;
#2627 = DIRECTION ( 'NONE',  ( 0.0000000000000000000, 0.0000000000000000000, 1.000000000000000000 ) ) ;
#2628 = ORIENTED_EDGE ( 'NONE', *, *, #2136, .F. ) ;
#2629 = VERTEX_POINT ( 'NONE', #1613 ) ;
#2630 = DIRECTION ( 'NONE',  ( 1.000000000000000000, 0.0000000000000000000, 0.0000000000000000000 ) ) ;
#2631 = FACE_OUTER_BOUND ( 'NONE', #3897, .T. ) ;
#2632 = DIRECTION ( 'NONE',  ( 0.0000000000000000000, 1.000000000000000000, -1.310430179583815370E-15 ) ) ;
#2633 = CARTESIAN_POINT ( 'NONE',  ( -20.93691001693235165, -0.01002414038218956034, -11.38566564609491039 ) ) ;
#2634 = CARTESIAN_POINT ( 'NONE',  ( 14.59274161015280669, 0.0000000000000000000, -13.68782314604820272 ) ) ;
#2635 = ADVANCED_FACE ( 'NONE', ( #10437 ), #5010, .T. ) ;
#2636 = ADVANCED_FACE ( 'NONE', ( #10176 ), #4216, .F. ) ;
#2637 = CARTESIAN_POINT ( 'NONE',  ( -47.27983724504240826, -8.748921230405159122, 17.00000000000000000 ) ) ;
#2638 = CARTESIAN_POINT ( 'NONE',  ( 39.79320246070175671, 21.91415761472234180, 2.255316545528006422 ) ) ;
#2639 = EDGE_CURVE ( 'NONE', #148, #10585, #7215, .T. ) ;
#2640 = ORIENTED_EDGE ( 'NONE', *, *, #5488, .T. ) ;
#2641 = AXIS2_PLACEMENT_3D ( 'NONE', #4975, #9080, #4940 ) ;
#2642 = EDGE_LOOP ( 'NONE', ( #556, #10116, #6622 ) ) ;
#2643 = DIRECTION ( 'NONE',  ( 0.0000000000000000000, -0.0000000000000000000, 1.000000000000000000 ) ) ;
#2644 = CARTESIAN_POINT ( 'NONE',  ( -44.72162484987471487, -10.77222073478869291, -17.00000000000000000 ) ) ;
#2645 = CARTESIAN_POINT ( 'NONE',  ( 2.735608441625766662, 20.81213173596538368, 26.03315909524518901 ) ) ;
#2646 = CARTESIAN_POINT ( 'NONE',  ( 6.395970796528011704, 21.73000000000000043, 1.139537798721116602 ) ) ;
#2647 = EDGE_CURVE ( 'NONE', #8059, #5600, #2791, .T. ) ;
#2648 = ADVANCED_BREP_SHAPE_REPRESENTATION ( '', ( #10138, #8615 ), #673 ) ;
#2649 = CARTESIAN_POINT ( 'NONE',  ( 1.083081083915580368E-15, 3.803076006814065657, 4.985276673768730404 ) ) ;
#2650 = VERTEX_POINT ( 'NONE', #5851 ) ;
#2651 = AXIS2_PLACEMENT_3D ( 'NONE', #6266, #1289, #5581 ) ;
#2652 = CARTESIAN_POINT ( 'NONE',  ( -48.18131810714682217, -7.444355242628752478, -16.50000000000000000 ) ) ;
#2653 = DIRECTION ( 'NONE',  ( 0.0000000000000000000, 0.0000000000000000000, 1.000000000000000000 ) ) ;
#2654 = CARTESIAN_POINT ( 'NONE',  ( 20.35140718271905769, 2.452154042861337313, 7.987517217311368434 ) ) ;
#2655 = VECTOR ( 'NONE', #6532, 1000.000000000000114 ) ;
#2656 = EDGE_LOOP ( 'NONE', ( #4889, #1750, #6883, #5311, #8941, #2464 ) ) ;
#2657 = PLANE ( 'NONE',  #4954 ) ;
#2658 = EDGE_CURVE ( 'NONE', #5693, #9735, #2920, .T. ) ;
#2659 = CARTESIAN_POINT ( 'NONE',  ( -47.06491440541779525, -8.606364806012129165, 17.00000000000000000 ) ) ;
#2660 = DIRECTION ( 'NONE',  ( 1.000000000000000000, 0.0000000000000000000, 0.0000000000000000000 ) ) ;
#2661 =( LENGTH_UNIT ( ) NAMED_UNIT ( * ) SI_UNIT ( .MILLI., .METRE. ) );
#2662 = AXIS2_PLACEMENT_3D ( 'NONE', #5104, #2536, #8382 ) ;
#2663 = DIRECTION ( 'NONE',  ( 1.000000000000000000, 0.0000000000000000000, 0.0000000000000000000 ) ) ;
#2664 = AXIS2_PLACEMENT_3D ( 'NONE', #7791, #2935, #3823 ) ;
#2665 = CIRCLE ( 'NONE', #881, 18.00000000000000355 ) ;
#2666 = DIRECTION ( 'NONE',  ( 0.0000000000000000000, 0.5000000000000011102, 0.8660254037844380415 ) ) ;
#2667 = CARTESIAN_POINT ( 'NONE',  ( 0.0000000000000000000, 0.0000000000000000000, -0.3501037691048523026 ) ) ;
#2668 = ORIENTED_EDGE ( 'NONE', *, *, #7203, .F. ) ;
#2669 = DIRECTION ( 'NONE',  ( -0.0000000000000000000, -0.0000000000000000000, -1.000000000000000000 ) ) ;
#2670 = EDGE_CURVE ( 'NONE', #4002, #8266, #5148, .T. ) ;
#2671 = CARTESIAN_POINT ( 'NONE',  ( 0.0000000000000000000, 1.853294213043345184, 0.0000000000000000000 ) ) ;
#2672 = CARTESIAN_POINT ( 'NONE',  ( -47.38067205787781688, -8.831631760512310692, -17.00000000000000000 ) ) ;
#2673 = CARTESIAN_POINT ( 'NONE',  ( -47.55354293907979724, -9.017595061190613492, 17.00000000000000000 ) ) ;
#2674 = DIRECTION ( 'NONE',  ( 0.0000000000000000000, -1.000000000000000000, 0.0000000000000000000 ) ) ;
#2675 = LINE ( 'NONE', #5557, #2911 ) ;
#2676 = VECTOR ( 'NONE', #3997, 1000.000000000000000 ) ;
#2677 = FACE_OUTER_BOUND ( 'NONE', #4362, .T. ) ;
#2678 = PRODUCT_RELATED_PRODUCT_CATEGORY ( 'part', '', ( #8386 ) ) ;
#2679 = ORIENTED_EDGE ( 'NONE', *, *, #6144, .F. ) ;
#2680 = CARTESIAN_POINT ( 'NONE',  ( 0.0000000000000000000, 0.0000000000000000000, 0.0000000000000000000 ) ) ;
#2681 = EDGE_CURVE ( 'NONE', #7309, #7752, #9303, .T. ) ;
#2682 = ADVANCED_FACE ( 'NONE', ( #2687 ), #1152, .T. ) ;
#2683 = CARTESIAN_POINT ( 'NONE',  ( -16.43115230605022248, -3.297262166123188010, -15.70116097083573337 ) ) ;
#2684 = CIRCLE ( 'NONE', #5045, 14.88882382602189303 ) ;
#2685 = CARTESIAN_POINT ( 'NONE',  ( 2.959716367706852758, 21.13483465857347809, 1.877548775584531260 ) ) ;
#2686 = CARTESIAN_POINT ( 'NONE',  ( 10.83205712174084567, 3.226245814752565444, -7.139364445171166196 ) ) ;
#2687 = FACE_OUTER_BOUND ( 'NONE', #2642, .T. ) ;
#2688 = ORIENTED_EDGE ( 'NONE', *, *, #2879, .T. ) ;
#2689 = CARTESIAN_POINT ( 'NONE',  ( -43.39809257190688641, -13.75323630878453507, -16.00000000000000000 ) ) ;
#2690 = SHAPE_DEFINITION_REPRESENTATION ( #8061, #7193 ) ;
#2691 = LINE ( 'NONE', #7128, #9059 ) ;
#2692 = CARTESIAN_POINT ( 'NONE',  ( -41.32662511730033827, -12.14644144644013934, 16.00000000000000000 ) ) ;
#2693 = EDGE_CURVE ( 'NONE', #5253, #5064, #5956, .T. ) ;
#2694 = VERTEX_POINT ( 'NONE', #10182 ) ;
#2696 = LINE ( 'NONE', #5993, #8136 ) ;
#2695 = AXIS2_PLACEMENT_3D ( 'NONE', #9203, #130, #6796 ) ;
#2697 = CARTESIAN_POINT ( 'NONE',  ( 9.051092666136485221, 3.226023196415221950, -9.278619957888057712 ) ) ;
#2698 = ORIENTED_EDGE ( 'NONE', *, *, #6657, .F. ) ;
#2699 = ORIENTED_EDGE ( 'NONE', *, *, #9516, .T. ) ;
#2700 = SHAPE_REPRESENTATION_RELATIONSHIP ( 'NONE' , 'NONE' ,  #10436, #3571 ) ;
#2701 = ORIENTED_EDGE ( 'NONE', *, *, #3961, .F. ) ;
#2702 = DIRECTION ( 'NONE',  ( -1.000000000000000000, -0.0000000000000000000, -0.0000000000000000000 ) ) ;
#2703 = ORIENTED_EDGE ( 'NONE', *, *, #10693, .F. ) ;
#2704 = FACE_OUTER_BOUND ( 'NONE', #9364, .T. ) ;
#2705 = DIRECTION ( 'NONE',  ( 1.000000000000000000, -7.709882115452483097E-16, 0.0000000000000000000 ) ) ;
#2706 = CARTESIAN_POINT ( 'NONE',  ( 3.469446951953612217E-16, -3.999999999999997335, -20.00000000000000355 ) ) ;
#2707 = ORIENTED_EDGE ( 'NONE', *, *, #9536, .T. ) ;
#2708 = ORIENTED_EDGE ( 'NONE', *, *, #6110, .T. ) ;
#2709 = EDGE_CURVE ( 'NONE', #5167, #412, #6045, .T. ) ;
#2710 = EDGE_CURVE ( 'NONE', #5232, #4670, #469, .T. ) ;
#2711 = CARTESIAN_POINT ( 'NONE',  ( 2.566549093630341893, 20.87862841284358240, 2.000000000000005329 ) ) ;
#2712 = UNCERTAINTY_MEASURE_WITH_UNIT (LENGTH_MEASURE( 1.000000000000000082E-05 ), #4681, 'distance_accuracy_value', 'NONE');
#2713 = ORIENTED_EDGE ( 'NONE', *, *, #8379, .F. ) ;
#2714 = ORIENTED_EDGE ( 'NONE', *, *, #5816, .T. ) ;
#2715 = CARTESIAN_POINT ( 'NONE',  ( -12.38063977713858677, 0.4628690487156550959, -15.59637825141237499 ) ) ;
#2716 = DIRECTION ( 'NONE',  ( 0.0000000000000000000, 0.0000000000000000000, -1.000000000000000000 ) ) ;
#2717 = EDGE_CURVE ( 'NONE', #4518, #148, #3327, .T. ) ;
#2718 = ORIENTED_EDGE ( 'NONE', *, *, #10224, .F. ) ;
#2719 = LINE ( 'NONE', #2562, #3495 ) ;
#2720 = EDGE_LOOP ( 'NONE', ( #1846, #5558, #9374, #1819 ) ) ;
#2721 = AXIS2_PLACEMENT_3D ( 'NONE', #7832, #3694, #2021 ) ;
#2722 = CARTESIAN_POINT ( 'NONE',  ( 33.54563901953572014, 19.54604993147534131, 1.589491560083178712 ) ) ;
#2723 = ORIENTED_EDGE ( 'NONE', *, *, #7244, .F. ) ;
#2724 = ORIENTED_EDGE ( 'NONE', *, *, #8163, .T. ) ;
#2725 = DIRECTION ( 'NONE',  ( 1.000000000000000000, 0.0000000000000000000, 0.0000000000000000000 ) ) ;
#2726 = SURFACE_STYLE_USAGE ( .BOTH. , #10144 ) ;
#2727 = ORIENTED_EDGE ( 'NONE', *, *, #6892, .T. ) ;
#2728 = ADVANCED_FACE ( 'NONE', ( #9176 ), #2556, .T. ) ;
#2729 = PRESENTATION_STYLE_ASSIGNMENT (( #3736 ) ) ;
#2730 = LINE ( 'NONE', #3684, #2367 ) ;
#2731 = ORIENTED_EDGE ( 'NONE', *, *, #754, .T. ) ;
#2732 = VECTOR ( 'NONE', #442, 1000.000000000000000 ) ;
#2733 = ORIENTED_EDGE ( 'NONE', *, *, #10448, .T. ) ;
#2734 = FACE_OUTER_BOUND ( 'NONE', #4760, .T. ) ;
#2735 = CARTESIAN_POINT ( 'NONE',  ( -14.96662954709576177, -5.000000000000000888, 16.00000000000000000 ) ) ;
#2736 = PRESENTATION_LAYER_ASSIGNMENT (  '', '', ( #2186 ) ) ;
#2737 = CARTESIAN_POINT ( 'NONE',  ( -52.30940107675851891, -35.00000000000000000, 15.99999999999999289 ) ) ;
#2738 = CARTESIAN_POINT ( 'NONE',  ( -47.47136413395558208, -8.921639532710566201, 17.00000000000000000 ) ) ;
#2739 = VERTEX_POINT ( 'NONE', #6135 ) ;
#2740 = CARTESIAN_POINT ( 'NONE',  ( 0.0000000000000000000, 0.0000000000000000000, 28.00000000000000000 ) ) ;
#2741 = COLOUR_RGB ( '',0.7921568627450980005, 0.8196078431372548767, 0.9333333333333333481 ) ;
#2742 = VERTEX_POINT ( 'NONE', #2006 ) ;
#2743 = CIRCLE ( 'NONE', #9007, 1.000000000000000888 ) ;
#2744 = CARTESIAN_POINT ( 'NONE',  ( 10.04704957030942225, 19.11813772300486747, 1.500000000000000000 ) ) ;
#2745 = CARTESIAN_POINT ( 'NONE',  ( 44.00000000000000000, 0.0000000000000000000, 0.0000000000000000000 ) ) ;
#2746 = EDGE_LOOP ( 'NONE', ( #7683, #7104, #9227 ) ) ;
#2747 = CARTESIAN_POINT ( 'NONE',  ( -10.90933966245947140, -0.006762760001702592533, -16.76653144337257118 ) ) ;
#2748 = CARTESIAN_POINT ( 'NONE',  ( 43.00000000000000000, 21.88813772300484928, 2.999999999999999112 ) ) ;
#2749 = CARTESIAN_POINT ( 'NONE',  ( -9.977753031397176287, -5.000000000000000888, -17.33333333333333215 ) ) ;
#2750 = ORIENTED_EDGE ( 'NONE', *, *, #5139, .F. ) ;
#2751 = VERTEX_POINT ( 'NONE', #6067 ) ;
#2752 = ORIENTED_EDGE ( 'NONE', *, *, #2053, .F. ) ;
#2753 = EDGE_CURVE ( 'NONE', #1141, #8401, #9950, .T. ) ;
#2754 = AXIS2_PLACEMENT_3D ( 'NONE', #1039, #8492, #177 ) ;
#2755 = CARTESIAN_POINT ( 'NONE',  ( 33.22031895026839976, 19.11813772300485681, 1.500000000000000000 ) ) ;
#2756 =( NAMED_UNIT ( * ) PLANE_ANGLE_UNIT ( ) SI_UNIT ( $, .RADIAN. ) );
#2757 = ORIENTED_EDGE ( 'NONE', *, *, #8653, .F. ) ;
#2758 = CARTESIAN_POINT ( 'NONE',  ( 7.511572993685817836E-16, -5.773502691896272410, -6.099999999999999645 ) ) ;
#2759 = CYLINDRICAL_SURFACE ( 'NONE', #10058, 5.000000000000000000 ) ;
#2760 = DIRECTION ( 'NONE',  ( 0.0000000000000000000, -0.0000000000000000000, -1.000000000000000000 ) ) ;
#2761 = EDGE_CURVE ( 'NONE', #660, #1673, #4607, .T. ) ;
#2762 = EDGE_CURVE ( 'NONE', #10196, #10137, #216, .T. ) ;
#2763 = FACE_OUTER_BOUND ( 'NONE', #286, .T. ) ;
#2764 = CARTESIAN_POINT ( 'NONE',  ( -11.53190995836573762, -34.71129564626924235, 16.60183330953213954 ) ) ;
#2765 = ADVANCED_BREP_SHAPE_REPRESENTATION ( '', ( #6766, #8615 ), #104 ) ;
#2766 = CARTESIAN_POINT ( 'NONE',  ( -18.72248139837215319, 1.458168186326566751, 2.985461835614994452 ) ) ;
#2767 = CARTESIAN_POINT ( 'NONE',  ( 0.0000000000000000000, -35.00000000000000000, 0.0000000000000000000 ) ) ;
#2768 = VERTEX_POINT ( 'NONE', #2121 ) ;
#2769 = CYLINDRICAL_SURFACE ( 'NONE', #5972, 31.26025732058002049 ) ;
#2770 = DIRECTION ( 'NONE',  ( -0.0000000000000000000, -0.0000000000000000000, -1.000000000000000000 ) ) ;
#2771 = DIRECTION ( 'NONE',  ( -1.000000000000000000, 0.0000000000000000000, 0.0000000000000000000 ) ) ;
#2772 = ADVANCED_FACE ( 'NONE', ( #4109 ), #6587, .T. ) ;
#2773 = AXIS2_PLACEMENT_3D ( 'NONE', #9188, #9331, #9261 ) ;
#2774 = ORIENTED_EDGE ( 'NONE', *, *, #3365, .F. ) ;
#2775 = DIRECTION ( 'NONE',  ( 0.0000000000000000000, 0.0000000000000000000, 1.000000000000000000 ) ) ;
#2776 = AXIS2_PLACEMENT_3D ( 'NONE', #2276, #3170, #8161 ) ;
#2777 = CARTESIAN_POINT ( 'NONE',  ( -18.44395496925292122, -1.635361271887775469, -14.70088499266691606 ) ) ;
#2778 = CARTESIAN_POINT ( 'NONE',  ( -46.30940107675852602, -10.00000000000000178, -17.00000000000000000 ) ) ;
#2779 = CARTESIAN_POINT ( 'NONE',  ( -12.29401712991015039, -4.417338509020101611, 15.99999999856450650 ) ) ;
#2780 = CIRCLE ( 'NONE', #2358, 4.012500000000000178 ) ;
#2781 = CIRCLE ( 'NONE', #4933, 11.62500000000000000 ) ;
#2782 = VECTOR ( 'NONE', #1731, 1000.000000000000000 ) ;
#2783 = EDGE_CURVE ( 'NONE', #2322, #6856, #8823, .T. ) ;
#2784 = CIRCLE ( 'NONE', #10597, 4.999999999999997335 ) ;
#2785 =( NAMED_UNIT ( * ) SI_UNIT ( $, .STERADIAN. ) SOLID_ANGLE_UNIT ( ) );
#2786 = AXIS2_PLACEMENT_3D ( 'NONE', #10018, #4249, #2660 ) ;
#2787 = DIRECTION ( 'NONE',  ( 0.0000000000000000000, 0.0000000000000000000, 1.000000000000000000 ) ) ;
#2788 = CIRCLE ( 'NONE', #4560, 3.000000000000000000 ) ;
#2789 = CARTESIAN_POINT ( 'NONE',  ( 0.0000000000000000000, 0.0000000000000000000, -10.00000000000000000 ) ) ;
#2790 = FACE_OUTER_BOUND ( 'NONE', #8649, .T. ) ;
#2791 = CIRCLE ( 'NONE', #369, 1.000000000000000888 ) ;
#2792 = EDGE_CURVE ( 'NONE', #8403, #6075, #5572, .T. ) ;
#2793 = ORIENTED_EDGE ( 'NONE', *, *, #3966, .F. ) ;
#2794 = CARTESIAN_POINT ( 'NONE',  ( -17.51080964806088858, 1.458000100184302816, 7.281992352003531899 ) ) ;
#2795 = DIRECTION ( 'NONE',  ( -1.000000000000000000, 0.0000000000000000000, -0.0000000000000000000 ) ) ;
#2796 = CARTESIAN_POINT ( 'NONE',  ( 0.0000000000000000000, -2.352327244186589006, 0.0000000000000000000 ) ) ;
#2797 = VECTOR ( 'NONE', #7749, 1000.000000000000000 ) ;
#2798 = PRODUCT_DEFINITION ( 'UNKNOWN', '', #6000, #10660 ) ;
#2799 = CYLINDRICAL_SURFACE ( 'NONE', #1488, 20.00000000000000000 ) ;
#2800 = DIRECTION ( 'NONE',  ( 1.107651771102884309E-16, -0.4265450675242221101, 0.9044663096935986468 ) ) ;
#2801 = EDGE_CURVE ( 'NONE', #3276, #2232, #8898, .T. ) ;
#2802 = ORIENTED_EDGE ( 'NONE', *, *, #5400, .F. ) ;
#2803 = AXIS2_PLACEMENT_3D ( 'NONE', #1363, #7016, #2014 ) ;
#2804 = CARTESIAN_POINT ( 'NONE',  ( -49.22070958161015852, -6.246763691215470260, -16.00000000000000000 ) ) ;
#2805 = CARTESIAN_POINT ( 'NONE',  ( -11.35741670936443271, 0.1402941449511884986, -16.45759956966476523 ) ) ;
#2806 = VERTEX_POINT ( 'NONE', #7790 ) ;
#2807 = LINE ( 'NONE', #3657, #2575 ) ;
#2808 = VERTEX_POINT ( 'NONE', #1973 ) ;
#2809 = CARTESIAN_POINT ( 'NONE',  ( -16.87007700666916321, 1.458019496901078460, -8.632292526756939921 ) ) ;
#2810 = EDGE_CURVE ( 'NONE', #5589, #2219, #8756, .T. ) ;
#2811 = ORIENTED_EDGE ( 'NONE', *, *, #10682, .F. ) ;
#2812 = AXIS2_PLACEMENT_3D ( 'NONE', #781, #4100, #6578 ) ;
#2813 =( NAMED_UNIT ( * ) PLANE_ANGLE_UNIT ( ) SI_UNIT ( $, .RADIAN. ) );
#2814 = CARTESIAN_POINT ( 'NONE',  ( -47.17464862010623250, -8.671823601036876994, -17.00000000000000000 ) ) ;
#2815 = CARTESIAN_POINT ( 'NONE',  ( 25.44734990167305000, 10.69999999999999929, 1.500000000000000000 ) ) ;
#2816 = VERTEX_POINT ( 'NONE', #9446 ) ;
#2817 = DIRECTION ( 'NONE',  ( -0.0000000000000000000, 0.0000000000000000000, -1.000000000000000000 ) ) ;
#2818 = ADVANCED_FACE ( 'NONE', ( #2435 ), #1126, .T. ) ;
#2819 = ORIENTED_EDGE ( 'NONE', *, *, #4983, .T. ) ;
#2820 = VERTEX_POINT ( 'NONE', #6252 ) ;
#2821 = EDGE_CURVE ( 'NONE', #27, #4923, #6943, .T. ) ;
#2822 = CARTESIAN_POINT ( 'NONE',  ( -13.90192006711059847, 0.9339167485997341700, 13.82536284289295203 ) ) ;
#2823 = ORIENTED_EDGE ( 'NONE', *, *, #461, .F. ) ;
#2824 = CARTESIAN_POINT ( 'NONE',  ( -18.76531340251658264, 1.458295284197628883, -2.992513477480700956 ) ) ;
#2825 = CARTESIAN_POINT ( 'NONE',  ( -10.88190612748736186, -0.08480323033777087405, 16.78452120501573219 ) ) ;
#2826 = CARTESIAN_POINT ( 'NONE',  ( -23.98936456039665188, -5.204170427930422072E-15, 2.777926752764831697 ) ) ;
#2827 = DIRECTION ( 'NONE',  ( -0.0000000000000000000, -1.000000000000000000, 1.310430179583815370E-15 ) ) ;
#2828 = ORIENTED_EDGE ( 'NONE', *, *, #9861, .F. ) ;
#2829 = CARTESIAN_POINT ( 'NONE',  ( -16.36867270804286889, -3.336000359438830110, 15.71498729544548745 ) ) ;
#2830 = ORIENTED_EDGE ( 'NONE', *, *, #1397, .T. ) ;
#2831 = EDGE_CURVE ( 'NONE', #4389, #146, #6446, .T. ) ;
#2832 = ORIENTED_EDGE ( 'NONE', *, *, #8894, .F. ) ;
#2833 = EDGE_LOOP ( 'NONE', ( #2703, #7262, #1790, #7137 ) ) ;
#2834 = ADVANCED_FACE ( 'NONE', ( #8496 ), #1105, .F. ) ;
#2835 = CARTESIAN_POINT ( 'NONE',  ( 40.26439155837420003, 20.81213173596535526, 27.13557951828378023 ) ) ;
#2836 = DIRECTION ( 'NONE',  ( -0.0000000000000000000, -1.000000000000000000, -0.0000000000000000000 ) ) ;
#2837 = PRODUCT_DEFINITION_CONTEXT ( 'detailed design', #558, 'design' ) ;
#2838 = DIRECTION ( 'NONE',  ( -0.0000000000000000000, -0.0000000000000000000, 1.000000000000000000 ) ) ;
#2839 = EDGE_LOOP ( 'NONE', ( #8677, #2039, #9554, #9177 ) ) ;
#2840 = FACE_BOUND ( 'NONE', #6750, .T. ) ;
#2841 = ORIENTED_EDGE ( 'NONE', *, *, #7203, .T. ) ;
#2842 = DIRECTION ( 'NONE',  ( 0.0000000000000000000, 0.0000000000000000000, 1.000000000000000000 ) ) ;
#2843 = CARTESIAN_POINT ( 'NONE',  ( -5.000000000000000000, -2.886751345948137981, -5.653418012614791266 ) ) ;
#2844 = CIRCLE ( 'NONE', #5718, 10.00000000000000178 ) ;
#2845 = EDGE_CURVE ( 'NONE', #4377, #7153, #10709, .T. ) ;
#2846 = AXIS2_PLACEMENT_3D ( 'NONE', #7063, #3739, #10190 ) ;
#2847 = ORIENTED_EDGE ( 'NONE', *, *, #8810, .T. ) ;
#2848 = AXIS2_PLACEMENT_3D ( 'NONE', #10662, #3283, #8205 ) ;
#2849 = CARTESIAN_POINT ( 'NONE',  ( -30.86602540378445525, -1.500000000000012657, 14.57071421427143498 ) ) ;
#2850 = VERTEX_POINT ( 'NONE', #2977 ) ;
#2851 = CARTESIAN_POINT ( 'NONE',  ( -1.272236772249566217, 4.000000000000000000, -5.897976693275184701 ) ) ;
#2852 =( NAMED_UNIT ( * ) SI_UNIT ( $, .STERADIAN. ) SOLID_ANGLE_UNIT ( ) );
#2853 = DIRECTION ( 'NONE',  ( 1.000000000000000000, 0.0000000000000000000, 0.0000000000000000000 ) ) ;
#2854 = DIRECTION ( 'NONE',  ( 1.000000000000000000, 0.0000000000000000000, 0.0000000000000000000 ) ) ;
#2855 = CARTESIAN_POINT ( 'NONE',  ( 5.000000000000000000, 2.886751345948137981, -0.4465819873852080457 ) ) ;
#2856 = DIRECTION ( 'NONE',  ( -1.000000000000000000, 3.469446951953611033E-15, 0.0000000000000000000 ) ) ;
#2857 = ORIENTED_EDGE ( 'NONE', *, *, #8324, .T. ) ;
#2858 = B_SPLINE_SURFACE_WITH_KNOTS ( 'NONE', 3, 3, ( 
 ( #2379, #2267, #3129, #4060 ),
 ( #10543, #8049, #3963, #4748 ),
 ( #4825, #5592, #4896, #628 ),
 ( #8153, #5737, #9777, #3194 ),
 ( #3930, #5661, #4789, #7363 ),
 ( #6428, #709, #4859, #9743 ),
 ( #9837, #4030, #3989, #7298 ),
 ( #10611, #742, #2406, #10650 ),
 ( #1458, #1523, #5703, #8191 ),
 ( #6544, #9870, #5628, #3232 ),
 ( #9805, #10570, #2334, #9038 ),
 ( #3085, #10686, #8881, #7256 ),
 ( #2297, #6400, #6464, #8081 ),
 ( #1419, #7218, #6509, #8917 ),
 ( #7328, #671, #8117, #3163 ),
 ( #6575, #3335, #9147, #2519 ),
 ( #10037, #1637, #10008, #4180 ),
 ( #1713, #9115, #1603, #9943 ) ),
 .UNSPECIFIED., .T., .F., .F.,
 ( 4, 1, 1, 1, 1, 2, 2, 2, 1, 1, 1, 1, 4 ),
 ( 4, 4 ),
 ( 0.0000000000000000000, 0.01249999999999995559, 0.02499999999999991118, 0.03750000000000008882, 0.05000000000000004441, 0.2500000000000000000, 0.4999999999999998890, 0.7500000000000000000, 0.9499999999999999556, 0.9625000000000000222, 0.9749999999999999778, 0.9875000000000000444, 1.000000000000000000 ),
 ( 0.0000000000000000000, 1.000000000000000000 ),
 .UNSPECIFIED. ) ;
#2859 = CARTESIAN_POINT ( 'NONE',  ( 14.50000000000000533, 0.0000000000000000000, 13.50000000000000000 ) ) ;
#2860 = ORIENTED_EDGE ( 'NONE', *, *, #3524, .F. ) ;
#2861 =( GEOMETRIC_REPRESENTATION_CONTEXT ( 3 ) GLOBAL_UNCERTAINTY_ASSIGNED_CONTEXT ( ( #1038 ) ) GLOBAL_UNIT_ASSIGNED_CONTEXT ( ( #1885, #7741, #7710 ) ) REPRESENTATION_CONTEXT ( 'NONE', 'WORKASPACE' ) );
#2862 = DIRECTION ( 'NONE',  ( -1.000000000000000000, 0.0000000000000000000, 0.0000000000000000000 ) ) ;
#2863 = CARTESIAN_POINT ( 'NONE',  ( -10.91649880623432622, 0.001323866489500740004, 16.76200799819637766 ) ) ;
#2864 = CARTESIAN_POINT ( 'NONE',  ( -23.53739401036403933, -8.673617379884021273E-15, -5.498624755336637193 ) ) ;
#2865 = CARTESIAN_POINT ( 'NONE',  ( 39.87098930383930906, 20.66632812940140695, 0.1944278150894916679 ) ) ;
#2866 = AXIS2_PLACEMENT_3D ( 'NONE', #4276, #6743, #1777 ) ;
#2867 = CARTESIAN_POINT ( 'NONE',  ( 3.500000000000000000, 2.886751345948122438, -5.000000000000000000 ) ) ;
#2868 = ORIENTED_EDGE ( 'NONE', *, *, #3547, .T. ) ;
#2869 = CARTESIAN_POINT ( 'NONE',  ( -16.20715224595350179, -3.431332301277805197, -15.74869307530172513 ) ) ;
#2870 = ORIENTED_EDGE ( 'NONE', *, *, #3017, .T. ) ;
#2871 = DIRECTION ( 'NONE',  ( 0.0000000000000000000, 0.0000000000000000000, -1.000000000000000000 ) ) ;
#2872 = DIRECTION ( 'NONE',  ( -1.000000000000000000, 0.0000000000000000000, 1.347358039593636966E-16 ) ) ;
#2873 = FACE_OUTER_BOUND ( 'NONE', #9749, .T. ) ;
#2874 = ADVANCED_FACE ( 'NONE', ( #8251 ), #2295, .F. ) ;
#2875 = DIRECTION ( 'NONE',  ( 0.0000000000000000000, 0.0000000000000000000, -1.000000000000000000 ) ) ;
#2876 = CARTESIAN_POINT ( 'NONE',  ( -48.90541538820878031, -6.015664712233888878, -16.00000000000000000 ) ) ;
#2877 = DIRECTION ( 'NONE',  ( -1.000000000000000000, -0.0000000000000000000, -0.0000000000000000000 ) ) ;
#2878 = CARTESIAN_POINT ( 'NONE',  ( 1.000000000000000000, 22.03209181533656746, 24.99999999999999289 ) ) ;
#2879 = EDGE_CURVE ( 'NONE', #7659, #1068, #1889, .T. ) ;
#2880 = AXIS2_PLACEMENT_3D ( 'NONE', #10314, #7847, #3745 ) ;
#2881 = ORIENTED_EDGE ( 'NONE', *, *, #6570, .T. ) ;
#2882 = CARTESIAN_POINT ( 'NONE',  ( 17.97699349158354920, 0.9585065240796716290, 0.0000000000000000000 ) ) ;
#2883 = CARTESIAN_POINT ( 'NONE',  ( -12.00000000000000355, -35.00000000000000000, -16.00000000000000000 ) ) ;
#2884 = CARTESIAN_POINT ( 'NONE',  ( -9.977753031397178063, -35.00000000000000000, 17.33333333333333570 ) ) ;
#2885 = VECTOR ( 'NONE', #3446, 1000.000000000000000 ) ;
#2886 = FACE_OUTER_BOUND ( 'NONE', #2499, .T. ) ;
#2887 = DIRECTION ( 'NONE',  ( 0.005798184538827749410, 0.9999831903867453242, -4.066707188630093815E-17 ) ) ;
#2888 = SURFACE_SIDE_STYLE ('',( #1475 ) ) ;
#2889 =( BOUNDED_CURVE ( )  B_SPLINE_CURVE ( 3, ( #5519, #1311, #8015, #10348 ),
 .UNSPECIFIED., .F., .F. ) 
 B_SPLINE_CURVE_WITH_KNOTS ( ( 4, 4 ),
 ( 1.570796326794897002, 3.141592653589793116 ),
 .UNSPECIFIED. ) 
 CURVE ( )  GEOMETRIC_REPRESENTATION_ITEM ( )  RATIONAL_B_SPLINE_CURVE ( ( 1.000000000000000000, 0.8047378541243650485, 0.8047378541243650485, 1.000000000000000000 ) ) 
 REPRESENTATION_ITEM ( '' )  );
#2890 = CARTESIAN_POINT ( 'NONE',  ( 36.60402920347198830, 21.73000000000000043, 0.0000000000000000000 ) ) ;
#2891 = DIRECTION ( 'NONE',  ( -0.0000000000000000000, -0.0000000000000000000, 1.000000000000000000 ) ) ;
#2892 = CARTESIAN_POINT ( 'NONE',  ( -10.40795618433701364, -1.612307046151898904, 17.07901353122619525 ) ) ;
#2893 = CARTESIAN_POINT ( 'NONE',  ( -49.52295863858675773, -6.494680358738524895, 15.99999999999987566 ) ) ;
#2894 = SHAPE_REPRESENTATION ( 'Основание_00', ( #8615 ), #7531 ) ;
#2895 = EDGE_CURVE ( 'NONE', #3626, #3405, #2022, .T. ) ;
#2896 = EDGE_CURVE ( 'NONE', #5161, #4994, #10393, .T. ) ;
#2897 = AXIS2_PLACEMENT_3D ( 'NONE', #5616, #8869, #1406 ) ;
#2898 = PLANE ( 'NONE',  #3886 ) ;
#2899 = CARTESIAN_POINT ( 'NONE',  ( -13.89601772148020054, 0.9328308864412430124, 13.84266043360676335 ) ) ;
#2900 = B_SPLINE_CURVE_WITH_KNOTS ( 'NONE', 3,
 ( #833, #7411, #4910, #758 ),
 .UNSPECIFIED., .F., .F.,
 ( 4, 4 ),
 ( 0.0000000000000000000, 0.003676267853854011790 ),
 .UNSPECIFIED. ) ;
#2901 = FACE_OUTER_BOUND ( 'NONE', #1207, .T. ) ;
#2902 = ORIENTED_EDGE ( 'NONE', *, *, #362, .F. ) ;
#2903 = EDGE_CURVE ( 'NONE', #3357, #6327, #6308, .T. ) ;
#2904 = CARTESIAN_POINT ( 'NONE',  ( -16.36682670153011543, -3.333333333333333037, -15.71404520791031700 ) ) ;
#2905 = DIRECTION ( 'NONE',  ( -0.5000000000000006661, -0.8660254037844382635, 0.0000000000000000000 ) ) ;
#2906 = CARTESIAN_POINT ( 'NONE',  ( 0.4465819873852038824, 5.773502691896261751, 7.658331097742661643E-17 ) ) ;
#2907 = CARTESIAN_POINT ( 'NONE',  ( 2.836205516832971174, 22.38505103526629014, 3.000000000000008438 ) ) ;
#2908 = DIRECTION ( 'NONE',  ( -1.000000000000000000, -0.0000000000000000000, -0.0000000000000000000 ) ) ;
#2909 = AXIS2_PLACEMENT_3D ( 'NONE', #10459, #3741, #5515 ) ;
#2910 = CARTESIAN_POINT ( 'NONE',  ( 1.653121499799248939, -4.819072548984015825, -0.05140428708383257966 ) ) ;
#2911 = VECTOR ( 'NONE', #8884, 1000.000000000000000 ) ;
#2912 = CARTESIAN_POINT ( 'NONE',  ( -0.5969026041820635342, 4.000000000000000000, 6.000000000000002665 ) ) ;
#2913 = SURFACE_SIDE_STYLE ('',( #7687 ) ) ;
#2914 = CIRCLE ( 'NONE', #4399, 5.000000000000000000 ) ;
#2915 = ORIENTED_EDGE ( 'NONE', *, *, #2917, .T. ) ;
#2916 = DIRECTION ( 'NONE',  ( -1.000000000000000000, -0.0000000000000000000, -0.0000000000000000000 ) ) ;
#2917 = EDGE_CURVE ( 'NONE', #8044, #9645, #2969, .T. ) ;
#2918 = CIRCLE ( 'NONE', #1504, 9.625000000000000000 ) ;
#2919 = CIRCLE ( 'NONE', #9384, 13.37500000000000178 ) ;
#2920 = CIRCLE ( 'NONE', #1975, 10.00000000000000000 ) ;
#2921 = CARTESIAN_POINT ( 'NONE',  ( -71.75675097843156891, -20.70000000000000284, -13.99999999999999112 ) ) ;
#2922 = DIRECTION ( 'NONE',  ( 1.000000000000000000, 0.0000000000000000000, -0.0000000000000000000 ) ) ;
#2923 = DIRECTION ( 'NONE',  ( 1.000000000000000000, 0.0000000000000000000, 0.0000000000000000000 ) ) ;
#2924 = DIRECTION ( 'NONE',  ( 0.0000000000000000000, -0.4999999999999998335, 0.8660254037844387076 ) ) ;
#2925 = PRESENTATION_LAYER_ASSIGNMENT (  '', '', ( #10208 ) ) ;
#2926 = CARTESIAN_POINT ( 'NONE',  ( 2.480228988863469652, 20.91258098738521909, 25.99999999999999645 ) ) ;
#2927 = ADVANCED_FACE ( 'NONE', ( #7988 ), #5266, .F. ) ;
#2928 = CARTESIAN_POINT ( 'NONE',  ( -45.46956002651329953, -15.36003117112942107, 15.99999999999987566 ) ) ;
#2929 = DIRECTION ( 'NONE',  ( -1.000000000000000000, -0.0000000000000000000, -0.0000000000000000000 ) ) ;
#2930 = FACE_OUTER_BOUND ( 'NONE', #2270, .T. ) ;
#2931 = ORIENTED_EDGE ( 'NONE', *, *, #430, .F. ) ;
#2932 = CARTESIAN_POINT ( 'NONE',  ( -4.336808689942017736E-16, 21.88813772300484928, 0.0000000000000000000 ) ) ;
#2933 = CARTESIAN_POINT ( 'NONE',  ( -15.90388875727497009, -0.7851313877762925442, 13.73637238547630268 ) ) ;
#2934 = CARTESIAN_POINT ( 'NONE',  ( 36.60402920347198830, 30.11813772300484615, 0.0000000000000000000 ) ) ;
#2935 = DIRECTION ( 'NONE',  ( 7.709882115452483097E-16, 1.000000000000000000, 0.0000000000000000000 ) ) ;
#2936 = EDGE_LOOP ( 'NONE', ( #4944, #772, #9490 ) ) ;
#2937 = DIRECTION ( 'NONE',  ( 0.0000000000000000000, 0.0000000000000000000, 1.000000000000000000 ) ) ;
#2938 = VECTOR ( 'NONE', #7454, 1000.000000000000000 ) ;
#2939 = ORIENTED_EDGE ( 'NONE', *, *, #7211, .F. ) ;
#2940 = CARTESIAN_POINT ( 'NONE',  ( -44.58432766445422146, -9.674495156955732256, -17.00000000000000000 ) ) ;
#2941 = ORIENTED_EDGE ( 'NONE', *, *, #9951, .F. ) ;
#2942 = DIRECTION ( 'NONE',  ( 0.0000000000000000000, -0.5000000000000013323, -0.8660254037844379305 ) ) ;
#2943 = EDGE_CURVE ( 'NONE', #7100, #9981, #5533, .T. ) ;
#2944 = ORIENTED_EDGE ( 'NONE', *, *, #1555, .F. ) ;
#2945 = AXIS2_PLACEMENT_3D ( 'NONE', #446, #2117, #1243 ) ;
#2946 = CARTESIAN_POINT ( 'NONE',  ( 2.802858645464294085, 21.22238246546762497, 1.963254892648315764 ) ) ;
#2947 = CARTESIAN_POINT ( 'NONE',  ( -1.778091562876227272E-14, -5.773502691896262640, -5.653418012614791266 ) ) ;
#2948 = ORIENTED_EDGE ( 'NONE', *, *, #9938, .F. ) ;
#2949 = ORIENTED_EDGE ( 'NONE', *, *, #10580, .T. ) ;
#2950 = CARTESIAN_POINT ( 'NONE',  ( -1.778091562876227272E-14, -5.773502691896262640, -0.4465819873852080457 ) ) ;
#2951 = DIRECTION ( 'NONE',  ( 0.0000000000000000000, 0.0000000000000000000, 1.000000000000000000 ) ) ;
#2952 = CARTESIAN_POINT ( 'NONE',  ( -1.369543409569211877E-15, 5.773502691896262640, -6.099999999999999645 ) ) ;
#2953 = B_SPLINE_CURVE_WITH_KNOTS ( 'NONE', 3,
 ( #2104, #2405, #8190, #9037, #3162, #9621, #3988, #8714 ),
 .UNSPECIFIED., .F., .F.,
 ( 4, 2, 2, 4 ),
 ( 0.0000000000000000000, 0.001503702734536116600, 0.003007405469072233200, 0.006014810938144463798 ),
 .UNSPECIFIED. ) ;
#2954 = EDGE_LOOP ( 'NONE', ( #10080, #6062, #132, #3510 ) ) ;
#2955 = UNCERTAINTY_MEASURE_WITH_UNIT (LENGTH_MEASURE( 1.000000000000000082E-05 ), #92, 'distance_accuracy_value', 'NONE');
#2956 = ORIENTED_EDGE ( 'NONE', *, *, #10375, .F. ) ;
#2957 = ORIENTED_EDGE ( 'NONE', *, *, #8098, .F. ) ;
#2958 = ORIENTED_EDGE ( 'NONE', *, *, #9142, .F. ) ;
#2959 = CARTESIAN_POINT ( 'NONE',  ( -31.42324761667458688, -2.287717789139637414, -15.20414846437356715 ) ) ;
#2960 = EDGE_CURVE ( 'NONE', #1426, #8127, #1644, .T. ) ;
#2961 = EDGE_CURVE ( 'NONE', #3138, #6482, #4746, .T. ) ;
#2962 = DIRECTION ( 'NONE',  ( 1.224646799147353207E-16, -1.000000000000000000, 0.0000000000000000000 ) ) ;
#2963 = AXIS2_PLACEMENT_3D ( 'NONE', #2538, #727, #2469 ) ;
#2964 =( LENGTH_UNIT ( ) NAMED_UNIT ( * ) SI_UNIT ( .MILLI., .METRE. ) );
#2965 = CARTESIAN_POINT ( 'NONE',  ( 4.000000000000000000, 0.0000000000000000000, 0.0000000000000000000 ) ) ;
#2966 = CARTESIAN_POINT ( 'NONE',  ( -34.27871928083200004, -3.936779203969974272, 15.88736646179261847 ) ) ;
#2967 = ORIENTED_EDGE ( 'NONE', *, *, #5712, .T. ) ;
#2968 = DIRECTION ( 'NONE',  ( -0.0000000000000000000, 1.000000000000000000, -0.0000000000000000000 ) ) ;
#2969 = LINE ( 'NONE', #2596, #7131 ) ;
#2970 = DIRECTION ( 'NONE',  ( 1.000000000000000000, 0.0000000000000000000, 0.0000000000000000000 ) ) ;
#2971 = ORIENTED_EDGE ( 'NONE', *, *, #2375, .F. ) ;
#2972 = EDGE_CURVE ( 'NONE', #1371, #1149, #340, .T. ) ;
#2973 = ORIENTED_EDGE ( 'NONE', *, *, #5848, .T. ) ;
#2974 = VERTEX_POINT ( 'NONE', #7162 ) ;
#2975 = FILL_AREA_STYLE ('',( #5414 ) ) ;
#2976 = CARTESIAN_POINT ( 'NONE',  ( -11.35540107489991080, 0.1394898420282836560, 16.45925930948840232 ) ) ;
#2977 = CARTESIAN_POINT ( 'NONE',  ( -46.30940107675853312, -16.19999999999999574, 13.99999999999999467 ) ) ;
#2978 = VERTEX_POINT ( 'NONE', #2155 ) ;
#2979 = CARTESIAN_POINT ( 'NONE',  ( 39.76150131457945491, 20.62887230358030521, 0.1227352326586304693 ) ) ;
#2980 = CARTESIAN_POINT ( 'NONE',  ( 5.000000000000000000, 2.316617955123373651, 4.012499999999993960 ) ) ;
#2981 = CARTESIAN_POINT ( 'NONE',  ( -10.07195686902670850, -3.228348480655883979, -17.27986907188593690 ) ) ;
#2982 = FACE_OUTER_BOUND ( 'NONE', #10221, .T. ) ;
#2983 = AXIS2_PLACEMENT_3D ( 'NONE', #746, #8194, #7400 ) ;
#2984 = VERTEX_POINT ( 'NONE', #10727 ) ;
#2985 = AXIS2_PLACEMENT_3D ( 'NONE', #4452, #8720, #8685 ) ;
#2986 = B_SPLINE_CURVE_WITH_KNOTS ( 'NONE', 3,
 ( #2804, #10266, #2876, #9496, #6938, #392, #5318, #1982, #352, #8528 ),
 .UNSPECIFIED., .F., .F.,
 ( 4, 1, 1, 1, 1, 2, 4 ),
 ( 0.0000000000000000000, 0.01249999999999995906, 0.02499999999999991812, 0.03750000000000009576, 0.05000000000000005829, 0.2500000000000000555, 0.5000000000000000000 ),
 .UNSPECIFIED. ) ;
#2987 = VECTOR ( 'NONE', #3159, 1000.000000000000000 ) ;
#2988 = DIRECTION ( 'NONE',  ( 0.0000000000000000000, 0.0000000000000000000, -1.000000000000000000 ) ) ;
#2989 = DIRECTION ( 'NONE',  ( -1.000000000000000000, 0.0000000000000000000, 0.0000000000000000000 ) ) ;
#2990 = CARTESIAN_POINT ( 'NONE',  ( -13.22851050982246690, -34.98071833828462474, -16.14574285926716257 ) ) ;
#2991 = ADVANCED_FACE ( 'NONE', ( #4348, #7973 ), #6410, .T. ) ;
#2992 = CARTESIAN_POINT ( 'NONE',  ( 2.480228988863466988, 21.45055613879291556, 2.000000000000005329 ) ) ;
#2993 = CARTESIAN_POINT ( 'NONE',  ( 39.02254043520126459, 22.02686630917622779, 0.0000000000000000000 ) ) ;
#2994 = VECTOR ( 'NONE', #9546, 1000.000000000000227 ) ;
#2995 = EDGE_LOOP ( 'NONE', ( #1244, #6632, #6373, #8253 ) ) ;
#2996 = CARTESIAN_POINT ( 'NONE',  ( -10.87391605233504421, -0.1059444028144894551, -16.78956268960542175 ) ) ;
#2997 = CIRCLE ( 'NONE', #2848, 5.000000000000000000 ) ;
#2998 = DIRECTION ( 'NONE',  ( -1.000000000000000000, -0.0000000000000000000, -0.0000000000000000000 ) ) ;
#2999 = DIRECTION ( 'NONE',  ( -0.0000000000000000000, -0.0000000000000000000, 1.000000000000000000 ) ) ;
#3000 = ORIENTED_EDGE ( 'NONE', *, *, #8509, .T. ) ;
#3001 = EDGE_CURVE ( 'NONE', #3511, #8292, #3710, .T. ) ;
#3002 = ORIENTED_EDGE ( 'NONE', *, *, #5682, .T. ) ;
#3003 = FACE_OUTER_BOUND ( 'NONE', #9093, .T. ) ;
#3004 = CARTESIAN_POINT ( 'NONE',  ( -5.000000000000000000, -2.886751345948137981, -0.4465819873852080457 ) ) ;
#3005 = AXIS2_PLACEMENT_3D ( 'NONE', #653, #6421, #763 ) ;
#3006 = AXIS2_PLACEMENT_3D ( 'NONE', #8589, #6027, #8519 ) ;
#3007 = CARTESIAN_POINT ( 'NONE',  ( 1.931693927003814893E-15, 0.7367339822379570524, 15.77347793950660204 ) ) ;
#3008 = ORIENTED_EDGE ( 'NONE', *, *, #5488, .F. ) ;
#3009 = DIRECTION ( 'NONE',  ( 0.0000000000000000000, 0.0000000000000000000, -1.000000000000000000 ) ) ;
#3010 = ORIENTED_EDGE ( 'NONE', *, *, #9393, .F. ) ;
#3011 = APPLICATION_CONTEXT ( 'automotive_design' ) ;
#3012 = DIRECTION ( 'NONE',  ( 0.0000000000000000000, 0.0000000000000000000, 1.000000000000000000 ) ) ;
#3013 = CARTESIAN_POINT ( 'NONE',  ( 3.101149927258164407, 4.000000000000000000, 6.111369367260474306 ) ) ;
#3014 = EDGE_LOOP ( 'NONE', ( #1083, #4014, #1037, #9076, #1979 ) ) ;
#3015 = VERTEX_POINT ( 'NONE', #1420 ) ;
#3017 = EDGE_CURVE ( 'NONE', #9480, #691, #6034, .T. ) ;
#3016 =( LENGTH_UNIT ( ) NAMED_UNIT ( * ) SI_UNIT ( .MILLI., .METRE. ) );
#3018 = CIRCLE ( 'NONE', #6881, 23.00000000000000000 ) ;
#3019 = CARTESIAN_POINT ( 'NONE',  ( 6.651350249290356231, 20.11813772300484970, 28.00000000000000000 ) ) ;
#3020 = CARTESIAN_POINT ( 'NONE',  ( -46.30940107675852602, -10.00000000000000178, -13.99999999999999467 ) ) ;
#3021 = CARTESIAN_POINT ( 'NONE',  ( -49.32428295434075949, -6.327103434332368437, 15.99999999999987566 ) ) ;
#3022 = CARTESIAN_POINT ( 'NONE',  ( 5.000000000000000000, -0.9724665692850881227, -0.04193043885209643551 ) ) ;
#3023 = CARTESIAN_POINT ( 'NONE',  ( -13.18221380286451350, 0.7138125685622004335, 14.74739808234193461 ) ) ;
#3024 = ORIENTED_EDGE ( 'NONE', *, *, #3905, .T. ) ;
#3025 = DIRECTION ( 'NONE',  ( 0.0000000000000000000, -8.673617379884035472E-16, -1.000000000000000000 ) ) ;
#3026 = DIRECTION ( 'NONE',  ( -0.0000000000000000000, 1.000000000000000000, -0.0000000000000000000 ) ) ;
#3027 = AXIS2_PLACEMENT_3D ( 'NONE', #743, #10687, #5629 ) ;
#3028 = ORIENTED_EDGE ( 'NONE', *, *, #10617, .F. ) ;
#3029 = CARTESIAN_POINT ( 'NONE',  ( 1.823355044160656154E-15, 0.0000000000000000000, 14.88882382602189303 ) ) ;
#3030 = CIRCLE ( 'NONE', #5505, 2.999999999999992450 ) ;
#3031 = LINE ( 'NONE', #2285, #9392 ) ;
#3032 = DIRECTION ( 'NONE',  ( 0.0000000000000000000, 1.000000000000000000, 0.0000000000000000000 ) ) ;
#3033 = DIRECTION ( 'NONE',  ( 1.224646799147353207E-16, 1.000000000000000000, -0.0000000000000000000 ) ) ;
#3034 = DIRECTION ( 'NONE',  ( 0.0000000000000000000, 1.000000000000000000, 0.0000000000000000000 ) ) ;
#3035 = ORIENTED_EDGE ( 'NONE', *, *, #3001, .F. ) ;
#3036 = CARTESIAN_POINT ( 'NONE',  ( 2.810437414876590267, 21.21815248615220639, 1.959113898573154877 ) ) ;
#3037 = CARTESIAN_POINT ( 'NONE',  ( -52.30940107675851891, 0.0000000000000000000, -20.00000000000000355 ) ) ;
#3038 = DIRECTION ( 'NONE',  ( -0.0000000000000000000, -1.000000000000000000, -0.0000000000000000000 ) ) ;
#3039 = CARTESIAN_POINT ( 'NONE',  ( -5.000000000000000000, 2.886751345948137981, -5.653418012614791266 ) ) ;
#3040 = DIRECTION ( 'NONE',  ( -1.000000000000000000, 0.0000000000000000000, 0.0000000000000000000 ) ) ;
#3041 = B_SPLINE_CURVE_WITH_KNOTS ( 'NONE', 3,
 ( #5146, #1010, #4275, #214, #6887, #10064, #7671, #8495, #4513, #1184 ),
 .UNSPECIFIED., .F., .F.,
 ( 4, 2, 1, 1, 1, 1, 4 ),
 ( 0.0000000000000000000, 0.007489864085799343915, 0.01348175535443882182, 0.01385624855872878702, 0.01423074176301875916, 0.01460523496730872610, 0.01497972817159869130 ),
 .UNSPECIFIED. ) ;
#3042 = EDGE_CURVE ( 'NONE', #4258, #6744, #2914, .T. ) ;
#3043 = LINE ( 'NONE', #1798, #1992 ) ;
#3044 = AXIS2_PLACEMENT_3D ( 'NONE', #3822, #4719, #8770 ) ;
#3045 = MANIFOLD_SOLID_BREP ( 'Вырез-Вытянуть2', #1185 ) ;
#3046 = VECTOR ( 'NONE', #2705, 1000.000000000000000 ) ;
#3047 = EDGE_LOOP ( 'NONE', ( #893, #9738, #3488, #1145, #10536, #6513, #5676, #6665, #1015, #10474, #4536 ) ) ;
#3048 = CARTESIAN_POINT ( 'NONE',  ( -10.91149923374124953, 0.0000000000000000000, -16.76318177656527908 ) ) ;
#3049 = CARTESIAN_POINT ( 'NONE',  ( -21.97505122568147584, 0.0000000000000000000, 6.240288046239619746 ) ) ;
#3050 = DIRECTION ( 'NONE',  ( -0.0000000000000000000, -0.0000000000000000000, -1.000000000000000000 ) ) ;
#3051 = PLANE ( 'NONE',  #9236 ) ;
#3052 = ADVANCED_FACE ( 'NONE', ( #867 ), #8011, .T. ) ;
#3053 = CARTESIAN_POINT ( 'NONE',  ( -30.00000000000000355, -6.999999999999999112, 13.99999999999999822 ) ) ;
#3054 = CARTESIAN_POINT ( 'NONE',  ( -5.000000000000000000, 0.0000000000000000000, -6.099999999999999645 ) ) ;
#3055 = FACE_BOUND ( 'NONE', #6426, .T. ) ;
#3056 = EDGE_CURVE ( 'NONE', #5064, #4146, #5256, .T. ) ;
#3057 = LINE ( 'NONE', #8370, #7463 ) ;
#3059 = PRESENTATION_STYLE_ASSIGNMENT (( #10461 ) ) ;
#3058 =( GEOMETRIC_REPRESENTATION_CONTEXT ( 3 ) GLOBAL_UNCERTAINTY_ASSIGNED_CONTEXT ( ( #6581 ) ) GLOBAL_UNIT_ASSIGNED_CONTEXT ( ( #4040, #8855, #4869 ) ) REPRESENTATION_CONTEXT ( 'NONE', 'WORKASPACE' ) );
#3060 = CARTESIAN_POINT ( 'NONE',  ( -13.94163180620230591, -35.00000000000000000, -16.05266972343014586 ) ) ;
#3061 = CONICAL_SURFACE ( 'NONE', #10449, 16.36018239871366831, 1.130126863585188435 ) ;
#3062 = CARTESIAN_POINT ( 'NONE',  ( -17.12888090883998871, -0.1312339168457312688, 12.25754079910522698 ) ) ;
#3063 = DIRECTION ( 'NONE',  ( 1.000000000000000000, 0.0000000000000000000, 0.0000000000000000000 ) ) ;
#3064 = DIRECTION ( 'NONE',  ( 0.0000000000000000000, 0.0000000000000000000, -1.000000000000000000 ) ) ;
#3065 = DIRECTION ( 'NONE',  ( 0.0000000000000000000, 0.0000000000000000000, 1.000000000000000000 ) ) ;
#3066 = CIRCLE ( 'NONE', #4071, 2.999999999999992450 ) ;
#3067 = ADVANCED_FACE ( 'NONE', ( #1369 ), #1507, .F. ) ;
#3068 = CIRCLE ( 'NONE', #8058, 5.000000000000000888 ) ;
#3069 = VECTOR ( 'NONE', #4986, 1000.000000000000000 ) ;
#3070 = EDGE_CURVE ( 'NONE', #9968, #660, #9035, .T. ) ;
#3071 = CARTESIAN_POINT ( 'NONE',  ( -25.69999999999999929, 1.500000000000000000, -8.000000000000000000 ) ) ;
#3072 = CARTESIAN_POINT ( 'NONE',  ( -30.00000000000000355, -2.000000000000000000, -13.99999999999999822 ) ) ;
#3073 = EDGE_LOOP ( 'NONE', ( #268, #1892 ) ) ;
#3074 = CARTESIAN_POINT ( 'NONE',  ( 0.0000000000000000000, 0.0000000000000000000, 5.000000000000000000 ) ) ;
#3075 = CARTESIAN_POINT ( 'NONE',  ( 0.4142135623730942573, 21.72521372180476718, 2.000000000000006217 ) ) ;
#3076 = CARTESIAN_POINT ( 'NONE',  ( 0.0000000000000000000, 9.999999999999998224, 0.0000000000000000000 ) ) ;
#3077 = CONICAL_SURFACE ( 'NONE', #8365, 14.88882382602189303, 0.1664505954745215122 ) ;
#3078 = FACE_OUTER_BOUND ( 'NONE', #3121, .T. ) ;
#3079 = EDGE_CURVE ( 'NONE', #3239, #1843, #6300, .T. ) ;
#3080 = ORIENTED_EDGE ( 'NONE', *, *, #907, .F. ) ;
#3081 = PLANE ( 'NONE',  #8669 ) ;
#3082 = ORIENTED_EDGE ( 'NONE', *, *, #553, .F. ) ;
#3083 =( LENGTH_UNIT ( ) NAMED_UNIT ( * ) SI_UNIT ( .MILLI., .METRE. ) );
#3084 = VECTOR ( 'NONE', #732, 1000.000000000000000 ) ;
#3085 = CARTESIAN_POINT ( 'NONE',  ( -46.30940107675852602, -10.00000000000000178, 17.00000000000000000 ) ) ;
#3086 = EDGE_LOOP ( 'NONE', ( #7530, #4428, #5314, #1060, #10333, #4778, #10206, #1733, #8520, #8448, #2442, #9073, #2724, #8409, #8158, #1541, #9899, #3133, #3929 ) ) ;
#3087 = DIRECTION ( 'NONE',  ( 1.000000000000000000, 0.0000000000000000000, 0.0000000000000000000 ) ) ;
#3088 = AXIS2_PLACEMENT_3D ( 'NONE', #4004, #9815, #10625 ) ;
#3089 = CARTESIAN_POINT ( 'NONE',  ( 3.708000751093673220, 22.09803150779407588, 25.24490244883094547 ) ) ;
#3090 = DIRECTION ( 'NONE',  ( 0.0000000000000000000, 0.0000000000000000000, -1.000000000000000000 ) ) ;
#3091 = ORIENTED_EDGE ( 'NONE', *, *, #4117, .F. ) ;
#3092 = AXIS2_PLACEMENT_3D ( 'NONE', #2934, #8697, #6168 ) ;
#3093 = FACE_OUTER_BOUND ( 'NONE', #8972, .T. ) ;
#3094 = ORIENTED_EDGE ( 'NONE', *, *, #2783, .F. ) ;
#3095 = DIRECTION ( 'NONE',  ( 0.0000000000000000000, 0.0000000000000000000, -1.000000000000000000 ) ) ;
#3096 = ORIENTED_EDGE ( 'NONE', *, *, #239, .T. ) ;
#3097 = DIRECTION ( 'NONE',  ( -1.347358039593636966E-16, 0.0000000000000000000, 1.000000000000000000 ) ) ;
#3098 = CARTESIAN_POINT ( 'NONE',  ( -28.06039371099786095, -25.00000000000000000, 16.00000000000000000 ) ) ;
#3099 = ORIENTED_EDGE ( 'NONE', *, *, #2374, .F. ) ;
#3100 = CARTESIAN_POINT ( 'NONE',  ( -18.24934953171950269, 1.458198994042843921, -5.147810596066621613 ) ) ;
#3101 = ORIENTED_EDGE ( 'NONE', *, *, #4785, .T. ) ;
#3102 = ORIENTED_EDGE ( 'NONE', *, *, #3349, .T. ) ;
#3103 = CARTESIAN_POINT ( 'NONE',  ( -50.04187662689903959, -7.052605167473346093, -16.00000000000000000 ) ) ;
#3104 = DIRECTION ( 'NONE',  ( 0.0000000000000000000, 0.0000000000000000000, -1.000000000000000000 ) ) ;
#3105 = EDGE_CURVE ( 'NONE', #3626, #2808, #9550, .T. ) ;
#3106 = ORIENTED_EDGE ( 'NONE', *, *, #9572, .T. ) ;
#3107 = UNCERTAINTY_MEASURE_WITH_UNIT (LENGTH_MEASURE( 1.000000000000000082E-05 ), #1225, 'distance_accuracy_value', 'NONE');
#3108 = ADVANCED_FACE ( 'NONE', ( #6821 ), #7188, .F. ) ;
#3109 = DIRECTION ( 'NONE',  ( 1.000000000000000000, 0.0000000000000000000, -1.224646799147353207E-16 ) ) ;
#3110 = ORIENTED_EDGE ( 'NONE', *, *, #1891, .F. ) ;
#3111 = CARTESIAN_POINT ( 'NONE',  ( 4.592054218142289201, 3.122278952918448702, -0.3106000600989286542 ) ) ;
#3112 = ORIENTED_EDGE ( 'NONE', *, *, #7288, .T. ) ;
#3113 = DIRECTION ( 'NONE',  ( 0.0000000000000000000, -0.0000000000000000000, 1.000000000000000000 ) ) ;
#3114 = DIRECTION ( 'NONE',  ( -0.5000000000000014433, 0.8660254037844379305, 0.0000000000000000000 ) ) ;
#3115 = B_SPLINE_CURVE_WITH_KNOTS ( 'NONE', 3,
 ( #4227, #3361, #6772, #2508, #4166, #5067, #7593, #8284 ),
 .UNSPECIFIED., .F., .F.,
 ( 4, 2, 2, 4 ),
 ( 0.0000000000000000000, 0.001746387354870037288, 0.002619581032305065907, 0.003492774709740094526 ),
 .UNSPECIFIED. ) ;
#3116 = ORIENTED_EDGE ( 'NONE', *, *, #8423, .F. ) ;
#3117 = ORIENTED_EDGE ( 'NONE', *, *, #5258, .T. ) ;
#3118 = ORIENTED_EDGE ( 'NONE', *, *, #3172, .T. ) ;
#3119 = CARTESIAN_POINT ( 'NONE',  ( 10.00000000000000000, 0.0000000000000000000, 0.0000000000000000000 ) ) ;
#3120 = FACE_OUTER_BOUND ( 'NONE', #386, .T. ) ;
#3121 = EDGE_LOOP ( 'NONE', ( #7556, #8626, #3391 ) ) ;
#3122 = ADVANCED_FACE ( 'NONE', ( #7833 ), #4095, .T. ) ;
#3123 = EDGE_CURVE ( 'NONE', #773, #38, #1307, .T. ) ;
#3124 = EDGE_CURVE ( 'NONE', #2816, #5600, #4599, .T. ) ;
#3125 = AXIS2_PLACEMENT_3D ( 'NONE', #87, #2526, #6588 ) ;
#3126 = CIRCLE ( 'NONE', #10076, 0.2500000000000002220 ) ;
#3127 = VERTEX_POINT ( 'NONE', #8154 ) ;
#3128 = CARTESIAN_POINT ( 'NONE',  ( 0.0000000000000000000, 2.316617955123359884, -4.012500000000003730 ) ) ;
#3129 = CARTESIAN_POINT ( 'NONE',  ( -48.25027341332628339, -7.497842460810316467, 16.50000000000000000 ) ) ;
#3130 = CARTESIAN_POINT ( 'NONE',  ( 39.26439155837419293, -1.200000000000000030E-05, 1.000000000000000000 ) ) ;
#3131 = CARTESIAN_POINT ( 'NONE',  ( -25.69999999999999929, 0.0000000000000000000, -8.000000000000000000 ) ) ;
#3132 = VECTOR ( 'NONE', #1563, 1000.000000000000000 ) ;
#3133 = ORIENTED_EDGE ( 'NONE', *, *, #3470, .F. ) ;
#3134 = DIRECTION ( 'NONE',  ( 0.3660362354902202409, -0.9306005987039488447, 0.0000000000000000000 ) ) ;
#3135 = VECTOR ( 'NONE', #10454, 999.9999999999998863 ) ;
#3136 = EDGE_LOOP ( 'NONE', ( #4718, #4577, #6437, #9775 ) ) ;
#3137 = CARTESIAN_POINT ( 'NONE',  ( -2.500000000000003997, -4.330127018922192761, -6.099999999999999645 ) ) ;
#3138 = VERTEX_POINT ( 'NONE', #9778 ) ;
#3139 = DIRECTION ( 'NONE',  ( -0.0000000000000000000, -0.0000000000000000000, 1.000000000000000000 ) ) ;
#3140 = DIRECTION ( 'NONE',  ( -0.0000000000000000000, -0.0000000000000000000, 1.000000000000000000 ) ) ;
#3141 = DIRECTION ( 'NONE',  ( 0.0000000000000000000, 0.4999999999999981681, -0.8660254037844395958 ) ) ;
#3142 = CARTESIAN_POINT ( 'NONE',  ( 8.610318235031920509, 19.11813772300486747, 28.00000000000000000 ) ) ;
#3143 = AXIS2_PLACEMENT_3D ( 'NONE', #4090, #9143, #1597 ) ;
#3144 = VERTEX_POINT ( 'NONE', #4939 ) ;
#3145 = B_SPLINE_CURVE_WITH_KNOTS ( 'NONE', 3,
 ( #6415, #4655, #1438, #5498, #7234, #9602 ),
 .UNSPECIFIED., .F., .F.,
 ( 4, 2, 4 ),
 ( 0.005339748439308727480, 0.006800846765732537422, 0.008261945092156348230 ),
 .UNSPECIFIED. ) ;
#3146 = EDGE_LOOP ( 'NONE', ( #7470, #290, #9772, #1430 ) ) ;
#3147 = CARTESIAN_POINT ( 'NONE',  ( -43.02412498358751947, -11.45933109061441435, -16.50000000000000000 ) ) ;
#3148 = ORIENTED_EDGE ( 'NONE', *, *, #3676, .F. ) ;
#3149 = ORIENTED_EDGE ( 'NONE', *, *, #5246, .F. ) ;
#3150 = DIRECTION ( 'NONE',  ( 0.0000000000000000000, 0.0000000000000000000, 1.000000000000000000 ) ) ;
#3151 = CIRCLE ( 'NONE', #2241, 5.000000000000000888 ) ;
#3152 = DIRECTION ( 'NONE',  ( 0.0000000000000000000, 1.000000000000000000, 0.0000000000000000000 ) ) ;
#3153 = CARTESIAN_POINT ( 'NONE',  ( -13.94163180620230591, -35.00000000000000000, -14.00000000000000000 ) ) ;
#3154 = CARTESIAN_POINT ( 'NONE',  ( -30.00000000000000355, -2.000000000000000000, 8.999999999999994671 ) ) ;
#3155 = ORIENTED_EDGE ( 'NONE', *, *, #7000, .T. ) ;
#3156 = AXIS2_PLACEMENT_3D ( 'NONE', #6104, #10323, #5381 ) ;
#3157 = DIRECTION ( 'NONE',  ( -0.0000000000000000000, 1.000000000000000000, 0.0000000000000000000 ) ) ;
#3158 = AXIS2_PLACEMENT_3D ( 'NONE', #1728, #1756, #7514 ) ;
#3159 = DIRECTION ( 'NONE',  ( 0.0000000000000000000, 0.0000000000000000000, 1.000000000000000000 ) ) ;
#3160 = FACE_OUTER_BOUND ( 'NONE', #7381, .T. ) ;
#3161 = DIRECTION ( 'NONE',  ( -0.9306005987039489558, 0.3660362354902203519, 0.0000000000000000000 ) ) ;
#3162 = CARTESIAN_POINT ( 'NONE',  ( -15.70653415577125500, 1.373653597181994757, 10.85099851650374703 ) ) ;
#3163 = CARTESIAN_POINT ( 'NONE',  ( -49.79534160293808043, -6.765017332855848942, 16.00000000000000000 ) ) ;
#3164 = CARTESIAN_POINT ( 'NONE',  ( -25.64522593462038458, 2.306159114433703028, -20.00000000000000355 ) ) ;
#3165 = ADVANCED_FACE ( 'NONE', ( #1879, #978 ), #8192, .T. ) ;
#3166 = ORIENTED_EDGE ( 'NONE', *, *, #9847, .T. ) ;
#3167 = DIRECTION ( 'NONE',  ( 0.0000000000000000000, 0.0000000000000000000, -1.000000000000000000 ) ) ;
#3168 = CARTESIAN_POINT ( 'NONE',  ( 27.94734990167305000, 10.69999999999999929, 26.50000000000000000 ) ) ;
#3169 = CARTESIAN_POINT ( 'NONE',  ( -4.182066831946699814, 3.358985280702821097, -5.926062401966627924 ) ) ;
#3170 = DIRECTION ( 'NONE',  ( -0.0000000000000000000, 1.000000000000000000, -1.224646799147353207E-16 ) ) ;
#3171 = DIRECTION ( 'NONE',  ( 0.0000000000000000000, 0.0000000000000000000, 1.000000000000000000 ) ) ;
#3172 = EDGE_CURVE ( 'NONE', #934, #4515, #1094, .T. ) ;
#3173 = CARTESIAN_POINT ( 'NONE',  ( -9.977753031397178063, -34.18083139256186342, -17.33333333333333570 ) ) ;
#3174 = AXIS2_PLACEMENT_3D ( 'NONE', #7617, #4257, #4358 ) ;
#3175 = CARTESIAN_POINT ( 'NONE',  ( 7.638856039633915351, 19.42080843974722626, 2.000000000000005329 ) ) ;
#3176 = CARTESIAN_POINT ( 'NONE',  ( 34.48061228278506718, 20.11813772300484970, 2.499999999999999556 ) ) ;
#3177 = EDGE_LOOP ( 'NONE', ( #3902, #2065, #8318, #9896 ) ) ;
#3178 = ADVANCED_FACE ( 'NONE', ( #3451 ), #10701, .T. ) ;
#3179 = CARTESIAN_POINT ( 'NONE',  ( -47.47136413395558208, -8.921639532710566201, -17.00000000000000000 ) ) ;
#3180 = CARTESIAN_POINT ( 'NONE',  ( 0.0000000000000000000, 9.999999999999998224, 0.0000000000000000000 ) ) ;
#3181 = CARTESIAN_POINT ( 'NONE',  ( 0.0000000000000000000, 0.0000000000000000000, -6.099999999999999645 ) ) ;
#3182 = CARTESIAN_POINT ( 'NONE',  ( 0.01055556052338981095, 4.575665857285978078, 2.074714256722482997 ) ) ;
#3183 = CARTESIAN_POINT ( 'NONE',  ( -33.87316485015981016, -22.19999999999999574, 16.00000000000000000 ) ) ;
#3184 = B_SPLINE_CURVE_WITH_KNOTS ( 'NONE', 3,
 ( #5913, #5861, #3317, #5060, #6763, #1791 ),
 .UNSPECIFIED., .F., .F.,
 ( 4, 2, 4 ),
 ( 0.008070708573309217163, 0.009531758523483292722, 0.01099280847365736655 ),
 .UNSPECIFIED. ) ;
#3185 = EDGE_CURVE ( 'NONE', #3682, #7108, #10167, .T. ) ;
#3186 = CYLINDRICAL_SURFACE ( 'NONE', #2434, 5.000000000000000000 ) ;
#3187 = AXIS2_PLACEMENT_3D ( 'NONE', #2252, #8071, #2283 ) ;
#3188 = CARTESIAN_POINT ( 'NONE',  ( -5.000000000000000000, 2.886751345948122882, -6.099999999999999645 ) ) ;
#3189 = LINE ( 'NONE', #2382, #2284 ) ;
#3190 = EDGE_CURVE ( 'NONE', #5796, #1026, #5297, .T. ) ;
#3191 = FACE_OUTER_BOUND ( 'NONE', #3434, .T. ) ;
#3192 = DIRECTION ( 'NONE',  ( 1.000000000000000000, 0.0000000000000000000, 0.0000000000000000000 ) ) ;
#3193 = CARTESIAN_POINT ( 'NONE',  ( 0.0000000000000000000, 0.0000000000000000000, -13.50000000000000000 ) ) ;
#3194 = CARTESIAN_POINT ( 'NONE',  ( -48.57583265857833510, -5.819069231174260892, 16.00000000000000000 ) ) ;
#3195 = CARTESIAN_POINT ( 'NONE',  ( 1.931693927003814893E-15, 0.7367339822379570524, 15.77347793950660204 ) ) ;
#3196 = ORIENTED_EDGE ( 'NONE', *, *, #9901, .T. ) ;
#3197 = DIRECTION ( 'NONE',  ( -0.0000000000000000000, -1.000000000000000000, -0.0000000000000000000 ) ) ;
#3198 = DIRECTION ( 'NONE',  ( 0.0000000000000000000, -1.000000000000000000, 0.0000000000000000000 ) ) ;
#3199 = EDGE_CURVE ( 'NONE', #6231, #7389, #9289, .T. ) ;
#3200 = DIRECTION ( 'NONE',  ( -0.0000000000000000000, -1.000000000000000000, -0.0000000000000000000 ) ) ;
#3201 = VECTOR ( 'NONE', #3502, 1000.000000000000000 ) ;
#3202 = VECTOR ( 'NONE', #5640, 1000.000000000000000 ) ;
#3203 = CARTESIAN_POINT ( 'NONE',  ( -12.00000000000000355, -5.000000000000000888, 16.00000000000000000 ) ) ;
#3204 = CARTESIAN_POINT ( 'NONE',  ( 5.000000000000000000, -2.316617955123385197, -4.012499999999997513 ) ) ;
#3205 = PRODUCT_DEFINITION_SHAPE ( 'NONE', 'NONE',  #10742 ) ;
#3206 = DIRECTION ( 'NONE',  ( 1.000000000000000000, 0.0000000000000000000, -0.0000000000000000000 ) ) ;
#3207 = EDGE_CURVE ( 'NONE', #3626, #2820, #7595, .T. ) ;
#3208 = CARTESIAN_POINT ( 'NONE',  ( -46.30940107675852602, -10.00000000000000178, -17.00000000000000000 ) ) ;
#3209 = CIRCLE ( 'NONE', #8247, 1.000000000000000888 ) ;
#3210 = SURFACE_SIDE_STYLE ('',( #1671 ) ) ;
#3211 = DIRECTION ( 'NONE',  ( -0.0000000000000000000, 1.000000000000000000, -0.0000000000000000000 ) ) ;
#3212 = VERTEX_POINT ( 'NONE', #9039 ) ;
#3213 = CIRCLE ( 'NONE', #2321, 9.999999999999998224 ) ;
#3214 = ADVANCED_FACE ( 'NONE', ( #10300 ), #7464, .T. ) ;
#3215 = AXIS2_PLACEMENT_3D ( 'NONE', #9134, #1735, #9206 ) ;
#3216 = AXIS2_PLACEMENT_3D ( 'NONE', #10257, #8619, #2043 ) ;
#3217 = EDGE_LOOP ( 'NONE', ( #5037, #8937, #3096 ) ) ;
#3218 = CARTESIAN_POINT ( 'NONE',  ( 0.0000000000000000000, 0.0000000000000000000, 0.0000000000000000000 ) ) ;
#3219 = CARTESIAN_POINT ( 'NONE',  ( 3.500000000000000000, 0.0000000000000000000, 0.0000000000000000000 ) ) ;
#3220 = CYLINDRICAL_SURFACE ( 'NONE', #7099, 2.499999999999998668 ) ;
#3221 = ORIENTED_EDGE ( 'NONE', *, *, #8394, .F. ) ;
#3222 = ORIENTED_EDGE ( 'NONE', *, *, #9662, .F. ) ;
#3223 = ORIENTED_EDGE ( 'NONE', *, *, #4948, .F. ) ;
#3224 = EDGE_CURVE ( 'NONE', #3740, #7759, #1771, .T. ) ;
#3225 = CARTESIAN_POINT ( 'NONE',  ( -30.86602540378445525, -1.500000000000012657, -13.99999999999999467 ) ) ;
#3226 = VERTEX_POINT ( 'NONE', #10651 ) ;
#3227 = ADVANCED_FACE ( 'NONE', ( #9821 ), #9416, .T. ) ;
#3228 = ADVANCED_FACE ( 'NONE', ( #5905 ), #780, .T. ) ;
#3229 = CARTESIAN_POINT ( 'NONE',  ( 2.074714256722485217, -4.575665857285987848, -6.089444439476605631 ) ) ;
#3230 = ORIENTED_EDGE ( 'NONE', *, *, #1803, .F. ) ;
#3231 = CARTESIAN_POINT ( 'NONE',  ( 14.59274161015280669, 0.0000000000000000000, -13.68782314604820272 ) ) ;
#3232 = CARTESIAN_POINT ( 'NONE',  ( -45.46956002651344164, -15.36003117112892724, 16.00000000000000000 ) ) ;
#3233 = DIRECTION ( 'NONE',  ( -1.000000000000000000, 0.0000000000000000000, 0.0000000000000000000 ) ) ;
#3234 = PRODUCT_DEFINITION ( 'UNKNOWN', '', #7662, #81 ) ;
#3235 = PRODUCT_CONTEXT ( 'NONE', #783, 'mechanical' ) ;
#3236 = DIRECTION ( 'NONE',  ( 0.0000000000000000000, 0.0000000000000000000, 1.000000000000000000 ) ) ;
#3237 = ORIENTED_EDGE ( 'NONE', *, *, #7292, .F. ) ;
#3238 = ORIENTED_EDGE ( 'NONE', *, *, #10408, .F. ) ;
#3239 = VERTEX_POINT ( 'NONE', #7299 ) ;
#3240 = SURFACE_STYLE_USAGE ( .BOTH. , #8198 ) ;
#3241 = CARTESIAN_POINT ( 'NONE',  ( 39.56559728858131564, 22.01392394249764806, 25.50105411733580496 ) ) ;
#3242 = CARTESIAN_POINT ( 'NONE',  ( 0.0000000000000000000, 0.0000000000000000000, 0.0000000000000000000 ) ) ;
#3243 = CONICAL_SURFACE ( 'NONE', #5871, 5.000000000000000888, 1.047197551196596299 ) ;
#3244 = ORIENTED_EDGE ( 'NONE', *, *, #8962, .T. ) ;
#3245 = SURFACE_STYLE_FILL_AREA ( #10438 ) ;
#3246 = ORIENTED_EDGE ( 'NONE', *, *, #9705, .T. ) ;
#3247 = ORIENTED_EDGE ( 'NONE', *, *, #5487, .T. ) ;
#3248 = ORIENTED_EDGE ( 'NONE', *, *, #5646, .F. ) ;
#3249 =( LENGTH_UNIT ( ) NAMED_UNIT ( * ) SI_UNIT ( .MILLI., .METRE. ) );
#3250 = DIRECTION ( 'NONE',  ( -0.0000000000000000000, 0.0000000000000000000, -1.000000000000000000 ) ) ;
#3251 = EDGE_CURVE ( 'NONE', #2312, #895, #4654, .T. ) ;
#3252 = DIRECTION ( 'NONE',  ( 0.0000000000000000000, 0.0000000000000000000, -1.000000000000000000 ) ) ;
#3253 = EDGE_LOOP ( 'NONE', ( #1405, #2973, #905, #6841 ) ) ;
#3254 = CARTESIAN_POINT ( 'NONE',  ( 5.000000000000000000, 2.886751345948125991, -6.099999999999999645 ) ) ;
#3255 = DIRECTION ( 'NONE',  ( 0.0000000000000000000, 1.000000000000000000, 0.0000000000000000000 ) ) ;
#3256 = DIRECTION ( 'NONE',  ( 0.0000000000000000000, 0.0000000000000000000, -1.000000000000000000 ) ) ;
#3257 = B_SPLINE_CURVE_WITH_KNOTS ( 'NONE', 3,
 ( #5651, #9730, #656, #8073, #7281, #8139, #3111, #8904 ),
 .UNSPECIFIED., .F., .F.,
 ( 4, 2, 2, 4 ),
 ( 0.002921158011986722900, 0.003648658599403075721, 0.004376159186819427241, 0.005831160361652130281 ),
 .UNSPECIFIED. ) ;
#3258 = ORIENTED_EDGE ( 'NONE', *, *, #933, .F. ) ;
#3259 = FACE_OUTER_BOUND ( 'NONE', #9648, .T. ) ;
#3260 = DIRECTION ( 'NONE',  ( -0.4553740929004729265, 0.0000000000000000000, 0.8903001940441614970 ) ) ;
#3261 = DIRECTION ( 'NONE',  ( 0.0000000000000000000, 0.0000000000000000000, 1.000000000000000000 ) ) ;
#3262 = VECTOR ( 'NONE', #2071, 1000.000000000000000 ) ;
#3263 = ORIENTED_EDGE ( 'NONE', *, *, #3105, .T. ) ;
#3264 = EDGE_CURVE ( 'NONE', #8334, #10027, #7340, .T. ) ;
#3265 = EDGE_CURVE ( 'NONE', #9997, #9583, #9683, .T. ) ;
#3266 = ORIENTED_EDGE ( 'NONE', *, *, #1742, .T. ) ;
#3267 = AXIS2_PLACEMENT_3D ( 'NONE', #8598, #9462, #8674 ) ;
#3268 = DIRECTION ( 'NONE',  ( 0.0000000000000000000, 0.0000000000000000000, -1.000000000000000000 ) ) ;
#3269 = CARTESIAN_POINT ( 'NONE',  ( -21.49920583820770759, 10.00000000000000000, 11.00000000000000711 ) ) ;
#3270 = CARTESIAN_POINT ( 'NONE',  ( -12.00000000000000355, -35.00000000000000000, 14.00000000000000000 ) ) ;
#3271 = CYLINDRICAL_SURFACE ( 'NONE', #1048, 27.38338016777126782 ) ;
#3272 = ADVANCED_FACE ( 'NONE', ( #3191 ), #9535, .T. ) ;
#3273 = DIRECTION ( 'NONE',  ( 0.0000000000000000000, 0.0000000000000000000, -1.000000000000000000 ) ) ;
#3274 = APPLICATION_CONTEXT ( 'automotive_design' ) ;
#3275 = CARTESIAN_POINT ( 'NONE',  ( 39.26439155837419293, 0.0000000000000000000, -0.0000000000000000000 ) ) ;
#3276 = VERTEX_POINT ( 'NONE', #9258 ) ;
#3277 = CARTESIAN_POINT ( 'NONE',  ( -18.06039371099786095, -25.00000000000000000, -20.00000000000000355 ) ) ;
#3278 = EDGE_LOOP ( 'NONE', ( #3906, #8795, #9543, #8016 ) ) ;
#3279 = EDGE_CURVE ( 'NONE', #7376, #869, #1235, .T. ) ;
#3280 = CARTESIAN_POINT ( 'NONE',  ( 0.0000000000000000000, 0.0000000000000000000, 0.0000000000000000000 ) ) ;
#3281 = EDGE_LOOP ( 'NONE', ( #1263, #3010, #676, #2326, #8942 ) ) ;
#3282 = EDGE_LOOP ( 'NONE', ( #8982, #1511, #7425, #114, #6506 ) ) ;
#3283 = DIRECTION ( 'NONE',  ( -1.000000000000000000, -0.0000000000000000000, -0.0000000000000000000 ) ) ;
#3284 = SPHERICAL_SURFACE ( 'NONE', #6550, 1.000000000000000000 ) ;
#3285 = DIRECTION ( 'NONE',  ( -1.000000000000000000, 0.0000000000000000000, 0.0000000000000000000 ) ) ;
#3286 = CARTESIAN_POINT ( 'NONE',  ( 8.610318235031920509, 19.11813772300486747, 0.0000000000000000000 ) ) ;
#3287 = AXIS2_PLACEMENT_3D ( 'NONE', #5668, #5711, #1847 ) ;
#3288 = AXIS2_PLACEMENT_3D ( 'NONE', #7092, #5538, #4738 ) ;
#3289 = ADVANCED_FACE ( 'NONE', ( #5140 ), #4465, .T. ) ;
#3290 = ADVANCED_FACE ( 'NONE', ( #7073 ), #738, .F. ) ;
#3291 =( NAMED_UNIT ( * ) PLANE_ANGLE_UNIT ( ) SI_UNIT ( $, .RADIAN. ) );
#3292 = ORIENTED_EDGE ( 'NONE', *, *, #3537, .T. ) ;
#3293 = DIRECTION ( 'NONE',  ( -1.000000000000000000, -0.0000000000000000000, -0.0000000000000000000 ) ) ;
#3294 = PLANE ( 'NONE',  #4088 ) ;
#3295 = DIRECTION ( 'NONE',  ( 0.0000000000000000000, 0.0000000000000000000, -1.000000000000000000 ) ) ;
#3296 = CARTESIAN_POINT ( 'NONE',  ( -25.69999999999999929, 0.0000000000000000000, -8.000000000000000000 ) ) ;
#3297 = SHAPE_REPRESENTATION ( 'A312 Колесо с тормозом O35 М10х20', ( #951, #5243, #4467, #9491, #2049, #7264, #8019, #8563, #10426, #9712, #3580 ), #6139 ) ;
#3298 = DIRECTION ( 'NONE',  ( -0.08956406980272263452, -0.9959810627719650755, 0.0000000000000000000 ) ) ;
#3299 = TOROIDAL_SURFACE ( 'NONE', #7176, 9.000000000000000000, 2.000000000000000000 ) ;
#3300 = SPHERICAL_SURFACE ( 'NONE', #3473, 1.000000000000000000 ) ;
#3301 =( GEOMETRIC_REPRESENTATION_CONTEXT ( 3 ) GLOBAL_UNCERTAINTY_ASSIGNED_CONTEXT ( ( #5364 ) ) GLOBAL_UNIT_ASSIGNED_CONTEXT ( ( #5294, #10203, #1993 ) ) REPRESENTATION_CONTEXT ( 'NONE', 'WORKASPACE' ) );
#3302 = VERTEX_POINT ( 'NONE', #10112 ) ;
#3303 = CARTESIAN_POINT ( 'NONE',  ( 0.0000000000000000000, 0.0000000000000000000, 10.49999999999999822 ) ) ;
#3304 = DIRECTION ( 'NONE',  ( 0.0000000000000000000, 1.000000000000000000, -0.0000000000000000000 ) ) ;
#3305 = FACE_OUTER_BOUND ( 'NONE', #5479, .T. ) ;
#3306 = APPLICATION_PROTOCOL_DEFINITION ( 'draft international standard', 'automotive_design', 1998, #9666 ) ;
#3307 = DIRECTION ( 'NONE',  ( -0.0000000000000000000, -0.0000000000000000000, 1.000000000000000000 ) ) ;
#3308 = CIRCLE ( 'NONE', #8511, 19.02062639683619594 ) ;
#3309 = ORIENTED_EDGE ( 'NONE', *, *, #7409, .T. ) ;
#3310 = CARTESIAN_POINT ( 'NONE',  ( 0.0000000000000000000, 6.877039440481507171, 0.0000000000000000000 ) ) ;
#3311 = DIRECTION ( 'NONE',  ( 0.0000000000000000000, 0.0000000000000000000, -1.000000000000000000 ) ) ;
#3312 = DIRECTION ( 'NONE',  ( 0.0000000000000000000, 0.0000000000000000000, -1.000000000000000000 ) ) ;
#3313 =( NAMED_UNIT ( * ) PLANE_ANGLE_UNIT ( ) SI_UNIT ( $, .RADIAN. ) );
#3314 = CARTESIAN_POINT ( 'NONE',  ( 6.395970796528010816, 20.72999999999999687, 1.139537798721115491 ) ) ;
#3315 = LINE ( 'NONE', #9807, #5779 ) ;
#3316 = VECTOR ( 'NONE', #958, 1000.000000000000000 ) ;
#3317 = CARTESIAN_POINT ( 'NONE',  ( -5.000000000000000888, 0.9828435001097638457, -6.056909652965541291 ) ) ;
#3318 = DIRECTION ( 'NONE',  ( -0.0000000000000000000, -0.0000000000000000000, 1.000000000000000000 ) ) ;
#3319 = ORIENTED_EDGE ( 'NONE', *, *, #554, .F. ) ;
#3320 = CARTESIAN_POINT ( 'NONE',  ( 2.712167343862820434, 4.207632145829747650, -6.100000000000004086 ) ) ;
#3321 = CARTESIAN_POINT ( 'NONE',  ( 7.511572993685817836E-16, -5.773502691896272410, -6.099999999999999645 ) ) ;
#3322 = FACE_OUTER_BOUND ( 'NONE', #7041, .T. ) ;
#3323 = EDGE_CURVE ( 'NONE', #9501, #6209, #2009, .T. ) ;
#3324 = EDGE_CURVE ( 'NONE', #10137, #9684, #8604, .T. ) ;
#3325 = FACE_BOUND ( 'NONE', #9897, .T. ) ;
#3327 = CIRCLE ( 'NONE', #6974, 1.000000000000000888 ) ;
#3326 = AXIS2_PLACEMENT_3D ( 'NONE', #10428, #4602, #5455 ) ;
#3328 = ORIENTED_EDGE ( 'NONE', *, *, #7093, .F. ) ;
#3329 = CARTESIAN_POINT ( 'NONE',  ( 39.26439155837419293, 20.47850743234435811, 0.0000000000000000000 ) ) ;
#3330 = ADVANCED_FACE ( 'NONE', ( #8886 ), #4222, .F. ) ;
#3331 = ADVANCED_FACE ( 'NONE', ( #325 ), #2546, .F. ) ;
#3332 = CARTESIAN_POINT ( 'NONE',  ( -19.66437834872205670, -0.3055333972623813787, -12.74087779803159570 ) ) ;
#3333 = VECTOR ( 'NONE', #3568, 1000.000000000000000 ) ;
#3334 = DIRECTION ( 'NONE',  ( -1.000000000000000000, -0.0000000000000000000, -0.0000000000000000000 ) ) ;
#3335 = CARTESIAN_POINT ( 'NONE',  ( -47.38067205787781688, -8.831631760512310692, 17.00000000000000000 ) ) ;
#3336 = CARTESIAN_POINT ( 'NONE',  ( -14.37156313651556694, 3.225955915145913622, -3.533488969450997885 ) ) ;
#3337 = FACE_OUTER_BOUND ( 'NONE', #5452, .T. ) ;
#3338 = CARTESIAN_POINT ( 'NONE',  ( 2.480228988863466988, 21.45055613879291556, 2.000000000000005329 ) ) ;
#3339 = EDGE_CURVE ( 'NONE', #5161, #9797, #6254, .T. ) ;
#3340 = AXIS2_PLACEMENT_3D ( 'NONE', #7789, #343, #1125 ) ;
#3341 = CARTESIAN_POINT ( 'NONE',  ( 6.651350249290356231, 20.72999999999999687, 27.00000000000000000 ) ) ;
#3342 = ORIENTED_EDGE ( 'NONE', *, *, #10199, .T. ) ;
#3343 = DIRECTION ( 'NONE',  ( 0.0000000000000000000, 0.0000000000000000000, -1.000000000000000000 ) ) ;
#3344 = CARTESIAN_POINT ( 'NONE',  ( -46.30940107675852602, -10.00000000000000178, 17.00000000000000000 ) ) ;
#3345 = PLANE ( 'NONE',  #6278 ) ;
#3346 = CIRCLE ( 'NONE', #2123, 1.000000000000000222 ) ;
#3347 = CARTESIAN_POINT ( 'NONE',  ( -19.28903571392737604, -0.6075962809019731514, -13.40798171843540665 ) ) ;
#3348 = EDGE_LOOP ( 'NONE', ( #8957, #770, #2522 ) ) ;
#3349 = EDGE_CURVE ( 'NONE', #9122, #3740, #597, .T. ) ;
#3350 = CARTESIAN_POINT ( 'NONE',  ( -46.30940107675852602, -10.00000000000000178, 17.00000000000000000 ) ) ;
#3351 = CARTESIAN_POINT ( 'NONE',  ( 43.00000000000000000, 22.03209181533656391, 28.00000000000000000 ) ) ;
#3352 = LINE ( 'NONE', #2365, #9204 ) ;
#3353 = PRESENTATION_STYLE_ASSIGNMENT (( #2726 ) ) ;
#3354 = PRESENTATION_LAYER_ASSIGNMENT (  '', '', ( #6896 ) ) ;
#3355 = ORIENTED_EDGE ( 'NONE', *, *, #4558, .T. ) ;
#3356 = CARTESIAN_POINT ( 'NONE',  ( 5.000000000000000000, 2.886751345948137981, -5.653418012614791266 ) ) ;
#3357 = VERTEX_POINT ( 'NONE', #2599 ) ;
#3358 = AXIS2_PLACEMENT_3D ( 'NONE', #9988, #5853, #56 ) ;
#3359 = CARTESIAN_POINT ( 'NONE',  ( 44.17200000000001836, 6.123233995736765296E-16, -4.999999999999999112 ) ) ;
#3360 = CARTESIAN_POINT ( 'NONE',  ( -48.57583265857833510, -5.819069231174260892, -16.00000000000000000 ) ) ;
#3361 = CARTESIAN_POINT ( 'NONE',  ( -46.90006220020956107, -4.000000000000000888, 15.89897948556635221 ) ) ;
#3362 = VERTEX_POINT ( 'NONE', #9370 ) ;
#3363 = EDGE_LOOP ( 'NONE', ( #4520, #4415, #5259, #10016 ) ) ;
#3364 = VERTEX_POINT ( 'NONE', #10246 ) ;
#3365 = EDGE_CURVE ( 'NONE', #8568, #1012, #1721, .T. ) ;
#3366 = FILL_AREA_STYLE ('',( #6609 ) ) ;
#3367 = ORIENTED_EDGE ( 'NONE', *, *, #1583, .F. ) ;
#3368 = ORIENTED_EDGE ( 'NONE', *, *, #2303, .T. ) ;
#3369 = VERTEX_POINT ( 'NONE', #2072 ) ;
#3370 = ORIENTED_EDGE ( 'NONE', *, *, #2831, .F. ) ;
#3371 = CARTESIAN_POINT ( 'NONE',  ( -16.91021053599879309, -0.2212920289473535862, -12.56677329731195059 ) ) ;
#3372 = CARTESIAN_POINT ( 'NONE',  ( -21.97505122568147939, 2.452046392830443455, 6.240288046239619746 ) ) ;
#3373 = PRODUCT_DEFINITION_FORMATION_WITH_SPECIFIED_SOURCE ( 'ANY', '', #9934, .NOT_KNOWN. ) ;
#3374 = PRODUCT_DEFINITION_CONTEXT ( 'detailed design', #9666, 'design' ) ;
#3375 = EDGE_CURVE ( 'NONE', #2199, #10524, #4674, .T. ) ;
#3376 = ORIENTED_EDGE ( 'NONE', *, *, #5091, .T. ) ;
#3377 =( BOUNDED_CURVE ( )  B_SPLINE_CURVE ( 3, ( #2646, #8385, #6729, #2570 ),
 .UNSPECIFIED., .F., .F. ) 
 B_SPLINE_CURVE_WITH_KNOTS ( ( 4, 4 ),
 ( 1.570796326794896780, 1.842940179039651349 ),
 .UNSPECIFIED. ) 
 CURVE ( )  GEOMETRIC_REPRESENTATION_ITEM ( )  RATIONAL_B_SPLINE_CURVE ( ( 1.000000000000000000, 0.9938376607176927502, 0.9938376607176927502, 1.000000000000000000 ) ) 
 REPRESENTATION_ITEM ( '' )  );
#3378 = DIRECTION ( 'NONE',  ( 1.000000000000000000, 0.0000000000000000000, 0.0000000000000000000 ) ) ;
#3379 = AXIS2_PLACEMENT_3D ( 'NONE', #4841, #3034, #3865 ) ;
#3380 = ORIENTED_EDGE ( 'NONE', *, *, #6078, .T. ) ;
#3381 = CARTESIAN_POINT ( 'NONE',  ( 18.97613226645720985, 0.0000000000000000000, 0.0000000000000000000 ) ) ;
#3382 = ORIENTED_EDGE ( 'NONE', *, *, #443, .F. ) ;
#3383 = FACE_OUTER_BOUND ( 'NONE', #8282, .T. ) ;
#3384 = CARTESIAN_POINT ( 'NONE',  ( 0.0000000000000000000, -25.66666666666665009, 20.00000000000000000 ) ) ;
#3385 = DIRECTION ( 'NONE',  ( 1.000000000000000000, -0.0000000000000000000, -1.347358039593636966E-16 ) ) ;
#3386 = CARTESIAN_POINT ( 'NONE',  ( -48.04003200415749575, -7.343744156635383824, 16.50000000000000000 ) ) ;
#3387 = CARTESIAN_POINT ( 'NONE',  ( 8.788349632960986924, 3.226023196415221950, -9.521141061632224734 ) ) ;
#3388 = DIRECTION ( 'NONE',  ( 0.8775487755845257087, 0.0000000000000000000, -0.4794873788433848816 ) ) ;
#3389 = DIRECTION ( 'NONE',  ( -0.0000000000000000000, -0.5000000000000011102, -0.8660254037844379305 ) ) ;
#3390 = LINE ( 'NONE', #819, #9764 ) ;
#3391 = ORIENTED_EDGE ( 'NONE', *, *, #3224, .T. ) ;
#3392 = ADVANCED_FACE ( 'NONE', ( #4943 ), #3920, .F. ) ;
#3393 = CIRCLE ( 'NONE', #8353, 1.000000000000000000 ) ;
#3394 = ADVANCED_FACE ( 'NONE', ( #5844 ), #7287, .F. ) ;
#3395 = ORIENTED_EDGE ( 'NONE', *, *, #3402, .F. ) ;
#3396 = VERTEX_POINT ( 'NONE', #333 ) ;
#3397 = EDGE_CURVE ( 'NONE', #6491, #2096, #9858, .T. ) ;
#3398 = DIRECTION ( 'NONE',  ( 0.0000000000000000000, 0.0000000000000000000, -1.000000000000000000 ) ) ;
#3399 = CARTESIAN_POINT ( 'NONE',  ( -49.22070958161015852, -6.246763691215471148, -16.00000000000000000 ) ) ;
#3400 = EDGE_LOOP ( 'NONE', ( #176, #1537, #3155, #155 ) ) ;
#3401 = DIRECTION ( 'NONE',  ( 1.000000000000000000, 0.0000000000000000000, 0.0000000000000000000 ) ) ;
#3402 = EDGE_CURVE ( 'NONE', #5292, #1673, #537, .T. ) ;
#3403 = SHAPE_REPRESENTATION ( 'socket head cap screw_din_DIN 912 M10 x 35 --- 35N', ( #8615 ), #10149 ) ;
#3404 = ORIENTED_EDGE ( 'NONE', *, *, #3397, .F. ) ;
#3405 = VERTEX_POINT ( 'NONE', #3673 ) ;
#3406 = VERTEX_POINT ( 'NONE', #10313 ) ;
#3407 = VECTOR ( 'NONE', #6490, 1000.000000000000000 ) ;
#3408 = CARTESIAN_POINT ( 'NONE',  ( -52.30940107675851891, 0.0000000000000000000, -20.00000000000000355 ) ) ;
#3409 = EDGE_CURVE ( 'NONE', #5622, #4377, #2743, .T. ) ;
#3410 = CARTESIAN_POINT ( 'NONE',  ( -19.26503797456832601, -0.6456736983682369591, -13.46124862722129478 ) ) ;
#3411 = DIRECTION ( 'NONE',  ( -1.000000000000000000, -0.0000000000000000000, -0.0000000000000000000 ) ) ;
#3412 = ORIENTED_EDGE ( 'NONE', *, *, #9616, .F. ) ;
#3413 = CARTESIAN_POINT ( 'NONE',  ( -6.433346771936903075, 0.0000000000000000000, 21.91930930899454211 ) ) ;
#3414 = ORIENTED_EDGE ( 'NONE', *, *, #7458, .F. ) ;
#3415 = CARTESIAN_POINT ( 'NONE',  ( -49.22070958161015852, -6.246763691215470260, -16.00000000000000000 ) ) ;
#3416 = ORIENTED_EDGE ( 'NONE', *, *, #2571, .T. ) ;
#3417 = CIRCLE ( 'NONE', #6738, 5.000000000000000000 ) ;
#3418 = EDGE_CURVE ( 'NONE', #2232, #10252, #1178, .T. ) ;
#3419 = DIRECTION ( 'NONE',  ( -0.0000000000000000000, 0.0000000000000000000, -1.000000000000000000 ) ) ;
#3420 = CARTESIAN_POINT ( 'NONE',  ( -1.482093843553000810E-15, 0.0000000000000000000, 11.00000000000000178 ) ) ;
#3421 = CARTESIAN_POINT ( 'NONE',  ( -47.17464862010623250, -8.671823601036876994, 17.00000000000000000 ) ) ;
#3422 = DIRECTION ( 'NONE',  ( -0.0000000000000000000, 0.0000000000000000000, -1.000000000000000000 ) ) ;
#3423 = CARTESIAN_POINT ( 'NONE',  ( 2.204364238465235822E-15, -35.00000000000000000, -18.00000000000000355 ) ) ;
#3424 = AXIS2_PLACEMENT_3D ( 'NONE', #5097, #1758, #8413 ) ;
#3425 = ORIENTED_EDGE ( 'NONE', *, *, #5894, .F. ) ;
#3426 = DIRECTION ( 'NONE',  ( 0.0000000000000000000, -0.0000000000000000000, 1.000000000000000000 ) ) ;
#3427 = AXIS2_PLACEMENT_3D ( 'NONE', #8250, #700, #4125 ) ;
#3428 = CARTESIAN_POINT ( 'NONE',  ( -25.69999999999999929, 1.500000000000000000, 8.000000000000000000 ) ) ;
#3429 = CIRCLE ( 'NONE', #1249, 5.000000000000000888 ) ;
#3430 = FACE_OUTER_BOUND ( 'NONE', #8523, .T. ) ;
#3431 = CARTESIAN_POINT ( 'NONE',  ( -52.30940107675851891, -10.20000000000000107, -15.99999999999999289 ) ) ;
#3432 = CARTESIAN_POINT ( 'NONE',  ( 9.000000000000000000, 0.0000000000000000000, -7.500000000000000000 ) ) ;
#3433 = CARTESIAN_POINT ( 'NONE',  ( -45.43751802133127882, -8.513618771524454232, -17.00000000000000000 ) ) ;
#3434 = EDGE_LOOP ( 'NONE', ( #8692, #10601, #8068, #6656, #6607, #8637, #9982 ) ) ;
#3435 = DIRECTION ( 'NONE',  ( -0.0000000000000000000, -0.0000000000000000000, -1.000000000000000000 ) ) ;
#3436 = SHAPE_REPRESENTATION ( 'hex bolt gradeab_din_DIN EN 24014 - M6 x 40 x 18-N', ( #8615 ), #673 ) ;
#3437 = UNCERTAINTY_MEASURE_WITH_UNIT (LENGTH_MEASURE( 1.000000000000000082E-05 ), #3083, 'distance_accuracy_value', 'NONE');
#3438 =( GEOMETRIC_REPRESENTATION_CONTEXT ( 3 ) GLOBAL_UNCERTAINTY_ASSIGNED_CONTEXT ( ( #5828 ) ) GLOBAL_UNIT_ASSIGNED_CONTEXT ( ( #9401, #330, #267 ) ) REPRESENTATION_CONTEXT ( 'NONE', 'WORKASPACE' ) );
#3439 = CARTESIAN_POINT ( 'NONE',  ( -14.50000000000000533, 1.775737858763662804E-15, 10.49999999999999822 ) ) ;
#3440 = AXIS2_PLACEMENT_3D ( 'NONE', #3428, #1695, #9242 ) ;
#3441 = ADVANCED_FACE ( 'NONE', ( #9635 ), #7779, .T. ) ;
#3442 = ADVANCED_FACE ( 'NONE', ( #10238 ), #5198, .F. ) ;
#3443 = CARTESIAN_POINT ( 'NONE',  ( 33.69485974840338116, 19.73667871171356225, 28.00000000000000000 ) ) ;
#3444 = CIRCLE ( 'NONE', #10242, 27.38338016777126782 ) ;
#3445 = DIRECTION ( 'NONE',  ( -1.000000000000000000, -0.0000000000000000000, -0.0000000000000000000 ) ) ;
#3446 = DIRECTION ( 'NONE',  ( -1.000000000000000000, 0.0000000000000000000, 1.347358039593636966E-16 ) ) ;
#3447 = CARTESIAN_POINT ( 'NONE',  ( 2.525603976908830539, 4.000000000000000000, -5.450515040205935691 ) ) ;
#3448 = CARTESIAN_POINT ( 'NONE',  ( 0.3106000600989261007, 3.122278952918442929, -4.592054218142291866 ) ) ;
#3449 = FACE_OUTER_BOUND ( 'NONE', #3764, .T. ) ;
#3450 = FACE_BOUND ( 'NONE', #8432, .T. ) ;
#3451 = FACE_OUTER_BOUND ( 'NONE', #9252, .T. ) ;
#3452 = CARTESIAN_POINT ( 'NONE',  ( 27.94734990167305000, 10.69999999999999929, 0.0000000000000000000 ) ) ;
#3453 = DIRECTION ( 'NONE',  ( 1.000000000000000000, 0.0000000000000000000, -0.0000000000000000000 ) ) ;
#3454 = DIRECTION ( 'NONE',  ( 0.0000000000000000000, 0.0000000000000000000, -1.000000000000000000 ) ) ;
#3455 = EDGE_CURVE ( 'NONE', #9757, #8550, #5463, .T. ) ;
#3456 = VERTEX_POINT ( 'NONE', #1997 ) ;
#3457 = AXIS2_PLACEMENT_3D ( 'NONE', #3871, #10489, #2875 ) ;
#3458 =( NAMED_UNIT ( * ) SI_UNIT ( $, .STERADIAN. ) SOLID_ANGLE_UNIT ( ) );
#3459 = DIRECTION ( 'NONE',  ( -0.8775487755845255977, 0.0000000000000000000, 0.4794873788433851036 ) ) ;
#3460 = CARTESIAN_POINT ( 'NONE',  ( 3.372500267112783057, 4.000000000000000000, -4.962483445647372982 ) ) ;
#3461 = ITEM_DEFINED_TRANSFORMATION ( 'NONE', 'NONE', #10426,  #8615 ) ;
#3462 = CIRCLE ( 'NONE', #4612, 31.26025732058002049 ) ;
#3463 = DIRECTION ( 'NONE',  ( -0.0000000000000000000, -0.0000000000000000000, 1.000000000000000000 ) ) ;
#3464 = DIRECTION ( 'NONE',  ( -0.7071067811865456854, 0.0000000000000000000, 0.7071067811865493491 ) ) ;
#3465 = FACE_OUTER_BOUND ( 'NONE', #2062, .T. ) ;
#3466 = CIRCLE ( 'NONE', #1951, 5.999999999999998224 ) ;
#3467 = ORIENTED_EDGE ( 'NONE', *, *, #140, .T. ) ;
#3468 = DIRECTION ( 'NONE',  ( -0.0000000000000000000, -1.000000000000000000, -0.0000000000000000000 ) ) ;
#3469 = DIRECTION ( 'NONE',  ( -1.000000000000000000, 0.0000000000000000000, 1.347358039593636966E-16 ) ) ;
#3470 = EDGE_CURVE ( 'NONE', #3875, #721, #6232, .T. ) ;
#3471 = SHAPE_REPRESENTATION ( 'Защита_00', ( #8615 ), #3301 ) ;
#3472 = EDGE_CURVE ( 'NONE', #8513, #9187, #7285, .T. ) ;
#3473 = AXIS2_PLACEMENT_3D ( 'NONE', #2878, #6113, #2059 ) ;
#3474 = VECTOR ( 'NONE', #9138, 1000.000000000000000 ) ;
#3475 = ORIENTED_EDGE ( 'NONE', *, *, #71, .F. ) ;
#3476 = CARTESIAN_POINT ( 'NONE',  ( 0.0000000000000000000, 3.803076006814065657, -4.985276673768730404 ) ) ;
#3477 = CARTESIAN_POINT ( 'NONE',  ( 9.527959006434613798, 19.62794232844072440, 1.629248731518438298 ) ) ;
#3478 = ORIENTED_EDGE ( 'NONE', *, *, #10595, .F. ) ;
#3479 = ORIENTED_EDGE ( 'NONE', *, *, #5535, .T. ) ;
#3480 = CARTESIAN_POINT ( 'NONE',  ( -6.433346771936903075, 2.452046392830443455, 21.91930930899453855 ) ) ;
#3481 = EDGE_CURVE ( 'NONE', #4518, #4141, #5070, .T. ) ;
#3482 = EDGE_LOOP ( 'NONE', ( #7627, #5933, #2714, #2100 ) ) ;
#3483 = EDGE_LOOP ( 'NONE', ( #5820, #3638, #1913, #3309, #279 ) ) ;
#3484 = FACE_BOUND ( 'NONE', #5938, .T. ) ;
#3485 = AXIS2_PLACEMENT_3D ( 'NONE', #3408, #9903, #4927 ) ;
#3486 = AXIS2_PLACEMENT_3D ( 'NONE', #1160, #4488, #371 ) ;
#3487 = ORIENTED_EDGE ( 'NONE', *, *, #4367, .T. ) ;
#3488 = ORIENTED_EDGE ( 'NONE', *, *, #461, .T. ) ;
#3489 = CARTESIAN_POINT ( 'NONE',  ( -35.19615242270663913, -3.999999999999998224, -13.99999999999999645 ) ) ;
#3490 =( NAMED_UNIT ( * ) SI_UNIT ( $, .STERADIAN. ) SOLID_ANGLE_UNIT ( ) );
#3491 = CARTESIAN_POINT ( 'NONE',  ( 0.0000000000000000000, 7.999999999999998224, 0.0000000000000000000 ) ) ;
#3492 = ORIENTED_EDGE ( 'NONE', *, *, #2681, .F. ) ;
#3493 = DIRECTION ( 'NONE',  ( -1.000000000000000000, 0.0000000000000000000, 0.0000000000000000000 ) ) ;
#3494 = FILL_AREA_STYLE_COLOUR ( '', #7235 ) ;
#3495 = VECTOR ( 'NONE', #57, 1000.000000000000000 ) ;
#3496 = ORIENTED_EDGE ( 'NONE', *, *, #6535, .F. ) ;
#3497 = CARTESIAN_POINT ( 'NONE',  ( 3.500000000000000000, 2.886751345948122438, -5.000000000000000000 ) ) ;
#3498 = ADVANCED_FACE ( 'NONE', ( #6503 ), #6378, .T. ) ;
#3499 = VERTEX_POINT ( 'NONE', #1329 ) ;
#3500 = VERTEX_POINT ( 'NONE', #8900 ) ;
#3501 = CARTESIAN_POINT ( 'NONE',  ( 40.26439155837419293, 21.05655294009384804, 2.000000000000000000 ) ) ;
#3502 = DIRECTION ( 'NONE',  ( -0.0000000000000000000, -0.0000000000000000000, 1.000000000000000000 ) ) ;
#3503 = CARTESIAN_POINT ( 'NONE',  ( -9.895563042734085712, -34.18090774217215255, -15.05880134423384753 ) ) ;
#3504 = ORIENTED_EDGE ( 'NONE', *, *, #768, .F. ) ;
#3505 = AXIS2_PLACEMENT_3D ( 'NONE', #345, #6137, #1173 ) ;
#3506 = CARTESIAN_POINT ( 'NONE',  ( -47.96591340435278283, -10.47484326596670989, -17.00000000000000000 ) ) ;
#3507 = LINE ( 'NONE', #8063, #7891 ) ;
#3508 = DIRECTION ( 'NONE',  ( 0.0000000000000000000, 0.0000000000000000000, 1.000000000000000000 ) ) ;
#3509 = DIRECTION ( 'NONE',  ( -1.000000000000000000, 0.0000000000000000000, 0.0000000000000000000 ) ) ;
#3510 = ORIENTED_EDGE ( 'NONE', *, *, #5816, .F. ) ;
#3511 = VERTEX_POINT ( 'NONE', #2128 ) ;
#3512 = CARTESIAN_POINT ( 'NONE',  ( 0.0000000000000000000, 0.7367339822379570524, 0.0000000000000000000 ) ) ;
#3513 = CARTESIAN_POINT ( 'NONE',  ( -1.443735181952769286, 4.939961795957295010, -6.018341802876228996 ) ) ;
#3514 = ORIENTED_EDGE ( 'NONE', *, *, #846, .F. ) ;
#3515 = MANIFOLD_SOLID_BREP ( 'EndChamfer', #8275 ) ;
#3516 = CYLINDRICAL_SURFACE ( 'NONE', #8485, 20.00000000000000000 ) ;
#3517 = ORIENTED_EDGE ( 'NONE', *, *, #4412, .F. ) ;
#3518 = CARTESIAN_POINT ( 'NONE',  ( -10.95073685899572169, 0.01224048530051119292, -16.73943108189772033 ) ) ;
#3519 = CARTESIAN_POINT ( 'NONE',  ( -48.90541538820878031, -6.015664712233888878, -16.00000000000000000 ) ) ;
#3520 = ORIENTED_EDGE ( 'NONE', *, *, #362, .T. ) ;
#3521 = CARTESIAN_POINT ( 'NONE',  ( 3.920962885853867874, 20.86658192818628876, 1.352329453044153640 ) ) ;
#3522 = CARTESIAN_POINT ( 'NONE',  ( 5.000000000000000000, 2.886751345948125991, -6.099999999999999645 ) ) ;
#3523 = FACE_OUTER_BOUND ( 'NONE', #1810, .T. ) ;
#3524 = EDGE_CURVE ( 'NONE', #5984, #3993, #5427, .T. ) ;
#3525 = AXIS2_PLACEMENT_3D ( 'NONE', #6487, #8986, #3150 ) ;
#3526 = CIRCLE ( 'NONE', #5359, 2.500000000000002220 ) ;
#3527 = ORIENTED_EDGE ( 'NONE', *, *, #4307, .T. ) ;
#3528 = CARTESIAN_POINT ( 'NONE',  ( -24.25235012305798676, -27.00000000000000355, -21.71688605722899013 ) ) ;
#3529 = ORIENTED_EDGE ( 'NONE', *, *, #3592, .F. ) ;
#3530 = DIRECTION ( 'NONE',  ( 0.0000000000000000000, 0.0000000000000000000, -1.000000000000000000 ) ) ;
#3531 = CARTESIAN_POINT ( 'NONE',  ( -45.95630496707463664, -11.72993680440100128, 17.00000000000000000 ) ) ;
#3532 = DIRECTION ( 'NONE',  ( -0.0000000000000000000, -0.0000000000000000000, 1.000000000000000000 ) ) ;
#3533 = CYLINDRICAL_SURFACE ( 'NONE', #3287, 17.50000000000000355 ) ;
#3534 =( LENGTH_UNIT ( ) NAMED_UNIT ( * ) SI_UNIT ( .MILLI., .METRE. ) );
#3535 = DIRECTION ( 'NONE',  ( -1.347358039593636966E-16, 0.0000000000000000000, 1.000000000000000000 ) ) ;
#3536 = ORIENTED_EDGE ( 'NONE', *, *, #2670, .F. ) ;
#3537 = EDGE_CURVE ( 'NONE', #6874, #2768, #8515, .T. ) ;
#3538 = CARTESIAN_POINT ( 'NONE',  ( 39.90327250149929483, 21.83900523184325237, 2.167893165910145026 ) ) ;
#3539 = EDGE_CURVE ( 'NONE', #4515, #9660, #3869, .T. ) ;
#3540 = ORIENTED_EDGE ( 'NONE', *, *, #5284, .F. ) ;
#3541 = AXIS2_PLACEMENT_3D ( 'NONE', #2132, #2097, #2058 ) ;
#3542 = VERTEX_POINT ( 'NONE', #7947 ) ;
#3543 = CYLINDRICAL_SURFACE ( 'NONE', #5970, 1.000000000000000000 ) ;
#3544 = CARTESIAN_POINT ( 'NONE',  ( -23.91710310056112121, 1.734723475976807094E-15, -3.807942685285851336 ) ) ;
#3545 = DIRECTION ( 'NONE',  ( 1.000000000000000000, 0.0000000000000000000, 0.0000000000000000000 ) ) ;
#3546 = PLANE ( 'NONE',  #10637 ) ;
#3547 = EDGE_CURVE ( 'NONE', #3542, #2629, #6198, .T. ) ;
#3548 = VERTEX_POINT ( 'NONE', #10360 ) ;
#3549 = ADVANCED_FACE ( 'NONE', ( #7377 ), #5694, .T. ) ;
#3550 = AXIS2_PLACEMENT_3D ( 'NONE', #1496, #5666, #7303 ) ;
#3551 = AXIS2_PLACEMENT_3D ( 'NONE', #8074, #5475, #580 ) ;
#3552 = CARTESIAN_POINT ( 'NONE',  ( -13.42452713791266206, -1.831517535697658294, -15.15531535513937378 ) ) ;
#3553 = CIRCLE ( 'NONE', #8130, 5.399999999999999467 ) ;
#3554 = CARTESIAN_POINT ( 'NONE',  ( 0.0000000000000000000, 22.03209181533656746, 28.00000000000000000 ) ) ;
#3555 = DIRECTION ( 'NONE',  ( -1.000000000000000000, -0.0000000000000000000, -0.0000000000000000000 ) ) ;
#3556 = VECTOR ( 'NONE', #3113, 1000.000000000000000 ) ;
#3557 = EDGE_LOOP ( 'NONE', ( #6794, #6902, #5709, #3601, #10193, #10124, #2881, #1658, #5296, #5721, #7566, #5056, #3795, #924 ) ) ;
#3558 = CARTESIAN_POINT ( 'NONE',  ( 33.30262670985980122, 19.22823798145449459, 1.499999999999999556 ) ) ;
#3559 = EDGE_CURVE ( 'NONE', #6946, #895, #7867, .T. ) ;
#3560 = CARTESIAN_POINT ( 'NONE',  ( 2.836205516832972062, 22.38505103526629014, 24.99999999999999289 ) ) ;
#3561 = DIRECTION ( 'NONE',  ( -1.000000000000000000, -0.0000000000000000000, -0.0000000000000000000 ) ) ;
#3562 = CIRCLE ( 'NONE', #1870, 5.999999999999998224 ) ;
#3563 =( NAMED_UNIT ( * ) PLANE_ANGLE_UNIT ( ) SI_UNIT ( $, .RADIAN. ) );
#3564 = AXIS2_PLACEMENT_3D ( 'NONE', #1968, #5267, #10396 ) ;
#3565 = MECHANICAL_DESIGN_GEOMETRIC_PRESENTATION_REPRESENTATION (  '', ( #3627 ), #8751 ) ;
#3566 = ORIENTED_EDGE ( 'NONE', *, *, #7735, .T. ) ;
#3567 = LINE ( 'NONE', #4330, #4864 ) ;
#3568 = DIRECTION ( 'NONE',  ( -0.0000000000000000000, 0.0000000000000000000, -1.000000000000000000 ) ) ;
#3569 = ORIENTED_EDGE ( 'NONE', *, *, #5149, .T. ) ;
#3570 = PLANE ( 'NONE',  #6755 ) ;
#3571 = ADVANCED_BREP_SHAPE_REPRESENTATION ( '', ( #3515, #8615 ), #4393 ) ;
#3572 = EDGE_CURVE ( 'NONE', #38, #6105, #8013, .T. ) ;
#3573 = CARTESIAN_POINT ( 'NONE',  ( 0.0000000000000000000, -0.9956277796461907581, 0.0000000000000000000 ) ) ;
#3574 = CARTESIAN_POINT ( 'NONE',  ( 2.480228988863469652, 20.91258098738521909, 25.99999999999999645 ) ) ;
#3575 = CARTESIAN_POINT ( 'NONE',  ( -3.000000000000000000, 3.673940397442059868E-16, -25.03750572909317285 ) ) ;
#3576 = CARTESIAN_POINT ( 'NONE',  ( 10.00000000000000000, 8.000000000000000000, 0.0000000000000000000 ) ) ;
#3577 = FACE_OUTER_BOUND ( 'NONE', #416, .T. ) ;
#3578 = VECTOR ( 'NONE', #2443, 1000.000000000000000 ) ;
#3579 = VECTOR ( 'NONE', #9568, 1000.000000000000000 ) ;
#3580 = AXIS2_PLACEMENT_3D ( 'NONE', #2921, #8719, #3778 ) ;
#3581 = CARTESIAN_POINT ( 'NONE',  ( -30.57735026918964039, -1.000000000000004441, -13.99999999999999822 ) ) ;
#3582 = EDGE_CURVE ( 'NONE', #4652, #3456, #774, .T. ) ;
#3583 = AXIS2_PLACEMENT_3D ( 'NONE', #5300, #1161, #3743 ) ;
#3584 = CARTESIAN_POINT ( 'NONE',  ( 16.32025544699465058, 2.452347357060363997, -11.60230975315043622 ) ) ;
#3585 = CARTESIAN_POINT ( 'NONE',  ( -13.98599932249783961, -1.653144724850252878, -14.92816539400068443 ) ) ;
#3586 = DIRECTION ( 'NONE',  ( -0.0000000000000000000, -0.0000000000000000000, 1.000000000000000000 ) ) ;
#3587 = DIRECTION ( 'NONE',  ( 0.0000000000000000000, 0.0000000000000000000, -1.000000000000000000 ) ) ;
#3588 = TOROIDAL_SURFACE ( 'NONE', #7498, 7.000000000000000000, 1.000000000000000000 ) ;
#3589 = CARTESIAN_POINT ( 'NONE',  ( 36.60402920347198830, 31.73000000000000043, 3.000000000000000000 ) ) ;
#3590 = CARTESIAN_POINT ( 'NONE',  ( 5.133927344905569457E-07, 4.000000000000000000, -5.999775301698640817 ) ) ;
#3591 = TOROIDAL_SURFACE ( 'NONE', #2415, 12.42591725181291551, 4.731764117148970605 ) ;
#3592 = EDGE_CURVE ( 'NONE', #5644, #6890, #9726, .T. ) ;
#3593 = CARTESIAN_POINT ( 'NONE',  ( 58.25768616347284734, 0.4009282413531840006, 26.50000000000000000 ) ) ;
#3595 = CYLINDRICAL_SURFACE ( 'NONE', #9199, 5.000000000000000000 ) ;
#3594 = AXIS2_PLACEMENT_3D ( 'NONE', #5483, #8757, #10542 ) ;
#3596 = SURFACE_STYLE_USAGE ( .BOTH. , #6055 ) ;
#3597 = CARTESIAN_POINT ( 'NONE',  ( 33.69485974840337406, 19.73667871171356225, 0.0000000000000000000 ) ) ;
#3598 = DIRECTION ( 'NONE',  ( 0.0000000000000000000, -1.000000000000000000, 0.0000000000000000000 ) ) ;
#3599 = ADVANCED_FACE ( 'NONE', ( #2704 ), #8646, .T. ) ;
#3600 = CARTESIAN_POINT ( 'NONE',  ( 0.0000000000000000000, -6.000000000000000000, 6.000000000000000888 ) ) ;
#3601 = ORIENTED_EDGE ( 'NONE', *, *, #5272, .T. ) ;
#3602 = FACE_OUTER_BOUND ( 'NONE', #2352, .T. ) ;
#3603 = ORIENTED_EDGE ( 'NONE', *, *, #1086, .F. ) ;
#3604 = VERTEX_POINT ( 'NONE', #8985 ) ;
#3605 = CARTESIAN_POINT ( 'NONE',  ( -21.13861634366500653, 6.581810483956364800E-12, -3.368157949496278114 ) ) ;
#3606 = VERTEX_POINT ( 'NONE', #760 ) ;
#3607 = CARTESIAN_POINT ( 'NONE',  ( -49.22070958161013721, -6.246763691215460490, 16.00000000000000000 ) ) ;
#3608 = EDGE_CURVE ( 'NONE', #9868, #3637, #4263, .T. ) ;
#3609 = AXIS2_PLACEMENT_3D ( 'NONE', #2883, #1917, #6121 ) ;
#3610 = VERTEX_POINT ( 'NONE', #10667 ) ;
#3611 = CARTESIAN_POINT ( 'NONE',  ( -15.07403449259291328, -4.537970710620397696, -15.97931145517686780 ) ) ;
#3612 = SHAPE_REPRESENTATION_RELATIONSHIP ( 'NONE' , 'NONE' ,  #3436, #2648 ) ;
#3613 = ORIENTED_EDGE ( 'NONE', *, *, #7111, .T. ) ;
#3614 = DIRECTION ( 'NONE',  ( 1.000000000000000000, 0.0000000000000000000, -1.224646799147353207E-16 ) ) ;
#3615 = ORIENTED_EDGE ( 'NONE', *, *, #5626, .T. ) ;
#3616 = DIRECTION ( 'NONE',  ( 1.000000000000000000, 0.0000000000000000000, 0.0000000000000000000 ) ) ;
#3617 = ORIENTED_EDGE ( 'NONE', *, *, #8221, .T. ) ;
#3618 = ORIENTED_EDGE ( 'NONE', *, *, #7646, .T. ) ;
#3619 = CARTESIAN_POINT ( 'NONE',  ( -13.41355412524202428, 0.7859247114939705847, -14.47556449399835365 ) ) ;
#3620 = DIRECTION ( 'NONE',  ( -0.0000000000000000000, -0.0000000000000000000, 1.000000000000000000 ) ) ;
#3621 = DIRECTION ( 'NONE',  ( 0.0000000000000000000, 0.0000000000000000000, 1.000000000000000000 ) ) ;
#3622 = EDGE_CURVE ( 'NONE', #3499, #10196, #6850, .T. ) ;
#3623 = ORIENTED_EDGE ( 'NONE', *, *, #3409, .T. ) ;
#3624 = SHAPE_REPRESENTATION_RELATIONSHIP ( 'NONE' , 'NONE' ,  #7001, #2765 ) ;
#3625 = AXIS2_PLACEMENT_3D ( 'NONE', #4079, #7383, #7321 ) ;
#3626 = VERTEX_POINT ( 'NONE', #9823 ) ;
#3627 = STYLED_ITEM ( 'NONE', ( #1187 ), #9773 ) ;
#3628 = ORIENTED_EDGE ( 'NONE', *, *, #6944, .T. ) ;
#3629 = ORIENTED_EDGE ( 'NONE', *, *, #5091, .F. ) ;
#3630 = CARTESIAN_POINT ( 'NONE',  ( -5.547697662460627122, 4.000000000000000000, -2.372291323807046215 ) ) ;
#3631 = DIRECTION ( 'NONE',  ( 1.000000000000000000, 0.0000000000000000000, 0.0000000000000000000 ) ) ;
#3632 = SURFACE_STYLE_USAGE ( .BOTH. , #4356 ) ;
#3633 = ORIENTED_EDGE ( 'NONE', *, *, #4784, .F. ) ;
#3634 = DIRECTION ( 'NONE',  ( -0.0000000000000000000, -0.0000000000000000000, -1.000000000000000000 ) ) ;
#3635 = DIRECTION ( 'NONE',  ( 1.000000000000000000, 0.0000000000000000000, 0.0000000000000000000 ) ) ;
#3636 = VECTOR ( 'NONE', #6106, 1000.000000000000000 ) ;
#3637 = VERTEX_POINT ( 'NONE', #2356 ) ;
#3638 = ORIENTED_EDGE ( 'NONE', *, *, #6706, .T. ) ;
#3639 = CARTESIAN_POINT ( 'NONE',  ( 18.97613226645720985, 0.0000000000000000000, 28.00000000000000000 ) ) ;
#3640 = VECTOR ( 'NONE', #6531, 1000.000000000000000 ) ;
#3641 = CARTESIAN_POINT ( 'NONE',  ( -23.69566505910521670, -1.734723475976807094E-15, 4.731614997479864471 ) ) ;
#3642 = CARTESIAN_POINT ( 'NONE',  ( -13.91040684898749724, 0.9410271917592754054, -13.84798499033351149 ) ) ;
#3643 = FACE_OUTER_BOUND ( 'NONE', #5220, .T. ) ;
#3644 = ORIENTED_EDGE ( 'NONE', *, *, #1107, .T. ) ;
#3645 = CARTESIAN_POINT ( 'NONE',  ( -11.31370849898476294, -34.64852419240283865, 14.00000000000000000 ) ) ;
#3646 = AXIS2_PLACEMENT_3D ( 'NONE', #3491, #5013, #9291 ) ;
#3647 = DIRECTION ( 'NONE',  ( 0.0000000000000000000, 0.0000000000000000000, -1.000000000000000000 ) ) ;
#3648 = PRESENTATION_STYLE_ASSIGNMENT (( #1850 ) ) ;
#3649 = ORIENTED_EDGE ( 'NONE', *, *, #8553, .F. ) ;
#3650 = CIRCLE ( 'NONE', #1615, 4.012500000000000178 ) ;
#3651 = DIRECTION ( 'NONE',  ( 1.000000000000000000, 0.0000000000000000000, 0.0000000000000000000 ) ) ;
#3652 = DIRECTION ( 'NONE',  ( -0.0000000000000000000, -1.000000000000000000, -0.0000000000000000000 ) ) ;
#3653 = ADVANCED_FACE ( 'NONE', ( #1797 ), #3744, .F. ) ;
#3654 = DIRECTION ( 'NONE',  ( 0.0000000000000000000, 1.000000000000000000, 0.0000000000000000000 ) ) ;
#3655 = ORIENTED_EDGE ( 'NONE', *, *, #3539, .F. ) ;
#3656 = CARTESIAN_POINT ( 'NONE',  ( -11.17837398290747153, 0.08386965807608716406, -16.58505429439008694 ) ) ;
#3657 = CARTESIAN_POINT ( 'NONE',  ( 4.000000000000000000, -2.886751345948120662, 4.999999999999999112 ) ) ;
#3658 = CARTESIAN_POINT ( 'NONE',  ( -3.372500267112788830, 4.000000000000000000, 4.962483445647369429 ) ) ;
#3659 = DIRECTION ( 'NONE',  ( 0.0000000000000000000, 1.000000000000000000, 0.0000000000000000000 ) ) ;
#3660 = ORIENTED_EDGE ( 'NONE', *, *, #10316, .T. ) ;
#3661 = ORIENTED_EDGE ( 'NONE', *, *, #10467, .T. ) ;
#3662 = ORIENTED_EDGE ( 'NONE', *, *, #4301, .F. ) ;
#3663 = EDGE_CURVE ( 'NONE', #4652, #1448, #3346, .T. ) ;
#3664 = AXIS2_PLACEMENT_3D ( 'NONE', #8546, #9436, #10346 ) ;
#3665 = FACE_OUTER_BOUND ( 'NONE', #6091, .T. ) ;
#3666 = CARTESIAN_POINT ( 'NONE',  ( -12.40188898266841200, -3.852611422511633688, 15.92194144073857132 ) ) ;
#3667 = CARTESIAN_POINT ( 'NONE',  ( -5.921818439637402065, 3.999999999999999112, -1.156192824338451386 ) ) ;
#3668 = DIRECTION ( 'NONE',  ( -1.000000000000000000, 0.0000000000000000000, 0.0000000000000000000 ) ) ;
#3669 = EDGE_LOOP ( 'NONE', ( #8458, #9520 ) ) ;
#3670 =( NAMED_UNIT ( * ) PLANE_ANGLE_UNIT ( ) SI_UNIT ( $, .RADIAN. ) );
#3671 = DIRECTION ( 'NONE',  ( -0.0000000000000000000, 1.000000000000000000, 0.0000000000000000000 ) ) ;
#3672 = CARTESIAN_POINT ( 'NONE',  ( 11.74541948957021553, 0.0000000000000000000, -16.21756610830467338 ) ) ;
#3673 = CARTESIAN_POINT ( 'NONE',  ( 2.374720242481818744E-15, 7.119265967618436441, 19.39106233842436566 ) ) ;
#3674 = ORIENTED_EDGE ( 'NONE', *, *, #1035, .T. ) ;
#3675 = CARTESIAN_POINT ( 'NONE',  ( 9.000000000000000000, 0.0000000000000000000, 9.500000000000000000 ) ) ;
#3676 = EDGE_CURVE ( 'NONE', #4533, #6739, #5936, .T. ) ;
#3677 = EDGE_CURVE ( 'NONE', #3138, #2984, #9071, .T. ) ;
#3678 = PRESENTATION_STYLE_ASSIGNMENT (( #331 ) ) ;
#3679 = AXIS2_PLACEMENT_3D ( 'NONE', #2308, #9811, #6516 ) ;
#3680 = CARTESIAN_POINT ( 'NONE',  ( -16.87010755656237038, 1.458017925632500100, 8.632302523536322880 ) ) ;
#3681 = CARTESIAN_POINT ( 'NONE',  ( -10.91149923374124953, 0.0000000000000000000, -16.76318177656527908 ) ) ;
#3682 = VERTEX_POINT ( 'NONE', #4810 ) ;
#3683 = CARTESIAN_POINT ( 'NONE',  ( -23.53644067234883153, 1.734723475976808278E-15, 5.502054388280428476 ) ) ;
#3684 = CARTESIAN_POINT ( 'NONE',  ( 4.000000000000000000, -5.773502691896264416, 0.0000000000000000000 ) ) ;
#3685 = CARTESIAN_POINT ( 'NONE',  ( 0.0000000000000000000, 0.0000000000000000000, 0.0000000000000000000 ) ) ;
#3686 = FACE_OUTER_BOUND ( 'NONE', #2614, .T. ) ;
#3687 = CARTESIAN_POINT ( 'NONE',  ( 40.13304420532167427, 20.76136821833910773, 27.51287510619015109 ) ) ;
#3688 = DIRECTION ( 'NONE',  ( 0.0000000000000000000, 0.0000000000000000000, -1.000000000000000000 ) ) ;
#3689 = CARTESIAN_POINT ( 'NONE',  ( -30.00000000000000355, -6.999999999999999112, -13.99999999999999822 ) ) ;
#3690 = AXIS2_PLACEMENT_3D ( 'NONE', #2543, #1672, #3261 ) ;
#3691 = CARTESIAN_POINT ( 'NONE',  ( 14.59274161015280491, 2.452046392830443455, -13.68782314604820272 ) ) ;
#3692 = AXIS2_PLACEMENT_3D ( 'NONE', #6788, #8371, #1754 ) ;
#3693 = CARTESIAN_POINT ( 'NONE',  ( -13.28084006689066143, -1.925585733949739087, -15.22829695874393252 ) ) ;
#3694 = DIRECTION ( 'NONE',  ( 1.000000000000000000, 0.0000000000000000000, 0.0000000000000000000 ) ) ;
#3695 = CARTESIAN_POINT ( 'NONE',  ( -43.80940107675851891, -10.00000000000000178, 13.99999999999999112 ) ) ;
#3696 = CARTESIAN_POINT ( 'NONE',  ( 3.500000000000000000, 5.773502691896261751, 0.0000000000000000000 ) ) ;
#3697 = VECTOR ( 'NONE', #6542, 1000.000000000000227 ) ;
#3698 = CARTESIAN_POINT ( 'NONE',  ( -18.85999553876251156, -1.134502101458285006, 14.18654351299077021 ) ) ;
#3699 = ORIENTED_EDGE ( 'NONE', *, *, #8771, .T. ) ;
#3700 =( LENGTH_UNIT ( ) NAMED_UNIT ( * ) SI_UNIT ( .MILLI., .METRE. ) );
#3701 = CARTESIAN_POINT ( 'NONE',  ( 5.000000000000000000, 6.123233995736766282E-16, 7.500000000000000000 ) ) ;
#3702 =( BOUNDED_SURFACE ( )  B_SPLINE_SURFACE ( 3, 2, ( 
 ( #7597, #5798, #1675 ),
 ( #4178, #6, #5875 ),
 ( #914, #6780, #9256 ),
 ( #946, #5838, #108 ),
 ( #4209, #7499, #9145 ),
 ( #3332, #2517, #6673 ),
 ( #1711, #3371, #1744 ),
 ( #7570, #7536, #8360 ),
 ( #3410, #9222, #10061 ),
 ( #4235, #5895, #10034 ),
 ( #6740, #1773, #4273 ),
 ( #149, #5927, #3619 ),
 ( #4441, #7730, #8531 ),
 ( #4340, #9389, #1142 ),
 ( #2777, #6112, #10229 ),
 ( #1044, #6810, #10132 ),
 ( #5280, #5183, #2715 ),
 ( #6040, #6939, #287 ),
 ( #6842, #1983, #1945 ),
 ( #1071, #3585, #8493 ),
 ( #1871, #10192, #2805 ),
 ( #8597, #6076, #3656 ),
 ( #1101, #4309, #1838 ),
 ( #7669, #8569, #4408 ),
 ( #5251, #3552, #9358 ),
 ( #2683, #10100, #3518 ),
 ( #6914, #5143, #4375 ),
 ( #179, #7636, #9420 ),
 ( #319, #1006, #5973 ),
 ( #7766, #210, #8466 ),
 ( #9322, #1906, #5216 ),
 ( #6006, #10159, #255 ),
 ( #6885, #7700, #2747 ),
 ( #7023, #10367, #429 ),
 ( #7952, #7829, #7053 ),
 ( #394, #1215, #7871 ),
 ( #354, #7134, #5320 ),
 ( #2168, #3693, #2996 ) ),
 .UNSPECIFIED., .F., .F., .T. ) 
 B_SPLINE_SURFACE_WITH_KNOTS ( ( 4, 2, 2, 2, 2, 2, 2, 2, 2, 2, 2, 2, 2, 2, 2, 2, 2, 2, 4 ),
 ( 3, 3 ),
 ( 0.03493045529310474795, 0.03732691791696320094, 0.03972338054082165393, 0.04211984316468010692, 0.04331807447660933341, 0.04451630578853855991, 0.04691276841239701290, 0.04811099972432623939, 0.04930923103625546589, 0.05170569366011391887, 0.05290392497204314537, 0.05350304062800775862, 0.05380259845599005830, 0.05395237736998120814, 0.05397109973423010187, 0.05398046091635454874, 0.05398982209847899560, 0.05402726682697678307, 0.05410215628397236493 ),
 ( 0.0000000000000000000, 1.000000000000000000 ),
 .UNSPECIFIED. ) 
 GEOMETRIC_REPRESENTATION_ITEM ( )  RATIONAL_B_SPLINE_SURFACE ( (
 ( 1.000000000000000000, 0.9628598159415242552, 1.000000000000000000),
 ( 1.000000000000000000, 0.9658088360622979485, 1.000000000000000000),
 ( 1.000000000000000000, 0.9676821778829673981, 1.000000000000000000),
 ( 1.000000000000000000, 0.9695452954716865523, 1.000000000000000000),
 ( 1.000000000000000000, 0.9695115942610817994, 1.000000000000000000),
 ( 1.000000000000000000, 0.9680467057065763603, 1.000000000000000000),
 ( 1.000000000000000000, 0.9666418838066340724, 1.000000000000000000),
 ( 1.000000000000000000, 0.9640334219422118656, 1.000000000000000000),
 ( 1.000000000000000000, 0.9630759406991536986, 1.000000000000000000),
 ( 1.000000000000000000, 0.9610882839043372039, 1.000000000000000000),
 ( 1.000000000000000000, 0.9600599918587112702, 1.000000000000000000),
 ( 1.000000000000000000, 0.9569921733568582667, 1.000000000000000000),
 ( 1.000000000000000000, 0.9549711799320398375, 1.000000000000000000),
 ( 1.000000000000000000, 0.9522793775821747353, 1.000000000000000000),
 ( 1.000000000000000000, 0.9514338482896929072, 1.000000000000000000),
 ( 1.000000000000000000, 0.9499108719328210881, 1.000000000000000000),
 ( 1.000000000000000000, 0.9492329977374616146, 1.000000000000000000),
 ( 1.000000000000000000, 0.9474719808626141937, 1.000000000000000000),
 ( 1.000000000000000000, 0.9466645591750492139, 1.000000000000000000),
 ( 1.000000000000000000, 0.9460199015994574800, 1.000000000000000000),
 ( 1.000000000000000000, 0.9458985480932804446, 1.000000000000000000),
 ( 1.000000000000000000, 0.9458521004575998203, 1.000000000000000000),
 ( 1.000000000000000000, 0.9458591438270348428, 1.000000000000000000),
 ( 1.000000000000000000, 0.9459015008455163853, 1.000000000000000000),
 ( 1.000000000000000000, 0.9459209166302567917, 1.000000000000000000),
 ( 1.000000000000000000, 0.9459577196634989527, 1.000000000000000000),
 ( 1.000000000000000000, 0.9459712671271053308, 1.000000000000000000),
 ( 1.000000000000000000, 0.9459879221474670752, 1.000000000000000000),
 ( 1.000000000000000000, 0.9459897923455045099, 1.000000000000000000),
 ( 1.000000000000000000, 0.9459926270350894617, 1.000000000000000000),
 ( 1.000000000000000000, 0.9459837476550183588, 1.000000000000000000),
 ( 1.000000000000000000, 0.9460274094160112668, 1.000000000000000000),
 ( 1.000000000000000000, 0.9460492254535787238, 1.000000000000000000),
 ( 1.000000000000000000, 0.9461582313812187950, 1.000000000000000000),
 ( 1.000000000000000000, 0.9462451984932367388, 1.000000000000000000),
 ( 1.000000000000000000, 0.9465053852101531495, 1.000000000000000000),
 ( 1.000000000000000000, 0.9466778902021615316, 1.000000000000000000),
 ( 1.000000000000000000, 0.9468494376878835439, 1.000000000000000000) ) ) 
 REPRESENTATION_ITEM ( '' )  SURFACE ( )  );
#3703 = CARTESIAN_POINT ( 'NONE',  ( 0.6361725123519333946, 4.000000000000000888, 6.000000000000002665 ) ) ;
#3704 = MECHANICAL_DESIGN_GEOMETRIC_PRESENTATION_REPRESENTATION (  '', ( #8911 ), #7452 ) ;
#3705 = CARTESIAN_POINT ( 'NONE',  ( 0.0000000000000000000, -2.352327244186589006, -16.36018239871366831 ) ) ;
#3706 = ADVANCED_FACE ( 'NONE', ( #6479, #3484 ), #5681, .F. ) ;
#3707 = DIRECTION ( 'NONE',  ( -1.000000000000000000, 7.709882115452483097E-16, -0.0000000000000000000 ) ) ;
#3708 = FACE_BOUND ( 'NONE', #2056, .T. ) ;
#3709 = DIRECTION ( 'NONE',  ( 0.0000000000000000000, 0.0000000000000000000, 1.000000000000000000 ) ) ;
#3710 = CIRCLE ( 'NONE', #7724, 1.000000000000000888 ) ;
#3711 = EDGE_LOOP ( 'NONE', ( #6195, #2327, #8397, #10135 ) ) ;
#3712 = CARTESIAN_POINT ( 'NONE',  ( -16.43125452769460182, -3.297339019281305017, 15.70118877096257570 ) ) ;
#3713 = DIRECTION ( 'NONE',  ( 0.0000000000000000000, 1.000000000000000000, 0.0000000000000000000 ) ) ;
#3714 = CARTESIAN_POINT ( 'NONE',  ( 1.648146632868998207, 4.821944789745367999, -6.100000000000003197 ) ) ;
#3715 = CARTESIAN_POINT ( 'NONE',  ( 2.959716367706847429, 20.72706986570518950, 1.877548775584533702 ) ) ;
#3716 = ITEM_DEFINED_TRANSFORMATION ( 'NONE', 'NONE', #9712,  #8615 ) ;
#3717 = CIRCLE ( 'NONE', #9288, 12.70277974657490283 ) ;
#3718 = CIRCLE ( 'NONE', #227, 18.00000000000000355 ) ;
#3719 = CARTESIAN_POINT ( 'NONE',  ( -15.75081903253065718, -3.756934330611319428, -15.84439191799754809 ) ) ;
#3720 = DIRECTION ( 'NONE',  ( 0.0000000000000000000, 0.0000000000000000000, -1.000000000000000000 ) ) ;
#3721 = DIRECTION ( 'NONE',  ( -0.0000000000000000000, -1.000000000000000000, -0.0000000000000000000 ) ) ;
#3722 = EDGE_CURVE ( 'NONE', #4002, #10106, #2040, .T. ) ;
#3723 = ORIENTED_EDGE ( 'NONE', *, *, #4315, .T. ) ;
#3724 = AXIS2_PLACEMENT_3D ( 'NONE', #5102, #1025, #6719 ) ;
#3725 = CARTESIAN_POINT ( 'NONE',  ( 14.59274161015280669, 0.0000000000000000000, -13.68782314604820272 ) ) ;
#3726 =( NAMED_UNIT ( * ) PLANE_ANGLE_UNIT ( ) SI_UNIT ( $, .RADIAN. ) );
#3727 = VERTEX_POINT ( 'NONE', #7279 ) ;
#3728 = VECTOR ( 'NONE', #2669, 1000.000000000000000 ) ;
#3729 = DIRECTION ( 'NONE',  ( 0.0000000000000000000, 0.0000000000000000000, 1.000000000000000000 ) ) ;
#3730 = ORIENTED_EDGE ( 'NONE', *, *, #9589, .T. ) ;
#3731 = DIRECTION ( 'NONE',  ( 0.0000000000000000000, -0.0000000000000000000, -1.000000000000000000 ) ) ;
#3732 = DIRECTION ( 'NONE',  ( 0.0000000000000000000, 0.0000000000000000000, -1.000000000000000000 ) ) ;
#3733 = VECTOR ( 'NONE', #8559, 1000.000000000000000 ) ;
#3734 = EDGE_CURVE ( 'NONE', #6610, #6327, #1778, .T. ) ;
#3735 = VERTEX_POINT ( 'NONE', #1545 ) ;
#3736 = SURFACE_STYLE_USAGE ( .BOTH. , #9580 ) ;
#3737 =( NAMED_UNIT ( * ) PLANE_ANGLE_UNIT ( ) SI_UNIT ( $, .RADIAN. ) );
#3738 = CARTESIAN_POINT ( 'NONE',  ( 43.00000000000000000, 0.0000000000000000000, 28.00000000000000000 ) ) ;
#3739 = DIRECTION ( 'NONE',  ( -0.0000000000000000000, -0.0000000000000000000, 1.000000000000000000 ) ) ;
#3740 = VERTEX_POINT ( 'NONE', #1477 ) ;
#3741 = DIRECTION ( 'NONE',  ( 0.0000000000000000000, 0.0000000000000000000, 1.000000000000000000 ) ) ;
#3742 = ORIENTED_EDGE ( 'NONE', *, *, #2206, .F. ) ;
#3743 = DIRECTION ( 'NONE',  ( 1.000000000000000000, 0.0000000000000000000, 0.0000000000000000000 ) ) ;
#3744 = CONICAL_SURFACE ( 'NONE', #7473, 4.012500000000000178, 1.047197551196593857 ) ;
#3745 = DIRECTION ( 'NONE',  ( -0.0000000000000000000, 0.0000000000000000000, 1.000000000000000000 ) ) ;
#3746 = CARTESIAN_POINT ( 'NONE',  ( -48.45584252319883234, -14.98277595945866736, 15.99999999999987921 ) ) ;
#3747 = EDGE_LOOP ( 'NONE', ( #9201, #3355, #9207, #4521 ) ) ;
#3748 = EDGE_CURVE ( 'NONE', #2850, #869, #8391, .T. ) ;
#3749 = ORIENTED_EDGE ( 'NONE', *, *, #8347, .F. ) ;
#3750 = CARTESIAN_POINT ( 'NONE',  ( -19.26327254503877739, -0.6389838441901047883, 13.46001732776449877 ) ) ;
#3751 = CARTESIAN_POINT ( 'NONE',  ( 0.0000000000000000000, 3.803076006814065657, 0.0000000000000000000 ) ) ;
#3752 = EDGE_LOOP ( 'NONE', ( #10555, #3527, #1828, #1213, #3342, #5741 ) ) ;
#3753 = CARTESIAN_POINT ( 'NONE',  ( 6.171862870446969573, 20.12064925652151715, 0.1224512244154744162 ) ) ;
#3754 = EDGE_CURVE ( 'NONE', #6856, #3369, #2110, .T. ) ;
#3755 = AXIS2_PLACEMENT_3D ( 'NONE', #8856, #9786, #5674 ) ;
#3756 = ORIENTED_EDGE ( 'NONE', *, *, #5272, .F. ) ;
#3757 = ORIENTED_EDGE ( 'NONE', *, *, #4640, .F. ) ;
#3758 = PRODUCT ( 'Крышка_00', 'Крышка_00', '', ( #7434 ) ) ;
#3759 = CARTESIAN_POINT ( 'NONE',  ( -47.24550000541380967, -8.722286537159254394, -17.00000000000000000 ) ) ;
#3760 = CARTESIAN_POINT ( 'NONE',  ( 33.62250374156985799, 19.64476254643910735, 26.35810854121520208 ) ) ;
#3761 = ORIENTED_EDGE ( 'NONE', *, *, #1732, .F. ) ;
#3762 = ADVANCED_FACE ( 'NONE', ( #74 ), #5860, .F. ) ;
#3763 = LINE ( 'NONE', #7943, #9347 ) ;
#3764 = EDGE_LOOP ( 'NONE', ( #6653, #1033, #10336, #3649, #4880, #9125 ) ) ;
#3765 = ORIENTED_EDGE ( 'NONE', *, *, #8508, .F. ) ;
#3766 = CARTESIAN_POINT ( 'NONE',  ( 14.20419899880919878, 0.0000000000000000000, -14.07979867761707737 ) ) ;
#3767 = DIRECTION ( 'NONE',  ( -7.709882115452472250E-16, -1.000000000000000000, 0.0000000000000000000 ) ) ;
#3768 = CIRCLE ( 'NONE', #5151, 2.999999999999999112 ) ;
#3769 = EDGE_CURVE ( 'NONE', #5869, #3610, #4739, .T. ) ;
#3770 = AXIS2_PLACEMENT_3D ( 'NONE', #2504, #4225, #8281 ) ;
#3771 = EDGE_LOOP ( 'NONE', ( #5219, #1842, #6394, #2142, #3416 ) ) ;
#3772 = AXIS2_PLACEMENT_3D ( 'NONE', #2238, #10553, #8126 ) ;
#3773 = VECTOR ( 'NONE', #2263, 1000.000000000000000 ) ;
#3774 = ORIENTED_EDGE ( 'NONE', *, *, #10572, .F. ) ;
#3775 = CARTESIAN_POINT ( 'NONE',  ( -31.71152953935062868, -2.591838289399556405, -15.38544140052539255 ) ) ;
#3776 = CARTESIAN_POINT ( 'NONE',  ( 25.44734990167305000, 10.69999999999999929, 0.0000000000000000000 ) ) ;
#3777 = VECTOR ( 'NONE', #2916, 1000.000000000000000 ) ;
#3778 = DIRECTION ( 'NONE',  ( 1.000000000000000000, 0.0000000000000000000, 0.0000000000000000000 ) ) ;
#3779 = CARTESIAN_POINT ( 'NONE',  ( -49.62602586711391695, -5.000000000000000888, 15.99999999999999289 ) ) ;
#3780 = CARTESIAN_POINT ( 'NONE',  ( -28.02020433871750882, -24.10435930197277443, 15.99999999999999645 ) ) ;
#3781 = EDGE_CURVE ( 'NONE', #1553, #2850, #5588, .T. ) ;
#3782 = CARTESIAN_POINT ( 'NONE',  ( -22.98318543480819898, 0.0003478869405345505201, 7.138726784252792612 ) ) ;
#3783 = CIRCLE ( 'NONE', #3692, 10.00000000000000000 ) ;
#3784 = VERTEX_POINT ( 'NONE', #1509 ) ;
#3785 = DIRECTION ( 'NONE',  ( 0.0000000000000000000, 0.0000000000000000000, -1.000000000000000000 ) ) ;
#3786 = ORIENTED_EDGE ( 'NONE', *, *, #4709, .T. ) ;
#3787 = ORIENTED_EDGE ( 'NONE', *, *, #8509, .F. ) ;
#3788 = CONICAL_SURFACE ( 'NONE', #2392, 4.012500000000000178, 1.047197551196593857 ) ;
#3789 = CARTESIAN_POINT ( 'NONE',  ( -19.52529737031801460, -0.4082753090286602160, 12.98332583709135157 ) ) ;
#3790 = DIRECTION ( 'NONE',  ( 0.0000000000000000000, 0.0000000000000000000, -1.000000000000000000 ) ) ;
#3791 = EDGE_CURVE ( 'NONE', #1255, #1410, #9455, .T. ) ;
#3792 = DIRECTION ( 'NONE',  ( -0.0000000000000000000, -1.000000000000000000, -0.0000000000000000000 ) ) ;
#3793 = DIRECTION ( 'NONE',  ( 1.387778780781445922E-16, -1.000000000000000000, 0.0000000000000000000 ) ) ;
#3794 = CARTESIAN_POINT ( 'NONE',  ( -18.72318851450057409, 1.458168436068695284, 2.980487998874016498 ) ) ;
#3795 = ORIENTED_EDGE ( 'NONE', *, *, #4876, .T. ) ;
#3796 = CARTESIAN_POINT ( 'NONE',  ( -1.200000000000000030E-05, 0.0000000000000000000, 1.500000000000000000 ) ) ;
#3797 = ORIENTED_EDGE ( 'NONE', *, *, #9312, .F. ) ;
#3798 = EDGE_LOOP ( 'NONE', ( #4332, #6012 ) ) ;
#3799 = CARTESIAN_POINT ( 'NONE',  ( 36.60402920347198830, 31.73000000000000043, 3.000000000000000000 ) ) ;
#3800 = FACE_OUTER_BOUND ( 'NONE', #2080, .T. ) ;
#3801 = DIRECTION ( 'NONE',  ( -1.000000000000000000, 0.0000000000000000000, 0.0000000000000000000 ) ) ;
#3802 = CARTESIAN_POINT ( 'NONE',  ( 2.500000000000006217, -4.330127018922190985, 0.0000000000000000000 ) ) ;
#3803 = DIRECTION ( 'NONE',  ( 0.0000000000000000000, 0.0000000000000000000, 1.000000000000000000 ) ) ;
#3804 = B_SPLINE_CURVE_WITH_KNOTS ( 'NONE', 3,
 ( #9077, #8225, #1636, #4097, #7467, #4138, #8296, #4238, #915, #42 ),
 .UNSPECIFIED., .F., .F.,
 ( 4, 2, 1, 1, 1, 1, 4 ),
 ( 0.5000000000000000000, 0.7500000000000000000, 0.9499999999999999556, 0.9625000000000000222, 0.9749999999999999778, 0.9875000000000000444, 1.000000000000000000 ),
 .UNSPECIFIED. ) ;
#3805 = EDGE_CURVE ( 'NONE', #3637, #1579, #5672, .T. ) ;
#3806 = AXIS2_PLACEMENT_3D ( 'NONE', #9151, #6549, #49 ) ;
#3807 = EDGE_LOOP ( 'NONE', ( #110, #8661, #5211, #4771 ) ) ;
#3808 = LINE ( 'NONE', #9533, #4580 ) ;
#3809 = DIRECTION ( 'NONE',  ( 0.9999831903867453242, -0.005798184538827749410, -1.841783169851907037E-16 ) ) ;
#3810 = DIRECTION ( 'NONE',  ( 1.000000000000000000, 0.0000000000000000000, -0.0000000000000000000 ) ) ;
#3811 = CARTESIAN_POINT ( 'NONE',  ( -21.25235012305799387, -27.00000000000000355, -13.99999999999999822 ) ) ;
#3812 = ADVANCED_FACE ( 'NONE', ( #2459 ), #6968, .F. ) ;
#3813 = ORIENTED_EDGE ( 'NONE', *, *, #6405, .T. ) ;
#3814 = DIRECTION ( 'NONE',  ( 1.000000000000000000, 0.0000000000000000000, 0.0000000000000000000 ) ) ;
#3815 = CARTESIAN_POINT ( 'NONE',  ( -49.22070958161013721, -6.246763691215460490, 16.00000000000000000 ) ) ;
#3816 = EDGE_CURVE ( 'NONE', #7861, #10403, #8711, .T. ) ;
#3817 = EDGE_CURVE ( 'NONE', #2739, #7737, #3184, .T. ) ;
#3818 = AXIS2_PLACEMENT_3D ( 'NONE', #1712, #7, #4937 ) ;
#3819 = CIRCLE ( 'NONE', #5006, 5.000000000000000000 ) ;
#3820 = CARTESIAN_POINT ( 'NONE',  ( 1.000000000000000000, 21.88813772300484928, 25.99999999999999645 ) ) ;
#3821 = CARTESIAN_POINT ( 'NONE',  ( -10.95115736241638693, 0.01221257316426111253, 16.73930374152091360 ) ) ;
#3822 = CARTESIAN_POINT ( 'NONE',  ( 0.0000000000000000000, -35.00000000000000000, 0.0000000000000000000 ) ) ;
#3823 = DIRECTION ( 'NONE',  ( -1.000000000000000000, 7.709882115452483097E-16, 0.0000000000000000000 ) ) ;
#3824 = CARTESIAN_POINT ( 'NONE',  ( -9.831686572392861478, 20.72999999999999687, 17.99376770739209519 ) ) ;
#3825 = CARTESIAN_POINT ( 'NONE',  ( -15.48563582908890268, -3.986139903544365648, -15.89822656738968121 ) ) ;
#3826 = ORIENTED_EDGE ( 'NONE', *, *, #1732, .T. ) ;
#3827 = FACE_OUTER_BOUND ( 'NONE', #2475, .T. ) ;
#3828 = B_SPLINE_CURVE_WITH_KNOTS ( 'NONE', 3,
 ( #1647, #4982, #8271, #1574 ),
 .UNSPECIFIED., .F., .F.,
 ( 4, 4 ),
 ( 9.263427422397552964E-19, 0.0002412545433036739594 ),
 .UNSPECIFIED. ) ;
#3829 = EDGE_CURVE ( 'NONE', #3357, #9480, #3845, .T. ) ;
#3830 = CARTESIAN_POINT ( 'NONE',  ( -48.25027341332628339, -7.497842460810316467, -16.50000000000000000 ) ) ;
#3831 = CARTESIAN_POINT ( 'NONE',  ( -13.94163180620230591, -35.00000000000000000, 0.0000000000000000000 ) ) ;
#3832 = CARTESIAN_POINT ( 'NONE',  ( 33.54405952013764391, 19.54401183277396470, 26.41146669679260839 ) ) ;
#3833 = AXIS2_PLACEMENT_3D ( 'NONE', #8713, #9576, #4587 ) ;
#3834 = CARTESIAN_POINT ( 'NONE',  ( 5.000000000000000000, 2.316617955123373651, 4.012499999999993960 ) ) ;
#3835 = AXIS2_PLACEMENT_3D ( 'NONE', #1984, #6151, #7874 ) ;
#3836 = CARTESIAN_POINT ( 'NONE',  ( -12.00000000000000355, -35.00000000000000000, 14.00000000000000000 ) ) ;
#3837 = VECTOR ( 'NONE', #2817, 1000.000000000000000 ) ;
#3838 = DIRECTION ( 'NONE',  ( 0.0000000000000000000, 0.0000000000000000000, 1.000000000000000000 ) ) ;
#3839 = DIRECTION ( 'NONE',  ( -1.347358039593636966E-16, 0.0000000000000000000, -1.000000000000000000 ) ) ;
#3840 = COLOUR_RGB ( '',0.7921568627450980005, 0.8196078431372548767, 0.9333333333333333481 ) ;
#3841 = LINE ( 'NONE', #6177, #6436 ) ;
#3842 = EDGE_LOOP ( 'NONE', ( #3110, #584 ) ) ;
#3843 =( BOUNDED_CURVE ( )  B_SPLINE_CURVE ( 3, ( #5417, #4604, #4496, #9595 ),
 .UNSPECIFIED., .F., .F. ) 
 B_SPLINE_CURVE_WITH_KNOTS ( ( 4, 4 ),
 ( 3.785093762383078264, 3.936991483773940370 ),
 .UNSPECIFIED. ) 
 CURVE ( )  GEOMETRIC_REPRESENTATION_ITEM ( )  RATIONAL_B_SPLINE_CURVE ( ( 1.000000000000000000, 0.9980781809106359370, 0.9980781809106359370, 1.000000000000000000 ) ) 
 REPRESENTATION_ITEM ( '' )  );
#3844 = LINE ( 'NONE', #10305, #7842 ) ;
#3845 = LINE ( 'NONE', #6687, #2782 ) ;
#3846 = APPLICATION_PROTOCOL_DEFINITION ( 'draft international standard', 'automotive_design', 1998, #4102 ) ;
#3847 = DIRECTION ( 'NONE',  ( -0.0000000000000000000, -0.0000000000000000000, 1.000000000000000000 ) ) ;
#3848 = CARTESIAN_POINT ( 'NONE',  ( 13.40147872153889885, 3.226077021430668434, 4.584461102152999956 ) ) ;
#3849 = CARTESIAN_POINT ( 'NONE',  ( 0.0000000000000000000, 0.0000000000000000000, 13.50000000000000000 ) ) ;
#3850 = DIRECTION ( 'NONE',  ( 1.000000000000000000, 0.0000000000000000000, 0.0000000000000000000 ) ) ;
#3851 = STYLED_ITEM ( 'NONE', ( #235 ), #2648 ) ;
#3852 = DIRECTION ( 'NONE',  ( 0.0000000000000000000, -0.0000000000000000000, -1.000000000000000000 ) ) ;
#3853 = CARTESIAN_POINT ( 'NONE',  ( 0.0000000000000000000, 0.0000000000000000000, 0.0000000000000000000 ) ) ;
#3854 = DIRECTION ( 'NONE',  ( -1.000000000000000000, 1.072374512422026233E-14, 0.0000000000000000000 ) ) ;
#3855 = AXIS2_PLACEMENT_3D ( 'NONE', #8204, #8125, #3171 ) ;
#3856 = VECTOR ( 'NONE', #7816, 1000.000000000000114 ) ;
#3857 = LINE ( 'NONE', #3423, #6705 ) ;
#3858 = CARTESIAN_POINT ( 'NONE',  ( -13.46142758325143163, -1.820420497303549157, 15.14136158761632345 ) ) ;
#3859 = CARTESIAN_POINT ( 'NONE',  ( 2.187831722012532062E-15, 3.863658164952030294, 16.70937711986405461 ) ) ;
#3860 = PLANE ( 'NONE',  #7036 ) ;
#3861 = CARTESIAN_POINT ( 'NONE',  ( -18.24793322188262223, 1.458058991032695095, 5.153593374890875545 ) ) ;
#3862 = CARTESIAN_POINT ( 'NONE',  ( -12.00290912278228994, -2.000000000000000000, 13.99999999999999822 ) ) ;
#3863 = CIRCLE ( 'NONE', #10379, 2.500000000000002220 ) ;
#3864 = VERTEX_POINT ( 'NONE', #7584 ) ;
#3865 = DIRECTION ( 'NONE',  ( 0.0000000000000000000, 0.0000000000000000000, 1.000000000000000000 ) ) ;
#3866 = EDGE_CURVE ( 'NONE', #8299, #6047, #5179, .T. ) ;
#3867 = ORIENTED_EDGE ( 'NONE', *, *, #2658, .F. ) ;
#3869 = LINE ( 'NONE', #3831, #5168 ) ;
#3868 = AXIS2_PLACEMENT_3D ( 'NONE', #7761, #284, #2092 ) ;
#3870 = ADVANCED_FACE ( 'NONE', ( #1656 ), #9202, .T. ) ;
#3871 = CARTESIAN_POINT ( 'NONE',  ( 4.000000000000000000, 0.0000000000000000000, 0.0000000000000000000 ) ) ;
#3872 = DIRECTION ( 'NONE',  ( -1.000000000000000000, 0.0000000000000000000, -0.0000000000000000000 ) ) ;
#3873 = DIRECTION ( 'NONE',  ( 0.0000000000000000000, 0.0000000000000000000, -1.000000000000000000 ) ) ;
#3874 = B_SPLINE_CURVE_WITH_KNOTS ( 'NONE', 3,
 ( #4813, #6335, #5822, #10638, #9826, #9182 ),
 .UNSPECIFIED., .F., .F.,
 ( 4, 2, 4 ),
 ( 0.008070708573309215428, 0.009531758523483289253, 0.01099280847365736308 ),
 .UNSPECIFIED. ) ;
#3875 = VERTEX_POINT ( 'NONE', #2564 ) ;
#3876 = CARTESIAN_POINT ( 'NONE',  ( -4.180704885107418001, -3.359771601077118586, -0.1983443223721633453 ) ) ;
#3877 = ORIENTED_EDGE ( 'NONE', *, *, #8956, .F. ) ;
#3878 = VERTEX_POINT ( 'NONE', #3501 ) ;
#3879 = CARTESIAN_POINT ( 'NONE',  ( 0.0000000000000000000, 0.0000000000000000000, 0.0000000000000000000 ) ) ;
#3880 = ORIENTED_EDGE ( 'NONE', *, *, #2316, .T. ) ;
#3881 = EDGE_LOOP ( 'NONE', ( #4271, #8830, #6960 ) ) ;
#3882 = ADVANCED_FACE ( 'NONE', ( #10185 ), #5128, .F. ) ;
#3883 = EDGE_CURVE ( 'NONE', #2051, #6946, #6534, .T. ) ;
#3884 = EDGE_CURVE ( 'NONE', #7088, #4141, #6456, .T. ) ;
#3885 = FILL_AREA_STYLE_COLOUR ( '', #10114 ) ;
#3886 = AXIS2_PLACEMENT_3D ( 'NONE', #9555, #9637, #5379 ) ;
#3887 = CARTESIAN_POINT ( 'NONE',  ( -14.04321029647097419, 3.226023196415221950, 4.670718986748890522 ) ) ;
#3888 = EDGE_LOOP ( 'NONE', ( #3938, #9954, #2948, #7035 ) ) ;
#3889 = CARTESIAN_POINT ( 'NONE',  ( 5.000000000000000000, -2.886751345948135317, -6.099999999999999645 ) ) ;
#3890 =( NAMED_UNIT ( * ) SI_UNIT ( $, .STERADIAN. ) SOLID_ANGLE_UNIT ( ) );
#3891 = CARTESIAN_POINT ( 'NONE',  ( -22.95103552787428924, 0.0002384256030332414602, 7.247040484633581414 ) ) ;
#3892 = LINE ( 'NONE', #10731, #8290 ) ;
#3893 = CARTESIAN_POINT ( 'NONE',  ( -30.00000000000000355, 0.0000000000000000000, -11.00000000000000000 ) ) ;
#3894 = ORIENTED_EDGE ( 'NONE', *, *, #3070, .T. ) ;
#3895 = VERTEX_POINT ( 'NONE', #1807 ) ;
#3896 = VERTEX_POINT ( 'NONE', #6795 ) ;
#3897 = EDGE_LOOP ( 'NONE', ( #5464, #9610, #128, #9500 ) ) ;
#3898 = DIRECTION ( 'NONE',  ( 0.0000000000000000000, 0.0000000000000000000, -1.000000000000000000 ) ) ;
#3899 = CARTESIAN_POINT ( 'NONE',  ( -14.40953245345367684, -2.327412855704427574, -15.55249233512105178 ) ) ;
#3900 = CARTESIAN_POINT ( 'NONE',  ( -14.90412875184337338, 1.210715190228776938, 12.27664097273494370 ) ) ;
#3901 = DIRECTION ( 'NONE',  ( -1.224646799147353454E-16, 0.0000000000000000000, -1.000000000000000000 ) ) ;
#3902 = ORIENTED_EDGE ( 'NONE', *, *, #4379, .F. ) ;
#3903 = CARTESIAN_POINT ( 'NONE',  ( 5.000000000000000000, 2.316617955123359884, -4.012500000000003730 ) ) ;
#3904 = CARTESIAN_POINT ( 'NONE',  ( -10.65117244357569604, -0.7548135890658976832, -16.92838518346480114 ) ) ;
#3905 = EDGE_CURVE ( 'NONE', #908, #3302, #7999, .T. ) ;
#3906 = ORIENTED_EDGE ( 'NONE', *, *, #6767, .T. ) ;
#3907 = AXIS2_PLACEMENT_3D ( 'NONE', #9844, #2309, #6517 ) ;
#3908 = ORIENTED_EDGE ( 'NONE', *, *, #5202, .T. ) ;
#3909 = B_SPLINE_CURVE_WITH_KNOTS ( 'NONE', 3,
 ( #7677, #6918, #2722, #8501, #3558, #2755 ),
 .UNSPECIFIED., .F., .F.,
 ( 4, 2, 4 ),
 ( 0.0000000000000000000, 0.0004062381653046633046, 0.0008124763306093266092 ),
 .UNSPECIFIED. ) ;
#3910 = CYLINDRICAL_SURFACE ( 'NONE', #3625, 5.999999999999998224 ) ;
#3911 = ORIENTED_EDGE ( 'NONE', *, *, #2670, .T. ) ;
#3912 = CARTESIAN_POINT ( 'NONE',  ( -46.30940107675852602, -10.00000000000000178, -17.00000000000000000 ) ) ;
#3913 = DIRECTION ( 'NONE',  ( 0.0000000000000000000, -1.000000000000000000, 0.0000000000000000000 ) ) ;
#3914 = CARTESIAN_POINT ( 'NONE',  ( 44.00000000000000000, 0.0000000000000000000, 0.0000000000000000000 ) ) ;
#3915 = ORIENTED_EDGE ( 'NONE', *, *, #8470, .F. ) ;
#3916 = CARTESIAN_POINT ( 'NONE',  ( -2.168404344971008868E-16, 21.88813772300485638, 2.414213562373100697 ) ) ;
#3917 = CARTESIAN_POINT ( 'NONE',  ( 3.500000000000000000, -5.773502691896264416, 0.0000000000000000000 ) ) ;
#3918 = CARTESIAN_POINT ( 'NONE',  ( 22.94734990167305000, 10.69999999999999929, 0.0000000000000000000 ) ) ;
#3919 = EDGE_CURVE ( 'NONE', #6577, #2472, #6839, .T. ) ;
#3920 = CYLINDRICAL_SURFACE ( 'NONE', #3583, 11.00000000000000000 ) ;
#3921 = VECTOR ( 'NONE', #1955, 1000.000000000000114 ) ;
#3922 = AXIS2_PLACEMENT_3D ( 'NONE', #3969, #4725, #484 ) ;
#3923 = AXIS2_PLACEMENT_3D ( 'NONE', #121, #1786, #9264 ) ;
#3924 = ORIENTED_EDGE ( 'NONE', *, *, #1611, .T. ) ;
#3925 = ORIENTED_EDGE ( 'NONE', *, *, #10632, .F. ) ;
#3926 = DIRECTION ( 'NONE',  ( 0.0000000000000000000, 0.0000000000000000000, -1.000000000000000000 ) ) ;
#3927 = CARTESIAN_POINT ( 'NONE',  ( -21.91930930899454921, 0.0000000000000000000, -6.433346771936899522 ) ) ;
#3928 = ORIENTED_EDGE ( 'NONE', *, *, #9103, .F. ) ;
#3929 = ORIENTED_EDGE ( 'NONE', *, *, #12, .T. ) ;
#3930 = CARTESIAN_POINT ( 'NONE',  ( -46.30940107675852602, -10.00000000000000178, 17.00000000000000000 ) ) ;
#3932 = EDGE_CURVE ( 'NONE', #2219, #6577, #8622, .T. ) ;
#3931 = DIRECTION ( 'NONE',  ( 0.0000000000000000000, -8.673617379884035472E-16, 1.000000000000000000 ) ) ;
#3933 = CYLINDRICAL_SURFACE ( 'NONE', #3550, 18.00000000000000355 ) ;
#3934 = CARTESIAN_POINT ( 'NONE',  ( -23.05078530772399148, 0.0002587834102197879402, 6.949059612922529716 ) ) ;
#3935 = ADVANCED_FACE ( 'NONE', ( #9183 ), #4371, .T. ) ;
#3936 = DIRECTION ( 'NONE',  ( -1.000000000000000000, 0.0000000000000000000, 1.347358039593636966E-16 ) ) ;
#3937 = DIRECTION ( 'NONE',  ( 1.000000000000000000, 0.0000000000000000000, -0.0000000000000000000 ) ) ;
#3938 = ORIENTED_EDGE ( 'NONE', *, *, #6696, .T. ) ;
#3939 = FILL_AREA_STYLE_COLOUR ( '', #7072 ) ;
#3940 = EDGE_CURVE ( 'NONE', #1270, #2214, #4847, .T. ) ;
#3941 = AXIS2_PLACEMENT_3D ( 'NONE', #1546, #9018, #5862 ) ;
#3942 = VECTOR ( 'NONE', #1606, 1000.000000000000000 ) ;
#3943 = DIRECTION ( 'NONE',  ( 0.0000000000000000000, -1.000000000000000000, 0.0000000000000000000 ) ) ;
#3944 = CARTESIAN_POINT ( 'NONE',  ( -17.51496808667278771, 1.458000179336427449, 7.271918952131753322 ) ) ;
#3945 = ADVANCED_FACE ( 'NONE', ( #2930 ), #96, .F. ) ;
#3946 = COLOUR_RGB ( '',1.000000000000000000, 0.3098039215686274606, 0.0000000000000000000 ) ;
#3947 = CARTESIAN_POINT ( 'NONE',  ( -47.38067205787781688, -8.831631760512310692, -17.00000000000000000 ) ) ;
#3948 = EDGE_LOOP ( 'NONE', ( #6343, #270 ) ) ;
#3949 = CARTESIAN_POINT ( 'NONE',  ( -46.30940107675853312, -16.19999999999999574, 15.99999999999999645 ) ) ;
#3950 = CARTESIAN_POINT ( 'NONE',  ( 3.923830684465626106, 20.86578161859323188, 26.64923749488815474 ) ) ;
#3951 = CARTESIAN_POINT ( 'NONE',  ( 6.651350249290356231, 20.72999999999999687, 1.000000000000000000 ) ) ;
#3952 = CARTESIAN_POINT ( 'NONE',  ( 0.0000000000000000000, 0.0000000000000000000, -9.500000000000000000 ) ) ;
#3953 = B_SPLINE_CURVE_WITH_KNOTS ( 'NONE', 3,
 ( #9173, #1701, #5867, #136, #4963, #8753 ),
 .UNSPECIFIED., .F., .F.,
 ( 4, 2, 4 ),
 ( 0.01506847346494747178, 0.01653041426828594229, 0.01799235507162441627 ),
 .UNSPECIFIED. ) ;
#3954 = EDGE_CURVE ( 'NONE', #7992, #3226, #7484, .T. ) ;
#3955 = DIRECTION ( 'NONE',  ( -0.9959810627719650755, 0.08956406980272263452, 0.0000000000000000000 ) ) ;
#3956 = TOROIDAL_SURFACE ( 'NONE', #8473, 9.625000000000000000, 2.000000000000000000 ) ;
#3957 = CIRCLE ( 'NONE', #3907, 3.000000000000000444 ) ;
#3958 = DIRECTION ( 'NONE',  ( 1.000000000000000000, 0.0000000000000000000, 0.0000000000000000000 ) ) ;
#3959 = CARTESIAN_POINT ( 'NONE',  ( -23.04157607282213505, 0.0003294045087468724215, -6.950113232581084155 ) ) ;
#3960 = CLOSED_SHELL ( 'NONE', ( #7616, #8988, #2581, #5279, #4898, #6599, #8583, #4856, #944, #3706, #3945, #2480, #1245, #4047, #7935, #5665, #4744, #3979, #10315, #8277, #4156, #4306 ) ) ;
#3961 = EDGE_CURVE ( 'NONE', #4647, #1443, #5275, .T. ) ;
#3962 = DIRECTION ( 'NONE',  ( -0.0000000000000000000, -0.0000000000000000000, -1.000000000000000000 ) ) ;
#3963 = CARTESIAN_POINT ( 'NONE',  ( -48.18131810714682217, -7.444355242628752478, 16.50000000000000000 ) ) ;
#3964 = CARTESIAN_POINT ( 'NONE',  ( 0.0000000000000000000, 0.0000000000000000000, -6.099999999999999645 ) ) ;
#3965 = CARTESIAN_POINT ( 'NONE',  ( 0.0000000000000000000, 0.0000000000000000000, -6.099999999999999645 ) ) ;
#3966 = EDGE_CURVE ( 'NONE', #4923, #7926, #4619, .T. ) ;
#3967 = AXIS2_PLACEMENT_3D ( 'NONE', #3280, #5775, #3530 ) ;
#3968 = CARTESIAN_POINT ( 'NONE',  ( -33.87316485015981016, -16.19999999999999574, 15.99999999999999645 ) ) ;
#3969 = CARTESIAN_POINT ( 'NONE',  ( -35.19615242270663913, 1.000000000000002665, -20.00000000000000355 ) ) ;
#3970 = DIRECTION ( 'NONE',  ( 0.0000000000000000000, 0.0000000000000000000, 1.000000000000000000 ) ) ;
#3971 = TOROIDAL_SURFACE ( 'NONE', #2561, 11.00000000000000000, 1.000000000000000000 ) ;
#3972 = FACE_OUTER_BOUND ( 'NONE', #6992, .T. ) ;
#3973 = VECTOR ( 'NONE', #710, 1000.000000000000000 ) ;
#3974 = EDGE_CURVE ( 'NONE', #2109, #1884, #882, .T. ) ;
#3975 = CARTESIAN_POINT ( 'NONE',  ( -47.96591340435278283, -10.47484326596670989, -17.00000000000000000 ) ) ;
#3976 = CARTESIAN_POINT ( 'NONE',  ( 1.658113108951307906E-15, -1.022107221908487684, 13.53952102847735972 ) ) ;
#3977 = PLANE ( 'NONE',  #3525 ) ;
#3978 = ORIENTED_EDGE ( 'NONE', *, *, #8824, .T. ) ;
#3979 = ADVANCED_FACE ( 'NONE', ( #2563 ), #3591, .F. ) ;
#3980 = AXIS2_PLACEMENT_3D ( 'NONE', #2095, #7089, #10440 ) ;
#3981 = AXIS2_PLACEMENT_3D ( 'NONE', #6494, #7324, #10560 ) ;
#3982 = CIRCLE ( 'NONE', #8601, 2.999999999999999112 ) ;
#3983 = EDGE_CURVE ( 'NONE', #1150, #5841, #4708, .T. ) ;
#3984 = EDGE_LOOP ( 'NONE', ( #7576, #4176, #9747, #9615 ) ) ;
#3985 = CARTESIAN_POINT ( 'NONE',  ( 34.48061228278506718, 20.11813772300484970, 25.50000000000000000 ) ) ;
#3986 = ADVANCED_FACE ( 'NONE', ( #6318 ), #10292, .T. ) ;
#3987 = LINE ( 'NONE', #466, #5550 ) ;
#3988 = CARTESIAN_POINT ( 'NONE',  ( -14.47904744893922491, 1.106071634318385177, 13.02302616517818024 ) ) ;
#3989 = CARTESIAN_POINT ( 'NONE',  ( -44.63955933959039868, -6.972568151493788946, 16.50000000000000000 ) ) ;
#3990 = ORIENTED_EDGE ( 'NONE', *, *, #2821, .T. ) ;
#3991 = DIRECTION ( 'NONE',  ( -0.9959810627719650755, 0.08956406980272263452, 0.0000000000000000000 ) ) ;
#3992 =( GEOMETRIC_REPRESENTATION_CONTEXT ( 3 ) GLOBAL_UNCERTAINTY_ASSIGNED_CONTEXT ( ( #1167 ) ) GLOBAL_UNIT_ASSIGNED_CONTEXT ( ( #2661, #4319, #190 ) ) REPRESENTATION_CONTEXT ( 'NONE', 'WORKASPACE' ) );
#3993 = VERTEX_POINT ( 'NONE', #8703 ) ;
#3994 = CARTESIAN_POINT ( 'NONE',  ( 2.735608441625811516, 22.42399401296051309, 0.0000000000000000000 ) ) ;
#3995 = LINE ( 'NONE', #10641, #364 ) ;
#3996 = ORIENTED_EDGE ( 'NONE', *, *, #2206, .T. ) ;
#3997 = DIRECTION ( 'NONE',  ( -0.0000000000000000000, -0.0000000000000000000, -1.000000000000000000 ) ) ;
#3998 = DIRECTION ( 'NONE',  ( -1.347358039593636966E-16, 0.0000000000000000000, 1.000000000000000000 ) ) ;
#3999 = ORIENTED_EDGE ( 'NONE', *, *, #553, .T. ) ;
#4000 = CARTESIAN_POINT ( 'NONE',  ( 0.0000000000000000000, 6.123233995736766282E-16, -5.000000000000000000 ) ) ;
#4001 = CARTESIAN_POINT ( 'NONE',  ( 5.000000000000000000, 4.633235910246737532, -7.806255641895631925E-15 ) ) ;
#4002 = VERTEX_POINT ( 'NONE', #388 ) ;
#4003 = VECTOR ( 'NONE', #10702, 1000.000000000000000 ) ;
#4004 = CARTESIAN_POINT ( 'NONE',  ( 0.0000000000000000000, 0.0000000000000000000, 11.50000000000000000 ) ) ;
#4005 = CARTESIAN_POINT ( 'NONE',  ( 9.104919307081178914, 20.02423676952608389, 2.005398927950739818 ) ) ;
#4006 = ORIENTED_EDGE ( 'NONE', *, *, #9714, .T. ) ;
#4007 = ORIENTED_EDGE ( 'NONE', *, *, #8789, .F. ) ;
#4008 = CARTESIAN_POINT ( 'NONE',  ( -40.94936990562959522, -9.160158949754924507, -16.00000000000000000 ) ) ;
#4009 = DIRECTION ( 'NONE',  ( -0.0000000000000000000, 1.000000000000000000, 0.0000000000000000000 ) ) ;
#4010 = EDGE_CURVE ( 'NONE', #9876, #5752, #479, .T. ) ;
#4011 = EDGE_LOOP ( 'NONE', ( #5584, #9990 ) ) ;
#4012 = AXIS2_PLACEMENT_3D ( 'NONE', #7132, #4660, #7175 ) ;
#4013 = CARTESIAN_POINT ( 'NONE',  ( 0.0000000000000000000, -1.022107221908487684, -13.53952102847735972 ) ) ;
#4014 = ORIENTED_EDGE ( 'NONE', *, *, #5795, .T. ) ;
#4015 = CARTESIAN_POINT ( 'NONE',  ( 2.449293598294706513E-15, -35.00000000000000000, -20.00000000000000000 ) ) ;
#4016 = CARTESIAN_POINT ( 'NONE',  ( 8.004888187521654430, 20.35141064624147944, 3.000000000000005329 ) ) ;
#4017 = CARTESIAN_POINT ( 'NONE',  ( 5.000000000000000000, -0.9724665692850890109, -6.058069561147902959 ) ) ;
#4018 = B_SPLINE_CURVE_WITH_KNOTS ( 'NONE', 3,
 ( #8134, #7991, #725, #6379, #1400, #7173 ),
 .UNSPECIFIED., .F., .F.,
 ( 4, 2, 4 ),
 ( 0.0000000000000000000, 0.0005558456563049404223, 0.001111691312609880845 ),
 .UNSPECIFIED. ) ;
#4019 = ORIENTED_EDGE ( 'NONE', *, *, #5994, .T. ) ;
#4020 = ORIENTED_EDGE ( 'NONE', *, *, #10468, .F. ) ;
#4021 = DIRECTION ( 'NONE',  ( 0.0000000000000000000, 1.000000000000000000, 0.0000000000000000000 ) ) ;
#4022 = LINE ( 'NONE', #3903, #9606 ) ;
#4023 = ORIENTED_EDGE ( 'NONE', *, *, #4086, .T. ) ;
#4024 = EDGE_CURVE ( 'NONE', #5631, #6994, #1897, .T. ) ;
#4025 = EDGE_CURVE ( 'NONE', #7660, #10212, #9432, .T. ) ;
#4026 = AXIS2_PLACEMENT_3D ( 'NONE', #4442, #7831, #1946 ) ;
#4027 = CIRCLE ( 'NONE', #4517, 1.000000000000000888 ) ;
#4028 = DIRECTION ( 'NONE',  ( -0.0000000000000000000, -0.0000000000000000000, -1.000000000000000000 ) ) ;
#4029 = CARTESIAN_POINT ( 'NONE',  ( 16.32025544699465058, 0.0000000000000000000, -11.60230975315043622 ) ) ;
#4030 = CARTESIAN_POINT ( 'NONE',  ( -45.43751802133127882, -8.513618771524454232, 17.00000000000000000 ) ) ;
#4031 = CARTESIAN_POINT ( 'NONE',  ( -30.66513287557816270, -1.152043934285762905, 14.20272524571434403 ) ) ;
#4032 = DIRECTION ( 'NONE',  ( 0.0000000000000000000, -0.4999999999999981681, 0.8660254037844395958 ) ) ;
#4033 = ADVANCED_FACE ( 'NONE', ( #4237 ), #1000, .T. ) ;
#4034 = ORIENTED_EDGE ( 'NONE', *, *, #2161, .T. ) ;
#4035 = FACE_OUTER_BOUND ( 'NONE', #2386, .T. ) ;
#4036 = ORIENTED_EDGE ( 'NONE', *, *, #9470, .T. ) ;
#4037 = CARTESIAN_POINT ( 'NONE',  ( -1.694585229536690996, 4.308267532720396531, 2.000000000000000000 ) ) ;
#4038 = SURFACE_STYLE_FILL_AREA ( #3366 ) ;
#4039 = EDGE_CURVE ( 'NONE', #10585, #7088, #5541, .T. ) ;
#4040 =( LENGTH_UNIT ( ) NAMED_UNIT ( * ) SI_UNIT ( .MILLI., .METRE. ) );
#4041 = UNCERTAINTY_MEASURE_WITH_UNIT (LENGTH_MEASURE( 1.000000000000000082E-05 ), #3016, 'distance_accuracy_value', 'NONE');
#4042 = CARTESIAN_POINT ( 'NONE',  ( 3.708000751093673220, 22.09803150779407588, 25.24490244883094547 ) ) ;
#4043 = AXIS2_PLACEMENT_3D ( 'NONE', #5398, #2175, #6345 ) ;
#4044 = EDGE_LOOP ( 'NONE', ( #666, #157, #912, #7168 ) ) ;
#4045 = AXIS2_PLACEMENT_3D ( 'NONE', #5218, #9325, #6812 ) ;
#4046 = ADVANCED_FACE ( 'NONE', ( #347 ), #3077, .T. ) ;
#4047 = ADVANCED_FACE ( 'NONE', ( #8258 ), #7361, .T. ) ;
#4048 = ORIENTED_EDGE ( 'NONE', *, *, #1300, .F. ) ;
#4049 = DIRECTION ( 'NONE',  ( -0.0000000000000000000, -0.0000000000000000000, -1.000000000000000000 ) ) ;
#4050 = CARTESIAN_POINT ( 'NONE',  ( -2.500000000000000000, 3.061616997868383141E-16, -5.724496230895143256 ) ) ;
#4051 = CARTESIAN_POINT ( 'NONE',  ( 0.0000000000000000000, 7.999999999999998224, 0.0000000000000000000 ) ) ;
#4052 = CARTESIAN_POINT ( 'NONE',  ( 0.4465819873852038824, 5.773502691896261751, 7.658331097742661643E-17 ) ) ;
#4053 = CARTESIAN_POINT ( 'NONE',  ( 3.372500267112782169, 4.000000000000000000, -4.962483445647372982 ) ) ;
#4054 = ORIENTED_EDGE ( 'NONE', *, *, #2277, .F. ) ;
#4055 = ORIENTED_EDGE ( 'NONE', *, *, #8995, .F. ) ;
#4056 = MECHANICAL_DESIGN_GEOMETRIC_PRESENTATION_REPRESENTATION (  '', ( #10208 ), #4595 ) ;
#4057 = ORIENTED_EDGE ( 'NONE', *, *, #6244, .T. ) ;
#4058 = DIRECTION ( 'NONE',  ( -0.0000000000000000000, -1.000000000000000000, -0.0000000000000000000 ) ) ;
#4059 = CARTESIAN_POINT ( 'NONE',  ( -30.86602540378445525, -1.500000000000012657, -14.57071421427143676 ) ) ;
#4060 = CARTESIAN_POINT ( 'NONE',  ( -49.22070958161015852, -6.246763691215471148, 16.00000000000000000 ) ) ;
#4061 = ORIENTED_EDGE ( 'NONE', *, *, #1880, .T. ) ;
#4062 = DIRECTION ( 'NONE',  ( 0.0000000000000000000, 0.0000000000000000000, 1.000000000000000000 ) ) ;
#4063 = APPLICATION_CONTEXT ( 'automotive_design' ) ;
#4064 =( LENGTH_UNIT ( ) NAMED_UNIT ( * ) SI_UNIT ( .MILLI., .METRE. ) );
#4065 = FACE_OUTER_BOUND ( 'NONE', #4477, .T. ) ;
#4066 = LINE ( 'NONE', #6297, #3556 ) ;
#4067 = DIRECTION ( 'NONE',  ( -0.0000000000000000000, -0.0000000000000000000, 1.000000000000000000 ) ) ;
#4068 = CARTESIAN_POINT ( 'NONE',  ( -43.39809257190685798, -13.75323630878451908, 16.00000000000000000 ) ) ;
#4069 = EDGE_CURVE ( 'NONE', #1020, #4750, #10718, .T. ) ;
#4070 = PLANE ( 'NONE',  #7390 ) ;
#4071 = AXIS2_PLACEMENT_3D ( 'NONE', #898, #868, #2500 ) ;
#4072 = CARTESIAN_POINT ( 'NONE',  ( 39.32547229361256313, 22.05468576882094567, 3.314579963387052519 ) ) ;
#4073 = DIRECTION ( 'NONE',  ( 1.000000000000000000, 0.0000000000000000000, 0.0000000000000000000 ) ) ;
#4074 = VERTEX_POINT ( 'NONE', #7864 ) ;
#4075 = CARTESIAN_POINT ( 'NONE',  ( 0.0000000000000000000, 0.0000000000000000000, 10.49999999999999822 ) ) ;
#4076 = SURFACE_STYLE_USAGE ( .BOTH. , #2423 ) ;
#4077 = LINE ( 'NONE', #2005, #10039 ) ;
#4078 = ADVANCED_FACE ( 'NONE', ( #2440 ), #4118, .T. ) ;
#4079 = CARTESIAN_POINT ( 'NONE',  ( -46.30940107675852602, -10.19999999999999929, -20.00000000000000355 ) ) ;
#4080 = DIRECTION ( 'NONE',  ( 0.0000000000000000000, 0.0000000000000000000, -1.000000000000000000 ) ) ;
#4081 = CARTESIAN_POINT ( 'NONE',  ( 42.00000000000000000, 22.03209181533656746, 2.000000000000000000 ) ) ;
#4082 = DIRECTION ( 'NONE',  ( 1.000000000000000000, 0.0000000000000000000, 0.0000000000000000000 ) ) ;
#4083 = B_SPLINE_CURVE_WITH_KNOTS ( 'NONE', 3,
 ( #6507, #7327, #5736, #6617, #6700, #8440, #41, #8396 ),
 .UNSPECIFIED., .F., .F.,
 ( 4, 1, 1, 1, 1, 4 ),
 ( 0.0000000000000000000, 0.01249999999999995559, 0.02499999999999991118, 0.03750000000000008882, 0.05000000000000004441, 0.1257157524529521897 ),
 .UNSPECIFIED. ) ;
#4084 = CONICAL_SURFACE ( 'NONE', #6099, 5.000000000000000888, 1.047197551196596299 ) ;
#4085 = EDGE_CURVE ( 'NONE', #7660, #2322, #7725, .T. ) ;
#4086 = EDGE_CURVE ( 'NONE', #7367, #10098, #8104, .T. ) ;
#4087 = LINE ( 'NONE', #7385, #4341 ) ;
#4088 = AXIS2_PLACEMENT_3D ( 'NONE', #4961, #6566, #2505 ) ;
#4089 = DIRECTION ( 'NONE',  ( 0.0000000000000000000, 0.0000000000000000000, 1.000000000000000000 ) ) ;
#4090 = CARTESIAN_POINT ( 'NONE',  ( -18.06039371099786095, -25.00000000000000000, -13.99999999999999822 ) ) ;
#4091 = CIRCLE ( 'NONE', #3806, 5.000000000000068390 ) ;
#4092 = ADVANCED_FACE ( 'NONE', ( #4756, #2025 ), #1202, .F. ) ;
#4093 = EDGE_CURVE ( 'NONE', #7752, #2816, #10447, .T. ) ;
#4094 = ADVANCED_FACE ( 'NONE', ( #1389 ), #1085, .T. ) ;
#4095 = CONICAL_SURFACE ( 'NONE', #252, 5.000000000000000888, 1.047197551196596299 ) ;
#4096 = CARTESIAN_POINT ( 'NONE',  ( 22.94734990167305000, 10.69999999999999929, 1.500000000000000000 ) ) ;
#4097 = CARTESIAN_POINT ( 'NONE',  ( -51.34807327541857092, -11.25413454116639400, -16.00000000000000000 ) ) ;
#4098 = CARTESIAN_POINT ( 'NONE',  ( 18.97613226645720985, 1.000000000000000000, 0.0000000000000000000 ) ) ;
#4099 = CARTESIAN_POINT ( 'NONE',  ( 0.0000000000000000000, 0.0000000000000000000, 0.0000000000000000000 ) ) ;
#4100 = DIRECTION ( 'NONE',  ( -0.0000000000000000000, -0.0000000000000000000, -1.000000000000000000 ) ) ;
#4101 = CARTESIAN_POINT ( 'NONE',  ( -3.510951939413483921E-15, 4.821944789745366222, -1.648146632868999983 ) ) ;
#4102 = APPLICATION_CONTEXT ( 'automotive_design' ) ;
#4103 = DIRECTION ( 'NONE',  ( -0.0000000000000000000, -1.000000000000000000, -0.0000000000000000000 ) ) ;
#4104 = AXIS2_PLACEMENT_3D ( 'NONE', #681, #9750, #7263 ) ;
#4105 = AXIS2_PLACEMENT_3D ( 'NONE', #7135, #10493, #7953 ) ;
#4106 = DIRECTION ( 'NONE',  ( 1.000000000000000000, 0.0000000000000000000, 0.0000000000000000000 ) ) ;
#4107 = VECTOR ( 'NONE', #2250, 1000.000000000000114 ) ;
#4108 = LINE ( 'NONE', #9398, #5009 ) ;
#4109 = FACE_OUTER_BOUND ( 'NONE', #1457, .T. ) ;
#4110 = CARTESIAN_POINT ( 'NONE',  ( 39.40278056462336309, 22.04736506399892448, 25.27088413697036273 ) ) ;
#4111 = CARTESIAN_POINT ( 'NONE',  ( 0.8179331680532991866, 5.301268757141563981, -0.1739375980333754679 ) ) ;
#4112 = CARTESIAN_POINT ( 'NONE',  ( 1.606877482321493055E-15, 3.958346224592498963, 12.70277974657490283 ) ) ;
#4113 = ORIENTED_EDGE ( 'NONE', *, *, #9032, .F. ) ;
#4114 = DIRECTION ( 'NONE',  ( -1.224646799147353454E-16, 0.0000000000000000000, -1.000000000000000000 ) ) ;
#4115 = DIRECTION ( 'NONE',  ( -0.0000000000000000000, -0.0000000000000000000, 1.000000000000000000 ) ) ;
#4116 = FACE_BOUND ( 'NONE', #6116, .T. ) ;
#4117 = EDGE_CURVE ( 'NONE', #9647, #350, #8953, .T. ) ;
#4118 = CYLINDRICAL_SURFACE ( 'NONE', #9849, 1.000000000000000000 ) ;
#4119 = DIRECTION ( 'NONE',  ( 0.0000000000000000000, 0.0000000000000000000, -1.000000000000000000 ) ) ;
#4120 = DIRECTION ( 'NONE',  ( 0.0000000000000000000, 0.0000000000000000000, -1.000000000000000000 ) ) ;
#4121 = CYLINDRICAL_SURFACE ( 'NONE', #3855, 20.00000000000000000 ) ;
#4122 = AXIS2_PLACEMENT_3D ( 'NONE', #4252, #5910, #9129 ) ;
#4123 = CARTESIAN_POINT ( 'NONE',  ( -18.25235012305800097, -27.00000000000000355, 16.00000000000000000 ) ) ;
#4124 = AXIS2_PLACEMENT_3D ( 'NONE', #7527, #8357, #9209 ) ;
#4125 = DIRECTION ( 'NONE',  ( -1.000000000000000000, 0.0000000000000000000, 0.0000000000000000000 ) ) ;
#4126 = FACE_OUTER_BOUND ( 'NONE', #2332, .T. ) ;
#4127 = ORIENTED_EDGE ( 'NONE', *, *, #2289, .F. ) ;
#4128 = LINE ( 'NONE', #3597, #8269 ) ;
#4129 = VERTEX_POINT ( 'NONE', #2789 ) ;
#4130 = DIRECTION ( 'NONE',  ( 0.0000000000000000000, 0.0000000000000000000, -1.000000000000000000 ) ) ;
#4131 = VERTEX_POINT ( 'NONE', #5342 ) ;
#4132 = EDGE_CURVE ( 'NONE', #570, #8700, #9571, .T. ) ;
#4133 = CARTESIAN_POINT ( 'NONE',  ( -49.62602586711391695, -5.000000000000000888, -15.99999999999999645 ) ) ;
#4134 = ORIENTED_EDGE ( 'NONE', *, *, #491, .F. ) ;
#4135 = EDGE_LOOP ( 'NONE', ( #2330, #4782, #3615 ) ) ;
#4136 = CARTESIAN_POINT ( 'NONE',  ( -9.382803421143266931, -0.1777251015289381397, 26.50000000000000000 ) ) ;
#4137 = VERTEX_POINT ( 'NONE', #7715 ) ;
#4138 = CARTESIAN_POINT ( 'NONE',  ( -50.04187662689903959, -7.052605167473346093, -16.00000000000000000 ) ) ;
#4139 = DIRECTION ( 'NONE',  ( 1.000000000000000000, 0.0000000000000000000, 0.0000000000000000000 ) ) ;
#4140 = CARTESIAN_POINT ( 'NONE',  ( 8.788349632960986924, 3.226023196415221950, -9.521141061632224734 ) ) ;
#4141 = VERTEX_POINT ( 'NONE', #1165 ) ;
#4142 = EDGE_CURVE ( 'NONE', #7376, #10197, #221, .T. ) ;
#4143 = PRODUCT_CONTEXT ( 'NONE', #6620, 'mechanical' ) ;
#4144 = ORIENTED_EDGE ( 'NONE', *, *, #9111, .T. ) ;
#4145 = STYLED_ITEM ( 'NONE', ( #8429 ), #3515 ) ;
#4146 = VERTEX_POINT ( 'NONE', #4460 ) ;
#4147 = VERTEX_POINT ( 'NONE', #2859 ) ;
#4148 = CARTESIAN_POINT ( 'NONE',  ( 17.97699349158354210, 0.9585065240796716290, 1.500000000000000000 ) ) ;
#4149 = CARTESIAN_POINT ( 'NONE',  ( -12.00000000000000355, -5.000000000000000888, -16.00000000000000000 ) ) ;
#4150 = DIRECTION ( 'NONE',  ( 1.000000000000000000, 0.0000000000000000000, 0.0000000000000000000 ) ) ;
#4151 = ORIENTED_EDGE ( 'NONE', *, *, #6098, .F. ) ;
#4152 = DIRECTION ( 'NONE',  ( 1.000000000000000000, 0.0000000000000000000, -0.0000000000000000000 ) ) ;
#4153 = PLANE ( 'NONE',  #9213 ) ;
#4154 = VERTEX_POINT ( 'NONE', #378 ) ;
#4155 = ADVANCED_FACE ( 'NONE', ( #1109 ), #9405, .T. ) ;
#4156 = ADVANCED_FACE ( 'NONE', ( #5154 ), #6052, .T. ) ;
#4157 = ORIENTED_EDGE ( 'NONE', *, *, #10109, .T. ) ;
#4158 = ORIENTED_EDGE ( 'NONE', *, *, #696, .F. ) ;
#4159 = CARTESIAN_POINT ( 'NONE',  ( 0.0000000000000000000, 0.0000000000000000000, -0.3851141460153376106 ) ) ;
#4160 = EDGE_CURVE ( 'NONE', #10106, #4002, #7223, .T. ) ;
#4161 = AXIS2_PLACEMENT_3D ( 'NONE', #5765, #5705, #1604 ) ;
#4162 = EDGE_LOOP ( 'NONE', ( #9862, #7547, #4699, #7894, #4964, #8562, #8326, #5173 ) ) ;
#4163 = DIRECTION ( 'NONE',  ( -1.000000000000000000, -0.0000000000000000000, -0.0000000000000000000 ) ) ;
#4164 = FACE_OUTER_BOUND ( 'NONE', #7490, .T. ) ;
#4165 = CARTESIAN_POINT ( 'NONE',  ( 34.48061228278506718, 20.11813772300484970, 0.0000000000000000000 ) ) ;
#4166 = CARTESIAN_POINT ( 'NONE',  ( -48.59418580134654064, -4.444328466238924413, 15.97059629648927803 ) ) ;
#4167 = ORIENTED_EDGE ( 'NONE', *, *, #4834, .T. ) ;
#4168 = LINE ( 'NONE', #10588, #3640 ) ;
#4169 = ORIENTED_EDGE ( 'NONE', *, *, #2753, .F. ) ;
#4170 = DIRECTION ( 'NONE',  ( -1.000000000000000000, -0.0000000000000000000, -0.0000000000000000000 ) ) ;
#4171 = CARTESIAN_POINT ( 'NONE',  ( -1.311724005450015124E-07, 0.0000000000000000000, -19.99803989383731917 ) ) ;
#4172 = VECTOR ( 'NONE', #9669, 1000.000000000000000 ) ;
#4173 = ORIENTED_EDGE ( 'NONE', *, *, #8364, .T. ) ;
#4174 = CIRCLE ( 'NONE', #9696, 5.000000000000000888 ) ;
#4175 = EDGE_CURVE ( 'NONE', #9487, #8513, #8907, .T. ) ;
#4176 = ORIENTED_EDGE ( 'NONE', *, *, #264, .F. ) ;
#4177 =( GEOMETRIC_REPRESENTATION_CONTEXT ( 3 ) GLOBAL_UNCERTAINTY_ASSIGNED_CONTEXT ( ( #4183 ) ) GLOBAL_UNIT_ASSIGNED_CONTEXT ( ( #10070, #6050, #3490 ) ) REPRESENTATION_CONTEXT ( 'NONE', 'WORKASPACE' ) );
#4178 = CARTESIAN_POINT ( 'NONE',  ( -21.13101504113500795, -6.846491037830930264E-15, -11.23992813261850010 ) ) ;
#4179 = CARTESIAN_POINT ( 'NONE',  ( 5.000000000000000000, 0.0000000000000000000, 0.0000000000000000000 ) ) ;
#4180 = CARTESIAN_POINT ( 'NONE',  ( -49.32428295434048238, -6.327103434332690846, 16.00000000000000000 ) ) ;
#4181 = CARTESIAN_POINT ( 'NONE',  ( -21.97505122568147584, 0.0000000000000000000, 6.240288046239619746 ) ) ;
#4182 = CIRCLE ( 'NONE', #7575, 5.000000000000000888 ) ;
#4183 = UNCERTAINTY_MEASURE_WITH_UNIT (LENGTH_MEASURE( 1.000000000000000082E-05 ), #10070, 'distance_accuracy_value', 'NONE');
#4184 = CARTESIAN_POINT ( 'NONE',  ( -21.49920583820770759, 0.0000000000000000000, 10.99999999999999822 ) ) ;
#4185 = ORIENTED_EDGE ( 'NONE', *, *, #8971, .T. ) ;
#4186 = ORIENTED_EDGE ( 'NONE', *, *, #9795, .F. ) ;
#4187 = EDGE_CURVE ( 'NONE', #8266, #8796, #6701, .T. ) ;
#4188 = ORIENTED_EDGE ( 'NONE', *, *, #5833, .F. ) ;
#4189 = ORIENTED_EDGE ( 'NONE', *, *, #3185, .F. ) ;
#4190 = CARTESIAN_POINT ( 'NONE',  ( -47.59375280793623375, -7.101215356597956330, 16.50000000000000000 ) ) ;
#4191 = CARTESIAN_POINT ( 'NONE',  ( 0.0000000000000000000, 0.0000000000000000000, 7.500000000000000000 ) ) ;
#4192 = DIRECTION ( 'NONE',  ( -1.347358039593636966E-16, 0.0000000000000000000, 1.000000000000000000 ) ) ;
#4193 = CARTESIAN_POINT ( 'NONE',  ( -25.69999999999999929, 1.500000000000000000, -5.150000000000001243 ) ) ;
#4194 = AXIS2_PLACEMENT_3D ( 'NONE', #7419, #2466, #8248 ) ;
#4195 = AXIS2_PLACEMENT_3D ( 'NONE', #3296, #2471, #6533 ) ;
#4196 = CARTESIAN_POINT ( 'NONE',  ( -49.22070958161013721, -6.246763691215460490, 16.00000000000000000 ) ) ;
#4197 = CARTESIAN_POINT ( 'NONE',  ( -11.31370849898476294, -34.64852419240283865, -14.00000000000000000 ) ) ;
#4198 = EDGE_LOOP ( 'NONE', ( #9634, #6060, #8783, #9721 ) ) ;
#4199 = ORIENTED_EDGE ( 'NONE', *, *, #5934, .T. ) ;
#4200 = CARTESIAN_POINT ( 'NONE',  ( -28.86363071580634099, -33.48353000371893273, 15.99999999999999645 ) ) ;
#4201 = ORIENTED_EDGE ( 'NONE', *, *, #4447, .T. ) ;
#4202 = DIRECTION ( 'NONE',  ( 0.0000000000000000000, 0.0000000000000000000, 1.000000000000000000 ) ) ;
#4203 = CARTESIAN_POINT ( 'NONE',  ( -46.30940107675852602, -10.00000000000000178, -17.00000000000000000 ) ) ;
#4204 = DIRECTION ( 'NONE',  ( -0.9306005987039488447, 0.3660362354902205739, 0.0000000000000000000 ) ) ;
#4205 = CIRCLE ( 'NONE', #6172, 11.00000000000000000 ) ;
#4206 = ORIENTED_EDGE ( 'NONE', *, *, #8221, .F. ) ;
#4207 = AXIS2_PLACEMENT_3D ( 'NONE', #7967, #9670, #3087 ) ;
#4208 = ADVANCED_FACE ( 'NONE', ( #759 ), #7038, .T. ) ;
#4209 = CARTESIAN_POINT ( 'NONE',  ( -20.02997562435313483, -0.1492715219880682842, -12.24060687750078991 ) ) ;
#4210 = CIRCLE ( 'NONE', #10331, 1.000000000000001110 ) ;
#4211 = DIRECTION ( 'NONE',  ( 0.0000000000000000000, 0.0000000000000000000, 1.000000000000000000 ) ) ;
#4212 = DIRECTION ( 'NONE',  ( -0.8191520442889909104, 0.0000000000000000000, -0.5735764363510472696 ) ) ;
#4213 = CARTESIAN_POINT ( 'NONE',  ( 17.97699349158354210, 0.9585065240796716290, 26.50000000000000000 ) ) ;
#4214 = CARTESIAN_POINT ( 'NONE',  ( 0.0000000000000000000, 0.0000000000000000000, -6.099999999999999645 ) ) ;
#4215 = CARTESIAN_POINT ( 'NONE',  ( 58.25768616347284734, 0.4009282413531840006, 0.0000000000000000000 ) ) ;
#4216 = PLANE ( 'NONE',  #10204 ) ;
#4217 = EDGE_CURVE ( 'NONE', #1020, #10427, #619, .T. ) ;
#4218 = CARTESIAN_POINT ( 'NONE',  ( 14.20419899880919168, 2.452046392830443899, -14.07979867761707382 ) ) ;
#4219 = AXIS2_PLACEMENT_3D ( 'NONE', #1268, #4421, #6161 ) ;
#4220 = FILL_AREA_STYLE_COLOUR ( '', #910 ) ;
#4221 = CARTESIAN_POINT ( 'NONE',  ( -18.03270460469056857, -2.064377690325672532, -15.04945227702641652 ) ) ;
#4222 = TOROIDAL_SURFACE ( 'NONE', #6005, 6.251106233125548250, 127.4616428521383114 ) ;
#4223 = CARTESIAN_POINT ( 'NONE',  ( -35.19615242270663913, -4.000000000000000888, -15.89897948556635221 ) ) ;
#4224 = CIRCLE ( 'NONE', #7487, 11.00000000000000000 ) ;
#4225 = DIRECTION ( 'NONE',  ( -0.0000000000000000000, -1.000000000000000000, -0.0000000000000000000 ) ) ;
#4226 = CARTESIAN_POINT ( 'NONE',  ( -46.30940107675852602, -10.00000000000000178, -17.00000000000000000 ) ) ;
#4227 = CARTESIAN_POINT ( 'NONE',  ( -46.30940107675852602, -4.000000000000001776, 15.89897948556635221 ) ) ;
#4228 = B_SPLINE_CURVE_WITH_KNOTS ( 'NONE', 3,
 ( #7313, #719, #7378, #1538, #8207, #9054, #4072 ),
 .UNSPECIFIED., .F., .F.,
 ( 4, 3, 4 ),
 ( -2.000000000001948678E-05, 0.0000000000000000000, 0.001036843824386020569 ),
 .UNSPECIFIED. ) ;
#4229 = VECTOR ( 'NONE', #473, 1000.000000000000000 ) ;
#4230 = EDGE_CURVE ( 'NONE', #8222, #4302, #9958, .T. ) ;
#4231 = EDGE_CURVE ( 'NONE', #6123, #2404, #10593, .T. ) ;
#4232 = AXIS2_PLACEMENT_3D ( 'NONE', #9022, #9895, #937 ) ;
#4233 = ORIENTED_EDGE ( 'NONE', *, *, #2845, .F. ) ;
#4234 = CARTESIAN_POINT ( 'NONE',  ( 6.395970796528011704, 31.73000000000000043, 3.000000000000004885 ) ) ;
#4235 = CARTESIAN_POINT ( 'NONE',  ( -19.14288451546293501, -0.7835368689135056020, -13.69060235082576327 ) ) ;
#4236 = ORIENTED_EDGE ( 'NONE', *, *, #9801, .F. ) ;
#4237 = FACE_OUTER_BOUND ( 'NONE', #10378, .T. ) ;
#4238 = CARTESIAN_POINT ( 'NONE',  ( -49.52295863858646641, -6.494680358738834869, -16.00000000000000000 ) ) ;
#4239 = CARTESIAN_POINT ( 'NONE',  ( 5.547697716354168307, 4.000000000000000888, 2.372291194906506195 ) ) ;
#4240 = CIRCLE ( 'NONE', #10409, 14.88882382602189303 ) ;
#4241 = PRODUCT_DEFINITION_CONTEXT ( 'detailed design', #8263, 'design' ) ;
#4242 = ORIENTED_EDGE ( 'NONE', *, *, #5062, .T. ) ;
#4243 = AXIS2_PLACEMENT_3D ( 'NONE', #10130, #6777, #10032 ) ;
#4244 = AXIS2_PLACEMENT_3D ( 'NONE', #1910, #1839, #7601 ) ;
#4245 = DIRECTION ( 'NONE',  ( -1.000000000000000000, 0.0000000000000000000, 0.0000000000000000000 ) ) ;
#4246 = CARTESIAN_POINT ( 'NONE',  ( -49.22070958161015852, -6.246763691215471148, -16.00000000000000000 ) ) ;
#4247 = CARTESIAN_POINT ( 'NONE',  ( 5.000000000000000888, 0.9828435001097634016, -0.04309034703445750736 ) ) ;
#4248 = FACE_OUTER_BOUND ( 'NONE', #5485, .T. ) ;
#4249 = DIRECTION ( 'NONE',  ( 0.0000000000000000000, 0.0000000000000000000, -1.000000000000000000 ) ) ;
#4250 = EDGE_LOOP ( 'NONE', ( #9119, #6802 ) ) ;
#4251 =( NAMED_UNIT ( * ) PLANE_ANGLE_UNIT ( ) SI_UNIT ( $, .RADIAN. ) );
#4252 = CARTESIAN_POINT ( 'NONE',  ( -46.30940107675852602, -10.19999999999999929, -15.99999999999999645 ) ) ;
#4253 = CARTESIAN_POINT ( 'NONE',  ( 3.773198524618077698, 4.000000000000000000, -4.673916180009822341 ) ) ;
#4254 = ORIENTED_EDGE ( 'NONE', *, *, #9887, .T. ) ;
#4255 = ADVANCED_FACE ( 'NONE', ( #5021 ), #6595, .F. ) ;
#4256 = ADVANCED_FACE ( 'NONE', ( #2306 ), #9527, .F. ) ;
#4257 = DIRECTION ( 'NONE',  ( -1.347358039593636966E-16, 0.0000000000000000000, 1.000000000000000000 ) ) ;
#4258 = VERTEX_POINT ( 'NONE', #3689 ) ;
#4259 = ORIENTED_EDGE ( 'NONE', *, *, #4498, .T. ) ;
#4260 = CARTESIAN_POINT ( 'NONE',  ( 4.180704885107411783, 3.359771601077108816, -5.901655677627843488 ) ) ;
#4261 = ORIENTED_EDGE ( 'NONE', *, *, #9760, .T. ) ;
#4262 = AXIS2_PLACEMENT_3D ( 'NONE', #7230, #8819, #6370 ) ;
#4263 = LINE ( 'NONE', #3976, #4003 ) ;
#4264 = DIRECTION ( 'NONE',  ( 0.0000000000000000000, 0.0000000000000000000, -1.000000000000000000 ) ) ;
#4265 = CARTESIAN_POINT ( 'NONE',  ( -47.31417448467101394, -8.775555923651067403, -17.00000000000000000 ) ) ;
#4266 = ORIENTED_EDGE ( 'NONE', *, *, #3001, .T. ) ;
#4267 = VERTEX_POINT ( 'NONE', #8738 ) ;
#4268 = EDGE_LOOP ( 'NONE', ( #4113, #2931, #8270, #2106 ) ) ;
#4269 = DIRECTION ( 'NONE',  ( -1.000000000000000000, 1.734723475976807686E-15, 0.0000000000000000000 ) ) ;
#4270 = CARTESIAN_POINT ( 'NONE',  ( 0.0000000000000000000, 0.0000000000000000000, -5.000000000000000888 ) ) ;
#4271 = ORIENTED_EDGE ( 'NONE', *, *, #7693, .F. ) ;
#4272 = ORIENTED_EDGE ( 'NONE', *, *, #6387, .T. ) ;
#4273 = CARTESIAN_POINT ( 'NONE',  ( -13.77116439569653217, 0.8947360214624175967, -14.00674364248795811 ) ) ;
#4274 = CARTESIAN_POINT ( 'NONE',  ( 39.26439155837419293, 21.05655294009385514, 0.0000000000000000000 ) ) ;
#4275 = CARTESIAN_POINT ( 'NONE',  ( -40.94936990562912627, -9.160158949754823254, 15.99999999999986500 ) ) ;
#4276 = CARTESIAN_POINT ( 'NONE',  ( 5.000000000000000000, 0.0000000000000000000, 0.0000000000000000000 ) ) ;
#4277 = EDGE_CURVE ( 'NONE', #1816, #10501, #2691, .T. ) ;
#4278 = ORIENTED_EDGE ( 'NONE', *, *, #1355, .T. ) ;
#4279 = AXIS2_PLACEMENT_3D ( 'NONE', #2667, #8349, #5914 ) ;
#4280 = FACE_BOUND ( 'NONE', #3798, .T. ) ;
#4281 = ORIENTED_EDGE ( 'NONE', *, *, #7057, .F. ) ;
#4282 = ORIENTED_EDGE ( 'NONE', *, *, #9572, .F. ) ;
#4283 = FACE_OUTER_BOUND ( 'NONE', #8286, .T. ) ;
#4284 = VERTEX_POINT ( 'NONE', #6258 ) ;
#4285 = DIRECTION ( 'NONE',  ( 1.000000000000000000, 0.0000000000000000000, 0.0000000000000000000 ) ) ;
#4286 = DIRECTION ( 'NONE',  ( 1.000000000000000000, 0.0000000000000000000, 0.0000000000000000000 ) ) ;
#4287 = CARTESIAN_POINT ( 'NONE',  ( 3.673940397442060361E-16, 0.0000000000000000000, -3.000000000000000444 ) ) ;
#4288 = ORIENTED_EDGE ( 'NONE', *, *, #1705, .F. ) ;
#4289 = DIRECTION ( 'NONE',  ( -1.000000000000000000, 0.0000000000000000000, 0.0000000000000000000 ) ) ;
#4290 = FACE_OUTER_BOUND ( 'NONE', #836, .T. ) ;
#4291 = ORIENTED_EDGE ( 'NONE', *, *, #10388, .T. ) ;
#4292 = CARTESIAN_POINT ( 'NONE',  ( 0.0000000000000000000, -1.200000000000000030E-05, 26.00000000000000355 ) ) ;
#4293 = DIRECTION ( 'NONE',  ( 0.0000000000000000000, 0.0000000000000000000, 1.000000000000000000 ) ) ;
#4294 = EDGE_CURVE ( 'NONE', #10680, #2768, #8767, .T. ) ;
#4295 = AXIS2_PLACEMENT_3D ( 'NONE', #6420, #8032, #3729 ) ;
#4296 = CARTESIAN_POINT ( 'NONE',  ( -46.30940107675852602, -10.00000000000000178, -17.00000000000000000 ) ) ;
#4297 = CARTESIAN_POINT ( 'NONE',  ( -48.31922871950574461, -7.551329678991878680, 16.50000000000000000 ) ) ;
#4298 = SURFACE_STYLE_FILL_AREA ( #2228 ) ;
#4299 = VERTEX_POINT ( 'NONE', #9494 ) ;
#4300 = PRODUCT ( 'A312 Колесо с тормозом O35 М10х20', 'A312 Колесо с тормозом O35 М10х20', '', ( #1640 ) ) ;
#4301 = EDGE_CURVE ( 'NONE', #4557, #9647, #9798, .T. ) ;
#4302 = VERTEX_POINT ( 'NONE', #2906 ) ;
#4303 = CIRCLE ( 'NONE', #6816, 0.9999999999999990008 ) ;
#4304 = DIRECTION ( 'NONE',  ( 1.000000000000000000, 0.0000000000000000000, 0.0000000000000000000 ) ) ;
#4305 = CARTESIAN_POINT ( 'NONE',  ( 10.40000000000000036, 0.0000000000000000000, -5.399999999999999467 ) ) ;
#4306 = ADVANCED_FACE ( 'NONE', ( #4893 ), #7095, .F. ) ;
#4307 = EDGE_CURVE ( 'NONE', #1835, #1665, #6173, .T. ) ;
#4308 = AXIS2_PLACEMENT_3D ( 'NONE', #5743, #925, #792 ) ;
#4309 = CARTESIAN_POINT ( 'NONE',  ( -13.57030132253429677, -1.786949998139430340, -15.09908967023436865 ) ) ;
#4310 = CARTESIAN_POINT ( 'NONE',  ( 5.916483417684606394, 21.73000000000000043, 0.2619890231366002742 ) ) ;
#4311 = ORIENTED_EDGE ( 'NONE', *, *, #2896, .F. ) ;
#4312 = CARTESIAN_POINT ( 'NONE',  ( -0.6336311669650944722, 4.000000000000000000, 6.823816964036582000 ) ) ;
#4313 = ORIENTED_EDGE ( 'NONE', *, *, #3866, .T. ) ;
#4314 = CYLINDRICAL_SURFACE ( 'NONE', #1868, 1.000000000000000888 ) ;
#4315 = EDGE_CURVE ( 'NONE', #721, #4633, #6041, .T. ) ;
#4316 = CARTESIAN_POINT ( 'NONE',  ( 36.60402920347198830, 20.72999999999999687, 0.0000000000000000000 ) ) ;
#4317 = CARTESIAN_POINT ( 'NONE',  ( 0.0000000000000000000, 0.0000000000000000000, 0.0000000000000000000 ) ) ;
#4318 = CARTESIAN_POINT ( 'NONE',  ( -7.118449302602206430, -32.31055268242869971, 16.53262470167040021 ) ) ;
#4319 =( NAMED_UNIT ( * ) PLANE_ANGLE_UNIT ( ) SI_UNIT ( $, .RADIAN. ) );
#4320 = AXIS2_PLACEMENT_3D ( 'NONE', #9929, #5789, #6637 ) ;
#4321 = ORIENTED_EDGE ( 'NONE', *, *, #7169, .F. ) ;
#4322 = CARTESIAN_POINT ( 'NONE',  ( 15.33069386212223861, 2.452143627986183017, -12.87970146197645782 ) ) ;
#4323 = AXIS2_PLACEMENT_3D ( 'NONE', #10444, #7347, #8952 ) ;
#4324 = CARTESIAN_POINT ( 'NONE',  ( -2.287832656137191112, 4.452621892014634319, -6.100000000000002309 ) ) ;
#4325 = DIRECTION ( 'NONE',  ( -0.0000000000000000000, 0.0000000000000000000, 1.000000000000000000 ) ) ;
#4326 = CIRCLE ( 'NONE', #4383, 3.000000000000000888 ) ;
#4327 = VECTOR ( 'NONE', #1143, 1000.000000000000000 ) ;
#4328 = CARTESIAN_POINT ( 'NONE',  ( -11.31370849898476294, -34.64852419240283865, -14.00000000000000000 ) ) ;
#4329 = EDGE_CURVE ( 'NONE', #4804, #7108, #1515, .T. ) ;
#4330 = CARTESIAN_POINT ( 'NONE',  ( 43.00000000000000000, 21.88813772300484928, 0.0000000000000000000 ) ) ;
#4331 = CARTESIAN_POINT ( 'NONE',  ( -49.65699333988568043, -10.86448890356655106, -16.50000000000000000 ) ) ;
#4332 = ORIENTED_EDGE ( 'NONE', *, *, #5079, .T. ) ;
#4333 = CARTESIAN_POINT ( 'NONE',  ( -47.38067205787781688, -8.831631760512310692, 17.00000000000000000 ) ) ;
#4334 = DIRECTION ( 'NONE',  ( -0.0000000000000000000, -1.000000000000000000, -0.0000000000000000000 ) ) ;
#4335 = CARTESIAN_POINT ( 'NONE',  ( 1.823355044160656154E-15, 0.0000000000000000000, 14.88882382602189303 ) ) ;
#4336 = PRODUCT_RELATED_PRODUCT_CATEGORY ( 'part', '', ( #9934 ) ) ;
#4337 = CARTESIAN_POINT ( 'NONE',  ( 33.69485974840338116, 19.73667871171355870, 1.714247465618308208 ) ) ;
#4338 = AXIS2_PLACEMENT_3D ( 'NONE', #3964, #2380, #5738 ) ;
#4339 = LINE ( 'NONE', #2737, #6824 ) ;
#4340 = CARTESIAN_POINT ( 'NONE',  ( -18.52907634243183566, -1.538022886669534905, -14.61001414395163778 ) ) ;
#4341 = VECTOR ( 'NONE', #807, 1000.000000000000000 ) ;
#4342 = CARTESIAN_POINT ( 'NONE',  ( 4.049437903333692468, 21.95398116338171590, 1.282131475344814087 ) ) ;
#4343 = DIRECTION ( 'NONE',  ( 0.0000000000000000000, -1.000000000000000000, 0.0000000000000000000 ) ) ;
#4344 = CARTESIAN_POINT ( 'NONE',  ( 2.836205516832972062, 22.38505103526629014, 24.99999999999999289 ) ) ;
#4345 = CARTESIAN_POINT ( 'NONE',  ( 3.673940397442060361E-16, 2.000000000000000000, -3.000000000000000444 ) ) ;
#4346 = CIRCLE ( 'NONE', #1584, 2.999999999999992450 ) ;
#4347 = VECTOR ( 'NONE', #3139, 1000.000000000000000 ) ;
#4348 = FACE_BOUND ( 'NONE', #5164, .T. ) ;
#4349 = FILL_AREA_STYLE_COLOUR ( '', #2555 ) ;
#4350 = CARTESIAN_POINT ( 'NONE',  ( -46.30940107675852602, -10.00000000000000178, 17.00000000000000000 ) ) ;
#4351 = EDGE_CURVE ( 'NONE', #9797, #355, #701, .T. ) ;
#4352 = FACE_OUTER_BOUND ( 'NONE', #59, .T. ) ;
#4353 = DIRECTION ( 'NONE',  ( -0.0000000000000000000, -0.0000000000000000000, 1.000000000000000000 ) ) ;
#4354 = ORIENTED_EDGE ( 'NONE', *, *, #10316, .F. ) ;
#4355 = AXIS2_PLACEMENT_3D ( 'NONE', #595, #8970, #8087 ) ;
#4356 = SURFACE_SIDE_STYLE ('',( #9326 ) ) ;
#4357 = ADVANCED_FACE ( 'NONE', ( #1239 ), #10307, .F. ) ;
#4358 = DIRECTION ( 'NONE',  ( 1.000000000000000000, 0.0000000000000000000, 0.0000000000000000000 ) ) ;
#4359 = COLOUR_RGB ( '',1.000000000000000000, 0.3098039215686274606, 0.0000000000000000000 ) ;
#4360 = VECTOR ( 'NONE', #8588, 1000.000000000000000 ) ;
#4361 = CARTESIAN_POINT ( 'NONE',  ( -16.87007700666916321, 1.458019496901078460, -8.632292526756939921 ) ) ;
#4362 = EDGE_LOOP ( 'NONE', ( #2941, #5830, #9581, #4541, #8634, #9725, #4966, #4392 ) ) ;
#4363 = CARTESIAN_POINT ( 'NONE',  ( -20.54027425932978446, -8.315395301799443780E-13, -5.811431646567717380 ) ) ;
#4364 = CARTESIAN_POINT ( 'NONE',  ( -10.91070732994941928, -0.004371439736475240569, 16.76578430578961587 ) ) ;
#4365 = FACE_OUTER_BOUND ( 'NONE', #7261, .T. ) ;
#4366 = CARTESIAN_POINT ( 'NONE',  ( -48.45584252319865470, -14.98277595945818774, 16.00000000000000000 ) ) ;
#4367 = EDGE_CURVE ( 'NONE', #4564, #1012, #5791, .T. ) ;
#4368 = EDGE_CURVE ( 'NONE', #1816, #355, #1775, .T. ) ;
#4369 = AXIS2_PLACEMENT_3D ( 'NONE', #9422, #10334, #5432 ) ;
#4370 = SHAPE_DEFINITION_REPRESENTATION ( #2345, #7001 ) ;
#4371 = TOROIDAL_SURFACE ( 'NONE', #4835, 6.251106233125548250, 128.9616428521383114 ) ;
#4372 = FACE_OUTER_BOUND ( 'NONE', #6628, .T. ) ;
#4373 = DIRECTION ( 'NONE',  ( 0.0000000000000000000, 0.0000000000000000000, -1.000000000000000000 ) ) ;
#4374 = VERTEX_POINT ( 'NONE', #8901 ) ;
#4375 = CARTESIAN_POINT ( 'NONE',  ( -10.93536351804664974, 0.007409323706336271367, -16.74953863115811714 ) ) ;
#4376 = LINE ( 'NONE', #1066, #10723 ) ;
#4377 = VERTEX_POINT ( 'NONE', #4766 ) ;
#4378 = CARTESIAN_POINT ( 'NONE',  ( 0.0000000000000000000, -4.330127018922188320, 2.500000000000009770 ) ) ;
#4379 = EDGE_CURVE ( 'NONE', #5631, #3127, #2918, .T. ) ;
#4380 = ORIENTED_EDGE ( 'NONE', *, *, #6366, .T. ) ;
#4381 = ORIENTED_EDGE ( 'NONE', *, *, #2151, .F. ) ;
#4382 = AXIS2_PLACEMENT_3D ( 'NONE', #10538, #10602, #5695 ) ;
#4383 = AXIS2_PLACEMENT_3D ( 'NONE', #8467, #4343, #3587 ) ;
#4384 = ORIENTED_EDGE ( 'NONE', *, *, #5994, .F. ) ;
#4385 = ORIENTED_EDGE ( 'NONE', *, *, #7139, .F. ) ;
#4386 = DIRECTION ( 'NONE',  ( -0.0000000000000000000, -1.000000000000000000, -0.0000000000000000000 ) ) ;
#4387 = ORIENTED_EDGE ( 'NONE', *, *, #4694, .F. ) ;
#4388 = ORIENTED_EDGE ( 'NONE', *, *, #6163, .T. ) ;
#4389 = VERTEX_POINT ( 'NONE', #1479 ) ;
#4390 = ORIENTED_EDGE ( 'NONE', *, *, #5497, .F. ) ;
#4391 = DIRECTION ( 'NONE',  ( 0.0000000000000000000, 1.000000000000000000, -1.310430179583815370E-15 ) ) ;
#4392 = ORIENTED_EDGE ( 'NONE', *, *, #5544, .F. ) ;
#4393 =( GEOMETRIC_REPRESENTATION_CONTEXT ( 3 ) GLOBAL_UNCERTAINTY_ASSIGNED_CONTEXT ( ( #2171 ) ) GLOBAL_UNIT_ASSIGNED_CONTEXT ( ( #3534, #5227, #8452 ) ) REPRESENTATION_CONTEXT ( 'NONE', 'WORKASPACE' ) );
#4394 = DIRECTION ( 'NONE',  ( 0.0000000000000000000, 0.0000000000000000000, -1.000000000000000000 ) ) ;
#4395 = CARTESIAN_POINT ( 'NONE',  ( -13.28110889502725733, -1.925787756744554935, 15.22840863980315795 ) ) ;
#4396 = FACE_OUTER_BOUND ( 'NONE', #5722, .T. ) ;
#4397 = CARTESIAN_POINT ( 'NONE',  ( -47.96591340435278283, -10.47484326596670989, 17.00000000000000000 ) ) ;
#4398 = VERTEX_POINT ( 'NONE', #8946 ) ;
#4399 = AXIS2_PLACEMENT_3D ( 'NONE', #2229, #10544, #3931 ) ;
#4400 = ORIENTED_EDGE ( 'NONE', *, *, #6613, .F. ) ;
#4401 = ORIENTED_EDGE ( 'NONE', *, *, #2053, .T. ) ;
#4402 = EDGE_LOOP ( 'NONE', ( #1926, #8483, #6182 ) ) ;
#4403 = CARTESIAN_POINT ( 'NONE',  ( -7.118449302602197548, -32.31055268242869971, -20.00000000000000355 ) ) ;
#4404 = CARTESIAN_POINT ( 'NONE',  ( -4.336808689942017736E-16, 5.773502691896262640, -5.653418012614791266 ) ) ;
#4405 = ORIENTED_EDGE ( 'NONE', *, *, #414, .T. ) ;
#4406 = ADVANCED_FACE ( 'NONE', ( #9697 ), #3977, .F. ) ;
#4407 = ORIENTED_EDGE ( 'NONE', *, *, #4424, .F. ) ;
#4408 = CARTESIAN_POINT ( 'NONE',  ( -11.02722501921891762, 0.03628964349161849928, -16.68857353954346934 ) ) ;
#4409 = DIRECTION ( 'NONE',  ( -0.0000000000000000000, 1.000000000000000000, 0.0000000000000000000 ) ) ;
#4410 = VECTOR ( 'NONE', #7565, 1000.000000000000000 ) ;
#4411 = ORIENTED_EDGE ( 'NONE', *, *, #6596, .T. ) ;
#4412 = EDGE_CURVE ( 'NONE', #5796, #9587, #4018, .T. ) ;
#4413 = AXIS2_PLACEMENT_3D ( 'NONE', #5740, #8337, #3236 ) ;
#4414 = VECTOR ( 'NONE', #4285, 1000.000000000000000 ) ;
#4415 = ORIENTED_EDGE ( 'NONE', *, *, #5411, .F. ) ;
#4416 = CARTESIAN_POINT ( 'NONE',  ( -10.43001966467623021, -1.527411855976094524, 17.06554280054169936 ) ) ;
#4417 = ORIENTED_EDGE ( 'NONE', *, *, #10240, .T. ) ;
#4418 = CARTESIAN_POINT ( 'NONE',  ( -35.19615242270663913, -4.000000000000000888, -15.89897948556635221 ) ) ;
#4419 = CARTESIAN_POINT ( 'NONE',  ( 0.0000000000000000000, 0.0000000000000000000, 0.0000000000000000000 ) ) ;
#4420 = DIRECTION ( 'NONE',  ( -1.000000000000000000, 0.0000000000000000000, 0.0000000000000000000 ) ) ;
#4421 = DIRECTION ( 'NONE',  ( -0.0000000000000000000, -1.000000000000000000, -0.0000000000000000000 ) ) ;
#4422 = DIRECTION ( 'NONE',  ( -1.000000000000000000, 0.0000000000000000000, 0.0000000000000000000 ) ) ;
#4423 = EDGE_LOOP ( 'NONE', ( #7415, #3166, #4836 ) ) ;
#4424 = EDGE_CURVE ( 'NONE', #9868, #196, #3717, .T. ) ;
#4425 = DIRECTION ( 'NONE',  ( 1.387778780781445922E-16, -1.000000000000000000, 0.0000000000000000000 ) ) ;
#4426 = EDGE_CURVE ( 'NONE', #6890, #8292, #749, .T. ) ;
#4427 = EDGE_LOOP ( 'NONE', ( #2857, #9575, #2458, #10619 ) ) ;
#4428 = ORIENTED_EDGE ( 'NONE', *, *, #9312, .T. ) ;
#4429 = DIRECTION ( 'NONE',  ( -1.347358039593636966E-16, 0.0000000000000000000, 1.000000000000000000 ) ) ;
#4430 = LINE ( 'NONE', #8927, #5995 ) ;
#4431 = CARTESIAN_POINT ( 'NONE',  ( -20.65013145538479122, -1.643280626675365270E-12, -5.405998156210698902 ) ) ;
#4432 = DIRECTION ( 'NONE',  ( 0.0000000000000000000, 0.0000000000000000000, -1.000000000000000000 ) ) ;
#4433 = CARTESIAN_POINT ( 'NONE',  ( -49.67988977424888475, -9.246770641006243352, 16.50000000000000000 ) ) ;
#4434 = CARTESIAN_POINT ( 'NONE',  ( -2.500000000000003997, -4.330127018922192761, 0.0000000000000000000 ) ) ;
#4435 = CARTESIAN_POINT ( 'NONE',  ( 0.0000000000000000000, 7.999999999999998224, 0.0000000000000000000 ) ) ;
#4436 = VERTEX_POINT ( 'NONE', #4197 ) ;
#4437 = CARTESIAN_POINT ( 'NONE',  ( 5.000000000000000000, 4.633235910246737532, -7.806255641895631925E-15 ) ) ;
#4438 = ORIENTED_EDGE ( 'NONE', *, *, #2717, .T. ) ;
#4439 = EDGE_CURVE ( 'NONE', #5094, #5866, #8121, .T. ) ;
#4440 = CARTESIAN_POINT ( 'NONE',  ( 7.455833834286335282, 18.95550974818555545, 0.0000000000000000000 ) ) ;
#4441 = CARTESIAN_POINT ( 'NONE',  ( -18.76448432534059307, -1.259048165548117826, -14.32794681197437825 ) ) ;
#4442 = CARTESIAN_POINT ( 'NONE',  ( -21.25235012305799387, -27.00000000000000355, -21.71688605722899013 ) ) ;
#4443 = CARTESIAN_POINT ( 'NONE',  ( 0.0000000000000000000, 0.0000000000000000000, 0.0000000000000000000 ) ) ;
#4444 = FACE_OUTER_BOUND ( 'NONE', #8085, .T. ) ;
#4445 = ORIENTED_EDGE ( 'NONE', *, *, #6227, .F. ) ;
#4446 = CARTESIAN_POINT ( 'NONE',  ( -9.977753033128362148, -4.093758704280708649, 17.33333333233679241 ) ) ;
#4447 = EDGE_CURVE ( 'NONE', #9417, #6213, #4606, .T. ) ;
#4448 = CARTESIAN_POINT ( 'NONE',  ( -32.78042531403395543, -3.383473043641945566, -15.73312537637908903 ) ) ;
#4449 = CARTESIAN_POINT ( 'NONE',  ( 25.44734990167305000, 10.69999999999999929, 28.00000000000000000 ) ) ;
#4450 = LINE ( 'NONE', #7801, #1745 ) ;
#4451 = FILL_AREA_STYLE_COLOUR ( '', #1794 ) ;
#4452 = CARTESIAN_POINT ( 'NONE',  ( 0.0000000000000000000, 0.0000000000000000000, -10.50000000000000000 ) ) ;
#4453 = CARTESIAN_POINT ( 'NONE',  ( 13.01405725182183204, 0.0000000000000000000, -15.21680642875023892 ) ) ;
#4454 = AXIS2_PLACEMENT_3D ( 'NONE', #7042, #4540, #4464 ) ;
#4455 = CARTESIAN_POINT ( 'NONE',  ( 41.99999999999999289, 21.88813772300484217, 2.000000000000000000 ) ) ;
#4456 = DIRECTION ( 'NONE',  ( 1.000000000000000000, 0.0000000000000000000, 0.0000000000000000000 ) ) ;
#4457 = AXIS2_PLACEMENT_3D ( 'NONE', #6016, #4386, #5293 ) ;
#4458 = DIRECTION ( 'NONE',  ( 0.0000000000000000000, 1.000000000000000000, 0.0000000000000000000 ) ) ;
#4459 = ADVANCED_FACE ( 'NONE', ( #4886 ), #5263, .F. ) ;
#4460 = CARTESIAN_POINT ( 'NONE',  ( 0.9999999999999983347, 21.49480438967151841, 25.99999999999999645 ) ) ;
#4461 = EDGE_CURVE ( 'NONE', #10002, #1719, #3066, .T. ) ;
#4462 = CARTESIAN_POINT ( 'NONE',  ( -20.16063781040852021, -2.284528781095436035E-12, -7.020329766200698707 ) ) ;
#4463 = CARTESIAN_POINT ( 'NONE',  ( -16.07815575398623409, 1.428303147795493500, -10.16248951300847914 ) ) ;
#4464 = DIRECTION ( 'NONE',  ( 0.0000000000000000000, 0.0000000000000000000, 1.000000000000000000 ) ) ;
#4465 = CYLINDRICAL_SURFACE ( 'NONE', #6583, 2.500000000000002220 ) ;
#4466 = CIRCLE ( 'NONE', #1454, 13.53952102847735972 ) ;
#4467 = AXIS2_PLACEMENT_3D ( 'NONE', #9508, #439, #4484 ) ;
#4468 = ORIENTED_EDGE ( 'NONE', *, *, #6847, .T. ) ;
#4469 = CARTESIAN_POINT ( 'NONE',  ( -15.21488475335771717, -4.288226915284218954, -15.95191211588768354 ) ) ;
#4470 = AXIS2_PLACEMENT_3D ( 'NONE', #5815, #3211, #7485 ) ;
#4471 = CARTESIAN_POINT ( 'NONE',  ( 2.287832656137192444, -4.452621892014644089, -1.838167374660238523E-15 ) ) ;
#4472 = FACE_OUTER_BOUND ( 'NONE', #3669, .T. ) ;
#4473 = CARTESIAN_POINT ( 'NONE',  ( -52.30940107675851891, -10.00000000000000178, -13.99999999999999467 ) ) ;
#4474 = CARTESIAN_POINT ( 'NONE',  ( 34.48061228278506718, 20.11813772300484970, 25.50000000000000000 ) ) ;
#4475 = LINE ( 'NONE', #3203, #1632 ) ;
#4476 = VECTOR ( 'NONE', #1755, 999.9999999999998863 ) ;
#4477 = EDGE_LOOP ( 'NONE', ( #3149, #1171, #112, #6848, #5188, #7857 ) ) ;
#4478 = DIRECTION ( 'NONE',  ( 1.000000000000000000, 1.387778780781445922E-16, 1.347358039593636966E-16 ) ) ;
#4479 = VECTOR ( 'NONE', #2929, 1000.000000000000000 ) ;
#4480 = EDGE_CURVE ( 'NONE', #3511, #2594, #6585, .T. ) ;
#4481 = CARTESIAN_POINT ( 'NONE',  ( 34.48061228278506718, 19.11813772300484615, 0.0000000000000000000 ) ) ;
#4483 = CIRCLE ( 'NONE', #7098, 1.000000000000000222 ) ;
#4482 = AXIS2_PLACEMENT_3D ( 'NONE', #10644, #5655, #7353 ) ;
#4484 = DIRECTION ( 'NONE',  ( 0.5441040817685001141, -3.368796141296855500E-21, 0.8390177281815074384 ) ) ;
#4485 = DIRECTION ( 'NONE',  ( 1.000000000000000000, 0.0000000000000000000, 0.0000000000000000000 ) ) ;
#4486 = CARTESIAN_POINT ( 'NONE',  ( -32.97173370274071402, -3.500976758394469979, 15.77672763985241211 ) ) ;
#4487 =( BOUNDED_SURFACE ( )  B_SPLINE_SURFACE ( 3, 2, ( 
 ( #7753, #1089, #3680 ),
 ( #7004, #1971, #6166 ),
 ( #1205, #5205, #2794 ),
 ( #9408, #6102, #6927 ),
 ( #9484, #2004, #7720 ),
 ( #3641, #1168, #4493 ),
 ( #5307, #2041, #2766 ),
 ( #8554, #309, #6065 ),
 ( #6969, #7817, #7788 ),
 ( #10286, #8486, #5347 ),
 ( #3544, #3605, #2824 ),
 ( #1124, #4431, #10214 ),
 ( #9345, #4363, #8617 ),
 ( #1893, #5269, #8586 ),
 ( #9444, #4462, #10254 ),
 ( #9378, #380, #240 ),
 ( #6024, #342, #8516 ),
 ( #6906, #1064, #6869 ) ),
 .UNSPECIFIED., .F., .F., .T. ) 
 B_SPLINE_SURFACE_WITH_KNOTS ( ( 4, 2, 2, 2, 2, 2, 2, 2, 4 ),
 ( 3, 3 ),
 ( 0.07071774741942590814, 0.07355719741251837140, 0.07639664740561084855, 0.07923609739870332569, 0.08207554739179578895, 0.08775444737798071548, 0.08917417237452694712, 0.09059389737107317875, 0.09343334736416565589 ),
 ( 0.0000000000000000000, 1.000000000000000000 ),
 .UNSPECIFIED. ) 
 GEOMETRIC_REPRESENTATION_ITEM ( )  RATIONAL_B_SPLINE_SURFACE ( (
 ( 1.000000000000000000, 0.9628598567384432094, 1.000000000000000000),
 ( 1.000000000000000000, 0.9628603094054011269, 1.000000000000000000),
 ( 1.000000000000000000, 0.9628603195650133895, 1.000000000000000000),
 ( 1.000000000000000000, 0.9628595601828680017, 1.000000000000000000),
 ( 1.000000000000000000, 0.9628588007661610382, 1.000000000000000000),
 ( 1.000000000000000000, 0.9628569946827952863, 1.000000000000000000),
 ( 1.000000000000000000, 0.9628559553137117089, 1.000000000000000000),
 ( 1.000000000000000000, 0.9628541311888894061, 1.000000000000000000),
 ( 1.000000000000000000, 0.9628533507004980452, 1.000000000000000000),
 ( 1.000000000000000000, 0.9628520194145581135, 1.000000000000000000),
 ( 1.000000000000000000, 0.9628526552857579190, 1.000000000000000000),
 ( 1.000000000000000000, 0.9628547565494014471, 1.000000000000000000),
 ( 1.000000000000000000, 0.9628552303368278498, 1.000000000000000000),
 ( 1.000000000000000000, 0.9628562263838418289, 1.000000000000000000),
 ( 1.000000000000000000, 0.9628567501623970237, 1.000000000000000000),
 ( 1.000000000000000000, 0.9628582736351423144, 1.000000000000000000),
 ( 1.000000000000000000, 0.9628592189029501203, 1.000000000000000000),
 ( 1.000000000000000000, 0.9628598159415243662, 1.000000000000000000) ) ) 
 REPRESENTATION_ITEM ( '' )  SURFACE ( )  );
#4488 = DIRECTION ( 'NONE',  ( -1.347358039593636966E-16, 0.0000000000000000000, -1.000000000000000000 ) ) ;
#4489 = ORIENTED_EDGE ( 'NONE', *, *, #10126, .T. ) ;
#4490 = EDGE_CURVE ( 'NONE', #1914, #10476, #2684, .T. ) ;
#4491 = FACE_OUTER_BOUND ( 'NONE', #8693, .T. ) ;
#4492 = CYLINDRICAL_SURFACE ( 'NONE', #1548, 1.000000000000000888 ) ;
#4493 = CARTESIAN_POINT ( 'NONE',  ( -18.59179781440995427, 1.458128155817929761, 3.717481424007540891 ) ) ;
#4494 = DIRECTION ( 'NONE',  ( -8.673617379884036705E-17, 1.000000000000000000, 0.0000000000000000000 ) ) ;
#4495 = CARTESIAN_POINT ( 'NONE',  ( -24.06494775512196327, 1.214306433183764966E-14, -2.230985928399144669 ) ) ;
#4496 = CARTESIAN_POINT ( 'NONE',  ( -30.76154320365200334, -1.319031520884043296, -14.39332962427138263 ) ) ;
#4497 = ORIENTED_EDGE ( 'NONE', *, *, #6096, .T. ) ;
#4498 = EDGE_CURVE ( 'NONE', #1188, #7783, #1888, .T. ) ;
#4499 = MECHANICAL_DESIGN_GEOMETRIC_PRESENTATION_REPRESENTATION (  '', ( #7898 ), #3058 ) ;
#4500 = LINE ( 'NONE', #10494, #5036 ) ;
#4501 = VERTEX_POINT ( 'NONE', #5751 ) ;
#4502 = CARTESIAN_POINT ( 'NONE',  ( 36.60402920347198830, 21.73000000000000043, 27.00000000000000000 ) ) ;
#4503 = COLOUR_RGB ( '',0.7921568627450980005, 0.8196078431372548767, 0.9333333333333333481 ) ;
#4504 = ORIENTED_EDGE ( 'NONE', *, *, #6668, .T. ) ;
#4505 = CARTESIAN_POINT ( 'NONE',  ( -10.91149923374124953, 0.0000000000000000000, -16.76318177656527908 ) ) ;
#4506 = CARTESIAN_POINT ( 'NONE',  ( 4.000000000000000000, 2.886751345948122438, -5.000000000000000000 ) ) ;
#4507 = ORIENTED_EDGE ( 'NONE', *, *, #9031, .F. ) ;
#4508 = ADVANCED_FACE ( 'NONE', ( #7599 ), #10062, .F. ) ;
#4509 = CARTESIAN_POINT ( 'NONE',  ( 16.32025544699465058, 0.0000000000000000000, -11.60230975315043622 ) ) ;
#4510 = ORIENTED_EDGE ( 'NONE', *, *, #8463, .T. ) ;
#4511 = DIRECTION ( 'NONE',  ( -0.0000000000000000000, -0.0000000000000000000, 1.000000000000000000 ) ) ;
#4512 = CARTESIAN_POINT ( 'NONE',  ( 3.351853367131012451, -3.838309248099024185, -6.099999999999997868 ) ) ;
#4513 = CARTESIAN_POINT ( 'NONE',  ( -49.11713620888007625, -6.166423948097905949, 15.99999999999986500 ) ) ;
#4514 = EDGE_CURVE ( 'NONE', #5877, #9645, #467, .T. ) ;
#4515 = VERTEX_POINT ( 'NONE', #8278 ) ;
#4516 = SHAPE_REPRESENTATION_RELATIONSHIP ( 'NONE' , 'NONE' ,  #3471, #8410 ) ;
#4517 = AXIS2_PLACEMENT_3D ( 'NONE', #5649, #3252, #9825 ) ;
#4518 = VERTEX_POINT ( 'NONE', #9131 ) ;
#4519 = DIRECTION ( 'NONE',  ( -0.0000000000000000000, -1.000000000000000000, -0.0000000000000000000 ) ) ;
#4520 = ORIENTED_EDGE ( 'NONE', *, *, #2113, .T. ) ;
#4521 = ORIENTED_EDGE ( 'NONE', *, *, #8464, .T. ) ;
#4522 = CARTESIAN_POINT ( 'NONE',  ( -5.986353039317862113, 4.000000000000000888, 0.7538519534571036518 ) ) ;
#4523 = CARTESIAN_POINT ( 'NONE',  ( 3.500000000000000000, -4.330127018922193649, -2.499999999999999556 ) ) ;
#4524 = DIRECTION ( 'NONE',  ( 0.9260885234813818201, -0.3773063035201957849, 0.0000000000000000000 ) ) ;
#4525 = CARTESIAN_POINT ( 'NONE',  ( -4.650210880426106889E-16, 0.4887495715076938252, 4.999999999999999112 ) ) ;
#4526 = CARTESIAN_POINT ( 'NONE',  ( 7.135511733239522592, 3.226173678530181110, -10.83404057425530453 ) ) ;
#4527 = ORIENTED_EDGE ( 'NONE', *, *, #2461, .T. ) ;
#4528 = CARTESIAN_POINT ( 'NONE',  ( 0.0000000000000000000, 0.0000000000000000000, 0.0000000000000000000 ) ) ;
#4529 = CARTESIAN_POINT ( 'NONE',  ( -12.00000000000000711, -3.999999999999996447, -14.00000000000000000 ) ) ;
#4530 = VECTOR ( 'NONE', #3943, 1000.000000000000000 ) ;
#4531 = DIRECTION ( 'NONE',  ( -0.9306005987039487337, -0.3660362354902201854, 0.0000000000000000000 ) ) ;
#4532 = ORIENTED_EDGE ( 'NONE', *, *, #4217, .F. ) ;
#4533 = VERTEX_POINT ( 'NONE', #4050 ) ;
#4534 = DIRECTION ( 'NONE',  ( -1.000000000000000000, 0.0000000000000000000, -3.469446951953614189E-15 ) ) ;
#4535 = LINE ( 'NONE', #7697, #397 ) ;
#4536 = ORIENTED_EDGE ( 'NONE', *, *, #1300, .T. ) ;
#4537 =( GEOMETRIC_REPRESENTATION_CONTEXT ( 3 ) GLOBAL_UNCERTAINTY_ASSIGNED_CONTEXT ( ( #4894 ) ) GLOBAL_UNIT_ASSIGNED_CONTEXT ( ( #5909, #3313, #928 ) ) REPRESENTATION_CONTEXT ( 'NONE', 'WORKASPACE' ) );
#4538 = CARTESIAN_POINT ( 'NONE',  ( -21.49917307456696136, 0.0000000000000000000, -10.99999999999999822 ) ) ;
#4539 = CARTESIAN_POINT ( 'NONE',  ( -16.30509020884252536, -0.5499534068378124640, 13.33053403643661916 ) ) ;
#4540 = DIRECTION ( 'NONE',  ( 0.0000000000000000000, 1.000000000000000000, 0.0000000000000000000 ) ) ;
#4541 = ORIENTED_EDGE ( 'NONE', *, *, #5062, .F. ) ;
#4542 = CARTESIAN_POINT ( 'NONE',  ( -9.000000000000000000, -1.224646799147353256E-15, -7.500000000000000000 ) ) ;
#4543 = AXIS2_PLACEMENT_3D ( 'NONE', #9280, #9317, #970 ) ;
#4544 = CARTESIAN_POINT ( 'NONE',  ( -14.41183345646225078, -2.329654499513940991, 15.55376962928847462 ) ) ;
#4545 = FACE_OUTER_BOUND ( 'NONE', #10657, .T. ) ;
#4546 = ORIENTED_EDGE ( 'NONE', *, *, #3172, .F. ) ;
#4547 = COLOUR_RGB ( '',0.7764705882352941346, 0.7568627450980391913, 0.7372549019607843590 ) ;
#4548 = PLANE ( 'NONE',  #8471 ) ;
#4549 = CARTESIAN_POINT ( 'NONE',  ( 0.0000000000000000000, -35.00000000000000000, 20.00000000000000000 ) ) ;
#4550 = CARTESIAN_POINT ( 'NONE',  ( 3.436561765765747012, 22.17378132594547324, 2.918241423482387464 ) ) ;
#4551 = VECTOR ( 'NONE', #2145, 1000.000000000000000 ) ;
#4552 = ORIENTED_EDGE ( 'NONE', *, *, #4834, .F. ) ;
#4553 = CARTESIAN_POINT ( 'NONE',  ( 0.4079457818577035266, -5.537975084925955471, -0.3106000600989402560 ) ) ;
#4554 = CARTESIAN_POINT ( 'NONE',  ( 0.4465819873851990529, -2.886751345948121106, 4.999999999999999112 ) ) ;
#4555 = CARTESIAN_POINT ( 'NONE',  ( 22.94734990167305000, 10.69999999999999929, 0.0000000000000000000 ) ) ;
#4556 = ORIENTED_EDGE ( 'NONE', *, *, #6120, .T. ) ;
#4557 = VERTEX_POINT ( 'NONE', #6563 ) ;
#4558 = EDGE_CURVE ( 'NONE', #3864, #7376, #9045, .T. ) ;
#4559 = UNCERTAINTY_MEASURE_WITH_UNIT (LENGTH_MEASURE( 1.000000000000000082E-05 ), #3700, 'distance_accuracy_value', 'NONE');
#4560 = AXIS2_PLACEMENT_3D ( 'NONE', #8691, #2037, #7814 ) ;
#4561 = CIRCLE ( 'NONE', #6631, 3.000000000000000000 ) ;
#4562 = CARTESIAN_POINT ( 'NONE',  ( 2.959716367706854978, 21.13483465857348165, 26.12245122441547096 ) ) ;
#4563 = CARTESIAN_POINT ( 'NONE',  ( -18.13708750055342023, -1.961599826791649015, 14.97324725317734462 ) ) ;
#4564 = VERTEX_POINT ( 'NONE', #4987 ) ;
#4565 =( NAMED_UNIT ( * ) SI_UNIT ( $, .STERADIAN. ) SOLID_ANGLE_UNIT ( ) );
#4566 =( NAMED_UNIT ( * ) PLANE_ANGLE_UNIT ( ) SI_UNIT ( $, .RADIAN. ) );
#4567 = CARTESIAN_POINT ( 'NONE',  ( 14.20419899880919345, 0.0000000000000000000, -14.07979867761707560 ) ) ;
#4568 = DIRECTION ( 'NONE',  ( -0.0000000000000000000, -1.000000000000000000, -0.0000000000000000000 ) ) ;
#4569 = CARTESIAN_POINT ( 'NONE',  ( -14.96662954709576177, -5.000000000000000888, 16.00000000000000000 ) ) ;
#4570 = VECTOR ( 'NONE', #8052, 1000.000000000000000 ) ;
#4571 = ADVANCED_FACE ( 'NONE', ( #212 ), #7840, .T. ) ;
#4572 = EDGE_CURVE ( 'NONE', #5589, #2472, #10435, .T. ) ;
#4573 = CARTESIAN_POINT ( 'NONE',  ( 0.0000000000000000000, 0.0000000000000000000, 2.999999999999999556 ) ) ;
#4574 = EDGE_CURVE ( 'NONE', #2629, #8095, #7348, .T. ) ;
#4575 =( GEOMETRIC_REPRESENTATION_CONTEXT ( 3 ) GLOBAL_UNCERTAINTY_ASSIGNED_CONTEXT ( ( #8478 ) ) GLOBAL_UNIT_ASSIGNED_CONTEXT ( ( #6270, #1297, #2141 ) ) REPRESENTATION_CONTEXT ( 'NONE', 'WORKASPACE' ) );
#4576 = CARTESIAN_POINT ( 'NONE',  ( -14.13994565322242813, 1.005598726336910831, 13.49529098462154586 ) ) ;
#4577 = ORIENTED_EDGE ( 'NONE', *, *, #995, .T. ) ;
#4578 = B_SPLINE_CURVE_WITH_KNOTS ( 'NONE', 3,
 ( #4328, #7622, #3503, #7689, #10211, #8552, #5165, #273 ),
 .UNSPECIFIED., .F., .F.,
 ( 4, 2, 2, 4 ),
 ( 0.0000000000000000000, 0.002732769608207831231, 0.004099154412311749665, 0.005465539216415668533 ),
 .UNSPECIFIED. ) ;
#4579 = VECTOR ( 'NONE', #5002, 1000.000000000000000 ) ;
#4580 = VECTOR ( 'NONE', #320, 1000.000000000000000 ) ;
#4581 = EDGE_CURVE ( 'NONE', #5622, #8510, #7985, .T. ) ;
#4582 = CARTESIAN_POINT ( 'NONE',  ( -47.82037353199806518, -7.212717018593194140, -16.50000000000000000 ) ) ;
#4583 = DIRECTION ( 'NONE',  ( -0.0000000000000000000, -1.000000000000000000, -0.0000000000000000000 ) ) ;
#4584 = VERTEX_POINT ( 'NONE', #194 ) ;
#4585 = CARTESIAN_POINT ( 'NONE',  ( -27.89727847352801859, -22.73738441881632966, -15.99999999999999645 ) ) ;
#4586 = DIRECTION ( 'NONE',  ( 1.000000000000000000, 0.0000000000000000000, 0.0000000000000000000 ) ) ;
#4587 = DIRECTION ( 'NONE',  ( 0.0000000000000000000, 0.0000000000000000000, -1.000000000000000000 ) ) ;
#4588 = CIRCLE ( 'NONE', #1234, 5.000000000000000000 ) ;
#4589 = DIRECTION ( 'NONE',  ( 1.000000000000000000, 0.0000000000000000000, -0.0000000000000000000 ) ) ;
#4590 = FACE_OUTER_BOUND ( 'NONE', #2936, .T. ) ;
#4591 = ORIENTED_EDGE ( 'NONE', *, *, #6132, .T. ) ;
#4592 =( LENGTH_UNIT ( ) NAMED_UNIT ( * ) SI_UNIT ( .MILLI., .METRE. ) );
#4593 = DIRECTION ( 'NONE',  ( 0.0000000000000000000, 0.0000000000000000000, 1.000000000000000000 ) ) ;
#4594 = DIRECTION ( 'NONE',  ( 0.0000000000000000000, 0.0000000000000000000, -1.000000000000000000 ) ) ;
#4595 =( GEOMETRIC_REPRESENTATION_CONTEXT ( 3 ) GLOBAL_UNCERTAINTY_ASSIGNED_CONTEXT ( ( #3437 ) ) GLOBAL_UNIT_ASSIGNED_CONTEXT ( ( #3083, #10504, #7308 ) ) REPRESENTATION_CONTEXT ( 'NONE', 'WORKASPACE' ) );
#4596 = CARTESIAN_POINT ( 'NONE',  ( -10.30818243714793958, -2.027621719698599723, 17.13914540720557156 ) ) ;
#4597 = DIRECTION ( 'NONE',  ( 0.0000000000000000000, 0.0000000000000000000, 1.000000000000000000 ) ) ;
#4598 = VECTOR ( 'NONE', #4531, 1000.000000000000114 ) ;
#4599 = LINE ( 'NONE', #672, #3973 ) ;
#4600 = CIRCLE ( 'NONE', #3326, 12.70277974657490283 ) ;
#4601 = EDGE_LOOP ( 'NONE', ( #10460, #9005, #7668 ) ) ;
#4602 = DIRECTION ( 'NONE',  ( -0.0000000000000000000, -1.000000000000000000, -0.0000000000000000000 ) ) ;
#4603 = CARTESIAN_POINT ( 'NONE',  ( -16.54433525288072815, -3.226115431045182724, 15.67485424561235519 ) ) ;
#4604 = CARTESIAN_POINT ( 'NONE',  ( -30.66513287557815914, -1.152043934285761351, -14.20272524571434403 ) ) ;
#4605 = CARTESIAN_POINT ( 'NONE',  ( -17.21261622826136417, 1.458000685454881484, 7.962724144507056678 ) ) ;
#4606 = CIRCLE ( 'NONE', #3941, 8.731764117148969717 ) ;
#4607 = CIRCLE ( 'NONE', #4454, 3.000000000000000444 ) ;
#4608 = DIRECTION ( 'NONE',  ( -0.0000000000000000000, -0.0000000000000000000, -1.000000000000000000 ) ) ;
#4609 = CARTESIAN_POINT ( 'NONE',  ( 0.0000000000000000000, 7.999999999999998224, -15.37500000000000178 ) ) ;
#4610 = EDGE_CURVE ( 'NONE', #234, #7142, #2158, .T. ) ;
#4611 = ORIENTED_EDGE ( 'NONE', *, *, #8023, .F. ) ;
#4612 = AXIS2_PLACEMENT_3D ( 'NONE', #5061, #98, #7782 ) ;
#4613 = ADVANCED_FACE ( 'NONE', ( #1375 ), #1102, .T. ) ;
#4614 = CARTESIAN_POINT ( 'NONE',  ( 2.836205516832971174, 22.38505103526629370, 2.000000000000008438 ) ) ;
#4615 = PLANE ( 'NONE',  #4754 ) ;
#4616 = DIRECTION ( 'NONE',  ( -0.0000000000000000000, 1.000000000000000000, 0.0000000000000000000 ) ) ;
#4617 = CARTESIAN_POINT ( 'NONE',  ( -12.03941943387392755, 0.3555381273295779021, 15.93790000410580809 ) ) ;
#4618 = B_SPLINE_CURVE_WITH_KNOTS ( 'NONE', 3,
 ( #4378, #6886, #6781, #8441, #10160, #9283, #7024, #4554 ),
 .UNSPECIFIED., .F., .F.,
 ( 4, 2, 2, 4 ),
 ( 0.002921158011986727671, 0.003648658599403079190, 0.004376159186819430710, 0.005831160361652135485 ),
 .UNSPECIFIED. ) ;
#4619 = CIRCLE ( 'NONE', #757, 0.4000000000000001887 ) ;
#4620 = ORIENTED_EDGE ( 'NONE', *, *, #4315, .F. ) ;
#4621 = CYLINDRICAL_SURFACE ( 'NONE', #5098, 4.999999999999999112 ) ;
#4622 =( BOUNDED_CURVE ( )  B_SPLINE_CURVE ( 3, ( #5850, #8238, #889, #8307 ),
 .UNSPECIFIED., .F., .F. ) 
 B_SPLINE_CURVE_WITH_KNOTS ( ( 4, 4 ),
 ( 4.712388980384689674, 7.853981633974482790 ),
 .UNSPECIFIED. ) 
 CURVE ( )  GEOMETRIC_REPRESENTATION_ITEM ( )  RATIONAL_B_SPLINE_CURVE ( ( 1.000000000000000000, 0.3333333333333333703, 0.3333333333333333703, 1.000000000000000000 ) ) 
 REPRESENTATION_ITEM ( '' )  );
#4623 = ORIENTED_EDGE ( 'NONE', *, *, #6098, .T. ) ;
#4624 = CARTESIAN_POINT ( 'NONE',  ( 14.20419899880919878, 0.0000000000000000000, -14.07979867761707737 ) ) ;
#4625 = EDGE_CURVE ( 'NONE', #5827, #4284, #1643, .T. ) ;
#4626 = EDGE_CURVE ( 'NONE', #8671, #9841, #10708, .T. ) ;
#4627 = ORIENTED_EDGE ( 'NONE', *, *, #6197, .F. ) ;
#4628 = CARTESIAN_POINT ( 'NONE',  ( 39.32547229361256313, 22.05468576882094567, 3.314579963387052519 ) ) ;
#4629 = AXIS2_PLACEMENT_3D ( 'NONE', #10120, #10050, #1027 ) ;
#4630 = DIRECTION ( 'NONE',  ( 1.000000000000000000, 0.0000000000000000000, 0.0000000000000000000 ) ) ;
#4631 = DIRECTION ( 'NONE',  ( 0.0000000000000000000, 0.0000000000000000000, -1.000000000000000000 ) ) ;
#4632 = CARTESIAN_POINT ( 'NONE',  ( -14.37156313651556694, 3.225955915145913622, -3.533488969450997885 ) ) ;
#4633 = VERTEX_POINT ( 'NONE', #4223 ) ;
#4634 = CARTESIAN_POINT ( 'NONE',  ( -13.94163180620230591, -25.00000000000000000, -14.00000000000000000 ) ) ;
#4635 = ORIENTED_EDGE ( 'NONE', *, *, #12, .F. ) ;
#4636 = VECTOR ( 'NONE', #5101, 1000.000000000000114 ) ;
#4637 = CARTESIAN_POINT ( 'NONE',  ( -22.97062766761286667, 0.0003046015264555834386, 7.179570221620243053 ) ) ;
#4638 = CARTESIAN_POINT ( 'NONE',  ( -51.36469485808145663, -8.871312976137234685, 15.99999999999987566 ) ) ;
#4639 = ORIENTED_EDGE ( 'NONE', *, *, #3042, .T. ) ;
#4640 = EDGE_CURVE ( 'NONE', #3896, #1863, #9829, .T. ) ;
#4641 = ORIENTED_EDGE ( 'NONE', *, *, #4439, .F. ) ;
#4642 = DIRECTION ( 'NONE',  ( 0.0000000000000000000, 0.0000000000000000000, -1.000000000000000000 ) ) ;
#4643 = CARTESIAN_POINT ( 'NONE',  ( -10.99711603097111912, 0.02665815243652916097, 16.70890069493499652 ) ) ;
#4644 = VERTEX_POINT ( 'NONE', #233 ) ;
#4645 = DIRECTION ( 'NONE',  ( 0.0000000000000000000, 1.000000000000000000, 0.0000000000000000000 ) ) ;
#4646 = CARTESIAN_POINT ( 'NONE',  ( 0.0000000000000000000, -6.000000000000000000, 0.0000000000000000000 ) ) ;
#4647 = VERTEX_POINT ( 'NONE', #7654 ) ;
#4648 = DIRECTION ( 'NONE',  ( -0.0000000000000000000, -0.0000000000000000000, 1.000000000000000000 ) ) ;
#4649 = CARTESIAN_POINT ( 'NONE',  ( -9.977753033119297399, -4.099163241557228332, -17.33333333234201135 ) ) ;
#4650 = PRESENTATION_LAYER_ASSIGNMENT (  '', '', ( #5567 ) ) ;
#4651 = AXIS2_PLACEMENT_3D ( 'NONE', #300, #2107, #2922 ) ;
#4652 = VERTEX_POINT ( 'NONE', #9243 ) ;
#4653 = ORIENTED_EDGE ( 'NONE', *, *, #7619, .T. ) ;
#4654 = B_SPLINE_CURVE_WITH_KNOTS ( 'NONE', 3,
 ( #5086, #9185, #1714, #5840, #45, #10066, #151, #111 ),
 .UNSPECIFIED., .F., .F.,
 ( 4, 2, 2, 4 ),
 ( 0.002921158011986708155, 0.003648658599403064445, 0.004376159186819421169, 0.005831160361652133750 ),
 .UNSPECIFIED. ) ;
#4655 = CARTESIAN_POINT ( 'NONE',  ( 0.3108895250735815297, -2.416698868092464370, 4.999999999999999112 ) ) ;
#4656 = FILL_AREA_STYLE_COLOUR ( '', #4921 ) ;
#4657 = CARTESIAN_POINT ( 'NONE',  ( 33.69485974840337406, 19.73667871171356225, 26.28575253438168602 ) ) ;
#4658 = ORIENTED_EDGE ( 'NONE', *, *, #4480, .T. ) ;
#4659 = CIRCLE ( 'NONE', #6499, 5.999999999999998224 ) ;
#4660 = DIRECTION ( 'NONE',  ( 0.0000000000000000000, -0.8660254037844397068, -0.4999999999999982792 ) ) ;
#4661 = CARTESIAN_POINT ( 'NONE',  ( 43.44550000000000267, 0.0000000000000000000, 0.0000000000000000000 ) ) ;
#4662 = ORIENTED_EDGE ( 'NONE', *, *, #4581, .F. ) ;
#4663 = DIRECTION ( 'NONE',  ( -1.347358039593636966E-16, 0.0000000000000000000, 1.000000000000000000 ) ) ;
#4664 = DIRECTION ( 'NONE',  ( -0.9703133690823770863, -0.2418511231729277289, -0.0000000000000000000 ) ) ;
#4665 = CARTESIAN_POINT ( 'NONE',  ( 2.369572206135590609, 21.49339341425656613, 2.000000000000005329 ) ) ;
#4666 = EDGE_LOOP ( 'NONE', ( #1189, #1023, #689, #5787, #1825 ) ) ;
#4667 = ORIENTED_EDGE ( 'NONE', *, *, #3123, .F. ) ;
#4668 = EDGE_CURVE ( 'NONE', #3682, #4137, #990, .T. ) ;
#4669 = AXIS2_PLACEMENT_3D ( 'NONE', #10664, #58, #6660 ) ;
#4670 = VERTEX_POINT ( 'NONE', #2604 ) ;
#4671 = AXIS2_PLACEMENT_3D ( 'NONE', #4951, #1649, #5747 ) ;
#4672 = DIRECTION ( 'NONE',  ( -0.3660362354902208515, -0.9306005987039486227, 0.0000000000000000000 ) ) ;
#4673 = CIRCLE ( 'NONE', #9833, 2.000000000000000000 ) ;
#4674 = LINE ( 'NONE', #5374, #8679 ) ;
#4675 = EDGE_LOOP ( 'NONE', ( #6419, #2531, #6512, #10636 ) ) ;
#4676 = DIRECTION ( 'NONE',  ( 0.0000000000000000000, 0.0000000000000000000, -1.000000000000000000 ) ) ;
#4677 = CONICAL_SURFACE ( 'NONE', #1815, 5.000000000000000888, 1.047197551196596299 ) ;
#4678 = APPLICATION_PROTOCOL_DEFINITION ( 'draft international standard', 'automotive_design', 1998, #1607 ) ;
#4679 = CARTESIAN_POINT ( 'NONE',  ( 41.99999999999999289, 0.0000000000000000000, 2.999999999999999112 ) ) ;
#4680 = CARTESIAN_POINT ( 'NONE',  ( 21.72202849340033382, 2.452451426071679208, -1.951599337616952923 ) ) ;
#4681 =( LENGTH_UNIT ( ) NAMED_UNIT ( * ) SI_UNIT ( .MILLI., .METRE. ) );
#4682 = EDGE_CURVE ( 'NONE', #6134, #731, #3462, .T. ) ;
#4683 = DIRECTION ( 'NONE',  ( -0.0000000000000000000, 0.0000000000000000000, 1.000000000000000000 ) ) ;
#4684 = ADVANCED_FACE ( 'NONE', ( #3322 ), #5008, .F. ) ;
#4685 = DIRECTION ( 'NONE',  ( 0.0000000000000000000, 0.0000000000000000000, -1.000000000000000000 ) ) ;
#4686 = LINE ( 'NONE', #7609, #9361 ) ;
#4687 = EDGE_LOOP ( 'NONE', ( #6689, #8317, #3618, #5439 ) ) ;
#4688 = ORIENTED_EDGE ( 'NONE', *, *, #239, .F. ) ;
#4689 = CARTESIAN_POINT ( 'NONE',  ( -18.25235012305800097, -27.00000000000000355, -21.71688605722899013 ) ) ;
#4690 = EDGE_LOOP ( 'NONE', ( #1594, #4157, #829, #6859, #9238, #4985 ) ) ;
#4691 =( NAMED_UNIT ( * ) SI_UNIT ( $, .STERADIAN. ) SOLID_ANGLE_UNIT ( ) );
#4692 = CARTESIAN_POINT ( 'NONE',  ( -13.32715314035187681, -1.860850179521653214, 15.19207627046605502 ) ) ;
#4693 = DIRECTION ( 'NONE',  ( 1.000000000000000000, 0.0000000000000000000, 0.0000000000000000000 ) ) ;
#4694 = EDGE_CURVE ( 'NONE', #4141, #1141, #5531, .T. ) ;
#4695 = CARTESIAN_POINT ( 'NONE',  ( 3.131523904012914805, 22.27255559573997701, 25.00000000230476260 ) ) ;
#4696 = CARTESIAN_POINT ( 'NONE',  ( 33.69485974840337406, 19.73667871171356225, 0.0000000000000000000 ) ) ;
#4697 = CARTESIAN_POINT ( 'NONE',  ( 0.0000000000000000000, 1.853294213043345184, -12.42591725181291551 ) ) ;
#4698 = ORIENTED_EDGE ( 'NONE', *, *, #10053, .T. ) ;
#4699 = ORIENTED_EDGE ( 'NONE', *, *, #989, .F. ) ;
#4700 = CARTESIAN_POINT ( 'NONE',  ( -46.30940107675852602, -10.00000000000000178, -17.00000000000000000 ) ) ;
#4701 = VERTEX_POINT ( 'NONE', #1717 ) ;
#4702 = VERTEX_POINT ( 'NONE', #4978 ) ;
#4703 = LINE ( 'NONE', #2383, #1063 ) ;
#4704 = CARTESIAN_POINT ( 'NONE',  ( 2.959716367706852314, 21.13483465857348165, 1.877548775584531482 ) ) ;
#4705 = DIRECTION ( 'NONE',  ( 1.000000000000000000, -3.469446951953614189E-16, 0.0000000000000000000 ) ) ;
#4706 = CARTESIAN_POINT ( 'NONE',  ( 0.0000000000000000000, 5.303003746295109622, -5.000000000000068390 ) ) ;
#4707 = DIRECTION ( 'NONE',  ( -0.0000000000000000000, -1.000000000000000000, -0.0000000000000000000 ) ) ;
#4708 = B_SPLINE_CURVE_WITH_KNOTS ( 'NONE', 3,
 ( #7825, #1940, #9564, #4505 ),
 .UNSPECIFIED., .F., .F.,
 ( 4, 4 ),
 ( 0.1257157524529521342, 0.2185625807386495367 ),
 .UNSPECIFIED. ) ;
#4709 = EDGE_CURVE ( 'NONE', #2984, #236, #2019, .T. ) ;
#4710 = AXIS2_PLACEMENT_3D ( 'NONE', #550, #6267, #7179 ) ;
#4711 = CARTESIAN_POINT ( 'NONE',  ( -2.925285743277530770, -4.084588180558412773, -0.01055556052339514175 ) ) ;
#4712 = VERTEX_POINT ( 'NONE', #3338 ) ;
#4713 = FACE_OUTER_BOUND ( 'NONE', #5612, .T. ) ;
#4714 = PLANE ( 'NONE',  #7703 ) ;
#4715 = CIRCLE ( 'NONE', #8339, 1.000000000000000666 ) ;
#4716 = CARTESIAN_POINT ( 'NONE',  ( 2.083882971141139517, 4.000000000000000000, -5.634429835272153575 ) ) ;
#4717 = CARTESIAN_POINT ( 'NONE',  ( -23.08180906533857879, 0.0002010558552024284103, 6.873950859638116029 ) ) ;
#4718 = ORIENTED_EDGE ( 'NONE', *, *, #2002, .F. ) ;
#4719 = DIRECTION ( 'NONE',  ( 0.0000000000000000000, 1.000000000000000000, 0.0000000000000000000 ) ) ;
#4720 = DIRECTION ( 'NONE',  ( -0.9306005987039487337, 0.3660362354902207405, 4.035836763324530940E-16 ) ) ;
#4721 = EDGE_CURVE ( 'NONE', #1412, #4912, #1506, .T. ) ;
#4722 = FACE_OUTER_BOUND ( 'NONE', #6903, .T. ) ;
#4723 = CARTESIAN_POINT ( 'NONE',  ( -12.55759041430735401, -1.195891105692140410, -15.90803181509505393 ) ) ;
#4724 = CARTESIAN_POINT ( 'NONE',  ( -16.28937455515810839, 1.441664198632933935, 9.755737422317762864 ) ) ;
#4725 = DIRECTION ( 'NONE',  ( 0.0000000000000000000, 0.0000000000000000000, -1.000000000000000000 ) ) ;
#4726 = CARTESIAN_POINT ( 'NONE',  ( 43.00000000000000000, 21.88813772300484928, 25.00000000000000000 ) ) ;
#4727 = DIRECTION ( 'NONE',  ( -1.000000000000000000, -0.0000000000000000000, -0.0000000000000000000 ) ) ;
#4728 = CARTESIAN_POINT ( 'NONE',  ( -10.32375721948323566, -1.958419710609712094, -17.12978646835480490 ) ) ;
#4729 = ORIENTED_EDGE ( 'NONE', *, *, #4231, .F. ) ;
#4730 = B_SPLINE_CURVE_WITH_KNOTS ( 'NONE', 3,
 ( #8457, #6023, #9406, #2764, #9304, #5237, #6832, #10119 ),
 .UNSPECIFIED., .F., .F.,
 ( 4, 2, 2, 4 ),
 ( 0.0000000000000000000, 0.002132634032644535084, 0.003198951048966804361, 0.004265268065289073637 ),
 .UNSPECIFIED. ) ;
#4731 = EDGE_CURVE ( 'NONE', #10090, #7783, #4091, .T. ) ;
#4732 = CARTESIAN_POINT ( 'NONE',  ( -43.84160065784951144, -5.431517531463125437, -16.00000000000000000 ) ) ;
#4733 =( NAMED_UNIT ( * ) SI_UNIT ( $, .STERADIAN. ) SOLID_ANGLE_UNIT ( ) );
#4734 = ADVANCED_FACE ( 'NONE', ( #4472 ), #5842, .T. ) ;
#4735 = AXIS2_PLACEMENT_3D ( 'NONE', #10478, #1359, #6287 ) ;
#4736 = CARTESIAN_POINT ( 'NONE',  ( -4.336808689942017736E-16, 21.88813772300484928, 3.000000000000005329 ) ) ;
#4737 = LINE ( 'NONE', #5262, #3837 ) ;
#4738 = DIRECTION ( 'NONE',  ( 0.0000000000000000000, 0.0000000000000000000, 1.000000000000000000 ) ) ;
#4739 = CIRCLE ( 'NONE', #3440, 2.849999999999998312 ) ;
#4740 = CIRCLE ( 'NONE', #3594, 9.000000000000000000 ) ;
#4741 = ORIENTED_EDGE ( 'NONE', *, *, #5477, .T. ) ;
#4742 = CARTESIAN_POINT ( 'NONE',  ( -5.000000000000000000, 0.0000000000000000000, -7.500000000000000000 ) ) ;
#4743 = LINE ( 'NONE', #3019, #4229 ) ;
#4744 = ADVANCED_FACE ( 'NONE', ( #5137, #3708 ), #9912, .T. ) ;
#4745 = CONICAL_SURFACE ( 'NONE', #5835, 13.53952102847735972, 0.1664505954745205962 ) ;
#4746 = CIRCLE ( 'NONE', #6690, 17.50000000000000355 ) ;
#4747 = CARTESIAN_POINT ( 'NONE',  ( 6.250864159878664950, 3.226245814752565444, -11.36796742713380048 ) ) ;
#4748 = CARTESIAN_POINT ( 'NONE',  ( -49.11713620887982756, -6.166423948098251451, 16.00000000000000000 ) ) ;
#4749 = AXIS2_PLACEMENT_3D ( 'NONE', #2157, #2200, #3285 ) ;
#4750 = VERTEX_POINT ( 'NONE', #7472 ) ;
#4751 = CARTESIAN_POINT ( 'NONE',  ( -23.05776247033743687, 0.0002460475165434767718, 6.931601271515034135 ) ) ;
#4752 = CARTESIAN_POINT ( 'NONE',  ( 2.480228988863466988, 20.81213173596536947, 2.000000000000005329 ) ) ;
#4753 = CARTESIAN_POINT ( 'NONE',  ( 6.395970796528011704, 21.73000000000000043, 1.000000000000000000 ) ) ;
#4754 = AXIS2_PLACEMENT_3D ( 'NONE', #3037, #3872, #2166 ) ;
#4755 = CARTESIAN_POINT ( 'NONE',  ( 0.0000000000000000000, -4.330127018922194537, -2.499999999999999556 ) ) ;
#4756 = FACE_BOUND ( 'NONE', #5925, .T. ) ;
#4757 = FACE_OUTER_BOUND ( 'NONE', #7109, .T. ) ;
#4758 = PRODUCT_DEFINITION_CONTEXT ( 'detailed design', #4977, 'design' ) ;
#4759 =( LENGTH_UNIT ( ) NAMED_UNIT ( * ) SI_UNIT ( .MILLI., .METRE. ) );
#4760 = EDGE_LOOP ( 'NONE', ( #5826, #2733, #4820, #5131 ) ) ;
#4761 = DIRECTION ( 'NONE',  ( 1.000000000000000000, 0.0000000000000000000, 0.0000000000000000000 ) ) ;
#4762 = ORIENTED_EDGE ( 'NONE', *, *, #10259, .T. ) ;
#4763 = CARTESIAN_POINT ( 'NONE',  ( -49.32428295434048238, -6.327103434332690846, -16.00000000000000000 ) ) ;
#4764 = CYLINDRICAL_SURFACE ( 'NONE', #5260, 1.000000000000000888 ) ;
#4765 = PRODUCT_DEFINITION_SHAPE ( 'NONE', 'NONE',  #10747 ) ;
#4766 = CARTESIAN_POINT ( 'NONE',  ( 41.63396376450977954, 22.96269241404051087, 3.000000000000000000 ) ) ;
#4767 = EDGE_CURVE ( 'NONE', #3127, #1293, #8489, .T. ) ;
#4768 = VERTEX_POINT ( 'NONE', #887 ) ;
#4770 = LINE ( 'NONE', #7273, #2577 ) ;
#4769 = AXIS2_PLACEMENT_3D ( 'NONE', #413, #5410, #8648 ) ;
#4771 = ORIENTED_EDGE ( 'NONE', *, *, #906, .F. ) ;
#4772 = CARTESIAN_POINT ( 'NONE',  ( 40.26439155837419293, 20.81213173596536237, 1.000000000000000000 ) ) ;
#4773 = DIRECTION ( 'NONE',  ( 1.000000000000000000, 0.0000000000000000000, -1.224646799147353207E-16 ) ) ;
#4774 = DIRECTION ( 'NONE',  ( 0.0000000000000000000, 0.0000000000000000000, -1.000000000000000000 ) ) ;
#4775 = B_SPLINE_CURVE_WITH_KNOTS ( 'NONE', 3,
 ( #3590, #1153, #2851, #5367, #2066, #6233, #1990, #7775, #3630, #3667, #9504, #4522, #8681, #5290, #8638, #9471, #403, #1257 ),
 .UNSPECIFIED., .F., .F.,
 ( 4, 2, 2, 2, 2, 2, 2, 2, 4 ),
 ( 0.4999999931906605743, 0.5506249940418279643, 0.6012499948929954652, 0.6518749957441627441, 0.7024999965953302450, 0.7531249974464975239, 0.8037499982976650248, 0.8543749991488324147, 0.9049999999999998046 ),
 .UNSPECIFIED. ) ;
#4776 = VECTOR ( 'NONE', #6368, 1000.000000000000000 ) ;
#4777 = FACE_OUTER_BOUND ( 'NONE', #8640, .T. ) ;
#4778 = ORIENTED_EDGE ( 'NONE', *, *, #1123, .T. ) ;
#4779 = ORIENTED_EDGE ( 'NONE', *, *, #7997, .T. ) ;
#4780 = EDGE_LOOP ( 'NONE', ( #657, #7506, #8077, #9613, #3094 ) ) ;
#4781 = DIRECTION ( 'NONE',  ( 0.0000000000000000000, 1.000000000000000000, 0.0000000000000000000 ) ) ;
#4782 = ORIENTED_EDGE ( 'NONE', *, *, #768, .T. ) ;
#4783 = EDGE_LOOP ( 'NONE', ( #3000, #5949, #7747, #254 ) ) ;
#4784 = EDGE_CURVE ( 'NONE', #7138, #7798, #5166, .T. ) ;
#4785 = EDGE_CURVE ( 'NONE', #3015, #1704, #8180, .T. ) ;
#4786 = AXIS2_PLACEMENT_3D ( 'NONE', #7307, #8975, #5604 ) ;
#4787 = DIRECTION ( 'NONE',  ( -1.347358039593636966E-16, 0.0000000000000000000, -1.000000000000000000 ) ) ;
#4788 = ORIENTED_EDGE ( 'NONE', *, *, #3974, .T. ) ;
#4789 = CARTESIAN_POINT ( 'NONE',  ( -47.59375280793623375, -7.101215356597956330, 16.50000000000000000 ) ) ;
#4790 = CARTESIAN_POINT ( 'NONE',  ( 1.923578567878911046E-15, 6.000000000000000000, 14.70504488684320776 ) ) ;
#4791 = ADVANCED_FACE ( 'NONE', ( #3449 ), #7069, .T. ) ;
#4792 = CARTESIAN_POINT ( 'NONE',  ( 5.000000000000000000, 2.316617955123373651, 4.012499999999993960 ) ) ;
#4793 = ORIENTED_EDGE ( 'NONE', *, *, #3622, .T. ) ;
#4794 = VERTEX_POINT ( 'NONE', #6011 ) ;
#4795 = CARTESIAN_POINT ( 'NONE',  ( 4.049437903326816190, 21.95398116338362726, 26.71786852465589135 ) ) ;
#4796 = CARTESIAN_POINT ( 'NONE',  ( 1.882894453689055664E-15, 9.999999999999998224, 15.37500000000000178 ) ) ;
#4797 = CARTESIAN_POINT ( 'NONE',  ( -17.59351282116625370, 0.01846009048716483469, 11.59756989014704942 ) ) ;
#4798 = CARTESIAN_POINT ( 'NONE',  ( 5.000000000000000000, -4.633235910246749079, 4.336808689942017736E-15 ) ) ;
#4799 = VERTEX_POINT ( 'NONE', #3415 ) ;
#4800 = CARTESIAN_POINT ( 'NONE',  ( -44.36852874019077575, -12.50215753918968886, -16.50000000000000000 ) ) ;
#4801 = DIRECTION ( 'NONE',  ( 0.0000000000000000000, 1.000000000000000000, 0.0000000000000000000 ) ) ;
#4802 = TOROIDAL_SURFACE ( 'NONE', #7329, 13.00000000000000000, 2.000000000000000000 ) ;
#4803 = AXIS2_PLACEMENT_3D ( 'NONE', #3589, #10198, #6083 ) ;
#4804 = VERTEX_POINT ( 'NONE', #6785 ) ;
#4805 = AXIS2_PLACEMENT_3D ( 'NONE', #4634, #9627, #5444 ) ;
#4806 = ADVANCED_FACE ( 'NONE', ( #6296 ), #1641, .T. ) ;
#4807 = B_SPLINE_CURVE_WITH_KNOTS ( 'NONE', 3,
 ( #4133, #5760, #9936, #909, #7495, #2514, #5829, #9072 ),
 .UNSPECIFIED., .F., .F.,
 ( 4, 2, 2, 4 ),
 ( 0.0000000000000000000, 0.001746554412716035164, 0.002619831619074062395, 0.003493108825432089844 ),
 .UNSPECIFIED. ) ;
#4808 = CYLINDRICAL_SURFACE ( 'NONE', #153, 2.849999999999999201 ) ;
#4809 = CARTESIAN_POINT ( 'NONE',  ( -41.32662511730033827, -12.14644144644013934, -16.00000000000000000 ) ) ;
#4810 = CARTESIAN_POINT ( 'NONE',  ( -2.500000000000000000, 3.061616997868383141E-16, -0.3501037691048523026 ) ) ;
#4811 = DIRECTION ( 'NONE',  ( -0.0000000000000000000, 1.310430179583815370E-15, 1.000000000000000000 ) ) ;
#4812 = ORIENTED_EDGE ( 'NONE', *, *, #4876, .F. ) ;
#4813 = CARTESIAN_POINT ( 'NONE',  ( 5.000000000000000888, 0.0000000000000000000, -6.099999999999999645 ) ) ;
#4814 = VECTOR ( 'NONE', #1924, 1000.000000000000000 ) ;
#4815 = CARTESIAN_POINT ( 'NONE',  ( 10.00000000000000000, 0.0000000000000000000, -5.399999999999999467 ) ) ;
#4816 = CARTESIAN_POINT ( 'NONE',  ( 5.133927344905569457E-07, 4.000000000000000000, -5.999775301698640817 ) ) ;
#4817 = ORIENTED_EDGE ( 'NONE', *, *, #2801, .F. ) ;
#4818 = VECTOR ( 'NONE', #6093, 1000.000000000000000 ) ;
#4819 = VECTOR ( 'NONE', #3731, 1000.000000000000000 ) ;
#4820 = ORIENTED_EDGE ( 'NONE', *, *, #8715, .T. ) ;
#4821 = ORIENTED_EDGE ( 'NONE', *, *, #8522, .T. ) ;
#4822 = CARTESIAN_POINT ( 'NONE',  ( 1.000000000000000000, 22.03209181533656746, 3.000000000000006217 ) ) ;
#4823 = ORIENTED_EDGE ( 'NONE', *, *, #9393, .T. ) ;
#4824 = CARTESIAN_POINT ( 'NONE',  ( 17.97699349158354210, 0.9585065240796716290, 28.00000000000000000 ) ) ;
#4825 = CARTESIAN_POINT ( 'NONE',  ( -46.30940107675852602, -10.00000000000000178, 17.00000000000000000 ) ) ;
#4826 = CYLINDRICAL_SURFACE ( 'NONE', #10397, 9.999999999999998224 ) ;
#4827 = DIRECTION ( 'NONE',  ( 1.000000000000000000, 0.0000000000000000000, 1.347358039593636966E-16 ) ) ;
#4828 = DIRECTION ( 'NONE',  ( -0.0000000000000000000, -0.0000000000000000000, -1.000000000000000000 ) ) ;
#4829 = CARTESIAN_POINT ( 'NONE',  ( 2.959716367706857643, 21.13483465857347809, 26.12245122441546741 ) ) ;
#4830 = ORIENTED_EDGE ( 'NONE', *, *, #4572, .T. ) ;
#4831 = DIRECTION ( 'NONE',  ( 0.0000000000000000000, 0.0000000000000000000, 1.000000000000000000 ) ) ;
#4832 = EDGE_LOOP ( 'NONE', ( #10042, #904, #6559, #7533, #9439, #2489 ) ) ;
#4833 = CARTESIAN_POINT ( 'NONE',  ( -28.02020433871751237, -24.10435930197277443, -13.99999999999999112 ) ) ;
#4834 = EDGE_CURVE ( 'NONE', #5856, #1914, #335, .T. ) ;
#4835 = AXIS2_PLACEMENT_3D ( 'NONE', #2616, #6778, #4373 ) ;
#4836 = ORIENTED_EDGE ( 'NONE', *, *, #892, .F. ) ;
#4837 = DIRECTION ( 'NONE',  ( 0.0000000000000000000, 0.0000000000000000000, -1.000000000000000000 ) ) ;
#4838 = CARTESIAN_POINT ( 'NONE',  ( 0.0000000000000000000, 0.0000000000000000000, 0.0000000000000000000 ) ) ;
#4839 = CARTESIAN_POINT ( 'NONE',  ( -45.71293249679403203, -13.54498398776496337, -16.50000000000000000 ) ) ;
#4840 = CARTESIAN_POINT ( 'NONE',  ( -12.00000000000000711, -16.19999999999999218, 14.00000000000000000 ) ) ;
#4841 = CARTESIAN_POINT ( 'NONE',  ( -14.96662954709576354, -35.00000000000000000, -26.00000000000000000 ) ) ;
#4842 = ADVANCED_FACE ( 'NONE', ( #2293 ), #3971, .T. ) ;
#4843 = ORIENTED_EDGE ( 'NONE', *, *, #10127, .T. ) ;
#4844 = CARTESIAN_POINT ( 'NONE',  ( 2.480228988863466988, -1.200000000000000030E-05, 1.000000000000005551 ) ) ;
#4845 = DIRECTION ( 'NONE',  ( 0.0000000000000000000, 0.0000000000000000000, -1.000000000000000000 ) ) ;
#4846 =( NAMED_UNIT ( * ) SI_UNIT ( $, .STERADIAN. ) SOLID_ANGLE_UNIT ( ) );
#4847 = B_SPLINE_CURVE_WITH_KNOTS ( 'NONE', 3,
 ( #10156, #250, #1901, #3477, #1069, #7630 ),
 .UNSPECIFIED., .F., .F.,
 ( 4, 2, 4 ),
 ( 0.0000000000000000000, 0.0005542032052911334506, 0.001108406410582266901 ),
 .UNSPECIFIED. ) ;
#4848 = EDGE_CURVE ( 'NONE', #5094, #6209, #735, .T. ) ;
#4849 = FACE_OUTER_BOUND ( 'NONE', #8735, .T. ) ;
#4850 = LINE ( 'NONE', #3917, #9664 ) ;
#4851 = AXIS2_PLACEMENT_3D ( 'NONE', #2474, #4967, #4130 ) ;
#4852 = DIRECTION ( 'NONE',  ( 0.8903001940441613860, 0.0000000000000000000, 0.4553740929004728710 ) ) ;
#4853 = ORIENTED_EDGE ( 'NONE', *, *, #7971, .T. ) ;
#4854 = ADVANCED_FACE ( 'NONE', ( #5392 ), #2116, .F. ) ;
#4855 = EDGE_CURVE ( 'NONE', #8095, #1912, #609, .T. ) ;
#4856 = ADVANCED_FACE ( 'NONE', ( #4874 ), #6444, .F. ) ;
#4857 = DIRECTION ( 'NONE',  ( 1.000000000000000000, 3.552521249394738346E-15, 0.0000000000000000000 ) ) ;
#4858 = CARTESIAN_POINT ( 'NONE',  ( -31.86885938345517744, -2.738699483745713259, -15.46208595233771099 ) ) ;
#4859 = CARTESIAN_POINT ( 'NONE',  ( -46.20075989647837389, -6.548080878539098038, 16.50000000000000000 ) ) ;
#4860 = CARTESIAN_POINT ( 'NONE',  ( -30.57735026918964039, -1.000000000000004441, 13.99999999999999822 ) ) ;
#4861 = CARTESIAN_POINT ( 'NONE',  ( -3.804989240159506902, 0.0000000000000000000, 19.99595248317009677 ) ) ;
#4862 = CARTESIAN_POINT ( 'NONE',  ( -22.01081323112152077, -1.734723475976807489E-15, 9.953140420631219953 ) ) ;
#4863 = AXIS2_PLACEMENT_3D ( 'NONE', #3853, #8806, #525 ) ;
#4864 = VECTOR ( 'NONE', #10028, 1000.000000000000000 ) ;
#4865 = AXIS2_PLACEMENT_3D ( 'NONE', #616, #10406, #6423 ) ;
#4866 = DIRECTION ( 'NONE',  ( -1.000000000000000000, 3.553282093363106959E-15, 0.0000000000000000000 ) ) ;
#4867 = LINE ( 'NONE', #7799, #10290 ) ;
#4868 = ORIENTED_EDGE ( 'NONE', *, *, #811, .F. ) ;
#4869 =( NAMED_UNIT ( * ) SI_UNIT ( $, .STERADIAN. ) SOLID_ANGLE_UNIT ( ) );
#4870 = CARTESIAN_POINT ( 'NONE',  ( -19.67558014221540930, -0.3097802448411773324, 12.73762932240103396 ) ) ;
#4871 = DIRECTION ( 'NONE',  ( 0.0000000000000000000, 1.000000000000000000, 0.0000000000000000000 ) ) ;
#4872 = DIRECTION ( 'NONE',  ( 0.0000000000000000000, 0.0000000000000000000, -1.000000000000000000 ) ) ;
#4873 = DIRECTION ( 'NONE',  ( -0.0000000000000000000, -0.0000000000000000000, 1.000000000000000000 ) ) ;
#4874 = FACE_OUTER_BOUND ( 'NONE', #10466, .T. ) ;
#4875 = LINE ( 'NONE', #7441, #9820 ) ;
#4876 = EDGE_CURVE ( 'NONE', #9074, #1026, #1769, .T. ) ;
#4877 = DIRECTION ( 'NONE',  ( 0.0000000000000000000, 0.0000000000000000000, 1.000000000000000000 ) ) ;
#4878 = DIRECTION ( 'NONE',  ( 0.0000000000000000000, 0.0000000000000000000, -1.000000000000000000 ) ) ;
#4879 = FACE_OUTER_BOUND ( 'NONE', #2601, .T. ) ;
#4880 = ORIENTED_EDGE ( 'NONE', *, *, #6414, .F. ) ;
#4881 = AXIS2_PLACEMENT_3D ( 'NONE', #3181, #6564, #9021 ) ;
#4882 = DIRECTION ( 'NONE',  ( 0.0000000000000000000, 0.0000000000000000000, 1.000000000000000000 ) ) ;
#4883 = AXIS2_PLACEMENT_3D ( 'NONE', #4991, #10030, #1800 ) ;
#4884 = CARTESIAN_POINT ( 'NONE',  ( 0.0000000000000000000, 0.0000000000000000000, 0.0000000000000000000 ) ) ;
#4885 = CARTESIAN_POINT ( 'NONE',  ( 2.480228988863465212, 20.91258098738522264, 2.000000000000005329 ) ) ;
#4886 = FACE_OUTER_BOUND ( 'NONE', #4675, .T. ) ;
#4887 = TOROIDAL_SURFACE ( 'NONE', #3646, 15.37500000000000178, 2.000000000000000000 ) ;
#4888 = EDGE_CURVE ( 'NONE', #10403, #1693, #9024, .T. ) ;
#4889 = ORIENTED_EDGE ( 'NONE', *, *, #5964, .F. ) ;
#4890 = CARTESIAN_POINT ( 'NONE',  ( 0.0000000000000000000, 6.000000000000000000, 0.0000000000000000000 ) ) ;
#4891 = CARTESIAN_POINT ( 'NONE',  ( -30.86602540378445525, -1.500000000000011768, 13.99999999999999822 ) ) ;
#4892 = SHAPE_DEFINITION_REPRESENTATION ( #953, #3297 ) ;
#4893 = FACE_OUTER_BOUND ( 'NONE', #3482, .T. ) ;
#4894 = UNCERTAINTY_MEASURE_WITH_UNIT (LENGTH_MEASURE( 1.000000000000000082E-05 ), #5909, 'distance_accuracy_value', 'NONE');
#4895 = CARTESIAN_POINT ( 'NONE',  ( -32.39666393863492289, -3.148908002771509285, -15.64640653053008279 ) ) ;
#4896 = CARTESIAN_POINT ( 'NONE',  ( -48.04003200415749575, -7.343744156635383824, 16.50000000000000000 ) ) ;
#4897 = CYLINDRICAL_SURFACE ( 'NONE', #652, 8.000000000000000000 ) ;
#4898 = ADVANCED_FACE ( 'NONE', ( #8109 ), #976, .F. ) ;
#4899 = CARTESIAN_POINT ( 'NONE',  ( -46.30940107675853312, -3.999999999999999112, 13.99999999999999467 ) ) ;
#4900 = EDGE_CURVE ( 'NONE', #9153, #5969, #2149, .T. ) ;
#4901 = APPLICATION_PROTOCOL_DEFINITION ( 'draft international standard', 'automotive_design', 1998, #3274 ) ;
#4902 = AXIS2_PLACEMENT_3D ( 'NONE', #4099, #1494, #9905 ) ;
#4903 = CARTESIAN_POINT ( 'NONE',  ( -18.06039371099786095, -25.00000000000000000, 13.99999999999999822 ) ) ;
#4904 = ORIENTED_EDGE ( 'NONE', *, *, #4855, .T. ) ;
#4905 = DIRECTION ( 'NONE',  ( 1.000000000000000000, 0.0000000000000000000, 0.0000000000000000000 ) ) ;
#4906 = DIRECTION ( 'NONE',  ( 1.000000000000000000, 0.0000000000000000000, 0.0000000000000000000 ) ) ;
#4907 = CLOSED_SHELL ( 'NONE', ( #798, #7344, #2834, #6430, #1854, #1709, #5338, #4613, #285, #10422, #8998, #7357, #9855, #9371, #5388, #1542, #3870, #9973, #6260, #9908, #7199, #10545, #5077, #10704, #125, #2420, #3653 ) ) ;
#4908 = DIRECTION ( 'NONE',  ( 0.0000000000000000000, 0.0000000000000000000, 1.000000000000000000 ) ) ;
#4909 = ORIENTED_EDGE ( 'NONE', *, *, #511, .T. ) ;
#4910 = CARTESIAN_POINT ( 'NONE',  ( -7.998033166238798231, -33.13149762182285940, 18.35530873995656620 ) ) ;
#4911 = CARTESIAN_POINT ( 'NONE',  ( -25.69999999999999929, 0.0000000000000000000, 5.150000000000001243 ) ) ;
#4912 = VERTEX_POINT ( 'NONE', #6243 ) ;
#4913 = ADVANCED_FACE ( 'NONE', ( #9174 ), #9030, .T. ) ;
#4914 = CARTESIAN_POINT ( 'NONE',  ( 0.0000000000000000000, 0.0000000000000000000, -5.724496230895143256 ) ) ;
#4915 = DIRECTION ( 'NONE',  ( 0.4794873788433848261, 0.0000000000000000000, 0.8775487755845259308 ) ) ;
#4916 = EDGE_CURVE ( 'NONE', #800, #7621, #2788, .T. ) ;
#4917 = ORIENTED_EDGE ( 'NONE', *, *, #2303, .F. ) ;
#4918 = AXIS2_PLACEMENT_3D ( 'NONE', #526, #8807, #3854 ) ;
#4919 = DIRECTION ( 'NONE',  ( 0.0000000000000000000, 1.000000000000000000, 0.0000000000000000000 ) ) ;
#4920 = ORIENTED_EDGE ( 'NONE', *, *, #6920, .T. ) ;
#4921 = COLOUR_RGB ( '',0.7764705882352941346, 0.7568627450980391913, 0.7372549019607843590 ) ;
#4922 = DIRECTION ( 'NONE',  ( -1.000000000000000000, 0.0000000000000000000, 0.0000000000000000000 ) ) ;
#4923 = VERTEX_POINT ( 'NONE', #1313 ) ;
#4924 = EDGE_LOOP ( 'NONE', ( #6459, #9784, #8415, #4036, #5046, #3101, #2586, #5832, #124, #9838, #651, #2560 ) ) ;
#4925 = DIRECTION ( 'NONE',  ( 0.0000000000000000000, 0.0000000000000000000, 1.000000000000000000 ) ) ;
#4926 = ORIENTED_EDGE ( 'NONE', *, *, #4983, .F. ) ;
#4927 = DIRECTION ( 'NONE',  ( -0.0000000000000000000, 0.0000000000000000000, 1.000000000000000000 ) ) ;
#4928 = VECTOR ( 'NONE', #3141, 1000.000000000000114 ) ;
#4929 = EDGE_LOOP ( 'NONE', ( #1004, #3629, #4401, #7921 ) ) ;
#4930 = ORIENTED_EDGE ( 'NONE', *, *, #8983, .F. ) ;
#4931 = EDGE_CURVE ( 'NONE', #10248, #8796, #10423, .T. ) ;
#4932 = EDGE_CURVE ( 'NONE', #4647, #1726, #83, .T. ) ;
#4933 = AXIS2_PLACEMENT_3D ( 'NONE', #10168, #6787, #2725 ) ;
#4934 = ORIENTED_EDGE ( 'NONE', *, *, #2067, .T. ) ;
#4935 = ORIENTED_EDGE ( 'NONE', *, *, #1521, .F. ) ;
#4936 = CARTESIAN_POINT ( 'NONE',  ( 2.369572206135591497, 21.49339341425656613, 24.99999999999999289 ) ) ;
#4937 = DIRECTION ( 'NONE',  ( 0.0000000000000000000, 0.0000000000000000000, -1.000000000000000000 ) ) ;
#4938 = CARTESIAN_POINT ( 'NONE',  ( -9.382803421143266931, -0.1777251015289381397, 28.00000000000000000 ) ) ;
#4939 = CARTESIAN_POINT ( 'NONE',  ( -22.85798259031667712, 5.204170427930421283E-15, -7.786840334305201949 ) ) ;
#4940 = DIRECTION ( 'NONE',  ( 0.0000000000000000000, 0.0000000000000000000, -1.000000000000000000 ) ) ;
#4941 = ORIENTED_EDGE ( 'NONE', *, *, #9250, .T. ) ;
#4942 = APPLICATION_CONTEXT ( 'automotive_design' ) ;
#4943 = FACE_OUTER_BOUND ( 'NONE', #2281, .T. ) ;
#4944 = ORIENTED_EDGE ( 'NONE', *, *, #9705, .F. ) ;
#4945 = DIRECTION ( 'NONE',  ( 0.8775487755845259308, 0.0000000000000000000, 0.4794873788433843820 ) ) ;
#4946 = ORIENTED_EDGE ( 'NONE', *, *, #6847, .F. ) ;
#4947 = LINE ( 'NONE', #2882, #7290 ) ;
#4948 = EDGE_CURVE ( 'NONE', #4377, #3542, #5903, .T. ) ;
#4949 = CARTESIAN_POINT ( 'NONE',  ( 1.423651904008798069E-15, 7.999999999999998224, 11.62500000000000000 ) ) ;
#4950 = CARTESIAN_POINT ( 'NONE',  ( 3.500000000000000000, 4.330127018922190096, -2.500000000000007105 ) ) ;
#4951 = CARTESIAN_POINT ( 'NONE',  ( 10.40000000000000036, 0.0000000000000000000, 0.0000000000000000000 ) ) ;
#4952 = DIRECTION ( 'NONE',  ( -0.0000000000000000000, -0.0000000000000000000, 1.000000000000000000 ) ) ;
#4953 = CARTESIAN_POINT ( 'NONE',  ( -24.25235012305799032, -27.00000000000000355, -16.00000000000000000 ) ) ;
#4954 = AXIS2_PLACEMENT_3D ( 'NONE', #7578, #2627, #8406 ) ;
#4955 = PRESENTATION_STYLE_ASSIGNMENT (( #9704 ) ) ;
#4956 = ORIENTED_EDGE ( 'NONE', *, *, #9674, .T. ) ;
#4957 = FACE_OUTER_BOUND ( 'NONE', #777, .T. ) ;
#4958 = ORIENTED_EDGE ( 'NONE', *, *, #6305, .T. ) ;
#4959 = DIRECTION ( 'NONE',  ( -0.8523612696002097477, 0.2378663886232286195, 0.4657250768950090269 ) ) ;
#4960 = VECTOR ( 'NONE', #2494, 1000.000000000000227 ) ;
#4961 = CARTESIAN_POINT ( 'NONE',  ( 3.500000000000000000, 5.000000000000000000, 0.0000000000000000000 ) ) ;
#4962 = ORIENTED_EDGE ( 'NONE', *, *, #9674, .F. ) ;
#4963 = CARTESIAN_POINT ( 'NONE',  ( 1.270549420881451248E-16, 0.4887495714983701167, -5.000000000000000000 ) ) ;
#4964 = ORIENTED_EDGE ( 'NONE', *, *, #1345, .T. ) ;
#4965 = EDGE_LOOP ( 'NONE', ( #490, #10563, #3496 ) ) ;
#4966 = ORIENTED_EDGE ( 'NONE', *, *, #1866, .F. ) ;
#4967 = DIRECTION ( 'NONE',  ( 1.000000000000000000, 0.0000000000000000000, 0.0000000000000000000 ) ) ;
#4968 = PRESENTATION_LAYER_ASSIGNMENT (  '', '', ( #9070 ) ) ;
#4969 = CIRCLE ( 'NONE', #9118, 5.000000000000000000 ) ;
#4970 = ADVANCED_FACE ( 'NONE', ( #7594 ), #9006, .T. ) ;
#4971 = ADVANCED_FACE ( 'NONE', ( #9818 ), #9549, .T. ) ;
#4972 = DIRECTION ( 'NONE',  ( 0.0000000000000000000, 0.0000000000000000000, -1.000000000000000000 ) ) ;
#4973 = DIRECTION ( 'NONE',  ( 1.107651771102884309E-16, -0.4265450675242221101, 0.9044663096935986468 ) ) ;
#4974 = CARTESIAN_POINT ( 'NONE',  ( 7.985373796971042104, 3.226071813993092174, -10.22281049829008381 ) ) ;
#4975 = CARTESIAN_POINT ( 'NONE',  ( 0.0000000000000000000, -0.9956277796461907581, 0.0000000000000000000 ) ) ;
#4976 =( BOUNDED_SURFACE ( )  B_SPLINE_SURFACE ( 3, 2, ( 
 ( #5930, #1009, #2685 ),
 ( #9324, #4342, #3521 ),
 ( #7600, #5217, #10133 ),
 ( #7670, #4310, #7572 ) ),
 .UNSPECIFIED., .F., .F., .F. ) 
 B_SPLINE_SURFACE_WITH_KNOTS ( ( 4, 4 ),
 ( 3, 3 ),
 ( 4.440245128139935105, 4.712388980384689674 ),
 ( 0.0000000000000000000, 1.000000000000000000 ),
 .UNSPECIFIED. ) 
 GEOMETRIC_REPRESENTATION_ITEM ( )  RATIONAL_B_SPLINE_SURFACE ( (
 ( 1.000000000000000000, 0.6599678889349526179, 1.000000000000000000),
 ( 1.000000000000000000, 0.6758404653767339232, 1.000000000000000000),
 ( 1.000000000000000000, 0.6917306295279526118, 1.000000000000000000),
 ( 1.000000000000000000, 0.7071067811865472397, 1.000000000000000000) ) ) 
 REPRESENTATION_ITEM ( '' )  SURFACE ( )  );
#4977 = APPLICATION_CONTEXT ( 'automotive_design' ) ;
#4978 = CARTESIAN_POINT ( 'NONE',  ( -30.00000000000000355, -1.000000000000000888, 13.99999999999999822 ) ) ;
#4979 = VECTOR ( 'NONE', #4685, 1000.000000000000000 ) ;
#4980 = CARTESIAN_POINT ( 'NONE',  ( 6.651350249290356231, 21.73000000000000043, 1.000000000000000000 ) ) ;
#4981 = CARTESIAN_POINT ( 'NONE',  ( -33.87316485015981016, -22.19999999999999574, -13.99999999999999822 ) ) ;
#4982 = CARTESIAN_POINT ( 'NONE',  ( 6.242941986818719258, 20.11905591701318485, 0.08361402225894204454 ) ) ;
#4983 = EDGE_CURVE ( 'NONE', #8322, #9466, #2675, .T. ) ;
#4984 = CARTESIAN_POINT ( 'NONE',  ( -21.25235012305799387, -27.00000000000000355, 16.00000000000000000 ) ) ;
#4985 = ORIENTED_EDGE ( 'NONE', *, *, #6256, .F. ) ;
#4986 = DIRECTION ( 'NONE',  ( 1.000000000000000000, 1.387778780781445922E-16, 1.347358039593636966E-16 ) ) ;
#4987 = CARTESIAN_POINT ( 'NONE',  ( -12.00290912278228994, -6.999999999999999112, -13.99999999999999822 ) ) ;
#4988 = VECTOR ( 'NONE', #9050, 1000.000000000000114 ) ;
#4989 = CARTESIAN_POINT ( 'NONE',  ( 4.592054218142289201, 3.122278952918448702, -5.789399939901071157 ) ) ;
#4990 = VERTEX_POINT ( 'NONE', #1463 ) ;
#4991 = CARTESIAN_POINT ( 'NONE',  ( 1.000000000000000888, 0.0000000000000000000, 0.0000000000000000000 ) ) ;
#4992 = EDGE_CURVE ( 'NONE', #10585, #562, #6694, .T. ) ;
#4993 = EDGE_CURVE ( 'NONE', #7639, #2739, #6454, .T. ) ;
#4994 = VERTEX_POINT ( 'NONE', #5633 ) ;
#4995 = AXIS2_PLACEMENT_3D ( 'NONE', #5133, #3398, #7559 ) ;
#4996 = DIRECTION ( 'NONE',  ( -1.347358039593636966E-16, 0.0000000000000000000, 1.000000000000000000 ) ) ;
#4997 = PLANE ( 'NONE',  #3485 ) ;
#4998 = CIRCLE ( 'NONE', #1987, 4.999999999999999112 ) ;
#4999 = CARTESIAN_POINT ( 'NONE',  ( -1.212622235634273713E-15, -2.000000000000000000, -9.000000000000003553 ) ) ;
#5000 = FACE_BOUND ( 'NONE', #4250, .T. ) ;
#5001 = DIRECTION ( 'NONE',  ( -1.000000000000000000, 0.0000000000000000000, 0.0000000000000000000 ) ) ;
#5002 = DIRECTION ( 'NONE',  ( 0.0000000000000000000, 1.000000000000000000, -0.0000000000000000000 ) ) ;
#5003 = CARTESIAN_POINT ( 'NONE',  ( 13.81565638746557845, 2.452046392830443899, -14.47177420918594848 ) ) ;
#5004 = ORIENTED_EDGE ( 'NONE', *, *, #648, .F. ) ;
#5005 = AXIS2_PLACEMENT_3D ( 'NONE', #4903, #7474, #6552 ) ;
#5006 = AXIS2_PLACEMENT_3D ( 'NONE', #10551, #3095, #2344 ) ;
#5007 = DIRECTION ( 'NONE',  ( 0.0000000000000000000, 0.0000000000000000000, -1.000000000000000000 ) ) ;
#5008 = CYLINDRICAL_SURFACE ( 'NONE', #2695, 31.26025732058002049 ) ;
#5009 = VECTOR ( 'NONE', #7924, 1000.000000000000000 ) ;
#5010 = CONICAL_SURFACE ( 'NONE', #10515, 5.000000000000000000, 1.047197551196600296 ) ;
#5011 = CARTESIAN_POINT ( 'NONE',  ( -17.50000000000000355, 0.0000000000000000000, 13.50000000000000000 ) ) ;
#5012 = DIRECTION ( 'NONE',  ( -0.0000000000000000000, -1.000000000000000000, -0.0000000000000000000 ) ) ;
#5013 = DIRECTION ( 'NONE',  ( -0.0000000000000000000, -1.000000000000000000, -0.0000000000000000000 ) ) ;
#5014 = FILL_AREA_STYLE_COLOUR ( '', #2741 ) ;
#5015 = VERTEX_POINT ( 'NONE', #10615 ) ;
#5016 = CARTESIAN_POINT ( 'NONE',  ( 5.000000000000000000, 2.316617955123373651, 4.012499999999993960 ) ) ;
#5017 = ADVANCED_FACE ( 'NONE', ( #9421 ), #5598, .T. ) ;
#5018 = ADVANCED_FACE ( 'NONE', ( #6940 ), #2384, .F. ) ;
#5019 = EDGE_CURVE ( 'NONE', #9220, #9216, #8367, .T. ) ;
#5020 = CONTEXT_DEPENDENT_SHAPE_REPRESENTATION ( #5150, #7374 ) ;
#5021 = FACE_OUTER_BOUND ( 'NONE', #8336, .T. ) ;
#5022 = LINE ( 'NONE', #9881, #3202 ) ;
#5023 = AXIS2_PLACEMENT_3D ( 'NONE', #10430, #7979, #3025 ) ;
#5024 = CARTESIAN_POINT ( 'NONE',  ( 1.311724036127919788E-07, 0.0000000000000000000, 19.99803989383731917 ) ) ;
#5025 = AXIS2_PLACEMENT_3D ( 'NONE', #1920, #4353, #8541 ) ;
#5026 = CARTESIAN_POINT ( 'NONE',  ( -46.14542788219400649, -4.822834520243908685, -16.00000000000000000 ) ) ;
#5027 = DIRECTION ( 'NONE',  ( 1.000000000000000000, 0.0000000000000000000, 0.0000000000000000000 ) ) ;
#5028 = B_SPLINE_SURFACE_WITH_KNOTS ( 'NONE', 3, 3, ( 
 ( #4567, #7810, #10311, #6276 ),
 ( #1306, #2108, #10343, #1158 ),
 ( #4453, #10245, #1995, #8609 ),
 ( #3672, #368, #4526, #7034 ),
 ( #9741, #7147, #4747, #4716 ),
 ( #5549, #2266, #6397, #517 ),
 ( #8845, #10507, #5484, #9626 ),
 ( #3927, #7965, #4632, #6310 ),
 ( #3049, #1380, #3887, #9703 ),
 ( #8880, #7217, #560, #1342 ),
 ( #1417, #10417, #2181, #3013 ),
 ( #8800, #589, #3848, #8007 ),
 ( #9668, #4680, #10456, #6351 ),
 ( #7187, #2227, #5514, #6073 ),
 ( #4509, #3584, #5358, #9457 ),
 ( #1139, #318, #10330, #428 ),
 ( #3725, #3691, #8628, #8567 ),
 ( #7764, #9531, #8596, #5390 ) ),
 .UNSPECIFIED., .T., .F., .F.,
 ( 4, 1, 1, 1, 1, 2, 2, 2, 1, 1, 1, 1, 4 ),
 ( 4, 4 ),
 ( 0.0000000000000000000, 0.01249999999999995559, 0.02499999999999991118, 0.03750000000000008882, 0.05000000000000004441, 0.2500000000000000555, 0.5000000000000001110, 0.7500000000000001110, 0.9500000000000000666, 0.9625000000000000222, 0.9749999999999999778, 0.9875000000000000444, 1.000000000000000000 ),
 ( 0.0000000000000000000, 1.000000000000000000 ),
 .UNSPECIFIED. ) ;
#5029 = VERTEX_POINT ( 'NONE', #8852 ) ;
#5030 = LINE ( 'NONE', #7427, #3084 ) ;
#5031 = EDGE_CURVE ( 'NONE', #4652, #6973, #10699, .T. ) ;
#5032 = LINE ( 'NONE', #1121, #10074 ) ;
#5033 =( NAMED_UNIT ( * ) SI_UNIT ( $, .STERADIAN. ) SOLID_ANGLE_UNIT ( ) );
#5034 = ORIENTED_EDGE ( 'NONE', *, *, #592, .F. ) ;
#5035 = DIRECTION ( 'NONE',  ( 0.0000000000000000000, 0.0000000000000000000, -1.000000000000000000 ) ) ;
#5036 = VECTOR ( 'NONE', #3803, 1000.000000000000000 ) ;
#5037 = ORIENTED_EDGE ( 'NONE', *, *, #404, .T. ) ;
#5038 = CARTESIAN_POINT ( 'NONE',  ( 10.40000000000000036, 0.0000000000000000000, 0.0000000000000000000 ) ) ;
#5039 = CARTESIAN_POINT ( 'NONE',  ( -8.452851717398731424, -33.39842451915140487, 15.91343758433399280 ) ) ;
#5040 = PRODUCT_DEFINITION_FORMATION_WITH_SPECIFIED_SOURCE ( 'ANY', '', #8462, .NOT_KNOWN. ) ;
#5041 = ORIENTED_EDGE ( 'NONE', *, *, #2639, .T. ) ;
#5042 = EDGE_CURVE ( 'NONE', #6973, #7660, #4743, .T. ) ;
#5043 =( REPRESENTATION_RELATIONSHIP ('NONE','NONE', #3297, #3403 ) REPRESENTATION_RELATIONSHIP_WITH_TRANSFORMATION ( #3716 )SHAPE_REPRESENTATION_RELATIONSHIP( ) );
#5044 = ORIENTED_EDGE ( 'NONE', *, *, #8539, .T. ) ;
#5045 = AXIS2_PLACEMENT_3D ( 'NONE', #29, #1619, #4120 ) ;
#5046 = ORIENTED_EDGE ( 'NONE', *, *, #8527, .T. ) ;
#5047 = ORIENTED_EDGE ( 'NONE', *, *, #5400, .T. ) ;
#5048 = CARTESIAN_POINT ( 'NONE',  ( -9.382803421143266931, -0.1777251015289381397, 0.0000000000000000000 ) ) ;
#5049 = CARTESIAN_POINT ( 'NONE',  ( 0.0000000000000000000, -0.9956277796461907581, 0.0000000000000000000 ) ) ;
#5050 = CARTESIAN_POINT ( 'NONE',  ( 0.0000000000000000000, -2.316617955123370987, 4.012500000000000178 ) ) ;
#5051 = DIRECTION ( 'NONE',  ( -0.0000000000000000000, -0.0000000000000000000, -1.000000000000000000 ) ) ;
#5052 = ORIENTED_EDGE ( 'NONE', *, *, #2150, .T. ) ;
#5053 = CARTESIAN_POINT ( 'NONE',  ( 3.372500267112782169, 4.000000000000000000, -4.962483445647372982 ) ) ;
#5054 = CARTESIAN_POINT ( 'NONE',  ( -17.45502306183036012, -2.580004288050764760, -15.38082575391044315 ) ) ;
#5055 = SHAPE_REPRESENTATION_RELATIONSHIP ( 'NONE' , 'NONE' ,  #6865, #7296 ) ;
#5056 = ORIENTED_EDGE ( 'NONE', *, *, #6615, .T. ) ;
#5057 = EDGE_LOOP ( 'NONE', ( #5299, #10523, #6756, #8039, #578, #9205, #4920, #5481, #8164, #3924, #3787, #3813, #4591, #4261 ) ) ;
#5058 = ORIENTED_EDGE ( 'NONE', *, *, #1521, .T. ) ;
#5059 = ORIENTED_EDGE ( 'NONE', *, *, #6304, .F. ) ;
#5060 = CARTESIAN_POINT ( 'NONE',  ( -5.000000000000000000, 1.947085426416884202, -5.900379292880307602 ) ) ;
#5061 = CARTESIAN_POINT ( 'NONE',  ( 58.25768616347284734, 0.4009282413531840006, 28.00000000000000000 ) ) ;
#5062 = EDGE_CURVE ( 'NONE', #1704, #8403, #5539, .T. ) ;
#5063 = AXIS2_PLACEMENT_3D ( 'NONE', #9900, #4925, #8107 ) ;
#5064 = VERTEX_POINT ( 'NONE', #2926 ) ;
#5065 = CARTESIAN_POINT ( 'NONE',  ( -47.55354293907979724, -9.017595061190613492, -17.00000000000000000 ) ) ;
#5066 = CIRCLE ( 'NONE', #5790, 2.849999999999998312 ) ;
#5067 = CARTESIAN_POINT ( 'NONE',  ( -49.12426151871731861, -4.693184747793699430, 15.99214010191209567 ) ) ;
#5068 = B_SPLINE_CURVE_WITH_KNOTS ( 'NONE', 3,
 ( #9411, #7756, #7723, #4434 ),
 .UNSPECIFIED., .F., .F.,
 ( 4, 4 ),
 ( 2.380735201043270338E-07, 0.002921158011986727671 ),
 .UNSPECIFIED. ) ;
#5069 = EDGE_LOOP ( 'NONE', ( #423, #358, #2679 ) ) ;
#5070 = CIRCLE ( 'NONE', #7858, 1.000000000000000000 ) ;
#5071 = ORIENTED_EDGE ( 'NONE', *, *, #5138, .F. ) ;
#5072 = EDGE_CURVE ( 'NONE', #7280, #5232, #8742, .T. ) ;
#5073 = CIRCLE ( 'NONE', #3005, 1.000000000000000888 ) ;
#5074 = ORIENTED_EDGE ( 'NONE', *, *, #4721, .T. ) ;
#5075 = DIRECTION ( 'NONE',  ( 1.000000000000000000, 0.0000000000000000000, 0.0000000000000000000 ) ) ;
#5076 = VERTEX_POINT ( 'NONE', #8014 ) ;
#5077 = ADVANCED_FACE ( 'NONE', ( #6572 ), #3051, .T. ) ;
#5078 = LINE ( 'NONE', #9052, #8438 ) ;
#5079 = EDGE_CURVE ( 'NONE', #3500, #2742, #4346, .T. ) ;
#5080 = ADVANCED_FACE ( 'NONE', ( #10567 ), #7338, .T. ) ;
#5081 = ORIENTED_EDGE ( 'NONE', *, *, #4142, .F. ) ;
#5082 = AXIS2_PLACEMENT_3D ( 'NONE', #10014, #4067, #5882 ) ;
#5083 = DIRECTION ( 'NONE',  ( 1.000000000000000000, 0.0000000000000000000, 0.0000000000000000000 ) ) ;
#5084 = CARTESIAN_POINT ( 'NONE',  ( -13.90192006711059847, 0.9339167485997341700, 13.82536284289295203 ) ) ;
#5085 = DIRECTION ( 'NONE',  ( 0.4553723963268201391, -4.633278457837049800E-16, 0.8903010618119973074 ) ) ;
#5086 = CARTESIAN_POINT ( 'NONE',  ( -2.500000000000007994, 4.330127018922190096, 0.0000000000000000000 ) ) ;
#5087 = CIRCLE ( 'NONE', #9456, 14.70504488684320776 ) ;
#5088 = VERTEX_POINT ( 'NONE', #3089 ) ;
#5089 = CARTESIAN_POINT ( 'NONE',  ( 0.08165819712376851114, 3.720292241887085627, -3.556264818047238929 ) ) ;
#5090 = ORIENTED_EDGE ( 'NONE', *, *, #4277, .F. ) ;
#5091 = EDGE_CURVE ( 'NONE', #2974, #1059, #1230, .T. ) ;
#5092 = CARTESIAN_POINT ( 'NONE',  ( 41.99999999999999289, 22.03209181533656391, 2.000000000000000000 ) ) ;
#5093 = DIRECTION ( 'NONE',  ( 1.000000000000000000, -0.0000000000000000000, 1.347358039593636966E-16 ) ) ;
#5094 = VERTEX_POINT ( 'NONE', #9671 ) ;
#5095 = CARTESIAN_POINT ( 'NONE',  ( -47.82037353199806518, -7.212717018593194140, 16.50000000000000000 ) ) ;
#5096 = DIRECTION ( 'NONE',  ( 0.0000000000000000000, 1.000000000000000000, -0.0000000000000000000 ) ) ;
#5097 = CARTESIAN_POINT ( 'NONE',  ( 0.0000000000000000000, 5.999999999999996447, 0.0000000000000000000 ) ) ;
#5098 = AXIS2_PLACEMENT_3D ( 'NONE', #10177, #2702, #8484 ) ;
#5099 = DIRECTION ( 'NONE',  ( 1.000000000000000000, 0.0000000000000000000, 0.0000000000000000000 ) ) ;
#5100 = AXIS2_PLACEMENT_3D ( 'NONE', #1551, #9065, #4082 ) ;
#5101 = DIRECTION ( 'NONE',  ( 5.223670516356307432E-17, 0.9044663096935984248, -0.4265450675242224987 ) ) ;
#5102 = CARTESIAN_POINT ( 'NONE',  ( -31.74999999999995737, 0.0000000000000000000, 0.0000000000000000000 ) ) ;
#5103 = VERTEX_POINT ( 'NONE', #9630 ) ;
#5104 = CARTESIAN_POINT ( 'NONE',  ( -13.94163180620230591, -25.00000000000000000, 14.00000000000000000 ) ) ;
#5105 = EDGE_CURVE ( 'NONE', #2322, #7743, #6162, .T. ) ;
#5106 = CONICAL_SURFACE ( 'NONE', #1321, 5.000000000000000000, 1.047197551196600296 ) ;
#5107 = DIRECTION ( 'NONE',  ( -0.0000000000000000000, -1.000000000000000000, -0.0000000000000000000 ) ) ;
#5108 = CARTESIAN_POINT ( 'NONE',  ( -49.52295863858646641, -6.494680358738834869, -16.00000000000000000 ) ) ;
#5109 = AXIS2_PLACEMENT_3D ( 'NONE', #5461, #3793, #1319 ) ;
#5110 = ORIENTED_EDGE ( 'NONE', *, *, #5258, .F. ) ;
#5111 = DIRECTION ( 'NONE',  ( 0.0000000000000000000, 0.0000000000000000000, -1.000000000000000000 ) ) ;
#5112 = AXIS2_PLACEMENT_3D ( 'NONE', #6466, #10612, #3233 ) ;
#5113 = FACE_OUTER_BOUND ( 'NONE', #9225, .T. ) ;
#5114 = CARTESIAN_POINT ( 'NONE',  ( -10.40795618433701364, -1.612307046151899792, -17.07901353122620236 ) ) ;
#5115 = CARTESIAN_POINT ( 'NONE',  ( -7.118449302602206430, -32.31055268242869971, 16.53262470167040021 ) ) ;
#5116 = CYLINDRICAL_SURFACE ( 'NONE', #6633, 5.999999999999998224 ) ;
#5117 = PRODUCT_DEFINITION_SHAPE ( 'NONE', 'NONE',  #10739 ) ;
#5118 = CARTESIAN_POINT ( 'NONE',  ( 17.97699349158354210, 0.9585065240796716290, 0.0000000000000000000 ) ) ;
#5119 = CARTESIAN_POINT ( 'NONE',  ( 0.0000000000000000000, 0.0000000000000000000, 3.000000000000006217 ) ) ;
#5120 = DIRECTION ( 'NONE',  ( -1.000000000000000000, 7.709882115452484083E-16, 0.0000000000000000000 ) ) ;
#5121 = CARTESIAN_POINT ( 'NONE',  ( 44.00000000000000000, 0.0000000000000000000, 2.445500000000000007 ) ) ;
#5122 = EDGE_CURVE ( 'NONE', #7501, #1665, #10676, .T. ) ;
#5123 = DIRECTION ( 'NONE',  ( 0.0000000000000000000, 1.000000000000000000, 0.0000000000000000000 ) ) ;
#5124 = AXIS2_PLACEMENT_3D ( 'NONE', #2446, #5804, #3378 ) ;
#5125 = FILL_AREA_STYLE ('',( #4220 ) ) ;
#5126 = CARTESIAN_POINT ( 'NONE',  ( 0.0000000000000000000, 0.0000000000000000000, 9.500000000000000000 ) ) ;
#5127 = ADVANCED_FACE ( 'NONE', ( #7209, #8895 ), #10462, .F. ) ;
#5128 = PLANE ( 'NONE',  #7331 ) ;
#5129 = CARTESIAN_POINT ( 'NONE',  ( 40.17747454410555719, 21.49398411929191965, 2.000000000000000444 ) ) ;
#5130 = CIRCLE ( 'NONE', #1302, 10.00000000000000000 ) ;
#5131 = ORIENTED_EDGE ( 'NONE', *, *, #7156, .T. ) ;
#5132 = DIRECTION ( 'NONE',  ( 0.0000000000000000000, 0.0000000000000000000, -1.000000000000000000 ) ) ;
#5133 = CARTESIAN_POINT ( 'NONE',  ( 0.0000000000000000000, 0.0000000000000000000, 0.0000000000000000000 ) ) ;
#5134 = CARTESIAN_POINT ( 'NONE',  ( -47.75476521102635985, -13.28635162781927015, -16.50000000000000000 ) ) ;
#5135 = DIRECTION ( 'NONE',  ( 0.0000000000000000000, -0.0000000000000000000, 1.000000000000000000 ) ) ;
#5136 = DIRECTION ( 'NONE',  ( -0.0000000000000000000, -0.0000000000000000000, 1.000000000000000000 ) ) ;
#5137 = FACE_OUTER_BOUND ( 'NONE', #7493, .T. ) ;
#5138 = EDGE_CURVE ( 'NONE', #10324, #6873, #7830, .T. ) ;
#5139 = EDGE_CURVE ( 'NONE', #1676, #10027, #3189, .T. ) ;
#5140 = FACE_OUTER_BOUND ( 'NONE', #2506, .T. ) ;
#5141 = FACE_OUTER_BOUND ( 'NONE', #5663, .T. ) ;
#5142 = ORIENTED_EDGE ( 'NONE', *, *, #4368, .T. ) ;
#5143 = CARTESIAN_POINT ( 'NONE',  ( -13.35027391805721919, -1.853845411031920243, -15.18330738532490187 ) ) ;
#5144 = ITEM_DEFINED_TRANSFORMATION ( 'NONE', 'NONE', #9491,  #8615 ) ;
#5145 = VECTOR ( 'NONE', #5499, 1000.000000000000000 ) ;
#5146 = CARTESIAN_POINT ( 'NONE',  ( -43.39809257190685798, -13.75323630878451908, 16.00000000000000000 ) ) ;
#5147 = CARTESIAN_POINT ( 'NONE',  ( 6.283512592677151787, 4.000000000000000000, -1.823853904102289869 ) ) ;
#5148 = LINE ( 'NONE', #5121, #4476 ) ;
#5149 = EDGE_CURVE ( 'NONE', #816, #4768, #9414, .T. ) ;
#5150 =( REPRESENTATION_RELATIONSHIP ('NONE','NONE', #3297, #10436 ) REPRESENTATION_RELATIONSHIP_WITH_TRANSFORMATION ( #3461 )SHAPE_REPRESENTATION_RELATIONSHIP( ) );
#5151 = AXIS2_PLACEMENT_3D ( 'NONE', #3439, #1900, #9279 ) ;
#5152 = AXIS2_PLACEMENT_3D ( 'NONE', #4098, #6675, #5876 ) ;
#5153 = CARTESIAN_POINT ( 'NONE',  ( 27.00281925585051823, 0.9814300378111168177, 28.00000000000000000 ) ) ;
#5154 = FACE_OUTER_BOUND ( 'NONE', #7238, .T. ) ;
#5155 = CARTESIAN_POINT ( 'NONE',  ( -45.43751802133127882, -8.513618771524454232, 17.00000000000000000 ) ) ;
#5156 = CARTESIAN_POINT ( 'NONE',  ( -22.01043098783310725, -1.734723475976806897E-15, -9.953859738380625544 ) ) ;
#5157 = ORIENTED_EDGE ( 'NONE', *, *, #3734, .F. ) ;
#5158 = FACE_OUTER_BOUND ( 'NONE', #7403, .T. ) ;
#5159 = FILL_AREA_STYLE_COLOUR ( '', #6724 ) ;
#5160 = DIRECTION ( 'NONE',  ( -0.0000000000000000000, 1.000000000000000000, 1.502314598737159278E-16 ) ) ;
#5161 = VERTEX_POINT ( 'NONE', #8922 ) ;
#5162 = LINE ( 'NONE', #7492, #2938 ) ;
#5163 = VERTEX_POINT ( 'NONE', #6510 ) ;
#5164 = EDGE_LOOP ( 'NONE', ( #10458, #6268 ) ) ;
#5165 = CARTESIAN_POINT ( 'NONE',  ( -7.440623685005633980, -32.61124877267190669, -16.39390613464793489 ) ) ;
#5166 =( BOUNDED_CURVE ( )  B_SPLINE_CURVE ( 3, ( #7504, #9874, #8195, #2521 ),
 .UNSPECIFIED., .F., .F. ) 
 B_SPLINE_CURVE_WITH_KNOTS ( ( 4, 4 ),
 ( 4.712388980384689674, 7.853981633974482790 ),
 .UNSPECIFIED. ) 
 CURVE ( )  GEOMETRIC_REPRESENTATION_ITEM ( )  RATIONAL_B_SPLINE_CURVE ( ( 1.000000000000000000, 0.3333333333333333703, 0.3333333333333333703, 1.000000000000000000 ) ) 
 REPRESENTATION_ITEM ( '' )  );
#5167 = VERTEX_POINT ( 'NONE', #9781 ) ;
#5168 = VECTOR ( 'NONE', #611, 1000.000000000000000 ) ;
#5169 = CARTESIAN_POINT ( 'NONE',  ( 0.0000000000000000000, 9.999999999999998224, 0.0000000000000000000 ) ) ;
#5170 = CARTESIAN_POINT ( 'NONE',  ( -51.34807327541857092, -11.25413454116639400, -16.00000000000000000 ) ) ;
#5171 = CARTESIAN_POINT ( 'NONE',  ( -47.27983724504240826, -8.748921230405159122, 17.00000000000000000 ) ) ;
#5172 = DIRECTION ( 'NONE',  ( 0.0000000000000000000, 0.0000000000000000000, -1.000000000000000000 ) ) ;
#5173 = ORIENTED_EDGE ( 'NONE', *, *, #4610, .T. ) ;
#5174 = VERTEX_POINT ( 'NONE', #4790 ) ;
#5175 = ORIENTED_EDGE ( 'NONE', *, *, #6460, .T. ) ;
#5176 = DIRECTION ( 'NONE',  ( 1.347358039593636966E-16, -0.0000000000000000000, 1.000000000000000000 ) ) ;
#5177 = CARTESIAN_POINT ( 'NONE',  ( 0.0000000000000000000, 0.0000000000000000000, -6.099999999999997868 ) ) ;
#5178 = EDGE_LOOP ( 'NONE', ( #4006, #4926, #8854, #4055, #311 ) ) ;
#5179 = LINE ( 'NONE', #9924, #5799 ) ;
#5180 = ADVANCED_FACE ( 'NONE', ( #7706 ), #5254, .F. ) ;
#5181 = ORIENTED_EDGE ( 'NONE', *, *, #2438, .T. ) ;
#5182 = VERTEX_POINT ( 'NONE', #2336 ) ;
#5183 = CARTESIAN_POINT ( 'NONE',  ( -14.95350942014249362, -1.278402158405124389, -14.44220903042500659 ) ) ;
#5184 = EDGE_CURVE ( 'NONE', #6577, #4923, #8885, .T. ) ;
#5185 = ORIENTED_EDGE ( 'NONE', *, *, #1186, .T. ) ;
#5186 = ORIENTED_EDGE ( 'NONE', *, *, #1918, .F. ) ;
#5187 = CARTESIAN_POINT ( 'NONE',  ( -10.92093256973024218, 0.02676699541969236942, 16.75509569675461918 ) ) ;
#5188 = ORIENTED_EDGE ( 'NONE', *, *, #6535, .T. ) ;
#5189 = ORIENTED_EDGE ( 'NONE', *, *, #1314, .T. ) ;
#5190 = DIRECTION ( 'NONE',  ( 1.000000000000000000, 0.0000000000000000000, 0.0000000000000000000 ) ) ;
#5191 = CARTESIAN_POINT ( 'NONE',  ( -46.30940107675852602, -10.00000000000000178, 17.00000000000000000 ) ) ;
#5192 = CARTESIAN_POINT ( 'NONE',  ( 0.0000000000000000000, 0.0000000000000000000, -7.500000000000000000 ) ) ;
#5193 = CARTESIAN_POINT ( 'NONE',  ( -16.36682670153011543, -3.333333333333333037, -15.71404520791031700 ) ) ;
#5194 = VERTEX_POINT ( 'NONE', #8119 ) ;
#5195 = CARTESIAN_POINT ( 'NONE',  ( 3.509443722120166864, 4.000000000000000000, -4.869416769727912708 ) ) ;
#5196 = VECTOR ( 'NONE', #8699, 1000.000000000000000 ) ;
#5197 = ORIENTED_EDGE ( 'NONE', *, *, #3397, .T. ) ;
#5198 = CYLINDRICAL_SURFACE ( 'NONE', #6210, 10.00000000000000000 ) ;
#5199 = ORIENTED_EDGE ( 'NONE', *, *, #5079, .F. ) ;
#5200 = EDGE_CURVE ( 'NONE', #34, #1371, #3315, .T. ) ;
#5201 = CARTESIAN_POINT ( 'NONE',  ( 39.23588342199402490, 22.06235592950848456, 2.773883120734294661 ) ) ;
#5202 = EDGE_CURVE ( 'NONE', #6327, #691, #8243, .T. ) ;
#5203 = AXIS2_PLACEMENT_3D ( 'NONE', #9592, #6364, #7901 ) ;
#5204 = CARTESIAN_POINT ( 'NONE',  ( -25.69999999999999929, 1.500000000000000000, -10.84999999999999787 ) ) ;
#5205 = CARTESIAN_POINT ( 'NONE',  ( -19.72497957451287220, -8.709993272196599278E-12, 8.200678316652268762 ) ) ;
#5206 = CARTESIAN_POINT ( 'NONE',  ( -13.40184464689838961, 0.7829078639187142530, -14.52760660543039073 ) ) ;
#5207 = LINE ( 'NONE', #1198, #1833 ) ;
#5208 = ORIENTED_EDGE ( 'NONE', *, *, #6246, .F. ) ;
#5209 = B_SPLINE_CURVE_WITH_KNOTS ( 'NONE', 3,
 ( #9013, #5943, #984, #5156, #6714, #10073 ),
 .UNSPECIFIED., .F., .F.,
 ( 4, 2, 4 ),
 ( 0.01948295675336181310, 0.02122942769491968640, 0.02297589863647756317 ),
 .UNSPECIFIED. ) ;
#5210 = EDGE_CURVE ( 'NONE', #412, #5167, #7460, .T. ) ;
#5211 = ORIENTED_EDGE ( 'NONE', *, *, #5433, .F. ) ;
#5212 = ORIENTED_EDGE ( 'NONE', *, *, #1880, .F. ) ;
#5213 = FACE_OUTER_BOUND ( 'NONE', #432, .T. ) ;
#5214 = ORIENTED_EDGE ( 'NONE', *, *, #1752, .F. ) ;
#5215 = AXIS2_PLACEMENT_3D ( 'NONE', #7283, #3255, #699 ) ;
#5216 = CARTESIAN_POINT ( 'NONE',  ( -10.91223246425080085, 0.001259202492461811412, -16.76464590034309765 ) ) ;
#5217 = CARTESIAN_POINT ( 'NONE',  ( 4.967676587401844479, 21.77447165068441493, 0.7804113749631161889 ) ) ;
#5218 = CARTESIAN_POINT ( 'NONE',  ( 0.0000000000000000000, -1.200000000000000030E-05, 25.99999999999999645 ) ) ;
#5219 = ORIENTED_EDGE ( 'NONE', *, *, #4948, .T. ) ;
#5220 = EDGE_LOOP ( 'NONE', ( #5345, #4812, #8949, #4729, #6201, #3517 ) ) ;
#5221 = ORIENTED_EDGE ( 'NONE', *, *, #8935, .T. ) ;
#5222 = CIRCLE ( 'NONE', #7080, 5.000000000000000888 ) ;
#5223 = CARTESIAN_POINT ( 'NONE',  ( -13.04633878096857380, -2.300970972405424142, 15.42009140657973454 ) ) ;
#5224 = EDGE_CURVE ( 'NONE', #27, #8768, #9687, .T. ) ;
#5225 = CARTESIAN_POINT ( 'NONE',  ( 58.25768616347284734, 0.4009282413531840006, 0.0000000000000000000 ) ) ;
#5226 = DIRECTION ( 'NONE',  ( 1.000000000000000000, 1.224646799147353454E-16, 0.0000000000000000000 ) ) ;
#5227 =( NAMED_UNIT ( * ) PLANE_ANGLE_UNIT ( ) SI_UNIT ( $, .RADIAN. ) );
#5228 = AXIS2_PLACEMENT_3D ( 'NONE', #8372, #1344, #3850 ) ;
#5229 = ORIENTED_EDGE ( 'NONE', *, *, #1986, .F. ) ;
#5230 = CARTESIAN_POINT ( 'NONE',  ( -12.00290912278228994, 0.0000000000000000000, -13.99999999999999822 ) ) ;
#5231 = AXIS2_PLACEMENT_3D ( 'NONE', #729, #5728, #3256 ) ;
#5232 = VERTEX_POINT ( 'NONE', #2073 ) ;
#5233 = ADVANCED_FACE ( 'NONE', ( #7970 ), #2036, .F. ) ;
#5234 = CARTESIAN_POINT ( 'NONE',  ( 0.0000000000000000000, 0.0000000000000000000, -13.50000000000000000 ) ) ;
#5235 = CIRCLE ( 'NONE', #1954, 5.000000000000000888 ) ;
#5236 = LINE ( 'NONE', #8951, #7184 ) ;
#5237 = CARTESIAN_POINT ( 'NONE',  ( -10.57396964324137656, -34.42168791654685833, 17.00981218805996775 ) ) ;
#5238 = EDGE_CURVE ( 'NONE', #8002, #10083, #8603, .T. ) ;
#5239 = CARTESIAN_POINT ( 'NONE',  ( -16.37354126742897620, -3.333006247613301554, 15.71392964783979096 ) ) ;
#5240 = ORIENTED_EDGE ( 'NONE', *, *, #9937, .T. ) ;
#5241 = CARTESIAN_POINT ( 'NONE',  ( -51.34807327541857092, -11.25413454116639400, 16.00000000000000000 ) ) ;
#5242 = DIRECTION ( 'NONE',  ( -0.5000000000000032196, -0.8660254037844368202, 0.0000000000000000000 ) ) ;
#5243 = AXIS2_PLACEMENT_3D ( 'NONE', #5404, #8642, #4630 ) ;
#5244 = CIRCLE ( 'NONE', #1530, 2.000000000000000000 ) ;
#5245 = CARTESIAN_POINT ( 'NONE',  ( 40.23672061908570896, 20.80112985965893557, 27.26865310959369637 ) ) ;
#5246 = EDGE_CURVE ( 'NONE', #4557, #5845, #4998, .T. ) ;
#5247 = AXIS2_PLACEMENT_3D ( 'NONE', #8374, #3426, #4420 ) ;
#5248 = EDGE_LOOP ( 'NONE', ( #6189, #7011, #6057, #2211 ) ) ;
#5249 = DIRECTION ( 'NONE',  ( -1.000000000000000000, -0.0000000000000000000, -0.0000000000000000000 ) ) ;
#5250 = CYLINDRICAL_SURFACE ( 'NONE', #4232, 11.00000000000000000 ) ;
#5251 = CARTESIAN_POINT ( 'NONE',  ( -16.49950270189196644, -3.254475507636298115, -15.68551669136478566 ) ) ;
#5252 = CARTESIAN_POINT ( 'NONE',  ( 42.00000000000000000, 21.49480438967151485, 2.000000000000000000 ) ) ;
#5253 = VERTEX_POINT ( 'NONE', #9403 ) ;
#5254 = CYLINDRICAL_SURFACE ( 'NONE', #8865, 11.00000000000000000 ) ;
#5255 = CIRCLE ( 'NONE', #9034, 3.249999999999999556 ) ;
#5256 = LINE ( 'NONE', #10383, #5659 ) ;
#5257 = CARTESIAN_POINT ( 'NONE',  ( -33.39734138828770682, -3.670763513210958173, -15.82101676078979224 ) ) ;
#5258 = EDGE_CURVE ( 'NONE', #4644, #2325, #4737, .T. ) ;
#5259 = ORIENTED_EDGE ( 'NONE', *, *, #4514, .F. ) ;
#5260 = AXIS2_PLACEMENT_3D ( 'NONE', #8839, #8791, #6340 ) ;
#5261 = CARTESIAN_POINT ( 'NONE',  ( -46.30940107675852602, -10.00000000000000178, 13.99999999999999112 ) ) ;
#5262 = CARTESIAN_POINT ( 'NONE',  ( -27.89727847352801859, -22.73738441881632966, -15.99999999999999289 ) ) ;
#5263 = CYLINDRICAL_SURFACE ( 'NONE', #4470, 3.000000000000000444 ) ;
#5264 = DIRECTION ( 'NONE',  ( 1.000000000000000000, 1.387778780781445922E-16, 0.0000000000000000000 ) ) ;
#5265 = LINE ( 'NONE', #2518, #1377 ) ;
#5266 = CYLINDRICAL_SURFACE ( 'NONE', #3922, 4.999999999999997335 ) ;
#5267 = DIRECTION ( 'NONE',  ( 0.0000000000000000000, 0.0000000000000000000, 1.000000000000000000 ) ) ;
#5268 = EDGE_LOOP ( 'NONE', ( #6398, #8929, #10453, #7384 ) ) ;
#5269 = CARTESIAN_POINT ( 'NONE',  ( -20.29577665664649189, 8.228650570826871194E-13, -6.617948244338870190 ) ) ;
#5270 = CARTESIAN_POINT ( 'NONE',  ( -49.65699333988568043, -10.86448890356655106, 16.50000000000000000 ) ) ;
#5271 = DIRECTION ( 'NONE',  ( 0.0000000000000000000, -0.0000000000000000000, 1.000000000000000000 ) ) ;
#5272 = EDGE_CURVE ( 'NONE', #7743, #9266, #9161, .T. ) ;
#5273 = AXIS2_PLACEMENT_3D ( 'NONE', #10239, #1108, #326 ) ;
#5274 = B_SPLINE_CURVE_WITH_KNOTS ( 'NONE', 3,
 ( #6253, #6208, #1273, #2979, #2865, #2085, #5350, #6286, #7119, #383 ),
 .UNSPECIFIED., .F., .F.,
 ( 4, 2, 2, 2, 4 ),
 ( 0.0000000000000000000, 0.0004007623762750874051, 0.0008015247525501748103, 0.001202287128825262324, 0.001603049505100349621 ),
 .UNSPECIFIED. ) ;
#5275 = CIRCLE ( 'NONE', #5606, 1.000000000000000000 ) ;
#5276 = CIRCLE ( 'NONE', #2530, 19.39106233842436566 ) ;
#5277 = PRODUCT_DEFINITION_CONTEXT ( 'detailed design', #6395, 'design' ) ;
#5278 = ORIENTED_EDGE ( 'NONE', *, *, #1099, .F. ) ;
#5279 = ADVANCED_FACE ( 'NONE', ( #6029 ), #865, .F. ) ;
#5280 = CARTESIAN_POINT ( 'NONE',  ( -18.16137086996521077, -1.936893086288137944, -14.95399139654407428 ) ) ;
#5281 = ORIENTED_EDGE ( 'NONE', *, *, #389, .T. ) ;
#5282 = CARTESIAN_POINT ( 'NONE',  ( 6.651350249290356231, 20.11813772300484615, 28.00000000000000000 ) ) ;
#5283 = PLANE ( 'NONE',  #6049 ) ;
#5284 = EDGE_CURVE ( 'NONE', #2202, #6231, #6685, .T. ) ;
#5285 = SHAPE_REPRESENTATION_RELATIONSHIP ( 'NONE' , 'NONE' ,  #3403, #6945 ) ;
#5286 = CIRCLE ( 'NONE', #5818, 3.000000000000000444 ) ;
#5287 = ORIENTED_EDGE ( 'NONE', *, *, #1135, .F. ) ;
#5288 = CIRCLE ( 'NONE', #4735, 2.849999999999998312 ) ;
#5289 = EDGE_LOOP ( 'NONE', ( #2628, #9922, #3797, #2956 ) ) ;
#5290 = CARTESIAN_POINT ( 'NONE',  ( -5.450284951368820074, 3.999999999999998224, 2.588263786395018418 ) ) ;
#5291 = FACE_OUTER_BOUND ( 'NONE', #788, .T. ) ;
#5292 = VERTEX_POINT ( 'NONE', #5409 ) ;
#5293 = DIRECTION ( 'NONE',  ( 0.0000000000000000000, 0.0000000000000000000, -1.000000000000000000 ) ) ;
#5294 =( LENGTH_UNIT ( ) NAMED_UNIT ( * ) SI_UNIT ( .MILLI., .METRE. ) );
#5295 = CARTESIAN_POINT ( 'NONE',  ( 2.140646677928101395E-15, 9.999999999999998224, 15.56835092944197640 ) ) ;
#5296 = ORIENTED_EDGE ( 'NONE', *, *, #6920, .F. ) ;
#5297 =( BOUNDED_CURVE ( )  B_SPLINE_CURVE ( 3, ( #1459, #7257, #7399, #8227 ),
 .UNSPECIFIED., .F., .F. ) 
 B_SPLINE_CURVE_WITH_KNOTS ( ( 4, 4 ),
 ( 0.8203203141227286554, 1.570796326794897002 ),
 .UNSPECIFIED. ) 
 CURVE ( )  GEOMETRIC_REPRESENTATION_ITEM ( )  RATIONAL_B_SPLINE_CURVE ( ( 1.000000000000000000, 0.9536136135834941685, 0.9536136135834941685, 1.000000000000000000 ) ) 
 REPRESENTATION_ITEM ( '' )  );
#5298 = DIRECTION ( 'NONE',  ( -0.0000000000000000000, -1.000000000000000000, -0.0000000000000000000 ) ) ;
#5299 = ORIENTED_EDGE ( 'NONE', *, *, #5783, .F. ) ;
#5300 = CARTESIAN_POINT ( 'NONE',  ( 0.0000000000000000000, 0.0000000000000000000, 7.500000000000000000 ) ) ;
#5301 = DIRECTION ( 'NONE',  ( 0.0000000000000000000, 1.000000000000000000, -1.224646799147353207E-16 ) ) ;
#5302 = EDGE_LOOP ( 'NONE', ( #10616, #3368 ) ) ;
#5303 = ORIENTED_EDGE ( 'NONE', *, *, #10301, .F. ) ;
#5304 = DIRECTION ( 'NONE',  ( 0.0000000000000000000, -1.000000000000000000, -0.0000000000000000000 ) ) ;
#5305 = ORIENTED_EDGE ( 'NONE', *, *, #10301, .T. ) ;
#5306 = AXIS2_PLACEMENT_3D ( 'NONE', #2416, #6523, #4114 ) ;
#5307 = CARTESIAN_POINT ( 'NONE',  ( -23.86213386909725287, 1.734723475976807094E-15, 3.799464254402042052 ) ) ;
#5308 = CARTESIAN_POINT ( 'NONE',  ( -16.35615428974894670, -3.343717142659128783, 15.71770510342456539 ) ) ;
#5309 = CARTESIAN_POINT ( 'NONE',  ( 10.40000000000000036, 0.0000000000000000000, 0.0000000000000000000 ) ) ;
#5310 = DIRECTION ( 'NONE',  ( -1.000000000000000000, -0.0000000000000000000, -0.0000000000000000000 ) ) ;
#5311 = ORIENTED_EDGE ( 'NONE', *, *, #5626, .F. ) ;
#5312 = AXIS2_PLACEMENT_3D ( 'NONE', #2146, #10508, #8050 ) ;
#5313 = ORIENTED_EDGE ( 'NONE', *, *, #5184, .T. ) ;
#5314 = ORIENTED_EDGE ( 'NONE', *, *, #3375, .F. ) ;
#5315 = ORIENTED_EDGE ( 'NONE', *, *, #5105, .F. ) ;
#5316 = CARTESIAN_POINT ( 'NONE',  ( 41.99999999999999289, 22.03209181533656391, 0.0000000000000000000 ) ) ;
#5317 = EDGE_LOOP ( 'NONE', ( #9102, #5937, #5563, #5453 ) ) ;
#5318 = CARTESIAN_POINT ( 'NONE',  ( -43.84160065784951144, -5.431517531463125437, -16.00000000000000000 ) ) ;
#5319 = VERTEX_POINT ( 'NONE', #8582 ) ;
#5320 = CARTESIAN_POINT ( 'NONE',  ( -10.88152404578883115, -0.08445070612396030074, -16.78462771891744509 ) ) ;
#5321 = DIRECTION ( 'NONE',  ( 0.0000000000000000000, 0.0000000000000000000, -1.000000000000000000 ) ) ;
#5322 = CIRCLE ( 'NONE', #9055, 1.000000000000001110 ) ;
#5323 = EDGE_LOOP ( 'NONE', ( #6342, #10302, #8170, #514 ) ) ;
#5324 = EDGE_CURVE ( 'NONE', #1579, #1255, #596, .T. ) ;
#5325 = AXIS2_PLACEMENT_3D ( 'NONE', #2271, #8055, #8925 ) ;
#5326 = VECTOR ( 'NONE', #2827, 1000.000000000000000 ) ;
#5327 = ORIENTED_EDGE ( 'NONE', *, *, #1648, .F. ) ;
#5328 = CARTESIAN_POINT ( 'NONE',  ( -15.10963760026642255, -4.405966409758570457, 15.97294976628274199 ) ) ;
#5329 = LINE ( 'NONE', #1958, #3135 ) ;
#5330 = EDGE_LOOP ( 'NONE', ( #8926, #9898, #246, #6361 ) ) ;
#5331 = FILL_AREA_STYLE ('',( #6122 ) ) ;
#5332 = FACE_OUTER_BOUND ( 'NONE', #2833, .T. ) ;
#5333 = DIRECTION ( 'NONE',  ( 0.03471671365623663075, -2.266138672852801890E-16, -0.9993971932084416698 ) ) ;
#5334 = FILL_AREA_STYLE ('',( #1994 ) ) ;
#5335 = CARTESIAN_POINT ( 'NONE',  ( -31.27064959663245602, -2.125944082982623939, 15.10725763873104555 ) ) ;
#5336 = DIRECTION ( 'NONE',  ( 1.000000000000000000, 0.0000000000000000000, 0.0000000000000000000 ) ) ;
#5337 = CARTESIAN_POINT ( 'NONE',  ( -10.76798797844580946, -0.3955779046314592540, 16.85466235543812274 ) ) ;
#5338 = ADVANCED_FACE ( 'NONE', ( #3055, #2545 ), #9476, .T. ) ;
#5339 = ORIENTED_EDGE ( 'NONE', *, *, #2488, .F. ) ;
#5340 = CARTESIAN_POINT ( 'NONE',  ( -51.34807327541902566, -11.25413454116649703, 15.99999999999987566 ) ) ;
#5341 = EDGE_CURVE ( 'NONE', #7501, #3212, #767, .T. ) ;
#5342 = CARTESIAN_POINT ( 'NONE',  ( -0.0000000000000000000, -4.633235910246749079, 4.336808689942017736E-15 ) ) ;
#5343 = ORIENTED_EDGE ( 'NONE', *, *, #1611, .F. ) ;
#5344 = EDGE_LOOP ( 'NONE', ( #6280, #5992, #3028 ) ) ;
#5345 = ORIENTED_EDGE ( 'NONE', *, *, #3190, .T. ) ;
#5346 = VECTOR ( 'NONE', #3200, 1000.000000000000000 ) ;
#5347 = CARTESIAN_POINT ( 'NONE',  ( -18.94202560594252560, 1.458319774104243294, -1.514093785027661232 ) ) ;
#5348 = DIRECTION ( 'NONE',  ( -1.000000000000000000, -8.673617379884036705E-17, 0.0000000000000000000 ) ) ;
#5349 = CARTESIAN_POINT ( 'NONE',  ( -23.23672086637473200, 0.0000000000000000000, -6.566558020062779555 ) ) ;
#5350 = CARTESIAN_POINT ( 'NONE',  ( 40.13283235073627964, 20.76128876294644598, 0.4868700110903398381 ) ) ;
#5351 = CARTESIAN_POINT ( 'NONE',  ( -1.200000000000000030E-05, 0.0000000000000000000, 1.500000000000000000 ) ) ;
#5352 = ORIENTED_EDGE ( 'NONE', *, *, #1218, .F. ) ;
#5353 = CARTESIAN_POINT ( 'NONE',  ( 0.0000000000000000000, -0.9956277796461907581, -17.00000000000000000 ) ) ;
#5354 = ORIENTED_EDGE ( 'NONE', *, *, #954, .T. ) ;
#5355 = DIRECTION ( 'NONE',  ( -0.0000000000000000000, 0.0000000000000000000, -1.000000000000000000 ) ) ;
#5356 = ORIENTED_EDGE ( 'NONE', *, *, #582, .T. ) ;
#5357 = AXIS2_PLACEMENT_3D ( 'NONE', #1520, #6500, #6425 ) ;
#5358 = CARTESIAN_POINT ( 'NONE',  ( 10.22913966655008799, 3.226173678530182443, -7.978512677311520918 ) ) ;
#5359 = AXIS2_PLACEMENT_3D ( 'NONE', #2111, #7888, #2923 ) ;
#5360 = CARTESIAN_POINT ( 'NONE',  ( 0.4465819873852002742, 2.886751345948125547, 4.999999999999999112 ) ) ;
#5361 = CARTESIAN_POINT ( 'NONE',  ( 5.000000000000000000, 4.633235910246737532, -7.806255641895631925E-15 ) ) ;
#5362 = DIRECTION ( 'NONE',  ( -1.000000000000000000, 0.0000000000000000000, 0.0000000000000000000 ) ) ;
#5363 = FACE_OUTER_BOUND ( 'NONE', #1292, .T. ) ;
#5364 = UNCERTAINTY_MEASURE_WITH_UNIT (LENGTH_MEASURE( 1.000000000000000082E-05 ), #5294, 'distance_accuracy_value', 'NONE');
#5365 = ORIENTED_EDGE ( 'NONE', *, *, #5497, .T. ) ;
#5366 = DIRECTION ( 'NONE',  ( -0.4794873788433851591, 0.0000000000000000000, 0.8775487755845257087 ) ) ;
#5367 = CARTESIAN_POINT ( 'NONE',  ( -2.480755508284748778, 3.999999999999999112, -5.500051598593977964 ) ) ;
#5368 = CARTESIAN_POINT ( 'NONE',  ( -19.77190625382277744, -0.2580405869308369238, 12.59220668764635676 ) ) ;
#5369 = CYLINDRICAL_SURFACE ( 'NONE', #5152, 1.000000000000000888 ) ;
#5370 = CIRCLE ( 'NONE', #6884, 2.500000000000002220 ) ;
#5371 = DIRECTION ( 'NONE',  ( -0.6550876943574525102, -8.546590320995456028E-17, -0.7555528523547756503 ) ) ;
#5372 = DIRECTION ( 'NONE',  ( 0.0000000000000000000, 0.0000000000000000000, -1.000000000000000000 ) ) ;
#5373 = DIRECTION ( 'NONE',  ( 0.0000000000000000000, 0.0000000000000000000, -1.000000000000000000 ) ) ;
#5374 = CARTESIAN_POINT ( 'NONE',  ( -12.00000000000000711, -16.19999999999999218, -14.00000000000000000 ) ) ;
#5375 = AXIS2_PLACEMENT_3D ( 'NONE', #9399, #328, #6953 ) ;
#5376 = DIRECTION ( 'NONE',  ( 0.0000000000000000000, 1.224646799147353207E-16, 1.000000000000000000 ) ) ;
#5377 = VERTEX_POINT ( 'NONE', #9655 ) ;
#5378 = CARTESIAN_POINT ( 'NONE',  ( 4.250000000000000000, 0.0000000000000000000, 0.0000000000000000000 ) ) ;
#5379 = DIRECTION ( 'NONE',  ( -0.8660254037844381525, 0.5000000000000008882, 0.0000000000000000000 ) ) ;
#5380 = CARTESIAN_POINT ( 'NONE',  ( -18.68607013344229273, -1.352178513075471766, 14.42209508379385774 ) ) ;
#5381 = DIRECTION ( 'NONE',  ( 1.000000000000000000, 0.0000000000000000000, 0.0000000000000000000 ) ) ;
#5382 = SPHERICAL_SURFACE ( 'NONE', #1156, 1.000000000000000000 ) ;
#5383 = ORIENTED_EDGE ( 'NONE', *, *, #6244, .F. ) ;
#5384 = CARTESIAN_POINT ( 'NONE',  ( 0.0000000000000000000, 1.853294213043345184, 0.0000000000000000000 ) ) ;
#5385 = CARTESIAN_POINT ( 'NONE',  ( 0.0000000000000000000, 7.511572993685796142E-16, -5.000000000000000000 ) ) ;
#5386 = EDGE_CURVE ( 'NONE', #1068, #10099, #2780, .T. ) ;
#5387 = AXIS2_PLACEMENT_3D ( 'NONE', #5384, #424, #6215 ) ;
#5388 = ADVANCED_FACE ( 'NONE', ( #7205 ), #5428, .T. ) ;
#5389 = CARTESIAN_POINT ( 'NONE',  ( -18.06039371099786095, -25.00000000000000000, -16.00000000000000000 ) ) ;
#5390 = CARTESIAN_POINT ( 'NONE',  ( 3.372500267112783057, 4.000000000000000000, -4.962483445647372982 ) ) ;
#5391 = DIRECTION ( 'NONE',  ( -1.000000000000000000, 0.0000000000000000000, 0.0000000000000000000 ) ) ;
#5392 = FACE_OUTER_BOUND ( 'NONE', #4427, .T. ) ;
#5393 = CARTESIAN_POINT ( 'NONE',  ( -2.334757290985978173, 4.000000000000000000, 5.559244652924277830 ) ) ;
#5394 = PLANE ( 'NONE',  #2721 ) ;
#5395 = SURFACE_STYLE_FILL_AREA ( #5593 ) ;
#5396 = CARTESIAN_POINT ( 'NONE',  ( 3.135922371367755090, 22.27504852350414311, 25.02029146630542655 ) ) ;
#5397 = ORIENTED_EDGE ( 'NONE', *, *, #5446, .F. ) ;
#5398 = CARTESIAN_POINT ( 'NONE',  ( -14.96662954709576354, -35.00000000000000000, -26.00000000000000000 ) ) ;
#5399 = DIRECTION ( 'NONE',  ( -1.000000000000000000, -0.0000000000000000000, 0.0000000000000000000 ) ) ;
#5400 = EDGE_CURVE ( 'NONE', #4712, #9645, #548, .T. ) ;
#5401 = CARTESIAN_POINT ( 'NONE',  ( -21.49920583820770759, 0.0000000000000000000, 10.99999999999999822 ) ) ;
#5403 = VECTOR ( 'NONE', #5504, 1000.000000000000000 ) ;
#5402 = AXIS2_PLACEMENT_3D ( 'NONE', #7254, #3847, #1416 ) ;
#5404 = CARTESIAN_POINT ( 'NONE',  ( 0.0000000000000000000, 0.0000000000000000000, 0.0000000000000000000 ) ) ;
#5405 = DIRECTION ( 'NONE',  ( -1.000000000000000000, 0.0000000000000000000, 0.0000000000000000000 ) ) ;
#5406 = CARTESIAN_POINT ( 'NONE',  ( 45.00000000000001421, 5.616230220889761452E-16, -4.171999999999999709 ) ) ;
#5407 = CARTESIAN_POINT ( 'NONE',  ( 6.395970796528011704, 31.73000000000000043, 0.0000000000000000000 ) ) ;
#5408 = ORIENTED_EDGE ( 'NONE', *, *, #8527, .F. ) ;
#5409 = CARTESIAN_POINT ( 'NONE',  ( 0.0000000000000000000, 0.0000000000000000000, 3.000000000000000444 ) ) ;
#5410 = DIRECTION ( 'NONE',  ( -0.0000000000000000000, -1.000000000000000000, -0.0000000000000000000 ) ) ;
#5411 = EDGE_CURVE ( 'NONE', #9645, #7280, #10263, .T. ) ;
#5412 = CYLINDRICAL_SURFACE ( 'NONE', #4710, 5.000000000000000888 ) ;
#5413 = ORIENTED_EDGE ( 'NONE', *, *, #4992, .F. ) ;
#5414 = FILL_AREA_STYLE_COLOUR ( '', #8235 ) ;
#5415 = CARTESIAN_POINT ( 'NONE',  ( -11.11826082942464033, 0.06477141716462814225, 16.62700358004563483 ) ) ;
#5416 = CARTESIAN_POINT ( 'NONE',  ( 6.395970796527967295, 20.11813772300487102, 27.96684090475465467 ) ) ;
#5417 = CARTESIAN_POINT ( 'NONE',  ( -30.57735026918964039, -1.000000000000004441, -13.99999999999999822 ) ) ;
#5418 = ORIENTED_EDGE ( 'NONE', *, *, #2000, .F. ) ;
#5419 = AXIS2_PLACEMENT_3D ( 'NONE', #7194, #3898, #6317 ) ;
#5420 = B_SPLINE_CURVE_WITH_KNOTS ( 'NONE', 3,
 ( #2417, #6592, #8129, #1576, #1539, #7379, #9091, #8979 ),
 .UNSPECIFIED., .F., .F.,
 ( 4, 2, 2, 4 ),
 ( 0.002921158011986710757, 0.003648658599403064879, 0.004376159186819418567, 0.005831160361652128546 ),
 .UNSPECIFIED. ) ;
#5421 = CIRCLE ( 'NONE', #9538, 0.9999999999999991118 ) ;
#5422 = EDGE_LOOP ( 'NONE', ( #1949, #8010, #5770 ) ) ;
#5423 = CARTESIAN_POINT ( 'NONE',  ( -47.06491440541779525, -8.606364806012129165, -17.00000000000000000 ) ) ;
#5424 = CARTESIAN_POINT ( 'NONE',  ( -40.65544456622768621, -18.45577136593991341, 13.99999999999999645 ) ) ;
#5425 = CARTESIAN_POINT ( 'NONE',  ( -9.977753031397178063, -34.18083139256186342, -17.33333333333333570 ) ) ;
#5426 = ORIENTED_EDGE ( 'NONE', *, *, #6316, .T. ) ;
#5427 = LINE ( 'NONE', #10528, #10085 ) ;
#5428 = PLANE ( 'NONE',  #4012 ) ;
#5429 = DIRECTION ( 'NONE',  ( 1.000000000000000000, 0.0000000000000000000, -0.0000000000000000000 ) ) ;
#5430 = ORIENTED_EDGE ( 'NONE', *, *, #10069, .T. ) ;
#5431 = CARTESIAN_POINT ( 'NONE',  ( -5.000000000000000000, -2.886751345948137981, -0.4465819873852080457 ) ) ;
#5432 = DIRECTION ( 'NONE',  ( 0.0000000000000000000, 0.0000000000000000000, -1.000000000000000000 ) ) ;
#5433 = EDGE_CURVE ( 'NONE', #10501, #10023, #7610, .T. ) ;
#5434 = ORIENTED_EDGE ( 'NONE', *, *, #5458, .T. ) ;
#5435 = AXIS2_PLACEMENT_3D ( 'NONE', #4838, #10626, #6443 ) ;
#5436 = EDGE_LOOP ( 'NONE', ( #3024, #1934 ) ) ;
#5437 = AXIS2_PLACEMENT_3D ( 'NONE', #10089, #2674, #9381 ) ;
#5438 = CARTESIAN_POINT ( 'NONE',  ( -25.69999999999999929, 1.500000000000000000, -8.000000000000000000 ) ) ;
#5439 = ORIENTED_EDGE ( 'NONE', *, *, #3455, .F. ) ;
#5440 = CARTESIAN_POINT ( 'NONE',  ( 3.500000000000000000, -4.330127018922188320, 2.500000000000009326 ) ) ;
#5441 = CARTESIAN_POINT ( 'NONE',  ( -16.94060139734069637, -2.984014248145566039, 15.59076537797812634 ) ) ;
#5442 =( NAMED_UNIT ( * ) SI_UNIT ( $, .STERADIAN. ) SOLID_ANGLE_UNIT ( ) );
#5443 = CARTESIAN_POINT ( 'NONE',  ( 0.0000000000000000000, 3.863658164952030294, 0.0000000000000000000 ) ) ;
#5444 = DIRECTION ( 'NONE',  ( -1.000000000000000000, 0.0000000000000000000, 1.734723475976807341E-16 ) ) ;
#5446 = EDGE_CURVE ( 'NONE', #10526, #8836, #357, .T. ) ;
#5445 = CARTESIAN_POINT ( 'NONE',  ( 3.500000000000000000, 5.000000000000000000, 0.0000000000000000000 ) ) ;
#5447 = ADVANCED_FACE ( 'NONE', ( #3602 ), #9640, .T. ) ;
#5448 = VECTOR ( 'NONE', #4648, 1000.000000000000000 ) ;
#5449 = CARTESIAN_POINT ( 'NONE',  ( 0.0000000000000000000, 0.0000000000000000000, 0.0000000000000000000 ) ) ;
#5450 = ORIENTED_EDGE ( 'NONE', *, *, #5200, .T. ) ;
#5451 = ORIENTED_EDGE ( 'NONE', *, *, #568, .F. ) ;
#5452 = EDGE_LOOP ( 'NONE', ( #4405, #7113 ) ) ;
#5453 = ORIENTED_EDGE ( 'NONE', *, *, #4900, .F. ) ;
#5454 = PRODUCT_RELATED_PRODUCT_CATEGORY ( 'part', '', ( #8462 ) ) ;
#5455 = DIRECTION ( 'NONE',  ( 0.0000000000000000000, 0.0000000000000000000, -1.000000000000000000 ) ) ;
#5456 = CARTESIAN_POINT ( 'NONE',  ( -13.57011741121536730, -1.787117672829856563, 15.09931481001917142 ) ) ;
#5457 = CARTESIAN_POINT ( 'NONE',  ( -24.14216267371674007, 8.673617379884033894E-15, -1.124957432363092868 ) ) ;
#5458 = EDGE_CURVE ( 'NONE', #8568, #4701, #10725, .T. ) ;
#5459 = ORIENTED_EDGE ( 'NONE', *, *, #1035, .F. ) ;
#5460 = DIRECTION ( 'NONE',  ( 0.8775487755845258198, 0.0000000000000000000, -0.4794873788433849371 ) ) ;
#5461 = CARTESIAN_POINT ( 'NONE',  ( 2.248201624865941205E-15, -16.19999999999999218, -20.00000000000000355 ) ) ;
#5462 = VERTEX_POINT ( 'NONE', #5470 ) ;
#5463 = LINE ( 'NONE', #6196, #2732 ) ;
#5464 = ORIENTED_EDGE ( 'NONE', *, *, #3676, .T. ) ;
#5465 = LINE ( 'NONE', #7880, #3777 ) ;
#5466 = CARTESIAN_POINT ( 'NONE',  ( -49.22070958161015852, -6.246763691215471148, -16.00000000000000000 ) ) ;
#5467 = DIRECTION ( 'NONE',  ( -1.000000000000000000, 0.0000000000000000000, 0.0000000000000000000 ) ) ;
#5468 = CARTESIAN_POINT ( 'NONE',  ( 0.04201760816023180495, -0.9730571234333624808, -5.000000000000001776 ) ) ;
#5469 = CARTESIAN_POINT ( 'NONE',  ( -46.30940107675852602, -10.00000000000000178, -17.00000000000000000 ) ) ;
#5470 = CARTESIAN_POINT ( 'NONE',  ( -49.62602586711391695, -5.000000000000000888, -15.99999999999999645 ) ) ;
#5471 = CARTESIAN_POINT ( 'NONE',  ( 40.26439155837419293, 20.81213173596535526, 2.000000000000000000 ) ) ;
#5472 = CIRCLE ( 'NONE', #2909, 17.50000000000000355 ) ;
#5473 = EDGE_LOOP ( 'NONE', ( #7792, #6773, #1276, #3425 ) ) ;
#5474 = CARTESIAN_POINT ( 'NONE',  ( 2.074714256722484773, -4.575665857285990512, -0.01055556052339497869 ) ) ;
#5475 = DIRECTION ( 'NONE',  ( 0.0000000000000000000, 0.0000000000000000000, -1.000000000000000000 ) ) ;
#5476 = CARTESIAN_POINT ( 'NONE',  ( 3.372500267112782169, 4.000000000000000000, -4.962483445647372982 ) ) ;
#5477 = EDGE_CURVE ( 'NONE', #9852, #9330, #10319, .T. ) ;
#5478 = CARTESIAN_POINT ( 'NONE',  ( 1.000000000000001776, 22.03209181533657102, 24.99999999999999289 ) ) ;
#5479 = EDGE_LOOP ( 'NONE', ( #4627, #4946, #4635, #2579, #529 ) ) ;
#5480 = CARTESIAN_POINT ( 'NONE',  ( 10.18248795778576010, 0.0000000000000000000, 18.06737708607368376 ) ) ;
#5481 = ORIENTED_EDGE ( 'NONE', *, *, #5238, .T. ) ;
#5482 = FILL_AREA_STYLE_COLOUR ( '', #7850 ) ;
#5483 = CARTESIAN_POINT ( 'NONE',  ( 0.0000000000000000000, 0.0000000000000000000, -7.500000000000000000 ) ) ;
#5484 = CARTESIAN_POINT ( 'NONE',  ( -5.640803401725562161, 3.226077021430669323, -12.99223816376897922 ) ) ;
#5485 = EDGE_LOOP ( 'NONE', ( #6226, #4266, #9060 ) ) ;
#5486 = VECTOR ( 'NONE', #8887, 1000.000000000000000 ) ;
#5487 = EDGE_CURVE ( 'NONE', #5174, #9848, #10072, .T. ) ;
#5488 = EDGE_CURVE ( 'NONE', #138, #1270, #6462, .T. ) ;
#5489 = DIRECTION ( 'NONE',  ( 0.0000000000000000000, 0.0000000000000000000, -1.000000000000000000 ) ) ;
#5490 = CARTESIAN_POINT ( 'NONE',  ( 0.0000000000000000000, 9.999999999999998224, 0.0000000000000000000 ) ) ;
#5491 = CARTESIAN_POINT ( 'NONE',  ( -16.67641827891361217, -3.140838595493970598, 15.64189978336230347 ) ) ;
#5492 = VERTEX_POINT ( 'NONE', #3074 ) ;
#5493 = CARTESIAN_POINT ( 'NONE',  ( 3.197340939745715982, 22.24054010065556497, 26.25228786297701689 ) ) ;
#5494 = CARTESIAN_POINT ( 'NONE',  ( -15.10793530381196703, -4.409449493536372167, -15.97326786951840383 ) ) ;
#5495 = B_SPLINE_CURVE_WITH_KNOTS ( 'NONE', 3,
 ( #2904, #2869, #1939, #3719, #2050, #7794, #4469, #3611, #8624, #422, #10187, #6070 ),
 .UNSPECIFIED., .F., .F.,
 ( 4, 2, 2, 2, 2, 4 ),
 ( 0.0000000000000000000, 0.0005682904047055758502, 0.001136580809411151700, 0.001704871214116728635, 0.001989016416469513958, 0.002273161618822299498 ),
 .UNSPECIFIED. ) ;
#5496 = FACE_OUTER_BOUND ( 'NONE', #5069, .T. ) ;
#5497 = EDGE_CURVE ( 'NONE', #8118, #8044, #1592, .T. ) ;
#5498 = CARTESIAN_POINT ( 'NONE',  ( 0.04201760816083415645, -0.9730571234388142310, 4.999999999999997335 ) ) ;
#5499 = DIRECTION ( 'NONE',  ( 0.0000000000000000000, 1.000000000000000000, 0.0000000000000000000 ) ) ;
#5500 = ADVANCED_FACE ( 'NONE', ( #5920 ), #1911, .T. ) ;
#5501 = AXIS2_PLACEMENT_3D ( 'NONE', #3879, #4519, #10304 ) ;
#5502 = ORIENTED_EDGE ( 'NONE', *, *, #10467, .F. ) ;
#5503 = CARTESIAN_POINT ( 'NONE',  ( -9.977753031397190497, -4.137241701007464023, 17.33333333333333215 ) ) ;
#5504 = DIRECTION ( 'NONE',  ( 0.0000000000000000000, 0.0000000000000000000, -1.000000000000000000 ) ) ;
#5505 = AXIS2_PLACEMENT_3D ( 'NONE', #9768, #3839, #3040 ) ;
#5506 = CARTESIAN_POINT ( 'NONE',  ( 7.655397239527271568E-16, 132.7585063021263352, 6.251106233125548250 ) ) ;
#5507 = CARTESIAN_POINT ( 'NONE',  ( 2.500000000000006217, -4.330127018922190985, -6.099999999999999645 ) ) ;
#5508 = LINE ( 'NONE', #5050, #4988 ) ;
#5509 = CARTESIAN_POINT ( 'NONE',  ( -3.556264818047241150, -3.720292241887098950, -0.08165819712377496431 ) ) ;
#5510 = CARTESIAN_POINT ( 'NONE',  ( -19.15156318153281134, -0.7704300192059798658, 13.68456166652584827 ) ) ;
#5511 = ORIENTED_EDGE ( 'NONE', *, *, #8255, .T. ) ;
#5512 = APPLICATION_PROTOCOL_DEFINITION ( 'draft international standard', 'automotive_design', 1998, #4063 ) ;
#5513 = CARTESIAN_POINT ( 'NONE',  ( -25.69999999999999929, 1.500000000000000000, 8.000000000000000000 ) ) ;
#5514 = CARTESIAN_POINT ( 'NONE',  ( 10.83205712174084567, 3.226245814752565444, -7.139364445171166196 ) ) ;
#5515 = DIRECTION ( 'NONE',  ( 1.000000000000000000, 0.0000000000000000000, 0.0000000000000000000 ) ) ;
#5516 = SURFACE_SIDE_STYLE ('',( #5395 ) ) ;
#5517 =( GEOMETRIC_REPRESENTATION_CONTEXT ( 3 ) GLOBAL_UNCERTAINTY_ASSIGNED_CONTEXT ( ( #7612 ) ) GLOBAL_UNIT_ASSIGNED_CONTEXT ( ( #2964, #1261, #6191 ) ) REPRESENTATION_CONTEXT ( 'NONE', 'WORKASPACE' ) );
#5518 = CARTESIAN_POINT ( 'NONE',  ( -22.86598003457588391, -3.722312756488624537E-21, 7.680168375437334660 ) ) ;
#5519 = CARTESIAN_POINT ( 'NONE',  ( 0.9999999999999983347, 21.49480438967151841, 25.99999999999999645 ) ) ;
#5520 = AXIS2_PLACEMENT_3D ( 'NONE', #5445, #7149, #8760 ) ;
#5521 = VECTOR ( 'NONE', #10141, 1000.000000000000000 ) ;
#5522 = CARTESIAN_POINT ( 'NONE',  ( 5.916483417684631263, 20.72999999999999687, 27.73801097686341066 ) ) ;
#5523 = CIRCLE ( 'NONE', #771, 1.000000000000000000 ) ;
#5524 = VERTEX_POINT ( 'NONE', #9028 ) ;
#5525 = CARTESIAN_POINT ( 'NONE',  ( 0.0000000000000000000, 0.0000000000000000000, 0.0000000000000000000 ) ) ;
#5526 = CARTESIAN_POINT ( 'NONE',  ( -14.60963752013405781, -1.427230978598036160, 14.63717580336028057 ) ) ;
#5527 = DIRECTION ( 'NONE',  ( 1.000000000000000000, 0.0000000000000000000, -1.224646799147353207E-16 ) ) ;
#5528 = SURFACE_SIDE_STYLE ('',( #2535 ) ) ;
#5529 = DIRECTION ( 'NONE',  ( -0.0000000000000000000, 1.000000000000000000, -0.0000000000000000000 ) ) ;
#5530 = CARTESIAN_POINT ( 'NONE',  ( -12.29401712797151980, -5.000000000000001776, -16.00000000000000000 ) ) ;
#5531 = LINE ( 'NONE', #3275, #9561 ) ;
#5532 = CYLINDRICAL_SURFACE ( 'NONE', #6616, 1.000000000000000888 ) ;
#5533 = CIRCLE ( 'NONE', #9971, 2.999999999999992450 ) ;
#5534 = DIRECTION ( 'NONE',  ( -0.0000000000000000000, -1.000000000000000000, -0.0000000000000000000 ) ) ;
#5535 = EDGE_CURVE ( 'NONE', #7229, #10225, #9441, .T. ) ;
#5536 = CARTESIAN_POINT ( 'NONE',  ( 2.638227594368441675, 21.33018352846847776, 2.000000000000005329 ) ) ;
#5537 = CARTESIAN_POINT ( 'NONE',  ( -13.48791857473810474, 0.8104216904014595046, 14.40091789783876663 ) ) ;
#5538 = DIRECTION ( 'NONE',  ( 0.0000000000000000000, 1.000000000000000000, 0.0000000000000000000 ) ) ;
#5539 = B_SPLINE_CURVE_WITH_KNOTS ( 'NONE', 3,
 ( #593, #5518, #8850, #1309, #2230, #3891, #1346, #4637, #6279, #10421, #6403, #3782, #6355, #10385, #2115, #3934, #4751, #523, #4717, #9585, #8762, #9707 ),
 .UNSPECIFIED., .F., .F.,
 ( 4, 2, 1, 1, 1, 1, 2, 2, 2, 2, 2, 2, 4 ),
 ( 0.0000000000000000000, 0.2499999999999791278, 0.3749999999999686917, 0.4374999999999644729, 0.4687499999999634182, 0.4843749999999628630, 0.4921874999999626410, 0.4999999999999623634, 0.6249999999999712452, 0.6874999999999756861, 0.7187499999999774625, 0.7499999999999793499, 1.000000000000000000 ),
 .UNSPECIFIED. ) ;
#5540 = ITEM_DEFINED_TRANSFORMATION ( 'NONE', 'NONE', #3580,  #8615 ) ;
#5541 = CIRCLE ( 'NONE', #3868, 1.000000000000000000 ) ;
#5542 = CIRCLE ( 'NONE', #3980, 8.000000000000000000 ) ;
#5543 = CARTESIAN_POINT ( 'NONE',  ( 6.651350249290356231, 20.72999999999999687, 1.000000000000000000 ) ) ;
#5544 = EDGE_CURVE ( 'NONE', #6727, #7251, #8008, .T. ) ;
#5545 = EDGE_CURVE ( 'NONE', #6204, #5623, #3863, .T. ) ;
#5546 = ORIENTED_EDGE ( 'NONE', *, *, #5031, .T. ) ;
#5547 = SURFACE_SIDE_STYLE ('',( #7908 ) ) ;
#5548 = DIRECTION ( 'NONE',  ( 1.000000000000000000, 0.0000000000000000000, 0.0000000000000000000 ) ) ;
#5549 = CARTESIAN_POINT ( 'NONE',  ( 2.142598311179081616, 0.0000000000000000000, -21.70402115552819922 ) ) ;
#5550 = VECTOR ( 'NONE', #2512, 1000.000000000000000 ) ;
#5551 =( NAMED_UNIT ( * ) PLANE_ANGLE_UNIT ( ) SI_UNIT ( $, .RADIAN. ) );
#5552 = ORIENTED_EDGE ( 'NONE', *, *, #7665, .T. ) ;
#5553 = CARTESIAN_POINT ( 'NONE',  ( 0.0000000000000000000, 0.7367339822379570524, -15.77347793950660204 ) ) ;
#5554 = DIRECTION ( 'NONE',  ( 0.0000000000000000000, 1.000000000000000000, -0.0000000000000000000 ) ) ;
#5555 = ADVANCED_FACE ( 'NONE', ( #1522 ), #9966, .F. ) ;
#5556 = CARTESIAN_POINT ( 'NONE',  ( 34.48061228278506718, 19.11813772300484615, 0.0000000000000000000 ) ) ;
#5557 = CARTESIAN_POINT ( 'NONE',  ( 5.000000000000000000, -2.316617955123385197, -4.012499999999997513 ) ) ;
#5558 = ORIENTED_EDGE ( 'NONE', *, *, #1486, .T. ) ;
#5559 = DIRECTION ( 'NONE',  ( 0.9306005987039487337, 0.3660362354902201854, 0.0000000000000000000 ) ) ;
#5560 = FACE_OUTER_BOUND ( 'NONE', #10103, .T. ) ;
#5561 = ORIENTED_EDGE ( 'NONE', *, *, #3622, .F. ) ;
#5562 = DIRECTION ( 'NONE',  ( 1.000000000000000000, 0.0000000000000000000, 0.0000000000000000000 ) ) ;
#5563 = ORIENTED_EDGE ( 'NONE', *, *, #802, .F. ) ;
#5564 = CARTESIAN_POINT ( 'NONE',  ( 43.00000000000000000, 21.88813772300483507, 25.58578643762690774 ) ) ;
#5565 = ORIENTED_EDGE ( 'NONE', *, *, #9505, .F. ) ;
#5566 = CARTESIAN_POINT ( 'NONE',  ( -46.30940107675852602, -10.00000000000000178, 15.99999999999999289 ) ) ;
#5567 = STYLED_ITEM ( 'NONE', ( #9892 ), #613 ) ;
#5568 = AXIS2_PLACEMENT_3D ( 'NONE', #10015, #9192, #10695 ) ;
#5569 = EDGE_LOOP ( 'NONE', ( #2584, #9448, #10251, #913, #1288, #5189, #2482, #8428 ) ) ;
#5570 = ORIENTED_EDGE ( 'NONE', *, *, #10361, .T. ) ;
#5571 = ADVANCED_FACE ( 'NONE', ( #4248 ), #9193, .T. ) ;
#5572 = B_SPLINE_CURVE_WITH_KNOTS ( 'NONE', 3,
 ( #8658, #3683, #10288, #2826, #9486, #2083, #10392, #5457, #4495, #450, #2864, #5349 ),
 .UNSPECIFIED., .F., .F.,
 ( 4, 2, 2, 2, 2, 4 ),
 ( 0.004783320507132539715, 0.008137355891855732257, 0.009814373584217326793, 0.01149139127657891959, 0.01484542666130210693, 0.01819946204602529427 ),
 .UNSPECIFIED. ) ;
#5573 = DIRECTION ( 'NONE',  ( -1.000000000000000000, 0.0000000000000000000, 0.0000000000000000000 ) ) ;
#5574 = CARTESIAN_POINT ( 'NONE',  ( -13.94163180620230591, -35.00000000000000000, -16.05266972343014586 ) ) ;
#5575 = ORIENTED_EDGE ( 'NONE', *, *, #6613, .T. ) ;
#5576 = DIRECTION ( 'NONE',  ( -1.000000000000000000, 7.709882115452486055E-16, -0.0000000000000000000 ) ) ;
#5577 = DIRECTION ( 'NONE',  ( -0.0000000000000000000, 0.0000000000000000000, -1.000000000000000000 ) ) ;
#5578 = ORIENTED_EDGE ( 'NONE', *, *, #8876, .T. ) ;
#5579 = CARTESIAN_POINT ( 'NONE',  ( 0.1739375980333722760, 3.358985280702821097, 4.182066831946702479 ) ) ;
#5580 = ORIENTED_EDGE ( 'NONE', *, *, #1154, .F. ) ;
#5581 = DIRECTION ( 'NONE',  ( -1.000000000000000000, 0.0000000000000000000, 0.0000000000000000000 ) ) ;
#5582 = ORIENTED_EDGE ( 'NONE', *, *, #1648, .T. ) ;
#5583 = EDGE_CURVE ( 'NONE', #3364, #5984, #5030, .T. ) ;
#5584 = ORIENTED_EDGE ( 'NONE', *, *, #10213, .F. ) ;
#5585 = AXIS2_PLACEMENT_3D ( 'NONE', #4481, #3532, #3631 ) ;
#5586 = CARTESIAN_POINT ( 'NONE',  ( 5.000000000000000000, -3.474926932685068692, -2.006249999999995648 ) ) ;
#5587 = CIRCLE ( 'NONE', #7589, 11.00000000000000000 ) ;
#5588 = LINE ( 'NONE', #9959, #9620 ) ;
#5589 = VERTEX_POINT ( 'NONE', #6538 ) ;
#5590 = ORIENTED_EDGE ( 'NONE', *, *, #1785, .T. ) ;
#5591 = CIRCLE ( 'NONE', #1191, 10.00000000000000000 ) ;
#5592 = CARTESIAN_POINT ( 'NONE',  ( -47.17464862010623250, -8.671823601036876994, 17.00000000000000000 ) ) ;
#5594 = EDGE_CURVE ( 'NONE', #2594, #1412, #890, .T. ) ;
#5593 = FILL_AREA_STYLE ('',( #9628 ) ) ;
#5595 = DIRECTION ( 'NONE',  ( 0.3660362354902207405, 0.9306005987039486227, 0.0000000000000000000 ) ) ;
#5596 = CIRCLE ( 'NONE', #722, 10.00000000000000000 ) ;
#5597 = ORIENTED_EDGE ( 'NONE', *, *, #6731, .F. ) ;
#5598 = PLANE ( 'NONE',  #1219 ) ;
#5599 = CIRCLE ( 'NONE', #3923, 1.000000000000000888 ) ;
#5600 = VERTEX_POINT ( 'NONE', #10710 ) ;
#5601 = CARTESIAN_POINT ( 'NONE',  ( -4.180704885107417113, -3.359771601077117253, -5.901655677627837271 ) ) ;
#5602 = PRODUCT_DEFINITION_FORMATION_WITH_SPECIFIED_SOURCE ( 'ANY', '', #5754, .NOT_KNOWN. ) ;
#5603 = CIRCLE ( 'NONE', #4382, 2.000000000000000000 ) ;
#5604 = DIRECTION ( 'NONE',  ( 0.0000000000000000000, -0.0000000000000000000, 1.000000000000000000 ) ) ;
#5605 = CARTESIAN_POINT ( 'NONE',  ( 40.26439155837419293, 21.05655294009385514, 27.00000000000000000 ) ) ;
#5606 = AXIS2_PLACEMENT_3D ( 'NONE', #10131, #10056, #5111 ) ;
#5607 = DIRECTION ( 'NONE',  ( -1.000000000000000000, 0.0000000000000000000, 0.0000000000000000000 ) ) ;
#5608 = ORIENTED_EDGE ( 'NONE', *, *, #337, .F. ) ;
#5609 = ORIENTED_EDGE ( 'NONE', *, *, #9332, .F. ) ;
#5610 = CARTESIAN_POINT ( 'NONE',  ( -48.45181534823213809, -7.663156059625572780, -16.50000000000000000 ) ) ;
#5611 = ORIENTED_EDGE ( 'NONE', *, *, #9087, .T. ) ;
#5612 = EDGE_LOOP ( 'NONE', ( #7320, #1450, #6339 ) ) ;
#5613 = DIRECTION ( 'NONE',  ( -1.000000000000000000, -0.0000000000000000000, -0.0000000000000000000 ) ) ;
#5614 = FACE_OUTER_BOUND ( 'NONE', #7620, .T. ) ;
#5615 = ADVANCED_FACE ( 'NONE', ( #6965, #10457, #1120 ), #2401, .T. ) ;
#5616 = CARTESIAN_POINT ( 'NONE',  ( 5.000000000000000000, 2.316617955123359884, -4.012500000000003730 ) ) ;
#5617 = DIRECTION ( 'NONE',  ( -1.224646799147353207E-16, 0.0000000000000000000, -1.000000000000000000 ) ) ;
#5618 = CARTESIAN_POINT ( 'NONE',  ( 0.0000000000000000000, 0.0000000000000000000, 28.00000000000000000 ) ) ;
#5619 = B_SPLINE_CURVE_WITH_KNOTS ( 'NONE', 3,
 ( #3658, #6984, #5393, #7873, #2912, #457 ),
 .UNSPECIFIED., .F., .F.,
 ( 4, 2, 4 ),
 ( 0.9049999999999998046, 0.9524999999999999023, 1.000000000000000000 ),
 .UNSPECIFIED. ) ;
#5620 = EDGE_CURVE ( 'NONE', #3896, #2199, #9723, .T. ) ;
#5621 = ORIENTED_EDGE ( 'NONE', *, *, #9190, .F. ) ;
#5622 = VERTEX_POINT ( 'NONE', #842 ) ;
#5623 = VERTEX_POINT ( 'NONE', #8287 ) ;
#5624 = DIRECTION ( 'NONE',  ( 1.347358039593636966E-16, 0.0000000000000000000, 1.000000000000000000 ) ) ;
#5625 = ADVANCED_FACE ( 'NONE', ( #7851 ), #9967, .T. ) ;
#5626 = EDGE_CURVE ( 'NONE', #8299, #8405, #8132, .T. ) ;
#5627 = CIRCLE ( 'NONE', #2449, 2.849999999999998312 ) ;
#5628 = CARTESIAN_POINT ( 'NONE',  ( -45.71293249679403203, -13.54498398776496337, 16.50000000000000000 ) ) ;
#5629 = DIRECTION ( 'NONE',  ( -0.3660362354902204074, 0.9306005987039488447, 0.0000000000000000000 ) ) ;
#5630 = DIRECTION ( 'NONE',  ( -1.000000000000000000, -0.0000000000000000000, -0.0000000000000000000 ) ) ;
#5631 = VERTEX_POINT ( 'NONE', #1669 ) ;
#5632 = CARTESIAN_POINT ( 'NONE',  ( -52.30940107675851891, -35.00000000000000000, 13.99999999999999467 ) ) ;
#5633 = CARTESIAN_POINT ( 'NONE',  ( 2.449293598294706513E-15, -25.66666666666664653, -20.00000000000000000 ) ) ;
#5634 = EDGE_CURVE ( 'NONE', #9583, #4701, #103, .T. ) ;
#5635 = PRESENTATION_LAYER_ASSIGNMENT (  '', '', ( #6033 ) ) ;
#5636 = CARTESIAN_POINT ( 'NONE',  ( 3.000000000000000000, 3.673940397442059868E-16, -6.074599999999999334 ) ) ;
#5637 = FACE_OUTER_BOUND ( 'NONE', #7961, .T. ) ;
#5638 = FACE_OUTER_BOUND ( 'NONE', #5057, .T. ) ;
#5639 = CARTESIAN_POINT ( 'NONE',  ( -21.49920583820770759, 3.469446951953614189E-15, 11.00000000000000000 ) ) ;
#5640 = DIRECTION ( 'NONE',  ( 1.000000000000000000, -7.709882115452486055E-16, 0.0000000000000000000 ) ) ;
#5641 =( BOUNDED_CURVE ( )  B_SPLINE_CURVE ( 3, ( #4726, #5564, #8092, #7270 ),
 .UNSPECIFIED., .F., .F. ) 
 B_SPLINE_CURVE_WITH_KNOTS ( ( 4, 4 ),
 ( 0.0000000000000000000, 1.570796326794888342 ),
 .UNSPECIFIED. ) 
 CURVE ( )  GEOMETRIC_REPRESENTATION_ITEM ( )  RATIONAL_B_SPLINE_CURVE ( ( 1.000000000000000000, 0.8047378541243670469, 0.8047378541243670469, 1.000000000000000000 ) ) 
 REPRESENTATION_ITEM ( '' )  );
#5642 = CARTESIAN_POINT ( 'NONE',  ( 36.60402920347198830, 31.73000000000000043, 27.00000000000000000 ) ) ;
#5643 = CARTESIAN_POINT ( 'NONE',  ( -10.77651187337120930, -0.3720362647873463602, -16.84911353837843251 ) ) ;
#5644 = VERTEX_POINT ( 'NONE', #1373 ) ;
#5645 = B_SPLINE_CURVE_WITH_KNOTS ( 'NONE', 3,
 ( #3137, #7305, #8120, #7974, #1427, #5601, #2305, #2192 ),
 .UNSPECIFIED., .F., .F.,
 ( 4, 2, 2, 4 ),
 ( 0.002921158011986726370, 0.003648658599403078757, 0.004376159186819430710, 0.005831160361652133750 ),
 .UNSPECIFIED. ) ;
#5646 = EDGE_CURVE ( 'NONE', #6744, #7909, #627, .T. ) ;
#5647 = CARTESIAN_POINT ( 'NONE',  ( -47.55354293907979724, -9.017595061190613492, -17.00000000000000000 ) ) ;
#5648 = DIRECTION ( 'NONE',  ( -0.0000000000000000000, 1.000000000000000000, -0.0000000000000000000 ) ) ;
#5649 = CARTESIAN_POINT ( 'NONE',  ( 26.00299169246556019, 1.000000000000000000, 0.0000000000000000000 ) ) ;
#5650 = STYLED_ITEM ( 'NONE', ( #2450 ), #9218 ) ;
#5651 = CARTESIAN_POINT ( 'NONE',  ( 2.500000000000004885, 4.330127018922191873, 0.0000000000000000000 ) ) ;
#5652 = DIRECTION ( 'NONE',  ( -1.000000000000000000, -0.0000000000000000000, -0.0000000000000000000 ) ) ;
#5653 = CIRCLE ( 'NONE', #9734, 1.000000000000000888 ) ;
#5654 = ORIENTED_EDGE ( 'NONE', *, *, #2387, .F. ) ;
#5655 = DIRECTION ( 'NONE',  ( -1.000000000000000000, -0.0000000000000000000, -0.0000000000000000000 ) ) ;
#5656 = EDGE_CURVE ( 'NONE', #775, #3895, #8038, .T. ) ;
#5657 = CARTESIAN_POINT ( 'NONE',  ( -22.87408983194057299, -3.405916172187090219E-17, -7.572085535472360185 ) ) ;
#5658 = VECTOR ( 'NONE', #3197, 1000.000000000000000 ) ;
#5659 = VECTOR ( 'NONE', #2268, 1000.000000000000114 ) ;
#5660 = CARTESIAN_POINT ( 'NONE',  ( 1.949973169550027752, 20.72999999999999687, 3.568804191445114515 ) ) ;
#5661 = CARTESIAN_POINT ( 'NONE',  ( -46.95153645854111346, -8.550630968717669589, 17.00000000000000000 ) ) ;
#5662 =( GEOMETRIC_REPRESENTATION_CONTEXT ( 3 ) GLOBAL_UNCERTAINTY_ASSIGNED_CONTEXT ( ( #10320 ) ) GLOBAL_UNIT_ASSIGNED_CONTEXT ( ( #8273, #7482, #2529 ) ) REPRESENTATION_CONTEXT ( 'NONE', 'WORKASPACE' ) );
#5663 = EDGE_LOOP ( 'NONE', ( #2605, #7180, #393 ) ) ;
#5664 = CARTESIAN_POINT ( 'NONE',  ( -10.06454738757329359, -3.286789689048631224, 17.28411431548448007 ) ) ;
#5665 = ADVANCED_FACE ( 'NONE', ( #6712 ), #5412, .F. ) ;
#5666 = DIRECTION ( 'NONE',  ( 0.0000000000000000000, 1.000000000000000000, 0.0000000000000000000 ) ) ;
#5667 = DIRECTION ( 'NONE',  ( -0.5000000000000032196, -0.8660254037844368202, 0.0000000000000000000 ) ) ;
#5668 = CARTESIAN_POINT ( 'NONE',  ( 0.0000000000000000000, 0.0000000000000000000, 13.50000000000000000 ) ) ;
#5669 = CONTEXT_DEPENDENT_SHAPE_REPRESENTATION ( #587, #10484 ) ;
#5670 = VECTOR ( 'NONE', #3464, 1000.000000000000000 ) ;
#5671 = FACE_OUTER_BOUND ( 'NONE', #518, .T. ) ;
#5672 = CIRCLE ( 'NONE', #9217, 13.53952102847735972 ) ;
#5673 = CARTESIAN_POINT ( 'NONE',  ( -5.000000000000000000, 2.886751345948137981, -5.653418012614791266 ) ) ;
#5674 = DIRECTION ( 'NONE',  ( 0.0000000000000000000, 0.0000000000000000000, -1.000000000000000000 ) ) ;
#5675 = DIRECTION ( 'NONE',  ( -0.0000000000000000000, -0.0000000000000000000, 1.000000000000000000 ) ) ;
#5676 = ORIENTED_EDGE ( 'NONE', *, *, #4277, .T. ) ;
#5677 = DIRECTION ( 'NONE',  ( -1.000000000000000000, 0.0000000000000000000, 0.0000000000000000000 ) ) ;
#5678 = ADVANCED_FACE ( 'NONE', ( #4491 ), #4764, .T. ) ;
#5679 = CARTESIAN_POINT ( 'NONE',  ( -47.05368789885406500, -11.58992729618035256, -17.00000000000000000 ) ) ;
#5680 = VECTOR ( 'NONE', #2138, 1000.000000000000000 ) ;
#5681 = PLANE ( 'NONE',  #50 ) ;
#5682 = EDGE_CURVE ( 'NONE', #3993, #5729, #2807, .T. ) ;
#5683 = ORIENTED_EDGE ( 'NONE', *, *, #9998, .F. ) ;
#5684 = AXIS2_PLACEMENT_3D ( 'NONE', #8803, #4683, #7890 ) ;
#5685 = CARTESIAN_POINT ( 'NONE',  ( -2.500000000000003997, -4.330127018922192761, -6.099999999999999645 ) ) ;
#5686 = ORIENTED_EDGE ( 'NONE', *, *, #2710, .T. ) ;
#5687 = CARTESIAN_POINT ( 'NONE',  ( -14.96662954709576177, -5.000000000000000888, 16.00000000000000000 ) ) ;
#5688 = DIRECTION ( 'NONE',  ( 0.0000000000000000000, 1.000000000000000000, 0.0000000000000000000 ) ) ;
#5689 = CARTESIAN_POINT ( 'NONE',  ( 2.735608441625811516, 22.42399401296051309, 3.000000000000005329 ) ) ;
#5690 = ORIENTED_EDGE ( 'NONE', *, *, #4461, .T. ) ;
#5691 = B_SPLINE_SURFACE_WITH_KNOTS ( 'NONE', 3, 3, ( 
 ( #1930, #7371, #8020, #4246 ),
 ( #10374, #883, #2652, #1407 ),
 ( #2364, #2814, #1564, #3519 ),
 ( #5469, #7170, #10087, #3360 ),
 ( #4203, #8459, #199, #9308 ),
 ( #5997, #7560, #5958, #5026 ),
 ( #134, #3433, #2608, #1768 ),
 ( #4296, #8384, #101, #1738 ),
 ( #9208, #2644, #2539, #5865 ),
 ( #10121, #1028, #6728, #172 ),
 ( #4226, #9172, #5134, #6836 ),
 ( #1862, #3506, #4331, #5170 ),
 ( #10029, #938, #9995, #8321 ),
 ( #997, #5065, #1831, #8424 ),
 ( #66, #903, #6801, #2569 ),
 ( #7624, #2672, #9247, #5108 ),
 ( #6693, #4265, #7525, #5918 ),
 ( #10051, #8355, #7591, #3399 ) ),
 .UNSPECIFIED., .T., .F., .F.,
 ( 4, 1, 1, 1, 1, 2, 2, 2, 1, 1, 1, 1, 4 ),
 ( 4, 4 ),
 ( 0.0000000000000000000, 0.01249999999999995559, 0.02499999999999991118, 0.03750000000000008882, 0.05000000000000004441, 0.2500000000000000000, 0.4999999999999998890, 0.7500000000000000000, 0.9499999999999999556, 0.9625000000000000222, 0.9749999999999999778, 0.9875000000000000444, 1.000000000000000000 ),
 ( 0.0000000000000000000, 1.000000000000000000 ),
 .UNSPECIFIED. ) ;
#5692 = EDGE_LOOP ( 'NONE', ( #4254, #329, #1151, #8842 ) ) ;
#5693 = VERTEX_POINT ( 'NONE', #8630 ) ;
#5694 = TOROIDAL_SURFACE ( 'NONE', #9558, 11.00000000000000000, 1.000000000000000000 ) ;
#5695 = DIRECTION ( 'NONE',  ( -1.224646799147353454E-16, 0.0000000000000000000, -1.000000000000000000 ) ) ;
#5696 = ORIENTED_EDGE ( 'NONE', *, *, #7876, .T. ) ;
#5697 = ORIENTED_EDGE ( 'NONE', *, *, #604, .F. ) ;
#5698 = EDGE_CURVE ( 'NONE', #1054, #146, #6329, .T. ) ;
#5699 = EDGE_CURVE ( 'NONE', #3895, #4074, #7055, .T. ) ;
#5700 = AXIS2_PLACEMENT_3D ( 'NONE', #10694, #7406, #7478 ) ;
#5701 = ORIENTED_EDGE ( 'NONE', *, *, #9651, .F. ) ;
#5702 = CARTESIAN_POINT ( 'NONE',  ( 1.000000000000000888, 0.0000000000000000000, 0.0000000000000000000 ) ) ;
#5703 = CARTESIAN_POINT ( 'NONE',  ( -43.02412498358751947, -11.45933109061441435, 16.50000000000000000 ) ) ;
#5704 = CARTESIAN_POINT ( 'NONE',  ( 5.263155893960397513, 4.000000000000000888, 2.950238210948754158 ) ) ;
#5705 = DIRECTION ( 'NONE',  ( 0.0000000000000000000, 0.0000000000000000000, -1.000000000000000000 ) ) ;
#5706 = CARTESIAN_POINT ( 'NONE',  ( 1.311724036127919788E-07, 0.0000000000000000000, 19.99803989383731917 ) ) ;
#5707 = CARTESIAN_POINT ( 'NONE',  ( 33.22031895026839976, 19.11813772300485681, 1.500000000000000000 ) ) ;
#5708 = ORIENTED_EDGE ( 'NONE', *, *, #8824, .F. ) ;
#5709 = ORIENTED_EDGE ( 'NONE', *, *, #5105, .T. ) ;
#5710 = ORIENTED_EDGE ( 'NONE', *, *, #8309, .F. ) ;
#5711 = DIRECTION ( 'NONE',  ( -0.0000000000000000000, -0.0000000000000000000, -1.000000000000000000 ) ) ;
#5712 = EDGE_CURVE ( 'NONE', #2650, #5524, #1667, .T. ) ;
#5713 = CARTESIAN_POINT ( 'NONE',  ( -17.84561588840574231, 0.06372851141945240494, 11.23879264156502167 ) ) ;
#5714 = DIRECTION ( 'NONE',  ( 0.0000000000000000000, 0.0000000000000000000, 1.000000000000000000 ) ) ;
#5715 = ORIENTED_EDGE ( 'NONE', *, *, #1752, .T. ) ;
#5716 = DIRECTION ( 'NONE',  ( -1.000000000000000000, 0.0000000000000000000, 0.0000000000000000000 ) ) ;
#5717 = FACE_OUTER_BOUND ( 'NONE', #10152, .T. ) ;
#5718 = AXIS2_PLACEMENT_3D ( 'NONE', #4234, #10055, #5075 ) ;
#5719 = ORIENTED_EDGE ( 'NONE', *, *, #6624, .T. ) ;
#5720 = AXIS2_PLACEMENT_3D ( 'NONE', #7468, #8297, #8362 ) ;
#5721 = ORIENTED_EDGE ( 'NONE', *, *, #71, .T. ) ;
#5722 = EDGE_LOOP ( 'NONE', ( #7535, #1119, #9084 ) ) ;
#5723 = DIRECTION ( 'NONE',  ( 0.0000000000000000000, 0.0000000000000000000, 1.000000000000000000 ) ) ;
#5724 = ADVANCED_FACE ( 'NONE', ( #2318 ), #8389, .T. ) ;
#5725 = ORIENTED_EDGE ( 'NONE', *, *, #4625, .T. ) ;
#5726 = PRESENTATION_STYLE_ASSIGNMENT (( #7212 ) ) ;
#5727 = CARTESIAN_POINT ( 'NONE',  ( 0.0000000000000000000, 9.999999999999996447, -5.000000000000000000 ) ) ;
#5728 = DIRECTION ( 'NONE',  ( 0.0000000000000000000, -1.000000000000000000, 0.0000000000000000000 ) ) ;
#5729 = VERTEX_POINT ( 'NONE', #9041 ) ;
#5730 = LINE ( 'NONE', #8794, #4819 ) ;
#5731 = LINE ( 'NONE', #3420, #6646 ) ;
#5732 = ORIENTED_EDGE ( 'NONE', *, *, #5712, .F. ) ;
#5733 = ADVANCED_FACE ( 'NONE', ( #8512, #8632 ), #9871, .F. ) ;
#5734 = ADVANCED_FACE ( 'NONE', ( #6059 ), #2038, .T. ) ;
#5735 = VERTEX_POINT ( 'NONE', #745 ) ;
#5736 = CARTESIAN_POINT ( 'NONE',  ( 13.01405725182183204, 0.0000000000000000000, -15.21680642875023892 ) ) ;
#5737 = CARTESIAN_POINT ( 'NONE',  ( -47.06491440541779525, -8.606364806012129165, 17.00000000000000000 ) ) ;
#5738 = DIRECTION ( 'NONE',  ( 1.000000000000000000, 0.0000000000000000000, 0.0000000000000000000 ) ) ;
#5739 = APPLICATION_PROTOCOL_DEFINITION ( 'draft international standard', 'automotive_design', 1998, #6395 ) ;
#5740 = CARTESIAN_POINT ( 'NONE',  ( 0.0000000000000000000, 7.999999999999998224, -9.625000000000000000 ) ) ;
#5741 = ORIENTED_EDGE ( 'NONE', *, *, #10595, .T. ) ;
#5742 = CARTESIAN_POINT ( 'NONE',  ( 39.85198957506799644, 21.87313615002426914, 25.77963471911701987 ) ) ;
#5743 = CARTESIAN_POINT ( 'NONE',  ( -35.19615242270663913, 1.000000000000002665, 13.99999999999999822 ) ) ;
#5744 = ORIENTED_EDGE ( 'NONE', *, *, #5072, .T. ) ;
#5745 = DIRECTION ( 'NONE',  ( -0.0000000000000000000, 1.000000000000000000, 1.502314598737159278E-16 ) ) ;
#5746 = EDGE_CURVE ( 'NONE', #570, #236, #7734, .T. ) ;
#5747 = DIRECTION ( 'NONE',  ( 0.0000000000000000000, 0.0000000000000000000, -1.000000000000000000 ) ) ;
#5748 = AXIS2_PLACEMENT_3D ( 'NONE', #10249, #4425, #5264 ) ;
#5749 = CARTESIAN_POINT ( 'NONE',  ( 8.610318235031920509, 20.11813772300486747, 1.500000000000000000 ) ) ;
#5750 = CARTESIAN_POINT ( 'NONE',  ( -2.500000000000007994, 4.330127018922190096, -6.099999999999999645 ) ) ;
#5751 = CARTESIAN_POINT ( 'NONE',  ( 27.94734990167305000, 10.69999999999999929, 1.500000000000000000 ) ) ;
#5752 = VERTEX_POINT ( 'NONE', #8934 ) ;
#5753 = DIRECTION ( 'NONE',  ( 0.0000000000000000000, 0.0000000000000000000, -1.000000000000000000 ) ) ;
#5754 = PRODUCT ( 'hex bolt gradeab_din_DIN EN 24014 - M6 x 40 x 18-N', 'hex bolt gradeab_din_DIN EN 24014 - M6 x 40 x 18-N', '', ( #10689 ) ) ;
#5755 = EDGE_CURVE ( 'NONE', #9074, #2404, #6092, .T. ) ;
#5756 = EDGE_CURVE ( 'NONE', #4702, #317, #10584, .T. ) ;
#5757 = CIRCLE ( 'NONE', #6264, 2.849999999999999201 ) ;
#5758 = CIRCLE ( 'NONE', #2651, 5.000000000000000000 ) ;
#5759 = AXIS2_PLACEMENT_3D ( 'NONE', #8629, #2877, #2842 ) ;
#5760 = CARTESIAN_POINT ( 'NONE',  ( -49.13369631283401162, -4.673425519050125487, -16.00000000000000000 ) ) ;
#5761 = ORIENTED_EDGE ( 'NONE', *, *, #9937, .F. ) ;
#5762 = EDGE_CURVE ( 'NONE', #5292, #9968, #5286, .T. ) ;
#5763 = DIRECTION ( 'NONE',  ( 0.8903010618119971964, 0.0000000000000000000, -0.4553723963268200281 ) ) ;
#5764 = FACE_OUTER_BOUND ( 'NONE', #7758, .T. ) ;
#5765 = CARTESIAN_POINT ( 'NONE',  ( 8.673617379884035472E-16, 5.773502691896260863, 0.0000000000000000000 ) ) ;
#5766 = UNCERTAINTY_MEASURE_WITH_UNIT (LENGTH_MEASURE( 1.000000000000000082E-05 ), #7977, 'distance_accuracy_value', 'NONE');
#5767 = APPLICATION_PROTOCOL_DEFINITION ( 'draft international standard', 'automotive_design', 1998, #2225 ) ;
#5768 = DIRECTION ( 'NONE',  ( 1.000000000000000000, 0.0000000000000000000, 0.0000000000000000000 ) ) ;
#5769 = AXIS2_PLACEMENT_3D ( 'NONE', #7508, #6747, #156 ) ;
#5770 = ORIENTED_EDGE ( 'NONE', *, *, #1135, .T. ) ;
#5771 = FACE_OUTER_BOUND ( 'NONE', #10642, .T. ) ;
#5772 = AXIS2_PLACEMENT_3D ( 'NONE', #2706, #4494, #5348 ) ;
#5773 = DIRECTION ( 'NONE',  ( -1.000000000000000000, 0.0000000000000000000, 0.0000000000000000000 ) ) ;
#5774 = ORIENTED_EDGE ( 'NONE', *, *, #6596, .F. ) ;
#5775 = DIRECTION ( 'NONE',  ( 1.000000000000000000, 0.0000000000000000000, 0.0000000000000000000 ) ) ;
#5776 = DIRECTION ( 'NONE',  ( 0.0000000000000000000, 0.0000000000000000000, -1.000000000000000000 ) ) ;
#5777 = CARTESIAN_POINT ( 'NONE',  ( 6.395970796528011704, 21.73000000000000043, 26.86046220127888517 ) ) ;
#5778 = CARTESIAN_POINT ( 'NONE',  ( -19.15319813379324998, -0.7685227209348455268, -13.68119345126428676 ) ) ;
#5779 = VECTOR ( 'NONE', #4827, 1000.000000000000000 ) ;
#5780 = ADVANCED_FACE ( 'NONE', ( #5808 ), #6142, .T. ) ;
#5781 = ADVANCED_FACE ( 'NONE', ( #6181 ), #7090, .F. ) ;
#5782 = VECTOR ( 'NONE', #2411, 1000.000000000000000 ) ;
#5783 = EDGE_CURVE ( 'NONE', #9266, #3406, #3987, .T. ) ;
#5784 = DIRECTION ( 'NONE',  ( 0.0000000000000000000, -0.5000000000000009992, 0.8660254037844380415 ) ) ;
#5785 =( LENGTH_UNIT ( ) NAMED_UNIT ( * ) SI_UNIT ( .MILLI., .METRE. ) );
#5786 = VECTOR ( 'NONE', #1493, 1000.000000000000227 ) ;
#5787 = ORIENTED_EDGE ( 'NONE', *, *, #291, .F. ) ;
#5788 = AXIS2_PLACEMENT_3D ( 'NONE', #4317, #891, #9263 ) ;
#5789 = DIRECTION ( 'NONE',  ( 0.0000000000000000000, 1.000000000000000000, 0.0000000000000000000 ) ) ;
#5790 = AXIS2_PLACEMENT_3D ( 'NONE', #6271, #1301, #4676 ) ;
#5791 = LINE ( 'NONE', #6417, #7082 ) ;
#5792 = FACE_OUTER_BOUND ( 'NONE', #8393, .T. ) ;
#5793 = VECTOR ( 'NONE', #6803, 1000.000000000000000 ) ;
#5794 = DIRECTION ( 'NONE',  ( -1.000000000000000000, 0.0000000000000000000, 0.0000000000000000000 ) ) ;
#5795 = EDGE_CURVE ( 'NONE', #2404, #6134, #4128, .T. ) ;
#5796 = VERTEX_POINT ( 'NONE', #8777 ) ;
#5797 = DIRECTION ( 'NONE',  ( -0.0000000000000000000, -1.000000000000000000, -0.0000000000000000000 ) ) ;
#5798 = CARTESIAN_POINT ( 'NONE',  ( -19.00262419343523490, -1.127570259384924769E-14, -9.723055785304401510 ) ) ;
#5799 = VECTOR ( 'NONE', #5784, 1000.000000000000114 ) ;
#5800 = CARTESIAN_POINT ( 'NONE',  ( -12.00290912278228994, -6.999999999999999112, -9.000000000000001776 ) ) ;
#5801 = CARTESIAN_POINT ( 'NONE',  ( 4.250000000000000000, 0.0000000000000000000, 2.999999999999999556 ) ) ;
#5802 = CARTESIAN_POINT ( 'NONE',  ( 10.41784534861619171, 0.0000000000000000000, -17.10150501899544651 ) ) ;
#5803 = CONICAL_SURFACE ( 'NONE', #2846, 5.000000000000000888, 1.047197551196596299 ) ;
#5804 = DIRECTION ( 'NONE',  ( 0.0000000000000000000, 0.0000000000000000000, 1.000000000000000000 ) ) ;
#5805 = AXIS2_PLACEMENT_3D ( 'NONE', #2758, #8544, #10207 ) ;
#5806 = CARTESIAN_POINT ( 'NONE',  ( -12.00000000000000355, 0.0000000000000000000, -14.00000000000000000 ) ) ;
#5807 = DIRECTION ( 'NONE',  ( -1.347358039593636966E-16, 0.0000000000000000000, -1.000000000000000000 ) ) ;
#5808 = FACE_OUTER_BOUND ( 'NONE', #2070, .T. ) ;
#5809 = ORIENTED_EDGE ( 'NONE', *, *, #8591, .F. ) ;
#5810 = VERTEX_POINT ( 'NONE', #2487 ) ;
#5811 = PRESENTATION_STYLE_ASSIGNMENT (( #9096 ) ) ;
#5812 = CARTESIAN_POINT ( 'NONE',  ( -20.18926061281585049, -0.1141952964990641389, -12.06957984580290599 ) ) ;
#5813 = EDGE_LOOP ( 'NONE', ( #9909, #1834, #6748, #2568, #80 ) ) ;
#5814 = DIRECTION ( 'NONE',  ( -1.000000000000000000, 0.0000000000000000000, 0.0000000000000000000 ) ) ;
#5815 = CARTESIAN_POINT ( 'NONE',  ( 0.0000000000000000000, 0.0000000000000000000, 0.0000000000000000000 ) ) ;
#5816 = EDGE_CURVE ( 'NONE', #2808, #6213, #3209, .T. ) ;
#5817 = ORIENTED_EDGE ( 'NONE', *, *, #1355, .F. ) ;
#5818 = AXIS2_PLACEMENT_3D ( 'NONE', #6090, #4458, #375 ) ;
#5819 = PRESENTATION_STYLE_ASSIGNMENT (( #3596 ) ) ;
#5820 = ORIENTED_EDGE ( 'NONE', *, *, #4900, .T. ) ;
#5821 = VERTEX_POINT ( 'NONE', #3695 ) ;
#5822 = CARTESIAN_POINT ( 'NONE',  ( 5.000000000000000888, 0.9828435001097617363, -6.056909652965543067 ) ) ;
#5823 = CARTESIAN_POINT ( 'NONE',  ( 27.00281925585051823, 0.9814300378111168177, 26.50000000000000000 ) ) ;
#5824 = CARTESIAN_POINT ( 'NONE',  ( 0.0000000000000000000, 0.0000000000000000000, -13.50000000000000000 ) ) ;
#5825 = ORIENTED_EDGE ( 'NONE', *, *, #5544, .T. ) ;
#5826 = ORIENTED_EDGE ( 'NONE', *, *, #2831, .T. ) ;
#5827 = VERTEX_POINT ( 'NONE', #3893 ) ;
#5828 = UNCERTAINTY_MEASURE_WITH_UNIT (LENGTH_MEASURE( 1.000000000000000082E-05 ), #9401, 'distance_accuracy_value', 'NONE');
#5829 = CARTESIAN_POINT ( 'NONE',  ( -46.60467234808473336, -4.000000000000002665, -15.89897948556635932 ) ) ;
#5830 = ORIENTED_EDGE ( 'NONE', *, *, #1019, .T. ) ;
#5831 = ADVANCED_FACE ( 'NONE', ( #2182 ), #8613, .T. ) ;
#5832 = ORIENTED_EDGE ( 'NONE', *, *, #8012, .F. ) ;
#5833 = EDGE_CURVE ( 'NONE', #1325, #2054, #6441, .T. ) ;
#5834 = ADVANCED_FACE ( 'NONE', ( #7714 ), #7350, .F. ) ;
#5835 = AXIS2_PLACEMENT_3D ( 'NONE', #6543, #8152, #465 ) ;
#5836 = ORIENTED_EDGE ( 'NONE', *, *, #4581, .T. ) ;
#5837 = ORIENTED_EDGE ( 'NONE', *, *, #7139, .T. ) ;
#5838 = CARTESIAN_POINT ( 'NONE',  ( -17.84415623486785663, 0.06368167970082420914, -11.24094113600579981 ) ) ;
#5839 = CARTESIAN_POINT ( 'NONE',  ( 27.00281925585051823, 0.9814300378111168177, 0.0000000000000000000 ) ) ;
#5840 = CARTESIAN_POINT ( 'NONE',  ( -1.653121499799250049, 4.819072548984005167, -0.05140428708382655670 ) ) ;
#5841 = VERTEX_POINT ( 'NONE', #3048 ) ;
#5842 = PLANE ( 'NONE',  #6451 ) ;
#5843 = VECTOR ( 'NONE', #8716, 999.9999999999998863 ) ;
#5844 = FACE_OUTER_BOUND ( 'NONE', #9672, .T. ) ;
#5845 = VERTEX_POINT ( 'NONE', #8844 ) ;
#5846 = ORIENTED_EDGE ( 'NONE', *, *, #8906, .F. ) ;
#5847 = CYLINDRICAL_SURFACE ( 'NONE', #9763, 1.000000000000000000 ) ;
#5848 = EDGE_CURVE ( 'NONE', #2232, #3276, #1783, .T. ) ;
#5849 = CARTESIAN_POINT ( 'NONE',  ( 39.94842850106991250, 21.79763643125340522, 25.85712453623333573 ) ) ;
#5850 = CARTESIAN_POINT ( 'NONE',  ( 2.449293598294706513E-15, -25.66666666666664653, -20.00000000000000000 ) ) ;
#5851 = CARTESIAN_POINT ( 'NONE',  ( -1.778091562876227272E-14, -5.773502691896262640, -5.653418012614791266 ) ) ;
#5852 = CARTESIAN_POINT ( 'NONE',  ( 1.000000000000000000, 22.03209181533656746, 28.00000000000000000 ) ) ;
#5853 = DIRECTION ( 'NONE',  ( -0.0000000000000000000, 0.8660254037844397068, 0.4999999999999982792 ) ) ;
#5854 =( NAMED_UNIT ( * ) PLANE_ANGLE_UNIT ( ) SI_UNIT ( $, .RADIAN. ) );
#5855 = LINE ( 'NONE', #8686, #7152 ) ;
#5856 = VERTEX_POINT ( 'NONE', #8799 ) ;
#5857 = AXIS2_PLACEMENT_3D ( 'NONE', #3076, #4707, #8787 ) ;
#5858 = FACE_OUTER_BOUND ( 'NONE', #9885, .T. ) ;
#5859 = EDGE_LOOP ( 'NONE', ( #9189, #10283, #8673, #4288 ) ) ;
#5860 = CYLINDRICAL_SURFACE ( 'NONE', #9782, 10.00000000000000178 ) ;
#5861 = CARTESIAN_POINT ( 'NONE',  ( -4.999999999999999112, 0.4881033300985035961, -6.100000000000000533 ) ) ;
#5862 = DIRECTION ( 'NONE',  ( 0.0000000000000000000, 0.0000000000000000000, 1.000000000000000000 ) ) ;
#5863 = CIRCLE ( 'NONE', #295, 8.000000000000000000 ) ;
#5864 = CARTESIAN_POINT ( 'NONE',  ( 0.0000000000000000000, 0.0000000000000000000, -25.03750572909317285 ) ) ;
#5865 = CARTESIAN_POINT ( 'NONE',  ( -41.32662511730033827, -12.14644144644013934, -16.00000000000000000 ) ) ;
#5866 = VERTEX_POINT ( 'NONE', #3128 ) ;
#5867 = CARTESIAN_POINT ( 'NONE',  ( 0.1996310553825211553, 1.947030205581434581, -5.000000000000000888 ) ) ;
#5868 = ORIENTED_EDGE ( 'NONE', *, *, #3279, .T. ) ;
#5869 = VERTEX_POINT ( 'NONE', #516 ) ;
#5870 = ORIENTED_EDGE ( 'NONE', *, *, #7702, .F. ) ;
#5871 = AXIS2_PLACEMENT_3D ( 'NONE', #8978, #4952, #10582 ) ;
#5872 = VECTOR ( 'NONE', #232, 1000.000000000000114 ) ;
#5873 = DIRECTION ( 'NONE',  ( -0.3559765279695056850, -0.9344948964733708063, 0.0000000000000000000 ) ) ;
#5874 = AXIS2_PLACEMENT_3D ( 'NONE', #6219, #5429, #5577 ) ;
#5875 = CARTESIAN_POINT ( 'NONE',  ( -16.58193991737167750, 1.457999805023685536, -9.195699319948348105 ) ) ;
#5876 = DIRECTION ( 'NONE',  ( 1.000000000000000000, 0.0000000000000000000, 0.0000000000000000000 ) ) ;
#5877 = VERTEX_POINT ( 'NONE', #559 ) ;
#5878 = CARTESIAN_POINT ( 'NONE',  ( -10.96238289953943834, -34.55283528570646467, 14.28391395859681445 ) ) ;
#5879 = LINE ( 'NONE', #1482, #3407 ) ;
#5880 = DIRECTION ( 'NONE',  ( 0.0000000000000000000, 1.000000000000000000, 0.0000000000000000000 ) ) ;
#5881 = VECTOR ( 'NONE', #6089, 1000.000000000000000 ) ;
#5882 = DIRECTION ( 'NONE',  ( 1.000000000000000000, 0.0000000000000000000, 0.0000000000000000000 ) ) ;
#5883 = EDGE_CURVE ( 'NONE', #3606, #6194, #1499, .T. ) ;
#5884 = VERTEX_POINT ( 'NONE', #1305 ) ;
#5885 = ADVANCED_FACE ( 'NONE', ( #2901 ), #5896, .T. ) ;
#5886 = ADVANCED_FACE ( 'NONE', ( #1635 ), #7058, .T. ) ;
#5887 = DIRECTION ( 'NONE',  ( 1.000000000000000000, 0.0000000000000000000, 0.0000000000000000000 ) ) ;
#5888 = FACE_OUTER_BOUND ( 'NONE', #3483, .T. ) ;
#5889 = CIRCLE ( 'NONE', #6680, 19.65446324363314545 ) ;
#5890 = CARTESIAN_POINT ( 'NONE',  ( 34.48061228278506718, 20.11813772300484970, 26.50000000000000000 ) ) ;
#5891 = CARTESIAN_POINT ( 'NONE',  ( -12.00000000000000355, -6.999999999999999112, -14.00000000000000000 ) ) ;
#5892 = VERTEX_POINT ( 'NONE', #8915 ) ;
#5893 = CARTESIAN_POINT ( 'NONE',  ( 41.99999999999999289, 22.03209181533656391, 25.00000000000000000 ) ) ;
#5894 = EDGE_CURVE ( 'NONE', #3276, #956, #8361, .T. ) ;
#5895 = CARTESIAN_POINT ( 'NONE',  ( -16.30061445985102253, -0.5524346849159960104, -13.32830836919016626 ) ) ;
#5896 = CYLINDRICAL_SURFACE ( 'NONE', #5953, 1.000000000000000000 ) ;
#5897 = CARTESIAN_POINT ( 'NONE',  ( 45.00000000000001421, 4.171999999999999709, 0.0000000000000000000 ) ) ;
#5898 = CARTESIAN_POINT ( 'NONE',  ( -11.31370849898476294, -34.64852419240283865, 14.00000000000000000 ) ) ;
#5899 = ORIENTED_EDGE ( 'NONE', *, *, #6520, .F. ) ;
#5900 = AXIS2_PLACEMENT_3D ( 'NONE', #2680, #6001, #4304 ) ;
#5901 = AXIS2_PLACEMENT_3D ( 'NONE', #10312, #981, #5336 ) ;
#5902 = CARTESIAN_POINT ( 'NONE',  ( 0.4465819873852001076, 2.886751345948122438, -5.000000000000000000 ) ) ;
#5903 = LINE ( 'NONE', #10387, #4598 ) ;
#5904 = LINE ( 'NONE', #684, #8744 ) ;
#5905 = FACE_OUTER_BOUND ( 'NONE', #7920, .T. ) ;
#5906 = DIRECTION ( 'NONE',  ( 0.0000000000000000000, 0.0000000000000000000, -1.000000000000000000 ) ) ;
#5907 = DIRECTION ( 'NONE',  ( 0.0000000000000000000, 0.5000000000000018874, 0.8660254037844375974 ) ) ;
#5908 =( NAMED_UNIT ( * ) SI_UNIT ( $, .STERADIAN. ) SOLID_ANGLE_UNIT ( ) );
#5909 =( LENGTH_UNIT ( ) NAMED_UNIT ( * ) SI_UNIT ( .MILLI., .METRE. ) );
#5910 = DIRECTION ( 'NONE',  ( -1.347358039593636966E-16, 0.0000000000000000000, -1.000000000000000000 ) ) ;
#5911 = CARTESIAN_POINT ( 'NONE',  ( 0.0000000000000000000, -2.316617955123370987, 4.012500000000000178 ) ) ;
#5912 = ITEM_DEFINED_TRANSFORMATION ( 'NONE', 'NONE', #8019,  #8615 ) ;
#5913 = CARTESIAN_POINT ( 'NONE',  ( -5.000000000000000000, 0.0000000000000000000, -6.099999999999999645 ) ) ;
#5914 = DIRECTION ( 'NONE',  ( 1.000000000000000000, 0.0000000000000000000, 0.0000000000000000000 ) ) ;
#5915 = CIRCLE ( 'NONE', #10024, 13.00000000000000000 ) ;
#5916 = CARTESIAN_POINT ( 'NONE',  ( -14.96662954709575999, -35.00000000000000000, -16.00000000000000000 ) ) ;
#5917 = AXIS2_PLACEMENT_3D ( 'NONE', #916, #3621, #6298 ) ;
#5918 = CARTESIAN_POINT ( 'NONE',  ( -49.32428295434048238, -6.327103434332690846, -16.00000000000000000 ) ) ;
#5919 = DIRECTION ( 'NONE',  ( -0.3660362354902209070, -0.9306005987039485117, 0.0000000000000000000 ) ) ;
#5920 = FACE_OUTER_BOUND ( 'NONE', #793, .T. ) ;
#5921 = VERTEX_POINT ( 'NONE', #6396 ) ;
#5922 = CONICAL_SURFACE ( 'NONE', #10635, 17.00000000000000000, 0.4406694632097086228 ) ;
#5923 = CARTESIAN_POINT ( 'NONE',  ( 41.99999999999999289, 22.03209181533656391, 3.000000000000000000 ) ) ;
#5924 = CARTESIAN_POINT ( 'NONE',  ( -1.653121499799250049, 4.819072548984005167, -6.048595712916172040 ) ) ;
#5925 = EDGE_LOOP ( 'NONE', ( #7507, #8961 ) ) ;
#5926 = ADVANCED_FACE ( 'NONE', ( #6688 ), #3061, .F. ) ;
#5927 = CARTESIAN_POINT ( 'NONE',  ( -15.90291963157681998, -0.7858436355060720580, -13.74450146000889461 ) ) ;
#5928 = TOROIDAL_SURFACE ( 'NONE', #4883, 7.000000000000000000, 1.000000000000000000 ) ;
#5929 = ORIENTED_EDGE ( 'NONE', *, *, #5341, .F. ) ;
#5930 = CARTESIAN_POINT ( 'NONE',  ( 3.708000751093671443, 22.09803150779407233, 2.755097551169057191 ) ) ;
#5931 = CARTESIAN_POINT ( 'NONE',  ( 6.240288046239612640, 2.451911830291827243, 21.97505122568147939 ) ) ;
#5932 = SURFACE_STYLE_FILL_AREA ( #1921 ) ;
#5933 = ORIENTED_EDGE ( 'NONE', *, *, #8323, .F. ) ;
#5934 = EDGE_CURVE ( 'NONE', #9742, #6610, #4740, .T. ) ;
#5935 = ORIENTED_EDGE ( 'NONE', *, *, #2571, .F. ) ;
#5936 = CIRCLE ( 'NONE', #8436, 2.500000000000000000 ) ;
#5937 = ORIENTED_EDGE ( 'NONE', *, *, #8497, .F. ) ;
#5938 = EDGE_LOOP ( 'NONE', ( #3880, #2699 ) ) ;
#5939 = CARTESIAN_POINT ( 'NONE',  ( -3.351853367131009342, 3.838309248099014415, 3.949579802606956338E-15 ) ) ;
#5940 = CARTESIAN_POINT ( 'NONE',  ( 4.999999999999999112, 0.4881033300985047063, 4.345279019414559753E-16 ) ) ;
#5941 = CARTESIAN_POINT ( 'NONE',  ( -48.18131810714682217, -7.444355242628752478, 16.50000000000000000 ) ) ;
#5942 = ORIENTED_EDGE ( 'NONE', *, *, #10705, .F. ) ;
#5943 = CARTESIAN_POINT ( 'NONE',  ( -22.67085740390724524, -8.673617379884035472E-15, -8.337710756161158088 ) ) ;
#5944 = DIRECTION ( 'NONE',  ( -1.000000000000000000, 0.0000000000000000000, 0.0000000000000000000 ) ) ;
#5945 = DIRECTION ( 'NONE',  ( -1.000000000000000000, 0.0000000000000000000, 0.0000000000000000000 ) ) ;
#5946 = SHAPE_REPRESENTATION_RELATIONSHIP ( 'NONE' , 'NONE' ,  #2894, #9891 ) ;
#5947 = ORIENTED_EDGE ( 'NONE', *, *, #3883, .F. ) ;
#5948 = ORIENTED_EDGE ( 'NONE', *, *, #5620, .F. ) ;
#5949 = ORIENTED_EDGE ( 'NONE', *, *, #7796, .T. ) ;
#5950 = DIRECTION ( 'NONE',  ( -0.0000000000000000000, 0.0000000000000000000, -1.000000000000000000 ) ) ;
#5951 = CARTESIAN_POINT ( 'NONE',  ( 45.00000000000001421, 0.0000000000000000000, 4.171999999999999709 ) ) ;
#5952 = EDGE_CURVE ( 'NONE', #3735, #1054, #2290, .T. ) ;
#5953 = AXIS2_PLACEMENT_3D ( 'NONE', #4679, #9667, #9625 ) ;
#5954 = CARTESIAN_POINT ( 'NONE',  ( -18.06039371099786095, -25.00000000000000000, -13.99999999999999822 ) ) ;
#5955 = ORIENTED_EDGE ( 'NONE', *, *, #7370, .T. ) ;
#5956 =( BOUNDED_CURVE ( )  B_SPLINE_CURVE ( 3, ( #2645, #8460, #312, #3574 ),
 .UNSPECIFIED., .F., .F. ) 
 B_SPLINE_CURVE_WITH_KNOTS ( ( 4, 4 ),
 ( 1.312556177318608963, 1.570796326794895892 ),
 .UNSPECIFIED. ) 
 CURVE ( )  GEOMETRIC_REPRESENTATION_ITEM ( )  RATIONAL_B_SPLINE_CURVE ( ( 1.000000000000000000, 0.9944503854596196124, 0.9944503854596196124, 1.000000000000000000 ) ) 
 REPRESENTATION_ITEM ( '' )  );
#5957 = DIRECTION ( 'NONE',  ( 1.000000000000000000, 0.0000000000000000000, 0.0000000000000000000 ) ) ;
#5958 = CARTESIAN_POINT ( 'NONE',  ( -46.20075989647837389, -6.548080878539098038, -16.50000000000000000 ) ) ;
#5959 = LINE ( 'NONE', #4696, #5448 ) ;
#5960 = CARTESIAN_POINT ( 'NONE',  ( -51.36469485808101609, -8.871312976137334161, 16.00000000000000000 ) ) ;
#5961 = CARTESIAN_POINT ( 'NONE',  ( 2.959716367706852314, 21.13483465857348165, 1.877548775584531482 ) ) ;
#5962 = EDGE_LOOP ( 'NONE', ( #2064, #7852, #167, #5197, #7548, #5408, #9210, #10091, #4667, #1692 ) ) ;
#5963 = ORIENTED_EDGE ( 'NONE', *, *, #6541, .F. ) ;
#5964 = EDGE_CURVE ( 'NONE', #7124, #3364, #8105, .T. ) ;
#5965 = FACE_OUTER_BOUND ( 'NONE', #8570, .T. ) ;
#5966 = VERTEX_POINT ( 'NONE', #9740 ) ;
#5967 = CARTESIAN_POINT ( 'NONE',  ( 6.651350249290356231, 20.72999999999998977, 0.0000000000000000000 ) ) ;
#5968 = CARTESIAN_POINT ( 'NONE',  ( 0.0000000000000000000, 1.853294213043345184, 0.0000000000000000000 ) ) ;
#5969 = VERTEX_POINT ( 'NONE', #6275 ) ;
#5970 = AXIS2_PLACEMENT_3D ( 'NONE', #5852, #8548, #4422 ) ;
#5971 = EDGE_LOOP ( 'NONE', ( #3749, #7312, #9355, #5303 ) ) ;
#5972 = AXIS2_PLACEMENT_3D ( 'NONE', #4215, #2412, #4906 ) ;
#5973 = CARTESIAN_POINT ( 'NONE',  ( -10.91609016076913363, 0.001354473749106142487, -16.76212975315341325 ) ) ;
#5974 = DIRECTION ( 'NONE',  ( -1.000000000000000000, 0.0000000000000000000, 0.0000000000000000000 ) ) ;
#5975 = CARTESIAN_POINT ( 'NONE',  ( 6.240288046239612640, 0.0000000000000000000, 21.97505122568147939 ) ) ;
#5976 = PRODUCT_DEFINITION_SHAPE ( 'NONE', 'NONE',  #10743 ) ;
#5977 =( REPRESENTATION_RELATIONSHIP ('NONE','NONE', #3297, #7193 ) REPRESENTATION_RELATIONSHIP_WITH_TRANSFORMATION ( #5540 )SHAPE_REPRESENTATION_RELATIONSHIP( ) );
#5978 = FACE_OUTER_BOUND ( 'NONE', #2258, .T. ) ;
#5979 = VERTEX_POINT ( 'NONE', #10569 ) ;
#5980 = CARTESIAN_POINT ( 'NONE',  ( 6.395970796528011704, 21.73000000000000043, 26.86046220127888517 ) ) ;
#5981 = ORIENTED_EDGE ( 'NONE', *, *, #7605, .T. ) ;
#5982 = EDGE_CURVE ( 'NONE', #5029, #6231, #4224, .T. ) ;
#5983 = CARTESIAN_POINT ( 'NONE',  ( -5.000000000000000000, 2.886751345948122882, -0.4465819873852037158 ) ) ;
#5984 = VERTEX_POINT ( 'NONE', #7928 ) ;
#5985 = CARTESIAN_POINT ( 'NONE',  ( -43.84160065784951144, -5.431517531463125437, 16.00000000000000000 ) ) ;
#5986 = CARTESIAN_POINT ( 'NONE',  ( -18.25235012305800097, -27.00000000000000355, 13.99999999999999822 ) ) ;
#5987 = AXIS2_PLACEMENT_3D ( 'NONE', #1326, #2988, #5573 ) ;
#5988 = DIRECTION ( 'NONE',  ( 0.0000000000000000000, 0.0000000000000000000, 1.000000000000000000 ) ) ;
#5989 = ADVANCED_FACE ( 'NONE', ( #7332 ), #598, .T. ) ;
#5990 = DIRECTION ( 'NONE',  ( 0.0000000000000000000, 0.8660254037844380415, -0.5000000000000011102 ) ) ;
#5991 = EDGE_LOOP ( 'NONE', ( #9979, #4930 ) ) ;
#5992 = ORIENTED_EDGE ( 'NONE', *, *, #7815, .T. ) ;
#5993 = CARTESIAN_POINT ( 'NONE',  ( 5.000000000000000000, -2.316617955123370987, 4.012500000000000178 ) ) ;
#5994 = EDGE_CURVE ( 'NONE', #6482, #3138, #1765, .T. ) ;
#5995 = VECTOR ( 'NONE', #2343, 1000.000000000000000 ) ;
#5996 = DIRECTION ( 'NONE',  ( 0.0000000000000000000, 0.0000000000000000000, -1.000000000000000000 ) ) ;
#5997 = CARTESIAN_POINT ( 'NONE',  ( -46.30940107675852602, -10.00000000000000178, -17.00000000000000000 ) ) ;
#5998 = CARTESIAN_POINT ( 'NONE',  ( -46.30940107675852602, -10.00000000000000178, 17.00000000000000000 ) ) ;
#5999 = DIRECTION ( 'NONE',  ( 0.0000000000000000000, 0.0000000000000000000, -1.000000000000000000 ) ) ;
#6000 = PRODUCT_DEFINITION_FORMATION_WITH_SPECIFIED_SOURCE ( 'ANY', '', #200, .NOT_KNOWN. ) ;
#6001 = DIRECTION ( 'NONE',  ( -0.0000000000000000000, -0.0000000000000000000, 1.000000000000000000 ) ) ;
#6002 = VERTEX_POINT ( 'NONE', #10608 ) ;
#6003 = DIRECTION ( 'NONE',  ( 0.0000000000000000000, 0.0000000000000000000, -1.000000000000000000 ) ) ;
#6004 = EDGE_CURVE ( 'NONE', #9587, #639, #7586, .T. ) ;
#6005 = AXIS2_PLACEMENT_3D ( 'NONE', #6860, #9295, #191 ) ;
#6006 = CARTESIAN_POINT ( 'NONE',  ( -16.37057099170756302, -3.334696148211894862, -15.71452690890857262 ) ) ;
#6007 = CIRCLE ( 'NONE', #4244, 1.000000000000000000 ) ;
#6008 = DIRECTION ( 'NONE',  ( 0.0000000000000000000, 0.0000000000000000000, -1.000000000000000000 ) ) ;
#6009 = CARTESIAN_POINT ( 'NONE',  ( 5.000000000000002665, -2.886751345948133540, -0.4465819873852080457 ) ) ;
#6010 = LINE ( 'NONE', #9360, #182 ) ;
#6011 = CARTESIAN_POINT ( 'NONE',  ( 2.480228988863469652, 21.45055613879291556, 25.99999999999999645 ) ) ;
#6012 = ORIENTED_EDGE ( 'NONE', *, *, #9130, .T. ) ;
#6013 = CARTESIAN_POINT ( 'NONE',  ( -16.38139885459535705, -3.324411001526768494, 15.71088118171064174 ) ) ;
#6014 = EDGE_CURVE ( 'NONE', #5644, #1426, #9282, .T. ) ;
#6015 = UNCERTAINTY_MEASURE_WITH_UNIT (LENGTH_MEASURE( 1.000000000000000082E-05 ), #7183, 'distance_accuracy_value', 'NONE');
#6016 = CARTESIAN_POINT ( 'NONE',  ( 0.0000000000000000000, -2.818925648462311528E-15, 0.0000000000000000000 ) ) ;
#6017 = CIRCLE ( 'NONE', #2776, 0.2500000000000002220 ) ;
#6018 = SURFACE_SIDE_STYLE ('',( #5932 ) ) ;
#6019 = ORIENTED_EDGE ( 'NONE', *, *, #3199, .T. ) ;
#6020 = PRESENTATION_STYLE_ASSIGNMENT (( #7160 ) ) ;
#6021 = DIRECTION ( 'NONE',  ( -1.000000000000000000, -1.387778780781445922E-16, 1.347358039593636966E-16 ) ) ;
#6022 = ORIENTED_EDGE ( 'NONE', *, *, #8591, .T. ) ;
#6023 = CARTESIAN_POINT ( 'NONE',  ( -13.22265940228772685, -35.00000000000001421, 16.12675443453228397 ) ) ;
#6024 = CARTESIAN_POINT ( 'NONE',  ( -21.93025613769560067, 0.0000000000000000000, -10.15719110798570668 ) ) ;
#6025 = PLANE ( 'NONE',  #3340 ) ;
#6026 = DIRECTION ( 'NONE',  ( -0.9306005987039488447, 0.3660362354902201854, 0.0000000000000000000 ) ) ;
#6027 = DIRECTION ( 'NONE',  ( -0.0000000000000000000, -0.0000000000000000000, -1.000000000000000000 ) ) ;
#6028 = B_SPLINE_CURVE_WITH_KNOTS ( 'NONE', 3,
 ( #2829, #6931, #4544, #7043, #10357, #420 ),
 .UNSPECIFIED., .F., .F.,
 ( 4, 2, 4 ),
 ( 0.0000000000000000000, 0.5000000000000000000, 1.000000000000000000 ),
 .UNSPECIFIED. ) ;
#6029 = FACE_OUTER_BOUND ( 'NONE', #2361, .T. ) ;
#6030 = EDGE_CURVE ( 'NONE', #9122, #2650, #2430, .T. ) ;
#6031 = EDGE_CURVE ( 'NONE', #9153, #234, #7708, .T. ) ;
#6032 = FACE_OUTER_BOUND ( 'NONE', #4965, .T. ) ;
#6034 = CIRCLE ( 'NONE', #4207, 11.00000000000000000 ) ;
#6033 = STYLED_ITEM ( 'NONE', ( #10568 ), #7087 ) ;
#6035 = VECTOR ( 'NONE', #4202, 1000.000000000000000 ) ;
#6036 = VERTEX_POINT ( 'NONE', #4096 ) ;
#6037 = DIRECTION ( 'NONE',  ( -0.0000000000000000000, -0.0000000000000000000, -1.000000000000000000 ) ) ;
#6038 = DIRECTION ( 'NONE',  ( -0.7071067811865456854, 8.659560562354955045E-17, -0.7071067811865493491 ) ) ;
#6039 = ADVANCED_FACE ( 'NONE', ( #6155 ), #5382, .T. ) ;
#6040 = CARTESIAN_POINT ( 'NONE',  ( -17.84149457385738202, -2.249136208835139872, -15.18323273528425865 ) ) ;
#6041 = LINE ( 'NONE', #8665, #6303 ) ;
#6042 = CARTESIAN_POINT ( 'NONE',  ( 18.97613226645720985, 1.000000000000000000, 1.500000000000000000 ) ) ;
#6043 = DIRECTION ( 'NONE',  ( 0.0000000000000000000, 1.000000000000000000, 0.0000000000000000000 ) ) ;
#6044 = CIRCLE ( 'NONE', #2304, 4.012500000000000178 ) ;
#6045 = CIRCLE ( 'NONE', #2544, 2.499999999999998668 ) ;
#6046 = EDGE_CURVE ( 'NONE', #6999, #721, #2784, .T. ) ;
#6047 = VERTEX_POINT ( 'NONE', #7294 ) ;
#6048 = AXIS2_PLACEMENT_3D ( 'NONE', #1374, #6186, #5366 ) ;
#6049 = AXIS2_PLACEMENT_3D ( 'NONE', #2952, #3114, #8871 ) ;
#6050 =( NAMED_UNIT ( * ) PLANE_ANGLE_UNIT ( ) SI_UNIT ( $, .RADIAN. ) );
#6051 = SHAPE_DEFINITION_REPRESENTATION ( #6518, #10607 ) ;
#6052 = TOROIDAL_SURFACE ( 'NONE', #7049, 9.625000000000000000, 2.000000000000000000 ) ;
#6053 = DIRECTION ( 'NONE',  ( -0.8523612696002097477, 0.2378663886232282310, -0.4657250768950089159 ) ) ;
#6054 = FACE_OUTER_BOUND ( 'NONE', #4423, .T. ) ;
#6055 = SURFACE_SIDE_STYLE ('',( #10473 ) ) ;
#6056 = CARTESIAN_POINT ( 'NONE',  ( 14.20419899880919345, 0.0000000000000000000, -14.07979867761707560 ) ) ;
#6057 = ORIENTED_EDGE ( 'NONE', *, *, #8111, .T. ) ;
#6058 = DIRECTION ( 'NONE',  ( 1.000000000000000000, 0.0000000000000000000, 0.0000000000000000000 ) ) ;
#6059 = FACE_OUTER_BOUND ( 'NONE', #6611, .T. ) ;
#6060 = ORIENTED_EDGE ( 'NONE', *, *, #9365, .F. ) ;
#6061 = DIRECTION ( 'NONE',  ( 0.0000000000000000000, 0.0000000000000000000, 1.000000000000000000 ) ) ;
#6062 = ORIENTED_EDGE ( 'NONE', *, *, #2895, .T. ) ;
#6063 = PRESENTATION_LAYER_ASSIGNMENT (  '', '', ( #2335 ) ) ;
#6064 = VECTOR ( 'NONE', #7990, 1000.000000000000000 ) ;
#6065 = CARTESIAN_POINT ( 'NONE',  ( -18.89802029978965336, 1.458238441094877880, 1.502577555727463654 ) ) ;
#6066 = CARTESIAN_POINT ( 'NONE',  ( -16.33883393670939199, -3.354441437280419880, 15.72146104529708488 ) ) ;
#6067 = CARTESIAN_POINT ( 'NONE',  ( 0.0000000000000000000, 22.03209181533656746, 24.99999999999999289 ) ) ;
#6068 = ORIENTED_EDGE ( 'NONE', *, *, #2067, .F. ) ;
#6069 = AXIS2_PLACEMENT_3D ( 'NONE', #9744, #630, #2112 ) ;
#6070 = CARTESIAN_POINT ( 'NONE',  ( -14.96662954709576177, -5.000000000000000888, -16.00000000000000000 ) ) ;
#6071 = EDGE_LOOP ( 'NONE', ( #7387, #5278, #4061, #2196 ) ) ;
#6072 = ORIENTED_EDGE ( 'NONE', *, *, #8407, .F. ) ;
#6073 = CARTESIAN_POINT ( 'NONE',  ( 4.471631885624709035, 4.000000000000000000, -4.011717348652743986 ) ) ;
#6074 = ORIENTED_EDGE ( 'NONE', *, *, #9320, .F. ) ;
#6075 = VERTEX_POINT ( 'NONE', #739 ) ;
#6076 = CARTESIAN_POINT ( 'NONE',  ( -13.64160474730091721, -1.764692764522768798, -15.07082128282703160 ) ) ;
#6077 = CARTESIAN_POINT ( 'NONE',  ( -10.91175213059565685, 0.0000000000000000000, 16.76308921491894566 ) ) ;
#6078 = EDGE_CURVE ( 'NONE', #703, #1448, #9167, .T. ) ;
#6079 = ORIENTED_EDGE ( 'NONE', *, *, #3592, .T. ) ;
#6080 = AXIS2_PLACEMENT_3D ( 'NONE', #5389, #1214, #2210 ) ;
#6081 = LINE ( 'NONE', #2867, #6998 ) ;
#6082 = ORIENTED_EDGE ( 'NONE', *, *, #4574, .T. ) ;
#6083 = DIRECTION ( 'NONE',  ( -1.000000000000000000, 0.0000000000000000000, 0.0000000000000000000 ) ) ;
#6084 = EDGE_LOOP ( 'NONE', ( #6483, #2242, #4830, #9945 ) ) ;
#6085 = EDGE_LOOP ( 'NONE', ( #8837, #8168, #292 ) ) ;
#6086 = DIRECTION ( 'NONE',  ( 0.0000000000000000000, 0.0000000000000000000, -1.000000000000000000 ) ) ;
#6087 = DIRECTION ( 'NONE',  ( -0.0000000000000000000, -0.0000000000000000000, -1.000000000000000000 ) ) ;
#6088 =( NAMED_UNIT ( * ) PLANE_ANGLE_UNIT ( ) SI_UNIT ( $, .RADIAN. ) );
#6089 = DIRECTION ( 'NONE',  ( -1.000000000000000000, -0.0000000000000000000, -0.0000000000000000000 ) ) ;
#6090 = CARTESIAN_POINT ( 'NONE',  ( 0.0000000000000000000, 0.0000000000000000000, 0.0000000000000000000 ) ) ;
#6091 = EDGE_LOOP ( 'NONE', ( #5546, #4400, #1465 ) ) ;
#6092 =( BOUNDED_CURVE ( )  B_SPLINE_CURVE ( 3, ( #3985, #8565, #7865, #2565 ),
 .UNSPECIFIED., .F., .T. ) 
 B_SPLINE_CURVE_WITH_KNOTS ( ( 4, 4 ),
 ( 4.712388980384689674, 5.616300797163791714 ),
 .UNSPECIFIED. ) 
 CURVE ( )  GEOMETRIC_REPRESENTATION_ITEM ( )  RATIONAL_B_SPLINE_CURVE ( ( 1.000000000000000000, 0.9330630851954558880, 0.9330630851954558880, 1.000000000000000000 ) ) 
 REPRESENTATION_ITEM ( '' )  );
#6093 = DIRECTION ( 'NONE',  ( -0.0000000000000000000, -0.0000000000000000000, -1.000000000000000000 ) ) ;
#6094 = ADVANCED_FACE ( 'NONE', ( #730 ), #7823, .T. ) ;
#6095 = ORIENTED_EDGE ( 'NONE', *, *, #6520, .T. ) ;
#6096 = EDGE_CURVE ( 'NONE', #7673, #1150, #4083, .T. ) ;
#6097 = CARTESIAN_POINT ( 'NONE',  ( -28.86363071580634099, -33.48353000371893273, 13.99999999999999822 ) ) ;
#6098 = EDGE_CURVE ( 'NONE', #9735, #8390, #9810, .T. ) ;
#6099 = AXIS2_PLACEMENT_3D ( 'NONE', #6250, #4642, #2862 ) ;
#6100 = VECTOR ( 'NONE', #2800, 1000.000000000000114 ) ;
#6101 = CARTESIAN_POINT ( 'NONE',  ( -18.76709071672045681, 1.458295612564178612, -2.979973660152114068 ) ) ;
#6102 = CARTESIAN_POINT ( 'NONE',  ( -20.30996941777701892, 8.708265417380428408E-12, 6.615563121983152328 ) ) ;
#6103 = CARTESIAN_POINT ( 'NONE',  ( -16.37499282652646215, -3.332114231485859168, 15.71361410794588487 ) ) ;
#6104 = CARTESIAN_POINT ( 'NONE',  ( 0.0000000000000000000, 0.0000000000000000000, 7.500000000000000000 ) ) ;
#6105 = VERTEX_POINT ( 'NONE', #4891 ) ;
#6106 = DIRECTION ( 'NONE',  ( 0.0000000000000000000, 0.0000000000000000000, 1.000000000000000000 ) ) ;
#6107 = VECTOR ( 'NONE', #3561, 1000.000000000000000 ) ;
#6108 = CYLINDRICAL_SURFACE ( 'NONE', #2532, 17.50000000000000355 ) ;
#6109 = DIRECTION ( 'NONE',  ( 0.0000000000000000000, 0.0000000000000000000, -1.000000000000000000 ) ) ;
#6110 = EDGE_CURVE ( 'NONE', #8510, #8127, #5653, .T. ) ;
#6111 = ORIENTED_EDGE ( 'NONE', *, *, #3983, .F. ) ;
#6112 = CARTESIAN_POINT ( 'NONE',  ( -15.28324147520061160, -1.122204448474727556, -14.23275749322703909 ) ) ;
#6113 = DIRECTION ( 'NONE',  ( 0.0000000000000000000, 1.000000000000000000, -0.0000000000000000000 ) ) ;
#6114 = CARTESIAN_POINT ( 'NONE',  ( 25.44734990167305000, 10.69999999999999929, 28.00000000000000000 ) ) ;
#6115 = ORIENTED_EDGE ( 'NONE', *, *, #10040, .T. ) ;
#6116 = EDGE_LOOP ( 'NONE', ( #5430, #7260 ) ) ;
#6117 = EDGE_LOOP ( 'NONE', ( #3258, #1195, #6334, #8676 ) ) ;
#6118 = VECTOR ( 'NONE', #8017, 1000.000000000000000 ) ;
#6119 = DIRECTION ( 'NONE',  ( 0.0000000000000000000, 0.0000000000000000000, 1.000000000000000000 ) ) ;
#6120 = EDGE_CURVE ( 'NONE', #6744, #10609, #10046, .T. ) ;
#6121 = DIRECTION ( 'NONE',  ( -1.000000000000000000, 0.0000000000000000000, 1.347358039593636966E-16 ) ) ;
#6122 = FILL_AREA_STYLE_COLOUR ( '', #920 ) ;
#6123 = VERTEX_POINT ( 'NONE', #850 ) ;
#6124 =( LENGTH_UNIT ( ) NAMED_UNIT ( * ) SI_UNIT ( .MILLI., .METRE. ) );
#6125 = CARTESIAN_POINT ( 'NONE',  ( 9.000000000000000000, 0.0000000000000000000, 7.500000000000000000 ) ) ;
#6126 = MECHANICAL_DESIGN_GEOMETRIC_PRESENTATION_REPRESENTATION (  '', ( #6896 ), #7247 ) ;
#6127 = CARTESIAN_POINT ( 'NONE',  ( 0.0000000000000000000, 0.0000000000000000000, -11.50000000000000000 ) ) ;
#6128 = LINE ( 'NONE', #10688, #3942 ) ;
#6129 = DIRECTION ( 'NONE',  ( -0.0000000000000000000, -0.0000000000000000000, 1.000000000000000000 ) ) ;
#6130 = CARTESIAN_POINT ( 'NONE',  ( 3.500000000000000000, 5.000000000000000000, 0.0000000000000000000 ) ) ;
#6131 = CIRCLE ( 'NONE', #10060, 128.9616428521383114 ) ;
#6132 = EDGE_CURVE ( 'NONE', #661, #5966, #3444, .T. ) ;
#6133 = CARTESIAN_POINT ( 'NONE',  ( -14.83774065778562168, 1.200425091674264921, -12.41899415965956521 ) ) ;
#6134 = VERTEX_POINT ( 'NONE', #3443 ) ;
#6135 = CARTESIAN_POINT ( 'NONE',  ( -5.000000000000000000, 0.0000000000000000000, -6.099999999999999645 ) ) ;
#6136 = DIRECTION ( 'NONE',  ( -0.0000000000000000000, 1.000000000000000000, 0.0000000000000000000 ) ) ;
#6137 = DIRECTION ( 'NONE',  ( 1.000000000000000000, 0.0000000000000000000, -0.0000000000000000000 ) ) ;
#6138 = CIRCLE ( 'NONE', #6817, 1.000000000000000000 ) ;
#6139 =( GEOMETRIC_REPRESENTATION_CONTEXT ( 3 ) GLOBAL_UNCERTAINTY_ASSIGNED_CONTEXT ( ( #3107 ) ) GLOBAL_UNIT_ASSIGNED_CONTEXT ( ( #1225, #3737, #4565 ) ) REPRESENTATION_CONTEXT ( 'NONE', 'WORKASPACE' ) );
#6140 = FACE_OUTER_BOUND ( 'NONE', #10092, .T. ) ;
#6141 = CARTESIAN_POINT ( 'NONE',  ( 39.39491423046705876, 20.51452931210809894, 28.00000000000000000 ) ) ;
#6142 = PLANE ( 'NONE',  #266 ) ;
#6143 = PRODUCT_DEFINITION_CONTEXT ( 'detailed design', #1607, 'design' ) ;
#6144 = EDGE_CURVE ( 'NONE', #5969, #2751, #9693, .T. ) ;
#6145 = AXIS2_PLACEMENT_3D ( 'NONE', #9960, #4959, #4915 ) ;
#6146 = ADVANCED_FACE ( 'NONE', ( #76 ), #3702, .F. ) ;
#6147 = ORIENTED_EDGE ( 'NONE', *, *, #4132, .T. ) ;
#6148 = CARTESIAN_POINT ( 'NONE',  ( 0.0000000000000000000, 132.7585063021263352, -6.251106233125548250 ) ) ;
#6149 = CARTESIAN_POINT ( 'NONE',  ( -43.80940107675851891, -10.00000000000000178, -14.00000000000000178 ) ) ;
#6150 = CARTESIAN_POINT ( 'NONE',  ( 3.500000000000000000, 5.000000000000000000, 0.0000000000000000000 ) ) ;
#6151 = DIRECTION ( 'NONE',  ( -1.000000000000000000, -0.0000000000000000000, -0.0000000000000000000 ) ) ;
#6152 = CARTESIAN_POINT ( 'NONE',  ( -10.32773410653912727, -1.940789543667105210, 17.12739544110322853 ) ) ;
#6153 = CARTESIAN_POINT ( 'NONE',  ( 41.99999999999999289, -1.200000000000000030E-05, 25.00000000000000000 ) ) ;
#6154 = ADVANCED_FACE ( 'NONE', ( #971 ), #3186, .F. ) ;
#6155 = FACE_OUTER_BOUND ( 'NONE', #7941, .T. ) ;
#6156 = ORIENTED_EDGE ( 'NONE', *, *, #6686, .F. ) ;
#6157 = CARTESIAN_POINT ( 'NONE',  ( -21.25235012305799387, -27.00000000000000355, -12.00000000000000178 ) ) ;
#6158 = CARTESIAN_POINT ( 'NONE',  ( 0.0000000000000000000, 0.0000000000000000000, -6.074599999999999334 ) ) ;
#6159 = DIRECTION ( 'NONE',  ( 1.347358039593636966E-16, -0.0000000000000000000, -1.000000000000000000 ) ) ;
#6160 = CARTESIAN_POINT ( 'NONE',  ( 0.0000000000000000000, 0.0000000000000000000, 3.000000000000000444 ) ) ;
#6161 = DIRECTION ( 'NONE',  ( 0.0000000000000000000, 0.0000000000000000000, -1.000000000000000000 ) ) ;
#6162 = LINE ( 'NONE', #6429, #10052 ) ;
#6163 = EDGE_CURVE ( 'NONE', #7140, #1443, #6934, .T. ) ;
#6164 = CARTESIAN_POINT ( 'NONE',  ( 0.0000000000000000000, 7.999999999999998224, 0.0000000000000000000 ) ) ;
#6165 = VECTOR ( 'NONE', #6409, 1000.000000000000000 ) ;
#6166 = CARTESIAN_POINT ( 'NONE',  ( -17.20732963690122830, 1.458000951508546139, 7.973059028333456588 ) ) ;
#6167 = CARTESIAN_POINT ( 'NONE',  ( -16.87007700666916321, 1.458019496901078460, -8.632292526756939921 ) ) ;
#6168 = DIRECTION ( 'NONE',  ( -1.000000000000000000, 0.0000000000000000000, 0.0000000000000000000 ) ) ;
#6169 = CARTESIAN_POINT ( 'NONE',  ( -13.94163180620230591, -35.00000000000000000, 16.05266972343014586 ) ) ;
#6170 = DIRECTION ( 'NONE',  ( 0.0000000000000000000, -0.9861790539178934001, -0.1656830516788268814 ) ) ;
#6171 = AXIS2_PLACEMENT_3D ( 'NONE', #4792, #10547, #4062 ) ;
#6172 = AXIS2_PLACEMENT_3D ( 'NONE', #7733, #3620, #4586 ) ;
#6173 = LINE ( 'NONE', #4549, #5145 ) ;
#6174 = CONICAL_SURFACE ( 'NONE', #7516, 2.445500000000000007, 0.7853981633974541632 ) ;
#6175 = CARTESIAN_POINT ( 'NONE',  ( 2.836205516832970730, 22.38505103526629014, 3.000000000000004885 ) ) ;
#6176 = DIRECTION ( 'NONE',  ( 0.9306005987039487337, -0.3660362354902207405, 0.0000000000000000000 ) ) ;
#6177 = CARTESIAN_POINT ( 'NONE',  ( -33.87316485015981016, -16.19999999999999574, 15.99999999999999289 ) ) ;
#6178 = DIRECTION ( 'NONE',  ( -0.9703133690823770863, -0.2418511231729277289, -0.0000000000000000000 ) ) ;
#6179 = DIRECTION ( 'NONE',  ( -0.0000000000000000000, 0.0000000000000000000, -1.000000000000000000 ) ) ;
#6180 = EDGE_CURVE ( 'NONE', #6352, #4518, #4867, .T. ) ;
#6181 = FACE_OUTER_BOUND ( 'NONE', #2372, .T. ) ;
#6182 = ORIENTED_EDGE ( 'NONE', *, *, #6354, .F. ) ;
#6183 = VECTOR ( 'NONE', #7523, 1000.000000000000114 ) ;
#6184 = PRESENTATION_LAYER_ASSIGNMENT (  '', '', ( #5650 ) ) ;
#6185 = ORIENTED_EDGE ( 'NONE', *, *, #9616, .T. ) ;
#6186 = DIRECTION ( 'NONE',  ( -0.8775487755845255977, 1.412515627072307940E-16, -0.4794873788433851036 ) ) ;
#6187 = CARTESIAN_POINT ( 'NONE',  ( 10.00000000000000178, 0.0000000000000000000, 8.000000000000000000 ) ) ;
#6188 = SURFACE_STYLE_FILL_AREA ( #9657 ) ;
#6189 = ORIENTED_EDGE ( 'NONE', *, *, #10126, .F. ) ;
#6190 = CARTESIAN_POINT ( 'NONE',  ( 8.610318235031920509, 20.11813772300484615, 28.00000000000000000 ) ) ;
#6191 =( NAMED_UNIT ( * ) SI_UNIT ( $, .STERADIAN. ) SOLID_ANGLE_UNIT ( ) );
#6192 = CARTESIAN_POINT ( 'NONE',  ( 0.0000000000000000000, 3.863658164952030294, 0.0000000000000000000 ) ) ;
#6193 = CARTESIAN_POINT ( 'NONE',  ( -34.73276975035764025, -3.999999999999998224, 15.89897948556635221 ) ) ;
#6194 = VERTEX_POINT ( 'NONE', #455 ) ;
#6195 = ORIENTED_EDGE ( 'NONE', *, *, #1370, .F. ) ;
#6197 = EDGE_CURVE ( 'NONE', #253, #5462, #327, .T. ) ;
#6196 = CARTESIAN_POINT ( 'NONE',  ( 1.000000000000000000, -1.200000000000000030E-05, 2.000000000000005329 ) ) ;
#6198 = CIRCLE ( 'NONE', #6911, 9.999999999999998224 ) ;
#6199 = ADVANCED_FACE ( 'NONE', ( #1222 ), #9541, .F. ) ;
#6200 = CARTESIAN_POINT ( 'NONE',  ( -43.39809257190685798, -13.75323630878451908, 16.00000000000000000 ) ) ;
#6201 = ORIENTED_EDGE ( 'NONE', *, *, #2476, .F. ) ;
#6202 = EDGE_LOOP ( 'NONE', ( #1265, #7587, #2841, #6382, #942 ) ) ;
#6203 = CARTESIAN_POINT ( 'NONE',  ( 44.00000000000000000, 0.0000000000000000000, 0.0000000000000000000 ) ) ;
#6204 = VERTEX_POINT ( 'NONE', #6149 ) ;
#6205 = STYLED_ITEM ( 'NONE', ( #9465 ), #7296 ) ;
#6206 = CARTESIAN_POINT ( 'NONE',  ( -11.47134784953219189, 0.1760698115853183421, 16.37279482464651892 ) ) ;
#6207 = CARTESIAN_POINT ( 'NONE',  ( 6.317643099262443940, 20.11813772300487102, 27.94615158103506758 ) ) ;
#6208 = CARTESIAN_POINT ( 'NONE',  ( 39.39503368490590418, 20.51456227935712917, 7.623296525288699970E-18 ) ) ;
#6209 = VERTEX_POINT ( 'NONE', #8741 ) ;
#6210 = AXIS2_PLACEMENT_3D ( 'NONE', #5407, #1115, #6922 ) ;
#6211 = PLANE ( 'NONE',  #10026 ) ;
#6212 = ORIENTED_EDGE ( 'NONE', *, *, #1856, .F. ) ;
#6213 = VERTEX_POINT ( 'NONE', #10405 ) ;
#6214 = CARTESIAN_POINT ( 'NONE',  ( 2.987199024692944960, 22.32753317735526721, 3.000000000000005773 ) ) ;
#6215 = DIRECTION ( 'NONE',  ( 0.0000000000000000000, 0.0000000000000000000, -1.000000000000000000 ) ) ;
#6216 = DIRECTION ( 'NONE',  ( 0.0000000000000000000, 0.0000000000000000000, -1.000000000000000000 ) ) ;
#6217 = EDGE_LOOP ( 'NONE', ( #7930, #1532, #4057, #5732, #762, #8912 ) ) ;
#6218 = FACE_OUTER_BOUND ( 'NONE', #7635, .T. ) ;
#6219 = CARTESIAN_POINT ( 'NONE',  ( 4.000000000000000000, 5.773502691896261751, -2.749426538070115714E-16 ) ) ;
#6220 = ORIENTED_EDGE ( 'NONE', *, *, #337, .T. ) ;
#6221 = CARTESIAN_POINT ( 'NONE',  ( 0.0000000000000000000, 0.0000000000000000000, -0.3851141460153376106 ) ) ;
#6222 = PLANE ( 'NONE',  #8395 ) ;
#6223 = FILL_AREA_STYLE_COLOUR ( '', #10276 ) ;
#6224 = B_SPLINE_CURVE_WITH_KNOTS ( 'NONE', 3,
 ( #9063, #6639, #1623, #1589 ),
 .UNSPECIFIED., .F., .F.,
 ( 4, 4 ),
 ( 2.380735200832567187E-07, 0.002921158011986727671 ),
 .UNSPECIFIED. ) ;
#6225 = FACE_OUTER_BOUND ( 'NONE', #3348, .T. ) ;
#6226 = ORIENTED_EDGE ( 'NONE', *, *, #7712, .F. ) ;
#6227 = EDGE_CURVE ( 'NONE', #8857, #5377, #7975, .T. ) ;
#6228 = ORIENTED_EDGE ( 'NONE', *, *, #9438, .F. ) ;
#6229 = DIRECTION ( 'NONE',  ( -0.5000000000000034417, 0.0000000000000000000, 0.8660254037844367092 ) ) ;
#6230 = FACE_OUTER_BOUND ( 'NONE', #1491, .T. ) ;
#6231 = VERTEX_POINT ( 'NONE', #10295 ) ;
#6232 = LINE ( 'NONE', #4529, #10350 ) ;
#6233 = CARTESIAN_POINT ( 'NONE',  ( -4.076447912042469923, 3.999999999999999112, -4.448290446844256785 ) ) ;
#6234 = CIRCLE ( 'NONE', #10697, 3.000000000000000444 ) ;
#6235 = CARTESIAN_POINT ( 'NONE',  ( -21.25235012305799387, -27.00000000000000711, 16.00000000000000000 ) ) ;
#6236 = CARTESIAN_POINT ( 'NONE',  ( 41.99999999999999289, 22.03209181533656036, 26.00000000000000355 ) ) ;
#6237 = CARTESIAN_POINT ( 'NONE',  ( -31.85539314686679901, -2.744385972137579621, 15.47682567031232104 ) ) ;
#6238 = CARTESIAN_POINT ( 'NONE',  ( 0.0000000000000000000, 0.0000000000000000000, 28.00000000000000000 ) ) ;
#6239 = CARTESIAN_POINT ( 'NONE',  ( 4.076448046176685658, 3.999999999999999112, 4.448290322392917773 ) ) ;
#6240 = DIRECTION ( 'NONE',  ( 0.0000000000000000000, 0.0000000000000000000, -1.000000000000000000 ) ) ;
#6241 = DIRECTION ( 'NONE',  ( -1.000000000000000000, -8.673617379884038430E-16, 0.0000000000000000000 ) ) ;
#6242 = EDGE_LOOP ( 'NONE', ( #1683, #9241, #10712, #7007 ) ) ;
#6243 = CARTESIAN_POINT ( 'NONE',  ( 39.02254043520126459, 22.02686630917623134, 27.00000000000000000 ) ) ;
#6244 = EDGE_CURVE ( 'NONE', #7879, #5524, #8872, .T. ) ;
#6245 = CARTESIAN_POINT ( 'NONE',  ( 4.000000000000000000, 5.773502691896261751, 0.0000000000000000000 ) ) ;
#6246 = EDGE_CURVE ( 'NONE', #869, #370, #3841, .T. ) ;
#6247 = EDGE_LOOP ( 'NONE', ( #7096, #9605, #9787, #7220 ) ) ;
#6248 = AXIS2_PLACEMENT_3D ( 'NONE', #9000, #10610, #8116 ) ;
#6249 = FACE_OUTER_BOUND ( 'NONE', #2057, .T. ) ;
#6250 = CARTESIAN_POINT ( 'NONE',  ( 0.0000000000000000000, 0.0000000000000000000, 0.0000000000000000000 ) ) ;
#6251 = CARTESIAN_POINT ( 'NONE',  ( -12.04100960200970150, 0.3558050240948386622, 15.91256843445716740 ) ) ;
#6252 = CARTESIAN_POINT ( 'NONE',  ( 2.816687638038912352E-15, -2.818925648462311528E-15, 23.00000000000000000 ) ) ;
#6253 = CARTESIAN_POINT ( 'NONE',  ( 39.26439155837419293, 20.47850743234435811, 0.0000000000000000000 ) ) ;
#6254 = B_SPLINE_CURVE_WITH_KNOTS ( 'NONE', 3,
 ( #1789, #1886, #8506, #10173 ),
 .UNSPECIFIED., .F., .F.,
 ( 4, 4 ),
 ( 1.734723475976807094E-18, 0.003676267853854016127 ),
 .UNSPECIFIED. ) ;
#6255 = ORIENTED_EDGE ( 'NONE', *, *, #9019, .F. ) ;
#6256 = EDGE_CURVE ( 'NONE', #8405, #8222, #2548, .T. ) ;
#6257 = CARTESIAN_POINT ( 'NONE',  ( -48.23596915733135404, -5.651799744478239518, -16.00000000000000000 ) ) ;
#6258 = CARTESIAN_POINT ( 'NONE',  ( -30.00000000000000355, -1.000000000000000888, -13.99999999999999822 ) ) ;
#6259 = ORIENTED_EDGE ( 'NONE', *, *, #8761, .F. ) ;
#6260 = ADVANCED_FACE ( 'NONE', ( #9942 ), #1250, .F. ) ;
#6261 = AXIS2_PLACEMENT_3D ( 'NONE', #1106, #2023, #1989 ) ;
#6262 = CARTESIAN_POINT ( 'NONE',  ( 5.916483417684625934, 20.73000000000000043, 0.2619890231365895050 ) ) ;
#6263 = DIRECTION ( 'NONE',  ( 1.000000000000000000, 0.0000000000000000000, 0.0000000000000000000 ) ) ;
#6264 = AXIS2_PLACEMENT_3D ( 'NONE', #1073, #6043, #2653 ) ;
#6265 = CARTESIAN_POINT ( 'NONE',  ( 0.0000000000000000000, -0.9956277796461907581, 17.00000000000000000 ) ) ;
#6266 = CARTESIAN_POINT ( 'NONE',  ( 0.0000000000000000000, 0.0000000000000000000, -7.500000000000000000 ) ) ;
#6267 = DIRECTION ( 'NONE',  ( -0.0000000000000000000, -1.000000000000000000, -0.0000000000000000000 ) ) ;
#6268 = ORIENTED_EDGE ( 'NONE', *, *, #8267, .F. ) ;
#6269 = DIRECTION ( 'NONE',  ( 0.0000000000000000000, 0.0000000000000000000, 1.000000000000000000 ) ) ;
#6270 =( LENGTH_UNIT ( ) NAMED_UNIT ( * ) SI_UNIT ( .MILLI., .METRE. ) );
#6271 = CARTESIAN_POINT ( 'NONE',  ( -25.69999999999999929, 1.500000000000000000, -8.000000000000000000 ) ) ;
#6272 = CIRCLE ( 'NONE', #3288, 9.999999999999998224 ) ;
#6273 = CIRCLE ( 'NONE', #9523, 0.9999999999999983347 ) ;
#6274 = DIRECTION ( 'NONE',  ( 1.000000000000000000, 0.0000000000000000000, 0.0000000000000000000 ) ) ;
#6275 = CARTESIAN_POINT ( 'NONE',  ( 1.000000000000001776, 22.03209181533657102, 25.99999999999999645 ) ) ;
#6276 = CARTESIAN_POINT ( 'NONE',  ( 3.372500267112783057, 4.000000000000000000, -4.962483445647372982 ) ) ;
#6277 = CARTESIAN_POINT ( 'NONE',  ( -30.76154320365200334, -1.319031520884042852, 14.39332962427138263 ) ) ;
#6278 = AXIS2_PLACEMENT_3D ( 'NONE', #4001, #9814, #2457 ) ;
#6279 = CARTESIAN_POINT ( 'NONE',  ( -22.97354511799904841, 0.0003146160427120319749, 7.169966886673595496 ) ) ;
#6280 = ORIENTED_EDGE ( 'NONE', *, *, #7356, .F. ) ;
#6281 = CARTESIAN_POINT ( 'NONE',  ( -49.79534160293839307, -6.765017332855562060, 15.99999999999987566 ) ) ;
#6282 = VECTOR ( 'NONE', #3469, 1000.000000000000000 ) ;
#6283 = CARTESIAN_POINT ( 'NONE',  ( -16.36682670153011543, -3.333333333333333037, -15.71404520791031700 ) ) ;
#6284 = CARTESIAN_POINT ( 'NONE',  ( -14.51654688333726817, 1.110623091147272312, 12.91286633415779228 ) ) ;
#6285 = CARTESIAN_POINT ( 'NONE',  ( 41.99999999999999289, -1.200000000000000030E-05, 26.00000000000000355 ) ) ;
#6286 = CARTESIAN_POINT ( 'NONE',  ( 40.23636972433111936, 20.80099350097988520, 0.7302774754309400151 ) ) ;
#6287 = DIRECTION ( 'NONE',  ( 0.0000000000000000000, 0.0000000000000000000, 1.000000000000000000 ) ) ;
#6288 = CONICAL_SURFACE ( 'NONE', #557, 4.171999999999999709, 0.7853981633974509435 ) ;
#6289 = VECTOR ( 'NONE', #2427, 1000.000000000000000 ) ;
#6290 = ORIENTED_EDGE ( 'NONE', *, *, #8111, .F. ) ;
#6291 = CARTESIAN_POINT ( 'NONE',  ( -45.43751802133127882, -8.513618771524454232, -17.00000000000000000 ) ) ;
#6292 = CARTESIAN_POINT ( 'NONE',  ( 0.3108895250726890769, -2.416698868089400598, -5.000000000000000888 ) ) ;
#6293 = EDGE_CURVE ( 'NONE', #5892, #9757, #316, .T. ) ;
#6294 = CARTESIAN_POINT ( 'NONE',  ( -9.977753031397178063, -5.000000000000002665, 17.33333333333333570 ) ) ;
#6295 = PLANE ( 'NONE',  #2031 ) ;
#6296 = FACE_OUTER_BOUND ( 'NONE', #3747, .T. ) ;
#6297 = CARTESIAN_POINT ( 'NONE',  ( 26.00299169246556019, 0.0000000000000000000, 28.00000000000000000 ) ) ;
#6298 = DIRECTION ( 'NONE',  ( 1.000000000000000000, 0.0000000000000000000, -0.0000000000000000000 ) ) ;
#6299 = B_SPLINE_CURVE_WITH_KNOTS ( 'NONE', 3,
 ( #4562, #435, #8540, #9430 ),
 .UNSPECIFIED., .F., .F.,
 ( 4, 4 ),
 ( 4.336808689942017255E-19, 0.0005922078088398097760 ),
 .UNSPECIFIED. ) ;
#6300 = CIRCLE ( 'NONE', #8853, 3.263979491393262933 ) ;
#6301 = CARTESIAN_POINT ( 'NONE',  ( -2.500000000000003997, -4.330127018922192761, 0.0000000000000000000 ) ) ;
#6302 = CARTESIAN_POINT ( 'NONE',  ( 3.351853367131010675, -3.838309248099024185, -1.683193144650256022E-15 ) ) ;
#6303 = VECTOR ( 'NONE', #2093, 1000.000000000000000 ) ;
#6304 = EDGE_CURVE ( 'NONE', #8712, #2351, #1447, .T. ) ;
#6305 = EDGE_CURVE ( 'NONE', #1726, #7140, #5523, .T. ) ;
#6306 = CARTESIAN_POINT ( 'NONE',  ( -19.59431334863947072, -0.3589879427082618979, 12.86609439617981820 ) ) ;
#6307 = CIRCLE ( 'NONE', #477, 16.36018239871366831 ) ;
#6308 = CIRCLE ( 'NONE', #2259, 11.00000000000000000 ) ;
#6309 = FILL_AREA_STYLE ('',( #5482 ) ) ;
#6310 = CARTESIAN_POINT ( 'NONE',  ( -6.823816964036582888, 4.000000000000000000, -0.6336311669650953604 ) ) ;
#6311 = DIRECTION ( 'NONE',  ( 0.0000000000000000000, 1.000000000000000000, 0.0000000000000000000 ) ) ;
#6312 = CARTESIAN_POINT ( 'NONE',  ( 6.651350249290356231, 20.72999999999999687, 27.00000000000000000 ) ) ;
#6313 = ADVANCED_FACE ( 'NONE', ( #1095 ), #7207, .F. ) ;
#6314 = CARTESIAN_POINT ( 'NONE',  ( 0.0000000000000000000, 0.0000000000000000000, -0.3501037691048523026 ) ) ;
#6315 = VECTOR ( 'NONE', #10125, 1000.000000000000114 ) ;
#6316 = EDGE_CURVE ( 'NONE', #1579, #3637, #4466, .T. ) ;
#6317 = DIRECTION ( 'NONE',  ( -1.000000000000000000, 0.0000000000000000000, 0.0000000000000000000 ) ) ;
#6318 = FACE_OUTER_BOUND ( 'NONE', #9859, .T. ) ;
#6319 = FACE_OUTER_BOUND ( 'NONE', #1322, .T. ) ;
#6320 = CARTESIAN_POINT ( 'NONE',  ( -30.00000000000000355, -2.000000000000000000, -9.000000000000001776 ) ) ;
#6321 = CARTESIAN_POINT ( 'NONE',  ( -11.81576206669698870, 0.2847347037965540228, 16.10405259093300501 ) ) ;
#6322 = CARTESIAN_POINT ( 'NONE',  ( 3.708000751093673664, 22.09803150779407588, 25.24490244883094547 ) ) ;
#6323 = DIRECTION ( 'NONE',  ( 0.0000000000000000000, -0.5000000000000018874, -0.8660254037844374864 ) ) ;
#6324 = AXIS2_PLACEMENT_3D ( 'NONE', #6579, #9840, #3167 ) ;
#6325 = AXIS2_PLACEMENT_3D ( 'NONE', #8179, #2323, #9023 ) ;
#6326 = CIRCLE ( 'NONE', #5437, 3.000000000000000000 ) ;
#6327 = VERTEX_POINT ( 'NONE', #7177 ) ;
#6328 = CARTESIAN_POINT ( 'NONE',  ( -46.30940107675852602, -10.00000000000000178, -17.00000000000000000 ) ) ;
#6329 = CIRCLE ( 'NONE', #7682, 5.999999999999998224 ) ;
#6330 = CARTESIAN_POINT ( 'NONE',  ( 3.372500267112782169, 4.000000000000000000, -4.962483445647372982 ) ) ;
#6331 = EDGE_LOOP ( 'NONE', ( #1077, #6746, #6391, #7522 ) ) ;
#6332 = DIRECTION ( 'NONE',  ( 0.0000000000000000000, 0.0000000000000000000, 1.000000000000000000 ) ) ;
#6333 = EDGE_LOOP ( 'NONE', ( #2185, #5710 ) ) ;
#6334 = ORIENTED_EDGE ( 'NONE', *, *, #8906, .T. ) ;
#6335 = CARTESIAN_POINT ( 'NONE',  ( 4.999999999999999112, 0.4881033300985033185, -6.099999999999999645 ) ) ;
#6336 = CARTESIAN_POINT ( 'NONE',  ( 5.000000000000000000, 0.0000000000000000000, 0.0000000000000000000 ) ) ;
#6337 = SURFACE_SIDE_STYLE ('',( #6188 ) ) ;
#6338 = EDGE_CURVE ( 'NONE', #6491, #3212, #5130, .T. ) ;
#6339 = ORIENTED_EDGE ( 'NONE', *, *, #4301, .T. ) ;
#6340 = DIRECTION ( 'NONE',  ( 1.000000000000000000, 0.0000000000000000000, 0.0000000000000000000 ) ) ;
#6341 = AXIS2_PLACEMENT_3D ( 'NONE', #6929, #3713, #7856 ) ;
#6342 = ORIENTED_EDGE ( 'NONE', *, *, #7876, .F. ) ;
#6343 = ORIENTED_EDGE ( 'NONE', *, *, #5210, .T. ) ;
#6344 = PRESENTATION_LAYER_ASSIGNMENT (  '', '', ( #8911 ) ) ;
#6345 = DIRECTION ( 'NONE',  ( 0.0000000000000000000, 0.0000000000000000000, 1.000000000000000000 ) ) ;
#6346 = ORIENTED_EDGE ( 'NONE', *, *, #8920, .T. ) ;
#6347 = ORIENTED_EDGE ( 'NONE', *, *, #4461, .F. ) ;
#6348 = CARTESIAN_POINT ( 'NONE',  ( -19.28537406577735425, -0.6113754313453827471, 13.41492562373922226 ) ) ;
#6349 = APPLICATION_CONTEXT ( 'automotive_design' ) ;
#6350 = DIRECTION ( 'NONE',  ( -0.0000000000000000000, -1.000000000000000000, -0.0000000000000000000 ) ) ;
#6351 = CARTESIAN_POINT ( 'NONE',  ( 6.283512592677151787, 4.000000000000000000, -1.823853904102289869 ) ) ;
#6352 = VERTEX_POINT ( 'NONE', #4772 ) ;
#6354 = EDGE_CURVE ( 'NONE', #5884, #3784, #3257, .T. ) ;
#6353 = CARTESIAN_POINT ( 'NONE',  ( 3.673940397442060361E-16, 0.0000000000000000000, -3.000000000000000444 ) ) ;
#6355 = CARTESIAN_POINT ( 'NONE',  ( -22.99402467769139946, 0.0003458721057476912548, 7.103851733341876695 ) ) ;
#6356 = CIRCLE ( 'NONE', #8083, 2.999999999999992450 ) ;
#6357 = DIRECTION ( 'NONE',  ( 0.0000000000000000000, 0.0000000000000000000, 1.000000000000000000 ) ) ;
#6358 = CARTESIAN_POINT ( 'NONE',  ( -5.000000000000000000, -0.4878135028931883110, -6.100000000000002309 ) ) ;
#6359 = VERTEX_POINT ( 'NONE', #8832 ) ;
#6360 = ORIENTED_EDGE ( 'NONE', *, *, #3349, .F. ) ;
#6361 = ORIENTED_EDGE ( 'NONE', *, *, #776, .T. ) ;
#6362 = EDGE_LOOP ( 'NONE', ( #6966, #4793, #6725 ) ) ;
#6363 = PRODUCT_DEFINITION_FORMATION_WITH_SPECIFIED_SOURCE ( 'ANY', '', #7626, .NOT_KNOWN. ) ;
#6364 = DIRECTION ( 'NONE',  ( -0.0000000000000000000, -1.000000000000000000, -0.0000000000000000000 ) ) ;
#6365 = CARTESIAN_POINT ( 'NONE',  ( -15.70145216996925797, -0.9003566101575428693, 13.91583034379418216 ) ) ;
#6366 = EDGE_CURVE ( 'NONE', #3456, #5319, #2245, .T. ) ;
#6367 = ORIENTED_EDGE ( 'NONE', *, *, #8464, .F. ) ;
#6368 = DIRECTION ( 'NONE',  ( 0.0000000000000000000, 0.0000000000000000000, -1.000000000000000000 ) ) ;
#6369 = PRESENTATION_LAYER_ASSIGNMENT (  '', '', ( #10097 ) ) ;
#6370 = DIRECTION ( 'NONE',  ( 0.0000000000000000000, 0.0000000000000000000, -1.000000000000000000 ) ) ;
#6371 = CARTESIAN_POINT ( 'NONE',  ( -18.59305934335557353, 1.458128508770005105, 3.710869731863679188 ) ) ;
#6372 = LINE ( 'NONE', #2124, #3636 ) ;
#6373 = ORIENTED_EDGE ( 'NONE', *, *, #443, .T. ) ;
#6374 = VERTEX_POINT ( 'NONE', #3153 ) ;
#6375 = CIRCLE ( 'NONE', #2103, 8.731764117148969717 ) ;
#6376 = ORIENTED_EDGE ( 'NONE', *, *, #5646, .T. ) ;
#6377 = DIRECTION ( 'NONE',  ( 0.3660362354902173543, -0.9306005987039501770, 0.0000000000000000000 ) ) ;
#6378 = PLANE ( 'NONE',  #1357 ) ;
#6379 = CARTESIAN_POINT ( 'NONE',  ( 9.784457141215968434, 19.37982519320276253, 26.47456754296831605 ) ) ;
#6380 = ADVANCED_FACE ( 'NONE', ( #5000, #7466 ), #8101, .F. ) ;
#6381 = LINE ( 'NONE', #8802, #3132 ) ;
#6382 = ORIENTED_EDGE ( 'NONE', *, *, #7680, .T. ) ;
#6383 = VECTOR ( 'NONE', #1575, 1000.000000000000000 ) ;
#6384 = CARTESIAN_POINT ( 'NONE',  ( 0.0000000000000000000, -25.66666666666665009, 18.00000000000000355 ) ) ;
#6385 =( LENGTH_UNIT ( ) NAMED_UNIT ( * ) SI_UNIT ( .MILLI., .METRE. ) );
#6386 = B_SPLINE_CURVE_WITH_KNOTS ( 'NONE', 3,
 ( #2749, #256, #6782, #10134, #5114, #9391, #150, #972 ),
 .UNSPECIFIED., .F., .F.,
 ( 4, 2, 2, 4 ),
 ( 0.0000000000000000000, 0.002568806230569843033, 0.003853209345854763032, 0.005137612461139683465 ),
 .UNSPECIFIED. ) ;
#6387 = EDGE_CURVE ( 'NONE', #3740, #2207, #3874, .T. ) ;
#6388 = AXIS2_PLACEMENT_3D ( 'NONE', #2965, #3810, #4631 ) ;
#6389 = CONICAL_SURFACE ( 'NONE', #5769, 3.000000000000000000, 0.9599310885968798113 ) ;
#6390 = CARTESIAN_POINT ( 'NONE',  ( -13.00000000000000000, 1.592040838891559095E-15, 13.50000000000000000 ) ) ;
#6391 = ORIENTED_EDGE ( 'NONE', *, *, #9234, .F. ) ;
#6392 = ADVANCED_FACE ( 'NONE', ( #4590 ), #8482, .T. ) ;
#6393 = CARTESIAN_POINT ( 'NONE',  ( -24.25235012305798676, -27.00000000000000355, -21.71688605722899013 ) ) ;
#6394 = ORIENTED_EDGE ( 'NONE', *, *, #10175, .T. ) ;
#6395 = APPLICATION_CONTEXT ( 'automotive_design' ) ;
#6396 = CARTESIAN_POINT ( 'NONE',  ( 5.000000000000000888, 0.0000000000000000000, 0.0000000000000000000 ) ) ;
#6397 = CARTESIAN_POINT ( 'NONE',  ( 0.7626297612205275023, 3.226225713035840048, -14.10884440779599913 ) ) ;
#6398 = ORIENTED_EDGE ( 'NONE', *, *, #9516, .F. ) ;
#6399 = ORIENTED_EDGE ( 'NONE', *, *, #4916, .T. ) ;
#6400 = CARTESIAN_POINT ( 'NONE',  ( -47.99508469041674630, -9.622228305875150767, 17.00000000000000000 ) ) ;
#6401 = CARTESIAN_POINT ( 'NONE',  ( 4.000000000000000000, -2.886751345948135317, -5.000000000000000888 ) ) ;
#6402 = CIRCLE ( 'NONE', #7822, 1.000000000000000888 ) ;
#6403 = CARTESIAN_POINT ( 'NONE',  ( -22.97711754603109569, 0.0003269224642005535367, 7.158327499177460140 ) ) ;
#6404 = DIRECTION ( 'NONE',  ( -1.347358039593636966E-16, 0.0000000000000000000, -1.000000000000000000 ) ) ;
#6405 = EDGE_CURVE ( 'NONE', #623, #661, #6811, .T. ) ;
#6406 = AXIS2_PLACEMENT_3D ( 'NONE', #7102, #2333, #2378 ) ;
#6407 = CARTESIAN_POINT ( 'NONE',  ( 3.197340939745718646, 22.24054010065556142, 26.25228786297701333 ) ) ;
#6408 = ORIENTED_EDGE ( 'NONE', *, *, #9866, .T. ) ;
#6409 = DIRECTION ( 'NONE',  ( -0.0000000000000000000, -1.000000000000000000, -0.0000000000000000000 ) ) ;
#6410 = PLANE ( 'NONE',  #5228 ) ;
#6411 = LINE ( 'NONE', #5632, #1736 ) ;
#6412 = CARTESIAN_POINT ( 'NONE',  ( 26.00299169246556019, 0.0000000000000000000, 0.0000000000000000000 ) ) ;
#6413 = DIRECTION ( 'NONE',  ( 0.0000000000000000000, 0.0000000000000000000, 1.000000000000000000 ) ) ;
#6414 = EDGE_CURVE ( 'NONE', #355, #6374, #4087, .T. ) ;
#6415 = CARTESIAN_POINT ( 'NONE',  ( 0.4465819873851990529, -2.886751345948121106, 4.999999999999999112 ) ) ;
#6416 = DIRECTION ( 'NONE',  ( -1.000000000000000000, 0.0000000000000000000, 0.0000000000000000000 ) ) ;
#6417 = CARTESIAN_POINT ( 'NONE',  ( -12.00290912278228994, -2.000000000000000000, -13.99999999999999822 ) ) ;
#6418 = AXIS2_PLACEMENT_3D ( 'NONE', #4440, #2017, #6176 ) ;
#6419 = ORIENTED_EDGE ( 'NONE', *, *, #3070, .F. ) ;
#6420 = CARTESIAN_POINT ( 'NONE',  ( -30.00000000000000355, -5.000000000000000000, 10.99999999999999822 ) ) ;
#6421 = DIRECTION ( 'NONE',  ( -0.0000000000000000000, -0.0000000000000000000, -1.000000000000000000 ) ) ;
#6422 = DIRECTION ( 'NONE',  ( 0.0000000000000000000, 0.0000000000000000000, -1.000000000000000000 ) ) ;
#6423 = DIRECTION ( 'NONE',  ( 0.0000000000000000000, 0.0000000000000000000, -1.000000000000000000 ) ) ;
#6424 = PRESENTATION_STYLE_ASSIGNMENT (( #6985 ) ) ;
#6425 = DIRECTION ( 'NONE',  ( 0.4794873788433852702, 0.0000000000000000000, 0.8775487755845255977 ) ) ;
#6426 = EDGE_LOOP ( 'NONE', ( #1140, #251, #7198, #5837, #2493, #4641 ) ) ;
#6427 = CARTESIAN_POINT ( 'NONE',  ( 33.69485974840338116, 19.73667871171355870, 1.714247465618308208 ) ) ;
#6428 = CARTESIAN_POINT ( 'NONE',  ( -46.30940107675852602, -10.00000000000000178, 17.00000000000000000 ) ) ;
#6429 = CARTESIAN_POINT ( 'NONE',  ( 6.395970796527967295, 20.11813772300487102, 0.0000000000000000000 ) ) ;
#6430 = ADVANCED_FACE ( 'NONE', ( #1872 ), #6288, .T. ) ;
#6431 = DIRECTION ( 'NONE',  ( 0.0000000000000000000, 0.0000000000000000000, -1.000000000000000000 ) ) ;
#6432 = CARTESIAN_POINT ( 'NONE',  ( -2.243639582772022134, 5.704168430776321408, 0.0000000000000000000 ) ) ;
#6433 = AXIS2_PLACEMENT_3D ( 'NONE', #7479, #861, #55 ) ;
#6434 = VECTOR ( 'NONE', #5160, 1000.000000000000000 ) ;
#6435 = CARTESIAN_POINT ( 'NONE',  ( 4.000000000000000000, 0.0000000000000000000, 0.0000000000000000000 ) ) ;
#6436 = VECTOR ( 'NONE', #6983, 1000.000000000000000 ) ;
#6437 = ORIENTED_EDGE ( 'NONE', *, *, #6562, .F. ) ;
#6438 = CARTESIAN_POINT ( 'NONE',  ( 6.171862870446968685, 20.12064925652151715, 27.87754877558452904 ) ) ;
#6439 = CARTESIAN_POINT ( 'NONE',  ( -20.25832157585602289, -0.09101473454847527900, 11.98220263617428749 ) ) ;
#6440 = CARTESIAN_POINT ( 'NONE',  ( 0.0000000000000000000, 0.0000000000000000000, -9.500000000000000000 ) ) ;
#6441 =( BOUNDED_CURVE ( )  B_SPLINE_CURVE ( 3, ( #6427, #7964, #588, #7186 ),
 .UNSPECIFIED., .F., .T. ) 
 B_SPLINE_CURVE_WITH_KNOTS ( ( 4, 4 ),
 ( 3.808477163605584082, 4.712388980384689674 ),
 .UNSPECIFIED. ) 
 CURVE ( )  GEOMETRIC_REPRESENTATION_ITEM ( )  RATIONAL_B_SPLINE_CURVE ( ( 1.000000000000000000, 0.9330630851954554439, 0.9330630851954554439, 1.000000000000000000 ) ) 
 REPRESENTATION_ITEM ( '' )  );
#6442 = CARTESIAN_POINT ( 'NONE',  ( 2.836205516832970286, 22.38505103526629370, 24.99999999999999289 ) ) ;
#6443 = DIRECTION ( 'NONE',  ( 0.0000000000000000000, 0.0000000000000000000, 1.000000000000000000 ) ) ;
#6444 = CONICAL_SURFACE ( 'NONE', #4769, 23.00000000000000000, 1.469198717907601148 ) ;
#6445 = ADVANCED_FACE ( 'NONE', ( #10692 ), #2398, .F. ) ;
#6446 = LINE ( 'NONE', #7078, #4360 ) ;
#6447 = CARTESIAN_POINT ( 'NONE',  ( -46.30940107675852602, -10.00000000000000178, -17.00000000000000000 ) ) ;
#6448 = DIRECTION ( 'NONE',  ( 0.0000000000000000000, 1.000000000000000000, 0.0000000000000000000 ) ) ;
#6449 = EDGE_CURVE ( 'NONE', #6359, #1999, #6224, .T. ) ;
#6450 = ORIENTED_EDGE ( 'NONE', *, *, #10681, .F. ) ;
#6451 = AXIS2_PLACEMENT_3D ( 'NONE', #7435, #9947, #855 ) ;
#6452 = DIRECTION ( 'NONE',  ( 0.0000000000000000000, 0.0000000000000000000, -1.000000000000000000 ) ) ;
#6453 = DIRECTION ( 'NONE',  ( 0.0000000000000000000, -1.502314598737159278E-16, 1.000000000000000000 ) ) ;
#6454 = B_SPLINE_CURVE_WITH_KNOTS ( 'NONE', 3,
 ( #7304, #10464, #10548, #2338, #6358, #3054 ),
 .UNSPECIFIED., .F., .F.,
 ( 4, 2, 4 ),
 ( 0.005150343764683553392, 0.006610526168996384844, 0.008070708573309217163 ),
 .UNSPECIFIED. ) ;
#6455 = ITEM_DEFINED_TRANSFORMATION ( 'NONE', 'NONE', #2049,  #8615 ) ;
#6456 = CIRCLE ( 'NONE', #4543, 11.00000000000000000 ) ;
#6457 = CONICAL_SURFACE ( 'NONE', #94, 2.445500000000000007, 0.7853981633974541632 ) ;
#6458 = CARTESIAN_POINT ( 'NONE',  ( 39.26439155837419293, 21.05655294009385514, 27.00000000000000000 ) ) ;
#6459 = ORIENTED_EDGE ( 'NONE', *, *, #8876, .F. ) ;
#6460 = EDGE_CURVE ( 'NONE', #4994, #1150, #10413, .T. ) ;
#6461 = EDGE_CURVE ( 'NONE', #2202, #2694, #9026, .T. ) ;
#6462 = LINE ( 'NONE', #499, #7236 ) ;
#6463 = DIRECTION ( 'NONE',  ( 0.0000000000000000000, 0.0000000000000000000, 1.000000000000000000 ) ) ;
#6464 = CARTESIAN_POINT ( 'NONE',  ( -49.67988977424888475, -9.246770641006243352, 16.50000000000000000 ) ) ;
#6465 = ORIENTED_EDGE ( 'NONE', *, *, #4093, .T. ) ;
#6466 = CARTESIAN_POINT ( 'NONE',  ( 8.673617379884035472E-16, 5.773502691896260863, -6.099999999999999645 ) ) ;
#6467 = CIRCLE ( 'NONE', #1335, 1.000000000000000000 ) ;
#6468 = CARTESIAN_POINT ( 'NONE',  ( 6.123233995736767268E-16, 0.0000000000000000000, 5.000000000000000888 ) ) ;
#6469 = CARTESIAN_POINT ( 'NONE',  ( 0.0000000000000000000, 0.0000000000000000000, -5.724496230895143256 ) ) ;
#6470 = ORIENTED_EDGE ( 'NONE', *, *, #6338, .T. ) ;
#6471 = CARTESIAN_POINT ( 'NONE',  ( 26.00299169246556019, 1.000000000000000000, 28.00000000000000000 ) ) ;
#6472 = VECTOR ( 'NONE', #102, 1000.000000000000000 ) ;
#6473 = ORIENTED_EDGE ( 'NONE', *, *, #4412, .T. ) ;
#6474 = DIRECTION ( 'NONE',  ( -1.000000000000000000, -0.0000000000000000000, -0.0000000000000000000 ) ) ;
#6475 = ORIENTED_EDGE ( 'NONE', *, *, #193, .F. ) ;
#6476 = DIRECTION ( 'NONE',  ( -0.0000000000000000000, -0.0000000000000000000, 1.000000000000000000 ) ) ;
#6477 = DIRECTION ( 'NONE',  ( -1.000000000000000000, 0.0000000000000000000, 0.0000000000000000000 ) ) ;
#6478 = ORIENTED_EDGE ( 'NONE', *, *, #8935, .F. ) ;
#6479 = FACE_OUTER_BOUND ( 'NONE', #8076, .T. ) ;
#6480 = DIRECTION ( 'NONE',  ( 1.000000000000000000, 0.0000000000000000000, 0.0000000000000000000 ) ) ;
#6481 = CARTESIAN_POINT ( 'NONE',  ( -13.03844142907717618, -2.315177656600043044, -15.42647496213984049 ) ) ;
#6482 = VERTEX_POINT ( 'NONE', #837 ) ;
#6483 = ORIENTED_EDGE ( 'NONE', *, *, #3932, .F. ) ;
#6484 = B_SPLINE_CURVE_WITH_KNOTS ( 'NONE', 3,
 ( #9169, #1698, #9993, #64 ),
 .UNSPECIFIED., .F., .F.,
 ( 4, 4 ),
 ( -6.324562491177153519E-06, 0.0004313200277197613928 ),
 .UNSPECIFIED. ) ;
#6485 = CARTESIAN_POINT ( 'NONE',  ( -44.72162484987471487, -10.77222073478869291, -17.00000000000000000 ) ) ;
#6486 = CARTESIAN_POINT ( 'NONE',  ( 3.500000000000000000, -2.886751345948135317, -5.000000000000000888 ) ) ;
#6487 = CARTESIAN_POINT ( 'NONE',  ( 40.26439155837419293, -1.200000000000000030E-05, 28.00000000000000000 ) ) ;
#6488 = ORIENTED_EDGE ( 'NONE', *, *, #1529, .F. ) ;
#6489 = ADVANCED_FACE ( 'NONE', ( #7074 ), #3294, .T. ) ;
#6490 = DIRECTION ( 'NONE',  ( 0.0000000000000000000, 1.000000000000000000, 0.0000000000000000000 ) ) ;
#6491 = VERTEX_POINT ( 'NONE', #5687 ) ;
#6492 = CARTESIAN_POINT ( 'NONE',  ( 2.959716367706854978, 21.13483465857348165, 26.12245122441547096 ) ) ;
#6493 = DIRECTION ( 'NONE',  ( 0.0000000000000000000, -1.000000000000000000, -0.0000000000000000000 ) ) ;
#6494 = CARTESIAN_POINT ( 'NONE',  ( 4.000000000000000000, 5.773502691896261751, 0.0000000000000000000 ) ) ;
#6495 = ORIENTED_EDGE ( 'NONE', *, *, #989, .T. ) ;
#6496 = VERTEX_POINT ( 'NONE', #8216 ) ;
#6497 = CARTESIAN_POINT ( 'NONE',  ( -12.00000000000000355, -35.00000000000000000, 16.00000000000000000 ) ) ;
#6498 = ORIENTED_EDGE ( 'NONE', *, *, #4992, .T. ) ;
#6499 = AXIS2_PLACEMENT_3D ( 'NONE', #5566, #1395, #9678 ) ;
#6500 = DIRECTION ( 'NONE',  ( -0.8775487755845255977, -1.039722515642755461E-16, 0.4794873788433851036 ) ) ;
#6501 = FACE_OUTER_BOUND ( 'NONE', #3086, .T. ) ;
#6502 = ORIENTED_EDGE ( 'NONE', *, *, #7786, .F. ) ;
#6503 = FACE_OUTER_BOUND ( 'NONE', #2217, .T. ) ;
#6504 = ADVANCED_FACE ( 'NONE', ( #192 ), #9681, .T. ) ;
#6505 = VECTOR ( 'NONE', #9646, 1000.000000000000000 ) ;
#6506 = ORIENTED_EDGE ( 'NONE', *, *, #6686, .T. ) ;
#6507 = CARTESIAN_POINT ( 'NONE',  ( 14.20419899880919878, 0.0000000000000000000, -14.07979867761707737 ) ) ;
#6508 = UNCERTAINTY_MEASURE_WITH_UNIT (LENGTH_MEASURE( 1.000000000000000082E-05 ), #7145, 'distance_accuracy_value', 'NONE');
#6509 = CARTESIAN_POINT ( 'NONE',  ( -48.79770978298941486, -8.035100114331980237, 16.50000000000000000 ) ) ;
#6510 = CARTESIAN_POINT ( 'NONE',  ( 40.22513838244901763, 21.33397957909983944, 26.00000000000000355 ) ) ;
#6511 = CARTESIAN_POINT ( 'NONE',  ( -52.30940107675851891, -10.00000000000000178, -15.99999999999999289 ) ) ;
#6512 = ORIENTED_EDGE ( 'NONE', *, *, #3402, .T. ) ;
#6513 = ORIENTED_EDGE ( 'NONE', *, *, #10481, .T. ) ;
#6514 = DIRECTION ( 'NONE',  ( 0.0000000000000000000, 0.0000000000000000000, 1.000000000000000000 ) ) ;
#6515 = CIRCLE ( 'NONE', #3143, 9.999999999999998224 ) ;
#6516 = DIRECTION ( 'NONE',  ( 0.0000000000000000000, 0.0000000000000000000, 1.000000000000000000 ) ) ;
#6517 = DIRECTION ( 'NONE',  ( 0.0000000000000000000, 0.0000000000000000000, 1.000000000000000000 ) ) ;
#6518 = PRODUCT_DEFINITION_SHAPE ( 'NONE', 'NONE',  #46 ) ;
#6519 = DIRECTION ( 'NONE',  ( 0.0000000000000000000, 0.0000000000000000000, -1.000000000000000000 ) ) ;
#6520 = EDGE_CURVE ( 'NONE', #1843, #262, #3308, .T. ) ;
#6521 = DIRECTION ( 'NONE',  ( -0.0000000000000000000, -1.000000000000000000, -0.0000000000000000000 ) ) ;
#6522 = AXIS2_PLACEMENT_3D ( 'NONE', #4506, #7826, #2942 ) ;
#6523 = DIRECTION ( 'NONE',  ( 1.000000000000000000, 0.0000000000000000000, -1.224646799147353207E-16 ) ) ;
#6524 = CARTESIAN_POINT ( 'NONE',  ( 5.000000000000000000, 2.316617955123374095, 4.012499999999993960 ) ) ;
#6525 = VECTOR ( 'NONE', #1264, 1000.000000000000000 ) ;
#6526 = ORIENTED_EDGE ( 'NONE', *, *, #1099, .T. ) ;
#6527 = ORIENTED_EDGE ( 'NONE', *, *, #6805, .T. ) ;
#6528 = CARTESIAN_POINT ( 'NONE',  ( -48.63335286844683480, -7.843328432783208903, -16.50000000000000000 ) ) ;
#6529 = ORIENTED_EDGE ( 'NONE', *, *, #954, .F. ) ;
#6530 = CARTESIAN_POINT ( 'NONE',  ( 2.081899558550500280E-15, -0.9956277796461907581, -17.00000000000000000 ) ) ;
#6531 = DIRECTION ( 'NONE',  ( 0.0000000000000000000, 0.0000000000000000000, -1.000000000000000000 ) ) ;
#6532 = DIRECTION ( 'NONE',  ( 0.9306005987039488447, 0.3660362354902201298, 0.0000000000000000000 ) ) ;
#6533 = DIRECTION ( 'NONE',  ( 0.0000000000000000000, 0.0000000000000000000, 1.000000000000000000 ) ) ;
#6534 = B_SPLINE_CURVE_WITH_KNOTS ( 'NONE', 3,
 ( #991, #4324, #8434, #5924, #3513, #107, #7567, #4404 ),
 .UNSPECIFIED., .F., .F.,
 ( 4, 2, 2, 4 ),
 ( 0.002921158011986708155, 0.003648658599403064445, 0.004376159186819421169, 0.005831160361652133750 ),
 .UNSPECIFIED. ) ;
#6535 = EDGE_CURVE ( 'NONE', #5492, #2351, #4588, .T. ) ;
#6536 = VERTEX_POINT ( 'NONE', #6601 ) ;
#6537 = EDGE_LOOP ( 'NONE', ( #2114, #9600, #527, #10391, #5578, #961 ) ) ;
#6538 = CARTESIAN_POINT ( 'NONE',  ( 45.00000000000001421, 0.0000000000000000000, 4.171999999999999709 ) ) ;
#6539 = CYLINDRICAL_SURFACE ( 'NONE', #2448, 1.000000000000000888 ) ;
#6540 = DIRECTION ( 'NONE',  ( -0.7310552682428693716, -0.6823182503600107029, 0.0000000000000000000 ) ) ;
#6541 = EDGE_CURVE ( 'NONE', #7798, #9997, #305, .T. ) ;
#6542 = DIRECTION ( 'NONE',  ( 0.8775487755845257087, 0.0000000000000000000, 0.4794873788433848816 ) ) ;
#6543 = CARTESIAN_POINT ( 'NONE',  ( 0.0000000000000000000, -1.022107221908487684, 0.0000000000000000000 ) ) ;
#6544 = CARTESIAN_POINT ( 'NONE',  ( -46.30940107675852602, -10.00000000000000178, 17.00000000000000000 ) ) ;
#6545 = CARTESIAN_POINT ( 'NONE',  ( 0.0000000000000000000, 0.0000000000000000000, -7.500000000000000000 ) ) ;
#6546 = ADVANCED_FACE ( 'NONE', ( #4879 ), #1883, .F. ) ;
#6547 = ORIENTED_EDGE ( 'NONE', *, *, #2257, .F. ) ;
#6548 = DIRECTION ( 'NONE',  ( -0.0000000000000000000, -1.000000000000000000, -0.0000000000000000000 ) ) ;
#6549 = DIRECTION ( 'NONE',  ( -0.0000000000000000000, -1.000000000000000000, -0.0000000000000000000 ) ) ;
#6550 = AXIS2_PLACEMENT_3D ( 'NONE', #3341, #9948, #4945 ) ;
#6551 = AXIS2_PLACEMENT_3D ( 'NONE', #7407, #2527, #1724 ) ;
#6552 = DIRECTION ( 'NONE',  ( 1.000000000000000000, 0.0000000000000000000, 1.734723475976807094E-16 ) ) ;
#6553 = VECTOR ( 'NONE', #7573, 1000.000000000000000 ) ;
#6554 = CIRCLE ( 'NONE', #1743, 1.000000000000000888 ) ;
#6555 = CARTESIAN_POINT ( 'NONE',  ( -15.72194175050876908, 1.377662292618165418, 10.82231352281721115 ) ) ;
#6556 = DIRECTION ( 'NONE',  ( 0.0000000000000000000, -0.0000000000000000000, 1.000000000000000000 ) ) ;
#6557 = CARTESIAN_POINT ( 'NONE',  ( 0.0000000000000000000, 0.0000000000000000000, 0.0000000000000000000 ) ) ;
#6558 = CARTESIAN_POINT ( 'NONE',  ( -10.91121780102007044, -1.542639394749250570E-14, -16.76142374915396971 ) ) ;
#6559 = ORIENTED_EDGE ( 'NONE', *, *, #10031, .F. ) ;
#6560 = ADVANCED_FACE ( 'NONE', ( #5771 ), #5250, .F. ) ;
#6561 = ADVANCED_FACE ( 'NONE', ( #6574 ), #451, .T. ) ;
#6562 = EDGE_CURVE ( 'NONE', #2768, #6874, #10158, .T. ) ;
#6563 = CARTESIAN_POINT ( 'NONE',  ( 0.0000000000000000000, 7.511572993685796142E-16, -5.000000000000000000 ) ) ;
#6564 = DIRECTION ( 'NONE',  ( 0.0000000000000000000, 0.0000000000000000000, 1.000000000000000000 ) ) ;
#6565 = AXIS2_PLACEMENT_3D ( 'NONE', #5893, #940, #2541 ) ;
#6566 = DIRECTION ( 'NONE',  ( 1.000000000000000000, 0.0000000000000000000, 0.0000000000000000000 ) ) ;
#6567 = CARTESIAN_POINT ( 'NONE',  ( 2.480228988863466544, 21.45055613879291556, 3.000000000000005329 ) ) ;
#6568 = CARTESIAN_POINT ( 'NONE',  ( 6.651350249290356231, 20.11813772300484615, 0.0000000000000000000 ) ) ;
#6569 = ORIENTED_EDGE ( 'NONE', *, *, #7897, .T. ) ;
#6570 = EDGE_CURVE ( 'NONE', #10736, #2054, #9036, .T. ) ;
#6571 = DIRECTION ( 'NONE',  ( 1.000000000000000000, 0.0000000000000000000, 0.0000000000000000000 ) ) ;
#6572 = FACE_OUTER_BOUND ( 'NONE', #5344, .T. ) ;
#6573 = CARTESIAN_POINT ( 'NONE',  ( 1.653121499799249605, -4.819072548984014048, -6.048595712916167599 ) ) ;
#6574 = FACE_OUTER_BOUND ( 'NONE', #6654, .T. ) ;
#6575 = CARTESIAN_POINT ( 'NONE',  ( -46.30940107675852602, -10.00000000000000178, 17.00000000000000000 ) ) ;
#6576 = PRODUCT_RELATED_PRODUCT_CATEGORY ( 'part', '', ( #3758 ) ) ;
#6577 = VERTEX_POINT ( 'NONE', #3359 ) ;
#6578 = DIRECTION ( 'NONE',  ( -1.000000000000000000, 0.0000000000000000000, 0.0000000000000000000 ) ) ;
#6579 = CARTESIAN_POINT ( 'NONE',  ( 3.500000000000000000, 5.000000000000000000, 0.0000000000000000000 ) ) ;
#6580 = EDGE_CURVE ( 'NONE', #6327, #3357, #6809, .T. ) ;
#6581 = UNCERTAINTY_MEASURE_WITH_UNIT (LENGTH_MEASURE( 1.000000000000000082E-05 ), #4040, 'distance_accuracy_value', 'NONE');
#6582 = APPLICATION_PROTOCOL_DEFINITION ( 'draft international standard', 'automotive_design', 1998, #558 ) ;
#6583 = AXIS2_PLACEMENT_3D ( 'NONE', #8416, #9267, #4289 ) ;
#6584 = CONTEXT_DEPENDENT_SHAPE_REPRESENTATION ( #5977, #1478 ) ;
#6585 = CIRCLE ( 'NONE', #8706, 11.00000000000000000 ) ;
#6586 = VECTOR ( 'NONE', #363, 1000.000000000000114 ) ;
#6587 = CONICAL_SURFACE ( 'NONE', #8542, 5.000000000000000000, 1.047197551196600296 ) ;
#6588 = DIRECTION ( 'NONE',  ( -1.000000000000000000, 0.0000000000000000000, 0.0000000000000000000 ) ) ;
#6589 = CARTESIAN_POINT ( 'NONE',  ( -46.30940107675852602, -10.00000000000000178, -20.00000000000000355 ) ) ;
#6590 = DIRECTION ( 'NONE',  ( 1.000000000000000000, 0.0000000000000000000, -0.0000000000000000000 ) ) ;
#6591 = ORIENTED_EDGE ( 'NONE', *, *, #4329, .T. ) ;
#6592 = CARTESIAN_POINT ( 'NONE',  ( -9.260893556647006769E-17, -4.452621892014643201, -2.287832656137187559 ) ) ;
#6593 = VECTOR ( 'NONE', #5136, 1000.000000000000000 ) ;
#6594 = SHAPE_DEFINITION_REPRESENTATION ( #603, #3471 ) ;
#6595 = CONICAL_SURFACE ( 'NONE', #1076, 16.36018239871366831, 1.130126863585188435 ) ;
#6596 = EDGE_CURVE ( 'NONE', #7639, #3895, #7958, .T. ) ;
#6597 = ORIENTED_EDGE ( 'NONE', *, *, #7561, .T. ) ;
#6598 = AXIS2_PLACEMENT_3D ( 'NONE', #9745, #8722, #5595 ) ;
#6599 = ADVANCED_FACE ( 'NONE', ( #740 ), #1869, .T. ) ;
#6600 = VERTEX_POINT ( 'NONE', #2607 ) ;
#6601 = CARTESIAN_POINT ( 'NONE',  ( 13.00000000000000000, 0.0000000000000000000, -13.50000000000000000 ) ) ;
#6602 = CARTESIAN_POINT ( 'NONE',  ( 0.08165819712376973238, 4.939961795957293234, 1.443735181952769064 ) ) ;
#6603 = CARTESIAN_POINT ( 'NONE',  ( 25.44734990167305000, 10.69999999999999929, 0.0000000000000000000 ) ) ;
#6604 = ORIENTED_EDGE ( 'NONE', *, *, #8566, .F. ) ;
#6605 = ORIENTED_EDGE ( 'NONE', *, *, #6615, .F. ) ;
#6606 = DIRECTION ( 'NONE',  ( 0.0000000000000000000, 1.000000000000000000, -0.0000000000000000000 ) ) ;
#6607 = ORIENTED_EDGE ( 'NONE', *, *, #9999, .T. ) ;
#6608 = VECTOR ( 'NONE', #7085, 999.9999999999998863 ) ;
#6609 = FILL_AREA_STYLE_COLOUR ( '', #4547 ) ;
#6610 = VERTEX_POINT ( 'NONE', #3432 ) ;
#6611 = EDGE_LOOP ( 'NONE', ( #6212, #2757, #1253, #7557 ) ) ;
#6612 = ADVANCED_FACE ( 'NONE', ( #462 ), #2140, .F. ) ;
#6613 = EDGE_CURVE ( 'NONE', #1448, #6973, #7455, .T. ) ;
#6614 = ADVANCED_FACE ( 'NONE', ( #9025 ), #902, .F. ) ;
#6615 = EDGE_CURVE ( 'NONE', #493, #9074, #2409, .T. ) ;
#6616 = AXIS2_PLACEMENT_3D ( 'NONE', #6153, #7805, #9540 ) ;
#6617 = CARTESIAN_POINT ( 'NONE',  ( 11.74541948957021553, 0.0000000000000000000, -16.21756610830467338 ) ) ;
#6618 = EDGE_LOOP ( 'NONE', ( #4381, #7200, #5981, #9277 ) ) ;
#6619 = CARTESIAN_POINT ( 'NONE',  ( 3.372500267112783057, 4.000000000000000000, -4.962483445647372982 ) ) ;
#6620 = APPLICATION_CONTEXT ( 'automotive_design' ) ;
#6621 = EDGE_LOOP ( 'NONE', ( #8498, #702 ) ) ;
#6622 = ORIENTED_EDGE ( 'NONE', *, *, #8983, .T. ) ;
#6623 = ORIENTED_EDGE ( 'NONE', *, *, #1543, .T. ) ;
#6624 = EDGE_CURVE ( 'NONE', #6374, #10115, #1360, .T. ) ;
#6625 = DIRECTION ( 'NONE',  ( -0.0000000000000000000, -1.000000000000000000, -0.0000000000000000000 ) ) ;
#6626 = CARTESIAN_POINT ( 'NONE',  ( -23.23675738506378252, 0.0000000000000000000, 6.566495266850443713 ) ) ;
#6627 = DIRECTION ( 'NONE',  ( -0.0000000000000000000, -1.000000000000000000, -0.0000000000000000000 ) ) ;
#6628 = EDGE_LOOP ( 'NONE', ( #4956, #4259, #2234, #384 ) ) ;
#6629 = CARTESIAN_POINT ( 'NONE',  ( 4.250000000000000000, 0.0000000000000000000, 0.0000000000000000000 ) ) ;
#6630 = FACE_OUTER_BOUND ( 'NONE', #7248, .T. ) ;
#6631 = AXIS2_PLACEMENT_3D ( 'NONE', #400, #1220, #8003 ) ;
#6632 = ORIENTED_EDGE ( 'NONE', *, *, #4, .T. ) ;
#6633 = AXIS2_PLACEMENT_3D ( 'NONE', #18, #6682, #7511 ) ;
#6634 = ORIENTED_EDGE ( 'NONE', *, *, #10022, .T. ) ;
#6635 = DIRECTION ( 'NONE',  ( 0.0000000000000000000, 0.0000000000000000000, -1.000000000000000000 ) ) ;
#6636 = CARTESIAN_POINT ( 'NONE',  ( 0.0000000000000000000, 0.0000000000000000000, 10.49999999999999822 ) ) ;
#6637 = DIRECTION ( 'NONE',  ( 0.0000000000000000000, 0.0000000000000000000, 1.000000000000000000 ) ) ;
#6638 = VERTEX_POINT ( 'NONE', #6800 ) ;
#6639 = CARTESIAN_POINT ( 'NONE',  ( 0.1739375980333744409, -5.301268757141563981, 0.8179331680533014071 ) ) ;
#6640 = CARTESIAN_POINT ( 'NONE',  ( 2.959716367706847429, 20.72706986570518950, 1.877548775584533702 ) ) ;
#6641 = ORIENTED_EDGE ( 'NONE', *, *, #1555, .T. ) ;
#6642 = FACE_OUTER_BOUND ( 'NONE', #2656, .T. ) ;
#6643 = EDGE_LOOP ( 'NONE', ( #6346, #1875, #2396, #3723 ) ) ;
#6644 = STYLED_ITEM ( 'NONE', ( #7094 ), #9097 ) ;
#6645 = DIRECTION ( 'NONE',  ( -0.9344948964733705843, 0.3559765279695060736, 2.026362793866088126E-15 ) ) ;
#6646 = VECTOR ( 'NONE', #5093, 1000.000000000000000 ) ;
#6647 = ORIENTED_EDGE ( 'NONE', *, *, #7169, .T. ) ;
#6648 = ORIENTED_EDGE ( 'NONE', *, *, #7693, .T. ) ;
#6649 = CARTESIAN_POINT ( 'NONE',  ( 13.01405725182183204, 0.0000000000000000000, -15.21680642875023892 ) ) ;
#6650 = LINE ( 'NONE', #957, #10518 ) ;
#6651 = APPLICATION_PROTOCOL_DEFINITION ( 'draft international standard', 'automotive_design', 1998, #9911 ) ;
#6652 = DIRECTION ( 'NONE',  ( 0.0000000000000000000, 0.0000000000000000000, -1.000000000000000000 ) ) ;
#6653 = ORIENTED_EDGE ( 'NONE', *, *, #3339, .F. ) ;
#6654 = EDGE_LOOP ( 'NONE', ( #10353, #901, #1040 ) ) ;
#6655 = CARTESIAN_POINT ( 'NONE',  ( -4.336808689942017736E-16, 5.773502691896262640, -5.653418012614791266 ) ) ;
#6656 = ORIENTED_EDGE ( 'NONE', *, *, #7292, .T. ) ;
#6657 = EDGE_CURVE ( 'NONE', #797, #2354, #3567, .T. ) ;
#6658 = AXIS2_PLACEMENT_3D ( 'NONE', #5378, #3937, #677 ) ;
#6659 = LINE ( 'NONE', #5361, #1331 ) ;
#6660 = DIRECTION ( 'NONE',  ( 0.0000000000000000000, 0.0000000000000000000, -1.000000000000000000 ) ) ;
#6661 = ADVANCED_FACE ( 'NONE', ( #2677 ), #4487, .F. ) ;
#6662 = ADVANCED_FACE ( 'NONE', ( #3827 ), #9935, .T. ) ;
#6663 = DIRECTION ( 'NONE',  ( -0.0000000000000000000, -0.0000000000000000000, -1.000000000000000000 ) ) ;
#6664 = DIRECTION ( 'NONE',  ( -0.0000000000000000000, -0.0000000000000000000, 1.000000000000000000 ) ) ;
#6665 = ORIENTED_EDGE ( 'NONE', *, *, #5433, .T. ) ;
#6666 = LINE ( 'NONE', #594, #8338 ) ;
#6667 = CARTESIAN_POINT ( 'NONE',  ( -12.00290912278228994, -2.000000000000000000, -13.99999999999999822 ) ) ;
#6668 = EDGE_CURVE ( 'NONE', #3735, #10237, #4339, .T. ) ;
#6669 = EDGE_CURVE ( 'NONE', #7059, #5856, #2152, .T. ) ;
#6670 = CIRCLE ( 'NONE', #6325, 2.000000000000000000 ) ;
#6671 = PRESENTATION_LAYER_ASSIGNMENT (  '', '', ( #339 ) ) ;
#6672 = ORIENTED_EDGE ( 'NONE', *, *, #9601, .F. ) ;
#6673 = CARTESIAN_POINT ( 'NONE',  ( -14.89934890672815193, 1.212324599923091384, -12.29115783608216184 ) ) ;
#6674 = CARTESIAN_POINT ( 'NONE',  ( 0.0000000000000000000, 7.999999999999998224, 0.0000000000000000000 ) ) ;
#6675 = DIRECTION ( 'NONE',  ( -0.0000000000000000000, -0.0000000000000000000, 1.000000000000000000 ) ) ;
#6676 = CARTESIAN_POINT ( 'NONE',  ( 6.250864159878664950, 3.226245814752565444, -11.36796742713380048 ) ) ;
#6677 = CARTESIAN_POINT ( 'NONE',  ( -13.94163180620230591, -25.00000000000000000, 0.0000000000000000000 ) ) ;
#6678 = AXIS2_PLACEMENT_3D ( 'NONE', #8763, #6404, #1348 ) ;
#6679 = EDGE_LOOP ( 'NONE', ( #1650, #10618, #2576, #3877 ) ) ;
#6680 = AXIS2_PLACEMENT_3D ( 'NONE', #3310, #5012, #88 ) ;
#6681 = DIRECTION ( 'NONE',  ( -0.0000000000000000000, -0.0000000000000000000, 1.000000000000000000 ) ) ;
#6682 = DIRECTION ( 'NONE',  ( 0.0000000000000000000, 0.0000000000000000000, 1.000000000000000000 ) ) ;
#6683 = DIRECTION ( 'NONE',  ( -0.0000000000000000000, -1.000000000000000000, -0.0000000000000000000 ) ) ;
#6684 = CARTESIAN_POINT ( 'NONE',  ( -24.25235012305799032, -27.00000000000000355, 16.00000000000000000 ) ) ;
#6685 = CIRCLE ( 'NONE', #8450, 2.000000000000000000 ) ;
#6686 = EDGE_CURVE ( 'NONE', #4701, #600, #2665, .T. ) ;
#6687 = CARTESIAN_POINT ( 'NONE',  ( -11.00000000000000000, -1.347111479062088405E-15, -7.500000000000000000 ) ) ;
#6688 = FACE_OUTER_BOUND ( 'NONE', #6990, .T. ) ;
#6689 = ORIENTED_EDGE ( 'NONE', *, *, #6293, .F. ) ;
#6690 = AXIS2_PLACEMENT_3D ( 'NONE', #1318, #10521, #641 ) ;
#6691 = CARTESIAN_POINT ( 'NONE',  ( 2.925285743277525885, 4.084588180558403891, -6.089444439476610071 ) ) ;
#6692 = CARTESIAN_POINT ( 'NONE',  ( 6.651350249290356231, 20.72999999999999687, 27.00000000000000000 ) ) ;
#6693 = CARTESIAN_POINT ( 'NONE',  ( -46.30940107675852602, -10.00000000000000178, -17.00000000000000000 ) ) ;
#6694 = LINE ( 'NONE', #4753, #2418 ) ;
#6695 = VECTOR ( 'NONE', #10622, 1000.000000000000000 ) ;
#6696 = EDGE_CURVE ( 'NONE', #196, #9868, #4600, .T. ) ;
#6697 = ORIENTED_EDGE ( 'NONE', *, *, #9179, .F. ) ;
#6698 = SURFACE_STYLE_USAGE ( .BOTH. , #2578 ) ;
#6699 = ADVANCED_FACE ( 'NONE', ( #5141 ), #4084, .T. ) ;
#6700 = CARTESIAN_POINT ( 'NONE',  ( 10.41784534861619171, 0.0000000000000000000, -17.10150501899544651 ) ) ;
#6701 = LINE ( 'NONE', #4573, #2170 ) ;
#6702 = CARTESIAN_POINT ( 'NONE',  ( -18.06039371099786095, -25.00000000000000000, 13.99999999999999822 ) ) ;
#6703 = CARTESIAN_POINT ( 'NONE',  ( 11.74541948957021553, 2.452347357060362665, -16.21756610830467338 ) ) ;
#6704 = PRODUCT_DEFINITION ( 'UNKNOWN', '', #5040, #3374 ) ;
#6705 = VECTOR ( 'NONE', #960, 1000.000000000000000 ) ;
#6706 = EDGE_CURVE ( 'NONE', #5969, #4146, #9552, .T. ) ;
#6707 = ORIENTED_EDGE ( 'NONE', *, *, #6815, .F. ) ;
#6708 = STYLED_ITEM ( 'NONE', ( #7475 ), #4571 ) ;
#6709 = CARTESIAN_POINT ( 'NONE',  ( -3.588666839279656962E-15, 4.207632145829744985, -2.712167343862820434 ) ) ;
#6710 = DIRECTION ( 'NONE',  ( 0.0000000000000000000, 0.0000000000000000000, 1.000000000000000000 ) ) ;
#6711 = CARTESIAN_POINT ( 'NONE',  ( 1.949973169550027974, 21.73000000000000043, 3.568804191445114515 ) ) ;
#6712 = FACE_OUTER_BOUND ( 'NONE', #930, .T. ) ;
#6713 = CARTESIAN_POINT ( 'NONE',  ( 0.0000000000000000000, 0.0000000000000000000, 0.0000000000000000000 ) ) ;
#6714 = CARTESIAN_POINT ( 'NONE',  ( -21.76457058359685348, -5.701898048196683721E-47, -10.48112231795366966 ) ) ;
#6715 = ORIENTED_EDGE ( 'NONE', *, *, #4307, .F. ) ;
#6716 = FACE_OUTER_BOUND ( 'NONE', #9619, .T. ) ;
#6717 = FILL_AREA_STYLE_COLOUR ( '', #9215 ) ;
#6718 = CIRCLE ( 'NONE', #7518, 4.985276673768730404 ) ;
#6719 = DIRECTION ( 'NONE',  ( 0.0000000000000000000, 0.0000000000000000000, 1.000000000000000000 ) ) ;
#6720 = VECTOR ( 'NONE', #967, 1000.000000000000000 ) ;
#6721 = EDGE_CURVE ( 'NONE', #8960, #5921, #7875, .T. ) ;
#6722 = EDGE_LOOP ( 'NONE', ( #5343, #4186, #10371, #1347 ) ) ;
#6723 = AXIS2_PLACEMENT_3D ( 'NONE', #8133, #8636, #398 ) ;
#6724 = COLOUR_RGB ( '',0.7921568627450980005, 0.8196078431372548767, 0.9333333333333333481 ) ;
#6725 = ORIENTED_EDGE ( 'NONE', *, *, #7509, .T. ) ;
#6726 = DIRECTION ( 'NONE',  ( 1.000000000000000000, -3.974093781328685171E-14, 0.0000000000000000000 ) ) ;
#6727 = VERTEX_POINT ( 'NONE', #4538 ) ;
#6728 = CARTESIAN_POINT ( 'NONE',  ( -45.71293249679403203, -13.54498398776496337, -16.50000000000000000 ) ) ;
#6729 = CARTESIAN_POINT ( 'NONE',  ( 4.584468311783461481, 21.85343783508475823, 2.228311280696371632 ) ) ;
#6730 = ORIENTED_EDGE ( 'NONE', *, *, #5224, .F. ) ;
#6731 = EDGE_CURVE ( 'NONE', #3127, #5631, #1626, .T. ) ;
#6732 = ORIENTED_EDGE ( 'NONE', *, *, #2220, .F. ) ;
#6733 = DIRECTION ( 'NONE',  ( 0.0000000000000000000, 1.000000000000000000, 0.0000000000000000000 ) ) ;
#6734 = CARTESIAN_POINT ( 'NONE',  ( 0.0000000000000000000, 0.7367339822379570524, 0.0000000000000000000 ) ) ;
#6735 = ORIENTED_EDGE ( 'NONE', *, *, #3582, .T. ) ;
#6736 = ORIENTED_EDGE ( 'NONE', *, *, #10728, .F. ) ;
#6737 = AXIS2_PLACEMENT_3D ( 'NONE', #6469, #9081, #2301 ) ;
#6738 = AXIS2_PLACEMENT_3D ( 'NONE', #3219, #5652, #658 ) ;
#6739 = VERTEX_POINT ( 'NONE', #10389 ) ;
#6740 = CARTESIAN_POINT ( 'NONE',  ( -19.08267016647882031, -0.8567141018850644718, -13.80192682220377343 ) ) ;
#6741 = DIRECTION ( 'NONE',  ( 0.0000000000000000000, 0.0000000000000000000, 1.000000000000000000 ) ) ;
#6742 = CARTESIAN_POINT ( 'NONE',  ( -12.00290912278228994, -2.000000000000000000, -13.99999999999999822 ) ) ;
#6743 = DIRECTION ( 'NONE',  ( -1.000000000000000000, -0.0000000000000000000, -0.0000000000000000000 ) ) ;
#6744 = VERTEX_POINT ( 'NONE', #6320 ) ;
#6745 = CYLINDRICAL_SURFACE ( 'NONE', #1266, 0.9999999999999998890 ) ;
#6746 = ORIENTED_EDGE ( 'NONE', *, *, #1986, .T. ) ;
#6747 = DIRECTION ( 'NONE',  ( 0.0000000000000000000, 0.0000000000000000000, -1.000000000000000000 ) ) ;
#6748 = ORIENTED_EDGE ( 'NONE', *, *, #6132, .F. ) ;
#6749 = SPHERICAL_SURFACE ( 'NONE', #1246, 1.000000000000000000 ) ;
#6750 = EDGE_LOOP ( 'NONE', ( #8288, #6863 ) ) ;
#6751 = EDGE_CURVE ( 'NONE', #5892, #1965, #10411, .T. ) ;
#6752 = CARTESIAN_POINT ( 'NONE',  ( 0.0000000000000000000, 2.000000000000000000, 0.0000000000000000000 ) ) ;
#6753 =( LENGTH_UNIT ( ) NAMED_UNIT ( * ) SI_UNIT ( .MILLI., .METRE. ) );
#6754 = DIRECTION ( 'NONE',  ( 0.0000000000000000000, 0.0000000000000000000, 1.000000000000000000 ) ) ;
#6755 = AXIS2_PLACEMENT_3D ( 'NONE', #9342, #1890, #5132 ) ;
#6756 = ORIENTED_EDGE ( 'NONE', *, *, #1282, .T. ) ;
#6757 = DIRECTION ( 'NONE',  ( 0.0000000000000000000, 0.0000000000000000000, 1.000000000000000000 ) ) ;
#6758 = MECHANICAL_DESIGN_GEOMETRIC_PRESENTATION_REPRESENTATION (  '', ( #5650 ), #10077 ) ;
#6759 = ADVANCED_FACE ( 'NONE', ( #10425 ), #7699, .T. ) ;
#6760 = CIRCLE ( 'NONE', #229, 15.56835092944197640 ) ;
#6761 = ADVANCED_FACE ( 'NONE', ( #4352 ), #2898, .T. ) ;
#6762 = VERTEX_POINT ( 'NONE', #1353 ) ;
#6763 = CARTESIAN_POINT ( 'NONE',  ( -5.000000000000000000, 2.419979747126332903, -5.788163366729714099 ) ) ;
#6764 = CARTESIAN_POINT ( 'NONE',  ( 39.45829927071361709, 22.04389896173497476, 2.554085655700671698 ) ) ;
#6765 = LINE ( 'NONE', #8359, #9105 ) ;
#6766 = MANIFOLD_SOLID_BREP ( 'Скругление2', #3960 ) ;
#6767 = EDGE_CURVE ( 'NONE', #5076, #5841, #1368, .T. ) ;
#6768 = CARTESIAN_POINT ( 'NONE',  ( 34.00000000000000000, 20.11813772300484970, 2.499999999999999556 ) ) ;
#6769 = CARTESIAN_POINT ( 'NONE',  ( -49.32428295434048238, -6.327103434332690846, 16.00000000000000000 ) ) ;
#6770 = LINE ( 'NONE', #10071, #9107 ) ;
#6771 = ORIENTED_EDGE ( 'NONE', *, *, #9986, .F. ) ;
#6772 = CARTESIAN_POINT ( 'NONE',  ( -47.47570401920434335, -4.085330037192112407, 15.91858856404277134 ) ) ;
#6773 = ORIENTED_EDGE ( 'NONE', *, *, #3418, .T. ) ;
#6774 = ORIENTED_EDGE ( 'NONE', *, *, #8725, .T. ) ;
#6775 = STYLED_ITEM ( 'NONE', ( #5819 ), #2765 ) ;
#6776 = TOROIDAL_SURFACE ( 'NONE', #4803, 11.00000000000000000, 1.000000000000000000 ) ;
#6777 = DIRECTION ( 'NONE',  ( -1.000000000000000000, -0.0000000000000000000, -0.0000000000000000000 ) ) ;
#6778 = DIRECTION ( 'NONE',  ( -0.0000000000000000000, -1.000000000000000000, -0.0000000000000000000 ) ) ;
#6779 = AXIS2_PLACEMENT_3D ( 'NONE', #9270, #5990, #2666 ) ;
#6780 = CARTESIAN_POINT ( 'NONE',  ( -18.39635071964818280, 0.08532708080619431923, -10.49217164494754329 ) ) ;
#6781 = CARTESIAN_POINT ( 'NONE',  ( 0.01055556052338909624, -4.084588180558400339, 2.925285743277528994 ) ) ;
#6782 = CARTESIAN_POINT ( 'NONE',  ( -10.06454738757329359, -3.286789689048631669, -17.28411431548448007 ) ) ;
#6783 = ORIENTED_EDGE ( 'NONE', *, *, #858, .F. ) ;
#6784 = CARTESIAN_POINT ( 'NONE',  ( 14.00277054303874280, 3.226225713035839604, -1.887726620859621507 ) ) ;
#6785 = CARTESIAN_POINT ( 'NONE',  ( 3.000000000000000000, 0.0000000000000000000, -5.421010862427522170E-17 ) ) ;
#6786 = ORIENTED_EDGE ( 'NONE', *, *, #183, .F. ) ;
#6787 = DIRECTION ( 'NONE',  ( 0.0000000000000000000, 1.000000000000000000, 0.0000000000000000000 ) ) ;
#6788 = CARTESIAN_POINT ( 'NONE',  ( 0.0000000000000000000, 0.0000000000000000000, 0.0000000000000000000 ) ) ;
#6789 = CARTESIAN_POINT ( 'NONE',  ( -46.30940107675852602, -10.00000000000000178, 17.00000000000000000 ) ) ;
#6790 = EDGE_CURVE ( 'NONE', #6002, #2325, #204, .T. ) ;
#6791 = PLANE ( 'NONE',  #3358 ) ;
#6792 = AXIS2_PLACEMENT_3D ( 'NONE', #3131, #9004, #2299 ) ;
#6793 =( LENGTH_UNIT ( ) NAMED_UNIT ( * ) SI_UNIT ( .MILLI., .METRE. ) );
#6794 = ORIENTED_EDGE ( 'NONE', *, *, #4025, .F. ) ;
#6795 = CARTESIAN_POINT ( 'NONE',  ( -33.87316485015981016, -16.19999999999999574, -15.99999999999999645 ) ) ;
#6796 = DIRECTION ( 'NONE',  ( 1.000000000000000000, 0.0000000000000000000, 0.0000000000000000000 ) ) ;
#6797 = FACE_OUTER_BOUND ( 'NONE', #10096, .T. ) ;
#6798 = FACE_OUTER_BOUND ( 'NONE', #2995, .T. ) ;
#6799 = DIRECTION ( 'NONE',  ( -1.000000000000000000, 0.0000000000000000000, 1.734723475976807341E-16 ) ) ;
#6800 = CARTESIAN_POINT ( 'NONE',  ( -14.50000000000000533, 1.959434878635765920E-15, 13.50000000000000000 ) ) ;
#6801 = CARTESIAN_POINT ( 'NONE',  ( -48.63335286844683480, -7.843328432783208903, -16.50000000000000000 ) ) ;
#6802 = ORIENTED_EDGE ( 'NONE', *, *, #2943, .T. ) ;
#6803 = DIRECTION ( 'NONE',  ( -0.0000000000000000000, -1.000000000000000000, 0.0000000000000000000 ) ) ;
#6804 = CARTESIAN_POINT ( 'NONE',  ( -18.06039371099786095, -25.00000000000000000, -20.00000000000000355 ) ) ;
#6805 = EDGE_CURVE ( 'NONE', #6231, #5029, #9292, .T. ) ;
#6806 = EDGE_CURVE ( 'NONE', #6491, #8149, #4475, .T. ) ;
#6807 = AXIS2_PLACEMENT_3D ( 'NONE', #3193, #741, #4589 ) ;
#6808 = ADVANCED_FACE ( 'NONE', ( #3450, #459 ), #10577, .F. ) ;
#6809 = CIRCLE ( 'NONE', #706, 11.00000000000000000 ) ;
#6810 = CARTESIAN_POINT ( 'NONE',  ( -15.06463764088420909, -1.227605946383592439, -14.37507988786236091 ) ) ;
#6811 = CIRCLE ( 'NONE', #2963, 1.000000000000000888 ) ;
#6812 = DIRECTION ( 'NONE',  ( 1.000000000000000000, 0.0000000000000000000, 0.0000000000000000000 ) ) ;
#6813 = CARTESIAN_POINT ( 'NONE',  ( 21.72202849340033382, 0.0000000000000000000, -1.951599337616953145 ) ) ;
#6814 = EDGE_LOOP ( 'NONE', ( #8561, #1852, #9229, #3223 ) ) ;
#6815 = EDGE_CURVE ( 'NONE', #8510, #2354, #8897, .T. ) ;
#6816 = AXIS2_PLACEMENT_3D ( 'NONE', #5478, #7956, #4672 ) ;
#6817 = AXIS2_PLACEMENT_3D ( 'NONE', #948, #4409, #10195 ) ;
#6818 = DIRECTION ( 'NONE',  ( -1.000000000000000000, 0.0000000000000000000, 0.0000000000000000000 ) ) ;
#6819 = VECTOR ( 'NONE', #3707, 1000.000000000000000 ) ;
#6820 = CIRCLE ( 'NONE', #9940, 17.00000000000000000 ) ;
#6821 = FACE_OUTER_BOUND ( 'NONE', #2084, .T. ) ;
#6822 = CARTESIAN_POINT ( 'NONE',  ( -40.94936990562959522, -9.160158949754924507, 16.00000000000000000 ) ) ;
#6823 = ADVANCED_BREP_SHAPE_REPRESENTATION ( '', ( #3045, #8615 ), #7853 ) ;
#6824 = VECTOR ( 'NONE', #10179, 1000.000000000000000 ) ;
#6825 = FILL_AREA_STYLE ('',( #5014 ) ) ;
#6826 = ORIENTED_EDGE ( 'NONE', *, *, #2000, .T. ) ;
#6827 = FILL_AREA_STYLE_COLOUR ( '', #4503 ) ;
#6828 = CARTESIAN_POINT ( 'NONE',  ( -16.65502282055668459, -3.159629687630301387, -15.65273905499032381 ) ) ;
#6829 = CARTESIAN_POINT ( 'NONE',  ( 10.22913966655008799, 3.226173678530182443, -7.978512677311520918 ) ) ;
#6830 = VECTOR ( 'NONE', #3250, 1000.000000000000000 ) ;
#6831 = FACE_BOUND ( 'NONE', #224, .T. ) ;
#6832 = CARTESIAN_POINT ( 'NONE',  ( -10.27055839269028503, -34.30725185571504454, 17.16478297287649823 ) ) ;
#6833 = PRESENTATION_LAYER_ASSIGNMENT (  '', '', ( #1700 ) ) ;
#6834 = VERTEX_POINT ( 'NONE', #9785 ) ;
#6835 = DIRECTION ( 'NONE',  ( 0.0000000000000000000, 0.0000000000000000000, -1.000000000000000000 ) ) ;
#6836 = CARTESIAN_POINT ( 'NONE',  ( -48.45584252319865470, -14.98277595945818774, -16.00000000000000000 ) ) ;
#6837 = CARTESIAN_POINT ( 'NONE',  ( -48.79770978298941486, -8.035100114331980237, 16.50000000000000000 ) ) ;
#6838 = SURFACE_STYLE_FILL_AREA ( #6309 ) ;
#6839 = CIRCLE ( 'NONE', #2754, 4.999999999999999112 ) ;
#6840 = ORIENTED_EDGE ( 'NONE', *, *, #9048, .T. ) ;
#6841 = ORIENTED_EDGE ( 'NONE', *, *, #7750, .T. ) ;
#6842 = CARTESIAN_POINT ( 'NONE',  ( -17.59653630412001846, -2.465425088029040701, -15.31728402797857136 ) ) ;
#6843 = ORIENTED_EDGE ( 'NONE', *, *, #1451, .T. ) ;
#6844 = CARTESIAN_POINT ( 'NONE',  ( -21.25235012305799387, -27.00000000000000355, -21.71688605722899013 ) ) ;
#6845 = CARTESIAN_POINT ( 'NONE',  ( -11.31370849898476294, 0.0000000000000000000, -14.00000000000000000 ) ) ;
#6846 = ORIENTED_EDGE ( 'NONE', *, *, #9470, .F. ) ;
#6847 = EDGE_CURVE ( 'NONE', #7631, #253, #2294, .T. ) ;
#6848 = ORIENTED_EDGE ( 'NONE', *, *, #9901, .F. ) ;
#6850 = LINE ( 'NONE', #6486, #9850 ) ;
#6849 = AXIS2_PLACEMENT_3D ( 'NONE', #7418, #6664, #761 ) ;
#6851 = ORIENTED_EDGE ( 'NONE', *, *, #604, .T. ) ;
#6852 = ORIENTED_EDGE ( 'NONE', *, *, #491, .T. ) ;
#6853 = CARTESIAN_POINT ( 'NONE',  ( -10.78496417532988261, -0.3469791206856423504, 16.84371958131699998 ) ) ;
#6854 = CARTESIAN_POINT ( 'NONE',  ( -24.25235012305799032, -27.00000000000000355, 13.99999999999999822 ) ) ;
#6855 = CARTESIAN_POINT ( 'NONE',  ( -48.23596915733135404, -5.651799744478239518, 16.00000000000000000 ) ) ;
#6856 = VERTEX_POINT ( 'NONE', #6438 ) ;
#6857 = DIRECTION ( 'NONE',  ( 1.000000000000000000, 0.0000000000000000000, 0.0000000000000000000 ) ) ;
#6858 =( NAMED_UNIT ( * ) SI_UNIT ( $, .STERADIAN. ) SOLID_ANGLE_UNIT ( ) );
#6859 = ORIENTED_EDGE ( 'NONE', *, *, #219, .F. ) ;
#6860 = CARTESIAN_POINT ( 'NONE',  ( 0.0000000000000000000, 132.7585063021263352, 0.0000000000000000000 ) ) ;
#6861 = ADVANCED_FACE ( 'NONE', ( #3972 ), #84, .T. ) ;
#6862 = EDGE_LOOP ( 'NONE', ( #1136, #6648, #5413, #6978 ) ) ;
#6863 = ORIENTED_EDGE ( 'NONE', *, *, #4217, .T. ) ;
#6864 = EDGE_CURVE ( 'NONE', #1026, #10212, #203, .T. ) ;
#6865 = SHAPE_REPRESENTATION ( 'Дно_00', ( #8615 ), #4537 ) ;
#6866 = CARTESIAN_POINT ( 'NONE',  ( 0.4465819873849492527, -2.886751345948519010, -5.000000000000000888 ) ) ;
#6867 = EDGE_CURVE ( 'NONE', #1676, #5094, #5904, .T. ) ;
#6868 = ORIENTED_EDGE ( 'NONE', *, *, #9032, .T. ) ;
#6869 = CARTESIAN_POINT ( 'NONE',  ( -16.87007700666916321, 1.458019496901077128, -8.632292526756938145 ) ) ;
#6870 = FACE_OUTER_BOUND ( 'NONE', #7393, .T. ) ;
#6871 = CARTESIAN_POINT ( 'NONE',  ( -49.79534160293808043, -6.765017332855848942, 16.00000000000000000 ) ) ;
#6872 = CARTESIAN_POINT ( 'NONE',  ( 0.0000000000000000000, -2.316617955123370987, 4.012500000000000178 ) ) ;
#6873 = VERTEX_POINT ( 'NONE', #1573 ) ;
#6874 = VERTEX_POINT ( 'NONE', #4796 ) ;
#6875 = EDGE_CURVE ( 'NONE', #2219, #5589, #8490, .T. ) ;
#6876 = ORIENTED_EDGE ( 'NONE', *, *, #7497, .F. ) ;
#6877 = ORIENTED_EDGE ( 'NONE', *, *, #10109, .F. ) ;
#6878 = CARTESIAN_POINT ( 'NONE',  ( 2.042722029677828239E-15, -2.352327244186589006, -16.36018239871366831 ) ) ;
#6879 = ORIENTED_EDGE ( 'NONE', *, *, #336, .F. ) ;
#6880 = CIRCLE ( 'NONE', #733, 14.70504488684320776 ) ;
#6881 = AXIS2_PLACEMENT_3D ( 'NONE', #2337, #6548, #3273 ) ;
#6882 = DIRECTION ( 'NONE',  ( 0.0000000000000000000, 0.0000000000000000000, -1.000000000000000000 ) ) ;
#6883 = ORIENTED_EDGE ( 'NONE', *, *, #9910, .F. ) ;
#6884 = AXIS2_PLACEMENT_3D ( 'NONE', #5261, #9509, #2853 ) ;
#6885 = CARTESIAN_POINT ( 'NONE',  ( -16.36912197111185918, -3.335587586667412729, -15.71484169535386854 ) ) ;
#6886 = CARTESIAN_POINT ( 'NONE',  ( -3.716357056078242738E-15, -4.207632145829742321, 2.712167343862823543 ) ) ;
#6887 = CARTESIAN_POINT ( 'NONE',  ( -46.14542788219398517, -4.822834520243437950, 15.99999999999986500 ) ) ;
#6888 = VECTOR ( 'NONE', #9418, 1000.000000000000000 ) ;
#6889 = FACE_OUTER_BOUND ( 'NONE', #4783, .T. ) ;
#6890 = VERTEX_POINT ( 'NONE', #7333 ) ;
#6891 = ORIENTED_EDGE ( 'NONE', *, *, #5072, .F. ) ;
#6892 = EDGE_CURVE ( 'NONE', #7737, #2051, #9570, .T. ) ;
#6893 = CARTESIAN_POINT ( 'NONE',  ( -4.182066831946703367, 3.358985280702819320, -0.1739375980333736083 ) ) ;
#6894 = DIRECTION ( 'NONE',  ( -0.4794873788433848261, 0.0000000000000000000, 0.8775487755845259308 ) ) ;
#6895 = SURFACE_SIDE_STYLE ('',( #9845 ) ) ;
#6896 = STYLED_ITEM ( 'NONE', ( #3059 ), #3045 ) ;
#6897 = MANIFOLD_SOLID_BREP ( 'Повернуть-Тонкостенный1', #6935 ) ;
#6898 = AXIS2_PLACEMENT_3D ( 'NONE', #5192, #1194, #6857 ) ;
#6899 = ORIENTED_EDGE ( 'NONE', *, *, #7486, .F. ) ;
#6900 = CARTESIAN_POINT ( 'NONE',  ( 0.0000000000000000000, -4.330127018922194537, -2.499999999999999556 ) ) ;
#6901 = VERTEX_POINT ( 'NONE', #8160 ) ;
#6902 = ORIENTED_EDGE ( 'NONE', *, *, #4085, .T. ) ;
#6903 = EDGE_LOOP ( 'NONE', ( #8666, #8587, #8422, #10628, #9386 ) ) ;
#6904 = DIRECTION ( 'NONE',  ( -0.0000000000000000000, 1.000000000000000000, -0.0000000000000000000 ) ) ;
#6905 = EDGE_CURVE ( 'NONE', #10023, #6002, #10700, .T. ) ;
#6906 = CARTESIAN_POINT ( 'NONE',  ( -21.49917307456695781, 0.0000000000000000000, -11.00000000000000355 ) ) ;
#6907 = CARTESIAN_POINT ( 'NONE',  ( -12.24995367971744109, 0.4223035137238299042, -15.76041223938424629 ) ) ;
#6908 = CARTESIAN_POINT ( 'NONE',  ( 7.638851952031433967, 19.42081004753753248, 3.000000000000005329 ) ) ;
#6909 = ORIENTED_EDGE ( 'NONE', *, *, #2624, .T. ) ;
#6910 = EDGE_CURVE ( 'NONE', #5856, #7059, #1878, .T. ) ;
#6911 = AXIS2_PLACEMENT_3D ( 'NONE', #3799, #4608, #5467 ) ;
#6912 = ADVANCED_FACE ( 'NONE', ( #8113 ), #737, .F. ) ;
#6913 = CARTESIAN_POINT ( 'NONE',  ( 0.0000000000000000000, 7.119265967618437330, 0.0000000000000000000 ) ) ;
#6914 = CARTESIAN_POINT ( 'NONE',  ( -16.40819268752337479, -3.311523621965617892, -15.70630179118626835 ) ) ;
#6915 = DIRECTION ( 'NONE',  ( -0.0000000000000000000, -0.0000000000000000000, 1.000000000000000000 ) ) ;
#6916 = VECTOR ( 'NONE', #3873, 1000.000000000000000 ) ;
#6917 = EDGE_LOOP ( 'NONE', ( #4688, #2958, #3082, #7133, #6360, #1540 ) ) ;
#6918 = CARTESIAN_POINT ( 'NONE',  ( 33.62240755918066526, 19.64464036285312076, 1.641795276395590530 ) ) ;
#6919 = CARTESIAN_POINT ( 'NONE',  ( -34.73236286562587338, -4.000000000000000888, -15.89897948556635221 ) ) ;
#6920 = EDGE_CURVE ( 'NONE', #8401, #8002, #4875, .T. ) ;
#6921 = DIRECTION ( 'NONE',  ( 0.0000000000000000000, 0.0000000000000000000, -1.000000000000000000 ) ) ;
#6922 = DIRECTION ( 'NONE',  ( -1.000000000000000000, 0.0000000000000000000, 0.0000000000000000000 ) ) ;
#6923 = DIRECTION ( 'NONE',  ( 0.0000000000000000000, 0.0000000000000000000, -1.000000000000000000 ) ) ;
#6924 = ORIENTED_EDGE ( 'NONE', *, *, #7409, .F. ) ;
#6925 = DIRECTION ( 'NONE',  ( -0.0000000000000000000, -1.000000000000000000, -0.0000000000000000000 ) ) ;
#6926 = CARTESIAN_POINT ( 'NONE',  ( 40.63042779386440628, 21.49339341425656613, 2.000000000000000000 ) ) ;
#6927 = CARTESIAN_POINT ( 'NONE',  ( -18.02984479708011634, 1.458029347253756658, 5.875529975035612473 ) ) ;
#6928 = CARTESIAN_POINT ( 'NONE',  ( -13.32363372575705895, -1.861899468790719769, 15.19338681098052923 ) ) ;
#6929 = CARTESIAN_POINT ( 'NONE',  ( 0.0000000000000000000, 0.0000000000000000000, 0.0000000000000000000 ) ) ;
#6930 = CARTESIAN_POINT ( 'NONE',  ( -35.19615242270663913, -4.000000000000000888, 15.89897948556635221 ) ) ;
#6931 = CARTESIAN_POINT ( 'NONE',  ( -15.39124060101374880, -2.862617658812337762, 15.54777206261789857 ) ) ;
#6932 = EDGE_CURVE ( 'NONE', #9756, #5163, #1291, .T. ) ;
#6933 = AXIS2_PLACEMENT_3D ( 'NONE', #9146, #3268, #5001 ) ;
#6934 = CIRCLE ( 'NONE', #5759, 7.000000000000000000 ) ;
#6935 = CLOSED_SHELL ( 'NONE', ( #1762, #6504, #7302, #5926, #9972, #5724, #845, #5834, #3330, #4046, #6662, #1809, #4255, #6313, #3935, #3067 ) ) ;
#6936 = CARTESIAN_POINT ( 'NONE',  ( 3.708000751093670999, 22.09803150779407588, 2.755097551169056747 ) ) ;
#6937 = CARTESIAN_POINT ( 'NONE',  ( 0.0000000000000000000, 0.0000000000000000000, 0.0000000000000000000 ) ) ;
#6938 = CARTESIAN_POINT ( 'NONE',  ( -48.23596915733135404, -5.651799744478239518, -16.00000000000000000 ) ) ;
#6939 = CARTESIAN_POINT ( 'NONE',  ( -14.61159622660709090, -1.426189066779195214, -14.63581874852336995 ) ) ;
#6940 = FACE_OUTER_BOUND ( 'NONE', #3771, .T. ) ;
#6941 = CARTESIAN_POINT ( 'NONE',  ( 39.26439155837419293, 21.05655294009385514, 1.000000000000000000 ) ) ;
#6942 = CONICAL_SURFACE ( 'NONE', #6933, 3.000000000000000000, 0.9599310885968798113 ) ;
#6943 = CIRCLE ( 'NONE', #879, 4.999999999999999112 ) ;
#6944 = EDGE_CURVE ( 'NONE', #1410, #5377, #6820, .T. ) ;
#6945 = ADVANCED_BREP_SHAPE_REPRESENTATION ( '', ( #1098, #8615 ), #10149 ) ;
#6946 = VERTEX_POINT ( 'NONE', #6655 ) ;
#6947 = AXIS2_PLACEMENT_3D ( 'NONE', #9245, #936, #6726 ) ;
#6948 = AXIS2_PLACEMENT_3D ( 'NONE', #7410, #5675, #7480 ) ;
#6949 = CARTESIAN_POINT ( 'NONE',  ( -15.64502949715198810, -3.842470618621818268, 15.86610473381718656 ) ) ;
#6950 = PLANE ( 'NONE',  #5273 ) ;
#6951 = CONTEXT_DEPENDENT_SHAPE_REPRESENTATION ( #10506, #5976 ) ;
#6952 = VECTOR ( 'NONE', #1003, 1000.000000000000000 ) ;
#6953 = DIRECTION ( 'NONE',  ( 1.000000000000000000, 0.0000000000000000000, 0.0000000000000000000 ) ) ;
#6954 = LINE ( 'NONE', #8373, #7843 ) ;
#6955 =( NAMED_UNIT ( * ) SI_UNIT ( $, .STERADIAN. ) SOLID_ANGLE_UNIT ( ) );
#6956 = DIRECTION ( 'NONE',  ( 0.0000000000000000000, 0.0000000000000000000, 1.000000000000000000 ) ) ;
#6957 = CARTESIAN_POINT ( 'NONE',  ( -31.04297925849013851, -1.806493066945416892, 14.87113751054685196 ) ) ;
#6958 = DIRECTION ( 'NONE',  ( 0.0000000000000000000, -0.9861790539178935111, -0.1656830516788259655 ) ) ;
#6959 = CARTESIAN_POINT ( 'NONE',  ( 5.000000000000000000, 6.123233995736766282E-16, 13.49999999999999822 ) ) ;
#6960 = ORIENTED_EDGE ( 'NONE', *, *, #979, .F. ) ;
#6961 = ADVANCED_FACE ( 'NONE', ( #7972 ), #10424, .T. ) ;
#6962 = CARTESIAN_POINT ( 'NONE',  ( 0.0000000000000000000, 20.72999999999999687, 1.000000000000000000 ) ) ;
#6963 = EDGE_LOOP ( 'NONE', ( #9468, #9579, #5690, #9372 ) ) ;
#6964 = SHAPE_REPRESENTATION_RELATIONSHIP ( 'NONE' , 'NONE' ,  #7193, #9097 ) ;
#6965 = FACE_OUTER_BOUND ( 'NONE', #8145, .T. ) ;
#6966 = ORIENTED_EDGE ( 'NONE', *, *, #10499, .T. ) ;
#6967 = AXIS2_PLACEMENT_3D ( 'NONE', #6557, #7515, #6754 ) ;
#6968 = CONICAL_SURFACE ( 'NONE', #10289, 2.449999999999999734, 0.9599310885968848073 ) ;
#6969 = CARTESIAN_POINT ( 'NONE',  ( -24.14270844651870362, 5.204170427930421283E-15, 0.9528243731793568649 ) ) ;
#6970 = CARTESIAN_POINT ( 'NONE',  ( -13.28931788402439196, -1.912932934169528476, 15.22152191663973220 ) ) ;
#6971 = DIRECTION ( 'NONE',  ( 0.0000000000000000000, 0.4999999999999998335, -0.8660254037844387076 ) ) ;
#6972 = CARTESIAN_POINT ( 'NONE',  ( 3.500000000000000000, 7.511572993685796142E-16, -5.000000000000000000 ) ) ;
#6973 = VERTEX_POINT ( 'NONE', #9917 ) ;
#6974 = AXIS2_PLACEMENT_3D ( 'NONE', #10088, #5135, #1832 ) ;
#6975 = CYLINDRICAL_SURFACE ( 'NONE', #5231, 1.000000000000000000 ) ;
#6976 = ORIENTED_EDGE ( 'NONE', *, *, #786, .F. ) ;
#6977 = CARTESIAN_POINT ( 'NONE',  ( 39.52367052945345449, 20.55303224445479771, 27.97429001711151031 ) ) ;
#6978 = ORIENTED_EDGE ( 'NONE', *, *, #4039, .T. ) ;
#6979 = ORIENTED_EDGE ( 'NONE', *, *, #1866, .T. ) ;
#6980 = CARTESIAN_POINT ( 'NONE',  ( -2.500000000000007994, 4.330127018922190096, 0.0000000000000000000 ) ) ;
#6981 = ORIENTED_EDGE ( 'NONE', *, *, #5883, .T. ) ;
#6982 = ORIENTED_EDGE ( 'NONE', *, *, #119, .F. ) ;
#6983 = DIRECTION ( 'NONE',  ( 0.0000000000000000000, 0.0000000000000000000, 1.000000000000000000 ) ) ;
#6984 = CARTESIAN_POINT ( 'NONE',  ( -2.878813718459909854, 4.000000000000000000, 5.297992477654756449 ) ) ;
#6985 = SURFACE_STYLE_USAGE ( .BOTH. , #2913 ) ;
#6986 = EDGE_CURVE ( 'NONE', #1835, #5015, #8818, .T. ) ;
#6987 = ORIENTED_EDGE ( 'NONE', *, *, #4039, .F. ) ;
#6988 = ORIENTED_EDGE ( 'NONE', *, *, #10270, .F. ) ;
#6989 = CARTESIAN_POINT ( 'NONE',  ( -13.18399502992264161, -2.067738009667316135, 15.30779643320907191 ) ) ;
#6990 = EDGE_LOOP ( 'NONE', ( #1013, #3699, #10078, #9293 ) ) ;
#6991 = ORIENTED_EDGE ( 'NONE', *, *, #5594, .T. ) ;
#6992 = EDGE_LOOP ( 'NONE', ( #7900, #9211, #9591, #9776, #8026, #5287 ) ) ;
#6993 = CARTESIAN_POINT ( 'NONE',  ( 2.813185922302965825, 20.78161792689901688, 26.05365025823252267 ) ) ;
#6994 = VERTEX_POINT ( 'NONE', #4949 ) ;
#6995 = CARTESIAN_POINT ( 'NONE',  ( 0.0000000000000000000, 0.0000000000000000000, 0.0000000000000000000 ) ) ;
#6996 = CARTESIAN_POINT ( 'NONE',  ( -3.850397117029918936E-07, 4.000000000000000000, 5.999775301698644370 ) ) ;
#6997 = CARTESIAN_POINT ( 'NONE',  ( -10.63775292768128189, -0.7968836083268582282, 16.93683759692154567 ) ) ;
#6998 = VECTOR ( 'NONE', #10395, 1000.000000000000000 ) ;
#6999 = VERTEX_POINT ( 'NONE', #53 ) ;
#7000 = EDGE_CURVE ( 'NONE', #6482, #236, #2421, .T. ) ;
#7001 = SHAPE_REPRESENTATION ( 'Крышка_00', ( #8615 ), #104 ) ;
#7002 = FACE_OUTER_BOUND ( 'NONE', #205, .T. ) ;
#7003 = ORIENTED_EDGE ( 'NONE', *, *, #1674, .T. ) ;
#7004 = CARTESIAN_POINT ( 'NONE',  ( -21.92971449699184205, 6.938893903907228378E-15, 10.15831016771015349 ) ) ;
#7005 = CARTESIAN_POINT ( 'NONE',  ( -16.36194031830171269, -3.340144905255113983, 15.71644944775894892 ) ) ;
#7006 = DIRECTION ( 'NONE',  ( 0.0000000000000000000, 0.0000000000000000000, 1.000000000000000000 ) ) ;
#7007 = ORIENTED_EDGE ( 'NONE', *, *, #776, .F. ) ;
#7008 = CARTESIAN_POINT ( 'NONE',  ( -5.000000000000000000, 1.947085426416872878, -0.1996207071196892391 ) ) ;
#7009 = CARTESIAN_POINT ( 'NONE',  ( 43.44550000000000267, 0.0000000000000000000, 0.0000000000000000000 ) ) ;
#7010 = FACE_OUTER_BOUND ( 'NONE', #3842, .T. ) ;
#7011 = ORIENTED_EDGE ( 'NONE', *, *, #8231, .T. ) ;
#7012 = VECTOR ( 'NONE', #6229, 999.9999999999998863 ) ;
#7013 = CARTESIAN_POINT ( 'NONE',  ( 3.432478919415405283, 22.17796166070916897, 2.896684253148695376 ) ) ;
#7014 = DIRECTION ( 'NONE',  ( -0.0000000000000000000, -1.000000000000000000, -0.0000000000000000000 ) ) ;
#7015 = PRODUCT_DEFINITION_SHAPE ( 'NONE', 'NONE',  #6704 ) ;
#7016 = DIRECTION ( 'NONE',  ( -0.0000000000000000000, -0.0000000000000000000, 1.000000000000000000 ) ) ;
#7017 = ADVANCED_FACE ( 'NONE', ( #3577 ), #977, .T. ) ;
#7018 = AXIS2_PLACEMENT_3D ( 'NONE', #7596, #5176, #4269 ) ;
#7019 = CARTESIAN_POINT ( 'NONE',  ( 2.959716367706852314, 21.13483465857348165, 1.877548775584531482 ) ) ;
#7020 = DIRECTION ( 'NONE',  ( -1.000000000000000000, 0.0000000000000000000, 0.0000000000000000000 ) ) ;
#7021 = ORIENTED_EDGE ( 'NONE', *, *, #8761, .T. ) ;
#7022 = AXIS2_PLACEMENT_3D ( 'NONE', #8631, #9569, #1144 ) ;
#7023 = CARTESIAN_POINT ( 'NONE',  ( -16.36188070726570842, -3.340045599624497985, -15.71641449526273249 ) ) ;
#7024 = CARTESIAN_POINT ( 'NONE',  ( 0.3106000600989257121, -3.122278952918441153, 4.592054218142290978 ) ) ;
#7025 = DIRECTION ( 'NONE',  ( 0.0000000000000000000, 0.0000000000000000000, -1.000000000000000000 ) ) ;
#7026 = ORIENTED_EDGE ( 'NONE', *, *, #6910, .T. ) ;
#7027 = VECTOR ( 'NONE', #4478, 1000.000000000000000 ) ;
#7028 = CARTESIAN_POINT ( 'NONE',  ( 2.500000000000006217, -4.330127018922190985, 0.0000000000000000000 ) ) ;
#7029 = DIRECTION ( 'NONE',  ( -0.0000000000000000000, -1.000000000000000000, -0.0000000000000000000 ) ) ;
#7030 = CARTESIAN_POINT ( 'NONE',  ( -18.70461989525857760, -1.334610941063884226, 14.41274322125180340 ) ) ;
#7031 = ORIENTED_EDGE ( 'NONE', *, *, #8539, .F. ) ;
#7032 = DIRECTION ( 'NONE',  ( 0.0000000000000000000, 0.0000000000000000000, 1.000000000000000000 ) ) ;
#7033 = CARTESIAN_POINT ( 'NONE',  ( 0.1996310553826626810, 1.947030205581111062, 4.999999999999997335 ) ) ;
#7034 = CARTESIAN_POINT ( 'NONE',  ( 2.525603976908830539, 4.000000000000000000, -5.450515040205935691 ) ) ;
#7035 = ORIENTED_EDGE ( 'NONE', *, *, #8041, .F. ) ;
#7036 = AXIS2_PLACEMENT_3D ( 'NONE', #10434, #10477, #607 ) ;
#7037 = LINE ( 'NONE', #7820, #5326 ) ;
#7038 = PLANE ( 'NONE',  #955 ) ;
#7039 = CARTESIAN_POINT ( 'NONE',  ( 5.000000000000000000, -0.4878135028931865347, 5.607358110823467259E-16 ) ) ;
#7040 = CARTESIAN_POINT ( 'NONE',  ( -18.75837640620617464, -1.262988714589809325, 14.32451306228598753 ) ) ;
#7041 = EDGE_LOOP ( 'NONE', ( #7728, #1128, #8655, #4909, #8780 ) ) ;
#7042 = CARTESIAN_POINT ( 'NONE',  ( 0.0000000000000000000, 2.000000000000000000, 0.0000000000000000000 ) ) ;
#7043 = CARTESIAN_POINT ( 'NONE',  ( -12.55836922412350454, -1.199018532177088758, 15.91060584628007213 ) ) ;
#7044 = VECTOR ( 'NONE', #884, 1000.000000000000000 ) ;
#7045 = CYLINDRICAL_SURFACE ( 'NONE', #5215, 1.000000000000000000 ) ;
#7046 = CARTESIAN_POINT ( 'NONE',  ( 3.500000000000000000, 2.886751345948122438, -5.000000000000000000 ) ) ;
#7047 = CARTESIAN_POINT ( 'NONE',  ( -5.000000000000000000, -2.886751345948137981, -6.099999999999999645 ) ) ;
#7048 = EDGE_CURVE ( 'NONE', #2199, #4644, #10166, .T. ) ;
#7049 = AXIS2_PLACEMENT_3D ( 'NONE', #6164, #6925, #2001 ) ;
#7050 = ORIENTED_EDGE ( 'NONE', *, *, #3722, .T. ) ;
#7051 = CARTESIAN_POINT ( 'NONE',  ( 4.915530894284117380, 20.72999999999999687, 0.8089034684018074906 ) ) ;
#7052 = CARTESIAN_POINT ( 'NONE',  ( 33.69485974840337406, 19.73667871171356225, 26.28575253438168602 ) ) ;
#7053 = CARTESIAN_POINT ( 'NONE',  ( -10.90067712685979018, -0.03084390836003255212, -16.77217403608963053 ) ) ;
#7054 = DIRECTION ( 'NONE',  ( -1.000000000000000000, 7.709882115452484083E-16, 0.0000000000000000000 ) ) ;
#7055 = B_SPLINE_CURVE_WITH_KNOTS ( 'NONE', 3,
 ( #5431, #395, #1590, #2428, #8217, #1660 ),
 .UNSPECIFIED., .F., .F.,
 ( 4, 2, 4 ),
 ( 0.005150343764683555994, 0.006610526168996386578, 0.008070708573309217163 ),
 .UNSPECIFIED. ) ;
#7056 = FILL_AREA_STYLE_COLOUR ( '', #4359 ) ;
#7057 = EDGE_CURVE ( 'NONE', #2054, #8002, #7339, .T. ) ;
#7058 = CYLINDRICAL_SURFACE ( 'NONE', #9928, 2.849999999999999201 ) ;
#7059 = VERTEX_POINT ( 'NONE', #1645 ) ;
#7060 = AXIS2_PLACEMENT_3D ( 'NONE', #9727, #3109, #614 ) ;
#7061 = DIRECTION ( 'NONE',  ( 1.347358039593636966E-16, 0.0000000000000000000, -1.000000000000000000 ) ) ;
#7062 = CARTESIAN_POINT ( 'NONE',  ( 5.000000000000000000, 2.316617955123374095, 4.012499999999993960 ) ) ;
#7063 = CARTESIAN_POINT ( 'NONE',  ( 0.0000000000000000000, 0.0000000000000000000, -6.099999999999999645 ) ) ;
#7064 = CARTESIAN_POINT ( 'NONE',  ( 0.0000000000000000000, -35.00000000000000000, 0.0000000000000000000 ) ) ;
#7065 = CARTESIAN_POINT ( 'NONE',  ( 4.527468599365098711, 4.000000000000001776, 3.988325907850963858 ) ) ;
#7066 = ADVANCED_FACE ( 'NONE', ( #6032 ), #8368, .T. ) ;
#7067 = CARTESIAN_POINT ( 'NONE',  ( 41.63396376450977954, 22.96269241404051087, 25.00000000000000000 ) ) ;
#7068 = DIRECTION ( 'NONE',  ( 0.0000000000000000000, 0.0000000000000000000, -1.000000000000000000 ) ) ;
#7069 = CYLINDRICAL_SURFACE ( 'NONE', #9574, 10.00000000000000000 ) ;
#7070 = EDGE_CURVE ( 'NONE', #10083, #7433, #10299, .T. ) ;
#7071 = DIRECTION ( 'NONE',  ( -1.000000000000000000, -0.0000000000000000000, -0.0000000000000000000 ) ) ;
#7072 = COLOUR_RGB ( '',0.7921568627450980005, 0.8196078431372548767, 0.9333333333333333481 ) ;
#7073 = FACE_OUTER_BOUND ( 'NONE', #2479, .T. ) ;
#7074 = FACE_OUTER_BOUND ( 'NONE', #10344, .T. ) ;
#7075 = ORIENTED_EDGE ( 'NONE', *, *, #696, .T. ) ;
#7076 = DIRECTION ( 'NONE',  ( 1.000000000000000000, 0.0000000000000000000, 0.0000000000000000000 ) ) ;
#7077 = CARTESIAN_POINT ( 'NONE',  ( -15.07198352842252653, -1.227298756279103342, 14.37522358754021212 ) ) ;
#7078 = CARTESIAN_POINT ( 'NONE',  ( -12.00000000000000711, -3.999999999999996447, 14.00000000000000000 ) ) ;
#7079 = CARTESIAN_POINT ( 'NONE',  ( 27.94734990167305000, 10.69999999999999929, 28.00000000000000000 ) ) ;
#7080 = AXIS2_PLACEMENT_3D ( 'NONE', #790, #2523, #9121 ) ;
#7081 = ITEM_DEFINED_TRANSFORMATION ( 'NONE', 'NONE', #7264,  #8615 ) ;
#7082 = VECTOR ( 'NONE', #695, 1000.000000000000000 ) ;
#7083 = B_SPLINE_CURVE_WITH_KNOTS ( 'NONE', 3,
 ( #1320, #4111, #7443, #830 ),
 .UNSPECIFIED., .F., .F.,
 ( 4, 4 ),
 ( 2.380735200837499830E-07, 0.002921158011986722900 ),
 .UNSPECIFIED. ) ;
#7084 = VECTOR ( 'NONE', #6971, 1000.000000000000114 ) ;
#7085 = DIRECTION ( 'NONE',  ( -0.5000000000000032196, -0.8660254037844368202, -6.736790197968227970E-17 ) ) ;
#7086 = DIRECTION ( 'NONE',  ( 0.0000000000000000000, 0.0000000000000000000, -1.000000000000000000 ) ) ;
#7087 = MANIFOLD_SOLID_BREP ( 'Зеркальное отражение1', #9388 ) ;
#7088 = VERTEX_POINT ( 'NONE', #4316 ) ;
#7089 = DIRECTION ( 'NONE',  ( 1.000000000000000000, 0.0000000000000000000, 0.0000000000000000000 ) ) ;
#7090 = PLANE ( 'NONE',  #3044 ) ;
#7091 = CARTESIAN_POINT ( 'NONE',  ( 39.26439155837419293, 21.05655294009385514, 27.00000000000000000 ) ) ;
#7092 = CARTESIAN_POINT ( 'NONE',  ( -14.96662954709576354, -35.00000000000000000, 26.00000000000000000 ) ) ;
#7093 = EDGE_CURVE ( 'NONE', #412, #10339, #9415, .T. ) ;
#7094 = PRESENTATION_STYLE_ASSIGNMENT (( #1196 ) ) ;
#7095 = TOROIDAL_SURFACE ( 'NONE', #1651, 20.18874136332290803, 1.000000000000000000 ) ;
#7096 = ORIENTED_EDGE ( 'NONE', *, *, #3663, .T. ) ;
#7097 = LINE ( 'NONE', #4200, #6183 ) ;
#7098 = AXIS2_PLACEMENT_3D ( 'NONE', #3314, #3459, #9956 ) ;
#7099 = AXIS2_PLACEMENT_3D ( 'NONE', #6603, #8141, #766 ) ;
#7100 = VERTEX_POINT ( 'NONE', #6854 ) ;
#7101 = DIRECTION ( 'NONE',  ( 1.000000000000000000, 0.0000000000000000000, -1.224646799147353207E-16 ) ) ;
#7102 = CARTESIAN_POINT ( 'NONE',  ( 0.0000000000000000000, 0.0000000000000000000, -9.500000000000000000 ) ) ;
#7103 = CIRCLE ( 'NONE', #4195, 2.849999999999999201 ) ;
#7104 = ORIENTED_EDGE ( 'NONE', *, *, #2879, .F. ) ;
#7105 = CARTESIAN_POINT ( 'NONE',  ( 10.00000000000000178, 9.797174393178825657E-16, -8.000000000000000000 ) ) ;
#7106 = FILL_AREA_STYLE_COLOUR ( '', #10717 ) ;
#7107 = CARTESIAN_POINT ( 'NONE',  ( -32.19616364378418893, -3.025779147901860533, 15.60072273141345001 ) ) ;
#7108 = VERTEX_POINT ( 'NONE', #7678 ) ;
#7109 = EDGE_LOOP ( 'NONE', ( #6982, #899, #808, #2248 ) ) ;
#7111 = EDGE_CURVE ( 'NONE', #1293, #6994, #2781, .T. ) ;
#7110 = DIRECTION ( 'NONE',  ( 0.0000000000000000000, 1.000000000000000000, 0.0000000000000000000 ) ) ;
#7112 = DIRECTION ( 'NONE',  ( 0.0000000000000000000, 0.0000000000000000000, -1.000000000000000000 ) ) ;
#7113 = ORIENTED_EDGE ( 'NONE', *, *, #5964, .T. ) ;
#7114 = VERTEX_POINT ( 'NONE', #5983 ) ;
#7115 = PRODUCT_RELATED_PRODUCT_CATEGORY ( 'part', '', ( #4300 ) ) ;
#7116 = CARTESIAN_POINT ( 'NONE',  ( -13.64097462436908614, -1.765001920071536112, 15.07122547996387674 ) ) ;
#7117 = FACE_OUTER_BOUND ( 'NONE', #3881, .T. ) ;
#7118 = EDGE_CURVE ( 'NONE', #7114, #2312, #10369, .T. ) ;
#7119 = CARTESIAN_POINT ( 'NONE',  ( 40.26439155837420003, 20.81213173596535881, 0.8642778022210969580 ) ) ;
#7120 = EDGE_LOOP ( 'NONE', ( #6068, #8151, #10659, #8702 ) ) ;
#7121 = MECHANICAL_DESIGN_GEOMETRIC_PRESENTATION_REPRESENTATION (  '', ( #4145 ), #1005 ) ;
#7122 = CARTESIAN_POINT ( 'NONE',  ( -14.96662954709576177, -35.00000000000000000, -16.00000000000000000 ) ) ;
#7123 = CARTESIAN_POINT ( 'NONE',  ( -12.29401712988686235, -4.420814346740126410, -15.99999999859025657 ) ) ;
#7124 = VERTEX_POINT ( 'NONE', #187 ) ;
#7125 = ORIENTED_EDGE ( 'NONE', *, *, #10053, .F. ) ;
#7126 = CARTESIAN_POINT ( 'NONE',  ( -49.11713620887982756, -6.166423948098251451, -16.00000000000000000 ) ) ;
#7127 = SURFACE_SIDE_STYLE ('',( #3245 ) ) ;
#7128 = CARTESIAN_POINT ( 'NONE',  ( -12.00000000000000355, -35.00000000000000000, -16.00000000000000000 ) ) ;
#7129 = EDGE_LOOP ( 'NONE', ( #1549, #513, #6735, #4380, #1147 ) ) ;
#7130 = ADVANCED_FACE ( 'NONE', ( #1093 ), #9305, .T. ) ;
#7131 = VECTOR ( 'NONE', #5096, 1000.000000000000000 ) ;
#7132 = CARTESIAN_POINT ( 'NONE',  ( 5.000000000000000000, 4.633235910246737532, -7.806255641895631925E-15 ) ) ;
#7133 = ORIENTED_EDGE ( 'NONE', *, *, #3224, .F. ) ;
#7134 = CARTESIAN_POINT ( 'NONE',  ( -13.28904336180079682, -1.912740559392350992, -15.22141479602505498 ) ) ;
#7135 = CARTESIAN_POINT ( 'NONE',  ( 0.0000000000000000000, 5.999999999999996447, 0.0000000000000000000 ) ) ;
#7136 = B_SPLINE_CURVE_WITH_KNOTS ( 'NONE', 3,
 ( #9498, #7800, #4512, #10297 ),
 .UNSPECIFIED., .F., .F.,
 ( 4, 4 ),
 ( 2.380735200798150385E-07, 0.002921158011986703818 ),
 .UNSPECIFIED. ) ;
#7137 = ORIENTED_EDGE ( 'NONE', *, *, #4668, .F. ) ;
#7138 = VERTEX_POINT ( 'NONE', #7545 ) ;
#7139 = EDGE_CURVE ( 'NONE', #4131, #9466, #1367, .T. ) ;
#7140 = VERTEX_POINT ( 'NONE', #9262 ) ;
#7141 = LINE ( 'NONE', #8877, #10227 ) ;
#7142 = VERTEX_POINT ( 'NONE', #3560 ) ;
#7143 = CARTESIAN_POINT ( 'NONE',  ( -28.02020433871750882, -24.10435930197277443, 13.99999999999999822 ) ) ;
#7144 = CIRCLE ( 'NONE', #5357, 1.000000000000000000 ) ;
#7145 =( LENGTH_UNIT ( ) NAMED_UNIT ( * ) SI_UNIT ( .MILLI., .METRE. ) );
#7146 = CARTESIAN_POINT ( 'NONE',  ( 0.0000000000000000000, 0.0000000000000000000, 7.500000000000000000 ) ) ;
#7147 = CARTESIAN_POINT ( 'NONE',  ( 10.41784534861619171, 2.452491629505130000, -17.10150501899544651 ) ) ;
#7148 = DIRECTION ( 'NONE',  ( 0.0000000000000000000, 0.0000000000000000000, -1.000000000000000000 ) ) ;
#7149 = DIRECTION ( 'NONE',  ( 1.000000000000000000, 0.0000000000000000000, 0.0000000000000000000 ) ) ;
#7150 = CARTESIAN_POINT ( 'NONE',  ( -10.91175213059565685, 0.0000000000000000000, 16.76308921491894566 ) ) ;
#7151 = DIRECTION ( 'NONE',  ( 1.000000000000000000, 0.0000000000000000000, 0.0000000000000000000 ) ) ;
#7152 = VECTOR ( 'NONE', #1343, 1000.000000000000000 ) ;
#7153 = VERTEX_POINT ( 'NONE', #5092 ) ;
#7154 = DIRECTION ( 'NONE',  ( 0.9306005987039488447, -0.3660362354902201298, 0.0000000000000000000 ) ) ;
#7155 = CIRCLE ( 'NONE', #10565, 4.985276673768730404 ) ;
#7156 = EDGE_CURVE ( 'NONE', #9507, #4389, #3057, .T. ) ;
#7157 = EDGE_CURVE ( 'NONE', #9706, #5892, #866, .T. ) ;
#7158 = AXIS2_PLACEMENT_3D ( 'NONE', #5897, #8332, #947 ) ;
#7159 = CARTESIAN_POINT ( 'NONE',  ( 5.488715361940222692, 21.73000000000000043, 26.31517139053745780 ) ) ;
#7160 = SURFACE_STYLE_USAGE ( .BOTH. , #448 ) ;
#7161 = CARTESIAN_POINT ( 'NONE',  ( -16.38224151025577413, -3.327654283788922474, 15.71203389090373292 ) ) ;
#7162 = CARTESIAN_POINT ( 'NONE',  ( 27.94734990167305000, 10.69999999999999929, 0.0000000000000000000 ) ) ;
#7163 =( NAMED_UNIT ( * ) SI_UNIT ( $, .STERADIAN. ) SOLID_ANGLE_UNIT ( ) );
#7164 = DIRECTION ( 'NONE',  ( 0.0000000000000000000, 0.0000000000000000000, 1.000000000000000000 ) ) ;
#7165 = CARTESIAN_POINT ( 'NONE',  ( -18.94261816195358250, 1.458268429896693918, 0.7501814828337188823 ) ) ;
#7166 = ORIENTED_EDGE ( 'NONE', *, *, #769, .F. ) ;
#7167 = B_SPLINE_CURVE_WITH_KNOTS ( 'NONE', 3,
 ( #4344, #7675, #5396, #2102, #8747, #9659 ),
 .UNSPECIFIED., .F., .F.,
 ( 4, 2, 4 ),
 ( 0.0000000000000000000, 0.0004780491994607615229, 0.0009560983989215230457 ),
 .UNSPECIFIED. ) ;
#7168 = ORIENTED_EDGE ( 'NONE', *, *, #907, .T. ) ;
#7169 = EDGE_CURVE ( 'NONE', #9487, #10629, #9690, .T. ) ;
#7170 = CARTESIAN_POINT ( 'NONE',  ( -47.06491440541779525, -8.606364806012129165, -17.00000000000000000 ) ) ;
#7171 = VERTEX_POINT ( 'NONE', #2689 ) ;
#7172 = CARTESIAN_POINT ( 'NONE',  ( 40.26439155837419293, -1.200000000000000030E-05, 26.00000000000000355 ) ) ;
#7173 = CARTESIAN_POINT ( 'NONE',  ( 10.04704957030942580, 19.11813772300486747, 26.50000000000000000 ) ) ;
#7174 = AXIS2_PLACEMENT_3D ( 'NONE', #5543, #4021, #2328 ) ;
#7175 = DIRECTION ( 'NONE',  ( 0.0000000000000000000, 0.4999999999999982236, -0.8660254037844395958 ) ) ;
#7176 = AXIS2_PLACEMENT_3D ( 'NONE', #3952, #4774, #10533 ) ;
#7177 = CARTESIAN_POINT ( 'NONE',  ( 11.00000000000000000, 0.0000000000000000000, -9.500000000000000000 ) ) ;
#7178 = SURFACE_STYLE_USAGE ( .BOTH. , #6337 ) ;
#7179 = DIRECTION ( 'NONE',  ( 0.0000000000000000000, 0.0000000000000000000, -1.000000000000000000 ) ) ;
#7180 = ORIENTED_EDGE ( 'NONE', *, *, #5699, .F. ) ;
#7181 = EDGE_CURVE ( 'NONE', #8836, #10526, #5255, .T. ) ;
#7182 = ORIENTED_EDGE ( 'NONE', *, *, #2903, .T. ) ;
#7183 =( LENGTH_UNIT ( ) NAMED_UNIT ( * ) SI_UNIT ( .MILLI., .METRE. ) );
#7184 = VECTOR ( 'NONE', #9064, 1000.000000000000000 ) ;
#7185 =( REPRESENTATION_RELATIONSHIP ('NONE','NONE', #3297, #2894 ) REPRESENTATION_RELATIONSHIP_WITH_TRANSFORMATION ( #9431 )SHAPE_REPRESENTATION_RELATIONSHIP( ) );
#7186 = CARTESIAN_POINT ( 'NONE',  ( 34.48061228278506718, 20.11813772300484970, 2.499999999999999556 ) ) ;
#7187 = CARTESIAN_POINT ( 'NONE',  ( 17.19248235785697787, 0.0000000000000000000, -10.26701154168958752 ) ) ;
#7188 = PLANE ( 'NONE',  #9152 ) ;
#7189 = STYLED_ITEM ( 'NONE', ( #2454 ), #3571 ) ;
#7190 = ADVANCED_FACE ( 'NONE', ( #753 ), #215, .T. ) ;
#7191 = EDGE_LOOP ( 'NONE', ( #7050, #8576, #7613, #3536 ) ) ;
#7192 = DIRECTION ( 'NONE',  ( -0.0000000000000000000, -1.000000000000000000, -0.0000000000000000000 ) ) ;
#7193 = SHAPE_REPRESENTATION ( 'Тормоз_00', ( #8615 ), #5517 ) ;
#7194 = CARTESIAN_POINT ( 'NONE',  ( -33.87316485015981016, -22.19999999999999574, -20.00000000000000355 ) ) ;
#7195 = CYLINDRICAL_SURFACE ( 'NONE', #6551, 9.999999999999998224 ) ;
#7196 = CARTESIAN_POINT ( 'NONE',  ( -46.30940107675852602, -10.19999999999999929, 15.99999999999999289 ) ) ;
#7197 = SURFACE_STYLE_USAGE ( .BOTH. , #5528 ) ;
#7198 = ORIENTED_EDGE ( 'NONE', *, *, #8358, .T. ) ;
#7199 = ADVANCED_FACE ( 'NONE', ( #875 ), #6950, .T. ) ;
#7200 = ORIENTED_EDGE ( 'NONE', *, *, #4784, .T. ) ;
#7201 = CARTESIAN_POINT ( 'NONE',  ( -46.95153645854111346, -8.550630968717669589, -17.00000000000000000 ) ) ;
#7202 = CARTESIAN_POINT ( 'NONE',  ( 4.367397144824376909, 4.000000000000000888, -4.162998636181867163 ) ) ;
#7203 = EDGE_CURVE ( 'NONE', #9248, #10098, #4775, .T. ) ;
#7204 = CARTESIAN_POINT ( 'NONE',  ( 0.0000000000000000000, 0.0000000000000000000, 0.0000000000000000000 ) ) ;
#7205 = FACE_OUTER_BOUND ( 'NONE', #1967, .T. ) ;
#7206 = B_SPLINE_CURVE_WITH_KNOTS ( 'NONE', 3,
 ( #2778, #10368, #289, #10268 ),
 .UNSPECIFIED., .F., .F.,
 ( 4, 4 ),
 ( 0.0000000000000000000, 1.000000000000000000 ),
 .UNSPECIFIED. ) ;
#7207 = CONICAL_SURFACE ( 'NONE', #1859, 13.53952102847735972, 0.1664505954745205962 ) ;
#7208 = DIRECTION ( 'NONE',  ( -1.000000000000000000, -0.0000000000000000000, -0.0000000000000000000 ) ) ;
#7209 = FACE_BOUND ( 'NONE', #8793, .T. ) ;
#7210 = EDGE_CURVE ( 'NONE', #10027, #2048, #7213, .T. ) ;
#7211 = EDGE_CURVE ( 'NONE', #908, #7621, #3844, .T. ) ;
#7212 = SURFACE_STYLE_USAGE ( .BOTH. , #5547 ) ;
#7213 = LINE ( 'NONE', #10275, #6586 ) ;
#7215 = CIRCLE ( 'NONE', #313, 10.00000000000000178 ) ;
#7214 = MECHANICAL_DESIGN_GEOMETRIC_PRESENTATION_REPRESENTATION (  '', ( #339 ), #9803 ) ;
#7216 =( REPRESENTATION_RELATIONSHIP ('NONE','NONE', #3297, #10607 ) REPRESENTATION_RELATIONSHIP_WITH_TRANSFORMATION ( #6455 )SHAPE_REPRESENTATION_RELATIONSHIP( ) );
#7217 = CARTESIAN_POINT ( 'NONE',  ( -6.433346771936903075, 2.452046392830443455, 21.91930930899453855 ) ) ;
#7218 = CARTESIAN_POINT ( 'NONE',  ( -47.55354293907979724, -9.017595061190613492, 17.00000000000000000 ) ) ;
#7219 =( NAMED_UNIT ( * ) PLANE_ANGLE_UNIT ( ) SI_UNIT ( $, .RADIAN. ) );
#7220 = ORIENTED_EDGE ( 'NONE', *, *, #3582, .F. ) ;
#7221 = CARTESIAN_POINT ( 'NONE',  ( 6.395970796528016145, 21.73000000000000043, 26.86046220127888517 ) ) ;
#7222 = CONTEXT_DEPENDENT_SHAPE_REPRESENTATION ( #7185, #5117 ) ;
#7223 = CIRCLE ( 'NONE', #10163, 2.445500000000000007 ) ;
#7224 = VECTOR ( 'NONE', #454, 1000.000000000000000 ) ;
#7225 = CARTESIAN_POINT ( 'NONE',  ( -2.500000000000007994, 4.330127018922190096, -6.099999999999999645 ) ) ;
#7226 = DIRECTION ( 'NONE',  ( 1.000000000000000000, 0.0000000000000000000, 0.0000000000000000000 ) ) ;
#7227 = UNCERTAINTY_MEASURE_WITH_UNIT (LENGTH_MEASURE( 1.000000000000000082E-05 ), #9724, 'distance_accuracy_value', 'NONE');
#7228 = CARTESIAN_POINT ( 'NONE',  ( 2.994970734093415743, 22.32457271191725212, 26.05981230298725393 ) ) ;
#7229 = VERTEX_POINT ( 'NONE', #6187 ) ;
#7230 = CARTESIAN_POINT ( 'NONE',  ( 13.00000000000000000, 0.0000000000000000000, 11.50000000000000000 ) ) ;
#7231 = AXIS2_PLACEMENT_3D ( 'NONE', #3020, #10386, #6241 ) ;
#7232 = AXIS2_PLACEMENT_3D ( 'NONE', #1960, #6921, #10244 ) ;
#7233 = ORIENTED_EDGE ( 'NONE', *, *, #834, .T. ) ;
#7234 = CARTESIAN_POINT ( 'NONE',  ( -5.234663614031576095E-16, -0.4883827417527025205, 4.999999999999999112 ) ) ;
#7235 = COLOUR_RGB ( '',0.7764705882352941346, 0.7568627450980391913, 0.7372549019607843590 ) ;
#7236 = VECTOR ( 'NONE', #5576, 1000.000000000000000 ) ;
#7237 = CARTESIAN_POINT ( 'NONE',  ( 5.921818461225796248, 3.999999999999999112, 1.156192707881141146 ) ) ;
#7238 = EDGE_LOOP ( 'NONE', ( #9053, #5597, #8418, #3613 ) ) ;
#7239 = CIRCLE ( 'NONE', #6947, 11.00000000000000000 ) ;
#7240 = ADVANCED_FACE ( 'NONE', ( #6831, #7987, #9830 ), #7838, .T. ) ;
#7241 = ORIENTED_EDGE ( 'NONE', *, *, #3207, .T. ) ;
#7242 = CARTESIAN_POINT ( 'NONE',  ( -10.91175213059565685, 0.0000000000000000000, 16.76308921491894566 ) ) ;
#7243 = DIRECTION ( 'NONE',  ( -1.000000000000000000, 0.0000000000000000000, 0.0000000000000000000 ) ) ;
#7244 = EDGE_CURVE ( 'NONE', #8857, #1255, #6307, .T. ) ;
#7245 = FACE_OUTER_BOUND ( 'NONE', #10724, .T. ) ;
#7246 = ORIENTED_EDGE ( 'NONE', *, *, #4682, .F. ) ;
#7247 =( GEOMETRIC_REPRESENTATION_CONTEXT ( 3 ) GLOBAL_UNCERTAINTY_ASSIGNED_CONTEXT ( ( #4041 ) ) GLOBAL_UNIT_ASSIGNED_CONTEXT ( ( #3016, #7219, #3890 ) ) REPRESENTATION_CONTEXT ( 'NONE', 'WORKASPACE' ) );
#7248 = EDGE_LOOP ( 'NONE', ( #10081, #8346, #5221, #3990 ) ) ;
#7249 = AXIS2_PLACEMENT_3D ( 'NONE', #3593, #6087, #1079 ) ;
#7250 = CARTESIAN_POINT ( 'NONE',  ( -12.00290912278228994, 0.0000000000000000000, -13.99999999999999822 ) ) ;
#7251 = VERTEX_POINT ( 'NONE', #2809 ) ;
#7252 = EDGE_LOOP ( 'NONE', ( #4438, #2174, #6082, #10498, #5229 ) ) ;
#7253 = ADVANCED_FACE ( 'NONE', ( #2433 ), #5532, .T. ) ;
#7254 = CARTESIAN_POINT ( 'NONE',  ( 26.00299169246556019, 1.000000000000000000, 1.500000000000000000 ) ) ;
#7255 = ORIENTED_EDGE ( 'NONE', *, *, #7358, .T. ) ;
#7256 = CARTESIAN_POINT ( 'NONE',  ( -51.34807327541857092, -11.25413454116639400, 16.00000000000000000 ) ) ;
#7258 = EDGE_CURVE ( 'NONE', #5319, #4794, #6299, .T. ) ;
#7257 = CARTESIAN_POINT ( 'NONE',  ( 9.104919307081178914, 20.02423676952608744, 25.99460107204926018 ) ) ;
#7259 = DIRECTION ( 'NONE',  ( 0.0000000000000000000, 0.0000000000000000000, -1.000000000000000000 ) ) ;
#7260 = ORIENTED_EDGE ( 'NONE', *, *, #9103, .T. ) ;
#7261 = EDGE_LOOP ( 'NONE', ( #37, #185, #2298, #2509 ) ) ;
#7262 = ORIENTED_EDGE ( 'NONE', *, *, #202, .F. ) ;
#7263 = DIRECTION ( 'NONE',  ( 0.0000000000000000000, 0.0000000000000000000, 1.000000000000000000 ) ) ;
#7264 = AXIS2_PLACEMENT_3D ( 'NONE', #10416, #1304, #3809 ) ;
#7265 = CARTESIAN_POINT ( 'NONE',  ( 43.00000000000000000, 0.0000000000000000000, 25.00000000000000000 ) ) ;
#7266 = CARTESIAN_POINT ( 'NONE',  ( -15.03726114738411468, 1.242345493543790536, 12.04865082422852041 ) ) ;
#7267 = DIRECTION ( 'NONE',  ( 1.000000000000000000, 0.0000000000000000000, 0.0000000000000000000 ) ) ;
#7268 = EDGE_CURVE ( 'NONE', #4633, #4398, #460, .T. ) ;
#7269 = ORIENTED_EDGE ( 'NONE', *, *, #6790, .F. ) ;
#7270 = CARTESIAN_POINT ( 'NONE',  ( 42.00000000000000000, 21.49480438967151485, 26.00000000000000355 ) ) ;
#7271 = PRESENTATION_LAYER_ASSIGNMENT (  '', '', ( #6708 ) ) ;
#7272 = CARTESIAN_POINT ( 'NONE',  ( -18.06039371099785740, -35.00000000000000000, -16.00000000000000000 ) ) ;
#7273 = CARTESIAN_POINT ( 'NONE',  ( 40.26439155837419293, 21.05655294009385514, 2.000000000000000000 ) ) ;
#7274 = VECTOR ( 'NONE', #1260, 1000.000000000000000 ) ;
#7275 = ORIENTED_EDGE ( 'NONE', *, *, #7971, .F. ) ;
#7276 = VECTOR ( 'NONE', #3032, 1000.000000000000000 ) ;
#7277 = VERTEX_POINT ( 'NONE', #5440 ) ;
#7278 = CARTESIAN_POINT ( 'NONE',  ( -46.30940107675852602, -10.00000000000000178, -17.00000000000000000 ) ) ;
#7279 = CARTESIAN_POINT ( 'NONE',  ( 36.60402920347198119, 20.11813772300484970, 28.00000000000000000 ) ) ;
#7280 = VERTEX_POINT ( 'NONE', #9869 ) ;
#7281 = CARTESIAN_POINT ( 'NONE',  ( 3.556264818047235376, 3.720292241887089624, -0.08165819712376946871 ) ) ;
#7282 = CYLINDRICAL_SURFACE ( 'NONE', #806, 6.000000000000000888 ) ;
#7283 = CARTESIAN_POINT ( 'NONE',  ( 1.000000000000000000, -1.200000000000000030E-05, 3.000000000000005329 ) ) ;
#7284 = CARTESIAN_POINT ( 'NONE',  ( 1.193726779128188475, 4.000000000000000000, -5.910271486538956509 ) ) ;
#7285 = B_SPLINE_CURVE_WITH_KNOTS ( 'NONE', 3,
 ( #6996, #3703, #9402, #7744, #410, #6239, #7065, #5704, #4239, #7237, #1279, #453, #1399, #10401, #8779, #7202, #2249, #6330 ),
 .UNSPECIFIED., .F., .F.,
 ( 4, 2, 2, 2, 2, 2, 2, 2, 4 ),
 ( 0.0000000000000000000, 0.05062500000000001721, 0.1012500000000000344, 0.1518750000000000655, 0.2025000000000000688, 0.2531250000000000444, 0.3037500000000001310, 0.3543750000000000511, 0.4050000000000000266 ),
 .UNSPECIFIED. ) ;
#7286 = ORIENTED_EDGE ( 'NONE', *, *, #3042, .F. ) ;
#7287 = CYLINDRICAL_SURFACE ( 'NONE', #10433, 1.000000000000000888 ) ;
#7288 = EDGE_CURVE ( 'NONE', #4584, #10248, #4108, .T. ) ;
#7289 = AXIS2_PLACEMENT_3D ( 'NONE', #4136, #4028, #4857 ) ;
#7290 = VECTOR ( 'NONE', #10410, 1000.000000000000000 ) ;
#7291 = ORIENTED_EDGE ( 'NONE', *, *, #6338, .F. ) ;
#7292 = EDGE_CURVE ( 'NONE', #1665, #7673, #2135, .T. ) ;
#7293 = ORIENTED_EDGE ( 'NONE', *, *, #3866, .F. ) ;
#7294 = CARTESIAN_POINT ( 'NONE',  ( 3.500000000000000000, 2.886751345948125991, 4.999999999999999112 ) ) ;
#7295 = ORIENTED_EDGE ( 'NONE', *, *, #10539, .T. ) ;
#7296 = ADVANCED_BREP_SHAPE_REPRESENTATION ( '', ( #6897, #8615 ), #4537 ) ;
#7297 = CARTESIAN_POINT ( 'NONE',  ( 20.35140718271905769, 0.0000000000000000000, 7.987517217311368434 ) ) ;
#7298 = CARTESIAN_POINT ( 'NONE',  ( -43.84160065784951144, -5.431517531463125437, 16.00000000000000000 ) ) ;
#7299 = CARTESIAN_POINT ( 'NONE',  ( 0.0000000000000000000, 3.863658164952030294, -16.70937711986405461 ) ) ;
#7300 = CIRCLE ( 'NONE', #4104, 5.000000000000000000 ) ;
#7301 = CARTESIAN_POINT ( 'NONE',  ( 10.00000000000000000, 0.0000000000000000000, 0.0000000000000000000 ) ) ;
#7302 = ADVANCED_FACE ( 'NONE', ( #5671 ), #4745, .F. ) ;
#7303 = DIRECTION ( 'NONE',  ( 0.0000000000000000000, 0.0000000000000000000, 1.000000000000000000 ) ) ;
#7304 = CARTESIAN_POINT ( 'NONE',  ( -5.000000000000000000, -2.886751345948137981, -5.653418012614791266 ) ) ;
#7305 = CARTESIAN_POINT ( 'NONE',  ( -2.712167343862823987, -4.207632145829755643, -6.099999999999996092 ) ) ;
#7306 = ORIENTED_EDGE ( 'NONE', *, *, #3932, .T. ) ;
#7307 = CARTESIAN_POINT ( 'NONE',  ( 0.0000000000000000000, 0.0000000000000000000, 0.0000000000000000000 ) ) ;
#7308 =( NAMED_UNIT ( * ) SI_UNIT ( $, .STERADIAN. ) SOLID_ANGLE_UNIT ( ) );
#7309 = VERTEX_POINT ( 'NONE', #4824 ) ;
#7310 = CARTESIAN_POINT ( 'NONE',  ( 0.0000000000000000000, -2.818925648462311528E-15, 0.0000000000000000000 ) ) ;
#7311 = CARTESIAN_POINT ( 'NONE',  ( 2.959716367706854978, 21.13483465857348165, 26.12245122441547096 ) ) ;
#7312 = ORIENTED_EDGE ( 'NONE', *, *, #7156, .F. ) ;
#7313 = CARTESIAN_POINT ( 'NONE',  ( 40.26439155837419293, 22.42399401296051664, 2.999999999999999112 ) ) ;
#7314 = DIRECTION ( 'NONE',  ( -0.0000000000000000000, 0.0000000000000000000, 1.000000000000000000 ) ) ;
#7315 = ADVANCED_FACE ( 'NONE', ( #3465 ), #9699, .F. ) ;
#7316 = EDGE_CURVE ( 'NONE', #1059, #2974, #7716, .T. ) ;
#7317 = CARTESIAN_POINT ( 'NONE',  ( -49.79534160293808043, -6.765017332855848942, -16.00000000000000000 ) ) ;
#7318 = CARTESIAN_POINT ( 'NONE',  ( 0.0000000000000000000, 4.633235910246737532, -7.806255641895631925E-15 ) ) ;
#7319 = AXIS2_PLACEMENT_3D ( 'NONE', #8208, #4801, #4073 ) ;
#7320 = ORIENTED_EDGE ( 'NONE', *, *, #4117, .T. ) ;
#7321 = DIRECTION ( 'NONE',  ( 1.000000000000000000, 0.0000000000000000000, 0.0000000000000000000 ) ) ;
#7322 = AXIS2_PLACEMENT_3D ( 'NONE', #1091, #4334, #277 ) ;
#7323 = DIRECTION ( 'NONE',  ( 0.0000000000000000000, -1.224646799147353454E-16, 1.000000000000000000 ) ) ;
#7324 = DIRECTION ( 'NONE',  ( 0.0000000000000000000, -0.8660254037844380415, -0.5000000000000009992 ) ) ;
#7325 = CYLINDRICAL_SURFACE ( 'NONE', #73, 1.000000000000000888 ) ;
#7326 = CARTESIAN_POINT ( 'NONE',  ( 36.60402920347198830, 20.73000000000000043, 27.00000000000000000 ) ) ;
#7327 = CARTESIAN_POINT ( 'NONE',  ( 13.81565638746558022, 0.0000000000000000000, -14.47177420918595026 ) ) ;
#7328 = CARTESIAN_POINT ( 'NONE',  ( -46.30940107675852602, -10.00000000000000178, 17.00000000000000000 ) ) ;
#7329 = AXIS2_PLACEMENT_3D ( 'NONE', #1652, #9790, #6480 ) ;
#7330 = CARTESIAN_POINT ( 'NONE',  ( 0.0000000000000000000, 0.0000000000000000000, 0.0000000000000000000 ) ) ;
#7331 = AXIS2_PLACEMENT_3D ( 'NONE', #4292, #5950, #10079 ) ;
#7332 = FACE_OUTER_BOUND ( 'NONE', #10589, .T. ) ;
#7333 = CARTESIAN_POINT ( 'NONE',  ( 40.26439155837419293, 21.05655294009384804, 26.00000000000000355 ) ) ;
#7334 = CARTESIAN_POINT ( 'NONE',  ( 0.0000000000000000000, 0.0000000000000000000, -13.50000000000000000 ) ) ;
#7335 = DIRECTION ( 'NONE',  ( -0.0000000000000000000, 0.0000000000000000000, -1.000000000000000000 ) ) ;
#7336 = DIRECTION ( 'NONE',  ( 0.0000000000000000000, -0.0000000000000000000, -1.000000000000000000 ) ) ;
#7337 = DIRECTION ( 'NONE',  ( 0.0000000000000000000, 0.0000000000000000000, -1.000000000000000000 ) ) ;
#7338 = CYLINDRICAL_SURFACE ( 'NONE', #6598, 0.9999999999999990008 ) ;
#7339 = LINE ( 'NONE', #9952, #338 ) ;
#7340 = CIRCLE ( 'NONE', #2866, 4.012500000000000178 ) ;
#7341 = CARTESIAN_POINT ( 'NONE',  ( -42.76684878504190834, -9.417327053355329269, -16.50000000000000000 ) ) ;
#7342 = DIRECTION ( 'NONE',  ( -0.4794873788433851591, 0.0000000000000000000, 0.8775487755845257087 ) ) ;
#7343 = EDGE_CURVE ( 'NONE', #7742, #7367, #2953, .T. ) ;
#7344 = ADVANCED_FACE ( 'NONE', ( #7351 ), #3588, .T. ) ;
#7345 = CARTESIAN_POINT ( 'NONE',  ( 0.0000000000000000000, 0.4056916642514616922, 0.0000000000000000000 ) ) ;
#7346 = CARTESIAN_POINT ( 'NONE',  ( 0.05140428708382657752, 4.819072548984005167, 1.653121499799249605 ) ) ;
#7347 = DIRECTION ( 'NONE',  ( 0.0000000000000000000, 0.0000000000000000000, 1.000000000000000000 ) ) ;
#7348 = B_SPLINE_CURVE_WITH_KNOTS ( 'NONE', 3,
 ( #10146, #935, #5201, #6764, #8378, #2638, #3538, #10117, #5129, #8454 ),
 .UNSPECIFIED., .F., .F.,
 ( 4, 2, 2, 2, 4 ),
 ( -6.324562491187793100E-06, 0.0004616485136236992857, 0.0009296215897385863569, 0.001397594665853473537, 0.001865567741968360499 ),
 .UNSPECIFIED. ) ;
#7349 = SHAPE_DEFINITION_REPRESENTATION ( #9812, #6865 ) ;
#7350 = TOROIDAL_SURFACE ( 'NONE', #9367, 6.251106233125548250, 127.4616428521383114 ) ;
#7351 = FACE_OUTER_BOUND ( 'NONE', #8279, .T. ) ;
#7352 = CIRCLE ( 'NONE', #9537, 5.000000000000000000 ) ;
#7353 = DIRECTION ( 'NONE',  ( 0.0000000000000000000, 0.0000000000000000000, 1.000000000000000000 ) ) ;
#7354 = CARTESIAN_POINT ( 'NONE',  ( 26.00299169246556019, 1.000000000000000000, 0.0000000000000000000 ) ) ;
#7355 = ADVANCED_FACE ( 'NONE', ( #3325, #2790 ), #7362, .F. ) ;
#7356 = EDGE_CURVE ( 'NONE', #4990, #1068, #6044, .T. ) ;
#7357 = ADVANCED_FACE ( 'NONE', ( #5792 ), #818, .T. ) ;
#7358 = EDGE_CURVE ( 'NONE', #4923, #27, #9175, .T. ) ;
#7359 = AXIS2_PLACEMENT_3D ( 'NONE', #4214, #9049, #4905 ) ;
#7360 = DIRECTION ( 'NONE',  ( -0.4794873788433849371, 0.0000000000000000000, -0.8775487755845257087 ) ) ;
#7361 = TOROIDAL_SURFACE ( 'NONE', #5387, 12.42591725181291551, 8.731764117148969717 ) ;
#7362 = PLANE ( 'NONE',  #6807 ) ;
#7363 = CARTESIAN_POINT ( 'NONE',  ( -48.23596915733135404, -5.651799744478239518, 16.00000000000000000 ) ) ;
#7364 = CARTESIAN_POINT ( 'NONE',  ( -2.449999999999999734, 3.000384657911015370E-16, -0.3851141460153376106 ) ) ;
#7365 = FACE_OUTER_BOUND ( 'NONE', #9856, .T. ) ;
#7366 = CARTESIAN_POINT ( 'NONE',  ( 2.480228988863469652, -1.200000000000000030E-05, 26.99999999999999645 ) ) ;
#7367 = VERTEX_POINT ( 'NONE', #5084 ) ;
#7368 = CARTESIAN_POINT ( 'NONE',  ( 0.0000000000000000000, 0.0000000000000000000, 0.0000000000000000000 ) ) ;
#7369 = ORIENTED_EDGE ( 'NONE', *, *, #5620, .T. ) ;
#7370 = EDGE_CURVE ( 'NONE', #9254, #9757, #5265, .T. ) ;
#7371 = CARTESIAN_POINT ( 'NONE',  ( -47.27983724504240826, -8.748921230405159122, -17.00000000000000000 ) ) ;
#7372 = DIRECTION ( 'NONE',  ( 0.0000000000000000000, 0.0000000000000000000, 1.000000000000000000 ) ) ;
#7373 = ORIENTED_EDGE ( 'NONE', *, *, #7268, .T. ) ;
#7374 = PRODUCT_DEFINITION_SHAPE ( 'NONE', 'NONE',  #10746 ) ;
#7375 = CARTESIAN_POINT ( 'NONE',  ( 3.500000000000000000, 2.886751345948122438, -5.000000000000000000 ) ) ;
#7376 = VERTEX_POINT ( 'NONE', #9223 ) ;
#7377 = FACE_OUTER_BOUND ( 'NONE', #2720, .T. ) ;
#7378 = CARTESIAN_POINT ( 'NONE',  ( 40.25256098695558649, 22.41934065486919536, 3.004020151261166838 ) ) ;
#7379 = CARTESIAN_POINT ( 'NONE',  ( 0.1983443223721606252, -5.300482436767284256, -0.8192951148925876614 ) ) ;
#7380 =( GEOMETRIC_REPRESENTATION_CONTEXT ( 3 ) GLOBAL_UNCERTAINTY_ASSIGNED_CONTEXT ( ( #2712 ) ) GLOBAL_UNIT_ASSIGNED_CONTEXT ( ( #4681, #5551, #8721 ) ) REPRESENTATION_CONTEXT ( 'NONE', 'WORKASPACE' ) );
#7381 = EDGE_LOOP ( 'NONE', ( #8778, #502 ) ) ;
#7382 = SHAPE_REPRESENTATION_RELATIONSHIP ( 'NONE' , 'NONE' ,  #10607, #6823 ) ;
#7383 = DIRECTION ( 'NONE',  ( 0.0000000000000000000, 0.0000000000000000000, 1.000000000000000000 ) ) ;
#7384 = ORIENTED_EDGE ( 'NONE', *, *, #3954, .F. ) ;
#7385 = CARTESIAN_POINT ( 'NONE',  ( -13.94163180620230591, -35.00000000000000000, 0.0000000000000000000 ) ) ;
#7386 = CARTESIAN_POINT ( 'NONE',  ( 4.999999999999999112, -2.417244626924486717, -5.788952927922133007 ) ) ;
#7387 = ORIENTED_EDGE ( 'NONE', *, *, #5487, .F. ) ;
#7388 = CARTESIAN_POINT ( 'NONE',  ( 2.813185922303027109, 20.78161792689899556, 1.946349741767596564 ) ) ;
#7389 = VERTEX_POINT ( 'NONE', #2549 ) ;
#7390 = AXIS2_PLACEMENT_3D ( 'NONE', #20, #4908, #6590 ) ;
#7391 = FACE_OUTER_BOUND ( 'NONE', #4601, .T. ) ;
#7392 = ORIENTED_EDGE ( 'NONE', *, *, #5458, .F. ) ;
#7393 = EDGE_LOOP ( 'NONE', ( #9083, #8773, #3757, #7369 ) ) ;
#7394 = ORIENTED_EDGE ( 'NONE', *, *, #6414, .T. ) ;
#7395 = EDGE_LOOP ( 'NONE', ( #8439, #4388 ) ) ;
#7396 = CARTESIAN_POINT ( 'NONE',  ( 0.4079457818577035821, -5.537975084925955471, -5.789399939901061387 ) ) ;
#7397 = DIRECTION ( 'NONE',  ( 0.0000000000000000000, 1.000000000000000000, 0.0000000000000000000 ) ) ;
#7398 = DIRECTION ( 'NONE',  ( -1.000000000000000000, 0.0000000000000000000, 0.0000000000000000000 ) ) ;
#7399 = CARTESIAN_POINT ( 'NONE',  ( 8.866532408291192269, 20.11813772300487102, 25.75621417325927709 ) ) ;
#7400 = DIRECTION ( 'NONE',  ( -1.000000000000000000, 0.0000000000000000000, 0.0000000000000000000 ) ) ;
#7401 = ORIENTED_EDGE ( 'NONE', *, *, #1664, .T. ) ;
#7402 = APPLICATION_PROTOCOL_DEFINITION ( 'draft international standard', 'automotive_design', 1998, #1415 ) ;
#7403 = EDGE_LOOP ( 'NONE', ( #8315, #2723, #1259, #4527 ) ) ;
#7404 = CARTESIAN_POINT ( 'NONE',  ( 0.0000000000000000000, 0.0000000000000000000, 18.00000000000000355 ) ) ;
#7405 = VECTOR ( 'NONE', #1490, 1000.000000000000000 ) ;
#7406 = DIRECTION ( 'NONE',  ( -0.0000000000000000000, -1.000000000000000000, -0.0000000000000000000 ) ) ;
#7407 = CARTESIAN_POINT ( 'NONE',  ( -18.06039371099786095, -25.00000000000000000, -20.00000000000000355 ) ) ;
#7408 = DIRECTION ( 'NONE',  ( 1.000000000000000000, -0.0000000000000000000, 1.347358039593636966E-16 ) ) ;
#7409 = EDGE_CURVE ( 'NONE', #5064, #4794, #9424, .T. ) ;
#7410 = CARTESIAN_POINT ( 'NONE',  ( 25.44734990167305000, 10.69999999999999929, 0.0000000000000000000 ) ) ;
#7411 = CARTESIAN_POINT ( 'NONE',  ( -8.964928058231132368, -33.74353816256331839, 17.91635549369577518 ) ) ;
#7412 = CYLINDRICAL_SURFACE ( 'NONE', #5901, 10.00000000000000000 ) ;
#7413 = ORIENTED_EDGE ( 'NONE', *, *, #9166, .F. ) ;
#7414 = ADVANCED_FACE ( 'NONE', ( #1104 ), #6942, .F. ) ;
#7415 = ORIENTED_EDGE ( 'NONE', *, *, #6721, .T. ) ;
#7416 = EDGE_LOOP ( 'NONE', ( #9359, #5240, #939, #1801, #495, #2860 ) ) ;
#7417 = DIRECTION ( 'NONE',  ( 0.0000000000000000000, 0.0000000000000000000, 1.000000000000000000 ) ) ;
#7418 = CARTESIAN_POINT ( 'NONE',  ( 0.0000000000000000000, 0.0000000000000000000, -25.03750572909317285 ) ) ;
#7419 = CARTESIAN_POINT ( 'NONE',  ( 0.0000000000000000000, 0.0000000000000000000, -6.099999999999999645 ) ) ;
#7420 = DIRECTION ( 'NONE',  ( 0.0000000000000000000, 0.0000000000000000000, 1.000000000000000000 ) ) ;
#7421 = ORIENTED_EDGE ( 'NONE', *, *, #3079, .F. ) ;
#7422 = EDGE_CURVE ( 'NONE', #3405, #6213, #7602, .T. ) ;
#7423 = EDGE_CURVE ( 'NONE', #7171, #4799, #3804, .T. ) ;
#7424 = ORIENTED_EDGE ( 'NONE', *, *, #6731, .T. ) ;
#7425 = ORIENTED_EDGE ( 'NONE', *, *, #3265, .T. ) ;
#7426 = ORIENTED_EDGE ( 'NONE', *, *, #10540, .F. ) ;
#7427 = CARTESIAN_POINT ( 'NONE',  ( 0.0000000000000000000, 0.0000000000000000000, 5.000000000000000000 ) ) ;
#7428 = VECTOR ( 'NONE', #2410, 1000.000000000000000 ) ;
#7429 = EDGE_CURVE ( 'NONE', #5182, #9706, #1517, .T. ) ;
#7430 = CARTESIAN_POINT ( 'NONE',  ( 0.0000000000000000000, 0.0000000000000000000, 9.500000000000000000 ) ) ;
#7431 = CARTESIAN_POINT ( 'NONE',  ( 1.000000000000000000, 22.03209181533656746, 3.000000000000006217 ) ) ;
#7432 = DIRECTION ( 'NONE',  ( 1.347358039593636966E-16, -0.0000000000000000000, -1.000000000000000000 ) ) ;
#7433 = VERTEX_POINT ( 'NONE', #5839 ) ;
#7434 = PRODUCT_CONTEXT ( 'NONE', #7963, 'mechanical' ) ;
#7435 = CARTESIAN_POINT ( 'NONE',  ( -25.69999999999999929, 1.500000000000000000, 8.000000000000000000 ) ) ;
#7436 = VERTEX_POINT ( 'NONE', #8259 ) ;
#7437 = AXIS2_PLACEMENT_3D ( 'NONE', #9008, #9154, #4866 ) ;
#7438 = FILL_AREA_STYLE ('',( #8302 ) ) ;
#7439 = FACE_OUTER_BOUND ( 'NONE', #7606, .T. ) ;
#7440 = FACE_OUTER_BOUND ( 'NONE', #7252, .T. ) ;
#7441 = CARTESIAN_POINT ( 'NONE',  ( 1.551084702268052148E-14, 20.11813772300487457, 0.0000000000000000000 ) ) ;
#7442 = CARTESIAN_POINT ( 'NONE',  ( 1.366036235490220463, 22.96269241404051442, 0.0000000000000000000 ) ) ;
#7443 = CARTESIAN_POINT ( 'NONE',  ( 1.648146632868998207, 4.821944789745367999, 3.510951939413483921E-15 ) ) ;
#7444 = DIRECTION ( 'NONE',  ( -1.000000000000000000, -0.0000000000000000000, -0.0000000000000000000 ) ) ;
#7445 = DIRECTION ( 'NONE',  ( 0.9306005987039488447, -0.3660362354902201854, -0.0000000000000000000 ) ) ;
#7446 = CARTESIAN_POINT ( 'NONE',  ( -20.42638924063317774, -0.06756795097766786495, -11.82837354440916400 ) ) ;
#7447 = ORIENTED_EDGE ( 'NONE', *, *, #6460, .F. ) ;
#7448 = EDGE_CURVE ( 'NONE', #10609, #4564, #3068, .T. ) ;
#7449 = DIRECTION ( 'NONE',  ( 1.202058289467372171E-18, 0.9999518263206896851, -0.009815550820892131323 ) ) ;
#7450 = CIRCLE ( 'NONE', #1681, 16.70937711986405461 ) ;
#7451 = AXIS2_PLACEMENT_3D ( 'NONE', #1502, #8162, #3311 ) ;
#7452 =( GEOMETRIC_REPRESENTATION_CONTEXT ( 3 ) GLOBAL_UNCERTAINTY_ASSIGNED_CONTEXT ( ( #6015 ) ) GLOBAL_UNIT_ASSIGNED_CONTEXT ( ( #7183, #7925, #515 ) ) REPRESENTATION_CONTEXT ( 'NONE', 'WORKASPACE' ) );
#7453 = DIRECTION ( 'NONE',  ( -0.0000000000000000000, -0.0000000000000000000, 1.000000000000000000 ) ) ;
#7454 = DIRECTION ( 'NONE',  ( -0.0000000000000000000, -0.0000000000000000000, 1.000000000000000000 ) ) ;
#7455 = CIRCLE ( 'NONE', #8654, 1.000000000000000888 ) ;
#7456 = ORIENTED_EDGE ( 'NONE', *, *, #2431, .F. ) ;
#7457 = DIRECTION ( 'NONE',  ( 0.0000000000000000000, 0.0000000000000000000, 1.000000000000000000 ) ) ;
#7458 = EDGE_CURVE ( 'NONE', #10680, #3604, #2919, .T. ) ;
#7459 = CARTESIAN_POINT ( 'NONE',  ( -12.00290912278228994, -2.000000000000000000, 8.999999999999994671 ) ) ;
#7460 = CIRCLE ( 'NONE', #10303, 2.499999999999998668 ) ;
#7461 = ADVANCED_FACE ( 'NONE', ( #9301 ), #7476, .F. ) ;
#7462 = ADVANCED_FACE ( 'NONE', ( #9046 ), #4976, .T. ) ;
#7463 = VECTOR ( 'NONE', #3419, 1000.000000000000000 ) ;
#7464 = CYLINDRICAL_SURFACE ( 'NONE', #9717, 1.000000000000000000 ) ;
#7465 = DIRECTION ( 'NONE',  ( -0.0000000000000000000, 0.0000000000000000000, 1.000000000000000000 ) ) ;
#7466 = FACE_OUTER_BOUND ( 'NONE', #646, .T. ) ;
#7467 = CARTESIAN_POINT ( 'NONE',  ( -51.36469485808101609, -8.871312976137334161, -16.00000000000000000 ) ) ;
#7468 = CARTESIAN_POINT ( 'NONE',  ( 0.0000000000000000000, 5.773502691896261751, -2.749426538070115714E-16 ) ) ;
#7469 = AXIS2_PLACEMENT_3D ( 'NONE', #7776, #7032, #6274 ) ;
#7470 = ORIENTED_EDGE ( 'NONE', *, *, #48, .T. ) ;
#7471 = EDGE_CURVE ( 'NONE', #2751, #9706, #7707, .T. ) ;
#7472 = CARTESIAN_POINT ( 'NONE',  ( -11.00000000000000000, 1.347111479062088405E-15, 11.50000000000000000 ) ) ;
#7473 = AXIS2_PLACEMENT_3D ( 'NONE', #1581, #5613, #7417 ) ;
#7474 = DIRECTION ( 'NONE',  ( 1.347358039593636966E-16, -0.0000000000000000000, -1.000000000000000000 ) ) ;
#7475 = PRESENTATION_STYLE_ASSIGNMENT (( #4076 ) ) ;
#7476 = CYLINDRICAL_SURFACE ( 'NONE', #3818, 5.000000000000000000 ) ;
#7477 = VECTOR ( 'NONE', #4645, 1000.000000000000000 ) ;
#7478 = DIRECTION ( 'NONE',  ( 0.0000000000000000000, 0.0000000000000000000, -1.000000000000000000 ) ) ;
#7479 = CARTESIAN_POINT ( 'NONE',  ( 18.97613226645720985, 1.000000000000000000, 28.00000000000000000 ) ) ;
#7480 = DIRECTION ( 'NONE',  ( 1.000000000000000000, 0.0000000000000000000, 0.0000000000000000000 ) ) ;
#7481 = ORIENTED_EDGE ( 'NONE', *, *, #5848, .F. ) ;
#7482 =( NAMED_UNIT ( * ) PLANE_ANGLE_UNIT ( ) SI_UNIT ( $, .RADIAN. ) );
#7483 = CARTESIAN_POINT ( 'NONE',  ( -19.59352085694866830, -0.3492321936754591571, -12.86063032317559518 ) ) ;
#7484 = LINE ( 'NONE', #4270, #6952 ) ;
#7485 = DIRECTION ( 'NONE',  ( 0.0000000000000000000, 0.0000000000000000000, 1.000000000000000000 ) ) ;
#7486 = EDGE_CURVE ( 'NONE', #797, #5622, #750, .T. ) ;
#7488 = VECTOR ( 'NONE', #6476, 1000.000000000000000 ) ;
#7487 = AXIS2_PLACEMENT_3D ( 'NONE', #7430, #8257, #10716 ) ;
#7489 = CARTESIAN_POINT ( 'NONE',  ( 3.346878500200757056, 3.841181488860378579, -6.048595712916172040 ) ) ;
#7490 = EDGE_LOOP ( 'NONE', ( #1133, #5175, #533, #3237, #6715 ) ) ;
#7491 = DIRECTION ( 'NONE',  ( 0.0000000000000000000, -1.000000000000000000, -1.502314598737159278E-16 ) ) ;
#7492 = CARTESIAN_POINT ( 'NONE',  ( -11.00000000000000000, 1.347111479062088405E-15, 7.500000000000000000 ) ) ;
#7493 = EDGE_LOOP ( 'NONE', ( #6526, #9442 ) ) ;
#7494 = CIRCLE ( 'NONE', #10271, 2.849999999999998312 ) ;
#7495 = CARTESIAN_POINT ( 'NONE',  ( -47.47650191600689595, -4.107323787574250318, -15.91986072760585103 ) ) ;
#7496 = ORIENTED_EDGE ( 'NONE', *, *, #3559, .F. ) ;
#7497 = EDGE_CURVE ( 'NONE', #5600, #4154, #6010, .T. ) ;
#7498 = AXIS2_PLACEMENT_3D ( 'NONE', #5702, #9577, #6463 ) ;
#7499 = CARTESIAN_POINT ( 'NONE',  ( -17.58681036815428911, 0.01672863139647299754, -11.60735066723803754 ) ) ;
#7500 = FACE_OUTER_BOUND ( 'NONE', #9612, .T. ) ;
#7501 = VERTEX_POINT ( 'NONE', #6077 ) ;
#7502 = CARTESIAN_POINT ( 'NONE',  ( -7.808190172515117489, 2.452154042861337757, -20.42088078030701936 ) ) ;
#7503 = ORIENTED_EDGE ( 'NONE', *, *, #2357, .T. ) ;
#7504 = CARTESIAN_POINT ( 'NONE',  ( 2.204364238465235822E-15, -25.66666666666664653, -18.00000000000000355 ) ) ;
#7505 = ORIENTED_EDGE ( 'NONE', *, *, #5210, .F. ) ;
#7506 = ORIENTED_EDGE ( 'NONE', *, *, #5042, .F. ) ;
#7507 = ORIENTED_EDGE ( 'NONE', *, *, #968, .F. ) ;
#7508 = CARTESIAN_POINT ( 'NONE',  ( 0.0000000000000000000, 0.0000000000000000000, -6.074599999999999334 ) ) ;
#7509 = EDGE_CURVE ( 'NONE', #10196, #7277, #438, .T. ) ;
#7510 = DIRECTION ( 'NONE',  ( 1.000000000000000000, 0.0000000000000000000, 0.0000000000000000000 ) ) ;
#7511 = DIRECTION ( 'NONE',  ( 1.000000000000000000, 0.0000000000000000000, 0.0000000000000000000 ) ) ;
#7512 = CARTESIAN_POINT ( 'NONE',  ( 4.000000000000000000, -5.773502691896264416, 0.0000000000000000000 ) ) ;
#7513 = ORIENTED_EDGE ( 'NONE', *, *, #9910, .T. ) ;
#7514 = DIRECTION ( 'NONE',  ( 1.000000000000000000, 0.0000000000000000000, 0.0000000000000000000 ) ) ;
#7515 = DIRECTION ( 'NONE',  ( -1.000000000000000000, -0.0000000000000000000, -0.0000000000000000000 ) ) ;
#7516 = AXIS2_PLACEMENT_3D ( 'NONE', #2745, #5249, #1180 ) ;
#7517 = ORIENTED_EDGE ( 'NONE', *, *, #5982, .T. ) ;
#7518 = AXIS2_PLACEMENT_3D ( 'NONE', #3751, #8659, #485 ) ;
#7519 = ADVANCED_FACE ( 'NONE', ( #2886 ), #576, .F. ) ;
#7520 = EDGE_LOOP ( 'NONE', ( #4019, #9212, #3786, #1394 ) ) ;
#7521 = ADVANCED_FACE ( 'NONE', ( #7440 ), #7325, .T. ) ;
#7522 = ORIENTED_EDGE ( 'NONE', *, *, #10580, .F. ) ;
#7523 = DIRECTION ( 'NONE',  ( -0.08956406980272263452, -0.9959810627719650755, -1.206748695074240352E-17 ) ) ;
#7524 = ORIENTED_EDGE ( 'NONE', *, *, #4025, .T. ) ;
#7525 = CARTESIAN_POINT ( 'NONE',  ( -48.31922871950574461, -7.551329678991878680, -16.50000000000000000 ) ) ;
#7526 = LINE ( 'NONE', #1976, #8547 ) ;
#7527 = CARTESIAN_POINT ( 'NONE',  ( 0.0000000000000000000, 0.0000000000000000000, 11.50000000000000000 ) ) ;
#7528 = ORIENTED_EDGE ( 'NONE', *, *, #3207, .F. ) ;
#7529 = LINE ( 'NONE', #4403, #2613 ) ;
#7530 = ORIENTED_EDGE ( 'NONE', *, *, #1622, .F. ) ;
#7531 =( GEOMETRIC_REPRESENTATION_CONTEXT ( 3 ) GLOBAL_UNCERTAINTY_ASSIGNED_CONTEXT ( ( #9551 ) ) GLOBAL_UNIT_ASSIGNED_CONTEXT ( ( #6793, #5854, #1824 ) ) REPRESENTATION_CONTEXT ( 'NONE', 'WORKASPACE' ) );
#7532 = LINE ( 'NONE', #2486, #8557 ) ;
#7533 = ORIENTED_EDGE ( 'NONE', *, *, #2647, .T. ) ;
#7534 = FACE_OUTER_BOUND ( 'NONE', #10495, .T. ) ;
#7535 = ORIENTED_EDGE ( 'NONE', *, *, #6030, .T. ) ;
#7536 = CARTESIAN_POINT ( 'NONE',  ( -16.60278436616373554, -0.3810362799471014306, -12.96665639177283857 ) ) ;
#7537 = ORIENTED_EDGE ( 'NONE', *, *, #3481, .F. ) ;
#7538 = DIRECTION ( 'NONE',  ( 0.0000000000000000000, 1.000000000000000000, 0.0000000000000000000 ) ) ;
#7539 = DIRECTION ( 'NONE',  ( 0.0000000000000000000, 0.0000000000000000000, 1.000000000000000000 ) ) ;
#7540 = CARTESIAN_POINT ( 'NONE',  ( -3.473416630936005500, 4.000000000000000000, -5.563595547230934635 ) ) ;
#7541 = FACE_OUTER_BOUND ( 'NONE', #1559, .T. ) ;
#7542 = PRODUCT_DEFINITION_CONTEXT ( 'detailed design', #9911, 'design' ) ;
#7543 = ORIENTED_EDGE ( 'NONE', *, *, #7118, .T. ) ;
#7544 = VERTEX_POINT ( 'NONE', #7637 ) ;
#7545 = CARTESIAN_POINT ( 'NONE',  ( 2.204364238465235822E-15, -25.66666666666664653, -18.00000000000000355 ) ) ;
#7546 = DIRECTION ( 'NONE',  ( -7.709885791810747086E-16, -1.000000000000000000, 0.0000000000000000000 ) ) ;
#7547 = ORIENTED_EDGE ( 'NONE', *, *, #9861, .T. ) ;
#7548 = ORIENTED_EDGE ( 'NONE', *, *, #10162, .T. ) ;
#7549 = CARTESIAN_POINT ( 'NONE',  ( -47.27983724504240826, -8.748921230405159122, 17.00000000000000000 ) ) ;
#7550 = EDGE_CURVE ( 'NONE', #4267, #797, #2587, .T. ) ;
#7551 = DIRECTION ( 'NONE',  ( 0.0000000000000000000, 0.0000000000000000000, -1.000000000000000000 ) ) ;
#7552 = LINE ( 'NONE', #1570, #5346 ) ;
#7553 = SURFACE_STYLE_USAGE ( .BOTH. , #1757 ) ;
#7554 = CARTESIAN_POINT ( 'NONE',  ( -20.07590025860259786, -0.1435631730510733284, -12.19716453966480607 ) ) ;
#7555 = CARTESIAN_POINT ( 'NONE',  ( -12.00000000000000711, -16.19999999999999218, -16.00000000000000000 ) ) ;
#7556 = ORIENTED_EDGE ( 'NONE', *, *, #1663, .T. ) ;
#7557 = ORIENTED_EDGE ( 'NONE', *, *, #1891, .T. ) ;
#7558 = UNCERTAINTY_MEASURE_WITH_UNIT (LENGTH_MEASURE( 1.000000000000000082E-05 ), #4759, 'distance_accuracy_value', 'NONE');
#7559 = DIRECTION ( 'NONE',  ( -1.000000000000000000, 0.0000000000000000000, 0.0000000000000000000 ) ) ;
#7560 = CARTESIAN_POINT ( 'NONE',  ( -46.25609191076274129, -8.273327236834287390, -17.00000000000000000 ) ) ;
#7561 = EDGE_CURVE ( 'NONE', #552, #5735, #6554, .T. ) ;
#7562 = EDGE_CURVE ( 'NONE', #1999, #5729, #4618, .T. ) ;
#7563 = CIRCLE ( 'NONE', #7984, 2.849999999999998312 ) ;
#7564 = AXIS2_PLACEMENT_3D ( 'NONE', #2671, #3468, #5996 ) ;
#7565 = DIRECTION ( 'NONE',  ( -0.0000000000000000000, 1.000000000000000000, 0.0000000000000000000 ) ) ;
#7566 = ORIENTED_EDGE ( 'NONE', *, *, #2374, .T. ) ;
#7567 = CARTESIAN_POINT ( 'NONE',  ( -0.4079457818577101880, 5.537975084925941260, -5.789399939901068493 ) ) ;
#7568 = ADVANCED_FACE ( 'NONE', ( #5496 ), #3300, .T. ) ;
#7569 = ADVANCED_FACE ( 'NONE', ( #6798 ), #9010, .F. ) ;
#7570 = CARTESIAN_POINT ( 'NONE',  ( -19.32687081979844024, -0.5811789885683894541, -13.34344008555044070 ) ) ;
#7571 = LINE ( 'NONE', #3522, #6553 ) ;
#7572 = CARTESIAN_POINT ( 'NONE',  ( 5.916483417684604618, 20.72999999999999687, 0.2619890231366010513 ) ) ;
#7573 = DIRECTION ( 'NONE',  ( 0.0000000000000000000, 0.0000000000000000000, 1.000000000000000000 ) ) ;
#7574 = FACE_BOUND ( 'NONE', #3948, .T. ) ;
#7575 = AXIS2_PLACEMENT_3D ( 'NONE', #2592, #888, #4245 ) ;
#7576 = ORIENTED_EDGE ( 'NONE', *, *, #10045, .T. ) ;
#7577 = PRESENTATION_LAYER_ASSIGNMENT (  '', '', ( #9817 ) ) ;
#7578 = CARTESIAN_POINT ( 'NONE',  ( 0.0000000000000000000, -1.200000000000000030E-05, 2.000000000000005329 ) ) ;
#7579 = DIRECTION ( 'NONE',  ( 0.0000000000000000000, 0.0000000000000000000, -1.000000000000000000 ) ) ;
#7580 = DIRECTION ( 'NONE',  ( 0.0000000000000000000, 0.0000000000000000000, 1.000000000000000000 ) ) ;
#7581 = PLANE ( 'NONE',  #10652 ) ;
#7582 = CARTESIAN_POINT ( 'NONE',  ( -21.21255897596856599, 1.715241718189957570E-17, -11.18678605244655877 ) ) ;
#7583 = CARTESIAN_POINT ( 'NONE',  ( 15.33069386212223861, 0.0000000000000000000, -12.87970146197645782 ) ) ;
#7584 = CARTESIAN_POINT ( 'NONE',  ( -27.89727847352801859, -22.73738441881632966, 15.99999999999999645 ) ) ;
#7585 = DIRECTION ( 'NONE',  ( 1.000000000000000000, 0.0000000000000000000, 0.0000000000000000000 ) ) ;
#7586 = CIRCLE ( 'NONE', #7289, 27.38338016777126782 ) ;
#7587 = ORIENTED_EDGE ( 'NONE', *, *, #10468, .T. ) ;
#7588 = CARTESIAN_POINT ( 'NONE',  ( -21.25235012305799387, -27.00000000000000355, 13.99999999999999822 ) ) ;
#7589 = AXIS2_PLACEMENT_3D ( 'NONE', #8965, #2086, #10219 ) ;
#7590 = CARTESIAN_POINT ( 'NONE',  ( -7.118449302602206430, -32.31055268242869971, 16.53262470167040021 ) ) ;
#7591 = CARTESIAN_POINT ( 'NONE',  ( -48.25027341332628339, -7.497842460810316467, -16.50000000000000000 ) ) ;
#7592 = CARTESIAN_POINT ( 'NONE',  ( -46.30940107675852602, -10.00000000000000178, 17.00000000000000000 ) ) ;
#7593 = CARTESIAN_POINT ( 'NONE',  ( -49.37990288819737827, -4.836740485329849903, 15.99999999999999645 ) ) ;
#7594 = FACE_OUTER_BOUND ( 'NONE', #4011, .T. ) ;
#7595 = CIRCLE ( 'NONE', #2491, 7.263979491393262933 ) ;
#7596 = CARTESIAN_POINT ( 'NONE',  ( -33.87316485015981016, -22.19999999999999574, -15.99999999999999645 ) ) ;
#7597 = CARTESIAN_POINT ( 'NONE',  ( -21.49917307456697202, -6.938893903907228378E-15, -10.99999999999999645 ) ) ;
#7598 = CONTEXT_DEPENDENT_SHAPE_REPRESENTATION ( #5043, #4765 ) ;
#7599 = FACE_OUTER_BOUND ( 'NONE', #9854, .T. ) ;
#7600 = CARTESIAN_POINT ( 'NONE',  ( 5.488715361937985371, 21.73000000000000398, 1.684828609458633109 ) ) ;
#7601 = DIRECTION ( 'NONE',  ( -1.000000000000000000, 0.0000000000000000000, 0.0000000000000000000 ) ) ;
#7602 = CIRCLE ( 'NONE', #10260, 19.39106233842436566 ) ;
#7603 = CARTESIAN_POINT ( 'NONE',  ( 16.32025544699465058, 0.0000000000000000000, -11.60230975315043622 ) ) ;
#7604 = LINE ( 'NONE', #2993, #5403 ) ;
#7605 = EDGE_CURVE ( 'NONE', #7798, #600, #714, .T. ) ;
#7606 = EDGE_LOOP ( 'NONE', ( #9098, #4199, #8660, #7813 ) ) ;
#7607 = AXIS2_PLACEMENT_3D ( 'NONE', #6636, #4293, #7585 ) ;
#7608 = CARTESIAN_POINT ( 'NONE',  ( -2.500000000000007994, 4.330127018922190096, 0.0000000000000000000 ) ) ;
#7609 = CARTESIAN_POINT ( 'NONE',  ( -48.80940107675852602, -10.00000000000000178, 13.99999999999999112 ) ) ;
#7610 = CIRCLE ( 'NONE', #6080, 9.999999999999998224 ) ;
#7611 = CARTESIAN_POINT ( 'NONE',  ( -48.25027341332628339, -7.497842460810316467, 16.50000000000000000 ) ) ;
#7612 = UNCERTAINTY_MEASURE_WITH_UNIT (LENGTH_MEASURE( 1.000000000000000082E-05 ), #2964, 'distance_accuracy_value', 'NONE');
#7613 = ORIENTED_EDGE ( 'NONE', *, *, #2357, .F. ) ;
#7614 = CARTESIAN_POINT ( 'NONE',  ( 0.0000000000000000000, 0.0000000000000000000, 0.0000000000000000000 ) ) ;
#7615 = ORIENTED_EDGE ( 'NONE', *, *, #28, .F. ) ;
#7616 = ADVANCED_FACE ( 'NONE', ( #306 ), #10399, .F. ) ;
#7617 = CARTESIAN_POINT ( 'NONE',  ( -18.06039371099786095, -25.00000000000000000, 16.00000000000000000 ) ) ;
#7618 = CIRCLE ( 'NONE', #3427, 5.999999999999998224 ) ;
#7619 = EDGE_CURVE ( 'NONE', #2978, #9122, #7136, .T. ) ;
#7620 = EDGE_LOOP ( 'NONE', ( #7233, #2828, #9511, #9108 ) ) ;
#7621 = VERTEX_POINT ( 'NONE', #356 ) ;
#7622 = CARTESIAN_POINT ( 'NONE',  ( -10.61173713831840715, -34.45733154336052451, -14.56727852494392295 ) ) ;
#7623 = ORIENTED_EDGE ( 'NONE', *, *, #10175, .F. ) ;
#7624 = CARTESIAN_POINT ( 'NONE',  ( -46.30940107675852602, -10.00000000000000178, -17.00000000000000000 ) ) ;
#7625 = DIRECTION ( 'NONE',  ( 0.0000000000000000000, 0.0000000000000000000, 1.000000000000000000 ) ) ;
#7626 = PRODUCT ( 'Колесо_00', 'Колесо_00', '', ( #8232 ) ) ;
#7627 = ORIENTED_EDGE ( 'NONE', *, *, #2895, .F. ) ;
#7628 = EDGE_CURVE ( 'NONE', #691, #9480, #4205, .T. ) ;
#7629 = CARTESIAN_POINT ( 'NONE',  ( 0.0000000000000000000, 0.0000000000000000000, -10.00000000000000000 ) ) ;
#7630 = CARTESIAN_POINT ( 'NONE',  ( 9.292305210990166486, 19.84950204030734966, 1.818013024041751358 ) ) ;
#7631 = VERTEX_POINT ( 'NONE', #4473 ) ;
#7632 = AXIS2_PLACEMENT_3D ( 'NONE', #2385, #857, #4106 ) ;
#7633 = PRESENTATION_LAYER_ASSIGNMENT (  '', '', ( #14 ) ) ;
#7634 = ORIENTED_EDGE ( 'NONE', *, *, #4069, .F. ) ;
#7635 = EDGE_LOOP ( 'NONE', ( #5315, #9335, #1528, #4698, #6697, #5365, #4354, #7781 ) ) ;
#7636 = CARTESIAN_POINT ( 'NONE',  ( -13.32920334335550550, -1.860134382542674381, -15.19116583893083750 ) ) ;
#7637 = CARTESIAN_POINT ( 'NONE',  ( 40.26439155837419293, 20.81213173596535881, 27.00000000000000000 ) ) ;
#7638 = CARTESIAN_POINT ( 'NONE',  ( -3.533488969450998773, 3.226023196415221950, 14.37156313651556161 ) ) ;
#7639 = VERTEX_POINT ( 'NONE', #2843 ) ;
#7640 = TOROIDAL_SURFACE ( 'NONE', #3088, 13.00000000000000000, 2.000000000000000000 ) ;
#7641 = ORIENTED_EDGE ( 'NONE', *, *, #2101, .T. ) ;
#7642 = DIRECTION ( 'NONE',  ( 1.000000000000000000, 0.0000000000000000000, 0.0000000000000000000 ) ) ;
#7643 = ORIENTED_EDGE ( 'NONE', *, *, #2277, .T. ) ;
#7644 = ORIENTED_EDGE ( 'NONE', *, *, #9104, .T. ) ;
#7645 = EDGE_LOOP ( 'NONE', ( #6783, #1437, #8135, #1087, #5354 ) ) ;
#7646 = EDGE_CURVE ( 'NONE', #9706, #8550, #2126, .T. ) ;
#7647 = DIRECTION ( 'NONE',  ( 0.0000000000000000000, 0.0000000000000000000, 1.000000000000000000 ) ) ;
#7648 = CARTESIAN_POINT ( 'NONE',  ( -46.14542788219400649, -4.822834520243908685, 16.00000000000000000 ) ) ;
#7649 =( NAMED_UNIT ( * ) PLANE_ANGLE_UNIT ( ) SI_UNIT ( $, .RADIAN. ) );
#7650 = FILL_AREA_STYLE_COLOUR ( '', #2574 ) ;
#7651 = EDGE_LOOP ( 'NONE', ( #5825, #4206, #1963, #8069 ) ) ;
#7652 = PRESENTATION_LAYER_ASSIGNMENT (  '', '', ( #3627 ) ) ;
#7653 = EDGE_LOOP ( 'NONE', ( #3221, #7731, #1336 ) ) ;
#7654 = CARTESIAN_POINT ( 'NONE',  ( 1.000000000000000888, 0.0000000000000000000, 8.000000000000000000 ) ) ;
#7655 = VECTOR ( 'NONE', #6269, 1000.000000000000000 ) ;
#7656 = EDGE_CURVE ( 'NONE', #148, #4141, #10148, .T. ) ;
#7657 = CARTESIAN_POINT ( 'NONE',  ( -16.37063888448854954, -3.334790479912009609, 15.71456022864143520 ) ) ;
#7658 = TOROIDAL_SURFACE ( 'NONE', #501, 13.00000000000000000, 2.000000000000000000 ) ;
#7659 = VERTEX_POINT ( 'NONE', #10230 ) ;
#7660 = VERTEX_POINT ( 'NONE', #5282 ) ;
#7661 = ORIENTED_EDGE ( 'NONE', *, *, #8324, .F. ) ;
#7662 = PRODUCT_DEFINITION_FORMATION_WITH_SPECIFIED_SOURCE ( 'ANY', '', #1662, .NOT_KNOWN. ) ;
#7663 = LINE ( 'NONE', #4037, #4960 ) ;
#7664 = DIRECTION ( 'NONE',  ( 0.0000000000000000000, -0.0000000000000000000, 1.000000000000000000 ) ) ;
#7665 = EDGE_CURVE ( 'NONE', #1149, #7909, #3808, .T. ) ;
#7666 = AXIS2_PLACEMENT_3D ( 'NONE', #494, #2282, #3104 ) ;
#7667 = ADVANCED_FACE ( 'NONE', ( #1074 ), #6222, .T. ) ;
#7668 = ORIENTED_EDGE ( 'NONE', *, *, #8995, .T. ) ;
#7669 = CARTESIAN_POINT ( 'NONE',  ( -16.54436506271749607, -3.225948017925676758, -15.67479142259257507 ) ) ;
#7670 = CARTESIAN_POINT ( 'NONE',  ( 6.395970796527992164, 21.73000000000000043, 1.139537798721126816 ) ) ;
#7671 = CARTESIAN_POINT ( 'NONE',  ( -48.57583265857854826, -5.819069231173880752, 15.99999999999986500 ) ) ;
#7672 = VERTEX_POINT ( 'NONE', #1183 ) ;
#7673 = VERTEX_POINT ( 'NONE', #3766 ) ;
#7674 = EDGE_LOOP ( 'NONE', ( #2713, #9144, #8430, #7373, #9094, #10335, #1271, #1016, #4034, #2619 ) ) ;
#7675 = CARTESIAN_POINT ( 'NONE',  ( 2.986845959349569313, 22.32766767030494037, 24.99999999999998579 ) ) ;
#7676 = FACE_OUTER_BOUND ( 'NONE', #3807, .T. ) ;
#7677 = CARTESIAN_POINT ( 'NONE',  ( 33.69485974840338116, 19.73667871171355870, 1.714247465618308208 ) ) ;
#7678 = CARTESIAN_POINT ( 'NONE',  ( -3.000000000000000000, 3.673940397442059868E-16, -5.421010862427522170E-17 ) ) ;
#7679 = CARTESIAN_POINT ( 'NONE',  ( -42.76684878504190834, -9.417327053355329269, 16.50000000000000000 ) ) ;
#7680 = EDGE_CURVE ( 'NONE', #10098, #8513, #5619, .T. ) ;
#7681 = CARTESIAN_POINT ( 'NONE',  ( 44.00000000000000000, 3.334407072378455187E-16, -2.445500000000000007 ) ) ;
#7682 = AXIS2_PLACEMENT_3D ( 'NONE', #1216, #2098, #7872 ) ;
#7683 = ORIENTED_EDGE ( 'NONE', *, *, #5386, .F. ) ;
#7684 =( BOUNDED_CURVE ( )  B_SPLINE_CURVE ( 3, ( #206, #2711, #9353, #2615 ),
 .UNSPECIFIED., .F., .F. ) 
 B_SPLINE_CURVE_WITH_KNOTS ( ( 4, 4 ),
 ( 4.712388980384687898, 4.970629129860979489 ),
 .UNSPECIFIED. ) 
 CURVE ( )  GEOMETRIC_REPRESENTATION_ITEM ( )  RATIONAL_B_SPLINE_CURVE ( ( 1.000000000000000000, 0.9944503854596195014, 0.9944503854596195014, 1.000000000000000000 ) ) 
 REPRESENTATION_ITEM ( '' )  );
#7685 = DIRECTION ( 'NONE',  ( 0.0000000000000000000, 1.000000000000000000, -1.310430179583815370E-15 ) ) ;
#7686 = CARTESIAN_POINT ( 'NONE',  ( 2.597332525785035306E-17, -3.838309248099062820, -3.351853367130940065 ) ) ;
#7687 = SURFACE_STYLE_FILL_AREA ( #1103 ) ;
#7688 = LINE ( 'NONE', #8037, #6916 ) ;
#7689 = CARTESIAN_POINT ( 'NONE',  ( -8.824102340749785611, -33.60092012650230942, -15.69419110194692557 ) ) ;
#7690 = CIRCLE ( 'NONE', #9200, 4.999999999999999112 ) ;
#7691 = ORIENTED_EDGE ( 'NONE', *, *, #2810, .F. ) ;
#7692 = CARTESIAN_POINT ( 'NONE',  ( 0.0000000000000000000, 0.0000000000000000000, 6.000000000000000888 ) ) ;
#7693 = EDGE_CURVE ( 'NONE', #5103, #562, #9272, .T. ) ;
#7694 = EDGE_CURVE ( 'NONE', #9876, #4990, #9140, .T. ) ;
#7695 = STYLED_ITEM ( 'NONE', ( #1240 ), #7355 ) ;
#7696 = FACE_OUTER_BOUND ( 'NONE', #3014, .T. ) ;
#7697 = CARTESIAN_POINT ( 'NONE',  ( 36.60402920347198830, 20.72999999999999687, 0.0000000000000000000 ) ) ;
#7698 = DIRECTION ( 'NONE',  ( 0.0000000000000000000, 0.0000000000000000000, -1.000000000000000000 ) ) ;
#7699 = CONICAL_SURFACE ( 'NONE', #1666, 5.000000000000000888, 1.047197551196596299 ) ;
#7700 = CARTESIAN_POINT ( 'NONE',  ( -13.31899543650616913, -1.866422363422232111, -15.19620369534036541 ) ) ;
#7701 = CARTESIAN_POINT ( 'NONE',  ( 43.00000000000000000, 21.88813772300484217, 2.414213562373098032 ) ) ;
#7702 = EDGE_CURVE ( 'NONE', #9868, #1315, #1610, .T. ) ;
#7703 = AXIS2_PLACEMENT_3D ( 'NONE', #9834, #9800, #6540 ) ;
#7704 = AXIS2_PLACEMENT_3D ( 'NONE', #6742, #8532, #1776 ) ;
#7705 = CARTESIAN_POINT ( 'NONE',  ( -25.69999999999999929, 0.0000000000000000000, -10.84999999999999787 ) ) ;
#7706 = FACE_OUTER_BOUND ( 'NONE', #744, .T. ) ;
#7707 = LINE ( 'NONE', #3554, #992 ) ;
#7708 = CIRCLE ( 'NONE', #7808, 0.9999999999999990008 ) ;
#7709 = CARTESIAN_POINT ( 'NONE',  ( 3.439203746550239860, 21.13483465857348165, 25.24490244883094547 ) ) ;
#7710 =( NAMED_UNIT ( * ) SI_UNIT ( $, .STERADIAN. ) SOLID_ANGLE_UNIT ( ) );
#7712 = EDGE_CURVE ( 'NONE', #3511, #4912, #6273, .T. ) ;
#7711 = CARTESIAN_POINT ( 'NONE',  ( -14.96662954709576354, -4.806694077515626162, 16.00000000000000000 ) ) ;
#7713 = ADVANCED_FACE ( 'NONE', ( #1858 ), #8469, .T. ) ;
#7714 = FACE_OUTER_BOUND ( 'NONE', #7895, .T. ) ;
#7715 = CARTESIAN_POINT ( 'NONE',  ( 2.500000000000000000, 0.0000000000000000000, -0.3501037691048523026 ) ) ;
#7716 = CIRCLE ( 'NONE', #6248, 2.499999999999998668 ) ;
#7717 = CARTESIAN_POINT ( 'NONE',  ( -46.30940107675853312, -16.19999999999999574, -15.99999999999999645 ) ) ;
#7718 = PRESENTATION_LAYER_ASSIGNMENT (  '', '', ( #6644 ) ) ;
#7719 = EDGE_LOOP ( 'NONE', ( #3, #3292 ) ) ;
#7720 = CARTESIAN_POINT ( 'NONE',  ( -18.24547486020079390, 1.458058595765998611, 5.162517401668705652 ) ) ;
#7721 = DIRECTION ( 'NONE',  ( 0.0000000000000000000, 1.000000000000000000, 0.0000000000000000000 ) ) ;
#7722 = CARTESIAN_POINT ( 'NONE',  ( 6.171862870446970462, 20.11813772300484970, 0.1224512244154741386 ) ) ;
#7723 = CARTESIAN_POINT ( 'NONE',  ( -1.648146632869008421, -4.821944789745373328, -1.995721791861593889E-15 ) ) ;
#7724 = AXIS2_PLACEMENT_3D ( 'NONE', #7931, #7110, #521 ) ;
#7725 = CIRCLE ( 'NONE', #8165, 1.000000000000000000 ) ;
#7726 = FACE_OUTER_BOUND ( 'NONE', #4044, .T. ) ;
#7727 = DIRECTION ( 'NONE',  ( -0.0000000000000000000, -1.000000000000000000, -0.0000000000000000000 ) ) ;
#7728 = ORIENTED_EDGE ( 'NONE', *, *, #7070, .F. ) ;
#7729 = CARTESIAN_POINT ( 'NONE',  ( 0.0000000000000000000, 0.0000000000000000000, 13.50000000000000000 ) ) ;
#7730 = CARTESIAN_POINT ( 'NONE',  ( -15.70366112048467144, -0.9014539427408285732, -13.92016744234212311 ) ) ;
#7731 = ORIENTED_EDGE ( 'NONE', *, *, #3816, .T. ) ;
#7732 = DIRECTION ( 'NONE',  ( 0.0000000000000000000, 0.0000000000000000000, -1.000000000000000000 ) ) ;
#7733 = CARTESIAN_POINT ( 'NONE',  ( 0.0000000000000000000, 0.0000000000000000000, -11.50000000000000000 ) ) ;
#7734 = CIRCLE ( 'NONE', #6723, 2.999999999999999112 ) ;
#7735 = EDGE_CURVE ( 'NONE', #2594, #6973, #9916, .T. ) ;
#7736 = UNCERTAINTY_MEASURE_WITH_UNIT (LENGTH_MEASURE( 1.000000000000000082E-05 ), #6124, 'distance_accuracy_value', 'NONE');
#7737 = VERTEX_POINT ( 'NONE', #3039 ) ;
#7738 = AXIS2_PLACEMENT_3D ( 'NONE', #8765, #376, #3785 ) ;
#7739 = CARTESIAN_POINT ( 'NONE',  ( -32.98062567561318303, -3.488116995667962073, -15.76689437966054541 ) ) ;
#7740 = ORIENTED_EDGE ( 'NONE', *, *, #10199, .F. ) ;
#7741 =( NAMED_UNIT ( * ) PLANE_ANGLE_UNIT ( ) SI_UNIT ( $, .RADIAN. ) );
#7742 = VERTEX_POINT ( 'NONE', #10443 ) ;
#7743 = VERTEX_POINT ( 'NONE', #7919 ) ;
#7744 = CARTESIAN_POINT ( 'NONE',  ( 2.480755704026802011, 4.000000000000000000, 5.500051509068862643 ) ) ;
#7745 = CARTESIAN_POINT ( 'NONE',  ( 11.00000000000000000, 0.0000000000000000000, -7.500000000000000000 ) ) ;
#7746 = ORIENTED_EDGE ( 'NONE', *, *, #8323, .T. ) ;
#7747 = ORIENTED_EDGE ( 'NONE', *, *, #1516, .F. ) ;
#7748 = EDGE_CURVE ( 'NONE', #3362, #10023, #7688, .T. ) ;
#7749 = DIRECTION ( 'NONE',  ( -0.0000000000000000000, 1.000000000000000000, -0.0000000000000000000 ) ) ;
#7750 = EDGE_CURVE ( 'NONE', #956, #10252, #5758, .T. ) ;
#7751 = AXIS2_PLACEMENT_3D ( 'NONE', #9930, #1659, #9137 ) ;
#7752 = VERTEX_POINT ( 'NONE', #9688 ) ;
#7753 = CARTESIAN_POINT ( 'NONE',  ( -21.49920583820769693, 6.938893903907228378E-15, 11.00000000000000355 ) ) ;
#7754 = CARTESIAN_POINT ( 'NONE',  ( -16.37934386923333818, -3.329438182028738424, 15.71266663303182476 ) ) ;
#7755 = CARTESIAN_POINT ( 'NONE',  ( 6.171862870446968685, 20.12064925652151715, 27.87754877558452904 ) ) ;
#7756 = CARTESIAN_POINT ( 'NONE',  ( -0.8179331680533132864, -5.301268757141567534, -0.1739375980333785487 ) ) ;
#7757 = ORIENTED_EDGE ( 'NONE', *, *, #9437, .T. ) ;
#7758 = EDGE_LOOP ( 'NONE', ( #7882, #3414, #804, #9349 ) ) ;
#7759 = VERTEX_POINT ( 'NONE', #2169 ) ;
#7760 = CARTESIAN_POINT ( 'NONE',  ( 42.00000000000000000, 21.49480438967151485, 26.00000000000000355 ) ) ;
#7761 = CARTESIAN_POINT ( 'NONE',  ( 36.60402920347198830, 20.72999999999999687, 1.000000000000000000 ) ) ;
#7762 = ORIENTED_EDGE ( 'NONE', *, *, #769, .T. ) ;
#7763 = ADVANCED_FACE ( 'NONE', ( #2763 ), #7946, .F. ) ;
#7764 = CARTESIAN_POINT ( 'NONE',  ( 14.20419899880919345, 0.0000000000000000000, -14.07979867761707560 ) ) ;
#7765 = EDGE_LOOP ( 'NONE', ( #4385, #3514, #2688, #10496, #2819 ) ) ;
#7766 = CARTESIAN_POINT ( 'NONE',  ( -16.37492056379757699, -3.332022414921731901, -15.71358161800100817 ) ) ;
#7767 = ORIENTED_EDGE ( 'NONE', *, *, #1622, .T. ) ;
#7768 = CARTESIAN_POINT ( 'NONE',  ( 39.26439155837419293, 0.0000000000000000000, 27.00000000000000000 ) ) ;
#7769 = CYLINDRICAL_SURFACE ( 'NONE', #5987, 5.999999999999998224 ) ;
#7770 = LINE ( 'NONE', #9715, #4776 ) ;
#7771 = ORIENTED_EDGE ( 'NONE', *, *, #7628, .F. ) ;
#7772 = CARTESIAN_POINT ( 'NONE',  ( -16.17748270060303639, -3.448970782632937215, 15.75518520697114333 ) ) ;
#7773 = VECTOR ( 'NONE', #3634, 1000.000000000000000 ) ;
#7774 = EDGE_CURVE ( 'NONE', #3993, #7277, #4850, .T. ) ;
#7775 = CARTESIAN_POINT ( 'NONE',  ( -5.263155821255016242, 3.999999999999998224, -2.950238342959889071 ) ) ;
#7776 = CARTESIAN_POINT ( 'NONE',  ( 0.0000000000000000000, 0.0000000000000000000, 0.0000000000000000000 ) ) ;
#7777 = DIRECTION ( 'NONE',  ( 0.0000000000000000000, 0.0000000000000000000, 1.000000000000000000 ) ) ;
#7778 = DIRECTION ( 'NONE',  ( 0.0000000000000000000, -0.0000000000000000000, 1.000000000000000000 ) ) ;
#7779 = PLANE ( 'NONE',  #5805 ) ;
#7780 = CARTESIAN_POINT ( 'NONE',  ( -10.91175213059565685, 0.0000000000000000000, 16.76308921491894566 ) ) ;
#7781 = ORIENTED_EDGE ( 'NONE', *, *, #2488, .T. ) ;
#7782 = DIRECTION ( 'NONE',  ( 1.000000000000000000, 0.0000000000000000000, 0.0000000000000000000 ) ) ;
#7783 = VERTEX_POINT ( 'NONE', #4706 ) ;
#7784 = ORIENTED_EDGE ( 'NONE', *, *, #3559, .T. ) ;
#7785 = ORIENTED_EDGE ( 'NONE', *, *, #848, .F. ) ;
#7786 = EDGE_CURVE ( 'NONE', #7367, #7501, #7954, .T. ) ;
#7787 = LINE ( 'NONE', #1388, #5486 ) ;
#7788 = CARTESIAN_POINT ( 'NONE',  ( -18.94276256484991450, 1.458268500949248869, 0.7488355958418768665 ) ) ;
#7789 = CARTESIAN_POINT ( 'NONE',  ( -1.200000000000000030E-05, 0.0000000000000000000, 26.50000000000000000 ) ) ;
#7790 = CARTESIAN_POINT ( 'NONE',  ( -2.500000000000003997, -4.330127018922192761, -6.099999999999999645 ) ) ;
#7791 = CARTESIAN_POINT ( 'NONE',  ( 1.551084702268052148E-14, 20.11813772300487457, 0.0000000000000000000 ) ) ;
#7792 = ORIENTED_EDGE ( 'NONE', *, *, #2801, .T. ) ;
#7793 = PRODUCT_DEFINITION ( 'UNKNOWN', '', #1715, #10293 ) ;
#7794 = CARTESIAN_POINT ( 'NONE',  ( -15.33792815404795995, -4.142124698364646918, -15.92772737247571335 ) ) ;
#7795 = CARTESIAN_POINT ( 'NONE',  ( 25.44734990167305000, 10.69999999999999929, 0.0000000000000000000 ) ) ;
#7796 = EDGE_CURVE ( 'NONE', #10479, #3606, #4066, .T. ) ;
#7797 = AXIS2_PLACEMENT_3D ( 'NONE', #9299, #4325, #8420 ) ;
#7798 = VERTEX_POINT ( 'NONE', #6384 ) ;
#7799 = CARTESIAN_POINT ( 'NONE',  ( 40.26439155837419293, -1.200000000000000030E-05, 1.000000000000000000 ) ) ;
#7800 = CARTESIAN_POINT ( 'NONE',  ( 4.182066831946706031, -3.358985280702829090, -5.926062401966621707 ) ) ;
#7801 = CARTESIAN_POINT ( 'NONE',  ( 5.000000000000000000, 2.316617955123359884, -4.012500000000003730 ) ) ;
#7802 = CIRCLE ( 'NONE', #575, 3.000000000000000000 ) ;
#7803 = ORIENTED_EDGE ( 'NONE', *, *, #3572, .T. ) ;
#7804 = DIRECTION ( 'NONE',  ( 0.0000000000000000000, -0.1014229160628661447, -0.9948434007909510157 ) ) ;
#7805 = DIRECTION ( 'NONE',  ( 0.0000000000000000000, 1.000000000000000000, 0.0000000000000000000 ) ) ;
#7806 = EDGE_CURVE ( 'NONE', #6873, #3226, #1339, .T. ) ;
#7807 = CYLINDRICAL_SURFACE ( 'NONE', #2089, 2.500000000000000000 ) ;
#7808 = AXIS2_PLACEMENT_3D ( 'NONE', #4936, #3161, #8115 ) ;
#7809 = CARTESIAN_POINT ( 'NONE',  ( -21.25235012305800097, -27.00000000000000355, -20.00000000000000000 ) ) ;
#7810 = CARTESIAN_POINT ( 'NONE',  ( 14.20419899880919168, 2.452046392830443899, -14.07979867761707382 ) ) ;
#7811 = CARTESIAN_POINT ( 'NONE',  ( -16.04708186846034934, -3.529574263250770283, 15.78342685405580070 ) ) ;
#7812 = ADVANCED_FACE ( 'NONE', ( #841 ), #2524, .F. ) ;
#7813 = ORIENTED_EDGE ( 'NONE', *, *, #6580, .T. ) ;
#7814 = DIRECTION ( 'NONE',  ( 1.000000000000000000, 0.0000000000000000000, 0.0000000000000000000 ) ) ;
#7815 = EDGE_CURVE ( 'NONE', #4990, #8322, #3031, .T. ) ;
#7816 = DIRECTION ( 'NONE',  ( -0.08956406980272263452, -0.9959810627719650755, -1.206748695074240352E-17 ) ) ;
#7817 = CARTESIAN_POINT ( 'NONE',  ( -21.33825305776798231, 2.504415250633141762E-12, 0.8428078451898406431 ) ) ;
#7818 = CARTESIAN_POINT ( 'NONE',  ( -13.53495762743758135, 0.8228984646881309928, 14.31658277267026769 ) ) ;
#7819 = DIRECTION ( 'NONE',  ( 1.000000000000000000, 0.0000000000000000000, 0.0000000000000000000 ) ) ;
#7820 = CARTESIAN_POINT ( 'NONE',  ( 0.0000000000000000000, 2.316617955123359884, -4.012500000000003730 ) ) ;
#7821 = DIRECTION ( 'NONE',  ( -1.000000000000000000, -0.0000000000000000000, -0.0000000000000000000 ) ) ;
#7822 = AXIS2_PLACEMENT_3D ( 'NONE', #6471, #1498, #9783 ) ;
#7823 = CYLINDRICAL_SURFACE ( 'NONE', #1734, 1.000000000000000222 ) ;
#7824 = CARTESIAN_POINT ( 'NONE',  ( -1.694585229536690996, 4.308267532720396531, 0.0000000000000000000 ) ) ;
#7825 = CARTESIAN_POINT ( 'NONE',  ( -1.311724005450015124E-07, 0.0000000000000000000, -19.99803989383731917 ) ) ;
#7826 = DIRECTION ( 'NONE',  ( 0.0000000000000000000, -0.8660254037844379305, 0.5000000000000013323 ) ) ;
#7827 = CARTESIAN_POINT ( 'NONE',  ( -12.00000000000000355, 0.0000000000000000000, 14.00000000000000000 ) ) ;
#7828 = CARTESIAN_POINT ( 'NONE',  ( 6.395970796527967295, 20.11813772300487102, 27.96684090475465467 ) ) ;
#7829 = CARTESIAN_POINT ( 'NONE',  ( -13.30967174229115813, -1.880767056435983742, -15.20406229655122488 ) ) ;
#7830 = LINE ( 'NONE', #6468, #5658 ) ;
#7831 = DIRECTION ( 'NONE',  ( -0.0000000000000000000, -0.0000000000000000000, 1.000000000000000000 ) ) ;
#7832 = CARTESIAN_POINT ( 'NONE',  ( 3.500000000000000000, 5.000000000000000000, 0.0000000000000000000 ) ) ;
#7833 = FACE_OUTER_BOUND ( 'NONE', #4402, .T. ) ;
#7834 = EDGE_CURVE ( 'NONE', #5979, #4712, #4715, .T. ) ;
#7835 = AXIS2_PLACEMENT_3D ( 'NONE', #4419, #163, #5945 ) ;
#7836 = AXIS2_PLACEMENT_3D ( 'NONE', #2740, #5172, #2795 ) ;
#7837 = CARTESIAN_POINT ( 'NONE',  ( 5.000000000000002665, -2.886751345948133540, -0.4465819873852080457 ) ) ;
#7838 = PLANE ( 'NONE',  #3609 ) ;
#7839 = CONTEXT_DEPENDENT_SHAPE_REPRESENTATION ( #8006, #425 ) ;
#7840 = TOROIDAL_SURFACE ( 'NONE', #7607, 14.50000000000000533, 3.000000000000000000 ) ;
#7841 = DIRECTION ( 'NONE',  ( 0.0000000000000000000, 1.000000000000000000, 0.0000000000000000000 ) ) ;
#7842 = VECTOR ( 'NONE', #2024, 1000.000000000000000 ) ;
#7843 = VECTOR ( 'NONE', #3389, 1000.000000000000114 ) ;
#7844 = DIRECTION ( 'NONE',  ( 0.0000000000000000000, 0.0000000000000000000, 0.9999999999999998890 ) ) ;
#7845 = DIRECTION ( 'NONE',  ( 0.0000000000000000000, 0.0000000000000000000, -1.000000000000000000 ) ) ;
#7846 = DIRECTION ( 'NONE',  ( -0.0000000000000000000, -1.000000000000000000, -0.0000000000000000000 ) ) ;
#7847 = DIRECTION ( 'NONE',  ( -1.000000000000000000, 0.0000000000000000000, -0.0000000000000000000 ) ) ;
#7848 = CARTESIAN_POINT ( 'NONE',  ( 1.000000000000003553, 22.03209181533657102, 25.99999999999999645 ) ) ;
#7849 = CARTESIAN_POINT ( 'NONE',  ( 1.470485790706642648, -1.200000000000000030E-05, 25.30874458413941142 ) ) ;
#7850 = COLOUR_RGB ( '',0.7921568627450980005, 0.8196078431372548767, 0.9333333333333333481 ) ;
#7851 = FACE_OUTER_BOUND ( 'NONE', #6331, .T. ) ;
#7852 = ORIENTED_EDGE ( 'NONE', *, *, #9382, .T. ) ;
#7853 =( GEOMETRIC_REPRESENTATION_CONTEXT ( 3 ) GLOBAL_UNCERTAINTY_ASSIGNED_CONTEXT ( ( #1510 ) ) GLOBAL_UNIT_ASSIGNED_CONTEXT ( ( #1056, #6088, #2785 ) ) REPRESENTATION_CONTEXT ( 'NONE', 'WORKASPACE' ) );
#7854 = LINE ( 'NONE', #2735, #2444 ) ;
#7855 = CARTESIAN_POINT ( 'NONE',  ( -19.14779821888191691, -0.7757695185624615686, 13.68844227490498611 ) ) ;
#7856 = DIRECTION ( 'NONE',  ( 0.0000000000000000000, -0.0000000000000000000, 1.000000000000000000 ) ) ;
#7857 = ORIENTED_EDGE ( 'NONE', *, *, #8449, .F. ) ;
#7858 = AXIS2_PLACEMENT_3D ( 'NONE', #577, #8826, #8736 ) ;
#7859 = DIRECTION ( 'NONE',  ( 0.0000000000000000000, -0.0000000000000000000, 1.000000000000000000 ) ) ;
#7860 = CIRCLE ( 'NONE', #4124, 11.00000000000000000 ) ;
#7861 = VERTEX_POINT ( 'NONE', #1484 ) ;
#7862 = DIRECTION ( 'NONE',  ( 0.0000000000000000000, 0.0000000000000000000, -1.000000000000000000 ) ) ;
#7863 = ORIENTED_EDGE ( 'NONE', *, *, #10388, .F. ) ;
#7864 = CARTESIAN_POINT ( 'NONE',  ( -5.000000000000000888, 0.0000000000000000000, 0.0000000000000000000 ) ) ;
#7865 = CARTESIAN_POINT ( 'NONE',  ( 33.88786768106270131, 19.98186290324051839, 26.09274460172236942 ) ) ;
#7866 = ORIENTED_EDGE ( 'NONE', *, *, #1107, .F. ) ;
#7867 = LINE ( 'NONE', #2205, #6064 ) ;
#7868 = ADVANCED_FACE ( 'NONE', ( #52 ), #7045, .T. ) ;
#7869 = DIRECTION ( 'NONE',  ( -1.000000000000000000, -0.0000000000000000000, -0.0000000000000000000 ) ) ;
#7870 = ORIENTED_EDGE ( 'NONE', *, *, #2693, .F. ) ;
#7871 = CARTESIAN_POINT ( 'NONE',  ( -10.88916548151383701, -0.06298898707755734572, -16.77966365556981998 ) ) ;
#7872 = DIRECTION ( 'NONE',  ( 1.000000000000000000, 0.0000000000000000000, 0.0000000000000000000 ) ) ;
#7873 = CARTESIAN_POINT ( 'NONE',  ( -1.193726611801684045, 4.000000000000000000, 5.910271524655681397 ) ) ;
#7874 = DIRECTION ( 'NONE',  ( 0.0000000000000000000, 0.0000000000000000000, 1.000000000000000000 ) ) ;
#7875 = B_SPLINE_CURVE_WITH_KNOTS ( 'NONE', 3,
 ( #8695, #8728, #1236, #3022, #7039, #2081 ),
 .UNSPECIFIED., .F., .F.,
 ( 4, 2, 4 ),
 ( 0.005150343764683555994, 0.006610526168996385711, 0.008070708573309215428 ),
 .UNSPECIFIED. ) ;
#7876 = EDGE_CURVE ( 'NONE', #2694, #5029, #6670, .T. ) ;
#7877 = ORIENTED_EDGE ( 'NONE', *, *, #5833, .T. ) ;
#7878 = AXIS2_PLACEMENT_3D ( 'NONE', #6312, #5554, #8882 ) ;
#7879 = VERTEX_POINT ( 'NONE', #9932 ) ;
#7880 = CARTESIAN_POINT ( 'NONE',  ( -31.74999999999995737, 9.797174393178825657E-16, -8.000000000000000000 ) ) ;
#7881 = ORIENTED_EDGE ( 'NONE', *, *, #2717, .F. ) ;
#7882 = ORIENTED_EDGE ( 'NONE', *, *, #995, .F. ) ;
#7883 = CARTESIAN_POINT ( 'NONE',  ( -31.29177913850594095, -2.129705277142516895, -15.09895982515400981 ) ) ;
#7884 = CARTESIAN_POINT ( 'NONE',  ( 44.00000000000000000, 2.994873747314852478E-16, -2.445500000000000007 ) ) ;
#7885 = SURFACE_SIDE_STYLE ('',( #8388 ) ) ;
#7886 = CARTESIAN_POINT ( 'NONE',  ( -33.87316485015981016, -16.19999999999999574, -13.99999999999999645 ) ) ;
#7887 = ORIENTED_EDGE ( 'NONE', *, *, #1036, .T. ) ;
#7888 = DIRECTION ( 'NONE',  ( 0.0000000000000000000, 0.0000000000000000000, 1.000000000000000000 ) ) ;
#7889 = DIRECTION ( 'NONE',  ( -0.0000000000000000000, 0.8660254037844387076, 0.4999999999999998335 ) ) ;
#7890 = DIRECTION ( 'NONE',  ( 1.000000000000000000, 0.0000000000000000000, 0.0000000000000000000 ) ) ;
#7891 = VECTOR ( 'NONE', #5529, 1000.000000000000000 ) ;
#7892 = CARTESIAN_POINT ( 'NONE',  ( 10.40000000000000036, 0.0000000000000000000, 4.999999999999999112 ) ) ;
#7893 = CARTESIAN_POINT ( 'NONE',  ( -50.04187662689937355, -7.052605167473085856, 15.99999999999987566 ) ) ;
#7894 = ORIENTED_EDGE ( 'NONE', *, *, #9344, .T. ) ;
#7895 = EDGE_LOOP ( 'NONE', ( #2120, #2215, #9482, #4127 ) ) ;
#7896 = EDGE_CURVE ( 'NONE', #9220, #5182, #1985, .T. ) ;
#7897 = EDGE_CURVE ( 'NONE', #9841, #8932, #5236, .T. ) ;
#7898 = STYLED_ITEM ( 'NONE', ( #9033 ), #6897 ) ;
#7899 = LINE ( 'NONE', #7629, #1820 ) ;
#7900 = ORIENTED_EDGE ( 'NONE', *, *, #2515, .F. ) ;
#7901 = DIRECTION ( 'NONE',  ( 0.0000000000000000000, 0.0000000000000000000, -1.000000000000000000 ) ) ;
#7902 = CARTESIAN_POINT ( 'NONE',  ( -19.45714744751767711, -0.4623712101951831244, 13.10415345375952967 ) ) ;
#7903 = CARTESIAN_POINT ( 'NONE',  ( 0.0000000000000000000, 0.0000000000000000000, 0.0000000000000000000 ) ) ;
#7904 = EDGE_LOOP ( 'NONE', ( #985, #5715, #7740, #7291, #8538 ) ) ;
#7905 = CARTESIAN_POINT ( 'NONE',  ( -5.000000000000000888, 0.0000000000000000000, 0.0000000000000000000 ) ) ;
#7906 = CARTESIAN_POINT ( 'NONE',  ( 6.123233995736766282E-16, 9.999999999999996447, 5.000000000000000000 ) ) ;
#7907 = CARTESIAN_POINT ( 'NONE',  ( 0.0000000000000000000, -6.000000000000000000, 0.0000000000000000000 ) ) ;
#7908 = SURFACE_STYLE_FILL_AREA ( #9698 ) ;
#7909 = VERTEX_POINT ( 'NONE', #3154 ) ;
#7910 = ORIENTED_EDGE ( 'NONE', *, *, #8771, .F. ) ;
#7911 = B_SPLINE_CURVE_WITH_KNOTS ( 'NONE', 3,
 ( #2947, #8740, #2253, #5685 ),
 .UNSPECIFIED., .F., .F.,
 ( 4, 4 ),
 ( 2.380735201045295806E-07, 0.002921158011986726370 ),
 .UNSPECIFIED. ) ;
#7912 = CYLINDRICAL_SURFACE ( 'NONE', #10554, 2.849999999999998312 ) ;
#7913 = EDGE_CURVE ( 'NONE', #1912, #7153, #2264, .T. ) ;
#7914 = CARTESIAN_POINT ( 'NONE',  ( -46.30940107675852602, -10.00000000000000178, -17.00000000000000000 ) ) ;
#7915 = SURFACE_STYLE_USAGE ( .BOTH. , #7127 ) ;
#7916 = CIRCLE ( 'NONE', #7918, 2.499999999999998668 ) ;
#7917 = ORIENTED_EDGE ( 'NONE', *, *, #1543, .F. ) ;
#7918 = AXIS2_PLACEMENT_3D ( 'NONE', #2815, #5373, #9512 ) ;
#7919 = CARTESIAN_POINT ( 'NONE',  ( 6.395970796527967295, 20.11813772300487102, 0.03315909524535375769 ) ) ;
#7920 = EDGE_LOOP ( 'NONE', ( #8214, #3117, #7269, #1702 ) ) ;
#7921 = ORIENTED_EDGE ( 'NONE', *, *, #8463, .F. ) ;
#7922 = CARTESIAN_POINT ( 'NONE',  ( -30.00000000000000355, -2.000000000000000000, -13.99999999999999822 ) ) ;
#7923 = DIRECTION ( 'NONE',  ( -1.000000000000000000, 0.0000000000000000000, 1.347358039593636966E-16 ) ) ;
#7924 = DIRECTION ( 'NONE',  ( -1.000000000000000000, -0.0000000000000000000, -0.0000000000000000000 ) ) ;
#7925 =( NAMED_UNIT ( * ) PLANE_ANGLE_UNIT ( ) SI_UNIT ( $, .RADIAN. ) );
#7926 = VERTEX_POINT ( 'NONE', #4815 ) ;
#7927 = SURFACE_STYLE_USAGE ( .BOTH. , #7885 ) ;
#7928 = CARTESIAN_POINT ( 'NONE',  ( 3.500000000000000000, 0.0000000000000000000, 5.000000000000000000 ) ) ;
#7929 = ORIENTED_EDGE ( 'NONE', *, *, #10162, .F. ) ;
#7930 = ORIENTED_EDGE ( 'NONE', *, *, #8705, .T. ) ;
#7931 = CARTESIAN_POINT ( 'NONE',  ( 39.26439155837419293, 21.05655294009385514, 27.00000000000000000 ) ) ;
#7932 = AXIS2_PLACEMENT_3D ( 'NONE', #8575, #366, #5226 ) ;
#7933 = FACE_OUTER_BOUND ( 'NONE', #3282, .T. ) ;
#7934 = CARTESIAN_POINT ( 'NONE',  ( 5.000000000000000000, 2.316617955123373651, 4.012499999999993960 ) ) ;
#7935 = ADVANCED_FACE ( 'NONE', ( #8585, #4444 ), #10591, .F. ) ;
#7936 = DIRECTION ( 'NONE',  ( 0.0000000000000000000, 0.0000000000000000000, -1.000000000000000000 ) ) ;
#7937 = DIRECTION ( 'NONE',  ( -0.3660362354902201854, -0.9306005987039489558, 0.0000000000000000000 ) ) ;
#7938 = UNCERTAINTY_MEASURE_WITH_UNIT (LENGTH_MEASURE( 1.000000000000000082E-05 ), #4592, 'distance_accuracy_value', 'NONE');
#7939 = CARTESIAN_POINT ( 'NONE',  ( -28.86363071580634099, -33.48353000371893273, -15.99999999999999645 ) ) ;
#7940 = CARTESIAN_POINT ( 'NONE',  ( -17.00835255217904063, -2.914702480951084862, 15.54605846912480871 ) ) ;
#7941 = EDGE_LOOP ( 'NONE', ( #9479, #8465, #10234 ) ) ;
#7942 = CARTESIAN_POINT ( 'NONE',  ( 1.224646799147353256E-15, 2.000000000000000000, 10.00000000000000000 ) ) ;
#7943 = CARTESIAN_POINT ( 'NONE',  ( 3.500000000000000000, -5.773502691896264416, 0.0000000000000000000 ) ) ;
#7944 = CARTESIAN_POINT ( 'NONE',  ( -14.96662954967187531, -4.699721080531593209, -15.99999999999999645 ) ) ;
#7945 = LINE ( 'NONE', #8226, #7044 ) ;
#7946 = TOROIDAL_SURFACE ( 'NONE', #4865, 3.249999999999999556, 0.2500000000000000000 ) ;
#7947 = CARTESIAN_POINT ( 'NONE',  ( 40.26439155837419293, 22.42399401296051664, 2.999999999999999112 ) ) ;
#7948 = EDGE_CURVE ( 'NONE', #8680, #1704, #5627, .T. ) ;
#7949 = ORIENTED_EDGE ( 'NONE', *, *, #3264, .T. ) ;
#7950 = CARTESIAN_POINT ( 'NONE',  ( 5.000000000000000000, 0.0000000000000000000, 0.0000000000000000000 ) ) ;
#7951 = CARTESIAN_POINT ( 'NONE',  ( 0.0000000000000000000, 9.999999999999996447, 0.0000000000000000000 ) ) ;
#7952 = CARTESIAN_POINT ( 'NONE',  ( -16.35609998107255336, -3.343614636120666006, -15.71766911177155102 ) ) ;
#7953 = DIRECTION ( 'NONE',  ( 0.0000000000000000000, 0.0000000000000000000, -1.000000000000000000 ) ) ;
#7954 = B_SPLINE_CURVE_WITH_KNOTS ( 'NONE', 3,
 ( #7995, #5537, #9731, #4617, #505, #7242 ),
 .UNSPECIFIED., .F., .F.,
 ( 4, 2, 4 ),
 ( 0.006014810938144463798, 0.008172168900298509842, 0.01032952686245256109 ),
 .UNSPECIFIED. ) ;
#7955 = CARTESIAN_POINT ( 'NONE',  ( -2.712167343862824875, -4.207632145829755643, -2.231720057778267029E-15 ) ) ;
#7956 = DIRECTION ( 'NONE',  ( -0.9306005987039488447, 0.3660362354902204629, 0.0000000000000000000 ) ) ;
#7957 = ORIENTED_EDGE ( 'NONE', *, *, #2002, .T. ) ;
#7958 = LINE ( 'NONE', #133, #6035 ) ;
#7959 = EDGE_CURVE ( 'NONE', #5984, #8299, #3417, .T. ) ;
#7960 = EDGE_CURVE ( 'NONE', #350, #4557, #8080, .T. ) ;
#7961 = EDGE_LOOP ( 'NONE', ( #3035, #9765, #785, #3603 ) ) ;
#7962 = AXIS2_PLACEMENT_3D ( 'NONE', #3254, #4922, #8991 ) ;
#7963 = APPLICATION_CONTEXT ( 'automotive_design' ) ;
#7964 = CARTESIAN_POINT ( 'NONE',  ( 33.88786768106269420, 19.98186290324051839, 1.907255398277626357 ) ) ;
#7965 = CARTESIAN_POINT ( 'NONE',  ( -21.91930930899454921, 2.451911830291827243, -6.433346771936899522 ) ) ;
#7966 = DIRECTION ( 'NONE',  ( 0.0000000000000000000, 0.0000000000000000000, 1.000000000000000000 ) ) ;
#7967 = CARTESIAN_POINT ( 'NONE',  ( 0.0000000000000000000, 0.0000000000000000000, -11.50000000000000000 ) ) ;
#7968 = DIRECTION ( 'NONE',  ( 0.8775487755845257087, 0.0000000000000000000, -0.4794873788433848816 ) ) ;
#7969 = DIRECTION ( 'NONE',  ( 0.0000000000000000000, -0.4999999999999981681, 0.8660254037844395958 ) ) ;
#7970 = FACE_OUTER_BOUND ( 'NONE', #10054, .T. ) ;
#7971 = EDGE_CURVE ( 'NONE', #2351, #4302, #8788, .T. ) ;
#7972 = FACE_OUTER_BOUND ( 'NONE', #8572, .T. ) ;
#7973 = FACE_OUTER_BOUND ( 'NONE', #8524, .T. ) ;
#7974 = CARTESIAN_POINT ( 'NONE',  ( -3.346878500200761497, -3.841181488860388793, -6.048595712916168488 ) ) ;
#7975 = LINE ( 'NONE', #6265, #8606 ) ;
#7976 = EDGE_LOOP ( 'NONE', ( #4189, #9759, #249, #6591 ) ) ;
#7977 =( LENGTH_UNIT ( ) NAMED_UNIT ( * ) SI_UNIT ( .MILLI., .METRE. ) );
#7978 = CARTESIAN_POINT ( 'NONE',  ( -13.06686305114419078, 0.6778612361882133674, 14.88023524872377656 ) ) ;
#7979 = DIRECTION ( 'NONE',  ( -1.000000000000000000, -0.0000000000000000000, -0.0000000000000000000 ) ) ;
#7980 =( NAMED_UNIT ( * ) PLANE_ANGLE_UNIT ( ) SI_UNIT ( $, .RADIAN. ) );
#7981 = PLANE ( 'NONE',  #5109 ) ;
#7982 = CARTESIAN_POINT ( 'NONE',  ( -52.30940107675851891, -10.20000000000000107, -13.99999999999999467 ) ) ;
#7983 = AXIS2_PLACEMENT_3D ( 'NONE', #7368, #10656, #6514 ) ;
#7984 = AXIS2_PLACEMENT_3D ( 'NONE', #1661, #2507, #35 ) ;
#7985 = LINE ( 'NONE', #3351, #3201 ) ;
#7986 = B_SPLINE_CURVE_WITH_KNOTS ( 'NONE', 3,
 ( #1211, #2835, #5245, #3687, #8663, #1242, #1096, #6977, #6141, #9493 ),
 .UNSPECIFIED., .F., .F.,
 ( 4, 2, 2, 2, 4 ),
 ( 0.0000000000000000000, 0.0004007456117218250900, 0.0008014912234436501800, 0.001202236835165475162, 0.001602982446887300360 ),
 .UNSPECIFIED. ) ;
#7987 = FACE_BOUND ( 'NONE', #3073, .T. ) ;
#7988 = FACE_OUTER_BOUND ( 'NONE', #2131, .T. ) ;
#7989 = DIRECTION ( 'NONE',  ( 1.000000000000000000, -0.0000000000000000000, -0.0000000000000000000 ) ) ;
#7990 = DIRECTION ( 'NONE',  ( 0.0000000000000000000, 0.0000000000000000000, 1.000000000000000000 ) ) ;
#7991 = CARTESIAN_POINT ( 'NONE',  ( 9.403278143299921510, 19.74602133619220723, 26.29295990826800278 ) ) ;
#7992 = VERTEX_POINT ( 'NONE', #5727 ) ;
#7993 = ADVANCED_FACE ( 'NONE', ( #5363 ), #10674, .F. ) ;
#7994 = LINE ( 'NONE', #3575, #6593 ) ;
#7995 = CARTESIAN_POINT ( 'NONE',  ( -13.90192006711059847, 0.9339167485997341700, 13.82536284289295203 ) ) ;
#7996 = CARTESIAN_POINT ( 'NONE',  ( -4.862271801081309519, -30.20478701434253210, -17.50406665066870815 ) ) ;
#7997 = EDGE_CURVE ( 'NONE', #3727, #3396, #1203, .T. ) ;
#7998 = PRESENTATION_STYLE_ASSIGNMENT (( #7927 ) ) ;
#7999 = CIRCLE ( 'NONE', #10655, 3.000000000000000000 ) ;
#8000 = CIRCLE ( 'NONE', #3424, 5.000000000000002665 ) ;
#8001 = AXIS2_PLACEMENT_3D ( 'NONE', #7310, #6627, #9126 ) ;
#8002 = VERTEX_POINT ( 'NONE', #4165 ) ;
#8003 = DIRECTION ( 'NONE',  ( -1.000000000000000000, 0.0000000000000000000, 0.0000000000000000000 ) ) ;
#8004 = ORIENTED_EDGE ( 'NONE', *, *, #3017, .F. ) ;
#8005 = DIRECTION ( 'NONE',  ( 0.0000000000000000000, 0.0000000000000000000, 1.000000000000000000 ) ) ;
#8006 =( REPRESENTATION_RELATIONSHIP ('NONE','NONE', #3297, #7001 ) REPRESENTATION_RELATIONSHIP_WITH_TRANSFORMATION ( #5144 )SHAPE_REPRESENTATION_RELATIONSHIP( ) );
#8007 = CARTESIAN_POINT ( 'NONE',  ( 6.451550260358742683, 4.000000000000000000, 1.181404986994633255 ) ) ;
#8008 = CIRCLE ( 'NONE', #9302, 10.00000000000000178 ) ;
#8009 = ORIENTED_EDGE ( 'NONE', *, *, #3905, .F. ) ;
#8010 = ORIENTED_EDGE ( 'NONE', *, *, #3324, .T. ) ;
#8012 = EDGE_CURVE ( 'NONE', #2011, #8680, #7563, .T. ) ;
#8011 = PLANE ( 'NONE',  #5520 ) ;
#8013 = LINE ( 'NONE', #5424, #6608 ) ;
#8014 = CARTESIAN_POINT ( 'NONE',  ( -16.36682670153011543, -3.333333333333333037, -15.71404520791031700 ) ) ;
#8015 = CARTESIAN_POINT ( 'NONE',  ( -1.451022859147288532E-16, 21.88813772300485994, 25.58578643762689708 ) ) ;
#8016 = ORIENTED_EDGE ( 'NONE', *, *, #1386, .F. ) ;
#8017 = DIRECTION ( 'NONE',  ( -0.0000000000000000000, -0.0000000000000000000, -1.000000000000000000 ) ) ;
#8018 = EDGE_LOOP ( 'NONE', ( #6879, #2600, #2319, #4611 ) ) ;
#8019 = AXIS2_PLACEMENT_3D ( 'NONE', #6157, #2887, #2028 ) ;
#8020 = CARTESIAN_POINT ( 'NONE',  ( -48.25027341332628339, -7.497842460810316467, -16.50000000000000000 ) ) ;
#8021 = CARTESIAN_POINT ( 'NONE',  ( -14.64396198939905425, 1.144892366524280725, 12.70841228107704168 ) ) ;
#8022 = ORIENTED_EDGE ( 'NONE', *, *, #933, .T. ) ;
#8023 = EDGE_CURVE ( 'NONE', #7621, #800, #7802, .T. ) ;
#8024 =( BOUNDED_CURVE ( )  B_SPLINE_CURVE ( 3, ( #8094, #2349, #4005, #2391 ),
 .UNSPECIFIED., .F., .F. ) 
 B_SPLINE_CURVE_WITH_KNOTS ( ( 4, 4 ),
 ( 1.570796326794897002, 2.321272339467064683 ),
 .UNSPECIFIED. ) 
 CURVE ( )  GEOMETRIC_REPRESENTATION_ITEM ( )  RATIONAL_B_SPLINE_CURVE ( ( 1.000000000000000000, 0.9536136135834942795, 0.9536136135834942795, 1.000000000000000000 ) ) 
 REPRESENTATION_ITEM ( '' )  );
#8025 = CARTESIAN_POINT ( 'NONE',  ( 2.642754950095437927, 21.32673432486229004, 25.99999999999999645 ) ) ;
#8026 = ORIENTED_EDGE ( 'NONE', *, *, #7509, .F. ) ;
#8027 = PRESENTATION_LAYER_ASSIGNMENT (  '', '', ( #4145 ) ) ;
#8028 = ORIENTED_EDGE ( 'NONE', *, *, #7497, .T. ) ;
#8029 = ORIENTED_EDGE ( 'NONE', *, *, #2639, .F. ) ;
#8030 = CARTESIAN_POINT ( 'NONE',  ( -46.30940107675852602, -10.00000000000000178, -17.00000000000000000 ) ) ;
#8031 = CLOSED_SHELL ( 'NONE', ( #799, #10209, #9219, #1763, #9586, #2314, #4854, #10587, #3442, #334, #8099, #8110, #5018, #1435, #4842, #4033, #8627, #2874, #4684, #6614, #624, #5233, #9708, #8329, #10362, #8171, #10666, #3762, #4078, #9808, #7713, #2015, #10113, #8437, #3394, #70, #9042, #5678, #8804, #1041, #10021, #4357, #9865, #10715, #726, #5625, #3986, #5885, #1310, #3214, #9720, #5500, #3549, #7521, #1586, #9268, #9654, #6094, #7462, #5447, #4913, #2728, #6039, #7868, #8923, #4208, #3882, #4406, #3227, #9419, #7253, #126, #7190, #497, #10486, #444, #9762, #7130, #5080, #7568, #2130, #9057, #5571, #9163 ) ) ;
#8032 = DIRECTION ( 'NONE',  ( -1.000000000000000000, 0.0000000000000000000, 0.0000000000000000000 ) ) ;
#8033 = CARTESIAN_POINT ( 'NONE',  ( 0.0000000000000000000, 4.330127018922190985, 2.500000000000005329 ) ) ;
#8034 = ORIENTED_EDGE ( 'NONE', *, *, #8508, .T. ) ;
#8035 = DIRECTION ( 'NONE',  ( 0.0000000000000000000, 0.0000000000000000000, -1.000000000000000000 ) ) ;
#8036 = ORIENTED_EDGE ( 'NONE', *, *, #9166, .T. ) ;
#8037 = CARTESIAN_POINT ( 'NONE',  ( -28.06039371099786095, -25.00000000000000000, -20.00000000000000355 ) ) ;
#8038 = B_SPLINE_CURVE_WITH_KNOTS ( 'NONE', 3,
 ( #6301, #7955, #4711, #9614, #5509, #3876, #2173, #3004 ),
 .UNSPECIFIED., .F., .F.,
 ( 4, 2, 2, 4 ),
 ( 0.002921158011986727671, 0.003648658599403079190, 0.004376159186819429843, 0.005831160361652132015 ),
 .UNSPECIFIED. ) ;
#8039 = ORIENTED_EDGE ( 'NONE', *, *, #3884, .T. ) ;
#8040 = EDGE_LOOP ( 'NONE', ( #8178, #1923, #3230, #5942, #4823 ) ) ;
#8041 = EDGE_CURVE ( 'NONE', #196, #1188, #6131, .T. ) ;
#8042 = AXIS2_PLACEMENT_3D ( 'NONE', #10648, #8224, #707 ) ;
#8043 = ORIENTED_EDGE ( 'NONE', *, *, #10705, .T. ) ;
#8044 = VERTEX_POINT ( 'NONE', #6640 ) ;
#8045 = PLANE ( 'NONE',  #5917 ) ;
#8046 = LINE ( 'NONE', #1867, #1560 ) ;
#8047 = ORIENTED_EDGE ( 'NONE', *, *, #9483, .T. ) ;
#8048 = PRODUCT_CONTEXT ( 'NONE', #4102, 'mechanical' ) ;
#8049 = CARTESIAN_POINT ( 'NONE',  ( -47.24550000541380967, -8.722286537159254394, 17.00000000000000000 ) ) ;
#8050 = DIRECTION ( 'NONE',  ( 0.0000000000000000000, 0.0000000000000000000, 1.000000000000000000 ) ) ;
#8051 = ADVANCED_FACE ( 'NONE', ( #9792, #3160 ), #8578, .T. ) ;
#8052 = DIRECTION ( 'NONE',  ( -0.0000000000000000000, 0.0000000000000000000, 1.000000000000000000 ) ) ;
#8053 = TOROIDAL_SURFACE ( 'NONE', #1473, 15.77347793950660204, 7.263979491393262933 ) ;
#8054 = ORIENTED_EDGE ( 'NONE', *, *, #9300, .T. ) ;
#8055 = DIRECTION ( 'NONE',  ( 1.000000000000000000, 0.0000000000000000000, 0.0000000000000000000 ) ) ;
#8056 = TOROIDAL_SURFACE ( 'NONE', #9766, 11.00000000000000000, 1.000000000000000000 ) ;
#8057 = EDGE_CURVE ( 'NONE', #2048, #6209, #10269, .T. ) ;
#8058 = AXIS2_PLACEMENT_3D ( 'NONE', #5800, #3334, #851 ) ;
#8059 = VERTEX_POINT ( 'NONE', #5823 ) ;
#8060 = PRESENTATION_STYLE_ASSIGNMENT (( #6698 ) ) ;
#8061 = PRODUCT_DEFINITION_SHAPE ( 'NONE', 'NONE',  #599 ) ;
#8062 = CARTESIAN_POINT ( 'NONE',  ( -21.25235012305799387, -27.00000000000000355, 13.99999999999999822 ) ) ;
#8063 = CARTESIAN_POINT ( 'NONE',  ( 7.347880794884120722E-16, -6.000000000000000000, -6.000000000000000888 ) ) ;
#8064 = ORIENTED_EDGE ( 'NONE', *, *, #8705, .F. ) ;
#8065 = ADVANCED_FACE ( 'NONE', ( #1739 ), #10277, .T. ) ;
#8066 = ORIENTED_EDGE ( 'NONE', *, *, #9692, .F. ) ;
#8067 = EDGE_CURVE ( 'NONE', #3239, #9848, #7450, .T. ) ;
#8068 = ORIENTED_EDGE ( 'NONE', *, *, #5122, .T. ) ;
#8069 = ORIENTED_EDGE ( 'NONE', *, *, #2161, .F. ) ;
#8070 = AXIS2_PLACEMENT_3D ( 'NONE', #1441, #4811, #2360 ) ;
#8071 = DIRECTION ( 'NONE',  ( -4.636243505641989486E-17, 1.000000000000000000, -1.734723475976806848E-16 ) ) ;
#8072 = DIRECTION ( 'NONE',  ( 1.000000000000000000, 0.0000000000000000000, 0.0000000000000000000 ) ) ;
#8073 = CARTESIAN_POINT ( 'NONE',  ( 3.346878500200757500, 3.841181488860379467, -0.05140428708382634854 ) ) ;
#8074 = CARTESIAN_POINT ( 'NONE',  ( -35.19615242270663913, 1.000000000000002665, -20.00000000000000355 ) ) ;
#8075 = DIRECTION ( 'NONE',  ( 0.0000000000000000000, 1.000000000000000000, 0.0000000000000000000 ) ) ;
#8076 = EDGE_LOOP ( 'NONE', ( #7424, #8813 ) ) ;
#8077 = ORIENTED_EDGE ( 'NONE', *, *, #5031, .F. ) ;
#8078 = CYLINDRICAL_SURFACE ( 'NONE', #9893, 18.00000000000000355 ) ;
#8079 = DIRECTION ( 'NONE',  ( -1.000000000000000000, -0.0000000000000000000, -0.0000000000000000000 ) ) ;
#8080 = CIRCLE ( 'NONE', #9321, 4.999999999999999112 ) ;
#8081 = CARTESIAN_POINT ( 'NONE',  ( -51.36469485808101609, -8.871312976137334161, 16.00000000000000000 ) ) ;
#8082 = DIRECTION ( 'NONE',  ( 1.000000000000000000, 0.0000000000000000000, -1.224646799147353207E-16 ) ) ;
#8083 = AXIS2_PLACEMENT_3D ( 'NONE', #4984, #4192, #21 ) ;
#8084 = DIRECTION ( 'NONE',  ( 1.000000000000000000, 0.0000000000000000000, 0.0000000000000000000 ) ) ;
#8085 = EDGE_LOOP ( 'NONE', ( #10671, #7413 ) ) ;
#8086 = CARTESIAN_POINT ( 'NONE',  ( 2.735608441625811516, 22.42399401296051309, 24.99999999999999289 ) ) ;
#8087 = DIRECTION ( 'NONE',  ( 0.0000000000000000000, 0.0000000000000000000, -1.000000000000000000 ) ) ;
#8088 = FACE_OUTER_BOUND ( 'NONE', #789, .T. ) ;
#8089 = CARTESIAN_POINT ( 'NONE',  ( 8.610318235031920509, 20.11813772300486747, 28.00000000000000000 ) ) ;
#8090 = CARTESIAN_POINT ( 'NONE',  ( -15.44480800437058221, 1.330114701043133563, 11.33248854919842508 ) ) ;
#8091 = CARTESIAN_POINT ( 'NONE',  ( 2.449293598294706513E-15, -25.66666666666664653, -20.00000000000000000 ) ) ;
#8092 = CARTESIAN_POINT ( 'NONE',  ( 42.58578643762690774, 21.72521372180476362, 26.00000000000000355 ) ) ;
#8093 = CARTESIAN_POINT ( 'NONE',  ( 4.000000000000000000, 3.980102097228897738E-16, 3.249999999999999556 ) ) ;
#8094 = CARTESIAN_POINT ( 'NONE',  ( 8.610318235031920509, 20.11813772300486747, 2.499999999999999556 ) ) ;
#8095 = VERTEX_POINT ( 'NONE', #10310 ) ;
#8096 = CARTESIAN_POINT ( 'NONE',  ( -48.25027341332628339, -7.497842460810316467, -16.50000000000000000 ) ) ;
#8097 = CARTESIAN_POINT ( 'NONE',  ( 9.000000000000000000, 0.0000000000000000000, -9.500000000000000000 ) ) ;
#8098 = EDGE_CURVE ( 'NONE', #5821, #6496, #5370, .T. ) ;
#8099 = ADVANCED_FACE ( 'NONE', ( #8476 ), #1226, .F. ) ;
#8100 = CARTESIAN_POINT ( 'NONE',  ( 1.521735978890256399E-15, 1.853294213043345184, 12.42591725181291551 ) ) ;
#8101 = PLANE ( 'NONE',  #1088 ) ;
#8102 = DIRECTION ( 'NONE',  ( -0.9306005987039488447, 0.3660362354902201298, 0.0000000000000000000 ) ) ;
#8103 = CARTESIAN_POINT ( 'NONE',  ( 0.5969028181037676628, 4.000000000000000000, -5.999999974461913688 ) ) ;
#8104 = B_SPLINE_CURVE_WITH_KNOTS ( 'NONE', 3,
 ( #2822, #415, #8584, #1058 ),
 .UNSPECIFIED., .F., .F.,
 ( 4, 4 ),
 ( 0.1396895982567342431, 1.000000000000000000 ),
 .UNSPECIFIED. ) ;
#8105 = CIRCLE ( 'NONE', #6388, 5.000000000000000000 ) ;
#8106 = ORIENTED_EDGE ( 'NONE', *, *, #7550, .T. ) ;
#8107 = DIRECTION ( 'NONE',  ( 1.000000000000000000, 0.0000000000000000000, 0.0000000000000000000 ) ) ;
#8108 = CARTESIAN_POINT ( 'NONE',  ( 8.610318235031920509, 20.11813772300486747, 25.50000000000000000 ) ) ;
#8109 = FACE_OUTER_BOUND ( 'NONE', #5268, .T. ) ;
#8110 = ADVANCED_FACE ( 'NONE', ( #5638, #8350 ), #1113, .T. ) ;
#8111 = EDGE_CURVE ( 'NONE', #6536, #691, #5244, .T. ) ;
#8112 = EDGE_CURVE ( 'NONE', #5492, #8712, #9658, .T. ) ;
#8113 = FACE_OUTER_BOUND ( 'NONE', #6963, .T. ) ;
#8114 = AXIS2_PLACEMENT_3D ( 'NONE', #33, #8283, #4080 ) ;
#8115 = DIRECTION ( 'NONE',  ( -0.3660362354902207405, -0.9306005987039486227, 0.0000000000000000000 ) ) ;
#8116 = DIRECTION ( 'NONE',  ( 1.000000000000000000, 0.0000000000000000000, 0.0000000000000000000 ) ) ;
#8117 = CARTESIAN_POINT ( 'NONE',  ( -48.63335286844683480, -7.843328432783208903, 16.50000000000000000 ) ) ;
#8118 = VERTEX_POINT ( 'NONE', #440 ) ;
#8119 = CARTESIAN_POINT ( 'NONE',  ( 0.0000000000000000000, 6.000000000000000000, -14.70504488684320776 ) ) ;
#8120 = CARTESIAN_POINT ( 'NONE',  ( -2.925285743277529438, -4.084588180558412773, -6.089444439476604742 ) ) ;
#8121 = LINE ( 'NONE', #7318, #4107 ) ;
#8122 = VECTOR ( 'NONE', #1653, 1000.000000000000000 ) ;
#8123 = FILL_AREA_STYLE ('',( #3939 ) ) ;
#8124 = CARTESIAN_POINT ( 'NONE',  ( -20.80489507680175976, -0.01738408279658354774, 11.48620672204223325 ) ) ;
#8125 = DIRECTION ( 'NONE',  ( 0.0000000000000000000, 1.000000000000000000, 0.0000000000000000000 ) ) ;
#8126 = DIRECTION ( 'NONE',  ( -1.000000000000000000, -1.040834085586084257E-14, 0.0000000000000000000 ) ) ;
#8127 = VERTEX_POINT ( 'NONE', #6236 ) ;
#8128 = CARTESIAN_POINT ( 'NONE',  ( -45.33896490847467931, -11.25107876959484798, -17.00000000000000000 ) ) ;
#8129 = CARTESIAN_POINT ( 'NONE',  ( 0.01055556052339295080, -4.575665857285986071, -2.074714256722479888 ) ) ;
#8130 = AXIS2_PLACEMENT_3D ( 'NONE', #78, #8333, #43 ) ;
#8131 = CARTESIAN_POINT ( 'NONE',  ( -46.30940107675852602, -10.00000000000000178, -17.00000000000000000 ) ) ;
#8132 = CIRCLE ( 'NONE', #63, 5.000000000000000000 ) ;
#8133 = CARTESIAN_POINT ( 'NONE',  ( -14.50000000000000533, 1.775737858763662804E-15, -10.50000000000000000 ) ) ;
#8134 = CARTESIAN_POINT ( 'NONE',  ( 9.292305210990166486, 19.84950204030734966, 26.18198697595824598 ) ) ;
#8135 = ORIENTED_EDGE ( 'NONE', *, *, #7356, .T. ) ;
#8136 = VECTOR ( 'NONE', #4391, 1000.000000000000000 ) ;
#8137 = DIRECTION ( 'NONE',  ( 0.0000000000000000000, 0.0000000000000000000, 1.000000000000000000 ) ) ;
#8138 = ORIENTED_EDGE ( 'NONE', *, *, #2501, .F. ) ;
#8139 = CARTESIAN_POINT ( 'NONE',  ( 4.180704885107411783, 3.359771601077109260, -0.1983443223721579884 ) ) ;
#8140 = CARTESIAN_POINT ( 'NONE',  ( -3.114822491369819039E-15, 4.452621892014636096, 2.287832656137190668 ) ) ;
#8141 = DIRECTION ( 'NONE',  ( -0.0000000000000000000, -0.0000000000000000000, 1.000000000000000000 ) ) ;
#8142 = VERTEX_POINT ( 'NONE', #5295 ) ;
#8143 = ORIENTED_EDGE ( 'NONE', *, *, #1086, .T. ) ;
#8144 = DIRECTION ( 'NONE',  ( 0.0000000000000000000, 0.0000000000000000000, 1.000000000000000000 ) ) ;
#8145 = EDGE_LOOP ( 'NONE', ( #9989, #7295, #4504, #9068, #2731, #4941, #9931, #1053, #9231, #3826, #47 ) ) ;
#8146 = AXIS2_PLACEMENT_3D ( 'NONE', #2595, #5123, #1823 ) ;
#8147 = CARTESIAN_POINT ( 'NONE',  ( -23.12769690257185928, 1.717888696150126951E-17, -6.753908787561426763 ) ) ;
#8148 = ORIENTED_EDGE ( 'NONE', *, *, #8423, .T. ) ;
#8149 = VERTEX_POINT ( 'NONE', #3779 ) ;
#8150 = B_SPLINE_SURFACE_WITH_KNOTS ( 'NONE', 3, 3, ( 
 ( #4700, #10400, #3830, #5466 ),
 ( #9685, #3759, #9563, #7126 ),
 ( #6328, #1361, #2204, #8825 ),
 ( #492, #5423, #4582, #10359 ),
 ( #8862, #7201, #452, #6257 ),
 ( #8030, #2246, #1278, #2127 ),
 ( #3912, #6291, #9722, #4732 ),
 ( #7914, #2940, #7341, #4008 ),
 ( #9822, #6485, #3147, #4809 ),
 ( #7278, #2393, #4839, #1508 ),
 ( #2355, #5679, #8174, #8899 ),
 ( #6447, #3975, #2317, #8944 ),
 ( #3208, #9017, #9793, #723 ),
 ( #10583, #5647, #692, #3103 ),
 ( #10557, #3179, #6528, #7317 ),
 ( #8131, #3947, #5610, #9761 ),
 ( #8984, #10633, #1544, #4763 ),
 ( #649, #1476, #8096, #1531 ) ),
 .UNSPECIFIED., .T., .F., .F.,
 ( 4, 1, 1, 1, 1, 2, 2, 2, 1, 1, 1, 1, 4 ),
 ( 4, 4 ),
 ( 0.0000000000000000000, 0.01249999999999995559, 0.02499999999999991118, 0.03750000000000008882, 0.05000000000000004441, 0.2500000000000000000, 0.4999999999999998890, 0.7500000000000000000, 0.9499999999999999556, 0.9625000000000000222, 0.9749999999999999778, 0.9875000000000000444, 1.000000000000000000 ),
 ( 0.0000000000000000000, 1.000000000000000000 ),
 .UNSPECIFIED. ) ;
#8151 = ORIENTED_EDGE ( 'NONE', *, *, #6864, .F. ) ;
#8152 = DIRECTION ( 'NONE',  ( -0.0000000000000000000, -1.000000000000000000, -0.0000000000000000000 ) ) ;
#8153 = CARTESIAN_POINT ( 'NONE',  ( -46.30940107675852602, -10.00000000000000178, 17.00000000000000000 ) ) ;
#8154 = CARTESIAN_POINT ( 'NONE',  ( 0.0000000000000000000, 9.999999999999998224, -9.625000000000000000 ) ) ;
#8155 = ADVANCED_FACE ( 'NONE', ( #6140 ), #5691, .F. ) ;
#8156 = CARTESIAN_POINT ( 'NONE',  ( 39.02254043520126459, 22.02686630917623134, 1.000000000000000000 ) ) ;
#8157 = CARTESIAN_POINT ( 'NONE',  ( 2.369572206135590609, 21.49339341425656613, 3.000000000000004885 ) ) ;
#8158 = ORIENTED_EDGE ( 'NONE', *, *, #8187, .T. ) ;
#8159 = ORIENTED_EDGE ( 'NONE', *, *, #8209, .F. ) ;
#8160 = CARTESIAN_POINT ( 'NONE',  ( -46.30940107675852602, -4.000000000000001776, 15.89897948556635221 ) ) ;
#8161 = DIRECTION ( 'NONE',  ( 0.0000000000000000000, 1.224646799147351482E-16, 1.000000000000000000 ) ) ;
#8162 = DIRECTION ( 'NONE',  ( -0.0000000000000000000, -1.000000000000000000, -0.0000000000000000000 ) ) ;
#8163 = EDGE_CURVE ( 'NONE', #4564, #4258, #10550, .T. ) ;
#8164 = ORIENTED_EDGE ( 'NONE', *, *, #7070, .T. ) ;
#8165 = AXIS2_PLACEMENT_3D ( 'NONE', #9517, #1928, #4534 ) ;
#8166 = DIRECTION ( 'NONE',  ( 0.0000000000000000000, 0.0000000000000000000, -1.000000000000000000 ) ) ;
#8167 = LINE ( 'NONE', #9597, #9092 ) ;
#8168 = ORIENTED_EDGE ( 'NONE', *, *, #9426, .T. ) ;
#8169 = ADVANCED_FACE ( 'NONE', ( #8873 ), #9276, .T. ) ;
#8170 = ORIENTED_EDGE ( 'NONE', *, *, #5284, .T. ) ;
#8171 = ADVANCED_FACE ( 'NONE', ( #7574, #8229 ), #6025, .F. ) ;
#8172 = CIRCLE ( 'NONE', #1759, 11.62500000000000000 ) ;
#8173 = ORIENTED_EDGE ( 'NONE', *, *, #4187, .T. ) ;
#8174 = CARTESIAN_POINT ( 'NONE',  ( -47.75476521102635985, -13.28635162781927015, -16.50000000000000000 ) ) ;
#8175 =( NAMED_UNIT ( * ) SI_UNIT ( $, .STERADIAN. ) SOLID_ANGLE_UNIT ( ) );
#8176 = DIRECTION ( 'NONE',  ( -1.000000000000000000, 0.0000000000000000000, 0.0000000000000000000 ) ) ;
#8177 = DIRECTION ( 'NONE',  ( -1.224646799147353207E-16, 0.0000000000000000000, -1.000000000000000000 ) ) ;
#8178 = ORIENTED_EDGE ( 'NONE', *, *, #3323, .T. ) ;
#8179 = CARTESIAN_POINT ( 'NONE',  ( -9.000000000000000000, 1.102182119232617714E-15, 9.500000000000000000 ) ) ;
#8180 = B_SPLINE_CURVE_WITH_KNOTS ( 'NONE', 3,
 ( #4184, #10690, #4862, #784, #747, #2552 ),
 .UNSPECIFIED., .F., .F.,
 ( 4, 2, 4 ),
 ( 0.0000000000000000000, 0.001747025668212514975, 0.003494051336425029949 ),
 .UNSPECIFIED. ) ;
#8181 = ORIENTED_EDGE ( 'NONE', *, *, #7181, .F. ) ;
#8182 = EDGE_CURVE ( 'NONE', #6762, #5796, #1352, .T. ) ;
#8183 = CIRCLE ( 'NONE', #6048, 1.000000000000000222 ) ;
#8184 = CARTESIAN_POINT ( 'NONE',  ( 2.735608441625766662, 20.81213173596538368, 1.966840904754810104 ) ) ;
#8185 = FACE_OUTER_BOUND ( 'NONE', #6618, .T. ) ;
#8186 = ORIENTED_EDGE ( 'NONE', *, *, #5202, .F. ) ;
#8187 = EDGE_CURVE ( 'NONE', #4284, #1425, #3043, .T. ) ;
#8188 = ORIENTED_EDGE ( 'NONE', *, *, #5224, .T. ) ;
#8189 = CARTESIAN_POINT ( 'NONE',  ( 1.224646799147353256E-15, 0.0000000000000000000, 10.00000000000000000 ) ) ;
#8190 = CARTESIAN_POINT ( 'NONE',  ( -16.41002923269257607, 1.448065034735531498, 9.524071529269409808 ) ) ;
#8191 = CARTESIAN_POINT ( 'NONE',  ( -41.32662511730033827, -12.14644144644013934, 16.00000000000000000 ) ) ;
#8192 = PLANE ( 'NONE',  #5112 ) ;
#8193 = LINE ( 'NONE', #3696, #3921 ) ;
#8194 = DIRECTION ( 'NONE',  ( 0.0000000000000000000, 0.0000000000000000000, -1.000000000000000000 ) ) ;
#8195 = CARTESIAN_POINT ( 'NONE',  ( 36.00000000000000000, 7.933333333333314030, 18.00000000000000000 ) ) ;
#8196 = AXIS2_PLACEMENT_3D ( 'NONE', #8236, #748, #9984 ) ;
#8197 = AXIS2_PLACEMENT_3D ( 'NONE', #6336, #8834, #3838 ) ;
#8198 = SURFACE_SIDE_STYLE ('',( #10129 ) ) ;
#8199 = ORIENTED_EDGE ( 'NONE', *, *, #9802, .F. ) ;
#8200 = CARTESIAN_POINT ( 'NONE',  ( 39.66060894483845800, 21.98126443598118840, 25.60067091180015453 ) ) ;
#8201 = CARTESIAN_POINT ( 'NONE',  ( -44.36852874019077575, -12.50215753918968886, 16.50000000000000000 ) ) ;
#8202 = ORIENTED_EDGE ( 'NONE', *, *, #3940, .F. ) ;
#8203 = ORIENTED_EDGE ( 'NONE', *, *, #8023, .T. ) ;
#8204 = CARTESIAN_POINT ( 'NONE',  ( 0.0000000000000000000, -35.00000000000000000, 0.0000000000000000000 ) ) ;
#8205 = DIRECTION ( 'NONE',  ( 0.0000000000000000000, 0.0000000000000000000, 1.000000000000000000 ) ) ;
#8206 = VECTOR ( 'NONE', #10574, 1000.000000000000227 ) ;
#8207 = CARTESIAN_POINT ( 'NONE',  ( 39.93998390214865424, 22.29639366817846735, 3.110235503676455071 ) ) ;
#8208 = CARTESIAN_POINT ( 'NONE',  ( 0.0000000000000000000, 7.999999999999998224, 0.0000000000000000000 ) ) ;
#8209 = EDGE_CURVE ( 'NONE', #4436, #8964, #4077, .T. ) ;
#8210 = FILL_AREA_STYLE_COLOUR ( '', #496 ) ;
#8211 = DIRECTION ( 'NONE',  ( 0.0000000000000000000, 0.0000000000000000000, -1.000000000000000000 ) ) ;
#8212 = ADVANCED_FACE ( 'NONE', ( #8088 ), #381, .F. ) ;
#8213 = AXIS2_PLACEMENT_3D ( 'NONE', #6148, #7020, #2055 ) ;
#8214 = ORIENTED_EDGE ( 'NONE', *, *, #9547, .T. ) ;
#8215 = DIRECTION ( 'NONE',  ( 0.0000000000000000000, -1.000000000000000000, 0.0000000000000000000 ) ) ;
#8216 = CARTESIAN_POINT ( 'NONE',  ( -48.80940107675852602, -10.00000000000000178, 13.99999999999999112 ) ) ;
#8217 = CARTESIAN_POINT ( 'NONE',  ( -4.999999999999999112, -0.4878135028931883665, 4.743384504624081899E-16 ) ) ;
#8218 = DIRECTION ( 'NONE',  ( -0.9344948964733714725, 0.3559765279695037976, -4.052725587732183549E-16 ) ) ;
#8219 = CARTESIAN_POINT ( 'NONE',  ( 5.000000000000000888, 0.0000000000000000000, -6.099999999999999645 ) ) ;
#8220 = VECTOR ( 'NONE', #2998, 1000.000000000000000 ) ;
#8221 = EDGE_CURVE ( 'NONE', #5841, #7251, #10445, .T. ) ;
#8222 = VERTEX_POINT ( 'NONE', #1206 ) ;
#8223 = ADVANCED_FACE ( 'NONE', ( #3430 ), #9155, .F. ) ;
#8224 = DIRECTION ( 'NONE',  ( -0.0000000000000000000, -0.0000000000000000000, 1.000000000000000000 ) ) ;
#8225 = CARTESIAN_POINT ( 'NONE',  ( -45.46956002651336348, -15.36003117112893790, -16.00000000000000000 ) ) ;
#8226 = CARTESIAN_POINT ( 'NONE',  ( -9.977753031397178063, -35.00000000000000000, -17.33333333333333570 ) ) ;
#8227 = CARTESIAN_POINT ( 'NONE',  ( 8.610318235031920509, 20.11813772300486747, 25.50000000000000000 ) ) ;
#8228 = PRODUCT_DEFINITION_FORMATION_WITH_SPECIFIED_SOURCE ( 'ANY', '', #1865, .NOT_KNOWN. ) ;
#8229 = FACE_OUTER_BOUND ( 'NONE', #4832, .T. ) ;
#8230 = PLANE ( 'NONE',  #6324 ) ;
#8231 = EDGE_CURVE ( 'NONE', #1296, #6536, #1620, .T. ) ;
#8232 = PRODUCT_CONTEXT ( 'NONE', #1415, 'mechanical' ) ;
#8233 = DIRECTION ( 'NONE',  ( 0.0000000000000000000, -1.000000000000000000, -0.0000000000000000000 ) ) ;
#8234 =( GEOMETRIC_REPRESENTATION_CONTEXT ( 3 ) GLOBAL_UNCERTAINTY_ASSIGNED_CONTEXT ( ( #9828 ) ) GLOBAL_UNIT_ASSIGNED_CONTEXT ( ( #3249, #2462, #8175 ) ) REPRESENTATION_CONTEXT ( 'NONE', 'WORKASPACE' ) );
#8235 = COLOUR_RGB ( '',0.7921568627450980005, 0.8196078431372548767, 0.9333333333333333481 ) ;
#8236 = CARTESIAN_POINT ( 'NONE',  ( -30.00000000000000355, -6.999999999999999112, 9.000000000000000000 ) ) ;
#8237 = ORIENTED_EDGE ( 'NONE', *, *, #1345, .F. ) ;
#8238 = CARTESIAN_POINT ( 'NONE',  ( 39.99999999999998579, 11.66666666666663410, -20.00000000000001066 ) ) ;
#8239 = DIRECTION ( 'NONE',  ( 1.347358039593636966E-16, 0.0000000000000000000, -1.000000000000000000 ) ) ;
#8240 = CARTESIAN_POINT ( 'NONE',  ( 5.000000000000000000, 3.474926932685052261, -2.006250000000000977 ) ) ;
#8241 = CARTESIAN_POINT ( 'NONE',  ( -12.00290912278228994, -2.000000000000000000, -9.000000000000003553 ) ) ;
#8242 = CARTESIAN_POINT ( 'NONE',  ( -16.36682670153010122, -3.333333333333338810, -15.71404520791031700 ) ) ;
#8243 = LINE ( 'NONE', #7745, #69 ) ;
#8244 = SURFACE_STYLE_FILL_AREA ( #8474 ) ;
#8245 = CARTESIAN_POINT ( 'NONE',  ( 17.50000000000000355, 2.143131898507868643E-15, 13.50000000000000000 ) ) ;
#8246 = EDGE_CURVE ( 'NONE', #8796, #10526, #6017, .T. ) ;
#8247 = AXIS2_PLACEMENT_3D ( 'NONE', #159, #5794, #9609 ) ;
#8248 = DIRECTION ( 'NONE',  ( -1.000000000000000000, 0.0000000000000000000, 0.0000000000000000000 ) ) ;
#8249 = CARTESIAN_POINT ( 'NONE',  ( -25.69999999999999929, 0.0000000000000000000, 8.000000000000000000 ) ) ;
#8250 = CARTESIAN_POINT ( 'NONE',  ( -46.30940107675852602, -10.19999999999999929, -13.99999999999999467 ) ) ;
#8251 = FACE_OUTER_BOUND ( 'NONE', #5813, .T. ) ;
#8252 = CARTESIAN_POINT ( 'NONE',  ( -33.87316485015981016, -16.19999999999999574, -13.99999999999999822 ) ) ;
#8253 = ORIENTED_EDGE ( 'NONE', *, *, #9130, .F. ) ;
#8254 = EDGE_CURVE ( 'NONE', #10237, #1553, #3562, .T. ) ;
#8255 = EDGE_CURVE ( 'NONE', #9968, #5292, #3957, .T. ) ;
#8256 = MECHANICAL_DESIGN_GEOMETRIC_PRESENTATION_REPRESENTATION (  '', ( #7695 ), #4575 ) ;
#8257 = DIRECTION ( 'NONE',  ( -0.0000000000000000000, -0.0000000000000000000, -1.000000000000000000 ) ) ;
#8258 = FACE_OUTER_BOUND ( 'NONE', #1802, .T. ) ;
#8259 = CARTESIAN_POINT ( 'NONE',  ( 1.366036235490220463, 22.96269241404051442, 24.99999999999999289 ) ) ;
#8260 = CARTESIAN_POINT ( 'NONE',  ( 0.0000000000000000000, 22.03209181533656746, 24.99999999999999289 ) ) ;
#8261 = CARTESIAN_POINT ( 'NONE',  ( -7.763150020447094235, -32.91227335241725882, 16.25503602726793417 ) ) ;
#8262 = VECTOR ( 'NONE', #6556, 1000.000000000000000 ) ;
#8263 = APPLICATION_CONTEXT ( 'automotive_design' ) ;
#8264 = CARTESIAN_POINT ( 'NONE',  ( 36.60402920347198830, 31.73000000000000043, 27.00000000000000000 ) ) ;
#8265 = ORIENTED_EDGE ( 'NONE', *, *, #5545, .T. ) ;
#8266 = VERTEX_POINT ( 'NONE', #241 ) ;
#8267 = EDGE_CURVE ( 'NONE', #10252, #956, #3819, .T. ) ;
#8268 = DIRECTION ( 'NONE',  ( -1.000000000000000000, 0.0000000000000000000, 0.0000000000000000000 ) ) ;
#8269 = VECTOR ( 'NONE', #1228, 1000.000000000000000 ) ;
#8270 = ORIENTED_EDGE ( 'NONE', *, *, #6932, .T. ) ;
#8271 = CARTESIAN_POINT ( 'NONE',  ( 6.317643099262445716, 20.11813772300486747, 0.05384841896494042823 ) ) ;
#8272 = ORIENTED_EDGE ( 'NONE', *, *, #1175, .F. ) ;
#8273 =( LENGTH_UNIT ( ) NAMED_UNIT ( * ) SI_UNIT ( .MILLI., .METRE. ) );
#8274 = AXIS2_PLACEMENT_3D ( 'NONE', #7354, #2403, #8958 ) ;
#8275 = CLOSED_SHELL ( 'NONE', ( #4508, #674, #3812, #8276, #1655, #9109, #6761, #6445, #3441, #5780, #8866, #5733, #3165, #5989, #7017, #2262, #10059, #10653, #1422, #6699, #6759, #2188, #3122, #6561, #6392, #6199, #7414, #6612 ) ) ;
#8276 = ADVANCED_FACE ( 'NONE', ( #9400 ), #7807, .F. ) ;
#8277 = ADVANCED_FACE ( 'NONE', ( #5764 ), #9149, .T. ) ;
#8278 = CARTESIAN_POINT ( 'NONE',  ( -13.94163180620230591, -35.00000000000000000, 14.00000000000000000 ) ) ;
#8279 = EDGE_LOOP ( 'NONE', ( #2971, #4958, #3319, #2701 ) ) ;
#8280 = ORIENTED_EDGE ( 'NONE', *, *, #10432, .T. ) ;
#8281 = DIRECTION ( 'NONE',  ( 0.0000000000000000000, 0.0000000000000000000, -1.000000000000000000 ) ) ;
#8282 = EDGE_LOOP ( 'NONE', ( #814, #9994, #1927, #8159, #5590 ) ) ;
#8283 = DIRECTION ( 'NONE',  ( -0.0000000000000000000, -1.000000000000000000, -0.0000000000000000000 ) ) ;
#8284 = CARTESIAN_POINT ( 'NONE',  ( -49.62602586711391695, -5.000000000000000888, 15.99999999999999289 ) ) ;
#8285 = ORIENTED_EDGE ( 'NONE', *, *, #4514, .T. ) ;
#8286 = EDGE_LOOP ( 'NONE', ( #9375, #5047, #2611, #4390, #1796 ) ) ;
#8287 = CARTESIAN_POINT ( 'NONE',  ( -48.80940107675852602, -10.00000000000000178, -14.00000000000000178 ) ) ;
#8288 = ORIENTED_EDGE ( 'NONE', *, *, #8633, .T. ) ;
#8289 = MECHANICAL_DESIGN_GEOMETRIC_PRESENTATION_REPRESENTATION (  '', ( #6205 ), #1204 ) ;
#8290 = VECTOR ( 'NONE', #1614, 1000.000000000000000 ) ;
#8291 = ORIENTED_EDGE ( 'NONE', *, *, #3279, .F. ) ;
#8292 = VERTEX_POINT ( 'NONE', #5605 ) ;
#8293 = ORIENTED_EDGE ( 'NONE', *, *, #636, .F. ) ;
#8294 = ORIENTED_EDGE ( 'NONE', *, *, #10669, .F. ) ;
#8295 = DIRECTION ( 'NONE',  ( -0.0000000000000000000, -0.0000000000000000000, -1.000000000000000000 ) ) ;
#8296 = CARTESIAN_POINT ( 'NONE',  ( -49.79534160293808043, -6.765017332855848942, -16.00000000000000000 ) ) ;
#8297 = DIRECTION ( 'NONE',  ( 1.000000000000000000, 0.0000000000000000000, -0.0000000000000000000 ) ) ;
#8298 = CARTESIAN_POINT ( 'NONE',  ( -5.640803401725562161, 3.226077021430669323, -12.99223816376897922 ) ) ;
#8299 = VERTEX_POINT ( 'NONE', #1501 ) ;
#8300 = LINE ( 'NONE', #4628, #1568 ) ;
#8301 = ORIENTED_EDGE ( 'NONE', *, *, #7897, .F. ) ;
#8302 = FILL_AREA_STYLE_COLOUR ( '', #8451 ) ;
#8303 = ORIENTED_EDGE ( 'NONE', *, *, #7834, .T. ) ;
#8304 = LINE ( 'NONE', #5967, #4410 ) ;
#8305 = EDGE_LOOP ( 'NONE', ( #9357, #5313, #7255, #6478 ) ) ;
#8306 = CARTESIAN_POINT ( 'NONE',  ( 40.22513838244901763, 21.33397957909983944, 26.00000000000000355 ) ) ;
#8307 = CARTESIAN_POINT ( 'NONE',  ( 0.0000000000000000000, -25.66666666666665009, 20.00000000000000000 ) ) ;
#8308 = CARTESIAN_POINT ( 'NONE',  ( 36.60402920347198830, 31.73000000000000043, 1.000000000000000000 ) ) ;
#8309 = EDGE_CURVE ( 'NONE', #7108, #4804, #1749, .T. ) ;
#8310 = CARTESIAN_POINT ( 'NONE',  ( 0.0000000000000000000, -2.000000000000000000, 0.0000000000000000000 ) ) ;
#8311 = AXIS2_PLACEMENT_3D ( 'NONE', #2148, #7937, #7154 ) ;
#8312 = CARTESIAN_POINT ( 'NONE',  ( 22.94734990167305000, 10.69999999999999929, 28.00000000000000000 ) ) ;
#8313 = CARTESIAN_POINT ( 'NONE',  ( -18.71054560070748707, -1.327254334944027114, -14.40512629216851082 ) ) ;
#8314 = LINE ( 'NONE', #4528, #4414 ) ;
#8315 = ORIENTED_EDGE ( 'NONE', *, *, #3791, .F. ) ;
#8316 = CYLINDRICAL_SURFACE ( 'NONE', #3158, 1.000000000000000888 ) ;
#8317 = ORIENTED_EDGE ( 'NONE', *, *, #7157, .F. ) ;
#8318 = ORIENTED_EDGE ( 'NONE', *, *, #1601, .T. ) ;
#8319 = FACE_OUTER_BOUND ( 'NONE', #10380, .T. ) ;
#8320 = CARTESIAN_POINT ( 'NONE',  ( -43.39809257190685798, -13.75323630878451908, 16.00000000000000000 ) ) ;
#8321 = CARTESIAN_POINT ( 'NONE',  ( -51.36469485808101609, -8.871312976137334161, -16.00000000000000000 ) ) ;
#8322 = VERTEX_POINT ( 'NONE', #3204 ) ;
#8323 = EDGE_CURVE ( 'NONE', #2808, #3626, #5889, .T. ) ;
#8324 = EDGE_CURVE ( 'NONE', #5182, #7436, #10155, .T. ) ;
#8325 = ORIENTED_EDGE ( 'NONE', *, *, #5324, .T. ) ;
#8326 = ORIENTED_EDGE ( 'NONE', *, *, #476, .F. ) ;
#8327 = ORIENTED_EDGE ( 'NONE', *, *, #10481, .F. ) ;
#8328 = LINE ( 'NONE', #4689, #9902 ) ;
#8329 = ADVANCED_FACE ( 'NONE', ( #7696 ), #2769, .F. ) ;
#8330 = ADVANCED_FACE ( 'NONE', ( #3686 ), #7195, .T. ) ;
#8331 = DIRECTION ( 'NONE',  ( 1.000000000000000000, -0.0000000000000000000, -1.347358039593636966E-16 ) ) ;
#8332 = DIRECTION ( 'NONE',  ( 1.000000000000000000, 0.0000000000000000000, 0.0000000000000000000 ) ) ;
#8333 = DIRECTION ( 'NONE',  ( -1.000000000000000000, -0.0000000000000000000, -0.0000000000000000000 ) ) ;
#8334 = VERTEX_POINT ( 'NONE', #1685 ) ;
#8335 = CARTESIAN_POINT ( 'NONE',  ( -21.91930930899454921, 0.0000000000000000000, -6.433346771936899522 ) ) ;
#8336 = EDGE_LOOP ( 'NONE', ( #7910, #1808, #8325, #9286 ) ) ;
#8337 = DIRECTION ( 'NONE',  ( -1.000000000000000000, 0.0000000000000000000, 0.0000000000000000000 ) ) ;
#8338 = VECTOR ( 'NONE', #3936, 1000.000000000000000 ) ;
#8339 = AXIS2_PLACEMENT_3D ( 'NONE', #6567, #8218, #728 ) ;
#8340 = DIRECTION ( 'NONE',  ( -0.0000000000000000000, -1.000000000000000000, -0.0000000000000000000 ) ) ;
#8341 = COLOUR_RGB ( '',1.000000000000000000, 0.3098039215686274606, 0.0000000000000000000 ) ;
#8342 = CARTESIAN_POINT ( 'NONE',  ( 39.32547229361259156, 22.05468576882095633, 25.00000000000000000 ) ) ;
#8343 = CARTESIAN_POINT ( 'NONE',  ( -46.30940107675852602, -10.00000000000000178, 17.00000000000000000 ) ) ;
#8344 = DIRECTION ( 'NONE',  ( 0.0000000000000000000, 0.8660254037844375974, -0.5000000000000018874 ) ) ;
#8345 = CARTESIAN_POINT ( 'NONE',  ( 1.470485790706642648, -1.200000000000000030E-05, 2.691255415860588585 ) ) ;
#8346 = ORIENTED_EDGE ( 'NONE', *, *, #3919, .T. ) ;
#8347 = EDGE_CURVE ( 'NONE', #4389, #6105, #2274, .T. ) ;
#8348 = DIRECTION ( 'NONE',  ( -1.000000000000000000, 1.224646799147352468E-16, 0.0000000000000000000 ) ) ;
#8349 = DIRECTION ( 'NONE',  ( 0.0000000000000000000, 0.0000000000000000000, -1.000000000000000000 ) ) ;
#8350 = FACE_BOUND ( 'NONE', #1423, .T. ) ;
#8351 = AXIS2_PLACEMENT_3D ( 'NONE', #6908, #6026, #9278 ) ;
#8352 = DIRECTION ( 'NONE',  ( 0.0000000000000000000, 0.0000000000000000000, 1.000000000000000000 ) ) ;
#8353 = AXIS2_PLACEMENT_3D ( 'NONE', #7709, #6053, #6894 ) ;
#8354 = DIRECTION ( 'NONE',  ( 0.0000000000000000000, 1.000000000000000000, 0.0000000000000000000 ) ) ;
#8355 = CARTESIAN_POINT ( 'NONE',  ( -47.27983724504240826, -8.748921230405159122, -17.00000000000000000 ) ) ;
#8356 = EDGE_LOOP ( 'NONE', ( #7447, #4311, #8981, #3978, #3244, #6111 ) ) ;
#8357 = DIRECTION ( 'NONE',  ( 0.0000000000000000000, 0.0000000000000000000, 1.000000000000000000 ) ) ;
#8358 = EDGE_CURVE ( 'NONE', #9501, #4131, #5508, .T. ) ;
#8359 = CARTESIAN_POINT ( 'NONE',  ( 40.26439155837419293, -1.200000000000000030E-05, 27.00000000000000000 ) ) ;
#8360 = CARTESIAN_POINT ( 'NONE',  ( -14.26360405270292553, 1.039924004390275325, -13.30429514984732542 ) ) ;
#8361 = LINE ( 'NONE', #2180, #2010 ) ;
#8362 = DIRECTION ( 'NONE',  ( -0.0000000000000000000, 0.0000000000000000000, -1.000000000000000000 ) ) ;
#8363 = CARTESIAN_POINT ( 'NONE',  ( -6.111369367260472529, 4.000000000000000000, 3.101149927258162631 ) ) ;
#8364 = EDGE_CURVE ( 'NONE', #4994, #1835, #4622, .T. ) ;
#8365 = AXIS2_PLACEMENT_3D ( 'NONE', #6937, #3652, #2871 ) ;
#8366 = CARTESIAN_POINT ( 'NONE',  ( 0.05140428708382538403, 3.841181488860375470, -3.346878500200757056 ) ) ;
#8367 = CIRCLE ( 'NONE', #1440, 0.9999999999999992228 ) ;
#8368 = CONICAL_SURFACE ( 'NONE', #3967, 5.000000000000000000, 1.047197551196600296 ) ;
#8369 = CYLINDRICAL_SURFACE ( 'NONE', #1424, 5.000000000000000000 ) ;
#8370 = CARTESIAN_POINT ( 'NONE',  ( -35.19615242270663913, -4.000000000000000888, 13.99999999999999822 ) ) ;
#8371 = DIRECTION ( 'NONE',  ( -0.0000000000000000000, -1.000000000000000000, -0.0000000000000000000 ) ) ;
#8372 = CARTESIAN_POINT ( 'NONE',  ( 0.0000000000000000000, 0.0000000000000000000, -7.500000000000000000 ) ) ;
#8373 = CARTESIAN_POINT ( 'NONE',  ( 5.000000000000000000, -2.316617955123370987, 4.012500000000000178 ) ) ;
#8374 = CARTESIAN_POINT ( 'NONE',  ( 0.0000000000000000000, 0.0000000000000000000, -6.099999999999999645 ) ) ;
#8375 = ADVANCED_FACE ( 'NONE', ( #3305 ), #10541, .T. ) ;
#8376 = ADVANCED_FACE ( 'NONE', ( #4722 ), #5116, .T. ) ;
#8377 = SURFACE_STYLE_FILL_AREA ( #1582 ) ;
#8378 = CARTESIAN_POINT ( 'NONE',  ( 39.56963094182004426, 22.01673816553669738, 2.449512431969957049 ) ) ;
#8379 = EDGE_CURVE ( 'NONE', #5462, #9852, #1487, .T. ) ;
#8381 = FACE_OUTER_BOUND ( 'NONE', #3752, .T. ) ;
#8380 = AXIS2_PLACEMENT_3D ( 'NONE', #6497, #4996, #9106 ) ;
#8382 = DIRECTION ( 'NONE',  ( 1.000000000000000000, 1.734723475976807094E-15, 1.734723475976807094E-16 ) ) ;
#8383 = ORIENTED_EDGE ( 'NONE', *, *, #7948, .T. ) ;
#8384 = CARTESIAN_POINT ( 'NONE',  ( -44.58432766445422146, -9.674495156955732256, -17.00000000000000000 ) ) ;
#8385 = CARTESIAN_POINT ( 'NONE',  ( 5.486013957073003766, 21.73000000000000398, 1.686452243986332977 ) ) ;
#8386 = PRODUCT ( 'Тормоз_00', 'Тормоз_00', '', ( #2179 ) ) ;
#8387 = EDGE_CURVE ( 'NONE', #4912, #8292, #1952, .T. ) ;
#8388 = SURFACE_STYLE_FILL_AREA ( #2143 ) ;
#8389 = CONICAL_SURFACE ( 'NONE', #2641, 17.00000000000000000, 1.130126863585188435 ) ;
#8390 = VERTEX_POINT ( 'NONE', #2453 ) ;
#8391 = LINE ( 'NONE', #4840, #3069 ) ;
#8392 = DIRECTION ( 'NONE',  ( -0.0000000000000000000, -1.000000000000000000, -0.0000000000000000000 ) ) ;
#8393 = EDGE_LOOP ( 'NONE', ( #7691, #8812 ) ) ;
#8394 = EDGE_CURVE ( 'NONE', #7861, #1693, #10534, .T. ) ;
#8395 = AXIS2_PLACEMENT_3D ( 'NONE', #6150, #10267, #5321 ) ;
#8396 = CARTESIAN_POINT ( 'NONE',  ( -1.311724005450015124E-07, 0.0000000000000000000, -19.99803989383731917 ) ) ;
#8397 = ORIENTED_EDGE ( 'NONE', *, *, #620, .T. ) ;
#8398 = PLANE ( 'NONE',  #4045 ) ;
#8399 = CARTESIAN_POINT ( 'NONE',  ( 2.142598311179081616, 2.452451426071680984, -21.70402115552820277 ) ) ;
#8400 = PRESENTATION_STYLE_ASSIGNMENT (( #1851 ) ) ;
#8401 = VERTEX_POINT ( 'NONE', #1646 ) ;
#8402 = PRODUCT_DEFINITION_SHAPE ( 'NONE', 'NONE',  #3234 ) ;
#8403 = VERTEX_POINT ( 'NONE', #6626 ) ;
#8404 = ORIENTED_EDGE ( 'NONE', *, *, #10572, .T. ) ;
#8405 = VERTEX_POINT ( 'NONE', #4950 ) ;
#8406 = DIRECTION ( 'NONE',  ( 1.000000000000000000, 0.0000000000000000000, -0.0000000000000000000 ) ) ;
#8407 = EDGE_CURVE ( 'NONE', #5921, #3784, #2213, .T. ) ;
#8408 = CARTESIAN_POINT ( 'NONE',  ( -1.199999998526014133E-05, 19.11813772300487457, 25.50000000000000000 ) ) ;
#8409 = ORIENTED_EDGE ( 'NONE', *, *, #9190, .T. ) ;
#8410 = ADVANCED_BREP_SHAPE_REPRESENTATION ( '', ( #9962, #8615 ), #3301 ) ;
#8411 = CARTESIAN_POINT ( 'NONE',  ( 14.20419899880919878, 0.0000000000000000000, -14.07979867761707737 ) ) ;
#8412 = CARTESIAN_POINT ( 'NONE',  ( -2.500000000000000000, 3.061616997868383141E-16, -6.099999999999999645 ) ) ;
#8413 = DIRECTION ( 'NONE',  ( 0.0000000000000000000, 0.0000000000000000000, -1.000000000000000000 ) ) ;
#8414 = AXIS2_PLACEMENT_3D ( 'NONE', #5443, #7846, #5372 ) ;
#8415 = ORIENTED_EDGE ( 'NONE', *, *, #86, .T. ) ;
#8416 = CARTESIAN_POINT ( 'NONE',  ( -46.30940107675852602, -10.00000000000000178, 13.99999999999999112 ) ) ;
#8417 = AXIS2_PLACEMENT_3D ( 'NONE', #8743, #1290, #2286 ) ;
#8418 = ORIENTED_EDGE ( 'NONE', *, *, #4767, .T. ) ;
#8419 = CARTESIAN_POINT ( 'NONE',  ( 2.959716367706854534, 20.72706986570518950, 26.12245122441547451 ) ) ;
#8420 = DIRECTION ( 'NONE',  ( 1.000000000000000000, 0.0000000000000000000, 0.0000000000000000000 ) ) ;
#8421 = CARTESIAN_POINT ( 'NONE',  ( 0.0000000000000000000, -0.9956277796461907581, 0.0000000000000000000 ) ) ;
#8422 = ORIENTED_EDGE ( 'NONE', *, *, #10539, .F. ) ;
#8423 = EDGE_CURVE ( 'NONE', #7153, #4267, #10233, .T. ) ;
#8424 = CARTESIAN_POINT ( 'NONE',  ( -50.04187662689903959, -7.052605167473346093, -16.00000000000000000 ) ) ;
#8425 = CYLINDRICAL_SURFACE ( 'NONE', #10509, 10.00000000000000178 ) ;
#8426 = CARTESIAN_POINT ( 'NONE',  ( -47.99508469041674630, -9.622228305875150767, 17.00000000000000000 ) ) ;
#8427 = CARTESIAN_POINT ( 'NONE',  ( 1.000000000000000222, 22.03209181533656746, 3.000000000000005329 ) ) ;
#8428 = ORIENTED_EDGE ( 'NONE', *, *, #2693, .T. ) ;
#8429 = PRESENTATION_STYLE_ASSIGNMENT (( #7915 ) ) ;
#8430 = ORIENTED_EDGE ( 'NONE', *, *, #8920, .F. ) ;
#8431 = FACE_OUTER_BOUND ( 'NONE', #5289, .T. ) ;
#8432 = EDGE_LOOP ( 'NONE', ( #6647, #6909 ) ) ;
#8433 = CARTESIAN_POINT ( 'NONE',  ( -13.00000000000000000, -1.592040838891559095E-15, -13.50000000000000000 ) ) ;
#8434 = CARTESIAN_POINT ( 'NONE',  ( -2.074714256722483885, 4.575665857285978078, -6.089444439476611848 ) ) ;
#8435 = ORIENTED_EDGE ( 'NONE', *, *, #8864, .T. ) ;
#8436 = AXIS2_PLACEMENT_3D ( 'NONE', #4914, #9853, #9794 ) ;
#8437 = ADVANCED_FACE ( 'NONE', ( #3643 ), #9632, .F. ) ;
#8438 = VECTOR ( 'NONE', #831, 1000.000000000000000 ) ;
#8439 = ORIENTED_EDGE ( 'NONE', *, *, #554, .T. ) ;
#8440 = CARTESIAN_POINT ( 'NONE',  ( 6.713633205907114210, 0.0000000000000000000, -19.16170891174100177 ) ) ;
#8441 = CARTESIAN_POINT ( 'NONE',  ( 0.05140428708382541179, -3.841181488860375914, 3.346878500200760609 ) ) ;
#8442 = CARTESIAN_POINT ( 'NONE',  ( -32.30940107675852602, -4.000000000000000000, -15.89897948556635221 ) ) ;
#8443 = CARTESIAN_POINT ( 'NONE',  ( 4.670718986748888746, 3.225955915145913622, 14.04321029647097419 ) ) ;
#8444 = FACE_OUTER_BOUND ( 'NONE', #6722, .T. ) ;
#8445 = ORIENTED_EDGE ( 'NONE', *, *, #8098, .T. ) ;
#8446 = CARTESIAN_POINT ( 'NONE',  ( 0.0000000000000000000, 4.330127018922190096, -2.500000000000006661 ) ) ;
#8447 = ORIENTED_EDGE ( 'NONE', *, *, #6014, .F. ) ;
#8448 = ORIENTED_EDGE ( 'NONE', *, *, #8209, .T. ) ;
#8449 = EDGE_CURVE ( 'NONE', #5845, #2351, #10512, .T. ) ;
#8450 = AXIS2_PLACEMENT_3D ( 'NONE', #3675, #1925, #6923 ) ;
#8451 = COLOUR_RGB ( '',1.000000000000000000, 0.3098039215686274606, 0.0000000000000000000 ) ;
#8452 =( NAMED_UNIT ( * ) SI_UNIT ( $, .STERADIAN. ) SOLID_ANGLE_UNIT ( ) );
#8453 = DIRECTION ( 'NONE',  ( 0.0000000000000000000, 1.000000000000000000, 0.0000000000000000000 ) ) ;
#8454 = CARTESIAN_POINT ( 'NONE',  ( 40.22270878644206249, 21.34225924101898642, 2.000000000000000000 ) ) ;
#8455 = ORIENTED_EDGE ( 'NONE', *, *, #2257, .T. ) ;
#8456 = EDGE_LOOP ( 'NONE', ( #2390, #7306, #4236, #9460 ) ) ;
#8457 = CARTESIAN_POINT ( 'NONE',  ( -13.94163180620230591, -35.00000000000000000, 16.05266972343014586 ) ) ;
#8458 = ORIENTED_EDGE ( 'NONE', *, *, #1935, .T. ) ;
#8459 = CARTESIAN_POINT ( 'NONE',  ( -46.95153645854111346, -8.550630968717669589, -17.00000000000000000 ) ) ;
#8460 = CARTESIAN_POINT ( 'NONE',  ( 2.652150633434408711, 20.84495847385398548, 26.01111471412757226 ) ) ;
#8461 = DIRECTION ( 'NONE',  ( -0.0000000000000000000, -0.0000000000000000000, 1.000000000000000000 ) ) ;
#8462 = PRODUCT ( 'socket head cap screw_din_DIN 912 M10 x 35 --- 35N', 'socket head cap screw_din_DIN 912 M10 x 35 --- 35N', '', ( #8048 ) ) ;
#8463 = EDGE_CURVE ( 'NONE', #6036, #4501, #7916, .T. ) ;
#8464 = EDGE_CURVE ( 'NONE', #10197, #8671, #154, .T. ) ;
#8465 = ORIENTED_EDGE ( 'NONE', *, *, #9383, .T. ) ;
#8466 = CARTESIAN_POINT ( 'NONE',  ( -10.91319715461526840, 0.0004456847606660359752, -16.76401690102616726 ) ) ;
#8467 = CARTESIAN_POINT ( 'NONE',  ( 14.50000000000000533, 0.0000000000000000000, -10.50000000000000000 ) ) ;
#8468 = CARTESIAN_POINT ( 'NONE',  ( 3.101149927258164407, 4.000000000000000000, 6.111369367260474306 ) ) ;
#8469 = CYLINDRICAL_SURFACE ( 'NONE', #10398, 1.000000000000000888 ) ;
#8470 = EDGE_CURVE ( 'NONE', #6496, #5623, #4686, .T. ) ;
#8471 = AXIS2_PLACEMENT_3D ( 'NONE', #7824, #9385, #10262 ) ;
#8472 = ORIENTED_EDGE ( 'NONE', *, *, #9320, .T. ) ;
#8473 = AXIS2_PLACEMENT_3D ( 'NONE', #1947, #8599, #9423 ) ;
#8474 = FILL_AREA_STYLE ('',( #4349 ) ) ;
#8475 = CARTESIAN_POINT ( 'NONE',  ( -46.30940107675852602, -10.00000000000000178, 17.00000000000000000 ) ) ;
#8476 = FACE_OUTER_BOUND ( 'NONE', #1181, .T. ) ;
#8477 =( NAMED_UNIT ( * ) PLANE_ANGLE_UNIT ( ) SI_UNIT ( $, .RADIAN. ) );
#8478 = UNCERTAINTY_MEASURE_WITH_UNIT (LENGTH_MEASURE( 1.000000000000000082E-05 ), #6270, 'distance_accuracy_value', 'NONE');
#8479 = ADVANCED_FACE ( 'NONE', ( #8829 ), #7412, .T. ) ;
#8480 = VECTOR ( 'NONE', #10519, 1000.000000000000114 ) ;
#8481 = DIRECTION ( 'NONE',  ( -1.000000000000000000, 0.0000000000000000000, 0.0000000000000000000 ) ) ;
#8482 = CONICAL_SURFACE ( 'NONE', #8878, 5.000000000000000888, 1.047197551196596299 ) ;
#8483 = ORIENTED_EDGE ( 'NONE', *, *, #8407, .T. ) ;
#8484 = DIRECTION ( 'NONE',  ( 0.0000000000000000000, 0.0000000000000000000, 1.000000000000000000 ) ) ;
#8485 = AXIS2_PLACEMENT_3D ( 'NONE', #2222, #7841, #8005 ) ;
#8486 = CARTESIAN_POINT ( 'NONE',  ( -21.33746522763555120, -4.988020725818641426E-12, -1.704113530098330775 ) ) ;
#8487 = CARTESIAN_POINT ( 'NONE',  ( -10.90492158615484719, -0.02043471576709299589, 16.76955407802457287 ) ) ;
#8488 = CARTESIAN_POINT ( 'NONE',  ( 25.44734990167305000, 10.69999999999999929, 26.50000000000000000 ) ) ;
#8489 = CIRCLE ( 'NONE', #4413, 2.000000000000000000 ) ;
#8490 = CIRCLE ( 'NONE', #2003, 4.171999999999999709 ) ;
#8491 = EDGE_LOOP ( 'NONE', ( #3867, #7917 ) ) ;
#8492 = DIRECTION ( 'NONE',  ( -1.000000000000000000, -0.0000000000000000000, -0.0000000000000000000 ) ) ;
#8493 = CARTESIAN_POINT ( 'NONE',  ( -11.47426998318838898, 0.1771613873560268504, -16.37036865602594204 ) ) ;
#8494 = DIRECTION ( 'NONE',  ( 1.000000000000000000, 0.0000000000000000000, 0.0000000000000000000 ) ) ;
#8495 = CARTESIAN_POINT ( 'NONE',  ( -48.90541538820900769, -6.015664712233526501, 15.99999999999986500 ) ) ;
#8496 = FACE_OUTER_BOUND ( 'NONE', #10355, .T. ) ;
#8497 = EDGE_CURVE ( 'NONE', #7436, #234, #6770, .T. ) ;
#8498 = ORIENTED_EDGE ( 'NONE', *, *, #7181, .T. ) ;
#8499 =( GEOMETRIC_REPRESENTATION_CONTEXT ( 3 ) GLOBAL_UNCERTAINTY_ASSIGNED_CONTEXT ( ( #9495 ) ) GLOBAL_UNIT_ASSIGNED_CONTEXT ( ( #5785, #3291, #9890 ) ) REPRESENTATION_CONTEXT ( 'NONE', 'WORKASPACE' ) );
#8500 = CIRCLE ( 'NONE', #3006, 1.000000000000000888 ) ;
#8501 = CARTESIAN_POINT ( 'NONE',  ( 33.38554269744952308, 19.33759737769577924, 1.518179274367876141 ) ) ;
#8502 = CARTESIAN_POINT ( 'NONE',  ( -5.000000000000000000, 2.886751345948122882, -0.4465819873852037158 ) ) ;
#8503 = VECTOR ( 'NONE', #2013, 1000.000000000000114 ) ;
#8504 = CARTESIAN_POINT ( 'NONE',  ( 2.735608441625766662, 20.81213173596538368, 26.03315909524518901 ) ) ;
#8505 = LINE ( 'NONE', #1829, #3728 ) ;
#8506 = CARTESIAN_POINT ( 'NONE',  ( -8.964928058231134145, -33.74353816256331839, -17.91635549369577518 ) ) ;
#8507 = ORIENTED_EDGE ( 'NONE', *, *, #1036, .F. ) ;
#8508 = EDGE_CURVE ( 'NONE', #4129, #8390, #3783, .T. ) ;
#8509 = EDGE_CURVE ( 'NONE', #623, #10479, #8314, .T. ) ;
#8510 = VERTEX_POINT ( 'NONE', #332 ) ;
#8511 = AXIS2_PLACEMENT_3D ( 'NONE', #7345, #10706, #5753 ) ;
#8512 = FACE_BOUND ( 'NONE', #6333, .T. ) ;
#8513 = VERTEX_POINT ( 'NONE', #409 ) ;
#8514 = ORIENTED_EDGE ( 'NONE', *, *, #1742, .F. ) ;
#8515 = CIRCLE ( 'NONE', #7666, 15.37500000000000178 ) ;
#8516 = CARTESIAN_POINT ( 'NONE',  ( -17.20769300640456478, 1.458042570588610420, -7.972137499378221470 ) ) ;
#8517 = DIRECTION ( 'NONE',  ( -1.000000000000000000, 0.0000000000000000000, 1.347358039593636966E-16 ) ) ;
#8518 = CARTESIAN_POINT ( 'NONE',  ( -46.30940107675852602, -10.00000000000000178, 17.00000000000000000 ) ) ;
#8519 = DIRECTION ( 'NONE',  ( 1.000000000000000000, 0.0000000000000000000, 0.0000000000000000000 ) ) ;
#8520 = ORIENTED_EDGE ( 'NONE', *, *, #8553, .T. ) ;
#8521 = VERTEX_POINT ( 'NONE', #8579 ) ;
#8522 = EDGE_CURVE ( 'NONE', #5810, #2165, #10004, .T. ) ;
#8523 = EDGE_LOOP ( 'NONE', ( #5570, #6502, #826, #1456, #7929 ) ) ;
#8524 = EDGE_LOOP ( 'NONE', ( #10581, #1710 ) ) ;
#8525 = ORIENTED_EDGE ( 'NONE', *, *, #3539, .T. ) ;
#8526 = ADVANCED_FACE ( 'NONE', ( #8689 ), #7658, .T. ) ;
#8527 = EDGE_CURVE ( 'NONE', #317, #3015, #5731, .T. ) ;
#8528 = CARTESIAN_POINT ( 'NONE',  ( -43.39809257190688641, -13.75323630878453507, -16.00000000000000000 ) ) ;
#8529 = ORIENTED_EDGE ( 'NONE', *, *, #9019, .T. ) ;
#8530 = EDGE_LOOP ( 'NONE', ( #4532, #115, #6228, #5502 ) ) ;
#8531 = CARTESIAN_POINT ( 'NONE',  ( -13.18210688969286437, 0.7139316101891012289, -14.75274560381596345 ) ) ;
#8532 = DIRECTION ( 'NONE',  ( 1.000000000000000000, 0.0000000000000000000, 0.0000000000000000000 ) ) ;
#8533 = ORIENTED_EDGE ( 'NONE', *, *, #8864, .F. ) ;
#8534 = UNCERTAINTY_MEASURE_WITH_UNIT (LENGTH_MEASURE( 1.000000000000000082E-05 ), #6753, 'distance_accuracy_value', 'NONE');
#8535 = FACE_OUTER_BOUND ( 'NONE', #9736, .T. ) ;
#8536 = ORIENTED_EDGE ( 'NONE', *, *, #3748, .T. ) ;
#8537 = CARTESIAN_POINT ( 'NONE',  ( 43.00000000000000000, 21.88813772300484928, 2.999999999999999112 ) ) ;
#8538 = ORIENTED_EDGE ( 'NONE', *, *, #1844, .F. ) ;
#8539 = EDGE_CURVE ( 'NONE', #196, #1579, #5207, .T. ) ;
#8540 = CARTESIAN_POINT ( 'NONE',  ( 2.637913863236836853, 21.33042254725684117, 25.99999999999999645 ) ) ;
#8541 = DIRECTION ( 'NONE',  ( 1.000000000000000000, 0.0000000000000000000, 0.0000000000000000000 ) ) ;
#8542 = AXIS2_PLACEMENT_3D ( 'NONE', #7903, #7819, #3790 ) ;
#8543 = ORIENTED_EDGE ( 'NONE', *, *, #5238, .F. ) ;
#8544 = DIRECTION ( 'NONE',  ( 0.5000000000000012212, -0.8660254037844380415, 0.0000000000000000000 ) ) ;
#8545 = AXIS2_PLACEMENT_3D ( 'NONE', #2796, #8590, #3647 ) ;
#8546 = CARTESIAN_POINT ( 'NONE',  ( 6.651350249290356231, 20.11813772300487102, 1.000000000000000000 ) ) ;
#8547 = VECTOR ( 'NONE', #6170, 999.9999999999998863 ) ;
#8548 = DIRECTION ( 'NONE',  ( 0.0000000000000000000, 0.0000000000000000000, -1.000000000000000000 ) ) ;
#8549 = ORIENTED_EDGE ( 'NONE', *, *, #7997, .F. ) ;
#8550 = VERTEX_POINT ( 'NONE', #563 ) ;
#8551 = LINE ( 'NONE', #3862, #7276 ) ;
#8552 = CARTESIAN_POINT ( 'NONE',  ( -7.775674668097191322, -32.88424356298995832, -16.23849085773218448 ) ) ;
#8553 = EDGE_CURVE ( 'NONE', #6374, #4436, #1442, .T. ) ;
#8554 = CARTESIAN_POINT ( 'NONE',  ( -24.08572505459619961, 1.734723475976807094E-15, 1.911902655084836589 ) ) ;
#8555 = CARTESIAN_POINT ( 'NONE',  ( -13.29755746532153360, -1.900112628267101922, 15.21459804356529233 ) ) ;
#8556 = CARTESIAN_POINT ( 'NONE',  ( -50.04187662689903959, -7.052605167473346093, 16.00000000000000000 ) ) ;
#8557 = VECTOR ( 'NONE', #4973, 1000.000000000000114 ) ;
#8558 = EDGE_LOOP ( 'NONE', ( #5870, #2044, #682, #4962 ) ) ;
#8559 = DIRECTION ( 'NONE',  ( -0.0000000000000000000, -0.0000000000000000000, -1.000000000000000000 ) ) ;
#8560 = FACE_OUTER_BOUND ( 'NONE', #4929, .T. ) ;
#8561 = ORIENTED_EDGE ( 'NONE', *, *, #2845, .T. ) ;
#8562 = ORIENTED_EDGE ( 'NONE', *, *, #1299, .T. ) ;
#8563 = AXIS2_PLACEMENT_3D ( 'NONE', #7809, #8684, #2068 ) ;
#8564 = CIRCLE ( 'NONE', #2773, 10.00000000000000000 ) ;
#8565 = CARTESIAN_POINT ( 'NONE',  ( 34.16857486540671829, 20.11813772300484970, 25.81203741737834534 ) ) ;
#8566 = EDGE_CURVE ( 'NONE', #562, #6834, #545, .T. ) ;
#8567 = CARTESIAN_POINT ( 'NONE',  ( 3.509443722120166864, 4.000000000000000000, -4.869416769727912708 ) ) ;
#8568 = VERTEX_POINT ( 'NONE', #1782 ) ;
#8569 = CARTESIAN_POINT ( 'NONE',  ( -13.46123338141921977, -1.820371685888219515, -15.14128557031148326 ) ) ;
#8570 = EDGE_LOOP ( 'NONE', ( #293, #4185, #4233 ) ) ;
#8571 = ORIENTED_EDGE ( 'NONE', *, *, #3251, .T. ) ;
#8572 = EDGE_LOOP ( 'NONE', ( #6732, #667, #1383, #3080 ) ) ;
#8573 = LINE ( 'NONE', #5636, #8206 ) ;
#8574 = EDGE_CURVE ( 'NONE', #236, #2984, #5472, .T. ) ;
#8575 = CARTESIAN_POINT ( 'NONE',  ( -13.00000000000000000, -1.592040838891559095E-15, -11.50000000000000000 ) ) ;
#8576 = ORIENTED_EDGE ( 'NONE', *, *, #10224, .T. ) ;
#8577 = FILL_AREA_STYLE ('',( #4451 ) ) ;
#8578 = PLANE ( 'NONE',  #4651 ) ;
#8579 = CARTESIAN_POINT ( 'NONE',  ( 2.204364238465235822E-15, 0.0000000000000000000, -18.00000000000000355 ) ) ;
#8580 = CARTESIAN_POINT ( 'NONE',  ( 41.99999999999999289, 22.03209181533656391, 3.000000000000000000 ) ) ;
#8581 = CYLINDRICAL_SURFACE ( 'NONE', #4863, 2.999999999999999556 ) ;
#8582 = CARTESIAN_POINT ( 'NONE',  ( 2.959716367706854978, 21.13483465857348165, 26.12245122441547096 ) ) ;
#8583 = ADVANCED_FACE ( 'NONE', ( #5978 ), #8053, .T. ) ;
#8584 = CARTESIAN_POINT ( 'NONE',  ( -8.031811810826667397, 3.334139705168011059, 8.884344010665291336 ) ) ;
#8585 = FACE_BOUND ( 'NONE', #7719, .T. ) ;
#8586 = CARTESIAN_POINT ( 'NONE',  ( -18.01718243234913785, 1.458157746302160440, -5.877558956335354523 ) ) ;
#8587 = ORIENTED_EDGE ( 'NONE', *, *, #5952, .F. ) ;
#8588 = DIRECTION ( 'NONE',  ( -1.000000000000000000, -8.673617379884036705E-17, -1.347358039593636966E-16 ) ) ;
#8589 = CARTESIAN_POINT ( 'NONE',  ( 18.97613226645720985, 1.000000000000000000, 26.50000000000000000 ) ) ;
#8590 = DIRECTION ( 'NONE',  ( -0.0000000000000000000, -1.000000000000000000, -0.0000000000000000000 ) ) ;
#8591 = EDGE_CURVE ( 'NONE', #1412, #10585, #2231, .T. ) ;
#8592 = CIRCLE ( 'NONE', #10491, 10.00000000000000178 ) ;
#8593 = CARTESIAN_POINT ( 'NONE',  ( 0.0000000000000000000, 0.0000000000000000000, -6.099999999999999645 ) ) ;
#8594 = CARTESIAN_POINT ( 'NONE',  ( 0.0000000000000000000, -1.200000000000000030E-05, 2.000000000000000000 ) ) ;
#8595 = ORIENTED_EDGE ( 'NONE', *, *, #8057, .T. ) ;
#8596 = CARTESIAN_POINT ( 'NONE',  ( 8.788349632960986924, 3.226023196415221950, -9.521141061632224734 ) ) ;
#8597 = CARTESIAN_POINT ( 'NONE',  ( -16.76249634382471143, -3.083325987230168597, -15.61846397215372484 ) ) ;
#8598 = CARTESIAN_POINT ( 'NONE',  ( 0.0000000000000000000, 7.722348195210097188, 0.0000000000000000000 ) ) ;
#8599 = DIRECTION ( 'NONE',  ( -0.0000000000000000000, -1.000000000000000000, -0.0000000000000000000 ) ) ;
#8600 = EDGE_CURVE ( 'NONE', #4137, #4804, #5855, .T. ) ;
#8601 = AXIS2_PLACEMENT_3D ( 'NONE', #4661, #7869, #6332 ) ;
#8602 = CARTESIAN_POINT ( 'NONE',  ( -12.68349794926879603, -3.048886887092153941, 15.70696157674871252 ) ) ;
#8603 = CIRCLE ( 'NONE', #122, 1.000000000000000888 ) ;
#8604 = LINE ( 'NONE', #3497, #6434 ) ;
#8605 = CARTESIAN_POINT ( 'NONE',  ( 1.311724036127919788E-07, 0.0000000000000000000, 19.99803989383731917 ) ) ;
#8606 = VECTOR ( 'NONE', #9461, 1000.000000000000114 ) ;
#8607 = DIRECTION ( 'NONE',  ( -0.9993971932084416698, 7.719674944484364980E-16, -0.03471671365623663075 ) ) ;
#8608 = CARTESIAN_POINT ( 'NONE',  ( 0.3117969352650131754, 2.419842229202155082, 4.999999999999999112 ) ) ;
#8609 = CARTESIAN_POINT ( 'NONE',  ( 2.956690342120252613, 4.000000000000000000, -5.228814567829927817 ) ) ;
#8610 = CARTESIAN_POINT ( 'NONE',  ( -28.02020433871751237, -24.10435930197277443, 15.99999999999999289 ) ) ;
#8611 = CARTESIAN_POINT ( 'NONE',  ( -15.21338034373456694, -4.290661031924638102, 15.95220547320183968 ) ) ;
#8612 = DIRECTION ( 'NONE',  ( 0.0000000000000000000, 0.0000000000000000000, -1.000000000000000000 ) ) ;
#8613 = CYLINDRICAL_SURFACE ( 'NONE', #10048, 10.00000000000000000 ) ;
#8614 = VECTOR ( 'NONE', #5776, 1000.000000000000000 ) ;
#8615 = AXIS2_PLACEMENT_3D ( 'NONE', #7614, #9197, #10075 ) ;
#8616 = ORIENTED_EDGE ( 'NONE', *, *, #5698, .T. ) ;
#8617 = CARTESIAN_POINT ( 'NONE',  ( -18.23416211065228865, 1.458196108245400691, -5.161719384163514057 ) ) ;
#8618 = CARTESIAN_POINT ( 'NONE',  ( -13.30996280217433281, -1.880932182799678998, 15.20415598032069937 ) ) ;
#8619 = DIRECTION ( 'NONE',  ( -0.9306005987039489558, -0.3660362354902202409, 0.0000000000000000000 ) ) ;
#8620 = AXIS2_PLACEMENT_3D ( 'NONE', #8097, #4009, #10634 ) ;
#8621 = DIRECTION ( 'NONE',  ( 0.0000000000000000000, 0.0000000000000000000, 1.000000000000000000 ) ) ;
#8622 = LINE ( 'NONE', #9298, #9711 ) ;
#8623 = LINE ( 'NONE', #500, #7224 ) ;
#8624 = CARTESIAN_POINT ( 'NONE',  ( -15.03559080571454132, -4.624679510074932942, -15.98673330974044760 ) ) ;
#8625 = CARTESIAN_POINT ( 'NONE',  ( -11.18512093423553999, -34.63668486821018888, -16.71605351952729279 ) ) ;
#8626 = ORIENTED_EDGE ( 'NONE', *, *, #6387, .F. ) ;
#8627 = ADVANCED_FACE ( 'NONE', ( #6889 ), #441, .F. ) ;
#8628 = CARTESIAN_POINT ( 'NONE',  ( 9.051092666136485221, 3.226023196415221950, -9.278619957888057712 ) ) ;
#8629 = CARTESIAN_POINT ( 'NONE',  ( 0.0000000000000000000, 0.0000000000000000000, 0.0000000000000000000 ) ) ;
#8630 = CARTESIAN_POINT ( 'NONE',  ( 0.0000000000000000000, 2.000000000000000000, -10.00000000000000000 ) ) ;
#8631 = CARTESIAN_POINT ( 'NONE',  ( 34.48061228278506718, 19.11813772300484615, 28.00000000000000000 ) ) ;
#8632 = FACE_OUTER_BOUND ( 'NONE', #844, .T. ) ;
#8633 = EDGE_CURVE ( 'NONE', #10427, #1020, #22, .T. ) ;
#8634 = ORIENTED_EDGE ( 'NONE', *, *, #4785, .F. ) ;
#8635 = VECTOR ( 'NONE', #9921, 1000.000000000000000 ) ;
#8636 = DIRECTION ( 'NONE',  ( 1.224646799147353207E-16, 1.000000000000000000, -0.0000000000000000000 ) ) ;
#8637 = ORIENTED_EDGE ( 'NONE', *, *, #3472, .F. ) ;
#8638 = CARTESIAN_POINT ( 'NONE',  ( -5.143272406292889620, 3.999999999999998224, 3.154594178931331427 ) ) ;
#8639 = VECTOR ( 'NONE', #8075, 1000.000000000000000 ) ;
#8640 = EDGE_LOOP ( 'NONE', ( #10465, #9306, #680, #341 ) ) ;
#8641 = CARTESIAN_POINT ( 'NONE',  ( -18.43587476141410875, -1.644593140053167923, 14.70967897750114339 ) ) ;
#8642 = DIRECTION ( 'NONE',  ( 0.0000000000000000000, 0.0000000000000000000, 1.000000000000000000 ) ) ;
#8643 =( NAMED_UNIT ( * ) SI_UNIT ( $, .STERADIAN. ) SOLID_ANGLE_UNIT ( ) );
#8644 = ORIENTED_EDGE ( 'NONE', *, *, #3829, .T. ) ;
#8645 = DIRECTION ( 'NONE',  ( 1.000000000000000000, 8.673617379884036705E-17, -1.347358039593636966E-16 ) ) ;
#8646 = TOROIDAL_SURFACE ( 'NONE', #824, 14.50000000000000533, 3.000000000000000000 ) ;
#8647 = CARTESIAN_POINT ( 'NONE',  ( 0.0000000000000000000, 0.0000000000000000000, 0.0000000000000000000 ) ) ;
#8648 = DIRECTION ( 'NONE',  ( 0.0000000000000000000, 0.0000000000000000000, -1.000000000000000000 ) ) ;
#8649 = EDGE_LOOP ( 'NONE', ( #257, #6147 ) ) ;
#8650 = ORIENTED_EDGE ( 'NONE', *, *, #10069, .F. ) ;
#8651 = EDGE_CURVE ( 'NONE', #5735, #623, #2371, .T. ) ;
#8652 = DIRECTION ( 'NONE',  ( 1.000000000000000000, 0.0000000000000000000, 0.0000000000000000000 ) ) ;
#8653 = EDGE_CURVE ( 'NONE', #6496, #5821, #3526, .T. ) ;
#8654 = AXIS2_PLACEMENT_3D ( 'NONE', #6692, #5957, #9246 ) ;
#8655 = ORIENTED_EDGE ( 'NONE', *, *, #786, .T. ) ;
#8656 = DIRECTION ( 'NONE',  ( 0.0000000000000000000, 0.0000000000000000000, -1.000000000000000000 ) ) ;
#8657 = CARTESIAN_POINT ( 'NONE',  ( -13.36921683974974862, -1.848272919061658026, 15.17634642206393814 ) ) ;
#8658 = CARTESIAN_POINT ( 'NONE',  ( -23.23675738506378252, 0.0000000000000000000, 6.566495266850443713 ) ) ;
#8659 = DIRECTION ( 'NONE',  ( -0.0000000000000000000, -1.000000000000000000, -0.0000000000000000000 ) ) ;
#8660 = ORIENTED_EDGE ( 'NONE', *, *, #3734, .T. ) ;
#8661 = ORIENTED_EDGE ( 'NONE', *, *, #7748, .T. ) ;
#8662 = ORIENTED_EDGE ( 'NONE', *, *, #3983, .T. ) ;
#8663 = CARTESIAN_POINT ( 'NONE',  ( 40.05683348043999104, 20.73262751647637714, 27.62356328746783873 ) ) ;
#8664 = DIRECTION ( 'NONE',  ( -1.000000000000000000, 0.0000000000000000000, 0.0000000000000000000 ) ) ;
#8665 = CARTESIAN_POINT ( 'NONE',  ( -35.19615242270663913, -4.000000000000000888, -15.99999999999999289 ) ) ;
#8666 = ORIENTED_EDGE ( 'NONE', *, *, #5698, .F. ) ;
#8667 = MANIFOLD_SOLID_BREP ( 'Скругление5', #8031 ) ;
#8668 = FACE_OUTER_BOUND ( 'NONE', #8530, .T. ) ;
#8669 = AXIS2_PLACEMENT_3D ( 'NONE', #2437, #9178, #878 ) ;
#8670 = CARTESIAN_POINT ( 'NONE',  ( 3.110839160287347305, 22.27983878935735618, 1.846276496003956602 ) ) ;
#8671 = VERTEX_POINT ( 'NONE', #3780 ) ;
#8672 = PRESENTATION_LAYER_ASSIGNMENT (  '', '', ( #922 ) ) ;
#8673 = ORIENTED_EDGE ( 'NONE', *, *, #6031, .F. ) ;
#8674 = DIRECTION ( 'NONE',  ( 0.0000000000000000000, 0.0000000000000000000, -1.000000000000000000 ) ) ;
#8675 = LINE ( 'NONE', #283, #6888 ) ;
#8676 = ORIENTED_EDGE ( 'NONE', *, *, #4932, .T. ) ;
#8677 = ORIENTED_EDGE ( 'NONE', *, *, #4480, .F. ) ;
#8678 = CIRCLE ( 'NONE', #2606, 7.263979491393262933 ) ;
#8679 = VECTOR ( 'NONE', #9475, 1000.000000000000000 ) ;
#8680 = VERTEX_POINT ( 'NONE', #10382 ) ;
#8681 = CARTESIAN_POINT ( 'NONE',  ( -5.871861059497727631, 3.999999999999997335, 1.387790754053179754 ) ) ;
#8682 = CARTESIAN_POINT ( 'NONE',  ( -18.02819891506499062, -2.069049933855750645, 15.05287746836530616 ) ) ;
#8683 = LINE ( 'NONE', #3188, #2987 ) ;
#8684 = DIRECTION ( 'NONE',  ( 0.4276172212365132452, 0.9039599062469325652, -4.092954293886680499E-17 ) ) ;
#8685 = DIRECTION ( 'NONE',  ( 1.000000000000000000, 0.0000000000000000000, 0.0000000000000000000 ) ) ;
#8686 = CARTESIAN_POINT ( 'NONE',  ( 2.449999999999999734, 0.0000000000000000000, -0.3851141460153376106 ) ) ;
#8687 = DIRECTION ( 'NONE',  ( -1.000000000000000000, 0.0000000000000000000, 0.0000000000000000000 ) ) ;
#8688 = ADVANCED_FACE ( 'NONE', ( #8185 ), #10123, .F. ) ;
#8689 = FACE_OUTER_BOUND ( 'NONE', #5248, .T. ) ;
#8690 = ORIENTED_EDGE ( 'NONE', *, *, #1370, .T. ) ;
#8691 = CARTESIAN_POINT ( 'NONE',  ( 0.0000000000000000000, 0.0000000000000000000, -6.074599999999999334 ) ) ;
#8692 = ORIENTED_EDGE ( 'NONE', *, *, #4086, .F. ) ;
#8693 = EDGE_LOOP ( 'NONE', ( #10272, #7615, #2902, #6876 ) ) ;
#8694 = FACE_OUTER_BOUND ( 'NONE', #7645, .T. ) ;
#8695 = CARTESIAN_POINT ( 'NONE',  ( 5.000000000000002665, -2.886751345948133540, -0.4465819873852080457 ) ) ;
#8696 = CARTESIAN_POINT ( 'NONE',  ( -16.40829284781978004, -3.311600422414926026, 15.70632937796678519 ) ) ;
#8697 = DIRECTION ( 'NONE',  ( 0.0000000000000000000, 0.0000000000000000000, -1.000000000000000000 ) ) ;
#8698 = CARTESIAN_POINT ( 'NONE',  ( -4.999999999999999112, 0.4881033300985009316, 5.145725154569872588E-16 ) ) ;
#8699 = DIRECTION ( 'NONE',  ( 0.0000000000000000000, 0.0000000000000000000, -1.000000000000000000 ) ) ;
#8700 = VERTEX_POINT ( 'NONE', #590 ) ;
#8701 = DIRECTION ( 'NONE',  ( 0.0000000000000000000, 0.0000000000000000000, -1.000000000000000000 ) ) ;
#8702 = ORIENTED_EDGE ( 'NONE', *, *, #8182, .F. ) ;
#8703 = CARTESIAN_POINT ( 'NONE',  ( 3.500000000000000000, -2.886751345948121106, 4.999999999999999112 ) ) ;
#8704 = CARTESIAN_POINT ( 'NONE',  ( 0.0000000000000000000, -2.352327244186589006, 0.0000000000000000000 ) ) ;
#8705 = EDGE_CURVE ( 'NONE', #2978, #8960, #10365, .T. ) ;
#8706 = AXIS2_PLACEMENT_3D ( 'NONE', #2395, #8211, #8176 ) ;
#8707 = FACE_OUTER_BOUND ( 'NONE', #8867, .T. ) ;
#8708 = CARTESIAN_POINT ( 'NONE',  ( 2.480228988863466988, 21.45055613879291556, 2.000000000000008438 ) ) ;
#8709 = CARTESIAN_POINT ( 'NONE',  ( 43.00000000000000000, 21.88813772300484928, 25.00000000000000000 ) ) ;
#8710 = DIRECTION ( 'NONE',  ( 0.2418511231729249256, -0.9703133690823778634, 0.0000000000000000000 ) ) ;
#8711 = B_SPLINE_CURVE_WITH_KNOTS ( 'NONE', 3,
 ( #3350, #2637, #9992, #4196 ),
 .UNSPECIFIED., .F., .F.,
 ( 4, 4 ),
 ( 0.0000000000000000000, 1.000000000000000000 ),
 .UNSPECIFIED. ) ;
#8712 = VERTEX_POINT ( 'NONE', #1308 ) ;
#8713 = CARTESIAN_POINT ( 'NONE',  ( 0.0000000000000000000, 0.7367339822379570524, 0.0000000000000000000 ) ) ;
#8714 = CARTESIAN_POINT ( 'NONE',  ( -13.90192006711059847, 0.9339167485997341700, 13.82536284289295203 ) ) ;
#8715 = EDGE_CURVE ( 'NONE', #6901, #9507, #9884, .T. ) ;
#8716 = DIRECTION ( 'NONE',  ( -0.7071067811865434649, 8.659560562354984627E-17, -0.7071067811865516806 ) ) ;
#8717 = VECTOR ( 'NONE', #10101, 1000.000000000000000 ) ;
#8718 = AXIS2_PLACEMENT_3D ( 'NONE', #1628, #3157, #1519 ) ;
#8719 = DIRECTION ( 'NONE',  ( 0.0000000000000000000, 0.0000000000000000000, 1.000000000000000000 ) ) ;
#8720 = DIRECTION ( 'NONE',  ( 0.0000000000000000000, 0.0000000000000000000, 1.000000000000000000 ) ) ;
#8721 =( NAMED_UNIT ( * ) SI_UNIT ( $, .STERADIAN. ) SOLID_ANGLE_UNIT ( ) );
#8722 = DIRECTION ( 'NONE',  ( 0.9306005987039488447, -0.3660362354902201854, 0.0000000000000000000 ) ) ;
#8723 = ORIENTED_EDGE ( 'NONE', *, *, #6354, .T. ) ;
#8724 = CARTESIAN_POINT ( 'NONE',  ( 6.395970796528011704, 31.73000000000000043, 3.000000000000005329 ) ) ;
#8725 = EDGE_CURVE ( 'NONE', #9981, #1719, #6381, .T. ) ;
#8726 = DIRECTION ( 'NONE',  ( -1.000000000000000000, -0.0000000000000000000, -0.0000000000000000000 ) ) ;
#8727 = UNCERTAINTY_MEASURE_WITH_UNIT (LENGTH_MEASURE( 1.000000000000000082E-05 ), #9237, 'distance_accuracy_value', 'NONE');
#8728 = CARTESIAN_POINT ( 'NONE',  ( 4.999999999999999112, -2.417244626924487161, -0.3110470720778654719 ) ) ;
#8729 = CARTESIAN_POINT ( 'NONE',  ( -16.80864334881542632, -0.2740000947525244590, 12.69858992371270112 ) ) ;
#8730 = CARTESIAN_POINT ( 'NONE',  ( 6.242941986818721034, 20.11905591701318485, 27.91638597774105790 ) ) ;
#8731 = CARTESIAN_POINT ( 'NONE',  ( 0.8179331680532991866, 5.301268757141563981, -5.926062401966623483 ) ) ;
#8732 = AXIS2_PLACEMENT_3D ( 'NONE', #3576, #4761, #7732 ) ;
#8733 = VECTOR ( 'NONE', #4264, 1000.000000000000000 ) ;
#8734 = B_SPLINE_CURVE_WITH_KNOTS ( 'NONE', 3,
 ( #675, #633, #4101, #10654 ),
 .UNSPECIFIED., .F., .F.,
 ( 4, 4 ),
 ( 2.380735200832261726E-07, 0.002921158011986723334 ),
 .UNSPECIFIED. ) ;
#8735 = EDGE_LOOP ( 'NONE', ( #8202, #3008, #6976, #7877, #10573, #1988 ) ) ;
#8736 = DIRECTION ( 'NONE',  ( 0.0000000000000000000, 0.0000000000000000000, 1.000000000000000000 ) ) ;
#8737 = PRODUCT_DEFINITION_SHAPE ( 'NONE', 'NONE',  #10740 ) ;
#8738 = CARTESIAN_POINT ( 'NONE',  ( 42.00000000000000000, 21.49480438967151485, 2.000000000000000000 ) ) ;
#8739 = ADVANCED_FACE ( 'NONE', ( #1577 ), #2858, .T. ) ;
#8740 = CARTESIAN_POINT ( 'NONE',  ( -0.8179331680533130644, -5.301268757141567534, -5.926062401966620818 ) ) ;
#8741 = CARTESIAN_POINT ( 'NONE',  ( 0.0000000000000000000, 2.316617955123374095, 4.012499999999993960 ) ) ;
#8742 = LINE ( 'NONE', #2147, #2554 ) ;
#8743 = CARTESIAN_POINT ( 'NONE',  ( 44.00000000000000000, 0.0000000000000000000, 0.0000000000000000000 ) ) ;
#8744 = VECTOR ( 'NONE', #8890, 1000.000000000000000 ) ;
#8745 = VECTOR ( 'NONE', #2968, 1000.000000000000000 ) ;
#8746 = EDGE_CURVE ( 'NONE', #4533, #800, #3390, .T. ) ;
#8747 = CARTESIAN_POINT ( 'NONE',  ( 3.573590811884141960, 22.13554096296891416, 25.16411758722702174 ) ) ;
#8748 = SURFACE_STYLE_FILL_AREA ( #2975 ) ;
#8749 = ORIENTED_EDGE ( 'NONE', *, *, #7550, .F. ) ;
#8750 = DIRECTION ( 'NONE',  ( 0.0000000000000000000, 0.0000000000000000000, 1.000000000000000000 ) ) ;
#8751 =( GEOMETRIC_REPRESENTATION_CONTEXT ( 3 ) GLOBAL_UNCERTAINTY_ASSIGNED_CONTEXT ( ( #7558 ) ) GLOBAL_UNIT_ASSIGNED_CONTEXT ( ( #4759, #7980, #7163 ) ) REPRESENTATION_CONTEXT ( 'NONE', 'WORKASPACE' ) );
#8752 = CARTESIAN_POINT ( 'NONE',  ( 21.72202849340033382, 0.0000000000000000000, -1.951599337616953145 ) ) ;
#8753 = CARTESIAN_POINT ( 'NONE',  ( 0.0000000000000000000, 7.511572993685796142E-16, -5.000000000000000000 ) ) ;
#8754 = CARTESIAN_POINT ( 'NONE',  ( -18.34056392238644051, -1.749698114160298967, 14.80185573086890471 ) ) ;
#8755 = SURFACE_STYLE_FILL_AREA ( #708 ) ;
#8756 = CIRCLE ( 'NONE', #8909, 4.171999999999999709 ) ;
#8757 = DIRECTION ( 'NONE',  ( -0.0000000000000000000, -0.0000000000000000000, 1.000000000000000000 ) ) ;
#8758 = CARTESIAN_POINT ( 'NONE',  ( -35.19615242270663913, -4.000000000000000888, 15.89897948556635221 ) ) ;
#8759 = DIRECTION ( 'NONE',  ( 0.0000000000000000000, 1.000000000000000000, 0.0000000000000000000 ) ) ;
#8761 = EDGE_CURVE ( 'NONE', #934, #8932, #5596, .T. ) ;
#8760 = DIRECTION ( 'NONE',  ( 0.0000000000000000000, 0.0000000000000000000, -1.000000000000000000 ) ) ;
#8762 = CARTESIAN_POINT ( 'NONE',  ( -23.20955301641928514, 4.553543245320711835E-15, 6.613241509545773944 ) ) ;
#8763 = CARTESIAN_POINT ( 'NONE',  ( -21.25235012305799387, -27.00000000000000355, -16.00000000000000000 ) ) ;
#8764 = LINE ( 'NONE', #9310, #10713 ) ;
#8765 = CARTESIAN_POINT ( 'NONE',  ( 0.0000000000000000000, 0.0000000000000000000, 0.0000000000000000000 ) ) ;
#8766 = SHAPE_DEFINITION_REPRESENTATION ( #1468, #3436 ) ;
#8767 = CIRCLE ( 'NONE', #1845, 2.000000000000000000 ) ;
#8768 = VERTEX_POINT ( 'NONE', #9001 ) ;
#8769 = CARTESIAN_POINT ( 'NONE',  ( -13.98254592460970791, -1.654432754021829099, 14.92982445074835240 ) ) ;
#8770 = DIRECTION ( 'NONE',  ( 0.0000000000000000000, -0.0000000000000000000, 1.000000000000000000 ) ) ;
#8771 = EDGE_CURVE ( 'NONE', #3637, #8857, #7532, .T. ) ;
#8772 = CARTESIAN_POINT ( 'NONE',  ( 0.0000000000000000000, 22.03209181533656746, 3.000000000000006217 ) ) ;
#8773 = ORIENTED_EDGE ( 'NONE', *, *, #1439, .T. ) ;
#8774 = CARTESIAN_POINT ( 'NONE',  ( -12.40059300798598940, -3.859357582188617908, -15.92286803756739033 ) ) ;
#8775 = LINE ( 'NONE', #5618, #489 ) ;
#8776 = ORIENTED_EDGE ( 'NONE', *, *, #2896, .T. ) ;
#8777 = CARTESIAN_POINT ( 'NONE',  ( 9.292305210990166486, 19.84950204030734966, 26.18198697595824598 ) ) ;
#8778 = ORIENTED_EDGE ( 'NONE', *, *, #6461, .T. ) ;
#8779 = CARTESIAN_POINT ( 'NONE',  ( 5.143272382899517936, 4.000000000000001776, -3.154594214915020345 ) ) ;
#8780 = ORIENTED_EDGE ( 'NONE', *, *, #9795, .T. ) ;
#8781 = CARTESIAN_POINT ( 'NONE',  ( 3.923830684465622554, 20.86578161859323188, 1.350762505111845924 ) ) ;
#8782 = PLANE ( 'NONE',  #5874 ) ;
#8783 = ORIENTED_EDGE ( 'NONE', *, *, #8956, .T. ) ;
#8784 = EDGE_LOOP ( 'NONE', ( #3148, #635, #9474, #5186 ) ) ;
#8785 = DIRECTION ( 'NONE',  ( 1.000000000000000000, 0.0000000000000000000, 0.0000000000000000000 ) ) ;
#8786 = DIRECTION ( 'NONE',  ( -0.0000000000000000000, -1.000000000000000000, 1.310430179583815370E-15 ) ) ;
#8787 = DIRECTION ( 'NONE',  ( 0.0000000000000000000, 0.0000000000000000000, -1.000000000000000000 ) ) ;
#8788 = B_SPLINE_CURVE_WITH_KNOTS ( 'NONE', 3,
 ( #10640, #8140, #3182, #7346, #6602, #8992, #1625, #4052 ),
 .UNSPECIFIED., .F., .F.,
 ( 4, 2, 2, 4 ),
 ( 0.002921158011986707288, 0.003648658599403064012, 0.004376159186819420302, 0.005831160361652131148 ),
 .UNSPECIFIED. ) ;
#8789 = EDGE_CURVE ( 'NONE', #7309, #6762, #2400, .T. ) ;
#8790 = ORIENTED_EDGE ( 'NONE', *, *, #141, .F. ) ;
#8791 = DIRECTION ( 'NONE',  ( -0.0000000000000000000, -0.0000000000000000000, 1.000000000000000000 ) ) ;
#8792 = ORIENTED_EDGE ( 'NONE', *, *, #8255, .F. ) ;
#8793 = EDGE_LOOP ( 'NONE', ( #9464, #5511 ) ) ;
#8794 = CARTESIAN_POINT ( 'NONE',  ( -18.06039371099786095, -35.00000000000000000, -15.99999999999999289 ) ) ;
#8795 = ORIENTED_EDGE ( 'NONE', *, *, #8962, .F. ) ;
#8796 = VERTEX_POINT ( 'NONE', #5801 ) ;
#8797 = DIRECTION ( 'NONE',  ( -0.0000000000000000000, -0.0000000000000000000, 1.000000000000000000 ) ) ;
#8798 = APPLICATION_CONTEXT ( 'automotive_design' ) ;
#8799 = CARTESIAN_POINT ( 'NONE',  ( 1.709573386737330925E-15, 5.530177779975799623, 13.95972608533009307 ) ) ;
#8800 = CARTESIAN_POINT ( 'NONE',  ( 20.35140718271905769, 0.0000000000000000000, 7.987517217311368434 ) ) ;
#8801 = ORIENTED_EDGE ( 'NONE', *, *, #7896, .F. ) ;
#8802 = CARTESIAN_POINT ( 'NONE',  ( -18.25235012305800097, -27.00000000000000355, -21.71688605722899013 ) ) ;
#8803 = CARTESIAN_POINT ( 'NONE',  ( 25.44734990167305000, 10.69999999999999929, 0.0000000000000000000 ) ) ;
#8804 = ADVANCED_FACE ( 'NONE', ( #10549 ), #5369, .T. ) ;
#8805 = FACE_OUTER_BOUND ( 'NONE', #6247, .T. ) ;
#8806 = DIRECTION ( 'NONE',  ( -1.000000000000000000, -0.0000000000000000000, -0.0000000000000000000 ) ) ;
#8807 = DIRECTION ( 'NONE',  ( 0.0000000000000000000, 0.0000000000000000000, 1.000000000000000000 ) ) ;
#8808 = VERTEX_POINT ( 'NONE', #9977 ) ;
#8809 = EDGE_CURVE ( 'NONE', #3015, #7742, #8592, .T. ) ;
#8810 = EDGE_CURVE ( 'NONE', #1965, #2751, #61, .T. ) ;
#8811 = AXIS2_PLACEMENT_3D ( 'NONE', #4981, #5807, #859 ) ;
#8812 = ORIENTED_EDGE ( 'NONE', *, *, #6875, .F. ) ;
#8813 = ORIENTED_EDGE ( 'NONE', *, *, #4379, .T. ) ;
#8814 = CARTESIAN_POINT ( 'NONE',  ( 5.916483417684632151, 21.72999999999999687, 27.73801097686340711 ) ) ;
#8815 = CARTESIAN_POINT ( 'NONE',  ( -18.95990296537607378, -1.009489644938913910, 14.01559088117086205 ) ) ;
#8816 = DIRECTION ( 'NONE',  ( 0.0000000000000000000, 0.0000000000000000000, -1.000000000000000000 ) ) ;
#8817 = ORIENTED_EDGE ( 'NONE', *, *, #9437, .F. ) ;
#8818 =( BOUNDED_CURVE ( )  B_SPLINE_CURVE ( 3, ( #3384, #9156, #1753, #9880 ),
 .UNSPECIFIED., .F., .F. ) 
 B_SPLINE_CURVE_WITH_KNOTS ( ( 4, 4 ),
 ( 1.570796326794896780, 1.934697313977452149 ),
 .UNSPECIFIED. ) 
 CURVE ( )  GEOMETRIC_REPRESENTATION_ITEM ( )  RATIONAL_B_SPLINE_CURVE ( ( 1.000000000000000000, 0.9889950836630800879, 0.9889950836630800879, 1.000000000000000000 ) ) 
 REPRESENTATION_ITEM ( '' )  );
#8819 = DIRECTION ( 'NONE',  ( 0.0000000000000000000, -1.000000000000000000, 0.0000000000000000000 ) ) ;
#8820 = CARTESIAN_POINT ( 'NONE',  ( -18.94231693908056258, 1.458319666498198774, -1.505777698005341003 ) ) ;
#8821 = SURFACE_STYLE_FILL_AREA ( #5331 ) ;
#8822 = CLOSED_SHELL ( 'NONE', ( #2074, #5831, #4092, #3178, #5127, #4459 ) ) ;
#8823 = B_SPLINE_CURVE_WITH_KNOTS ( 'NONE', 3,
 ( #5416, #6207, #8730, #7755 ),
 .UNSPECIFIED., .F., .F.,
 ( 4, 4 ),
 ( 0.0000000000000000000, 0.0002412545433036764259 ),
 .UNSPECIFIED. ) ;
#8824 = EDGE_CURVE ( 'NONE', #9797, #9330, #7945, .T. ) ;
#8825 = CARTESIAN_POINT ( 'NONE',  ( -48.90541538820878031, -6.015664712233888878, -16.00000000000000000 ) ) ;
#8826 = DIRECTION ( 'NONE',  ( -0.0000000000000000000, 1.000000000000000000, 0.0000000000000000000 ) ) ;
#8827 = AXIS2_PLACEMENT_3D ( 'NONE', #3119, #8079, #9771 ) ;
#8828 = DIRECTION ( 'NONE',  ( 0.0000000000000000000, 0.0000000000000000000, -1.000000000000000000 ) ) ;
#8829 = FACE_OUTER_BOUND ( 'NONE', #1409, .T. ) ;
#8830 = ORIENTED_EDGE ( 'NONE', *, *, #963, .T. ) ;
#8831 = AXIS2_PLACEMENT_3D ( 'NONE', #6995, #3453, #9232 ) ;
#8832 = CARTESIAN_POINT ( 'NONE',  ( 0.4465819873852054367, -5.773502691896264416, 1.339460179716947087E-16 ) ) ;
#8833 = TOROIDAL_SURFACE ( 'NONE', #4671, 5.399999999999999467, 0.4000000000000000222 ) ;
#8834 = DIRECTION ( 'NONE',  ( -1.000000000000000000, -0.0000000000000000000, -0.0000000000000000000 ) ) ;
#8835 = CARTESIAN_POINT ( 'NONE',  ( 2.204364238465235822E-15, -25.66666666666664653, -18.00000000000000355 ) ) ;
#8836 = VERTEX_POINT ( 'NONE', #779 ) ;
#8837 = ORIENTED_EDGE ( 'NONE', *, *, #705, .T. ) ;
#8838 = LINE ( 'NONE', #3528, #2236 ) ;
#8839 = CARTESIAN_POINT ( 'NONE',  ( 26.00299169246556019, 1.000000000000000000, 0.0000000000000000000 ) ) ;
#8840 = ORIENTED_EDGE ( 'NONE', *, *, #7448, .T. ) ;
#8841 = CARTESIAN_POINT ( 'NONE',  ( 4.250000000000000000, 3.673940397442059375E-16, -2.999999999999999556 ) ) ;
#8842 = ORIENTED_EDGE ( 'NONE', *, *, #4447, .F. ) ;
#8843 = APPLICATION_PROTOCOL_DEFINITION ( 'draft international standard', 'automotive_design', 1998, #3011 ) ;
#8844 = CARTESIAN_POINT ( 'NONE',  ( 0.0000000000000000000, 4.330127018922190096, -2.500000000000006661 ) ) ;
#8845 = CARTESIAN_POINT ( 'NONE',  ( -7.808190172515118377, 0.0000000000000000000, -20.42088078030701936 ) ) ;
#8846 = ORIENTED_EDGE ( 'NONE', *, *, #6669, .T. ) ;
#8847 = ORIENTED_EDGE ( 'NONE', *, *, #7429, .T. ) ;
#8848 = SURFACE_SIDE_STYLE ('',( #4298 ) ) ;
#8849 = PRESENTATION_LAYER_ASSIGNMENT (  '', '', ( #3851 ) ) ;
#8850 = CARTESIAN_POINT ( 'NONE',  ( -22.88000575282561400, 2.734630572421430805E-05, 7.573861667534750985 ) ) ;
#8851 = CARTESIAN_POINT ( 'NONE',  ( -30.57735026918964039, -1.000000000000004441, 13.99999999999999822 ) ) ;
#8852 = CARTESIAN_POINT ( 'NONE',  ( -11.00000000000000000, 1.347111479062088405E-15, 9.500000000000000000 ) ) ;
#8853 = AXIS2_PLACEMENT_3D ( 'NONE', #5553, #10419, #591 ) ;
#8854 = ORIENTED_EDGE ( 'NONE', *, *, #7815, .F. ) ;
#8855 =( NAMED_UNIT ( * ) PLANE_ANGLE_UNIT ( ) SI_UNIT ( $, .RADIAN. ) );
#8856 = CARTESIAN_POINT ( 'NONE',  ( 0.0000000000000000000, 7.999999999999998224, 0.0000000000000000000 ) ) ;
#8857 = VERTEX_POINT ( 'NONE', #9904 ) ;
#8858 = DIRECTION ( 'NONE',  ( 0.0000000000000000000, 0.4999999999999981681, -0.8660254037844395958 ) ) ;
#8859 = DIRECTION ( 'NONE',  ( -1.000000000000000000, 0.0000000000000000000, 0.0000000000000000000 ) ) ;
#8860 = LINE ( 'NONE', #10463, #4570 ) ;
#8861 = VECTOR ( 'NONE', #8102, 1000.000000000000114 ) ;
#8862 = CARTESIAN_POINT ( 'NONE',  ( -46.30940107675852602, -10.00000000000000178, -17.00000000000000000 ) ) ;
#8863 = DIRECTION ( 'NONE',  ( 0.0000000000000000000, 0.0000000000000000000, 1.000000000000000000 ) ) ;
#8864 = EDGE_CURVE ( 'NONE', #7926, #8768, #3553, .T. ) ;
#8865 = AXIS2_PLACEMENT_3D ( 'NONE', #6545, #7259, #8084 ) ;
#8866 = ADVANCED_FACE ( 'NONE', ( #10147 ), #8, .T. ) ;
#8867 = EDGE_LOOP ( 'NONE', ( #91, #4291, #8173, #8404 ) ) ;
#8868 = DIRECTION ( 'NONE',  ( -0.0000000000000000000, -1.000000000000000000, -0.0000000000000000000 ) ) ;
#8869 = DIRECTION ( 'NONE',  ( 0.0000000000000000000, -1.310430179583815370E-15, -1.000000000000000000 ) ) ;
#8870 = DIRECTION ( 'NONE',  ( 0.0000000000000000000, -0.5000000000000018874, -0.8660254037844374864 ) ) ;
#8871 = DIRECTION ( 'NONE',  ( -0.8660254037844379305, -0.5000000000000014433, 0.0000000000000000000 ) ) ;
#8872 = B_SPLINE_CURVE_WITH_KNOTS ( 'NONE', 3,
 ( #3802, #4471, #5474, #2910, #9532, #1182, #4553, #2950 ),
 .UNSPECIFIED., .F., .F.,
 ( 4, 2, 2, 4 ),
 ( 0.002921158011986704685, 0.003648658599403064012, 0.004376159186819423771, 0.005831160361652142424 ),
 .UNSPECIFIED. ) ;
#8873 = FACE_OUTER_BOUND ( 'NONE', #6643, .T. ) ;
#8874 = ADVANCED_FACE ( 'NONE', ( #4065 ), #852, .F. ) ;
#8875 = EDGE_CURVE ( 'NONE', #2751, #7436, #6007, .T. ) ;
#8876 = EDGE_CURVE ( 'NONE', #3144, #816, #5757, .T. ) ;
#8877 = CARTESIAN_POINT ( 'NONE',  ( 0.0000000000000000000, 21.73000000000000043, 27.00000000000000000 ) ) ;
#8878 = AXIS2_PLACEMENT_3D ( 'NONE', #1483, #547, #871 ) ;
#8879 = CARTESIAN_POINT ( 'NONE',  ( 0.0000000000000000000, -2.352327244186589006, 0.0000000000000000000 ) ) ;
#8880 = CARTESIAN_POINT ( 'NONE',  ( -6.433346771936903075, 0.0000000000000000000, 21.91930930899454211 ) ) ;
#8881 = CARTESIAN_POINT ( 'NONE',  ( -49.65699333988568043, -10.86448890356655106, 16.50000000000000000 ) ) ;
#8882 = DIRECTION ( 'NONE',  ( 0.0000000000000000000, 0.0000000000000000000, 1.000000000000000000 ) ) ;
#8883 = CARTESIAN_POINT ( 'NONE',  ( 27.00281925585051823, 0.9814300378111168177, 0.0000000000000000000 ) ) ;
#8884 = DIRECTION ( 'NONE',  ( -1.000000000000000000, -0.0000000000000000000, -0.0000000000000000000 ) ) ;
#8885 = LINE ( 'NONE', #1495, #1631 ) ;
#8886 = FACE_OUTER_BOUND ( 'NONE', #5330, .T. ) ;
#8887 = DIRECTION ( 'NONE',  ( 0.0000000000000000000, 1.000000000000000000, 0.0000000000000000000 ) ) ;
#8888 = VECTOR ( 'NONE', #8331, 1000.000000000000000 ) ;
#8889 = CLOSED_SHELL ( 'NONE', ( #3289, #5734, #1707, #9923 ) ) ;
#8890 = DIRECTION ( 'NONE',  ( -1.000000000000000000, -0.0000000000000000000, -0.0000000000000000000 ) ) ;
#8891 = DIRECTION ( 'NONE',  ( 1.000000000000000000, 0.0000000000000000000, 0.0000000000000000000 ) ) ;
#8892 = FILL_AREA_STYLE_COLOUR ( '', #8341 ) ;
#8893 = DIRECTION ( 'NONE',  ( -0.4794873788433844930, 0.0000000000000000000, 0.8775487755845260418 ) ) ;
#8894 = EDGE_CURVE ( 'NONE', #2207, #3784, #7571, .T. ) ;
#8895 = FACE_OUTER_BOUND ( 'NONE', #10332, .T. ) ;
#8896 = B_SPLINE_CURVE_WITH_KNOTS ( 'NONE', 3,
 ( #2030, #6957, #5335, #6237, #7107, #4486, #9510, #2966, #6193, #8758 ),
 .UNSPECIFIED., .F., .F.,
 ( 4, 2, 2, 2, 4 ),
 ( 2.168404344971008868E-18, 0.001371376051272108626, 0.002742752102544215084, 0.004114128153816320674, 0.005485504205088427565 ),
 .UNSPECIFIED. ) ;
#8897 = LINE ( 'NONE', #7265, #6165 ) ;
#8898 = CIRCLE ( 'NONE', #3156, 5.000000000000000000 ) ;
#8899 = CARTESIAN_POINT ( 'NONE',  ( -48.45584252319865470, -14.98277595945818774, -16.00000000000000000 ) ) ;
#8900 = CARTESIAN_POINT ( 'NONE',  ( -18.25235012305799742, -27.00000000000000355, -13.99999999999999822 ) ) ;
#8901 = CARTESIAN_POINT ( 'NONE',  ( 39.32547229361256313, 22.05468576882094567, 3.314579963387052519 ) ) ;
#8902 = ORIENTED_EDGE ( 'NONE', *, *, #7471, .F. ) ;
#8903 = CARTESIAN_POINT ( 'NONE',  ( 0.0000000000000000000, 2.000000000000000000, 0.0000000000000000000 ) ) ;
#8904 = CARTESIAN_POINT ( 'NONE',  ( 5.000000000000000000, 2.886751345948137981, -0.4465819873852080457 ) ) ;
#8905 = DIRECTION ( 'NONE',  ( 0.2418511231729249256, -0.9703133690823778634, 0.0000000000000000000 ) ) ;
#8906 = EDGE_CURVE ( 'NONE', #7229, #4647, #9524, .T. ) ;
#8907 = LINE ( 'NONE', #3600, #2797 ) ;
#8908 = LINE ( 'NONE', #4000, #2027 ) ;
#8909 = AXIS2_PLACEMENT_3D ( 'NONE', #1208, #382, #7006 ) ;
#8910 = CARTESIAN_POINT ( 'NONE',  ( 2.959716367706847429, 20.72706986570518950, 1.877548775584533702 ) ) ;
#8911 = STYLED_ITEM ( 'NONE', ( #2729 ), #10138 ) ;
#8912 = ORIENTED_EDGE ( 'NONE', *, *, #7619, .F. ) ;
#8913 = CARTESIAN_POINT ( 'NONE',  ( 5.000000000000000000, 0.0000000000000000000, 0.0000000000000000000 ) ) ;
#8914 = VERTEX_POINT ( 'NONE', #2620 ) ;
#8915 = CARTESIAN_POINT ( 'NONE',  ( -4.336808689942017736E-16, 21.88813772300484928, 3.000000000000005329 ) ) ;
#8916 = VECTOR ( 'NONE', #7457, 1000.000000000000000 ) ;
#8917 = CARTESIAN_POINT ( 'NONE',  ( -50.04187662689903959, -7.052605167473346093, 16.00000000000000000 ) ) ;
#8918 = ORIENTED_EDGE ( 'NONE', *, *, #7316, .F. ) ;
#8920 = EDGE_CURVE ( 'NONE', #4633, #6600, #1857, .T. ) ;
#8919 = DIRECTION ( 'NONE',  ( -0.0000000000000000000, 1.000000000000000000, 0.0000000000000000000 ) ) ;
#8921 = CIRCLE ( 'NONE', #7319, 13.37500000000000178 ) ;
#8922 = CARTESIAN_POINT ( 'NONE',  ( -7.118449302602199324, -32.31055268242869971, -18.69030977609206090 ) ) ;
#8923 = ADVANCED_FACE ( 'NONE', ( #5888 ), #8398, .T. ) ;
#8924 = CARTESIAN_POINT ( 'NONE',  ( 5.000000000000000000, 4.913895281578755511E-16, -4.012500000000000178 ) ) ;
#8925 = DIRECTION ( 'NONE',  ( 0.0000000000000000000, 0.0000000000000000000, 1.000000000000000000 ) ) ;
#8926 = ORIENTED_EDGE ( 'NONE', *, *, #10645, .F. ) ;
#8927 = CARTESIAN_POINT ( 'NONE',  ( 2.816687638038912352E-15, -2.818925648462311528E-15, 23.00000000000000000 ) ) ;
#8928 = TOROIDAL_SURFACE ( 'NONE', #5100, 13.00000000000000000, 2.000000000000000000 ) ;
#8929 = ORIENTED_EDGE ( 'NONE', *, *, #5138, .T. ) ;
#8930 = DIRECTION ( 'NONE',  ( 1.000000000000000000, 0.0000000000000000000, 0.0000000000000000000 ) ) ;
#8931 = DIRECTION ( 'NONE',  ( 0.0000000000000000000, 0.0000000000000000000, 1.000000000000000000 ) ) ;
#8932 = VERTEX_POINT ( 'NONE', #1811 ) ;
#8933 = PRODUCT_DEFINITION_SHAPE ( 'NONE', 'NONE',  #9906 ) ;
#8934 = CARTESIAN_POINT ( 'NONE',  ( 5.000000000000000000, 2.316617955123359884, -4.012500000000003730 ) ) ;
#8935 = EDGE_CURVE ( 'NONE', #2472, #27, #1338, .T. ) ;
#8936 = CARTESIAN_POINT ( 'NONE',  ( 2.809422040252310904, 21.21871920080652174, 26.04033130683230723 ) ) ;
#8937 = ORIENTED_EDGE ( 'NONE', *, *, #4993, .T. ) ;
#8938 = AXIS2_PLACEMENT_3D ( 'NONE', #8594, #5355, #8664 ) ;
#8939 = CARTESIAN_POINT ( 'NONE',  ( -46.30940107675852602, -10.00000000000000178, -17.00000000000000000 ) ) ;
#8940 = CARTESIAN_POINT ( 'NONE',  ( -16.16480360532476368, -3.457323452414883036, -15.75788233491166146 ) ) ;
#8941 = ORIENTED_EDGE ( 'NONE', *, *, #7959, .F. ) ;
#8942 = ORIENTED_EDGE ( 'NONE', *, *, #846, .T. ) ;
#8943 = ADVANCED_FACE ( 'NONE', ( #10035 ), #1045, .T. ) ;
#8944 = CARTESIAN_POINT ( 'NONE',  ( -51.34807327541857092, -11.25413454116639400, -16.00000000000000000 ) ) ;
#8945 = DIRECTION ( 'NONE',  ( 1.000000000000000000, 0.0000000000000000000, 0.0000000000000000000 ) ) ;
#8946 = CARTESIAN_POINT ( 'NONE',  ( -30.86602540378445525, -1.500000000000012657, -14.57071421427143676 ) ) ;
#8947 = ORIENTED_EDGE ( 'NONE', *, *, #2903, .F. ) ;
#8948 = PLANE ( 'NONE',  #8070 ) ;
#8949 = ORIENTED_EDGE ( 'NONE', *, *, #5755, .T. ) ;
#8950 = CARTESIAN_POINT ( 'NONE',  ( 4.915530894284120933, 20.72999999999999687, 27.19109653159819118 ) ) ;
#8951 = CARTESIAN_POINT ( 'NONE',  ( -28.06039371099786095, -25.00000000000000000, -20.00000000000000355 ) ) ;
#8952 = DIRECTION ( 'NONE',  ( 1.000000000000000000, 0.0000000000000000000, 0.0000000000000000000 ) ) ;
#8953 = B_SPLINE_CURVE_WITH_KNOTS ( 'NONE', 3,
 ( #6866, #9373, #7686, #6900 ),
 .UNSPECIFIED., .F., .F.,
 ( 4, 4 ),
 ( 2.380735203086575593E-07, 0.002921158011986710757 ),
 .UNSPECIFIED. ) ;
#8954 = ORIENTED_EDGE ( 'NONE', *, *, #4626, .F. ) ;
#8955 = ORIENTED_EDGE ( 'NONE', *, *, #2681, .T. ) ;
#8956 = EDGE_CURVE ( 'NONE', #8700, #2984, #4326, .T. ) ;
#8957 = ORIENTED_EDGE ( 'NONE', *, *, #9087, .F. ) ;
#8958 = DIRECTION ( 'NONE',  ( 1.000000000000000000, 0.0000000000000000000, 0.0000000000000000000 ) ) ;
#8959 = LINE ( 'NONE', #7122, #4530 ) ;
#8960 = VERTEX_POINT ( 'NONE', #6009 ) ;
#8961 = ORIENTED_EDGE ( 'NONE', *, *, #2761, .F. ) ;
#8962 = EDGE_CURVE ( 'NONE', #9330, #5841, #6386, .T. ) ;
#8963 = LINE ( 'NONE', #2162, #6505 ) ;
#8964 = VERTEX_POINT ( 'NONE', #6845 ) ;
#8965 = CARTESIAN_POINT ( 'NONE',  ( 6.395970796528011704, 31.73000000000000043, 2.000000000000005329 ) ) ;
#8966 = CARTESIAN_POINT ( 'NONE',  ( 17.19248235785697787, 0.0000000000000000000, -10.26701154168958752 ) ) ;
#8967 = CARTESIAN_POINT ( 'NONE',  ( 11.00000000000000000, 0.0000000000000000000, 7.500000000000000000 ) ) ;
#8968 = DIRECTION ( 'NONE',  ( 0.0000000000000000000, -1.000000000000000000, 0.0000000000000000000 ) ) ;
#8969 = ORIENTED_EDGE ( 'NONE', *, *, #9111, .F. ) ;
#8970 = DIRECTION ( 'NONE',  ( 0.0000000000000000000, 1.000000000000000000, 0.0000000000000000000 ) ) ;
#8971 = EDGE_CURVE ( 'NONE', #5622, #7153, #6138, .T. ) ;
#8972 = EDGE_LOOP ( 'NONE', ( #10205, #4489, #2870, #6290 ) ) ;
#8973 = AXIS2_PLACEMENT_3D ( 'NONE', #3951, #2133, #2951 ) ;
#8974 = LINE ( 'NONE', #3225, #7405 ) ;
#8975 = DIRECTION ( 'NONE',  ( 0.0000000000000000000, 1.000000000000000000, 0.0000000000000000000 ) ) ;
#8976 = CARTESIAN_POINT ( 'NONE',  ( -18.69156636787767312, 0.06152207265230605349, 10.10928685755462375 ) ) ;
#8977 = CARTESIAN_POINT ( 'NONE',  ( 44.17200000000001836, 0.0000000000000000000, 0.0000000000000000000 ) ) ;
#8978 = CARTESIAN_POINT ( 'NONE',  ( 0.0000000000000000000, 0.0000000000000000000, -6.099999999999999645 ) ) ;
#8979 = CARTESIAN_POINT ( 'NONE',  ( 0.4465819873852054367, -5.773502691896264416, 1.339460179716947087E-16 ) ) ;
#8980 = COLOUR_RGB ( '',0.7921568627450980005, 0.8196078431372548767, 0.9333333333333333481 ) ;
#8981 = ORIENTED_EDGE ( 'NONE', *, *, #3339, .T. ) ;
#8982 = ORIENTED_EDGE ( 'NONE', *, *, #7605, .F. ) ;
#8983 = EDGE_CURVE ( 'NONE', #1693, #10403, #3041, .T. ) ;
#8984 = CARTESIAN_POINT ( 'NONE',  ( -46.30940107675852602, -10.00000000000000178, -17.00000000000000000 ) ) ;
#8985 = CARTESIAN_POINT ( 'NONE',  ( 1.760429773774320121E-15, 7.999999999999998224, 13.37500000000000178 ) ) ;
#8986 = DIRECTION ( 'NONE',  ( -1.000000000000000000, 0.0000000000000000000, 0.0000000000000000000 ) ) ;
#8987 = VECTOR ( 'NONE', #7804, 1000.000000000000000 ) ;
#8988 = ADVANCED_FACE ( 'NONE', ( #10677 ), #3956, .T. ) ;
#8989 = AXIS2_PLACEMENT_3D ( 'NONE', #7729, #2775, #3616 ) ;
#8990 = DIRECTION ( 'NONE',  ( 0.0000000000000000000, -1.000000000000000000, 0.0000000000000000000 ) ) ;
#8991 = DIRECTION ( 'NONE',  ( 0.0000000000000000000, 0.0000000000000000000, 1.000000000000000000 ) ) ;
#8992 = CARTESIAN_POINT ( 'NONE',  ( 0.1983443223721582938, 5.300482436767278038, 0.8192951148925896598 ) ) ;
#8993 = DIRECTION ( 'NONE',  ( 1.000000000000000000, 0.0000000000000000000, 0.0000000000000000000 ) ) ;
#8994 = EDGE_LOOP ( 'NONE', ( #3222, #4788, #127, #3569 ) ) ;
#8995 = EDGE_CURVE ( 'NONE', #5752, #4990, #4450, .T. ) ;
#8996 = CIRCLE ( 'NONE', #7231, 5.999999999999998224 ) ;
#8997 = DIRECTION ( 'NONE',  ( 0.0000000000000000000, 0.0000000000000000000, 1.000000000000000000 ) ) ;
#8998 = ADVANCED_FACE ( 'NONE', ( #9915 ), #964, .T. ) ;
#8999 = DIRECTION ( 'NONE',  ( 0.0000000000000000000, 1.000000000000000000, 0.0000000000000000000 ) ) ;
#9000 = CARTESIAN_POINT ( 'NONE',  ( 25.44734990167305000, 10.69999999999999929, 0.0000000000000000000 ) ) ;
#9001 = CARTESIAN_POINT ( 'NONE',  ( 10.00000000000000000, 6.613092715395706481E-16, 5.399999999999999467 ) ) ;
#9002 = DIRECTION ( 'NONE',  ( -1.224646799147353207E-16, 0.0000000000000000000, -1.000000000000000000 ) ) ;
#9003 = MECHANICAL_DESIGN_GEOMETRIC_PRESENTATION_REPRESENTATION (  '', ( #2335 ), #10093 ) ;
#9004 = DIRECTION ( 'NONE',  ( 0.0000000000000000000, 1.000000000000000000, 0.0000000000000000000 ) ) ;
#9005 = ORIENTED_EDGE ( 'NONE', *, *, #4010, .T. ) ;
#9006 = PLANE ( 'NONE',  #4355 ) ;
#9007 = AXIS2_PLACEMENT_3D ( 'NONE', #8580, #9435, #2856 ) ;
#9008 = CARTESIAN_POINT ( 'NONE',  ( 58.25768616347284734, 0.4009282413531840006, 1.500000000000000000 ) ) ;
#9009 = CYLINDRICAL_SURFACE ( 'NONE', #9056, 1.000000000000000888 ) ;
#9010 = CYLINDRICAL_SURFACE ( 'NONE', #4026, 2.999999999999992450 ) ;
#9011 = SURFACE_STYLE_USAGE ( .BOTH. , #10620 ) ;
#9012 = CARTESIAN_POINT ( 'NONE',  ( 0.0000000000000000000, 0.0000000000000000000, -6.099999999999999645 ) ) ;
#9013 = CARTESIAN_POINT ( 'NONE',  ( -22.85798259031667712, 5.204170427930421283E-15, -7.786840334305201949 ) ) ;
#9014 = CARTESIAN_POINT ( 'NONE',  ( -43.39809257190688641, -13.75323630878453507, -16.00000000000000000 ) ) ;
#9015 = CARTESIAN_POINT ( 'NONE',  ( -13.17482822095721140, -2.082868882569262059, -15.31534004034122454 ) ) ;
#9016 = EDGE_LOOP ( 'NONE', ( #4779, #2707, #4658, #3566, #10535, #7524, #4934, #4007, #8955, #8472, #3520, #7246, #8529, #3099 ) ) ;
#9017 = CARTESIAN_POINT ( 'NONE',  ( -47.99508469041674630, -9.622228305875150767, -17.00000000000000000 ) ) ;
#9018 = DIRECTION ( 'NONE',  ( -1.000000000000000000, 0.0000000000000000000, 0.0000000000000000000 ) ) ;
#9019 = EDGE_CURVE ( 'NONE', #6134, #493, #713, .T. ) ;
#9020 = AXIS2_PLACEMENT_3D ( 'NONE', #8264, #3307, #9980 ) ;
#9021 = DIRECTION ( 'NONE',  ( 1.000000000000000000, 0.0000000000000000000, 0.0000000000000000000 ) ) ;
#9022 = CARTESIAN_POINT ( 'NONE',  ( 0.0000000000000000000, 0.0000000000000000000, 7.500000000000000000 ) ) ;
#9023 = DIRECTION ( 'NONE',  ( -1.000000000000000000, 1.224646799147353454E-16, 0.0000000000000000000 ) ) ;
#9024 = B_SPLINE_CURVE_WITH_KNOTS ( 'NONE', 3,
 ( #3815, #3021, #2893, #6281, #7893, #4638, #5340, #3746, #2928, #6200 ),
 .UNSPECIFIED., .F., .F.,
 ( 4, 1, 1, 1, 1, 2, 4 ),
 ( 0.01497972817159869130, 0.01535432095168335828, 0.01572891373176802873, 0.01610350651185269572, 0.01647809929193736617, 0.02247158377329205176, 0.02996343937498541568 ),
 .UNSPECIFIED. ) ;
#9025 = FACE_OUTER_BOUND ( 'NONE', #9027, .T. ) ;
#9026 = CIRCLE ( 'NONE', #7751, 9.000000000000000000 ) ;
#9027 = EDGE_LOOP ( 'NONE', ( #1552, #8028, #6074, #6465 ) ) ;
#9028 = CARTESIAN_POINT ( 'NONE',  ( -1.778091562876227272E-14, -5.773502691896262640, -0.4465819873852080457 ) ) ;
#9029 = MANIFOLD_SOLID_BREP ( 'Бобышка-Вытянуть3', #8889 ) ;
#9030 = TOROIDAL_SURFACE ( 'NONE', #10110, 11.00000000000000000, 1.000000000000000000 ) ;
#9031 = EDGE_CURVE ( 'NONE', #2312, #5884, #3429, .T. ) ;
#9032 = EDGE_CURVE ( 'NONE', #10, #8127, #4210, .T. ) ;
#9033 = PRESENTATION_STYLE_ASSIGNMENT (( #9011 ) ) ;
#9035 = LINE ( 'NONE', #6353, #8745 ) ;
#9034 = AXIS2_PLACEMENT_3D ( 'NONE', #158, #5399, #6086 ) ;
#9036 = LINE ( 'NONE', #6768, #3046 ) ;
#9037 = CARTESIAN_POINT ( 'NONE',  ( -15.94252144666394244, 1.405896432615711955, 10.40993254745848517 ) ) ;
#9038 = CARTESIAN_POINT ( 'NONE',  ( -48.45584252319865470, -14.98277595945818774, 16.00000000000000000 ) ) ;
#9039 = CARTESIAN_POINT ( 'NONE',  ( -9.977753031397178063, -5.000000000000002665, 17.33333333333333570 ) ) ;
#9040 = EDGE_LOOP ( 'NONE', ( #1766, #4623, #3765, #549 ) ) ;
#9041 = CARTESIAN_POINT ( 'NONE',  ( 0.4465819873851990529, -2.886751345948121106, 4.999999999999999112 ) ) ;
#9042 = ADVANCED_FACE ( 'NONE', ( #4849 ), #9799, .F. ) ;
#9043 = APPLICATION_PROTOCOL_DEFINITION ( 'draft international standard', 'automotive_design', 1998, #7963 ) ;
#9044 = CONTEXT_DEPENDENT_SHAPE_REPRESENTATION ( #854, #8737 ) ;
#9045 = LINE ( 'NONE', #10734, #6830 ) ;
#9046 = FACE_OUTER_BOUND ( 'NONE', #3363, .T. ) ;
#9047 = LINE ( 'NONE', #9813, #6695 ) ;
#9048 = EDGE_CURVE ( 'NONE', #1059, #6036, #1991, .T. ) ;
#9049 = DIRECTION ( 'NONE',  ( -0.0000000000000000000, -0.0000000000000000000, 1.000000000000000000 ) ) ;
#9050 = DIRECTION ( 'NONE',  ( -0.0000000000000000000, -0.5000000000000011102, -0.8660254037844379305 ) ) ;
#9051 = CARTESIAN_POINT ( 'NONE',  ( 41.63396376450977954, 22.96269241404051087, 0.0000000000000000000 ) ) ;
#9052 = CARTESIAN_POINT ( 'NONE',  ( 40.26439155837419293, 20.81213173596535881, 0.0000000000000000000 ) ) ;
#9053 = ORIENTED_EDGE ( 'NONE', *, *, #4024, .F. ) ;
#9054 = CARTESIAN_POINT ( 'NONE',  ( 39.63328995116676623, 22.17576071412559813, 3.214387125972120174 ) ) ;
#9055 = AXIS2_PLACEMENT_3D ( 'NONE', #540, #10525, #6377 ) ;
#9056 = AXIS2_PLACEMENT_3D ( 'NONE', #7768, #3659, #1217 ) ;
#9057 = ADVANCED_FACE ( 'NONE', ( #5637 ), #9009, .T. ) ;
#9058 = ADVANCED_FACE ( 'NONE', ( #6797 ), #5394, .T. ) ;
#9059 = VECTOR ( 'NONE', #2872, 1000.000000000000000 ) ;
#9060 = ORIENTED_EDGE ( 'NONE', *, *, #8387, .F. ) ;
#9061 = FACE_OUTER_BOUND ( 'NONE', #10171, .T. ) ;
#9062 = DIRECTION ( 'NONE',  ( 1.000000000000000000, 0.0000000000000000000, -1.224646799147353207E-16 ) ) ;
#9063 = CARTESIAN_POINT ( 'NONE',  ( 0.4465819873852054367, -5.773502691896264416, 1.339460179716947087E-16 ) ) ;
#9064 = DIRECTION ( 'NONE',  ( 0.0000000000000000000, 0.0000000000000000000, -1.000000000000000000 ) ) ;
#9065 = DIRECTION ( 'NONE',  ( 0.0000000000000000000, 0.0000000000000000000, -1.000000000000000000 ) ) ;
#9066 = LINE ( 'NONE', #839, #6720 ) ;
#9067 = EDGE_LOOP ( 'NONE', ( #9088, #5575, #244, #6991 ) ) ;
#9068 = ORIENTED_EDGE ( 'NONE', *, *, #8254, .T. ) ;
#9069 = ORIENTED_EDGE ( 'NONE', *, *, #208, .T. ) ;
#9070 = STYLED_ITEM ( 'NONE', ( #7998 ), #6945 ) ;
#9071 = LINE ( 'NONE', #8245, #1267 ) ;
#9072 = CARTESIAN_POINT ( 'NONE',  ( -46.30940107675852602, -4.000000000000000000, -15.89897948556634866 ) ) ;
#9073 = ORIENTED_EDGE ( 'NONE', *, *, #4367, .F. ) ;
#9074 = VERTEX_POINT ( 'NONE', #4474 ) ;
#9075 = CARTESIAN_POINT ( 'NONE',  ( 2.287832656137193776, -4.452621892014645866, -6.099999999999998757 ) ) ;
#9076 = ORIENTED_EDGE ( 'NONE', *, *, #28, .T. ) ;
#9077 = CARTESIAN_POINT ( 'NONE',  ( -43.39809257190688641, -13.75323630878453507, -16.00000000000000000 ) ) ;
#9078 = DIRECTION ( 'NONE',  ( -0.0000000000000000000, 0.0000000000000000000, 1.000000000000000000 ) ) ;
#9079 = DIRECTION ( 'NONE',  ( 1.000000000000000000, 0.0000000000000000000, 1.347358039593636966E-16 ) ) ;
#9080 = DIRECTION ( 'NONE',  ( -0.0000000000000000000, -1.000000000000000000, -0.0000000000000000000 ) ) ;
#9081 = DIRECTION ( 'NONE',  ( -0.0000000000000000000, -0.0000000000000000000, 1.000000000000000000 ) ) ;
#9082 = DIRECTION ( 'NONE',  ( 1.000000000000000000, 0.0000000000000000000, 0.0000000000000000000 ) ) ;
#9083 = ORIENTED_EDGE ( 'NONE', *, *, #3375, .T. ) ;
#9084 = ORIENTED_EDGE ( 'NONE', *, *, #1716, .T. ) ;
#9085 = CARTESIAN_POINT ( 'NONE',  ( 40.11603346794397140, 21.59675414122736115, 25.96828480562428609 ) ) ;
#9086 = CARTESIAN_POINT ( 'NONE',  ( 0.0000000000000000000, 0.0000000000000000000, 0.0000000000000000000 ) ) ;
#9087 = EDGE_CURVE ( 'NONE', #7672, #4799, #7206, .T. ) ;
#9088 = ORIENTED_EDGE ( 'NONE', *, *, #10240, .F. ) ;
#9089 = CARTESIAN_POINT ( 'NONE',  ( 4.000000000000000000, 2.886751345948125991, 4.999999999999999112 ) ) ;
#9090 = AXIS2_PLACEMENT_3D ( 'NONE', #6734, #8392, #9387 ) ;
#9091 = CARTESIAN_POINT ( 'NONE',  ( 0.3106000600989310967, -5.537975084925945701, -0.4079457818577083006 ) ) ;
#9092 = VECTOR ( 'NONE', #7164, 1000.000000000000000 ) ;
#9093 = EDGE_LOOP ( 'NONE', ( #5004, #6569, #6259, #1434 ) ) ;
#9094 = ORIENTED_EDGE ( 'NONE', *, *, #9663, .F. ) ;
#9095 = ORIENTED_EDGE ( 'NONE', *, *, #7210, .F. ) ;
#9096 = SURFACE_STYLE_USAGE ( .BOTH. , #3210 ) ;
#9097 = ADVANCED_BREP_SHAPE_REPRESENTATION ( '', ( #8667, #8615 ), #5517 ) ;
#9098 = ORIENTED_EDGE ( 'NONE', *, *, #10174, .F. ) ;
#9099 = LINE ( 'NONE', #6393, #3773 ) ;
#9100 = CARTESIAN_POINT ( 'NONE',  ( 4.000000000000000000, 2.886751345948122438, -5.000000000000000000 ) ) ;
#9101 = B_SPLINE_CURVE_WITH_KNOTS ( 'NONE', 3,
 ( #8939, #8128, #4800, #9014 ),
 .UNSPECIFIED., .F., .F.,
 ( 4, 4 ),
 ( 0.0000000000000000000, 1.000000000000000000 ),
 .UNSPECIFIED. ) ;
#9102 = ORIENTED_EDGE ( 'NONE', *, *, #6031, .T. ) ;
#9103 = EDGE_CURVE ( 'NONE', #10735, #10339, #1210, .T. ) ;
#9104 = EDGE_CURVE ( 'NONE', #9660, #2602, #6272, .T. ) ;
#9105 = VECTOR ( 'NONE', #5797, 1000.000000000000000 ) ;
#9106 = DIRECTION ( 'NONE',  ( 1.000000000000000000, 0.0000000000000000000, 1.347358039593636966E-16 ) ) ;
#9107 = VECTOR ( 'NONE', #9434, 1000.000000000000114 ) ;
#9108 = ORIENTED_EDGE ( 'NONE', *, *, #6366, .F. ) ;
#9109 = ADVANCED_FACE ( 'NONE', ( #5113 ), #5283, .T. ) ;
#9110 = SURFACE_STYLE_FILL_AREA ( #6825 ) ;
#9111 = EDGE_CURVE ( 'NONE', #5167, #10735, #9390, .T. ) ;
#9112 = ADVANCED_FACE ( 'NONE', ( #7439 ), #3299, .F. ) ;
#9113 = ORIENTED_EDGE ( 'NONE', *, *, #4175, .T. ) ;
#9114 = DIRECTION ( 'NONE',  ( -0.0000000000000000000, -0.0000000000000000000, -1.000000000000000000 ) ) ;
#9115 = CARTESIAN_POINT ( 'NONE',  ( -47.27983724504240826, -8.748921230405159122, 17.00000000000000000 ) ) ;
#9116 = CARTESIAN_POINT ( 'NONE',  ( 14.20419899880919345, 0.0000000000000000000, -14.07979867761707560 ) ) ;
#9117 = APPLICATION_PROTOCOL_DEFINITION ( 'draft international standard', 'automotive_design', 1998, #6620 ) ;
#9118 = AXIS2_PLACEMENT_3D ( 'NONE', #6435, #2272, #5489 ) ;
#9119 = ORIENTED_EDGE ( 'NONE', *, *, #1804, .T. ) ;
#9120 = AXIS2_PLACEMENT_3D ( 'NONE', #6941, #6178, #8710 ) ;
#9121 = DIRECTION ( 'NONE',  ( -1.000000000000000000, 1.776356839400250465E-15, 0.0000000000000000000 ) ) ;
#9122 = VERTEX_POINT ( 'NONE', #5507 ) ;
#9123 = CARTESIAN_POINT ( 'NONE',  ( 39.34447386282535319, 22.05377257810832958, 25.14120773361521088 ) ) ;
#9124 = CARTESIAN_POINT ( 'NONE',  ( -45.33896490847467931, -11.25107876959484798, 17.00000000000000000 ) ) ;
#9125 = ORIENTED_EDGE ( 'NONE', *, *, #4351, .F. ) ;
#9126 = DIRECTION ( 'NONE',  ( 0.0000000000000000000, 0.0000000000000000000, -1.000000000000000000 ) ) ;
#9127 = FACE_OUTER_BOUND ( 'NONE', #1328, .T. ) ;
#9128 = DIRECTION ( 'NONE',  ( 0.4794873788433848816, 0.0000000000000000000, 0.8775487755845257087 ) ) ;
#9129 = DIRECTION ( 'NONE',  ( -1.000000000000000000, 0.0000000000000000000, 0.0000000000000000000 ) ) ;
#9130 = EDGE_CURVE ( 'NONE', #2742, #3500, #3030, .T. ) ;
#9131 = CARTESIAN_POINT ( 'NONE',  ( 40.26439155837419293, 21.05655294009385514, 1.000000000000000000 ) ) ;
#9132 = AXIS2_PLACEMENT_3D ( 'NONE', #9639, #9677, #10552 ) ;
#9133 = ORIENTED_EDGE ( 'NONE', *, *, #7316, .T. ) ;
#9134 = CARTESIAN_POINT ( 'NONE',  ( -46.30940107675852602, -10.00000000000000178, 13.99999999999999112 ) ) ;
#9135 = AXIS2_PLACEMENT_3D ( 'NONE', #9488, #9413, #8621 ) ;
#9136 = ORIENTED_EDGE ( 'NONE', *, *, #963, .F. ) ;
#9137 = DIRECTION ( 'NONE',  ( 1.000000000000000000, 0.0000000000000000000, 0.0000000000000000000 ) ) ;
#9138 = DIRECTION ( 'NONE',  ( 0.0000000000000000000, 0.0000000000000000000, 1.000000000000000000 ) ) ;
#9139 = CARTESIAN_POINT ( 'NONE',  ( -11.00000000000000000, -1.347111479062088405E-15, -11.50000000000000000 ) ) ;
#9140 = CIRCLE ( 'NONE', #8197, 4.012500000000000178 ) ;
#9141 = CARTESIAN_POINT ( 'NONE',  ( 3.500000000000000000, 0.0000000000000000000, 0.0000000000000000000 ) ) ;
#9142 = EDGE_CURVE ( 'NONE', #2051, #2739, #5235, .T. ) ;
#9143 = DIRECTION ( 'NONE',  ( 1.347358039593636966E-16, -0.0000000000000000000, 1.000000000000000000 ) ) ;
#9144 = ORIENTED_EDGE ( 'NONE', *, *, #1075, .T. ) ;
#9145 = CARTESIAN_POINT ( 'NONE',  ( -15.43724771944538787, 1.328459343758466416, -11.34646728899069501 ) ) ;
#9146 = CARTESIAN_POINT ( 'NONE',  ( 0.0000000000000000000, 0.0000000000000000000, -6.074599999999999334 ) ) ;
#9147 = CARTESIAN_POINT ( 'NONE',  ( -48.45181534823213809, -7.663156059625572780, 16.50000000000000000 ) ) ;
#9148 = CARTESIAN_POINT ( 'NONE',  ( -6.823816964036582888, 4.000000000000000000, -0.6336311669650953604 ) ) ;
#9149 = TOROIDAL_SURFACE ( 'NONE', #3755, 15.37500000000000178, 2.000000000000000000 ) ;
#9150 = EDGE_CURVE ( 'NONE', #3548, #7138, #805, .T. ) ;
#9151 = CARTESIAN_POINT ( 'NONE',  ( 0.0000000000000000000, 5.303003746295109622, 0.0000000000000000000 ) ) ;
#9152 = AXIS2_PLACEMENT_3D ( 'NONE', #6401, #7889, #2924 ) ;
#9153 = VERTEX_POINT ( 'NONE', #1408 ) ;
#9154 = DIRECTION ( 'NONE',  ( -0.0000000000000000000, -0.0000000000000000000, 1.000000000000000000 ) ) ;
#9155 =( BOUNDED_SURFACE ( )  B_SPLINE_SURFACE ( 3, 2, ( 
 ( #1894, #4395, #9346 ),
 ( #9445, #6970, #2825 ),
 ( #6066, #8555, #10180 ),
 ( #5308, #8618, #9485 ),
 ( #7005, #1931, #8487 ),
 ( #10215, #9409, #310 ),
 ( #7657, #1090, #4364 ),
 ( #5239, #10151, #274 ),
 ( #6103, #6928, #1972 ),
 ( #7754, #4692, #2863 ),
 ( #7161, #1272, #2082 ),
 ( #8696, #1354, #2154 ),
 ( #3712, #8657, #3821 ),
 ( #449, #9638, #4643 ),
 ( #4603, #3858, #10429 ),
 ( #5491, #5456, #5415 ),
 ( #532, #7116, #9676 ),
 ( #7940, #9519, #2976 ),
 ( #10472, #8769, #6206 ),
 ( #10354, #418, #6321 ),
 ( #569, #5526, #6251 ),
 ( #1392, #7077, #2195 ),
 ( #10322, #1317, #2119 ),
 ( #5380, #1237, #7978 ),
 ( #7040, #6365, #3023 ),
 ( #10390, #2933, #483 ),
 ( #8815, #2042, #7818 ),
 ( #7855, #4539, #2899 ),
 ( #3750, #9556, #4576 ),
 ( #7902, #8729, #6284 ),
 ( #3789, #9593, #8021 ),
 ( #4870, #3062, #3900 ),
 ( #1428, #10658, #7266 ),
 ( #716, #4797, #8090 ),
 ( #6439, #5713, #6555 ),
 ( #8124, #602, #4724 ),
 ( #10621, #8976, #10578 ),
 ( #5639, #685, #1533 ) ),
 .UNSPECIFIED., .F., .F., .F. ) 
 B_SPLINE_SURFACE_WITH_KNOTS ( ( 4, 2, 2, 2, 2, 2, 2, 2, 2, 2, 2, 2, 2, 2, 2, 2, 2, 2, 4 ),
 ( 3, 3 ),
 ( 0.05066555880574617060, 0.05074102194585945746, 0.05077875351591610437, 0.05078818640843026089, 0.05079761930094442435, 0.05081648508597275127, 0.05096741136619932500, 0.05126926392665248633, 0.05187296904755880900, 0.05308037928937145433, 0.05549519977299674500, 0.05791002025662202873, 0.05911743049843466713, 0.06032484074024731246, 0.06273966122387258926, 0.06394707146568523459, 0.06515448170749787993, 0.06756930219112317060, 0.06998412267474846127 ),
 ( 0.0000000000000000000, 1.000000000000000000 ),
 .UNSPECIFIED. ) 
 GEOMETRIC_REPRESENTATION_ITEM ( )  RATIONAL_B_SPLINE_SURFACE ( (
 ( 1.000000000000000000, 0.9468570822271143994, 1.000000000000000000),
 ( 1.000000000000000000, 0.9466854048217127060, 1.000000000000000000),
 ( 1.000000000000000000, 0.9465127570064074680, 1.000000000000000000),
 ( 1.000000000000000000, 0.9462523363030094226, 1.000000000000000000),
 ( 1.000000000000000000, 0.9461652879036458463, 1.000000000000000000),
 ( 1.000000000000000000, 0.9460561762112789097, 1.000000000000000000),
 ( 1.000000000000000000, 0.9460343388129961451, 1.000000000000000000),
 ( 1.000000000000000000, 0.9459906339140026210, 1.000000000000000000),
 ( 1.000000000000000000, 0.9459973385528575029, 1.000000000000000000),
 ( 1.000000000000000000, 0.9459944944567576508, 1.000000000000000000),
 ( 1.000000000000000000, 0.9459926181768532061, 1.000000000000000000),
 ( 1.000000000000000000, 0.9459759100284083067, 1.000000000000000000),
 ( 1.000000000000000000, 0.9459623267952568249, 1.000000000000000000),
 ( 1.000000000000000000, 0.9459254346793514179, 1.000000000000000000),
 ( 1.000000000000000000, 0.9459059839583779938, 1.000000000000000000),
 ( 1.000000000000000000, 0.9458634608134398603, 1.000000000000000000),
 ( 1.000000000000000000, 0.9458562270058925581, 1.000000000000000000),
 ( 1.000000000000000000, 0.9459007060024676727, 1.000000000000000000),
 ( 1.000000000000000000, 0.9460187648927468329, 1.000000000000000000),
 ( 1.000000000000000000, 0.9466551272589811550, 1.000000000000000000),
 ( 1.000000000000000000, 0.9474598895880822491, 1.000000000000000000),
 ( 1.000000000000000000, 0.9498441791305748394, 1.000000000000000000),
 ( 1.000000000000000000, 0.9513904178594053684, 1.000000000000000000),
 ( 1.000000000000000000, 0.9540695830049399362, 1.000000000000000000),
 ( 1.000000000000000000, 0.9550216758029341779, 1.000000000000000000),
 ( 1.000000000000000000, 0.9570008878617355386, 1.000000000000000000),
 ( 1.000000000000000000, 0.9580312887537231203, 1.000000000000000000),
 ( 1.000000000000000000, 0.9611283996892594494, 1.000000000000000000),
 ( 1.000000000000000000, 0.9631806088916410324, 1.000000000000000000),
 ( 1.000000000000000000, 0.9657766905297995308, 1.000000000000000000),
 ( 1.000000000000000000, 0.9665619150520829983, 1.000000000000000000),
 ( 1.000000000000000000, 0.9678855196276510142, 1.000000000000000000),
 ( 1.000000000000000000, 0.9684248346634419802, 1.000000000000000000),
 ( 1.000000000000000000, 0.9695212824946983776, 1.000000000000000000),
 ( 1.000000000000000000, 0.9695369604997823298, 1.000000000000000000),
 ( 1.000000000000000000, 0.9676887316108970793, 1.000000000000000000),
 ( 1.000000000000000000, 0.9658294706991599199, 1.000000000000000000),
 ( 1.000000000000000000, 0.9628598567384430984, 1.000000000000000000) ) ) 
 REPRESENTATION_ITEM ( '' )  SURFACE ( )  );
#9156 = CARTESIAN_POINT ( 'NONE',  ( -2.439489207627427714, -27.94352326045225254, 20.00000000000000355 ) ) ;
#9157 = CARTESIAN_POINT ( 'NONE',  ( -46.95153645854111346, -8.550630968717669589, 17.00000000000000000 ) ) ;
#9158 = CARTESIAN_POINT ( 'NONE',  ( -28.06039371099786095, -25.00000000000000000, -16.00000000000000000 ) ) ;
#9159 = SURFACE_SIDE_STYLE ('',( #10095 ) ) ;
#9160 = CARTESIAN_POINT ( 'NONE',  ( -18.34218986356264836, -1.747667988934336281, -14.80011217855590466 ) ) ;
#9161 = CIRCLE ( 'NONE', #3664, 1.000000000000000000 ) ;
#9162 = ADVANCED_FACE ( 'NONE', ( #5560 ), #458, .F. ) ;
#9163 = ADVANCED_FACE ( 'NONE', ( #1130 ), #109, .T. ) ;
#9164 = CARTESIAN_POINT ( 'NONE',  ( 0.0000000000000000000, -1.022107221908487684, 0.0000000000000000000 ) ) ;
#9165 = CARTESIAN_POINT ( 'NONE',  ( 40.26439155837419293, 21.05655294009385514, 28.00000000000000000 ) ) ;
#9166 = EDGE_CURVE ( 'NONE', #8142, #9417, #2047, .T. ) ;
#9167 = LINE ( 'NONE', #2331, #3697 ) ;
#9168 = AXIS2_PLACEMENT_3D ( 'NONE', #3303, #9114, #3192 ) ;
#9169 = CARTESIAN_POINT ( 'NONE',  ( 39.02254043520125748, 22.02686630917622779, 2.999999999999999556 ) ) ;
#9170 = UNCERTAINTY_MEASURE_WITH_UNIT (LENGTH_MEASURE( 1.000000000000000082E-05 ), #6385, 'distance_accuracy_value', 'NONE');
#9171 = DIRECTION ( 'NONE',  ( 1.000000000000000000, 0.0000000000000000000, 0.0000000000000000000 ) ) ;
#9172 = CARTESIAN_POINT ( 'NONE',  ( -47.05368789885406500, -11.58992729618035256, -17.00000000000000000 ) ) ;
#9173 = CARTESIAN_POINT ( 'NONE',  ( 0.4465819873852001076, 2.886751345948122438, -5.000000000000000000 ) ) ;
#9174 = FACE_OUTER_BOUND ( 'NONE', #2447, .T. ) ;
#9175 = CIRCLE ( 'NONE', #1602, 4.999999999999999112 ) ;
#9176 = FACE_OUTER_BOUND ( 'NONE', #10264, .T. ) ;
#9177 = ORIENTED_EDGE ( 'NONE', *, *, #5594, .F. ) ;
#9178 = DIRECTION ( 'NONE',  ( -8.673617379884036705E-17, 1.000000000000000000, 0.0000000000000000000 ) ) ;
#9179 = EDGE_CURVE ( 'NONE', #8118, #5253, #4500, .T. ) ;
#9180 = PRESENTATION_LAYER_ASSIGNMENT (  '', '', ( #7695 ) ) ;
#9181 = CARTESIAN_POINT ( 'NONE',  ( -9.382803421143266931, -0.1777251015289381397, 0.0000000000000000000 ) ) ;
#9182 = CARTESIAN_POINT ( 'NONE',  ( 5.000000000000000000, 2.886751345948137981, -5.653418012614791266 ) ) ;
#9183 = FACE_OUTER_BOUND ( 'NONE', #8558, .T. ) ;
#9184 = DIRECTION ( 'NONE',  ( 1.000000000000000000, 0.0000000000000000000, 0.0000000000000000000 ) ) ;
#9185 = CARTESIAN_POINT ( 'NONE',  ( -2.287832656137191112, 4.452621892014634319, 3.947914688033885515E-15 ) ) ;
#9186 = CYLINDRICAL_SURFACE ( 'NONE', #5435, 3.000000000000000444 ) ;
#9187 = VERTEX_POINT ( 'NONE', #5476 ) ;
#9188 = CARTESIAN_POINT ( 'NONE',  ( -18.06039371099786095, -25.00000000000000000, 16.00000000000000000 ) ) ;
#9189 = ORIENTED_EDGE ( 'NONE', *, *, #1084, .T. ) ;
#9190 = EDGE_CURVE ( 'NONE', #4258, #4284, #9578, .T. ) ;
#9191 = CARTESIAN_POINT ( 'NONE',  ( 39.32547229361259866, 22.05468576882095988, 25.07201941233038767 ) ) ;
#9192 = DIRECTION ( 'NONE',  ( -0.0000000000000000000, -0.0000000000000000000, 1.000000000000000000 ) ) ;
#9193 = SPHERICAL_SURFACE ( 'NONE', #1372, 1.000000000000000000 ) ;
#9194 = DIRECTION ( 'NONE',  ( -0.0000000000000000000, -1.000000000000000000, -0.0000000000000000000 ) ) ;
#9195 = ORIENTED_EDGE ( 'NONE', *, *, #2375, .T. ) ;
#9196 = CIRCLE ( 'NONE', #3770, 10.00000000000000000 ) ;
#9197 = DIRECTION ( 'NONE',  ( 0.0000000000000000000, 0.0000000000000000000, 1.000000000000000000 ) ) ;
#9198 = CARTESIAN_POINT ( 'NONE',  ( -18.13923511840468450, -1.959167264660046426, -14.97137915030739386 ) ) ;
#9199 = AXIS2_PLACEMENT_3D ( 'NONE', #10532, #1287, #10404 ) ;
#9200 = AXIS2_PLACEMENT_3D ( 'NONE', #8977, #9641, #3970 ) ;
#9201 = ORIENTED_EDGE ( 'NONE', *, *, #1694, .F. ) ;
#9202 = PLANE ( 'NONE',  #6779 ) ;
#9203 = CARTESIAN_POINT ( 'NONE',  ( 58.25768616347284734, 0.4009282413531840006, 0.0000000000000000000 ) ) ;
#9204 = VECTOR ( 'NONE', #10675, 1000.000000000000114 ) ;
#9205 = ORIENTED_EDGE ( 'NONE', *, *, #2753, .T. ) ;
#9206 = DIRECTION ( 'NONE',  ( 1.000000000000000000, 0.0000000000000000000, -0.0000000000000000000 ) ) ;
#9207 = ORIENTED_EDGE ( 'NONE', *, *, #4142, .T. ) ;
#9208 = CARTESIAN_POINT ( 'NONE',  ( -46.30940107675852602, -10.00000000000000178, -17.00000000000000000 ) ) ;
#9209 = DIRECTION ( 'NONE',  ( 1.000000000000000000, 0.0000000000000000000, 0.0000000000000000000 ) ) ;
#9210 = ORIENTED_EDGE ( 'NONE', *, *, #5756, .F. ) ;
#9211 = ORIENTED_EDGE ( 'NONE', *, *, #414, .F. ) ;
#9212 = ORIENTED_EDGE ( 'NONE', *, *, #3677, .T. ) ;
#9213 = AXIS2_PLACEMENT_3D ( 'NONE', #5016, #5944, #986 ) ;
#9214 = CARTESIAN_POINT ( 'NONE',  ( 0.0000000000000000000, 7.999999999999998224, -11.62500000000000000 ) ) ;
#9215 = COLOUR_RGB ( '',0.7921568627450980005, 0.8196078431372548767, 0.9333333333333333481 ) ;
#9216 = VERTEX_POINT ( 'NONE', #4665 ) ;
#9217 = AXIS2_PLACEMENT_3D ( 'NONE', #9164, #129, #962 ) ;
#9218 = ADVANCED_FACE ( 'NONE', ( #10594 ), #1258, .T. ) ;
#9219 = ADVANCED_FACE ( 'NONE', ( #7500 ), #3220, .F. ) ;
#9220 = VERTEX_POINT ( 'NONE', #5689 ) ;
#9221 = ORIENTED_EDGE ( 'NONE', *, *, #208, .F. ) ;
#9222 = CARTESIAN_POINT ( 'NONE',  ( -16.50142044185871626, -0.4374631866567694205, -13.09273326614805377 ) ) ;
#9223 = CARTESIAN_POINT ( 'NONE',  ( -27.89727847352801859, -22.73738441881632966, 13.99999999999999822 ) ) ;
#9224 = CARTESIAN_POINT ( 'NONE',  ( 8.525606599785488626, 3.226023196415221950, -9.763662165376389979 ) ) ;
#9225 = EDGE_LOOP ( 'NONE', ( #7887, #7543, #8571, #7496, #5947, #9970 ) ) ;
#9226 = FACE_OUTER_BOUND ( 'NONE', #2183, .T. ) ;
#9227 = ORIENTED_EDGE ( 'NONE', *, *, #2122, .F. ) ;
#9228 = DIRECTION ( 'NONE',  ( -1.000000000000000000, 0.0000000000000000000, -0.0000000000000000000 ) ) ;
#9229 = ORIENTED_EDGE ( 'NONE', *, *, #1486, .F. ) ;
#9230 = FACE_OUTER_BOUND ( 'NONE', #3217, .T. ) ;
#9231 = ORIENTED_EDGE ( 'NONE', *, *, #648, .T. ) ;
#9232 = DIRECTION ( 'NONE',  ( 0.0000000000000000000, 0.0000000000000000000, -1.000000000000000000 ) ) ;
#9233 = CARTESIAN_POINT ( 'NONE',  ( -48.90541538820878031, -6.015664712233888878, 16.00000000000000000 ) ) ;
#9234 = EDGE_CURVE ( 'NONE', #2376, #3878, #3995, .T. ) ;
#9235 = UNCERTAINTY_MEASURE_WITH_UNIT (LENGTH_MEASURE( 1.000000000000000082E-05 ), #10243, 'distance_accuracy_value', 'NONE');
#9236 = AXIS2_PLACEMENT_3D ( 'NONE', #7934, #10510, #565 ) ;
#9237 =( LENGTH_UNIT ( ) NAMED_UNIT ( * ) SI_UNIT ( .MILLI., .METRE. ) );
#9238 = ORIENTED_EDGE ( 'NONE', *, *, #4230, .F. ) ;
#9239 = CARTESIAN_POINT ( 'NONE',  ( 16.32025544699465058, 2.452347357060363997, -11.60230975315043622 ) ) ;
#9240 = CYLINDRICAL_SURFACE ( 'NONE', #2786, 11.00000000000000000 ) ;
#9241 = ORIENTED_EDGE ( 'NONE', *, *, #9938, .T. ) ;
#9242 = DIRECTION ( 'NONE',  ( 0.0000000000000000000, 0.0000000000000000000, 1.000000000000000000 ) ) ;
#9243 = CARTESIAN_POINT ( 'NONE',  ( 6.171862870446968685, 20.72999999999999687, 27.87754877558452549 ) ) ;
#9244 = CIRCLE ( 'NONE', #3690, 5.000000000000000000 ) ;
#9245 = CARTESIAN_POINT ( 'NONE',  ( 6.395970796528011704, 31.73000000000000043, 25.99999999999999645 ) ) ;
#9246 = DIRECTION ( 'NONE',  ( 0.0000000000000000000, 0.0000000000000000000, -1.000000000000000000 ) ) ;
#9247 = CARTESIAN_POINT ( 'NONE',  ( -48.45181534823213809, -7.663156059625572780, -16.50000000000000000 ) ) ;
#9248 = VERTEX_POINT ( 'NONE', #2399 ) ;
#9249 = B_SPLINE_CURVE_WITH_KNOTS ( 'NONE', 3,
 ( #8411, #4218, #3387, #5053 ),
 .UNSPECIFIED., .F., .F.,
 ( 4, 4 ),
 ( 0.0000000000000000000, 1.000000000000000000 ),
 .UNSPECIFIED. ) ;
#9250 = EDGE_CURVE ( 'NONE', #370, #3864, #9842, .T. ) ;
#9251 = EDGE_CURVE ( 'NONE', #2978, #3740, #618, .T. ) ;
#9252 = EDGE_LOOP ( 'NONE', ( #4151, #6623, #1470, #8514 ) ) ;
#9253 = AXIS2_PLACEMENT_3D ( 'NONE', #10086, #8354, #2643 ) ;
#9254 = VERTEX_POINT ( 'NONE', #4885 ) ;
#9255 = CYLINDRICAL_SURFACE ( 'NONE', #2016, 9.999999999999998224 ) ;
#9256 = CARTESIAN_POINT ( 'NONE',  ( -16.29171815984717853, 1.441840047122386226, -9.751495711264361432 ) ) ;
#9257 = EDGE_LOOP ( 'NONE', ( #5580, #1401, #8047, #4917 ) ) ;
#9258 = CARTESIAN_POINT ( 'NONE',  ( -5.000000000000000000, 0.0000000000000000000, 7.500000000000000000 ) ) ;
#9259 = ORIENTED_EDGE ( 'NONE', *, *, #10174, .T. ) ;
#9260 = AXIS2_PLACEMENT_3D ( 'NONE', #10094, #145, #175 ) ;
#9261 = DIRECTION ( 'NONE',  ( 1.000000000000000000, 0.0000000000000000000, 0.0000000000000000000 ) ) ;
#9262 = CARTESIAN_POINT ( 'NONE',  ( 0.0000000000000000000, 9.184850993605147944E-16, -7.000000000000000000 ) ) ;
#9263 = DIRECTION ( 'NONE',  ( 0.0000000000000000000, 0.0000000000000000000, 1.000000000000000000 ) ) ;
#9264 = DIRECTION ( 'NONE',  ( -1.000000000000000000, 0.0000000000000000000, 0.0000000000000000000 ) ) ;
#9265 = CARTESIAN_POINT ( 'NONE',  ( 8.610318235031920509, 20.11813772300486747, 2.499999999999999556 ) ) ;
#9266 = VERTEX_POINT ( 'NONE', #6568 ) ;
#9267 = DIRECTION ( 'NONE',  ( -0.0000000000000000000, -0.0000000000000000000, -1.000000000000000000 ) ) ;
#9268 = ADVANCED_FACE ( 'NONE', ( #5291 ), #6975, .T. ) ;
#9269 = ADVANCED_FACE ( 'NONE', ( #3093 ), #8928, .T. ) ;
#9270 = CARTESIAN_POINT ( 'NONE',  ( 5.000000000000000000, -2.316617955123370987, 4.012500000000000178 ) ) ;
#9271 = VECTOR ( 'NONE', #3555, 1000.000000000000000 ) ;
#9272 = CIRCLE ( 'NONE', #8973, 1.000000000000000000 ) ;
#9273 = CARTESIAN_POINT ( 'NONE',  ( -17.21252302307315318, 1.458042900708114153, -7.962693160795220493 ) ) ;
#9274 = AXIS2_PLACEMENT_3D ( 'NONE', #4449, #298, #1155 ) ;
#9275 = DIRECTION ( 'NONE',  ( 1.000000000000000000, 0.0000000000000000000, 0.0000000000000000000 ) ) ;
#9276 = PLANE ( 'NONE',  #5772 ) ;
#9277 = ORIENTED_EDGE ( 'NONE', *, *, #2387, .T. ) ;
#9278 = DIRECTION ( 'NONE',  ( -0.3660362354902207405, -0.9306005987039486227, 0.0000000000000000000 ) ) ;
#9279 = DIRECTION ( 'NONE',  ( -1.000000000000000000, 1.224646799147353454E-16, 0.0000000000000000000 ) ) ;
#9280 = CARTESIAN_POINT ( 'NONE',  ( 36.60402920347198830, 31.73000000000000043, 0.0000000000000000000 ) ) ;
#9281 = CARTESIAN_POINT ( 'NONE',  ( 1.000000000000000000, 22.03209181533656746, 24.99999999999999289 ) ) ;
#9282 = LINE ( 'NONE', #1634, #5786 ) ;
#9283 = CARTESIAN_POINT ( 'NONE',  ( 0.1983443223721552684, -3.359771601077102599, 4.180704885107413560 ) ) ;
#9284 = CARTESIAN_POINT ( 'NONE',  ( -31.74999999999995737, 0.0000000000000000000, 8.000000000000000000 ) ) ;
#9285 = CARTESIAN_POINT ( 'NONE',  ( 13.40147872153889885, 3.226077021430668434, 4.584461102152999956 ) ) ;
#9286 = ORIENTED_EDGE ( 'NONE', *, *, #10408, .T. ) ;
#9287 = EDGE_CURVE ( 'NONE', #4768, #6075, #7103, .T. ) ;
#9288 = AXIS2_PLACEMENT_3D ( 'NONE', #1696, #10668, #4878 ) ;
#9289 = LINE ( 'NONE', #8967, #9691 ) ;
#9290 = SURFACE_SIDE_STYLE ('',( #8244 ) ) ;
#9291 = DIRECTION ( 'NONE',  ( 0.0000000000000000000, 0.0000000000000000000, -1.000000000000000000 ) ) ;
#9292 = CIRCLE ( 'NONE', #142, 11.00000000000000000 ) ;
#9293 = ORIENTED_EDGE ( 'NONE', *, *, #5324, .F. ) ;
#9294 =( NAMED_UNIT ( * ) PLANE_ANGLE_UNIT ( ) SI_UNIT ( $, .RADIAN. ) );
#9295 = DIRECTION ( 'NONE',  ( -0.0000000000000000000, -1.000000000000000000, -0.0000000000000000000 ) ) ;
#9296 = ORIENTED_EDGE ( 'NONE', *, *, #3524, .T. ) ;
#9297 = VECTOR ( 'NONE', #3318, 1000.000000000000000 ) ;
#9298 = CARTESIAN_POINT ( 'NONE',  ( 45.00000000000001421, 5.109226446042757607E-16, -4.171999999999999709 ) ) ;
#9299 = CARTESIAN_POINT ( 'NONE',  ( 6.395970796528011704, 31.73000000000000043, 24.99999999999999289 ) ) ;
#9300 = EDGE_CURVE ( 'NONE', #9187, #9248, #2287, .T. ) ;
#9301 = FACE_OUTER_BOUND ( 'NONE', #1122, .T. ) ;
#9303 = CIRCLE ( 'NONE', #6433, 1.000000000000000888 ) ;
#9302 = AXIS2_PLACEMENT_3D ( 'NONE', #10678, #3260, #4852 ) ;
#9304 = CARTESIAN_POINT ( 'NONE',  ( -11.20376566668087293, -34.62358772198319201, 16.72854955563294510 ) ) ;
#9305 = TOROIDAL_SURFACE ( 'NONE', #1387, 11.00000000000000000, 1.000000000000000000 ) ;
#9306 = ORIENTED_EDGE ( 'NONE', *, *, #4932, .F. ) ;
#9307 = CARTESIAN_POINT ( 'NONE',  ( 0.0000000000000000000, 0.0000000000000000000, -9.500000000000000000 ) ) ;
#9308 = CARTESIAN_POINT ( 'NONE',  ( -48.23596915733135404, -5.651799744478239518, -16.00000000000000000 ) ) ;
#9309 = CARTESIAN_POINT ( 'NONE',  ( -45.71293249679403203, -13.54498398776496337, 16.50000000000000000 ) ) ;
#9310 = CARTESIAN_POINT ( 'NONE',  ( 39.26439155837419293, 0.0000000000000000000, 28.00000000000000000 ) ) ;
#9311 = B_SPLINE_CURVE_WITH_KNOTS ( 'NONE', 3,
 ( #927, #223, #6993, #8504 ),
 .UNSPECIFIED., .F., .F.,
 ( 4, 4 ),
 ( 8.673617379884035472E-19, 0.0002557986877141675205 ),
 .UNSPECIFIED. ) ;
#9312 = EDGE_CURVE ( 'NONE', #1953, #10524, #7618, .T. ) ;
#9313 = VECTOR ( 'NONE', #9526, 1000.000000000000000 ) ;
#9314 = ORIENTED_EDGE ( 'NONE', *, *, #8231, .F. ) ;
#9315 = FACE_OUTER_BOUND ( 'NONE', #9774, .T. ) ;
#9316 = DIRECTION ( 'NONE',  ( 0.0000000000000000000, 0.0000000000000000000, -1.000000000000000000 ) ) ;
#9317 = DIRECTION ( 'NONE',  ( -0.0000000000000000000, -0.0000000000000000000, 1.000000000000000000 ) ) ;
#9318 = ORIENTED_EDGE ( 'NONE', *, *, #906, .T. ) ;
#9319 = ADVANCED_FACE ( 'NONE', ( #7245 ), #9933, .F. ) ;
#9320 = EDGE_CURVE ( 'NONE', #7752, #4154, #8775, .T. ) ;
#9321 = AXIS2_PLACEMENT_3D ( 'NONE', #4884, #2470, #3295 ) ;
#9322 = CARTESIAN_POINT ( 'NONE',  ( -16.37347056589062078, -3.332913599169343488, -15.71389688323459488 ) ) ;
#9323 = ORIENTED_EDGE ( 'NONE', *, *, #7834, .F. ) ;
#9324 = CARTESIAN_POINT ( 'NONE',  ( 4.581856103565390193, 21.85416681768559144, 2.229881305060044561 ) ) ;
#9325 = DIRECTION ( 'NONE',  ( -0.0000000000000000000, 0.0000000000000000000, 1.000000000000000000 ) ) ;
#9326 = SURFACE_STYLE_FILL_AREA ( #9336 ) ;
#9327 = EDGE_LOOP ( 'NONE', ( #2193, #10631, #7286, #1061 ) ) ;
#9328 = ORIENTED_EDGE ( 'NONE', *, *, #3079, .T. ) ;
#9329 = VECTOR ( 'NONE', #5648, 1000.000000000000000 ) ;
#9330 = VERTEX_POINT ( 'NONE', #36 ) ;
#9331 = DIRECTION ( 'NONE',  ( -1.347358039593636966E-16, 0.0000000000000000000, 1.000000000000000000 ) ) ;
#9332 = EDGE_CURVE ( 'NONE', #10415, #10099, #3352, .T. ) ;
#9333 = DIRECTION ( 'NONE',  ( 1.000000000000000000, 0.0000000000000000000, 0.0000000000000000000 ) ) ;
#9334 = CARTESIAN_POINT ( 'NONE',  ( -46.30940107675852602, -10.00000000000000178, 17.00000000000000000 ) ) ;
#9335 = ORIENTED_EDGE ( 'NONE', *, *, #2783, .T. ) ;
#9336 = FILL_AREA_STYLE ('',( #3494 ) ) ;
#9337 = AXIS2_PLACEMENT_3D ( 'NONE', #4697, #10522, #608 ) ;
#9338 = ORIENTED_EDGE ( 'NONE', *, *, #5411, .T. ) ;
#9339 = ORIENTED_EDGE ( 'NONE', *, *, #1334, .T. ) ;
#9340 = ORIENTED_EDGE ( 'NONE', *, *, #8566, .T. ) ;
#9341 = CARTESIAN_POINT ( 'NONE',  ( -30.00000000000000355, -5.000000000000000000, -10.99999999999999822 ) ) ;
#9342 = CARTESIAN_POINT ( 'NONE',  ( 0.0000000000000000000, 0.0000000000000000000, 28.00000000000000000 ) ) ;
#9343 = ORIENTED_EDGE ( 'NONE', *, *, #2709, .F. ) ;
#9344 = EDGE_CURVE ( 'NONE', #6834, #5877, #3377, .T. ) ;
#9345 = CARTESIAN_POINT ( 'NONE',  ( -23.24006932574168616, -1.734723475976807094E-15, -6.572058744995965540 ) ) ;
#9346 = CARTESIAN_POINT ( 'NONE',  ( -10.87429343649304947, -0.1063127646763874501, 16.78945876355459532 ) ) ;
#9347 = VECTOR ( 'NONE', #6323, 1000.000000000000227 ) ;
#9348 = CARTESIAN_POINT ( 'NONE',  ( -28.86363071580634099, -33.48353000371893273, -13.99999999999999822 ) ) ;
#9349 = ORIENTED_EDGE ( 'NONE', *, *, #3537, .F. ) ;
#9350 = ORIENTED_EDGE ( 'NONE', *, *, #1663, .F. ) ;
#9351 = EDGE_LOOP ( 'NONE', ( #2076, #8064, #1639, #4272, #1793, #6072 ) ) ;
#9352 = PRODUCT_RELATED_PRODUCT_CATEGORY ( 'part', '', ( #7626 ) ) ;
#9353 = CARTESIAN_POINT ( 'NONE',  ( 2.652150633434406934, 20.84495847385398548, 1.988885285872430408 ) ) ;
#9354 = EDGE_CURVE ( 'NONE', #6856, #4652, #9066, .T. ) ;
#9355 = ORIENTED_EDGE ( 'NONE', *, *, #2221, .F. ) ;
#9356 = CYLINDRICAL_SURFACE ( 'NONE', #2402, 2.499999999999998668 ) ;
#9357 = ORIENTED_EDGE ( 'NONE', *, *, #9801, .T. ) ;
#9358 = CARTESIAN_POINT ( 'NONE',  ( -10.99673068539573428, 0.02669841787742653280, -16.70900181932063333 ) ) ;
#9359 = ORIENTED_EDGE ( 'NONE', *, *, #140, .F. ) ;
#9360 = CARTESIAN_POINT ( 'NONE',  ( 26.00299169246556019, 0.0000000000000000000, 28.00000000000000000 ) ) ;
#9361 = VECTOR ( 'NONE', #2032, 1000.000000000000000 ) ;
#9362 = ORIENTED_EDGE ( 'NONE', *, *, #5019, .T. ) ;
#9363 = FACE_OUTER_BOUND ( 'NONE', #2839, .T. ) ;
#9364 = EDGE_LOOP ( 'NONE', ( #4384, #2203, #6488, #2341 ) ) ;
#9365 = EDGE_CURVE ( 'NONE', #8700, #570, #2583, .T. ) ;
#9366 = CARTESIAN_POINT ( 'NONE',  ( -18.06039371099786095, -35.00000000000000000, -14.00000000000000000 ) ) ;
#9367 = AXIS2_PLACEMENT_3D ( 'NONE', #2226, #1455, #2265 ) ;
#9368 = LINE ( 'NONE', #10274, #7027 ) ;
#9369 = CARTESIAN_POINT ( 'NONE',  ( 0.0000000000000000000, 0.0000000000000000000, 0.0000000000000000000 ) ) ;
#9370 = CARTESIAN_POINT ( 'NONE',  ( -28.06039371099786095, -25.00000000000000000, -13.99999999999999645 ) ) ;
#9371 = ADVANCED_FACE ( 'NONE', ( #4777 ), #5928, .T. ) ;
#9372 = ORIENTED_EDGE ( 'NONE', *, *, #8725, .F. ) ;
#9373 = CARTESIAN_POINT ( 'NONE',  ( 0.1739375980333487948, -3.358985280702904586, -4.182066831946574581 ) ) ;
#9374 = ORIENTED_EDGE ( 'NONE', *, *, #4855, .F. ) ;
#9375 = ORIENTED_EDGE ( 'NONE', *, *, #195, .F. ) ;
#9376 = ORIENTED_EDGE ( 'NONE', *, *, #9866, .F. ) ;
#9377 = VECTOR ( 'NONE', #712, 999.9999999999998863 ) ;
#9378 = CARTESIAN_POINT ( 'NONE',  ( -22.31251910332673205, 1.734723475976807094E-15, -9.287199643636805391 ) ) ;
#9379 = DIRECTION ( 'NONE',  ( 0.0000000000000000000, 1.000000000000000000, 0.0000000000000000000 ) ) ;
#9380 = CARTESIAN_POINT ( 'NONE',  ( -48.25027341332628339, -7.497842460810316467, 16.50000000000000000 ) ) ;
#9381 = DIRECTION ( 'NONE',  ( 0.0000000000000000000, 0.0000000000000000000, -1.000000000000000000 ) ) ;
#9382 = EDGE_CURVE ( 'NONE', #6901, #8149, #3115, .T. ) ;
#9383 = EDGE_CURVE ( 'NONE', #5182, #8550, #5421, .T. ) ;
#9384 = AXIS2_PLACEMENT_3D ( 'NONE', #6674, #7538, #8494 ) ;
#9385 = DIRECTION ( 'NONE',  ( 0.3660362354902202409, -0.9306005987039488447, 0.0000000000000000000 ) ) ;
#9386 = ORIENTED_EDGE ( 'NONE', *, *, #10448, .F. ) ;
#9387 = DIRECTION ( 'NONE',  ( 0.0000000000000000000, 0.0000000000000000000, -1.000000000000000000 ) ) ;
#9388 = CLOSED_SHELL ( 'NONE', ( #1526, #896, #2682, #5886, #736, #566, #6912, #10057, #9819, #2251, #1600, #8688, #10157, #2533, #5615, #6661, #2818, #7240, #5781, #8212, #6380, #10502, #2534, #231, #10556, #1138, #8169, #5017, #3228, #4806, #9477, #1082, #2407, #4155, #988, #6808, #3272, #1904, #7569, #7519, #8943, #3498, #9867, #7461, #26, #2927, #945, #7812, #2580, #3331, #782, #8223, #6146, #1962, #847, #4791, #9528, #8479, #8330, #1598, #8375, #8376, #6961, #390, #1492, #1364, #4734, #8739, #1480, #4970, #8155 ) ) ;
#9389 = CARTESIAN_POINT ( 'NONE',  ( -15.39059467735176412, -1.067628761807005278, -14.15758122421187792 ) ) ;
#9390 = LINE ( 'NONE', #3918, #1072 ) ;
#9391 = CARTESIAN_POINT ( 'NONE',  ( -10.63775292768127301, -0.7968836083268614479, -16.93683759692154212 ) ) ;
#9392 = VECTOR ( 'NONE', #8786, 1000.000000000000000 ) ;
#9393 = EDGE_CURVE ( 'NONE', #10415, #9501, #1007, .T. ) ;
#9394 = AXIS2_PLACEMENT_3D ( 'NONE', #1, #6645, #5873 ) ;
#9395 = ORIENTED_EDGE ( 'NONE', *, *, #6046, .F. ) ;
#9396 = AXIS2_PLACEMENT_3D ( 'NONE', #54, #860, #8268 ) ;
#9397 = CARTESIAN_POINT ( 'NONE',  ( -10.07309173332797414, -3.217899229322673360, 17.27923286541216541 ) ) ;
#9398 = CARTESIAN_POINT ( 'NONE',  ( 0.0000000000000000000, 3.673940397442059375E-16, -2.999999999999999556 ) ) ;
#9399 = CARTESIAN_POINT ( 'NONE',  ( 0.0000000000000000000, 0.0000000000000000000, -6.099999999999999645 ) ) ;
#9400 = FACE_OUTER_BOUND ( 'NONE', #8784, .T. ) ;
#9401 =( LENGTH_UNIT ( ) NAMED_UNIT ( * ) SI_UNIT ( .MILLI., .METRE. ) );
#9402 = CARTESIAN_POINT ( 'NONE',  ( 1.272237003207508765, 4.000000000000000000, 5.897976642302152683 ) ) ;
#9403 = CARTESIAN_POINT ( 'NONE',  ( 2.735608441625766662, 20.81213173596538368, 26.03315909524518901 ) ) ;
#9404 = ORIENTED_EDGE ( 'NONE', *, *, #1516, .T. ) ;
#9405 = PLANE ( 'NONE',  #5748 ) ;
#9406 = CARTESIAN_POINT ( 'NONE',  ( -12.53149838861743248, -34.92348798544978195, 16.27572730631701248 ) ) ;
#9407 = MECHANICAL_DESIGN_GEOMETRIC_PRESENTATION_REPRESENTATION (  '', ( #6644 ), #9969 ) ;
#9408 = CARTESIAN_POINT ( 'NONE',  ( -22.97928829399995720, 1.734723475976807094E-15, 7.481913416835726416 ) ) ;
#9409 = CARTESIAN_POINT ( 'NONE',  ( -13.31929470851148167, -1.866574207947401698, 15.19629064638267124 ) ) ;
#9410 = CARTESIAN_POINT ( 'NONE',  ( -46.30940107675852602, -10.00000000000000178, 17.00000000000000000 ) ) ;
#9411 = CARTESIAN_POINT ( 'NONE',  ( -1.778091562876227272E-14, -5.773502691896262640, -0.4465819873852080457 ) ) ;
#9412 = AXIS2_PLACEMENT_3D ( 'NONE', #10256, #1429, #8816 ) ;
#9413 = DIRECTION ( 'NONE',  ( -1.000000000000000000, -0.0000000000000000000, -0.0000000000000000000 ) ) ;
#9414 = CIRCLE ( 'NONE', #6792, 2.849999999999999201 ) ;
#9415 = LINE ( 'NONE', #3452, #5521 ) ;
#9416 = CYLINDRICAL_SURFACE ( 'NONE', #3027, 0.9999999999999997780 ) ;
#9417 = VERTEX_POINT ( 'NONE', #2610 ) ;
#9418 = DIRECTION ( 'NONE',  ( -0.0000000000000000000, -1.000000000000000000, -0.0000000000000000000 ) ) ;
#9419 = ADVANCED_FACE ( 'NONE', ( #1792 ), #10325, .T. ) ;
#9420 = CARTESIAN_POINT ( 'NONE',  ( -10.91801812633017654, 0.001960135393909084173, -16.76087112228874432 ) ) ;
#9421 = FACE_OUTER_BOUND ( 'NONE', #2061, .T. ) ;
#9422 = CARTESIAN_POINT ( 'NONE',  ( 1.000000000000000000, 22.03209181533656746, 3.000000000000006217 ) ) ;
#9423 = DIRECTION ( 'NONE',  ( 0.0000000000000000000, 0.0000000000000000000, -1.000000000000000000 ) ) ;
#9424 = LINE ( 'NONE', #10036, #10065 ) ;
#9425 = VECTOR ( 'NONE', #5745, 1000.000000000000000 ) ;
#9426 = EDGE_CURVE ( 'NONE', #10596, #4557, #3953, .T. ) ;
#9427 = ORIENTED_EDGE ( 'NONE', *, *, #5755, .F. ) ;
#9428 = AXIS2_PLACEMENT_3D ( 'NONE', #1608, #8233, #6652 ) ;
#9429 = CARTESIAN_POINT ( 'NONE',  ( -9.977753031397176287, -5.000000000000002665, 17.33333333333333215 ) ) ;
#9430 = CARTESIAN_POINT ( 'NONE',  ( 2.480228988863469652, 21.45055613879291556, 25.99999999999999645 ) ) ;
#9431 = ITEM_DEFINED_TRANSFORMATION ( 'NONE', 'NONE', #5243,  #8615 ) ;
#9432 = LINE ( 'NONE', #1980, #9313 ) ;
#9433 = FACE_OUTER_BOUND ( 'NONE', #5473, .T. ) ;
#9434 = DIRECTION ( 'NONE',  ( 0.9306005987039488447, -0.3660362354902201298, -0.0000000000000000000 ) ) ;
#9435 = DIRECTION ( 'NONE',  ( -0.0000000000000000000, -0.0000000000000000000, 1.000000000000000000 ) ) ;
#9436 = DIRECTION ( 'NONE',  ( -7.709882115452483097E-16, -1.000000000000000000, -0.0000000000000000000 ) ) ;
#9437 = EDGE_CURVE ( 'NONE', #5029, #4750, #5162, .T. ) ;
#9438 = EDGE_CURVE ( 'NONE', #7389, #4750, #7860, .T. ) ;
#9439 = ORIENTED_EDGE ( 'NONE', *, *, #3124, .F. ) ;
#9440 = AXIS2_PLACEMENT_3D ( 'NONE', #5490, #2237, #8656 ) ;
#9441 = CIRCLE ( 'NONE', #4482, 8.000000000000000000 ) ;
#9442 = ORIENTED_EDGE ( 'NONE', *, *, #10184, .T. ) ;
#9443 = CIRCLE ( 'NONE', #4194, 5.000000000000000888 ) ;
#9444 = CARTESIAN_POINT ( 'NONE',  ( -22.81037280695860758, 1.734723475976807094E-15, -7.940138612729536582 ) ) ;
#9445 = CARTESIAN_POINT ( 'NONE',  ( -16.32733734409000803, -3.361601076667036114, 15.72395030646750058 ) ) ;
#9446 = CARTESIAN_POINT ( 'NONE',  ( 18.97613226645720275, 0.0000000000000000000, 26.50000000000000000 ) ) ;
#9447 = CARTESIAN_POINT ( 'NONE',  ( 10.04704957030942580, 19.11813772300486747, 26.50000000000000000 ) ) ;
#9448 = ORIENTED_EDGE ( 'NONE', *, *, #119, .T. ) ;
#9449 = DIRECTION ( 'NONE',  ( -1.000000000000000000, 0.0000000000000000000, -0.0000000000000000000 ) ) ;
#9450 = ORIENTED_EDGE ( 'NONE', *, *, #10561, .F. ) ;
#9451 = CARTESIAN_POINT ( 'NONE',  ( 3.573299531699169140, 22.13562224982244331, 2.836057481890402521 ) ) ;
#9452 = ORIENTED_EDGE ( 'NONE', *, *, #3472, .T. ) ;
#9453 = DIRECTION ( 'NONE',  ( -1.224646799147353454E-16, 0.0000000000000000000, -1.000000000000000000 ) ) ;
#9454 = ORIENTED_EDGE ( 'NONE', *, *, #7093, .T. ) ;
#9455 = LINE ( 'NONE', #6530, #4636 ) ;
#9456 = AXIS2_PLACEMENT_3D ( 'NONE', #4890, #4058, #10679 ) ;
#9457 = CARTESIAN_POINT ( 'NONE',  ( 4.138023886105525406, 4.000000000000000000, -4.354715601472606501 ) ) ;
#9458 =( GEOMETRIC_REPRESENTATION_CONTEXT ( 3 ) GLOBAL_UNCERTAINTY_ASSIGNED_CONTEXT ( ( #2260 ) ) GLOBAL_UNIT_ASSIGNED_CONTEXT ( ( #9473, #4566, #8643 ) ) REPRESENTATION_CONTEXT ( 'NONE', 'WORKASPACE' ) );
#9459 = EDGE_LOOP ( 'NONE', ( #8435, #943 ) ) ;
#9460 = ORIENTED_EDGE ( 'NONE', *, *, #4572, .F. ) ;
#9461 = DIRECTION ( 'NONE',  ( 0.0000000000000000000, 0.9044663096935984248, 0.4265450675242224987 ) ) ;
#9462 = DIRECTION ( 'NONE',  ( -0.0000000000000000000, -1.000000000000000000, -0.0000000000000000000 ) ) ;
#9463 =( LENGTH_UNIT ( ) NAMED_UNIT ( * ) SI_UNIT ( .MILLI., .METRE. ) );
#9464 = ORIENTED_EDGE ( 'NONE', *, *, #5762, .T. ) ;
#9465 = PRESENTATION_STYLE_ASSIGNMENT (( #7553 ) ) ;
#9466 = VERTEX_POINT ( 'NONE', #67 ) ;
#9467 = ORIENTED_EDGE ( 'NONE', *, *, #3805, .T. ) ;
#9468 = ORIENTED_EDGE ( 'NONE', *, *, #2943, .F. ) ;
#9469 = EDGE_LOOP ( 'NONE', ( #8029, #10646, #10726, #6987 ) ) ;
#9470 = EDGE_CURVE ( 'NONE', #5827, #317, #4376, .T. ) ;
#9471 = CARTESIAN_POINT ( 'NONE',  ( -4.367397160565806402, 3.999999999999999112, 4.162998621302080871 ) ) ;
#9472 = CARTESIAN_POINT ( 'NONE',  ( 0.0000000000000000000, 0.7367339822379570524, -15.77347793950660204 ) ) ;
#9473 =( LENGTH_UNIT ( ) NAMED_UNIT ( * ) SI_UNIT ( .MILLI., .METRE. ) );
#9474 = ORIENTED_EDGE ( 'NONE', *, *, #48, .F. ) ;
#9475 = DIRECTION ( 'NONE',  ( -1.000000000000000000, -1.387778780781445922E-16, 1.347358039593636966E-16 ) ) ;
#9476 = PLANE ( 'NONE',  #2880 ) ;
#9477 = ADVANCED_FACE ( 'NONE', ( #4126 ), #3546, .T. ) ;
#9478 = LINE ( 'NONE', #2884, #7274 ) ;
#9479 = ORIENTED_EDGE ( 'NONE', *, *, #7429, .F. ) ;
#9480 = VERTEX_POINT ( 'NONE', #9139 ) ;
#9481 = LINE ( 'NONE', #3796, #1703 ) ;
#9482 = ORIENTED_EDGE ( 'NONE', *, *, #4731, .T. ) ;
#9483 = EDGE_CURVE ( 'NONE', #3138, #4147, #6326, .T. ) ;
#9484 = CARTESIAN_POINT ( 'NONE',  ( -23.25424036723561372, -1.734723475976807094E-15, 6.572839173604853258 ) ) ;
#9485 = CARTESIAN_POINT ( 'NONE',  ( -10.90107310032122534, -0.03115142797564116051, 16.77205961684942537 ) ) ;
#9486 = CARTESIAN_POINT ( 'NONE',  ( -24.04661968155724594, 2.209485493676214030E-46, 2.226011359547446666 ) ) ;
#9487 = VERTEX_POINT ( 'NONE', #7692 ) ;
#9488 = CARTESIAN_POINT ( 'NONE',  ( -31.74999999999995737, 0.0000000000000000000, 0.0000000000000000000 ) ) ;
#9489 = CYLINDRICAL_SURFACE ( 'NONE', #5025, 2.999999999999992450 ) ;
#9490 = ORIENTED_EDGE ( 'NONE', *, *, #7118, .F. ) ;
#9491 = AXIS2_PLACEMENT_3D ( 'NONE', #10278, #5333, #8607 ) ;
#9492 = FACE_OUTER_BOUND ( 'NONE', #756, .T. ) ;
#9493 = CARTESIAN_POINT ( 'NONE',  ( 39.26439155837419293, 20.47850743234435811, 28.00000000000000000 ) ) ;
#9494 = CARTESIAN_POINT ( 'NONE',  ( -9.977753031397178063, -34.18083139256186342, 17.33333333333333570 ) ) ;
#9495 = UNCERTAINTY_MEASURE_WITH_UNIT (LENGTH_MEASURE( 1.000000000000000082E-05 ), #5785, 'distance_accuracy_value', 'NONE');
#9496 = CARTESIAN_POINT ( 'NONE',  ( -48.57583265857833510, -5.819069231174260892, -16.00000000000000000 ) ) ;
#9497 = ORIENTED_EDGE ( 'NONE', *, *, #10420, .T. ) ;
#9498 = CARTESIAN_POINT ( 'NONE',  ( 5.000000000000002665, -2.886751345948133540, -5.653418012614791266 ) ) ;
#9499 = DIRECTION ( 'NONE',  ( -0.3660362354902173543, 0.9306005987039501770, 0.0000000000000000000 ) ) ;
#9500 = ORIENTED_EDGE ( 'NONE', *, *, #8746, .F. ) ;
#9501 = VERTEX_POINT ( 'NONE', #6872 ) ;
#9502 = CIRCLE ( 'NONE', #6737, 2.500000000000000000 ) ;
#9503 = CARTESIAN_POINT ( 'NONE',  ( -14.96662954709576354, -5.000000000000000888, 16.00000000000000000 ) ) ;
#9504 = CARTESIAN_POINT ( 'NONE',  ( -6.011333850246983523, 4.000000000000000888, -0.5182478364219966771 ) ) ;
#9505 = EDGE_CURVE ( 'NONE', #1149, #10609, #1907, .T. ) ;
#9506 = CARTESIAN_POINT ( 'NONE',  ( -20.18188111752047931, -0.1072055000866595775, 12.06468735527997893 ) ) ;
#9507 = VERTEX_POINT ( 'NONE', #6930 ) ;
#9508 = CARTESIAN_POINT ( 'NONE',  ( 6.236950792346589363E-21, -5.303003746295109622, 9.618145774959069165E-21 ) ) ;
#9509 = DIRECTION ( 'NONE',  ( 0.0000000000000000000, 0.0000000000000000000, 1.000000000000000000 ) ) ;
#9510 = CARTESIAN_POINT ( 'NONE',  ( -33.38960144910041805, -3.685066281102414631, 15.82573711549564344 ) ) ;
#9511 = ORIENTED_EDGE ( 'NONE', *, *, #10045, .F. ) ;
#9512 = DIRECTION ( 'NONE',  ( -1.000000000000000000, 0.0000000000000000000, 0.0000000000000000000 ) ) ;
#9513 = CARTESIAN_POINT ( 'NONE',  ( 8.610318235031920509, 19.11813772300486747, 0.0000000000000000000 ) ) ;
#9514 = CIRCLE ( 'NONE', #6678, 2.999999999999992450 ) ;
#9515 = CARTESIAN_POINT ( 'NONE',  ( 0.0000000000000000000, 4.633235910246737532, -7.806255641895631925E-15 ) ) ;
#9516 = EDGE_CURVE ( 'NONE', #10324, #7992, #2176, .T. ) ;
#9517 = CARTESIAN_POINT ( 'NONE',  ( 6.651350249290356231, 20.11813772300487102, 27.00000000000000000 ) ) ;
#9518 = CARTESIAN_POINT ( 'NONE',  ( 0.0000000000000000000, 0.0000000000000000000, 0.0000000000000000000 ) ) ;
#9519 = CARTESIAN_POINT ( 'NONE',  ( -13.84931358459910555, -1.698654767979403513, 14.98662930389920511 ) ) ;
#9520 = ORIENTED_EDGE ( 'NONE', *, *, #3769, .T. ) ;
#9521 = PLANE ( 'NONE',  #2664 ) ;
#9522 = EDGE_CURVE ( 'NONE', #552, #1270, #10452, .T. ) ;
#9523 = AXIS2_PLACEMENT_3D ( 'NONE', #7091, #4664, #8905 ) ;
#9524 = LINE ( 'NONE', #9284, #2125 ) ;
#9525 = DIRECTION ( 'NONE',  ( -0.0000000000000000000, -0.0000000000000000000, 1.000000000000000000 ) ) ;
#9526 = DIRECTION ( 'NONE',  ( 1.000000000000000000, 0.0000000000000000000, 0.0000000000000000000 ) ) ;
#9527 = PLANE ( 'NONE',  #6522 ) ;
#9528 = ADVANCED_FACE ( 'NONE', ( #4365 ), #1654, .T. ) ;
#9529 = VERTEX_POINT ( 'NONE', #1127 ) ;
#9530 = CARTESIAN_POINT ( 'NONE',  ( 2.959716367706852314, 21.13483465857348520, 1.877548775584531482 ) ) ;
#9531 = CARTESIAN_POINT ( 'NONE',  ( 14.20419899880919168, 2.452046392830443899, -14.07979867761707382 ) ) ;
#9532 = CARTESIAN_POINT ( 'NONE',  ( 1.443735181952766844, -4.939961795957306556, -0.08165819712377651862 ) ) ;
#9533 = CARTESIAN_POINT ( 'NONE',  ( -1.212622235634273713E-15, -2.000000000000000000, 9.000000000000003553 ) ) ;
#9534 = CARTESIAN_POINT ( 'NONE',  ( 41.99999999999999289, 22.03209181533656391, 25.00000000000000000 ) ) ;
#9535 = B_SPLINE_SURFACE_WITH_KNOTS ( 'NONE', 3, 3, ( 
 ( #9116, #917, #4140, #6619 ),
 ( #820, #5003, #9224, #9944 ),
 ( #6649, #885, #4974, #950 ),
 ( #9, #6703, #1638, #3447 ),
 ( #5802, #2621, #6676, #853 ),
 ( #9978, #8399, #1677, #2520 ),
 ( #1748, #7502, #8298, #7540 ),
 ( #8335, #10038, #3336, #9148 ),
 ( #4181, #3372, #2585, #8363 ),
 ( #3413, #3480, #7638, #4312 ),
 ( #5975, #5931, #8443, #8468 ),
 ( #1011, #2654, #9285, #10102 ),
 ( #6813, #973, #6784, #5147 ),
 ( #181, #1841, #2686, #1812 ),
 ( #7603, #9239, #6829, #228 ),
 ( #7583, #4322, #1760, #4253 ),
 ( #2634, #987, #2697, #5195 ),
 ( #6056, #164, #1826, #3460 ) ),
 .UNSPECIFIED., .T., .F., .F.,
 ( 4, 1, 1, 1, 1, 2, 2, 2, 1, 1, 1, 1, 4 ),
 ( 4, 4 ),
 ( 0.0000000000000000000, 0.01249999999999995559, 0.02499999999999991118, 0.03750000000000008882, 0.05000000000000004441, 0.2500000000000000555, 0.5000000000000001110, 0.7500000000000001110, 0.9500000000000000666, 0.9625000000000000222, 0.9749999999999999778, 0.9875000000000000444, 1.000000000000000000 ),
 ( 0.0000000000000000000, 1.000000000000000000 ),
 .UNSPECIFIED. ) ;
#9536 = EDGE_CURVE ( 'NONE', #3396, #3511, #8764, .T. ) ;
#9537 = AXIS2_PLACEMENT_3D ( 'NONE', #7951, #8868, #8828 ) ;
#9538 = AXIS2_PLACEMENT_3D ( 'NONE', #8427, #4204, #5919 ) ;
#9539 = CARTESIAN_POINT ( 'NONE',  ( -52.30940107675851891, -10.19999999999999929, -20.00000000000000355 ) ) ;
#9540 = DIRECTION ( 'NONE',  ( 0.0000000000000000000, 0.0000000000000000000, 1.000000000000000000 ) ) ;
#9541 = CONICAL_SURFACE ( 'NONE', #197, 2.449999999999999734, 0.9599310885968848073 ) ;
#9542 = CARTESIAN_POINT ( 'NONE',  ( -17.46287512965531619, -2.595436371912306583, 15.41345882267398792 ) ) ;
#9543 = ORIENTED_EDGE ( 'NONE', *, *, #5477, .F. ) ;
#9544 = DIRECTION ( 'NONE',  ( 1.000000000000000000, -1.347358039593636966E-16, 1.347358039593636966E-16 ) ) ;
#9545 = CARTESIAN_POINT ( 'NONE',  ( 0.0000000000000000000, 0.0000000000000000000, 5.000000000000000000 ) ) ;
#9546 = DIRECTION ( 'NONE',  ( -0.8775487755845257087, -0.0000000000000000000, 0.4794873788433848816 ) ) ;
#9547 = EDGE_CURVE ( 'NONE', #2436, #4644, #10441, .T. ) ;
#9548 = CARTESIAN_POINT ( 'NONE',  ( 0.0000000000000000000, 21.73000000000000043, 0.0000000000000000000 ) ) ;
#9549 = CONICAL_SURFACE ( 'NONE', #1022, 5.000000000000000000, 1.047197551196600296 ) ;
#9550 = CIRCLE ( 'NONE', #6069, 19.65446324363314545 ) ;
#9551 = UNCERTAINTY_MEASURE_WITH_UNIT (LENGTH_MEASURE( 1.000000000000000082E-05 ), #6793, 'distance_accuracy_value', 'NONE');
#9552 = LINE ( 'NONE', #3820, #2424 ) ;
#9553 = AXIS2_PLACEMENT_3D ( 'NONE', #6629, #3206, #4837 ) ;
#9554 = ORIENTED_EDGE ( 'NONE', *, *, #4721, .F. ) ;
#9555 = CARTESIAN_POINT ( 'NONE',  ( 5.000000000000000000, 2.886751345948125991, -6.099999999999999645 ) ) ;
#9556 = CARTESIAN_POINT ( 'NONE',  ( -16.50191113120494535, -0.4333091686424853650, 13.09774941724785613 ) ) ;
#9557 = CARTESIAN_POINT ( 'NONE',  ( -5.000000000000000000, 2.419979747126320024, -0.3118366332702834365 ) ) ;
#9558 = AXIS2_PLACEMENT_3D ( 'NONE', #2163, #9649, #2989 ) ;
#9559 = CARTESIAN_POINT ( 'NONE',  ( 3.992251427744041070, 20.34925839347649656, 1.313377822042539167 ) ) ;
#9560 = ITEM_DEFINED_TRANSFORMATION ( 'NONE', 'NONE', #4467,  #8615 ) ;
#9561 = VECTOR ( 'NONE', #4103, 1000.000000000000000 ) ;
#9562 = CONICAL_SURFACE ( 'NONE', #9695, 5.000000000000000000, 1.047197551196600296 ) ;
#9563 = CARTESIAN_POINT ( 'NONE',  ( -48.18131810714682217, -7.444355242628752478, -16.50000000000000000 ) ) ;
#9564 = CARTESIAN_POINT ( 'NONE',  ( -7.606549360614446975, 0.0000000000000000000, -18.91976009022992145 ) ) ;
#9565 = ORIENTED_EDGE ( 'NONE', *, *, #5634, .F. ) ;
#9566 = DIRECTION ( 'NONE',  ( 1.000000000000000000, 0.0000000000000000000, 1.347358039593636966E-16 ) ) ;
#9567 = DIRECTION ( 'NONE',  ( 0.0000000000000000000, 1.000000000000000000, 0.0000000000000000000 ) ) ;
#9568 = DIRECTION ( 'NONE',  ( -0.0000000000000000000, 0.5000000000000013323, 0.8660254037844379305 ) ) ;
#9569 = DIRECTION ( 'NONE',  ( 0.0000000000000000000, 0.0000000000000000000, -1.000000000000000000 ) ) ;
#9570 = B_SPLINE_CURVE_WITH_KNOTS ( 'NONE', 3,
 ( #5673, #3169, #2388, #7225 ),
 .UNSPECIFIED., .F., .F.,
 ( 4, 4 ),
 ( 2.380735200892057487E-07, 0.002921158011986708155 ),
 .UNSPECIFIED. ) ;
#9571 = CIRCLE ( 'NONE', #9652, 14.50000000000000533 ) ;
#9572 = EDGE_CURVE ( 'NONE', #5524, #775, #5068, .T. ) ;
#9573 = EDGE_LOOP ( 'NONE', ( #8455, #4278, #2483, #2811 ) ) ;
#9574 = AXIS2_PLACEMENT_3D ( 'NONE', #6677, #10722, #5768 ) ;
#9575 = ORIENTED_EDGE ( 'NONE', *, *, #8497, .T. ) ;
#9576 = DIRECTION ( 'NONE',  ( -0.0000000000000000000, -1.000000000000000000, -0.0000000000000000000 ) ) ;
#9577 = DIRECTION ( 'NONE',  ( -1.000000000000000000, -0.0000000000000000000, -0.0000000000000000000 ) ) ;
#9578 = LINE ( 'NONE', #10407, #8639 ) ;
#9579 = ORIENTED_EDGE ( 'NONE', *, *, #636, .T. ) ;
#9580 = SURFACE_SIDE_STYLE ('',( #8821 ) ) ;
#9581 = ORIENTED_EDGE ( 'NONE', *, *, #2792, .F. ) ;
#9582 = DIRECTION ( 'NONE',  ( 1.000000000000000000, 0.0000000000000000000, 0.0000000000000000000 ) ) ;
#9583 = VERTEX_POINT ( 'NONE', #3645 ) ;
#9584 = CARTESIAN_POINT ( 'NONE',  ( 0.0000000000000000000, 0.0000000000000000000, 0.0000000000000000000 ) ) ;
#9585 = CARTESIAN_POINT ( 'NONE',  ( -23.15503680021600985, 6.186334006543803569E-05, 6.706968573337197093 ) ) ;
#9586 = ADVANCED_FACE ( 'NONE', ( #4116, #10181 ), #10154, .F. ) ;
#9587 = VERTEX_POINT ( 'NONE', #9447 ) ;
#9588 = ORIENTED_EDGE ( 'NONE', *, *, #2077, .F. ) ;
#9589 = EDGE_CURVE ( 'NONE', #10005, #934, #218, .T. ) ;
#9590 = AXIS2_PLACEMENT_3D ( 'NONE', #5225, #220, #9333 ) ;
#9591 = ORIENTED_EDGE ( 'NONE', *, *, #5583, .T. ) ;
#9592 = CARTESIAN_POINT ( 'NONE',  ( 0.0000000000000000000, 5.530177779975795183, 0.0000000000000000000 ) ) ;
#9593 = CARTESIAN_POINT ( 'NONE',  ( -16.91280938722868044, -0.2235967235576399870, 12.55739520864368330 ) ) ;
#9594 = CARTESIAN_POINT ( 'NONE',  ( 3.500000000000000000, -2.886751345948135317, -5.000000000000000888 ) ) ;
#9595 = CARTESIAN_POINT ( 'NONE',  ( -30.86602540378445525, -1.500000000000012657, -14.57071421427143676 ) ) ;
#9596 = EDGE_LOOP ( 'NONE', ( #3412, #8009, #2467, #8203 ) ) ;
#9597 = CARTESIAN_POINT ( 'NONE',  ( -46.30940107675852602, -4.000000000000001776, -20.00000000000000355 ) ) ;
#9598 = CARTESIAN_POINT ( 'NONE',  ( -18.03293822417577985, 1.458029678923793648, 5.865935699996524200 ) ) ;
#9599 = ORIENTED_EDGE ( 'NONE', *, *, #5699, .T. ) ;
#9600 = ORIENTED_EDGE ( 'NONE', *, *, #9662, .T. ) ;
#9601 = EDGE_CURVE ( 'NONE', #2816, #639, #8500, .T. ) ;
#9602 = CARTESIAN_POINT ( 'NONE',  ( 0.0000000000000000000, 0.0000000000000000000, 5.000000000000000000 ) ) ;
#9603 =( NAMED_UNIT ( * ) PLANE_ANGLE_UNIT ( ) SI_UNIT ( $, .RADIAN. ) );
#9604 = CARTESIAN_POINT ( 'NONE',  ( -12.53025706033765019, -34.90612446208186270, -16.29476787041215857 ) ) ;
#9605 = ORIENTED_EDGE ( 'NONE', *, *, #6078, .F. ) ;
#9606 = VECTOR ( 'NONE', #4727, 1000.000000000000000 ) ;
#9607 = AXIS2_PLACEMENT_3D ( 'NONE', #3071, #5534, #8701 ) ;
#9608 = CARTESIAN_POINT ( 'NONE',  ( 2.997649208274341781, 22.32355240259876439, 1.939178625538082068 ) ) ;
#9609 = DIRECTION ( 'NONE',  ( 0.0000000000000000000, 0.0000000000000000000, 1.000000000000000000 ) ) ;
#9610 = ORIENTED_EDGE ( 'NONE', *, *, #336, .T. ) ;
#9611 = DIRECTION ( 'NONE',  ( 0.0000000000000000000, 0.0000000000000000000, -1.000000000000000000 ) ) ;
#9612 = EDGE_LOOP ( 'NONE', ( #9343, #4144, #8650, #3328 ) ) ;
#9613 = ORIENTED_EDGE ( 'NONE', *, *, #9354, .F. ) ;
#9614 = CARTESIAN_POINT ( 'NONE',  ( -3.346878500200761497, -3.841181488860388793, -0.05140428708383184414 ) ) ;
#9615 = ORIENTED_EDGE ( 'NONE', *, *, #7258, .F. ) ;
#9616 = EDGE_CURVE ( 'NONE', #3302, #800, #7994, .T. ) ;
#9617 = DIRECTION ( 'NONE',  ( -1.224646799147352961E-16, 0.0000000000000000000, -1.000000000000000000 ) ) ;
#9618 = FACE_BOUND ( 'NONE', #10703, .T. ) ;
#9619 = EDGE_LOOP ( 'NONE', ( #8792, #3894, #9843, #3395 ) ) ;
#9620 = VECTOR ( 'NONE', #6663, 1000.000000000000000 ) ;
#9621 = CARTESIAN_POINT ( 'NONE',  ( -14.98227419926837634, 1.241841652214366931, 12.16337313719925461 ) ) ;
#9622 = DIRECTION ( 'NONE',  ( -0.0000000000000000000, -0.0000000000000000000, 1.000000000000000000 ) ) ;
#9623 = CYLINDRICAL_SURFACE ( 'NONE', #351, 5.000000000000000000 ) ;
#9624 =( NAMED_UNIT ( * ) PLANE_ANGLE_UNIT ( ) SI_UNIT ( $, .RADIAN. ) );
#9625 = DIRECTION ( 'NONE',  ( 0.0000000000000000000, 0.0000000000000000000, -1.000000000000000000 ) ) ;
#9626 = CARTESIAN_POINT ( 'NONE',  ( -3.473416630936005500, 4.000000000000000000, -5.563595547230934635 ) ) ;
#9627 = DIRECTION ( 'NONE',  ( 1.347358039593636966E-16, -0.0000000000000000000, 1.000000000000000000 ) ) ;
#9628 = FILL_AREA_STYLE_COLOUR ( '', #3840 ) ;
#9629 = MECHANICAL_DESIGN_GEOMETRIC_PRESENTATION_REPRESENTATION (  '', ( #9070 ), #10711 ) ;
#9630 = CARTESIAN_POINT ( 'NONE',  ( 6.651350249290356231, 20.72999999999999687, 0.0000000000000000000 ) ) ;
#9631 = DIRECTION ( 'NONE',  ( -1.000000000000000000, 0.0000000000000000000, 1.347358039593636966E-16 ) ) ;
#9632 = CYLINDRICAL_SURFACE ( 'NONE', #353, 1.000000000000000888 ) ;
#9633 = ORIENTED_EDGE ( 'NONE', *, *, #3123, .T. ) ;
#9634 = ORIENTED_EDGE ( 'NONE', *, *, #5746, .F. ) ;
#9635 = FACE_OUTER_BOUND ( 'NONE', #6217, .T. ) ;
#9636 = FACE_OUTER_BOUND ( 'NONE', #7416, .T. ) ;
#9637 = DIRECTION ( 'NONE',  ( 0.5000000000000008882, 0.8660254037844381525, -0.0000000000000000000 ) ) ;
#9638 = CARTESIAN_POINT ( 'NONE',  ( -13.42479873744026975, -1.831542337775554641, 15.15536161822960182 ) ) ;
#9639 = CARTESIAN_POINT ( 'NONE',  ( 41.99999999999999289, 22.03209181533656391, 3.000000000000000000 ) ) ;
#9640 =( BOUNDED_SURFACE ( )  B_SPLINE_SURFACE ( 3, 2, ( 
 ( #9530, #1332, #544 ),
 ( #3036, #8670, #4550 ),
 ( #1286, #9608, #2094 ),
 ( #8708, #4614, #2907 ) ),
 .UNSPECIFIED., .F., .F., .F. ) 
 B_SPLINE_SURFACE_WITH_KNOTS ( ( 4, 4 ),
 ( 3, 3 ),
 ( -3.252606517456513302E-19, 0.001041844954852378042 ),
 ( 0.0000000000000000000, 1.000000000000000000 ),
 .UNSPECIFIED. ) 
 GEOMETRIC_REPRESENTATION_ITEM ( )  RATIONAL_B_SPLINE_SURFACE ( (
 ( 1.000000000000000000, 0.6599678889349540611, 1.000000000000000000),
 ( 1.000000000000000000, 0.6701567780876108715, 1.000000000000000000),
 ( 1.000000000000000000, 0.6862423387761491522, 1.000000000000000000),
 ( 1.000000000000000000, 0.7071067811865475727, 1.000000000000000000) ) ) 
 REPRESENTATION_ITEM ( '' )  SURFACE ( )  );
#9641 = DIRECTION ( 'NONE',  ( -1.000000000000000000, -0.0000000000000000000, -0.0000000000000000000 ) ) ;
#9642 = CARTESIAN_POINT ( 'NONE',  ( 0.0000000000000000000, 0.0000000000000000000, -14.88882382602189303 ) ) ;
#9643 = CARTESIAN_POINT ( 'NONE',  ( -12.79098287326973171, -2.802896603275386589, -15.62364972889626813 ) ) ;
#9644 = ORIENTED_EDGE ( 'NONE', *, *, #9760, .F. ) ;
#9645 = VERTEX_POINT ( 'NONE', #5961 ) ;
#9646 = DIRECTION ( 'NONE',  ( 1.000000000000000000, -0.0000000000000000000, 1.347358039593636966E-16 ) ) ;
#9647 = VERTEX_POINT ( 'NONE', #344 ) ;
#9648 = EDGE_LOOP ( 'NONE', ( #3742, #10349, #2153, #7421 ) ) ;
#9649 = DIRECTION ( 'NONE',  ( -0.0000000000000000000, -0.0000000000000000000, -1.000000000000000000 ) ) ;
#9650 = DIRECTION ( 'NONE',  ( -1.000000000000000000, 0.0000000000000000000, 0.0000000000000000000 ) ) ;
#9651 = EDGE_CURVE ( 'NONE', #6946, #7759, #137, .T. ) ;
#9652 = AXIS2_PLACEMENT_3D ( 'NONE', #5234, #271, #6058 ) ;
#9653 = CIRCLE ( 'NONE', #7983, 7.000000000000000000 ) ;
#9654 = ADVANCED_FACE ( 'NONE', ( #7117 ), #248, .T. ) ;
#9655 = CARTESIAN_POINT ( 'NONE',  ( 2.081899558550500280E-15, -0.9956277796461907581, 17.00000000000000000 ) ) ;
#9656 = CARTESIAN_POINT ( 'NONE',  ( 0.0000000000000000000, 20.72999999999999687, 28.00000000000000000 ) ) ;
#9657 = FILL_AREA_STYLE ('',( #506 ) ) ;
#9658 = B_SPLINE_CURVE_WITH_KNOTS ( 'NONE', 3,
 ( #9545, #4525, #10342, #7033, #8608, #2069 ),
 .UNSPECIFIED., .F., .F.,
 ( 4, 2, 4 ),
 ( 0.008261945092156348230, 0.009724140865920691962, 0.01118633663968503569 ),
 .UNSPECIFIED. ) ;
#9659 = CARTESIAN_POINT ( 'NONE',  ( 3.708000751093673220, 22.09803150779407588, 25.24490244883094547 ) ) ;
#9660 = VERTEX_POINT ( 'NONE', #6169 ) ;
#9661 = CARTESIAN_POINT ( 'NONE',  ( 4.182066831946706031, -3.358985280702829090, -0.1739375980333780214 ) ) ;
#9662 = EDGE_CURVE ( 'NONE', #2109, #4768, #508, .T. ) ;
#9663 = EDGE_CURVE ( 'NONE', #1425, #4398, #3843, .T. ) ;
#9664 = VECTOR ( 'NONE', #8870, 1000.000000000000227 ) ;
#9665 = AXIS2_PLACEMENT_3D ( 'NONE', #5169, #5107, #198 ) ;
#9666 = APPLICATION_CONTEXT ( 'automotive_design' ) ;
#9667 = DIRECTION ( 'NONE',  ( 0.0000000000000000000, -1.000000000000000000, 0.0000000000000000000 ) ) ;
#9668 = CARTESIAN_POINT ( 'NONE',  ( 21.72202849340033382, 0.0000000000000000000, -1.951599337616953145 ) ) ;
#9669 = DIRECTION ( 'NONE',  ( 0.0000000000000000000, 0.0000000000000000000, 1.000000000000000000 ) ) ;
#9670 = DIRECTION ( 'NONE',  ( -0.0000000000000000000, -0.0000000000000000000, 1.000000000000000000 ) ) ;
#9671 = CARTESIAN_POINT ( 'NONE',  ( 0.0000000000000000000, 4.633235910246737532, -7.806255641895631925E-15 ) ) ;
#9672 = EDGE_LOOP ( 'NONE', ( #10067, #9588, #8294, #9644 ) ) ;
#9673 = CARTESIAN_POINT ( 'NONE',  ( 0.0000000000000000000, 0.4056916642514616922, 0.0000000000000000000 ) ) ;
#9674 = EDGE_CURVE ( 'NONE', #1315, #1188, #6718, .T. ) ;
#9675 =( NAMED_UNIT ( * ) PLANE_ANGLE_UNIT ( ) SI_UNIT ( $, .RADIAN. ) );
#9676 = CARTESIAN_POINT ( 'NONE',  ( -11.17798491827515051, 0.08358125506674124461, 16.58550140364728520 ) ) ;
#9677 = DIRECTION ( 'NONE',  ( -0.9306005987039501770, -0.3660362354902172988, -0.0000000000000000000 ) ) ;
#9678 = DIRECTION ( 'NONE',  ( 1.000000000000000000, 0.0000000000000000000, 0.0000000000000000000 ) ) ;
#9679 = MECHANICAL_DESIGN_GEOMETRIC_PRESENTATION_REPRESENTATION (  '', ( #5567 ), #9875 ) ;
#9680 = ORIENTED_EDGE ( 'NONE', *, *, #3817, .T. ) ;
#9681 = TOROIDAL_SURFACE ( 'NONE', #8114, 6.251106233125548250, 128.9616428521383114 ) ;
#9682 = AXIS2_PLACEMENT_3D ( 'NONE', #5506, #4773, #5617 ) ;
#9683 = B_SPLINE_CURVE_WITH_KNOTS ( 'NONE', 3,
 ( #5115, #8261, #5039, #10009, #2550, #79, #5878, #5898 ),
 .UNSPECIFIED., .F., .F.,
 ( 4, 2, 2, 4 ),
 ( 1.229697496499765308E-17, 0.002729777472459765826, 0.004094666208689642234, 0.005459554944919519509 ),
 .UNSPECIFIED. ) ;
#9684 = VERTEX_POINT ( 'NONE', #6972 ) ;
#9685 = CARTESIAN_POINT ( 'NONE',  ( -46.30940107675852602, -10.00000000000000178, -17.00000000000000000 ) ) ;
#9686 = DIRECTION ( 'NONE',  ( -3.477182629231496490E-16, -1.000000000000000000, -6.031950337186633497E-32 ) ) ;
#9687 = CIRCLE ( 'NONE', #10530, 0.4000000000000001887 ) ;
#9688 = CARTESIAN_POINT ( 'NONE',  ( 18.97613226645720985, 0.0000000000000000000, 28.00000000000000000 ) ) ;
#9689 = DIRECTION ( 'NONE',  ( -1.000000000000000000, 0.0000000000000000000, 0.0000000000000000000 ) ) ;
#9690 = CIRCLE ( 'NONE', #1936, 6.000000000000000888 ) ;
#9691 = VECTOR ( 'NONE', #10571, 1000.000000000000000 ) ;
#9692 = EDGE_CURVE ( 'NONE', #1141, #6352, #5274, .T. ) ;
#9693 = CIRCLE ( 'NONE', #2291, 1.000000000000000888 ) ;
#9694 = ORIENTED_EDGE ( 'NONE', *, *, #10084, .T. ) ;
#9695 = AXIS2_PLACEMENT_3D ( 'NONE', #2413, #4150, #6519 ) ;
#9696 = AXIS2_PLACEMENT_3D ( 'NONE', #2559, #3422, #3493 ) ;
#9697 = FACE_OUTER_BOUND ( 'NONE', #1706, .T. ) ;
#9698 = FILL_AREA_STYLE ('',( #3885 ) ) ;
#9699 = TOROIDAL_SURFACE ( 'NONE', #6406, 9.000000000000000000, 2.000000000000000000 ) ;
#9700 = VECTOR ( 'NONE', #8858, 1000.000000000000114 ) ;
#9701 = APPLICATION_PROTOCOL_DEFINITION ( 'draft international standard', 'automotive_design', 1998, #1379 ) ;
#9702 = DIRECTION ( 'NONE',  ( -0.0000000000000000000, -1.000000000000000000, -0.0000000000000000000 ) ) ;
#9703 = CARTESIAN_POINT ( 'NONE',  ( -6.111369367260472529, 4.000000000000000000, 3.101149927258162631 ) ) ;
#9704 = SURFACE_STYLE_USAGE ( .BOTH. , #8848 ) ;
#9705 = EDGE_CURVE ( 'NONE', #4074, #7114, #1032, .T. ) ;
#9706 = VERTEX_POINT ( 'NONE', #8772 ) ;
#9707 = CARTESIAN_POINT ( 'NONE',  ( -23.23675738506378252, 0.0000000000000000000, 6.566495266850443713 ) ) ;
#9708 = ADVANCED_FACE ( 'NONE', ( #10296 ), #9521, .F. ) ;
#9709 = DIRECTION ( 'NONE',  ( 0.9306005987039487337, 0.3660362354902201854, 0.0000000000000000000 ) ) ;
#9710 = CONTEXT_DEPENDENT_SHAPE_REPRESENTATION ( #919, #1280 ) ;
#9711 = VECTOR ( 'NONE', #6038, 1000.000000000000000 ) ;
#9712 = AXIS2_PLACEMENT_3D ( 'NONE', #10309, #5371, #407 ) ;
#9713 = FACE_OUTER_BOUND ( 'NONE', #2626, .T. ) ;
#9714 = EDGE_CURVE ( 'NONE', #5866, #9466, #7037, .T. ) ;
#9715 = CARTESIAN_POINT ( 'NONE',  ( 27.00281925585051823, 0.9814300378111168177, 0.0000000000000000000 ) ) ;
#9716 = ORIENTED_EDGE ( 'NONE', *, *, #1804, .F. ) ;
#9717 = AXIS2_PLACEMENT_3D ( 'NONE', #3130, #8919, #10719 ) ;
#9718 = DIRECTION ( 'NONE',  ( -0.8775487755845258198, 0.0000000000000000000, -0.4794873788433849926 ) ) ;
#9719 = CARTESIAN_POINT ( 'NONE',  ( -9.977753031397174510, -5.000000000000002665, -17.33333333333333215 ) ) ;
#9720 = ADVANCED_FACE ( 'NONE', ( #1170 ), #361, .T. ) ;
#9721 = ORIENTED_EDGE ( 'NONE', *, *, #8574, .F. ) ;
#9722 = CARTESIAN_POINT ( 'NONE',  ( -44.63955933959039868, -6.972568151493788946, -16.50000000000000000 ) ) ;
#9723 = LINE ( 'NONE', #8252, #8916 ) ;
#9724 =( LENGTH_UNIT ( ) NAMED_UNIT ( * ) SI_UNIT ( .MILLI., .METRE. ) );
#9725 = ORIENTED_EDGE ( 'NONE', *, *, #8809, .T. ) ;
#9726 = LINE ( 'NONE', #7172, #9329 ) ;
#9727 = CARTESIAN_POINT ( 'NONE',  ( 1.521735978890256399E-15, 1.853294213043345184, 12.42591725181291551 ) ) ;
#9728 = DIRECTION ( 'NONE',  ( 0.0000000000000000000, 0.0000000000000000000, 1.000000000000000000 ) ) ;
#9729 = ORIENTED_EDGE ( 'NONE', *, *, #10184, .F. ) ;
#9730 = CARTESIAN_POINT ( 'NONE',  ( 2.712167343862819546, 4.207632145829747650, 3.592478487542301313E-15 ) ) ;
#9731 = CARTESIAN_POINT ( 'NONE',  ( -13.03560925745895283, 0.6685297291200648084, 14.94616309562191958 ) ) ;
#9732 = COLOUR_RGB ( '',1.000000000000000000, 0.3098039215686274606, 0.0000000000000000000 ) ;
#9733 = EDGE_CURVE ( 'NONE', #3499, #6359, #2730, .T. ) ;
#9734 = AXIS2_PLACEMENT_3D ( 'NONE', #2582, #2547, #5035 ) ;
#9735 = VERTEX_POINT ( 'NONE', #7942 ) ;
#9736 = EDGE_LOOP ( 'NONE', ( #7503, #3112, #1795, #693 ) ) ;
#9737 = CARTESIAN_POINT ( 'NONE',  ( -22.85798259031667712, 5.204170427930421283E-15, -7.786840334305201949 ) ) ;
#9738 = ORIENTED_EDGE ( 'NONE', *, *, #2136, .T. ) ;
#9739 = ORIENTED_EDGE ( 'NONE', *, *, #1950, .T. ) ;
#9740 = CARTESIAN_POINT ( 'NONE',  ( 9.292305210990164710, 19.84950204030734966, 0.0000000000000000000 ) ) ;
#9741 = CARTESIAN_POINT ( 'NONE',  ( 10.41784534861619171, 0.0000000000000000000, -17.10150501899544651 ) ) ;
#9742 = VERTEX_POINT ( 'NONE', #4542 ) ;
#9743 = CARTESIAN_POINT ( 'NONE',  ( -46.14542788219400649, -4.822834520243908685, 16.00000000000000000 ) ) ;
#9744 = CARTESIAN_POINT ( 'NONE',  ( 0.0000000000000000000, 6.877039440481507171, 0.0000000000000000000 ) ) ;
#9745 = CARTESIAN_POINT ( 'NONE',  ( 7.638856039633916239, 19.42080843974722981, 24.99999999999999289 ) ) ;
#9746 = PLANE ( 'NONE',  #6171 ) ;
#9747 = ORIENTED_EDGE ( 'NONE', *, *, #1084, .F. ) ;
#9748 = ORIENTED_EDGE ( 'NONE', *, *, #278, .F. ) ;
#9749 = EDGE_LOOP ( 'NONE', ( #8543, #4281, #4188, #7426 ) ) ;
#9750 = DIRECTION ( 'NONE',  ( -1.000000000000000000, -0.0000000000000000000, -0.0000000000000000000 ) ) ;
#9751 = CARTESIAN_POINT ( 'NONE',  ( 45.00000000000001421, 0.0000000000000000000, 0.0000000000000000000 ) ) ;
#9752 = ORIENTED_EDGE ( 'NONE', *, *, #10376, .F. ) ;
#9753 = CARTESIAN_POINT ( 'NONE',  ( 0.9999999999999983347, 21.49480438967151841, 2.000000000000005329 ) ) ;
#9754 = DIRECTION ( 'NONE',  ( 0.0000000000000000000, 0.0000000000000000000, 1.000000000000000000 ) ) ;
#9755 = CARTESIAN_POINT ( 'NONE',  ( -16.87010755656237038, 1.458017925632497880, 8.632302523536319327 ) ) ;
#9756 = VERTEX_POINT ( 'NONE', #534 ) ;
#9757 = VERTEX_POINT ( 'NONE', #9753 ) ;
#9758 = LINE ( 'NONE', #1978, #10001 ) ;
#9759 = ORIENTED_EDGE ( 'NONE', *, *, #4668, .T. ) ;
#9760 = EDGE_CURVE ( 'NONE', #5966, #3406, #324, .T. ) ;
#9761 = CARTESIAN_POINT ( 'NONE',  ( -49.52295863858646641, -6.494680358738834869, -16.00000000000000000 ) ) ;
#9762 = ADVANCED_FACE ( 'NONE', ( #10505 ), #1449, .T. ) ;
#9763 = AXIS2_PLACEMENT_3D ( 'NONE', #4844, #8990, #1512 ) ;
#9764 = VECTOR ( 'NONE', #4212, 1000.000000000000227 ) ;
#9765 = ORIENTED_EDGE ( 'NONE', *, *, #9536, .F. ) ;
#9766 = AXIS2_PLACEMENT_3D ( 'NONE', #5642, #687, #6477 ) ;
#9767 = CIRCLE ( 'NONE', #6898, 9.000000000000000000 ) ;
#9768 = CARTESIAN_POINT ( 'NONE',  ( -21.25235012305799387, -27.00000000000000355, -13.99999999999999822 ) ) ;
#9769 = EDGE_LOOP ( 'NONE', ( #546, #8690, #8383, #4242, #9739, #711 ) ) ;
#9770 = DIRECTION ( 'NONE',  ( 0.0000000000000000000, 0.0000000000000000000, 1.000000000000000000 ) ) ;
#9771 = DIRECTION ( 'NONE',  ( 0.0000000000000000000, 0.0000000000000000000, -1.000000000000000000 ) ) ;
#9772 = ORIENTED_EDGE ( 'NONE', *, *, #8309, .T. ) ;
#9773 = ADVANCED_FACE ( 'NONE', ( #840 ), #6108, .T. ) ;
#9774 = EDGE_LOOP ( 'NONE', ( #921, #8445 ) ) ;
#9775 = ORIENTED_EDGE ( 'NONE', *, *, #4294, .F. ) ;
#9776 = ORIENTED_EDGE ( 'NONE', *, *, #389, .F. ) ;
#9777 = CARTESIAN_POINT ( 'NONE',  ( -47.82037353199806518, -7.212717018593194140, 16.50000000000000000 ) ) ;
#9778 = CARTESIAN_POINT ( 'NONE',  ( 17.50000000000000355, 2.143131898507868643E-15, 10.49999999999999822 ) ) ;
#9779 = MECHANICAL_DESIGN_GEOMETRIC_PRESENTATION_REPRESENTATION (  '', ( #6775 ), #3438 ) ;
#9780 = LINE ( 'NONE', #5806, #7428 ) ;
#9781 = CARTESIAN_POINT ( 'NONE',  ( 22.94734990167305000, 10.69999999999999929, 26.50000000000000000 ) ) ;
#9782 = AXIS2_PLACEMENT_3D ( 'NONE', #2603, #6635, #5814 ) ;
#9783 = DIRECTION ( 'NONE',  ( -1.000000000000000000, 0.0000000000000000000, 0.0000000000000000000 ) ) ;
#9784 = ORIENTED_EDGE ( 'NONE', *, *, #9951, .T. ) ;
#9785 = CARTESIAN_POINT ( 'NONE',  ( 6.395970796528011704, 21.73000000000000043, 1.139537798721116602 ) ) ;
#9786 = DIRECTION ( 'NONE',  ( -0.0000000000000000000, -1.000000000000000000, -0.0000000000000000000 ) ) ;
#9787 = ORIENTED_EDGE ( 'NONE', *, *, #834, .F. ) ;
#9788 = CARTESIAN_POINT ( 'NONE',  ( -9.382803421143266931, -0.1777251015289381397, 0.0000000000000000000 ) ) ;
#9789 = ORIENTED_EDGE ( 'NONE', *, *, #2525, .F. ) ;
#9790 = DIRECTION ( 'NONE',  ( 0.0000000000000000000, 0.0000000000000000000, 1.000000000000000000 ) ) ;
#9791 = CARTESIAN_POINT ( 'NONE',  ( -15.97675866522614641, -3.584937863058883067, -15.79752592485276708 ) ) ;
#9792 = FACE_BOUND ( 'NONE', #1566, .T. ) ;
#9793 = CARTESIAN_POINT ( 'NONE',  ( -49.67988977424888475, -9.246770641006243352, -16.50000000000000000 ) ) ;
#9794 = DIRECTION ( 'NONE',  ( -1.000000000000000000, 0.0000000000000000000, 0.0000000000000000000 ) ) ;
#9795 = EDGE_CURVE ( 'NONE', #6194, #7433, #7770, .T. ) ;
#9796 = AXIS2_PLACEMENT_3D ( 'NONE', #7301, #1525, #1461 ) ;
#9797 = VERTEX_POINT ( 'NONE', #3173 ) ;
#9798 = B_SPLINE_CURVE_WITH_KNOTS ( 'NONE', 3,
 ( #5385, #1281, #5468, #541, #6292, #10294 ),
 .UNSPECIFIED., .F., .F.,
 ( 4, 2, 4 ),
 ( 0.01799235507162441627, 0.01945319861900653841, 0.02091404216638866054 ),
 .UNSPECIFIED. ) ;
#9799 = CYLINDRICAL_SURFACE ( 'NONE', #10139, 1.000000000000000888 ) ;
#9800 = DIRECTION ( 'NONE',  ( -0.6823182503600108140, 0.7310552682428694826, 0.0000000000000000000 ) ) ;
#9801 = EDGE_CURVE ( 'NONE', #2472, #6577, #7690, .T. ) ;
#9802 = EDGE_CURVE ( 'NONE', #2354, #1426, #5641, .T. ) ;
#9803 =( GEOMETRIC_REPRESENTATION_CONTEXT ( 3 ) GLOBAL_UNCERTAINTY_ASSIGNED_CONTEXT ( ( #5766 ) ) GLOBAL_UNIT_ASSIGNED_CONTEXT ( ( #7977, #9675, #4691 ) ) REPRESENTATION_CONTEXT ( 'NONE', 'WORKASPACE' ) );
#9804 = CARTESIAN_POINT ( 'NONE',  ( 1.443735181952767066, -4.939961795957306556, -6.018341802876223667 ) ) ;
#9805 = CARTESIAN_POINT ( 'NONE',  ( -46.30940107675852602, -10.00000000000000178, 17.00000000000000000 ) ) ;
#9806 = DIRECTION ( 'NONE',  ( -0.08956406980272263452, -0.9959810627719650755, 0.0000000000000000000 ) ) ;
#9807 = CARTESIAN_POINT ( 'NONE',  ( -12.00000000000000355, -6.999999999999999112, 14.00000000000000000 ) ) ;
#9808 = ADVANCED_FACE ( 'NONE', ( #9363 ), #8056, .T. ) ;
#9809 = CARTESIAN_POINT ( 'NONE',  ( 0.0000000000000000000, 3.958346224592498963, -12.70277974657490283 ) ) ;
#9810 = LINE ( 'NONE', #8189, #10169 ) ;
#9811 = DIRECTION ( 'NONE',  ( -1.000000000000000000, -0.0000000000000000000, -0.0000000000000000000 ) ) ;
#9812 = PRODUCT_DEFINITION_SHAPE ( 'NONE', 'NONE',  #2798 ) ;
#9813 = CARTESIAN_POINT ( 'NONE',  ( -46.30940107675852602, -4.000000000000001776, -20.00000000000000355 ) ) ;
#9814 = DIRECTION ( 'NONE',  ( 0.0000000000000000000, 0.8660254037844380415, -0.5000000000000011102 ) ) ;
#9815 = DIRECTION ( 'NONE',  ( 0.0000000000000000000, 0.0000000000000000000, 1.000000000000000000 ) ) ;
#9816 = CARTESIAN_POINT ( 'NONE',  ( 0.0000000000000000000, -4.330127018922188320, 2.500000000000009770 ) ) ;
#9817 = STYLED_ITEM ( 'NONE', ( #6424 ), #9029 ) ;
#9818 = FACE_OUTER_BOUND ( 'NONE', #10546, .T. ) ;
#9819 = ADVANCED_FACE ( 'NONE', ( #2087 ), #7282, .F. ) ;
#9820 = VECTOR ( 'NONE', #2452, 1000.000000000000000 ) ;
#9821 = FACE_OUTER_BOUND ( 'NONE', #4268, .T. ) ;
#9822 = CARTESIAN_POINT ( 'NONE',  ( -46.30940107675852602, -10.00000000000000178, -17.00000000000000000 ) ) ;
#9823 = CARTESIAN_POINT ( 'NONE',  ( 2.611832594033187465E-15, 6.877039440481507171, 19.65446324363314545 ) ) ;
#9824 = DIRECTION ( 'NONE',  ( 0.0000000000000000000, 0.0000000000000000000, -1.000000000000000000 ) ) ;
#9825 = DIRECTION ( 'NONE',  ( -1.000000000000000000, 0.0000000000000000000, 0.0000000000000000000 ) ) ;
#9826 = CARTESIAN_POINT ( 'NONE',  ( 5.000000000000000000, 2.419979747126331127, -5.788163366729714099 ) ) ;
#9827 = CARTESIAN_POINT ( 'NONE',  ( 2.334757369017304018, 4.000000000000000000, -5.559244615559075342 ) ) ;
#9828 = UNCERTAINTY_MEASURE_WITH_UNIT (LENGTH_MEASURE( 1.000000000000000082E-05 ), #3249, 'distance_accuracy_value', 'NONE');
#9829 = LINE ( 'NONE', #7555, #9949 ) ;
#9830 = FACE_OUTER_BOUND ( 'NONE', #3047, .T. ) ;
#9831 = FACE_OUTER_BOUND ( 'NONE', #507, .T. ) ;
#9832 =( BOUNDED_SURFACE ( )  B_SPLINE_SURFACE ( 3, 2, ( 
 ( #9719, #5530, #2201 ),
 ( #4649, #7123, #7944 ),
 ( #2981, #8774, #5494 ),
 ( #4728, #1432, #3825 ),
 ( #2280, #9643, #536 ),
 ( #3904, #6481, #9791 ),
 ( #5643, #9015, #8940 ),
 ( #6558, #645, #8242 ) ),
 .UNSPECIFIED., .F., .F., .F. ) 
 B_SPLINE_SURFACE_WITH_KNOTS ( ( 4, 2, 2, 4 ),
 ( 3, 3 ),
 ( 0.05564616185666204640, 0.05829775416185255243, 0.05962355031444779851, 0.06094934646704305153 ),
 ( 0.0000000000000000000, 1.000000000000000000 ),
 .UNSPECIFIED. ) 
 GEOMETRIC_REPRESENTATION_ITEM ( )  RATIONAL_B_SPLINE_SURFACE ( (
 ( 1.000000000000000000, 0.9660917830792958849, 1.000000000000000000),
 ( 1.000000000000000000, 0.9660852728974987924, 1.000000000000000000),
 ( 1.000000000000000000, 0.9641962666059157305, 1.000000000000000000),
 ( 1.000000000000000000, 0.9589185126731308850, 1.000000000000000000),
 ( 1.000000000000000000, 0.9567711288548336190, 1.000000000000000000),
 ( 1.000000000000000000, 0.9518747517062616792, 1.000000000000000000),
 ( 1.000000000000000000, 0.9491153472685008863, 1.000000000000000000),
 ( 1.000000000000000000, 0.9460816806768153064, 1.000000000000000000) ) ) 
 REPRESENTATION_ITEM ( '' )  SURFACE ( )  );
#9833 = AXIS2_PLACEMENT_3D ( 'NONE', #436, #2962, #405 ) ;
#9834 = CARTESIAN_POINT ( 'NONE',  ( 12.80285035629452750, -13.71733966745843603, -20.00000000000000355 ) ) ;
#9835 = CARTESIAN_POINT ( 'NONE',  ( -1.778091562876227272E-14, -5.773502691896262640, -5.653418012614791266 ) ) ;
#9836 = CARTESIAN_POINT ( 'NONE',  ( -31.05657219116322665, -1.811238405181764932, -14.85640544233906546 ) ) ;
#9837 = CARTESIAN_POINT ( 'NONE',  ( -46.30940107675852602, -10.00000000000000178, 17.00000000000000000 ) ) ;
#9838 = ORIENTED_EDGE ( 'NONE', *, *, #2792, .T. ) ;
#9839 = CIRCLE ( 'NONE', #9337, 4.731764117148970605 ) ;
#9840 = DIRECTION ( 'NONE',  ( 1.000000000000000000, 0.0000000000000000000, 0.0000000000000000000 ) ) ;
#9841 = VERTEX_POINT ( 'NONE', #3098 ) ;
#9842 = CIRCLE ( 'NONE', #1192, 5.999999999999998224 ) ;
#9843 = ORIENTED_EDGE ( 'NONE', *, *, #2761, .T. ) ;
#9844 = CARTESIAN_POINT ( 'NONE',  ( 0.0000000000000000000, 0.0000000000000000000, 0.0000000000000000000 ) ) ;
#9845 = SURFACE_STYLE_FILL_AREA ( #1080 ) ;
#9846 = CARTESIAN_POINT ( 'NONE',  ( -1.482093843553000810E-15, -5.000000000000000000, 11.00000000000000178 ) ) ;
#9847 = EDGE_CURVE ( 'NONE', #5921, #7879, #2618, .T. ) ;
#9848 = VERTEX_POINT ( 'NONE', #3859 ) ;
#9850 = VECTOR ( 'NONE', #9889, 1000.000000000000114 ) ;
#9849 = AXIS2_PLACEMENT_3D ( 'NONE', #6962, #10317, #3709 ) ;
#9851 = CARTESIAN_POINT ( 'NONE',  ( 36.60402920347198830, 21.73000000000000043, 1.000000000000000000 ) ) ;
#9852 = VERTEX_POINT ( 'NONE', #1431 ) ;
#9853 = DIRECTION ( 'NONE',  ( -0.0000000000000000000, -0.0000000000000000000, 1.000000000000000000 ) ) ;
#9854 = EDGE_LOOP ( 'NONE', ( #4868, #6185, #6399, #2939 ) ) ;
#9855 = ADVANCED_FACE ( 'NONE', ( #4957 ), #8833, .F. ) ;
#9856 = EDGE_LOOP ( 'NONE', ( #3479, #8022, #9195, #5846 ) ) ;
#9857 = CARTESIAN_POINT ( 'NONE',  ( 0.0000000000000000000, -25.66666666666665009, 18.00000000000000355 ) ) ;
#9858 = B_SPLINE_CURVE_WITH_KNOTS ( 'NONE', 3,
 ( #4569, #7711, #10281, #8611, #2033, #302, #7811, #373 ),
 .UNSPECIFIED., .F., .F.,
 ( 4, 2, 2, 4 ),
 ( 0.0000000000000000000, 0.0005704726008494797988, 0.001140945201698959598, 0.002281890403397920063 ),
 .UNSPECIFIED. ) ;
#9859 = EDGE_LOOP ( 'NONE', ( #10220, #8148, #10111, #1915, #6634, #4904 ) ) ;
#9860 = ORIENTED_EDGE ( 'NONE', *, *, #7048, .F. ) ;
#9861 = EDGE_CURVE ( 'NONE', #5088, #703, #10600, .T. ) ;
#9862 = ORIENTED_EDGE ( 'NONE', *, *, #264, .T. ) ;
#9863 = LINE ( 'NONE', #123, #665 ) ;
#9864 = ORIENTED_EDGE ( 'NONE', *, *, #10606, .T. ) ;
#9865 = ADVANCED_FACE ( 'NONE', ( #8560 ), #2233, .F. ) ;
#9866 = EDGE_CURVE ( 'NONE', #7544, #5644, #5078, .T. ) ;
#9867 = ADVANCED_FACE ( 'NONE', ( #6230 ), #10624, .T. ) ;
#9868 = VERTEX_POINT ( 'NONE', #4112 ) ;
#9869 = CARTESIAN_POINT ( 'NONE',  ( 5.916483417684625934, 20.73000000000000043, 0.2619890231365895050 ) ) ;
#9870 = CARTESIAN_POINT ( 'NONE',  ( -45.95630496707463664, -11.72993680440100128, 17.00000000000000000 ) ) ;
#9871 = PLANE ( 'NONE',  #4161 ) ;
#9872 = EDGE_LOOP ( 'NONE', ( #8272, #2750, #974 ) ) ;
#9873 = APPLICATION_PROTOCOL_DEFINITION ( 'draft international standard', 'automotive_design', 1998, #4942 ) ;
#9874 = CARTESIAN_POINT ( 'NONE',  ( 36.00000000000000000, 7.933333333333309589, -18.00000000000001066 ) ) ;
#9875 =( GEOMETRIC_REPRESENTATION_CONTEXT ( 3 ) GLOBAL_UNCERTAINTY_ASSIGNED_CONTEXT ( ( #975 ) ) GLOBAL_UNIT_ASSIGNED_CONTEXT ( ( #4064, #9914, #2553 ) ) REPRESENTATION_CONTEXT ( 'NONE', 'WORKASPACE' ) );
#9876 = VERTEX_POINT ( 'NONE', #8240 ) ;
#9877 = AXIS2_PLACEMENT_3D ( 'NONE', #2767, #9379, #1065 ) ;
#9878 = EDGE_LOOP ( 'NONE', ( #6672, #1554, #3492, #7785 ) ) ;
#9879 = LINE ( 'NONE', #464, #2091 ) ;
#9880 = CARTESIAN_POINT ( 'NONE',  ( -7.118449302602197548, -32.31055268242869971, 18.69030977609205380 ) ) ;
#9881 = CARTESIAN_POINT ( 'NONE',  ( 33.99999999999998579, 19.11813772300484615, 26.50000000000000000 ) ) ;
#9882 = CARTESIAN_POINT ( 'NONE',  ( 4.584468311783467698, 21.85343783508475823, 25.77168871930362926 ) ) ;
#9883 = CARTESIAN_POINT ( 'NONE',  ( 27.94734990167305000, 10.69999999999999929, 0.0000000000000000000 ) ) ;
#9884 = LINE ( 'NONE', #520, #3262 ) ;
#9885 = EDGE_LOOP ( 'NONE', ( #2588, #1274, #1558, #8138 ) ) ;
#9886 = ORIENTED_EDGE ( 'NONE', *, *, #4993, .F. ) ;
#9887 = EDGE_CURVE ( 'NONE', #9417, #8142, #6760, .T. ) ;
#9888 = ORIENTED_EDGE ( 'NONE', *, *, #7694, .T. ) ;
#9889 = DIRECTION ( 'NONE',  ( 0.0000000000000000000, 0.4999999999999998335, -0.8660254037844387076 ) ) ;
#9890 =( NAMED_UNIT ( * ) SI_UNIT ( $, .STERADIAN. ) SOLID_ANGLE_UNIT ( ) );
#9891 = ADVANCED_BREP_SHAPE_REPRESENTATION ( '', ( #7087, #9029, #8615 ), #7531 ) ;
#9892 = PRESENTATION_STYLE_ASSIGNMENT (( #3240 ) ) ;
#9893 = AXIS2_PLACEMENT_3D ( 'NONE', #697, #3152, #8137 ) ;
#9894 = CARTESIAN_POINT ( 'NONE',  ( 0.0000000000000000000, 0.0000000000000000000, 13.50000000000000000 ) ) ;
#9895 = DIRECTION ( 'NONE',  ( -0.0000000000000000000, -0.0000000000000000000, 1.000000000000000000 ) ) ;
#9896 = ORIENTED_EDGE ( 'NONE', *, *, #4767, .F. ) ;
#9897 = EDGE_LOOP ( 'NONE', ( #7456, #9314 ) ) ;
#9898 = ORIENTED_EDGE ( 'NONE', *, *, #6669, .F. ) ;
#9899 = ORIENTED_EDGE ( 'NONE', *, *, #6046, .T. ) ;
#9900 = CARTESIAN_POINT ( 'NONE',  ( 0.0000000000000000000, 0.0000000000000000000, 9.500000000000000000 ) ) ;
#9901 = EDGE_CURVE ( 'NONE', #5492, #1999, #401, .T. ) ;
#9902 = VECTOR ( 'NONE', #10517, 1000.000000000000000 ) ;
#9903 = DIRECTION ( 'NONE',  ( -1.000000000000000000, 0.0000000000000000000, -0.0000000000000000000 ) ) ;
#9904 = CARTESIAN_POINT ( 'NONE',  ( 0.0000000000000000000, -2.352327244186589006, 16.36018239871366831 ) ) ;
#9905 = DIRECTION ( 'NONE',  ( 0.0000000000000000000, 0.0000000000000000000, -1.000000000000000000 ) ) ;
#9906 = PRODUCT_DEFINITION ( 'UNKNOWN', '', #3373, #4758 ) ;
#9907 = DIRECTION ( 'NONE',  ( 0.8660254037844382635, -0.5000000000000006661, 0.0000000000000000000 ) ) ;
#9908 = ADVANCED_FACE ( 'NONE', ( #679 ), #3345, .F. ) ;
#9909 = ORIENTED_EDGE ( 'NONE', *, *, #3940, .T. ) ;
#9910 = EDGE_CURVE ( 'NONE', #8405, #9684, #2997, .T. ) ;
#9911 = APPLICATION_CONTEXT ( 'automotive_design' ) ;
#9912 = PLANE ( 'NONE',  #9428 ) ;
#9913 = AXIS2_PLACEMENT_3D ( 'NONE', #5126, #6757, #2663 ) ;
#9914 =( NAMED_UNIT ( * ) PLANE_ANGLE_UNIT ( ) SI_UNIT ( $, .RADIAN. ) );
#9915 = FACE_OUTER_BOUND ( 'NONE', #6084, .T. ) ;
#9916 = LINE ( 'NONE', #9656, #8220 ) ;
#9917 = CARTESIAN_POINT ( 'NONE',  ( 6.651350249290356231, 20.72999999999999687, 28.00000000000000000 ) ) ;
#9918 = CARTESIAN_POINT ( 'NONE',  ( -14.96662954709575999, -35.00000000000000000, 16.00000000000000000 ) ) ;
#9919 = DIRECTION ( 'NONE',  ( -1.000000000000000000, 0.0000000000000000000, 0.0000000000000000000 ) ) ;
#9920 = CARTESIAN_POINT ( 'NONE',  ( 0.4465819873852001076, 2.886751345948122438, -5.000000000000000000 ) ) ;
#9921 = DIRECTION ( 'NONE',  ( -0.0000000000000000000, -0.0000000000000000000, 1.000000000000000000 ) ) ;
#9922 = ORIENTED_EDGE ( 'NONE', *, *, #1439, .F. ) ;
#9923 = ADVANCED_FACE ( 'NONE', ( #7010 ), #4070, .F. ) ;
#9924 = CARTESIAN_POINT ( 'NONE',  ( 3.500000000000000000, 5.773502691896261751, 0.0000000000000000000 ) ) ;
#9925 = FILL_AREA_STYLE_COLOUR ( '', #10575 ) ;
#9926 = EDGE_CURVE ( 'NONE', #5319, #3369, #1708, .T. ) ;
#9927 = VECTOR ( 'NONE', #9953, 1000.000000000000000 ) ;
#9928 = AXIS2_PLACEMENT_3D ( 'NONE', #5513, #6350, #1341 ) ;
#9929 = CARTESIAN_POINT ( 'NONE',  ( 0.0000000000000000000, 3.803076006814065657, 0.0000000000000000000 ) ) ;
#9930 = CARTESIAN_POINT ( 'NONE',  ( 0.0000000000000000000, 0.0000000000000000000, 7.500000000000000000 ) ) ;
#9931 = ORIENTED_EDGE ( 'NONE', *, *, #1694, .T. ) ;
#9932 = CARTESIAN_POINT ( 'NONE',  ( 2.500000000000006217, -4.330127018922190985, 0.0000000000000000000 ) ) ;
#9933 = PLANE ( 'NONE',  #3981 ) ;
#9934 = PRODUCT ( 'Основание_00', 'Основание_00', '', ( #4143 ) ) ;
#9935 = CONICAL_SURFACE ( 'NONE', #2377, 17.00000000000000000, 1.130126863585188435 ) ;
#9936 = CARTESIAN_POINT ( 'NONE',  ( -48.60709567178335533, -4.426472272798927854, -15.96995987921217797 ) ) ;
#9937 = EDGE_CURVE ( 'NONE', #6047, #8712, #815, .T. ) ;
#9938 = EDGE_CURVE ( 'NONE', #1188, #1315, #7155, .T. ) ;
#9939 = VECTOR ( 'NONE', #1848, 1000.000000000000114 ) ;
#9940 = AXIS2_PLACEMENT_3D ( 'NONE', #5049, #6625, #3343 ) ;
#9941 = CARTESIAN_POINT ( 'NONE',  ( 0.0000000000000000000, 0.0000000000000000000, 13.49999999999999822 ) ) ;
#9942 = FACE_OUTER_BOUND ( 'NONE', #5178, .T. ) ;
#9943 = CARTESIAN_POINT ( 'NONE',  ( -49.22070958161015852, -6.246763691215471148, 16.00000000000000000 ) ) ;
#9944 = CARTESIAN_POINT ( 'NONE',  ( 3.235556812105399249, 4.000000000000000000, -5.055550121566833255 ) ) ;
#9945 = ORIENTED_EDGE ( 'NONE', *, *, #3919, .F. ) ;
#9946 = APPLICATION_PROTOCOL_DEFINITION ( 'draft international standard', 'automotive_design', 1998, #4977 ) ;
#9947 = DIRECTION ( 'NONE',  ( 0.0000000000000000000, 1.000000000000000000, 0.0000000000000000000 ) ) ;
#9948 = DIRECTION ( 'NONE',  ( 0.0000000000000000000, 1.000000000000000000, -0.0000000000000000000 ) ) ;
#9949 = VECTOR ( 'NONE', #6021, 1000.000000000000000 ) ;
#9950 = CIRCLE ( 'NONE', #3092, 10.00000000000000178 ) ;
#9951 = EDGE_CURVE ( 'NONE', #3144, #6727, #5209, .T. ) ;
#9952 = CARTESIAN_POINT ( 'NONE',  ( 34.48061228278506718, 20.11813772300484970, 0.0000000000000000000 ) ) ;
#9953 = DIRECTION ( 'NONE',  ( -0.0000000000000000000, -0.0000000000000000000, 1.000000000000000000 ) ) ;
#9954 = ORIENTED_EDGE ( 'NONE', *, *, #7702, .T. ) ;
#9955 = DIRECTION ( 'NONE',  ( 0.0000000000000000000, 0.0000000000000000000, 1.000000000000000000 ) ) ;
#9956 = DIRECTION ( 'NONE',  ( 0.4794873788433851591, 0.0000000000000000000, 0.8775487755845255977 ) ) ;
#9957 = AXIS2_PLACEMENT_3D ( 'NONE', #1818, #5007, #9228 ) ;
#9958 = LINE ( 'NONE', #6245, #4479 ) ;
#9959 = CARTESIAN_POINT ( 'NONE',  ( -46.30940107675852602, -16.19999999999999929, -20.00000000000000355 ) ) ;
#9960 = CARTESIAN_POINT ( 'NONE',  ( 3.439203746550237195, 21.13483465857348165, 2.755097551169057191 ) ) ;
#9961 = CIRCLE ( 'NONE', #8213, 127.4616428521383114 ) ;
#9962 = MANIFOLD_SOLID_BREP ( 'Вырез-Вытянуть1', #8822 ) ;
#9963 = EDGE_LOOP ( 'NONE', ( #5744, #5686, #3660, #2915, #9338 ) ) ;
#9964 = DIRECTION ( 'NONE',  ( 0.0000000000000000000, 0.0000000000000000000, 1.000000000000000000 ) ) ;
#9965 = EDGE_LOOP ( 'NONE', ( #1725, #1908, #8536, #1682 ) ) ;
#9966 = TOROIDAL_SURFACE ( 'NONE', #5063, 9.000000000000000000, 2.000000000000000000 ) ;
#9967 = PLANE ( 'NONE',  #4851 ) ;
#9968 = VERTEX_POINT ( 'NONE', #4287 ) ;
#9969 =( GEOMETRIC_REPRESENTATION_CONTEXT ( 3 ) GLOBAL_UNCERTAINTY_ASSIGNED_CONTEXT ( ( #6508 ) ) GLOBAL_UNIT_ASSIGNED_CONTEXT ( ( #7145, #3670, #5442 ) ) REPRESENTATION_CONTEXT ( 'NONE', 'WORKASPACE' ) );
#9970 = ORIENTED_EDGE ( 'NONE', *, *, #6892, .F. ) ;
#9971 = AXIS2_PLACEMENT_3D ( 'NONE', #8062, #3097, #8891 ) ;
#9972 = ADVANCED_FACE ( 'NONE', ( #4290 ), #10516, .T. ) ;
#9973 = ADVANCED_FACE ( 'NONE', ( #1445 ), #6791, .T. ) ;
#9974 = DIRECTION ( 'NONE',  ( -0.0000000000000000000, -1.000000000000000000, -0.0000000000000000000 ) ) ;
#9975 = ORIENTED_EDGE ( 'NONE', *, *, #5139, .T. ) ;
#9976 = DIRECTION ( 'NONE',  ( 0.0000000000000000000, 0.0000000000000000000, -1.000000000000000000 ) ) ;
#9977 = CARTESIAN_POINT ( 'NONE',  ( -52.30940107675851891, -10.20000000000000107, 13.99999999999999467 ) ) ;
#9978 = CARTESIAN_POINT ( 'NONE',  ( 2.142598311179081616, 0.0000000000000000000, -21.70402115552819922 ) ) ;
#9979 = ORIENTED_EDGE ( 'NONE', *, *, #4888, .F. ) ;
#9980 = DIRECTION ( 'NONE',  ( -1.000000000000000000, -2.081668171172168119E-15, 0.0000000000000000000 ) ) ;
#9981 = VERTEX_POINT ( 'NONE', #5986 ) ;
#9982 = ORIENTED_EDGE ( 'NONE', *, *, #7680, .F. ) ;
#9983 = ORIENTED_EDGE ( 'NONE', *, *, #9383, .F. ) ;
#9984 = DIRECTION ( 'NONE',  ( 0.0000000000000000000, 8.673617379884037444E-16, 1.000000000000000000 ) ) ;
#9985 = CARTESIAN_POINT ( 'NONE',  ( 5.000000000000000888, 0.0000000000000000000, 0.0000000000000000000 ) ) ;
#9986 = EDGE_CURVE ( 'NONE', #2694, #2202, #10236, .T. ) ;
#9987 = ORIENTED_EDGE ( 'NONE', *, *, #7258, .T. ) ;
#9988 = CARTESIAN_POINT ( 'NONE',  ( 5.000000000000000000, -4.633235910246749079, 4.336808689942017736E-15 ) ) ;
#9989 = ORIENTED_EDGE ( 'NONE', *, *, #6806, .T. ) ;
#9990 = ORIENTED_EDGE ( 'NONE', *, *, #3974, .F. ) ;
#9991 = EDGE_LOOP ( 'NONE', ( #4853, #245, #2244 ) ) ;
#9992 = CARTESIAN_POINT ( 'NONE',  ( -48.25027341332628339, -7.497842460810316467, 16.50000000000000000 ) ) ;
#9993 = CARTESIAN_POINT ( 'NONE',  ( 39.22154588119206409, 22.06104554529420980, 3.211194947987182413 ) ) ;
#9994 = ORIENTED_EDGE ( 'NONE', *, *, #2151, .T. ) ;
#9995 = CARTESIAN_POINT ( 'NONE',  ( -49.67988977424888475, -9.246770641006243352, -16.50000000000000000 ) ) ;
#9996 = CARTESIAN_POINT ( 'NONE',  ( 5.000000000000000000, -2.316617955123370987, 4.012500000000000178 ) ) ;
#9997 = VERTEX_POINT ( 'NONE', #4318 ) ;
#9998 = EDGE_CURVE ( 'NONE', #7879, #775, #4174, .T. ) ;
#9999 = EDGE_CURVE ( 'NONE', #7673, #9187, #9249, .T. ) ;
#10000 = AXIS2_PLACEMENT_3D ( 'NONE', #5864, #1737, #9275 ) ;
#10001 = VECTOR ( 'NONE', #2770, 1000.000000000000000 ) ;
#10002 = VERTEX_POINT ( 'NONE', #6684 ) ;
#10003 =( NAMED_UNIT ( * ) PLANE_ANGLE_UNIT ( ) SI_UNIT ( $, .RADIAN. ) );
#10004 = CIRCLE ( 'NONE', #3486, 2.999999999999992450 ) ;
#10005 = VERTEX_POINT ( 'NONE', #1021 ) ;
#10006 = EDGE_LOOP ( 'NONE', ( #100, #1687, #2944, #835, #7623, #1481, #1283 ) ) ;
#10007 = DIRECTION ( 'NONE',  ( -0.9306005987039486227, 0.3660362354902207405, 0.0000000000000000000 ) ) ;
#10008 = CARTESIAN_POINT ( 'NONE',  ( -48.31922871950574461, -7.551329678991878680, 16.50000000000000000 ) ) ;
#10009 = CARTESIAN_POINT ( 'NONE',  ( -9.523763795497542262, -33.98039545659177207, 15.27972423325357809 ) ) ;
#10010 = FACE_OUTER_BOUND ( 'NONE', #1294, .T. ) ;
#10011 = AXIS2_PLACEMENT_3D ( 'NONE', #68, #1630, #6571 ) ;
#10012 = ORIENTED_EDGE ( 'NONE', *, *, #1452, .T. ) ;
#10013 = ORIENTED_EDGE ( 'NONE', *, *, #3455, .T. ) ;
#10014 = CARTESIAN_POINT ( 'NONE',  ( -21.25235012305799387, -27.00000000000000355, -21.71688605722899013 ) ) ;
#10015 = CARTESIAN_POINT ( 'NONE',  ( 0.0000000000000000000, 0.0000000000000000000, 0.0000000000000000000 ) ) ;
#10016 = ORIENTED_EDGE ( 'NONE', *, *, #9344, .F. ) ;
#10017 = EDGE_LOOP ( 'NONE', ( #5608, #5899, #7762, #4843 ) ) ;
#10018 = CARTESIAN_POINT ( 'NONE',  ( 0.0000000000000000000, 0.0000000000000000000, -7.500000000000000000 ) ) ;
#10019 = CARTESIAN_POINT ( 'NONE',  ( -17.69810893969737009, -2.376569735548868856, -15.26396318035818211 ) ) ;
#10020 = ADVANCED_FACE ( 'NONE', ( #4545 ), #9240, .F. ) ;
#10021 = ADVANCED_FACE ( 'NONE', ( #5858 ), #8316, .T. ) ;
#10022 = EDGE_CURVE ( 'NONE', #3878, #8095, #5599, .T. ) ;
#10023 = VERTEX_POINT ( 'NONE', #9158 ) ;
#10024 = AXIS2_PLACEMENT_3D ( 'NONE', #1403, #10364, #6263 ) ;
#10025 = CARTESIAN_POINT ( 'NONE',  ( -12.00000000000000355, -35.00000000000000000, 16.00000000000000000 ) ) ;
#10026 = AXIS2_PLACEMENT_3D ( 'NONE', #4435, #314, #5271 ) ;
#10027 = VERTEX_POINT ( 'NONE', #90 ) ;
#10028 = DIRECTION ( 'NONE',  ( -0.0000000000000000000, -0.0000000000000000000, 1.000000000000000000 ) ) ;
#10029 = CARTESIAN_POINT ( 'NONE',  ( -46.30940107675852602, -10.00000000000000178, -17.00000000000000000 ) ) ;
#10030 = DIRECTION ( 'NONE',  ( -1.000000000000000000, -0.0000000000000000000, -0.0000000000000000000 ) ) ;
#10031 = EDGE_CURVE ( 'NONE', #8059, #6123, #2363, .T. ) ;
#10032 = DIRECTION ( 'NONE',  ( 0.0000000000000000000, 0.0000000000000000000, 1.000000000000000000 ) ) ;
#10033 = ORIENTED_EDGE ( 'NONE', *, *, #2710, .F. ) ;
#10034 = CARTESIAN_POINT ( 'NONE',  ( -13.89217475023272463, 0.9311156415635764017, -13.84150028706896407 ) ) ;
#10035 = FACE_OUTER_BOUND ( 'NONE', #1396, .T. ) ;
#10036 = CARTESIAN_POINT ( 'NONE',  ( 2.480228988863469652, 22.42399401296049177, 25.99999999999999645 ) ) ;
#10037 = CARTESIAN_POINT ( 'NONE',  ( -46.30940107675852602, -10.00000000000000178, 17.00000000000000000 ) ) ;
#10038 = CARTESIAN_POINT ( 'NONE',  ( -21.91930930899454921, 2.451911830291827243, -6.433346771936899522 ) ) ;
#10039 = VECTOR ( 'NONE', #7721, 1000.000000000000000 ) ;
#10040 = EDGE_CURVE ( 'NONE', #2808, #9529, #8678, .T. ) ;
#10041 = AXIS2_PLACEMENT_3D ( 'NONE', #6130, #8652, #304 ) ;
#10042 = ORIENTED_EDGE ( 'NONE', *, *, #6004, .F. ) ;
#10043 = CARTESIAN_POINT ( 'NONE',  ( 0.0000000000000000000, 0.0000000000000000000, 0.0000000000000000000 ) ) ;
#10044 = CARTESIAN_POINT ( 'NONE',  ( 5.000000000000000000, -2.316617955123370987, 4.012500000000000178 ) ) ;
#10045 = EDGE_CURVE ( 'NONE', #5319, #5088, #3393, .T. ) ;
#10046 = LINE ( 'NONE', #4999, #8888 ) ;
#10047 = EDGE_LOOP ( 'NONE', ( #5074, #10358, #640, #5041, #5809 ) ) ;
#10048 = AXIS2_PLACEMENT_3D ( 'NONE', #3685, #2216, #8612 ) ;
#10049 = CARTESIAN_POINT ( 'NONE',  ( -22.85797610351529130, 0.0000000000000000000, 7.786926839206819828 ) ) ;
#10050 = DIRECTION ( 'NONE',  ( 1.000000000000000000, 0.0000000000000000000, -0.0000000000000000000 ) ) ;
#10051 = CARTESIAN_POINT ( 'NONE',  ( -46.30940107675852602, -10.00000000000000178, -17.00000000000000000 ) ) ;
#10052 = VECTOR ( 'NONE', #3852, 1000.000000000000000 ) ;
#10053 = EDGE_CURVE ( 'NONE', #3369, #5253, #9311, .T. ) ;
#10054 = EDGE_LOOP ( 'NONE', ( #6495, #3380, #4417, #6022, #6498, #9340 ) ) ;
#10055 = DIRECTION ( 'NONE',  ( -0.0000000000000000000, -0.0000000000000000000, -1.000000000000000000 ) ) ;
#10056 = DIRECTION ( 'NONE',  ( 0.0000000000000000000, -1.000000000000000000, 0.0000000000000000000 ) ) ;
#10057 = ADVANCED_FACE ( 'NONE', ( #4035 ), #9489, .F. ) ;
#10058 = AXIS2_PLACEMENT_3D ( 'NONE', #474, #9631, #6357 ) ;
#10059 = ADVANCED_FACE ( 'NONE', ( #2498 ), #1956, .T. ) ;
#10060 = AXIS2_PLACEMENT_3D ( 'NONE', #1262, #1197, #6956 ) ;
#10061 = CARTESIAN_POINT ( 'NONE',  ( -14.13849031485260710, 1.003749745254980841, -13.49017286388016501 ) ) ;
#10062 = CYLINDRICAL_SURFACE ( 'NONE', #6849, 3.000000000000000000 ) ;
#10063 = DIRECTION ( 'NONE',  ( -1.000000000000000000, 0.0000000000000000000, 0.0000000000000000000 ) ) ;
#10064 = CARTESIAN_POINT ( 'NONE',  ( -48.23596915733151747, -5.651799744477844278, 15.99999999999986500 ) ) ;
#10065 = VECTOR ( 'NONE', #3304, 1000.000000000000000 ) ;
#10066 = CARTESIAN_POINT ( 'NONE',  ( -0.8192951148925901039, 5.300482436767279815, -0.1983443223721599313 ) ) ;
#10067 = ORIENTED_EDGE ( 'NONE', *, *, #1599, .F. ) ;
#10068 = DIRECTION ( 'NONE',  ( -0.0000000000000000000, -0.0000000000000000000, 1.000000000000000000 ) ) ;
#10069 = EDGE_CURVE ( 'NONE', #10339, #10735, #1174, .T. ) ;
#10070 =( LENGTH_UNIT ( ) NAMED_UNIT ( * ) SI_UNIT ( .MILLI., .METRE. ) );
#10071 = CARTESIAN_POINT ( 'NONE',  ( 2.480228988863469208, 22.52444326438036981, 24.99999999999999289 ) ) ;
#10072 = CIRCLE ( 'NONE', #7060, 4.731764117148970605 ) ;
#10073 = CARTESIAN_POINT ( 'NONE',  ( -21.49917307456696136, 0.0000000000000000000, -10.99999999999999822 ) ) ;
#10074 = VECTOR ( 'NONE', #2937, 1000.000000000000000 ) ;
#10075 = DIRECTION ( 'NONE',  ( 1.000000000000000000, 0.0000000000000000000, 0.0000000000000000000 ) ) ;
#10076 = AXIS2_PLACEMENT_3D ( 'NONE', #2397, #8215, #6452 ) ;
#10077 =( GEOMETRIC_REPRESENTATION_CONTEXT ( 3 ) GLOBAL_UNCERTAINTY_ASSIGNED_CONTEXT ( ( #9170 ) ) GLOBAL_UNIT_ASSIGNED_CONTEXT ( ( #6385, #1591, #4846 ) ) REPRESENTATION_CONTEXT ( 'NONE', 'WORKASPACE' ) );
#10078 = ORIENTED_EDGE ( 'NONE', *, *, #7244, .T. ) ;
#10079 = DIRECTION ( 'NONE',  ( -1.000000000000000000, 0.0000000000000000000, 0.0000000000000000000 ) ) ;
#10080 = ORIENTED_EDGE ( 'NONE', *, *, #3105, .F. ) ;
#10081 = ORIENTED_EDGE ( 'NONE', *, *, #5184, .F. ) ;
#10082 = CARTESIAN_POINT ( 'NONE',  ( -18.03304119171566100, 1.458158125889370327, -5.865153144367872606 ) ) ;
#10083 = VERTEX_POINT ( 'NONE', #2026 ) ;
#10084 = EDGE_CURVE ( 'NONE', #6610, #9742, #9767, .T. ) ;
#10085 = VECTOR ( 'NONE', #3913, 1000.000000000000000 ) ;
#10086 = CARTESIAN_POINT ( 'NONE',  ( 0.0000000000000000000, 0.0000000000000000000, 28.00000000000000000 ) ) ;
#10087 = CARTESIAN_POINT ( 'NONE',  ( -47.82037353199806518, -7.212717018593194140, -16.50000000000000000 ) ) ;
#10088 = CARTESIAN_POINT ( 'NONE',  ( 39.26439155837419293, 21.05655294009385514, 1.000000000000000000 ) ) ;
#10089 = CARTESIAN_POINT ( 'NONE',  ( 14.50000000000000533, 0.0000000000000000000, 10.49999999999999822 ) ) ;
#10090 = VERTEX_POINT ( 'NONE', #1110 ) ;
#10091 = ORIENTED_EDGE ( 'NONE', *, *, #1503, .F. ) ;
#10092 = EDGE_LOOP ( 'NONE', ( #3925, #5611, #7643 ) ) ;
#10093 =( GEOMETRIC_REPRESENTATION_CONTEXT ( 3 ) GLOBAL_UNCERTAINTY_ASSIGNED_CONTEXT ( ( #519 ) ) GLOBAL_UNIT_ASSIGNED_CONTEXT ( ( #10172, #9294, #1112 ) ) REPRESENTATION_CONTEXT ( 'NONE', 'WORKASPACE' ) );
#10094 = CARTESIAN_POINT ( 'NONE',  ( 0.0000000000000000000, 0.0000000000000000000, 0.0000000000000000000 ) ) ;
#10095 = SURFACE_STYLE_FILL_AREA ( #5125 ) ;
#10096 = EDGE_LOOP ( 'NONE', ( #9296, #10381, #5281 ) ) ;
#10097 = STYLED_ITEM ( 'NONE', ( #5811 ), #3599 ) ;
#10098 = VERTEX_POINT ( 'NONE', #10170 ) ;
#10099 = VERTEX_POINT ( 'NONE', #10202 ) ;
#10100 = CARTESIAN_POINT ( 'NONE',  ( -13.36890694743919639, -1.848260533399646688, -15.17631514531533732 ) ) ;
#10101 = DIRECTION ( 'NONE',  ( 0.0000000000000000000, 1.000000000000000000, 0.0000000000000000000 ) ) ;
#10102 = CARTESIAN_POINT ( 'NONE',  ( 6.451550260358742683, 4.000000000000000000, 1.181404986994633255 ) ) ;
#10103 = EDGE_LOOP ( 'NONE', ( #166, #472 ) ) ;
#10104 = VECTOR ( 'NONE', #7445, 1000.000000000000000 ) ;
#10105 = ORIENTED_EDGE ( 'NONE', *, *, #6815, .T. ) ;
#10106 = VERTEX_POINT ( 'NONE', #7681 ) ;
#10107 = CIRCLE ( 'NONE', #7018, 5.999999999999998224 ) ;
#10108 = DIRECTION ( 'NONE',  ( 0.0000000000000000000, 0.0000000000000000000, -1.000000000000000000 ) ) ;
#10109 = EDGE_CURVE ( 'NONE', #1413, #10596, #10639, .T. ) ;
#10110 = AXIS2_PLACEMENT_3D ( 'NONE', #8724, #4597, #1201 ) ;
#10111 = ORIENTED_EDGE ( 'NONE', *, *, #582, .F. ) ;
#10112 = CARTESIAN_POINT ( 'NONE',  ( -3.000000000000000000, 3.673940397442059868E-16, -6.099999999999997868 ) ) ;
#10113 = ADVANCED_FACE ( 'NONE', ( #7534 ), #1942, .F. ) ;
#10114 = COLOUR_RGB ( '',1.000000000000000000, 0.3098039215686274606, 0.0000000000000000000 ) ;
#10115 = VERTEX_POINT ( 'NONE', #9366 ) ;
#10116 = ORIENTED_EDGE ( 'NONE', *, *, #8394, .T. ) ;
#10117 = CARTESIAN_POINT ( 'NONE',  ( 40.09677361445984189, 21.62886453447135438, 2.038883778903667565 ) ) ;
#10118 = CONICAL_SURFACE ( 'NONE', #5501, 14.88882382602189303, 0.1664505954745215122 ) ;
#10119 = CARTESIAN_POINT ( 'NONE',  ( -9.977753031397178063, -34.18083139256186342, 17.33333333333333570 ) ) ;
#10120 = CARTESIAN_POINT ( 'NONE',  ( 4.250000000000000000, 0.0000000000000000000, 0.0000000000000000000 ) ) ;
#10121 = CARTESIAN_POINT ( 'NONE',  ( -46.30940107675852602, -10.00000000000000178, -17.00000000000000000 ) ) ;
#10122 = CARTESIAN_POINT ( 'NONE',  ( -47.75476521102635985, -13.28635162781927015, 16.50000000000000000 ) ) ;
#10123 = CYLINDRICAL_SURFACE ( 'NONE', #2590, 18.00000000000000355 ) ;
#10124 = ORIENTED_EDGE ( 'NONE', *, *, #10669, .T. ) ;
#10125 = DIRECTION ( 'NONE',  ( 0.08956406980272263452, 0.9959810627719650755, -1.206748695074240352E-17 ) ) ;
#10126 = EDGE_CURVE ( 'NONE', #1296, #9480, #931, .T. ) ;
#10127 = EDGE_CURVE ( 'NONE', #9529, #2820, #147, .T. ) ;
#10128 = EDGE_LOOP ( 'NONE', ( #6475, #6868, #1534 ) ) ;
#10129 = SURFACE_STYLE_FILL_AREA ( #7438 ) ;
#10130 = CARTESIAN_POINT ( 'NONE',  ( 5.000000000000000000, 0.0000000000000000000, 0.0000000000000000000 ) ) ;
#10131 = CARTESIAN_POINT ( 'NONE',  ( 1.000000000000000888, 0.0000000000000000000, 7.000000000000000000 ) ) ;
#10132 = CARTESIAN_POINT ( 'NONE',  ( -12.49353813640039768, 0.4983673627034123088, -15.48693445011468484 ) ) ;
#10133 = CARTESIAN_POINT ( 'NONE',  ( 4.918498210889838518, 20.73000000000394394, 0.8072821444354805198 ) ) ;
#10134 = CARTESIAN_POINT ( 'NONE',  ( -10.30818243714793603, -2.027621719698599723, -17.13914540720556801 ) ) ;
#10135 = ORIENTED_EDGE ( 'NONE', *, *, #8012, .T. ) ;
#10136 = ORIENTED_EDGE ( 'NONE', *, *, #9733, .F. ) ;
#10137 = VERTEX_POINT ( 'NONE', #10241 ) ;
#10138 = MANIFOLD_SOLID_BREP ( 'HeadFillet', #941 ) ;
#10139 = AXIS2_PLACEMENT_3D ( 'NONE', #1251, #7054, #3767 ) ;
#10140 = CARTESIAN_POINT ( 'NONE',  ( -12.79648567316093555, -2.790770497430806962, 15.61935086351888735 ) ) ;
#10141 = DIRECTION ( 'NONE',  ( -0.0000000000000000000, -0.0000000000000000000, 1.000000000000000000 ) ) ;
#10142 = CARTESIAN_POINT ( 'NONE',  ( -46.25609191076274129, -8.273327236834287390, 17.00000000000000000 ) ) ;
#10143 = CARTESIAN_POINT ( 'NONE',  ( 4.000000000000000000, 2.886751345948122438, -5.000000000000000000 ) ) ;
#10144 = SURFACE_SIDE_STYLE ('',( #10598 ) ) ;
#10145 = EDGE_CURVE ( 'NONE', #1315, #10090, #5329, .T. ) ;
#10146 = CARTESIAN_POINT ( 'NONE',  ( 39.02254043520125748, 22.02686630917622779, 2.999999999999999556 ) ) ;
#10147 = FACE_OUTER_BOUND ( 'NONE', #1453, .T. ) ;
#10148 = CIRCLE ( 'NONE', #9120, 0.9999999999999983347 ) ;
#10149 =( GEOMETRIC_REPRESENTATION_CONTEXT ( 3 ) GLOBAL_UNCERTAINTY_ASSIGNED_CONTEXT ( ( #4559 ) ) GLOBAL_UNIT_ASSIGNED_CONTEXT ( ( #3700, #2813, #10341 ) ) REPRESENTATION_CONTEXT ( 'NONE', 'WORKASPACE' ) );
#10150 = DIRECTION ( 'NONE',  ( -0.0000000000000000000, -1.000000000000000000, -0.0000000000000000000 ) ) ;
#10151 = CARTESIAN_POINT ( 'NONE',  ( -13.32241048515421511, -1.861793221056348591, 15.19366262257695155 ) ) ;
#10152 = EDGE_LOOP ( 'NONE', ( #9376, #2830, #8549, #3475, #4169, #625, #2949, #5352 ) ) ;
#10153 = CARTESIAN_POINT ( 'NONE',  ( -46.30940107675852602, -10.00000000000000178, 17.00000000000000000 ) ) ;
#10154 = PLANE ( 'NONE',  #7836 ) ;
#10155 = LINE ( 'NONE', #7442, #9927 ) ;
#10156 = CARTESIAN_POINT ( 'NONE',  ( 10.04704957030942225, 19.11813772300486747, 1.500000000000000000 ) ) ;
#10157 = ADVANCED_FACE ( 'NONE', ( #4164 ), #3516, .T. ) ;
#10158 = CIRCLE ( 'NONE', #9665, 15.37500000000000178 ) ;
#10159 = CARTESIAN_POINT ( 'NONE',  ( -13.32003276753282961, -1.864829875383656299, -15.19532885445537751 ) ) ;
#10160 = CARTESIAN_POINT ( 'NONE',  ( 0.08165819712376795603, -3.720292241887084295, 3.556264818047239373 ) ) ;
#10161 = CARTESIAN_POINT ( 'NONE',  ( -31.74999999999995737, 0.0000000000000000000, 4.999999999999999112 ) ) ;
#10162 = EDGE_CURVE ( 'NONE', #2096, #3015, #2090, .T. ) ;
#10163 = AXIS2_PLACEMENT_3D ( 'NONE', #6203, #8726, #1232 ) ;
#10164 = CARTESIAN_POINT ( 'NONE',  ( 5.000000000000000000, 0.0000000000000000000, 0.0000000000000000000 ) ) ;
#10165 = VECTOR ( 'NONE', #1998, 1000.000000000000114 ) ;
#10166 = CIRCLE ( 'NONE', #8811, 5.999999999999998224 ) ;
#10167 = LINE ( 'NONE', #7364, #3578 ) ;
#10168 = CARTESIAN_POINT ( 'NONE',  ( 0.0000000000000000000, 7.999999999999998224, 0.0000000000000000000 ) ) ;
#10169 = VECTOR ( 'NONE', #9974, 1000.000000000000000 ) ;
#10170 = CARTESIAN_POINT ( 'NONE',  ( -3.372500267112788830, 4.000000000000000000, 4.962483445647369429 ) ) ;
#10171 = EDGE_LOOP ( 'NONE', ( #2329, #2847, #1741, #2339 ) ) ;
#10172 =( LENGTH_UNIT ( ) NAMED_UNIT ( * ) SI_UNIT ( .MILLI., .METRE. ) );
#10173 = CARTESIAN_POINT ( 'NONE',  ( -9.977753031397178063, -34.18083139256186342, -17.33333333333333570 ) ) ;
#10174 = EDGE_CURVE ( 'NONE', #9742, #3357, #4673, .T. ) ;
#10175 = EDGE_CURVE ( 'NONE', #4374, #9756, #8300, .T. ) ;
#10176 = FACE_OUTER_BOUND ( 'NONE', #1668, .T. ) ;
#10177 = CARTESIAN_POINT ( 'NONE',  ( -31.74999999999995737, 0.0000000000000000000, 0.0000000000000000000 ) ) ;
#10178 = ORIENTED_EDGE ( 'NONE', *, *, #3608, .T. ) ;
#10179 = DIRECTION ( 'NONE',  ( 0.0000000000000000000, -1.000000000000000000, 0.0000000000000000000 ) ) ;
#10180 = CARTESIAN_POINT ( 'NONE',  ( -10.88955279512689600, -0.06332431184479403452, 16.77955419788911229 ) ) ;
#10181 = FACE_OUTER_BOUND ( 'NONE', #9016, .T. ) ;
#10182 = CARTESIAN_POINT ( 'NONE',  ( -9.000000000000000000, 1.224646799147353256E-15, 7.500000000000000000 ) ) ;
#10183 = CARTESIAN_POINT ( 'NONE',  ( -22.49999999999990763, 12.99038105676663513, -20.00000000000000355 ) ) ;
#10184 = EDGE_CURVE ( 'NONE', #5174, #5194, #6880, .T. ) ;
#10185 = FACE_OUTER_BOUND ( 'NONE', #10210, .T. ) ;
#10186 = CIRCLE ( 'NONE', #8414, 16.70937711986405461 ) ;
#10187 = CARTESIAN_POINT ( 'NONE',  ( -14.96662954709571913, -4.903498758532268909, -16.00000000000002132 ) ) ;
#10188 = DIRECTION ( 'NONE',  ( -1.000000000000000000, 0.0000000000000000000, 0.0000000000000000000 ) ) ;
#10189 = AXIS2_PLACEMENT_3D ( 'NONE', #9673, #7192, #7936 ) ;
#10190 = DIRECTION ( 'NONE',  ( 1.000000000000000000, 0.0000000000000000000, 0.0000000000000000000 ) ) ;
#10191 = AXIS2_PLACEMENT_3D ( 'NONE', #838, #7453, #872 ) ;
#10192 = CARTESIAN_POINT ( 'NONE',  ( -13.85180196201027236, -1.697730444659648175, -14.98543988470625266 ) ) ;
#10193 = ORIENTED_EDGE ( 'NONE', *, *, #5783, .T. ) ;
#10194 = DIRECTION ( 'NONE',  ( -0.0000000000000000000, -0.0000000000000000000, 1.000000000000000000 ) ) ;
#10195 = DIRECTION ( 'NONE',  ( 0.0000000000000000000, 0.0000000000000000000, 1.000000000000000000 ) ) ;
#10196 = VERTEX_POINT ( 'NONE', #4523 ) ;
#10197 = VERTEX_POINT ( 'NONE', #7143 ) ;
#10198 = DIRECTION ( 'NONE',  ( -0.0000000000000000000, -0.0000000000000000000, -1.000000000000000000 ) ) ;
#10199 = EDGE_CURVE ( 'NONE', #3212, #4299, #9478, .T. ) ;
#10200 = CARTESIAN_POINT ( 'NONE',  ( -34.27928954496371006, -3.936665024975785077, -15.88731709901189326 ) ) ;
#10201 = ORIENTED_EDGE ( 'NONE', *, *, #3748, .F. ) ;
#10202 = CARTESIAN_POINT ( 'NONE',  ( 5.000000000000000000, -3.474926932685058478, 2.006250000000004974 ) ) ;
#10203 =( NAMED_UNIT ( * ) PLANE_ANGLE_UNIT ( ) SI_UNIT ( $, .RADIAN. ) );
#10204 = AXIS2_PLACEMENT_3D ( 'NONE', #7512, #8344, #5907 ) ;
#10205 = ORIENTED_EDGE ( 'NONE', *, *, #2431, .T. ) ;
#10206 = ORIENTED_EDGE ( 'NONE', *, *, #1855, .T. ) ;
#10207 = DIRECTION ( 'NONE',  ( 0.8660254037844379305, 0.5000000000000011102, 0.0000000000000000000 ) ) ;
#10208 = STYLED_ITEM ( 'NONE', ( #5726 ), #10265 ) ;
#10209 = ADVANCED_FACE ( 'NONE', ( #3120 ), #9356, .F. ) ;
#10210 = EDGE_LOOP ( 'NONE', ( #10366, #996, #2540, #6641, #3529 ) ) ;
#10211 = CARTESIAN_POINT ( 'NONE',  ( -8.466268821548077028, -33.37858724223697493, -15.88936732919291117 ) ) ;
#10212 = VERTEX_POINT ( 'NONE', #6190 ) ;
#10213 = EDGE_CURVE ( 'NONE', #1884, #2109, #5066, .T. ) ;
#10214 = CARTESIAN_POINT ( 'NONE',  ( -18.33167188159456629, 1.458214355817945673, -4.801811093098149463 ) ) ;
#10215 = CARTESIAN_POINT ( 'NONE',  ( -16.36918847266223764, -3.335682753108410559, 15.71487528968160419 ) ) ;
#10216 = CARTESIAN_POINT ( 'NONE',  ( -47.05368789885406500, -11.58992729618035256, 17.00000000000000000 ) ) ;
#10217 = DIRECTION ( 'NONE',  ( 0.0000000000000000000, -0.0000000000000000000, -1.000000000000000000 ) ) ;
#10218 = ORIENTED_EDGE ( 'NONE', *, *, #7111, .F. ) ;
#10219 = DIRECTION ( 'NONE',  ( 1.000000000000000000, 0.0000000000000000000, 0.0000000000000000000 ) ) ;
#10220 = ORIENTED_EDGE ( 'NONE', *, *, #7913, .T. ) ;
#10221 = EDGE_LOOP ( 'NONE', ( #217, #2640, #23, #6597, #9404, #6981 ) ) ;
#10222 = PRODUCT_DEFINITION ( 'UNKNOWN', '', #8228, #2837 ) ;
#10223 = CARTESIAN_POINT ( 'NONE',  ( 3.139723329661251672, 22.27375481623291620, 2.978925980103667381 ) ) ;
#10224 = EDGE_CURVE ( 'NONE', #10106, #4584, #2218, .T. ) ;
#10225 = VERTEX_POINT ( 'NONE', #7105 ) ;
#10226 = AXIS2_PLACEMENT_3D ( 'NONE', #1081, #8453, #5988 ) ;
#10227 = VECTOR ( 'NONE', #1414, 1000.000000000000000 ) ;
#10228 = ORIENTED_EDGE ( 'NONE', *, *, #1175, .T. ) ;
#10229 = CARTESIAN_POINT ( 'NONE',  ( -12.72174440942275808, 0.5699984779537478063, -15.25571257211850806 ) ) ;
#10230 = CARTESIAN_POINT ( 'NONE',  ( 5.000000000000000000, -4.633235910246749079, 4.336808689942017736E-15 ) ) ;
#10231 = FACE_OUTER_BOUND ( 'NONE', #10603, .T. ) ;
#10232 = ORIENTED_EDGE ( 'NONE', *, *, #7358, .F. ) ;
#10233 = LINE ( 'NONE', #4455, #1049 ) ;
#10234 = ORIENTED_EDGE ( 'NONE', *, *, #7646, .F. ) ;
#10235 = CARTESIAN_POINT ( 'NONE',  ( -15.98762274053555998, -3.577182021362981690, 15.79525166689914961 ) ) ;
#10236 = CIRCLE ( 'NONE', #1116, 9.000000000000000000 ) ;
#10237 = VERTEX_POINT ( 'NONE', #468 ) ;
#10238 = FACE_OUTER_BOUND ( 'NONE', #4162, .T. ) ;
#10239 = CARTESIAN_POINT ( 'NONE',  ( 5.000000000000000000, 2.316617955123373651, 4.012499999999993960 ) ) ;
#10240 = EDGE_CURVE ( 'NONE', #1448, #1412, #7141, .T. ) ;
#10241 = CARTESIAN_POINT ( 'NONE',  ( 3.500000000000000000, -2.886751345948136205, -5.000000000000000888 ) ) ;
#10242 = AXIS2_PLACEMENT_3D ( 'NONE', #9181, #7465, #5083 ) ;
#10243 =( LENGTH_UNIT ( ) NAMED_UNIT ( * ) SI_UNIT ( .MILLI., .METRE. ) );
#10244 = DIRECTION ( 'NONE',  ( -1.000000000000000000, 0.0000000000000000000, -0.0000000000000000000 ) ) ;
#10245 = CARTESIAN_POINT ( 'NONE',  ( 13.01405725182183204, 2.452143627986183905, -15.21680642875023715 ) ) ;
#10246 = CARTESIAN_POINT ( 'NONE',  ( 4.000000000000000000, 0.0000000000000000000, 5.000000000000000000 ) ) ;
#10247 = DIRECTION ( 'NONE',  ( 1.000000000000000000, 0.0000000000000000000, -0.0000000000000000000 ) ) ;
#10248 = VERTEX_POINT ( 'NONE', #8841 ) ;
#10249 = CARTESIAN_POINT ( 'NONE',  ( 2.248201624865941205E-15, -16.19999999999999218, -20.00000000000000355 ) ) ;
#10250 = ORIENTED_EDGE ( 'NONE', *, *, #8875, .T. ) ;
#10251 = ORIENTED_EDGE ( 'NONE', *, *, #6751, .F. ) ;
#10252 = VERTEX_POINT ( 'NONE', #585 ) ;
#10253 = VECTOR ( 'NONE', #5559, 1000.000000000000114 ) ;
#10254 = CARTESIAN_POINT ( 'NONE',  ( -17.89727044843638026, 1.458137573359555406, -6.234642193908806362 ) ) ;
#10255 = CARTESIAN_POINT ( 'NONE',  ( -16.47753168395926693, 1.457992669154378973, -9.399853212548949344 ) ) ;
#10256 = CARTESIAN_POINT ( 'NONE',  ( 10.40000000000000036, 0.0000000000000000000, 0.0000000000000000000 ) ) ;
#10257 = CARTESIAN_POINT ( 'NONE',  ( -1.877607434884280391, 4.773566224282064674, 3.000000000000000000 ) ) ;
#10258 = CARTESIAN_POINT ( 'NONE',  ( 5.072652694264751183, 20.14528961632160176, 0.7230530608484633248 ) ) ;
#10259 = EDGE_CURVE ( 'NONE', #2165, #2742, #9099, .T. ) ;
#10260 = AXIS2_PLACEMENT_3D ( 'NONE', #77, #7397, #4972 ) ;
#10261 = ORIENTED_EDGE ( 'NONE', *, *, #3966, .T. ) ;
#10262 = DIRECTION ( 'NONE',  ( 0.9306005987039487337, 0.3660362354902201854, 0.0000000000000000000 ) ) ;
#10263 =( BOUNDED_CURVE ( )  B_SPLINE_CURVE ( 3, ( #7019, #8781, #7051, #6262 ),
 .UNSPECIFIED., .F., .F. ) 
 B_SPLINE_CURVE_WITH_KNOTS ( ( 4, 4 ),
 ( 4.440245128139935105, 4.712388980384689674 ),
 .UNSPECIFIED. ) 
 CURVE ( )  GEOMETRIC_REPRESENTATION_ITEM ( )  RATIONAL_B_SPLINE_CURVE ( ( 1.000000000000000000, 0.9938376607176927502, 0.9938376607176927502, 1.000000000000000000 ) ) 
 REPRESENTATION_ITEM ( '' )  );
#10264 = EDGE_LOOP ( 'NONE', ( #9983, #8801, #9362, #1159 ) ) ;
#10265 = ADVANCED_FACE ( 'NONE', ( #2840, #1827 ), #8045, .T. ) ;
#10266 = CARTESIAN_POINT ( 'NONE',  ( -49.11713620887982756, -6.166423948098251451, -16.00000000000000000 ) ) ;
#10267 = DIRECTION ( 'NONE',  ( 1.000000000000000000, 0.0000000000000000000, 0.0000000000000000000 ) ) ;
#10268 = CARTESIAN_POINT ( 'NONE',  ( -49.22070958161015852, -6.246763691215470260, -16.00000000000000000 ) ) ;
#10269 = LINE ( 'NONE', #7062, #5881 ) ;
#10270 = EDGE_CURVE ( 'NONE', #9216, #4712, #5587, .T. ) ;
#10271 = AXIS2_PLACEMENT_3D ( 'NONE', #2239, #487, #3065 ) ;
#10272 = ORIENTED_EDGE ( 'NONE', *, *, #2647, .F. ) ;
#10273 = AXIS2_PLACEMENT_3D ( 'NONE', #8310, #718, #7336 ) ;
#10274 = CARTESIAN_POINT ( 'NONE',  ( -12.00000000000000711, -16.19999999999999218, 16.00000000000000000 ) ) ;
#10275 = CARTESIAN_POINT ( 'NONE',  ( 5.000000000000000000, 4.633235910246737532, -7.806255641895631925E-15 ) ) ;
#10276 = COLOUR_RGB ( '',0.7921568627450980005, 0.8196078431372548767, 0.9333333333333333481 ) ;
#10277 = TOROIDAL_SURFACE ( 'NONE', #2985, 14.50000000000000533, 3.000000000000000000 ) ;
#10278 = CARTESIAN_POINT ( 'NONE',  ( -8.205863805607425749E-15, 0.9999999999999799050, 3.753056716313952056E-15 ) ) ;
#10279 = DIRECTION ( 'NONE',  ( -0.0000000000000000000, -0.0000000000000000000, 1.000000000000000000 ) ) ;
#10280 = CARTESIAN_POINT ( 'NONE',  ( 5.000000000000000000, 2.419979747126332459, -0.3118366332702868782 ) ) ;
#10281 = CARTESIAN_POINT ( 'NONE',  ( -15.02770316686227581, -4.620355997830671413, 15.98832349111977180 ) ) ;
#10282 = CARTESIAN_POINT ( 'NONE',  ( 25.44734990167305000, 10.69999999999999929, 26.50000000000000000 ) ) ;
#10283 = ORIENTED_EDGE ( 'NONE', *, *, #4610, .F. ) ;
#10284 = CARTESIAN_POINT ( 'NONE',  ( 10.00000000000000000, 2.000000000000000000, 0.0000000000000000000 ) ) ;
#10285 = MECHANICAL_DESIGN_GEOMETRIC_PRESENTATION_REPRESENTATION (  '', ( #2186 ), #1969 ) ;
#10286 = CARTESIAN_POINT ( 'NONE',  ( -24.14187789506895143, 5.204170427930421283E-15, -1.926571033099248265 ) ) ;
#10287 = CARTESIAN_POINT ( 'NONE',  ( -15.25797298990567441, 1.299645045085388695, -11.67337274756437537 ) ) ;
#10288 = CARTESIAN_POINT ( 'NONE',  ( -23.76196220023349781, -5.204170427930422072E-15, 4.421837861207223774 ) ) ;
#10289 = AXIS2_PLACEMENT_3D ( 'NONE', #4159, #3463, #5887 ) ;
#10290 = VECTOR ( 'NONE', #4616, 1000.000000000000000 ) ;
#10291 = CARTESIAN_POINT ( 'NONE',  ( 2.081899558550500280E-15, -0.9956277796461907581, 17.00000000000000000 ) ) ;
#10292 = PLANE ( 'NONE',  #8938 ) ;
#10293 = PRODUCT_DEFINITION_CONTEXT ( 'detailed design', #8798, 'design' ) ;
#10294 = CARTESIAN_POINT ( 'NONE',  ( 0.4465819873849492527, -2.886751345948519010, -5.000000000000000888 ) ) ;
#10295 = CARTESIAN_POINT ( 'NONE',  ( 11.00000000000000000, 0.0000000000000000000, 9.500000000000000000 ) ) ;
#10296 = FACE_OUTER_BOUND ( 'NONE', #3557, .T. ) ;
#10297 = CARTESIAN_POINT ( 'NONE',  ( 2.500000000000006217, -4.330127018922190985, -6.099999999999999645 ) ) ;
#10298 = DIRECTION ( 'NONE',  ( -0.0000000000000000000, -1.000000000000000000, 1.310430179583815370E-15 ) ) ;
#10299 = CIRCLE ( 'NONE', #9590, 31.26025732058002049 ) ;
#10300 = FACE_OUTER_BOUND ( 'NONE', #10663, .T. ) ;
#10301 = EDGE_CURVE ( 'NONE', #6105, #773, #1162, .T. ) ;
#10302 = ORIENTED_EDGE ( 'NONE', *, *, #6461, .F. ) ;
#10303 = AXIS2_PLACEMENT_3D ( 'NONE', #10282, #2787, #3635 ) ;
#10304 = DIRECTION ( 'NONE',  ( 0.0000000000000000000, 0.0000000000000000000, -1.000000000000000000 ) ) ;
#10305 = CARTESIAN_POINT ( 'NONE',  ( 3.000000000000000000, 0.0000000000000000000, -25.03750572909317285 ) ) ;
#10306 = CONTEXT_DEPENDENT_SHAPE_REPRESENTATION ( #7216, #3205 ) ;
#10307 = CYLINDRICAL_SURFACE ( 'NONE', #184, 2.499999999999998668 ) ;
#10308 = FACE_OUTER_BOUND ( 'NONE', #5569, .T. ) ;
#10309 = CARTESIAN_POINT ( 'NONE',  ( -3.161591170589415127E-15, -11.50614029630710888, -1.918197578804808213E-15 ) ) ;
#10310 = CARTESIAN_POINT ( 'NONE',  ( 40.22270878644206249, 21.34225924101898642, 2.000000000000000000 ) ) ;
#10311 = CARTESIAN_POINT ( 'NONE',  ( 8.788349632960986924, 3.226023196415221950, -9.521141061632224734 ) ) ;
#10312 = CARTESIAN_POINT ( 'NONE',  ( -13.94163180620230591, -25.00000000000000000, 0.0000000000000000000 ) ) ;
#10313 = CARTESIAN_POINT ( 'NONE',  ( 8.610318235031920509, 20.11813772300484615, 0.0000000000000000000 ) ) ;
#10314 = CARTESIAN_POINT ( 'NONE',  ( 0.0000000000000000000, 0.0000000000000000000, 0.0000000000000000000 ) ) ;
#10315 = ADVANCED_FACE ( 'NONE', ( #1433, #269 ), #6211, .T. ) ;
#10316 = EDGE_CURVE ( 'NONE', #4670, #8044, #2456, .T. ) ;
#10317 = DIRECTION ( 'NONE',  ( -1.000000000000000000, 0.0000000000000000000, 0.0000000000000000000 ) ) ;
#10318 = EDGE_CURVE ( 'NONE', #4912, #2629, #1042, .T. ) ;
#10319 = CIRCLE ( 'NONE', #3187, 10.00000000000000178 ) ;
#10320 = UNCERTAINTY_MEASURE_WITH_UNIT (LENGTH_MEASURE( 1.000000000000000082E-05 ), #8273, 'distance_accuracy_value', 'NONE');
#10321 = DIRECTION ( 'NONE',  ( 0.0000000000000000000, 0.0000000000000000000, -1.000000000000000000 ) ) ;
#10322 = CARTESIAN_POINT ( 'NONE',  ( -18.45177266664516935, -1.629922180957525280, 14.70296110505842080 ) ) ;
#10323 = DIRECTION ( 'NONE',  ( 0.0000000000000000000, 0.0000000000000000000, 1.000000000000000000 ) ) ;
#10324 = VERTEX_POINT ( 'NONE', #7906 ) ;
#10325 = SPHERICAL_SURFACE ( 'NONE', #6565, 1.000000000000000000 ) ;
#10326 = ORIENTED_EDGE ( 'NONE', *, *, #10361, .F. ) ;
#10327 = DIRECTION ( 'NONE',  ( 0.0000000000000000000, 0.0000000000000000000, 1.000000000000000000 ) ) ;
#10328 = ORIENTED_EDGE ( 'NONE', *, *, #1664, .F. ) ;
#10329 = AXIS2_PLACEMENT_3D ( 'NONE', #3512, #1806, #9316 ) ;
#10330 = CARTESIAN_POINT ( 'NONE',  ( 9.551946193370158156, 3.226071813993091730, -8.776808820993140969 ) ) ;
#10331 = AXIS2_PLACEMENT_3D ( 'NONE', #9534, #2060, #9499 ) ;
#10332 = EDGE_LOOP ( 'NONE', ( #8034, #3266 ) ) ;
#10333 = ORIENTED_EDGE ( 'NONE', *, *, #9547, .F. ) ;
#10334 = DIRECTION ( 'NONE',  ( -0.0000000000000000000, -1.000000000000000000, -0.0000000000000000000 ) ) ;
#10335 = ORIENTED_EDGE ( 'NONE', *, *, #8187, .F. ) ;
#10336 = ORIENTED_EDGE ( 'NONE', *, *, #1785, .F. ) ;
#10337 = DIRECTION ( 'NONE',  ( 0.0000000000000000000, 0.0000000000000000000, -1.000000000000000000 ) ) ;
#10338 = EDGE_LOOP ( 'NONE', ( #4020, #4321, #9113, #9452, #8054 ) ) ;
#10339 = VERTEX_POINT ( 'NONE', #7079 ) ;
#10340 = CARTESIAN_POINT ( 'NONE',  ( -19.86955940370656748, -0.2146186183978573969, 12.45546361285165737 ) ) ;
#10341 =( NAMED_UNIT ( * ) SI_UNIT ( $, .STERADIAN. ) SOLID_ANGLE_UNIT ( ) );
#10342 = CARTESIAN_POINT ( 'NONE',  ( 0.04320752586819831542, 0.9836842030436153683, 4.999999999999999112 ) ) ;
#10343 = CARTESIAN_POINT ( 'NONE',  ( 8.525606599785488626, 3.226023196415221950, -9.763662165376389979 ) ) ;
#10344 = EDGE_LOOP ( 'NONE', ( #4313, #3467, #2591 ) ) ;
#10345 = CARTESIAN_POINT ( 'NONE',  ( 0.0000000000000000000, 0.7367339822379570524, 0.0000000000000000000 ) ) ;
#10346 = DIRECTION ( 'NONE',  ( -1.000000000000000000, 0.0000000000000000000, 1.734723475976807094E-15 ) ) ;
#10347 = CYLINDRICAL_SURFACE ( 'NONE', #9135, 4.999999999999999112 ) ;
#10348 = CARTESIAN_POINT ( 'NONE',  ( -4.336808689942017736E-16, 21.88813772300484928, 24.99999999999999289 ) ) ;
#10349 = ORIENTED_EDGE ( 'NONE', *, *, #822, .T. ) ;
#10350 = VECTOR ( 'NONE', #8645, 1000.000000000000000 ) ;
#10351 = DIRECTION ( 'NONE',  ( 0.8775487755845257087, 0.0000000000000000000, 0.4794873788433848816 ) ) ;
#10352 = VECTOR ( 'NONE', #1179, 999.9999999999998863 ) ;
#10353 = ORIENTED_EDGE ( 'NONE', *, *, #9031, .T. ) ;
#10354 = CARTESIAN_POINT ( 'NONE',  ( -17.59221550009817037, -2.469265600608880895, 15.31950497320098492 ) ) ;
#10355 = EDGE_LOOP ( 'NONE', ( #10451, #8188, #8533, #2793 ) ) ;
#10356 = CARTESIAN_POINT ( 'NONE',  ( -25.69999999999999929, 1.500000000000000000, -5.150000000000001243 ) ) ;
#10357 = CARTESIAN_POINT ( 'NONE',  ( -11.68467673471809221, -0.6015681336337466156, 16.26137430268798667 ) ) ;
#10358 = ORIENTED_EDGE ( 'NONE', *, *, #10318, .T. ) ;
#10359 = CARTESIAN_POINT ( 'NONE',  ( -48.57583265857833510, -5.819069231174260892, -16.00000000000000000 ) ) ;
#10360 = CARTESIAN_POINT ( 'NONE',  ( -7.118449302602197548, -32.31055268242869971, -16.53262470167040021 ) ) ;
#10361 = EDGE_CURVE ( 'NONE', #2096, #7501, #6028, .T. ) ;
#10362 = ADVANCED_FACE ( 'NONE', ( #9618, #2982 ), #1238, .F. ) ;
#10363 = DIRECTION ( 'NONE',  ( 0.0000000000000000000, 0.0000000000000000000, 1.000000000000000000 ) ) ;
#10364 = DIRECTION ( 'NONE',  ( 0.0000000000000000000, 0.0000000000000000000, -1.000000000000000000 ) ) ;
#10365 = LINE ( 'NONE', #3889, #4172 ) ;
#10366 = ORIENTED_EDGE ( 'NONE', *, *, #6014, .T. ) ;
#10367 = CARTESIAN_POINT ( 'NONE',  ( -13.31381152600984130, -1.874386822857030843, -15.20057466378377775 ) ) ;
#10368 = CARTESIAN_POINT ( 'NONE',  ( -47.27983724504240826, -8.748921230405159122, -17.00000000000000000 ) ) ;
#10369 = B_SPLINE_CURVE_WITH_KNOTS ( 'NONE', 3,
 ( #8502, #6893, #5939, #7608 ),
 .UNSPECIFIED., .F., .F.,
 ( 4, 4 ),
 ( 2.380735200829041677E-07, 0.002921158011986708155 ),
 .UNSPECIFIED. ) ;
#10370 = ORIENTED_EDGE ( 'NONE', *, *, #9999, .F. ) ;
#10371 = ORIENTED_EDGE ( 'NONE', *, *, #5883, .F. ) ;
#10372 = CIRCLE ( 'NONE', #10488, 3.263979491393262933 ) ;
#10373 = CARTESIAN_POINT ( 'NONE',  ( -33.87316485015981016, -16.19999999999999574, 13.99999999999999645 ) ) ;
#10374 = CARTESIAN_POINT ( 'NONE',  ( -46.30940107675852602, -10.00000000000000178, -17.00000000000000000 ) ) ;
#10375 = EDGE_CURVE ( 'NONE', #1691, #1953, #6372, .T. ) ;
#10376 = EDGE_CURVE ( 'NONE', #7059, #10476, #7526, .T. ) ;
#10377 = CARTESIAN_POINT ( 'NONE',  ( -16.36867270804286889, -3.336000359438830110, 15.71498729544548745 ) ) ;
#10378 = EDGE_LOOP ( 'NONE', ( #5935, #1312, #4662, #3623 ) ) ;
#10379 = AXIS2_PLACEMENT_3D ( 'NONE', #662, #4089, #3958 ) ;
#10380 = EDGE_LOOP ( 'NONE', ( #6450, #2868, #7003 ) ) ;
#10381 = ORIENTED_EDGE ( 'NONE', *, *, #7774, .T. ) ;
#10382 = CARTESIAN_POINT ( 'NONE',  ( -25.69999999999999929, 0.0000000000000000000, 10.84999999999999787 ) ) ;
#10383 = CARTESIAN_POINT ( 'NONE',  ( 7.455833834286335282, 18.95550974818555545, 25.99999999999999645 ) ) ;
#10384 = LINE ( 'NONE', #4752, #1596 ) ;
#10385 = CARTESIAN_POINT ( 'NONE',  ( -23.02078649067387772, 0.0003102306936217958939, 7.027870373026953388 ) ) ;
#10386 = DIRECTION ( 'NONE',  ( 1.347358039593636966E-16, -0.0000000000000000000, 1.000000000000000000 ) ) ;
#10387 = CARTESIAN_POINT ( 'NONE',  ( 40.26439155837420714, 22.42399401296051664, 3.000000000000000000 ) ) ;
#10388 = EDGE_CURVE ( 'NONE', #4584, #8266, #2609, .T. ) ;
#10389 = CARTESIAN_POINT ( 'NONE',  ( 2.500000000000000000, 0.0000000000000000000, -5.724496230895143256 ) ) ;
#10390 = CARTESIAN_POINT ( 'NONE',  ( -18.89520590286984714, -1.091762132925061968, 14.12142871502054575 ) ) ;
#10391 = ORIENTED_EDGE ( 'NONE', *, *, #1019, .F. ) ;
#10392 = CARTESIAN_POINT ( 'NONE',  ( -24.14256651858166691, 8.673617379884038628E-15, 0.5537619009309685536 ) ) ;
#10393 =( BOUNDED_CURVE ( )  B_SPLINE_CURVE ( 3, ( #571, #2197, #1393, #8091 ),
 .UNSPECIFIED., .F., .F. ) 
 B_SPLINE_CURVE_WITH_KNOTS ( ( 4, 4 ),
 ( 4.348487993202134305, 4.712388980384689674 ),
 .UNSPECIFIED. ) 
 CURVE ( )  GEOMETRIC_REPRESENTATION_ITEM ( )  RATIONAL_B_SPLINE_CURVE ( ( 1.000000000000000000, 0.9889950836630800879, 0.9889950836630800879, 1.000000000000000000 ) ) 
 REPRESENTATION_ITEM ( '' )  );
#10394 = CARTESIAN_POINT ( 'NONE',  ( -4.336808689942017736E-16, 5.773502691896262640, -5.653418012614791266 ) ) ;
#10395 = DIRECTION ( 'NONE',  ( -0.0000000000000000000, 0.5000000000000013323, 0.8660254037844379305 ) ) ;
#10396 = DIRECTION ( 'NONE',  ( 1.000000000000000000, 0.0000000000000000000, 0.0000000000000000000 ) ) ;
#10397 = AXIS2_PLACEMENT_3D ( 'NONE', #3277, #1609, #5773 ) ;
#10398 = AXIS2_PLACEMENT_3D ( 'NONE', #2099, #1333, #2255 ) ;
#10399 = TOROIDAL_SURFACE ( 'NONE', #3267, 20.18874136332290803, 1.000000000000000000 ) ;
#10400 = CARTESIAN_POINT ( 'NONE',  ( -47.27983724504240826, -8.748921230405159122, -17.00000000000000000 ) ) ;
#10401 = CARTESIAN_POINT ( 'NONE',  ( 5.450284927228545406, 4.000000000000003553, -2.588263834599851432 ) ) ;
#10402 = CARTESIAN_POINT ( 'NONE',  ( -12.18436256604529788, -34.85028003037037792, -16.38845184912904784 ) ) ;
#10403 = VERTEX_POINT ( 'NONE', #3607 ) ;
#10404 = DIRECTION ( 'NONE',  ( -1.000000000000000000, 0.0000000000000000000, 0.0000000000000000000 ) ) ;
#10405 = CARTESIAN_POINT ( 'NONE',  ( 0.0000000000000000000, 7.119265967618436441, -19.39106233842436566 ) ) ;
#10406 = DIRECTION ( 'NONE',  ( 1.000000000000000000, 0.0000000000000000000, -0.0000000000000000000 ) ) ;
#10407 = CARTESIAN_POINT ( 'NONE',  ( -30.00000000000000355, -2.000000000000000000, -13.99999999999999822 ) ) ;
#10408 = EDGE_CURVE ( 'NONE', #1255, #8857, #391, .T. ) ;
#10409 = AXIS2_PLACEMENT_3D ( 'NONE', #1905, #1070, #7698 ) ;
#10410 = DIRECTION ( 'NONE',  ( -0.0000000000000000000, -0.0000000000000000000, 1.000000000000000000 ) ) ;
#10411 = LINE ( 'NONE', #2932, #10691 ) ;
#10412 = SURFACE_STYLE_USAGE ( .BOTH. , #1562 ) ;
#10413 = LINE ( 'NONE', #4015, #6289 ) ;
#10414 = DIRECTION ( 'NONE',  ( 1.000000000000000000, 0.0000000000000000000, 0.0000000000000000000 ) ) ;
#10415 = VERTEX_POINT ( 'NONE', #1275 ) ;
#10416 = CARTESIAN_POINT ( 'NONE',  ( -21.25235012305799387, -27.00000000000000355, 12.00000000000000178 ) ) ;
#10417 = CARTESIAN_POINT ( 'NONE',  ( 6.240288046239612640, 2.451911830291827243, 21.97505122568147939 ) ) ;
#10418 = CARTESIAN_POINT ( 'NONE',  ( 18.97613226645720985, 0.0000000000000000000, 28.00000000000000000 ) ) ;
#10420 = EDGE_CURVE ( 'NONE', #1999, #350, #135, .T. ) ;
#10419 = DIRECTION ( 'NONE',  ( -1.000000000000000000, 0.0000000000000000000, 0.0000000000000000000 ) ) ;
#10421 = CARTESIAN_POINT ( 'NONE',  ( -22.97550135203259813, 0.0003213457976363536211, 7.163568107955654796 ) ) ;
#10422 = ADVANCED_FACE ( 'NONE', ( #6630 ), #10347, .T. ) ;
#10423 = CIRCLE ( 'NONE', #6658, 2.999999999999999556 ) ;
#10424 = CYLINDRICAL_SURFACE ( 'NONE', #10469, 5.999999999999998224 ) ;
#10425 = FACE_OUTER_BOUND ( 'NONE', #10527, .T. ) ;
#10426 = AXIS2_PLACEMENT_3D ( 'NONE', #6235, #7061, #9544 ) ;
#10427 = VERTEX_POINT ( 'NONE', #1471 ) ;
#10428 = CARTESIAN_POINT ( 'NONE',  ( 0.0000000000000000000, 3.958346224592498963, 0.0000000000000000000 ) ) ;
#10429 = CARTESIAN_POINT ( 'NONE',  ( -11.02754377482863823, 0.03622763236149595389, 16.68851878456848326 ) ) ;
#10430 = CARTESIAN_POINT ( 'NONE',  ( -12.00290912278228994, -6.999999999999999112, 9.000000000000001776 ) ) ;
#10431 = DIRECTION ( 'NONE',  ( 0.0000000000000000000, -0.5000000000000011102, -0.8660254037844379305 ) ) ;
#10432 = EDGE_CURVE ( 'NONE', #1413, #8405, #6081, .T. ) ;
#10433 = AXIS2_PLACEMENT_3D ( 'NONE', #9513, #2891, #4456 ) ;
#10434 = CARTESIAN_POINT ( 'NONE',  ( -12.00000000000000355, -35.00000000000000000, -14.00000000000000000 ) ) ;
#10435 = LINE ( 'NONE', #5951, #5670 ) ;
#10436 = SHAPE_REPRESENTATION ( 'hex nut gradec_din_Hexagon Nut ISO 4034 - M6 - N', ( #8615 ), #4393 ) ;
#10437 = FACE_OUTER_BOUND ( 'NONE', #6085, .T. ) ;
#10438 = FILL_AREA_STYLE ('',( #4656 ) ) ;
#10439 = ORIENTED_EDGE ( 'NONE', *, *, #9926, .F. ) ;
#10440 = DIRECTION ( 'NONE',  ( 0.0000000000000000000, 0.0000000000000000000, 1.000000000000000000 ) ) ;
#10441 = LINE ( 'NONE', #9348, #6315 ) ;
#10442 = DIRECTION ( 'NONE',  ( 1.000000000000000000, 0.0000000000000000000, 1.347358039593636966E-16 ) ) ;
#10443 = CARTESIAN_POINT ( 'NONE',  ( -16.87010755656237038, 1.458017925632497880, 8.632302523536319327 ) ) ;
#10444 = CARTESIAN_POINT ( 'NONE',  ( 0.0000000000000000000, 0.0000000000000000000, -10.50000000000000000 ) ) ;
#10445 = B_SPLINE_CURVE_WITH_KNOTS ( 'NONE', 3,
 ( #3681, #1169, #6907, #5206, #3642, #6133, #10287, #4463, #10255, #6167 ),
 .UNSPECIFIED., .F., .F.,
 ( 4, 2, 2, 2, 4 ),
 ( -5.999999999706693130E-08, 0.002591188762578556636, 0.005182437525157114651, 0.007773686287735673099, 0.01036493505031423068 ),
 .UNSPECIFIED. ) ;
#10446 = SHAPE_DEFINITION_REPRESENTATION ( #7015, #3403 ) ;
#10447 = LINE ( 'NONE', #3639, #3333 ) ;
#10448 = EDGE_CURVE ( 'NONE', #146, #6901, #8167, .T. ) ;
#10450 = LINE ( 'NONE', #686, #7488 ) ;
#10449 = AXIS2_PLACEMENT_3D ( 'NONE', #8879, #9702, #3926 ) ;
#10451 = ORIENTED_EDGE ( 'NONE', *, *, #2821, .F. ) ;
#10452 = CIRCLE ( 'NONE', #2468, 27.38338016777126782 ) ;
#10453 = ORIENTED_EDGE ( 'NONE', *, *, #7806, .T. ) ;
#10454 = DIRECTION ( 'NONE',  ( 0.0000000000000000000, 0.9999518263206896851, 0.009815550820892131323 ) ) ;
#10455 = PRODUCT_CONTEXT ( 'NONE', #4942, 'mechanical' ) ;
#10456 = CARTESIAN_POINT ( 'NONE',  ( 14.00277054303874280, 3.226225713035839604, -1.887726620859621507 ) ) ;
#10457 = FACE_BOUND ( 'NONE', #303, .T. ) ;
#10458 = ORIENTED_EDGE ( 'NONE', *, *, #7750, .F. ) ;
#10459 = CARTESIAN_POINT ( 'NONE',  ( 0.0000000000000000000, 0.0000000000000000000, -10.50000000000000000 ) ) ;
#10460 = ORIENTED_EDGE ( 'NONE', *, *, #7694, .F. ) ;
#10461 = SURFACE_STYLE_USAGE ( .BOTH. , #5516 ) ;
#10462 = PLANE ( 'NONE',  #9796 ) ;
#10463 = CARTESIAN_POINT ( 'NONE',  ( 36.60402920347198119, 20.11813772300484970, 28.00000000000000000 ) ) ;
#10464 = CARTESIAN_POINT ( 'NONE',  ( -4.999999999999999112, -2.417244626924490269, -5.788952927922133007 ) ) ;
#10465 = ORIENTED_EDGE ( 'NONE', *, *, #6305, .F. ) ;
#10466 = EDGE_LOOP ( 'NONE', ( #2247, #6220, #1813, #7166 ) ) ;
#10467 = EDGE_CURVE ( 'NONE', #10427, #7389, #1557, .T. ) ;
#10468 = EDGE_CURVE ( 'NONE', #10629, #9248, #3507, .T. ) ;
#10469 = AXIS2_PLACEMENT_3D ( 'NONE', #791, #6710, #7510 ) ;
#10470 = CARTESIAN_POINT ( 'NONE',  ( 4.918498210889609368, 20.73000000000394394, 27.19271785556439269 ) ) ;
#10471 = ORIENTED_EDGE ( 'NONE', *, *, #7486, .T. ) ;
#10472 = CARTESIAN_POINT ( 'NONE',  ( -17.16174866648381325, -2.802539690721840504, 15.49297820410798288 ) ) ;
#10473 = SURFACE_STYLE_FILL_AREA ( #299 ) ;
#10474 = ORIENTED_EDGE ( 'NONE', *, *, #6790, .T. ) ;
#10475 = CARTESIAN_POINT ( 'NONE',  ( 3.110218135309262610, 22.28012092809542821, 26.15301587523206095 ) ) ;
#10476 = VERTEX_POINT ( 'NONE', #9642 ) ;
#10477 = DIRECTION ( 'NONE',  ( -1.347358039593636966E-16, 0.0000000000000000000, -1.000000000000000000 ) ) ;
#10478 = CARTESIAN_POINT ( 'NONE',  ( -25.69999999999999929, 1.500000000000000000, 8.000000000000000000 ) ) ;
#10479 = VERTEX_POINT ( 'NONE', #6412 ) ;
#10480 = B_SPLINE_CURVE_WITH_KNOTS ( 'NONE', 3,
 ( #8446, #6709, #1751, #8366, #5089, #116, #3448, #5902 ),
 .UNSPECIFIED., .F., .F.,
 ( 4, 2, 2, 4 ),
 ( 0.002921158011986723334, 0.003648658599403075721, 0.004376159186819428108, 0.005831160361652133750 ),
 .UNSPECIFIED. ) ;
#10481 = EDGE_CURVE ( 'NONE', #9852, #1816, #8959, .T. ) ;
#10482 = DIRECTION ( 'NONE',  ( -0.0000000000000000000, -0.0000000000000000000, -1.000000000000000000 ) ) ;
#10483 = DIRECTION ( 'NONE',  ( -0.8775487755845257087, 0.0000000000000000000, -0.4794873788433848816 ) ) ;
#10484 = PRODUCT_DEFINITION_SHAPE ( 'NONE', 'NONE',  #10744 ) ;
#10485 = EDGE_LOOP ( 'NONE', ( #4552, #7026, #2473, #238 ) ) ;
#10486 = ADVANCED_FACE ( 'NONE', ( #8805 ), #6745, .T. ) ;
#10487 = FACE_OUTER_BOUND ( 'NONE', #2746, .T. ) ;
#10488 = AXIS2_PLACEMENT_3D ( 'NONE', #3007, #7101, #9617 ) ;
#10489 = DIRECTION ( 'NONE',  ( -1.000000000000000000, -0.0000000000000000000, 0.0000000000000000000 ) ) ;
#10490 = ORIENTED_EDGE ( 'NONE', *, *, #5795, .F. ) ;
#10491 = AXIS2_PLACEMENT_3D ( 'NONE', #3269, #5085, #5763 ) ;
#10492 = CARTESIAN_POINT ( 'NONE',  ( 5.916483417684626822, 20.73000000000000043, 27.73801097686341066 ) ) ;
#10493 = DIRECTION ( 'NONE',  ( -0.0000000000000000000, -1.000000000000000000, -0.0000000000000000000 ) ) ;
#10494 = CARTESIAN_POINT ( 'NONE',  ( 2.735608441625766662, 20.81213173596538368, 27.99999999999999289 ) ) ;
#10495 = EDGE_LOOP ( 'NONE', ( #10490, #9427, #6605, #6255 ) ) ;
#10496 = ORIENTED_EDGE ( 'NONE', *, *, #10617, .T. ) ;
#10497 = CARTESIAN_POINT ( 'NONE',  ( -11.31370849898476294, -35.00000000000000000, 14.00000000000000000 ) ) ;
#10498 = ORIENTED_EDGE ( 'NONE', *, *, #10022, .F. ) ;
#10499 = EDGE_CURVE ( 'NONE', #7277, #3499, #3763, .T. ) ;
#10500 = CARTESIAN_POINT ( 'NONE',  ( -52.30940107675851891, -10.00000000000000178, 13.99999999999999467 ) ) ;
#10501 = VERTEX_POINT ( 'NONE', #7272 ) ;
#10502 = ADVANCED_FACE ( 'NONE', ( #6501, #4280 ), #3860, .F. ) ;
#10503 = EDGE_LOOP ( 'NONE', ( #8199, #6707, #2708, #538 ) ) ;
#10504 =( NAMED_UNIT ( * ) PLANE_ANGLE_UNIT ( ) SI_UNIT ( $, .RADIAN. ) );
#10505 = FACE_OUTER_BOUND ( 'NONE', #3984, .T. ) ;
#10506 =( REPRESENTATION_RELATIONSHIP ('NONE','NONE', #3297, #3471 ) REPRESENTATION_RELATIONSHIP_WITH_TRANSFORMATION ( #7081 )SHAPE_REPRESENTATION_RELATIONSHIP( ) );
#10507 = CARTESIAN_POINT ( 'NONE',  ( -7.808190172515117489, 2.452154042861337757, -20.42088078030701936 ) ) ;
#10508 = DIRECTION ( 'NONE',  ( 0.0000000000000000000, 1.000000000000000000, 0.0000000000000000000 ) ) ;
#10509 = AXIS2_PLACEMENT_3D ( 'NONE', #688, #8166, #5677 ) ;
#10510 = DIRECTION ( 'NONE',  ( -1.000000000000000000, 0.0000000000000000000, 0.0000000000000000000 ) ) ;
#10511 = DIRECTION ( 'NONE',  ( -0.0000000000000000000, -0.0000000000000000000, 1.000000000000000000 ) ) ;
#10512 = CIRCLE ( 'NONE', #8831, 4.999999999999999112 ) ;
#10513 = ORIENTED_EDGE ( 'NONE', *, *, #3954, .T. ) ;
#10514 = DIRECTION ( 'NONE',  ( -0.3660362354902210735, -0.9306005987039485117, 0.0000000000000000000 ) ) ;
#10515 = AXIS2_PLACEMENT_3D ( 'NONE', #6713, #2593, #1822 ) ;
#10516 = CONICAL_SURFACE ( 'NONE', #8146, 17.00000000000000000, 0.4406694632097086228 ) ;
#10517 = DIRECTION ( 'NONE',  ( -0.0000000000000000000, -0.0000000000000000000, 1.000000000000000000 ) ) ;
#10518 = VECTOR ( 'NONE', #8340, 1000.000000000000000 ) ;
#10519 = DIRECTION ( 'NONE',  ( 0.08956406980272263452, 0.9959810627719650755, -1.206748695074240352E-17 ) ) ;
#10520 = DIRECTION ( 'NONE',  ( 1.000000000000000000, 0.0000000000000000000, 0.0000000000000000000 ) ) ;
#10521 = DIRECTION ( 'NONE',  ( -0.0000000000000000000, -0.0000000000000000000, -1.000000000000000000 ) ) ;
#10522 = DIRECTION ( 'NONE',  ( -1.000000000000000000, 0.0000000000000000000, 0.0000000000000000000 ) ) ;
#10523 = ORIENTED_EDGE ( 'NONE', *, *, #1233, .T. ) ;
#10524 = VERTEX_POINT ( 'NONE', #486 ) ;
#10525 = DIRECTION ( 'NONE',  ( -0.9306005987039497329, -0.3660362354902185200, -0.0000000000000000000 ) ) ;
#10526 = VERTEX_POINT ( 'NONE', #8093 ) ;
#10527 = EDGE_LOOP ( 'NONE', ( #1578, #4282, #5383 ) ) ;
#10528 = CARTESIAN_POINT ( 'NONE',  ( 3.500000000000000000, 2.886751345948125991, 4.999999999999999112 ) ) ;
#10529 = EDGE_CURVE ( 'NONE', #5752, #5866, #4022, .T. ) ;
#10530 = AXIS2_PLACEMENT_3D ( 'NONE', #1118, #5301, #5376 ) ;
#10531 = LINE ( 'NONE', #3994, #6118 ) ;
#10532 = CARTESIAN_POINT ( 'NONE',  ( 0.0000000000000000000, 0.0000000000000000000, 13.49999999999999822 ) ) ;
#10533 = DIRECTION ( 'NONE',  ( 1.000000000000000000, 0.0000000000000000000, 0.0000000000000000000 ) ) ;
#10534 = B_SPLINE_CURVE_WITH_KNOTS ( 'NONE', 3,
 ( #8343, #9124, #8201, #4068 ),
 .UNSPECIFIED., .F., .F.,
 ( 4, 4 ),
 ( 0.0000000000000000000, 1.000000000000000000 ),
 .UNSPECIFIED. ) ;
#10535 = ORIENTED_EDGE ( 'NONE', *, *, #5042, .T. ) ;
#10536 = ORIENTED_EDGE ( 'NONE', *, *, #8379, .T. ) ;
#10537 = LINE ( 'NONE', #8883, #4979 ) ;
#10538 = CARTESIAN_POINT ( 'NONE',  ( 1.882894453689055664E-15, 7.999999999999998224, 15.37500000000000178 ) ) ;
#10539 = EDGE_CURVE ( 'NONE', #8149, #3735, #4659, .T. ) ;
#10540 = EDGE_CURVE ( 'NONE', #10083, #1325, #5959, .T. ) ;
#10541 = CYLINDRICAL_SURFACE ( 'NONE', #10698, 5.999999999999998224 ) ;
#10542 = DIRECTION ( 'NONE',  ( 1.000000000000000000, 0.0000000000000000000, 0.0000000000000000000 ) ) ;
#10543 = CARTESIAN_POINT ( 'NONE',  ( -46.30940107675852602, -10.00000000000000178, 17.00000000000000000 ) ) ;
#10544 = DIRECTION ( 'NONE',  ( 1.000000000000000000, -0.0000000000000000000, -0.0000000000000000000 ) ) ;
#10545 = ADVANCED_FACE ( 'NONE', ( #10487 ), #535, .T. ) ;
#10546 = EDGE_LOOP ( 'NONE', ( #261, #9497, #6826 ) ) ;
#10547 = DIRECTION ( 'NONE',  ( -1.000000000000000000, 0.0000000000000000000, 0.0000000000000000000 ) ) ;
#10548 = CARTESIAN_POINT ( 'NONE',  ( -5.000000000000000888, -1.936377641173861797, -5.902630826755076221 ) ) ;
#10549 = FACE_OUTER_BOUND ( 'NONE', #9878, .T. ) ;
#10550 = LINE ( 'NONE', #5891, #6282 ) ;
#10551 = CARTESIAN_POINT ( 'NONE',  ( 0.0000000000000000000, 0.0000000000000000000, -7.500000000000000000 ) ) ;
#10552 = DIRECTION ( 'NONE',  ( 0.3660362354902173543, -0.9306005987039501770, 0.0000000000000000000 ) ) ;
#10553 = DIRECTION ( 'NONE',  ( -0.0000000000000000000, -0.0000000000000000000, 1.000000000000000000 ) ) ;
#10554 = AXIS2_PLACEMENT_3D ( 'NONE', #5438, #512, #10337 ) ;
#10555 = ORIENTED_EDGE ( 'NONE', *, *, #6986, .F. ) ;
#10556 = ADVANCED_FACE ( 'NONE', ( #6870 ), #7981, .T. ) ;
#10557 = CARTESIAN_POINT ( 'NONE',  ( -46.30940107675852602, -10.00000000000000178, -17.00000000000000000 ) ) ;
#10558 = CARTESIAN_POINT ( 'NONE',  ( 44.00000000000000000, 0.0000000000000000000, 0.0000000000000000000 ) ) ;
#10559 = CARTESIAN_POINT ( 'NONE',  ( 0.0000000000000000000, 4.330127018922190985, 2.500000000000005329 ) ) ;
#10560 = DIRECTION ( 'NONE',  ( 0.0000000000000000000, 0.5000000000000009992, -0.8660254037844380415 ) ) ;
#10561 = EDGE_CURVE ( 'NONE', #4501, #6036, #2478, .T. ) ;
#10562 = VECTOR ( 'NONE', #2296, 1000.000000000000000 ) ;
#10563 = ORIENTED_EDGE ( 'NONE', *, *, #6304, .T. ) ;
#10564 = AXIS2_PLACEMENT_3D ( 'NONE', #10579, #5527, #3901 ) ;
#10565 = AXIS2_PLACEMENT_3D ( 'NONE', #160, #9194, #7551 ) ;
#10566 = CARTESIAN_POINT ( 'NONE',  ( 22.94734990167305000, 10.69999999999999929, 0.0000000000000000000 ) ) ;
#10567 = FACE_OUTER_BOUND ( 'NONE', #5317, .T. ) ;
#10568 = PRESENTATION_STYLE_ASSIGNMENT (( #263 ) ) ;
#10569 = CARTESIAN_POINT ( 'NONE',  ( 2.836205516832970730, 22.38505103526629014, 3.000000000000004885 ) ) ;
#10570 = CARTESIAN_POINT ( 'NONE',  ( -47.05368789885406500, -11.58992729618035256, 17.00000000000000000 ) ) ;
#10572 = EDGE_CURVE ( 'NONE', #8796, #10248, #2075, .T. ) ;
#10571 = DIRECTION ( 'NONE',  ( -0.0000000000000000000, -0.0000000000000000000, 1.000000000000000000 ) ) ;
#10573 = ORIENTED_EDGE ( 'NONE', *, *, #6570, .F. ) ;
#10574 = DIRECTION ( 'NONE',  ( 0.8191520442889909104, 1.003171929053523637E-16, -0.5735764363510472696 ) ) ;
#10575 = COLOUR_RGB ( '',1.000000000000000000, 0.3098039215686274606, 0.0000000000000000000 ) ;
#10576 = CIRCLE ( 'NONE', #7451, 17.00000000000000000 ) ;
#10577 = PLANE ( 'NONE',  #4786 ) ;
#10578 = CARTESIAN_POINT ( 'NONE',  ( -16.57978215442296133, 1.458032539445682785, 9.199866582116298375 ) ) ;
#10579 = CARTESIAN_POINT ( 'NONE',  ( 2.472407748940717465E-15, 7.722348195210097188, 20.18874136332290803 ) ) ;
#10580 = EDGE_CURVE ( 'NONE', #6352, #2376, #3892, .T. ) ;
#10581 = ORIENTED_EDGE ( 'NONE', *, *, #10084, .F. ) ;
#10582 = DIRECTION ( 'NONE',  ( 1.000000000000000000, 0.0000000000000000000, 0.0000000000000000000 ) ) ;
#10583 = CARTESIAN_POINT ( 'NONE',  ( -46.30940107675852602, -10.00000000000000178, -17.00000000000000000 ) ) ;
#10584 = CIRCLE ( 'NONE', #4295, 4.999999999999999112 ) ;
#10585 = VERTEX_POINT ( 'NONE', #9851 ) ;
#10586 = LINE ( 'NONE', #10025, #1254 ) ;
#10587 = ADVANCED_FACE ( 'NONE', ( #6218 ), #524, .T. ) ;
#10588 = CARTESIAN_POINT ( 'NONE',  ( 9.292305210990166486, 19.84950204030734966, 0.0000000000000000000 ) ) ;
#10589 = EDGE_LOOP ( 'NONE', ( #2727, #856, #9680 ) ) ;
#10590 = DIRECTION ( 'NONE',  ( -0.0000000000000000000, -1.000000000000000000, -0.0000000000000000000 ) ) ;
#10591 = PLANE ( 'NONE',  #787 ) ;
#10592 = CARTESIAN_POINT ( 'NONE',  ( 5.000000000000000888, -1.936377641173858688, -5.902630826755078886 ) ) ;
#10593 = B_SPLINE_CURVE_WITH_KNOTS ( 'NONE', 3,
 ( #2164, #2052, #426, #3832, #3760, #4657 ),
 .UNSPECIFIED., .F., .F.,
 ( 4, 2, 4 ),
 ( 3.469446951953614189E-18, 0.0004066735194052635647, 0.0008133470388105236600 ),
 .UNSPECIFIED. ) ;
#10594 = FACE_OUTER_BOUND ( 'NONE', #6679, .T. ) ;
#10595 = EDGE_CURVE ( 'NONE', #4299, #5015, #2900, .T. ) ;
#10596 = VERTEX_POINT ( 'NONE', #9920 ) ;
#10597 = AXIS2_PLACEMENT_3D ( 'NONE', #2439, #4787, #669 ) ;
#10598 = SURFACE_STYLE_FILL_AREA ( #8577 ) ;
#10599 = ORIENTED_EDGE ( 'NONE', *, *, #5756, .T. ) ;
#10600 =( BOUNDED_CURVE ( )  B_SPLINE_CURVE ( 3, ( #4042, #9882, #10729, #5777 ),
 .UNSPECIFIED., .F., .F. ) 
 B_SPLINE_CURVE_WITH_KNOTS ( ( 4, 4 ),
 ( 1.298652474550142433, 1.570796326794896780 ),
 .UNSPECIFIED. ) 
 CURVE ( )  GEOMETRIC_REPRESENTATION_ITEM ( )  RATIONAL_B_SPLINE_CURVE ( ( 1.000000000000000000, 0.9938376607176927502, 0.9938376607176927502, 1.000000000000000000 ) ) 
 REPRESENTATION_ITEM ( '' )  );
#10601 = ORIENTED_EDGE ( 'NONE', *, *, #7786, .T. ) ;
#10602 = DIRECTION ( 'NONE',  ( 1.000000000000000000, 0.0000000000000000000, -1.224646799147353207E-16 ) ) ;
#10603 = EDGE_LOOP ( 'NONE', ( #8291, #1277, #2497, #5208 ) ) ;
#10604 = ORIENTED_EDGE ( 'NONE', *, *, #7665, .F. ) ;
#10605 = ADVANCED_FACE ( 'NONE', ( #9226 ), #4802, .T. ) ;
#10606 = EDGE_CURVE ( 'NONE', #8550, #9216, #10627, .T. ) ;
#10607 = SHAPE_REPRESENTATION ( 'Колесо_00', ( #8615 ), #7853 ) ;
#10608 = CARTESIAN_POINT ( 'NONE',  ( -28.02020433871750882, -24.10435930197277443, -15.99999999999999645 ) ) ;
#10609 = VERTEX_POINT ( 'NONE', #8241 ) ;
#10610 = DIRECTION ( 'NONE',  ( -0.0000000000000000000, 0.0000000000000000000, 1.000000000000000000 ) ) ;
#10611 = CARTESIAN_POINT ( 'NONE',  ( -46.30940107675852602, -10.00000000000000178, 17.00000000000000000 ) ) ;
#10612 = DIRECTION ( 'NONE',  ( 0.0000000000000000000, 0.0000000000000000000, -1.000000000000000000 ) ) ;
#10613 = PRESENTATION_STYLE_ASSIGNMENT (( #1688 ) ) ;
#10614 = CARTESIAN_POINT ( 'NONE',  ( 2.329354923466310212E-15, 0.4056916642514616922, 19.02062639683619594 ) ) ;
#10615 = CARTESIAN_POINT ( 'NONE',  ( -7.118449302602197548, -32.31055268242869971, 18.69030977609205380 ) ) ;
#10616 = ORIENTED_EDGE ( 'NONE', *, *, #1529, .T. ) ;
#10617 = EDGE_CURVE ( 'NONE', #1068, #8322, #1690, .T. ) ;
#10618 = ORIENTED_EDGE ( 'NONE', *, *, #5746, .T. ) ;
#10619 = ORIENTED_EDGE ( 'NONE', *, *, #7896, .T. ) ;
#10620 = SURFACE_SIDE_STYLE ('',( #1770 ) ) ;
#10621 = CARTESIAN_POINT ( 'NONE',  ( -21.12832448932836726, 3.450723117173260935E-15, 11.24170405016266372 ) ) ;
#10622 = DIRECTION ( 'NONE',  ( 0.0000000000000000000, 0.0000000000000000000, 1.000000000000000000 ) ) ;
#10623 = ORIENTED_EDGE ( 'NONE', *, *, #8067, .F. ) ;
#10624 = PLANE ( 'NONE',  #10273 ) ;
#10625 = DIRECTION ( 'NONE',  ( 1.000000000000000000, 0.0000000000000000000, 0.0000000000000000000 ) ) ;
#10626 = DIRECTION ( 'NONE',  ( -0.0000000000000000000, 1.000000000000000000, -0.0000000000000000000 ) ) ;
#10627 = LINE ( 'NONE', #3175, #10104 ) ;
#10628 = ORIENTED_EDGE ( 'NONE', *, *, #9382, .F. ) ;
#10629 = VERTEX_POINT ( 'NONE', #1505 ) ;
#10630 = CIRCLE ( 'NONE', #498, 14.50000000000000533 ) ;
#10631 = ORIENTED_EDGE ( 'NONE', *, *, #6120, .F. ) ;
#10632 = EDGE_CURVE ( 'NONE', #7672, #7171, #9101, .T. ) ;
#10633 = CARTESIAN_POINT ( 'NONE',  ( -47.31417448467101394, -8.775555923651067403, -17.00000000000000000 ) ) ;
#10634 = DIRECTION ( 'NONE',  ( 0.0000000000000000000, 0.0000000000000000000, 1.000000000000000000 ) ) ;
#10635 = AXIS2_PLACEMENT_3D ( 'NONE', #8421, #131, #6061 ) ;
#10636 = ORIENTED_EDGE ( 'NONE', *, *, #968, .T. ) ;
#10637 = AXIS2_PLACEMENT_3D ( 'NONE', #10183, #999, #5242 ) ;
#10638 = CARTESIAN_POINT ( 'NONE',  ( 5.000000000000000000, 1.947085426416882203, -5.900379292880307602 ) ) ;
#10639 = LINE ( 'NONE', #10143, #6107 ) ;
#10640 = CARTESIAN_POINT ( 'NONE',  ( 0.0000000000000000000, 4.330127018922190985, 2.500000000000005329 ) ) ;
#10641 = CARTESIAN_POINT ( 'NONE',  ( 40.26439155837419293, -1.200000000000000030E-05, 2.000000000000000000 ) ) ;
#10642 = EDGE_LOOP ( 'NONE', ( #8817, #7517, #6019, #1593 ) ) ;
#10643 = LINE ( 'NONE', #2139, #7012 ) ;
#10644 = CARTESIAN_POINT ( 'NONE',  ( 10.00000000000000178, 0.0000000000000000000, 0.0000000000000000000 ) ) ;
#10645 = EDGE_CURVE ( 'NONE', #5856, #10090, #2350, .T. ) ;
#10646 = ORIENTED_EDGE ( 'NONE', *, *, #7656, .T. ) ;
#10647 = ORIENTED_EDGE ( 'NONE', *, *, #9663, .T. ) ;
#10648 = CARTESIAN_POINT ( 'NONE',  ( 0.0000000000000000000, 0.0000000000000000000, -6.099999999999999645 ) ) ;
#10649 = CARTESIAN_POINT ( 'NONE',  ( 15.33069386212223861, 0.0000000000000000000, -12.87970146197645782 ) ) ;
#10650 = CARTESIAN_POINT ( 'NONE',  ( -40.94936990562959522, -9.160158949754924507, 16.00000000000000000 ) ) ;
#10651 = CARTESIAN_POINT ( 'NONE',  ( 0.0000000000000000000, 5.999999999999996447, -5.000000000000002665 ) ) ;
#10652 = AXIS2_PLACEMENT_3D ( 'NONE', #8345, #9128, #3388 ) ;
#10653 = ADVANCED_FACE ( 'NONE', ( #4396 ), #3243, .T. ) ;
#10654 = CARTESIAN_POINT ( 'NONE',  ( 0.0000000000000000000, 4.330127018922190096, -2.500000000000006661 ) ) ;
#10655 = AXIS2_PLACEMENT_3D ( 'NONE', #5177, #7664, #10188 ) ;
#10656 = DIRECTION ( 'NONE',  ( -1.000000000000000000, -0.0000000000000000000, -0.0000000000000000000 ) ) ;
#10657 = EDGE_LOOP ( 'NONE', ( #8947, #8644, #7771, #8186 ) ) ;
#10658 = CARTESIAN_POINT ( 'NONE',  ( -17.24117156583066901, -0.08914784509037869398, 12.09835658893356047 ) ) ;
#10659 = ORIENTED_EDGE ( 'NONE', *, *, #3190, .F. ) ;
#10660 = PRODUCT_DEFINITION_CONTEXT ( 'detailed design', #3011, 'design' ) ;
#10661 = CARTESIAN_POINT ( 'NONE',  ( 44.17200000000001836, 0.0000000000000000000, 4.999999999999999112 ) ) ;
#10662 = CARTESIAN_POINT ( 'NONE',  ( 3.500000000000000000, 0.0000000000000000000, 0.0000000000000000000 ) ) ;
#10663 = EDGE_LOOP ( 'NONE', ( #8066, #4387, #7537, #120 ) ) ;
#10664 = CARTESIAN_POINT ( 'NONE',  ( 1.000000000000000000, 0.0000000000000000000, 24.99999999999999289 ) ) ;
#10665 = ADVANCED_FACE ( 'NONE', ( #8668 ), #7640, .T. ) ;
#10666 = ADVANCED_FACE ( 'NONE', ( #5717 ), #8425, .T. ) ;
#10667 = CARTESIAN_POINT ( 'NONE',  ( -25.69999999999999929, 1.500000000000000000, 5.150000000000001243 ) ) ;
#10668 = DIRECTION ( 'NONE',  ( -0.0000000000000000000, -1.000000000000000000, -0.0000000000000000000 ) ) ;
#10669 = EDGE_CURVE ( 'NONE', #3406, #10736, #1285, .T. ) ;
#10670 = AXIS2_PLACEMENT_3D ( 'NONE', #1146, #3955, #3298 ) ;
#10671 = ORIENTED_EDGE ( 'NONE', *, *, #9887, .F. ) ;
#10672 = DIRECTION ( 'NONE',  ( -0.0000000000000000000, -1.000000000000000000, -0.0000000000000000000 ) ) ;
#10673 = CARTESIAN_POINT ( 'NONE',  ( 45.00000000000001421, 0.0000000000000000000, 0.0000000000000000000 ) ) ;
#10674 = PLANE ( 'NONE',  #2243 ) ;
#10675 = DIRECTION ( 'NONE',  ( -0.0000000000000000000, -0.5000000000000011102, -0.8660254037844379305 ) ) ;
#10676 = B_SPLINE_CURVE_WITH_KNOTS ( 'NONE', 3,
 ( #7150, #2187, #4861, #5706 ),
 .UNSPECIFIED., .F., .F.,
 ( 4, 4 ),
 ( 0.5328161937500055512, 0.6257157524529523007 ),
 .UNSPECIFIED. ) ;
#10677 = FACE_OUTER_BOUND ( 'NONE', #3177, .T. ) ;
#10678 = CARTESIAN_POINT ( 'NONE',  ( -21.49917307456696136, 10.00000000000000000, -10.99999999999999822 ) ) ;
#10679 = DIRECTION ( 'NONE',  ( 0.0000000000000000000, 0.0000000000000000000, -1.000000000000000000 ) ) ;
#10680 = VERTEX_POINT ( 'NONE', #795 ) ;
#10681 = EDGE_CURVE ( 'NONE', #3542, #4374, #4228, .T. ) ;
#10682 = EDGE_CURVE ( 'NONE', #10476, #1410, #9863, .T. ) ;
#10683 = AXIS2_PLACEMENT_3D ( 'NONE', #7431, #2485, #1746 ) ;
#10684 = CARTESIAN_POINT ( 'NONE',  ( 0.8192951148925853300, -5.300482436767293137, -5.901655677627832830 ) ) ;
#10685 = CARTESIAN_POINT ( 'NONE',  ( -30.95465513972062155, -1.653511205702844489, -14.72118529308599300 ) ) ;
#10686 = CARTESIAN_POINT ( 'NONE',  ( -47.96591340435278283, -10.47484326596670989, 17.00000000000000000 ) ) ;
#10687 = DIRECTION ( 'NONE',  ( 0.9306005987039489558, 0.3660362354902202409, 0.0000000000000000000 ) ) ;
#10688 = CARTESIAN_POINT ( 'NONE',  ( 3.500000000000000000, 2.886751345948125991, 4.999999999999999112 ) ) ;
#10689 = PRODUCT_CONTEXT ( 'NONE', #4063, 'mechanical' ) ;
#10690 = CARTESIAN_POINT ( 'NONE',  ( -21.76468850037764113, -2.437505085865094501E-31, 10.48095339566228290 ) ) ;
#10691 = VECTOR ( 'NONE', #531, 1000.000000000000000 ) ;
#10692 = FACE_OUTER_BOUND ( 'NONE', #9351, .T. ) ;
#10693 = EDGE_CURVE ( 'NONE', #4533, #3682, #796, .T. ) ;
#10694 = CARTESIAN_POINT ( 'NONE',  ( 0.0000000000000000000, 5.530177779975795183, 0.0000000000000000000 ) ) ;
#10695 = DIRECTION ( 'NONE',  ( 1.000000000000000000, 0.0000000000000000000, 0.0000000000000000000 ) ) ;
#10696 = DIRECTION ( 'NONE',  ( 1.000000000000000000, 0.0000000000000000000, 0.0000000000000000000 ) ) ;
#10697 = AXIS2_PLACEMENT_3D ( 'NONE', #2292, #4781, #2370 ) ;
#10698 = AXIS2_PLACEMENT_3D ( 'NONE', #6589, #7372, #1612 ) ;
#10699 = CIRCLE ( 'NONE', #7878, 1.000000000000000888 ) ;
#10700 = CIRCLE ( 'NONE', #3125, 9.999999999999998224 ) ;
#10701 = CYLINDRICAL_SURFACE ( 'NONE', #4902, 10.00000000000000000 ) ;
#10702 = DIRECTION ( 'NONE',  ( 2.029032189114397343E-17, -0.9861790539178935111, 0.1656830516788259655 ) ) ;
#10703 = EDGE_LOOP ( 'NONE', ( #44, #4510 ) ) ;
#10704 = ADVANCED_FACE ( 'NONE', ( #7391 ), #4153, .T. ) ;
#10705 = EDGE_CURVE ( 'NONE', #10415, #8334, #2209, .T. ) ;
#10706 = DIRECTION ( 'NONE',  ( -0.0000000000000000000, -1.000000000000000000, -0.0000000000000000000 ) ) ;
#10707 = CARTESIAN_POINT ( 'NONE',  ( 15.56835092944197640, 9.999999999999998224, 0.0000000000000000000 ) ) ;
#10708 = CIRCLE ( 'NONE', #3174, 10.00000000000000000 ) ;
#10709 = CIRCLE ( 'NONE', #9132, 1.000000000000001110 ) ;
#10710 = CARTESIAN_POINT ( 'NONE',  ( 26.00299169246555309, 0.0000000000000000000, 26.50000000000000000 ) ) ;
#10711 =( GEOMETRIC_REPRESENTATION_CONTEXT ( 3 ) GLOBAL_UNCERTAINTY_ASSIGNED_CONTEXT ( ( #7938 ) ) GLOBAL_UNIT_ASSIGNED_CONTEXT ( ( #4592, #9624, #2852 ) ) REPRESENTATION_CONTEXT ( 'NONE', 'WORKASPACE' ) );
#10712 = ORIENTED_EDGE ( 'NONE', *, *, #10145, .T. ) ;
#10713 = VECTOR ( 'NONE', #1031, 1000.000000000000000 ) ;
#10714 = ADVANCED_FACE ( 'NONE', ( #8535 ), #1932, .T. ) ;
#10715 = ADVANCED_FACE ( 'NONE', ( #1814 ), #7581, .F. ) ;
#10716 = DIRECTION ( 'NONE',  ( 1.000000000000000000, 0.0000000000000000000, 0.0000000000000000000 ) ) ;
#10717 = COLOUR_RGB ( '',0.7764705882352941346, 0.7568627450980391913, 0.7372549019607843590 ) ;
#10718 = CIRCLE ( 'NONE', #1137, 2.000000000000000000 ) ;
#10719 = DIRECTION ( 'NONE',  ( 0.0000000000000000000, 0.0000000000000000000, 1.000000000000000000 ) ) ;
#10720 = FACE_OUTER_BOUND ( 'NONE', #10338, .T. ) ;
#10721 = APPLICATION_PROTOCOL_DEFINITION ( 'draft international standard', 'automotive_design', 1998, #6349 ) ;
#10722 = DIRECTION ( 'NONE',  ( 0.0000000000000000000, -0.0000000000000000000, 1.000000000000000000 ) ) ;
#10723 = VECTOR ( 'NONE', #7625, 1000.000000000000000 ) ;
#10724 = EDGE_LOOP ( 'NONE', ( #3504, #2190, #7275, #5059, #5761, #7293 ) ) ;
#10725 = LINE ( 'NONE', #7827, #1398 ) ;
#10726 = ORIENTED_EDGE ( 'NONE', *, *, #3884, .F. ) ;
#10727 = CARTESIAN_POINT ( 'NONE',  ( 17.50000000000000355, 2.143131898507868643E-15, -10.50000000000000000 ) ) ;
#10728 = EDGE_CURVE ( 'NONE', #1719, #10002, #6356, .T. ) ;
#10729 = CARTESIAN_POINT ( 'NONE',  ( 5.486013957073007319, 21.73000000000000043, 26.31354775601366569 ) ) ;
#10730 = ORIENTED_EDGE ( 'NONE', *, *, #7806, .F. ) ;
#10731 = CARTESIAN_POINT ( 'NONE',  ( 40.26439155837419293, 20.81213173596536237, 0.0000000000000000000 ) ) ;
#10732 = CARTESIAN_POINT ( 'NONE',  ( -19.76456634399177403, -0.2509355839145178679, -12.58717154982600839 ) ) ;
#10733 = EDGE_LOOP ( 'NONE', ( #8280, #7513, #5 ) ) ;
#10734 = CARTESIAN_POINT ( 'NONE',  ( -27.89727847352801859, -22.73738441881632966, 13.99999999999999822 ) ) ;
#10735 = VERTEX_POINT ( 'NONE', #8312 ) ;
#10736 = VERTEX_POINT ( 'NONE', #9265 ) ;
#10737 = DIRECTION ( 'NONE',  ( 1.000000000000000000, 0.0000000000000000000, 1.347358039593636966E-16 ) ) ;
#10738 = ORIENTED_EDGE ( 'NONE', *, *, #8182, .T. ) ;
#10739 = NEXT_ASSEMBLY_USAGE_OCCURRENCE ( 'NAUO1', ' ', ' ', #7793, #9906, $ ) ;
#10740 = NEXT_ASSEMBLY_USAGE_OCCURRENCE ( 'NAUO2', ' ', ' ', #7793, #2798, $ ) ;
#10741 = NEXT_ASSEMBLY_USAGE_OCCURRENCE ( 'NAUO3', ' ', ' ', #7793, #2273, $ ) ;
#10742 = NEXT_ASSEMBLY_USAGE_OCCURRENCE ( 'NAUO4', ' ', ' ', #7793, #46, $ ) ;
#10743 = NEXT_ASSEMBLY_USAGE_OCCURRENCE ( 'NAUO5', ' ', ' ', #7793, #10222, $ ) ;
#10744 = NEXT_ASSEMBLY_USAGE_OCCURRENCE ( 'NAUO6', ' ', ' ', #7793, #10222, $ ) ;
#10745 = NEXT_ASSEMBLY_USAGE_OCCURRENCE ( 'NAUO7', ' ', ' ', #7793, #821, $ ) ;
#10746 = NEXT_ASSEMBLY_USAGE_OCCURRENCE ( 'NAUO8', ' ', ' ', #7793, #3234, $ ) ;
#10747 = NEXT_ASSEMBLY_USAGE_OCCURRENCE ( 'NAUO9', ' ', ' ', #7793, #6704, $ ) ;
#10748 = NEXT_ASSEMBLY_USAGE_OCCURRENCE ( 'NAUO10', ' ', ' ', #7793, #599, $ ) ;
ENDSEC;
END-ISO-10303-21;
