ISO-10303-21;
HEADER;
FILE_DESCRIPTION (( 'STEP AP203' ),
    '1' );
FILE_NAME ('RCL371-1-1-12.STEP',
    '2019-01-02T17:05:07',
    ( 'User' ),
    ( '' ),
    'SwSTEP 2.0',
    'SolidWorks 2017',
    '' );
FILE_SCHEMA (( 'CONFIG_CONTROL_DESIGN' ));
ENDSEC;

DATA;
#1 = CARTESIAN_POINT ( 'NONE',  ( 4.500000000000001800, 4.937499999999995600, 1.863961030678926700 ) ) ;
#2 = DIRECTION ( 'NONE',  ( 0.0000000000000000000, -1.000000000000000000, 0.0000000000000000000 ) ) ;
#3 = DIRECTION ( 'NONE',  ( -1.000000000000000000, 0.0000000000000000000, 0.0000000000000000000 ) ) ;
#4 = CARTESIAN_POINT ( 'NONE',  ( -14.50000000000000000, -14.05000000000000100, -1.999999999999995800 ) ) ;
#5 = CIRCLE ( 'NONE', #3118, 2.000000000000000900 ) ;
#6 = DIRECTION ( 'NONE',  ( 0.0000000000000000000, -1.000000000000000000, 0.0000000000000000000 ) ) ;
#7 = DIRECTION ( 'NONE',  ( 0.0000000000000000000, 0.0000000000000000000, -1.000000000000000000 ) ) ;
#8 = DIRECTION ( 'NONE',  ( 1.000000000000000000, -0.0000000000000000000, 1.224646799147353200E-016 ) ) ;
#9 = FACE_OUTER_BOUND ( 'NONE', #3478, .T. ) ;
#10 = ADVANCED_FACE ( 'NONE', ( #198 ), #7097, .F. ) ;
#11 = CARTESIAN_POINT ( 'NONE',  ( -2.799247744702092300, 6.312500001365589400, 2.799247744702093600 ) ) ;
#12 = EDGE_LOOP ( 'NONE', ( #1961, #2601, #7003, #2951 ) ) ;
#13 = PLANE ( 'NONE',  #1361 ) ;
#14 = CARTESIAN_POINT ( 'NONE',  ( -4.335387244457066000, 6.525667792142260600, 1.143469369260067300 ) ) ;
#15 = EDGE_CURVE ( 'NONE', #7988, #4402, #8329, .T. ) ;
#16 = EDGE_CURVE ( 'NONE', #6376, #5362, #5440, .T. ) ;
#18 = CARTESIAN_POINT ( 'NONE',  ( -2.755455298081544300E-016, 4.249999999999995600, -4.500000000000000000 ) ) ;
#17 = FACE_OUTER_BOUND ( 'NONE', #874, .T. ) ;
#19 = AXIS2_PLACEMENT_3D ( 'NONE', #8520, #4449, #351 ) ;
#20 = CONICAL_SURFACE ( 'NONE', #7700, 0.3555000000000000400, 0.06981317007976586800 ) ;
#21 = CARTESIAN_POINT ( 'NONE',  ( 0.0000000000000000000, -9.525483399593905900, 12.10000000000000000 ) ) ;
#22 = ORIENTED_EDGE ( 'NONE', *, *, #6521, .F. ) ;
#23 = ORIENTED_EDGE ( 'NONE', *, *, #1990, .F. ) ;
#24 = DIRECTION ( 'NONE',  ( 0.4461978007789579300, 0.8949343677499603800, 0.0000000000000000000 ) ) ;
#25 = CARTESIAN_POINT ( 'NONE',  ( -14.82771778100631400, -17.52066220018764000, -2.120193127676282900 ) ) ;
#26 = CARTESIAN_POINT ( 'NONE',  ( 12.50000000000000000, -16.12473465330811700, -0.9679918988505309400 ) ) ;
#27 = DIRECTION ( 'NONE',  ( -3.491483361109382100E-015, 0.0000000000000000000, 1.000000000000000000 ) ) ;
#28 = DIRECTION ( 'NONE',  ( 0.0000000000000000000, 0.0000000000000000000, -1.000000000000000000 ) ) ;
#29 = CARTESIAN_POINT ( 'NONE',  ( 0.0000000000000000000, 7.000000000000000000, 0.0000000000000000000 ) ) ;
#30 = ADVANCED_FACE ( 'NONE', ( #1796 ), #8617, .T. ) ;
#31 = CONICAL_SURFACE ( 'NONE', #7301, 0.3555000000000000400, 0.06981317007976586800 ) ;
#32 = EDGE_CURVE ( 'NONE', #1262, #3731, #7252, .T. ) ;
#33 = ORIENTED_EDGE ( 'NONE', *, *, #2168, .F. ) ;
#34 = CARTESIAN_POINT ( 'NONE',  ( 0.0000000000000000000, 10.00000000000000200, 0.0000000000000000000 ) ) ;
#35 = ORIENTED_EDGE ( 'NONE', *, *, #3582, .F. ) ;
#36 = AXIS2_PLACEMENT_3D ( 'NONE', #8450, #5746, #1648 ) ;
#37 = CARTESIAN_POINT ( 'NONE',  ( 0.0000000000000000000, -14.05000000000000100, 0.0000000000000000000 ) ) ;
#38 = EDGE_CURVE ( 'NONE', #7772, #5094, #1533, .T. ) ;
#39 = CIRCLE ( 'NONE', #4915, 3.000000000000000400 ) ;
#40 = DIRECTION ( 'NONE',  ( -0.0000000000000000000, 1.000000000000000000, -0.0000000000000000000 ) ) ;
#41 = VERTEX_POINT ( 'NONE', #2390 ) ;
#42 = ORIENTED_EDGE ( 'NONE', *, *, #7336, .T. ) ;
#43 = CIRCLE ( 'NONE', #7353, 18.50000000000000000 ) ;
#44 = DIRECTION ( 'NONE',  ( 0.0000000000000000000, 0.0000000000000000000, 1.000000000000000000 ) ) ;
#45 = DIRECTION ( 'NONE',  ( 0.0000000000000000000, 0.0000000000000000000, 1.000000000000000000 ) ) ;
#46 = ORIENTED_EDGE ( 'NONE', *, *, #1251, .T. ) ;
#47 = CARTESIAN_POINT ( 'NONE',  ( 1.639761364404189300, 5.500000001365589400, 3.958734124999998500 ) ) ;
#48 = EDGE_CURVE ( 'NONE', #7914, #8726, #5207, .T. ) ;
#49 = FACE_OUTER_BOUND ( 'NONE', #7343, .T. ) ;
#50 = ORIENTED_EDGE ( 'NONE', *, *, #5449, .T. ) ;
#51 = CARTESIAN_POINT ( 'NONE',  ( 14.50000000000000000, -16.00000000000000000, 0.0000000000000000000 ) ) ;
#52 = AXIS2_PLACEMENT_3D ( 'NONE', #911, #5677, #1590 ) ;
#53 = CARTESIAN_POINT ( 'NONE',  ( -0.2898534347987686300, 6.652107110048307300, 4.347892889951463500 ) ) ;
#54 = CARTESIAN_POINT ( 'NONE',  ( 7.272076612284971000E-016, 6.187500001365589400, 3.958734124999999400 ) ) ;
#55 = CARTESIAN_POINT ( 'NONE',  ( 0.0000000000000000000, 7.000000000000000000, -3.999999999999996400 ) ) ;
#56 = CARTESIAN_POINT ( 'NONE',  ( 0.0000000000000000000, 0.1009999999999999600, 0.0000000000000000000 ) ) ;
#57 = ORIENTED_EDGE ( 'NONE', *, *, #3423, .F. ) ;
#58 = ORIENTED_EDGE ( 'NONE', *, *, #8350, .T. ) ;
#59 = CARTESIAN_POINT ( 'NONE',  ( 0.0000000000000000000, -14.44999999999999900, 0.0000000000000000000 ) ) ;
#60 = CARTESIAN_POINT ( 'NONE',  ( -15.33026469292033600, -17.60000000000000100, -1.830047532802309600 ) ) ;
#61 = ADVANCED_FACE ( 'NONE', ( #6818 ), #3089, .T. ) ;
#62 = DIRECTION ( 'NONE',  ( 0.0000000000000000000, 0.0000000000000000000, -1.000000000000000000 ) ) ;
#63 = ORIENTED_EDGE ( 'NONE', *, *, #6283, .F. ) ;
#64 = DIRECTION ( 'NONE',  ( 3.833243828454257900E-015, 0.0000000000000000000, -1.000000000000000000 ) ) ;
#65 = AXIS2_PLACEMENT_3D ( 'NONE', #4910, #531, #5305 ) ;
#66 = EDGE_LOOP ( 'NONE', ( #5111, #7562, #1271, #3778 ) ) ;
#67 = CONICAL_SURFACE ( 'NONE', #5996, 3.999999999999996400, 0.7853981633974473900 ) ;
#68 = ORIENTED_EDGE ( 'NONE', *, *, #1227, .T. ) ;
#69 = DIRECTION ( 'NONE',  ( 0.0000000000000000000, 0.0000000000000000000, -1.000000000000000000 ) ) ;
#70 = CARTESIAN_POINT ( 'NONE',  ( 0.0000000000000000000, 0.001000000000000000000, 0.0000000000000000000 ) ) ;
#71 = ORIENTED_EDGE ( 'NONE', *, *, #5148, .F. ) ;
#72 = EDGE_CURVE ( 'NONE', #3047, #3318, #8849, .T. ) ;
#73 = CARTESIAN_POINT ( 'NONE',  ( 3.958734124999999400, 4.687500001365588500, -4.848051074856647000E-016 ) ) ;
#74 = CARTESIAN_POINT ( 'NONE',  ( -1.639761364404188200, 1.125000001365589200, 3.958734124999998500 ) ) ;
#75 = ADVANCED_FACE ( 'NONE', ( #3201 ), #6469, .F. ) ;
#76 = ORIENTED_EDGE ( 'NONE', *, *, #7409, .F. ) ;
#77 = AXIS2_PLACEMENT_3D ( 'NONE', #81, #5550, #1454 ) ;
#78 = EDGE_CURVE ( 'NONE', #1872, #4959, #8407, .T. ) ;
#79 = LINE ( 'NONE', #1741, #7120 ) ;
#80 = ORIENTED_EDGE ( 'NONE', *, *, #7061, .F. ) ;
#82 = CARTESIAN_POINT ( 'NONE',  ( 14.23774010981471200, -4.819999999999999400, -0.2400000000000010700 ) ) ;
#81 = CARTESIAN_POINT ( 'NONE',  ( 14.49999999999999800, -6.600000000000001400, 0.0000000000000000000 ) ) ;
#83 = CARTESIAN_POINT ( 'NONE',  ( -4.500000000000001800, 5.562500002731183300, -1.863961030678927800 ) ) ;
#84 = ORIENTED_EDGE ( 'NONE', *, *, #6729, .F. ) ;
#85 = CARTESIAN_POINT ( 'NONE',  ( 14.49999999999999800, -4.819999999999999400, 0.0000000000000000000 ) ) ;
#86 =( BOUNDED_CURVE ( )  B_SPLINE_CURVE ( 2, ( #371, #7863, #5833, #1750, #6522, #2453, #7214, #3143, #7889 ),
 .UNSPECIFIED., .F., .F. ) 
 B_SPLINE_CURVE_WITH_KNOTS ( ( 3, 2, 2, 2, 3 ),
 ( 0.3928571428571428500, 0.4107142857142857000, 0.4285714285714285500, 0.4464285714285714500, 0.4642857142857143000 ),
 .UNSPECIFIED. ) 
 CURVE ( )  GEOMETRIC_REPRESENTATION_ITEM ( )  RATIONAL_B_SPLINE_CURVE ( ( 1.000000000000000000, 0.9238795325112867400, 1.000000000000000000, 0.9238795325112867400, 1.000000000000000000, 0.9238795325112867400, 1.000000000000000000, 0.9238795325112867400, 1.000000000000000000 ) ) 
 REPRESENTATION_ITEM ( '' )  );
#87 = CARTESIAN_POINT ( 'NONE',  ( 3.958734124999999900, 5.375000001365588500, 1.639761364404186200 ) ) ;
#88 = CARTESIAN_POINT ( 'NONE',  ( -12.50000000000000200, -17.60000000000000100, -1.154700538379249000 ) ) ;
#89 = PLANE ( 'NONE',  #1337 ) ;
#90 = FACE_OUTER_BOUND ( 'NONE', #2561, .T. ) ;
#91 = ORIENTED_EDGE ( 'NONE', *, *, #3905, .T. ) ;
#92 = VERTEX_POINT ( 'NONE', #3796 ) ;
#93 = AXIS2_PLACEMENT_3D ( 'NONE', #1900, #2595, #5292 ) ;
#94 = CARTESIAN_POINT ( 'NONE',  ( -12.50000000000000200, -17.42136720504591800, -1.154700538379255900 ) ) ;
#95 = AXIS2_PLACEMENT_3D ( 'NONE', #6553, #2480, #7254 ) ;
#96 = ORIENTED_EDGE ( 'NONE', *, *, #3473, .F. ) ;
#97 = DIRECTION ( 'NONE',  ( 0.0000000000000000000, 0.0000000000000000000, -1.000000000000000000 ) ) ;
#98 = DIRECTION ( 'NONE',  ( -0.0000000000000000000, 1.000000000000000000, -0.0000000000000000000 ) ) ;
#99 = VECTOR ( 'NONE', #4155, 1000.000000000000100 ) ;
#100 = LINE ( 'NONE', #2497, #7573 ) ;
#101 = CARTESIAN_POINT ( 'NONE',  ( 14.49999999999999800, -17.81836573537652400, -0.8000000000000090400 ) ) ;
#102 = CARTESIAN_POINT ( 'NONE',  ( -12.50000000000000400, -16.07894766929797100, 0.7745510564695455800 ) ) ;
#103 = ORIENTED_EDGE ( 'NONE', *, *, #4205, .T. ) ;
#104 = DIRECTION ( 'NONE',  ( 8.659560562355066000E-017, 0.7071067811865368000, -0.7071067811865583400 ) ) ;
#105 = ORIENTED_EDGE ( 'NONE', *, *, #4433, .T. ) ;
#106 = EDGE_LOOP ( 'NONE', ( #3958, #8676, #8274, #1869 ) ) ;
#107 = CARTESIAN_POINT ( 'NONE',  ( 8.266365894244633300E-016, 1.749999999999996400, 4.500000000000000000 ) ) ;
#108 = DIRECTION ( 'NONE',  ( 0.0000000000000000000, 1.000000000000000000, 0.0000000000000000000 ) ) ;
#109 = AXIS2_PLACEMENT_3D ( 'NONE', #4974, #7026, #2960 ) ;
#110 = CARTESIAN_POINT ( 'NONE',  ( 1.639761364404186800, 3.875000001365589400, -3.958734124999999400 ) ) ;
#111 = CARTESIAN_POINT ( 'NONE',  ( -1.863961030678929200, 3.687499999999997300, 4.500000000000000000 ) ) ;
#112 = ORIENTED_EDGE ( 'NONE', *, *, #4555, .T. ) ;
#114 = CARTESIAN_POINT ( 'NONE',  ( -14.40301248863565000, -4.819999999999999400, 0.3420141409932481700 ) ) ;
#113 = DIRECTION ( 'NONE',  ( -1.000000000000000000, 0.0000000000000000000, -1.776356839400251600E-015 ) ) ;
#115 = VECTOR ( 'NONE', #272, 1000.000000000000000 ) ;
#116 = CARTESIAN_POINT ( 'NONE',  ( 19.03908078629211100, -14.05000000000000100, 13.03702410483619400 ) ) ;
#117 = CARTESIAN_POINT ( 'NONE',  ( 14.50000000000000000, -17.60000000000000100, 0.0000000000000000000 ) ) ;
#118 = CARTESIAN_POINT ( 'NONE',  ( 2.799247744702092700, 4.562500001365588500, -2.799247744702093100 ) ) ;
#119 = DIRECTION ( 'NONE',  ( 0.0000000000000000000, 0.0000000000000000000, 1.000000000000000000 ) ) ;
#120 = FACE_OUTER_BOUND ( 'NONE', #3904, .T. ) ;
#121 =( NAMED_UNIT ( * ) PLANE_ANGLE_UNIT ( ) SI_UNIT ( $, .RADIAN. ) );
#122 = DIRECTION ( 'NONE',  ( 0.0000000000000000000, 1.000000000000000000, -2.293448377517464800E-016 ) ) ;
#123 = CARTESIAN_POINT ( 'NONE',  ( -13.07672697680173900, -14.44999999999999900, -6.264919119524663000 ) ) ;
#124 = CARTESIAN_POINT ( 'NONE',  ( -2.666941187958889300, -14.05000000000000100, 14.25262869438366000 ) ) ;
#125 = VECTOR ( 'NONE', #2361, 1000.000000000000000 ) ;
#126 = CYLINDRICAL_SURFACE ( 'NONE', #2826, 1.999999999999999600 ) ;
#127 = AXIS2_PLACEMENT_3D ( 'NONE', #8458, #5776, #1691 ) ;
#128 = EDGE_CURVE ( 'NONE', #3819, #5947, #5005, .T. ) ;
#129 = CARTESIAN_POINT ( 'NONE',  ( -14.50000000000000000, -4.190020746977267200, 2.000000000000000000 ) ) ;
#130 = ORIENTED_EDGE ( 'NONE', *, *, #433, .F. ) ;
#131 = CARTESIAN_POINT ( 'NONE',  ( -2.799247744702092300, 6.062500001365589400, 2.799247744702093600 ) ) ;
#132 = CARTESIAN_POINT ( 'NONE',  ( -2.799247744702093100, 3.062500001365589000, -2.799247744702092700 ) ) ;
#133 = FACE_OUTER_BOUND ( 'NONE', #3685, .T. ) ;
#134 = DIRECTION ( 'NONE',  ( 0.0000000000000000000, 0.0000000000000000000, 1.000000000000000000 ) ) ;
#135 = DIRECTION ( 'NONE',  ( -3.124648454283931500E-015, -0.4461978007789581000, 0.8949343677499603800 ) ) ;
#136 = ORIENTED_EDGE ( 'NONE', *, *, #7925, .F. ) ;
#137 = EDGE_CURVE ( 'NONE', #4217, #4819, #4812, .T. ) ;
#138 = EDGE_CURVE ( 'NONE', #1417, #92, #1155, .T. ) ;
#139 = EDGE_LOOP ( 'NONE', ( #6405, #3608, #7859, #6897, #8774, #3431 ) ) ;
#140 = DIRECTION ( 'NONE',  ( -0.0000000000000000000, 1.000000000000000000, -0.0000000000000000000 ) ) ;
#141 = COORDINATED_UNIVERSAL_TIME_OFFSET ( 2, 0, .AHEAD. ) ;
#142 = CARTESIAN_POINT ( 'NONE',  ( -1.639761364404187300, 3.750000001365588500, -3.958734124999999400 ) ) ;
#143 =( BOUNDED_CURVE ( )  B_SPLINE_CURVE ( 2, ( #8003, #3246, #8683, #4612, #513, #5288, #1210, #5982, #1894 ),
 .UNSPECIFIED., .F., .F. ) 
 B_SPLINE_CURVE_WITH_KNOTS ( ( 3, 2, 2, 2, 3 ),
 ( 0.3928571428571428500, 0.4107142857142857000, 0.4285714285714285500, 0.4464285714285714500, 0.4642857142857143000 ),
 .UNSPECIFIED. ) 
 CURVE ( )  GEOMETRIC_REPRESENTATION_ITEM ( )  RATIONAL_B_SPLINE_CURVE ( ( 1.000000000000000000, 0.9238795325112867400, 1.000000000000000000, 0.9238795325112867400, 1.000000000000000000, 0.9238795325112867400, 1.000000000000000000, 0.9238795325112867400, 1.000000000000000000 ) ) 
 REPRESENTATION_ITEM ( '' )  );
#144 = AXIS2_PLACEMENT_3D ( 'NONE', #5109, #1018, #5788 ) ;
#145 = ORIENTED_EDGE ( 'NONE', *, *, #5214, .T. ) ;
#146 = DIRECTION ( 'NONE',  ( 0.0000000000000000000, 0.0000000000000000000, 1.000000000000000000 ) ) ;
#147 = FACE_OUTER_BOUND ( 'NONE', #8725, .T. ) ;
#148 = VERTEX_POINT ( 'NONE', #7632 ) ;
#149 = DIRECTION ( 'NONE',  ( 0.0000000000000000000, -1.000000000000000000, 0.0000000000000000000 ) ) ;
#150 = ORIENTED_EDGE ( 'NONE', *, *, #4203, .F. ) ;
#151 = PERSON_AND_ORGANIZATION_ROLE ( 'creator' ) ;
#152 = FACE_OUTER_BOUND ( 'NONE', #8015, .T. ) ;
#153 = VERTEX_POINT ( 'NONE', #2456 ) ;
#154 = ORIENTED_EDGE ( 'NONE', *, *, #2310, .T. ) ;
#155 = CYLINDRICAL_SURFACE ( 'NONE', #8426, 1.999999999999999600 ) ;
#156 = EDGE_CURVE ( 'NONE', #2533, #5444, #2792, .T. ) ;
#157 = DIRECTION ( 'NONE',  ( 0.0000000000000000000, 0.0000000000000000000, 1.000000000000000000 ) ) ;
#158 = CARTESIAN_POINT ( 'NONE',  ( 16.68409993591945600, -14.05000000000000100, 7.993172669738356700 ) ) ;
#159 = AXIS2_PLACEMENT_3D ( 'NONE', #8595, #1809, #6575 ) ;
#160 = CONICAL_SURFACE ( 'NONE', #6705, 0.3555000000000000400, 0.06981317007976586800 ) ;
#161 = VERTEX_POINT ( 'NONE', #2188 ) ;
#162 = VERTEX_POINT ( 'NONE', #6942 ) ;
#163 = CARTESIAN_POINT ( 'NONE',  ( 1.639761364404189300, 5.250000001365589400, 3.958734124999998500 ) ) ;
#164 = B_SPLINE_CURVE_WITH_KNOTS ( 'NONE', 3,
 ( #6217, #4793, #3486, #1435 ),
 .UNSPECIFIED., .F., .F.,
 ( 4, 4 ),
 ( 2.380749485074051000E-007, 0.001168606431211099400 ),
 .UNSPECIFIED. ) ;
#165 = CARTESIAN_POINT ( 'NONE',  ( -3.958734124999998500, 2.250000001365589400, 1.639761364404189700 ) ) ;
#166 = EDGE_CURVE ( 'NONE', #918, #1930, #6197, .T. ) ;
#167 = DIRECTION ( 'NONE',  ( -1.000000000000000000, 0.0000000000000000000, 0.0000000000000000000 ) ) ;
#168 = ORIENTED_EDGE ( 'NONE', *, *, #7649, .F. ) ;
#169 = CARTESIAN_POINT ( 'NONE',  ( -3.958734124999999400, 2.937500001365589000, 0.0000000000000000000 ) ) ;
#170 = ORIENTED_EDGE ( 'NONE', *, *, #4358, .T. ) ;
#171 = CARTESIAN_POINT ( 'NONE',  ( 14.50000000000000000, -17.60000000000000100, 0.0000000000000000000 ) ) ;
#172 = CARTESIAN_POINT ( 'NONE',  ( -4.816675528020397200, -14.05000000000000100, -13.67660911402272500 ) ) ;
#173 = EDGE_LOOP ( 'NONE', ( #8088, #1790, #2627, #6740 ) ) ;
#174 = DIRECTION ( 'NONE',  ( -1.000000000000000000, 0.0000000000000000000, 0.0000000000000000000 ) ) ;
#175 = CARTESIAN_POINT ( 'NONE',  ( 13.07672697680180100, -14.05000000000000100, -6.264919119524532400 ) ) ;
#176 = VERTEX_POINT ( 'NONE', #4214 ) ;
#177 = AXIS2_PLACEMENT_3D ( 'NONE', #6509, #3777, #8527 ) ;
#178 = LINE ( 'NONE', #3150, #3624 ) ;
#179 = ORIENTED_EDGE ( 'NONE', *, *, #4530, .F. ) ;
#180 = CARTESIAN_POINT ( 'NONE',  ( 3.958734124999999400, 4.437500001365588500, -4.848051074856647000E-016 ) ) ;
#181 = ORIENTED_EDGE ( 'NONE', *, *, #2417, .F. ) ;
#182 = EDGE_CURVE ( 'NONE', #848, #952, #7981, .T. ) ;
#183 = VERTEX_POINT ( 'NONE', #2517 ) ;
#184 =( BOUNDED_CURVE ( )  B_SPLINE_CURVE ( 2, ( #5774, #2387, #7864, #1006, #1690, #5096, #313, #4408, #8485 ),
 .UNSPECIFIED., .F., .F. ) 
 B_SPLINE_CURVE_WITH_KNOTS ( ( 3, 2, 2, 2, 3 ),
 ( 0.1785714285714285800, 0.1964285714285714200, 0.2142857142857142700, 0.2321428571428571500, 0.2500000000000000000 ),
 .UNSPECIFIED. ) 
 CURVE ( )  GEOMETRIC_REPRESENTATION_ITEM ( )  RATIONAL_B_SPLINE_CURVE ( ( 1.000000000000000000, 0.9238795325112867400, 1.000000000000000000, 0.9238795325112867400, 1.000000000000000000, 0.9238795325112867400, 1.000000000000000000, 0.9238795325112867400, 1.000000000000000000 ) ) 
 REPRESENTATION_ITEM ( '' )  );
#185 = CARTESIAN_POINT ( 'NONE',  ( 7.272076612284971000E-016, 1.437500001365589400, 3.958734124999999400 ) ) ;
#186 = CIRCLE ( 'NONE', #5131, 2.000000000000001300 ) ;
#187 = AXIS2_PLACEMENT_3D ( 'NONE', #4237, #135, #4925 ) ;
#188 = CARTESIAN_POINT ( 'NONE',  ( 14.50000000000000000, -16.00000000000000000, 0.0000000000000000000 ) ) ;
#189 = EDGE_CURVE ( 'NONE', #952, #4461, #6598, .T. ) ;
#190 = CARTESIAN_POINT ( 'NONE',  ( 0.7527066199065716200, -0.01694560251598044300, 10.67481321004455800 ) ) ;
#191 = DIRECTION ( 'NONE',  ( -0.0000000000000000000, 1.000000000000000000, -0.0000000000000000000 ) ) ;
#192 = LINE ( 'NONE', #8113, #1787 ) ;
#193 = ORIENTED_EDGE ( 'NONE', *, *, #6123, .T. ) ;
#194 = PLANE ( 'NONE',  #109 ) ;
#195 = VERTEX_POINT ( 'NONE', #7604 ) ;
#196 = CARTESIAN_POINT ( 'NONE',  ( -1.639761364404188200, 2.125000001365589400, 3.958734124999998500 ) ) ;
#197 = ORIENTED_EDGE ( 'NONE', *, *, #467, .F. ) ;
#198 = FACE_OUTER_BOUND ( 'NONE', #2452, .T. ) ;
#199 = VECTOR ( 'NONE', #7223, 1000.000000000000000 ) ;
#200 = EDGE_CURVE ( 'NONE', #3523, #8682, #2562, .T. ) ;
#201 = CARTESIAN_POINT ( 'NONE',  ( -12.03897472949798300, -14.05000000000000100, 14.04681769877109000 ) ) ;
#202 = CARTESIAN_POINT ( 'NONE',  ( 0.0000000000000000000, -14.44999999999999900, 0.0000000000000000000 ) ) ;
#203 = EDGE_CURVE ( 'NONE', #1209, #5396, #7773, .T. ) ;
#204 = ORIENTED_EDGE ( 'NONE', *, *, #5616, .F. ) ;
#205 = FACE_OUTER_BOUND ( 'NONE', #1121, .T. ) ;
#206 = CARTESIAN_POINT ( 'NONE',  ( -4.500000000000001800, 5.437499999999996400, -1.863961030678927800 ) ) ;
#207 = CARTESIAN_POINT ( 'NONE',  ( -14.50000000000000200, -16.00000000000000000, 0.0000000000000000000 ) ) ;
#208 = AXIS2_PLACEMENT_3D ( 'NONE', #819, #1214, #5949 ) ;
#209 = CARTESIAN_POINT ( 'NONE',  ( 1.639761364404186800, 3.625000001365589400, -3.958734124999999400 ) ) ;
#210 = FACE_OUTER_BOUND ( 'NONE', #8604, .T. ) ;
#211 = ORIENTED_EDGE ( 'NONE', *, *, #7179, .F. ) ;
#212 = B_SPLINE_CURVE_WITH_KNOTS ( 'NONE', 3,
 ( #5275, #499, #8668, #1198 ),
 .UNSPECIFIED., .F., .F.,
 ( 4, 4 ),
 ( 0.0006611328646872212800, 0.002054287873658126900 ),
 .UNSPECIFIED. ) ;
#213 = CARTESIAN_POINT ( 'NONE',  ( -4.500000000000000000, 7.499999999999996400, 0.0000000000000000000 ) ) ;
#214 = CARTESIAN_POINT ( 'NONE',  ( 4.500000000000001800, 1.187500002731182600, -1.863961030678928500 ) ) ;
#215 = CARTESIAN_POINT ( 'NONE',  ( 3.181980515339463400, 3.124999999999996000, -3.181980515339463800 ) ) ;
#216 = DIRECTION ( 'NONE',  ( -1.000000000000000000, 0.0000000000000000000, 0.0000000000000000000 ) ) ;
#217 = CONICAL_SURFACE ( 'NONE', #3640, 1.999999999999998200, 1.047197551196596300 ) ;
#218 = CARTESIAN_POINT ( 'NONE',  ( 2.799247744702093600, 1.312500001365589400, 2.799247744702092700 ) ) ;
#219 = DIRECTION ( 'NONE',  ( 3.261793248024838500E-015, 0.0000000000000000000, -1.000000000000000000 ) ) ;
#220 = ORIENTED_EDGE ( 'NONE', *, *, #4954, .F. ) ;
#221 = CARTESIAN_POINT ( 'NONE',  ( 16.50000000000000000, -16.00000000000000000, -0.1952413320394016400 ) ) ;
#222 = CIRCLE ( 'NONE', #6865, 18.50000000000000000 ) ;
#223 = DIRECTION ( 'NONE',  ( 0.0000000000000000000, -1.000000000000000000, 0.0000000000000000000 ) ) ;
#224 = CARTESIAN_POINT ( 'NONE',  ( 14.49999999999999800, -4.190020746977267200, -2.000000000000000000 ) ) ;
#225 = EDGE_LOOP ( 'NONE', ( #8243, #478, #1546, #3781 ) ) ;
#226 = CARTESIAN_POINT ( 'NONE',  ( 19.03908078629211100, -14.44999999999999900, 13.03702410483619400 ) ) ;
#227 = ORIENTED_EDGE ( 'NONE', *, *, #7888, .T. ) ;
#228 = CARTESIAN_POINT ( 'NONE',  ( 0.0000000000000000000, -5.500000000000000000, 0.0000000000000000000 ) ) ;
#229 = EDGE_CURVE ( 'NONE', #4139, #8449, #4580, .T. ) ;
#230 = EDGE_CURVE ( 'NONE', #6794, #8275, #5960, .T. ) ;
#231 = CARTESIAN_POINT ( 'NONE',  ( -4.500000000000000900, 1.437499999999996000, -1.863961030678928000 ) ) ;
#232 = AXIS2_PLACEMENT_3D ( 'NONE', #1148, #5918, #1835 ) ;
#233 = EDGE_CURVE ( 'NONE', #3731, #195, #1183, .T. ) ;
#234 = CYLINDRICAL_SURFACE ( 'NONE', #8220, 18.50000000000000000 ) ;
#235 = DIRECTION ( 'NONE',  ( -0.0000000000000000000, -1.000000000000000000, -0.0000000000000000000 ) ) ;
#236 = CARTESIAN_POINT ( 'NONE',  ( -2.799247744702093100, 2.812500001365589000, -2.799247744702092700 ) ) ;
#237 = VERTEX_POINT ( 'NONE', #8258 ) ;
#238 = ORIENTED_EDGE ( 'NONE', *, *, #1654, .F. ) ;
#239 = CARTESIAN_POINT ( 'NONE',  ( -1.863961030678929200, 6.687499999999996400, 4.500000000000000000 ) ) ;
#240 = CIRCLE ( 'NONE', #790, 3.999999999999996400 ) ;
#241 = DIRECTION ( 'NONE',  ( -0.0000000000000000000, 1.000000000000000000, -0.0000000000000000000 ) ) ;
#242 = VERTEX_POINT ( 'NONE', #1459 ) ;
#243 = ORIENTED_EDGE ( 'NONE', *, *, #8429, .T. ) ;
#244 = VECTOR ( 'NONE', #841, 1000.000000000000100 ) ;
#245 = CARTESIAN_POINT ( 'NONE',  ( 14.49999999999999800, -17.61836573537652100, -1.000000000000000000 ) ) ;
#246 = CARTESIAN_POINT ( 'NONE',  ( 3.958734124999999400, 0.5000000013655886400, -1.639761364404187500 ) ) ;
#247 = ORIENTED_EDGE ( 'NONE', *, *, #4856, .F. ) ;
#248 = FACE_OUTER_BOUND ( 'NONE', #1540, .T. ) ;
#249 = DIRECTION ( 'NONE',  ( 0.0000000000000000000, 1.000000000000000000, 0.0000000000000000000 ) ) ;
#250 = ORIENTED_EDGE ( 'NONE', *, *, #3168, .F. ) ;
#251 = CARTESIAN_POINT ( 'NONE',  ( 16.50000000000000000, -16.17863279495408300, -1.154700538379255900 ) ) ;
#252 = CARTESIAN_POINT ( 'NONE',  ( 3.181980515339464200, 4.000000002731183300, 3.181980515339463400 ) ) ;
#253 = DIRECTION ( 'NONE',  ( 1.000000000000000000, 0.0000000000000000000, -0.0000000000000000000 ) ) ;
#254 = EDGE_CURVE ( 'NONE', #8482, #5947, #8211, .T. ) ;
#255 = CARTESIAN_POINT ( 'NONE',  ( -14.15798585900675200, -4.819999999999999400, -0.2399999999999997700 ) ) ;
#256 = DIRECTION ( 'NONE',  ( -0.0000000000000000000, 1.000000000000000000, -0.0000000000000000000 ) ) ;
#257 = ORIENTED_EDGE ( 'NONE', *, *, #5571, .F. ) ;
#258 = AXIS2_PLACEMENT_3D ( 'NONE', #2670, #7425, #3351 ) ;
#259 = DIRECTION ( 'NONE',  ( -0.0000000000000000000, 1.000000000000000000, -0.0000000000000000000 ) ) ;
#260 = VERTEX_POINT ( 'NONE', #6214 ) ;
#261 = VERTEX_POINT ( 'NONE', #2129 ) ;
#262 = CARTESIAN_POINT ( 'NONE',  ( -3.958734124999998500, 2.000000001365589000, 1.639761364404189700 ) ) ;
#263 = B_SPLINE_CURVE_WITH_KNOTS ( 'NONE', 3,
 ( #8556, #3044, #1074, #5854, #1766, #6536 ),
 .UNSPECIFIED., .F., .F.,
 ( 4, 2, 4 ),
 ( 0.001168606431211103100, 0.001750609284260043600, 0.002332612137308984000 ),
 .UNSPECIFIED. ) ;
#264 = CARTESIAN_POINT ( 'NONE',  ( 3.181980515339464200, 5.874999999999996400, 3.181980515339463400 ) ) ;
#265 = ORIENTED_EDGE ( 'NONE', *, *, #7046, .F. ) ;
#266 = AXIS2_PLACEMENT_3D ( 'NONE', #4330, #8404, #2974 ) ;
#267 = CARTESIAN_POINT ( 'NONE',  ( 15.66973530707967800, -15.99999999999999600, -1.634054082335442800 ) ) ;
#268 = CARTESIAN_POINT ( 'NONE',  ( -3.125080247101484200, -14.44999999999999900, 40.60088159039303700 ) ) ;
#269 = CIRCLE ( 'NONE', #1113, 1.999999999999998200 ) ;
#270 = VERTEX_POINT ( 'NONE', #6359 ) ;
#271 = CARTESIAN_POINT ( 'NONE',  ( 14.49999999999999800, -4.046379599446113100, 1.928476821192052700 ) ) ;
#272 = DIRECTION ( 'NONE',  ( -0.0000000000000000000, 1.000000000000000000, -0.0000000000000000000 ) ) ;
#273 = EDGE_LOOP ( 'NONE', ( #5692, #6222, #1067, #2945 ) ) ;
#274 = CARTESIAN_POINT ( 'NONE',  ( 1.639761364404189300, 6.500000001365589400, 3.958734124999998500 ) ) ;
#275 = ADVANCED_FACE ( 'NONE', ( #292 ), #1909, .T. ) ;
#276 = PLANE ( 'NONE',  #707 ) ;
#277 = VECTOR ( 'NONE', #5117, 1000.000000000000000 ) ;
#278 = ORIENTED_EDGE ( 'NONE', *, *, #4782, .F. ) ;
#279 = CARTESIAN_POINT ( 'NONE',  ( -14.88366508938742200, -3.432161446792886900, -0.2399999999999997700 ) ) ;
#280 = ORIENTED_EDGE ( 'NONE', *, *, #1058, .F. ) ;
#281 = CARTESIAN_POINT ( 'NONE',  ( 1.863961030678930300, 1.937500002731183300, 4.500000000000000000 ) ) ;
#282 = AXIS2_PLACEMENT_3D ( 'NONE', #8151, #2713, #4736 ) ;
#283 = EDGE_CURVE ( 'NONE', #834, #6585, #5546, .T. ) ;
#284 = CIRCLE ( 'NONE', #2604, 1.600000000000000800 ) ;
#285 = ORIENTED_EDGE ( 'NONE', *, *, #3856, .T. ) ;
#286 = CARTESIAN_POINT ( 'NONE',  ( 1.112784378237784000, -14.44999999999999900, -14.45723732002591300 ) ) ;
#287 = DIRECTION ( 'NONE',  ( -0.0000000000000000000, -1.000000000000000000, -0.0000000000000000000 ) ) ;
#288 = CARTESIAN_POINT ( 'NONE',  ( 16.50000000000000000, -17.60000000000000100, 0.0000000000000000000 ) ) ;
#289 = AXIS2_PLACEMENT_3D ( 'NONE', #3226, #3262, #6635 ) ;
#290 = ORIENTED_EDGE ( 'NONE', *, *, #490, .T. ) ;
#291 = ORIENTED_EDGE ( 'NONE', *, *, #8629, .F. ) ;
#292 = FACE_OUTER_BOUND ( 'NONE', #6273, .T. ) ;
#293 = CARTESIAN_POINT ( 'NONE',  ( 0.0000000000000000000, -14.44999999999999900, 0.0000000000000000000 ) ) ;
#294 = CARTESIAN_POINT ( 'NONE',  ( 7.272076612284971000E-016, 1.187500001365589200, 3.958734124999999400 ) ) ;
#295 = FACE_OUTER_BOUND ( 'NONE', #8550, .T. ) ;
#296 = EDGE_CURVE ( 'NONE', #2336, #8033, #7348, .T. ) ;
#297 = EDGE_CURVE ( 'NONE', #2195, #2231, #3940, .T. ) ;
#298 = CARTESIAN_POINT ( 'NONE',  ( 4.500000000000000900, 5.062499999999995600, -1.863961030678928700 ) ) ;
#299 = VERTEX_POINT ( 'NONE', #4821 ) ;
#300 = CARTESIAN_POINT ( 'NONE',  ( 4.816675528020397200, -14.44999999999999900, 13.67660911402272500 ) ) ;
#301 = VERTEX_POINT ( 'NONE', #4126 ) ;
#302 = ORIENTED_EDGE ( 'NONE', *, *, #1574, .F. ) ;
#303 = DIRECTION ( 'NONE',  ( 0.0000000000000000000, -1.000000000000000000, 0.0000000000000000000 ) ) ;
#304 = CARTESIAN_POINT ( 'NONE',  ( -14.50000000000000000, -4.935508952010795100, 2.246687131370370800E-017 ) ) ;
#305 = CARTESIAN_POINT ( 'NONE',  ( 3.958734124999999400, 5.687500001365589400, -4.848051074856647000E-016 ) ) ;
#306 = CARTESIAN_POINT ( 'NONE',  ( 12.49999999999999600, -17.52015171715227000, -0.7788341705667928300 ) ) ;
#307 = ORIENTED_EDGE ( 'NONE', *, *, #2204, .T. ) ;
#308 = LINE ( 'NONE', #5058, #5564 ) ;
#309 = EDGE_CURVE ( 'NONE', #4096, #299, #3734, .T. ) ;
#310 = AXIS2_PLACEMENT_3D ( 'NONE', #6358, #2274, #7035 ) ;
#311 = CARTESIAN_POINT ( 'NONE',  ( 0.0000000000000000000, -14.05000000000000100, 0.0000000000000000000 ) ) ;
#312 = AXIS2_PLACEMENT_3D ( 'NONE', #2830, #7578, #3512 ) ;
#313 = CARTESIAN_POINT ( 'NONE',  ( 3.181980515339464200, 5.000000002731182400, 3.181980515339463400 ) ) ;
#314 = DIRECTION ( 'NONE',  ( 0.4461978007789584900, -0.8949343677499602700, 0.0000000000000000000 ) ) ;
#315 = CIRCLE ( 'NONE', #3908, 1.499999999999999600 ) ;
#316 = CARTESIAN_POINT ( 'NONE',  ( 13.16075225999410300, -16.01710519872702300, 1.536186033554503000 ) ) ;
#317 = EDGE_CURVE ( 'NONE', #4791, #5530, #7132, .T. ) ;
#318 = DIRECTION ( 'NONE',  ( 0.0000000000000000000, 0.0000000000000000000, -1.000000000000000000 ) ) ;
#319 = ADVANCED_FACE ( 'NONE', ( #5319 ), #3311, .T. ) ;
#320 = CARTESIAN_POINT ( 'NONE',  ( -3.181980515339463800, 6.374999999999996400, -3.181980515339463400 ) ) ;
#321 = EDGE_LOOP ( 'NONE', ( #3239, #2108, #1749, #2191 ) ) ;
#322 = B_SPLINE_CURVE_WITH_KNOTS ( 'NONE', 3,
 ( #4723, #8789, #1308, #6093, #2003, #6759 ),
 .UNSPECIFIED., .F., .F.,
 ( 4, 2, 4 ),
 ( 0.003228283429323685300, 0.003812703409393313700, 0.004397123389462942100 ),
 .UNSPECIFIED. ) ;
#323 = LINE ( 'NONE', #1629, #5769 ) ;
#324 = CARTESIAN_POINT ( 'NONE',  ( -2.755455298081544300E-016, 4.249999999999995600, -4.500000000000000000 ) ) ;
#325 = CARTESIAN_POINT ( 'NONE',  ( -14.50000000000000000, -17.81836573537652400, 0.8000000000000020400 ) ) ;
#326 = DIRECTION ( 'NONE',  ( -0.0000000000000000000, 1.000000000000000000, -0.0000000000000000000 ) ) ;
#327 = VECTOR ( 'NONE', #2958, 1000.000000000000000 ) ;
#328 = CARTESIAN_POINT ( 'NONE',  ( -3.757155415661929300, 1.000000000000000200, -1.274076008847572200 ) ) ;
#329 = CARTESIAN_POINT ( 'NONE',  ( -14.25999999999999800, -3.432161446792885200, -0.3836650893874185000 ) ) ;
#330 = EDGE_LOOP ( 'NONE', ( #2132, #4696, #145, #6005, #7535, #6356 ) ) ;
#331 = ORIENTED_EDGE ( 'NONE', *, *, #6948, .T. ) ;
#332 = CARTESIAN_POINT ( 'NONE',  ( 1.639761364404186800, 4.875000001365589400, -3.958734124999999400 ) ) ;
#333 = FACE_OUTER_BOUND ( 'NONE', #6484, .T. ) ;
#334 = CARTESIAN_POINT ( 'NONE',  ( 0.0000000000000000000, -16.00000000000000000, 14.50000000000000000 ) ) ;
#335 = ORIENTED_EDGE ( 'NONE', *, *, #433, .T. ) ;
#336 = EDGE_LOOP ( 'NONE', ( #1730, #553, #1876, #906 ) ) ;
#337 = SHAPE_DEFINITION_REPRESENTATION ( #1144, #8719 ) ;
#338 = EDGE_LOOP ( 'NONE', ( #280, #920, #8249, #6493 ) ) ;
#339 = LINE ( 'NONE', #1306, #8783 ) ;
#340 = CARTESIAN_POINT ( 'NONE',  ( -20.18017091227447000, -14.44999999999999900, 23.54579092521963800 ) ) ;
#341 = CARTESIAN_POINT ( 'NONE',  ( -2.424025537428323500E-016, 6.937500001365589400, -3.958734124999999400 ) ) ;
#342 = DIRECTION ( 'NONE',  ( 0.0000000000000000000, 0.0000000000000000000, 1.000000000000000000 ) ) ;
#343 = EDGE_CURVE ( 'NONE', #6179, #1215, #6920, .T. ) ;
#344 = ORIENTED_EDGE ( 'NONE', *, *, #6269, .F. ) ;
#345 = PLANE ( 'NONE',  #3129 ) ;
#346 = LINE ( 'NONE', #8513, #5600 ) ;
#347 = EDGE_CURVE ( 'NONE', #5791, #8449, #3535, .T. ) ;
#348 = DIRECTION ( 'NONE',  ( 0.0000000000000000000, -0.0000000000000000000, -1.000000000000000000 ) ) ;
#349 = EDGE_LOOP ( 'NONE', ( #8656, #7314, #5610, #2391 ) ) ;
#350 = CARTESIAN_POINT ( 'NONE',  ( -14.74000000000000000, -4.819999999999999400, -0.3420141409932481700 ) ) ;
#351 = DIRECTION ( 'NONE',  ( -1.000000000000000000, 0.0000000000000000000, 0.0000000000000000000 ) ) ;
#352 = ORIENTED_EDGE ( 'NONE', *, *, #8758, .F. ) ;
#353 = VECTOR ( 'NONE', #6357, 1000.000000000000000 ) ;
#354 = CARTESIAN_POINT ( 'NONE',  ( -4.500000000000000900, 3.437499999999996000, -1.863961030678928000 ) ) ;
#355 = CARTESIAN_POINT ( 'NONE',  ( 13.50000000000000000, -16.00000000000000000, -1.732050807568876500 ) ) ;
#356 = CARTESIAN_POINT ( 'NONE',  ( -14.50000000000000000, -4.935508952010795100, 0.0000000000000000000 ) ) ;
#357 = B_SPLINE_CURVE_WITH_KNOTS ( 'NONE', 3,
 ( #7271, #3197, #458, #5233 ),
 .UNSPECIFIED., .F., .F.,
 ( 4, 4 ),
 ( 0.0007826735380005798600, 0.001363301800779118700 ),
 .UNSPECIFIED. ) ;
#358 = CYLINDRICAL_SURFACE ( 'NONE', #7170, 18.50000000000000000 ) ;
#359 = CARTESIAN_POINT ( 'NONE',  ( 14.49999999999999800, -4.819999999999999400, 0.0000000000000000000 ) ) ;
#360 = ORIENTED_EDGE ( 'NONE', *, *, #3907, .F. ) ;
#361 = ORIENTED_EDGE ( 'NONE', *, *, #5269, .T. ) ;
#362 = ORIENTED_EDGE ( 'NONE', *, *, #6547, .T. ) ;
#363 = CARTESIAN_POINT ( 'NONE',  ( -2.799247744702093100, 4.062500001365589400, -2.799247744702092700 ) ) ;
#364 = AXIS2_PLACEMENT_3D ( 'NONE', #5126, #3094, #1718 ) ;
#365 = EDGE_CURVE ( 'NONE', #7385, #3090, #8728, .T. ) ;
#366 = ADVANCED_FACE ( 'NONE', ( #2139, #5102, #1477, #8503 ), #8303, .T. ) ;
#367 = DIRECTION ( 'NONE',  ( 0.0000000000000000000, 0.0000000000000000000, 1.000000000000000000 ) ) ;
#368 = DIRECTION ( 'NONE',  ( 0.0000000000000000000, 0.0000000000000000000, -1.000000000000000000 ) ) ;
#369 = ORIENTED_EDGE ( 'NONE', *, *, #4442, .T. ) ;
#370 = ORIENTED_EDGE ( 'NONE', *, *, #2322, .T. ) ;
#371 = CARTESIAN_POINT ( 'NONE',  ( 8.266365894244633300E-016, 3.875000002731183300, 4.500000000000000000 ) ) ;
#372 = DIRECTION ( 'NONE',  ( 0.0000000000000000000, 0.0000000000000000000, 1.000000000000000000 ) ) ;
#373 = AXIS2_PLACEMENT_3D ( 'NONE', #3316, #8065, #3991 ) ;
#374 = CARTESIAN_POINT ( 'NONE',  ( -3.958734124999999400, 6.125000001365589400, -1.639761364404187100 ) ) ;
#375 = CARTESIAN_POINT ( 'NONE',  ( 9.435953166363290700, -14.44999999999999900, -11.00966792606383000 ) ) ;
#376 = CARTESIAN_POINT ( 'NONE',  ( -14.50000000000000000, -4.190020746977267200, 0.0000000000000000000 ) ) ;
#377 = LINE ( 'NONE', #4713, #4034 ) ;
#378 = ORIENTED_EDGE ( 'NONE', *, *, #5669, .F. ) ;
#379 = ADVANCED_FACE ( 'NONE', ( #6696 ), #1265, .T. ) ;
#380 = CARTESIAN_POINT ( 'NONE',  ( -2.755455298081544300E-016, 2.375000002731182800, -4.500000000000000000 ) ) ;
#381 = ORIENTED_EDGE ( 'NONE', *, *, #1570, .F. ) ;
#382 = CARTESIAN_POINT ( 'NONE',  ( -3.181980515339462900, 2.624999999999996400, 3.181980515339464200 ) ) ;
#383 = AXIS2_PLACEMENT_3D ( 'NONE', #7010, #3634, #2948 ) ;
#384 = DIRECTION ( 'NONE',  ( -1.000000000000000000, 0.0000000000000000000, -1.224646799147353500E-016 ) ) ;
#385 = CARTESIAN_POINT ( 'NONE',  ( 3.402649101878586300, -14.44999999999999900, -18.18438833421364700 ) ) ;
#386 = FACE_OUTER_BOUND ( 'NONE', #4145, .T. ) ;
#387 = VERTEX_POINT ( 'NONE', #5403 ) ;
#388 = ORIENTED_EDGE ( 'NONE', *, *, #6762, .F. ) ;
#389 = CARTESIAN_POINT ( 'NONE',  ( -3.958734124999998500, 3.250000001365589400, 1.639761364404189700 ) ) ;
#390 = VERTEX_POINT ( 'NONE', #4725 ) ;
#391 = FACE_OUTER_BOUND ( 'NONE', #725, .T. ) ;
#392 = DIRECTION ( 'NONE',  ( -3.491483361109382100E-015, 0.0000000000000000000, 1.000000000000000000 ) ) ;
#393 = CARTESIAN_POINT ( 'NONE',  ( 13.07672697680180100, -14.44999999999999900, -6.264919119524531500 ) ) ;
#394 = LINE ( 'NONE', #3361, #7245 ) ;
#395 = ORIENTED_EDGE ( 'NONE', *, *, #7681, .F. ) ;
#396 = DIRECTION ( 'NONE',  ( 0.4461978007789579900, -0.8949343677499603800, 0.0000000000000000000 ) ) ;
#397 = ORIENTED_EDGE ( 'NONE', *, *, #1347, .T. ) ;
#398 = ORIENTED_EDGE ( 'NONE', *, *, #6583, .F. ) ;
#399 = CARTESIAN_POINT ( 'NONE',  ( 14.36206896551724000, -5.416047672942439400, 1.995238088481302800 ) ) ;
#400 = EDGE_CURVE ( 'NONE', #4014, #7194, #6487, .T. ) ;
#401 = VERTEX_POINT ( 'NONE', #4037 ) ;
#402 = AXIS2_PLACEMENT_3D ( 'NONE', #2130, #2862, #7605 ) ;
#403 = EDGE_CURVE ( 'NONE', #6199, #4368, #3092, .T. ) ;
#404 = VECTOR ( 'NONE', #7401, 1000.000000000000000 ) ;
#405 = CARTESIAN_POINT ( 'NONE',  ( -2.755455298081544300E-016, 6.375000002731183300, -4.500000000000000000 ) ) ;
#406 = DIRECTION ( 'NONE',  ( 0.3321845191738206400, 0.0000000000000000000, 0.9432144216567395200 ) ) ;
#407 = CARTESIAN_POINT ( 'NONE',  ( -2.799247744702092300, 5.312500001365589400, 2.799247744702093600 ) ) ;
#408 = ADVANCED_FACE ( 'NONE', ( #2897 ), #842, .T. ) ;
#409 = ORIENTED_EDGE ( 'NONE', *, *, #7681, .T. ) ;
#410 = CARTESIAN_POINT ( 'NONE',  ( 1.694458096508831200, 1.000000000000000400, 4.056356200471802800 ) ) ;
#411 = CYLINDRICAL_SURFACE ( 'NONE', #4602, 5.000000000000000000 ) ;
#412 = EDGE_CURVE ( 'NONE', #7522, #7344, #854, .T. ) ;
#413 = DIRECTION ( 'NONE',  ( 0.1839269784799235100, 0.0000000000000000000, -0.9829399099574935800 ) ) ;
#414 = CARTESIAN_POINT ( 'NONE',  ( -4.872006157907522500, -14.44999999999999900, -0.5897000988077660800 ) ) ;
#415 = AXIS2_PLACEMENT_3D ( 'NONE', #8805, #4735, #636 ) ;
#416 = CARTESIAN_POINT ( 'NONE',  ( -2.755455298081544300E-016, 6.375000002731183300, -4.500000000000000000 ) ) ;
#417 = FACE_OUTER_BOUND ( 'NONE', #995, .T. ) ;
#418 = CARTESIAN_POINT ( 'NONE',  ( 7.272076612284971000E-016, 2.437500001365589400, 3.958734124999999400 ) ) ;
#419 = ORIENTED_EDGE ( 'NONE', *, *, #1907, .T. ) ;
#420 = ADVANCED_FACE ( 'NONE', ( #4462, #6294 ), #3327, .T. ) ;
#421 = EDGE_CURVE ( 'NONE', #7620, #6585, #2232, .T. ) ;
#422 = AXIS2_PLACEMENT_3D ( 'NONE', #6154, #2762, #7505 ) ;
#423 = CIRCLE ( 'NONE', #4532, 0.3555000000000000400 ) ;
#424 = CARTESIAN_POINT ( 'NONE',  ( -14.01609786416230500, -4.999999999999999100, -1.529244290710332700 ) ) ;
#425 = DIRECTION ( 'NONE',  ( 0.0000000000000000000, 0.0000000000000000000, 1.000000000000000000 ) ) ;
#426 = DIRECTION ( 'NONE',  ( 0.0000000000000000000, -1.000000000000000000, 0.0000000000000000000 ) ) ;
#427 = CC_DESIGN_DATE_AND_TIME_ASSIGNMENT ( #1528, #4932, ( #7476 ) ) ;
#428 = CARTESIAN_POINT ( 'NONE',  ( -16.50000000000000000, -17.42136720504591800, -1.154700538379255900 ) ) ;
#429 = CARTESIAN_POINT ( 'NONE',  ( 12.79648433899159500, -14.05000000000000100, -4.506710138927637400 ) ) ;
#430 = ORIENTED_EDGE ( 'NONE', *, *, #4475, .F. ) ;
#431 = CARTESIAN_POINT ( 'NONE',  ( 1.639761364404189300, 4.500000001365588500, 3.958734124999998500 ) ) ;
#432 = LINE ( 'NONE', #793, #4091 ) ;
#433 = EDGE_CURVE ( 'NONE', #260, #6574, #8092, .T. ) ;
#434 = DIRECTION ( 'NONE',  ( 0.0000000000000000000, 0.0000000000000000000, -1.000000000000000000 ) ) ;
#435 = CARTESIAN_POINT ( 'NONE',  ( 14.15798585900675200, -4.819999999999999400, -0.2400000000000001900 ) ) ;
#436 = CIRCLE ( 'NONE', #8166, 3.190987308028661000 ) ;
#437 = DIRECTION ( 'NONE',  ( 0.0000000000000000000, 0.0000000000000000000, -1.000000000000000000 ) ) ;
#438 = CARTESIAN_POINT ( 'NONE',  ( -3.107633723562048400, 1.000000000000000700, 2.592189120394792200 ) ) ;
#439 = ORIENTED_EDGE ( 'NONE', *, *, #7393, .F. ) ;
#440 = EDGE_LOOP ( 'NONE', ( #3152, #220, #6727, #4003 ) ) ;
#441 = CARTESIAN_POINT ( 'NONE',  ( -1.603120191833866800E-015, -14.44999999999999900, 40.84142135623730500 ) ) ;
#442 = PLANE ( 'NONE',  #7946 ) ;
#443 = CIRCLE ( 'NONE', #258, 2.000000000000000000 ) ;
#444 = CARTESIAN_POINT ( 'NONE',  ( -4.500000000000000900, 5.562500002731183300, -1.863961030678928000 ) ) ;
#445 = EDGE_LOOP ( 'NONE', ( #732, #4960, #2060, #4044 ) ) ;
#446 = CARTESIAN_POINT ( 'NONE',  ( 3.958734124999999900, 1.625000001365589600, 1.639761364404186200 ) ) ;
#447 = VERTEX_POINT ( 'NONE', #1814 ) ;
#448 =( BOUNDED_CURVE ( )  B_SPLINE_CURVE ( 3, ( #7537, #2795, #8224, #4147 ),
 .UNSPECIFIED., .F., .F. ) 
 B_SPLINE_CURVE_WITH_KNOTS ( ( 4, 4 ),
 ( -1.776356839400250500E-015, 0.3175674119301086200 ),
 .UNSPECIFIED. ) 
 CURVE ( )  GEOMETRIC_REPRESENTATION_ITEM ( )  RATIONAL_B_SPLINE_CURVE ( ( 1.000000000000000000, 0.9916135539163377600, 0.9916135539163377600, 1.000000000000000000 ) ) 
 REPRESENTATION_ITEM ( '' )  );
#449 = FACE_OUTER_BOUND ( 'NONE', #3399, .T. ) ;
#450 = DIRECTION ( 'NONE',  ( -0.3321845191738166900, 0.0000000000000000000, -0.9432144216567409600 ) ) ;
#451 = ADVANCED_FACE ( 'NONE', ( #4906 ), #7255, .T. ) ;
#452 = DIRECTION ( 'NONE',  ( 0.0000000000000000000, 0.0000000000000000000, -1.000000000000000000 ) ) ;
#453 = ORIENTED_EDGE ( 'NONE', *, *, #32, .F. ) ;
#454 = AXIS2_PLACEMENT_3D ( 'NONE', #4057, #8807, #8122 ) ;
#455 = ORIENTED_EDGE ( 'NONE', *, *, #343, .F. ) ;
#456 = FACE_OUTER_BOUND ( 'NONE', #3568, .T. ) ;
#457 = CARTESIAN_POINT ( 'NONE',  ( -14.11184206776752800, -5.028404820543404000, -1.668385128300129000 ) ) ;
#458 = CARTESIAN_POINT ( 'NONE',  ( -1.339229105353240800, 7.000000000000001800, -3.745334918568542300 ) ) ;
#459 = AXIS2_PLACEMENT_3D ( 'NONE', #1350, #8736, #7281 ) ;
#460 = DIRECTION ( 'NONE',  ( -0.1839269784799235100, 0.0000000000000000000, 0.9829399099574935800 ) ) ;
#461 = FACE_OUTER_BOUND ( 'NONE', #1150, .T. ) ;
#462 = ORIENTED_EDGE ( 'NONE', *, *, #5414, .T. ) ;
#463 = CARTESIAN_POINT ( 'NONE',  ( -8.192318200501365100, -14.44999999999999900, 11.96394259856399200 ) ) ;
#464 = CARTESIAN_POINT ( 'NONE',  ( 2.104935698356423600, 6.920532586651034100, -3.505122788869151000 ) ) ;
#465 = CARTESIAN_POINT ( 'NONE',  ( 3.958734124999999400, 3.687500001365589400, -4.848051074856647000E-016 ) ) ;
#466 = EDGE_CURVE ( 'NONE', #2196, #3493, #7869, .T. ) ;
#467 = EDGE_CURVE ( 'NONE', #1348, #6574, #6075, .T. ) ;
#468 = CARTESIAN_POINT ( 'NONE',  ( 14.82771778100631000, -16.07933779981235700, 2.120193127676283300 ) ) ;
#469 = CARTESIAN_POINT ( 'NONE',  ( -14.50000000000000000, -4.819999999999999400, 0.0000000000000000000 ) ) ;
#470 = ADVANCED_FACE ( 'NONE', ( #2671 ), #7890, .T. ) ;
#471 = CARTESIAN_POINT ( 'NONE',  ( -16.42847682119205600, -4.046379599446113100, -2.361702966302710400E-016 ) ) ;
#472 = DIRECTION ( 'NONE',  ( -0.0000000000000000000, 1.000000000000000000, -0.0000000000000000000 ) ) ;
#473 = ORIENTED_EDGE ( 'NONE', *, *, #5162, .T. ) ;
#474 = CARTESIAN_POINT ( 'NONE',  ( 14.11184206776752400, -5.028404820543403100, -1.668385128300130500 ) ) ;
#475 = DIRECTION ( 'NONE',  ( 0.0000000000000000000, 0.0000000000000000000, -1.000000000000000000 ) ) ;
#476 = CARTESIAN_POINT ( 'NONE',  ( -14.50000000000000000, -4.190020746977269000, -1.819999999999999400 ) ) ;
#477 = CARTESIAN_POINT ( 'NONE',  ( -3.181980515339462900, 4.750000002731183300, 3.181980515339464200 ) ) ;
#478 = ORIENTED_EDGE ( 'NONE', *, *, #2037, .T. ) ;
#479 = EDGE_CURVE ( 'NONE', #301, #6523, #4259, .T. ) ;
#480 = CARTESIAN_POINT ( 'NONE',  ( 2.799247744702092700, 0.8125000013655889800, -2.799247744702093100 ) ) ;
#481 = AXIS2_PLACEMENT_3D ( 'NONE', #8176, #4101, #3 ) ;
#482 = CARTESIAN_POINT ( 'NONE',  ( -2.799247744702092300, 5.062500001365589400, 2.799247744702093600 ) ) ;
#483 = VERTEX_POINT ( 'NONE', #1751 ) ;
#484 = DIRECTION ( 'NONE',  ( 0.1201614544122254200, 0.0000000000000000000, -0.9927543628076075400 ) ) ;
#485 = CARTESIAN_POINT ( 'NONE',  ( 1.848966476261119500, 1.000000000000000900, -3.767548921967319900 ) ) ;
#486 = ORIENTED_EDGE ( 'NONE', *, *, #138, .F. ) ;
#487 = EDGE_LOOP ( 'NONE', ( #8543, #1012, #1634, #7510 ) ) ;
#488 = CARTESIAN_POINT ( 'NONE',  ( 1.419759379130965300, -14.44999999999999900, -18.44544071865374900 ) ) ;
#489 = CARTESIAN_POINT ( 'NONE',  ( 0.0000000000000000000, 7.000000000000000000, 0.0000000000000000000 ) ) ;
#490 = EDGE_CURVE ( 'NONE', #3731, #1369, #7665, .T. ) ;
#491 = VECTOR ( 'NONE', #6489, 1000.000000000000000 ) ;
#492 = ORIENTED_EDGE ( 'NONE', *, *, #6416, .T. ) ;
#493 = CARTESIAN_POINT ( 'NONE',  ( 3.181980515339463400, 1.124999999999995800, -3.181980515339463800 ) ) ;
#494 = CARTESIAN_POINT ( 'NONE',  ( 4.182188101718069500, 6.807810363829905700, 0.3976128596579677800 ) ) ;
#495 = AXIS2_PLACEMENT_3D ( 'NONE', #6347, #2264, #7023 ) ;
#496 = CARTESIAN_POINT ( 'NONE',  ( 1.639761364404186800, 2.875000001365589000, -3.958734124999999400 ) ) ;
#497 = ORIENTED_EDGE ( 'NONE', *, *, #166, .T. ) ;
#498 = LINE ( 'NONE', #2690, #404 ) ;
#499 = CARTESIAN_POINT ( 'NONE',  ( -14.15450835986526500, -3.894975084286509000, -0.2399999999999997700 ) ) ;
#500 = ADVANCED_FACE ( 'NONE', ( #5839 ), #5636, .T. ) ;
#501 = CARTESIAN_POINT ( 'NONE',  ( -16.50000000000000000, -17.42136720504591800, -1.154700538379255900 ) ) ;
#502 = CARTESIAN_POINT ( 'NONE',  ( -0.3892897937028791900, 0.002318320852712546000, 10.53590216434162300 ) ) ;
#503 = DIRECTION ( 'NONE',  ( -1.000000000000000000, 0.0000000000000000000, 0.0000000000000000000 ) ) ;
#504 = CYLINDRICAL_SURFACE ( 'NONE', #1660, 18.50000000000000000 ) ;
#505 = VERTEX_POINT ( 'NONE', #4380 ) ;
#506 = ORIENTED_EDGE ( 'NONE', *, *, #189, .T. ) ;
#507 = DIRECTION ( 'NONE',  ( 0.0000000000000000000, -1.000000000000000000, -0.0000000000000000000 ) ) ;
#508 = CARTESIAN_POINT ( 'NONE',  ( -2.755455298081544300E-016, 6.249999999999996400, -4.500000000000000000 ) ) ;
#509 = VERTEX_POINT ( 'NONE', #2419 ) ;
#510 = VECTOR ( 'NONE', #6224, 1000.000000000000000 ) ;
#511 = CARTESIAN_POINT ( 'NONE',  ( 1.863961030678930000, 3.937500002731183700, 4.500000000000000000 ) ) ;
#512 = CIRCLE ( 'NONE', #6749, 14.00000000000000000 ) ;
#513 = CARTESIAN_POINT ( 'NONE',  ( -4.500000000000000000, 4.499999999999996400, 0.0000000000000000000 ) ) ;
#514 = CARTESIAN_POINT ( 'NONE',  ( 1.639761364404189300, 4.250000001365588500, 3.958734124999998500 ) ) ;
#515 = AXIS2_PLACEMENT_3D ( 'NONE', #4627, #1355, #6559 ) ;
#516 = ORIENTED_EDGE ( 'NONE', *, *, #137, .T. ) ;
#517 = CARTESIAN_POINT ( 'NONE',  ( -3.958734124999999400, 6.875000001365589400, -1.639761364404187100 ) ) ;
#518 = ORIENTED_EDGE ( 'NONE', *, *, #2643, .F. ) ;
#519 = CARTESIAN_POINT ( 'NONE',  ( 4.500000000000000000, 0.9999999999999956700, -5.510910596163088600E-016 ) ) ;
#520 = VERTEX_POINT ( 'NONE', #3028 ) ;
#521 = ADVANCED_FACE ( 'NONE', ( #7455 ), #5149, .T. ) ;
#522 = VERTEX_POINT ( 'NONE', #6497 ) ;
#523 = CARTESIAN_POINT ( 'NONE',  ( 15.47018871898937500, -3.560076670449441300, 0.2400000000000001900 ) ) ;
#524 = DIRECTION ( 'NONE',  ( -0.0000000000000000000, 1.000000000000000000, -0.0000000000000000000 ) ) ;
#525 = EDGE_CURVE ( 'NONE', #2738, #7691, #184, .T. ) ;
#526 = DIRECTION ( 'NONE',  ( 0.0000000000000000000, -1.000000000000000000, 0.0000000000000000000 ) ) ;
#527 = AXIS2_PLACEMENT_3D ( 'NONE', #5576, #1479, #6265 ) ;
#528 = EDGE_CURVE ( 'NONE', #3684, #6335, #3824, .T. ) ;
#529 = ORIENTED_EDGE ( 'NONE', *, *, #1278, .T. ) ;
#530 = CARTESIAN_POINT ( 'NONE',  ( 14.49999999999999800, -17.61836573537652100, 0.0000000000000000000 ) ) ;
#531 = DIRECTION ( 'NONE',  ( 0.8250994895561373200, -0.0000000000000000000, 0.5649874621035423400 ) ) ;
#532 = CARTESIAN_POINT ( 'NONE',  ( -2.799247744702093100, 2.062500001365589000, -2.799247744702092700 ) ) ;
#533 = LINE ( 'NONE', #828, #7588 ) ;
#534 = DIRECTION ( 'NONE',  ( -1.557892197183331500E-015, -0.8949343677499602700, 0.4461978007789582100 ) ) ;
#535 = DIRECTION ( 'NONE',  ( 0.0000000000000000000, 0.0000000000000000000, 1.000000000000000000 ) ) ;
#536 = CARTESIAN_POINT ( 'NONE',  ( -0.9134627000950384900, -0.05119731662747956800, 10.78286254791705700 ) ) ;
#537 = DIRECTION ( 'NONE',  ( 0.8660254037844381500, 0.0000000000000000000, 0.5000000000000007800 ) ) ;
#538 = PLANE ( 'NONE',  #7793 ) ;
#539 = VECTOR ( 'NONE', #2032, 1000.000000000000000 ) ;
#540 = CARTESIAN_POINT ( 'NONE',  ( -14.50000000000000000, -4.046379599446113100, 0.0000000000000000000 ) ) ;
#541 = AXIS2_PLACEMENT_3D ( 'NONE', #5358, #551, #1274 ) ;
#542 = AXIS2_PLACEMENT_3D ( 'NONE', #5808, #6496, #2418 ) ;
#543 = CARTESIAN_POINT ( 'NONE',  ( -3.125080247101484200, -14.44999999999999900, 40.60088159039303700 ) ) ;
#544 = CARTESIAN_POINT ( 'NONE',  ( 4.500000000000000000, 3.125000002731183300, -5.510910596163088600E-016 ) ) ;
#545 = ORIENTED_EDGE ( 'NONE', *, *, #3555, .F. ) ;
#546 = DIRECTION ( 'NONE',  ( 0.0000000000000000000, 0.0000000000000000000, 1.000000000000000000 ) ) ;
#547 = CARTESIAN_POINT ( 'NONE',  ( 3.958734124999999400, 3.437500001365589000, -4.848051074856647000E-016 ) ) ;
#548 = CIRCLE ( 'NONE', #6255, 0.3555000000000000400 ) ;
#549 = ADVANCED_FACE ( 'NONE', ( #391 ), #1783, .T. ) ;
#550 = VECTOR ( 'NONE', #1505, 1000.000000000000000 ) ;
#551 = DIRECTION ( 'NONE',  ( -0.0000000000000000000, 1.000000000000000000, -0.0000000000000000000 ) ) ;
#552 = ORIENTED_EDGE ( 'NONE', *, *, #7008, .F. ) ;
#553 = ORIENTED_EDGE ( 'NONE', *, *, #6443, .T. ) ;
#554 = AXIS2_PLACEMENT_3D ( 'NONE', #941, #5708, #1740 ) ;
#555 = CARTESIAN_POINT ( 'NONE',  ( -16.50000000000000000, -16.00000000000000400, 0.1951254011572749200 ) ) ;
#556 = LINE ( 'NONE', #5028, #7612 ) ;
#557 = CARTESIAN_POINT ( 'NONE',  ( 14.49999999999999800, -4.190020746977269000, -1.819999999999999400 ) ) ;
#558 = CARTESIAN_POINT ( 'NONE',  ( -3.958734124999998500, 1.250000001365589400, 1.639761364404189700 ) ) ;
#559 = ORIENTED_EDGE ( 'NONE', *, *, #821, .F. ) ;
#560 = EDGE_LOOP ( 'NONE', ( #6807, #378, #7713 ) ) ;
#561 = AXIS2_PLACEMENT_3D ( 'NONE', #4536, #2481, #6554 ) ;
#562 = DIRECTION ( 'NONE',  ( 0.0000000000000000000, -1.000000000000000000, 0.0000000000000000000 ) ) ;
#563 = CARTESIAN_POINT ( 'NONE',  ( -14.50000000000000000, 21.99999999999996800, 0.0000000000000000000 ) ) ;
#564 = DIRECTION ( 'NONE',  ( -0.9432144216567375200, 0.0000000000000000000, -0.3321845191738263000 ) ) ;
#565 = ORIENTED_EDGE ( 'NONE', *, *, #2541, .F. ) ;
#566 = ADVANCED_FACE ( 'NONE', ( #2020 ), #4053, .T. ) ;
#567 = CARTESIAN_POINT ( 'NONE',  ( -14.74000000000000200, -6.599999999999999600, -8.673617379884035500E-016 ) ) ;
#568 = LINE ( 'NONE', #488, #7618 ) ;
#569 = DIRECTION ( 'NONE',  ( -0.0000000000000000000, 1.000000000000000000, 0.0000000000000000000 ) ) ;
#570 = ORIENTED_EDGE ( 'NONE', *, *, #1508, .F. ) ;
#571 = PLANE ( 'NONE',  #5951 ) ;
#572 = DIRECTION ( 'NONE',  ( 0.0000000000000000000, 0.0000000000000000000, 1.000000000000000000 ) ) ;
#573 = CIRCLE ( 'NONE', #4372, 14.50000000000000000 ) ;
#574 = CARTESIAN_POINT ( 'NONE',  ( 1.863961030678927400, 2.312500002731182400, -4.500000000000000900 ) ) ;
#575 = ORIENTED_EDGE ( 'NONE', *, *, #7689, .F. ) ;
#576 = EDGE_LOOP ( 'NONE', ( #8208, #5421, #2789, #5388 ) ) ;
#577 = LINE ( 'NONE', #890, #4007 ) ;
#578 = CARTESIAN_POINT ( 'NONE',  ( -14.12273300923241600, -14.44999999999999900, -3.286093782888299200 ) ) ;
#579 = DIRECTION ( 'NONE',  ( 0.0000000000000000000, 0.0000000000000000000, 1.000000000000000000 ) ) ;
#580 = CARTESIAN_POINT ( 'NONE',  ( 1.639761364404186800, 2.625000001365589000, -3.958734124999999400 ) ) ;
#581 = CARTESIAN_POINT ( 'NONE',  ( -14.50000000000000200, -16.00000000000000000, 0.0000000000000000000 ) ) ;
#582 = VECTOR ( 'NONE', #2235, 1000.000000000000000 ) ;
#583 = EDGE_CURVE ( 'NONE', #7929, #705, #7240, .T. ) ;
#584 = ORIENTED_EDGE ( 'NONE', *, *, #2208, .F. ) ;
#585 = DIRECTION ( 'NONE',  ( 0.0000000000000000000, 0.0000000000000000000, 1.000000000000000000 ) ) ;
#586 = DIRECTION ( 'NONE',  ( 0.0000000000000000000, 0.0000000000000000000, 1.000000000000000000 ) ) ;
#587 = AXIS2_PLACEMENT_3D ( 'NONE', #293, #2397, #5106 ) ;
#588 = VERTEX_POINT ( 'NONE', #2360 ) ;
#589 = ORIENTED_EDGE ( 'NONE', *, *, #7628, .T. ) ;
#590 = DIRECTION ( 'NONE',  ( 0.0000000000000000000, 0.0000000000000000000, -1.000000000000000000 ) ) ;
#591 = CARTESIAN_POINT ( 'NONE',  ( 13.15925706258397700, -16.00000000000000000, -1.535322780927272500 ) ) ;
#592 = EDGE_CURVE ( 'NONE', #1152, #3583, #186, .T. ) ;
#593 = EDGE_CURVE ( 'NONE', #7431, #696, #5428, .T. ) ;
#594 = ORIENTED_EDGE ( 'NONE', *, *, #8466, .F. ) ;
#595 = DIRECTION ( 'NONE',  ( 0.0000000000000000000, 0.0000000000000000000, 1.000000000000000000 ) ) ;
#596 = ADVANCED_FACE ( 'NONE', ( #8837 ), #1597, .T. ) ;
#597 = AXIS2_PLACEMENT_3D ( 'NONE', #3776, #8525, #4453 ) ;
#598 = CARTESIAN_POINT ( 'NONE',  ( 0.0000000000000000000, -14.05000000000000100, 0.0000000000000000000 ) ) ;
#599 = CARTESIAN_POINT ( 'NONE',  ( -14.50000000000000000, -5.000000000000000000, 0.0000000000000000000 ) ) ;
#600 = ORIENTED_EDGE ( 'NONE', *, *, #7790, .F. ) ;
#601 = DIRECTION ( 'NONE',  ( -3.261793248024838500E-015, 0.0000000000000000000, 1.000000000000000000 ) ) ;
#602 = CARTESIAN_POINT ( 'NONE',  ( -3.958734124999999400, 6.875000001365590300, -1.639761364404187100 ) ) ;
#603 = CARTESIAN_POINT ( 'NONE',  ( -4.872006157907522500, -14.05000000000000100, -0.5897000988077660800 ) ) ;
#604 = CARTESIAN_POINT ( 'NONE',  ( -14.50000000000000200, -17.60000000000000100, 0.0000000000000000000 ) ) ;
#605 = DIRECTION ( 'NONE',  ( 0.0000000000000000000, -1.000000000000000000, -0.0000000000000000000 ) ) ;
#606 = CARTESIAN_POINT ( 'NONE',  ( -3.181980515339463800, 1.500000002731182800, -3.181980515339463400 ) ) ;
#607 = LINE ( 'NONE', #6721, #2424 ) ;
#608 = EDGE_LOOP ( 'NONE', ( #370, #7497, #291, #1138 ) ) ;
#609 = EDGE_CURVE ( 'NONE', #5736, #4975, #3421, .T. ) ;
#610 = CARTESIAN_POINT ( 'NONE',  ( 4.500000000000000000, 6.125000002731183300, -5.510910596163088600E-016 ) ) ;
#611 = CARTESIAN_POINT ( 'NONE',  ( -1.999999999999994900, 17.00000000000000000, 1.499999999999999100 ) ) ;
#612 = AXIS2_PLACEMENT_3D ( 'NONE', #1188, #5955, #1871 ) ;
#613 = CARTESIAN_POINT ( 'NONE',  ( -2.799247744702093100, 1.812500001365589000, -2.799247744702092700 ) ) ;
#614 = ORIENTED_EDGE ( 'NONE', *, *, #4798, .F. ) ;
#615 = DIRECTION ( 'NONE',  ( -0.0000000000000000000, -1.000000000000000000, -0.0000000000000000000 ) ) ;
#616 = ADVANCED_FACE ( 'NONE', ( #1573 ), #7040, .F. ) ;
#617 = ORIENTED_EDGE ( 'NONE', *, *, #3791, .F. ) ;
#618 = CIRCLE ( 'NONE', #3350, 14.50000000000000000 ) ;
#619 = ORIENTED_EDGE ( 'NONE', *, *, #1334, .F. ) ;
#620 = CARTESIAN_POINT ( 'NONE',  ( 14.15450835986526300, -3.894975084286508100, 0.2399999999999995500 ) ) ;
#621 = CARTESIAN_POINT ( 'NONE',  ( 0.0000000000000000000, 1.499999999999999600, 13.70000000000000100 ) ) ;
#622 = DIRECTION ( 'NONE',  ( 0.0000000000000000000, 0.0000000000000000000, -1.000000000000000000 ) ) ;
#623 = ORIENTED_EDGE ( 'NONE', *, *, #7809, .T. ) ;
#624 = ORIENTED_EDGE ( 'NONE', *, *, #6331, .F. ) ;
#625 = VECTOR ( 'NONE', #2454, 1000.000000000000000 ) ;
#626 = EDGE_CURVE ( 'NONE', #4089, #4777, #3630, .T. ) ;
#627 = DIRECTION ( 'NONE',  ( 0.0000000000000000000, 0.0000000000000000000, 1.000000000000000000 ) ) ;
#628 = PLANE ( 'NONE',  #3790 ) ;
#629 = LINE ( 'NONE', #3430, #2238 ) ;
#630 = ORIENTED_EDGE ( 'NONE', *, *, #3346, .T. ) ;
#631 = ORIENTED_EDGE ( 'NONE', *, *, #3127, .T. ) ;
#632 = DIRECTION ( 'NONE',  ( -0.0000000000000000000, 1.000000000000000000, -0.0000000000000000000 ) ) ;
#633 = ORIENTED_EDGE ( 'NONE', *, *, #8589, .T. ) ;
#634 = ORIENTED_EDGE ( 'NONE', *, *, #182, .F. ) ;
#635 = CARTESIAN_POINT ( 'NONE',  ( 3.958734125000000300, 6.375000001365587600, 1.639761364404186200 ) ) ;
#636 = DIRECTION ( 'NONE',  ( 0.4461978007789579300, 0.8949343677499603800, 0.0000000000000000000 ) ) ;
#637 = CARTESIAN_POINT ( 'NONE',  ( 0.0000000000000000000, -14.44999999999999900, 0.0000000000000000000 ) ) ;
#638 = DIRECTION ( 'NONE',  ( 0.9739815868436148000, 0.0000000000000000000, 0.2266271574405722400 ) ) ;
#639 = CARTESIAN_POINT ( 'NONE',  ( -4.500000000000000000, 0.6875000027311831700, 1.863961030678930700 ) ) ;
#640 = EDGE_LOOP ( 'NONE', ( #5849, #3266, #3765, #7744 ) ) ;
#641 = CIRCLE ( 'NONE', #2802, 1.999999999999995800 ) ;
#642 = CARTESIAN_POINT ( 'NONE',  ( 18.36595571194074200, -14.44999999999999900, 2.222986906626169800 ) ) ;
#643 = CARTESIAN_POINT ( 'NONE',  ( -3.400058135036830600, 7.000000000000000900, -2.036802854316561700 ) ) ;
#644 = AXIS2_PLACEMENT_3D ( 'NONE', #4607, #5284, #1205 ) ;
#645 = ADVANCED_FACE ( 'NONE', ( #3191 ), #5663, .F. ) ;
#646 = CARTESIAN_POINT ( 'NONE',  ( -3.958734124999999400, 7.187500001365589400, 0.0000000000000000000 ) ) ;
#647 = CARTESIAN_POINT ( 'NONE',  ( 14.19392042914773100, -4.357706539904508100, 0.2399999999999996600 ) ) ;
#648 = VECTOR ( 'NONE', #6576, 1000.000000000000000 ) ;
#649 = CARTESIAN_POINT ( 'NONE',  ( -3.181980515339463800, 4.500000002731183300, -3.181980515339463400 ) ) ;
#650 = EDGE_CURVE ( 'NONE', #7824, #7385, #853, .T. ) ;
#651 = ORIENTED_EDGE ( 'NONE', *, *, #7179, .T. ) ;
#652 = CARTESIAN_POINT ( 'NONE',  ( -12.50000000000000400, -16.01723613881363700, -0.3931374000439467100 ) ) ;
#653 = AXIS2_PLACEMENT_3D ( 'NONE', #1506, #6297, #2210 ) ;
#654 = EDGE_CURVE ( 'NONE', #2547, #5791, #1371, .T. ) ;
#655 = CARTESIAN_POINT ( 'NONE',  ( -3.925600559937834500, 6.620271917241101500, -1.962896823045164700 ) ) ;
#656 = DIRECTION ( 'NONE',  ( 0.0000000000000000000, 0.0000000000000000000, 1.000000000000000000 ) ) ;
#657 = FACE_OUTER_BOUND ( 'NONE', #3000, .T. ) ;
#658 = CARTESIAN_POINT ( 'NONE',  ( 12.50000000000000000, -16.07894766929797100, 0.7745510564695451400 ) ) ;
#659 = CARTESIAN_POINT ( 'NONE',  ( 14.25999999999999800, -4.819999999999999400, 0.3420141409932473400 ) ) ;
#660 = CARTESIAN_POINT ( 'NONE',  ( 17.44946680064970600, -14.05000000000000100, -6.145413604715606000 ) ) ;
#661 = DIRECTION ( 'NONE',  ( 0.0000000000000000000, -1.000000000000000000, 0.0000000000000000000 ) ) ;
#662 = DIRECTION ( 'NONE',  ( 0.0000000000000000000, 0.0000000000000000000, 1.000000000000000000 ) ) ;
#663 = ADVANCED_FACE ( 'NONE', ( #4803 ), #8347, .T. ) ;
#664 = CARTESIAN_POINT ( 'NONE',  ( 2.799247744702092700, 5.562500001365589400, -2.799247744702093100 ) ) ;
#665 = ORIENTED_EDGE ( 'NONE', *, *, #4088, .T. ) ;
#666 = EDGE_CURVE ( 'NONE', #2184, #6917, #4995, .T. ) ;
#667 = CARTESIAN_POINT ( 'NONE',  ( 14.49999999999999800, -4.935508952010795100, 2.246687131370370800E-017 ) ) ;
#668 = DIRECTION ( 'NONE',  ( -0.0000000000000000000, 1.000000000000000000, -0.0000000000000000000 ) ) ;
#669 = CIRCLE ( 'NONE', #1833, 1.999999999999998200 ) ;
#670 = EDGE_CURVE ( 'NONE', #2260, #8159, #6586, .T. ) ;
#671 = CIRCLE ( 'NONE', #5868, 14.50000000000000000 ) ;
#672 = CARTESIAN_POINT ( 'NONE',  ( -1.639761364404187300, 6.750000001365589400, -3.958734124999999400 ) ) ;
#673 = ORIENTED_EDGE ( 'NONE', *, *, #6366, .T. ) ;
#674 = DIRECTION ( 'NONE',  ( 0.9432144216567408500, 0.0000000000000000000, -0.3321845191738167500 ) ) ;
#675 = PLANE ( 'NONE',  #4502 ) ;
#676 = VERTEX_POINT ( 'NONE', #1496 ) ;
#677 = DATE_AND_TIME ( #2495, #4303 ) ;
#678 = CARTESIAN_POINT ( 'NONE',  ( -1.639761364404187300, 7.000000001365589400, -3.958734124999999400 ) ) ;
#679 = LINE ( 'NONE', #2605, #2283 ) ;
#680 = DIRECTION ( 'NONE',  ( 0.0000000000000000000, 1.000000000000000000, 0.0000000000000000000 ) ) ;
#681 = EDGE_LOOP ( 'NONE', ( #250, #6140, #3211, #369 ) ) ;
#682 = ORIENTED_EDGE ( 'NONE', *, *, #2849, .T. ) ;
#683 = LINE ( 'NONE', #6095, #2506 ) ;
#684 = ORIENTED_EDGE ( 'NONE', *, *, #1359, .F. ) ;
#685 = CARTESIAN_POINT ( 'NONE',  ( -13.93103448275862100, -5.000000000000000000, 1.387904261896421200 ) ) ;
#686 = DIRECTION ( 'NONE',  ( 3.124648454283931100E-015, -0.4461978007789582100, -0.8949343677499602700 ) ) ;
#687 = PLANE ( 'NONE',  #5147 ) ;
#688 = ORIENTED_EDGE ( 'NONE', *, *, #4716, .F. ) ;
#689 = LINE ( 'NONE', #3551, #2294 ) ;
#690 = ORIENTED_EDGE ( 'NONE', *, *, #233, .F. ) ;
#691 = CARTESIAN_POINT ( 'NONE',  ( 1.863961030678930300, 4.812499999999994700, 4.500000000000000000 ) ) ;
#692 = CARTESIAN_POINT ( 'NONE',  ( 14.19392042914773100, -4.357706539904508100, -0.2400000000000001900 ) ) ;
#693 = ADVANCED_FACE ( 'NONE', ( #8197 ), #6808, .T. ) ;
#694 = CARTESIAN_POINT ( 'NONE',  ( 12.49999999999999800, -16.00000000000000000, -0.1952413320394016400 ) ) ;
#695 = CIRCLE ( 'NONE', #7463, 14.50000000000000000 ) ;
#696 = VERTEX_POINT ( 'NONE', #158 ) ;
#697 = DIRECTION ( 'NONE',  ( 0.0000000000000000000, -1.000000000000000000, 0.0000000000000000000 ) ) ;
#698 = CARTESIAN_POINT ( 'NONE',  ( -1.603120191833866800E-015, -14.44999999999999900, 40.84142135623730500 ) ) ;
#699 = VERTEX_POINT ( 'NONE', #123 ) ;
#700 = CARTESIAN_POINT ( 'NONE',  ( 2.666941187958889300, -14.44999999999999900, -14.25262869438366000 ) ) ;
#701 = VERTEX_POINT ( 'NONE', #3296 ) ;
#702 = EDGE_CURVE ( 'NONE', #4438, #4741, #2984, .T. ) ;
#703 = CARTESIAN_POINT ( 'NONE',  ( -3.958734124999999400, 6.187500001365589400, 0.0000000000000000000 ) ) ;
#704 = EDGE_CURVE ( 'NONE', #2286, #3263, #6385, .T. ) ;
#705 = VERTEX_POINT ( 'NONE', #3557 ) ;
#706 = ADVANCED_FACE ( 'NONE', ( #935 ), #6891, .F. ) ;
#707 = AXIS2_PLACEMENT_3D ( 'NONE', #5767, #6462, #2378 ) ;
#708 = EDGE_CURVE ( 'NONE', #299, #2222, #2783, .T. ) ;
#709 = CARTESIAN_POINT ( 'NONE',  ( -4.013343054448607300, 6.545864772816893100, 1.953465155310185800 ) ) ;
#710 = CARTESIAN_POINT ( 'NONE',  ( 3.402649101878586300, -14.05000000000000100, -18.18438833421364700 ) ) ;
#711 = ORIENTED_EDGE ( 'NONE', *, *, #5638, .F. ) ;
#712 = LINE ( 'NONE', #2581, #2315 ) ;
#713 = ORIENTED_EDGE ( 'NONE', *, *, #1449, .F. ) ;
#714 = CARTESIAN_POINT ( 'NONE',  ( -14.82717199727905900, -17.53042453747409700, 2.120508236058133500 ) ) ;
#715 = DIRECTION ( 'NONE',  ( 0.0000000000000000000, 0.0000000000000000000, 1.000000000000000000 ) ) ;
#716 = ORIENTED_EDGE ( 'NONE', *, *, #347, .F. ) ;
#717 = DIRECTION ( 'NONE',  ( 0.0000000000000000000, 0.0000000000000000000, 1.000000000000000000 ) ) ;
#718 = CARTESIAN_POINT ( 'NONE',  ( 14.50000000000000000, -17.60000000000000100, 0.0000000000000000000 ) ) ;
#719 = AXIS2_PLACEMENT_3D ( 'NONE', #6196, #5498, #7549 ) ;
#720 = AXIS2_PLACEMENT_3D ( 'NONE', #3606, #8346, #4278 ) ;
#721 = LINE ( 'NONE', #2106, #6178 ) ;
#722 = ORIENTED_EDGE ( 'NONE', *, *, #3693, .F. ) ;
#723 = CARTESIAN_POINT ( 'NONE',  ( 14.50000000000000000, -5.000000000000000000, 0.0000000000000000000 ) ) ;
#724 = DIRECTION ( 'NONE',  ( 0.0000000000000000000, 0.0000000000000000000, 1.000000000000000000 ) ) ;
#725 = EDGE_LOOP ( 'NONE', ( #6552, #5152, #409, #1245 ) ) ;
#726 = FACE_OUTER_BOUND ( 'NONE', #7564, .T. ) ;
#727 = DIRECTION ( 'NONE',  ( 0.0000000000000000000, 0.0000000000000000000, 1.000000000000000000 ) ) ;
#728 = CONICAL_SURFACE ( 'NONE', #6870, 0.3555000000000000400, 0.06981317007976586800 ) ;
#729 = EDGE_CURVE ( 'NONE', #705, #3479, #4568, .T. ) ;
#730 = CARTESIAN_POINT ( 'NONE',  ( 14.15798585900674800, -4.819999999999999400, -0.09698751136435124200 ) ) ;
#731 = ORIENTED_EDGE ( 'NONE', *, *, #8689, .F. ) ;
#732 = ORIENTED_EDGE ( 'NONE', *, *, #200, .T. ) ;
#733 = ADVANCED_FACE ( 'NONE', ( #4351 ), #1914, .T. ) ;
#734 = ORIENTED_EDGE ( 'NONE', *, *, #6099, .T. ) ;
#735 = CARTESIAN_POINT ( 'NONE',  ( -1.639761364404188200, 5.375000001365588500, 3.958734124999998500 ) ) ;
#736 = VECTOR ( 'NONE', #7065, 1000.000000000000000 ) ;
#737 = DIRECTION ( 'NONE',  ( -1.000000000000000000, 0.0000000000000000000, 0.0000000000000000000 ) ) ;
#738 = CARTESIAN_POINT ( 'NONE',  ( -14.26000000000000200, -3.432161446792885200, 0.3836650893874202800 ) ) ;
#739 = VECTOR ( 'NONE', #5053, 999.9999999999998900 ) ;
#740 = CARTESIAN_POINT ( 'NONE',  ( 16.50000000000000000, -17.42136720504591800, 1.154700538379255900 ) ) ;
#741 =( BOUNDED_SURFACE ( )  B_SPLINE_SURFACE ( 1, 2, ( 
 ( #1075, #3840, #8585, #4518, #416, #5191, #1109, #5879, #1799, #6567, #2499, #7264, #3186, #7938, #3862, #8619, #4547, #444, #5224, #1136, #5911, #1826, #6600, #2526, #7290, #3215, #7962, #3896, #8645, #4582, #477, #5252, #1177, #5943, #1861, #6623, #2563, #7317, #3243, #8000, #3924, #8680, #4609, #511, #5286, #1208, #5978, #1891, #6654, #2589, #7350, #3278, #8031, #3957, #8711, #4642, #544, #5321, #1239, #6008, #1929, #6680, #2625, #7378, #3313, #8061, #3987, #8745, #4672, #574, #5350, #1267, #6046, #1953, #6712, #2655, #7411, #3337, #8094, #4019, #8773, #4708, #606, #5386, #1299, #6077, #1989, #6745, #2692, #7436, #3374, #8121, #4055, #8806, #4739, #639, #5415, #1328, #6110, #2021, #6781, #2716, #7470, #3404, #8154 ),
 ( #4082, #8839, #4771, #672, #5443, #1356, #6143, #2052, #6809, #2751, #7496, #3441, #8298, #4231, #131, #4918, #820, #5597, #1499, #6290, #2202, #6955, #2906, #7646, #3581, #8325, #4254, #163, #4939, #852, #5620, #1530, #6313, #2230, #6989, #2927, #7675, #3612, #8353, #4282, #180, #4968, #875, #5647, #1555, #6339, #2257, #7016, #2952, #7701, #3643, #8382, #4305, #209, #4992, #907, #5668, #1584, #6368, #2284, #7043, #2980, #7730, #3663, #8410, #4335, #236, #5019, #930, #5702, #1606, #6398, #2308, #7072, #3010, #7759, #3692, #8435, #4364, #262, #5044, #961, #5728, #1635, #6415, #2340, #7105, #3034, #7787, #3722, #8469, #4385, #294, #5076, #985, #5756, #1667, #6449, #2367, #7136, #3065, #7812, #3750, #8492, #4416 ) ),
 .UNSPECIFIED., .F., .F., .F. ) 
 B_SPLINE_SURFACE_WITH_KNOTS ( ( 2, 2 ),
 ( 3, 2, 2, 2, 2, 2, 2, 2, 2, 2, 2, 2, 2, 2, 2, 2, 2, 2, 2, 2, 2, 2, 2, 2, 2, 2, 2, 2, 2, 2, 2, 2, 2, 2, 2, 2, 2, 2, 2, 2, 2, 2, 2, 2, 2, 2, 2, 2, 2, 2, 2, 2, 3 ),
 ( 0.0000000000000000000, 1.000000000000000000 ),
 ( 0.0000000000000000000, 0.01785714285714285600, 0.03571428571428571200, 0.05357142857142856800, 0.07142857142857142500, 0.08928571428571428800, 0.1071428571428571400, 0.1250000000000000000, 0.1428571428571428500, 0.1607142857142857300, 0.1785714285714285800, 0.1964285714285714200, 0.2142857142857142700, 0.2321428571428571500, 0.2500000000000000000, 0.2678571428571428500, 0.2857142857142857000, 0.3035714285714285500, 0.3214285714285714500, 0.3392857142857143000, 0.3571428571428571500, 0.3750000000000000000, 0.3928571428571428500, 0.4107142857142857000, 0.4285714285714285500, 0.4464285714285714500, 0.4642857142857143000, 0.4821428571428571500, 0.5000000000000000000, 0.5178571428571429000, 0.5357142857142857000, 0.5535714285714286000, 0.5714285714285714000, 0.5892857142857143000, 0.6071428571428571000, 0.6250000000000000000, 0.6428571428571429000, 0.6607142857142857000, 0.6785714285714286000, 0.6964285714285714000, 0.7142857142857143000, 0.7321428571428571000, 0.7500000000000000000, 0.7678571428571429000, 0.7857142857142857000, 0.8035714285714286000, 0.8214285714285714000, 0.8392857142857143000, 0.8571428571428571000, 0.8750000000000000000, 0.8928571428571429000, 0.9107142857142857000, 0.9285714285714286000 ),
 .UNSPECIFIED. ) 
 GEOMETRIC_REPRESENTATION_ITEM ( )  RATIONAL_B_SPLINE_SURFACE ( (
 ( 1.000000000000000000, 0.9238795325112867400, 1.000000000000000000, 0.9238795325112867400, 1.000000000000000000, 0.9238795325112867400, 1.000000000000000000, 0.9238795325112867400, 1.000000000000000000, 0.9238795325112867400, 1.000000000000000000, 0.9238795325112867400, 1.000000000000000000, 0.9238795325112867400, 1.000000000000000000, 0.9238795325112867400, 1.000000000000000000, 0.9238795325112867400, 1.000000000000000000, 0.9238795325112867400, 1.000000000000000000, 0.9238795325112867400, 1.000000000000000000, 0.9238795325112867400, 1.000000000000000000, 0.9238795325112867400, 1.000000000000000000, 0.9238795325112867400, 1.000000000000000000, 0.9238795325112867400, 1.000000000000000000, 0.9238795325112867400, 1.000000000000000000, 0.9238795325112867400, 1.000000000000000000, 0.9238795325112867400, 1.000000000000000000, 0.9238795325112867400, 1.000000000000000000, 0.9238795325112867400, 1.000000000000000000, 0.9238795325112867400, 1.000000000000000000, 0.9238795325112867400, 1.000000000000000000, 0.9238795325112867400, 1.000000000000000000, 0.9238795325112867400, 1.000000000000000000, 0.9238795325112867400, 1.000000000000000000, 0.9238795325112867400, 1.000000000000000000, 0.9238795325112867400, 1.000000000000000000, 0.9238795325112867400, 1.000000000000000000, 0.9238795325112867400, 1.000000000000000000, 0.9238795325112867400, 1.000000000000000000, 0.9238795325112867400, 1.000000000000000000, 0.9238795325112867400, 1.000000000000000000, 0.9238795325112867400, 1.000000000000000000, 0.9238795325112867400, 1.000000000000000000, 0.9238795325112867400, 1.000000000000000000, 0.9238795325112867400, 1.000000000000000000, 0.9238795325112867400, 1.000000000000000000, 0.9238795325112867400, 1.000000000000000000, 0.9238795325112867400, 1.000000000000000000, 0.9238795325112867400, 1.000000000000000000, 0.9238795325112867400, 1.000000000000000000, 0.9238795325112867400, 1.000000000000000000, 0.9238795325112867400, 1.000000000000000000, 0.9238795325112867400, 1.000000000000000000, 0.9238795325112867400, 1.000000000000000000, 0.9238795325112867400, 1.000000000000000000, 0.9238795325112867400, 1.000000000000000000, 0.9238795325112867400, 1.000000000000000000, 0.9238795325112867400, 1.000000000000000000, 0.9238795325112867400, 1.000000000000000000, 0.9238795325112867400, 1.000000000000000000, 0.9238795325112867400, 1.000000000000000000),
 ( 1.000000000000000000, 0.9238795325112867400, 1.000000000000000000, 0.9238795325112867400, 1.000000000000000000, 0.9238795325112867400, 1.000000000000000000, 0.9238795325112867400, 1.000000000000000000, 0.9238795325112867400, 1.000000000000000000, 0.9238795325112867400, 1.000000000000000000, 0.9238795325112867400, 1.000000000000000000, 0.9238795325112867400, 1.000000000000000000, 0.9238795325112867400, 1.000000000000000000, 0.9238795325112867400, 1.000000000000000000, 0.9238795325112867400, 1.000000000000000000, 0.9238795325112867400, 1.000000000000000000, 0.9238795325112867400, 1.000000000000000000, 0.9238795325112867400, 1.000000000000000000, 0.9238795325112867400, 1.000000000000000000, 0.9238795325112867400, 1.000000000000000000, 0.9238795325112867400, 1.000000000000000000, 0.9238795325112867400, 1.000000000000000000, 0.9238795325112867400, 1.000000000000000000, 0.9238795325112867400, 1.000000000000000000, 0.9238795325112867400, 1.000000000000000000, 0.9238795325112867400, 1.000000000000000000, 0.9238795325112867400, 1.000000000000000000, 0.9238795325112867400, 1.000000000000000000, 0.9238795325112867400, 1.000000000000000000, 0.9238795325112867400, 1.000000000000000000, 0.9238795325112867400, 1.000000000000000000, 0.9238795325112867400, 1.000000000000000000, 0.9238795325112867400, 1.000000000000000000, 0.9238795325112867400, 1.000000000000000000, 0.9238795325112867400, 1.000000000000000000, 0.9238795325112867400, 1.000000000000000000, 0.9238795325112867400, 1.000000000000000000, 0.9238795325112867400, 1.000000000000000000, 0.9238795325112867400, 1.000000000000000000, 0.9238795325112867400, 1.000000000000000000, 0.9238795325112867400, 1.000000000000000000, 0.9238795325112867400, 1.000000000000000000, 0.9238795325112867400, 1.000000000000000000, 0.9238795325112867400, 1.000000000000000000, 0.9238795325112867400, 1.000000000000000000, 0.9238795325112867400, 1.000000000000000000, 0.9238795325112867400, 1.000000000000000000, 0.9238795325112867400, 1.000000000000000000, 0.9238795325112867400, 1.000000000000000000, 0.9238795325112867400, 1.000000000000000000, 0.9238795325112867400, 1.000000000000000000, 0.9238795325112867400, 1.000000000000000000, 0.9238795325112867400, 1.000000000000000000, 0.9238795325112867400, 1.000000000000000000, 0.9238795325112867400, 1.000000000000000000, 0.9238795325112867400, 1.000000000000000000) ) ) 
 REPRESENTATION_ITEM ( '' )  SURFACE ( )  );
#742 = AXIS2_PLACEMENT_3D ( 'NONE', #6922, #8235, #64 ) ;
#743 = ORIENTED_EDGE ( 'NONE', *, *, #6083, .F. ) ;
#744 = CARTESIAN_POINT ( 'NONE',  ( -2.799247744702092300, 6.062500001365589400, 2.799247744702093600 ) ) ;
#745 = ORIENTED_EDGE ( 'NONE', *, *, #137, .F. ) ;
#746 = ORIENTED_EDGE ( 'NONE', *, *, #4149, .F. ) ;
#747 = CARTESIAN_POINT ( 'NONE',  ( -14.50000000000000700, -17.42136720504591800, 2.309401076758504700 ) ) ;
#748 = DIRECTION ( 'NONE',  ( 0.0000000000000000000, 0.0000000000000000000, -1.000000000000000000 ) ) ;
#749 = DIRECTION ( 'NONE',  ( 0.0000000000000000000, 0.0000000000000000000, 1.000000000000000000 ) ) ;
#750 = CARTESIAN_POINT ( 'NONE',  ( -15.91400053919059900, -14.44999999999999900, 7.624226339126530600 ) ) ;
#751 = CARTESIAN_POINT ( 'NONE',  ( 14.26000000000000000, -4.819999999999999400, -0.3420141409932486200 ) ) ;
#752 = CARTESIAN_POINT ( 'NONE',  ( 0.0000000000000000000, 0.1009999999999999600, 0.0000000000000000000 ) ) ;
#753 = ADVANCED_FACE ( 'NONE', ( #726, #2548, #7968, #6185, #7763, #5948, #4152 ), #4065, .T. ) ;
#754 = ORIENTED_EDGE ( 'NONE', *, *, #6762, .T. ) ;
#755 = CIRCLE ( 'NONE', #1097, 0.3555000000000000400 ) ;
#756 = DIRECTION ( 'NONE',  ( 0.0000000000000000000, 0.0000000000000000000, 1.000000000000000000 ) ) ;
#757 = CARTESIAN_POINT ( 'NONE',  ( 14.36206896551724400, -14.44999999999999900, 1.995238088481300400 ) ) ;
#758 = CARTESIAN_POINT ( 'NONE',  ( -14.50000000000000000, -17.81836573537652400, -0.8000000000000020400 ) ) ;
#759 = AXIS2_PLACEMENT_3D ( 'NONE', #2781, #7526, #3461 ) ;
#760 = EDGE_CURVE ( 'NONE', #6979, #7344, #5855, .T. ) ;
#761 = CARTESIAN_POINT ( 'NONE',  ( 0.0000000000000000000, 1.000000000000000000, -5.000000000000000000 ) ) ;
#762 = DIRECTION ( 'NONE',  ( 0.0000000000000000000, 0.0000000000000000000, -1.000000000000000000 ) ) ;
#763 = VECTOR ( 'NONE', #6019, 1000.000000000000000 ) ;
#764 = CARTESIAN_POINT ( 'NONE',  ( 2.799247744702093600, 4.562500001365588500, 2.799247744702092700 ) ) ;
#765 = CARTESIAN_POINT ( 'NONE',  ( -3.356052752648824200, 1.032486442269078000, 2.242442736755362500 ) ) ;
#766 = CARTESIAN_POINT ( 'NONE',  ( -13.07672697680180100, -14.05000000000000100, 6.264919119524532400 ) ) ;
#767 = ORIENTED_EDGE ( 'NONE', *, *, #7900, .F. ) ;
#768 = CARTESIAN_POINT ( 'NONE',  ( -1.863961030678928000, 5.437500002731183300, -4.500000000000001800 ) ) ;
#769 = EDGE_CURVE ( 'NONE', #4432, #3500, #7559, .T. ) ;
#770 = EDGE_CURVE ( 'NONE', #5307, #183, #498, .T. ) ;
#772 = DIRECTION ( 'NONE',  ( 0.0000000000000000000, 0.0000000000000000000, 1.000000000000000000 ) ) ;
#771 = VECTOR ( 'NONE', #903, 1000.000000000000000 ) ;
#773 = CARTESIAN_POINT ( 'NONE',  ( 1.639761364404189300, 5.250000001365589400, 3.958734124999998500 ) ) ;
#774 = CIRCLE ( 'NONE', #7071, 2.000000000000000000 ) ;
#775 = DIRECTION ( 'NONE',  ( 0.0000000000000000000, 1.000000000000000000, 0.0000000000000000000 ) ) ;
#776 = CARTESIAN_POINT ( 'NONE',  ( -14.50000000000000000, -4.788539114293419300, 0.3576999594383801200 ) ) ;
#777 = CARTESIAN_POINT ( 'NONE',  ( -14.59698751136435400, -4.819999999999999400, -0.3420141409932481700 ) ) ;
#778 = VERTEX_POINT ( 'NONE', #6644 ) ;
#779 = EDGE_LOOP ( 'NONE', ( #5617, #2069, #7347, #8193, #2133, #8156 ) ) ;
#780 = DIRECTION ( 'NONE',  ( 0.9018432397794345900, 0.0000000000000000000, -0.4320633875534157200 ) ) ;
#781 = DIRECTION ( 'NONE',  ( -0.0000000000000000000, 1.000000000000000000, -0.0000000000000000000 ) ) ;
#782 = CARTESIAN_POINT ( 'NONE',  ( -2.598076211353317300, 10.00000000000000200, 1.499999999999999100 ) ) ;
#783 = CARTESIAN_POINT ( 'NONE',  ( 14.50000000000000000, -10.00000000000000000, 2.000000000000001300 ) ) ;
#784 = CIRCLE ( 'NONE', #8486, 3.162547666931028200 ) ;
#785 = EDGE_CURVE ( 'NONE', #1998, #3646, #5646, .T. ) ;
#786 = ORIENTED_EDGE ( 'NONE', *, *, #796, .T. ) ;
#787 = EDGE_LOOP ( 'NONE', ( #5045, #3319, #3934, #8311 ) ) ;
#788 = AXIS2_PLACEMENT_3D ( 'NONE', #4327, #223, #5009 ) ;
#789 = CARTESIAN_POINT ( 'NONE',  ( -12.50000000000000200, -16.00000000000000400, 0.1951254011572752500 ) ) ;
#790 = AXIS2_PLACEMENT_3D ( 'NONE', #1819, #6589, #2521 ) ;
#791 = ORIENTED_EDGE ( 'NONE', *, *, #4277, .F. ) ;
#792 = LINE ( 'NONE', #2514, #4407 ) ;
#793 = CARTESIAN_POINT ( 'NONE',  ( 14.73999999999999700, -3.400000000000000400, 1.050000000000000900 ) ) ;
#794 = ORIENTED_EDGE ( 'NONE', *, *, #525, .F. ) ;
#795 = CARTESIAN_POINT ( 'NONE',  ( 3.958734124999999400, 3.750000001365589000, -1.639761364404187500 ) ) ;
#796 = EDGE_CURVE ( 'NONE', #8580, #7288, #7647, .T. ) ;
#797 = CIRCLE ( 'NONE', #3019, 1.499999999999999600 ) ;
#798 = CARTESIAN_POINT ( 'NONE',  ( -3.181980515339462900, 3.624999999999996400, 3.181980515339464200 ) ) ;
#799 = ORIENTED_EDGE ( 'NONE', *, *, #1817, .T. ) ;
#800 = AXIS2_PLACEMENT_3D ( 'NONE', #1955, #6716, #2658 ) ;
#801 = ORIENTED_EDGE ( 'NONE', *, *, #5226, .F. ) ;
#802 = VECTOR ( 'NONE', #2893, 1000.000000000000100 ) ;
#803 = DIRECTION ( 'NONE',  ( -1.000000000000000000, 0.0000000000000000000, 0.0000000000000000000 ) ) ;
#804 = CARTESIAN_POINT ( 'NONE',  ( 3.958734124999999400, 4.437500001365588500, -4.848051074856647000E-016 ) ) ;
#805 = VECTOR ( 'NONE', #8331, 1000.000000000000000 ) ;
#806 = DIRECTION ( 'NONE',  ( 0.0000000000000000000, 1.000000000000000000, 0.0000000000000000000 ) ) ;
#807 = CARTESIAN_POINT ( 'NONE',  ( 16.42847682119204900, -4.046379599446113100, 0.0000000000000000000 ) ) ;
#808 = VERTEX_POINT ( 'NONE', #5781 ) ;
#809 = ORIENTED_EDGE ( 'NONE', *, *, #5965, .F. ) ;
#810 = EDGE_LOOP ( 'NONE', ( #3913, #1140, #5417, #5685 ) ) ;
#811 = DIRECTION ( 'NONE',  ( 0.0000000000000000000, 1.000000000000000000, 0.0000000000000000000 ) ) ;
#812 = DIRECTION ( 'NONE',  ( -0.9927543628076074300, 0.0000000000000000000, -0.1201614544122253900 ) ) ;
#813 = DIRECTION ( 'NONE',  ( -1.762882996988918900E-015, -0.8949343677499602700, 0.4461978007789581500 ) ) ;
#814 = ORIENTED_EDGE ( 'NONE', *, *, #5917, .T. ) ;
#815 = DIRECTION ( 'NONE',  ( 0.0000000000000000000, 0.0000000000000000000, -1.000000000000000000 ) ) ;
#816 = CARTESIAN_POINT ( 'NONE',  ( -12.82717199727905600, -17.53042453747409700, 1.343593379079622400 ) ) ;
#817 = ORIENTED_EDGE ( 'NONE', *, *, #6702, .T. ) ;
#818 = ORIENTED_EDGE ( 'NONE', *, *, #3638, .F. ) ;
#819 = CARTESIAN_POINT ( 'NONE',  ( 0.0000000000000000000, 0.1010000000000000100, 0.0000000000000000000 ) ) ;
#820 = CARTESIAN_POINT ( 'NONE',  ( -3.958734124999999400, 5.937500001365589400, 0.0000000000000000000 ) ) ;
#821 = EDGE_CURVE ( 'NONE', #7615, #5852, #7468, .T. ) ;
#822 = CARTESIAN_POINT ( 'NONE',  ( -2.424025537428323500E-016, 2.937500001365589000, -3.958734124999999400 ) ) ;
#823 = AXIS2_PLACEMENT_3D ( 'NONE', #3224, #7977, #3903 ) ;
#824 = EDGE_CURVE ( 'NONE', #6199, #3970, #2328, .T. ) ;
#825 = FACE_OUTER_BOUND ( 'NONE', #6776, .T. ) ;
#826 = ORIENTED_EDGE ( 'NONE', *, *, #1693, .F. ) ;
#827 = DIRECTION ( 'NONE',  ( 0.0000000000000000000, -1.000000000000000000, 0.0000000000000000000 ) ) ;
#828 = CARTESIAN_POINT ( 'NONE',  ( 2.598076211353317300, 10.00000000000000200, 1.499999999999999100 ) ) ;
#829 = EDGE_LOOP ( 'NONE', ( #8174, #1622, #4097, #6661 ) ) ;
#830 = CARTESIAN_POINT ( 'NONE',  ( 4.500000000000001800, 2.062499999999995600, -1.863961030678928500 ) ) ;
#831 = CARTESIAN_POINT ( 'NONE',  ( 1.639761364404186800, 3.625000001365589400, -3.958734124999999400 ) ) ;
#832 = DIRECTION ( 'NONE',  ( -0.3321845191738205800, 0.0000000000000000000, -0.9432144216567395200 ) ) ;
#833 = CIRCLE ( 'NONE', #2422, 3.000000000000000400 ) ;
#834 = VERTEX_POINT ( 'NONE', #7843 ) ;
#835 = ORIENTED_EDGE ( 'NONE', *, *, #882, .T. ) ;
#836 = CARTESIAN_POINT ( 'NONE',  ( 14.50000000000000000, -5.500000000000000000, 0.0000000000000000000 ) ) ;
#837 = AXIS2_PLACEMENT_3D ( 'NONE', #2458, #7219, #3147 ) ;
#838 = APPROVAL_STATUS ( 'not_yet_approved' ) ;
#839 = EDGE_LOOP ( 'NONE', ( #7514, #2720, #2864, #6660 ) ) ;
#840 = DIRECTION ( 'NONE',  ( 0.0000000000000000000, 0.0000000000000000000, 1.000000000000000000 ) ) ;
#841 = DIRECTION ( 'NONE',  ( 0.7592874431768184000, 0.0000000000000000000, 0.6507553907836720600 ) ) ;
#842 = CONICAL_SURFACE ( 'NONE', #6671, 3.999999999999996400, 0.7853981633974473900 ) ;
#843 = EDGE_CURVE ( 'NONE', #3306, #1225, #5442, .T. ) ;
#844 = CIRCLE ( 'NONE', #6577, 1.999999999999999600 ) ;
#845 = DIRECTION ( 'NONE',  ( -0.0000000000000000000, -1.000000000000000000, -0.0000000000000000000 ) ) ;
#846 = DIRECTION ( 'NONE',  ( -0.0000000000000000000, 1.000000000000000000, -0.0000000000000000000 ) ) ;
#847 = ORIENTED_EDGE ( 'NONE', *, *, #2443, .T. ) ;
#848 = VERTEX_POINT ( 'NONE', #3977 ) ;
#849 = ORIENTED_EDGE ( 'NONE', *, *, #2114, .F. ) ;
#850 = B_SPLINE_CURVE_WITH_KNOTS ( 'NONE', 3,
 ( #5465, #694, #8206, #4131, #26, #4826 ),
 .UNSPECIFIED., .F., .F.,
 ( 4, 2, 4 ),
 ( 0.003228283429323684900, 0.003812703409393313300, 0.004397123389462942100 ),
 .UNSPECIFIED. ) ;
#851 = AXIS2_PLACEMENT_3D ( 'NONE', #8715, #4646, #546 ) ;
#852 = CARTESIAN_POINT ( 'NONE',  ( -1.639761364404188200, 5.125000001365589400, 3.958734124999998500 ) ) ;
#853 = B_SPLINE_CURVE_WITH_KNOTS ( 'NONE', 3,
 ( #1549, #6334, #2252, #868 ),
 .UNSPECIFIED., .F., .F.,
 ( 4, 4 ),
 ( 2.380749485093214300E-007, 0.001168606431211101100 ),
 .UNSPECIFIED. ) ;
#854 = B_SPLINE_CURVE_WITH_KNOTS ( 'NONE', 3,
 ( #4004, #4692, #591, #8078 ),
 .UNSPECIFIED., .F., .F.,
 ( 4, 4 ),
 ( 2.380749485054887900E-007, 0.001168606431211100000 ),
 .UNSPECIFIED. ) ;
#855 = CARTESIAN_POINT ( 'NONE',  ( -3.958734124999999400, 2.125000001365589400, -1.639761364404187100 ) ) ;
#856 = CARTESIAN_POINT ( 'NONE',  ( 14.25999999999999800, -4.819999999999999400, 0.2622598901852886700 ) ) ;
#857 = ORIENTED_EDGE ( 'NONE', *, *, #3005, .T. ) ;
#858 = PLANE ( 'NONE',  #495 ) ;
#859 = CIRCLE ( 'NONE', #19, 1.000000000000000900 ) ;
#860 = CARTESIAN_POINT ( 'NONE',  ( -14.50000000000000000, -4.819999999999999400, 0.0000000000000000000 ) ) ;
#861 = AXIS2_PLACEMENT_3D ( 'NONE', #4247, #2899, #8323 ) ;
#862 = CARTESIAN_POINT ( 'NONE',  ( -2.799247744702093100, 2.812500001365589000, -2.799247744702092700 ) ) ;
#863 = LINE ( 'NONE', #7209, #7892 ) ;
#864 = VERTEX_POINT ( 'NONE', #4665 ) ;
#865 = DIRECTION ( 'NONE',  ( 0.0000000000000000000, 1.000000000000000000, 0.0000000000000000000 ) ) ;
#866 = CARTESIAN_POINT ( 'NONE',  ( 14.36206896551724400, -10.00000000000000000, -1.995238088481303200 ) ) ;
#867 = CARTESIAN_POINT ( 'NONE',  ( -14.50000000000000200, -16.00000000000000000, 0.0000000000000000000 ) ) ;
#868 = CARTESIAN_POINT ( 'NONE',  ( -13.50000000000000400, -16.00000000000000000, 1.732050807568877200 ) ) ;
#869 = CARTESIAN_POINT ( 'NONE',  ( -13.50000000000000200, -16.00000000000000000, -1.732050807568875200 ) ) ;
#870 = VECTOR ( 'NONE', #8287, 1000.000000000000000 ) ;
#871 = EDGE_CURVE ( 'NONE', #8565, #4467, #2246, .T. ) ;
#872 = AXIS2_PLACEMENT_3D ( 'NONE', #8315, #4241, #146 ) ;
#873 = EDGE_CURVE ( 'NONE', #1986, #7652, #7253, .T. ) ;
#874 = EDGE_LOOP ( 'NONE', ( #5557, #1026, #3802, #8418 ) ) ;
#875 = CARTESIAN_POINT ( 'NONE',  ( 2.799247744702093600, 4.312500001365588500, 2.799247744702092700 ) ) ;
#876 = CARTESIAN_POINT ( 'NONE',  ( -2.799247744702092300, 1.312500001365589400, 2.799247744702093600 ) ) ;
#877 = CARTESIAN_POINT ( 'NONE',  ( 0.0000000000000000000, -14.44999999999999900, 0.0000000000000000000 ) ) ;
#878 = DIRECTION ( 'NONE',  ( 0.0000000000000000000, -1.000000000000000000, -0.0000000000000000000 ) ) ;
#879 = CONICAL_SURFACE ( 'NONE', #6054, 0.8000000000000020400, 0.7853981633974634900 ) ;
#880 = CARTESIAN_POINT ( 'NONE',  ( 0.1961906268545527100, 4.108109794183357300E-017, 10.49999999999999800 ) ) ;
#881 = ORIENTED_EDGE ( 'NONE', *, *, #4530, .T. ) ;
#882 = EDGE_CURVE ( 'NONE', #7246, #778, #2031, .T. ) ;
#883 = ORIENTED_EDGE ( 'NONE', *, *, #6326, .F. ) ;
#884 = PERSON_AND_ORGANIZATION ( #2872, #7398 ) ;
#885 = CARTESIAN_POINT ( 'NONE',  ( -3.958734124999998500, 2.000000001365589000, 1.639761364404189700 ) ) ;
#886 = AXIS2_PLACEMENT_3D ( 'NONE', #2048, #6805, #2749 ) ;
#887 = PRODUCT ( 'RCL371-1-1-12', 'RCL371-1-1-12', '', ( #6947 ) ) ;
#888 = VECTOR ( 'NONE', #3259, 1000.000000000000000 ) ;
#889 = VERTEX_POINT ( 'NONE', #6591 ) ;
#890 = CARTESIAN_POINT ( 'NONE',  ( 0.0000000000000000000, 11.00000000000000400, 0.0000000000000000000 ) ) ;
#891 = EDGE_LOOP ( 'NONE', ( #4223, #1305, #4235, #6655 ) ) ;
#892 = DIRECTION ( 'NONE',  ( 0.0000000000000000000, 0.0000000000000000000, 1.000000000000000000 ) ) ;
#893 = CARTESIAN_POINT ( 'NONE',  ( 14.86310887048382400, -4.777690516702352700, -0.03344401972544070600 ) ) ;
#894 = FACE_OUTER_BOUND ( 'NONE', #1589, .T. ) ;
#895 = EDGE_LOOP ( 'NONE', ( #4447, #3822, #4818, #193 ) ) ;
#896 = ORIENTED_EDGE ( 'NONE', *, *, #5814, .F. ) ;
#897 = FACE_OUTER_BOUND ( 'NONE', #8178, .T. ) ;
#898 = EDGE_CURVE ( 'NONE', #7344, #3740, #5208, .T. ) ;
#899 = ORIENTED_EDGE ( 'NONE', *, *, #2724, .F. ) ;
#900 = CARTESIAN_POINT ( 'NONE',  ( -1.863961030678928000, 5.312499999999996400, -4.500000000000001800 ) ) ;
#901 = DIRECTION ( 'NONE',  ( -0.8250994895561396500, 0.0000000000000000000, -0.5649874621035389000 ) ) ;
#902 = AXIS2_PLACEMENT_3D ( 'NONE', #6494, #2413, #7186 ) ;
#903 = DIRECTION ( 'NONE',  ( -0.0000000000000000000, 1.000000000000000000, -0.0000000000000000000 ) ) ;
#904 = PRODUCT_DEFINITION_FORMATION_WITH_SPECIFIED_SOURCE ( 'ANY', '', #887, .NOT_KNOWN. ) ;
#905 = CIRCLE ( 'NONE', #5629, 1.928476821192052700 ) ;
#906 = ORIENTED_EDGE ( 'NONE', *, *, #2309, .F. ) ;
#907 = CARTESIAN_POINT ( 'NONE',  ( 3.958734124999999400, 3.500000001365589000, -1.639761364404187500 ) ) ;
#908 = CARTESIAN_POINT ( 'NONE',  ( -3.181980515339463800, 7.374999999999996400, -3.181980515339463400 ) ) ;
#909 = EDGE_CURVE ( 'NONE', #5959, #4631, #3434, .T. ) ;
#910 = CARTESIAN_POINT ( 'NONE',  ( 4.500000000000001800, 1.062500002731183500, 1.863961030678926700 ) ) ;
#911 = CARTESIAN_POINT ( 'NONE',  ( 0.0000000000000000000, -14.44999999999999900, 0.0000000000000000000 ) ) ;
#912 = ORIENTED_EDGE ( 'NONE', *, *, #626, .F. ) ;
#913 = CARTESIAN_POINT ( 'NONE',  ( 7.272076612284971000E-016, 1.187500001365589200, 3.958734124999999400 ) ) ;
#914 = ORIENTED_EDGE ( 'NONE', *, *, #2673, .F. ) ;
#915 = ORIENTED_EDGE ( 'NONE', *, *, #8699, .F. ) ;
#916 = DIRECTION ( 'NONE',  ( -1.000000000000000000, 0.0000000000000000000, 0.0000000000000000000 ) ) ;
#917 = DIRECTION ( 'NONE',  ( 0.4461978007789581500, -0.8949343677499602700, 2.049907998055877000E-016 ) ) ;
#918 = VERTEX_POINT ( 'NONE', #5156 ) ;
#919 = VECTOR ( 'NONE', #8636, 1000.000000000000100 ) ;
#920 = ORIENTED_EDGE ( 'NONE', *, *, #296, .T. ) ;
#921 = AXIS2_PLACEMENT_3D ( 'NONE', #2053, #4112, #4806 ) ;
#922 = DIRECTION ( 'NONE',  ( -0.3321845191738206400, 0.0000000000000000000, -0.9432144216567395200 ) ) ;
#923 = DIRECTION ( 'NONE',  ( -0.7592874431768184000, 0.0000000000000000000, -0.6507553907836720600 ) ) ;
#924 = DIRECTION ( 'NONE',  ( -0.9432144216567408500, 0.0000000000000000000, 0.3321845191738167500 ) ) ;
#925 = ORIENTED_EDGE ( 'NONE', *, *, #7218, .F. ) ;
#926 = AXIS2_PLACEMENT_3D ( 'NONE', #5976, #6621, #8204 ) ;
#927 = CARTESIAN_POINT ( 'NONE',  ( -1.863961030678928300, 1.312499999999996000, -4.500000000000000900 ) ) ;
#928 = VECTOR ( 'NONE', #5036, 1000.000000000000000 ) ;
#929 = EDGE_LOOP ( 'NONE', ( #4922, #265, #8196 ) ) ;
#930 = CARTESIAN_POINT ( 'NONE',  ( -2.424025537428323500E-016, 2.687500001365589000, -3.958734124999999400 ) ) ;
#931 = EDGE_CURVE ( 'NONE', #6860, #6794, #1582, .T. ) ;
#932 = EDGE_CURVE ( 'NONE', #3996, #8482, #7032, .T. ) ;
#933 = EDGE_LOOP ( 'NONE', ( #1235, #1631, #5755 ) ) ;
#934 = CARTESIAN_POINT ( 'NONE',  ( -4.500000000000000000, 6.562499999999995600, 1.863961030678930700 ) ) ;
#935 = FACE_OUTER_BOUND ( 'NONE', #6004, .T. ) ;
#936 = CARTESIAN_POINT ( 'NONE',  ( 12.49999999999999800, -17.60000000000000100, 0.0000000000000000000 ) ) ;
#937 = AXIS2_PLACEMENT_3D ( 'NONE', #3770, #5128, #3095 ) ;
#938 = DIRECTION ( 'NONE',  ( 0.0000000000000000000, -1.000000000000000000, 0.0000000000000000000 ) ) ;
#939 = FACE_OUTER_BOUND ( 'NONE', #3198, .T. ) ;
#940 = ORIENTED_EDGE ( 'NONE', *, *, #6432, .T. ) ;
#941 = CARTESIAN_POINT ( 'NONE',  ( 14.50000000000000000, -16.00000000000000000, 0.0000000000000000000 ) ) ;
#942 = ORIENTED_EDGE ( 'NONE', *, *, #654, .F. ) ;
#943 = CARTESIAN_POINT ( 'NONE',  ( -3.958734124999999400, 7.187500001365589400, 0.0000000000000000000 ) ) ;
#944 = ORIENTED_EDGE ( 'NONE', *, *, #4954, .T. ) ;
#945 = VECTOR ( 'NONE', #6274, 1000.000000000000000 ) ;
#946 = CARTESIAN_POINT ( 'NONE',  ( -5.002023073226613500, -17.81836573537652400, -31.93694956068762600 ) ) ;
#947 = EDGE_CURVE ( 'NONE', #5255, #8777, #8618, .T. ) ;
#948 = AXIS2_PLACEMENT_3D ( 'NONE', #3364, #8799, #4732 ) ;
#949 = CARTESIAN_POINT ( 'NONE',  ( 8.266365894244633300E-016, 3.875000002731183300, 4.500000000000000000 ) ) ;
#950 = DIRECTION ( 'NONE',  ( -0.8949343677499602700, -0.4461978007789582100, 0.0000000000000000000 ) ) ;
#951 = ORIENTED_EDGE ( 'NONE', *, *, #670, .F. ) ;
#952 = VERTEX_POINT ( 'NONE', #5842 ) ;
#953 = ORIENTED_EDGE ( 'NONE', *, *, #2337, .T. ) ;
#954 = CARTESIAN_POINT ( 'NONE',  ( -14.50000000000000000, -16.00000000000000000, 0.0000000000000000000 ) ) ;
#955 = CARTESIAN_POINT ( 'NONE',  ( -15.26548389027573000, -14.05000000000000100, -1.847710587112689500 ) ) ;
#956 = EDGE_CURVE ( 'NONE', #1094, #5563, #3202, .T. ) ;
#957 = CARTESIAN_POINT ( 'NONE',  ( 14.50000000000000000, -17.60000000000000100, -2.309401076758504700 ) ) ;
#958 = ADVANCED_FACE ( 'NONE', ( #1384 ), #8409, .T. ) ;
#959 = EDGE_LOOP ( 'NONE', ( #4534, #6758, #2038, #1016 ) ) ;
#960 = AXIS2_PLACEMENT_3D ( 'NONE', #5055, #966, #5733 ) ;
#961 = CARTESIAN_POINT ( 'NONE',  ( -3.958734124999999400, 1.875000001365589000, -1.639761364404187100 ) ) ;
#962 = CIRCLE ( 'NONE', #7679, 14.50000000000000000 ) ;
#963 = B_SPLINE_CURVE_WITH_KNOTS ( 'NONE', 3,
 ( #8063, #3432, #8019, #2380, #7150, #3077 ),
 .UNSPECIFIED., .F., .F.,
 ( 4, 2, 4 ),
 ( 0.003228283429323684000, 0.003812703409393313700, 0.004397123389462943000 ),
 .UNSPECIFIED. ) ;
#964 = CARTESIAN_POINT ( 'NONE',  ( 8.266365894244633300E-016, 5.749999999999996400, 4.500000000000000000 ) ) ;
#965 = CARTESIAN_POINT ( 'NONE',  ( 16.17228221899367900, -16.07933779981235700, -1.343908487461472400 ) ) ;
#966 = DIRECTION ( 'NONE',  ( -0.0000000000000000000, 1.000000000000000000, -0.0000000000000000000 ) ) ;
#967 = LINE ( 'NONE', #3287, #763 ) ;
#968 = CARTESIAN_POINT ( 'NONE',  ( -1.639761364404188200, 6.375000001365589400, 3.958734124999998500 ) ) ;
#969 = ORIENTED_EDGE ( 'NONE', *, *, #2216, .T. ) ;
#970 = DIRECTION ( 'NONE',  ( -1.000000000000000000, -0.0000000000000000000, -3.717358813710529100E-015 ) ) ;
#971 = FACE_OUTER_BOUND ( 'NONE', #7366, .T. ) ;
#972 = CARTESIAN_POINT ( 'NONE',  ( -14.50000000000000000, -5.500000000000000000, 1.499999999999999600 ) ) ;
#973 = CARTESIAN_POINT ( 'NONE',  ( 14.49999999999999600, -16.17863279495408300, 2.309401076758504700 ) ) ;
#974 = VECTOR ( 'NONE', #7572, 1000.000000000000000 ) ;
#975 = ORIENTED_EDGE ( 'NONE', *, *, #3114, .F. ) ;
#976 = DIRECTION ( 'NONE',  ( 0.0000000000000000000, 1.000000000000000000, 0.0000000000000000000 ) ) ;
#977 = CARTESIAN_POINT ( 'NONE',  ( 14.06313610916809500, -6.382187706324184100, 0.0000000000000000000 ) ) ;
#978 = ORIENTED_EDGE ( 'NONE', *, *, #166, .F. ) ;
#979 = DIRECTION ( 'NONE',  ( -0.0000000000000000000, 1.000000000000000000, -0.0000000000000000000 ) ) ;
#980 = DIRECTION ( 'NONE',  ( 0.0000000000000000000, 0.0000000000000000000, -1.000000000000000000 ) ) ;
#981 = EDGE_CURVE ( 'NONE', #522, #6376, #5006, .T. ) ;
#982 = CARTESIAN_POINT ( 'NONE',  ( 0.0000000000000000000, 7.000000000000000000, 0.0000000000000000000 ) ) ;
#983 = EDGE_CURVE ( 'NONE', #5511, #2533, #1531, .T. ) ;
#984 = FACE_OUTER_BOUND ( 'NONE', #1314, .T. ) ;
#985 = CARTESIAN_POINT ( 'NONE',  ( -2.799247744702092300, 1.062500001365589200, 2.799247744702093600 ) ) ;
#986 = ORIENTED_EDGE ( 'NONE', *, *, #2256, .T. ) ;
#987 = ORIENTED_EDGE ( 'NONE', *, *, #6780, .F. ) ;
#988 = CARTESIAN_POINT ( 'NONE',  ( 4.500000000000000900, 4.937499999999995600, 1.863961030678926700 ) ) ;
#989 = FACE_OUTER_BOUND ( 'NONE', #6316, .T. ) ;
#990 = ORIENTED_EDGE ( 'NONE', *, *, #2427, .T. ) ;
#991 = DIRECTION ( 'NONE',  ( 0.0000000000000000000, 0.0000000000000000000, -1.000000000000000000 ) ) ;
#992 = CIRCLE ( 'NONE', #7641, 14.50000000000000000 ) ;
#993 = CARTESIAN_POINT ( 'NONE',  ( 1.959434878635765000E-016, 1.499999999999999600, 10.49999999999999800 ) ) ;
#994 = CARTESIAN_POINT ( 'NONE',  ( 2.799247744702093600, 5.562500001365589400, 2.799247744702092700 ) ) ;
#995 = EDGE_LOOP ( 'NONE', ( #589, #6875, #5687, #4589 ) ) ;
#996 = AXIS2_PLACEMENT_3D ( 'NONE', #581, #4025, #8781 ) ;
#997 = CIRCLE ( 'NONE', #720, 0.9999999999999991100 ) ;
#998 = ADVANCED_FACE ( 'NONE', ( #8212 ), #6599, .T. ) ;
#999 = CARTESIAN_POINT ( 'NONE',  ( 12.49999999999999800, -17.42136720504591800, -1.154700538379255900 ) ) ;
#1000 = ORIENTED_EDGE ( 'NONE', *, *, #1151, .F. ) ;
#1001 = VERTEX_POINT ( 'NONE', #4042 ) ;
#1002 = FACE_OUTER_BOUND ( 'NONE', #4315, .T. ) ;
#1003 = DIRECTION ( 'NONE',  ( 0.0000000000000000000, 0.0000000000000000000, 1.000000000000000000 ) ) ;
#1004 = ORIENTED_EDGE ( 'NONE', *, *, #1978, .T. ) ;
#1005 = DIRECTION ( 'NONE',  ( -0.0000000000000000000, 1.000000000000000000, -0.0000000000000000000 ) ) ;
#1006 = CARTESIAN_POINT ( 'NONE',  ( 4.500000000000001800, 5.187500002731182400, -1.863961030678928500 ) ) ;
#1007 = CARTESIAN_POINT ( 'NONE',  ( 14.50000000000000000, -17.60000000000000100, -2.309401076758504700 ) ) ;
#1008 = CARTESIAN_POINT ( 'NONE',  ( 12.82771778100631200, -16.07933779981235700, 1.343908487461474400 ) ) ;
#1009 = ORIENTED_EDGE ( 'NONE', *, *, #1863, .T. ) ;
#1010 = CARTESIAN_POINT ( 'NONE',  ( 14.49999999999999800, -4.190020746977269000, 1.819999999999999400 ) ) ;
#1011 = CARTESIAN_POINT ( 'NONE',  ( -0.1962705720244460300, -0.0000000000000000000, 10.49999999999999800 ) ) ;
#1012 = ORIENTED_EDGE ( 'NONE', *, *, #1717, .T. ) ;
#1013 = DIRECTION ( 'NONE',  ( 0.0000000000000000000, 0.0000000000000000000, 1.000000000000000000 ) ) ;
#1014 = B_SPLINE_CURVE_WITH_KNOTS ( 'NONE', 3,
 ( #1483, #6270, #6940, #2886, #7629, #3564 ),
 .UNSPECIFIED., .F., .F.,
 ( 4, 2, 4 ),
 ( 0.001168606431211103100, 0.001750609284260043600, 0.002332612137308984000 ),
 .UNSPECIFIED. ) ;
#1015 = CARTESIAN_POINT ( 'NONE',  ( 3.181980515339463400, 4.124999999999996400, -3.181980515339463800 ) ) ;
#1016 = ORIENTED_EDGE ( 'NONE', *, *, #4491, .T. ) ;
#1017 = AXIS2_PLACEMENT_3D ( 'NONE', #3793, #7191, #5039 ) ;
#1018 = DIRECTION ( 'NONE',  ( -1.000000000000000000, -0.0000000000000000000, -0.0000000000000000000 ) ) ;
#1019 = ORIENTED_EDGE ( 'NONE', *, *, #3206, .T. ) ;
#1020 = CARTESIAN_POINT ( 'NONE',  ( -3.435038691371143900, 1.000000000000000400, -1.984548749978935400 ) ) ;
#1021 = CARTESIAN_POINT ( 'NONE',  ( -14.26000000000000200, -4.819999999999999400, 0.3420141409932490600 ) ) ;
#1022 = CARTESIAN_POINT ( 'NONE',  ( 3.958734124999999400, 4.750000001365588500, -1.639761364404187500 ) ) ;
#1023 = DIRECTION ( 'NONE',  ( -1.000000000000000000, 0.0000000000000000000, 0.0000000000000000000 ) ) ;
#1024 = CYLINDRICAL_SURFACE ( 'NONE', #8479, 18.50000000000000000 ) ;
#1025 = VERTEX_POINT ( 'NONE', #6772 ) ;
#1026 = ORIENTED_EDGE ( 'NONE', *, *, #1093, .T. ) ;
#1027 = CARTESIAN_POINT ( 'NONE',  ( -15.26434055678858600, -14.44999999999999900, -10.45226804891546900 ) ) ;
#1028 = EDGE_CURVE ( 'NONE', #2525, #4275, #7634, .T. ) ;
#1029 = VECTOR ( 'NONE', #5074, 1000.000000000000000 ) ;
#1030 = ORIENTED_EDGE ( 'NONE', *, *, #1717, .F. ) ;
#1031 = DIRECTION ( 'NONE',  ( 0.6507553907836753900, 0.0000000000000000000, -0.7592874431768156200 ) ) ;
#1032 = DIRECTION ( 'NONE',  ( 0.0000000000000000000, 1.000000000000000000, 0.0000000000000000000 ) ) ;
#1033 = CARTESIAN_POINT ( 'NONE',  ( 2.799247744702092700, 6.812500001365589400, -2.799247744702093100 ) ) ;
#1034 = DIRECTION ( 'NONE',  ( 0.1839269784799235100, 0.0000000000000000000, -0.9829399099574935800 ) ) ;
#1035 = AXIS2_PLACEMENT_3D ( 'NONE', #6447, #1924, #8549 ) ;
#1036 = ORIENTED_EDGE ( 'NONE', *, *, #7061, .T. ) ;
#1037 = VERTEX_POINT ( 'NONE', #2011 ) ;
#1038 = VECTOR ( 'NONE', #5867, 999.9999999999998900 ) ;
#1039 = ADVANCED_FACE ( 'NONE', ( #1159 ), #6527, .T. ) ;
#1040 = CARTESIAN_POINT ( 'NONE',  ( -4.500000000000001800, 6.437499999999996400, -1.863961030678927800 ) ) ;
#1041 = DIRECTION ( 'NONE',  ( 1.000000000000000000, -2.290567970039799000E-016, 3.491483361109382100E-015 ) ) ;
#1042 = PLANE ( 'NONE',  #3234 ) ;
#1043 = CONICAL_SURFACE ( 'NONE', #2949, 2.000000000000000000, 1.047197551196595900 ) ;
#1044 = EDGE_CURVE ( 'NONE', #41, #4776, #5393, .T. ) ;
#1045 = EDGE_CURVE ( 'NONE', #4217, #148, #8853, .T. ) ;
#1046 = CARTESIAN_POINT ( 'NONE',  ( -1.863961030678928300, 3.312499999999996000, -4.500000000000000900 ) ) ;
#1047 = EDGE_LOOP ( 'NONE', ( #7748, #4993, #5623, #5898, #4173, #8402, #3947, #2845, #3468, #3901, #360, #794, #1282, #7319, #6382, #8820 ) ) ;
#1048 = CARTESIAN_POINT ( 'NONE',  ( 13.83924774000589300, -16.01710519872702000, -1.927915581583253200 ) ) ;
#1049 = AXIS2_PLACEMENT_3D ( 'NONE', #8554, #4482, #384 ) ;
#1050 = CARTESIAN_POINT ( 'NONE',  ( 15.91400053919085700, -14.05000000000000100, 7.624226339126849400 ) ) ;
#1051 = ORIENTED_EDGE ( 'NONE', *, *, #8319, .T. ) ;
#1052 = VERTEX_POINT ( 'NONE', #4076 ) ;
#1053 = CARTESIAN_POINT ( 'NONE',  ( -14.26000000000000200, -6.599999999999999600, 8.673617379884035500E-016 ) ) ;
#1054 = DIRECTION ( 'NONE',  ( 0.0000000000000000000, 0.0000000000000000000, 1.000000000000000000 ) ) ;
#1055 = CARTESIAN_POINT ( 'NONE',  ( -2.424025537428323500E-016, 3.937500001365589000, -3.958734124999999400 ) ) ;
#1056 = ORIENTED_EDGE ( 'NONE', *, *, #3933, .F. ) ;
#1057 = VECTOR ( 'NONE', #4485, 1000.000000000000000 ) ;
#1058 = EDGE_CURVE ( 'NONE', #2336, #1094, #3435, .T. ) ;
#1059 = AXIS2_PLACEMENT_3D ( 'NONE', #3873, #3223, #7976 ) ;
#1060 = CARTESIAN_POINT ( 'NONE',  ( 0.0000000000000000000, -14.44999999999999900, 0.0000000000000000000 ) ) ;
#1061 = DIRECTION ( 'NONE',  ( 0.0000000000000000000, 0.0000000000000000000, 1.000000000000000000 ) ) ;
#1062 = DIRECTION ( 'NONE',  ( -0.0000000000000000000, 1.000000000000000000, -0.0000000000000000000 ) ) ;
#1063 = AXIS2_PLACEMENT_3D ( 'NONE', #8143, #6800, #2742 ) ;
#1064 = CARTESIAN_POINT ( 'NONE',  ( -14.50000000000000000, 21.99999999999996800, 0.0000000000000000000 ) ) ;
#1065 = CARTESIAN_POINT ( 'NONE',  ( -1.639761364404187300, 6.000000001365589400, -3.958734124999999400 ) ) ;
#1066 = FACE_OUTER_BOUND ( 'NONE', #8417, .T. ) ;
#1067 = ORIENTED_EDGE ( 'NONE', *, *, #5100, .F. ) ;
#1068 = EDGE_CURVE ( 'NONE', #520, #8551, #5212, .T. ) ;
#1069 = DIRECTION ( 'NONE',  ( 0.0000000000000000000, 0.0000000000000000000, 1.000000000000000000 ) ) ;
#1070 = CARTESIAN_POINT ( 'NONE',  ( -14.50000000000000000, -6.599999999999999600, 0.0000000000000000000 ) ) ;
#1071 = DIRECTION ( 'NONE',  ( 0.0000000000000000000, -1.000000000000000000, 0.0000000000000000000 ) ) ;
#1072 = CIRCLE ( 'NONE', #5618, 5.000000000000000000 ) ;
#1073 = CARTESIAN_POINT ( 'NONE',  ( -4.500000000000000000, 2.499999999999996000, 0.0000000000000000000 ) ) ;
#1074 = CARTESIAN_POINT ( 'NONE',  ( -15.83924774000589300, -16.01710519872702300, 1.536186033554502100 ) ) ;
#1075 = CARTESIAN_POINT ( 'NONE',  ( -4.500000000000000000, 6.625000002731183300, 0.0000000000000000000 ) ) ;
#1076 = ORIENTED_EDGE ( 'NONE', *, *, #7482, .F. ) ;
#1077 = CARTESIAN_POINT ( 'NONE',  ( -3.958734124999999400, 3.125000001365589000, -1.639761364404187100 ) ) ;
#1078 = CYLINDRICAL_SURFACE ( 'NONE', #2784, 2.000000000000000000 ) ;
#1079 = ADVANCED_FACE ( 'NONE', ( #1800 ), #3923, .T. ) ;
#1080 = VECTOR ( 'NONE', #4676, 1000.000000000000000 ) ;
#1081 = DIRECTION ( 'NONE',  ( 0.0000000000000000000, 1.000000000000000000, 0.0000000000000000000 ) ) ;
#1082 = ORIENTED_EDGE ( 'NONE', *, *, #2500, .T. ) ;
#1083 = ORIENTED_EDGE ( 'NONE', *, *, #4421, .T. ) ;
#1084 = DIRECTION ( 'NONE',  ( -0.9018432397794303700, 0.0000000000000000000, -0.4320633875534246600 ) ) ;
#1085 = DIRECTION ( 'NONE',  ( 0.0000000000000000000, -0.0000000000000000000, 1.000000000000000000 ) ) ;
#1086 = AXIS2_PLACEMENT_3D ( 'NONE', #6479, #5909, #3014 ) ;
#1087 = PERSON_AND_ORGANIZATION ( #2872, #7398 ) ;
#1088 = CARTESIAN_POINT ( 'NONE',  ( 14.34327213933735300, -5.335347709461339100, 1.972269912968395800 ) ) ;
#1089 = CARTESIAN_POINT ( 'NONE',  ( 0.0000000000000000000, -14.44999999999999900, 0.0000000000000000000 ) ) ;
#1090 = FACE_OUTER_BOUND ( 'NONE', #2513, .T. ) ;
#1091 = CARTESIAN_POINT ( 'NONE',  ( -12.79648433899172300, -14.44999999999999900, -36.33471121730956800 ) ) ;
#1092 = CARTESIAN_POINT ( 'NONE',  ( -3.958734124999999400, 5.187500001365589400, 0.0000000000000000000 ) ) ;
#1093 = EDGE_CURVE ( 'NONE', #7691, #2543, #8620, .T. ) ;
#1094 = VERTEX_POINT ( 'NONE', #6652 ) ;
#1095 = DIRECTION ( 'NONE',  ( -0.0000000000000000000, 1.000000000000000000, -0.0000000000000000000 ) ) ;
#1096 = CIRCLE ( 'NONE', #4618, 18.50000000000000000 ) ;
#1097 = AXIS2_PLACEMENT_3D ( 'NONE', #3593, #8334, #4263 ) ;
#1098 = EDGE_CURVE ( 'NONE', #7673, #4275, #5007, .T. ) ;
#1099 = ORIENTED_EDGE ( 'NONE', *, *, #7751, .T. ) ;
#1100 = ADVANCED_FACE ( 'NONE', ( #1385 ), #5320, .F. ) ;
#1101 = DIRECTION ( 'NONE',  ( -0.0000000000000000000, 1.000000000000000000, -0.0000000000000000000 ) ) ;
#1102 = CARTESIAN_POINT ( 'NONE',  ( 1.027766679075714500, 1.000000000000000000, 4.238944286172904100 ) ) ;
#1103 = VERTEX_POINT ( 'NONE', #3277 ) ;
#1104 = FACE_OUTER_BOUND ( 'NONE', #2396, .T. ) ;
#1105 = DIRECTION ( 'NONE',  ( -0.1201614544122254200, 0.0000000000000000000, 0.9927543628076075400 ) ) ;
#1106 = CARTESIAN_POINT ( 'NONE',  ( -20.18017091227443400, -14.44999999999999900, -17.29563043101750000 ) ) ;
#1107 = FACE_OUTER_BOUND ( 'NONE', #681, .T. ) ;
#1108 = CARTESIAN_POINT ( 'NONE',  ( -14.50000000000000200, -16.00000000000000000, 0.0000000000000000000 ) ) ;
#1109 = CARTESIAN_POINT ( 'NONE',  ( 3.181980515339463400, 6.250000002731182400, -3.181980515339463800 ) ) ;
#1110 = EDGE_LOOP ( 'NONE', ( #5181, #3465, #3532, #7758, #1676, #5905 ) ) ;
#1111 = EDGE_CURVE ( 'NONE', #4879, #4209, #8411, .T. ) ;
#1112 = CARTESIAN_POINT ( 'NONE',  ( -2.799247744702092300, 2.312500001365589400, 2.799247744702093600 ) ) ;
#1113 = AXIS2_PLACEMENT_3D ( 'NONE', #3485, #8231, #4160 ) ;
#1114 = EDGE_CURVE ( 'NONE', #3079, #7947, #3205, .T. ) ;
#1115 = CARTESIAN_POINT ( 'NONE',  ( 0.0000000000000000000, -5.000000000000000000, 0.0000000000000000000 ) ) ;
#1116 = CARTESIAN_POINT ( 'NONE',  ( -3.958734124999999400, 7.062500001365589400, 0.0000000000000000000 ) ) ;
#1117 = DIRECTION ( 'NONE',  ( 0.0000000000000000000, -1.000000000000000000, 0.0000000000000000000 ) ) ;
#1118 = ORIENTED_EDGE ( 'NONE', *, *, #2726, .T. ) ;
#1119 = CARTESIAN_POINT ( 'NONE',  ( -14.23774010981471200, -4.819999999999999400, 0.2400000000000006300 ) ) ;
#1120 = ORIENTED_EDGE ( 'NONE', *, *, #317, .T. ) ;
#1121 = EDGE_LOOP ( 'NONE', ( #7814, #3101, #2099, #2976 ) ) ;
#1122 = CARTESIAN_POINT ( 'NONE',  ( -17.44946680064964200, -14.05000000000000100, -6.145413604715783700 ) ) ;
#1123 = DIRECTION ( 'NONE',  ( 0.0000000000000000000, 0.0000000000000000000, 1.000000000000000000 ) ) ;
#1124 = AXIS2_PLACEMENT_3D ( 'NONE', #1304, #6089, #2000 ) ;
#1125 = CARTESIAN_POINT ( 'NONE',  ( -1.639761364404188200, 4.375000001365589400, 3.958734124999998500 ) ) ;
#1126 = VERTEX_POINT ( 'NONE', #4707 ) ;
#1127 = CARTESIAN_POINT ( 'NONE',  ( 14.26000000000000200, -3.560076670449441300, -0.9701887189893748700 ) ) ;
#1128 = ADVANCED_FACE ( 'NONE', ( #8213 ), #2997, .T. ) ;
#1129 = CIRCLE ( 'NONE', #3602, 18.50000000000000000 ) ;
#1130 = ORIENTED_EDGE ( 'NONE', *, *, #4086, .F. ) ;
#1131 = CARTESIAN_POINT ( 'NONE',  ( -3.546777864503907600, 0.9999999999999997800, 1.847217486310807300 ) ) ;
#1132 = VERTEX_POINT ( 'NONE', #1266 ) ;
#1133 = DIRECTION ( 'NONE',  ( -0.0000000000000000000, -1.000000000000000000, -0.0000000000000000000 ) ) ;
#1134 = CARTESIAN_POINT ( 'NONE',  ( 0.0000000000000000000, 1.499999999999999600, 12.69999999999999900 ) ) ;
#1135 = CARTESIAN_POINT ( 'NONE',  ( 12.79648433899191500, -14.44999999999999900, 4.506710138927894100 ) ) ;
#1136 = CARTESIAN_POINT ( 'NONE',  ( -1.863961030678928300, 5.437500002731183300, -4.500000000000000900 ) ) ;
#1137 = CIRCLE ( 'NONE', #1781, 18.50000000000000000 ) ;
#1138 = ORIENTED_EDGE ( 'NONE', *, *, #4178, .F. ) ;
#1139 = CARTESIAN_POINT ( 'NONE',  ( 1.639761364404189300, 1.500000001365589600, 3.958734124999998500 ) ) ;
#1140 = ORIENTED_EDGE ( 'NONE', *, *, #4727, .F. ) ;
#1141 = VECTOR ( 'NONE', #7669, 1000.000000000000100 ) ;
#1142 = DIRECTION ( 'NONE',  ( 0.9432144216567375200, 0.0000000000000000000, 0.3321845191738263000 ) ) ;
#1143 = DIRECTION ( 'NONE',  ( 0.0000000000000000000, 0.0000000000000000000, -1.000000000000000000 ) ) ;
#1144 = PRODUCT_DEFINITION_SHAPE ( 'NONE', 'NONE',  #7476 ) ;
#1145 = ADVANCED_FACE ( 'NONE', ( #4583 ), #4365, .T. ) ;
#1146 = LINE ( 'NONE', #3490, #4805 ) ;
#1147 = VERTEX_POINT ( 'NONE', #2654 ) ;
#1148 = CARTESIAN_POINT ( 'NONE',  ( 0.0000000000000000000, 0.0000000000000000000, 0.0000000000000000000 ) ) ;
#1149 = CARTESIAN_POINT ( 'NONE',  ( -14.28244074185264600, -5.200636861289717100, -1.895489143048631400 ) ) ;
#1150 = EDGE_LOOP ( 'NONE', ( #3051, #331, #2943, #2516 ) ) ;
#1151 = EDGE_CURVE ( 'NONE', #4610, #4848, #6198, .T. ) ;
#1152 = VERTEX_POINT ( 'NONE', #8093 ) ;
#1153 = DIRECTION ( 'NONE',  ( -0.0000000000000000000, -1.000000000000000000, -0.0000000000000000000 ) ) ;
#1154 = EDGE_CURVE ( 'NONE', #1930, #387, #6399, .T. ) ;
#1155 = LINE ( 'NONE', #7217, #6395 ) ;
#1156 = AXIS2_PLACEMENT_3D ( 'NONE', #3935, #8690, #4620 ) ;
#1157 = DIRECTION ( 'NONE',  ( -0.0000000000000000000, 1.000000000000000000, -0.0000000000000000000 ) ) ;
#1158 = EDGE_CURVE ( 'NONE', #8461, #8293, #5276, .T. ) ;
#1159 = FACE_OUTER_BOUND ( 'NONE', #6852, .T. ) ;
#1160 = CARTESIAN_POINT ( 'NONE',  ( 14.49999999999999800, -6.600000000000001400, 0.0000000000000000000 ) ) ;
#1161 = CARTESIAN_POINT ( 'NONE',  ( 2.777134253061574100, 6.900413987694285800, -3.027994828263158100 ) ) ;
#1162 = CARTESIAN_POINT ( 'NONE',  ( 2.799247744702093600, 3.562500001365589000, 2.799247744702092700 ) ) ;
#1163 = VECTOR ( 'NONE', #5384, 1000.000000000000000 ) ;
#1164 = CARTESIAN_POINT ( 'NONE',  ( 14.49999999999999600, -16.17863279495408300, 2.309401076758504700 ) ) ;
#1165 = DIRECTION ( 'NONE',  ( 0.0000000000000000000, 0.0000000000000000000, 1.000000000000000000 ) ) ;
#1166 = DIRECTION ( 'NONE',  ( 0.0000000000000000000, 1.000000000000000000, 0.0000000000000000000 ) ) ;
#1167 = ORIENTED_EDGE ( 'NONE', *, *, #7236, .F. ) ;
#1168 = DIRECTION ( 'NONE',  ( 0.0000000000000000000, -1.000000000000000000, 0.0000000000000000000 ) ) ;
#1169 = VERTEX_POINT ( 'NONE', #2489 ) ;
#1170 = CARTESIAN_POINT ( 'NONE',  ( -14.50000000000000000, -5.000000000000000900, 0.0000000000000000000 ) ) ;
#1171 = CARTESIAN_POINT ( 'NONE',  ( 14.28244074185264400, -5.200636861289717100, -1.895489143048632900 ) ) ;
#1172 = AXIS2_PLACEMENT_3D ( 'NONE', #3682, #950, #4350 ) ;
#1173 = AXIS2_PLACEMENT_3D ( 'NONE', #5590, #4246, #157 ) ;
#1174 = DIRECTION ( 'NONE',  ( 0.3321845191738263000, 0.0000000000000000000, -0.9432144216567375200 ) ) ;
#1175 = CARTESIAN_POINT ( 'NONE',  ( 13.33026469292032700, -16.00000000000000400, 1.634054082335446600 ) ) ;
#1176 = DIRECTION ( 'NONE',  ( 0.0000000000000000000, 0.0000000000000000000, -1.000000000000000000 ) ) ;
#1177 = CARTESIAN_POINT ( 'NONE',  ( -4.500000000000000000, 4.625000002731183300, 0.0000000000000000000 ) ) ;
#1178 = VECTOR ( 'NONE', #5457, 1000.000000000000000 ) ;
#1179 = CARTESIAN_POINT ( 'NONE',  ( 3.958734124999999400, 0.6875000013655887500, -4.848051074856647000E-016 ) ) ;
#1180 = CARTESIAN_POINT ( 'NONE',  ( -3.958734124999999400, 4.937500001365589400, 0.0000000000000000000 ) ) ;
#1181 = PLANE ( 'NONE',  #6498 ) ;
#1182 = ADVANCED_FACE ( 'NONE', ( #7775 ), #2314, .T. ) ;
#1183 =( BOUNDED_CURVE ( )  B_SPLINE_CURVE ( 3, ( #6911, #4169, #5559, #776 ),
 .UNSPECIFIED., .F., .T. ) 
 B_SPLINE_CURVE_WITH_KNOTS ( ( 4, 4 ),
 ( 5.965617895249472700, 6.283185307179586200 ),
 .UNSPECIFIED. ) 
 CURVE ( )  GEOMETRIC_REPRESENTATION_ITEM ( )  RATIONAL_B_SPLINE_CURVE ( ( 1.000000000000000000, 0.9916135539163374300, 0.9916135539163374300, 1.000000000000000000 ) ) 
 REPRESENTATION_ITEM ( '' )  );
#1184 = CARTESIAN_POINT ( 'NONE',  ( 2.317586242717563300, 1.000000000000000700, -3.540344412013137100 ) ) ;
#1185 = EDGE_CURVE ( 'NONE', #8395, #8406, #5963, .T. ) ;
#1186 = AXIS2_PLACEMENT_3D ( 'NONE', #3420, #8169, #4092 ) ;
#1187 = CIRCLE ( 'NONE', #1156, 14.50000000000000000 ) ;
#1188 = CARTESIAN_POINT ( 'NONE',  ( 14.49999999999999800, -4.190020746977267200, 0.0000000000000000000 ) ) ;
#1189 = CARTESIAN_POINT ( 'NONE',  ( 0.0000000000000000000, -14.44999999999999900, 0.0000000000000000000 ) ) ;
#1190 = CARTESIAN_POINT ( 'NONE',  ( -10.45226804891553500, -14.44999999999999900, 15.26434055678854000 ) ) ;
#1191 = CARTESIAN_POINT ( 'NONE',  ( 17.44946680064964200, -14.44999999999999900, 6.145413604715783700 ) ) ;
#1192 = CARTESIAN_POINT ( 'NONE',  ( 4.500000000000000000, 0.9999999999999956700, -5.510910596163088600E-016 ) ) ;
#1193 = CARTESIAN_POINT ( 'NONE',  ( 4.043562499632872500, 6.787889358863346900, 1.210974675655246200 ) ) ;
#1194 = EDGE_LOOP ( 'NONE', ( #7464, #4682, #2027, #8049 ) ) ;
#1195 = CARTESIAN_POINT ( 'NONE',  ( 3.958734124999999400, 2.750000001365589000, -1.639761364404187500 ) ) ;
#1196 = CIRCLE ( 'NONE', #4405, 0.3555000000000000400 ) ;
#1197 = AXIS2_PLACEMENT_3D ( 'NONE', #6885, #5524, #748 ) ;
#1198 = CARTESIAN_POINT ( 'NONE',  ( -14.23774010981471200, -4.819999999999999400, -0.2400000000000006300 ) ) ;
#1199 = CARTESIAN_POINT ( 'NONE',  ( -16.50000000000000000, -17.58322782445916500, 0.3889866277140362500 ) ) ;
#1200 = CARTESIAN_POINT ( 'NONE',  ( 1.603120191833866800E-015, -14.44999999999999900, -40.84142135623730500 ) ) ;
#1201 = ADVANCED_FACE ( 'NONE', ( #2797 ), #6403, .F. ) ;
#1202 = DIRECTION ( 'NONE',  ( 0.0000000000000000000, -1.000000000000000000, 0.0000000000000000000 ) ) ;
#1203 = EDGE_LOOP ( 'NONE', ( #5193, #2556, #6767, #3863, #1663, #7623 ) ) ;
#1204 = VERTEX_POINT ( 'NONE', #8441 ) ;
#1205 = DIRECTION ( 'NONE',  ( 0.0000000000000000000, 0.0000000000000000000, 1.000000000000000000 ) ) ;
#1206 = DIRECTION ( 'NONE',  ( -0.0000000000000000000, -1.000000000000000000, -0.0000000000000000000 ) ) ;
#1207 = CIRCLE ( 'NONE', #7593, 14.50000000000000000 ) ;
#1208 = CARTESIAN_POINT ( 'NONE',  ( -1.863961030678929200, 3.812500002731183700, 4.500000000000000000 ) ) ;
#1209 = VERTEX_POINT ( 'NONE', #7109 ) ;
#1210 = CARTESIAN_POINT ( 'NONE',  ( -3.181980515339463800, 4.374999999999996400, -3.181980515339463400 ) ) ;
#1211 = VERTEX_POINT ( 'NONE', #3041 ) ;
#1212 = CARTESIAN_POINT ( 'NONE',  ( -1.639761364404188200, 4.125000001365589400, 3.958734124999998500 ) ) ;
#1213 = CIRCLE ( 'NONE', #7643, 2.499999999999995100 ) ;
#1214 = DIRECTION ( 'NONE',  ( 0.0000000000000000000, 1.000000000000000000, 0.0000000000000000000 ) ) ;
#1215 = VERTEX_POINT ( 'NONE', #7794 ) ;
#1216 = AXIS2_PLACEMENT_3D ( 'NONE', #3403, #6, #4801 ) ;
#1217 = EDGE_CURVE ( 'NONE', #699, #6706, #4167, .T. ) ;
#1218 = FACE_OUTER_BOUND ( 'NONE', #959, .T. ) ;
#1219 = CARTESIAN_POINT ( 'NONE',  ( 0.0000000000000000000, 1.499999999999999600, 12.10000000000000000 ) ) ;
#1220 = ORIENTED_EDGE ( 'NONE', *, *, #7801, .T. ) ;
#1221 = CIRCLE ( 'NONE', #7289, 3.190987308028661000 ) ;
#1222 = ORIENTED_EDGE ( 'NONE', *, *, #1874, .F. ) ;
#1223 = DIRECTION ( 'NONE',  ( 0.0000000000000000000, 0.0000000000000000000, 1.000000000000000000 ) ) ;
#1224 = CARTESIAN_POINT ( 'NONE',  ( -2.424025537428323500E-016, 1.937500001365589000, -3.958734124999999400 ) ) ;
#1225 = VERTEX_POINT ( 'NONE', #5080 ) ;
#1226 = CYLINDRICAL_SURFACE ( 'NONE', #3437, 18.50000000000000000 ) ;
#1227 = EDGE_CURVE ( 'NONE', #6965, #260, #4817, .T. ) ;
#1228 = EDGE_CURVE ( 'NONE', #6257, #7145, #512, .T. ) ;
#1229 = DIRECTION ( 'NONE',  ( -0.0000000000000000000, 1.000000000000000000, 0.0000000000000000000 ) ) ;
#1230 = ADVANCED_FACE ( 'NONE', ( #2341 ), #1916, .T. ) ;
#1231 = CARTESIAN_POINT ( 'NONE',  ( -13.50000000000000200, -17.60000000000000100, -1.732050807568875200 ) ) ;
#1232 = CARTESIAN_POINT ( 'NONE',  ( -1.127425939085634000, -0.1417800930628281800, 10.96104260831222600 ) ) ;
#1233 = PLANE ( 'NONE',  #6525 ) ;
#1234 = DIRECTION ( 'NONE',  ( 0.0000000000000000000, -2.290567970039799000E-016, -1.000000000000000000 ) ) ;
#1235 = ORIENTED_EDGE ( 'NONE', *, *, #1521, .T. ) ;
#1236 = ORIENTED_EDGE ( 'NONE', *, *, #1777, .F. ) ;
#1237 = DIRECTION ( 'NONE',  ( 0.0000000000000000000, 0.0000000000000000000, 1.000000000000000000 ) ) ;
#1238 = CARTESIAN_POINT ( 'NONE',  ( 0.0000000000000000000, -14.05000000000000100, 0.0000000000000000000 ) ) ;
#1239 = CARTESIAN_POINT ( 'NONE',  ( 3.181980515339464200, 3.000000002731182800, 3.181980515339463400 ) ) ;
#1240 = ORIENTED_EDGE ( 'NONE', *, *, #4833, .T. ) ;
#1241 = EDGE_CURVE ( 'NONE', #261, #5717, #5553, .T. ) ;
#1242 = CARTESIAN_POINT ( 'NONE',  ( -14.50000000000000000, -16.00000000000000000, -1.999999999999999600 ) ) ;
#1243 = AXIS2_PLACEMENT_3D ( 'NONE', #6383, #2301, #7059 ) ;
#1244 = CARTESIAN_POINT ( 'NONE',  ( 2.799247744702093600, 3.312500001365589000, 2.799247744702092700 ) ) ;
#1245 = ORIENTED_EDGE ( 'NONE', *, *, #296, .F. ) ;
#1246 = DIRECTION ( 'NONE',  ( -0.0000000000000000000, 1.000000000000000000, -0.0000000000000000000 ) ) ;
#1247 = ORIENTED_EDGE ( 'NONE', *, *, #1281, .F. ) ;
#1248 = ADVANCED_FACE ( 'NONE', ( #295 ), #2404, .F. ) ;
#1249 = DIRECTION ( 'NONE',  ( 3.124648454283931100E-015, -0.4461978007789582100, -0.8949343677499602700 ) ) ;
#1250 = DIRECTION ( 'NONE',  ( 0.0000000000000000000, 0.0000000000000000000, 1.000000000000000000 ) ) ;
#1251 = EDGE_CURVE ( 'NONE', #5407, #1658, #100, .T. ) ;
#1252 = FACE_OUTER_BOUND ( 'NONE', #2121, .T. ) ;
#1253 = ORIENTED_EDGE ( 'NONE', *, *, #5351, .F. ) ;
#1254 = DIRECTION ( 'NONE',  ( 0.0000000000000000000, 0.0000000000000000000, -1.000000000000000000 ) ) ;
#1255 = CARTESIAN_POINT ( 'NONE',  ( 0.2742585979101075900, 6.664536576350516700, 4.335463423649690300 ) ) ;
#1256 = CARTESIAN_POINT ( 'NONE',  ( -3.958734124999999400, 1.125000001365589200, -1.639761364404187100 ) ) ;
#1257 = VERTEX_POINT ( 'NONE', #5024 ) ;
#1258 = PLANE ( 'NONE',  #7187 ) ;
#1259 = CARTESIAN_POINT ( 'NONE',  ( 4.500000000000001800, 3.187500002731183700, -1.863961030678928500 ) ) ;
#1260 = VECTOR ( 'NONE', #3332, 1000.000000000000000 ) ;
#1261 = ORIENTED_EDGE ( 'NONE', *, *, #1452, .F. ) ;
#1262 = VERTEX_POINT ( 'NONE', #5249 ) ;
#1263 = DIRECTION ( 'NONE',  ( 0.0000000000000000000, -1.000000000000000000, 0.0000000000000000000 ) ) ;
#1264 = ORIENTED_EDGE ( 'NONE', *, *, #8350, .F. ) ;
#1265 = TOROIDAL_SURFACE ( 'NONE', #5308, 1.500000000000001300, 0.5000000000000000000 ) ;
#1266 = CARTESIAN_POINT ( 'NONE',  ( 8.266365894244633300E-016, 3.875000002731183300, 4.500000000000000000 ) ) ;
#1267 = CARTESIAN_POINT ( 'NONE',  ( 4.500000000000000900, 2.187500002731182400, -1.863961030678928700 ) ) ;
#1268 = VECTOR ( 'NONE', #4288, 1000.000000000000000 ) ;
#1269 = DIRECTION ( 'NONE',  ( 0.0000000000000000000, 1.000000000000000000, 0.0000000000000000000 ) ) ;
#1270 = CARTESIAN_POINT ( 'NONE',  ( 3.958734124999999400, 2.500000001365588500, -1.639761364404187500 ) ) ;
#1271 = ORIENTED_EDGE ( 'NONE', *, *, #4891, .T. ) ;
#1272 = ADVANCED_FACE ( 'NONE', ( #3736 ), #1681, .T. ) ;
#1273 = EDGE_LOOP ( 'NONE', ( #2075, #1919, #7974, #3544, #7819 ) ) ;
#1274 = DIRECTION ( 'NONE',  ( 0.0000000000000000000, 0.0000000000000000000, 1.000000000000000000 ) ) ;
#1275 = EDGE_LOOP ( 'NONE', ( #5972, #1375, #5748 ) ) ;
#1276 = DIRECTION ( 'NONE',  ( 0.0000000000000000000, 0.0000000000000000000, 1.000000000000000000 ) ) ;
#1277 = CARTESIAN_POINT ( 'NONE',  ( -4.229367062499999700, 7.343750000682792500, 0.0000000000000000000 ) ) ;
#1278 = EDGE_CURVE ( 'NONE', #1872, #270, #3540, .T. ) ;
#1279 = DIRECTION ( 'NONE',  ( -0.0000000000000000000, 1.000000000000000000, -0.0000000000000000000 ) ) ;
#1280 = AXIS2_PLACEMENT_3D ( 'NONE', #1219, #5991, #1905 ) ;
#1281 = EDGE_CURVE ( 'NONE', #4610, #5813, #7137, .T. ) ;
#1282 = ORIENTED_EDGE ( 'NONE', *, *, #6934, .F. ) ;
#1283 = DIRECTION ( 'NONE',  ( -0.0000000000000000000, 1.000000000000000000, -0.0000000000000000000 ) ) ;
#1284 = DIRECTION ( 'NONE',  ( 0.0000000000000000000, 0.0000000000000000000, 1.000000000000000000 ) ) ;
#1285 = LINE ( 'NONE', #4456, #8321 ) ;
#1286 = CARTESIAN_POINT ( 'NONE',  ( -0.3305478264589882300, 6.983337786571367700, -4.016662213428611800 ) ) ;
#1287 = DIRECTION ( 'NONE',  ( 0.0000000000000000000, 0.0000000000000000000, -1.000000000000000000 ) ) ;
#1288 = DIRECTION ( 'NONE',  ( -0.0000000000000000000, 1.000000000000000000, -0.0000000000000000000 ) ) ;
#1289 = DIRECTION ( 'NONE',  ( 1.000000000000000000, 0.0000000000000000000, 0.0000000000000000000 ) ) ;
#1290 = ADVANCED_FACE ( 'NONE', ( #5322 ), #8506, .T. ) ;
#1291 = PLANE ( 'NONE',  #4721 ) ;
#1292 = CARTESIAN_POINT ( 'NONE',  ( 14.50000000000000000, -5.500000000000000000, 0.0000000000000000000 ) ) ;
#1293 = FACE_OUTER_BOUND ( 'NONE', #2293, .T. ) ;
#1294 = EDGE_CURVE ( 'NONE', #4014, #5407, #8733, .T. ) ;
#1295 = DIRECTION ( 'NONE',  ( -0.0000000000000000000, 1.000000000000000000, -0.0000000000000000000 ) ) ;
#1296 = VERTEX_POINT ( 'NONE', #856 ) ;
#1297 = CARTESIAN_POINT ( 'NONE',  ( 14.84201414099324800, -4.819999999999999400, -0.2400000000000001900 ) ) ;
#1298 = EDGE_CURVE ( 'NONE', #5484, #1352, #2140, .T. ) ;
#1299 = CARTESIAN_POINT ( 'NONE',  ( -2.755455298081544300E-016, 1.375000002731182800, -4.500000000000000000 ) ) ;
#1300 = CARTESIAN_POINT ( 'NONE',  ( 3.181980515339464200, 6.000000002731183300, 3.181980515339463400 ) ) ;
#1301 = CARTESIAN_POINT ( 'NONE',  ( -2.424025537428323500E-016, 1.687500001365588800, -3.958734124999999400 ) ) ;
#1302 = FACE_OUTER_BOUND ( 'NONE', #6645, .T. ) ;
#1304 = CARTESIAN_POINT ( 'NONE',  ( -14.50000000000000200, -17.60000000000000100, 0.0000000000000000000 ) ) ;
#1303 = DIRECTION ( 'NONE',  ( 0.0000000000000000000, -1.000000000000000000, 0.0000000000000000000 ) ) ;
#1305 = ORIENTED_EDGE ( 'NONE', *, *, #5047, .T. ) ;
#1306 = CARTESIAN_POINT ( 'NONE',  ( 7.383686573282775900, -14.44999999999999900, -39.45979146441064200 ) ) ;
#1308 = CARTESIAN_POINT ( 'NONE',  ( -16.50000000000000400, -16.01723613881363700, -0.3931374000439452100 ) ) ;
#1307 = FACE_OUTER_BOUND ( 'NONE', #4882, .T. ) ;
#1309 = CIRCLE ( 'NONE', #373, 0.3555000000000000400 ) ;
#1310 = CARTESIAN_POINT ( 'NONE',  ( -2.666941187958889300, -14.44999999999999900, 14.25262869438366000 ) ) ;
#1311 = CARTESIAN_POINT ( 'NONE',  ( 15.91400053919070400, -14.44999999999999900, 33.21719501711064000 ) ) ;
#1312 = CARTESIAN_POINT ( 'NONE',  ( -16.50000000000000000, -16.17863279495408000, -1.154700538379252400 ) ) ;
#1313 = ORIENTED_EDGE ( 'NONE', *, *, #7565, .T. ) ;
#1314 = EDGE_LOOP ( 'NONE', ( #5382, #5861, #6670, #3928 ) ) ;
#1315 = AXIS2_PLACEMENT_3D ( 'NONE', #2923, #6982, #1524 ) ;
#1316 = CALENDAR_DATE ( 2019, 2, 1 ) ;
#1317 = DIRECTION ( 'NONE',  ( 0.0000000000000000000, 1.000000000000000000, 0.0000000000000000000 ) ) ;
#1318 = ADVANCED_FACE ( 'NONE', ( #1482 ), #3096, .T. ) ;
#1319 = CARTESIAN_POINT ( 'NONE',  ( 0.0000000000000000000, 0.001000000000000000000, -5.599999999999999600 ) ) ;
#1320 = DIRECTION ( 'NONE',  ( 0.0000000000000000000, 1.000000000000000000, 0.0000000000000000000 ) ) ;
#1321 = CARTESIAN_POINT ( 'NONE',  ( 1.639761364404189300, 6.250000001365589400, 3.958734124999998500 ) ) ;
#1322 = VECTOR ( 'NONE', #7860, 1000.000000000000000 ) ;
#1323 = CARTESIAN_POINT ( 'NONE',  ( -14.50000000000000000, -16.00000000000000000, 1.999999999999995800 ) ) ;
#1324 = VERTEX_POINT ( 'NONE', #2263 ) ;
#1325 = DIRECTION ( 'NONE',  ( 0.0000000000000000000, 0.0000000000000000000, 1.000000000000000000 ) ) ;
#1326 = DIRECTION ( 'NONE',  ( 0.0000000000000000000, 1.000000000000000000, 0.0000000000000000000 ) ) ;
#1327 = VECTOR ( 'NONE', #7983, 1000.000000000000000 ) ;
#1328 = CARTESIAN_POINT ( 'NONE',  ( -4.500000000000000900, 0.5625000027311829500, -1.863961030678928000 ) ) ;
#1329 = EDGE_LOOP ( 'NONE', ( #2028, #1030, #3636, #4417 ) ) ;
#1330 = ORIENTED_EDGE ( 'NONE', *, *, #2687, .F. ) ;
#1331 = CIRCLE ( 'NONE', #2814, 1.999999999999998200 ) ;
#1332 = CARTESIAN_POINT ( 'NONE',  ( -3.661463147522841900, 7.000000000000000000, -1.517557802812580200 ) ) ;
#1333 = CARTESIAN_POINT ( 'NONE',  ( -3.958734124999999400, 7.125000001365589400, -1.639761364404187100 ) ) ;
#1334 = EDGE_CURVE ( 'NONE', #676, #7239, #6700, .T. ) ;
#1335 = VECTOR ( 'NONE', #7936, 1000.000000000000000 ) ;
#1336 = ADVANCED_FACE ( 'NONE', ( #4907 ), #1043, .T. ) ;
#1337 = AXIS2_PLACEMENT_3D ( 'NONE', #4897, #5580, #1489 ) ;
#1338 = EDGE_CURVE ( 'NONE', #8599, #6784, #8309, .T. ) ;
#1339 = ORIENTED_EDGE ( 'NONE', *, *, #6702, .F. ) ;
#1340 = ORIENTED_EDGE ( 'NONE', *, *, #1217, .T. ) ;
#1342 = CARTESIAN_POINT ( 'NONE',  ( -3.181980515339462900, 2.624999999999996400, 3.181980515339464200 ) ) ;
#1341 = DIRECTION ( 'NONE',  ( 0.0000000000000000000, 0.0000000000000000000, 1.000000000000000000 ) ) ;
#1343 = CARTESIAN_POINT ( 'NONE',  ( -2.755455298081544300E-016, 4.375000002731183300, -4.500000000000000000 ) ) ;
#1344 = DIRECTION ( 'NONE',  ( 0.0000000000000000000, -1.000000000000000000, 0.0000000000000000000 ) ) ;
#1345 = CARTESIAN_POINT ( 'NONE',  ( -12.50000000000000200, -16.12473465330811700, -0.9679918988505343800 ) ) ;
#1346 = CARTESIAN_POINT ( 'NONE',  ( -3.532836515644419300, 6.546487040398401900, -2.726489565619468100 ) ) ;
#1347 = EDGE_CURVE ( 'NONE', #6183, #4845, #3560, .T. ) ;
#1348 = VERTEX_POINT ( 'NONE', #300 ) ;
#1349 = CARTESIAN_POINT ( 'NONE',  ( 12.50000000000000000, -16.00000000000000400, 0.1951254011572748100 ) ) ;
#1350 = CARTESIAN_POINT ( 'NONE',  ( 0.0000000000000000000, -16.00000000000000000, 0.0000000000000000000 ) ) ;
#1351 = CARTESIAN_POINT ( 'NONE',  ( 1.603120191833866800E-015, -14.05000000000000100, -40.84142135623730500 ) ) ;
#1352 = VERTEX_POINT ( 'NONE', #4454 ) ;
#1353 = CARTESIAN_POINT ( 'NONE',  ( 3.958734124999999400, 5.437500001365589400, -4.848051074856647000E-016 ) ) ;
#1354 = VERTEX_POINT ( 'NONE', #356 ) ;
#1355 = DIRECTION ( 'NONE',  ( 0.0000000000000000000, -1.000000000000000000, -0.0000000000000000000 ) ) ;
#1356 = CARTESIAN_POINT ( 'NONE',  ( 1.639761364404186800, 6.625000001365589400, -3.958734124999999400 ) ) ;
#1357 = CIRCLE ( 'NONE', #2689, 2.000000000000001300 ) ;
#1358 = ORIENTED_EDGE ( 'NONE', *, *, #7473, .T. ) ;
#1359 = EDGE_CURVE ( 'NONE', #3500, #8710, #6921, .T. ) ;
#1360 = CARTESIAN_POINT ( 'NONE',  ( 1.603120191833866800E-015, -14.44999999999999900, -40.84142135623730500 ) ) ;
#1361 = AXIS2_PLACEMENT_3D ( 'NONE', #7831, #3762, #8510 ) ;
#1362 = EDGE_LOOP ( 'NONE', ( #1576, #4172, #8454, #227, #361, #584, #2850, #6935 ) ) ;
#1363 = ADVANCED_FACE ( 'NONE', ( #6490 ), #8496, .F. ) ;
#1364 = CARTESIAN_POINT ( 'NONE',  ( 1.639761364404186800, 6.875000001365589400, -3.958734124999999400 ) ) ;
#1365 = APPROVAL ( #838, 'UNSPECIFIED' ) ;
#1366 = CIRCLE ( 'NONE', #2259, 14.50000000000000000 ) ;
#1367 = EDGE_LOOP ( 'NONE', ( #4135, #8397, #2006, #2285 ) ) ;
#1368 = DIRECTION ( 'NONE',  ( -0.0000000000000000000, 1.000000000000000000, -0.0000000000000000000 ) ) ;
#1369 = VERTEX_POINT ( 'NONE', #1729 ) ;
#1370 = CARTESIAN_POINT ( 'NONE',  ( 14.49999999999999800, -4.819999999999999400, 0.0000000000000000000 ) ) ;
#1371 = LINE ( 'NONE', #7723, #8400 ) ;
#1372 = EDGE_CURVE ( 'NONE', #5810, #7297, #2801, .T. ) ;
#1373 = CARTESIAN_POINT ( 'NONE',  ( -14.50000000000000200, -17.60000000000000100, 0.0000000000000000000 ) ) ;
#1374 = CIRCLE ( 'NONE', #4591, 0.3555000000000000400 ) ;
#1375 = ORIENTED_EDGE ( 'NONE', *, *, #1600, .F. ) ;
#1376 = VERTEX_POINT ( 'NONE', #6565 ) ;
#1377 = DIRECTION ( 'NONE',  ( 0.0000000000000000000, 0.0000000000000000000, -1.000000000000000000 ) ) ;
#1378 = CARTESIAN_POINT ( 'NONE',  ( -14.50000000000000700, -16.17863279495408300, 2.309401076758504700 ) ) ;
#1379 = EDGE_LOOP ( 'NONE', ( #6746, #7978, #2399, #8681 ) ) ;
#1380 = CARTESIAN_POINT ( 'NONE',  ( -14.50000000000000000, -5.500000000000000000, 0.0000000000000000000 ) ) ;
#1381 = CARTESIAN_POINT ( 'NONE',  ( 16.17228221899368300, -17.52066220018764800, -1.343908487461471700 ) ) ;
#1382 = VECTOR ( 'NONE', #2421, 1000.000000000000000 ) ;
#1383 = ADVANCED_FACE ( 'NONE', ( #4464 ), #1794, .T. ) ;
#1384 = FACE_OUTER_BOUND ( 'NONE', #7213, .T. ) ;
#1385 = FACE_OUTER_BOUND ( 'NONE', #6165, .T. ) ;
#1386 = CARTESIAN_POINT ( 'NONE',  ( 14.49999999999999800, -6.600000000000001400, 0.0000000000000000000 ) ) ;
#1387 = ORIENTED_EDGE ( 'NONE', *, *, #7790, .T. ) ;
#1388 = ORIENTED_EDGE ( 'NONE', *, *, #365, .T. ) ;
#1389 = AXIS2_PLACEMENT_3D ( 'NONE', #6782, #3407, #8158 ) ;
#1390 = CARTESIAN_POINT ( 'NONE',  ( 13.50000000000000000, -17.60000000000000100, 1.732050807568875200 ) ) ;
#1391 = CARTESIAN_POINT ( 'NONE',  ( 0.0000000000000000000, -14.05000000000000100, 0.0000000000000000000 ) ) ;
#1392 = AXIS2_PLACEMENT_3D ( 'NONE', #4930, #1981, #6853 ) ;
#1393 = CARTESIAN_POINT ( 'NONE',  ( -2.799247744702093100, 6.062500001365589400, -2.799247744702092700 ) ) ;
#1394 = DIRECTION ( 'NONE',  ( 0.5649874621035423400, 0.0000000000000000000, -0.8250994895561373200 ) ) ;
#1395 = CIRCLE ( 'NONE', #5401, 14.50000000000000000 ) ;
#1396 = CARTESIAN_POINT ( 'NONE',  ( -3.541122689122215000, 6.565884014081032800, 2.684507692644749500 ) ) ;
#1397 = EDGE_CURVE ( 'NONE', #2699, #8483, #6298, .T. ) ;
#1398 = EDGE_CURVE ( 'NONE', #5476, #483, #844, .T. ) ;
#1399 = CARTESIAN_POINT ( 'NONE',  ( 4.500000000000001800, 4.062499999999996400, -1.863961030678928500 ) ) ;
#1400 = CARTESIAN_POINT ( 'NONE',  ( -14.50000000000000000, -17.61836573537653200, 0.0000000000000000000 ) ) ;
#1401 = CARTESIAN_POINT ( 'NONE',  ( 14.50000000000000000, -17.60000000000000100, 2.309401076758504700 ) ) ;
#1402 = CONICAL_SURFACE ( 'NONE', #6819, 0.3555000000000000400, 0.06981317007976586800 ) ;
#1403 = CARTESIAN_POINT ( 'NONE',  ( -14.36206896551724400, -16.00000000000000000, 1.995238088481296800 ) ) ;
#1404 = DIRECTION ( 'NONE',  ( -0.0000000000000000000, 1.000000000000000000, -0.0000000000000000000 ) ) ;
#1405 = ADVANCED_FACE ( 'NONE', ( #2898 ), #442, .F. ) ;
#1406 = CARTESIAN_POINT ( 'NONE',  ( -13.33026469292032900, -17.60000000000000100, -1.634054082335443200 ) ) ;
#1407 = DIRECTION ( 'NONE',  ( 0.0000000000000000000, -1.000000000000000000, 0.0000000000000000000 ) ) ;
#1408 = ORIENTED_EDGE ( 'NONE', *, *, #7336, .F. ) ;
#1409 = EDGE_CURVE ( 'NONE', #6190, #2501, #6956, .T. ) ;
#1410 = DIRECTION ( 'NONE',  ( 0.0000000000000000000, 0.0000000000000000000, -1.000000000000000000 ) ) ;
#1411 = AXIS2_PLACEMENT_3D ( 'NONE', #8831, #4764, #662 ) ;
#1412 = DIRECTION ( 'NONE',  ( -0.0000000000000000000, 0.0000000000000000000, 1.000000000000000000 ) ) ;
#1413 = LINE ( 'NONE', #2815, #3022 ) ;
#1414 = CARTESIAN_POINT ( 'NONE',  ( 13.87068965517241300, -5.000000000000000000, -1.898412096962349900 ) ) ;
#1415 = CIRCLE ( 'NONE', #3879, 0.3555000000000000400 ) ;
#1416 = AXIS2_PLACEMENT_3D ( 'NONE', #3877, #8632, #4563 ) ;
#1417 = VERTEX_POINT ( 'NONE', #8677 ) ;
#1418 = CARTESIAN_POINT ( 'NONE',  ( 14.49999999999999800, 995.0644910479892400, 0.0000000000000000000 ) ) ;
#1419 = EDGE_LOOP ( 'NONE', ( #5518, #4566, #7007 ) ) ;
#1420 = CARTESIAN_POINT ( 'NONE',  ( -3.958734124999998500, 5.250000001365589400, 1.639761364404189700 ) ) ;
#1421 = EDGE_CURVE ( 'NONE', #4776, #3739, #4352, .T. ) ;
#1422 = ADVANCED_FACE ( 'NONE', ( #2442 ), #7666, .T. ) ;
#1423 = CIRCLE ( 'NONE', #5295, 0.9999999999999991100 ) ;
#1424 = CARTESIAN_POINT ( 'NONE',  ( 6.264919119524582100, -14.44999999999999900, 13.07672697680177800 ) ) ;
#1425 = EDGE_LOOP ( 'NONE', ( #3020, #4420, #2079, #6129, #7421, #3056 ) ) ;
#1426 = ORIENTED_EDGE ( 'NONE', *, *, #8512, .F. ) ;
#1427 = CARTESIAN_POINT ( 'NONE',  ( 16.17282800272094400, -17.53042453747409700, 1.343593379079622400 ) ) ;
#1428 = FACE_OUTER_BOUND ( 'NONE', #1514, .T. ) ;
#1429 = CARTESIAN_POINT ( 'NONE',  ( -3.958734124999999400, 5.937500001365589400, 0.0000000000000000000 ) ) ;
#1430 = ORIENTED_EDGE ( 'NONE', *, *, #3093, .F. ) ;
#1431 = DIRECTION ( 'NONE',  ( -0.0000000000000000000, 1.000000000000000000, 0.0000000000000000000 ) ) ;
#1432 = EDGE_LOOP ( 'NONE', ( #2187, #978, #8180, #4965 ) ) ;
#1433 = CIRCLE ( 'NONE', #3558, 14.50000000000000000 ) ;
#1434 = DIRECTION ( 'NONE',  ( 0.0000000000000000000, 0.0000000000000000000, 1.000000000000000000 ) ) ;
#1435 = CARTESIAN_POINT ( 'NONE',  ( 13.50000000000000000, -17.60000000000000100, -1.732050807568875200 ) ) ;
#1436 = EDGE_LOOP ( 'NONE', ( #665, #3291, #7827, #1426 ) ) ;
#1437 = DIRECTION ( 'NONE',  ( 1.000000000000000000, -2.290567970039799000E-016, 3.491483361109382100E-015 ) ) ;
#1438 = DIRECTION ( 'NONE',  ( 1.000000000000000000, 0.0000000000000000000, -1.224646799147353200E-016 ) ) ;
#1439 = DIRECTION ( 'NONE',  ( 0.0000000000000000000, 1.000000000000000000, 0.0000000000000000000 ) ) ;
#1440 = CIRCLE ( 'NONE', #8643, 0.3555000000000000400 ) ;
#1441 = ORIENTED_EDGE ( 'NONE', *, *, #8628, .F. ) ;
#1442 = EDGE_LOOP ( 'NONE', ( #3741, #2523, #5189, #600 ) ) ;
#1443 = LINE ( 'NONE', #2807, #8471 ) ;
#1444 = DIRECTION ( 'NONE',  ( -0.0000000000000000000, 1.000000000000000000, -0.0000000000000000000 ) ) ;
#1445 = DIRECTION ( 'NONE',  ( 0.0000000000000000000, 1.000000000000000000, 0.0000000000000000000 ) ) ;
#1446 = AXIS2_PLACEMENT_3D ( 'NONE', #1238, #5973, #2583 ) ;
#1447 = DIRECTION ( 'NONE',  ( -0.0000000000000000000, 1.000000000000000000, 0.0000000000000000000 ) ) ;
#1448 = ORIENTED_EDGE ( 'NONE', *, *, #8109, .F. ) ;
#1449 = EDGE_CURVE ( 'NONE', #153, #6341, #4264, .T. ) ;
#1450 = CARTESIAN_POINT ( 'NONE',  ( 7.272076612284971000E-016, 4.437500001365589400, 3.958734124999999400 ) ) ;
#1451 = AXIS2_PLACEMENT_3D ( 'NONE', #4923, #827, #5603 ) ;
#1452 = EDGE_CURVE ( 'NONE', #2460, #3090, #2676, .T. ) ;
#1453 = ORIENTED_EDGE ( 'NONE', *, *, #5105, .T. ) ;
#1454 = DIRECTION ( 'NONE',  ( 1.000000000000000000, 0.0000000000000000000, 0.0000000000000000000 ) ) ;
#1455 = ORIENTED_EDGE ( 'NONE', *, *, #650, .T. ) ;
#1456 = CARTESIAN_POINT ( 'NONE',  ( -1.639761364404188200, 5.125000001365589400, 3.958734124999998500 ) ) ;
#1457 = ORIENTED_EDGE ( 'NONE', *, *, #4168, .F. ) ;
#1458 = CARTESIAN_POINT ( 'NONE',  ( -15.50000000000000400, -17.60000000000000100, 1.732050807568875200 ) ) ;
#1459 = CARTESIAN_POINT ( 'NONE',  ( 14.84201414099325000, -4.819999999999999400, -0.09698751136435036800 ) ) ;
#1460 = CARTESIAN_POINT ( 'NONE',  ( 12.50000000000000000, -17.59999999999999800, 0.1951254011572754500 ) ) ;
#1461 = AXIS2_PLACEMENT_3D ( 'NONE', #3383, #8126, #4063 ) ;
#1462 = DIRECTION ( 'NONE',  ( 0.0000000000000000000, 0.0000000000000000000, 1.000000000000000000 ) ) ;
#1463 = DIRECTION ( 'NONE',  ( 0.0000000000000000000, 0.0000000000000000000, -1.000000000000000000 ) ) ;
#1464 = CARTESIAN_POINT ( 'NONE',  ( -20.18017091227443400, -14.05000000000000100, -17.29563043101750000 ) ) ;
#1465 = CARTESIAN_POINT ( 'NONE',  ( 14.50000000000000000, -16.00000000000000000, 0.0000000000000000000 ) ) ;
#1466 = FACE_OUTER_BOUND ( 'NONE', #6685, .T. ) ;
#1467 = ORIENTED_EDGE ( 'NONE', *, *, #6715, .T. ) ;
#1468 = CARTESIAN_POINT ( 'NONE',  ( 0.0000000000000000000, -10.00000000000000000, 0.0000000000000000000 ) ) ;
#1469 = ORIENTED_EDGE ( 'NONE', *, *, #7444, .T. ) ;
#1470 = LINE ( 'NONE', #6038, #1260 ) ;
#1471 = CARTESIAN_POINT ( 'NONE',  ( -4.500000000000000000, 1.562499999999996200, 1.863961030678930700 ) ) ;
#1472 = ORIENTED_EDGE ( 'NONE', *, *, #4957, .T. ) ;
#1473 = AXIS2_PLACEMENT_3D ( 'NONE', #7242, #3162, #7909 ) ;
#1474 = ORIENTED_EDGE ( 'NONE', *, *, #4124, .F. ) ;
#1475 = EDGE_LOOP ( 'NONE', ( #4543, #3620, #7851, #2717, #7979 ) ) ;
#1476 = CARTESIAN_POINT ( 'NONE',  ( 3.958734124999999900, 3.625000001365589400, 1.639761364404186200 ) ) ;
#1477 = FACE_BOUND ( 'NONE', #6708, .T. ) ;
#1478 = CARTESIAN_POINT ( 'NONE',  ( -4.500000000000000000, 3.499999999999996000, 0.0000000000000000000 ) ) ;
#1480 = CARTESIAN_POINT ( 'NONE',  ( 16.50000000000000000, -17.60000000000000100, -1.154700538379249000 ) ) ;
#1479 = DIRECTION ( 'NONE',  ( 0.0000000000000000000, -1.000000000000000000, 0.0000000000000000000 ) ) ;
#1481 = CARTESIAN_POINT ( 'NONE',  ( 0.0000000000000000000, -14.44999999999999900, 0.0000000000000000000 ) ) ;
#1482 = FACE_OUTER_BOUND ( 'NONE', #8286, .T. ) ;
#1483 = CARTESIAN_POINT ( 'NONE',  ( -13.50000000000000200, -16.00000000000000000, -1.732050807568875200 ) ) ;
#1484 = AXIS2_PLACEMENT_3D ( 'NONE', #4500, #3820, #7215 ) ;
#1485 = ORIENTED_EDGE ( 'NONE', *, *, #1846, .T. ) ;
#1486 = CARTESIAN_POINT ( 'NONE',  ( 2.799247744702093600, 4.312500001365588500, 2.799247744702092700 ) ) ;
#1487 = EDGE_LOOP ( 'NONE', ( #5936, #6237 ) ) ;
#1488 = ORIENTED_EDGE ( 'NONE', *, *, #3788, .T. ) ;
#1489 = DIRECTION ( 'NONE',  ( -0.9018432397794345900, 0.0000000000000000000, 0.4320633875534157200 ) ) ;
#1490 = DIRECTION ( 'NONE',  ( -0.0000000000000000000, 1.000000000000000000, -0.0000000000000000000 ) ) ;
#1491 = CARTESIAN_POINT ( 'NONE',  ( -16.49999999999999600, -16.00000000000000000, 0.0000000000000000000 ) ) ;
#1492 = CARTESIAN_POINT ( 'NONE',  ( -13.67660911402274800, -14.05000000000000100, 4.816675528020341300 ) ) ;
#1493 = ORIENTED_EDGE ( 'NONE', *, *, #5625, .T. ) ;
#1494 = CONICAL_SURFACE ( 'NONE', #4785, 0.3555000000000000400, 0.06981317007976586800 ) ;
#1495 = CARTESIAN_POINT ( 'NONE',  ( 14.49999999999999800, -6.600000000000001400, 0.2400000000000001900 ) ) ;
#1496 = CARTESIAN_POINT ( 'NONE',  ( 11.00966792606387300, -14.44999999999999900, 9.435953166363241000 ) ) ;
#1497 = AXIS2_PLACEMENT_3D ( 'NONE', #8079, #5369, #6062 ) ;
#1498 = EDGE_CURVE ( 'NONE', #7412, #1922, #629, .T. ) ;
#1499 = CARTESIAN_POINT ( 'NONE',  ( -2.799247744702093100, 5.812500001365589400, -2.799247744702092700 ) ) ;
#1500 = LINE ( 'NONE', #3505, #4929 ) ;
#1501 = AXIS2_PLACEMENT_3D ( 'NONE', #4509, #7898, #5874 ) ;
#1502 = ORIENTED_EDGE ( 'NONE', *, *, #708, .T. ) ;
#1503 = CARTESIAN_POINT ( 'NONE',  ( 2.799247744702092700, 2.812500001365589000, -2.799247744702093100 ) ) ;
#1504 = DIRECTION ( 'NONE',  ( 0.0000000000000000000, -1.000000000000000000, 0.0000000000000000000 ) ) ;
#1505 = DIRECTION ( 'NONE',  ( 0.0000000000000000000, 1.000000000000000000, 0.0000000000000000000 ) ) ;
#1506 = CARTESIAN_POINT ( 'NONE',  ( 0.0000000000000000000, -5.500000000000000000, -14.00000000000000000 ) ) ;
#1507 = EDGE_CURVE ( 'NONE', #1324, #7706, #4056, .T. ) ;
#1508 = EDGE_CURVE ( 'NONE', #1376, #3326, #8327, .T. ) ;
#1510 = CARTESIAN_POINT ( 'NONE',  ( 4.500000000000001800, 1.937499999999996400, 1.863961030678926700 ) ) ;
#1509 = FACE_OUTER_BOUND ( 'NONE', #3228, .T. ) ;
#1511 = CARTESIAN_POINT ( 'NONE',  ( 3.958734124999999400, 3.500000001365589000, -1.639761364404187500 ) ) ;
#1512 = AXIS2_PLACEMENT_3D ( 'NONE', #2467, #7231, #3156 ) ;
#1513 = DIRECTION ( 'NONE',  ( 0.0000000000000000000, 1.000000000000000000, 0.0000000000000000000 ) ) ;
#1514 = EDGE_LOOP ( 'NONE', ( #5205, #6082, #4060, #3837, #3989, #2891, #6047, #6252, #8470, #3428, #7906 ) ) ;
#1515 = DIRECTION ( 'NONE',  ( 0.0000000000000000000, 0.0000000000000000000, -1.000000000000000000 ) ) ;
#1516 = PERSON_AND_ORGANIZATION_ROLE ( 'creator' ) ;
#1517 = LINE ( 'NONE', #2630, #4941 ) ;
#1518 = DIRECTION ( 'NONE',  ( 0.0000000000000000000, 1.000000000000000000, 0.0000000000000000000 ) ) ;
#1519 = DIRECTION ( 'NONE',  ( 0.9432144216567408500, 0.0000000000000000000, -0.3321845191738167500 ) ) ;
#1520 = FACE_OUTER_BOUND ( 'NONE', #1273, .T. ) ;
#1521 = EDGE_CURVE ( 'NONE', #5201, #7706, #164, .T. ) ;
#1522 = ORIENTED_EDGE ( 'NONE', *, *, #1151, .T. ) ;
#1523 = PLANE ( 'NONE',  #2559 ) ;
#1524 = DIRECTION ( 'NONE',  ( 0.0000000000000000000, -0.0000000000000000000, -1.000000000000000000 ) ) ;
#1525 = VERTEX_POINT ( 'NONE', #6132 ) ;
#1526 = AXIS2_PLACEMENT_3D ( 'NONE', #4622, #524, #5297 ) ;
#1527 = CARTESIAN_POINT ( 'NONE',  ( -2.755455298081544300E-016, 1.249999999999996000, -4.500000000000000000 ) ) ;
#1528 = DATE_AND_TIME ( #3360, #5144 ) ;
#1529 = CIRCLE ( 'NONE', #902, 18.50000000000000000 ) ;
#1530 = CARTESIAN_POINT ( 'NONE',  ( -3.958734124999998500, 5.000000001365589400, 1.639761364404189700 ) ) ;
#1531 = B_SPLINE_CURVE_WITH_KNOTS ( 'NONE', 3,
 ( #8022, #1011, #502, #1882, #8701, #536, #4636, #1232, #5311, #1921, #6001, #2616, #6675, #3303 ),
 .UNSPECIFIED., .F., .F.,
 ( 4, 2, 2, 2, 2, 2, 4 ),
 ( 0.0000000000000000000, 0.0005813723886734558600, 0.0008720585830101836300, 0.001162744777346911300, 0.001453430971683639700, 0.001744117166020367900, 0.002325489554693824300 ),
 .UNSPECIFIED. ) ;
#1532 = ORIENTED_EDGE ( 'NONE', *, *, #4287, .T. ) ;
#1533 = B_SPLINE_CURVE_WITH_KNOTS ( 'NONE', 3,
 ( #5098, #1175, #316, #1008, #5777, #1692 ),
 .UNSPECIFIED., .F., .F.,
 ( 4, 2, 4 ),
 ( 0.001168606431211102200, 0.001750609284260044100, 0.002332612137308985800 ),
 .UNSPECIFIED. ) ;
#1534 = CARTESIAN_POINT ( 'NONE',  ( -1.639761364404187300, 2.000000001365589000, -3.958734124999999400 ) ) ;
#1535 = EDGE_CURVE ( 'NONE', #7204, #3890, #7458, .T. ) ;
#1536 = LINE ( 'NONE', #2544, #1327 ) ;
#1537 = CARTESIAN_POINT ( 'NONE',  ( 12.49999999999999800, -17.60000000000000100, 1.154700538379252400 ) ) ;
#1538 = ORIENTED_EDGE ( 'NONE', *, *, #5100, .T. ) ;
#1539 = DIRECTION ( 'NONE',  ( -0.8949343677499602700, -0.4461978007789582100, 0.0000000000000000000 ) ) ;
#1540 = EDGE_LOOP ( 'NONE', ( #1725, #5645, #2865, #3714, #914, #8025, #6292, #8713, #6291, #8674, #1430, #1724, #3050 ) ) ;
#1541 = VECTOR ( 'NONE', #6773, 1000.000000000000100 ) ;
#1542 = DIRECTION ( 'NONE',  ( -0.0000000000000000000, 1.000000000000000000, -0.0000000000000000000 ) ) ;
#1543 = CARTESIAN_POINT ( 'NONE',  ( -2.424025537428323500E-016, 2.687500001365589000, -3.958734124999999400 ) ) ;
#1544 = VECTOR ( 'NONE', #3753, 1000.000000000000000 ) ;
#1545 = DIRECTION ( 'NONE',  ( 0.0000000000000000000, -1.000000000000000000, 0.0000000000000000000 ) ) ;
#1546 = ORIENTED_EDGE ( 'NONE', *, *, #1449, .T. ) ;
#1547 = DIRECTION ( 'NONE',  ( 0.0000000000000000000, -1.000000000000000000, 0.0000000000000000000 ) ) ;
#1548 = CARTESIAN_POINT ( 'NONE',  ( 14.50000000000000000, -17.42136720504591800, -2.309401076758504700 ) ) ;
#1549 = CARTESIAN_POINT ( 'NONE',  ( -12.50000000000000200, -16.17863279495408300, 1.154700538379255900 ) ) ;
#1550 = CARTESIAN_POINT ( 'NONE',  ( -11.96394259856402800, -14.05000000000000100, -8.192318200501311800 ) ) ;
#1551 = AXIS2_PLACEMENT_3D ( 'NONE', #1888, #3804, #3276 ) ;
#1552 = ORIENTED_EDGE ( 'NONE', *, *, #7446, .T. ) ;
#1553 = ORIENTED_EDGE ( 'NONE', *, *, #1682, .T. ) ;
#1554 = ORIENTED_EDGE ( 'NONE', *, *, #760, .T. ) ;
#1555 = CARTESIAN_POINT ( 'NONE',  ( 7.272076612284971000E-016, 4.187500001365589400, 3.958734124999999400 ) ) ;
#1556 = EDGE_CURVE ( 'NONE', #5260, #4202, #5637, .T. ) ;
#1557 = CARTESIAN_POINT ( 'NONE',  ( -3.958734124999999400, 1.187500001365589200, 0.0000000000000000000 ) ) ;
#1558 = CARTESIAN_POINT ( 'NONE',  ( 14.50000000000000000, -16.00000000000000000, 0.0000000000000000000 ) ) ;
#1559 = AXIS2_PLACEMENT_3D ( 'NONE', #6995, #2936, #7685 ) ;
#1560 = EDGE_CURVE ( 'NONE', #4966, #1126, #7075, .T. ) ;
#1561 = CIRCLE ( 'NONE', #7855, 2.000000000000000000 ) ;
#1562 = VERTEX_POINT ( 'NONE', #4875 ) ;
#1563 = CARTESIAN_POINT ( 'NONE',  ( 12.49999999999999800, -16.17863279495408300, 1.154700538379255900 ) ) ;
#1564 = CARTESIAN_POINT ( 'NONE',  ( 0.0000000000000000000, -14.05000000000000100, 0.0000000000000000000 ) ) ;
#1565 = ORIENTED_EDGE ( 'NONE', *, *, #254, .T. ) ;
#1566 = CARTESIAN_POINT ( 'NONE',  ( 0.0000000000000000000, -5.500000000000000000, 0.0000000000000000000 ) ) ;
#1567 = CARTESIAN_POINT ( 'NONE',  ( -3.958734124999999400, 1.875000001365589000, -1.639761364404187100 ) ) ;
#1568 = VECTOR ( 'NONE', #6384, 1000.000000000000000 ) ;
#1569 = ORIENTED_EDGE ( 'NONE', *, *, #5162, .F. ) ;
#1570 = EDGE_CURVE ( 'NONE', #4893, #2863, #5846, .T. ) ;
#1571 = AXIS2_PLACEMENT_3D ( 'NONE', #6798, #717, #5494 ) ;
#1572 = ORIENTED_EDGE ( 'NONE', *, *, #3655, .T. ) ;
#1573 = FACE_OUTER_BOUND ( 'NONE', #4064, .T. ) ;
#1574 = EDGE_CURVE ( 'NONE', #2449, #8682, #394, .T. ) ;
#1575 = CIRCLE ( 'NONE', #3225, 2.000000000000000900 ) ;
#1576 = ORIENTED_EDGE ( 'NONE', *, *, #7222, .F. ) ;
#1577 = DIRECTION ( 'NONE',  ( 0.5649874621035389000, 0.0000000000000000000, -0.8250994895561396500 ) ) ;
#1578 = DIRECTION ( 'NONE',  ( -0.8949343677499602700, -0.4461978007789582100, 0.0000000000000000000 ) ) ;
#1579 = ORIENTED_EDGE ( 'NONE', *, *, #1874, .T. ) ;
#1580 = ORIENTED_EDGE ( 'NONE', *, *, #3497, .F. ) ;
#1581 = VECTOR ( 'NONE', #1034, 1000.000000000000100 ) ;
#1582 = LINE ( 'NONE', #8639, #6821 ) ;
#1583 = AXIS2_PLACEMENT_3D ( 'NONE', #6723, #1967, #7422 ) ;
#1584 = CARTESIAN_POINT ( 'NONE',  ( 3.958734124999999900, 3.375000001365589000, 1.639761364404186200 ) ) ;
#1585 = VECTOR ( 'NONE', #1859, 1000.000000000000000 ) ;
#1586 = CARTESIAN_POINT ( 'NONE',  ( -2.755455298081544300E-016, 7.249999999999996400, -4.500000000000000000 ) ) ;
#1587 = DIRECTION ( 'NONE',  ( -1.000000000000000000, -0.0000000000000000000, -3.717358813710529100E-015 ) ) ;
#1588 = ORIENTED_EDGE ( 'NONE', *, *, #824, .T. ) ;
#1589 = EDGE_LOOP ( 'NONE', ( #6128, #734, #4991, #2335, #1330, #5467 ) ) ;
#1590 = DIRECTION ( 'NONE',  ( 0.0000000000000000000, 0.0000000000000000000, 1.000000000000000000 ) ) ;
#1591 = CARTESIAN_POINT ( 'NONE',  ( 16.50000000000000000, -16.17863279495408300, 1.154700538379255900 ) ) ;
#1592 = CARTESIAN_POINT ( 'NONE',  ( -15.26434055678858600, -14.05000000000000100, -10.45226804891546900 ) ) ;
#1593 = CARTESIAN_POINT ( 'NONE',  ( -2.799247744702092300, 1.062500001365589200, 2.799247744702093600 ) ) ;
#1594 = VECTOR ( 'NONE', #7424, 1000.000000000000000 ) ;
#1595 = DIRECTION ( 'NONE',  ( 0.0000000000000000000, 0.0000000000000000000, 1.000000000000000000 ) ) ;
#1596 = DIRECTION ( 'NONE',  ( 0.0000000000000000000, 1.000000000000000000, 0.0000000000000000000 ) ) ;
#1597 = PLANE ( 'NONE',  #7428 ) ;
#1598 = DIRECTION ( 'NONE',  ( 0.0000000000000000000, -1.000000000000000000, 0.0000000000000000000 ) ) ;
#1599 = LINE ( 'NONE', #2534, #3016 ) ;
#1600 = EDGE_CURVE ( 'NONE', #8623, #2501, #2022, .T. ) ;
#1601 = EDGE_CURVE ( 'NONE', #8293, #4776, #192, .T. ) ;
#1602 = CARTESIAN_POINT ( 'NONE',  ( 1.863961030678927400, 1.187499999999995800, -4.500000000000000900 ) ) ;
#1603 = AXIS2_PLACEMENT_3D ( 'NONE', #6662, #2600, #7362 ) ;
#1604 = EDGE_CURVE ( 'NONE', #8328, #6667, #3631, .T. ) ;
#1605 = VERTEX_POINT ( 'NONE', #2679 ) ;
#1606 = CARTESIAN_POINT ( 'NONE',  ( 2.799247744702092700, 2.562500001365588500, -2.799247744702093100 ) ) ;
#1607 = FACE_OUTER_BOUND ( 'NONE', #839, .T. ) ;
#1608 = CARTESIAN_POINT ( 'NONE',  ( -4.500000000000000900, 6.437499999999995600, -1.863961030678928000 ) ) ;
#1609 = CARTESIAN_POINT ( 'NONE',  ( 15.50000000000000200, -16.00000000000000000, -1.732050807568875200 ) ) ;
#1610 = DIRECTION ( 'NONE',  ( -0.4320633875534194400, 0.0000000000000000000, -0.9018432397794329300 ) ) ;
#1611 = VECTOR ( 'NONE', #4066, 1000.000000000000000 ) ;
#1612 = CARTESIAN_POINT ( 'NONE',  ( 13.87068965517241500, -5.000000000000000900, 1.898412096962350100 ) ) ;
#1613 = ORIENTED_EDGE ( 'NONE', *, *, #8374, .T. ) ;
#1614 = ORIENTED_EDGE ( 'NONE', *, *, #2220, .F. ) ;
#1615 = CARTESIAN_POINT ( 'NONE',  ( -2.799247744702093100, 7.062500001365589400, -2.799247744702092700 ) ) ;
#1616 = ADVANCED_FACE ( 'NONE', ( #5200 ), #5931, .F. ) ;
#1617 = DIRECTION ( 'NONE',  ( 0.0000000000000000000, 0.0000000000000000000, 1.000000000000000000 ) ) ;
#1618 = ORIENTED_EDGE ( 'NONE', *, *, #7789, .T. ) ;
#1619 = ORIENTED_EDGE ( 'NONE', *, *, #5531, .F. ) ;
#1620 = PLANE ( 'NONE',  #1172 ) ;
#1621 = LINE ( 'NONE', #6771, #3040 ) ;
#1622 = ORIENTED_EDGE ( 'NONE', *, *, #7218, .T. ) ;
#1623 = ORIENTED_EDGE ( 'NONE', *, *, #3260, .F. ) ;
#1624 = CIRCLE ( 'NONE', #788, 18.50000000000000000 ) ;
#1625 = EDGE_CURVE ( 'NONE', #889, #1922, #5431, .T. ) ;
#1626 = DIRECTION ( 'NONE',  ( 0.0000000000000000000, 0.0000000000000000000, 1.000000000000000000 ) ) ;
#1627 = DIRECTION ( 'NONE',  ( -0.0000000000000000000, 1.000000000000000000, -0.0000000000000000000 ) ) ;
#1628 = AXIS2_PLACEMENT_3D ( 'NONE', #1972, #8108, #4031 ) ;
#1629 = CARTESIAN_POINT ( 'NONE',  ( -4.816675528020397200, -14.44999999999999900, -13.67660911402272500 ) ) ;
#1630 = DIRECTION ( 'NONE',  ( 0.4461978007789580400, 0.8949343677499602700, 0.0000000000000000000 ) ) ;
#1631 = ORIENTED_EDGE ( 'NONE', *, *, #5046, .T. ) ;
#1632 = DIRECTION ( 'NONE',  ( -0.8660254037844383700, 0.0000000000000000000, 0.5000000000000004400 ) ) ;
#1633 = CIRCLE ( 'NONE', #5003, 0.3555000000000000400 ) ;
#1634 = ORIENTED_EDGE ( 'NONE', *, *, #8698, .T. ) ;
#1635 = CARTESIAN_POINT ( 'NONE',  ( -1.639761364404187300, 1.750000001365589000, -3.958734124999999400 ) ) ;
#1636 = ORIENTED_EDGE ( 'NONE', *, *, #1508, .T. ) ;
#1637 = B_SPLINE_CURVE_WITH_KNOTS ( 'NONE', 3,
 ( #8141, #3394, #658, #5434, #1349, #6130 ),
 .UNSPECIFIED., .F., .F.,
 ( 4, 2, 4 ),
 ( 0.002060137505873418300, 0.002644210467598551600, 0.003228283429323684900 ),
 .UNSPECIFIED. ) ;
#1638 = CARTESIAN_POINT ( 'NONE',  ( -3.181980515339462900, 5.624999999999996400, 3.181980515339464200 ) ) ;
#1639 = CARTESIAN_POINT ( 'NONE',  ( 16.50000000000000000, -16.17863279495408300, -1.154700538379255900 ) ) ;
#1640 = DIRECTION ( 'NONE',  ( 0.0000000000000000000, -1.000000000000000000, 0.0000000000000000000 ) ) ;
#1641 = B_SPLINE_CURVE_WITH_KNOTS ( 'NONE', 3,
 ( #4280, #3607, #4963, #869 ),
 .UNSPECIFIED., .F., .F.,
 ( 4, 4 ),
 ( 2.380749485054887600E-007, 0.001168606431211103100 ),
 .UNSPECIFIED. ) ;
#1642 = DIRECTION ( 'NONE',  ( 0.0000000000000000000, -1.000000000000000000, 0.0000000000000000000 ) ) ;
#1643 = CARTESIAN_POINT ( 'NONE',  ( 14.15798585900675200, -4.819999999999999400, -0.2400000000000001900 ) ) ;
#1644 = ORIENTED_EDGE ( 'NONE', *, *, #5229, .F. ) ;
#1645 = CARTESIAN_POINT ( 'NONE',  ( -3.958734124999998500, 6.250000001365589400, 1.639761364404189700 ) ) ;
#1646 = DIRECTION ( 'NONE',  ( 0.0000000000000000000, -1.000000000000000000, 0.0000000000000000000 ) ) ;
#1647 = EDGE_LOOP ( 'NONE', ( #2644, #1862, #682, #3001, #168, #6287, #5293, #3771, #1795, #7862, #7027 ) ) ;
#1648 = DIRECTION ( 'NONE',  ( -0.0000000000000000000, 0.0000000000000000000, 1.000000000000000000 ) ) ;
#1649 =( BOUNDED_CURVE ( )  B_SPLINE_CURVE ( 2, ( #7009, #2251, #3633, #8375, #4299, #206, #4983, #900, #5662 ),
 .UNSPECIFIED., .F., .F. ) 
 B_SPLINE_CURVE_WITH_KNOTS ( ( 3, 2, 2, 2, 3 ),
 ( 0.2500000000000000000, 0.2678571428571428500, 0.2857142857142857000, 0.3035714285714285500, 0.3214285714285714500 ),
 .UNSPECIFIED. ) 
 CURVE ( )  GEOMETRIC_REPRESENTATION_ITEM ( )  RATIONAL_B_SPLINE_CURVE ( ( 1.000000000000000000, 0.9238795325112867400, 1.000000000000000000, 0.9238795325112867400, 1.000000000000000000, 0.9238795325112867400, 1.000000000000000000, 0.9238795325112867400, 1.000000000000000000 ) ) 
 REPRESENTATION_ITEM ( '' )  );
#1650 = DIRECTION ( 'NONE',  ( 0.0000000000000000000, 0.0000000000000000000, -1.000000000000000000 ) ) ;
#1651 = ORIENTED_EDGE ( 'NONE', *, *, #4598, .T. ) ;
#1652 = ORIENTED_EDGE ( 'NONE', *, *, #528, .F. ) ;
#1653 = AXIS2_PLACEMENT_3D ( 'NONE', #37, #4831, #724 ) ;
#1654 = EDGE_CURVE ( 'NONE', #5079, #8563, #1575, .T. ) ;
#1655 = CARTESIAN_POINT ( 'NONE',  ( 1.603120191833866800E-015, -14.44999999999999900, -40.84142135623730500 ) ) ;
#1656 = DIRECTION ( 'NONE',  ( 0.0000000000000000000, 0.0000000000000000000, 1.000000000000000000 ) ) ;
#1657 = DIRECTION ( 'NONE',  ( 0.9018432397794329300, 0.0000000000000000000, -0.4320633875534194400 ) ) ;
#1658 = VERTEX_POINT ( 'NONE', #4634 ) ;
#1659 = CARTESIAN_POINT ( 'NONE',  ( 0.0000000000000000000, 7.000000000000000000, 0.0000000000000000000 ) ) ;
#1660 = AXIS2_PLACEMENT_3D ( 'NONE', #1089, #7329, #4657 ) ;
#1661 = DIRECTION ( 'NONE',  ( 0.0000000000000000000, 0.0000000000000000000, 1.000000000000000000 ) ) ;
#1662 = ADVANCED_FACE ( 'NONE', ( #3426 ), #6592, .T. ) ;
#1663 = ORIENTED_EDGE ( 'NONE', *, *, #1738, .T. ) ;
#1664 = VECTOR ( 'NONE', #3133, 1000.000000000000000 ) ;
#1665 = ORIENTED_EDGE ( 'NONE', *, *, #5339, .T. ) ;
#1666 = DIRECTION ( 'NONE',  ( 0.0000000000000000000, 0.0000000000000000000, 1.000000000000000000 ) ) ;
#1667 = CARTESIAN_POINT ( 'NONE',  ( -3.958734124999999400, 0.9375000013655889800, 0.0000000000000000000 ) ) ;
#1668 = EDGE_CURVE ( 'NONE', #7914, #8623, #1374, .T. ) ;
#1669 = EDGE_CURVE ( 'NONE', #2810, #5632, #8401, .T. ) ;
#1670 = ORIENTED_EDGE ( 'NONE', *, *, #5329, .F. ) ;
#1671 = CARTESIAN_POINT ( 'NONE',  ( 1.863961030678930000, 4.812499999999996400, 4.500000000000000000 ) ) ;
#1672 = CARTESIAN_POINT ( 'NONE',  ( 15.50000000000000200, -16.00000000000000000, -1.732050807568875200 ) ) ;
#1673 = CARTESIAN_POINT ( 'NONE',  ( -14.50000000000000200, -17.60000000000000100, 0.0000000000000000000 ) ) ;
#1674 = FACE_OUTER_BOUND ( 'NONE', #2857, .T. ) ;
#1675 = ORIENTED_EDGE ( 'NONE', *, *, #2037, .F. ) ;
#1676 = ORIENTED_EDGE ( 'NONE', *, *, #3856, .F. ) ;
#1677 = CARTESIAN_POINT ( 'NONE',  ( 7.272076612284971000E-016, 5.437500001365589400, 3.958734124999999400 ) ) ;
#1678 = EDGE_LOOP ( 'NONE', ( #4956, #204, #6271, #8718 ) ) ;
#1679 = VECTOR ( 'NONE', #2736, 1000.000000000000000 ) ;
#1680 = CARTESIAN_POINT ( 'NONE',  ( -1.514941932194837900, 6.999999999999999100, -3.657393445408530800 ) ) ;
#1681 = CYLINDRICAL_SURFACE ( 'NONE', #1086, 1.999999999999999600 ) ;
#1682 = EDGE_CURVE ( 'NONE', #299, #7813, #6810, .T. ) ;
#1683 = AXIS2_PLACEMENT_3D ( 'NONE', #972, #5747, #1650 ) ;
#1684 = CARTESIAN_POINT ( 'NONE',  ( -14.74000000000000000, -3.432161446792886900, -0.3836650893874202800 ) ) ;
#1685 = ORIENTED_EDGE ( 'NONE', *, *, #7751, .F. ) ;
#1686 = ORIENTED_EDGE ( 'NONE', *, *, #2004, .F. ) ;
#1687 = AXIS2_PLACEMENT_3D ( 'NONE', #6243, #775, #2161 ) ;
#1688 = VERTEX_POINT ( 'NONE', #6707 ) ;
#1689 = CARTESIAN_POINT ( 'NONE',  ( -14.93686389083190500, -6.382187706324184100, 0.0000000000000000000 ) ) ;
#1690 = CARTESIAN_POINT ( 'NONE',  ( 4.500000000000000000, 5.125000002731182400, -5.510910596163088600E-016 ) ) ;
#1691 = DIRECTION ( 'NONE',  ( 1.000000000000000000, 0.0000000000000000000, 0.0000000000000000000 ) ) ;
#1692 = CARTESIAN_POINT ( 'NONE',  ( 12.49999999999999800, -16.17863279495408300, 1.154700538379255900 ) ) ;
#1693 = EDGE_CURVE ( 'NONE', #6713, #4016, #4999, .T. ) ;
#1694 = DIRECTION ( 'NONE',  ( 0.0000000000000000000, 0.0000000000000000000, 1.000000000000000000 ) ) ;
#1695 = CARTESIAN_POINT ( 'NONE',  ( -1.863961030678928000, 6.312499999999996400, -4.500000000000001800 ) ) ;
#1696 = ORIENTED_EDGE ( 'NONE', *, *, #3230, .T. ) ;
#1697 = DIRECTION ( 'NONE',  ( -0.0000000000000000000, 1.000000000000000000, -0.0000000000000000000 ) ) ;
#1698 = CARTESIAN_POINT ( 'NONE',  ( -14.50000000000000700, -17.42136720504591800, 2.309401076758504700 ) ) ;
#1699 = LINE ( 'NONE', #304, #5119 ) ;
#1700 = B_SPLINE_CURVE_WITH_KNOTS ( 'NONE', 3,
 ( #740, #1427, #6211, #2125 ),
 .UNSPECIFIED., .F., .F.,
 ( 4, 4 ),
 ( 2.380749485074050700E-007, 0.001168606431211099400 ),
 .UNSPECIFIED. ) ;
#1701 = CARTESIAN_POINT ( 'NONE',  ( 4.500000000000000000, 3.999999999999996400, -5.510910596163088600E-016 ) ) ;
#1702 = CARTESIAN_POINT ( 'NONE',  ( -14.74000000000000600, -3.560076670449441300, 0.9701887189893735300 ) ) ;
#1703 = CARTESIAN_POINT ( 'NONE',  ( -4.872006157907522500, -14.44999999999999900, -0.5897000988077660800 ) ) ;
#1704 = CARTESIAN_POINT ( 'NONE',  ( -2.983199033407383500, 1.000000000000000700, -2.615255905469038700 ) ) ;
#1705 = DIRECTION ( 'NONE',  ( 0.0000000000000000000, -1.000000000000000000, 0.0000000000000000000 ) ) ;
#1706 = CONICAL_SURFACE ( 'NONE', #6206, 0.8000000000000056000, 0.7853981633974200800 ) ;
#1707 = CARTESIAN_POINT ( 'NONE',  ( 3.958734124999999900, 4.625000001365588500, 1.639761364404186200 ) ) ;
#1708 = ADVANCED_FACE ( 'NONE', ( #8611 ), #2868, .F. ) ;
#1709 = DIRECTION ( 'NONE',  ( 0.0000000000000000000, -1.000000000000000000, 0.0000000000000000000 ) ) ;
#1710 = LINE ( 'NONE', #1007, #8761 ) ;
#1711 =( BOUNDED_CURVE ( )  B_SPLINE_CURVE ( 3, ( #4783, #5458, #2764, #7511 ),
 .UNSPECIFIED., .F., .F. ) 
 B_SPLINE_CURVE_WITH_KNOTS ( ( 4, 4 ),
 ( 5.965617895249486000, 6.600752719109687300 ),
 .UNSPECIFIED. ) 
 CURVE ( )  GEOMETRIC_REPRESENTATION_ITEM ( )  RATIONAL_B_SPLINE_CURVE ( ( 1.000000000000000000, 0.9666652130990952600, 0.9666652130990952600, 1.000000000000000000 ) ) 
 REPRESENTATION_ITEM ( '' )  );
#1712 = CARTESIAN_POINT ( 'NONE',  ( 14.26000000000000200, -3.400000000000000400, -1.050000000000000900 ) ) ;
#1713 = CIRCLE ( 'NONE', #4628, 3.190987308028661000 ) ;
#1714 = DIRECTION ( 'NONE',  ( -0.0000000000000000000, 1.000000000000000000, -0.0000000000000000000 ) ) ;
#1715 = VERTEX_POINT ( 'NONE', #8144 ) ;
#1716 = CARTESIAN_POINT ( 'NONE',  ( 3.958734124999999400, 6.687500001365588500, -4.848051074856647000E-016 ) ) ;
#1717 = EDGE_CURVE ( 'NONE', #3079, #5720, #3664, .T. ) ;
#1718 = DIRECTION ( 'NONE',  ( -1.557892197183331500E-015, -0.8949343677499602700, 0.4461978007789582100 ) ) ;
#1719 = AXIS2_PLACEMENT_3D ( 'NONE', #1189, #2536, #5956 ) ;
#1720 = EDGE_CURVE ( 'NONE', #2501, #6845, #1146, .T. ) ;
#1721 = LINE ( 'NONE', #8006, #3352 ) ;
#1722 = DIRECTION ( 'NONE',  ( 0.0000000000000000000, -1.000000000000000000, 0.0000000000000000000 ) ) ;
#1723 = CARTESIAN_POINT ( 'NONE',  ( -16.50000000000000000, -17.60000000000000100, -1.154700538379252400 ) ) ;
#1724 = ORIENTED_EDGE ( 'NONE', *, *, #7925, .T. ) ;
#1725 = ORIENTED_EDGE ( 'NONE', *, *, #7056, .T. ) ;
#1726 = CARTESIAN_POINT ( 'NONE',  ( 1.863961030678927400, 3.187499999999996400, -4.500000000000000900 ) ) ;
#1727 = APPROVAL_DATE_TIME ( #3578, #7918 ) ;
#1728 = CARTESIAN_POINT ( 'NONE',  ( 14.33682182486818300, -16.12424006990922000, -2.215190113420277400 ) ) ;
#1729 = CARTESIAN_POINT ( 'NONE',  ( -14.50000000000000000, -4.819999999999999400, 0.3555000000000000400 ) ) ;
#1730 = ORIENTED_EDGE ( 'NONE', *, *, #8080, .T. ) ;
#1731 = B_SPLINE_CURVE_WITH_KNOTS ( 'NONE', 3,
 ( #7799, #3049, #4400, #306, #5087, #999 ),
 .UNSPECIFIED., .F., .F.,
 ( 4, 2, 4 ),
 ( 0.003228283429323682700, 0.003812703409393312400, 0.004397123389462942100 ),
 .UNSPECIFIED. ) ;
#1732 = DIRECTION ( 'NONE',  ( 3.261793248024838500E-015, 0.0000000000000000000, -1.000000000000000000 ) ) ;
#1733 = CIRCLE ( 'NONE', #6113, 0.3555000000000000400 ) ;
#1734 = DIRECTION ( 'NONE',  ( -0.0000000000000000000, -1.000000000000000000, -0.0000000000000000000 ) ) ;
#1735 = EDGE_CURVE ( 'NONE', #8405, #5880, #3193, .T. ) ;
#1736 = CARTESIAN_POINT ( 'NONE',  ( 2.799247744702092700, 3.812500001365589400, -2.799247744702093100 ) ) ;
#1737 = EDGE_LOOP ( 'NONE', ( #181, #8215 ) ) ;
#1738 = EDGE_CURVE ( 'NONE', #5635, #8722, #8200, .T. ) ;
#1739 = LINE ( 'NONE', #7190, #3585 ) ;
#1740 = DIRECTION ( 'NONE',  ( 0.0000000000000000000, 0.0000000000000000000, 1.000000000000000000 ) ) ;
#1741 = CARTESIAN_POINT ( 'NONE',  ( -2.598076211353317300, 17.00000000000000000, 1.499999999999999100 ) ) ;
#1742 = ORIENTED_EDGE ( 'NONE', *, *, #1241, .T. ) ;
#1743 = ORIENTED_EDGE ( 'NONE', *, *, #8460, .T. ) ;
#1744 = VECTOR ( 'NONE', #970, 1000.000000000000000 ) ;
#1745 = ORIENTED_EDGE ( 'NONE', *, *, #8546, .T. ) ;
#1746 = DIRECTION ( 'NONE',  ( 0.0000000000000000000, 0.0000000000000000000, 1.000000000000000000 ) ) ;
#1747 = B_SPLINE_CURVE_WITH_KNOTS ( 'NONE', 3,
 ( #3257, #7326, #8010, #3936 ),
 .UNSPECIFIED., .F., .F.,
 ( 4, 4 ),
 ( 0.004284593634313591800, 0.005063935565612947400 ),
 .UNSPECIFIED. ) ;
#1748 = CIRCLE ( 'NONE', #144, 0.5000000000000000000 ) ;
#1749 = ORIENTED_EDGE ( 'NONE', *, *, #1028, .F. ) ;
#1750 = CARTESIAN_POINT ( 'NONE',  ( -4.500000000000000000, 3.687500002731183700, 1.863961030678930700 ) ) ;
#1751 = CARTESIAN_POINT ( 'NONE',  ( -14.50000000000000000, -5.500000000000000000, 1.999999999999999600 ) ) ;
#1752 = ORIENTED_EDGE ( 'NONE', *, *, #7842, .F. ) ;
#1753 = AXIS2_PLACEMENT_3D ( 'NONE', #7439, #3380, #8123 ) ;
#1754 = CARTESIAN_POINT ( 'NONE',  ( 1.639761364404186800, 5.875000001365589400, -3.958734124999999400 ) ) ;
#1755 = DIRECTION ( 'NONE',  ( -0.0000000000000000000, -1.000000000000000000, -0.0000000000000000000 ) ) ;
#1756 = ADVANCED_FACE ( 'NONE', ( #939 ), #728, .F. ) ;
#1757 = DIRECTION ( 'NONE',  ( -0.0000000000000000000, 0.0000000000000000000, 1.000000000000000000 ) ) ;
#1758 = CARTESIAN_POINT ( 'NONE',  ( 14.73999999999999800, -4.819999999999999400, 0.3420141409932486200 ) ) ;
#1759 = CARTESIAN_POINT ( 'NONE',  ( 14.11633491061257600, -3.432161446792886900, 0.2399999999999993200 ) ) ;
#1760 = CARTESIAN_POINT ( 'NONE',  ( -3.181980515339463800, 2.374999999999996000, -3.181980515339463400 ) ) ;
#1761 = ORIENTED_EDGE ( 'NONE', *, *, #7809, .F. ) ;
#1762 = AXIS2_PLACEMENT_3D ( 'NONE', #2873, #3495, #7555 ) ;
#1763 = CARTESIAN_POINT ( 'NONE',  ( -15.47425792301134500, -3.551915109540153100, -1.193121846959794000E-016 ) ) ;
#1764 = CARTESIAN_POINT ( 'NONE',  ( -2.755455298081544300E-016, 3.249999999999996000, -4.500000000000000000 ) ) ;
#1765 = ORIENTED_EDGE ( 'NONE', *, *, #760, .F. ) ;
#1766 = CARTESIAN_POINT ( 'NONE',  ( -16.33682182486818100, -16.12424006990921700, 1.248911501717479700 ) ) ;
#1767 = ORIENTED_EDGE ( 'NONE', *, *, #3471, .T. ) ;
#1768 = CARTESIAN_POINT ( 'NONE',  ( -1.639761364404187300, 3.000000001365589000, -3.958734124999999400 ) ) ;
#1769 = CARTESIAN_POINT ( 'NONE',  ( 0.0000000000000000000, -1.000000000000000000, 0.0000000000000000000 ) ) ;
#1770 = CIRCLE ( 'NONE', #6043, 3.000000000000000400 ) ;
#1771 = ORIENTED_EDGE ( 'NONE', *, *, #3312, .T. ) ;
#1772 = ADVANCED_FACE ( 'NONE', ( #4575 ), #2989, .T. ) ;
#1773 = ORIENTED_EDGE ( 'NONE', *, *, #593, .T. ) ;
#1774 = CARTESIAN_POINT ( 'NONE',  ( 14.50000000000000000, -17.60000000000000100, -2.309401076758504700 ) ) ;
#1775 = CARTESIAN_POINT ( 'NONE',  ( 14.24169686303664100, -5.147533680213261000, 1.843093538856807000 ) ) ;
#1776 = EDGE_CURVE ( 'NONE', #6081, #3684, #7973, .T. ) ;
#1777 = EDGE_CURVE ( 'NONE', #1147, #8269, #2554, .T. ) ;
#1778 = ORIENTED_EDGE ( 'NONE', *, *, #3748, .F. ) ;
#1779 = CARTESIAN_POINT ( 'NONE',  ( -12.50000000000000200, -17.47558117116885200, 0.9668978507697966200 ) ) ;
#1780 = CARTESIAN_POINT ( 'NONE',  ( -2.799247744702093100, 5.062500001365589400, -2.799247744702092700 ) ) ;
#1781 = AXIS2_PLACEMENT_3D ( 'NONE', #8265, #7586, #7747 ) ;
#1782 = ORIENTED_EDGE ( 'NONE', *, *, #8134, .T. ) ;
#1783 = CONICAL_SURFACE ( 'NONE', #4695, 0.8000000000000020400, 0.7853981633974634900 ) ;
#1784 = DIRECTION ( 'NONE',  ( -0.7592874431768156200, 0.0000000000000000000, -0.6507553907836753900 ) ) ;
#1785 = CARTESIAN_POINT ( 'NONE',  ( 0.0000000000000000000, -16.00000000000000000, 0.0000000000000000000 ) ) ;
#1786 = CARTESIAN_POINT ( 'NONE',  ( -0.01308317492846911900, 1.000000000000007100, 4.296302871158112600 ) ) ;
#1787 = VECTOR ( 'NONE', #4902, 1000.000000000000000 ) ;
#1788 = ORIENTED_EDGE ( 'NONE', *, *, #1979, .F. ) ;
#1789 = EDGE_CURVE ( 'NONE', #7412, #889, #6188, .T. ) ;
#1790 = ORIENTED_EDGE ( 'NONE', *, *, #3168, .T. ) ;
#1791 = DIRECTION ( 'NONE',  ( 0.0000000000000000000, 0.0000000000000000000, 1.000000000000000000 ) ) ;
#1792 = CARTESIAN_POINT ( 'NONE',  ( 13.50000000000000000, -16.00000000000000000, 1.732050807568876500 ) ) ;
#1793 = AXIS2_PLACEMENT_3D ( 'NONE', #3369, #6741, #7433 ) ;
#1794 = PLANE ( 'NONE',  #6148 ) ;
#1795 = ORIENTED_EDGE ( 'NONE', *, *, #3357, .F. ) ;
#1796 = FACE_OUTER_BOUND ( 'NONE', #1110, .T. ) ;
#1797 = DIRECTION ( 'NONE',  ( 1.000000000000000000, 0.0000000000000000000, 0.0000000000000000000 ) ) ;
#1798 = VECTOR ( 'NONE', #8740, 1000.000000000000000 ) ;
#1799 = CARTESIAN_POINT ( 'NONE',  ( 4.500000000000000000, 6.125000002731183300, -5.510910596163088600E-016 ) ) ;
#1800 = FACE_OUTER_BOUND ( 'NONE', #4768, .T. ) ;
#1801 = CARTESIAN_POINT ( 'NONE',  ( -3.958734124999999400, 2.187500001365589400, 0.0000000000000000000 ) ) ;
#1802 = DIRECTION ( 'NONE',  ( 0.0000000000000000000, 0.0000000000000000000, 1.000000000000000000 ) ) ;
#1803 = ADVANCED_FACE ( 'NONE', ( #5952 ), #504, .T. ) ;
#1804 = DIRECTION ( 'NONE',  ( -0.0000000000000000000, 1.000000000000000000, -0.0000000000000000000 ) ) ;
#1805 = ORIENTED_EDGE ( 'NONE', *, *, #4033, .T. ) ;
#1806 = CONICAL_SURFACE ( 'NONE', #5971, 2.000000000000000000, 1.047197551196596300 ) ;
#1807 = EDGE_CURVE ( 'NONE', #7180, #5615, #2330, .T. ) ;
#1808 = AXIS2_PLACEMENT_3D ( 'NONE', #5145, #1062, #5830 ) ;
#1809 = DIRECTION ( 'NONE',  ( 0.0000000000000000000, 1.000000000000000000, 0.0000000000000000000 ) ) ;
#1810 = CARTESIAN_POINT ( 'NONE',  ( -13.67660911402274800, -14.44999999999999900, 4.816675528020341300 ) ) ;
#1811 = DIRECTION ( 'NONE',  ( 0.0000000000000000000, 0.0000000000000000000, -1.000000000000000000 ) ) ;
#1812 = CC_DESIGN_APPROVAL ( #1365, ( #904 ) ) ;
#1813 = CARTESIAN_POINT ( 'NONE',  ( -15.50000000000000400, -17.60000000000000100, -1.732050807568875200 ) ) ;
#1814 = CARTESIAN_POINT ( 'NONE',  ( 6.123233995736766300E-016, 0.1009999999999999600, 5.000000000000000000 ) ) ;
#1815 = CARTESIAN_POINT ( 'NONE',  ( -3.958734124999998500, 4.250000001365589400, 1.639761364404189700 ) ) ;
#1816 = CIRCLE ( 'NONE', #2207, 14.50000000000000000 ) ;
#1817 = EDGE_CURVE ( 'NONE', #5060, #1103, #4157, .T. ) ;
#1818 = DIRECTION ( 'NONE',  ( -0.7592874431768184000, 0.0000000000000000000, -0.6507553907836720600 ) ) ;
#1819 = CARTESIAN_POINT ( 'NONE',  ( 0.0000000000000000000, 7.000000000000000000, 0.0000000000000000000 ) ) ;
#1820 = CARTESIAN_POINT ( 'NONE',  ( -14.50000000000000200, -17.60000000000000100, 0.0000000000000000000 ) ) ;
#1821 = ADVANCED_FACE ( 'NONE', ( #4353 ), #2496, .T. ) ;
#1822 = DIRECTION ( 'NONE',  ( 0.0000000000000000000, 0.0000000000000000000, 1.000000000000000000 ) ) ;
#1823 = DIRECTION ( 'NONE',  ( 0.0000000000000000000, 0.0000000000000000000, -1.000000000000000000 ) ) ;
#1824 = LINE ( 'NONE', #7975, #6619 ) ;
#1825 = DIRECTION ( 'NONE',  ( 0.0000000000000000000, 0.0000000000000000000, 1.000000000000000000 ) ) ;
#1826 = CARTESIAN_POINT ( 'NONE',  ( 1.863961030678927400, 5.312500002731183300, -4.500000000000000900 ) ) ;
#1827 = VERTEX_POINT ( 'NONE', #5301 ) ;
#1828 = CARTESIAN_POINT ( 'NONE',  ( -1.639761364404188200, 1.375000001365589400, 3.958734124999998500 ) ) ;
#1829 = CONICAL_SURFACE ( 'NONE', #5506, 2.000000000000000000, 1.047197551196595900 ) ;
#1830 = CARTESIAN_POINT ( 'NONE',  ( -14.74000000000000000, -3.432161446792886900, -0.3836650893874202800 ) ) ;
#1831 = CIRCLE ( 'NONE', #208, 5.599999999999999600 ) ;
#1832 = CARTESIAN_POINT ( 'NONE',  ( -0.8751772653152837300, 1.000000000000000400, -3.926403070156745800 ) ) ;
#1833 = AXIS2_PLACEMENT_3D ( 'NONE', #6898, #2847, #7591 ) ;
#1834 = EDGE_LOOP ( 'NONE', ( #7499, #7205, #2636 ) ) ;
#1835 = DIRECTION ( 'NONE',  ( 0.0000000000000000000, 0.0000000000000000000, 1.000000000000000000 ) ) ;
#1836 = VERTEX_POINT ( 'NONE', #5222 ) ;
#1837 = CARTESIAN_POINT ( 'NONE',  ( -14.36206896551724600, -5.416047297910509400, -1.995238088481303700 ) ) ;
#1838 = PLANE ( 'NONE',  #823 ) ;
#1839 = AXIS2_PLACEMENT_3D ( 'NONE', #4824, #7990, #4600 ) ;
#1840 = DIRECTION ( 'NONE',  ( 0.0000000000000000000, 1.000000000000000000, 0.0000000000000000000 ) ) ;
#1841 = CIRCLE ( 'NONE', #8657, 1.500000000000001300 ) ;
#1842 = DIRECTION ( 'NONE',  ( -1.000000000000000000, 0.0000000000000000000, -1.224646799147353500E-016 ) ) ;
#1843 = CARTESIAN_POINT ( 'NONE',  ( 3.336628245824110100, 6.880955428118523900, -2.430830704711631500 ) ) ;
#1844 = CARTESIAN_POINT ( 'NONE',  ( 7.272076612284971000E-016, 3.437500001365589400, 3.958734124999999400 ) ) ;
#1845 = EDGE_LOOP ( 'NONE', ( #5011, #2239, #8796, #7296, #4301, #5170 ) ) ;
#1846 = EDGE_CURVE ( 'NONE', #2735, #505, #2131, .T. ) ;
#1847 = EDGE_CURVE ( 'NONE', #7438, #7297, #7560, .T. ) ;
#1848 = ORIENTED_EDGE ( 'NONE', *, *, #2905, .F. ) ;
#1849 = CARTESIAN_POINT ( 'NONE',  ( 20.18017091227443400, -14.44999999999999900, 17.29563043101750000 ) ) ;
#1850 = CIRCLE ( 'NONE', #3995, 3.190987308028661000 ) ;
#1851 = ADVANCED_FACE ( 'NONE', ( #3729 ), #7935, .T. ) ;
#1852 = DIRECTION ( 'NONE',  ( 0.0000000000000000000, -1.000000000000000000, 0.0000000000000000000 ) ) ;
#1853 = ORIENTED_EDGE ( 'NONE', *, *, #6387, .F. ) ;
#1854 = ORIENTED_EDGE ( 'NONE', *, *, #882, .F. ) ;
#1855 = VECTOR ( 'NONE', #4274, 1000.000000000000000 ) ;
#1856 = CARTESIAN_POINT ( 'NONE',  ( 14.36206896551724600, -5.416047297910510300, -1.995238088481303700 ) ) ;
#1857 = ORIENTED_EDGE ( 'NONE', *, *, #2047, .F. ) ;
#1858 = CARTESIAN_POINT ( 'NONE',  ( -16.17228221899368300, -17.52066220018764000, 1.343908487461473500 ) ) ;
#1859 = DIRECTION ( 'NONE',  ( -0.0000000000000000000, 1.000000000000000000, -0.0000000000000000000 ) ) ;
#1860 = CIRCLE ( 'NONE', #3652, 1.500000000000001300 ) ;
#1861 = CARTESIAN_POINT ( 'NONE',  ( -3.181980515339463800, 4.500000002731183300, -3.181980515339463400 ) ) ;
#1862 = ORIENTED_EDGE ( 'NONE', *, *, #4419, .T. ) ;
#1863 = EDGE_CURVE ( 'NONE', #7934, #5444, #284, .T. ) ;
#1864 = AXIS2_PLACEMENT_3D ( 'NONE', #6103, #1320, #2012 ) ;
#1865 = CARTESIAN_POINT ( 'NONE',  ( -2.799247744702093100, 4.812500001365589400, -2.799247744702092700 ) ) ;
#1866 = CARTESIAN_POINT ( 'NONE',  ( 3.029497244305235700, 0.9999999999999991100, -3.046636057352778400 ) ) ;
#1867 = AXIS2_PLACEMENT_3D ( 'NONE', #1160, #5926, #1842 ) ;
#1868 = ADVANCED_FACE ( 'NONE', ( #90 ), #8721, .F. ) ;
#1869 = ORIENTED_EDGE ( 'NONE', *, *, #7155, .F. ) ;
#1870 = CARTESIAN_POINT ( 'NONE',  ( 15.50000000000000200, -17.60000000000000100, 1.732050807568878700 ) ) ;
#1871 = DIRECTION ( 'NONE',  ( 0.0000000000000000000, 0.0000000000000000000, 1.000000000000000000 ) ) ;
#1872 = VERTEX_POINT ( 'NONE', #3524 ) ;
#1873 = DIRECTION ( 'NONE',  ( -0.0000000000000000000, -1.000000000000000000, -0.0000000000000000000 ) ) ;
#1874 = EDGE_CURVE ( 'NONE', #6804, #889, #2981, .T. ) ;
#1875 = DIRECTION ( 'NONE',  ( 0.0000000000000000000, 0.0000000000000000000, 1.000000000000000000 ) ) ;
#1876 = ORIENTED_EDGE ( 'NONE', *, *, #2505, .T. ) ;
#1877 = CARTESIAN_POINT ( 'NONE',  ( 2.754896561283625800, 6.729432966082982600, 3.274738191491504100 ) ) ;
#1878 = CARTESIAN_POINT ( 'NONE',  ( 3.958734125000000300, 2.625000001365589900, 1.639761364404186200 ) ) ;
#1879 = ORIENTED_EDGE ( 'NONE', *, *, #3231, .T. ) ;
#1880 = DIRECTION ( 'NONE',  ( 0.0000000000000000000, 0.0000000000000000000, -1.000000000000000000 ) ) ;
#1881 = CARTESIAN_POINT ( 'NONE',  ( -16.50000000000000000, -17.60000000000000100, 0.0000000000000000000 ) ) ;
#1882 = CARTESIAN_POINT ( 'NONE',  ( -0.6622368402441899400, -0.01214892910489618300, 10.64022963683612500 ) ) ;
#1883 = CIRCLE ( 'NONE', #2049, 3.190987308028661000 ) ;
#1884 = ORIENTED_EDGE ( 'NONE', *, *, #871, .T. ) ;
#1885 = DIRECTION ( 'NONE',  ( -0.0000000000000000000, 1.000000000000000000, -0.0000000000000000000 ) ) ;
#1886 = CARTESIAN_POINT ( 'NONE',  ( -14.74000000000000000, -4.819999999999999400, -0.3420141409932481700 ) ) ;
#1887 = ORIENTED_EDGE ( 'NONE', *, *, #156, .F. ) ;
#1888 = CARTESIAN_POINT ( 'NONE',  ( 14.50000000000000000, -17.60000000000000100, 0.0000000000000000000 ) ) ;
#1889 =( BOUNDED_CURVE ( )  B_SPLINE_CURVE ( 3, ( #8797, #8112, #8083, #4729 ),
 .UNSPECIFIED., .F., .F. ) 
 B_SPLINE_CURVE_WITH_KNOTS ( ( 4, 4 ),
 ( 5.965617895249478100, 6.283185307179586200 ),
 .UNSPECIFIED. ) 
 CURVE ( )  GEOMETRIC_REPRESENTATION_ITEM ( )  RATIONAL_B_SPLINE_CURVE ( ( 1.000000000000000000, 0.9916135539163377600, 0.9916135539163377600, 1.000000000000000000 ) ) 
 REPRESENTATION_ITEM ( '' )  );
#1890 = ORIENTED_EDGE ( 'NONE', *, *, #203, .F. ) ;
#1891 = CARTESIAN_POINT ( 'NONE',  ( -4.500000000000000000, 3.687500002731183700, 1.863961030678930700 ) ) ;
#1892 = CONICAL_SURFACE ( 'NONE', #3922, 2.000000000000000000, 1.047197551196596300 ) ;
#1893 = ORIENTED_EDGE ( 'NONE', *, *, #254, .F. ) ;
#1894 = CARTESIAN_POINT ( 'NONE',  ( -2.755455298081544300E-016, 4.249999999999995600, -4.500000000000000000 ) ) ;
#1895 = CARTESIAN_POINT ( 'NONE',  ( -3.958734124999998500, 4.000000001365589400, 1.639761364404189700 ) ) ;
#1896 = ORIENTED_EDGE ( 'NONE', *, *, #6295, .F. ) ;
#1897 = AXIS2_PLACEMENT_3D ( 'NONE', #3969, #8838, #638 ) ;
#1898 = CARTESIAN_POINT ( 'NONE',  ( -1.639761364404187300, 6.750000001365589400, -3.958734124999999400 ) ) ;
#1899 = ADVANCED_FACE ( 'NONE', ( #1674 ), #3932, .T. ) ;
#1900 = CARTESIAN_POINT ( 'NONE',  ( 0.0000000000000000000, 7.000000000000000000, 0.0000000000000000000 ) ) ;
#1901 = LINE ( 'NONE', #4415, #4898 ) ;
#1902 = ORIENTED_EDGE ( 'NONE', *, *, #7241, .F. ) ;
#1903 = DIRECTION ( 'NONE',  ( 0.0000000000000000000, 1.000000000000000000, 0.0000000000000000000 ) ) ;
#1904 = DIRECTION ( 'NONE',  ( -1.000000000000000000, 0.0000000000000000000, 0.0000000000000000000 ) ) ;
#1905 = DIRECTION ( 'NONE',  ( 0.0000000000000000000, 0.0000000000000000000, 1.000000000000000000 ) ) ;
#1906 = ORIENTED_EDGE ( 'NONE', *, *, #3067, .F. ) ;
#1907 = EDGE_CURVE ( 'NONE', #1025, #4637, #7125, .T. ) ;
#1908 = ORIENTED_EDGE ( 'NONE', *, *, #931, .F. ) ;
#1909 = CONICAL_SURFACE ( 'NONE', #1197, 2.499999999999995100, 0.7853981633974496100 ) ;
#1910 = AXIS2_PLACEMENT_3D ( 'NONE', #3537, #6936, #2883 ) ;
#1911 = CARTESIAN_POINT ( 'NONE',  ( 14.49999999999999800, -6.600000000000001400, 0.0000000000000000000 ) ) ;
#1912 = EDGE_CURVE ( 'NONE', #7875, #2336, #5314, .T. ) ;
#1913 = CARTESIAN_POINT ( 'NONE',  ( 3.125080247101484200, -14.05000000000000100, -40.60088159039303700 ) ) ;
#1914 = PLANE ( 'NONE',  #1897 ) ;
#1915 = CARTESIAN_POINT ( 'NONE',  ( 2.799247744702092700, 1.812500001365589000, -2.799247744702093100 ) ) ;
#1916 = CONICAL_SURFACE ( 'NONE', #7671, 2.000000000000000000, 1.047197551196595900 ) ;
#1917 = ORIENTED_EDGE ( 'NONE', *, *, #490, .F. ) ;
#1918 = CARTESIAN_POINT ( 'NONE',  ( -1.863961030678929200, 2.812500002731183300, 4.500000000000000000 ) ) ;
#1919 = ORIENTED_EDGE ( 'NONE', *, *, #5175, .F. ) ;
#1920 = DIRECTION ( 'NONE',  ( 0.0000000000000000000, 0.0000000000000000000, -1.000000000000000000 ) ) ;
#1921 = CARTESIAN_POINT ( 'NONE',  ( -1.287522214660214800, -0.3015412264600335600, 11.14688899422841200 ) ) ;
#1922 = VERTEX_POINT ( 'NONE', #5903 ) ;
#1923 = ADVANCED_FACE ( 'NONE', ( #3526 ), #2816, .T. ) ;
#1924 = DIRECTION ( 'NONE',  ( 3.124648454283931100E-015, -0.4461978007789582100, -0.8949343677499602700 ) ) ;
#1925 = DIRECTION ( 'NONE',  ( 0.0000000000000000000, -1.000000000000000000, 0.0000000000000000000 ) ) ;
#1926 = CARTESIAN_POINT ( 'NONE',  ( -1.603120191833866800E-015, -14.05000000000000100, 40.84142135623730500 ) ) ;
#1927 = AXIS2_PLACEMENT_3D ( 'NONE', #8162, #4085, #8847 ) ;
#1928 = DIRECTION ( 'NONE',  ( 0.9970508496569593400, -0.0000000000000000000, 0.07674375022329540900 ) ) ;
#1929 = CARTESIAN_POINT ( 'NONE',  ( 8.266365894244633300E-016, 2.875000002731183300, 4.500000000000000000 ) ) ;
#1930 = VERTEX_POINT ( 'NONE', #3304 ) ;
#1931 = CONICAL_SURFACE ( 'NONE', #3422, 2.000000000000000000, 1.047197551196596300 ) ;
#1932 = CARTESIAN_POINT ( 'NONE',  ( 7.272076612284971000E-016, 3.187500001365589400, 3.958734124999999400 ) ) ;
#1933 = AXIS2_PLACEMENT_3D ( 'NONE', #7880, #3807, #8561 ) ;
#1934 = CIRCLE ( 'NONE', #7569, 2.000000000000000000 ) ;
#1935 = PLANE ( 'NONE',  #5641 ) ;
#1936 = CARTESIAN_POINT ( 'NONE',  ( 0.0000000000000000000, -14.05000000000000100, 0.0000000000000000000 ) ) ;
#1937 = DIRECTION ( 'NONE',  ( 0.0000000000000000000, 0.0000000000000000000, 1.000000000000000000 ) ) ;
#1938 = DIRECTION ( 'NONE',  ( 0.0000000000000000000, -0.0000000000000000000, 1.000000000000000000 ) ) ;
#1939 = CARTESIAN_POINT ( 'NONE',  ( -2.242442736755364800, 1.032486442269078300, -3.356052752648821500 ) ) ;
#1940 = LINE ( 'NONE', #3743, #125 ) ;
#1941 = AXIS2_PLACEMENT_3D ( 'NONE', #977, #5068, #8457 ) ;
#1942 = ADVANCED_FACE ( 'NONE', ( #8498 ), #8640, .F. ) ;
#1943 = DIRECTION ( 'NONE',  ( 0.0000000000000000000, -1.000000000000000000, 0.0000000000000000000 ) ) ;
#1944 = DIRECTION ( 'NONE',  ( -0.0000000000000000000, 1.000000000000000000, -0.0000000000000000000 ) ) ;
#1945 = FACE_OUTER_BOUND ( 'NONE', #608, .T. ) ;
#1946 = CARTESIAN_POINT ( 'NONE',  ( 3.181980515339463400, 2.250000002731182800, -3.181980515339463800 ) ) ;
#1947 = CARTESIAN_POINT ( 'NONE',  ( 4.500000000000001800, 3.062500002731182400, 1.863961030678926700 ) ) ;
#1948 = VERTEX_POINT ( 'NONE', #1414 ) ;
#1949 = VERTEX_POINT ( 'NONE', #6397 ) ;
#1950 = CARTESIAN_POINT ( 'NONE',  ( 0.0000000000000000000, -14.44999999999999900, 0.0000000000000000000 ) ) ;
#1951 = CARTESIAN_POINT ( 'NONE',  ( -1.443137078762504200, -5.000000000000000000, 11.40909090909090800 ) ) ;
#1952 = VECTOR ( 'NONE', #1142, 1000.000000000000000 ) ;
#1953 = CARTESIAN_POINT ( 'NONE',  ( 4.500000000000000900, 2.062500002731183300, 1.863961030678926700 ) ) ;
#1954 = VERTEX_POINT ( 'NONE', #5018 ) ;
#1955 = CARTESIAN_POINT ( 'NONE',  ( 1.257699850923436000E-015, -5.000000000000000000, -32.04142135623730800 ) ) ;
#1956 = CARTESIAN_POINT ( 'NONE',  ( 0.0000000000000000000, 17.00000000000000000, -2.499999999999995100 ) ) ;
#1957 = ORIENTED_EDGE ( 'NONE', *, *, #3744, .T. ) ;
#1958 = CARTESIAN_POINT ( 'NONE',  ( 3.958734125000000300, 2.375000001365589900, 1.639761364404186200 ) ) ;
#1959 = APPROVAL_PERSON_ORGANIZATION ( #3775, #7918, #4243 ) ;
#1960 = DIRECTION ( 'NONE',  ( -0.0000000000000000000, 1.000000000000000000, -0.0000000000000000000 ) ) ;
#1961 = ORIENTED_EDGE ( 'NONE', *, *, #1294, .F. ) ;
#1962 = ADVANCED_FACE ( 'NONE', ( #3305 ), #3120, .T. ) ;
#1963 = AXIS2_PLACEMENT_3D ( 'NONE', #4440, #8760, #4693 ) ;
#1964 = EDGE_CURVE ( 'NONE', #5260, #4403, #1901, .T. ) ;
#1965 = CONICAL_SURFACE ( 'NONE', #2445, 1.999999999999998200, 1.047197551196596300 ) ;
#1967 = DIRECTION ( 'NONE',  ( -0.0000000000000000000, -1.000000000000000000, -0.0000000000000000000 ) ) ;
#1966 = DIRECTION ( 'NONE',  ( 0.0000000000000000000, 0.0000000000000000000, 1.000000000000000000 ) ) ;
#1968 = DIRECTION ( 'NONE',  ( -1.000000000000000000, -0.0000000000000000000, -0.0000000000000000000 ) ) ;
#1969 = DIRECTION ( 'NONE',  ( 0.0000000000000000000, -0.0000000000000000000, 1.000000000000000000 ) ) ;
#1970 = AXIS2_PLACEMENT_3D ( 'NONE', #8519, #7226, #7135 ) ;
#1971 = EDGE_LOOP ( 'NONE', ( #7291, #105, #6189, #1685, #6017 ) ) ;
#1972 = CARTESIAN_POINT ( 'NONE',  ( -1.603120191833866800E-015, -14.05000000000000100, 40.84142135623730500 ) ) ;
#1973 = LINE ( 'NONE', #340, #5385 ) ;
#1974 = VERTEX_POINT ( 'NONE', #6504 ) ;
#1975 = CARTESIAN_POINT ( 'NONE',  ( 0.0000000000000000000, -14.44999999999999900, 0.0000000000000000000 ) ) ;
#1976 = ORIENTED_EDGE ( 'NONE', *, *, #4048, .F. ) ;
#1977 = CIRCLE ( 'NONE', #481, 2.000000000000000000 ) ;
#1978 = EDGE_CURVE ( 'NONE', #4791, #4525, #5093, .T. ) ;
#1979 = EDGE_CURVE ( 'NONE', #1605, #8467, #1470, .T. ) ;
#1980 = DIRECTION ( 'NONE',  ( -0.0000000000000000000, 1.000000000000000000, -0.0000000000000000000 ) ) ;
#1981 = DIRECTION ( 'NONE',  ( -0.0000000000000000000, -1.000000000000000000, -0.0000000000000000000 ) ) ;
#1982 = CIRCLE ( 'NONE', #8085, 0.3555000000000000400 ) ;
#1983 = CARTESIAN_POINT ( 'NONE',  ( 0.0000000000000000000, 7.000000000000000000, 0.0000000000000000000 ) ) ;
#1984 = DIRECTION ( 'NONE',  ( 0.0000000000000000000, 0.0000000000000000000, -1.000000000000000000 ) ) ;
#1985 = ORIENTED_EDGE ( 'NONE', *, *, #3231, .F. ) ;
#1986 = VERTEX_POINT ( 'NONE', #7996 ) ;
#1987 = CARTESIAN_POINT ( 'NONE',  ( 14.49999999999999800, -4.819999999999999400, 0.3555000000000000400 ) ) ;
#1988 = DIRECTION ( 'NONE',  ( -0.0000000000000000000, 1.000000000000000000, -0.0000000000000000000 ) ) ;
#1989 = CARTESIAN_POINT ( 'NONE',  ( 3.181980515339463400, 1.250000002731182600, -3.181980515339463800 ) ) ;
#1990 = EDGE_CURVE ( 'NONE', #2153, #3720, #3085, .T. ) ;
#1991 = CARTESIAN_POINT ( 'NONE',  ( 8.266365894244633300E-016, 5.875000002731183300, 4.500000000000000000 ) ) ;
#1992 = CARTESIAN_POINT ( 'NONE',  ( -14.15798585900675200, -4.819999999999999400, -0.2399999999999997700 ) ) ;
#1993 = AXIS2_PLACEMENT_3D ( 'NONE', #8009, #7325, #5264 ) ;
#1994 = CARTESIAN_POINT ( 'NONE',  ( 2.799247744702092700, 1.562500001365588800, -2.799247744702093100 ) ) ;
#1995 = VERTEX_POINT ( 'NONE', #7163 ) ;
#1996 = ADVANCED_FACE ( 'NONE', ( #4681 ), #6288, .F. ) ;
#1997 = AXIS2_PLACEMENT_3D ( 'NONE', #1351, #2, #4794 ) ;
#1998 = VERTEX_POINT ( 'NONE', #380 ) ;
#2000 = DIRECTION ( 'NONE',  ( -1.000000000000000000, 0.0000000000000000000, 8.881784197001258200E-016 ) ) ;
#1999 = CARTESIAN_POINT ( 'NONE',  ( 14.59698751136435400, -4.819999999999999400, -0.3420141409932477300 ) ) ;
#2001 = CARTESIAN_POINT ( 'NONE',  ( 8.266365894244633300E-016, 4.875000002731183300, 4.500000000000000000 ) ) ;
#2002 = CARTESIAN_POINT ( 'NONE',  ( -14.26000000000000200, -4.819999999999999400, 0.3420141409932490600 ) ) ;
#2003 = CARTESIAN_POINT ( 'NONE',  ( -16.50000000000000000, -16.12473465330811700, -0.9679918988505316100 ) ) ;
#2004 = EDGE_CURVE ( 'NONE', #4369, #387, #8087, .T. ) ;
#2005 = CYLINDRICAL_SURFACE ( 'NONE', #2866, 5.000000000000000000 ) ;
#2006 = ORIENTED_EDGE ( 'NONE', *, *, #8250, .T. ) ;
#2007 = DIRECTION ( 'NONE',  ( 0.4320633875534157800, -0.0000000000000000000, 0.9018432397794347000 ) ) ;
#2008 = ORIENTED_EDGE ( 'NONE', *, *, #583, .F. ) ;
#2009 = CARTESIAN_POINT ( 'NONE',  ( 14.50000000000000000, -16.00000000000000000, 1.999999999999999600 ) ) ;
#2010 = CARTESIAN_POINT ( 'NONE',  ( 18.01865935660687500, -14.44999999999999900, 4.192602412650588300 ) ) ;
#2011 = CARTESIAN_POINT ( 'NONE',  ( -8.192318200501365100, -14.05000000000000100, 11.96394259856399200 ) ) ;
#2012 = DIRECTION ( 'NONE',  ( 0.0000000000000000000, 0.0000000000000000000, -1.000000000000000000 ) ) ;
#2013 = ADVANCED_FACE ( 'NONE', ( #8295 ), #8116, .F. ) ;
#2014 = CARTESIAN_POINT ( 'NONE',  ( -1.639761364404188200, 6.125000001365589400, 3.958734124999998500 ) ) ;
#2015 = ORIENTED_EDGE ( 'NONE', *, *, #5772, .F. ) ;
#2016 = ORIENTED_EDGE ( 'NONE', *, *, #16, .T. ) ;
#2017 = CARTESIAN_POINT ( 'NONE',  ( 0.0000000000000000000, -5.000000000000000000, 13.70000000000000100 ) ) ;
#2018 = DIRECTION ( 'NONE',  ( 0.0000000000000000000, 1.000000000000000000, 0.0000000000000000000 ) ) ;
#2019 = ORIENTED_EDGE ( 'NONE', *, *, #1294, .T. ) ;
#2020 = FACE_OUTER_BOUND ( 'NONE', #4414, .T. ) ;
#2021 = CARTESIAN_POINT ( 'NONE',  ( -1.863961030678928300, 0.4375000027311828900, -4.500000000000000900 ) ) ;
#2022 = CIRCLE ( 'NONE', #2304, 0.3555000000000000400 ) ;
#2023 = CARTESIAN_POINT ( 'NONE',  ( -4.204246818064890000, 6.795753181935105600, 0.0000000000000000000 ) ) ;
#2024 = ORIENTED_EDGE ( 'NONE', *, *, #4406, .F. ) ;
#2025 = CARTESIAN_POINT ( 'NONE',  ( -3.901062465389997700, 6.999999999999999100, -0.7769592330193038100 ) ) ;
#2026 = AXIS2_PLACEMENT_3D ( 'NONE', #188, #878, #5651 ) ;
#2027 = ORIENTED_EDGE ( 'NONE', *, *, #8534, .T. ) ;
#2028 = ORIENTED_EDGE ( 'NONE', *, *, #7068, .T. ) ;
#2029 = CARTESIAN_POINT ( 'NONE',  ( 0.0000000000000000000, -5.000000000000000000, 12.10000000000000000 ) ) ;
#2030 = ORIENTED_EDGE ( 'NONE', *, *, #2687, .T. ) ;
#2031 = CIRCLE ( 'NONE', #3738, 3.199999999999999700 ) ;
#2033 = CARTESIAN_POINT ( 'NONE',  ( -4.500000000000000000, 2.499999999999996000, 0.0000000000000000000 ) ) ;
#2032 = DIRECTION ( 'NONE',  ( 1.000000000000000000, 0.0000000000000000000, 3.491483361109382100E-015 ) ) ;
#2034 = EDGE_CURVE ( 'NONE', #3970, #8046, #2890, .T. ) ;
#2035 = CARTESIAN_POINT ( 'NONE',  ( -14.50000000000000000, -4.190020746977267200, -2.000000000000000000 ) ) ;
#2036 = AXIS2_PLACEMENT_3D ( 'NONE', #4290, #191, #4973 ) ;
#2037 = EDGE_CURVE ( 'NONE', #2509, #153, #6689, .T. ) ;
#2038 = ORIENTED_EDGE ( 'NONE', *, *, #5472, .F. ) ;
#2039 = CARTESIAN_POINT ( 'NONE',  ( -3.181980457743647200, 6.500000000000010700, -3.181980572935279900 ) ) ;
#2040 = DIRECTION ( 'NONE',  ( -0.0000000000000000000, 1.000000000000000000, -0.0000000000000000000 ) ) ;
#2041 = CARTESIAN_POINT ( 'NONE',  ( -14.15798585900675200, -4.819999999999999400, -0.2399999999999997700 ) ) ;
#2042 = FACE_OUTER_BOUND ( 'NONE', #8593, .T. ) ;
#2043 = ADVANCED_FACE ( 'NONE', ( #4457 ), #2434, .T. ) ;
#2044 = CARTESIAN_POINT ( 'NONE',  ( 14.74000000000000000, -4.819999999999999400, -0.3420141409932469000 ) ) ;
#2045 = CARTESIAN_POINT ( 'NONE',  ( 2.799247744702093600, 5.312500001365589400, 2.799247744702092700 ) ) ;
#2046 = FACE_OUTER_BOUND ( 'NONE', #5847, .T. ) ;
#2047 = EDGE_CURVE ( 'NONE', #3805, #4751, #2664, .T. ) ;
#2048 = CARTESIAN_POINT ( 'NONE',  ( 14.50000000000000000, -16.00000000000000000, 0.0000000000000000000 ) ) ;
#2049 = AXIS2_PLACEMENT_3D ( 'NONE', #5526, #1434, #6216 ) ;
#2050 = CARTESIAN_POINT ( 'NONE',  ( -14.50000000000000000, -3.432161446792886900, 0.0000000000000000000 ) ) ;
#2051 = EDGE_CURVE ( 'NONE', #7541, #4959, #833, .T. ) ;
#2052 = CARTESIAN_POINT ( 'NONE',  ( 3.958734124999999400, 6.500000001365589400, -1.639761364404187500 ) ) ;
#2053 = CARTESIAN_POINT ( 'NONE',  ( 0.0000000000000000000, 17.00000000000000000, 0.0000000000000000000 ) ) ;
#2054 = DIRECTION ( 'NONE',  ( 0.0000000000000000000, -0.0000000000000000000, -1.000000000000000000 ) ) ;
#2055 = LINE ( 'NONE', #2245, #5665 ) ;
#2056 = CARTESIAN_POINT ( 'NONE',  ( 3.958734124999999400, 6.750000001365589400, -1.639761364404187500 ) ) ;
#2057 = ADVANCED_FACE ( 'NONE', ( #4252 ), #5831, .T. ) ;
#2059 = CARTESIAN_POINT ( 'NONE',  ( -14.50000000000000000, -4.819999999999999400, 0.0000000000000000000 ) ) ;
#2058 = CARTESIAN_POINT ( 'NONE',  ( 14.49999999999999800, -17.81836573537652800, 0.0000000000000000000 ) ) ;
#2060 = ORIENTED_EDGE ( 'NONE', *, *, #2310, .F. ) ;
#2061 = AXIS2_PLACEMENT_3D ( 'NONE', #2059, #6823, #2761 ) ;
#2062 = CARTESIAN_POINT ( 'NONE',  ( -4.493793673993209800, 6.506206326006784800, 0.2919574351790015200 ) ) ;
#2064 = DIRECTION ( 'NONE',  ( 0.0000000000000000000, 0.0000000000000000000, 1.000000000000000000 ) ) ;
#2063 = LINE ( 'NONE', #6141, #3462 ) ;
#2065 = VECTOR ( 'NONE', #108, 1000.000000000000000 ) ;
#2066 = DIRECTION ( 'NONE',  ( 0.0000000000000000000, 1.000000000000000000, 0.0000000000000000000 ) ) ;
#2067 = DIRECTION ( 'NONE',  ( 0.0000000000000000000, 0.0000000000000000000, -1.000000000000000000 ) ) ;
#2068 = CARTESIAN_POINT ( 'NONE',  ( 14.82771778100630700, -17.52066220018763700, 2.120193127676284200 ) ) ;
#2069 = ORIENTED_EDGE ( 'NONE', *, *, #8631, .F. ) ;
#2070 = ORIENTED_EDGE ( 'NONE', *, *, #8131, .F. ) ;
#2071 = CARTESIAN_POINT ( 'NONE',  ( -15.15925706258398300, -16.00000000000000000, 1.928778834210482600 ) ) ;
#2072 = DIRECTION ( 'NONE',  ( -1.000000000000000000, -0.0000000000000000000, -0.0000000000000000000 ) ) ;
#2073 = CARTESIAN_POINT ( 'NONE',  ( 15.83924774000589700, -17.58289480127298500, -1.536186033554500300 ) ) ;
#2074 = CIRCLE ( 'NONE', #5477, 18.50000000000000000 ) ;
#2075 = ORIENTED_EDGE ( 'NONE', *, *, #5859, .T. ) ;
#2076 = CARTESIAN_POINT ( 'NONE',  ( 0.0000000000000000000, 2.499999999999999600, 12.10000000000000000 ) ) ;
#2077 = EDGE_LOOP ( 'NONE', ( #673, #4162, #6580, #506 ) ) ;
#2078 = FACE_OUTER_BOUND ( 'NONE', #5691, .T. ) ;
#2079 = ORIENTED_EDGE ( 'NONE', *, *, #4655, .T. ) ;
#2080 = ORIENTED_EDGE ( 'NONE', *, *, #3244, .F. ) ;
#2081 = CIRCLE ( 'NONE', #8272, 0.3555000000000000400 ) ;
#2082 = DIRECTION ( 'NONE',  ( 0.0000000000000000000, 0.0000000000000000000, -1.000000000000000000 ) ) ;
#2083 = EDGE_CURVE ( 'NONE', #5217, #1562, #618, .T. ) ;
#2084 = ORIENTED_EDGE ( 'NONE', *, *, #7725, .T. ) ;
#2085 = ADVANCED_FACE ( 'NONE', ( #6482 ), #1291, .T. ) ;
#2086 = CARTESIAN_POINT ( 'NONE',  ( -2.424025537428323500E-016, 5.937500001365589400, -3.958734124999999400 ) ) ;
#2087 = EDGE_CURVE ( 'NONE', #1211, #2195, #4046, .T. ) ;
#2088 = CYLINDRICAL_SURFACE ( 'NONE', #1793, 4.500000000000000000 ) ;
#2089 = AXIS2_PLACEMENT_3D ( 'NONE', #3965, #8723, #4652 ) ;
#2090 = EDGE_CURVE ( 'NONE', #6257, #299, #2227, .T. ) ;
#2091 = ORIENTED_EDGE ( 'NONE', *, *, #909, .F. ) ;
#2092 = DIRECTION ( 'NONE',  ( -0.0000000000000000000, 1.000000000000000000, -0.0000000000000000000 ) ) ;
#2093 = CARTESIAN_POINT ( 'NONE',  ( -2.939667584930659500, 6.584877272927318600, 3.306732518475640000 ) ) ;
#2094 = CARTESIAN_POINT ( 'NONE',  ( 4.500000000000001800, 3.937499999999996900, 1.863961030678926700 ) ) ;
#2095 = PLANE ( 'NONE',  #8720 ) ;
#2096 = DIRECTION ( 'NONE',  ( 0.0000000000000000000, 1.000000000000000000, 0.0000000000000000000 ) ) ;
#2097 = DIRECTION ( 'NONE',  ( 0.5000000000000003300, 0.0000000000000000000, 0.8660254037844386000 ) ) ;
#2098 = ORIENTED_EDGE ( 'NONE', *, *, #5965, .T. ) ;
#2099 = ORIENTED_EDGE ( 'NONE', *, *, #4624, .T. ) ;
#2100 = CARTESIAN_POINT ( 'NONE',  ( 0.0000000000000000000, 0.0000000000000000000, -5.599999999999999600 ) ) ;
#2101 = DIRECTION ( 'NONE',  ( -0.0000000000000000000, 1.000000000000000000, -0.0000000000000000000 ) ) ;
#2102 = AXIS2_PLACEMENT_3D ( 'NONE', #752, #1439, #2138 ) ;
#2103 = CARTESIAN_POINT ( 'NONE',  ( -4.500000000000000000, 1.687500002731183300, 1.863961030678930700 ) ) ;
#2104 = AXIS2_PLACEMENT_3D ( 'NONE', #867, #7668, #3556 ) ;
#2105 = CARTESIAN_POINT ( 'NONE',  ( 9.014954643837288700, -14.44999999999999900, 2.097610029784438400 ) ) ;
#2106 = CARTESIAN_POINT ( 'NONE',  ( 14.49999999999999800, 21.99999999999996400, 1.000000000000000000 ) ) ;
#2107 = ADVANCED_FACE ( 'NONE', ( #386 ), #1233, .T. ) ;
#2108 = ORIENTED_EDGE ( 'NONE', *, *, #1098, .T. ) ;
#2109 = DIRECTION ( 'NONE',  ( 0.0000000000000000000, 1.000000000000000000, 0.0000000000000000000 ) ) ;
#2110 = CARTESIAN_POINT ( 'NONE',  ( -14.04681769877114100, -14.44999999999999900, -12.03897472949792500 ) ) ;
#2111 = EDGE_LOOP ( 'NONE', ( #4396, #3610 ) ) ;
#2112 = FACE_OUTER_BOUND ( 'NONE', #6886, .T. ) ;
#2113 = ORIENTED_EDGE ( 'NONE', *, *, #4833, .F. ) ;
#2114 = EDGE_CURVE ( 'NONE', #3893, #5260, #7861, .T. ) ;
#2115 = CARTESIAN_POINT ( 'NONE',  ( -12.79648433899191500, -14.05000000000000100, -4.506710138927894100 ) ) ;
#2116 = DIRECTION ( 'NONE',  ( 0.0000000000000000000, -1.000000000000000000, 0.0000000000000000000 ) ) ;
#2117 = AXIS2_PLACEMENT_3D ( 'NONE', #1370, #6158, #2064 ) ;
#2118 = ORIENTED_EDGE ( 'NONE', *, *, #4406, .T. ) ;
#2119 = CARTESIAN_POINT ( 'NONE',  ( -3.958734124999999400, 5.125000001365589400, -1.639761364404187100 ) ) ;
#2120 = LINE ( 'NONE', #3759, #277 ) ;
#2121 = EDGE_LOOP ( 'NONE', ( #1036, #3483, #545, #5907 ) ) ;
#2122 = CARTESIAN_POINT ( 'NONE',  ( -14.50000000000000000, -5.500000000000000000, 0.0000000000000000000 ) ) ;
#2123 = DIRECTION ( 'NONE',  ( -0.0000000000000000000, 1.000000000000000000, -0.0000000000000000000 ) ) ;
#2124 = ORIENTED_EDGE ( 'NONE', *, *, #16, .F. ) ;
#2125 = CARTESIAN_POINT ( 'NONE',  ( 15.50000000000000200, -17.60000000000000100, 1.732050807568878700 ) ) ;
#2126 = CARTESIAN_POINT ( 'NONE',  ( -2.799247744702093100, 5.812500001365589400, -2.799247744702092700 ) ) ;
#2127 =( BOUNDED_CURVE ( )  B_SPLINE_CURVE ( 2, ( #6163, #2775, #6192, #2103, #6855, #2808, #7548, #3489, #8232 ),
 .UNSPECIFIED., .F., .F. ) 
 B_SPLINE_CURVE_WITH_KNOTS ( ( 3, 2, 2, 2, 3 ),
 ( 0.6785714285714286000, 0.6964285714285714000, 0.7142857142857143000, 0.7321428571428571000, 0.7500000000000000000 ),
 .UNSPECIFIED. ) 
 CURVE ( )  GEOMETRIC_REPRESENTATION_ITEM ( )  RATIONAL_B_SPLINE_CURVE ( ( 1.000000000000000000, 0.9238795325112867400, 1.000000000000000000, 0.9238795325112867400, 1.000000000000000000, 0.9238795325112867400, 1.000000000000000000, 0.9238795325112867400, 1.000000000000000000 ) ) 
 REPRESENTATION_ITEM ( '' )  );
#2128 = CARTESIAN_POINT ( 'NONE',  ( -13.50000000000000200, -17.60000000000000100, 1.732050807568878700 ) ) ;
#2129 = CARTESIAN_POINT ( 'NONE',  ( 15.26548389027574100, -14.44999999999999900, 1.847710587112690700 ) ) ;
#2130 = CARTESIAN_POINT ( 'NONE',  ( 1.603120191833866800E-015, -14.05000000000000100, -40.84142135623730500 ) ) ;
#2131 = LINE ( 'NONE', #7262, #5539 ) ;
#2132 = ORIENTED_EDGE ( 'NONE', *, *, #2426, .T. ) ;
#2133 = ORIENTED_EDGE ( 'NONE', *, *, #5841, .T. ) ;
#2134 = CARTESIAN_POINT ( 'NONE',  ( 14.50000000000000000, -17.42136720504591800, -2.309401076758504700 ) ) ;
#2135 = CARTESIAN_POINT ( 'NONE',  ( -14.50000000000000000, -4.819999999999999400, 0.0000000000000000000 ) ) ;
#2136 = ORIENTED_EDGE ( 'NONE', *, *, #5294, .T. ) ;
#2137 = CARTESIAN_POINT ( 'NONE',  ( -15.91400053919085700, -14.44999999999999900, -7.624226339126849400 ) ) ;
#2138 = DIRECTION ( 'NONE',  ( 0.0000000000000000000, 0.0000000000000000000, 1.000000000000000000 ) ) ;
#2139 = FACE_OUTER_BOUND ( 'NONE', #1362, .T. ) ;
#2140 = CIRCLE ( 'NONE', #2026, 2.000000000000000000 ) ;
#2141 = DIRECTION ( 'NONE',  ( 0.0000000000000000000, 1.000000000000000000, 0.0000000000000000000 ) ) ;
#2142 = DIRECTION ( 'NONE',  ( 0.0000000000000000000, 0.0000000000000000000, 1.000000000000000000 ) ) ;
#2143 = CARTESIAN_POINT ( 'NONE',  ( -14.86310887048382400, -4.777690516702350900, -0.03344401972544175400 ) ) ;
#2144 = ORIENTED_EDGE ( 'NONE', *, *, #6167, .T. ) ;
#2145 = CARTESIAN_POINT ( 'NONE',  ( 14.26000000000000000, -4.819999999999999400, -0.2622598901852886700 ) ) ;
#2146 = ORIENTED_EDGE ( 'NONE', *, *, #6417, .F. ) ;
#2147 = ORIENTED_EDGE ( 'NONE', *, *, #5837, .T. ) ;
#2148 = EDGE_CURVE ( 'NONE', #7180, #2460, #5631, .T. ) ;
#2149 = CARTESIAN_POINT ( 'NONE',  ( 0.0000000000000000000, 7.000000000000000000, 0.0000000000000000000 ) ) ;
#2150 = AXIS2_PLACEMENT_3D ( 'NONE', #441, #3859, #6564 ) ;
#2151 = CARTESIAN_POINT ( 'NONE',  ( -2.799247744702092300, 4.312500001365589400, 2.799247744702093600 ) ) ;
#2152 = ADVANCED_FACE ( 'NONE', ( #7658 ), #7234, .T. ) ;
#2153 = VERTEX_POINT ( 'NONE', #471 ) ;
#2154 = DIRECTION ( 'NONE',  ( 0.0000000000000000000, 1.000000000000000000, 0.0000000000000000000 ) ) ;
#2155 = FACE_OUTER_BOUND ( 'NONE', #1194, .T. ) ;
#2156 = EDGE_CURVE ( 'NONE', #1052, #3731, #3818, .T. ) ;
#2157 = EDGE_CURVE ( 'NONE', #1998, #5660, #6863, .T. ) ;
#2158 = CARTESIAN_POINT ( 'NONE',  ( -2.755455298081544300E-016, 2.249999999999996000, -4.500000000000000000 ) ) ;
#2159 = CARTESIAN_POINT ( 'NONE',  ( -3.958734124999998500, 5.000000001365589400, 1.639761364404189700 ) ) ;
#2160 = AXIS2_PLACEMENT_3D ( 'NONE', #5601, #1504, #6296 ) ;
#2161 = DIRECTION ( 'NONE',  ( 0.0000000000000000000, 0.0000000000000000000, 1.000000000000000000 ) ) ;
#2162 = CARTESIAN_POINT ( 'NONE',  ( -14.84201414099325000, -4.819999999999999400, -0.2399999999999997700 ) ) ;
#2163 = FACE_OUTER_BOUND ( 'NONE', #6161, .T. ) ;
#2164 = DIRECTION ( 'NONE',  ( 0.0000000000000000000, -1.000000000000000000, 0.0000000000000000000 ) ) ;
#2165 = DIRECTION ( 'NONE',  ( 0.2266271574405722700, 0.0000000000000000000, -0.9739815868436149100 ) ) ;
#2166 = DIRECTION ( 'NONE',  ( 0.0000000000000000000, 1.000000000000000000, 0.0000000000000000000 ) ) ;
#2167 = ORIENTED_EDGE ( 'NONE', *, *, #6701, .T. ) ;
#2168 = EDGE_CURVE ( 'NONE', #5437, #2990, #178, .T. ) ;
#2169 = SPHERICAL_SURFACE ( 'NONE', #127, 3.200000000000000200 ) ;
#2170 = TOROIDAL_SURFACE ( 'NONE', #5075, 14.00000000000000000, 0.5000000000000000000 ) ;
#2171 = AXIS2_PLACEMENT_3D ( 'NONE', #88, #7258, #3175 ) ;
#2172 = ORIENTED_EDGE ( 'NONE', *, *, #704, .T. ) ;
#2173 = CARTESIAN_POINT ( 'NONE',  ( -4.500000000000001800, 1.437499999999996000, -1.863961030678927800 ) ) ;
#2174 = DIRECTION ( 'NONE',  ( 0.0000000000000000000, 0.0000000000000000000, 1.000000000000000000 ) ) ;
#2175 = ORIENTED_EDGE ( 'NONE', *, *, #8689, .T. ) ;
#2176 = CARTESIAN_POINT ( 'NONE',  ( 1.639761364404189300, 3.500000001365589000, 3.958734124999998500 ) ) ;
#2177 = EDGE_CURVE ( 'NONE', #4256, #242, #8440, .T. ) ;
#2178 = CARTESIAN_POINT ( 'NONE',  ( -3.181980515339463800, 3.374999999999996000, -3.181980515339463400 ) ) ;
#2179 = LINE ( 'NONE', #5914, #1952 ) ;
#2181 = DIRECTION ( 'NONE',  ( 0.0000000000000000000, 1.000000000000000000, 0.0000000000000000000 ) ) ;
#2180 = PLANE ( 'NONE',  #1910 ) ;
#2182 = DIRECTION ( 'NONE',  ( 0.0000000000000000000, 0.0000000000000000000, -1.000000000000000000 ) ) ;
#2183 = ORIENTED_EDGE ( 'NONE', *, *, #6319, .F. ) ;
#2184 = VERTEX_POINT ( 'NONE', #4164 ) ;
#2185 = CARTESIAN_POINT ( 'NONE',  ( 1.863961030678927400, 2.187499999999996000, -4.500000000000001800 ) ) ;
#2186 = CARTESIAN_POINT ( 'NONE',  ( 7.272076612284971000E-016, 4.187500001365589400, 3.958734124999999400 ) ) ;
#2187 = ORIENTED_EDGE ( 'NONE', *, *, #1154, .F. ) ;
#2188 = CARTESIAN_POINT ( 'NONE',  ( -16.68409993591954400, -14.05000000000000100, 7.993172669738196800 ) ) ;
#2189 = CIRCLE ( 'NONE', #3381, 4.500000000000000000 ) ;
#2190 = CARTESIAN_POINT ( 'NONE',  ( 14.49999999999999800, -4.190020746977269000, 0.0000000000000000000 ) ) ;
#2191 = ORIENTED_EDGE ( 'NONE', *, *, #5981, .F. ) ;
#2192 = DIRECTION ( 'NONE',  ( 1.000000000000000000, 0.0000000000000000000, 0.0000000000000000000 ) ) ;
#2193 = CARTESIAN_POINT ( 'NONE',  ( -17.44946680064970600, -14.05000000000000100, 6.145413604715606000 ) ) ;
#2194 = CIRCLE ( 'NONE', #6650, 3.162547666931028600 ) ;
#2195 = VERTEX_POINT ( 'NONE', #8452 ) ;
#2196 = VERTEX_POINT ( 'NONE', #1492 ) ;
#2197 = CONICAL_SURFACE ( 'NONE', #5228, 2.000000000000000000, 1.047197551196595900 ) ;
#2198 = DIRECTION ( 'NONE',  ( 0.0000000000000000000, 1.000000000000000000, -2.293448377517464800E-016 ) ) ;
#2199 = DIRECTION ( 'NONE',  ( 0.0000000000000000000, -1.000000000000000000, 0.0000000000000000000 ) ) ;
#2200 = AXIS2_PLACEMENT_3D ( 'NONE', #4581, #8678, #5285 ) ;
#2201 = ORIENTED_EDGE ( 'NONE', *, *, #2177, .T. ) ;
#2202 = CARTESIAN_POINT ( 'NONE',  ( -2.424025537428323500E-016, 5.687500001365588500, -3.958734124999999400 ) ) ;
#2203 = EDGE_LOOP ( 'NONE', ( #3064, #5912, #4521, #3442 ) ) ;
#2204 = EDGE_CURVE ( 'NONE', #3090, #5476, #8833, .T. ) ;
#2205 = CARTESIAN_POINT ( 'NONE',  ( 3.958734124999999400, 2.687500001365589000, -4.848051074856647000E-016 ) ) ;
#2206 = DIRECTION ( 'NONE',  ( 0.7592874431768156200, -0.0000000000000000000, 0.6507553907836753900 ) ) ;
#2207 = AXIS2_PLACEMENT_3D ( 'NONE', #2640, #7389, #3325 ) ;
#2208 = EDGE_CURVE ( 'NONE', #8563, #7607, #7014, .T. ) ;
#2209 = CARTESIAN_POINT ( 'NONE',  ( -14.50000000000000200, -16.00000000000000000, 0.0000000000000000000 ) ) ;
#2210 = DIRECTION ( 'NONE',  ( 0.0000000000000000000, 0.0000000000000000000, 1.000000000000000000 ) ) ;
#2211 = CARTESIAN_POINT ( 'NONE',  ( 1.863961030678930300, 1.812499999999996400, 4.500000000000000000 ) ) ;
#2212 = ORIENTED_EDGE ( 'NONE', *, *, #3093, .T. ) ;
#2213 = CARTESIAN_POINT ( 'NONE',  ( 3.958734124999999900, 3.375000001365589000, 1.639761364404186200 ) ) ;
#2214 = ORIENTED_EDGE ( 'NONE', *, *, #1604, .F. ) ;
#2215 = DIRECTION ( 'NONE',  ( -1.000000000000000000, 0.0000000000000000000, 0.0000000000000000000 ) ) ;
#2216 = EDGE_CURVE ( 'NONE', #6179, #8551, #5420, .T. ) ;
#2217 = CARTESIAN_POINT ( 'NONE',  ( 4.500000000000000000, 0.9999999999999956700, -5.510910596163088600E-016 ) ) ;
#2218 = AXIS2_PLACEMENT_3D ( 'NONE', #5840, #7896, #3826 ) ;
#2219 = SECURITY_CLASSIFICATION_LEVEL ( 'unclassified' ) ;
#2220 = EDGE_CURVE ( 'NONE', #509, #7772, #3723, .T. ) ;
#2221 = CIRCLE ( 'NONE', #1461, 3.190987308028661000 ) ;
#2222 = VERTEX_POINT ( 'NONE', #2302 ) ;
#2223 = CARTESIAN_POINT ( 'NONE',  ( 0.0000000000000000000, 0.1010000000000000100, -5.599999999999999600 ) ) ;
#2224 = DIRECTION ( 'NONE',  ( 0.0000000000000000000, 0.0000000000000000000, -1.000000000000000000 ) ) ;
#2225 = CARTESIAN_POINT ( 'NONE',  ( 14.49999999999999800, -4.819999999999999400, 0.0000000000000000000 ) ) ;
#2226 = ORIENTED_EDGE ( 'NONE', *, *, #7195, .T. ) ;
#2227 = CIRCLE ( 'NONE', #5151, 2.000000000000000000 ) ;
#2228 = EDGE_LOOP ( 'NONE', ( #2091, #4659, #4143, #3951 ) ) ;
#2229 = AXIS2_PLACEMENT_3D ( 'NONE', #6717, #3339, #8097 ) ;
#2230 = CARTESIAN_POINT ( 'NONE',  ( -3.958734124999999400, 4.875000001365589400, -1.639761364404187100 ) ) ;
#2231 = VERTEX_POINT ( 'NONE', #7611 ) ;
#2232 = B_SPLINE_CURVE_WITH_KNOTS ( 'NONE', 3,
 ( #5336, #1255, #6029, #8696, #3943, #8014, #3264, #7333, #1877, #2577, #6638, #5961, #5272, #4595, #1193, #8663, #494, #3910, #3227, #7309, #7984, #2545, #6614, #1843, #5927, #1161, #5235, #464, #4564, #3878, #3203, #8633, #8431, #7276 ),
 .UNSPECIFIED., .F., .F.,
 ( 4, 2, 2, 2, 2, 2, 2, 2, 2, 2, 2, 2, 2, 2, 2, 2, 4 ),
 ( 0.006930254920095402100, 0.007749928662667359000, 0.008569602405239315100, 0.009389276147811272100, 0.01020894989038322700, 0.01102862363295518300, 0.01184829737552713800, 0.01266797111809909300, 0.01348764486067105200, 0.01430731860324300700, 0.01512699234581496200, 0.01594666608838692100, 0.01676633983095887600, 0.01758601357353083100, 0.01840568731610278700, 0.01922536105867474200, 0.02004503480124669700 ),
 .UNSPECIFIED. ) ;
#2233 = ORIENTED_EDGE ( 'NONE', *, *, #7969, .T. ) ;
#2234 = CARTESIAN_POINT ( 'NONE',  ( 1.639761364404186800, 1.875000001365589000, -3.958734124999999400 ) ) ;
#2235 = DIRECTION ( 'NONE',  ( 0.0000000000000000000, 1.000000000000000000, 0.0000000000000000000 ) ) ;
#2236 = CARTESIAN_POINT ( 'NONE',  ( -6.264919119524582100, -14.44999999999999900, -13.07672697680177800 ) ) ;
#2237 = CARTESIAN_POINT ( 'NONE',  ( 14.50000000000000000, -14.05000000000000100, 2.000000000000000900 ) ) ;
#2238 = VECTOR ( 'NONE', #7399, 1000.000000000000000 ) ;
#2239 = ORIENTED_EDGE ( 'NONE', *, *, #3055, .T. ) ;
#2240 = CARTESIAN_POINT ( 'NONE',  ( -14.12273300923241900, -14.05000000000000100, -3.286093782888299200 ) ) ;
#2241 = ORIENTED_EDGE ( 'NONE', *, *, #8433, .T. ) ;
#2242 = CARTESIAN_POINT ( 'NONE',  ( 2.799247744702092700, 2.562500001365588500, -2.799247744702093100 ) ) ;
#2243 = ORIENTED_EDGE ( 'NONE', *, *, #4088, .F. ) ;
#2244 = ORIENTED_EDGE ( 'NONE', *, *, #1964, .F. ) ;
#2245 = CARTESIAN_POINT ( 'NONE',  ( -7.993172669738264300, -14.44999999999999900, -16.68409993591951600 ) ) ;
#2246 = LINE ( 'NONE', #435, #8851 ) ;
#2247 = CARTESIAN_POINT ( 'NONE',  ( -12.79648433899191500, -14.44999999999999900, -4.506710138927894100 ) ) ;
#2248 = DIRECTION ( 'NONE',  ( -0.0000000000000000000, 1.000000000000000000, -0.0000000000000000000 ) ) ;
#2249 = ORIENTED_EDGE ( 'NONE', *, *, #421, .F. ) ;
#2250 = CIRCLE ( 'NONE', #4154, 0.3555000000000000400 ) ;
#2251 = CARTESIAN_POINT ( 'NONE',  ( -1.863961030678929200, 5.687499999999996400, 4.500000000000000000 ) ) ;
#2252 = CARTESIAN_POINT ( 'NONE',  ( -13.15925706258397900, -16.00000000000000000, 1.535322780927273600 ) ) ;
#2253 = CARTESIAN_POINT ( 'NONE',  ( 14.74000000000000000, -3.432161446792885200, -0.3836650893874181100 ) ) ;
#2254 = EDGE_CURVE ( 'NONE', #7081, #8149, #7447, .T. ) ;
#2255 = AXIS2_PLACEMENT_3D ( 'NONE', #2917, #7657, #3597 ) ;
#2256 = EDGE_CURVE ( 'NONE', #153, #7331, #6803, .T. ) ;
#2257 = CARTESIAN_POINT ( 'NONE',  ( -2.799247744702092300, 4.062500001365589400, 2.799247744702093600 ) ) ;
#2258 = VECTOR ( 'NONE', #6611, 1000.000000000000000 ) ;
#2259 = AXIS2_PLACEMENT_3D ( 'NONE', #8373, #8210, #7184 ) ;
#2260 = VERTEX_POINT ( 'NONE', #172 ) ;
#2261 = CARTESIAN_POINT ( 'NONE',  ( -2.799247744702093100, 1.062500001365589200, -2.799247744702092700 ) ) ;
#2262 = DIRECTION ( 'NONE',  ( 1.000000000000000000, 0.0000000000000000000, 0.0000000000000000000 ) ) ;
#2263 = CARTESIAN_POINT ( 'NONE',  ( 15.50000000000000200, -17.60000000000000100, -1.732050807568875200 ) ) ;
#2264 = DIRECTION ( 'NONE',  ( 0.0000000000000000000, -2.290567970039799000E-016, -1.000000000000000000 ) ) ;
#2265 = DIRECTION ( 'NONE',  ( 0.0000000000000000000, 0.0000000000000000000, 1.000000000000000000 ) ) ;
#2267 = DIRECTION ( 'NONE',  ( 0.0000000000000000000, 0.0000000000000000000, -1.000000000000000000 ) ) ;
#2266 = FACE_OUTER_BOUND ( 'NONE', #7452, .T. ) ;
#2268 = CARTESIAN_POINT ( 'NONE',  ( -1.639761364404187300, 1.750000001365589000, -3.958734124999999400 ) ) ;
#2269 = AXIS2_PLACEMENT_3D ( 'NONE', #4705, #3402, #8148 ) ;
#2270 = CARTESIAN_POINT ( 'NONE',  ( -14.50000000000000000, -4.819999999999999400, 0.0000000000000000000 ) ) ;
#2271 = VERTEX_POINT ( 'NONE', #4 ) ;
#2272 = CARTESIAN_POINT ( 'NONE',  ( 13.50000000000000000, -17.60000000000000100, -1.732050807568875200 ) ) ;
#2273 = CIRCLE ( 'NONE', #1653, 18.50000000000000000 ) ;
#2274 = DIRECTION ( 'NONE',  ( 0.0000000000000000000, 1.000000000000000000, 0.0000000000000000000 ) ) ;
#2275 = LINE ( 'NONE', #8128, #1611 ) ;
#2276 = EDGE_CURVE ( 'NONE', #3740, #1152, #6579, .T. ) ;
#2277 = ORIENTED_EDGE ( 'NONE', *, *, #609, .F. ) ;
#2278 = ORIENTED_EDGE ( 'NONE', *, *, #8147, .T. ) ;
#2279 = AXIS2_PLACEMENT_3D ( 'NONE', #4436, #4469, #3110 ) ;
#2280 = DIRECTION ( 'NONE',  ( 0.8949343677499603800, -0.4461978007789581000, 0.0000000000000000000 ) ) ;
#2281 = CC_DESIGN_PERSON_AND_ORGANIZATION_ASSIGNMENT ( #4744, #1516, ( #904 ) ) ;
#2282 = CARTESIAN_POINT ( 'NONE',  ( 3.181980515339464200, 1.874999999999996400, 3.181980515339463400 ) ) ;
#2283 = VECTOR ( 'NONE', #6666, 999.9999999999998900 ) ;
#2284 = CARTESIAN_POINT ( 'NONE',  ( 1.639761364404189300, 3.250000001365589000, 3.958734124999998500 ) ) ;
#2285 = ORIENTED_EDGE ( 'NONE', *, *, #6613, .F. ) ;
#2286 = VERTEX_POINT ( 'NONE', #6307 ) ;
#2287 = CARTESIAN_POINT ( 'NONE',  ( 3.181980515339463400, 7.124999999999995600, -3.181980515339463800 ) ) ;
#2288 = EDGE_CURVE ( 'NONE', #1369, #195, #8394, .T. ) ;
#2289 = CYLINDRICAL_SURFACE ( 'NONE', #8273, 1.600000000000000800 ) ;
#2290 = CARTESIAN_POINT ( 'NONE',  ( -15.50000000000000400, -17.60000000000000100, 1.732050807568875200 ) ) ;
#2291 = ORIENTED_EDGE ( 'NONE', *, *, #6157, .F. ) ;
#2292 = CARTESIAN_POINT ( 'NONE',  ( 14.15798585900674800, -4.819999999999999400, -0.09698751136435124200 ) ) ;
#2293 = EDGE_LOOP ( 'NONE', ( #8378, #2226, #6467, #4948, #6597, #2015, #8202, #1976, #6119, #3718, #2626, #5048, #2147 ) ) ;
#2294 = VECTOR ( 'NONE', #4220, 1000.000000000000000 ) ;
#2295 = CARTESIAN_POINT ( 'NONE',  ( 16.50000000000000400, -16.07894766929797100, 0.7745510564695455800 ) ) ;
#2296 = CARTESIAN_POINT ( 'NONE',  ( -3.958734124999999400, 0.9375000013655889800, 0.0000000000000000000 ) ) ;
#2297 = VECTOR ( 'NONE', #4017, 1000.000000000000000 ) ;
#2298 = DIRECTION ( 'NONE',  ( -0.0000000000000000000, 1.000000000000000000, -0.0000000000000000000 ) ) ;
#2299 = VERTEX_POINT ( 'NONE', #224 ) ;
#2300 = CARTESIAN_POINT ( 'NONE',  ( 14.40301248863564600, -4.819999999999999400, 0.3420141409932477300 ) ) ;
#2301 = DIRECTION ( 'NONE',  ( 0.0000000000000000000, -1.000000000000000000, 0.0000000000000000000 ) ) ;
#2302 = CARTESIAN_POINT ( 'NONE',  ( -13.93103448275862100, -5.000000000000000000, -1.387904261896421200 ) ) ;
#2303 = DIRECTION ( 'NONE',  ( 0.0000000000000000000, -2.290567970039799000E-016, -1.000000000000000000 ) ) ;
#2304 = AXIS2_PLACEMENT_3D ( 'NONE', #6101, #2101, #5495 ) ;
#2305 = ORIENTED_EDGE ( 'NONE', *, *, #5294, .F. ) ;
#2306 = CARTESIAN_POINT ( 'NONE',  ( 4.500000000000000900, 1.062499999999995800, -1.863961030678928700 ) ) ;
#2307 = ORIENTED_EDGE ( 'NONE', *, *, #1044, .F. ) ;
#2308 = CARTESIAN_POINT ( 'NONE',  ( 3.958734124999999400, 2.437500001365588500, -4.848051074856647000E-016 ) ) ;
#2309 = EDGE_CURVE ( 'NONE', #3579, #4209, #4990, .T. ) ;
#2310 = EDGE_CURVE ( 'NONE', #1103, #696, #1137, .T. ) ;
#2311 = CARTESIAN_POINT ( 'NONE',  ( -1.863961030678928300, 6.312499999999995600, -4.500000000000000900 ) ) ;
#2312 = EDGE_LOOP ( 'NONE', ( #3135, #4810, #179, #6393 ) ) ;
#2313 = CARTESIAN_POINT ( 'NONE',  ( 14.12273300923241900, -14.05000000000000100, 3.286093782888299200 ) ) ;
#2314 = PLANE ( 'NONE',  #6312 ) ;
#2315 = VECTOR ( 'NONE', #534, 1000.000000000000000 ) ;
#2316 = ORIENTED_EDGE ( 'NONE', *, *, #8305, .F. ) ;
#2317 = ORIENTED_EDGE ( 'NONE', *, *, #7365, .T. ) ;
#2318 = CARTESIAN_POINT ( 'NONE',  ( -2.424025537428323500E-016, 6.937500001365589400, -3.958734124999999400 ) ) ;
#2319 = CARTESIAN_POINT ( 'NONE',  ( -14.84201414099325000, -4.819999999999999400, 0.09698751136435079800 ) ) ;
#2320 = VECTOR ( 'NONE', #5562, 1000.000000000000000 ) ;
#2321 = ORIENTED_EDGE ( 'NONE', *, *, #6715, .F. ) ;
#2322 = EDGE_CURVE ( 'NONE', #1037, #1525, #1366, .T. ) ;
#2323 = CARTESIAN_POINT ( 'NONE',  ( -9.014954643837288700, -14.44999999999999900, -2.097610029784438400 ) ) ;
#2324 = AXIS2_PLACEMENT_3D ( 'NONE', #5528, #1438, #6220 ) ;
#2325 = ORIENTED_EDGE ( 'NONE', *, *, #4308, .F. ) ;
#2326 =( BOUNDED_CURVE ( )  B_SPLINE_CURVE ( 2, ( #6210, #5514, #3507, #8248, #4184, #83, #4867, #768, #5552 ),
 .UNSPECIFIED., .F., .F. ) 
 B_SPLINE_CURVE_WITH_KNOTS ( ( 3, 2, 2, 2, 3 ),
 ( 0.1071428571428571400, 0.1250000000000000000, 0.1428571428571428500, 0.1607142857142857300, 0.1785714285714285800 ),
 .UNSPECIFIED. ) 
 CURVE ( )  GEOMETRIC_REPRESENTATION_ITEM ( )  RATIONAL_B_SPLINE_CURVE ( ( 1.000000000000000000, 0.9238795325112867400, 1.000000000000000000, 0.9238795325112867400, 1.000000000000000000, 0.9238795325112867400, 1.000000000000000000, 0.9238795325112867400, 1.000000000000000000 ) ) 
 REPRESENTATION_ITEM ( '' )  );
#2327 = CARTESIAN_POINT ( 'NONE',  ( -14.84201414099325000, -4.819999999999999400, -0.2399999999999997700 ) ) ;
#2328 = LINE ( 'NONE', #3828, #199 ) ;
#2329 = AXIS2_PLACEMENT_3D ( 'NONE', #530, #5304, #1223 ) ;
#2330 = LINE ( 'NONE', #8694, #7768 ) ;
#2331 = ORIENTED_EDGE ( 'NONE', *, *, #4328, .T. ) ;
#2332 = PLANE ( 'NONE',  #7117 ) ;
#2333 = CARTESIAN_POINT ( 'NONE',  ( 15.91400053919070400, -14.44999999999999900, 33.21719501711064000 ) ) ;
#2334 = CARTESIAN_POINT ( 'NONE',  ( 14.84201414099324800, -4.819999999999999400, 0.2399999999999997700 ) ) ;
#2335 = ORIENTED_EDGE ( 'NONE', *, *, #4054, .F. ) ;
#2336 = VERTEX_POINT ( 'NONE', #6330 ) ;
#2337 = EDGE_CURVE ( 'NONE', #5079, #2937, #2778, .T. ) ;
#2338 = CARTESIAN_POINT ( 'NONE',  ( 15.26434055678858600, -14.44999999999999900, 10.45226804891546900 ) ) ;
#2339 = AXIS2_PLACEMENT_3D ( 'NONE', #7767, #3698, #8443 ) ;
#2340 = CARTESIAN_POINT ( 'NONE',  ( 1.639761364404186800, 1.625000001365589000, -3.958734124999999400 ) ) ;
#2341 = FACE_OUTER_BOUND ( 'NONE', #4674, .T. ) ;
#2342 = B_SPLINE_CURVE_WITH_KNOTS ( 'NONE', 3,
 ( #5372, #1286, #7429, #3359 ),
 .UNSPECIFIED., .F., .F.,
 ( 4, 4 ),
 ( 0.02004503480124669700, 0.02102833913801940500 ),
 .UNSPECIFIED. ) ;
#2343 = CARTESIAN_POINT ( 'NONE',  ( -4.500000000000000000, 5.499999999999996400, 0.0000000000000000000 ) ) ;
#2344 = EDGE_LOOP ( 'NONE', ( #8355, #1805, #7848, #5090 ) ) ;
#2345 = CARTESIAN_POINT ( 'NONE',  ( 17.44946680064970600, -14.44999999999999900, -6.145413604715606000 ) ) ;
#2346 = CARTESIAN_POINT ( 'NONE',  ( 15.91400053919085700, -14.44999999999999900, 7.624226339126849400 ) ) ;
#2347 = ORIENTED_EDGE ( 'NONE', *, *, #38, .F. ) ;
#2348 = B_SPLINE_CURVE_WITH_KNOTS ( 'NONE', 3,
 ( #7457, #2703, #4073, #8823 ),
 .UNSPECIFIED., .F., .F.,
 ( 4, 4 ),
 ( 0.0008975940789387624700, 0.002290662657364335400 ),
 .UNSPECIFIED. ) ;
#2349 = EDGE_LOOP ( 'NONE', ( #6566, #4844, #4904, #5726 ) ) ;
#2350 = DIRECTION ( 'NONE',  ( 1.000000000000000000, 0.0000000000000000000, 0.0000000000000000000 ) ) ;
#2351 = CARTESIAN_POINT ( 'NONE',  ( -3.958734124999999400, 6.125000001365589400, -1.639761364404187100 ) ) ;
#2352 = ADVANCED_FACE ( 'NONE', ( #6379 ), #1620, .F. ) ;
#2353 = DIRECTION ( 'NONE',  ( -0.0000000000000000000, 1.000000000000000000, 0.0000000000000000000 ) ) ;
#2354 = ORIENTED_EDGE ( 'NONE', *, *, #3868, .F. ) ;
#2355 = CIRCLE ( 'NONE', #1559, 0.3555000000000000400 ) ;
#2356 = CARTESIAN_POINT ( 'NONE',  ( -14.74000000000000200, -3.894975084286508500, 0.3454916401347361000 ) ) ;
#2357 = CARTESIAN_POINT ( 'NONE',  ( 15.47425792301134500, -3.551915109540153500, 0.0000000000000000000 ) ) ;
#2358 = AXIS2_PLACEMENT_3D ( 'NONE', #6743, #605, #8709 ) ;
#2359 = PLANE ( 'NONE',  #8480 ) ;
#2360 = CARTESIAN_POINT ( 'NONE',  ( -16.68409993591954400, -14.44999999999999900, 7.993172669738196800 ) ) ;
#2361 = DIRECTION ( 'NONE',  ( -0.0000000000000000000, -1.000000000000000000, -0.0000000000000000000 ) ) ;
#2362 = CIRCLE ( 'NONE', #3007, 14.50000000000000000 ) ;
#2363 = EDGE_CURVE ( 'NONE', #4791, #7413, #4561, .T. ) ;
#2364 = AXIS2_PLACEMENT_3D ( 'NONE', #2209, #6961, #2910 ) ;
#2365 = EDGE_CURVE ( 'NONE', #1324, #3871, #5703, .T. ) ;
#2366 = ORIENTED_EDGE ( 'NONE', *, *, #4363, .F. ) ;
#2367 = CARTESIAN_POINT ( 'NONE',  ( -2.799247744702093100, 0.8125000013655889800, -2.799247744702092700 ) ) ;
#2368 = LINE ( 'NONE', #7754, #7598 ) ;
#2369 = CARTESIAN_POINT ( 'NONE',  ( -1.863961030678929200, 4.687499999999996400, 4.500000000000000000 ) ) ;
#2370 = CARTESIAN_POINT ( 'NONE',  ( 14.50000000000000000, -14.05000000000000100, 0.0000000000000000000 ) ) ;
#2371 = DIRECTION ( 'NONE',  ( 1.000000000000000000, 0.0000000000000000000, 0.0000000000000000000 ) ) ;
#2372 = CIRCLE ( 'NONE', #7985, 3.162547666931028200 ) ;
#2373 = ORIENTED_EDGE ( 'NONE', *, *, #6636, .F. ) ;
#2374 = ORIENTED_EDGE ( 'NONE', *, *, #3127, .F. ) ;
#2375 = CARTESIAN_POINT ( 'NONE',  ( -2.799247744702092300, 5.312500001365589400, 2.799247744702093600 ) ) ;
#2376 = AXIS2_PLACEMENT_3D ( 'NONE', #2029, #6785, #2723 ) ;
#2377 = EDGE_CURVE ( 'NONE', #5396, #7682, #4345, .T. ) ;
#2378 = DIRECTION ( 'NONE',  ( -0.0000000000000000000, 0.0000000000000000000, 1.000000000000000000 ) ) ;
#2379 = FACE_OUTER_BOUND ( 'NONE', #3711, .T. ) ;
#2380 = CARTESIAN_POINT ( 'NONE',  ( -16.50000000000000000, -17.52015171715227400, -0.7788341705667928300 ) ) ;
#2381 = ORIENTED_EDGE ( 'NONE', *, *, #6688, .T. ) ;
#2382 = ORIENTED_EDGE ( 'NONE', *, *, #3694, .F. ) ;
#2383 = DIRECTION ( 'NONE',  ( -0.0000000000000000000, 1.000000000000000000, -0.0000000000000000000 ) ) ;
#2384 = EDGE_LOOP ( 'NONE', ( #8746, #5929, #3190 ) ) ;
#2385 = FACE_OUTER_BOUND ( 'NONE', #4784, .T. ) ;
#2386 = DIRECTION ( 'NONE',  ( 0.4461978007789579300, 0.8949343677499603800, 0.0000000000000000000 ) ) ;
#2387 = CARTESIAN_POINT ( 'NONE',  ( 1.863961030678927400, 5.312500002731183300, -4.500000000000001800 ) ) ;
#2388 = AXIS2_PLACEMENT_3D ( 'NONE', #1115, #5883, #1802 ) ;
#2389 = CARTESIAN_POINT ( 'NONE',  ( -12.03897472949798300, -14.44999999999999900, 14.04681769877109000 ) ) ;
#2390 = CARTESIAN_POINT ( 'NONE',  ( -4.500000000000000000, 6.499999999999996400, 0.0000000000000000000 ) ) ;
#2391 = ORIENTED_EDGE ( 'NONE', *, *, #200, .F. ) ;
#2392 = CARTESIAN_POINT ( 'NONE',  ( -15.84074293741602800, -16.00000000000000000, -1.535322780927272300 ) ) ;
#2393 = CONICAL_SURFACE ( 'NONE', #2104, 1.999999999999998200, 1.047197551196596300 ) ;
#2394 = ADVANCED_FACE ( 'NONE', ( #2542 ), #4828, .F. ) ;
#2395 = CARTESIAN_POINT ( 'NONE',  ( -14.50000000000000700, -17.42136720504591800, 2.309401076758504700 ) ) ;
#2396 = EDGE_LOOP ( 'NONE', ( #818, #5327, #2493, #6071 ) ) ;
#2397 = DIRECTION ( 'NONE',  ( 0.0000000000000000000, -1.000000000000000000, 0.0000000000000000000 ) ) ;
#2398 = DIRECTION ( 'NONE',  ( -1.000000000000000000, 0.0000000000000000000, 0.0000000000000000000 ) ) ;
#2399 = ORIENTED_EDGE ( 'NONE', *, *, #2849, .F. ) ;
#2400 = FACE_OUTER_BOUND ( 'NONE', #1845, .T. ) ;
#2401 = B_SPLINE_CURVE_WITH_KNOTS ( 'NONE', 3,
 ( #4059, #4021, #6048, #8808, #4742, #643, #5418, #1332, #6112, #2025, #6783, #2719 ),
 .UNSPECIFIED., .F., .F.,
 ( 4, 2, 2, 2, 2, 4 ),
 ( 0.0000000000000000000, 0.001173370019833785400, 0.002346740039667570800, 0.002933425049584464100, 0.003520110059501356900, 0.004693480079335142500 ),
 .UNSPECIFIED. ) ;
#2402 = CARTESIAN_POINT ( 'NONE',  ( 3.181980515339464200, 3.874999999999996000, 3.181980515339463400 ) ) ;
#2403 = CARTESIAN_POINT ( 'NONE',  ( 13.50000000000000000, -17.60000000000000100, -1.732050807568875200 ) ) ;
#2404 = PLANE ( 'NONE',  #177 ) ;
#2405 = LINE ( 'NONE', #7792, #3596 ) ;
#2406 = CARTESIAN_POINT ( 'NONE',  ( -2.416697198369780300, 0.9999999999999991100, -3.146073994892610400 ) ) ;
#2407 = VERTEX_POINT ( 'NONE', #8177 ) ;
#2408 = ORIENTED_EDGE ( 'NONE', *, *, #8824, .T. ) ;
#2409 = CARTESIAN_POINT ( 'NONE',  ( 1.639761364404189300, 4.500000001365588500, 3.958734124999998500 ) ) ;
#2410 = CARTESIAN_POINT ( 'NONE',  ( -14.36206896551724400, -16.00000000000000000, -1.995238088481296800 ) ) ;
#2411 = ORIENTED_EDGE ( 'NONE', *, *, #2629, .T. ) ;
#2412 = EDGE_LOOP ( 'NONE', ( #8234, #4489, #8359, #1957, #634, #6665, #3920, #1120, #8240, #1264, #278, #8299, #1854 ) ) ;
#2413 = DIRECTION ( 'NONE',  ( 0.0000000000000000000, -1.000000000000000000, 0.0000000000000000000 ) ) ;
#2414 = EDGE_CURVE ( 'NONE', #1688, #162, #721, .T. ) ;
#2415 = EDGE_LOOP ( 'NONE', ( #3376, #8834, #944, #6333 ) ) ;
#2416 = AXIS2_PLACEMENT_3D ( 'NONE', #4038, #8793, #4726 ) ;
#2417 = EDGE_CURVE ( 'NONE', #7029, #447, #7757, .T. ) ;
#2418 = DIRECTION ( 'NONE',  ( 0.0000000000000000000, -0.0000000000000000000, -1.000000000000000000 ) ) ;
#2419 = CARTESIAN_POINT ( 'NONE',  ( 14.49999999999999600, -16.17863279495408300, 2.309401076758504700 ) ) ;
#2420 = CARTESIAN_POINT ( 'NONE',  ( 2.799247744702093600, 6.562500001365589400, 2.799247744702092700 ) ) ;
#2421 = DIRECTION ( 'NONE',  ( -0.0000000000000000000, -1.000000000000000000, -0.0000000000000000000 ) ) ;
#2422 = AXIS2_PLACEMENT_3D ( 'NONE', #1983, #4703, #2618 ) ;
#2423 = CARTESIAN_POINT ( 'NONE',  ( -1.112784378237783800, -14.05000000000000100, 14.45723732002590900 ) ) ;
#2424 = VECTOR ( 'NONE', #1960, 1000.000000000000000 ) ;
#2425 = ORIENTED_EDGE ( 'NONE', *, *, #4433, .F. ) ;
#2426 = EDGE_CURVE ( 'NONE', #7288, #5749, #8192, .T. ) ;
#2427 = EDGE_CURVE ( 'NONE', #7180, #7772, #4144, .T. ) ;
#2428 = ORIENTED_EDGE ( 'NONE', *, *, #5449, .F. ) ;
#2429 = CARTESIAN_POINT ( 'NONE',  ( 4.500000000000000900, 3.062499999999996000, -1.863961030678928700 ) ) ;
#2430 = AXIS2_PLACEMENT_3D ( 'NONE', #3860, #8614, #4545 ) ;
#2431 = CARTESIAN_POINT ( 'NONE',  ( 1.603120191833866800E-015, -14.05000000000000100, -40.84142135623730500 ) ) ;
#2432 = B_SPLINE_CURVE_WITH_KNOTS ( 'NONE', 3,
 ( #8784, #620, #647, #5422 ),
 .UNSPECIFIED., .F., .F.,
 ( 4, 4 ),
 ( 0.0006611328647346682400, 0.002054287873705572900 ),
 .UNSPECIFIED. ) ;
#2433 = DIRECTION ( 'NONE',  ( -0.8660254037844380400, 0.0000000000000000000, -0.5000000000000010000 ) ) ;
#2434 = CONICAL_SURFACE ( 'NONE', #1970, 2.000000000000000000, 1.047197551196595900 ) ;
#2435 = ORIENTED_EDGE ( 'NONE', *, *, #7390, .T. ) ;
#2436 = EDGE_LOOP ( 'NONE', ( #6925, #565, #6428, #4978, #8572, #150 ) ) ;
#2437 = CARTESIAN_POINT ( 'NONE',  ( 3.958734124999999400, 3.687500001365589400, -4.848051074856647000E-016 ) ) ;
#2438 = EDGE_LOOP ( 'NONE', ( #594, #8494, #2113, #559, #398, #8296 ) ) ;
#2439 = VECTOR ( 'NONE', #406, 1000.000000000000100 ) ;
#2440 = CARTESIAN_POINT ( 'NONE',  ( -14.84201414099325000, -4.819999999999999400, -0.2399999999999997700 ) ) ;
#2441 = ADVANCED_FACE ( 'NONE', ( #7552 ), #2836, .T. ) ;
#2442 = FACE_OUTER_BOUND ( 'NONE', #8361, .T. ) ;
#2443 = EDGE_CURVE ( 'NONE', #4688, #8654, #963, .T. ) ;
#2444 = ORIENTED_EDGE ( 'NONE', *, *, #8072, .F. ) ;
#2445 = AXIS2_PLACEMENT_3D ( 'NONE', #6663, #3288, #1904 ) ;
#2446 = CARTESIAN_POINT ( 'NONE',  ( 8.266365894244633300E-016, 5.749999999999996400, 4.500000000000000000 ) ) ;
#2447 = B_SPLINE_CURVE_WITH_KNOTS ( 'NONE', 3,
 ( #1591, #5678, #2295, #7050, #2988, #7737 ),
 .UNSPECIFIED., .F., .F.,
 ( 4, 2, 4 ),
 ( 0.002060137505873421800, 0.002644210467598554600, 0.003228283429323687900 ),
 .UNSPECIFIED. ) ;
#2448 = CARTESIAN_POINT ( 'NONE',  ( 18.01865935660687500, -14.05000000000000100, 4.192602412650588300 ) ) ;
#2449 = VERTEX_POINT ( 'NONE', #8505 ) ;
#2450 = VERTEX_POINT ( 'NONE', #7826 ) ;
#2451 = CARTESIAN_POINT ( 'NONE',  ( 14.50000000000000000, -5.500000000000000000, 0.0000000000000000000 ) ) ;
#2452 = EDGE_LOOP ( 'NONE', ( #8216, #5405, #2661, #1652, #136, #7924, #5012 ) ) ;
#2453 = CARTESIAN_POINT ( 'NONE',  ( -4.500000000000001800, 3.562500002731183700, -1.863961030678927800 ) ) ;
#2454 = DIRECTION ( 'NONE',  ( 0.0000000000000000000, 1.000000000000000000, 0.0000000000000000000 ) ) ;
#2455 = CARTESIAN_POINT ( 'NONE',  ( 3.958734124999999400, 5.750000001365589400, -1.639761364404187500 ) ) ;
#2456 = CARTESIAN_POINT ( 'NONE',  ( 13.67660911402274600, -14.44999999999999900, -4.816675528020338600 ) ) ;
#2457 = EDGE_CURVE ( 'NONE', #1132, #1001, #2120, .T. ) ;
#2458 = CARTESIAN_POINT ( 'NONE',  ( -14.50000000000000000, -17.61836573537653200, 0.0000000000000000000 ) ) ;
#2459 = DIRECTION ( 'NONE',  ( 0.0000000000000000000, 0.0000000000000000000, 1.000000000000000000 ) ) ;
#2460 = VERTEX_POINT ( 'NONE', #334 ) ;
#2461 = ADVANCED_FACE ( 'NONE', ( #5944 ), #1892, .T. ) ;
#2462 = CARTESIAN_POINT ( 'NONE',  ( 0.0000000000000000000, 41.48528137423857500, 0.0000000000000000000 ) ) ;
#2463 = CARTESIAN_POINT ( 'NONE',  ( 13.50000000000000000, -16.00000000000000000, -1.732050807568876500 ) ) ;
#2464 = FACE_OUTER_BOUND ( 'NONE', #2833, .T. ) ;
#2465 = CARTESIAN_POINT ( 'NONE',  ( -2.755455298081544300E-016, 2.249999999999996000, -4.500000000000000000 ) ) ;
#2466 = DIRECTION ( 'NONE',  ( 0.0000000000000000000, -1.000000000000000000, 0.0000000000000000000 ) ) ;
#2467 = CARTESIAN_POINT ( 'NONE',  ( 14.49999999999999800, -4.819999999999999400, 0.0000000000000000000 ) ) ;
#2468 = CARTESIAN_POINT ( 'NONE',  ( 4.500000000000001800, 3.062499999999996000, -1.863961030678928500 ) ) ;
#2469 = DIRECTION ( 'NONE',  ( 0.0000000000000000000, 0.0000000000000000000, -1.000000000000000000 ) ) ;
#2470 = DIRECTION ( 'NONE',  ( -0.0000000000000000000, 1.000000000000000000, -0.0000000000000000000 ) ) ;
#2471 = FACE_OUTER_BOUND ( 'NONE', #3733, .T. ) ;
#2472 = CARTESIAN_POINT ( 'NONE',  ( 1.639761364404186800, 2.875000001365589000, -3.958734124999999400 ) ) ;
#2473 = EDGE_LOOP ( 'NONE', ( #8446, #6166, #6988 ) ) ;
#2474 = CARTESIAN_POINT ( 'NONE',  ( -14.26000000000000000, -4.819999999999999400, -0.3420141409932464500 ) ) ;
#2475 = DIRECTION ( 'NONE',  ( 0.0000000000000000000, 1.000000000000000000, 0.0000000000000000000 ) ) ;
#2476 = FACE_OUTER_BOUND ( 'NONE', #5611, .T. ) ;
#2477 = CARTESIAN_POINT ( 'NONE',  ( 14.50000000000000000, -16.17863279495408300, -2.309401076758504700 ) ) ;
#2478 = PLANE ( 'NONE',  #7392 ) ;
#2479 = CARTESIAN_POINT ( 'NONE',  ( 14.01617989236617500, -4.999999999999999100, 1.529380587534771000 ) ) ;
#2480 = DIRECTION ( 'NONE',  ( 0.0000000000000000000, -1.000000000000000000, 0.0000000000000000000 ) ) ;
#2481 = DIRECTION ( 'NONE',  ( -0.4320633875534246600, 0.0000000000000000000, 0.9018432397794303700 ) ) ;
#2482 = ORIENTED_EDGE ( 'NONE', *, *, #593, .F. ) ;
#2483 = CARTESIAN_POINT ( 'NONE',  ( -2.424025537428323500E-016, 4.937500001365589400, -3.958734124999999400 ) ) ;
#2484 = EDGE_CURVE ( 'NONE', #5813, #3893, #3719, .T. ) ;
#2485 = FACE_OUTER_BOUND ( 'NONE', #3393, .T. ) ;
#2486 = ADVANCED_FACE ( 'NONE', ( #3925 ), #7330, .T. ) ;
#2487 = AXIS2_PLACEMENT_3D ( 'NONE', #1564, #6350, #2265 ) ;
#2488 = EDGE_CURVE ( 'NONE', #1025, #7923, #79, .T. ) ;
#2489 = CARTESIAN_POINT ( 'NONE',  ( 14.49999999999999800, -17.81836573537652400, 0.8000000000000090400 ) ) ;
#2490 = VECTOR ( 'NONE', #5475, 1000.000000000000000 ) ;
#2491 = DIRECTION ( 'NONE',  ( -0.0000000000000000000, 1.000000000000000000, -0.0000000000000000000 ) ) ;
#2492 = CARTESIAN_POINT ( 'NONE',  ( -1.037398510216588400, 1.000000000000000200, 4.101633040624555800 ) ) ;
#2493 = ORIENTED_EDGE ( 'NONE', *, *, #3868, .T. ) ;
#2494 = ORIENTED_EDGE ( 'NONE', *, *, #4533, .F. ) ;
#2495 = CALENDAR_DATE ( 2019, 2, 1 ) ;
#2496 = PLANE ( 'NONE',  #2150 ) ;
#2497 = CARTESIAN_POINT ( 'NONE',  ( 15.91400053919070400, -14.05000000000000100, 33.21719501711064000 ) ) ;
#2498 = LINE ( 'NONE', #7328, #888 ) ;
#2499 = CARTESIAN_POINT ( 'NONE',  ( 3.181980515339464200, 6.000000002731183300, 3.181980515339463400 ) ) ;
#2500 = EDGE_CURVE ( 'NONE', #483, #6713, #5725, .T. ) ;
#2501 = VERTEX_POINT ( 'NONE', #8533 ) ;
#2502 = CARTESIAN_POINT ( 'NONE',  ( -2.799247744702093100, 2.062500001365589000, -2.799247744702092700 ) ) ;
#2503 = ORIENTED_EDGE ( 'NONE', *, *, #3600, .T. ) ;
#2504 = AXIS2_PLACEMENT_3D ( 'NONE', #5634, #1547, #6327 ) ;
#2505 = EDGE_CURVE ( 'NONE', #5236, #4209, #5302, .T. ) ;
#2506 = VECTOR ( 'NONE', #2701, 1000.000000000000200 ) ;
#2507 = CARTESIAN_POINT ( 'NONE',  ( 4.872006157907522500, -14.44999999999999900, 0.5897000988077660800 ) ) ;
#2508 = CARTESIAN_POINT ( 'NONE',  ( 8.266365894244633300E-016, 4.749999999999996400, 4.500000000000000000 ) ) ;
#2509 = VERTEX_POINT ( 'NONE', #393 ) ;
#2510 = ADVANCED_FACE ( 'NONE', ( #6904 ), #8490, .T. ) ;
#2511 = ORIENTED_EDGE ( 'NONE', *, *, #229, .F. ) ;
#2512 = LINE ( 'NONE', #3604, #7083 ) ;
#2513 = EDGE_LOOP ( 'NONE', ( #1675, #631, #6878, #7387 ) ) ;
#2514 = CARTESIAN_POINT ( 'NONE',  ( 19.03908078629217500, -14.44999999999999900, -27.80439725140095700 ) ) ;
#2515 = CONICAL_SURFACE ( 'NONE', #3803, 3077.683537175313600, 1.256637061435923000 ) ;
#2516 = ORIENTED_EDGE ( 'NONE', *, *, #785, .F. ) ;
#2517 = CARTESIAN_POINT ( 'NONE',  ( -3.958734124999999400, 6.937500001365589400, 0.0000000000000000000 ) ) ;
#2518 = AXIS2_PLACEMENT_3D ( 'NONE', #8105, #8785, #3347 ) ;
#2519 = CARTESIAN_POINT ( 'NONE',  ( -3.958734124999999400, 4.125000001365589400, -1.639761364404187100 ) ) ;
#2520 = CARTESIAN_POINT ( 'NONE',  ( 15.50000000000000200, -16.00000000000000000, 1.732050807568877900 ) ) ;
#2521 = DIRECTION ( 'NONE',  ( 0.0000000000000000000, 0.0000000000000000000, 1.000000000000000000 ) ) ;
#2522 = DIRECTION ( 'NONE',  ( 0.0000000000000000000, 0.0000000000000000000, 1.000000000000000000 ) ) ;
#2523 = ORIENTED_EDGE ( 'NONE', *, *, #4714, .T. ) ;
#2524 = DIRECTION ( 'NONE',  ( 1.000000000000000000, -0.0000000000000000000, 1.224646799147353200E-016 ) ) ;
#2525 = VERTEX_POINT ( 'NONE', #5860 ) ;
#2526 = CARTESIAN_POINT ( 'NONE',  ( 4.500000000000000900, 5.187500002731183300, -1.863961030678928700 ) ) ;
#2527 = CARTESIAN_POINT ( 'NONE',  ( -3.958734124999998500, 1.250000001365589200, 1.639761364404189700 ) ) ;
#2528 = ORIENTED_EDGE ( 'NONE', *, *, #8147, .F. ) ;
#2529 = PLANE ( 'NONE',  #5596 ) ;
#2530 = ADVANCED_FACE ( 'NONE', ( #1466 ), #3294, .T. ) ;
#2531 = CARTESIAN_POINT ( 'NONE',  ( -0.3655483589587543700, 1.000000000000000400, -4.030202112783875600 ) ) ;
#2532 = VECTOR ( 'NONE', #7989, 1000.000000000000000 ) ;
#2533 = VERTEX_POINT ( 'NONE', #7243 ) ;
#2534 = CARTESIAN_POINT ( 'NONE',  ( -1.419759379130965300, -14.44999999999999900, 18.44544071865374900 ) ) ;
#2535 = ORIENTED_EDGE ( 'NONE', *, *, #1068, .T. ) ;
#2536 = DIRECTION ( 'NONE',  ( -0.0000000000000000000, 1.000000000000000000, -0.0000000000000000000 ) ) ;
#2537 = EDGE_CURVE ( 'NONE', #6804, #1126, #5088, .T. ) ;
#2538 = DIRECTION ( 'NONE',  ( -1.000000000000000000, -0.0000000000000000000, -3.491483361109382100E-015 ) ) ;
#2539 = EDGE_CURVE ( 'NONE', #183, #8149, #8712, .T. ) ;
#2540 = AXIS2_PLACEMENT_3D ( 'NONE', #8753, #4683, #585 ) ;
#2541 = EDGE_CURVE ( 'NONE', #6786, #7824, #3520, .T. ) ;
#2542 = FACE_OUTER_BOUND ( 'NONE', #5118, .T. ) ;
#2543 = VERTEX_POINT ( 'NONE', #2508 ) ;
#2544 = CARTESIAN_POINT ( 'NONE',  ( -14.50000000000000000, 21.99999999999996800, -2.000000000000000000 ) ) ;
#2545 = CARTESIAN_POINT ( 'NONE',  ( 3.771107927070132900, 6.860453515238159400, -1.728820375465282000 ) ) ;
#2546 = CARTESIAN_POINT ( 'NONE',  ( -2.799247744702092300, 3.312500001365589400, 2.799247744702093600 ) ) ;
#2547 = VERTEX_POINT ( 'NONE', #7942 ) ;
#2548 = FACE_BOUND ( 'NONE', #225, .T. ) ;
#2549 = CARTESIAN_POINT ( 'NONE',  ( 14.23774010981471200, -4.819999999999999400, -0.2400000000000010700 ) ) ;
#2550 = CARTESIAN_POINT ( 'NONE',  ( 0.0000000000000000000, -14.44999999999999900, 0.0000000000000000000 ) ) ;
#2551 = DIRECTION ( 'NONE',  ( 0.0000000000000000000, -1.000000000000000000, 0.0000000000000000000 ) ) ;
#2552 = ADVANCED_FACE ( 'NONE', ( #6474 ), #4673, .T. ) ;
#2553 = DIRECTION ( 'NONE',  ( 1.000000000000000000, -2.290567970039799000E-016, 3.491483361109382500E-015 ) ) ;
#2554 = CIRCLE ( 'NONE', #7785, 0.3555000000000000400 ) ;
#2555 = EDGE_LOOP ( 'NONE', ( #5598, #857, #6894, #2325 ) ) ;
#2556 = ORIENTED_EDGE ( 'NONE', *, *, #5890, .T. ) ;
#2557 = CARTESIAN_POINT ( 'NONE',  ( -12.50000000000000200, -16.17863279495408300, 1.154700538379255900 ) ) ;
#2558 = AXIS2_PLACEMENT_3D ( 'NONE', #3458, #1407, #6856 ) ;
#2559 = AXIS2_PLACEMENT_3D ( 'NONE', #6981, #174, #4962 ) ;
#2560 = CARTESIAN_POINT ( 'NONE',  ( 14.73999999999999800, -4.357706539904508100, 0.3060795708522669500 ) ) ;
#2561 = EDGE_LOOP ( 'NONE', ( #5485, #6828, #4024 ) ) ;
#2562 = CIRCLE ( 'NONE', #266, 14.50000000000000000 ) ;
#2563 = CARTESIAN_POINT ( 'NONE',  ( -2.755455298081544300E-016, 4.375000002731183300, -4.500000000000000000 ) ) ;
#2564 = VECTOR ( 'NONE', #3176, 1000.000000000000000 ) ;
#2565 = CARTESIAN_POINT ( 'NONE',  ( -2.424025537428323500E-016, 4.687500001365588500, -3.958734124999999400 ) ) ;
#2566 = ORIENTED_EDGE ( 'NONE', *, *, #5115, .T. ) ;
#2567 = DIRECTION ( 'NONE',  ( -0.9432144216567409600, 0.0000000000000000000, 0.3321845191738166900 ) ) ;
#2568 = EDGE_LOOP ( 'NONE', ( #4678, #68, #335, #197 ) ) ;
#2569 = CARTESIAN_POINT ( 'NONE',  ( 3.506410876131839300, 0.9999999999999981100, -2.539705008346756700 ) ) ;
#2570 = ORIENTED_EDGE ( 'NONE', *, *, #1560, .F. ) ;
#2571 = EDGE_CURVE ( 'NONE', #3494, #3188, #4336, .T. ) ;
#2572 = DIRECTION ( 'NONE',  ( -0.4461978007789580400, -0.8949343677499602700, 0.0000000000000000000 ) ) ;
#2573 = AXIS2_PLACEMENT_3D ( 'NONE', #85, #4868, #772 ) ;
#2574 = DIRECTION ( 'NONE',  ( 0.0000000000000000000, 1.000000000000000000, 0.0000000000000000000 ) ) ;
#2575 = DIRECTION ( 'NONE',  ( 0.0000000000000000000, 1.000000000000000000, 0.0000000000000000000 ) ) ;
#2576 = ORIENTED_EDGE ( 'NONE', *, *, #785, .T. ) ;
#2577 = CARTESIAN_POINT ( 'NONE',  ( 3.143537459176124900, 6.741878538892192000, 2.885375732085859300 ) ) ;
#2578 = CARTESIAN_POINT ( 'NONE',  ( 1.639761364404189300, 2.500000001365589400, 3.958734124999998500 ) ) ;
#2579 = VECTOR ( 'NONE', #2859, 1000.000000000000000 ) ;
#2580 = AXIS2_PLACEMENT_3D ( 'NONE', #1400, #5491, #715 ) ;
#2581 = CARTESIAN_POINT ( 'NONE',  ( -14.25999999999999600, -3.400000000000000400, -1.049999999999998900 ) ) ;
#2582 = ADVANCED_FACE ( 'NONE', ( #1252 ), #1024, .T. ) ;
#2583 = DIRECTION ( 'NONE',  ( 0.0000000000000000000, 0.0000000000000000000, 1.000000000000000000 ) ) ;
#2584 = DIRECTION ( 'NONE',  ( 0.0000000000000000000, 0.0000000000000000000, -1.000000000000000000 ) ) ;
#2585 = CARTESIAN_POINT ( 'NONE',  ( -14.84201414099325000, -4.819999999999999400, 0.2399999999999997700 ) ) ;
#2586 = LINE ( 'NONE', #3998, #7594 ) ;
#2587 = PLANE ( 'NONE',  #7000 ) ;
#2588 = CARTESIAN_POINT ( 'NONE',  ( 3.181980515339463400, 6.124999999999996400, -3.181980515339463800 ) ) ;
#2589 = CARTESIAN_POINT ( 'NONE',  ( -4.500000000000000900, 3.562500002731183700, -1.863961030678928000 ) ) ;
#2590 = ORIENTED_EDGE ( 'NONE', *, *, #7056, .F. ) ;
#2591 = CARTESIAN_POINT ( 'NONE',  ( -3.958734124999999400, 3.875000001365589000, -1.639761364404187100 ) ) ;
#2592 = FACE_OUTER_BOUND ( 'NONE', #4883, .T. ) ;
#2593 = CARTESIAN_POINT ( 'NONE',  ( 1.639761364404186800, 6.625000001365589400, -3.958734124999999400 ) ) ;
#2594 = VECTOR ( 'NONE', #2181, 1000.000000000000000 ) ;
#2595 = DIRECTION ( 'NONE',  ( -0.0000000000000000000, -1.000000000000000000, -0.0000000000000000000 ) ) ;
#2596 = ADVANCED_FACE ( 'NONE', ( #5529 ), #6281, .T. ) ;
#2597 = AXIS2_PLACEMENT_3D ( 'NONE', #4935, #846, #5614 ) ;
#2598 = EDGE_CURVE ( 'NONE', #3072, #5958, #8076, .T. ) ;
#2599 = VERTEX_POINT ( 'NONE', #4649 ) ;
#2600 = DIRECTION ( 'NONE',  ( -0.0000000000000000000, 1.000000000000000000, -0.0000000000000000000 ) ) ;
#2601 = ORIENTED_EDGE ( 'NONE', *, *, #7965, .T. ) ;
#2602 = CARTESIAN_POINT ( 'NONE',  ( -14.11633491061257900, -3.432161446792886900, -0.2399999999999997700 ) ) ;
#2603 = DIRECTION ( 'NONE',  ( -0.0000000000000000000, 0.0000000000000000000, 1.000000000000000000 ) ) ;
#2604 = AXIS2_PLACEMENT_3D ( 'NONE', #8581, #3463, #727 ) ;
#2605 = CARTESIAN_POINT ( 'NONE',  ( 3.125080247101484200, -14.44999999999999900, -40.60088159039303700 ) ) ;
#2606 = VECTOR ( 'NONE', #5656, 1000.000000000000000 ) ;
#2607 = DIRECTION ( 'NONE',  ( 0.0000000000000000000, 1.000000000000000000, 0.0000000000000000000 ) ) ;
#2608 = CARTESIAN_POINT ( 'NONE',  ( 3.958734124999999400, 1.687500001365589600, -4.848051074856647000E-016 ) ) ;
#2609 = ORIENTED_EDGE ( 'NONE', *, *, #5213, .F. ) ;
#2610 = EDGE_CURVE ( 'NONE', #6183, #8580, #8290, .T. ) ;
#2611 = EDGE_CURVE ( 'NONE', #5201, #7522, #2881, .T. ) ;
#2612 = ORIENTED_EDGE ( 'NONE', *, *, #4885, .T. ) ;
#2613 = CARTESIAN_POINT ( 'NONE',  ( -3.181980515339462900, 2.750000002731183300, 3.181980515339464200 ) ) ;
#2614 = DIRECTION ( 'NONE',  ( 0.0000000000000000000, 1.000000000000000000, 0.0000000000000000000 ) ) ;
#2615 = AXIS2_PLACEMENT_3D ( 'NONE', #7596, #3536, #8278 ) ;
#2616 = CARTESIAN_POINT ( 'NONE',  ( -1.418476136190723700, -0.6081638274162973800, 11.35099113810775200 ) ) ;
#2617 = ORIENTED_EDGE ( 'NONE', *, *, #72, .F. ) ;
#2618 = DIRECTION ( 'NONE',  ( 0.0000000000000000000, 0.0000000000000000000, 1.000000000000000000 ) ) ;
#2619 = CARTESIAN_POINT ( 'NONE',  ( 14.50000000000000000, -16.00000000000000000, 0.0000000000000000000 ) ) ;
#2620 = FACE_OUTER_BOUND ( 'NONE', #5589, .T. ) ;
#2621 = DIRECTION ( 'NONE',  ( -0.0000000000000000000, 0.0000000000000000000, 1.000000000000000000 ) ) ;
#2622 = ORIENTED_EDGE ( 'NONE', *, *, #7020, .F. ) ;
#2623 = DIRECTION ( 'NONE',  ( 1.000000000000000000, 0.0000000000000000000, 0.0000000000000000000 ) ) ;
#2624 = VECTOR ( 'NONE', #922, 1000.000000000000100 ) ;
#2625 = CARTESIAN_POINT ( 'NONE',  ( -3.181980515339462900, 2.750000002731183300, 3.181980515339464200 ) ) ;
#2626 = ORIENTED_EDGE ( 'NONE', *, *, #2931, .F. ) ;
#2627 = ORIENTED_EDGE ( 'NONE', *, *, #8433, .F. ) ;
#2628 = LINE ( 'NONE', #2323, #7414 ) ;
#2629 = EDGE_CURVE ( 'NONE', #6009, #7620, #4888, .T. ) ;
#2630 = CARTESIAN_POINT ( 'NONE',  ( 14.12273300923241900, -14.44999999999999900, 3.286093782888299200 ) ) ;
#2631 = CARTESIAN_POINT ( 'NONE',  ( -14.25999999999999800, -3.432161446792885200, -0.3836650893874185000 ) ) ;
#2632 = CARTESIAN_POINT ( 'NONE',  ( -2.799247744702092300, 3.062500001365589000, 2.799247744702093600 ) ) ;
#2633 = ADVANCED_FACE ( 'NONE', ( #4244 ), #5826, .F. ) ;
#2634 = AXIS2_PLACEMENT_3D ( 'NONE', #7956, #3885, #8638 ) ;
#2635 = CIRCLE ( 'NONE', #5789, 2.000000000000000000 ) ;
#2636 = ORIENTED_EDGE ( 'NONE', *, *, #1111, .T. ) ;
#2637 = ORIENTED_EDGE ( 'NONE', *, *, #6948, .F. ) ;
#2638 = CARTESIAN_POINT ( 'NONE',  ( 0.0000000000000000000, 1.499999999999999600, 12.10000000000000000 ) ) ;
#2639 = CARTESIAN_POINT ( 'NONE',  ( 0.0000000000000000000, 6.499999999999996400, 0.0000000000000000000 ) ) ;
#2640 = CARTESIAN_POINT ( 'NONE',  ( 0.0000000000000000000, -14.44999999999999900, 0.0000000000000000000 ) ) ;
#2641 = ORIENTED_EDGE ( 'NONE', *, *, #2034, .F. ) ;
#2642 = DIRECTION ( 'NONE',  ( 0.0000000000000000000, 0.0000000000000000000, 1.000000000000000000 ) ) ;
#2643 = EDGE_CURVE ( 'NONE', #6394, #5712, #607, .T. ) ;
#2644 = ORIENTED_EDGE ( 'NONE', *, *, #7952, .F. ) ;
#2645 = DIRECTION ( 'NONE',  ( 0.0000000000000000000, -1.000000000000000000, 0.0000000000000000000 ) ) ;
#2646 = VERTEX_POINT ( 'NONE', #8101 ) ;
#2647 = CARTESIAN_POINT ( 'NONE',  ( -15.50000000000000400, -17.60000000000000100, -1.732050807568875200 ) ) ;
#2648 = CARTESIAN_POINT ( 'NONE',  ( -14.50000000000000200, -17.60000000000000100, 0.0000000000000000000 ) ) ;
#2649 = VERTEX_POINT ( 'NONE', #3344 ) ;
#2650 = ADVANCED_FACE ( 'NONE', ( #4446 ), #7437, .T. ) ;
#2651 = CARTESIAN_POINT ( 'NONE',  ( 0.0000000000000000000, -14.44999999999999900, 0.0000000000000000000 ) ) ;
#2652 = CARTESIAN_POINT ( 'NONE',  ( 1.863961030678930300, 2.937500002731182400, 4.500000000000000000 ) ) ;
#2653 = DIRECTION ( 'NONE',  ( 0.0000000000000000000, 0.0000000000000000000, -1.000000000000000000 ) ) ;
#2654 = CARTESIAN_POINT ( 'NONE',  ( -14.59698751136435400, -4.819999999999999400, -0.3420141409932481700 ) ) ;
#2655 = CARTESIAN_POINT ( 'NONE',  ( 1.863961030678930000, 1.937500002731183300, 4.500000000000000000 ) ) ;
#2656 = VECTOR ( 'NONE', #3285, 1000.000000000000000 ) ;
#2657 = EDGE_LOOP ( 'NONE', ( #987, #1488, #473, #4986 ) ) ;
#2658 = DIRECTION ( 'NONE',  ( 0.0000000000000000000, -0.0000000000000000000, -1.000000000000000000 ) ) ;
#2659 = CARTESIAN_POINT ( 'NONE',  ( -2.202681438879965800, 16.83785484889602600, 1.499999999999999100 ) ) ;
#2660 = CARTESIAN_POINT ( 'NONE',  ( 1.639761364404189300, 2.250000001365589400, 3.958734124999998500 ) ) ;
#2661 = ORIENTED_EDGE ( 'NONE', *, *, #3171, .F. ) ;
#2662 = AXIS2_PLACEMENT_3D ( 'NONE', #8060, #3985, #8744 ) ;
#2663 = DIRECTION ( 'NONE',  ( 8.659560562354691300E-017, 0.7071067811865675600, -0.7071067811865275900 ) ) ;
#2664 = LINE ( 'NONE', #3212, #6070 ) ;
#2665 = EDGE_LOOP ( 'NONE', ( #5807, #8043 ) ) ;
#2666 = DIRECTION ( 'NONE',  ( 0.0000000000000000000, 1.000000000000000000, 0.0000000000000000000 ) ) ;
#2667 = EDGE_LOOP ( 'NONE', ( #2146, #2787, #103, #2617 ) ) ;
#2668 = EDGE_CURVE ( 'NONE', #8067, #7123, #377, .T. ) ;
#2669 = ORIENTED_EDGE ( 'NONE', *, *, #479, .F. ) ;
#2670 = CARTESIAN_POINT ( 'NONE',  ( 14.49999999999999800, -5.000000000000000900, 0.0000000000000000000 ) ) ;
#2671 = FACE_OUTER_BOUND ( 'NONE', #2473, .T. ) ;
#2672 = AXIS2_PLACEMENT_3D ( 'NONE', #5298, #6664, #2603 ) ;
#2673 = EDGE_CURVE ( 'NONE', #1126, #522, #2221, .T. ) ;
#2674 = CARTESIAN_POINT ( 'NONE',  ( 6.858022075225177600E-016, 0.0000000000000000000, 5.599999999999999600 ) ) ;
#2675 = CARTESIAN_POINT ( 'NONE',  ( -16.68409993591954400, -14.44999999999999900, 7.993172669738196800 ) ) ;
#2676 = CIRCLE ( 'NONE', #459, 14.50000000000000000 ) ;
#2677 = ORIENTED_EDGE ( 'NONE', *, *, #873, .T. ) ;
#2678 = CARTESIAN_POINT ( 'NONE',  ( 2.666941187958889300, -14.44999999999999900, -14.25262869438366000 ) ) ;
#2679 = CARTESIAN_POINT ( 'NONE',  ( 6.858022075225177600E-016, 0.1010000000000000100, 5.599999999999999600 ) ) ;
#2680 = ADVANCED_FACE ( 'NONE', ( #825 ), #2005, .T. ) ;
#2681 = CARTESIAN_POINT ( 'NONE',  ( 14.50000000000000000, -17.60000000000000100, 0.0000000000000000000 ) ) ;
#2682 = ORIENTED_EDGE ( 'NONE', *, *, #666, .T. ) ;
#2683 = CARTESIAN_POINT ( 'NONE',  ( 14.50000000000000000, -16.00000000000000000, 0.0000000000000000000 ) ) ;
#2684 = ORIENTED_EDGE ( 'NONE', *, *, #3744, .F. ) ;
#2685 = DIRECTION ( 'NONE',  ( 1.000000000000000000, -2.290567970039799000E-016, 3.491483361109382500E-015 ) ) ;
#2686 = CARTESIAN_POINT ( 'NONE',  ( -2.799247744702093100, 6.812500001365589400, -2.799247744702092700 ) ) ;
#2687 = EDGE_CURVE ( 'NONE', #301, #7934, #5622, .T. ) ;
#2688 = CARTESIAN_POINT ( 'NONE',  ( -1.999999999999994900, 17.00000000000000000, 1.499999999999999100 ) ) ;
#2689 = AXIS2_PLACEMENT_3D ( 'NONE', #8606, #4538, #434 ) ;
#2690 = CARTESIAN_POINT ( 'NONE',  ( -4.229367062499999700, 6.781250002048386300, 0.0000000000000000000 ) ) ;
#2691 = EDGE_CURVE ( 'NONE', #7287, #7673, #3809, .T. ) ;
#2692 = CARTESIAN_POINT ( 'NONE',  ( 4.500000000000000000, 1.125000002731183500, -5.510910596163088600E-016 ) ) ;
#2693 = ORIENTED_EDGE ( 'NONE', *, *, #3066, .T. ) ;
#2694 = FACE_OUTER_BOUND ( 'NONE', #1047, .T. ) ;
#2695 = CARTESIAN_POINT ( 'NONE',  ( 3.958734124999999400, 1.437500001365589400, -4.848051074856647000E-016 ) ) ;
#2696 = ADVANCED_FACE ( 'NONE', ( #7651 ), #5872, .T. ) ;
#2697 = CARTESIAN_POINT ( 'NONE',  ( -6.145413604715678900, -14.44999999999999900, -17.44946680064967400 ) ) ;
#2698 = FACE_OUTER_BOUND ( 'NONE', #2111, .T. ) ;
#2699 = VERTEX_POINT ( 'NONE', #3410 ) ;
#2700 = CARTESIAN_POINT ( 'NONE',  ( 14.15798585900675000, -4.819999999999999400, 0.2399999999999997700 ) ) ;
#2701 = DIRECTION ( 'NONE',  ( -0.9018432397794345900, 0.0000000000000000000, 0.4320633875534157200 ) ) ;
#2702 = DIRECTION ( 'NONE',  ( 0.0000000000000000000, -1.000000000000000000, 0.0000000000000000000 ) ) ;
#2703 = CARTESIAN_POINT ( 'NONE',  ( 14.80607957085226500, -4.357706539904508100, 0.2399999999999996600 ) ) ;
#2704 = CYLINDRICAL_SURFACE ( 'NONE', #7445, 4.500000000000000000 ) ;
#2705 = DIRECTION ( 'NONE',  ( 0.0000000000000000000, -1.000000000000000000, 0.0000000000000000000 ) ) ;
#2706 = CARTESIAN_POINT ( 'NONE',  ( 14.15450835986526300, -3.894975084286508500, -0.2400000000000001900 ) ) ;
#2707 = DIRECTION ( 'NONE',  ( 0.4320633875534194400, 0.0000000000000000000, 0.9018432397794329300 ) ) ;
#2708 = DIRECTION ( 'NONE',  ( 0.0000000000000000000, 0.0000000000000000000, 1.000000000000000000 ) ) ;
#2709 = CARTESIAN_POINT ( 'NONE',  ( -14.74000000000000600, -3.400000000000000400, 1.049999999999998900 ) ) ;
#2710 = CARTESIAN_POINT ( 'NONE',  ( -3.958734124999998500, 6.000000001365589400, 1.639761364404189700 ) ) ;
#2711 = ORIENTED_EDGE ( 'NONE', *, *, #1693, .T. ) ;
#2712 = PLANE ( 'NONE',  #2269 ) ;
#2713 = DIRECTION ( 'NONE',  ( -0.0000000000000000000, -1.000000000000000000, -0.0000000000000000000 ) ) ;
#2714 = FACE_OUTER_BOUND ( 'NONE', #1203, .T. ) ;
#2715 = CIRCLE ( 'NONE', #1753, 0.3555000000000000400 ) ;
#2716 = CARTESIAN_POINT ( 'NONE',  ( 1.863961030678927400, 0.3125000027311828400, -4.500000000000000900 ) ) ;
#2717 = ORIENTED_EDGE ( 'NONE', *, *, #7195, .F. ) ;
#2718 = PLANE ( 'NONE',  #1389 ) ;
#2719 = CARTESIAN_POINT ( 'NONE',  ( -3.958734124999999400, 7.000000000000000000, 0.0000000000000000000 ) ) ;
#2720 = ORIENTED_EDGE ( 'NONE', *, *, #6880, .T. ) ;
#2721 = DATE_AND_TIME ( #4513, #6336 ) ;
#2722 = ADVANCED_FACE ( 'NONE', ( #3617 ), #4361, .T. ) ;
#2723 = DIRECTION ( 'NONE',  ( 0.0000000000000000000, 0.0000000000000000000, 1.000000000000000000 ) ) ;
#2724 = EDGE_CURVE ( 'NONE', #7145, #3427, #7224, .T. ) ;
#2725 = AXIS2_PLACEMENT_3D ( 'NONE', #6275, #4928, #832 ) ;
#2726 = EDGE_CURVE ( 'NONE', #4959, #7541, #1770, .T. ) ;
#2727 = LINE ( 'NONE', #5923, #7919 ) ;
#2729 = CARTESIAN_POINT ( 'NONE',  ( -3.181980515339463800, 2.374999999999996000, -3.181980515339463400 ) ) ;
#2728 = CARTESIAN_POINT ( 'NONE',  ( 14.25999999999999800, -4.819999999999999400, 0.3420141409932473400 ) ) ;
#2730 = CARTESIAN_POINT ( 'NONE',  ( 20.18017091227443400, -14.05000000000000100, 17.29563043101750000 ) ) ;
#2731 = VERTEX_POINT ( 'NONE', #2338 ) ;
#2732 = ORIENTED_EDGE ( 'NONE', *, *, #6470, .F. ) ;
#2733 =( BOUNDED_CURVE ( )  B_SPLINE_CURVE ( 3, ( #4156, #2831, #4871, #777 ),
 .UNSPECIFIED., .F., .F. ) 
 B_SPLINE_CURVE_WITH_KNOTS ( ( 4, 4 ),
 ( 5.965617895249472700, 6.600752719109701500 ),
 .UNSPECIFIED. ) 
 CURVE ( )  GEOMETRIC_REPRESENTATION_ITEM ( )  RATIONAL_B_SPLINE_CURVE ( ( 1.000000000000000000, 0.9666652130990922600, 0.9666652130990922600, 1.000000000000000000 ) ) 
 REPRESENTATION_ITEM ( '' )  );
#2734 = FACE_OUTER_BOUND ( 'NONE', #4470, .T. ) ;
#2735 = VERTEX_POINT ( 'NONE', #7100 ) ;
#2736 = DIRECTION ( 'NONE',  ( -0.9927543628076074300, 0.0000000000000000000, -0.1201614544122253900 ) ) ;
#2737 = CARTESIAN_POINT ( 'NONE',  ( -13.50000000000000400, -16.00000000000000000, 1.732050807568877200 ) ) ;
#2738 = VERTEX_POINT ( 'NONE', #6444 ) ;
#2739 = CYLINDRICAL_SURFACE ( 'NONE', #4613, 4.500000000000000000 ) ;
#2740 = ORIENTED_EDGE ( 'NONE', *, *, #2812, .F. ) ;
#2741 = CARTESIAN_POINT ( 'NONE',  ( 1.863961030678927400, 5.187499999999995600, -4.500000000000001800 ) ) ;
#2742 = DIRECTION ( 'NONE',  ( 0.0000000000000000000, 0.0000000000000000000, 1.000000000000000000 ) ) ;
#2743 = AXIS2_PLACEMENT_3D ( 'NONE', #4799, #697, #5468 ) ;
#2744 = DIRECTION ( 'NONE',  ( 0.0000000000000000000, 1.000000000000000000, 0.0000000000000000000 ) ) ;
#2745 = CIRCLE ( 'NONE', #415, 3.162547666931028600 ) ;
#2746 = ADVANCED_FACE ( 'NONE', ( #8819 ), #3031, .T. ) ;
#2747 = CARTESIAN_POINT ( 'NONE',  ( 7.272076612284971000E-016, 5.187500001365589400, 3.958734124999999400 ) ) ;
#2748 = EDGE_LOOP ( 'NONE', ( #5287, #2875, #2307, #285 ) ) ;
#2749 = DIRECTION ( 'NONE',  ( 0.0000000000000000000, 0.0000000000000000000, 1.000000000000000000 ) ) ;
#2750 = DIRECTION ( 'NONE',  ( 0.0000000000000000000, 0.0000000000000000000, -1.000000000000000000 ) ) ;
#2751 = CARTESIAN_POINT ( 'NONE',  ( 3.958734124999999900, 6.375000001365588500, 1.639761364404186200 ) ) ;
#2752 = EDGE_CURVE ( 'NONE', #8722, #5159, #7006, .T. ) ;
#2753 = CARTESIAN_POINT ( 'NONE',  ( 16.50000000000000000, -17.52015171715227000, -0.7788341705667936000 ) ) ;
#2754 = CARTESIAN_POINT ( 'NONE',  ( 8.192318200501365100, -14.44999999999999900, -11.96394259856399200 ) ) ;
#2755 = AXIS2_PLACEMENT_3D ( 'NONE', #3816, #8570, #4499 ) ;
#2756 = ORIENTED_EDGE ( 'NONE', *, *, #3436, .T. ) ;
#2757 = CARTESIAN_POINT ( 'NONE',  ( 3.958734124999999900, 6.625000001365589400, 1.639761364404186200 ) ) ;
#2758 = CC_DESIGN_PERSON_AND_ORGANIZATION_ASSIGNMENT ( #2939, #6305, ( #904 ) ) ;
#2759 = ORIENTED_EDGE ( 'NONE', *, *, #7099, .F. ) ;
#2761 = DIRECTION ( 'NONE',  ( 0.0000000000000000000, 0.0000000000000000000, 1.000000000000000000 ) ) ;
#2760 = CARTESIAN_POINT ( 'NONE',  ( -14.50000000000000000, -5.000000000000000000, 0.0000000000000000000 ) ) ;
#2762 = DIRECTION ( 'NONE',  ( 0.0000000000000000000, 1.000000000000000000, 0.0000000000000000000 ) ) ;
#2763 = CARTESIAN_POINT ( 'NONE',  ( 0.0000000000000000000, -5.500000000000000000, 0.0000000000000000000 ) ) ;
#2764 = CARTESIAN_POINT ( 'NONE',  ( -14.13689112951617900, -4.777690516702351800, -0.03344401972544081700 ) ) ;
#2765 = VERTEX_POINT ( 'NONE', #8489 ) ;
#2766 = EDGE_CURVE ( 'NONE', #5899, #7103, #2928, .T. ) ;
#2767 = LINE ( 'NONE', #6587, #919 ) ;
#2768 = VERTEX_POINT ( 'NONE', #7839 ) ;
#2769 = DIRECTION ( 'NONE',  ( -0.0000000000000000000, 1.000000000000000000, -0.0000000000000000000 ) ) ;
#2770 = CARTESIAN_POINT ( 'NONE',  ( 0.0000000000000000000, -5.000000000000000000, 0.0000000000000000000 ) ) ;
#2771 = CARTESIAN_POINT ( 'NONE',  ( 14.49999999999999600, -17.42136720504591800, 2.309401076758504700 ) ) ;
#2772 = ORIENTED_EDGE ( 'NONE', *, *, #3988, .F. ) ;
#2773 = DIRECTION ( 'NONE',  ( 0.0000000000000000000, 1.000000000000000000, 0.0000000000000000000 ) ) ;
#2774 = ADVANCED_FACE ( 'NONE', ( #3405 ), #8592, .T. ) ;
#2775 = CARTESIAN_POINT ( 'NONE',  ( -1.863961030678929200, 1.812500002731183300, 4.500000000000000000 ) ) ;
#2776 = DIRECTION ( 'NONE',  ( -0.6507553907836753900, 0.0000000000000000000, 0.7592874431768156200 ) ) ;
#2777 = DIRECTION ( 'NONE',  ( 0.0000000000000000000, -1.000000000000000000, -0.0000000000000000000 ) ) ;
#2778 = LINE ( 'NONE', #783, #928 ) ;
#2779 = ORIENTED_EDGE ( 'NONE', *, *, #8217, .F. ) ;
#2780 = DIRECTION ( 'NONE',  ( 0.0000000000000000000, 0.0000000000000000000, 1.000000000000000000 ) ) ;
#2781 = CARTESIAN_POINT ( 'NONE',  ( -14.50000000000000200, -16.00000000000000000, 0.0000000000000000000 ) ) ;
#2782 = ORIENTED_EDGE ( 'NONE', *, *, #6889, .T. ) ;
#2783 = CIRCLE ( 'NONE', #8453, 14.00000000000000000 ) ;
#2784 = AXIS2_PLACEMENT_3D ( 'NONE', #4138, #6839, #44 ) ;
#2785 = VECTOR ( 'NONE', #5310, 1000.000000000000000 ) ;
#2786 = CARTESIAN_POINT ( 'NONE',  ( 13.16075225999410500, -17.58289480127297800, 1.536186033554503000 ) ) ;
#2787 = ORIENTED_EDGE ( 'NONE', *, *, #1185, .T. ) ;
#2788 = CARTESIAN_POINT ( 'NONE',  ( 1.603120191833866800E-015, -14.05000000000000100, -40.84142135623730500 ) ) ;
#2789 = ORIENTED_EDGE ( 'NONE', *, *, #5993, .T. ) ;
#2790 = EDGE_LOOP ( 'NONE', ( #614, #5179, #3126, #7828 ) ) ;
#2791 = CARTESIAN_POINT ( 'NONE',  ( 2.799247744702092700, 5.812500001365590300, -2.799247744702093100 ) ) ;
#2792 = LINE ( 'NONE', #2889, #945 ) ;
#2793 = ADVANCED_FACE ( 'NONE', ( #5186 ), #4443, .F. ) ;
#2795 = CARTESIAN_POINT ( 'NONE',  ( 14.53301794514583100, -4.788539114293418400, 0.3576999594383801800 ) ) ;
#2794 = CARTESIAN_POINT ( 'NONE',  ( -14.50000000000000000, -4.819999999999999400, 0.0000000000000000000 ) ) ;
#2796 = CARTESIAN_POINT ( 'NONE',  ( -2.222560332733493300, 6.604771658815622000, 3.802981139859932900 ) ) ;
#2797 = FACE_OUTER_BOUND ( 'NONE', #3792, .T. ) ;
#2798 = EDGE_CURVE ( 'NONE', #4734, #7037, #6793, .T. ) ;
#2799 = EDGE_CURVE ( 'NONE', #4819, #4217, #1561, .T. ) ;
#2800 = CARTESIAN_POINT ( 'NONE',  ( 1.863961030678930300, 3.812499999999996400, 4.500000000000000000 ) ) ;
#2801 =( BOUNDED_CURVE ( )  B_SPLINE_CURVE ( 2, ( #1764, #5165, #215, #2468, #7232, #3157, #7903, #3836, #8583 ),
 .UNSPECIFIED., .F., .F. ) 
 B_SPLINE_CURVE_WITH_KNOTS ( ( 3, 2, 2, 2, 3 ),
 ( 0.6071428571428571000, 0.6250000000000000000, 0.6428571428571429000, 0.6607142857142857000, 0.6785714285714286000 ),
 .UNSPECIFIED. ) 
 CURVE ( )  GEOMETRIC_REPRESENTATION_ITEM ( )  RATIONAL_B_SPLINE_CURVE ( ( 1.000000000000000000, 0.9238795325112867400, 1.000000000000000000, 0.9238795325112867400, 1.000000000000000000, 0.9238795325112867400, 1.000000000000000000, 0.9238795325112867400, 1.000000000000000000 ) ) 
 REPRESENTATION_ITEM ( '' )  );
#2802 = AXIS2_PLACEMENT_3D ( 'NONE', #5158, #1071, #5845 ) ;
#2803 = ORIENTED_EDGE ( 'NONE', *, *, #4598, .F. ) ;
#2804 = ORIENTED_EDGE ( 'NONE', *, *, #3080, .T. ) ;
#2805 = DIRECTION ( 'NONE',  ( 1.000000000000000000, -2.290567970039799000E-016, 3.491483361109382100E-015 ) ) ;
#2806 = CARTESIAN_POINT ( 'NONE',  ( 5.204748896376249700E-016, 7.000000000000000000, 3.999999999999996400 ) ) ;
#2807 = CARTESIAN_POINT ( 'NONE',  ( 16.50000000000000000, -17.60000000000000100, 1.154700538379252400 ) ) ;
#2808 = CARTESIAN_POINT ( 'NONE',  ( -4.500000000000001800, 1.562500002731183100, -1.863961030678927800 ) ) ;
#2809 = DIRECTION ( 'NONE',  ( -0.0000000000000000000, 1.000000000000000000, -0.0000000000000000000 ) ) ;
#2810 = VERTEX_POINT ( 'NONE', #2423 ) ;
#2811 = VECTOR ( 'NONE', #2123, 1000.000000000000000 ) ;
#2812 = EDGE_CURVE ( 'NONE', #8033, #2336, #4981, .T. ) ;
#2813 = CARTESIAN_POINT ( 'NONE',  ( -14.15798585900675200, -4.819999999999999400, 0.2399999999999997700 ) ) ;
#2814 = AXIS2_PLACEMENT_3D ( 'NONE', #6834, #2777, #7520 ) ;
#2815 = CARTESIAN_POINT ( 'NONE',  ( 15.26434055678858600, -14.44999999999999900, 10.45226804891546900 ) ) ;
#2816 = PLANE ( 'NONE',  #5778 ) ;
#2817 = CARTESIAN_POINT ( 'NONE',  ( -14.15798585900675200, -4.819999999999999400, -0.2399999999999997700 ) ) ;
#2818 = DIRECTION ( 'NONE',  ( -0.0000000000000000000, 1.000000000000000000, -0.0000000000000000000 ) ) ;
#2819 = VECTOR ( 'NONE', #2572, 1000.000000000000100 ) ;
#2820 = ADVANCED_FACE ( 'NONE', ( #3177, #8387 ), #8547, .T. ) ;
#2821 = CARTESIAN_POINT ( 'NONE',  ( -1.639761364404187300, 5.000000001365589400, -3.958734124999999400 ) ) ;
#2822 = EDGE_CURVE ( 'NONE', #7123, #4331, #4786, .T. ) ;
#2824 = CARTESIAN_POINT ( 'NONE',  ( 3.673940397442060400E-016, 7.000000000000000000, 3.000000000000000400 ) ) ;
#2823 = DIRECTION ( 'NONE',  ( 1.557892197183330900E-015, -0.8949343677499602700, -0.4461978007789580400 ) ) ;
#2825 = ORIENTED_EDGE ( 'NONE', *, *, #6838, .T. ) ;
#2826 = AXIS2_PLACEMENT_3D ( 'NONE', #3647, #5025, #2987 ) ;
#2827 = LINE ( 'NONE', #6311, #8017 ) ;
#2828 = CARTESIAN_POINT ( 'NONE',  ( -2.424025537428323500E-016, 5.687500001365588500, -3.958734124999999400 ) ) ;
#2829 = CIRCLE ( 'NONE', #5237, 5.000000000000000000 ) ;
#2830 = CARTESIAN_POINT ( 'NONE',  ( 0.0000000000000000000, -14.05000000000000100, 0.0000000000000000000 ) ) ;
#2831 = CARTESIAN_POINT ( 'NONE',  ( -14.46655598027455600, -4.777690516702350000, -0.3631088704838236800 ) ) ;
#2832 = ORIENTED_EDGE ( 'NONE', *, *, #2914, .F. ) ;
#2833 = EDGE_LOOP ( 'NONE', ( #3029, #1554, #3386 ) ) ;
#2834 = CARTESIAN_POINT ( 'NONE',  ( -13.50000000000000200, -17.60000000000000100, -1.732050807568875200 ) ) ;
#2835 = CARTESIAN_POINT ( 'NONE',  ( 14.74000000000000000, -4.819999999999999400, -0.2622598901852886700 ) ) ;
#2836 = PLANE ( 'NONE',  #4371 ) ;
#2837 = ADVANCED_FACE ( 'NONE', ( #2972 ), #345, .T. ) ;
#2838 = VECTOR ( 'NONE', #8365, 1000.000000000000000 ) ;
#2839 = ORIENTED_EDGE ( 'NONE', *, *, #8653, .F. ) ;
#2840 = DIRECTION ( 'NONE',  ( -0.0000000000000000000, 1.000000000000000000, -0.0000000000000000000 ) ) ;
#2841 = ORIENTED_EDGE ( 'NONE', *, *, #4569, .T. ) ;
#2842 = CARTESIAN_POINT ( 'NONE',  ( 14.25999999999999800, -3.894975084286508500, 0.3454916401347361000 ) ) ;
#2843 = AXIS2_PLACEMENT_3D ( 'NONE', #8183, #1326, #6109 ) ;
#2844 = CARTESIAN_POINT ( 'NONE',  ( -14.50000000000000000, -4.190020746977269000, 0.0000000000000000000 ) ) ;
#2845 = ORIENTED_EDGE ( 'NONE', *, *, #7444, .F. ) ;
#2846 = CYLINDRICAL_SURFACE ( 'NONE', #5354, 18.50000000000000000 ) ;
#2847 = DIRECTION ( 'NONE',  ( -0.0000000000000000000, 1.000000000000000000, 0.0000000000000000000 ) ) ;
#2848 = CARTESIAN_POINT ( 'NONE',  ( -2.755455298081544300E-016, 6.249999999999996400, -4.500000000000000000 ) ) ;
#2849 = EDGE_CURVE ( 'NONE', #3583, #2937, #1357, .T. ) ;
#2850 = ORIENTED_EDGE ( 'NONE', *, *, #4836, .T. ) ;
#2851 = CARTESIAN_POINT ( 'NONE',  ( -3.958734124999999400, 4.187500001365589400, 0.0000000000000000000 ) ) ;
#2852 = B_SPLINE_CURVE_WITH_KNOTS ( 'NONE', 3,
 ( #1609, #267, #5051, #965, #5731, #1639 ),
 .UNSPECIFIED., .F., .F.,
 ( 4, 2, 4 ),
 ( 0.001168606431211103100, 0.001750609284260043600, 0.002332612137308984500 ),
 .UNSPECIFIED. ) ;
#2853 = LINE ( 'NONE', #4909, #4641 ) ;
#2854 = PLANE ( 'NONE',  #2615 ) ;
#2855 = EDGE_CURVE ( 'NONE', #5736, #588, #8184, .T. ) ;
#2856 = EDGE_LOOP ( 'NONE', ( #7025, #4640, #5768, #5425 ) ) ;
#2857 = EDGE_LOOP ( 'NONE', ( #6812, #516, #4854, #23, #1752 ) ) ;
#2858 = LINE ( 'NONE', #6276, #802 ) ;
#2859 = DIRECTION ( 'NONE',  ( -0.8250994895561396500, 0.0000000000000000000, -0.5649874621035389000 ) ) ;
#2860 = CARTESIAN_POINT ( 'NONE',  ( -14.50000000000000000, -17.81836573537652400, 0.0000000000000000000 ) ) ;
#2861 = CARTESIAN_POINT ( 'NONE',  ( -3.958734124999999400, 4.875000001365589400, -1.639761364404187100 ) ) ;
#2862 = DIRECTION ( 'NONE',  ( 0.0000000000000000000, -1.000000000000000000, 0.0000000000000000000 ) ) ;
#2863 = VERTEX_POINT ( 'NONE', #5215 ) ;
#2864 = ORIENTED_EDGE ( 'NONE', *, *, #702, .F. ) ;
#2865 = ORIENTED_EDGE ( 'NONE', *, *, #8351, .T. ) ;
#2866 = AXIS2_PLACEMENT_3D ( 'NONE', #7443, #615, #6751 ) ;
#2867 = CARTESIAN_POINT ( 'NONE',  ( 0.0000000000000000000, 0.0000000000000000000, 0.0000000000000000000 ) ) ;
#2868 = PLANE ( 'NONE',  #7327 ) ;
#2869 = DIRECTION ( 'NONE',  ( -1.000000000000000000, 0.0000000000000000000, 0.0000000000000000000 ) ) ;
#2870 = EDGE_CURVE ( 'NONE', #7194, #6229, #1129, .T. ) ;
#2871 = ORIENTED_EDGE ( 'NONE', *, *, #729, .T. ) ;
#2872 = PERSON ( 'UNSPECIFIED', 'UNSPECIFIED', 'UNSPECIFIED', ('UNSPECIFIED'), ('UNSPECIFIED'), ('UNSPECIFIED') ) ;
#2873 = CARTESIAN_POINT ( 'NONE',  ( 0.0000000000000000000, -14.05000000000000100, 0.0000000000000000000 ) ) ;
#2874 = CARTESIAN_POINT ( 'NONE',  ( -14.84201414099325000, -4.819999999999999400, 0.09698751136435079800 ) ) ;
#2875 = ORIENTED_EDGE ( 'NONE', *, *, #1601, .T. ) ;
#2876 = ORIENTED_EDGE ( 'NONE', *, *, #5784, .T. ) ;
#2877 = CARTESIAN_POINT ( 'NONE',  ( -1.863961030678928000, 1.312499999999996000, -4.500000000000001800 ) ) ;
#2878 = CARTESIAN_POINT ( 'NONE',  ( -2.755455298081544300E-016, 1.249999999999996000, -4.500000000000000000 ) ) ;
#2879 = CARTESIAN_POINT ( 'NONE',  ( -1.639761364404188200, 3.375000001365589400, 3.958734124999998500 ) ) ;
#2880 = CARTESIAN_POINT ( 'NONE',  ( -2.755455298081544300E-016, 3.249999999999996000, -4.500000000000000000 ) ) ;
#2881 = LINE ( 'NONE', #8036, #2656 ) ;
#2882 = VERTEX_POINT ( 'NONE', #1127 ) ;
#2883 = DIRECTION ( 'NONE',  ( 0.0000000000000000000, 1.000000000000000000, -2.290567970039799000E-016 ) ) ;
#2884 = CARTESIAN_POINT ( 'NONE',  ( 14.49999999999999800, -5.000000000000000900, -2.000000000000000000 ) ) ;
#2885 = ORIENTED_EDGE ( 'NONE', *, *, #583, .T. ) ;
#2886 = CARTESIAN_POINT ( 'NONE',  ( -12.82771778100631700, -16.07933779981235700, -1.343908487461470800 ) ) ;
#2887 = AXIS2_PLACEMENT_3D ( 'NONE', #1064, #4472, #372 ) ;
#2888 = CARTESIAN_POINT ( 'NONE',  ( -2.799247744702092300, 4.062500001365589400, 2.799247744702093600 ) ) ;
#2889 = CARTESIAN_POINT ( 'NONE',  ( -1.443137078762504200, -1.250000000000001100, 11.40909090909090800 ) ) ;
#2890 = CIRCLE ( 'NONE', #587, 18.50000000000000000 ) ;
#2891 = ORIENTED_EDGE ( 'NONE', *, *, #7236, .T. ) ;
#2892 = ORIENTED_EDGE ( 'NONE', *, *, #4599, .F. ) ;
#2893 = DIRECTION ( 'NONE',  ( -0.4461978007789580400, -0.8949343677499602700, 0.0000000000000000000 ) ) ;
#2894 = PERSON_AND_ORGANIZATION_ROLE ( 'design_owner' ) ;
#2895 = ORIENTED_EDGE ( 'NONE', *, *, #843, .F. ) ;
#2896 = DIRECTION ( 'NONE',  ( 0.0000000000000000000, 1.000000000000000000, 0.0000000000000000000 ) ) ;
#2897 = FACE_OUTER_BOUND ( 'NONE', #3591, .T. ) ;
#2898 = FACE_OUTER_BOUND ( 'NONE', #3307, .T. ) ;
#2899 = DIRECTION ( 'NONE',  ( 0.0000000000000000000, 1.000000000000000000, 0.0000000000000000000 ) ) ;
#2900 = CARTESIAN_POINT ( 'NONE',  ( -13.50000000000000200, -17.60000000000000100, 1.732050807568878700 ) ) ;
#2901 = ORIENTED_EDGE ( 'NONE', *, *, #6530, .T. ) ;
#2902 = ORIENTED_EDGE ( 'NONE', *, *, #3471, .F. ) ;
#2903 = EDGE_CURVE ( 'NONE', #1352, #509, #7760, .T. ) ;
#2904 = ORIENTED_EDGE ( 'NONE', *, *, #1907, .F. ) ;
#2905 = EDGE_CURVE ( 'NONE', #676, #1827, #2767, .T. ) ;
#2906 = CARTESIAN_POINT ( 'NONE',  ( 2.799247744702092700, 5.562500001365589400, -2.799247744702093100 ) ) ;
#2907 = CARTESIAN_POINT ( 'NONE',  ( 2.799247744702093600, 2.562500001365589400, 2.799247744702092700 ) ) ;
#2908 = DIRECTION ( 'NONE',  ( 0.0000000000000000000, 0.0000000000000000000, 1.000000000000000000 ) ) ;
#2909 = ORIENTED_EDGE ( 'NONE', *, *, #8319, .F. ) ;
#2911 = DIRECTION ( 'NONE',  ( -0.0000000000000000000, 1.000000000000000000, 0.0000000000000000000 ) ) ;
#2910 = DIRECTION ( 'NONE',  ( -1.000000000000000000, 0.0000000000000000000, 0.0000000000000000000 ) ) ;
#2912 = LINE ( 'NONE', #3799, #7884 ) ;
#2913 = EDGE_CURVE ( 'NONE', #4368, #8046, #4552, .T. ) ;
#2914 = EDGE_CURVE ( 'NONE', #1225, #8370, #7958, .T. ) ;
#2915 = CARTESIAN_POINT ( 'NONE',  ( 1.639761364404189300, 3.250000001365589000, 3.958734124999998500 ) ) ;
#2916 = AXIS2_PLACEMENT_3D ( 'NONE', #414, #1105, #5877 ) ;
#2917 = CARTESIAN_POINT ( 'NONE',  ( 0.0000000000000000000, 7.000000000000000000, 0.0000000000000000000 ) ) ;
#2918 = CIRCLE ( 'NONE', #2364, 1.999999999999998200 ) ;
#2919 = CARTESIAN_POINT ( 'NONE',  ( 14.49999999999999600, -17.42136720504591800, 2.309401076758504700 ) ) ;
#2920 = ORIENTED_EDGE ( 'NONE', *, *, #5856, .T. ) ;
#2921 = DATE_TIME_ROLE ( 'classification_date' ) ;
#2922 = EDGE_CURVE ( 'NONE', #3838, #8482, #212, .T. ) ;
#2923 = CARTESIAN_POINT ( 'NONE',  ( 1.603120191833866800E-015, -14.44999999999999900, -40.84142135623730500 ) ) ;
#2924 = AXIS2_PLACEMENT_3D ( 'NONE', #5331, #1249, #6020 ) ;
#2925 = DIRECTION ( 'NONE',  ( 0.0000000000000000000, 0.0000000000000000000, 1.000000000000000000 ) ) ;
#2926 = ORIENTED_EDGE ( 'NONE', *, *, #3972, .F. ) ;
#2927 = CARTESIAN_POINT ( 'NONE',  ( -1.639761364404187300, 4.750000001365588500, -3.958734124999999400 ) ) ;
#2928 = B_SPLINE_CURVE_WITH_KNOTS ( 'NONE', 3,
 ( #5103, #6471, #2392, #7161 ),
 .UNSPECIFIED., .F., .F.,
 ( 4, 4 ),
 ( 2.380749485077270800E-007, 0.001168606431211098100 ),
 .UNSPECIFIED. ) ;
#2929 = FACE_OUTER_BOUND ( 'NONE', #8612, .T. ) ;
#2930 = CARTESIAN_POINT ( 'NONE',  ( 3.958734124999999400, 1.750000001365589000, -1.639761364404187500 ) ) ;
#2931 = EDGE_CURVE ( 'NONE', #7337, #1211, #6572, .T. ) ;
#2932 = DIRECTION ( 'NONE',  ( 0.0000000000000000000, -1.000000000000000000, 0.0000000000000000000 ) ) ;
#2933 = DIRECTION ( 'NONE',  ( 0.0000000000000000000, 1.000000000000000000, 0.0000000000000000000 ) ) ;
#2934 = LINE ( 'NONE', #6010, #1080 ) ;
#2935 = CARTESIAN_POINT ( 'NONE',  ( 1.328131735800228700, -0.3724660022067293700, 11.20593346053390200 ) ) ;
#2936 = DIRECTION ( 'NONE',  ( -0.0000000000000000000, 1.000000000000000000, -0.0000000000000000000 ) ) ;
#2937 = VERTEX_POINT ( 'NONE', #5967 ) ;
#2938 = ORIENTED_EDGE ( 'NONE', *, *, #983, .T. ) ;
#2939 = PERSON_AND_ORGANIZATION ( #2872, #7398 ) ;
#2940 = CARTESIAN_POINT ( 'NONE',  ( 3.958734124999999400, 2.437500001365588500, -4.848051074856647000E-016 ) ) ;
#2941 = DIRECTION ( 'NONE',  ( 0.0000000000000000000, 0.0000000000000000000, -1.000000000000000000 ) ) ;
#2942 = CIRCLE ( 'NONE', #2755, 2.000000000000000900 ) ;
#2943 = ORIENTED_EDGE ( 'NONE', *, *, #4328, .F. ) ;
#2944 = VECTOR ( 'NONE', #3942, 999.9999999999998900 ) ;
#2945 = ORIENTED_EDGE ( 'NONE', *, *, #229, .T. ) ;
#2946 = ORIENTED_EDGE ( 'NONE', *, *, #3290, .T. ) ;
#2947 = FACE_OUTER_BOUND ( 'NONE', #6031, .T. ) ;
#2948 = DIRECTION ( 'NONE',  ( -0.5649874621035423400, 0.0000000000000000000, 0.8250994895561373200 ) ) ;
#2949 = AXIS2_PLACEMENT_3D ( 'NONE', #7022, #3645, #7142 ) ;
#2950 = CIRCLE ( 'NONE', #4269, 0.8000000000000090400 ) ;
#2951 = ORIENTED_EDGE ( 'NONE', *, *, #3655, .F. ) ;
#2952 = CARTESIAN_POINT ( 'NONE',  ( -3.958734124999999400, 3.937500001365589000, 0.0000000000000000000 ) ) ;
#2953 = EDGE_CURVE ( 'NONE', #5522, #4256, #7749, .T. ) ;
#2954 = CARTESIAN_POINT ( 'NONE',  ( -2.424025537428323500E-016, 0.9375000013655889800, -3.958734124999999400 ) ) ;
#2955 = CARTESIAN_POINT ( 'NONE',  ( -2.755455298081544300E-016, 1.375000002731182800, -4.500000000000000000 ) ) ;
#2956 = AXIS2_PLACEMENT_3D ( 'NONE', #7705, #3649, #8389 ) ;
#2957 = EDGE_CURVE ( 'NONE', #5530, #8599, #712, .T. ) ;
#2958 = DIRECTION ( 'NONE',  ( 0.0000000000000000000, 1.000000000000000000, 0.0000000000000000000 ) ) ;
#2959 = DIRECTION ( 'NONE',  ( 0.0000000000000000000, -1.000000000000000000, 0.0000000000000000000 ) ) ;
#2960 = DIRECTION ( 'NONE',  ( -0.0000000000000000000, 0.0000000000000000000, 1.000000000000000000 ) ) ;
#2961 = ORIENTED_EDGE ( 'NONE', *, *, #466, .F. ) ;
#2962 = CARTESIAN_POINT ( 'NONE',  ( 1.639761364404186800, 1.625000001365589000, -3.958734124999999400 ) ) ;
#2963 = B_SPLINE_CURVE_WITH_KNOTS ( 'NONE', 3,
 ( #2834, #1406, #3517, #8263, #4190, #94 ),
 .UNSPECIFIED., .F., .F.,
 ( 4, 2, 4 ),
 ( 0.001168606431211102600, 0.001750609284260042800, 0.002332612137308983200 ),
 .UNSPECIFIED. ) ;
#2964 = ORIENTED_EDGE ( 'NONE', *, *, #932, .T. ) ;
#2965 = DIRECTION ( 'NONE',  ( 0.0000000000000000000, 0.0000000000000000000, 1.000000000000000000 ) ) ;
#2966 = EDGE_LOOP ( 'NONE', ( #58, #925, #7001, #5246 ) ) ;
#2967 = EDGE_CURVE ( 'NONE', #7438, #1998, #5932, .T. ) ;
#2968 = CARTESIAN_POINT ( 'NONE',  ( 12.49999999999999800, -17.60000000000000100, -1.154700538379252400 ) ) ;
#2969 = CARTESIAN_POINT ( 'NONE',  ( 14.84201414099325000, -4.819999999999999400, -0.09698751136435036800 ) ) ;
#2970 = ORIENTED_EDGE ( 'NONE', *, *, #8152, .F. ) ;
#2971 = EDGE_CURVE ( 'NONE', #6394, #2731, #4136, .T. ) ;
#2972 = FACE_OUTER_BOUND ( 'NONE', #440, .T. ) ;
#2973 = ORIENTED_EDGE ( 'NONE', *, *, #2426, .F. ) ;
#2974 = DIRECTION ( 'NONE',  ( 0.0000000000000000000, 0.0000000000000000000, -1.000000000000000000 ) ) ;
#2975 = CARTESIAN_POINT ( 'NONE',  ( -14.50000000000000000, 21.99999999999996800, 2.000000000000000000 ) ) ;
#2976 = ORIENTED_EDGE ( 'NONE', *, *, #1068, .F. ) ;
#2977 = CARTESIAN_POINT ( 'NONE',  ( 8.266365894244633300E-016, 1.749999999999996400, 4.500000000000000000 ) ) ;
#2978 = VECTOR ( 'NONE', #917, 1000.000000000000000 ) ;
#2979 = ORIENTED_EDGE ( 'NONE', *, *, #4313, .F. ) ;
#2980 = CARTESIAN_POINT ( 'NONE',  ( -1.639761364404188200, 3.125000001365589000, 3.958734124999998500 ) ) ;
#2981 = B_SPLINE_CURVE_WITH_KNOTS ( 'NONE', 3,
 ( #5537, #6227, #6895, #2145 ),
 .UNSPECIFIED., .F., .F.,
 ( 4, 4 ),
 ( 0.0006611328646872212800, 0.002054287873658126900 ),
 .UNSPECIFIED. ) ;
#2982 = ORIENTED_EDGE ( 'NONE', *, *, #3825, .F. ) ;
#2983 = CARTESIAN_POINT ( 'NONE',  ( 4.500000000000000000, 6.999999999999995600, -5.510910596163088600E-016 ) ) ;
#2984 = CIRCLE ( 'NONE', #1762, 18.50000000000000000 ) ;
#2985 = CARTESIAN_POINT ( 'NONE',  ( 14.50000000000000000, -14.44999999999999900, 2.000000000000000900 ) ) ;
#2986 = CARTESIAN_POINT ( 'NONE',  ( -3.181980457743647200, 6.500000000000010700, -3.181980572935279900 ) ) ;
#2987 = DIRECTION ( 'NONE',  ( 0.0000000000000000000, 0.0000000000000000000, 1.000000000000000000 ) ) ;
#2988 = CARTESIAN_POINT ( 'NONE',  ( 16.50000000000000000, -16.00000000000000400, 0.1951254011572752500 ) ) ;
#2989 = CYLINDRICAL_SURFACE ( 'NONE', #8691, 2.000000000000000000 ) ;
#2990 = VERTEX_POINT ( 'NONE', #6033 ) ;
#2991 = ORIENTED_EDGE ( 'NONE', *, *, #708, .F. ) ;
#2992 = CARTESIAN_POINT ( 'NONE',  ( -2.799247744702093100, 0.8125000013655889800, -2.799247744702092700 ) ) ;
#2993 = ORIENTED_EDGE ( 'NONE', *, *, #6838, .F. ) ;
#2994 = VECTOR ( 'NONE', #5812, 1000.000000000000100 ) ;
#2995 = DIRECTION ( 'NONE',  ( 0.0000000000000000000, -1.000000000000000000, -0.0000000000000000000 ) ) ;
#2996 = VECTOR ( 'NONE', #8830, 1000.000000000000000 ) ;
#2997 = TOROIDAL_SURFACE ( 'NONE', #4023, 1.819999999999999400, 0.1800000000000003300 ) ;
#2998 =( BOUNDED_CURVE ( )  B_SPLINE_CURVE ( 2, ( #107, #4200, #5568, #1471, #6258, #2173, #6928, #2877, #2878 ),
 .UNSPECIFIED., .F., .F. ) 
 B_SPLINE_CURVE_WITH_KNOTS ( ( 3, 2, 2, 2, 3 ),
 ( 0.8214285714285714000, 0.8392857142857143000, 0.8571428571428571000, 0.8750000000000000000, 0.8928571428571429000 ),
 .UNSPECIFIED. ) 
 CURVE ( )  GEOMETRIC_REPRESENTATION_ITEM ( )  RATIONAL_B_SPLINE_CURVE ( ( 1.000000000000000000, 0.9238795325112867400, 1.000000000000000000, 0.9238795325112867400, 1.000000000000000000, 0.9238795325112867400, 1.000000000000000000, 0.9238795325112867400, 1.000000000000000000 ) ) 
 REPRESENTATION_ITEM ( '' )  );
#2999 = DIRECTION ( 'NONE',  ( 0.0000000000000000000, -1.000000000000000000, 0.0000000000000000000 ) ) ;
#3000 = EDGE_LOOP ( 'NONE', ( #1388, #7427, #2885, #7111, #7396 ) ) ;
#3001 = ORIENTED_EDGE ( 'NONE', *, *, #2337, .F. ) ;
#3002 = CARTESIAN_POINT ( 'NONE',  ( -14.50000000000000000, -5.000000000000000000, 0.0000000000000000000 ) ) ;
#3003 = DIRECTION ( 'NONE',  ( 0.0000000000000000000, -1.000000000000000000, 0.0000000000000000000 ) ) ;
#3004 = DIRECTION ( 'NONE',  ( 0.0000000000000000000, 0.0000000000000000000, -1.000000000000000000 ) ) ;
#3005 = EDGE_CURVE ( 'NONE', #7123, #1688, #4339, .T. ) ;
#3006 = EDGE_CURVE ( 'NONE', #8482, #7121, #3917, .T. ) ;
#3007 = AXIS2_PLACEMENT_3D ( 'NONE', #5397, #1303, #6088 ) ;
#3008 = EDGE_CURVE ( 'NONE', #6585, #6200, #2342, .T. ) ;
#3009 = CARTESIAN_POINT ( 'NONE',  ( -2.755455298081544300E-016, 2.375000002731182800, -4.500000000000000000 ) ) ;
#3010 = CARTESIAN_POINT ( 'NONE',  ( 2.799247744702093600, 2.312500001365589400, 2.799247744702092700 ) ) ;
#3011 = CIRCLE ( 'NONE', #6318, 14.50000000000000000 ) ;
#3012 = CARTESIAN_POINT ( 'NONE',  ( 1.863961030678927400, 6.187499999999996400, -4.500000000000000900 ) ) ;
#3013 = DIRECTION ( 'NONE',  ( -0.0000000000000000000, 1.000000000000000000, -0.0000000000000000000 ) ) ;
#3014 = DIRECTION ( 'NONE',  ( 0.0000000000000000000, 0.0000000000000000000, 1.000000000000000000 ) ) ;
#3015 = DIRECTION ( 'NONE',  ( 0.4320633875534194400, 0.0000000000000000000, 0.9018432397794329300 ) ) ;
#3016 = VECTOR ( 'NONE', #5230, 1000.000000000000000 ) ;
#3017 = CARTESIAN_POINT ( 'NONE',  ( 2.799247744702092700, 6.812500001365589400, -2.799247744702093100 ) ) ;
#3018 = AXIS2_PLACEMENT_3D ( 'NONE', #1465, #6919, #2869 ) ;
#3019 = AXIS2_PLACEMENT_3D ( 'NONE', #3002, #7752, #3687 ) ;
#3020 = ORIENTED_EDGE ( 'NONE', *, *, #6757, .T. ) ;
#3021 = CARTESIAN_POINT ( 'NONE',  ( -14.80607957085226700, -4.357706539904508100, -0.2399999999999997700 ) ) ;
#3022 = VECTOR ( 'NONE', #3496, 1000.000000000000000 ) ;
#3023 = DIRECTION ( 'NONE',  ( -2.258754526011468200E-016, 0.0000000000000000000, 1.000000000000000000 ) ) ;
#3024 = LINE ( 'NONE', #3476, #6424 ) ;
#3025 = EDGE_CURVE ( 'NONE', #3258, #8726, #1889, .T. ) ;
#3026 = ORIENTED_EDGE ( 'NONE', *, *, #3006, .T. ) ;
#3027 = CARTESIAN_POINT ( 'NONE',  ( -12.50000000000000200, -17.60000000000000100, 0.0000000000000000000 ) ) ;
#3028 = CARTESIAN_POINT ( 'NONE',  ( -15.47018871898937500, -3.560076670449441300, 0.2399999999999997700 ) ) ;
#3029 = ORIENTED_EDGE ( 'NONE', *, *, #8812, .F. ) ;
#3030 = PLANE ( 'NONE',  #8071 ) ;
#3031 = PLANE ( 'NONE',  #7407 ) ;
#3032 = ADVANCED_FACE ( 'NONE', ( #5521 ), #6100, .F. ) ;
#3033 = FACE_OUTER_BOUND ( 'NONE', #8481, .T. ) ;
#3034 = CARTESIAN_POINT ( 'NONE',  ( 3.958734124999999400, 1.500000001365588500, -1.639761364404187500 ) ) ;
#3035 = ORIENTED_EDGE ( 'NONE', *, *, #5724, .F. ) ;
#3036 = ORIENTED_EDGE ( 'NONE', *, *, #5064, .T. ) ;
#3037 = B_SPLINE_CURVE_WITH_KNOTS ( 'NONE', 3,
 ( #7745, #3021, #4376, #279 ),
 .UNSPECIFIED., .F., .F.,
 ( 4, 4 ),
 ( 0.0008975940788892042400, 0.002290662657314788300 ),
 .UNSPECIFIED. ) ;
#3038 = CARTESIAN_POINT ( 'NONE',  ( -3.181980515339463800, 5.374999999999996400, -3.181980515339463400 ) ) ;
#3039 = AXIS2_PLACEMENT_3D ( 'NONE', #2770, #6830, #2067 ) ;
#3040 = VECTOR ( 'NONE', #2707, 1000.000000000000000 ) ;
#3041 = CARTESIAN_POINT ( 'NONE',  ( 14.25999999999999800, -3.432161446792886900, 0.3836650893874185000 ) ) ;
#3042 = B_SPLINE_CURVE_WITH_KNOTS ( 'NONE', 3,
 ( #4851, #6893, #2842, #7590 ),
 .UNSPECIFIED., .F., .F.,
 ( 4, 4 ),
 ( 0.0008975940788892008800, 0.002290662657314784800 ),
 .UNSPECIFIED. ) ;
#3043 = ORIENTED_EDGE ( 'NONE', *, *, #1185, .F. ) ;
#3044 = CARTESIAN_POINT ( 'NONE',  ( -15.66973530707967800, -16.00000000000000400, 1.634054082335445000 ) ) ;
#3045 = CIRCLE ( 'NONE', #4434, 14.50000000000000000 ) ;
#3046 = CARTESIAN_POINT ( 'NONE',  ( -1.639761364404187300, 6.000000001365588500, -3.958734124999999400 ) ) ;
#3047 = VERTEX_POINT ( 'NONE', #2678 ) ;
#3048 = CONICAL_SURFACE ( 'NONE', #6378, 0.3555000000000000400, 0.06981317007976586800 ) ;
#3049 = CARTESIAN_POINT ( 'NONE',  ( 12.49999999999999800, -17.60000000000000100, -0.1952413320394015600 ) ) ;
#3050 = ORIENTED_EDGE ( 'NONE', *, *, #1776, .F. ) ;
#3051 = ORIENTED_EDGE ( 'NONE', *, *, #2157, .T. ) ;
#3052 = LINE ( 'NONE', #750, #6657 ) ;
#3053 = DIRECTION ( 'NONE',  ( 0.0000000000000000000, 1.000000000000000000, 0.0000000000000000000 ) ) ;
#3054 = AXIS2_PLACEMENT_3D ( 'NONE', #698, #5503, #1412 ) ;
#3055 = EDGE_CURVE ( 'NONE', #5094, #6979, #1637, .T. ) ;
#3056 = ORIENTED_EDGE ( 'NONE', *, *, #7045, .T. ) ;
#3057 = DIRECTION ( 'NONE',  ( 0.0000000000000000000, -1.000000000000000000, 0.0000000000000000000 ) ) ;
#3058 = CARTESIAN_POINT ( 'NONE',  ( -14.50000000000000000, -17.81836573537652400, 0.0000000000000000000 ) ) ;
#3059 = ORIENTED_EDGE ( 'NONE', *, *, #3641, .F. ) ;
#3060 = CARTESIAN_POINT ( 'NONE',  ( 14.84201414099324800, -4.819999999999999400, -0.2400000000000001900 ) ) ;
#3061 = AXIS2_PLACEMENT_3D ( 'NONE', #3155, #2466, #3834 ) ;
#3062 = VERTEX_POINT ( 'NONE', #2009 ) ;
#3063 = DIRECTION ( 'NONE',  ( 0.0000000000000000000, 0.0000000000000000000, 1.000000000000000000 ) ) ;
#3064 = ORIENTED_EDGE ( 'NONE', *, *, #6315, .T. ) ;
#3065 = CARTESIAN_POINT ( 'NONE',  ( -2.424025537428323500E-016, 0.6875000013655887500, -3.958734124999999400 ) ) ;
#3066 = EDGE_CURVE ( 'NONE', #1715, #2543, #3709, .T. ) ;
#3067 = EDGE_CURVE ( 'NONE', #3819, #778, #7542, .T. ) ;
#3068 = CARTESIAN_POINT ( 'NONE',  ( -4.500000000000000000, 4.562499999999996400, 1.863961030678930700 ) ) ;
#3069 = ORIENTED_EDGE ( 'NONE', *, *, #5115, .F. ) ;
#3070 = DIRECTION ( 'NONE',  ( 0.0000000000000000000, 0.0000000000000000000, -1.000000000000000000 ) ) ;
#3071 = DIRECTION ( 'NONE',  ( 0.0000000000000000000, 1.000000000000000000, 0.0000000000000000000 ) ) ;
#3072 = VERTEX_POINT ( 'NONE', #7519 ) ;
#3073 = CARTESIAN_POINT ( 'NONE',  ( -3.933731953473435600, 1.000000000000000200, 0.5141090851590279800 ) ) ;
#3074 = DIRECTION ( 'NONE',  ( -0.0000000000000000000, 1.000000000000000000, -0.0000000000000000000 ) ) ;
#3075 = CARTESIAN_POINT ( 'NONE',  ( -3.958734124999999400, 5.187500001365589400, 0.0000000000000000000 ) ) ;
#3076 = ADVANCED_FACE ( 'NONE', ( #2112 ), #4823, .T. ) ;
#3077 = CARTESIAN_POINT ( 'NONE',  ( -16.50000000000000000, -17.42136720504591800, -1.154700538379255900 ) ) ;
#3078 = VECTOR ( 'NONE', #7269, 1000.000000000000000 ) ;
#3079 = VERTEX_POINT ( 'NONE', #6191 ) ;
#3080 = EDGE_CURVE ( 'NONE', #5813, #237, #269, .T. ) ;
#3081 = AXIS2_PLACEMENT_3D ( 'NONE', #7124, #3053, #7804 ) ;
#3082 = ORIENTED_EDGE ( 'NONE', *, *, #1409, .T. ) ;
#3083 = CARTESIAN_POINT ( 'NONE',  ( -14.74000000000000000, -3.894975084286508500, -0.3454916401347378200 ) ) ;
#3084 = AXIS2_PLACEMENT_3D ( 'NONE', #5243, #1166, #5933 ) ;
#3085 = CIRCLE ( 'NONE', #8075, 1.928476821192052700 ) ;
#3086 = ORIENTED_EDGE ( 'NONE', *, *, #8096, .T. ) ;
#3087 = DIRECTION ( 'NONE',  ( 0.8660254037844381500, 0.0000000000000000000, 0.5000000000000007800 ) ) ;
#3088 = CARTESIAN_POINT ( 'NONE',  ( -0.7874411594252547200, 6.967513559150542200, -3.958734124999999400 ) ) ;
#3089 = PLANE ( 'NONE',  #7311 ) ;
#3090 = VERTEX_POINT ( 'NONE', #1403 ) ;
#3091 = ORIENTED_EDGE ( 'NONE', *, *, #7570, .T. ) ;
#3092 = CIRCLE ( 'NONE', #5760, 14.50000000000000000 ) ;
#3093 = EDGE_CURVE ( 'NONE', #5182, #3572, #1883, .T. ) ;
#3094 = DIRECTION ( 'NONE',  ( 3.124648454283931100E-015, -0.4461978007789582100, -0.8949343677499602700 ) ) ;
#3095 = DIRECTION ( 'NONE',  ( 1.000000000000000000, 0.0000000000000000000, 0.0000000000000000000 ) ) ;
#3096 = CYLINDRICAL_SURFACE ( 'NONE', #3409, 1.000000000000000000 ) ;
#3097 = B_SPLINE_CURVE_WITH_KNOTS ( 'NONE', 3,
 ( #611, #2659, #8776, #5391 ),
 .UNSPECIFIED., .F., .F.,
 ( 4, 4 ),
 ( 0.009608601937817181200, 0.01038896904274761400 ),
 .UNSPECIFIED. ) ;
#3098 = CARTESIAN_POINT ( 'NONE',  ( 8.266365894244633300E-016, 3.749999999999996400, 4.500000000000000000 ) ) ;
#3099 = ORIENTED_EDGE ( 'NONE', *, *, #5411, .T. ) ;
#3100 = ORIENTED_EDGE ( 'NONE', *, *, #5547, .F. ) ;
#3101 = ORIENTED_EDGE ( 'NONE', *, *, #6268, .T. ) ;
#3102 = CARTESIAN_POINT ( 'NONE',  ( -1.756327395035935700, 1.000000000000000700, -3.557408315304653200 ) ) ;
#3103 = CARTESIAN_POINT ( 'NONE',  ( 0.0000000000000000000, -10.00000000000000000, 14.50000000000000000 ) ) ;
#3104 = CARTESIAN_POINT ( 'NONE',  ( -1.639761364404188200, 4.375000001365589400, 3.958734124999998500 ) ) ;
#3105 = CARTESIAN_POINT ( 'NONE',  ( 0.0000000000000000000, 1.499999999999999600, 12.10000000000000000 ) ) ;
#3106 = VERTEX_POINT ( 'NONE', #2100 ) ;
#3107 = FACE_OUTER_BOUND ( 'NONE', #4298, .T. ) ;
#3108 = CARTESIAN_POINT ( 'NONE',  ( 15.50000000000000200, -17.60000000000000100, -1.732050807568875200 ) ) ;
#3109 = AXIS2_PLACEMENT_3D ( 'NONE', #543, #1928, #6679 ) ;
#3110 = DIRECTION ( 'NONE',  ( -1.000000000000000000, 0.0000000000000000000, 0.0000000000000000000 ) ) ;
#3111 = CARTESIAN_POINT ( 'NONE',  ( 7.272076612284971000E-016, 6.437500001365589400, 3.958734124999999400 ) ) ;
#3112 = CIRCLE ( 'NONE', #8012, 1.999999999999998200 ) ;
#3113 = DIRECTION ( 'NONE',  ( 0.0000000000000000000, 1.000000000000000000, 0.0000000000000000000 ) ) ;
#3114 = EDGE_CURVE ( 'NONE', #7988, #1974, #1443, .T. ) ;
#3115 = VERTEX_POINT ( 'NONE', #2134 ) ;
#3116 = CARTESIAN_POINT ( 'NONE',  ( 8.192318200501365100, -14.44999999999999900, -11.96394259856399200 ) ) ;
#3117 = ADVANCED_FACE ( 'NONE', ( #7110 ), #1226, .T. ) ;
#3118 = AXIS2_PLACEMENT_3D ( 'NONE', #8787, #4720, #622 ) ;
#3119 = EDGE_CURVE ( 'NONE', #7517, #7587, #4969, .T. ) ;
#3120 = PLANE ( 'NONE',  #7619 ) ;
#3121 = VECTOR ( 'NONE', #4822, 999.9999999999998900 ) ;
#3122 = CARTESIAN_POINT ( 'NONE',  ( 4.500000000000000900, 2.937499999999996400, 1.863961030678926700 ) ) ;
#3123 = DIRECTION ( 'NONE',  ( 0.0000000000000000000, -1.000000000000000000, 0.0000000000000000000 ) ) ;
#3124 = CARTESIAN_POINT ( 'NONE',  ( 12.49999999999999800, -17.42136720504591800, -1.154700538379255900 ) ) ;
#3125 = DIRECTION ( 'NONE',  ( -1.000000000000000000, 0.0000000000000000000, 0.0000000000000000000 ) ) ;
#3126 = ORIENTED_EDGE ( 'NONE', *, *, #6170, .T. ) ;
#3127 = EDGE_CURVE ( 'NONE', #2509, #8700, #3052, .T. ) ;
#3128 = CARTESIAN_POINT ( 'NONE',  ( 2.799247744702093600, 3.562500001365589000, 2.799247744702092700 ) ) ;
#3129 = AXIS2_PLACEMENT_3D ( 'NONE', #4505, #1784, #6558 ) ;
#3130 = FACE_OUTER_BOUND ( 'NONE', #7715, .T. ) ;
#3131 = EDGE_CURVE ( 'NONE', #1525, #3255, #8270, .T. ) ;
#3132 = VECTOR ( 'NONE', #3960, 1000.000000000000000 ) ;
#3133 = DIRECTION ( 'NONE',  ( -1.000000000000000000, 0.0000000000000000000, 0.0000000000000000000 ) ) ;
#3134 = ADVANCED_FACE ( 'NONE', ( #1002 ), #7608, .T. ) ;
#3135 = ORIENTED_EDGE ( 'NONE', *, *, #5365, .T. ) ;
#3136 = ORIENTED_EDGE ( 'NONE', *, *, #702, .T. ) ;
#3137 = PLANE ( 'NONE',  #7182 ) ;
#3138 = B_SPLINE_CURVE_WITH_KNOTS ( 'NONE', 3,
 ( #3289, #7363, #8724, #4653, #555, #5332 ),
 .UNSPECIFIED., .F., .F.,
 ( 4, 2, 4 ),
 ( 0.002060137505873418300, 0.002644210467598552000, 0.003228283429323685300 ),
 .UNSPECIFIED. ) ;
#3139 = CARTESIAN_POINT ( 'NONE',  ( 14.49999999999999800, -17.81836573537652400, 0.0000000000000000000 ) ) ;
#3140 = LOCAL_TIME ( 19, 5, 7.000000000000000000, #4950 ) ;
#3141 = PLANE ( 'NONE',  #4114 ) ;
#3142 = LINE ( 'NONE', #1712, #1322 ) ;
#3143 = CARTESIAN_POINT ( 'NONE',  ( -1.863961030678928000, 3.437500002731183700, -4.500000000000001800 ) ) ;
#3144 = CARTESIAN_POINT ( 'NONE',  ( 3.958734125000000300, 5.625000001365589400, 1.639761364404186200 ) ) ;
#3145 = CARTESIAN_POINT ( 'NONE',  ( -14.50000000000000000, -4.190020746977267200, 0.0000000000000000000 ) ) ;
#3146 = ORIENTED_EDGE ( 'NONE', *, *, #8628, .T. ) ;
#3147 = DIRECTION ( 'NONE',  ( 0.0000000000000000000, 0.0000000000000000000, 1.000000000000000000 ) ) ;
#3148 = CIRCLE ( 'NONE', #5067, 1.999999999999995800 ) ;
#3149 = ORIENTED_EDGE ( 'NONE', *, *, #5814, .T. ) ;
#3150 = CARTESIAN_POINT ( 'NONE',  ( -12.50000000000000200, -17.60000000000000100, -1.154700538379249000 ) ) ;
#3151 = CARTESIAN_POINT ( 'NONE',  ( 3.181980457743415000, 1.000000000000000000, 3.181980572935512600 ) ) ;
#3152 = ORIENTED_EDGE ( 'NONE', *, *, #3131, .F. ) ;
#3153 = LINE ( 'NONE', #2137, #7933 ) ;
#3154 = CARTESIAN_POINT ( 'NONE',  ( 3.181980515339463400, 2.124999999999996000, -3.181980515339463800 ) ) ;
#3155 = CARTESIAN_POINT ( 'NONE',  ( 1.603120191833866800E-015, -14.44999999999999900, -40.84142135623730500 ) ) ;
#3156 = DIRECTION ( 'NONE',  ( 0.0000000000000000000, 0.0000000000000000000, 1.000000000000000000 ) ) ;
#3157 = CARTESIAN_POINT ( 'NONE',  ( 4.500000000000001800, 2.937499999999996400, 1.863961030678926700 ) ) ;
#3158 = VECTOR ( 'NONE', #5132, 1000.000000000000000 ) ;
#3159 = ORIENTED_EDGE ( 'NONE', *, *, #1560, .T. ) ;
#3160 = ORIENTED_EDGE ( 'NONE', *, *, #8523, .F. ) ;
#3161 = CARTESIAN_POINT ( 'NONE',  ( 3.958734124999999400, 2.750000001365589000, -1.639761364404187500 ) ) ;
#3162 = DIRECTION ( 'NONE',  ( -0.0000000000000000000, -1.000000000000000000, -0.0000000000000000000 ) ) ;
#3163 = ADVANCED_FACE ( 'NONE', ( #8050 ), #4866, .T. ) ;
#3164 = CARTESIAN_POINT ( 'NONE',  ( -14.50000000000000000, -14.05000000000000100, 0.0000000000000000000 ) ) ;
#3165 = DIRECTION ( 'NONE',  ( -1.000000000000000000, 0.0000000000000000000, 0.0000000000000000000 ) ) ;
#3166 = EDGE_LOOP ( 'NONE', ( #6693, #243, #2590, #4722, #8155 ) ) ;
#3167 = CARTESIAN_POINT ( 'NONE',  ( -6.264919119524582100, -14.44999999999999900, -13.07672697680177800 ) ) ;
#3168 = EDGE_CURVE ( 'NONE', #8139, #1949, #6253, .T. ) ;
#3169 = ORIENTED_EDGE ( 'NONE', *, *, #3748, .T. ) ;
#3170 = AXIS2_PLACEMENT_3D ( 'NONE', #5630, #1545, #6324 ) ;
#3171 = EDGE_CURVE ( 'NONE', #6335, #5522, #2858, .T. ) ;
#3172 = ORIENTED_EDGE ( 'NONE', *, *, #2971, .T. ) ;
#3173 = DIRECTION ( 'NONE',  ( 0.0000000000000000000, 0.0000000000000000000, -1.000000000000000000 ) ) ;
#3174 = CARTESIAN_POINT ( 'NONE',  ( 2.799247744702092700, 4.812500001365589400, -2.799247744702093100 ) ) ;
#3175 = DIRECTION ( 'NONE',  ( -0.8660254037844380400, 0.0000000000000000000, -0.5000000000000010000 ) ) ;
#3176 = DIRECTION ( 'NONE',  ( 0.6507553907836753900, 0.0000000000000000000, -0.7592874431768156200 ) ) ;
#3177 = FACE_OUTER_BOUND ( 'NONE', #2438, .T. ) ;
#3178 = ORIENTED_EDGE ( 'NONE', *, *, #7728, .T. ) ;
#3179 = ADVANCED_FACE ( 'NONE', ( #7829 ), #6451, .T. ) ;
#3180 = CARTESIAN_POINT ( 'NONE',  ( -1.974847135621225600, 1.000000000000001100, 3.662307014864266500 ) ) ;
#3181 = ORIENTED_EDGE ( 'NONE', *, *, #2417, .T. ) ;
#3182 = DIRECTION ( 'NONE',  ( 0.0000000000000000000, 1.000000000000000000, 0.0000000000000000000 ) ) ;
#3183 = DIRECTION ( 'NONE',  ( 0.0000000000000000000, 0.0000000000000000000, 1.000000000000000000 ) ) ;
#3184 = AXIS2_PLACEMENT_3D ( 'NONE', #2076, #6837, #2780 ) ;
#3185 = CARTESIAN_POINT ( 'NONE',  ( 8.266365894244633300E-016, 5.749999999999996400, 4.500000000000000000 ) ) ;
#3186 = CARTESIAN_POINT ( 'NONE',  ( 8.266365894244633300E-016, 5.875000002731183300, 4.500000000000000000 ) ) ;
#3187 = VECTOR ( 'NONE', #1519, 999.9999999999998900 ) ;
#3188 = VERTEX_POINT ( 'NONE', #2217 ) ;
#3189 = CARTESIAN_POINT ( 'NONE',  ( -2.424025537428323500E-016, 1.937500001365589000, -3.958734124999999400 ) ) ;
#3190 = ORIENTED_EDGE ( 'NONE', *, *, #8575, .T. ) ;
#3191 = FACE_OUTER_BOUND ( 'NONE', #4367, .T. ) ;
#3192 = DIRECTION ( 'NONE',  ( 0.0000000000000000000, 1.000000000000000000, 0.0000000000000000000 ) ) ;
#3193 = LINE ( 'NONE', #6801, #6386 ) ;
#3194 = EDGE_CURVE ( 'NONE', #2765, #3832, #5021, .T. ) ;
#3195 = EDGE_LOOP ( 'NONE', ( #8809, #4249, #3286, #6964 ) ) ;
#3196 = CARTESIAN_POINT ( 'NONE',  ( -14.36206896551724400, -14.05000000000000100, -1.995238088481296800 ) ) ;
#3197 = CARTESIAN_POINT ( 'NONE',  ( -1.159274549435076700, 7.000000000000002700, -3.819092505314639400 ) ) ;
#3198 = EDGE_LOOP ( 'NONE', ( #4576, #1917, #4404 ) ) ;
#3199 = ORIENTED_EDGE ( 'NONE', *, *, #6022, .T. ) ;
#3200 = SECURITY_CLASSIFICATION ( '', '', #2219 ) ;
#3201 = FACE_OUTER_BOUND ( 'NONE', #7359, .T. ) ;
#3202 = CIRCLE ( 'NONE', #6013, 1.000000000000000900 ) ;
#3203 = CARTESIAN_POINT ( 'NONE',  ( 1.087032659244721300, 6.948444122142483100, -3.912512556488880300 ) ) ;
#3204 = CARTESIAN_POINT ( 'NONE',  ( -1.639761364404187300, 4.000000001365589400, -3.958734124999999400 ) ) ;
#3205 = CIRCLE ( 'NONE', #2662, 0.3555000000000000400 ) ;
#3206 = EDGE_CURVE ( 'NONE', #6388, #808, #6032, .T. ) ;
#3207 = DIRECTION ( 'NONE',  ( 0.0000000000000000000, -1.000000000000000000, 0.0000000000000000000 ) ) ;
#3208 = ADVANCED_FACE ( 'NONE', ( #4224 ), #2197, .T. ) ;
#3209 = CARTESIAN_POINT ( 'NONE',  ( -1.603120191833866800E-015, -14.05000000000000100, 40.84142135623730500 ) ) ;
#3210 = ORIENTED_EDGE ( 'NONE', *, *, #6633, .F. ) ;
#3211 = ORIENTED_EDGE ( 'NONE', *, *, #467, .T. ) ;
#3212 = CARTESIAN_POINT ( 'NONE',  ( -14.74000000000000200, -4.819999999999999400, 0.3420141409932473400 ) ) ;
#3213 = CARTESIAN_POINT ( 'NONE',  ( 0.0000000000000000000, -14.44999999999999900, 0.0000000000000000000 ) ) ;
#3214 = DIRECTION ( 'NONE',  ( 1.224646799147351500E-016, 0.0000000000000000000, -1.000000000000000000 ) ) ;
#3215 = CARTESIAN_POINT ( 'NONE',  ( 4.500000000000000900, 5.062500002731183300, 1.863961030678926700 ) ) ;
#3216 = SPHERICAL_SURFACE ( 'NONE', #7221, 3.200000000000000200 ) ;
#3217 = CARTESIAN_POINT ( 'NONE',  ( -3.958734124999999400, 1.125000001365589200, -1.639761364404187100 ) ) ;
#3218 = CARTESIAN_POINT ( 'NONE',  ( 0.1554383540326221600, 1.000000000000000200, -4.077723426398835100 ) ) ;
#3219 = ADVANCED_FACE ( 'NONE', ( #5801 ), #7690, .F. ) ;
#3220 = AXIS2_PLACEMENT_3D ( 'NONE', #2817, #7561, #3498 ) ;
#3221 = CARTESIAN_POINT ( 'NONE',  ( -14.76225989018528900, -4.819999999999999400, 0.2400000000000006300 ) ) ;
#3222 = CIRCLE ( 'NONE', #7274, 14.50000000000000000 ) ;
#3223 = DIRECTION ( 'NONE',  ( 0.0000000000000000000, -1.000000000000000000, 0.0000000000000000000 ) ) ;
#3224 = CARTESIAN_POINT ( 'NONE',  ( -19.03908078629211100, -14.44999999999999900, -13.03702410483619400 ) ) ;
#3225 = AXIS2_PLACEMENT_3D ( 'NONE', #3395, #8670, #1377 ) ;
#3226 = CARTESIAN_POINT ( 'NONE',  ( 14.49999999999999800, -4.819999999999999400, 0.0000000000000000000 ) ) ;
#3227 = CARTESIAN_POINT ( 'NONE',  ( 4.161286257022427800, 6.826708747213517700, -0.4196069287834795500 ) ) ;
#3228 = EDGE_LOOP ( 'NONE', ( #2201, #2622 ) ) ;
#3229 = CARTESIAN_POINT ( 'NONE',  ( -3.958734124999999400, 3.187500001365589400, 0.0000000000000000000 ) ) ;
#3230 = EDGE_CURVE ( 'NONE', #5307, #7081, #577, .T. ) ;
#3231 = EDGE_CURVE ( 'NONE', #3326, #864, #7626, .T. ) ;
#3232 = LINE ( 'NONE', #5469, #5034 ) ;
#3233 = CARTESIAN_POINT ( 'NONE',  ( 13.07672697680174100, -14.05000000000000100, 6.264919119524663000 ) ) ;
#3234 = AXIS2_PLACEMENT_3D ( 'NONE', #1723, #2398, #7197 ) ;
#3235 = CARTESIAN_POINT ( 'NONE',  ( -13.66973530707967100, -17.60000000000000100, 1.830047532802310900 ) ) ;
#3236 = CIRCLE ( 'NONE', #2061, 0.3555000000000000400 ) ;
#3237 = DIRECTION ( 'NONE',  ( 0.0000000000000000000, -1.000000000000000000, 0.0000000000000000000 ) ) ;
#3238 = ORIENTED_EDGE ( 'NONE', *, *, #32, .T. ) ;
#3239 = ORIENTED_EDGE ( 'NONE', *, *, #2691, .T. ) ;
#3240 = DIRECTION ( 'NONE',  ( 0.0000000000000000000, 0.0000000000000000000, 1.000000000000000000 ) ) ;
#3241 = CARTESIAN_POINT ( 'NONE',  ( 14.73999999999999800, -3.432161446792885200, 0.3836650893874198300 ) ) ;
#3242 = VECTOR ( 'NONE', #5517, 1000.000000000000000 ) ;
#3243 = CARTESIAN_POINT ( 'NONE',  ( 3.181980515339463400, 4.250000002731183300, -3.181980515339463800 ) ) ;
#3244 = EDGE_CURVE ( 'NONE', #7706, #3115, #4285, .T. ) ;
#3245 = ORIENTED_EDGE ( 'NONE', *, *, #796, .F. ) ;
#3246 = CARTESIAN_POINT ( 'NONE',  ( -1.863961030678929200, 4.687499999999996400, 4.500000000000000000 ) ) ;
#3247 = ORIENTED_EDGE ( 'NONE', *, *, #4804, .F. ) ;
#3248 = AXIS2_PLACEMENT_3D ( 'NONE', #6134, #2744, #5439 ) ;
#3249 = CARTESIAN_POINT ( 'NONE',  ( 2.799247744702092700, 4.562500001365588500, -2.799247744702093100 ) ) ;
#3250 = FACE_OUTER_BOUND ( 'NONE', #2667, .T. ) ;
#3251 = DIRECTION ( 'NONE',  ( -0.0000000000000000000, 1.000000000000000000, -0.0000000000000000000 ) ) ;
#3252 = ADVANCED_FACE ( 'NONE', ( #2400 ), #5008, .T. ) ;
#3253 = CARTESIAN_POINT ( 'NONE',  ( 3.812862791297469300, 0.9999999999999972200, -2.120287833233914600 ) ) ;
#3254 = ORIENTED_EDGE ( 'NONE', *, *, #4753, .T. ) ;
#3255 = VERTEX_POINT ( 'NONE', #201 ) ;
#3256 = VECTOR ( 'NONE', #3023, 1000.000000000000000 ) ;
#3257 = CARTESIAN_POINT ( 'NONE',  ( 2.598076211353317300, 16.49999999999999600, 1.499999999999999100 ) ) ;
#3258 = VERTEX_POINT ( 'NONE', #2300 ) ;
#3259 = DIRECTION ( 'NONE',  ( -0.0000000000000000000, -1.000000000000000000, -0.0000000000000000000 ) ) ;
#3260 = EDGE_CURVE ( 'NONE', #5484, #2450, #3613, .T. ) ;
#3261 = FACE_OUTER_BOUND ( 'NONE', #7211, .T. ) ;
#3262 = DIRECTION ( 'NONE',  ( -0.0000000000000000000, 1.000000000000000000, -0.0000000000000000000 ) ) ;
#3263 = VERTEX_POINT ( 'NONE', #5033 ) ;
#3264 = CARTESIAN_POINT ( 'NONE',  ( 2.090582312026518800, 6.710032414322681900, 3.755994945776290900 ) ) ;
#3265 = CARTESIAN_POINT ( 'NONE',  ( -1.639761364404188200, 2.375000001365589900, 3.958734124999998500 ) ) ;
#3266 = ORIENTED_EDGE ( 'NONE', *, *, #7352, .T. ) ;
#3267 =( BOUNDED_CURVE ( )  B_SPLINE_CURVE ( 2, ( #2955, #7021, #4312, #214, #4996, #910, #5673 ),
 .UNSPECIFIED., .F., .F. ) 
 B_SPLINE_CURVE_WITH_KNOTS ( ( 3, 2, 2, 3 ),
 ( 0.7500000000000000000, 0.7678571428571429000, 0.7857142857142857000, 0.8035714289937445600 ),
 .UNSPECIFIED. ) 
 CURVE ( )  GEOMETRIC_REPRESENTATION_ITEM ( )  RATIONAL_B_SPLINE_CURVE ( ( 1.000000000000000000, 0.9238795325112867400, 1.000000000000000000, 0.9238795325112867400, 1.000000000000000000, 0.9238795325112867400, 1.000000000000000000 ) ) 
 REPRESENTATION_ITEM ( '' )  );
#3268 = CARTESIAN_POINT ( 'NONE',  ( 14.49999999999999800, -3.432161446792886900, 0.0000000000000000000 ) ) ;
#3269 = CARTESIAN_POINT ( 'NONE',  ( 14.49999999999999800, -4.819999999999999400, 0.0000000000000000000 ) ) ;
#3270 = DIRECTION ( 'NONE',  ( 0.0000000000000000000, 1.000000000000000000, 0.0000000000000000000 ) ) ;
#3271 = ADVANCED_FACE ( 'NONE', ( #5605 ), #155, .T. ) ;
#3272 = DIRECTION ( 'NONE',  ( 0.0000000000000000000, -1.000000000000000000, 0.0000000000000000000 ) ) ;
#3273 = CARTESIAN_POINT ( 'NONE',  ( 14.40301248863564600, -4.819999999999999400, -0.3420141409932477300 ) ) ;
#3274 = ORIENTED_EDGE ( 'NONE', *, *, #7887, .F. ) ;
#3275 = CARTESIAN_POINT ( 'NONE',  ( -14.50000000000000000, -4.046379599446113100, 0.0000000000000000000 ) ) ;
#3276 = DIRECTION ( 'NONE',  ( 1.000000000000000000, 0.0000000000000000000, 0.0000000000000000000 ) ) ;
#3277 = CARTESIAN_POINT ( 'NONE',  ( 17.44946680064964200, -14.05000000000000100, 6.145413604715783700 ) ) ;
#3278 = CARTESIAN_POINT ( 'NONE',  ( -1.863961030678928300, 3.437500002731183700, -4.500000000000000900 ) ) ;
#3279 = EDGE_LOOP ( 'NONE', ( #6631, #3401, #5169, #7406, #2693, #1651, #4151, #1358, #8665, #6926, #2331, #3099, #5594, #6232, #5925, #1339, #6973, #2249 ) ) ;
#3280 = CARTESIAN_POINT ( 'NONE',  ( 12.79648433899191500, -14.05000000000000100, 4.506710138927894100 ) ) ;
#3281 = CARTESIAN_POINT ( 'NONE',  ( -1.639761364404187300, 3.750000001365589000, -3.958734124999999400 ) ) ;
#3282 = AXIS2_PLACEMENT_3D ( 'NONE', #2648, #6035, #3767 ) ;
#3283 = ORIENTED_EDGE ( 'NONE', *, *, #3716, .T. ) ;
#3284 = CARTESIAN_POINT ( 'NONE',  ( 3.958734124999999400, 6.500000001365589400, -1.639761364404187500 ) ) ;
#3285 = DIRECTION ( 'NONE',  ( 0.0000000000000000000, 1.000000000000000000, 0.0000000000000000000 ) ) ;
#3286 = ORIENTED_EDGE ( 'NONE', *, *, #6111, .F. ) ;
#3287 = CARTESIAN_POINT ( 'NONE',  ( -14.84201414099325000, -4.819999999999999400, -0.2399999999999997700 ) ) ;
#3288 = DIRECTION ( 'NONE',  ( 0.0000000000000000000, -1.000000000000000000, 0.0000000000000000000 ) ) ;
#3289 = CARTESIAN_POINT ( 'NONE',  ( -16.50000000000000000, -16.17863279495408300, 1.154700538379255900 ) ) ;
#3290 = EDGE_CURVE ( 'NONE', #701, #8328, #2628, .T. ) ;
#3291 = ORIENTED_EDGE ( 'NONE', *, *, #466, .T. ) ;
#3292 = AXIS2_PLACEMENT_3D ( 'NONE', #8538, #4466, #368 ) ;
#3293 = EDGE_CURVE ( 'NONE', #4458, #848, #3037, .T. ) ;
#3294 = TOROIDAL_SURFACE ( 'NONE', #6649, 10.49999999999999800, 1.000000000000000000 ) ;
#3295 = EDGE_LOOP ( 'NONE', ( #5253, #1686, #7769, #1485 ) ) ;
#3296 = CARTESIAN_POINT ( 'NONE',  ( 14.12273300923241900, -14.44999999999999900, 3.286093782888299200 ) ) ;
#3297 = CARTESIAN_POINT ( 'NONE',  ( 2.799247744702093600, 1.562500001365589600, 2.799247744702092700 ) ) ;
#3298 = ORIENTED_EDGE ( 'NONE', *, *, #6583, .T. ) ;
#3299 = CARTESIAN_POINT ( 'NONE',  ( -4.500000000000000000, 2.625000002731183300, 0.0000000000000000000 ) ) ;
#3300 = DIRECTION ( 'NONE',  ( -0.0000000000000000000, 1.000000000000000000, -0.0000000000000000000 ) ) ;
#3301 = ADVANCED_FACE ( 'NONE', ( #5389 ), #5065, .F. ) ;
#3302 = DIRECTION ( 'NONE',  ( -1.000000000000000000, -0.0000000000000000000, -3.491483361109382100E-015 ) ) ;
#3303 = CARTESIAN_POINT ( 'NONE',  ( -1.443137078762504200, -1.000000000000000000, 11.40909090909090800 ) ) ;
#3304 = CARTESIAN_POINT ( 'NONE',  ( 9.435953166363290700, -14.05000000000000100, -11.00966792606383000 ) ) ;
#3305 = FACE_OUTER_BOUND ( 'NONE', #4253, .T. ) ;
#3306 = VERTEX_POINT ( 'NONE', #7776 ) ;
#3307 = EDGE_LOOP ( 'NONE', ( #4546, #2832, #2895, #3521 ) ) ;
#3308 = PLANE ( 'NONE',  #8829 ) ;
#3309 = CARTESIAN_POINT ( 'NONE',  ( -2.598076211353317300, 16.49999999999999600, 1.499999999999999100 ) ) ;
#3310 = ORIENTED_EDGE ( 'NONE', *, *, #2156, .F. ) ;
#3311 = CONICAL_SURFACE ( 'NONE', #3946, 2.000000000000000000, 1.047197551196595900 ) ;
#3312 = EDGE_CURVE ( 'NONE', #8794, #7947, #3786, .T. ) ;
#3313 = CARTESIAN_POINT ( 'NONE',  ( -4.500000000000000000, 2.625000002731183300, 0.0000000000000000000 ) ) ;
#3314 = VECTOR ( 'NONE', #2933, 1000.000000000000000 ) ;
#3315 = DIRECTION ( 'NONE',  ( -0.0000000000000000000, 1.000000000000000000, -0.0000000000000000000 ) ) ;
#3316 = CARTESIAN_POINT ( 'NONE',  ( 14.49999999999999800, -4.819999999999999400, 0.0000000000000000000 ) ) ;
#3317 = CARTESIAN_POINT ( 'NONE',  ( -3.958734124999999400, 2.937500001365589000, 0.0000000000000000000 ) ) ;
#3318 = VERTEX_POINT ( 'NONE', #6116 ) ;
#3319 = ORIENTED_EDGE ( 'NONE', *, *, #6417, .T. ) ;
#3320 = DIRECTION ( 'NONE',  ( -0.0000000000000000000, 1.000000000000000000, 0.0000000000000000000 ) ) ;
#3321 = ORIENTED_EDGE ( 'NONE', *, *, #7912, .T. ) ;
#3322 = ADVANCED_FACE ( 'NONE', ( #8795 ), #7122, .T. ) ;
#3323 = CARTESIAN_POINT ( 'NONE',  ( 11.96394259856402800, -14.44999999999999900, 8.192318200501311800 ) ) ;
#3324 = DIRECTION ( 'NONE',  ( 0.0000000000000000000, 0.0000000000000000000, 1.000000000000000000 ) ) ;
#3325 = DIRECTION ( 'NONE',  ( 0.0000000000000000000, 0.0000000000000000000, -1.000000000000000000 ) ) ;
#3326 = VERTEX_POINT ( 'NONE', #5406 ) ;
#3327 = PLANE ( 'NONE',  #8051 ) ;
#3328 = FACE_OUTER_BOUND ( 'NONE', #3511, .T. ) ;
#3329 = AXIS2_PLACEMENT_3D ( 'NONE', #5809, #1032, #5122 ) ;
#3330 =( BOUNDED_CURVE ( )  B_SPLINE_CURVE ( 2, ( #2001, #6090, #8130, #4068, #8816, #4749, #649, #5423, #1343 ),
 .UNSPECIFIED., .F., .F. ) 
 B_SPLINE_CURVE_WITH_KNOTS ( ( 3, 2, 2, 2, 3 ),
 ( 0.2500000000000000000, 0.2678571428571428500, 0.2857142857142857000, 0.3035714285714285500, 0.3214285714285714500 ),
 .UNSPECIFIED. ) 
 CURVE ( )  GEOMETRIC_REPRESENTATION_ITEM ( )  RATIONAL_B_SPLINE_CURVE ( ( 1.000000000000000000, 0.9238795325112867400, 1.000000000000000000, 0.9238795325112867400, 1.000000000000000000, 0.9238795325112867400, 1.000000000000000000, 0.9238795325112867400, 1.000000000000000000 ) ) 
 REPRESENTATION_ITEM ( '' )  );
#3331 = CARTESIAN_POINT ( 'NONE',  ( -14.26000000000000200, -3.894975084286507600, 0.3454916401347377700 ) ) ;
#3332 = DIRECTION ( 'NONE',  ( -0.0000000000000000000, -1.000000000000000000, -0.0000000000000000000 ) ) ;
#3333 = SPHERICAL_SURFACE ( 'NONE', #77, 3.200000000000000200 ) ;
#3334 = DIRECTION ( 'NONE',  ( 0.3321845191738205800, 0.0000000000000000000, 0.9432144216567395200 ) ) ;
#3335 = EDGE_LOOP ( 'NONE', ( #716, #3169, #8445, #8502, #492, #1474 ) ) ;
#3336 = CARTESIAN_POINT ( 'NONE',  ( -15.33026469292033200, -16.00000000000000400, -1.830047532802309800 ) ) ;
#3337 = CARTESIAN_POINT ( 'NONE',  ( -1.863961030678929200, 1.812500002731183100, 4.500000000000000000 ) ) ;
#3338 = CARTESIAN_POINT ( 'NONE',  ( -2.755455298081544300E-016, 6.375000002731183300, -4.500000000000000000 ) ) ;
#3339 = DIRECTION ( 'NONE',  ( -3.124648454283931900E-015, -0.4461978007789581000, 0.8949343677499603800 ) ) ;
#3340 = CARTESIAN_POINT ( 'NONE',  ( -1.639761364404188200, 2.125000001365589400, 3.958734124999998500 ) ) ;
#3341 = FACE_OUTER_BOUND ( 'NONE', #4108, .T. ) ;
#3342 = ADVANCED_FACE ( 'NONE', ( #3592 ), #3377, .T. ) ;
#3343 = FACE_OUTER_BOUND ( 'NONE', #5750, .T. ) ;
#3344 = CARTESIAN_POINT ( 'NONE',  ( 14.49999999999999800, -4.819999999999999400, -0.3554999999999974800 ) ) ;
#3345 = EDGE_CURVE ( 'NONE', #7037, #1930, #5160, .T. ) ;
#3346 = EDGE_CURVE ( 'NONE', #7682, #1262, #7199, .T. ) ;
#3347 = DIRECTION ( 'NONE',  ( 0.0000000000000000000, 0.0000000000000000000, 1.000000000000000000 ) ) ;
#3348 = ORIENTED_EDGE ( 'NONE', *, *, #6176, .T. ) ;
#3349 = DIRECTION ( 'NONE',  ( -0.0000000000000000000, 1.000000000000000000, -0.0000000000000000000 ) ) ;
#3350 = AXIS2_PLACEMENT_3D ( 'NONE', #3366, #3272, #8024 ) ;
#3351 = DIRECTION ( 'NONE',  ( 0.0000000000000000000, 0.0000000000000000000, 1.000000000000000000 ) ) ;
#3352 = VECTOR ( 'NONE', #3251, 1000.000000000000000 ) ;
#3353 = CARTESIAN_POINT ( 'NONE',  ( -14.50000000000000200, -17.60000000000000100, 0.0000000000000000000 ) ) ;
#3354 = DIRECTION ( 'NONE',  ( 0.0000000000000000000, 0.0000000000000000000, -1.000000000000000000 ) ) ;
#3355 = ORIENTED_EDGE ( 'NONE', *, *, #6087, .F. ) ;
#3356 = EDGE_CURVE ( 'NONE', #2271, #6713, #6980, .T. ) ;
#3357 = EDGE_CURVE ( 'NONE', #1352, #3062, #1977, .T. ) ;
#3358 = EDGE_LOOP ( 'NONE', ( #5697, #6208, #7606, #7662 ) ) ;
#3359 = CARTESIAN_POINT ( 'NONE',  ( -0.9752636518141162300, 7.000000000000000000, -3.879286121111740200 ) ) ;
#3360 = CALENDAR_DATE ( 2019, 2, 1 ) ;
#3361 = CARTESIAN_POINT ( 'NONE',  ( 13.07672697680174100, -14.44999999999999900, 6.264919119524663000 ) ) ;
#3362 = DIRECTION ( 'NONE',  ( 1.000000000000000000, 0.0000000000000000000, 0.0000000000000000000 ) ) ;
#3363 = AXIS2_PLACEMENT_3D ( 'NONE', #1134, #5908, #1825 ) ;
#3364 = CARTESIAN_POINT ( 'NONE',  ( -12.79648433899159500, -14.44999999999999900, 4.506710138927637400 ) ) ;
#3365 = ADVANCED_FACE ( 'NONE', ( #8566 ), #6546, .T. ) ;
#3366 = CARTESIAN_POINT ( 'NONE',  ( 0.0000000000000000000, -5.500000000000000000, 0.0000000000000000000 ) ) ;
#3367 = CARTESIAN_POINT ( 'NONE',  ( -2.424025537428323500E-016, 6.687500001365588500, -3.958734124999999400 ) ) ;
#3368 = FACE_OUTER_BOUND ( 'NONE', #7566, .T. ) ;
#3369 = CARTESIAN_POINT ( 'NONE',  ( 0.0000000000000000000, 7.000000000000000000, 0.0000000000000000000 ) ) ;
#3370 = ORIENTED_EDGE ( 'NONE', *, *, #3525, .F. ) ;
#3371 = CARTESIAN_POINT ( 'NONE',  ( -14.50000000000000000, -3.432161446792886900, 0.0000000000000000000 ) ) ;
#3372 = CARTESIAN_POINT ( 'NONE',  ( -20.18017091227447000, -14.05000000000000100, 23.54579092521963800 ) ) ;
#3373 = CIRCLE ( 'NONE', #1416, 0.4525471255180572000 ) ;
#3374 = CARTESIAN_POINT ( 'NONE',  ( 3.181980515339464200, 1.000000002731183300, 3.181980515339463400 ) ) ;
#3375 = ORIENTED_EDGE ( 'NONE', *, *, #3605, .F. ) ;
#3376 = ORIENTED_EDGE ( 'NONE', *, *, #8364, .F. ) ;
#3377 = CYLINDRICAL_SURFACE ( 'NONE', #1864, 18.50000000000000000 ) ;
#3378 = EDGE_CURVE ( 'NONE', #3479, #7103, #1331, .T. ) ;
#3379 = DIRECTION ( 'NONE',  ( -0.0000000000000000000, 1.000000000000000000, -0.0000000000000000000 ) ) ;
#3380 = DIRECTION ( 'NONE',  ( -0.0000000000000000000, 1.000000000000000000, -0.0000000000000000000 ) ) ;
#3381 = AXIS2_PLACEMENT_3D ( 'NONE', #2639, #7388, #3324 ) ;
#3382 = CARTESIAN_POINT ( 'NONE',  ( 2.799247744702093600, 1.312500001365589400, 2.799247744702092700 ) ) ;
#3383 = CARTESIAN_POINT ( 'NONE',  ( 14.49999999999999800, -6.600000000000001400, -0.2400000000000001900 ) ) ;
#3384 = AXIS2_PLACEMENT_3D ( 'NONE', #2135, #781, #7583 ) ;
#3385 = FACE_OUTER_BOUND ( 'NONE', #6777, .T. ) ;
#3386 = ORIENTED_EDGE ( 'NONE', *, *, #412, .F. ) ;
#3387 = EDGE_LOOP ( 'NONE', ( #8185, #6640, #3100, #5541 ) ) ;
#3388 = PLANE ( 'NONE',  #422 ) ;
#3389 = CARTESIAN_POINT ( 'NONE',  ( 14.73999999999999800, -4.819999999999999400, 0.3420141409932486200 ) ) ;
#3390 = EDGE_CURVE ( 'NONE', #270, #4435, #4961, .T. ) ;
#3391 = DIRECTION ( 'NONE',  ( -1.000000000000000000, 0.0000000000000000000, 0.0000000000000000000 ) ) ;
#3392 = DIRECTION ( 'NONE',  ( 0.0000000000000000000, 1.000000000000000000, 0.0000000000000000000 ) ) ;
#3393 = EDGE_LOOP ( 'NONE', ( #4949, #3794, #4430 ) ) ;
#3394 = CARTESIAN_POINT ( 'NONE',  ( 12.49999999999999800, -16.12441882883114600, 0.9668978507697958400 ) ) ;
#3395 = CARTESIAN_POINT ( 'NONE',  ( 14.50000000000000000, -14.05000000000000100, 0.0000000000000000000 ) ) ;
#3396 = ADVANCED_FACE ( 'NONE', ( #1104 ), #8362, .T. ) ;
#3397 = CARTESIAN_POINT ( 'NONE',  ( -11.00966792606387300, -14.05000000000000100, -9.435953166363241000 ) ) ;
#3398 = CARTESIAN_POINT ( 'NONE',  ( -14.50000000000000000, -10.00000000000000000, -1.999999999999999600 ) ) ;
#3399 = EDGE_LOOP ( 'NONE', ( #7750, #8032, #4468, #6914 ) ) ;
#3400 = CARTESIAN_POINT ( 'NONE',  ( -3.958734124999999400, 5.875000001365589400, -1.639761364404187100 ) ) ;
#3401 = ORIENTED_EDGE ( 'NONE', *, *, #1044, .T. ) ;
#3402 = DIRECTION ( 'NONE',  ( 0.0000000000000000000, -1.000000000000000000, 0.0000000000000000000 ) ) ;
#3403 = CARTESIAN_POINT ( 'NONE',  ( -1.603120191833866800E-015, -14.05000000000000100, 40.84142135623730500 ) ) ;
#3404 = CARTESIAN_POINT ( 'NONE',  ( 4.500000000000000900, 0.1875000027311826400, -1.863961030678928700 ) ) ;
#3405 = FACE_OUTER_BOUND ( 'NONE', #4787, .T. ) ;
#3406 = ORIENTED_EDGE ( 'NONE', *, *, #4324, .T. ) ;
#3407 = DIRECTION ( 'NONE',  ( -0.9970508496569593400, 0.0000000000000000000, -0.07674375022329540900 ) ) ;
#3408 = EDGE_LOOP ( 'NONE', ( #4900, #5492, #767, #8532, #6346 ) ) ;
#3409 = AXIS2_PLACEMENT_3D ( 'NONE', #4483, #7680, #3616 ) ;
#3410 = CARTESIAN_POINT ( 'NONE',  ( 1.408343819019456200E-015, -1.000000000000000000, -11.50000000000000000 ) ) ;
#3411 = ADVANCED_FACE ( 'NONE', ( #2947 ), #2739, .T. ) ;
#3412 = VERTEX_POINT ( 'NONE', #6195 ) ;
#3413 = VECTOR ( 'NONE', #5586, 1000.000000000000000 ) ;
#3414 = ORIENTED_EDGE ( 'NONE', *, *, #3436, .F. ) ;
#3416 = CARTESIAN_POINT ( 'NONE',  ( -2.755455298081544300E-016, 2.249999999999996000, -4.500000000000000000 ) ) ;
#3415 = DIRECTION ( 'NONE',  ( 0.0000000000000000000, 1.000000000000000000, 0.0000000000000000000 ) ) ;
#3417 = DIRECTION ( 'NONE',  ( -0.7592874431768184000, 0.0000000000000000000, -0.6507553907836720600 ) ) ;
#3418 = EDGE_CURVE ( 'NONE', #6965, #1348, #8157, .T. ) ;
#3419 = ORIENTED_EDGE ( 'NONE', *, *, #8374, .F. ) ;
#3420 = CARTESIAN_POINT ( 'NONE',  ( 0.0000000000000000000, -14.44999999999999900, 0.0000000000000000000 ) ) ;
#3421 = LINE ( 'NONE', #5015, #5196 ) ;
#3422 = AXIS2_PLACEMENT_3D ( 'NONE', #4317, #2959, #216 ) ;
#3423 = EDGE_CURVE ( 'NONE', #5786, #2937, #4526, .T. ) ;
#3424 = CARTESIAN_POINT ( 'NONE',  ( -14.34327213933735800, -5.335347709461342600, 1.972269912968394900 ) ) ;
#3425 = CARTESIAN_POINT ( 'NONE',  ( -13.66973530707967100, -16.00000000000000400, 1.830047532802310900 ) ) ;
#3426 = FACE_OUTER_BOUND ( 'NONE', #8803, .T. ) ;
#3427 = VERTEX_POINT ( 'NONE', #3491 ) ;
#3428 = ORIENTED_EDGE ( 'NONE', *, *, #3541, .T. ) ;
#3429 = CARTESIAN_POINT ( 'NONE',  ( 3.181980515339463400, 5.124999999999995600, -3.181980515339463800 ) ) ;
#3430 = CARTESIAN_POINT ( 'NONE',  ( 14.74000000000000000, -4.819999999999999400, -0.3420141409932469000 ) ) ;
#3431 = ORIENTED_EDGE ( 'NONE', *, *, #1498, .F. ) ;
#3432 = CARTESIAN_POINT ( 'NONE',  ( -16.50000000000000000, -17.60000000000000500, -0.1952413320394014200 ) ) ;
#3433 = VECTOR ( 'NONE', #4410, 1000.000000000000000 ) ;
#3434 = CIRCLE ( 'NONE', #4648, 1.499999999999999600 ) ;
#3435 = LINE ( 'NONE', #8578, #1585 ) ;
#3436 = EDGE_CURVE ( 'NONE', #2449, #7431, #3153, .T. ) ;
#3437 = AXIS2_PLACEMENT_3D ( 'NONE', #59, #7581, #3515 ) ;
#3438 = PLANE ( 'NONE',  #1216 ) ;
#3439 = EDGE_CURVE ( 'NONE', #3805, #7873, #6349, .T. ) ;
#3440 = ORIENTED_EDGE ( 'NONE', *, *, #2377, .T. ) ;
#3441 = CARTESIAN_POINT ( 'NONE',  ( 1.639761364404189300, 6.250000001365589400, 3.958734124999998500 ) ) ;
#3442 = ORIENTED_EDGE ( 'NONE', *, *, #6530, .F. ) ;
#3443 = CONICAL_SURFACE ( 'NONE', #7340, 2.000000000000000000, 1.047197551196596300 ) ;
#3444 = CARTESIAN_POINT ( 'NONE',  ( 16.50000000000000000, -17.42136720504591800, -1.154700538379255900 ) ) ;
#3445 = ADVANCED_FACE ( 'NONE', ( #6146 ), #4110, .F. ) ;
#3446 = CARTESIAN_POINT ( 'NONE',  ( 1.639761364404189300, 6.500000001365589400, 3.958734124999998500 ) ) ;
#3448 = DIRECTION ( 'NONE',  ( 0.0000000000000000000, 1.000000000000000000, 0.0000000000000000000 ) ) ;
#3447 = DIRECTION ( 'NONE',  ( 0.0000000000000000000, 0.0000000000000000000, -1.000000000000000000 ) ) ;
#3449 = AXIS2_PLACEMENT_3D ( 'NONE', #6181, #2092, #6844 ) ;
#3450 = LINE ( 'NONE', #6056, #1594 ) ;
#3451 = CARTESIAN_POINT ( 'NONE',  ( -14.74000000000000200, -4.357706539904508100, 0.3060795708522653900 ) ) ;
#3452 = DIRECTION ( 'NONE',  ( 0.0000000000000000000, 0.0000000000000000000, -1.000000000000000000 ) ) ;
#3453 = DIRECTION ( 'NONE',  ( 1.000000000000000000, 0.0000000000000000000, 0.0000000000000000000 ) ) ;
#3454 = PLANE ( 'NONE',  #6086 ) ;
#3455 = CONICAL_SURFACE ( 'NONE', #5451, 2.000000000000000000, 1.047197551196595900 ) ;
#3456 = PLANE ( 'NONE',  #3817 ) ;
#3457 = DIRECTION ( 'NONE',  ( -0.0000000000000000000, 1.000000000000000000, -0.0000000000000000000 ) ) ;
#3458 = CARTESIAN_POINT ( 'NONE',  ( 1.603120191833866800E-015, -14.05000000000000100, -40.84142135623730500 ) ) ;
#3459 = ADVANCED_FACE ( 'NONE', ( #897 ), #5561, .T. ) ;
#3460 = ORIENTED_EDGE ( 'NONE', *, *, #1604, .T. ) ;
#3461 = DIRECTION ( 'NONE',  ( -1.000000000000000000, 0.0000000000000000000, 0.0000000000000000000 ) ) ;
#3462 = VECTOR ( 'NONE', #668, 1000.000000000000000 ) ;
#3463 = DIRECTION ( 'NONE',  ( -0.0000000000000000000, -1.000000000000000000, -0.0000000000000000000 ) ) ;
#3464 = CYLINDRICAL_SURFACE ( 'NONE', #1583, 4.500000000000000000 ) ;
#3465 = ORIENTED_EDGE ( 'NONE', *, *, #8413, .F. ) ;
#3466 = CARTESIAN_POINT ( 'NONE',  ( 12.66317817513182000, -17.47575993009078800, 1.248911501717480800 ) ) ;
#3467 = DIRECTION ( 'NONE',  ( 0.0000000000000000000, -1.000000000000000000, 0.0000000000000000000 ) ) ;
#3468 = ORIENTED_EDGE ( 'NONE', *, *, #8277, .F. ) ;
#3469 = EDGE_CURVE ( 'NONE', #3306, #4432, #4316, .T. ) ;
#3470 = CARTESIAN_POINT ( 'NONE',  ( 3.958734124999999400, 5.687500001365589400, -4.848051074856647000E-016 ) ) ;
#3471 = EDGE_CURVE ( 'NONE', #8508, #5632, #689, .T. ) ;
#3472 = AXIS2_PLACEMENT_3D ( 'NONE', #2638, #6052, #1966 ) ;
#3473 = EDGE_CURVE ( 'NONE', #2547, #4139, #5906, .T. ) ;
#3474 = CIRCLE ( 'NONE', #2117, 0.3555000000000000400 ) ;
#3476 = CARTESIAN_POINT ( 'NONE',  ( -19.03908078629217500, -14.05000000000000100, 27.80439725140095700 ) ) ;
#3475 = DIRECTION ( 'NONE',  ( 0.0000000000000000000, 0.0000000000000000000, 1.000000000000000000 ) ) ;
#3477 = CARTESIAN_POINT ( 'NONE',  ( -1.429202159438411900, 6.625149363207680300, 4.144853524001595300 ) ) ;
#3478 = EDGE_LOOP ( 'NONE', ( #8388, #6858 ) ) ;
#3479 = VERTEX_POINT ( 'NONE', #1491 ) ;
#3480 = CYLINDRICAL_SURFACE ( 'NONE', #5359, 18.50000000000000000 ) ;
#3481 = EDGE_LOOP ( 'NONE', ( #397, #4865, #7175 ) ) ;
#3482 = DIRECTION ( 'NONE',  ( 0.0000000000000000000, 0.0000000000000000000, -1.000000000000000000 ) ) ;
#3483 = ORIENTED_EDGE ( 'NONE', *, *, #5684, .F. ) ;
#3484 = CIRCLE ( 'NONE', #1243, 14.50000000000000000 ) ;
#3485 = CARTESIAN_POINT ( 'NONE',  ( -14.50000000000000200, -16.00000000000000000, 0.0000000000000000000 ) ) ;
#3486 = CARTESIAN_POINT ( 'NONE',  ( 13.15925706258397600, -17.60000000000000100, -1.535322780927272500 ) ) ;
#3487 = ORIENTED_EDGE ( 'NONE', *, *, #8631, .T. ) ;
#3488 = ADVANCED_FACE ( 'NONE', ( #5693 ), #6279, .T. ) ;
#3489 = CARTESIAN_POINT ( 'NONE',  ( -1.863961030678928000, 1.437500002731182800, -4.500000000000001800 ) ) ;
#3490 = CARTESIAN_POINT ( 'NONE',  ( 14.74000000000000000, -4.819999999999999400, -0.3420141409932469000 ) ) ;
#3491 = CARTESIAN_POINT ( 'NONE',  ( 13.93103448275862100, -5.000000000000000000, 1.387904261896422600 ) ) ;
#3492 = LINE ( 'NONE', #2813, #5267 ) ;
#3493 = VERTEX_POINT ( 'NONE', #2193 ) ;
#3494 = VERTEX_POINT ( 'NONE', #8318 ) ;
#3495 = DIRECTION ( 'NONE',  ( 0.0000000000000000000, -1.000000000000000000, 0.0000000000000000000 ) ) ;
#3496 = DIRECTION ( 'NONE',  ( -0.0000000000000000000, 1.000000000000000000, -0.0000000000000000000 ) ) ;
#3497 = EDGE_CURVE ( 'NONE', #7239, #2863, #3891, .T. ) ;
#3498 = DIRECTION ( 'NONE',  ( 0.0000000000000000000, 0.0000000000000000000, 1.000000000000000000 ) ) ;
#3499 = CARTESIAN_POINT ( 'NONE',  ( -14.26000000000000200, -4.819999999999999400, 0.3420141409932490600 ) ) ;
#3500 = VERTEX_POINT ( 'NONE', #4933 ) ;
#3501 =( BOUNDED_CURVE ( )  B_SPLINE_CURVE ( 2, ( #18, #8133, #5486, #1399, #6184, #2094, #6848, #2800, #7540 ),
 .UNSPECIFIED., .F., .F. ) 
 B_SPLINE_CURVE_WITH_KNOTS ( ( 3, 2, 2, 2, 3 ),
 ( 0.4642857142857143000, 0.4821428571428571500, 0.5000000000000000000, 0.5178571428571429000, 0.5357142857142857000 ),
 .UNSPECIFIED. ) 
 CURVE ( )  GEOMETRIC_REPRESENTATION_ITEM ( )  RATIONAL_B_SPLINE_CURVE ( ( 1.000000000000000000, 0.9238795325112867400, 1.000000000000000000, 0.9238795325112867400, 1.000000000000000000, 0.9238795325112867400, 1.000000000000000000, 0.9238795325112867400, 1.000000000000000000 ) ) 
 REPRESENTATION_ITEM ( '' )  );
#3502 = CARTESIAN_POINT ( 'NONE',  ( 1.639761364404186800, 4.875000001365589400, -3.958734124999999400 ) ) ;
#3503 = ADVANCED_FACE ( 'NONE', ( #456 ), #3686, .T. ) ;
#3504 = ORIENTED_EDGE ( 'NONE', *, *, #5213, .T. ) ;
#3506 = CARTESIAN_POINT ( 'NONE',  ( -14.50000000000000000, -4.819999999999999400, 0.0000000000000000000 ) ) ;
#3505 = CARTESIAN_POINT ( 'NONE',  ( -14.36206896551724400, -10.00000000000000000, -1.995238088481303200 ) ) ;
#3507 = CARTESIAN_POINT ( 'NONE',  ( -3.181980515339462900, 5.750000002731183300, 3.181980515339464200 ) ) ;
#3508 = ORIENTED_EDGE ( 'NONE', *, *, #1668, .T. ) ;
#3509 = AXIS2_PLACEMENT_3D ( 'NONE', #5460, #686, #4789 ) ;
#3510 = CARTESIAN_POINT ( 'NONE',  ( 2.799247744702092700, 5.562500001365589400, -2.799247744702093100 ) ) ;
#3511 = EDGE_LOOP ( 'NONE', ( #5296, #7742, #4199, #6074 ) ) ;
#3512 = DIRECTION ( 'NONE',  ( 0.0000000000000000000, 0.0000000000000000000, -1.000000000000000000 ) ) ;
#3513 = CARTESIAN_POINT ( 'NONE',  ( -14.50000000000000000, -14.44999999999999900, 0.0000000000000000000 ) ) ;
#3514 = ORIENTED_EDGE ( 'NONE', *, *, #4363, .T. ) ;
#3515 = DIRECTION ( 'NONE',  ( 0.0000000000000000000, 0.0000000000000000000, 1.000000000000000000 ) ) ;
#3516 = DIRECTION ( 'NONE',  ( -0.9739815868436148000, 0.0000000000000000000, -0.2266271574405722100 ) ) ;
#3517 = CARTESIAN_POINT ( 'NONE',  ( -13.16075225999410700, -17.58289480127298500, -1.536186033554499200 ) ) ;
#3518 = CARTESIAN_POINT ( 'NONE',  ( 14.74000000000000000, -4.357706539904508100, -0.3060795708522652800 ) ) ;
#3519 = VERTEX_POINT ( 'NONE', #6306 ) ;
#3520 = LINE ( 'NONE', #5199, #3078 ) ;
#3521 = ORIENTED_EDGE ( 'NONE', *, *, #3469, .T. ) ;
#3522 = CARTESIAN_POINT ( 'NONE',  ( -14.50000000000000000, -4.819999999999999400, 0.0000000000000000000 ) ) ;
#3523 = VERTEX_POINT ( 'NONE', #6976 ) ;
#3524 = CARTESIAN_POINT ( 'NONE',  ( 3.673940397442060400E-016, 10.00000000000000200, 3.000000000000000400 ) ) ;
#3525 = EDGE_CURVE ( 'NONE', #6199, #5700, #7298, .T. ) ;
#3526 = FACE_OUTER_BOUND ( 'NONE', #4039, .T. ) ;
#3527 = DIRECTION ( 'NONE',  ( -0.0000000000000000000, -1.000000000000000000, -0.0000000000000000000 ) ) ;
#3528 = VERTEX_POINT ( 'NONE', #8343 ) ;
#3529 = DIRECTION ( 'NONE',  ( 0.0000000000000000000, 0.0000000000000000000, 1.000000000000000000 ) ) ;
#3530 = AXIS2_PLACEMENT_3D ( 'NONE', #4514, #7230, #1791 ) ;
#3531 = ORIENTED_EDGE ( 'NONE', *, *, #5515, .T. ) ;
#3532 = ORIENTED_EDGE ( 'NONE', *, *, #3230, .F. ) ;
#3533 = CARTESIAN_POINT ( 'NONE',  ( -2.799247744702093100, 4.062500001365589400, -2.799247744702092700 ) ) ;
#3534 = B_SPLINE_CURVE_WITH_KNOTS ( 'NONE', 3,
 ( #1548, #7696, #3656, #8403 ),
 .UNSPECIFIED., .F., .F.,
 ( 4, 4 ),
 ( 2.380749485054887900E-007, 0.001168606431211102600 ),
 .UNSPECIFIED. ) ;
#3535 = LINE ( 'NONE', #7484, #1679 ) ;
#3536 = DIRECTION ( 'NONE',  ( 0.0000000000000000000, 0.0000000000000000000, 1.000000000000000000 ) ) ;
#3538 = CARTESIAN_POINT ( 'NONE',  ( -14.46698205485416900, -4.788539114293418400, 0.3576999594383806200 ) ) ;
#3537 = CARTESIAN_POINT ( 'NONE',  ( 14.15798585900675000, -4.819999999999999400, 0.2399999999999997700 ) ) ;
#3539 = CARTESIAN_POINT ( 'NONE',  ( -14.50000000000000000, -17.81836573537652400, 0.8000000000000020400 ) ) ;
#3540 = CIRCLE ( 'NONE', #644, 3.000000000000000400 ) ;
#3541 = EDGE_CURVE ( 'NONE', #1296, #3258, #2081, .T. ) ;
#3542 = EDGE_CURVE ( 'NONE', #4845, #1954, #2512, .T. ) ;
#3543 = DIRECTION ( 'NONE',  ( 0.0000000000000000000, 0.0000000000000000000, 1.000000000000000000 ) ) ;
#3544 = ORIENTED_EDGE ( 'NONE', *, *, #2539, .T. ) ;
#3545 = CARTESIAN_POINT ( 'NONE',  ( -1.639761364404187300, 4.750000001365588500, -3.958734124999999400 ) ) ;
#3546 = EDGE_LOOP ( 'NONE', ( #6593, #2144, #990, #1614, #8573 ) ) ;
#3547 = ORIENTED_EDGE ( 'NONE', *, *, #4782, .T. ) ;
#3548 = PLANE ( 'NONE',  #2171 ) ;
#3549 = DIRECTION ( 'NONE',  ( -0.6507553907836753900, 0.0000000000000000000, 0.7592874431768156200 ) ) ;
#3550 = DIRECTION ( 'NONE',  ( -0.0000000000000000000, 1.000000000000000000, -0.0000000000000000000 ) ) ;
#3551 = CARTESIAN_POINT ( 'NONE',  ( -2.666941187958889300, -14.44999999999999900, 14.25262869438366000 ) ) ;
#3552 = CARTESIAN_POINT ( 'NONE',  ( -12.79648433899159500, -14.44999999999999900, 4.506710138927637400 ) ) ;
#3553 = ORIENTED_EDGE ( 'NONE', *, *, #3541, .F. ) ;
#3554 = VECTOR ( 'NONE', #2350, 1000.000000000000000 ) ;
#3555 = EDGE_CURVE ( 'NONE', #1225, #6706, #43, .T. ) ;
#3556 = DIRECTION ( 'NONE',  ( -1.000000000000000000, 0.0000000000000000000, 0.0000000000000000000 ) ) ;
#3557 = CARTESIAN_POINT ( 'NONE',  ( -15.50000000000000200, -16.00000000000000000, 1.732050807568871900 ) ) ;
#3558 = AXIS2_PLACEMENT_3D ( 'NONE', #311, #5091, #1003 ) ;
#3559 = VECTOR ( 'NONE', #6180, 1000.000000000000200 ) ;
#3560 = B_SPLINE_CURVE_WITH_KNOTS ( 'NONE', 3,
 ( #2290, #8386, #6371, #1858, #7850, #7171 ),
 .UNSPECIFIED., .F., .F.,
 ( 4, 2, 4 ),
 ( 0.001168606431211102600, 0.001750609284260043200, 0.002332612137308983600 ),
 .UNSPECIFIED. ) ;
#3561 = CARTESIAN_POINT ( 'NONE',  ( -3.958734124999998500, 3.250000001365589400, 1.639761364404189700 ) ) ;
#3562 = EDGE_CURVE ( 'NONE', #4267, #3188, #5493, .T. ) ;
#3563 = CARTESIAN_POINT ( 'NONE',  ( 15.26548389027574100, -14.05000000000000100, 1.847710587112690700 ) ) ;
#3564 = CARTESIAN_POINT ( 'NONE',  ( -12.50000000000000200, -16.17863279495408300, -1.154700538379255900 ) ) ;
#3565 = CARTESIAN_POINT ( 'NONE',  ( -3.958734124999999400, 3.937500001365589000, 0.0000000000000000000 ) ) ;
#3566 = CIRCLE ( 'NONE', #3721, 18.50000000000000000 ) ;
#3567 = DIRECTION ( 'NONE',  ( 0.0000000000000000000, 1.000000000000000000, 0.0000000000000000000 ) ) ;
#3568 = EDGE_LOOP ( 'NONE', ( #238, #953, #1552, #5828 ) ) ;
#3569 = APPLICATION_PROTOCOL_DEFINITION ( 'international standard', 'config_control_design', 1994, #7636 ) ;
#3570 = CARTESIAN_POINT ( 'NONE',  ( 14.74000000000000000, -3.894975084286507200, -0.3454916401347361000 ) ) ;
#3571 = DIRECTION ( 'NONE',  ( 0.0000000000000000000, 0.0000000000000000000, 1.000000000000000000 ) ) ;
#3572 = VERTEX_POINT ( 'NONE', #7693 ) ;
#3573 = DIRECTION ( 'NONE',  ( -0.0000000000000000000, 1.000000000000000000, -0.0000000000000000000 ) ) ;
#3574 = CARTESIAN_POINT ( 'NONE',  ( 12.79648433899172300, -14.05000000000000100, 36.33471121730956800 ) ) ;
#3575 = ORIENTED_EDGE ( 'NONE', *, *, #7617, .T. ) ;
#3576 = CARTESIAN_POINT ( 'NONE',  ( 8.266365894244633300E-016, 1.875000002731183300, 4.500000000000000000 ) ) ;
#3577 = AXIS2_PLACEMENT_3D ( 'NONE', #6044, #6076, #2623 ) ;
#3578 = DATE_AND_TIME ( #5373, #7185 ) ;
#3579 = VERTEX_POINT ( 'NONE', #8372 ) ;
#3580 = FACE_BOUND ( 'NONE', #1487, .T. ) ;
#3581 = CARTESIAN_POINT ( 'NONE',  ( 3.958734124999999400, 5.437500001365589400, -4.848051074856647000E-016 ) ) ;
#3582 = EDGE_CURVE ( 'NONE', #588, #2768, #1624, .T. ) ;
#3583 = VERTEX_POINT ( 'NONE', #5661 ) ;
#3584 = CARTESIAN_POINT ( 'NONE',  ( 7.272076612284971000E-016, 2.437500001365589400, 3.958734124999999400 ) ) ;
#3585 = VECTOR ( 'NONE', #1714, 1000.000000000000000 ) ;
#3586 = DIRECTION ( 'NONE',  ( 0.0000000000000000000, 1.000000000000000000, 0.0000000000000000000 ) ) ;
#3587 = EDGE_CURVE ( 'NONE', #5700, #8767, #3484, .T. ) ;
#3588 = ORIENTED_EDGE ( 'NONE', *, *, #6605, .F. ) ;
#3590 = CARTESIAN_POINT ( 'NONE',  ( 1.443137078762504600, -0.8029138485581390800, 11.40909090909091200 ) ) ;
#3589 = DIRECTION ( 'NONE',  ( -0.8660254037844383700, 0.0000000000000000000, 0.5000000000000004400 ) ) ;
#3591 = EDGE_LOOP ( 'NONE', ( #3355, #6676, #5832 ) ) ;
#3592 = FACE_OUTER_BOUND ( 'NONE', #7721, .T. ) ;
#3593 = CARTESIAN_POINT ( 'NONE',  ( 14.49999999999999800, -4.819999999999999400, 0.0000000000000000000 ) ) ;
#3594 = EDGE_LOOP ( 'NONE', ( #2993, #7235, #4577, #7198 ) ) ;
#3595 = CARTESIAN_POINT ( 'NONE',  ( -1.639761364404188200, 3.125000001365589000, 3.958734124999998500 ) ) ;
#3596 = VECTOR ( 'NONE', #8473, 1000.000000000000000 ) ;
#3597 = DIRECTION ( 'NONE',  ( 0.0000000000000000000, 0.0000000000000000000, 1.000000000000000000 ) ) ;
#3598 = ORIENTED_EDGE ( 'NONE', *, *, #6520, .F. ) ;
#3599 = EDGE_LOOP ( 'NONE', ( #4137, #2609, #4270, #6690 ) ) ;
#3600 = EDGE_CURVE ( 'NONE', #1417, #1132, #7584, .T. ) ;
#3601 = CARTESIAN_POINT ( 'NONE',  ( 13.84074293741602100, -17.60000000000000100, 1.928778834210484300 ) ) ;
#3602 = AXIS2_PLACEMENT_3D ( 'NONE', #7280, #3207, #7955 ) ;
#3603 = APPROVAL_ROLE ( '' ) ;
#3604 = CARTESIAN_POINT ( 'NONE',  ( -16.50000000000000000, -17.60000000000000100, 1.154700538379252400 ) ) ;
#3605 = EDGE_CURVE ( 'NONE', #4461, #1257, #8675, .T. ) ;
#3606 = CARTESIAN_POINT ( 'NONE',  ( 14.50000000000000000, -17.60000000000000100, 0.0000000000000000000 ) ) ;
#3607 = CARTESIAN_POINT ( 'NONE',  ( -14.17282800272094800, -16.06957546252590100, -2.120508236058134000 ) ) ;
#3608 = ORIENTED_EDGE ( 'NONE', *, *, #3312, .F. ) ;
#3609 = ORIENTED_EDGE ( 'NONE', *, *, #4250, .F. ) ;
#3610 = ORIENTED_EDGE ( 'NONE', *, *, #4533, .T. ) ;
#3611 = AXIS2_PLACEMENT_3D ( 'NONE', #1992, #4083, #8844 ) ;
#3612 = CARTESIAN_POINT ( 'NONE',  ( 1.639761364404186800, 4.625000001365588500, -3.958734124999999400 ) ) ;
#3613 = B_SPLINE_CURVE_WITH_KNOTS ( 'NONE', 3,
 ( #7057, #221, #3679, #8425, #4347, #251 ),
 .UNSPECIFIED., .F., .F.,
 ( 4, 2, 4 ),
 ( 0.003228283429323687900, 0.003812703409393318500, 0.004397123389462949000 ),
 .UNSPECIFIED. ) ;
#3614 = CARTESIAN_POINT ( 'NONE',  ( 3.958734124999999900, 1.625000001365589600, 1.639761364404186200 ) ) ;
#3615 = CARTESIAN_POINT ( 'NONE',  ( 12.49999999999999800, -16.17863279495408300, -1.154700538379252400 ) ) ;
#3616 = DIRECTION ( 'NONE',  ( 0.0000000000000000000, 0.0000000000000000000, 1.000000000000000000 ) ) ;
#3617 = FACE_OUTER_BOUND ( 'NONE', #4128, .T. ) ;
#3618 = EDGE_LOOP ( 'NONE', ( #7755, #8380 ) ) ;
#3619 = CARTESIAN_POINT ( 'NONE',  ( 1.188691365719497300, -0.1877840405527354000, 11.02611311646168700 ) ) ;
#3620 = ORIENTED_EDGE ( 'NONE', *, *, #3667, .T. ) ;
#3621 = CARTESIAN_POINT ( 'NONE',  ( -15.26434055678858600, -14.44999999999999900, -10.45226804891546900 ) ) ;
#3622 = CARTESIAN_POINT ( 'NONE',  ( 2.799247744702093600, 2.312500001365589400, 2.799247744702092700 ) ) ;
#3623 = CARTESIAN_POINT ( 'NONE',  ( 0.0000000000000000000, 0.001000000000000000000, 0.0000000000000000000 ) ) ;
#3624 = VECTOR ( 'NONE', #5727, 1000.000000000000000 ) ;
#3625 = EDGE_LOOP ( 'NONE', ( #84, #5851, #3086, #2070 ) ) ;
#3626 = CARTESIAN_POINT ( 'NONE',  ( -14.50000000000000200, -17.60000000000000100, -2.309401076758504700 ) ) ;
#3627 = ORIENTED_EDGE ( 'NONE', *, *, #6083, .T. ) ;
#3628 = CARTESIAN_POINT ( 'NONE',  ( -14.50000000000000000, -5.000000000000000900, 0.0000000000000000000 ) ) ;
#3629 = CARTESIAN_POINT ( 'NONE',  ( 0.0000000000000000000, -14.05000000000000100, 0.0000000000000000000 ) ) ;
#3630 = LINE ( 'NONE', #4300, #8605 ) ;
#3631 = LINE ( 'NONE', #2010, #7024 ) ;
#3632 = VERTEX_POINT ( 'NONE', #7091 ) ;
#3633 = CARTESIAN_POINT ( 'NONE',  ( -3.181980515339462900, 5.624999999999996400, 3.181980515339464200 ) ) ;
#3634 = DIRECTION ( 'NONE',  ( -0.8250994895561373200, 0.0000000000000000000, -0.5649874621035423400 ) ) ;
#3635 = CARTESIAN_POINT ( 'NONE',  ( 14.80607957085226500, -4.357706539904508100, -0.2400000000000001900 ) ) ;
#3636 = ORIENTED_EDGE ( 'NONE', *, *, #4658, .F. ) ;
#3637 = VERTEX_POINT ( 'NONE', #7777 ) ;
#3638 = EDGE_CURVE ( 'NONE', #5959, #483, #5057, .T. ) ;
#3639 = VECTOR ( 'NONE', #5070, 1000.000000000000000 ) ;
#3640 = AXIS2_PLACEMENT_3D ( 'NONE', #8339, #4952, #2215 ) ;
#3641 = EDGE_CURVE ( 'NONE', #8483, #5511, #6867, .T. ) ;
#3642 = VECTOR ( 'NONE', #564, 1000.000000000000000 ) ;
#3643 = CARTESIAN_POINT ( 'NONE',  ( -2.799247744702093100, 3.812500001365589000, -2.799247744702092700 ) ) ;
#3644 = CARTESIAN_POINT ( 'NONE',  ( 2.799247744702092700, 0.8125000013655889800, -2.799247744702093100 ) ) ;
#3645 = DIRECTION ( 'NONE',  ( 0.0000000000000000000, 1.000000000000000000, 0.0000000000000000000 ) ) ;
#3646 = VERTEX_POINT ( 'NONE', #3706 ) ;
#3647 = CARTESIAN_POINT ( 'NONE',  ( -14.50000000000000000, -10.00000000000000000, 0.0000000000000000000 ) ) ;
#3648 = CIRCLE ( 'NONE', #8255, 2.000000000000001300 ) ;
#3649 = DIRECTION ( 'NONE',  ( -0.0000000000000000000, 1.000000000000000000, -0.0000000000000000000 ) ) ;
#3650 = CARTESIAN_POINT ( 'NONE',  ( 16.50000000000000000, -17.60000000000000100, 0.0000000000000000000 ) ) ;
#3651 = CARTESIAN_POINT ( 'NONE',  ( 3.958734124999999400, 1.500000001365588500, -1.639761364404187500 ) ) ;
#3652 = AXIS2_PLACEMENT_3D ( 'NONE', #723, #5502, #1410 ) ;
#3653 = FACE_OUTER_BOUND ( 'NONE', #6373, .T. ) ;
#3654 = CARTESIAN_POINT ( 'NONE',  ( 14.17228221899368500, -17.52066220018763700, -2.120193127676282900 ) ) ;
#3655 = EDGE_CURVE ( 'NONE', #5407, #2260, #1433, .T. ) ;
#3656 = CARTESIAN_POINT ( 'NONE',  ( 15.15925706258397700, -17.60000000000000500, -1.928778834210481700 ) ) ;
#3657 = AXIS2_PLACEMENT_3D ( 'NONE', #6612, #2538, #7304 ) ;
#3658 = CARTESIAN_POINT ( 'NONE',  ( -14.50000000000000700, -16.17863279495408300, 2.309401076758504700 ) ) ;
#3659 = VECTOR ( 'NONE', #8422, 1000.000000000000000 ) ;
#3660 = CC_DESIGN_PERSON_AND_ORGANIZATION_ASSIGNMENT ( #1087, #6974, ( #3200 ) ) ;
#3661 = CARTESIAN_POINT ( 'NONE',  ( -3.181980515339462900, 1.624999999999996200, 3.181980515339464200 ) ) ;
#3662 = ORIENTED_EDGE ( 'NONE', *, *, #4030, .T. ) ;
#3663 = CARTESIAN_POINT ( 'NONE',  ( -3.958734124999998500, 3.000000001365589000, 1.639761364404189700 ) ) ;
#3664 = B_SPLINE_CURVE_WITH_KNOTS ( 'NONE', 3,
 ( #2835, #3518, #3570, #6194 ),
 .UNSPECIFIED., .F., .F.,
 ( 4, 4 ),
 ( 0.0008975940789387624700, 0.002290662657364336700 ),
 .UNSPECIFIED. ) ;
#3665 = CIRCLE ( 'NONE', #6410, 0.4525471255180572000 ) ;
#3666 = CARTESIAN_POINT ( 'NONE',  ( 3.181980515339464200, 6.874999999999996400, 3.181980515339463400 ) ) ;
#3667 = EDGE_CURVE ( 'NONE', #2299, #8722, #6647, .T. ) ;
#3668 = DIRECTION ( 'NONE',  ( 0.0000000000000000000, 0.0000000000000000000, 1.000000000000000000 ) ) ;
#3669 = CARTESIAN_POINT ( 'NONE',  ( -2.755455298081544300E-016, 6.375000002731183300, -4.500000000000000000 ) ) ;
#3670 = LINE ( 'NONE', #4917, #7704 ) ;
#3671 = CARTESIAN_POINT ( 'NONE',  ( 14.15798585900674800, -4.819999999999999400, 0.09698751136435124200 ) ) ;
#3672 = ORIENTED_EDGE ( 'NONE', *, *, #230, .F. ) ;
#3673 = EDGE_LOOP ( 'NONE', ( #1076, #3172, #8268, #1848 ) ) ;
#3674 = DIRECTION ( 'NONE',  ( -3.124648454283931500E-015, -0.4461978007789581000, 0.8949343677499603800 ) ) ;
#3675 = CARTESIAN_POINT ( 'NONE',  ( -2.424025537428323500E-016, 0.6875000013655887500, -3.958734124999999400 ) ) ;
#3676 = CARTESIAN_POINT ( 'NONE',  ( 14.84201414099324800, -4.819999999999999400, 0.2399999999999997700 ) ) ;
#3677 = VECTOR ( 'NONE', #5400, 1000.000000000000000 ) ;
#3678 = ORIENTED_EDGE ( 'NONE', *, *, #4740, .F. ) ;
#3679 = CARTESIAN_POINT ( 'NONE',  ( 16.50000000000000400, -16.01723613881363700, -0.3931374000439468200 ) ) ;
#3680 = ORIENTED_EDGE ( 'NONE', *, *, #2537, .T. ) ;
#3681 = CARTESIAN_POINT ( 'NONE',  ( 4.500000000000001800, 4.187500002731183300, -1.863961030678928500 ) ) ;
#3682 = CARTESIAN_POINT ( 'NONE',  ( 13.44999999999999900, -3.400000000000000400, -0.2400000000000001900 ) ) ;
#3683 = FACE_OUTER_BOUND ( 'NONE', #3295, .T. ) ;
#3684 = VERTEX_POINT ( 'NONE', #2357 ) ;
#3685 = EDGE_LOOP ( 'NONE', ( #96, #7964, #7130, #2511 ) ) ;
#3686 = CYLINDRICAL_SURFACE ( 'NONE', #8716, 2.000000000000001300 ) ;
#3687 = DIRECTION ( 'NONE',  ( 3.469446951953615400E-015, 0.0000000000000000000, -1.000000000000000000 ) ) ;
#3688 = AXIS2_PLACEMENT_3D ( 'NONE', #4571, #5374, #7547 ) ;
#3689 = EDGE_LOOP ( 'NONE', ( #1670, #713, #986, #8100 ) ) ;
#3690 = SPHERICAL_SURFACE ( 'NONE', #4100, 3.200000000000000200 ) ;
#3691 = EDGE_LOOP ( 'NONE', ( #4459, #6866 ) ) ;
#3692 = CARTESIAN_POINT ( 'NONE',  ( 7.272076612284971000E-016, 2.187500001365589400, 3.958734124999999400 ) ) ;
#3693 = EDGE_CURVE ( 'NONE', #4525, #8269, #5758, .T. ) ;
#3694 = EDGE_CURVE ( 'NONE', #4637, #6388, #4855, .T. ) ;
#3695 = CARTESIAN_POINT ( 'NONE',  ( 4.500000000000000900, 6.062499999999997300, -1.863961030678928700 ) ) ;
#3696 = AXIS2_PLACEMENT_3D ( 'NONE', #5279, #1202, #5975 ) ;
#3697 = DIRECTION ( 'NONE',  ( 0.0000000000000000000, -1.000000000000000000, 0.0000000000000000000 ) ) ;
#3698 = DIRECTION ( 'NONE',  ( 0.0000000000000000000, -1.000000000000000000, 0.0000000000000000000 ) ) ;
#3699 = CARTESIAN_POINT ( 'NONE',  ( -14.50000000000000000, 21.99999999999996800, 1.000000000000000000 ) ) ;
#3700 = ORIENTED_EDGE ( 'NONE', *, *, #7888, .F. ) ;
#3701 = CARTESIAN_POINT ( 'NONE',  ( 3.958734124999999400, 6.687500001365588500, -4.848051074856647000E-016 ) ) ;
#3702 = ADVANCED_FACE ( 'NONE', ( #1218 ), #2846, .T. ) ;
#3703 = PLANE ( 'NONE',  #8630 ) ;
#3704 = EDGE_CURVE ( 'NONE', #7813, #3918, #4639, .T. ) ;
#3705 = AXIS2_PLACEMENT_3D ( 'NONE', #1380, #4132, #28 ) ;
#3706 = CARTESIAN_POINT ( 'NONE',  ( -2.755455298081544300E-016, 2.249999999999996000, -4.500000000000000000 ) ) ;
#3707 = CARTESIAN_POINT ( 'NONE',  ( -14.50000000000000200, -17.60000000000000100, 2.309401076758504700 ) ) ;
#3708 = ORIENTED_EDGE ( 'NONE', *, *, #4378, .T. ) ;
#3709 =( BOUNDED_CURVE ( )  B_SPLINE_CURVE ( 2, ( #4761, #2741, #3429, #8173, #4098, #1, #4792, #691, #5463 ),
 .UNSPECIFIED., .F., .F. ) 
 B_SPLINE_CURVE_WITH_KNOTS ( ( 3, 2, 2, 2, 3 ),
 ( 0.3214285714285714500, 0.3392857142857143000, 0.3571428571428571500, 0.3750000000000000000, 0.3928571428571428500 ),
 .UNSPECIFIED. ) 
 CURVE ( )  GEOMETRIC_REPRESENTATION_ITEM ( )  RATIONAL_B_SPLINE_CURVE ( ( 1.000000000000000000, 0.9238795325112867400, 1.000000000000000000, 0.9238795325112867400, 1.000000000000000000, 0.9238795325112867400, 1.000000000000000000, 0.9238795325112867400, 1.000000000000000000 ) ) 
 REPRESENTATION_ITEM ( '' )  );
#3710 = AXIS2_PLACEMENT_3D ( 'NONE', #6668, #2607, #7367 ) ;
#3711 = EDGE_LOOP ( 'NONE', ( #1004, #6648, #112, #4338 ) ) ;
#3712 = CARTESIAN_POINT ( 'NONE',  ( -12.50000000000000200, -17.52015171715227000, -0.7788341705667936000 ) ) ;
#3713 = CARTESIAN_POINT ( 'NONE',  ( -14.36206896551724400, -16.00000000000000000, -1.995238088481296800 ) ) ;
#3714 = ORIENTED_EDGE ( 'NONE', *, *, #5724, .T. ) ;
#3715 = CARTESIAN_POINT ( 'NONE',  ( 14.15798585900675200, -4.819999999999999400, -0.2400000000000001900 ) ) ;
#3716 = EDGE_CURVE ( 'NONE', #4734, #918, #3045, .T. ) ;
#3717 = CARTESIAN_POINT ( 'NONE',  ( 0.0000000000000000000, -5.000000000000000000, 0.0000000000000000000 ) ) ;
#3718 = ORIENTED_EDGE ( 'NONE', *, *, #2087, .F. ) ;
#3719 = LINE ( 'NONE', #2410, #491 ) ;
#3720 = VERTEX_POINT ( 'NONE', #7183 ) ;
#3721 = AXIS2_PLACEMENT_3D ( 'NONE', #4393, #303, #5083 ) ;
#3722 = CARTESIAN_POINT ( 'NONE',  ( 3.958734124999999900, 1.375000001365589400, 1.639761364404186200 ) ) ;
#3723 = B_SPLINE_CURVE_WITH_KNOTS ( 'NONE', 3,
 ( #973, #7036, #7694, #7005 ),
 .UNSPECIFIED., .F., .F.,
 ( 4, 4 ),
 ( 2.380749485093214600E-007, 0.001168606431211102200 ),
 .UNSPECIFIED. ) ;
#3724 = ORIENTED_EDGE ( 'NONE', *, *, #7102, .F. ) ;
#3725 = CARTESIAN_POINT ( 'NONE',  ( -2.755455298081544300E-016, 5.249999999999995600, -4.500000000000000000 ) ) ;
#3726 = B_SPLINE_CURVE_WITH_KNOTS ( 'NONE', 3,
 ( #7011, #7697, #3635, #8377 ),
 .UNSPECIFIED., .F., .F.,
 ( 4, 4 ),
 ( 0.0006611328646872212800, 0.002054287873658126900 ),
 .UNSPECIFIED. ) ;
#3727 = CARTESIAN_POINT ( 'NONE',  ( -3.657393445408533500, 1.000000000000000000, 1.514941932194831900 ) ) ;
#3728 = CARTESIAN_POINT ( 'NONE',  ( 14.36206896551724400, -16.00000000000000000, 1.995238088481300400 ) ) ;
#3729 = FACE_OUTER_BOUND ( 'NONE', #3594, .T. ) ;
#3730 = ORIENTED_EDGE ( 'NONE', *, *, #2309, .T. ) ;
#3731 = VERTEX_POINT ( 'NONE', #6491 ) ;
#3732 = CARTESIAN_POINT ( 'NONE',  ( 1.639761364404186800, 5.875000001365588500, -3.958734124999999400 ) ) ;
#3733 = EDGE_LOOP ( 'NONE', ( #2016, #1167, #5432 ) ) ;
#3734 = CIRCLE ( 'NONE', #3039, 14.00000000000000000 ) ;
#3735 = CARTESIAN_POINT ( 'NONE',  ( -6.145413604715678900, -14.44999999999999900, -17.44946680064967400 ) ) ;
#3736 = FACE_OUTER_BOUND ( 'NONE', #5822, .T. ) ;
#3737 = DIRECTION ( 'NONE',  ( 0.0000000000000000000, 0.0000000000000000000, -1.000000000000000000 ) ) ;
#3738 = AXIS2_PLACEMENT_3D ( 'NONE', #1070, #1757, #6502 ) ;
#3739 = VERTEX_POINT ( 'NONE', #2446 ) ;
#3740 = VERTEX_POINT ( 'NONE', #5142 ) ;
#3741 = ORIENTED_EDGE ( 'NONE', *, *, #1535, .F. ) ;
#3742 = DIRECTION ( 'NONE',  ( 0.0000000000000000000, -1.000000000000000000, 0.0000000000000000000 ) ) ;
#3743 = CARTESIAN_POINT ( 'NONE',  ( 0.0000000000000000000, 41.48528137423857500, -3.000000000000000400 ) ) ;
#3744 = EDGE_CURVE ( 'NONE', #7729, #952, #8260, .T. ) ;
#3745 = CARTESIAN_POINT ( 'NONE',  ( 0.0000000000000000000, 7.000000000000000000, 0.0000000000000000000 ) ) ;
#3746 = ADVANCED_FACE ( 'NONE', ( #6439 ), #3137, .T. ) ;
#3747 = AXIS2_PLACEMENT_3D ( 'NONE', #4864, #7653, #3589 ) ;
#3748 = EDGE_CURVE ( 'NONE', #5791, #2271, #6244, .T. ) ;
#3749 = VERTEX_POINT ( 'NONE', #2477 ) ;
#3750 = CARTESIAN_POINT ( 'NONE',  ( 2.799247744702092700, 0.5625000013655887500, -2.799247744702093100 ) ) ;
#3751 = CIRCLE ( 'NONE', #3855, 18.50000000000000000 ) ;
#3752 = CARTESIAN_POINT ( 'NONE',  ( -4.500000000000000900, 4.437499999999996400, -1.863961030678928000 ) ) ;
#3753 = DIRECTION ( 'NONE',  ( 0.0000000000000000000, 0.7071067811865368000, 0.7071067811865583400 ) ) ;
#3754 = CARTESIAN_POINT ( 'NONE',  ( -3.958666580001390000, 0.9999999999999967800, -0.2598289894191075900 ) ) ;
#3755 = CARTESIAN_POINT ( 'NONE',  ( -14.26000000000000000, -4.357706539904508100, -0.3060795708522652800 ) ) ;
#3756 = LINE ( 'NONE', #5513, #8530 ) ;
#3757 = CARTESIAN_POINT ( 'NONE',  ( -2.799247744702093100, 5.062500001365589400, -2.799247744702092700 ) ) ;
#3758 = EDGE_CURVE ( 'NONE', #4809, #2449, #992, .T. ) ;
#3759 = CARTESIAN_POINT ( 'NONE',  ( 5.510910596163088600E-016, 7.000000000000000000, 4.500000000000000000 ) ) ;
#3760 = FACE_OUTER_BOUND ( 'NONE', #7461, .T. ) ;
#3761 = CARTESIAN_POINT ( 'NONE',  ( -14.74000000000000000, -4.819999999999999400, -0.2622598901852891100 ) ) ;
#3762 = DIRECTION ( 'NONE',  ( 0.0000000000000000000, -2.290567970039799000E-016, -1.000000000000000000 ) ) ;
#3763 = FACE_OUTER_BOUND ( 'NONE', #4062, .T. ) ;
#3764 = ORIENTED_EDGE ( 'NONE', *, *, #400, .F. ) ;
#3765 = ORIENTED_EDGE ( 'NONE', *, *, #5175, .T. ) ;
#3766 = AXIS2_PLACEMENT_3D ( 'NONE', #7267, #3192, #7941 ) ;
#3767 = DIRECTION ( 'NONE',  ( 1.000000000000000000, 0.0000000000000000000, 0.0000000000000000000 ) ) ;
#3768 = FACE_OUTER_BOUND ( 'NONE', #5729, .T. ) ;
#3769 = DIRECTION ( 'NONE',  ( 0.0000000000000000000, 1.000000000000000000, 0.0000000000000000000 ) ) ;
#3770 = CARTESIAN_POINT ( 'NONE',  ( -14.50000000000000200, -17.60000000000000100, 0.0000000000000000000 ) ) ;
#3771 = ORIENTED_EDGE ( 'NONE', *, *, #5047, .F. ) ;
#3772 = ORIENTED_EDGE ( 'NONE', *, *, #3439, .T. ) ;
#3773 = B_SPLINE_CURVE_WITH_KNOTS ( 'NONE', 3,
 ( #3727, #5762, #7146, #3073, #7820, #3754, #8497, #4426, #328, #5113, #1020, #5792, #1704, #6480, #2406, #7173, #3102, #7852 ),
 .UNSPECIFIED., .F., .F.,
 ( 4, 2, 2, 2, 2, 2, 2, 2, 4 ),
 ( 0.0000000000000000000, 0.0007822503829760496000, 0.001564500765952098800, 0.002346751148928147800, 0.003129001531904197100, 0.003911251914880246400, 0.004693502297856295600, 0.005475752680832345800, 0.006258003063808395000 ),
 .UNSPECIFIED. ) ;
#3774 = CARTESIAN_POINT ( 'NONE',  ( -3.181980515339462900, 3.624999999999996400, 3.181980515339464200 ) ) ;
#3775 = PERSON_AND_ORGANIZATION ( #2872, #7398 ) ;
#3776 = CARTESIAN_POINT ( 'NONE',  ( -14.50000000000000000, -6.599999999999999600, 0.2400000000000006300 ) ) ;
#3777 = DIRECTION ( 'NONE',  ( -0.8949343677499602700, -0.4461978007789582100, 0.0000000000000000000 ) ) ;
#3778 = ORIENTED_EDGE ( 'NONE', *, *, #3005, .F. ) ;
#3779 = CIRCLE ( 'NONE', #2924, 3.162547666931028200 ) ;
#3780 = CARTESIAN_POINT ( 'NONE',  ( -3.958734124999998500, 4.250000001365589400, 1.639761364404189700 ) ) ;
#3781 = ORIENTED_EDGE ( 'NONE', *, *, #6315, .F. ) ;
#3782 = FACE_OUTER_BOUND ( 'NONE', #330, .T. ) ;
#3783 = ADVANCED_FACE ( 'NONE', ( #2620 ), #7247, .T. ) ;
#3784 = ORIENTED_EDGE ( 'NONE', *, *, #5014, .T. ) ;
#3785 = EDGE_LOOP ( 'NONE', ( #1261, #5643, #6450, #6954 ) ) ;
#3786 = LINE ( 'NONE', #6434, #1744 ) ;
#3787 = CARTESIAN_POINT ( 'NONE',  ( -14.50000000000000000, -5.000000000000000900, 0.0000000000000000000 ) ) ;
#3788 = EDGE_CURVE ( 'NONE', #2599, #4089, #792, .T. ) ;
#3789 = LINE ( 'NONE', #5023, #5609 ) ;
#3790 = AXIS2_PLACEMENT_3D ( 'NONE', #5404, #2007, #6766 ) ;
#3791 = EDGE_CURVE ( 'NONE', #2222, #4016, #6452, .T. ) ;
#3792 = EDGE_LOOP ( 'NONE', ( #8811, #7063, #7131, #4346, #5316, #688 ) ) ;
#3793 = CARTESIAN_POINT ( 'NONE',  ( -14.50000000000000000, -4.819999999999999400, 0.0000000000000000000 ) ) ;
#3794 = ORIENTED_EDGE ( 'NONE', *, *, #3439, .F. ) ;
#3795 = CARTESIAN_POINT ( 'NONE',  ( -2.799247744702092300, 6.312500001365589400, 2.799247744702093600 ) ) ;
#3796 = CARTESIAN_POINT ( 'NONE',  ( -2.755455298081544300E-016, 4.249999999999995600, -4.500000000000000000 ) ) ;
#3797 = AXIS2_PLACEMENT_3D ( 'NONE', #5378, #1885, #2522 ) ;
#3798 = ADVANCED_FACE ( 'NONE', ( #8040 ), #7302, .T. ) ;
#3799 = CARTESIAN_POINT ( 'NONE',  ( -14.15798585900675200, -4.819999999999999400, 0.2399999999999997700 ) ) ;
#3800 = EDGE_CURVE ( 'NONE', #8722, #2299, #4215, .T. ) ;
#3801 = CARTESIAN_POINT ( 'NONE',  ( 1.863961030678930000, 2.812499999999996000, 4.500000000000000000 ) ) ;
#3802 = ORIENTED_EDGE ( 'NONE', *, *, #3066, .F. ) ;
#3803 = AXIS2_PLACEMENT_3D ( 'NONE', #7998, #3921, #3240 ) ;
#3804 = DIRECTION ( 'NONE',  ( 0.0000000000000000000, 1.000000000000000000, 0.0000000000000000000 ) ) ;
#3805 = VERTEX_POINT ( 'NONE', #3902 ) ;
#3806 = CARTESIAN_POINT ( 'NONE',  ( 7.272076612284971000E-016, 3.437500001365589400, 3.958734124999999400 ) ) ;
#3807 = DIRECTION ( 'NONE',  ( 1.000000000000000000, -2.290567970039799000E-016, 3.491483361109382100E-015 ) ) ;
#3808 = DIRECTION ( 'NONE',  ( 0.0000000000000000000, -1.000000000000000000, 0.0000000000000000000 ) ) ;
#3809 = CIRCLE ( 'NONE', #1927, 14.50000000000000000 ) ;
#3810 = ORIENTED_EDGE ( 'NONE', *, *, #6521, .T. ) ;
#3811 = EDGE_CURVE ( 'NONE', #8406, #2525, #568, .T. ) ;
#3812 = AXIS2_PLACEMENT_3D ( 'NONE', #8755, #4685, #586 ) ;
#3813 = EDGE_LOOP ( 'NONE', ( #1553, #1613, #5101, #5945, #6915, #4109 ) ) ;
#3814 = B_SPLINE_CURVE_WITH_KNOTS ( 'NONE', 3,
 ( #5763, #3755, #4427, #329 ),
 .UNSPECIFIED., .F., .F.,
 ( 4, 4 ),
 ( 0.0008975940789387614900, 0.002290662657364335400 ),
 .UNSPECIFIED. ) ;
#3815 = DIRECTION ( 'NONE',  ( 0.0000000000000000000, 0.0000000000000000000, 1.000000000000000000 ) ) ;
#3816 = CARTESIAN_POINT ( 'NONE',  ( 14.50000000000000000, -14.44999999999999900, 0.0000000000000000000 ) ) ;
#3817 = AXIS2_PLACEMENT_3D ( 'NONE', #751, #1437, #6219 ) ;
#3818 = CIRCLE ( 'NONE', #7894, 0.3555000000000000400 ) ;
#3819 = VERTEX_POINT ( 'NONE', #8658 ) ;
#3820 = DIRECTION ( 'NONE',  ( 0.0000000000000000000, 1.000000000000000000, 0.0000000000000000000 ) ) ;
#3821 = CARTESIAN_POINT ( 'NONE',  ( 1.639761364404189300, 5.500000001365589400, 3.958734124999998500 ) ) ;
#3822 = ORIENTED_EDGE ( 'NONE', *, *, #4892, .F. ) ;
#3823 = ORIENTED_EDGE ( 'NONE', *, *, #1338, .F. ) ;
#3824 = CIRCLE ( 'NONE', #1941, 3.162547666931028600 ) ;
#3825 = EDGE_CURVE ( 'NONE', #7873, #4912, #7821, .T. ) ;
#3826 = DIRECTION ( 'NONE',  ( -1.000000000000000000, 0.0000000000000000000, 0.0000000000000000000 ) ) ;
#3827 = ADVANCED_FACE ( 'NONE', ( #5793 ), #5595, .T. ) ;
#3828 = CARTESIAN_POINT ( 'NONE',  ( 19.03908078629211100, -14.44999999999999900, 13.03702410483619400 ) ) ;
#3829 = CARTESIAN_POINT ( 'NONE',  ( -14.50000000000000000, -4.046379599446113100, 0.0000000000000000000 ) ) ;
#3830 = CARTESIAN_POINT ( 'NONE',  ( 2.636867467664011600, 1.000000000000000400, 3.612047717053246100 ) ) ;
#3831 = VECTOR ( 'NONE', #3516, 1000.000000000000200 ) ;
#3832 = VERTEX_POINT ( 'NONE', #5990 ) ;
#3833 = ORIENTED_EDGE ( 'NONE', *, *, #7299, .T. ) ;
#3834 = DIRECTION ( 'NONE',  ( 0.0000000000000000000, -0.0000000000000000000, -1.000000000000000000 ) ) ;
#3835 = DIRECTION ( 'NONE',  ( -0.0000000000000000000, 1.000000000000000000, -0.0000000000000000000 ) ) ;
#3836 = CARTESIAN_POINT ( 'NONE',  ( 1.863961030678930300, 2.812499999999996400, 4.500000000000000000 ) ) ;
#3837 = ORIENTED_EDGE ( 'NONE', *, *, #1789, .T. ) ;
#3838 = VERTEX_POINT ( 'NONE', #2602 ) ;
#3839 = VECTOR ( 'NONE', #8764, 1000.000000000000000 ) ;
#3840 = CARTESIAN_POINT ( 'NONE',  ( -4.500000000000000900, 6.562500002731184200, -1.863961030678928000 ) ) ;
#3841 = CARTESIAN_POINT ( 'NONE',  ( 3.958734124999999900, 2.625000001365589900, 1.639761364404186200 ) ) ;
#3842 = DIRECTION ( 'NONE',  ( 0.0000000000000000000, 1.000000000000000000, 0.0000000000000000000 ) ) ;
#3843 = ORIENTED_EDGE ( 'NONE', *, *, #6778, .T. ) ;
#3844 = ADVANCED_FACE ( 'NONE', ( #2385 ), #1965, .T. ) ;
#3845 = CYLINDRICAL_SURFACE ( 'NONE', #5520, 18.50000000000000000 ) ;
#3846 = DIRECTION ( 'NONE',  ( 0.0000000000000000000, 0.0000000000000000000, -1.000000000000000000 ) ) ;
#3847 = DIRECTION ( 'NONE',  ( 0.0000000000000000000, -1.000000000000000000, 0.0000000000000000000 ) ) ;
#3848 = CARTESIAN_POINT ( 'NONE',  ( -12.50000000000000200, -17.58322782445916100, 0.3889866277140360800 ) ) ;
#3849 = DIRECTION ( 'NONE',  ( 0.0000000000000000000, -1.000000000000000000, 0.0000000000000000000 ) ) ;
#3850 = CARTESIAN_POINT ( 'NONE',  ( 3.958734124999999400, 4.687500001365588500, -4.848051074856647000E-016 ) ) ;
#3851 = FACE_OUTER_BOUND ( 'NONE', #5262, .T. ) ;
#3852 = EDGE_CURVE ( 'NONE', #2882, #3412, #3779, .T. ) ;
#3853 = ORIENTED_EDGE ( 'NONE', *, *, #8072, .T. ) ;
#3854 = DIRECTION ( 'NONE',  ( -0.9018432397794345900, 0.0000000000000000000, 0.4320633875534157200 ) ) ;
#3855 = AXIS2_PLACEMENT_3D ( 'NONE', #5026, #938, #5706 ) ;
#3856 = EDGE_CURVE ( 'NONE', #41, #8461, #2189, .T. ) ;
#3857 = CARTESIAN_POINT ( 'NONE',  ( -2.651611299581050100, 1.000000000000052800, 3.116521273821453600 ) ) ;
#3858 = CIRCLE ( 'NONE', #6365, 5.599999999999999600 ) ;
#3859 = DIRECTION ( 'NONE',  ( 0.0000000000000000000, -1.000000000000000000, 0.0000000000000000000 ) ) ;
#3860 = CARTESIAN_POINT ( 'NONE',  ( 14.49999999999999800, -4.819999999999999400, 0.0000000000000000000 ) ) ;
#3861 = DIRECTION ( 'NONE',  ( -0.6507553907836720600, 0.0000000000000000000, 0.7592874431768184000 ) ) ;
#3862 = CARTESIAN_POINT ( 'NONE',  ( -3.181980515339462900, 5.750000002731183300, 3.181980515339464200 ) ) ;
#3863 = ORIENTED_EDGE ( 'NONE', *, *, #4150, .T. ) ;
#3864 = EDGE_CURVE ( 'NONE', #4819, #3720, #7404, .T. ) ;
#3865 = CARTESIAN_POINT ( 'NONE',  ( 2.799247744702092700, 1.812500001365589000, -2.799247744702093100 ) ) ;
#3866 = AXIS2_PLACEMENT_3D ( 'NONE', #4901, #811, #5583 ) ;
#3867 = FACE_OUTER_BOUND ( 'NONE', #5543, .T. ) ;
#3868 = EDGE_CURVE ( 'NONE', #3528, #6713, #3997, .T. ) ;
#3869 = ADVANCED_FACE ( 'NONE', ( #6018 ), #1935, .T. ) ;
#3870 = CYLINDRICAL_SURFACE ( 'NONE', #8602, 5.599999999999999600 ) ;
#3871 = VERTEX_POINT ( 'NONE', #8106 ) ;
#3872 = ORIENTED_EDGE ( 'NONE', *, *, #15, .F. ) ;
#3873 = CARTESIAN_POINT ( 'NONE',  ( 1.603120191833866800E-015, -14.44999999999999900, -40.84142135623730500 ) ) ;
#3874 = DIRECTION ( 'NONE',  ( 0.0000000000000000000, 1.000000000000000000, 0.0000000000000000000 ) ) ;
#3875 = CARTESIAN_POINT ( 'NONE',  ( -14.11633491061257900, -3.432161446792886900, 0.2399999999999997700 ) ) ;
#3876 = FACE_OUTER_BOUND ( 'NONE', #2203, .T. ) ;
#3877 = CARTESIAN_POINT ( 'NONE',  ( -14.50000000000000000, -3.432161446792886900, 0.0000000000000000000 ) ) ;
#3878 = CARTESIAN_POINT ( 'NONE',  ( 1.353126128741703300, 6.941405477580600400, -3.836242734723308300 ) ) ;
#3879 = AXIS2_PLACEMENT_3D ( 'NONE', #3506, #8247, #4181 ) ;
#3880 = CARTESIAN_POINT ( 'NONE',  ( 1.639761364404186800, 3.875000001365589400, -3.958734124999999400 ) ) ;
#3881 = ORIENTED_EDGE ( 'NONE', *, *, #1114, .F. ) ;
#3882 = ORIENTED_EDGE ( 'NONE', *, *, #1281, .T. ) ;
#3883 = CARTESIAN_POINT ( 'NONE',  ( 15.33026469292033100, -16.00000000000000400, 1.830047532802310700 ) ) ;
#3884 = CIRCLE ( 'NONE', #3084, 3.000000000000000400 ) ;
#3885 = DIRECTION ( 'NONE',  ( 0.0000000000000000000, -1.000000000000000000, 0.0000000000000000000 ) ) ;
#3886 = CARTESIAN_POINT ( 'NONE',  ( 0.0000000000000000000, -5.500000000000000000, 0.0000000000000000000 ) ) ;
#3887 = ORIENTED_EDGE ( 'NONE', *, *, #1228, .F. ) ;
#3888 = ADVANCED_FACE ( 'NONE', ( #5380 ), #6971, .F. ) ;
#3889 = DIRECTION ( 'NONE',  ( -0.0000000000000000000, 1.000000000000000000, -0.0000000000000000000 ) ) ;
#3890 = VERTEX_POINT ( 'NONE', #621 ) ;
#3891 = LINE ( 'NONE', #1464, #244 ) ;
#3892 = CARTESIAN_POINT ( 'NONE',  ( 13.93103448275862100, -5.000000000000000000, -1.387904261896422600 ) ) ;
#3893 = VERTEX_POINT ( 'NONE', #5398 ) ;
#3894 = CARTESIAN_POINT ( 'NONE',  ( 14.73999999999999800, -3.894975084286507600, 0.3454916401347377700 ) ) ;
#3895 = LINE ( 'NONE', #667, #7305 ) ;
#3896 = CARTESIAN_POINT ( 'NONE',  ( 1.863961030678930000, 4.937500002731182400, 4.500000000000000000 ) ) ;
#3897 = ORIENTED_EDGE ( 'NONE', *, *, #7627, .F. ) ;
#3898 = CARTESIAN_POINT ( 'NONE',  ( -1.639761364404187300, 1.000000001365589000, -3.958734124999999400 ) ) ;
#3899 = CARTESIAN_POINT ( 'NONE',  ( -14.50000000000000000, -17.81836573537652400, 0.0000000000000000000 ) ) ;
#3900 = CARTESIAN_POINT ( 'NONE',  ( 0.8459425936208003800, 0.9999999999999731300, -4.049643446378095900 ) ) ;
#3901 = ORIENTED_EDGE ( 'NONE', *, *, #3600, .F. ) ;
#3902 = CARTESIAN_POINT ( 'NONE',  ( -14.40301248863565000, -4.819999999999999400, 0.3420141409932481700 ) ) ;
#3903 = DIRECTION ( 'NONE',  ( 0.8250994895561396500, 0.0000000000000000000, 0.5649874621035389000 ) ) ;
#3904 = EDGE_LOOP ( 'NONE', ( #2354, #2970, #5426, #826 ) ) ;
#3905 = EDGE_CURVE ( 'NONE', #8508, #1986, #339, .T. ) ;
#3906 = PLANE ( 'NONE',  #5919 ) ;
#3907 = EDGE_CURVE ( 'NONE', #7691, #1417, #3330, .T. ) ;
#3908 = AXIS2_PLACEMENT_3D ( 'NONE', #2760, #7504, #3447 ) ;
#3909 = EDGE_CURVE ( 'NONE', #5236, #1296, #1733, .T. ) ;
#3910 = CARTESIAN_POINT ( 'NONE',  ( 4.185853670806262800, 6.820420598138244200, -0.1478255112300938300 ) ) ;
#3911 = CARTESIAN_POINT ( 'NONE',  ( -2.799247744702093100, 3.062500001365589000, -2.799247744702092700 ) ) ;
#3912 =( BOUNDED_CURVE ( )  B_SPLINE_CURVE ( 3, ( #1999, #4028, #4717, #6753 ),
 .UNSPECIFIED., .F., .F. ) 
 B_SPLINE_CURVE_WITH_KNOTS ( ( 4, 4 ),
 ( 5.965617895249472700, 6.600752719109701500 ),
 .UNSPECIFIED. ) 
 CURVE ( )  GEOMETRIC_REPRESENTATION_ITEM ( )  RATIONAL_B_SPLINE_CURVE ( ( 1.000000000000000000, 0.9666652130990922600, 0.9666652130990922600, 1.000000000000000000 ) ) 
 REPRESENTATION_ITEM ( '' )  );
#3913 = ORIENTED_EDGE ( 'NONE', *, *, #1098, .F. ) ;
#3914 = ADVANCED_FACE ( 'NONE', ( #7189, #3580 ), #7449, .T. ) ;
#3915 = CARTESIAN_POINT ( 'NONE',  ( -16.50000000000000000, -17.42136720504591800, 1.154700538379255900 ) ) ;
#3916 = DIRECTION ( 'NONE',  ( -1.000000000000000000, 0.0000000000000000000, 0.0000000000000000000 ) ) ;
#3917 = CIRCLE ( 'NONE', #5858, 0.3555000000000000400 ) ;
#3918 = VERTEX_POINT ( 'NONE', #7479 ) ;
#3919 = DIRECTION ( 'NONE',  ( 1.000000000000000000, -2.290567970039799000E-016, 3.491483361109382500E-015 ) ) ;
#3920 = ORIENTED_EDGE ( 'NONE', *, *, #1978, .F. ) ;
#3921 = DIRECTION ( 'NONE',  ( -0.0000000000000000000, 1.000000000000000000, -0.0000000000000000000 ) ) ;
#3922 = AXIS2_PLACEMENT_3D ( 'NONE', #5798, #1709, #1023 ) ;
#3923 = PLANE ( 'NONE',  #2200 ) ;
#3924 = CARTESIAN_POINT ( 'NONE',  ( 4.500000000000000000, 4.125000002731183300, -5.510910596163088600E-016 ) ) ;
#3925 = FACE_OUTER_BOUND ( 'NONE', #1442, .T. ) ;
#3926 = ORIENTED_EDGE ( 'NONE', *, *, #6520, .T. ) ;
#3927 = CARTESIAN_POINT ( 'NONE',  ( 3.958734124999999400, 4.437500001365588500, -4.848051074856647000E-016 ) ) ;
#3928 = ORIENTED_EDGE ( 'NONE', *, *, #8251, .F. ) ;
#3929 = CARTESIAN_POINT ( 'NONE',  ( -14.74000000000000200, -4.819999999999999400, 0.3420141409932473400 ) ) ;
#3930 = CARTESIAN_POINT ( 'NONE',  ( 4.217513685529030300, 1.000000000000000000, -1.351453817846765700 ) ) ;
#3931 = ADVANCED_FACE ( 'NONE', ( #8557 ), #3388, .T. ) ;
#3932 = TOROIDAL_SURFACE ( 'NONE', #4411, 1.819999999999999400, 0.1800000000000003300 ) ;
#3933 = EDGE_CURVE ( 'NONE', #1052, #5396, #5077, .T. ) ;
#3934 = ORIENTED_EDGE ( 'NONE', *, *, #4727, .T. ) ;
#3935 = CARTESIAN_POINT ( 'NONE',  ( 0.0000000000000000000, -14.05000000000000100, 0.0000000000000000000 ) ) ;
#3936 = CARTESIAN_POINT ( 'NONE',  ( 1.999999999999994900, 17.00000000000000000, 1.499999999999999100 ) ) ;
#3937 = ORIENTED_EDGE ( 'NONE', *, *, #5269, .F. ) ;
#3938 = ORIENTED_EDGE ( 'NONE', *, *, #4150, .F. ) ;
#3939 = CARTESIAN_POINT ( 'NONE',  ( 0.0000000000000000000, -5.000000000000000000, -14.00000000000000000 ) ) ;
#3940 = LINE ( 'NONE', #6187, #99 ) ;
#3941 = DIRECTION ( 'NONE',  ( -0.0000000000000000000, 0.0000000000000000000, 1.000000000000000000 ) ) ;
#3942 = DIRECTION ( 'NONE',  ( -0.07674375022329539600, 0.0000000000000000000, 0.9970508496569593400 ) ) ;
#3943 = CARTESIAN_POINT ( 'NONE',  ( 1.342522772812374800, 6.690167785880726500, 4.104667670694166000 ) ) ;
#3944 = CARTESIAN_POINT ( 'NONE',  ( -3.958734124999998500, 2.250000001365589400, 1.639761364404189700 ) ) ;
#3945 = VECTOR ( 'NONE', #4390, 1000.000000000000100 ) ;
#3946 = AXIS2_PLACEMENT_3D ( 'NONE', #1373, #2096, #3453 ) ;
#3947 = ORIENTED_EDGE ( 'NONE', *, *, #2967, .F. ) ;
#3948 = DIRECTION ( 'NONE',  ( -1.149973148536277400E-014, 0.0000000000000000000, -1.000000000000000000 ) ) ;
#3949 = CARTESIAN_POINT ( 'NONE',  ( -14.50000000000000200, -17.42136720504591800, -2.309401076758504700 ) ) ;
#3950 = ORIENTED_EDGE ( 'NONE', *, *, #4030, .F. ) ;
#3951 = ORIENTED_EDGE ( 'NONE', *, *, #8523, .T. ) ;
#3952 = DIRECTION ( 'NONE',  ( -0.5000000000000008900, 0.0000000000000000000, 0.8660254037844382600 ) ) ;
#3953 = CARTESIAN_POINT ( 'NONE',  ( 0.0000000000000000000, -14.44999999999999900, 0.0000000000000000000 ) ) ;
#3954 = DIRECTION ( 'NONE',  ( 0.0000000000000000000, 0.0000000000000000000, 1.000000000000000000 ) ) ;
#3955 = CARTESIAN_POINT ( 'NONE',  ( 4.500000000000001800, 5.937499999999996400, 1.863961030678926700 ) ) ;
#3956 = DIRECTION ( 'NONE',  ( 0.1839269784799235100, 0.0000000000000000000, -0.9829399099574935800 ) ) ;
#3957 = CARTESIAN_POINT ( 'NONE',  ( 1.863961030678927400, 3.312500002731183700, -4.500000000000000900 ) ) ;
#3958 = ORIENTED_EDGE ( 'NONE', *, *, #2812, .T. ) ;
#3959 = FACE_OUTER_BOUND ( 'NONE', #3599, .T. ) ;
#3960 = DIRECTION ( 'NONE',  ( -0.9432144216567375200, 0.0000000000000000000, -0.3321845191738263000 ) ) ;
#3961 = CARTESIAN_POINT ( 'NONE',  ( 1.639761364404186800, 3.625000001365589400, -3.958734124999999400 ) ) ;
#3962 = CARTESIAN_POINT ( 'NONE',  ( 3.958734124999999900, 6.375000001365588500, 1.639761364404186200 ) ) ;
#3963 = ADVANCED_FACE ( 'NONE', ( #147 ), #13, .T. ) ;
#3964 = EDGE_CURVE ( 'NONE', #5419, #7652, #1529, .T. ) ;
#3965 = CARTESIAN_POINT ( 'NONE',  ( 0.0000000000000000000, -5.000000000000000000, 0.0000000000000000000 ) ) ;
#3966 = CARTESIAN_POINT ( 'NONE',  ( 0.0000000000000000000, -14.44999999999999900, 0.0000000000000000000 ) ) ;
#3967 = AXIS2_PLACEMENT_3D ( 'NONE', #8039, #5863, #7408 ) ;
#3968 = CARTESIAN_POINT ( 'NONE',  ( -18.36595571194074200, -14.05000000000000100, -2.222986906626169800 ) ) ;
#3969 = CARTESIAN_POINT ( 'NONE',  ( -9.014954643837288700, -14.44999999999999900, -2.097610029784438400 ) ) ;
#3970 = VERTEX_POINT ( 'NONE', #1027 ) ;
#3971 = CARTESIAN_POINT ( 'NONE',  ( 7.272076612284971000E-016, 1.437500001365589400, 3.958734124999999400 ) ) ;
#3972 = EDGE_CURVE ( 'NONE', #2882, #1922, #3142, .T. ) ;
#3973 = EDGE_CURVE ( 'NONE', #889, #4966, #6752, .T. ) ;
#3974 = VECTOR ( 'NONE', #259, 1000.000000000000000 ) ;
#3975 = CARTESIAN_POINT ( 'NONE',  ( -3.181980515339463800, 2.500000002731182800, -3.181980515339463400 ) ) ;
#3976 = CARTESIAN_POINT ( 'NONE',  ( 7.993172669738264300, -14.05000000000000100, 16.68409993591951600 ) ) ;
#3977 = CARTESIAN_POINT ( 'NONE',  ( -14.88366508938742200, -3.432161446792886900, -0.2399999999999997700 ) ) ;
#3978 = FACE_OUTER_BOUND ( 'NONE', #8499, .T. ) ;
#3979 = ADVANCED_FACE ( 'NONE', ( #4953 ), #8146, .T. ) ;
#3980 = CARTESIAN_POINT ( 'NONE',  ( -2.755455298081544300E-016, 3.375000002731182800, -4.500000000000000000 ) ) ;
#3981 = ORIENTED_EDGE ( 'NONE', *, *, #8412, .T. ) ;
#3982 = ORIENTED_EDGE ( 'NONE', *, *, #4111, .T. ) ;
#3983 = CARTESIAN_POINT ( 'NONE',  ( -12.79648433899172300, -14.44999999999999900, -36.33471121730956800 ) ) ;
#3984 = CARTESIAN_POINT ( 'NONE',  ( 14.84201414099324800, -4.819999999999999400, -0.2400000000000001900 ) ) ;
#3985 = DIRECTION ( 'NONE',  ( -0.0000000000000000000, 1.000000000000000000, -0.0000000000000000000 ) ) ;
#3986 = VECTOR ( 'NONE', #392, 1000.000000000000000 ) ;
#3987 = CARTESIAN_POINT ( 'NONE',  ( -3.181980515339463800, 2.500000002731182800, -3.181980515339463400 ) ) ;
#3988 = EDGE_CURVE ( 'NONE', #7546, #5615, #2942, .T. ) ;
#3989 = ORIENTED_EDGE ( 'NONE', *, *, #3973, .T. ) ;
#3990 = PLANE ( 'NONE',  #8731 ) ;
#3991 = DIRECTION ( 'NONE',  ( 0.0000000000000000000, 0.0000000000000000000, 1.000000000000000000 ) ) ;
#3992 = ORIENTED_EDGE ( 'NONE', *, *, #189, .F. ) ;
#3993 = AXIS2_PLACEMENT_3D ( 'NONE', #6464, #2383, #7153 ) ;
#3994 = CARTESIAN_POINT ( 'NONE',  ( -2.799247744702093100, 2.812500001365589000, -2.799247744702092700 ) ) ;
#3995 = AXIS2_PLACEMENT_3D ( 'NONE', #7372, #3302, #8053 ) ;
#3996 = VERTEX_POINT ( 'NONE', #7212 ) ;
#3997 = CIRCLE ( 'NONE', #4279, 0.5000000000000000000 ) ;
#3998 = CARTESIAN_POINT ( 'NONE',  ( 9.014954643837288700, -14.05000000000000100, 2.097610029784438400 ) ) ;
#3999 = DIRECTION ( 'NONE',  ( -0.0000000000000000000, 1.000000000000000000, -0.0000000000000000000 ) ) ;
#4000 = ORIENTED_EDGE ( 'NONE', *, *, #203, .T. ) ;
#4001 = EDGE_CURVE ( 'NONE', #5217, #3427, #7138, .T. ) ;
#4002 = CYLINDRICAL_SURFACE ( 'NONE', #5283, 18.50000000000000000 ) ;
#4003 = ORIENTED_EDGE ( 'NONE', *, *, #6881, .T. ) ;
#4004 = CARTESIAN_POINT ( 'NONE',  ( 12.49999999999999800, -16.17863279495408300, -1.154700538379252400 ) ) ;
#4005 = PLANE ( 'NONE',  #1963 ) ;
#4006 = ORIENTED_EDGE ( 'NONE', *, *, #2855, .F. ) ;
#4007 = VECTOR ( 'NONE', #5659, 999.9999999999998900 ) ;
#4008 = CARTESIAN_POINT ( 'NONE',  ( -1.603120191833866800E-015, -14.05000000000000100, 40.84142135623730500 ) ) ;
#4009 = ADVANCED_FACE ( 'NONE', ( #1090 ), #3141, .T. ) ;
#4010 = CARTESIAN_POINT ( 'NONE',  ( 14.49999999999999800, -4.190020746977267200, 2.000000000000000000 ) ) ;
#4011 = LINE ( 'NONE', #2345, #8800 ) ;
#4012 = DIRECTION ( 'NONE',  ( -3.261793248024838500E-015, 0.0000000000000000000, 1.000000000000000000 ) ) ;
#4013 = ORIENTED_EDGE ( 'NONE', *, *, #7275, .F. ) ;
#4014 = VERTEX_POINT ( 'NONE', #3167 ) ;
#4015 = B_SPLINE_CURVE_WITH_KNOTS ( 'NONE', 3,
 ( #3915, #7991, #5277, #1199, #5970, #1881 ),
 .UNSPECIFIED., .F., .F.,
 ( 4, 2, 4 ),
 ( 0.002060137505873419600, 0.002644210467598552000, 0.003228283429323684000 ),
 .UNSPECIFIED. ) ;
#4016 = VERTEX_POINT ( 'NONE', #5206 ) ;
#4017 = DIRECTION ( 'NONE',  ( 0.9927543628076074300, 0.0000000000000000000, 0.1201614544122253900 ) ) ;
#4018 = CARTESIAN_POINT ( 'NONE',  ( -14.82771778100631400, -16.07933779981235700, -2.120193127676282900 ) ) ;
#4019 = CARTESIAN_POINT ( 'NONE',  ( -4.500000000000000000, 1.687500002731182800, 1.863961030678930700 ) ) ;
#4020 = DIRECTION ( 'NONE',  ( -0.0000000000000000000, 1.000000000000000000, -0.0000000000000000000 ) ) ;
#4021 = CARTESIAN_POINT ( 'NONE',  ( -1.877018412475066800, 6.999999999999999100, -3.507416460346172400 ) ) ;
#4022 = CARTESIAN_POINT ( 'NONE',  ( -3.958734124999998500, 2.000000001365589000, 1.639761364404189700 ) ) ;
#4023 = AXIS2_PLACEMENT_3D ( 'NONE', #4670, #1988, #572 ) ;
#4024 = ORIENTED_EDGE ( 'NONE', *, *, #4920, .T. ) ;
#4025 = DIRECTION ( 'NONE',  ( 0.0000000000000000000, -1.000000000000000000, 0.0000000000000000000 ) ) ;
#4026 = ORIENTED_EDGE ( 'NONE', *, *, #5890, .F. ) ;
#4027 = ADVANCED_FACE ( 'NONE', ( #3368 ), #6537, .T. ) ;
#4028 = CARTESIAN_POINT ( 'NONE',  ( 14.53344401972544000, -4.777690516702350000, -0.3631088704838233400 ) ) ;
#4029 = DIRECTION ( 'NONE',  ( 0.0000000000000000000, 0.0000000000000000000, 1.000000000000000000 ) ) ;
#4030 = EDGE_CURVE ( 'NONE', #4912, #2646, #7815, .T. ) ;
#4031 = DIRECTION ( 'NONE',  ( -0.0000000000000000000, 0.0000000000000000000, 1.000000000000000000 ) ) ;
#4032 = AXIS2_PLACEMENT_3D ( 'NONE', #3966, #3999, #8042 ) ;
#4033 = EDGE_CURVE ( 'NONE', #5632, #7652, #4747, .T. ) ;
#4034 = VECTOR ( 'NONE', #2663, 999.9999999999998900 ) ;
#4035 = ORIENTED_EDGE ( 'NONE', *, *, #670, .T. ) ;
#4036 = DIRECTION ( 'NONE',  ( -1.000000000000000000, 0.0000000000000000000, 0.0000000000000000000 ) ) ;
#4037 = CARTESIAN_POINT ( 'NONE',  ( 14.50000000000000000, -16.00000000000000000, -2.000000000000000900 ) ) ;
#4038 = CARTESIAN_POINT ( 'NONE',  ( 14.49999999999999800, -5.000000000000000900, 0.0000000000000000000 ) ) ;
#4039 = EDGE_LOOP ( 'NONE', ( #1467, #7867, #3440, #630 ) ) ;
#4040 = DIRECTION ( 'NONE',  ( -0.0000000000000000000, 1.000000000000000000, -0.0000000000000000000 ) ) ;
#4041 = CARTESIAN_POINT ( 'NONE',  ( 14.49999999999999800, 995.0644910479892400, 0.0000000000000000000 ) ) ;
#4042 = CARTESIAN_POINT ( 'NONE',  ( 8.266365894244633300E-016, 3.749999999999996400, 4.500000000000000000 ) ) ;
#4043 = DIRECTION ( 'NONE',  ( -0.0000000000000000000, 1.000000000000000000, -0.0000000000000000000 ) ) ;
#4044 = ORIENTED_EDGE ( 'NONE', *, *, #5365, .F. ) ;
#4045 = CARTESIAN_POINT ( 'NONE',  ( 2.799247744702092700, 6.562500001365588500, -2.799247744702093100 ) ) ;
#4046 = CIRCLE ( 'NONE', #4255, 3.190987308028661000 ) ;
#4047 = ORIENTED_EDGE ( 'NONE', *, *, #2484, .F. ) ;
#4048 = EDGE_CURVE ( 'NONE', #390, #6190, #4517, .T. ) ;
#4049 = ORIENTED_EDGE ( 'NONE', *, *, #2668, .T. ) ;
#4050 = AXIS2_PLACEMENT_3D ( 'NONE', #3268, #8018, #3948 ) ;
#4051 = DIRECTION ( 'NONE',  ( 1.149973148536277400E-014, 0.0000000000000000000, -1.000000000000000000 ) ) ;
#4052 = ORIENTED_EDGE ( 'NONE', *, *, #4891, .F. ) ;
#4053 = CYLINDRICAL_SURFACE ( 'NONE', #6064, 3.000000000000000400 ) ;
#4054 = EDGE_CURVE ( 'NONE', #7934, #3890, #2727, .T. ) ;
#4055 = CARTESIAN_POINT ( 'NONE',  ( 8.266365894244633300E-016, 0.8750000027311832800, 4.500000000000000000 ) ) ;
#4056 = CIRCLE ( 'NONE', #7500, 2.000000000000000000 ) ;
#4057 = CARTESIAN_POINT ( 'NONE',  ( 0.0000000000000000000, 7.000000000000000000, 0.0000000000000000000 ) ) ;
#4058 = ORIENTED_EDGE ( 'NONE', *, *, #4001, .T. ) ;
#4059 = CARTESIAN_POINT ( 'NONE',  ( -1.514941932194837900, 6.999999999999999100, -3.657393445408530800 ) ) ;
#4060 = ORIENTED_EDGE ( 'NONE', *, *, #4221, .T. ) ;
#4061 = ADVANCED_FACE ( 'NONE', ( #8352 ), #3906, .T. ) ;
#4062 = EDGE_LOOP ( 'NONE', ( #1000, #1619, #7577, #8172, #2008, #8070, #1082, #4579, #1778, #942, #1743 ) ) ;
#4063 = DIRECTION ( 'NONE',  ( 0.0000000000000000000, -1.000000000000000000, 0.0000000000000000000 ) ) ;
#4064 = EDGE_LOOP ( 'NONE', ( #7082, #2366, #5125, #4314 ) ) ;
#4065 = CYLINDRICAL_SURFACE ( 'NONE', #2843, 14.50000000000000000 ) ;
#4066 = DIRECTION ( 'NONE',  ( 0.0000000000000000000, 1.000000000000000000, 0.0000000000000000000 ) ) ;
#4067 = AXIS2_PLACEMENT_3D ( 'NONE', #4113, #8, #4808 ) ;
#4068 = CARTESIAN_POINT ( 'NONE',  ( -4.500000000000000000, 4.687500002731183300, 1.863961030678930700 ) ) ;
#4069 = CARTESIAN_POINT ( 'NONE',  ( 0.0000000000000000000, -14.44999999999999900, 0.0000000000000000000 ) ) ;
#4070 = ORIENTED_EDGE ( 'NONE', *, *, #981, .T. ) ;
#4071 = CARTESIAN_POINT ( 'NONE',  ( -4.224335311222994900, 6.746696910621875700, -0.5706852817816626700 ) ) ;
#4072 = CARTESIAN_POINT ( 'NONE',  ( -14.50000000000000200, -16.00000000000000000, 0.0000000000000000000 ) ) ;
#4073 = CARTESIAN_POINT ( 'NONE',  ( 14.84549164013473500, -3.894975084286508500, 0.2399999999999995500 ) ) ;
#4074 = FACE_OUTER_BOUND ( 'NONE', #8201, .T. ) ;
#4075 = CARTESIAN_POINT ( 'NONE',  ( 0.0000000000000000000, 17.00000000000000000, 0.0000000000000000000 ) ) ;
#4076 = CARTESIAN_POINT ( 'NONE',  ( -14.74000000000000200, -4.819999999999999400, 0.2622598901852882800 ) ) ;
#4077 = DIRECTION ( 'NONE',  ( 0.0000000000000000000, 1.000000000000000000, 0.0000000000000000000 ) ) ;
#4078 = ADVANCED_FACE ( 'NONE', ( #6137 ), #7712, .T. ) ;
#4079 = CARTESIAN_POINT ( 'NONE',  ( -1.639761364404187300, 5.750000001365588500, -3.958734124999999400 ) ) ;
#4080 = CIRCLE ( 'NONE', #1280, 1.600000000000000800 ) ;
#4081 = EDGE_LOOP ( 'NONE', ( #2566, #6864 ) ) ;
#4082 = CARTESIAN_POINT ( 'NONE',  ( -3.958734124999999400, 6.937500001365589400, 0.0000000000000000000 ) ) ;
#4083 = DIRECTION ( 'NONE',  ( 0.0000000000000000000, 1.000000000000000000, 0.0000000000000000000 ) ) ;
#4084 = VECTOR ( 'NONE', #1513, 1000.000000000000000 ) ;
#4085 = DIRECTION ( 'NONE',  ( 0.0000000000000000000, -1.000000000000000000, 0.0000000000000000000 ) ) ;
#4086 = EDGE_CURVE ( 'NONE', #1995, #5810, #2498, .T. ) ;
#4087 = AXIS2_PLACEMENT_3D ( 'NONE', #8393, #4322, #219 ) ;
#4088 = EDGE_CURVE ( 'NONE', #4975, #2196, #4304, .T. ) ;
#4089 = VERTEX_POINT ( 'NONE', #1190 ) ;
#4090 = CARTESIAN_POINT ( 'NONE',  ( 14.49999999999999800, -4.819999999999999400, 0.0000000000000000000 ) ) ;
#4092 = DIRECTION ( 'NONE',  ( 0.0000000000000000000, 0.0000000000000000000, 1.000000000000000000 ) ) ;
#4091 = VECTOR ( 'NONE', #8059, 1000.000000000000100 ) ;
#4093 = LINE ( 'NONE', #8242, #2065 ) ;
#4094 = CARTESIAN_POINT ( 'NONE',  ( -14.24169686303663900, -5.147533680213260100, 1.843093538856805700 ) ) ;
#4095 = CARTESIAN_POINT ( 'NONE',  ( -14.17228221899369300, -16.07933779981235700, 2.120193127676285100 ) ) ;
#4096 = VERTEX_POINT ( 'NONE', #3939 ) ;
#4097 = ORIENTED_EDGE ( 'NONE', *, *, #5184, .T. ) ;
#4098 = CARTESIAN_POINT ( 'NONE',  ( 4.500000000000000000, 4.999999999999995600, -5.510910596163088600E-016 ) ) ;
#4099 = ADVANCED_FACE ( 'NONE', ( #5894 ), #7503, .T. ) ;
#4100 = AXIS2_PLACEMENT_3D ( 'NONE', #1386, #4105, #7524 ) ;
#4101 = DIRECTION ( 'NONE',  ( 0.0000000000000000000, -1.000000000000000000, -0.0000000000000000000 ) ) ;
#4102 = CARTESIAN_POINT ( 'NONE',  ( 16.50000000000000000, -17.42136720504591800, -1.154700538379255900 ) ) ;
#4103 = FACE_OUTER_BOUND ( 'NONE', #895, .T. ) ;
#4104 = ORIENTED_EDGE ( 'NONE', *, *, #3055, .F. ) ;
#4105 = DIRECTION ( 'NONE',  ( 0.0000000000000000000, 0.0000000000000000000, -1.000000000000000000 ) ) ;
#4106 = ORIENTED_EDGE ( 'NONE', *, *, #3171, .T. ) ;
#4107 = LINE ( 'NONE', #8257, #5690 ) ;
#4108 = EDGE_LOOP ( 'NONE', ( #2901, #5377, #2374, #1453 ) ) ;
#4109 = ORIENTED_EDGE ( 'NONE', *, *, #2090, .T. ) ;
#4110 = CONICAL_SURFACE ( 'NONE', #5534, 0.3555000000000000400, 0.06981317007976586800 ) ;
#4111 = EDGE_CURVE ( 'NONE', #3519, #7950, #679, .T. ) ;
#4112 = DIRECTION ( 'NONE',  ( 0.0000000000000000000, -1.000000000000000000, 0.0000000000000000000 ) ) ;
#4113 = CARTESIAN_POINT ( 'NONE',  ( 7.347880794884121500E-017, 1.499999999999999600, 11.50000000000000000 ) ) ;
#4114 = AXIS2_PLACEMENT_3D ( 'NONE', #5180, #3847, #8597 ) ;
#4115 = CARTESIAN_POINT ( 'NONE',  ( -1.639761364404188200, 6.375000001365589400, 3.958734124999998500 ) ) ;
#4116 = CC_DESIGN_DATE_AND_TIME_ASSIGNMENT ( #2721, #2921, ( #3200 ) ) ;
#4117 = CIRCLE ( 'NONE', #886, 2.000000000000000900 ) ;
#4118 = ADVANCED_FACE ( 'NONE', ( #4103 ), #234, .T. ) ;
#4119 = EDGE_LOOP ( 'NONE', ( #3547, #7739, #1565, #7644 ) ) ;
#4121 = CARTESIAN_POINT ( 'NONE',  ( 15.26434055678858600, -14.05000000000000100, 10.45226804891546900 ) ) ;
#4120 = CARTESIAN_POINT ( 'NONE',  ( -14.50000000000000000, -4.819999999999999400, 0.0000000000000000000 ) ) ;
#4122 = CARTESIAN_POINT ( 'NONE',  ( 2.799247744702093600, 6.312500001365589400, 2.799247744702092700 ) ) ;
#4123 = CARTESIAN_POINT ( 'NONE',  ( -4.459278375985051400, 6.512581224640801000, 0.5789815907974432700 ) ) ;
#4124 = EDGE_CURVE ( 'NONE', #8449, #6414, #2074, .T. ) ;
#4125 = CARTESIAN_POINT ( 'NONE',  ( 15.50000000000000200, -16.00000000000000000, 1.732050807568877900 ) ) ;
#4126 = CARTESIAN_POINT ( 'NONE',  ( 1.443137078762504400, -5.000000000000000000, 11.40909090909090800 ) ) ;
#4127 = DIRECTION ( 'NONE',  ( -0.1839269784799235100, 0.0000000000000000000, 0.9829399099574935800 ) ) ;
#4128 = EDGE_LOOP ( 'NONE', ( #6630, #6694, #7553, #8500, #2080, #4384 ) ) ;
#4129 = ORIENTED_EDGE ( 'NONE', *, *, #4149, .T. ) ;
#4130 = DIRECTION ( 'NONE',  ( 0.8949343677499603800, -0.4461978007789581000, 0.0000000000000000000 ) ) ;
#4131 = CARTESIAN_POINT ( 'NONE',  ( 12.49999999999999600, -16.07984828284772400, -0.7788341705667907200 ) ) ;
#4132 = DIRECTION ( 'NONE',  ( 0.0000000000000000000, -1.000000000000000000, 0.0000000000000000000 ) ) ;
#4133 = ORIENTED_EDGE ( 'NONE', *, *, #4885, .F. ) ;
#4134 = DIRECTION ( 'NONE',  ( -1.000000000000000000, 0.0000000000000000000, 0.0000000000000000000 ) ) ;
#4135 = ORIENTED_EDGE ( 'NONE', *, *, #6930, .F. ) ;
#4136 = LINE ( 'NONE', #4632, #5716 ) ;
#4137 = ORIENTED_EDGE ( 'NONE', *, *, #8757, .T. ) ;
#4138 = CARTESIAN_POINT ( 'NONE',  ( 14.49999999999999800, 21.99999999999996400, 0.0000000000000000000 ) ) ;
#4139 = VERTEX_POINT ( 'NONE', #6024 ) ;
#4140 = AXIS2_PLACEMENT_3D ( 'NONE', #718, #1317, #8826 ) ;
#4141 = ADVANCED_FACE ( 'NONE', ( #5683 ), #31, .F. ) ;
#4142 = CARTESIAN_POINT ( 'NONE',  ( 2.799247744702093600, 5.562500001365589400, 2.799247744702092700 ) ) ;
#4143 = ORIENTED_EDGE ( 'NONE', *, *, #1398, .F. ) ;
#4144 = CIRCLE ( 'NONE', #3018, 2.000000000000000000 ) ;
#4145 = EDGE_LOOP ( 'NONE', ( #7642, #3082, #7321, #5783 ) ) ;
#4147 = CARTESIAN_POINT ( 'NONE',  ( 14.59698751136435000, -4.819999999999999400, 0.3420141409932486200 ) ) ;
#4146 = CARTESIAN_POINT ( 'NONE',  ( -15.91400053919059900, -14.05000000000000100, 7.624226339126530600 ) ) ;
#4148 = CARTESIAN_POINT ( 'NONE',  ( -0.5769835717597680000, 6.645546419672294600, 4.325709140415481700 ) ) ;
#4149 = EDGE_CURVE ( 'NONE', #4265, #4914, #1841, .T. ) ;
#4150 = EDGE_CURVE ( 'NONE', #7145, #5635, #443, .T. ) ;
#4151 = ORIENTED_EDGE ( 'NONE', *, *, #4251, .T. ) ;
#4152 = FACE_BOUND ( 'NONE', #5387, .T. ) ;
#4153 = CARTESIAN_POINT ( 'NONE',  ( 1.639761364404189300, 6.250000001365589400, 3.958734124999998500 ) ) ;
#4154 = AXIS2_PLACEMENT_3D ( 'NONE', #4574, #472, #5245 ) ;
#4155 = DIRECTION ( 'NONE',  ( 1.557892197183330900E-015, -0.8949343677499602700, -0.4461978007789580400 ) ) ;
#4156 = CARTESIAN_POINT ( 'NONE',  ( -14.40301248863564600, -4.819999999999999400, -0.3420141409932473400 ) ) ;
#4157 = LINE ( 'NONE', #1191, #5735 ) ;
#4158 = ORIENTED_EDGE ( 'NONE', *, *, #7046, .T. ) ;
#4159 = EDGE_LOOP ( 'NONE', ( #6063, #5082, #1767, #4357 ) ) ;
#4160 = DIRECTION ( 'NONE',  ( -1.000000000000000000, 0.0000000000000000000, 0.0000000000000000000 ) ) ;
#4161 = CARTESIAN_POINT ( 'NONE',  ( 14.50000000000000000, -17.60000000000000100, 0.0000000000000000000 ) ) ;
#4162 = ORIENTED_EDGE ( 'NONE', *, *, #3293, .T. ) ;
#4163 = DIRECTION ( 'NONE',  ( 0.0000000000000000000, -1.000000000000000000, 0.0000000000000000000 ) ) ;
#4164 = CARTESIAN_POINT ( 'NONE',  ( 0.0000000000000000000, 1.000000000000000000, -5.000000000000000000 ) ) ;
#4165 = VECTOR ( 'NONE', #806, 1000.000000000000000 ) ;
#4166 = ADVANCED_FACE ( 'NONE', ( #3876 ), #4689, .F. ) ;
#4167 = LINE ( 'NONE', #2346, #3945 ) ;
#4168 = EDGE_CURVE ( 'NONE', #3479, #5899, #322, .T. ) ;
#4169 = CARTESIAN_POINT ( 'NONE',  ( -14.56562053546653200, -4.799114768348141000, 0.3524271330154988300 ) ) ;
#4170 = AXIS2_PLACEMENT_3D ( 'NONE', #8233, #4163, #62 ) ;
#4171 = DIRECTION ( 'NONE',  ( -0.0000000000000000000, 1.000000000000000000, -0.0000000000000000000 ) ) ;
#4172 = ORIENTED_EDGE ( 'NONE', *, *, #2148, .F. ) ;
#4173 = ORIENTED_EDGE ( 'NONE', *, *, #8824, .F. ) ;
#4174 = AXIS2_PLACEMENT_3D ( 'NONE', #557, #5335, #1254 ) ;
#4175 = ORIENTED_EDGE ( 'NONE', *, *, #78, .T. ) ;
#4176 = CARTESIAN_POINT ( 'NONE',  ( -14.74000000000000200, -3.432161446792886900, 0.3836650893874185000 ) ) ;
#4177 = CARTESIAN_POINT ( 'NONE',  ( 3.958734124999999400, 4.750000001365588500, -1.639761364404187500 ) ) ;
#4178 = EDGE_CURVE ( 'NONE', #1037, #4777, #5481, .T. ) ;
#4179 = CARTESIAN_POINT ( 'NONE',  ( 7.272076612284971000E-016, 1.187500001365589200, 3.958734124999999400 ) ) ;
#4180 = ORIENTED_EDGE ( 'NONE', *, *, #6123, .F. ) ;
#4181 = DIRECTION ( 'NONE',  ( 0.0000000000000000000, 0.0000000000000000000, 1.000000000000000000 ) ) ;
#4182 = AXIS2_PLACEMENT_3D ( 'NONE', #6406, #1642, #6425 ) ;
#4183 = CIRCLE ( 'NONE', #2487, 18.50000000000000000 ) ;
#4184 = CARTESIAN_POINT ( 'NONE',  ( -4.500000000000000000, 5.625000002731183300, 0.0000000000000000000 ) ) ;
#4185 = CARTESIAN_POINT ( 'NONE',  ( -1.112784378237784000, -14.44999999999999900, 14.45723732002591300 ) ) ;
#4186 = CARTESIAN_POINT ( 'NONE',  ( 3.958734124999999400, 5.437500001365589400, -4.848051074856647000E-016 ) ) ;
#4187 = DIRECTION ( 'NONE',  ( 0.0000000000000000000, 0.0000000000000000000, -1.000000000000000000 ) ) ;
#4188 = CIRCLE ( 'NONE', #5268, 1.500000000000001300 ) ;
#4189 = CARTESIAN_POINT ( 'NONE',  ( 12.49999999999999800, -17.47558117116885200, 0.9668978507697965100 ) ) ;
#4190 = CARTESIAN_POINT ( 'NONE',  ( -12.66317817513182600, -17.47575993009079200, -1.248911501717478100 ) ) ;
#4191 = DIRECTION ( 'NONE',  ( -1.000000000000000000, 0.0000000000000000000, -0.0000000000000000000 ) ) ;
#4192 = CARTESIAN_POINT ( 'NONE',  ( -14.50000000000000000, -4.819999999999999400, 0.0000000000000000000 ) ) ;
#4193 = ORIENTED_EDGE ( 'NONE', *, *, #230, .T. ) ;
#4194 = DIRECTION ( 'NONE',  ( 0.0000000000000000000, 0.0000000000000000000, 1.000000000000000000 ) ) ;
#4195 = CARTESIAN_POINT ( 'NONE',  ( 14.49999999999999800, -5.000000000000000900, 2.000000000000000000 ) ) ;
#4196 = CONICAL_SURFACE ( 'NONE', #5328, 1.999999999999998200, 1.047197551196596300 ) ;
#4197 = AXIS2_PLACEMENT_3D ( 'NONE', #2683, #6736, #6068 ) ;
#4198 = FACE_OUTER_BOUND ( 'NONE', #5818, .T. ) ;
#4199 = ORIENTED_EDGE ( 'NONE', *, *, #6045, .T. ) ;
#4200 = CARTESIAN_POINT ( 'NONE',  ( -1.863961030678929200, 1.687499999999996200, 4.500000000000000000 ) ) ;
#4201 = CARTESIAN_POINT ( 'NONE',  ( 14.49999999999999800, -4.819999999999999400, 0.0000000000000000000 ) ) ;
#4202 = VERTEX_POINT ( 'NONE', #7454 ) ;
#4203 = EDGE_CURVE ( 'NONE', #5315, #2990, #8493, .T. ) ;
#4204 = CARTESIAN_POINT ( 'NONE',  ( -2.424025537428323500E-016, 3.937500001365589000, -3.958734124999999400 ) ) ;
#4205 = EDGE_CURVE ( 'NONE', #8406, #3318, #5251, .T. ) ;
#4206 = LINE ( 'NONE', #5197, #7394 ) ;
#4208 = CARTESIAN_POINT ( 'NONE',  ( -14.43437946453347300, -4.799114768348141000, 0.3524271330154995500 ) ) ;
#4207 = DIRECTION ( 'NONE',  ( -0.0000000000000000000, 1.000000000000000000, 0.0000000000000000000 ) ) ;
#4209 = VERTEX_POINT ( 'NONE', #2700 ) ;
#4210 = ORIENTED_EDGE ( 'NONE', *, *, #7393, .T. ) ;
#4211 = DIRECTION ( 'NONE',  ( 0.9739815868436148000, 0.0000000000000000000, 0.2266271574405722100 ) ) ;
#4212 = CARTESIAN_POINT ( 'NONE',  ( 1.639761364404186800, 4.625000001365588500, -3.958734124999999400 ) ) ;
#4213 = ORIENTED_EDGE ( 'NONE', *, *, #8191, .F. ) ;
#4214 = CARTESIAN_POINT ( 'NONE',  ( 14.88366508938741900, -3.432161446792886900, 0.2399999999999993200 ) ) ;
#4215 = CIRCLE ( 'NONE', #612, 2.000000000000000000 ) ;
#4216 = DIRECTION ( 'NONE',  ( 0.0000000000000000000, 0.0000000000000000000, 1.000000000000000000 ) ) ;
#4217 = VERTEX_POINT ( 'NONE', #2035 ) ;
#4218 = AXIS2_PLACEMENT_3D ( 'NONE', #3717, #8462, #4383 ) ;
#4219 =( LENGTH_UNIT ( ) NAMED_UNIT ( * ) SI_UNIT ( .MILLI., .METRE. ) );
#4220 = DIRECTION ( 'NONE',  ( -0.0000000000000000000, 1.000000000000000000, -0.0000000000000000000 ) ) ;
#4221 = EDGE_CURVE ( 'NONE', #2649, #7412, #3474, .T. ) ;
#4222 = ORIENTED_EDGE ( 'NONE', *, *, #6701, .F. ) ;
#4223 = ORIENTED_EDGE ( 'NONE', *, *, #6167, .F. ) ;
#4224 = FACE_OUTER_BOUND ( 'NONE', #6788, .T. ) ;
#4225 = DIRECTION ( 'NONE',  ( 0.0000000000000000000, -2.290567970039799000E-016, -1.000000000000000000 ) ) ;
#4226 = CARTESIAN_POINT ( 'NONE',  ( 14.25999999999999800, -4.819999999999999400, 0.3420141409932473400 ) ) ;
#4227 = CONICAL_SURFACE ( 'NONE', #4423, 0.8000000000000056000, 0.7853981633974200800 ) ;
#4228 = ORIENTED_EDGE ( 'NONE', *, *, #1093, .F. ) ;
#4229 = ORIENTED_EDGE ( 'NONE', *, *, #6176, .F. ) ;
#4230 = AXIS2_PLACEMENT_3D ( 'NONE', #3899, #8649, #4585 ) ;
#4231 = CARTESIAN_POINT ( 'NONE',  ( -1.639761364404188200, 6.125000001365589400, 3.958734124999998500 ) ) ;
#4232 = ORIENTED_EDGE ( 'NONE', *, *, #4266, .F. ) ;
#4233 = CARTESIAN_POINT ( 'NONE',  ( -3.958734124999999400, 3.125000001365589000, -1.639761364404187100 ) ) ;
#4234 = CARTESIAN_POINT ( 'NONE',  ( 14.74000000000000400, -3.400000000000000400, -1.049999999999999400 ) ) ;
#4235 = ORIENTED_EDGE ( 'NONE', *, *, #3988, .T. ) ;
#4236 = DIRECTION ( 'NONE',  ( -0.0000000000000000000, 1.000000000000000000, 0.0000000000000000000 ) ) ;
#4237 = CARTESIAN_POINT ( 'NONE',  ( 14.49999999999999800, -6.382187706324184100, -0.4368638908319043600 ) ) ;
#4238 = ORIENTED_EDGE ( 'NONE', *, *, #1372, .F. ) ;
#4239 = CARTESIAN_POINT ( 'NONE',  ( -2.799247744702093100, 3.812500001365589000, -2.799247744702092700 ) ) ;
#4240 = ORIENTED_EDGE ( 'NONE', *, *, #8364, .T. ) ;
#4241 = DIRECTION ( 'NONE',  ( 0.0000000000000000000, 1.000000000000000000, 0.0000000000000000000 ) ) ;
#4242 = DIRECTION ( 'NONE',  ( 0.3321845191738206400, 0.0000000000000000000, 0.9432144216567395200 ) ) ;
#4243 = APPROVAL_ROLE ( '' ) ;
#4244 = FACE_OUTER_BOUND ( 'NONE', #4511, .T. ) ;
#4245 = ORIENTED_EDGE ( 'NONE', *, *, #2967, .T. ) ;
#4246 = DIRECTION ( 'NONE',  ( 0.0000000000000000000, 1.000000000000000000, 0.0000000000000000000 ) ) ;
#4247 = CARTESIAN_POINT ( 'NONE',  ( 0.0000000000000000000, 1.000000000000000000, 0.0000000000000000000 ) ) ;
#4248 = DIRECTION ( 'NONE',  ( 0.0000000000000000000, 1.000000000000000000, 0.0000000000000000000 ) ) ;
#4249 = ORIENTED_EDGE ( 'NONE', *, *, #8271, .F. ) ;
#4250 = EDGE_CURVE ( 'NONE', #8275, #3996, #1711, .T. ) ;
#4251 = EDGE_CURVE ( 'NONE', #92, #1001, #3501, .T. ) ;
#4252 = FACE_OUTER_BOUND ( 'NONE', #338, .T. ) ;
#4253 = EDGE_LOOP ( 'NONE', ( #4193, #6945, #6144 ) ) ;
#4254 = CARTESIAN_POINT ( 'NONE',  ( 2.799247744702093600, 5.312500001365589400, 2.799247744702092700 ) ) ;
#4255 = AXIS2_PLACEMENT_3D ( 'NONE', #8054, #2553, #4012 ) ;
#4256 = VERTEX_POINT ( 'NONE', #6826 ) ;
#4257 = ORIENTED_EDGE ( 'NONE', *, *, #2913, .T. ) ;
#4258 = CARTESIAN_POINT ( 'NONE',  ( -2.799247744702092300, 2.312500001365589400, 2.799247744702093600 ) ) ;
#4259 = LINE ( 'NONE', #5834, #625 ) ;
#4260 = CARTESIAN_POINT ( 'NONE',  ( 12.49999999999999800, -17.42136720504591800, 1.154700538379255900 ) ) ;
#4261 = DIRECTION ( 'NONE',  ( 0.0000000000000000000, -1.000000000000000000, -0.0000000000000000000 ) ) ;
#4262 = CARTESIAN_POINT ( 'NONE',  ( 14.84201414099324800, -4.819999999999999400, -0.2400000000000001900 ) ) ;
#4263 = DIRECTION ( 'NONE',  ( 0.0000000000000000000, 0.0000000000000000000, 1.000000000000000000 ) ) ;
#4264 = LINE ( 'NONE', #7486, #6078 ) ;
#4265 = VERTEX_POINT ( 'NONE', #8854 ) ;
#4266 = EDGE_CURVE ( 'NONE', #7988, #6302, #1700, .T. ) ;
#4267 = VERTEX_POINT ( 'NONE', #6882 ) ;
#4268 = CARTESIAN_POINT ( 'NONE',  ( -3.958734124999998500, 3.000000001365589000, 1.639761364404189700 ) ) ;
#4269 = AXIS2_PLACEMENT_3D ( 'NONE', #4606, #507, #5281 ) ;
#4270 = ORIENTED_EDGE ( 'NONE', *, *, #1227, .F. ) ;
#4271 = ORIENTED_EDGE ( 'NONE', *, *, #3825, .T. ) ;
#4272 = DIRECTION ( 'NONE',  ( 0.0000000000000000000, 1.000000000000000000, 0.0000000000000000000 ) ) ;
#4273 = DIRECTION ( 'NONE',  ( 1.000000000000000000, 0.0000000000000000000, 0.0000000000000000000 ) ) ;
#4274 = DIRECTION ( 'NONE',  ( 0.0000000000000000000, 1.000000000000000000, 0.0000000000000000000 ) ) ;
#4275 = VERTEX_POINT ( 'NONE', #710 ) ;
#4276 = CIRCLE ( 'NONE', #3696, 18.50000000000000000 ) ;
#4277 = EDGE_CURVE ( 'NONE', #7947, #2649, #6857, .T. ) ;
#4278 = DIRECTION ( 'NONE',  ( -1.000000000000000000, 0.0000000000000000000, 0.0000000000000000000 ) ) ;
#4279 = AXIS2_PLACEMENT_3D ( 'NONE', #6055, #1968, #6725 ) ;
#4280 = CARTESIAN_POINT ( 'NONE',  ( -14.50000000000000200, -16.17863279495408300, -2.309401076758504700 ) ) ;
#4281 = AXIS2_PLACEMENT_3D ( 'NONE', #7609, #3550, #8288 ) ;
#4282 = CARTESIAN_POINT ( 'NONE',  ( 3.958734124999999400, 4.500000001365588500, -1.639761364404187500 ) ) ;
#4283 = FACE_OUTER_BOUND ( 'NONE', #6242, .T. ) ;
#4284 = ORIENTED_EDGE ( 'NONE', *, *, #5046, .F. ) ;
#4285 = B_SPLINE_CURVE_WITH_KNOTS ( 'NONE', 3,
 ( #2272, #7034, #7714, #3654, #8396, #4325 ),
 .UNSPECIFIED., .F., .F.,
 ( 4, 2, 4 ),
 ( 0.001168606431211099400, 0.001750609284260042800, 0.002332612137308986600 ),
 .UNSPECIFIED. ) ;
#4286 = CARTESIAN_POINT ( 'NONE',  ( 1.639761364404189300, 1.500000001365589600, 3.958734124999998500 ) ) ;
#4287 = EDGE_CURVE ( 'NONE', #3519, #2810, #8661, .T. ) ;
#4288 = DIRECTION ( 'NONE',  ( -0.0000000000000000000, 1.000000000000000000, -0.0000000000000000000 ) ) ;
#4289 = CARTESIAN_POINT ( 'NONE',  ( 0.9226241658216379800, -0.04031599922663175300, 10.78004021781732500 ) ) ;
#4290 = CARTESIAN_POINT ( 'NONE',  ( 14.49999999999999800, -4.046379599446113100, 0.0000000000000000000 ) ) ;
#4291 = FACE_OUTER_BOUND ( 'NONE', #7086, .T. ) ;
#4292 = CARTESIAN_POINT ( 'NONE',  ( 7.272076612284971000E-016, 2.187500001365589400, 3.958734124999999400 ) ) ;
#4293 = ORIENTED_EDGE ( 'NONE', *, *, #592, .F. ) ;
#4294 = CONICAL_SURFACE ( 'NONE', #921, 2.499999999999995100, 0.7853981633974496100 ) ;
#4295 =( BOUNDED_CURVE ( )  B_SPLINE_CURVE ( 2, ( #6754, #4718, #1342, #6118, #2033, #6790, #2729, #7477, #3416 ),
 .UNSPECIFIED., .F., .F. ) 
 B_SPLINE_CURVE_WITH_KNOTS ( ( 3, 2, 2, 2, 3 ),
 ( 0.6785714285714286000, 0.6964285714285714000, 0.7142857142857143000, 0.7321428571428571000, 0.7500000000000000000 ),
 .UNSPECIFIED. ) 
 CURVE ( )  GEOMETRIC_REPRESENTATION_ITEM ( )  RATIONAL_B_SPLINE_CURVE ( ( 1.000000000000000000, 0.9238795325112867400, 1.000000000000000000, 0.9238795325112867400, 1.000000000000000000, 0.9238795325112867400, 1.000000000000000000, 0.9238795325112867400, 1.000000000000000000 ) ) 
 REPRESENTATION_ITEM ( '' )  );
#4296 = CARTESIAN_POINT ( 'NONE',  ( -14.50000000000000000, -4.819999999999999400, 0.3555000000000000400 ) ) ;
#4297 = FACE_OUTER_BOUND ( 'NONE', #445, .T. ) ;
#4298 = EDGE_LOOP ( 'NONE', ( #4318, #1853, #7707, #3059 ) ) ;
#4299 = CARTESIAN_POINT ( 'NONE',  ( -4.500000000000000000, 5.499999999999996400, 0.0000000000000000000 ) ) ;
#4300 = CARTESIAN_POINT ( 'NONE',  ( -10.45226804891553500, -14.44999999999999900, 15.26434055678854000 ) ) ;
#4301 = ORIENTED_EDGE ( 'NONE', *, *, #6207, .F. ) ;
#4302 = AXIS2_PLACEMENT_3D ( 'NONE', #2431, #3123, #8555 ) ;
#4303 = LOCAL_TIME ( 19, 5, 7.000000000000000000, #6131 ) ;
#4304 = CIRCLE ( 'NONE', #6391, 14.50000000000000000 ) ;
#4305 = CARTESIAN_POINT ( 'NONE',  ( -2.424025537428323500E-016, 3.687500001365589000, -3.958734124999999400 ) ) ;
#4306 = ORIENTED_EDGE ( 'NONE', *, *, #6584, .F. ) ;
#4307 = EDGE_CURVE ( 'NONE', #6969, #7875, #5043, .T. ) ;
#4308 = EDGE_CURVE ( 'NONE', #4331, #162, #1423, .T. ) ;
#4309 = ORIENTED_EDGE ( 'NONE', *, *, #5214, .F. ) ;
#4310 = CARTESIAN_POINT ( 'NONE',  ( 3.958734124999999400, 0.6875000013655887500, -4.848051074856647000E-016 ) ) ;
#4311 = CONICAL_SURFACE ( 'NONE', #5538, 0.3555000000000000400, 0.06981317007976586800 ) ;
#4312 = CARTESIAN_POINT ( 'NONE',  ( 3.181980515339463400, 1.250000002731182600, -3.181980515339463800 ) ) ;
#4313 = EDGE_CURVE ( 'NONE', #7607, #6667, #7070, .T. ) ;
#4314 = ORIENTED_EDGE ( 'NONE', *, *, #3525, .T. ) ;
#4315 = EDGE_LOOP ( 'NONE', ( #1771, #3881, #5556 ) ) ;
#4316 = LINE ( 'NONE', #6248, #7720 ) ;
#4317 = CARTESIAN_POINT ( 'NONE',  ( 14.50000000000000000, -16.00000000000000000, 0.0000000000000000000 ) ) ;
#4318 = ORIENTED_EDGE ( 'NONE', *, *, #1397, .F. ) ;
#4319 = CARTESIAN_POINT ( 'NONE',  ( 14.50000000000000000, -10.00000000000000000, -2.000000000000001300 ) ) ;
#4320 = CARTESIAN_POINT ( 'NONE',  ( 3.958734124999999900, 1.375000001365589400, 1.639761364404186200 ) ) ;
#4321 = CIRCLE ( 'NONE', #5164, 1.928476821192052700 ) ;
#4322 = DIRECTION ( 'NONE',  ( -1.000000000000000000, -0.0000000000000000000, -3.491483361109382100E-015 ) ) ;
#4323 = ORIENTED_EDGE ( 'NONE', *, *, #8841, .T. ) ;
#4324 = EDGE_CURVE ( 'NONE', #237, #2990, #1014, .T. ) ;
#4325 = CARTESIAN_POINT ( 'NONE',  ( 14.50000000000000000, -17.42136720504591800, -2.309401076758504700 ) ) ;
#4326 = AXIS2_PLACEMENT_3D ( 'NONE', #2190, #1490, #4216 ) ;
#4327 = CARTESIAN_POINT ( 'NONE',  ( 0.0000000000000000000, -14.44999999999999900, 0.0000000000000000000 ) ) ;
#4328 = EDGE_CURVE ( 'NONE', #3646, #3632, #7417, .T. ) ;
#4329 = CARTESIAN_POINT ( 'NONE',  ( 12.79648433899172300, -14.44999999999999900, 36.33471121730956800 ) ) ;
#4330 = CARTESIAN_POINT ( 'NONE',  ( 0.0000000000000000000, -14.05000000000000100, 0.0000000000000000000 ) ) ;
#4331 = VERTEX_POINT ( 'NONE', #8310 ) ;
#4332 = ORIENTED_EDGE ( 'NONE', *, *, #3704, .F. ) ;
#4333 = CARTESIAN_POINT ( 'NONE',  ( -4.500000000000000000, 1.499999999999996200, 0.0000000000000000000 ) ) ;
#4334 = ORIENTED_EDGE ( 'NONE', *, *, #2254, .F. ) ;
#4335 = CARTESIAN_POINT ( 'NONE',  ( -3.958734124999999400, 2.875000001365589000, -1.639761364404187100 ) ) ;
#4336 = B_SPLINE_CURVE_WITH_KNOTS ( 'NONE', 3,
 ( #4551, #6607, #1832, #2531, #7295, #3218, #7972, #3900, #8651, #4588, #485, #5259, #1184, #5950, #1866, #6629, #2569, #7320, #3253, #8007, #3930, #8687, #4617, #519 ),
 .UNSPECIFIED., .F., .F.,
 ( 4, 2, 2, 2, 2, 2, 2, 2, 2, 2, 2, 4 ),
 ( 0.0000000000000000000, 0.001035549211050925800, 0.001553323816576388700, 0.002071098422101851700, 0.003106647633152777300, 0.003624422238678240300, 0.004142196844203703400, 0.005177746055254630300, 0.005695520660780094600, 0.006213295266305559000, 0.007248844477356484100, 0.008284393688407410200 ),
 .UNSPECIFIED. ) ;
#4337 = CARTESIAN_POINT ( 'NONE',  ( 8.266365894244633300E-016, 6.749999999999996400, 4.500000000000000000 ) ) ;
#4338 = ORIENTED_EDGE ( 'NONE', *, *, #2363, .F. ) ;
#4339 = CIRCLE ( 'NONE', #4490, 1.000000000000000000 ) ;
#4340 = ORIENTED_EDGE ( 'NONE', *, *, #2443, .F. ) ;
#4341 = EDGE_LOOP ( 'NONE', ( #344, #4478, #3508, #7761, #3178, #1618, #8739, #4158, #6703, #7402, #8026 ) ) ;
#4342 = DIRECTION ( 'NONE',  ( -0.0000000000000000000, 1.000000000000000000, -0.0000000000000000000 ) ) ;
#4343 = CARTESIAN_POINT ( 'NONE',  ( 2.799247744702092700, 0.5625000013655887500, -2.799247744702093100 ) ) ;
#4344 = CARTESIAN_POINT ( 'NONE',  ( 0.0000000000000000000, 0.0000000000000000000, 0.0000000000000000000 ) ) ;
#4345 = CIRCLE ( 'NONE', #719, 3.190987308028661000 ) ;
#4346 = ORIENTED_EDGE ( 'NONE', *, *, #2208, .T. ) ;
#4347 = CARTESIAN_POINT ( 'NONE',  ( 16.50000000000000000, -16.12473465330811700, -0.9679918988505338300 ) ) ;
#4348 = ORIENTED_EDGE ( 'NONE', *, *, #7165, .F. ) ;
#4349 = CARTESIAN_POINT ( 'NONE',  ( 4.500000000000001800, 4.062500002731183300, 1.863961030678926700 ) ) ;
#4350 = DIRECTION ( 'NONE',  ( 0.4461978007789582100, -0.8949343677499602700, 0.0000000000000000000 ) ) ;
#4351 = FACE_OUTER_BOUND ( 'NONE', #4412, .T. ) ;
#4352 =( BOUNDED_CURVE ( )  B_SPLINE_CURVE ( 2, ( #508, #6651, #2588, #7346, #8029, #3955, #8708, #7263, #3185 ),
 .UNSPECIFIED., .F., .F. ) 
 B_SPLINE_CURVE_WITH_KNOTS ( ( 3, 2, 2, 2, 3 ),
 ( 0.1785714285714285800, 0.1964285714285714200, 0.2142857142857142700, 0.2321428571428571500, 0.2500000000000000000 ),
 .UNSPECIFIED. ) 
 CURVE ( )  GEOMETRIC_REPRESENTATION_ITEM ( )  RATIONAL_B_SPLINE_CURVE ( ( 1.000000000000000000, 0.9238795325112867400, 1.000000000000000000, 0.9238795325112867400, 1.000000000000000000, 0.9238795325112867400, 1.000000000000000000, 0.9238795325112867400, 1.000000000000000000 ) ) 
 REPRESENTATION_ITEM ( '' )  );
#4353 = FACE_OUTER_BOUND ( 'NONE', #3358, .T. ) ;
#4354 = ORIENTED_EDGE ( 'NONE', *, *, #2114, .T. ) ;
#4355 = DIRECTION ( 'NONE',  ( 0.0000000000000000000, 0.0000000000000000000, -1.000000000000000000 ) ) ;
#4356 = CARTESIAN_POINT ( 'NONE',  ( 14.50000000000000000, -5.000000000000000000, 1.500000000000001600 ) ) ;
#4357 = ORIENTED_EDGE ( 'NONE', *, *, #1669, .F. ) ;
#4358 = EDGE_CURVE ( 'NONE', #1257, #6179, #6637, .T. ) ;
#4359 = ORIENTED_EDGE ( 'NONE', *, *, #6881, .F. ) ;
#4360 = VECTOR ( 'NONE', #3567, 1000.000000000000000 ) ;
#4361 = PLANE ( 'NONE',  #5584 ) ;
#4362 = ADVANCED_FACE ( 'NONE', ( #3033 ), #8030, .F. ) ;
#4363 = EDGE_CURVE ( 'NONE', #3970, #4438, #8246, .T. ) ;
#4364 = CARTESIAN_POINT ( 'NONE',  ( -2.799247744702092300, 2.062500001365589000, 2.799247744702093600 ) ) ;
#4365 = CONICAL_SURFACE ( 'NONE', #3577, 2.000000000000000000, 1.047197551196595900 ) ;
#4366 = CARTESIAN_POINT ( 'NONE',  ( 4.500000000000000900, 5.937499999999996400, 1.863961030678926700 ) ) ;
#4367 = EDGE_LOOP ( 'NONE', ( #7361, #912, #8825, #4240 ) ) ;
#4368 = VERTEX_POINT ( 'NONE', #6997 ) ;
#4369 = VERTEX_POINT ( 'NONE', #7686 ) ;
#4370 = CARTESIAN_POINT ( 'NONE',  ( 2.799247744702093600, 6.562500001365589400, 2.799247744702092700 ) ) ;
#4371 = AXIS2_PLACEMENT_3D ( 'NONE', #4878, #6280, #413 ) ;
#4372 = AXIS2_PLACEMENT_3D ( 'NONE', #7127, #3057, #7807 ) ;
#4373 = CARTESIAN_POINT ( 'NONE',  ( -0.9752636518141162300, 7.000000000000000000, -3.879286121111740200 ) ) ;
#4374 = ORIENTED_EDGE ( 'NONE', *, *, #2220, .T. ) ;
#4375 = CIRCLE ( 'NONE', #653, 0.5000000000000004400 ) ;
#4376 = CARTESIAN_POINT ( 'NONE',  ( -14.84549164013473700, -3.894975084286509000, -0.2399999999999997700 ) ) ;
#4377 = CARTESIAN_POINT ( 'NONE',  ( 0.0000000000000000000, -14.44999999999999900, 0.0000000000000000000 ) ) ;
#4378 = EDGE_CURVE ( 'NONE', #4016, #4767, #1207, .T. ) ;
#4379 = CARTESIAN_POINT ( 'NONE',  ( -12.50000000000000200, -17.42136720504591800, -1.154700538379255900 ) ) ;
#4380 = CARTESIAN_POINT ( 'NONE',  ( 10.45226804891553500, -14.05000000000000100, -15.26434055678854000 ) ) ;
#4381 = VECTOR ( 'NONE', #1903, 1000.000000000000000 ) ;
#4382 = CARTESIAN_POINT ( 'NONE',  ( 16.50000000000000000, -17.59999999999999800, 0.1951254011572754500 ) ) ;
#4383 = DIRECTION ( 'NONE',  ( 0.0000000000000000000, 0.0000000000000000000, -1.000000000000000000 ) ) ;
#4384 = ORIENTED_EDGE ( 'NONE', *, *, #1521, .F. ) ;
#4385 = CARTESIAN_POINT ( 'NONE',  ( 1.639761364404189300, 1.250000001365589200, 3.958734124999998500 ) ) ;
#4386 = LINE ( 'NONE', #5696, #3974 ) ;
#4387 = CARTESIAN_POINT ( 'NONE',  ( 3.181980515339463400, 5.124999999999995600, -3.181980515339463800 ) ) ;
#4388 = AXIS2_PLACEMENT_3D ( 'NONE', #6795, #2040, #6126 ) ;
#4389 = DIRECTION ( 'NONE',  ( 0.0000000000000000000, 1.000000000000000000, 0.0000000000000000000 ) ) ;
#4390 = DIRECTION ( 'NONE',  ( -0.9018432397794303700, 0.0000000000000000000, -0.4320633875534246600 ) ) ;
#4391 = LINE ( 'NONE', #7624, #550 ) ;
#4392 = B_SPLINE_CURVE_WITH_KNOTS ( 'NONE', 3,
 ( #6286, #816, #6951, #2900 ),
 .UNSPECIFIED., .F., .F.,
 ( 4, 4 ),
 ( 2.380749485093214300E-007, 0.001168606431211100900 ),
 .UNSPECIFIED. ) ;
#4393 = CARTESIAN_POINT ( 'NONE',  ( 0.0000000000000000000, -14.44999999999999900, 0.0000000000000000000 ) ) ;
#4394 = CARTESIAN_POINT ( 'NONE',  ( -7.993172669738264300, -14.44999999999999900, -16.68409993591951600 ) ) ;
#4395 = ORIENTED_EDGE ( 'NONE', *, *, #4475, .T. ) ;
#4396 = ORIENTED_EDGE ( 'NONE', *, *, #4307, .T. ) ;
#4397 = CARTESIAN_POINT ( 'NONE',  ( 3.958734124999999400, 5.750000001365589400, -1.639761364404187500 ) ) ;
#4398 = B_SPLINE_CURVE_WITH_KNOTS ( 'NONE', 3,
 ( #4724, #6764, #4071, #8821, #4756, #655, #5429, #1346, #6125, #2039 ),
 .UNSPECIFIED., .F., .F.,
 ( 4, 2, 2, 2, 4 ),
 ( 0.0000000000000000000, 0.0008549734055218389600, 0.001709946811043677900, 0.002564920216565516000, 0.003419893622087354100 ),
 .UNSPECIFIED. ) ;
#4399 = ADVANCED_FACE ( 'NONE', ( #984 ), #194, .T. ) ;
#4400 = CARTESIAN_POINT ( 'NONE',  ( 12.50000000000000000, -17.58276386118637200, -0.3931374000439456000 ) ) ;
#4401 = CIRCLE ( 'NONE', #2388, 11.50000000000000000 ) ;
#4402 = VERTEX_POINT ( 'NONE', #3650 ) ;
#4403 = VERTEX_POINT ( 'NONE', #2240 ) ;
#4404 = ORIENTED_EDGE ( 'NONE', *, *, #233, .T. ) ;
#4405 = AXIS2_PLACEMENT_3D ( 'NONE', #2225, #6983, #2925 ) ;
#4406 = EDGE_CURVE ( 'NONE', #1147, #7413, #4626, .T. ) ;
#4407 = VECTOR ( 'NONE', #6548, 1000.000000000000000 ) ;
#4408 = CARTESIAN_POINT ( 'NONE',  ( 1.863961030678930300, 4.937500002731183300, 4.500000000000000000 ) ) ;
#4409 = DIRECTION ( 'NONE',  ( -0.8949343677499602700, -0.4461978007789582100, 0.0000000000000000000 ) ) ;
#4410 = DIRECTION ( 'NONE',  ( 1.000000000000000000, 0.0000000000000000000, 3.491483361109382100E-015 ) ) ;
#4411 = AXIS2_PLACEMENT_3D ( 'NONE', #2844, #40, #5505 ) ;
#4412 = EDGE_LOOP ( 'NONE', ( #2979, #3937, #2946, #3460 ) ) ;
#4413 = FACE_OUTER_BOUND ( 'NONE', #4651, .T. ) ;
#4414 = EDGE_LOOP ( 'NONE', ( #7074, #4175, #1118, #5626, #1019, #8345 ) ) ;
#4415 = CARTESIAN_POINT ( 'NONE',  ( -14.12273300923241900, -14.44999999999999900, -3.286093782888299200 ) ) ;
#4416 = CARTESIAN_POINT ( 'NONE',  ( 3.958734124999999400, 0.4375000013655885900, -4.848051074856647000E-016 ) ) ;
#4417 = ORIENTED_EDGE ( 'NONE', *, *, #5721, .F. ) ;
#4418 = VECTOR ( 'NONE', #4242, 1000.000000000000100 ) ;
#4419 = EDGE_CURVE ( 'NONE', #401, #3583, #6234, .T. ) ;
#4420 = ORIENTED_EDGE ( 'NONE', *, *, #2488, .T. ) ;
#4421 = EDGE_CURVE ( 'NONE', #7303, #7682, #784, .T. ) ;
#4422 = CARTESIAN_POINT ( 'NONE',  ( -1.863961030678928300, 4.312499999999995600, -4.500000000000000900 ) ) ;
#4423 = AXIS2_PLACEMENT_3D ( 'NONE', #7650, #3586, #2908 ) ;
#4424 = CARTESIAN_POINT ( 'NONE',  ( 0.0000000000000000000, -5.000000000000000000, 0.0000000000000000000 ) ) ;
#4425 = CIRCLE ( 'NONE', #5343, 14.50000000000000000 ) ;
#4426 = CARTESIAN_POINT ( 'NONE',  ( -3.831831229659550700, 0.9999999999999991100, -1.027184841280506500 ) ) ;
#4427 = CARTESIAN_POINT ( 'NONE',  ( -14.26000000000000000, -3.894975084286506700, -0.3454916401347361600 ) ) ;
#4428 = EDGE_LOOP ( 'NONE', ( #5274, #3982, #5410, #6151 ) ) ;
#4429 = ORIENTED_EDGE ( 'NONE', *, *, #156, .T. ) ;
#4430 = ORIENTED_EDGE ( 'NONE', *, *, #2047, .T. ) ;
#4431 = CARTESIAN_POINT ( 'NONE',  ( -2.424025537428323500E-016, 4.937500001365589400, -3.958734124999999400 ) ) ;
#4432 = VERTEX_POINT ( 'NONE', #5681 ) ;
#4433 = EDGE_CURVE ( 'NONE', #3740, #401, #7811, .T. ) ;
#4434 = AXIS2_PLACEMENT_3D ( 'NONE', #1060, #5829, #1746 ) ;
#4435 = VERTEX_POINT ( 'NONE', #7052 ) ;
#4436 = CARTESIAN_POINT ( 'NONE',  ( 14.50000000000000000, -16.00000000000000000, 0.0000000000000000000 ) ) ;
#4437 = AXIS2_PLACEMENT_3D ( 'NONE', #3209, #1852, #6618 ) ;
#4438 = VERTEX_POINT ( 'NONE', #1592 ) ;
#4439 = CARTESIAN_POINT ( 'NONE',  ( -14.74000000000000000, -4.819999999999999400, -0.2622598901852891100 ) ) ;
#4440 = CARTESIAN_POINT ( 'NONE',  ( 1.603120191833866800E-015, -14.44999999999999900, -40.84142135623730500 ) ) ;
#4441 = DIRECTION ( 'NONE',  ( 0.0000000000000000000, 1.000000000000000000, 0.0000000000000000000 ) ) ;
#4442 = EDGE_CURVE ( 'NONE', #6574, #1949, #556, .T. ) ;
#4443 = PLANE ( 'NONE',  #364 ) ;
#4444 = ADVANCED_FACE ( 'NONE', ( #2379 ), #6515, .T. ) ;
#4445 = DIRECTION ( 'NONE',  ( 0.0000000000000000000, -1.000000000000000000, 0.0000000000000000000 ) ) ;
#4446 = FACE_OUTER_BOUND ( 'NONE', #6555, .T. ) ;
#4447 = ORIENTED_EDGE ( 'NONE', *, *, #6584, .T. ) ;
#4448 = CARTESIAN_POINT ( 'NONE',  ( 14.49999999999999800, -4.819999999999999400, 0.0000000000000000000 ) ) ;
#4449 = DIRECTION ( 'NONE',  ( -0.0000000000000000000, 1.000000000000000000, 0.0000000000000000000 ) ) ;
#4450 = B_SPLINE_CURVE_WITH_KNOTS ( 'NONE', 3,
 ( #4947, #3590, #6994, #2935, #7683, #3619, #8360, #4289, #190, #4972, #880, #5653 ),
 .UNSPECIFIED., .F., .F.,
 ( 4, 2, 2, 2, 2, 4 ),
 ( 0.0000000000000000000, 0.0005830508493583092700, 0.0008745762740374639000, 0.001166101698716618500, 0.001749152548074931500, 0.002332203397433244400 ),
 .UNSPECIFIED. ) ;
#4451 = ORIENTED_EDGE ( 'NONE', *, *, #4378, .F. ) ;
#4452 = CARTESIAN_POINT ( 'NONE',  ( -4.500000000000000000, 3.499999999999996000, 0.0000000000000000000 ) ) ;
#4453 = DIRECTION ( 'NONE',  ( 0.0000000000000000000, 1.000000000000000000, -2.293448377517464800E-016 ) ) ;
#4454 = CARTESIAN_POINT ( 'NONE',  ( 15.50000000000000200, -16.00000000000000000, 1.732050807568877900 ) ) ;
#4455 = PLANE ( 'NONE',  #6448 ) ;
#4456 = CARTESIAN_POINT ( 'NONE',  ( 0.0000000000000000000, 7.000000000000000000, -4.500000000000000000 ) ) ;
#4457 = FACE_OUTER_BOUND ( 'NONE', #5796, .T. ) ;
#4458 = VERTEX_POINT ( 'NONE', #5172 ) ;
#4459 = ORIENTED_EDGE ( 'NONE', *, *, #6256, .F. ) ;
#4460 = CARTESIAN_POINT ( 'NONE',  ( -3.958734124999999400, 4.125000001365589400, -1.639761364404187100 ) ) ;
#4461 = VERTEX_POINT ( 'NONE', #2440 ) ;
#4462 = FACE_OUTER_BOUND ( 'NONE', #8813, .T. ) ;
#4463 = DIRECTION ( 'NONE',  ( 0.0000000000000000000, 1.000000000000000000, 0.0000000000000000000 ) ) ;
#4464 = FACE_OUTER_BOUND ( 'NONE', #7576, .T. ) ;
#4465 = DIRECTION ( 'NONE',  ( 0.0000000000000000000, 0.0000000000000000000, 1.000000000000000000 ) ) ;
#4466 = DIRECTION ( 'NONE',  ( 0.0000000000000000000, -1.000000000000000000, 0.0000000000000000000 ) ) ;
#4467 = VERTEX_POINT ( 'NONE', #4492 ) ;
#4468 = ORIENTED_EDGE ( 'NONE', *, *, #2087, .T. ) ;
#4469 = DIRECTION ( 'NONE',  ( 0.0000000000000000000, -1.000000000000000000, 0.0000000000000000000 ) ) ;
#4470 = EDGE_LOOP ( 'NONE', ( #940, #5324, #791 ) ) ;
#4471 = CARTESIAN_POINT ( 'NONE',  ( 18.01865935660687500, -14.44999999999999900, 4.192602412650588300 ) ) ;
#4472 = DIRECTION ( 'NONE',  ( -0.0000000000000000000, 1.000000000000000000, -0.0000000000000000000 ) ) ;
#4473 = CARTESIAN_POINT ( 'NONE',  ( -3.958734124999999400, 6.187500001365589400, 0.0000000000000000000 ) ) ;
#4474 = CARTESIAN_POINT ( 'NONE',  ( -13.44999999999999900, -3.400000000000000400, -0.2399999999999997700 ) ) ;
#4475 = EDGE_CURVE ( 'NONE', #2699, #6523, #6007, .T. ) ;
#4476 = AXIS2_PLACEMENT_3D ( 'NONE', #1277, #1969, #6726 ) ;
#4477 = EDGE_CURVE ( 'NONE', #8599, #7121, #5782, .T. ) ;
#4478 = ORIENTED_EDGE ( 'NONE', *, *, #7953, .T. ) ;
#4479 = DIRECTION ( 'NONE',  ( -0.0000000000000000000, -1.000000000000000000, -0.0000000000000000000 ) ) ;
#4480 = CONICAL_SURFACE ( 'NONE', #7513, 1.999999999999998200, 1.047197551196596300 ) ;
#4481 = CARTESIAN_POINT ( 'NONE',  ( -1.863961030678929200, 2.687499999999996000, 4.500000000000000000 ) ) ;
#4482 = DIRECTION ( 'NONE',  ( 1.224646799147353200E-016, 0.0000000000000000000, -1.000000000000000000 ) ) ;
#4483 = CARTESIAN_POINT ( 'NONE',  ( 14.49999999999999800, 21.99999999999996400, 0.0000000000000000000 ) ) ;
#4484 = CARTESIAN_POINT ( 'NONE',  ( 14.36206896551724400, -5.500000000000000000, 1.995238088481303200 ) ) ;
#4485 = DIRECTION ( 'NONE',  ( 0.0000000000000000000, 1.000000000000000000, 0.0000000000000000000 ) ) ;
#4486 = CIRCLE ( 'NONE', #4656, 0.8000000000000090400 ) ;
#4487 = EDGE_CURVE ( 'NONE', #301, #5444, #4401, .T. ) ;
#4488 = CARTESIAN_POINT ( 'NONE',  ( -2.799247744702092300, 3.312500001365589400, 2.799247744702093600 ) ) ;
#4489 = ORIENTED_EDGE ( 'NONE', *, *, #7842, .T. ) ;
#4490 = AXIS2_PLACEMENT_3D ( 'NONE', #8762, #4697, #595 ) ;
#4491 = EDGE_CURVE ( 'NONE', #8700, #5255, #4206, .T. ) ;
#4492 = CARTESIAN_POINT ( 'NONE',  ( 14.84201414099324800, -4.819999999999999400, -0.2400000000000001900 ) ) ;
#4493 = ADVANCED_FACE ( 'NONE', ( #3768 ), #8590, .T. ) ;
#4494 = CARTESIAN_POINT ( 'NONE',  ( 14.50000000000000000, -17.60000000000000100, 0.0000000000000000000 ) ) ;
#4495 = CIRCLE ( 'NONE', #6986, 1.999999999999995800 ) ;
#4496 = DIRECTION ( 'NONE',  ( -0.8949343677499602700, -0.4461978007789582100, 0.0000000000000000000 ) ) ;
#4497 = B_SPLINE_CURVE_WITH_KNOTS ( 'NONE', 3,
 ( #8168, #2062, #4123, #14, #4816, #709, #5483, #1396, #6182, #2093, #6846, #2796, #7539, #3477, #8226, #4148, #53, #4839 ),
 .UNSPECIFIED., .F., .F.,
 ( 4, 2, 2, 2, 2, 2, 2, 2, 4 ),
 ( 4.009534738939716900E-019, 0.0008662818650119256900, 0.001732563730023850900, 0.002598845595035776100, 0.003465127460047701500, 0.004331409325059626400, 0.005197691190071551300, 0.006063973055083477100, 0.006930254920095402100 ),
 .UNSPECIFIED. ) ;
#4498 = CARTESIAN_POINT ( 'NONE',  ( -5.002023073226613500, -17.81836573537652400, -31.93694956068762600 ) ) ;
#4499 = DIRECTION ( 'NONE',  ( 0.0000000000000000000, 0.0000000000000000000, -1.000000000000000000 ) ) ;
#4500 = CARTESIAN_POINT ( 'NONE',  ( 14.84201414099324800, -4.819999999999999400, -0.2400000000000001900 ) ) ;
#4501 = EDGE_LOOP ( 'NONE', ( #3210, #4049, #8291, #4052 ) ) ;
#4502 = AXIS2_PLACEMENT_3D ( 'NONE', #1360, #7475, #2054 ) ;
#4503 = CARTESIAN_POINT ( 'NONE',  ( -1.639761364404188200, 5.375000001365590300, 3.958734124999998500 ) ) ;
#4504 = LINE ( 'NONE', #2115, #7908 ) ;
#4505 = CARTESIAN_POINT ( 'NONE',  ( 20.18017091227447000, -14.44999999999999900, -23.54579092521963800 ) ) ;
#4506 = DIRECTION ( 'NONE',  ( -3.469446951953615400E-015, 0.0000000000000000000, -1.000000000000000000 ) ) ;
#4507 = FACE_OUTER_BOUND ( 'NONE', #7844, .T. ) ;
#4508 = ADVANCED_FACE ( 'NONE', ( #333 ), #7178, .T. ) ;
#4509 = CARTESIAN_POINT ( 'NONE',  ( 0.0000000000000000000, -14.44999999999999900, 0.0000000000000000000 ) ) ;
#4510 = CARTESIAN_POINT ( 'NONE',  ( 2.018349334018130200, 1.000000000000000900, 3.930334017802627100 ) ) ;
#4511 = EDGE_LOOP ( 'NONE', ( #4000, #1056, #7107, #4701 ) ) ;
#4512 = ORIENTED_EDGE ( 'NONE', *, *, #3346, .F. ) ;
#4513 = CALENDAR_DATE ( 2019, 2, 1 ) ;
#4514 = CARTESIAN_POINT ( 'NONE',  ( 14.49999999999999800, -4.819999999999999400, 0.0000000000000000000 ) ) ;
#4515 = CARTESIAN_POINT ( 'NONE',  ( 15.50000000000000200, -16.00000000000000000, -1.732050807568875200 ) ) ;
#4516 = CARTESIAN_POINT ( 'NONE',  ( 0.0000000000000000000, 0.0000000000000000000, 0.0000000000000000000 ) ) ;
#4517 = CIRCLE ( 'NONE', #3657, 3.190987308028661000 ) ;
#4518 = CARTESIAN_POINT ( 'NONE',  ( -1.863961030678928300, 6.437500002731184200, -4.500000000000000900 ) ) ;
#4519 = EDGE_LOOP ( 'NONE', ( #2961, #7441, #2876, #1313 ) ) ;
#4520 = CARTESIAN_POINT ( 'NONE',  ( 1.639761364404189300, 2.500000001365589400, 3.958734124999998500 ) ) ;
#4521 = ORIENTED_EDGE ( 'NONE', *, *, #947, .F. ) ;
#4522 = CIRCLE ( 'NONE', #2634, 18.50000000000000000 ) ;
#4523 = DIRECTION ( 'NONE',  ( 0.0000000000000000000, 1.000000000000000000, 0.0000000000000000000 ) ) ;
#4524 = ORIENTED_EDGE ( 'NONE', *, *, #8152, .T. ) ;
#4525 = VERTEX_POINT ( 'NONE', #1830 ) ;
#4526 = CIRCLE ( 'NONE', #2324, 0.5000000000000000000 ) ;
#4527 = ORIENTED_EDGE ( 'NONE', *, *, #3641, .T. ) ;
#4528 = CARTESIAN_POINT ( 'NONE',  ( -14.74000000000000200, -4.819999999999999400, 0.3420141409932473400 ) ) ;
#4529 = CARTESIAN_POINT ( 'NONE',  ( 0.0000000000000000000, 2.499999999999999600, 0.0000000000000000000 ) ) ;
#4530 = EDGE_CURVE ( 'NONE', #4809, #5060, #2179, .T. ) ;
#4531 = FACE_OUTER_BOUND ( 'NONE', #7015, .T. ) ;
#4532 = AXIS2_PLACEMENT_3D ( 'NONE', #2270, #7031, #2965 ) ;
#4533 = EDGE_CURVE ( 'NONE', #7875, #6969, #5588, .T. ) ;
#4534 = ORIENTED_EDGE ( 'NONE', *, *, #947, .T. ) ;
#4535 = CARTESIAN_POINT ( 'NONE',  ( -12.50000000000000200, -17.60000000000000100, 0.0000000000000000000 ) ) ;
#4536 = CARTESIAN_POINT ( 'NONE',  ( -15.91400053919085700, -14.44999999999999900, -7.624226339126849400 ) ) ;
#4537 = CARTESIAN_POINT ( 'NONE',  ( 2.799247744702093600, 4.562500001365588500, 2.799247744702092700 ) ) ;
#4538 = DIRECTION ( 'NONE',  ( 0.0000000000000000000, -1.000000000000000000, 0.0000000000000000000 ) ) ;
#4539 = ADVANCED_FACE ( 'NONE', ( #133 ), #2529, .F. ) ;
#4540 = DIRECTION ( 'NONE',  ( -0.0000000000000000000, 1.000000000000000000, -0.0000000000000000000 ) ) ;
#4541 = CARTESIAN_POINT ( 'NONE',  ( 12.03897472949798300, -14.44999999999999900, -14.04681769877109000 ) ) ;
#4542 = CARTESIAN_POINT ( 'NONE',  ( -3.000963293442540500, 0.9999999999999970000, 2.732248991792874700 ) ) ;
#4543 = ORIENTED_EDGE ( 'NONE', *, *, #8429, .F. ) ;
#4544 = CARTESIAN_POINT ( 'NONE',  ( 5.510910596163088600E-016, 7.000000000000000000, 4.500000000000000000 ) ) ;
#4545 = DIRECTION ( 'NONE',  ( 0.0000000000000000000, 0.0000000000000000000, 1.000000000000000000 ) ) ;
#4546 = ORIENTED_EDGE ( 'NONE', *, *, #4599, .T. ) ;
#4547 = CARTESIAN_POINT ( 'NONE',  ( -4.500000000000000000, 5.625000002731183300, 0.0000000000000000000 ) ) ;
#4548 = CARTESIAN_POINT ( 'NONE',  ( 3.958734124999999400, 1.687500001365589600, -4.848051074856647000E-016 ) ) ;
#4549 = ORIENTED_EDGE ( 'NONE', *, *, #5411, .F. ) ;
#4550 = CARTESIAN_POINT ( 'NONE',  ( 0.0000000000000000000, -14.44999999999999900, 0.0000000000000000000 ) ) ;
#4551 = CARTESIAN_POINT ( 'NONE',  ( -1.514941932194839400, 1.000000000000000200, -3.657393445408529500 ) ) ;
#4552 = LINE ( 'NONE', #1849, #6171 ) ;
#4553 = ORIENTED_EDGE ( 'NONE', *, *, #981, .F. ) ;
#4554 = ADVANCED_FACE ( 'NONE', ( #8772 ), #1181, .T. ) ;
#4555 = EDGE_CURVE ( 'NONE', #8269, #7413, #6960, .T. ) ;
#4556 = CARTESIAN_POINT ( 'NONE',  ( -14.88366508938742200, -3.432161446792886900, 0.2399999999999997700 ) ) ;
#4557 = AXIS2_PLACEMENT_3D ( 'NONE', #2451, #426, #1811 ) ;
#4558 = ORIENTED_EDGE ( 'NONE', *, *, #898, .F. ) ;
#4559 = DIRECTION ( 'NONE',  ( 3.491483361109382100E-015, 0.0000000000000000000, -1.000000000000000000 ) ) ;
#4560 = APPROVAL ( #7661, 'UNSPECIFIED' ) ;
#4561 = LINE ( 'NONE', #5714, #7963 ) ;
#4562 = ORIENTED_EDGE ( 'NONE', *, *, #2156, .T. ) ;
#4563 = DIRECTION ( 'NONE',  ( 1.916621914227128900E-014, 0.0000000000000000000, -1.000000000000000000 ) ) ;
#4564 = CARTESIAN_POINT ( 'NONE',  ( 1.863445326823336200, 6.927409466098135100, -3.631677892291038200 ) ) ;
#4565 = CARTESIAN_POINT ( 'NONE',  ( 3.958734124999999400, 3.750000001365589400, -1.639761364404187500 ) ) ;
#4566 = ORIENTED_EDGE ( 'NONE', *, *, #3260, .T. ) ;
#4567 =( BOUNDED_CURVE ( )  B_SPLINE_CURVE ( 2, ( #3338, #7415, #8775, #4711, #610, #5390, #1300, #6079, #1991 ),
 .UNSPECIFIED., .F., .F. ) 
 B_SPLINE_CURVE_WITH_KNOTS ( ( 3, 2, 2, 2, 3 ),
 ( 0.03571428571428571200, 0.05357142857142856800, 0.07142857142857142500, 0.08928571428571428800, 0.1071428571428571400 ),
 .UNSPECIFIED. ) 
 CURVE ( )  GEOMETRIC_REPRESENTATION_ITEM ( )  RATIONAL_B_SPLINE_CURVE ( ( 1.000000000000000000, 0.9238795325112867400, 1.000000000000000000, 0.9238795325112867400, 1.000000000000000000, 0.9238795325112867400, 1.000000000000000000, 0.9238795325112867400, 1.000000000000000000 ) ) 
 REPRESENTATION_ITEM ( '' )  );
#4568 = CIRCLE ( 'NONE', #515, 1.999999999999998200 ) ;
#4569 = EDGE_CURVE ( 'NONE', #261, #5038, #1721, .T. ) ;
#4570 = CARTESIAN_POINT ( 'NONE',  ( 15.16075225999410500, -16.01710519872702300, 1.927915581583255200 ) ) ;
#4571 = CARTESIAN_POINT ( 'NONE',  ( -14.15798585900675200, -4.819999999999999400, 0.2399999999999997700 ) ) ;
#4572 = PLANE ( 'NONE',  #4437 ) ;
#4573 = DIRECTION ( 'NONE',  ( 2.290567970039799000E-016, 1.000000000000000000, 7.997479954884052100E-031 ) ) ;
#4574 = CARTESIAN_POINT ( 'NONE',  ( -14.50000000000000000, -4.819999999999999400, 0.0000000000000000000 ) ) ;
#4575 = FACE_OUTER_BOUND ( 'NONE', #3813, .T. ) ;
#4576 = ORIENTED_EDGE ( 'NONE', *, *, #2288, .F. ) ;
#4577 = ORIENTED_EDGE ( 'NONE', *, *, #3582, .T. ) ;
#4578 = DIRECTION ( 'NONE',  ( 0.0000000000000000000, -1.000000000000000000, 0.0000000000000000000 ) ) ;
#4579 = ORIENTED_EDGE ( 'NONE', *, *, #3356, .F. ) ;
#4580 = LINE ( 'NONE', #8542, #4165 ) ;
#4581 = CARTESIAN_POINT ( 'NONE',  ( -14.50000000000000200, -17.60000000000000100, 2.309401076758504700 ) ) ;
#4582 = CARTESIAN_POINT ( 'NONE',  ( -1.863961030678929200, 4.812500002731182400, 4.500000000000000000 ) ) ;
#4583 = FACE_OUTER_BOUND ( 'NONE', #5639, .T. ) ;
#4584 = CARTESIAN_POINT ( 'NONE',  ( 1.639761364404186800, 0.8750000013655889800, -3.958734124999999400 ) ) ;
#4585 = DIRECTION ( 'NONE',  ( 0.0000000000000000000, 0.0000000000000000000, 1.000000000000000000 ) ) ;
#4586 = ADVANCED_FACE ( 'NONE', ( #1520 ), #5820, .T. ) ;
#4587 = ORIENTED_EDGE ( 'NONE', *, *, #5339, .F. ) ;
#4588 = CARTESIAN_POINT ( 'NONE',  ( 1.687971539024085300, 0.9999999999999997800, -3.829685964100524300 ) ) ;
#4589 = ORIENTED_EDGE ( 'NONE', *, *, #2643, .T. ) ;
#4590 = AXIS2_PLACEMENT_3D ( 'NONE', #2149, #3527, #69 ) ;
#4591 = AXIS2_PLACEMENT_3D ( 'NONE', #3269, #3300, #1165 ) ;
#4592 = DIRECTION ( 'NONE',  ( 0.0000000000000000000, -0.0000000000000000000, 1.000000000000000000 ) ) ;
#4593 = ORIENTED_EDGE ( 'NONE', *, *, #6880, .F. ) ;
#4594 = CARTESIAN_POINT ( 'NONE',  ( 1.419759379130965300, -14.44999999999999900, -18.44544071865374900 ) ) ;
#4595 = CARTESIAN_POINT ( 'NONE',  ( 3.963332213666321400, 6.781214126300579200, 1.471392578576353500 ) ) ;
#4596 = CARTESIAN_POINT ( 'NONE',  ( -2.424025537428323500E-016, 2.937500001365589000, -3.958734124999999400 ) ) ;
#4597 = LINE ( 'NONE', #1424, #2811 ) ;
#4598 = EDGE_CURVE ( 'NONE', #2543, #92, #143, .T. ) ;
#4599 = EDGE_CURVE ( 'NONE', #4432, #8370, #6744, .T. ) ;
#4600 = DIRECTION ( 'NONE',  ( 0.0000000000000000000, 0.0000000000000000000, -1.000000000000000000 ) ) ;
#4601 = CARTESIAN_POINT ( 'NONE',  ( 14.50000000000000000, -10.00000000000000000, 0.0000000000000000000 ) ) ;
#4602 = AXIS2_PLACEMENT_3D ( 'NONE', #7899, #4479, #1823 ) ;
#4603 = ADVANCED_FACE ( 'NONE', ( #8344 ), #4738, .T. ) ;
#4604 = CARTESIAN_POINT ( 'NONE',  ( 14.50000000000000000, -16.00000000000000000, 0.0000000000000000000 ) ) ;
#4605 = CIRCLE ( 'NONE', #2089, 14.00000000000000000 ) ;
#4606 = CARTESIAN_POINT ( 'NONE',  ( 14.49999999999999800, -17.81836573537652400, 0.0000000000000000000 ) ) ;
#4607 = CARTESIAN_POINT ( 'NONE',  ( 0.0000000000000000000, 10.00000000000000200, 0.0000000000000000000 ) ) ;
#4608 = CARTESIAN_POINT ( 'NONE',  ( 0.0000000000000000000, 7.000000000000000000, -4.500000000000000000 ) ) ;
#4609 = CARTESIAN_POINT ( 'NONE',  ( 3.181980515339464200, 4.000000002731183300, 3.181980515339463400 ) ) ;
#4610 = VERTEX_POINT ( 'NONE', #1242 ) ;
#4611 = EDGE_CURVE ( 'NONE', #5362, #4879, #1309, .T. ) ;
#4612 = CARTESIAN_POINT ( 'NONE',  ( -4.500000000000000000, 4.562499999999996400, 1.863961030678930700 ) ) ;
#4613 = AXIS2_PLACEMENT_3D ( 'NONE', #8209, #5497, #4827 ) ;
#4614 = CARTESIAN_POINT ( 'NONE',  ( 2.799247744702093600, 4.312500001365588500, 2.799247744702092700 ) ) ;
#4615 = VECTOR ( 'NONE', #5592, 1000.000000000000000 ) ;
#4616 = CARTESIAN_POINT ( 'NONE',  ( -3.958734124999999400, 6.937500001365589400, 0.0000000000000000000 ) ) ;
#4617 = CARTESIAN_POINT ( 'NONE',  ( 4.479721153067176300, 0.9999999999999954500, -0.3491720244206176800 ) ) ;
#4618 = AXIS2_PLACEMENT_3D ( 'NONE', #6697, #2645, #7395 ) ;
#4619 = EDGE_LOOP ( 'NONE', ( #46, #4180, #3764, #2019 ) ) ;
#4620 = DIRECTION ( 'NONE',  ( 0.0000000000000000000, 0.0000000000000000000, 1.000000000000000000 ) ) ;
#4621 = VERTEX_POINT ( 'NONE', #2631 ) ;
#4622 = CARTESIAN_POINT ( 'NONE',  ( -14.50000000000000000, -4.819999999999999400, 0.0000000000000000000 ) ) ;
#4623 = CARTESIAN_POINT ( 'NONE',  ( 0.0000000000000000000, -14.05000000000000100, 0.0000000000000000000 ) ) ;
#4624 = EDGE_CURVE ( 'NONE', #1215, #8551, #2934, .T. ) ;
#4625 = DIRECTION ( 'NONE',  ( -0.0000000000000000000, 1.000000000000000000, -0.0000000000000000000 ) ) ;
#4626 = LINE ( 'NONE', #7708, #2606 ) ;
#4627 = CARTESIAN_POINT ( 'NONE',  ( -14.50000000000000200, -16.00000000000000000, 0.0000000000000000000 ) ) ;
#4628 = AXIS2_PLACEMENT_3D ( 'NONE', #1053, #5823, #1732 ) ;
#4629 = CARTESIAN_POINT ( 'NONE',  ( -3.958734124999999400, 2.125000001365589400, -1.639761364404187100 ) ) ;
#4630 = ORIENTED_EDGE ( 'NONE', *, *, #4033, .F. ) ;
#4631 = VERTEX_POINT ( 'NONE', #5353 ) ;
#4632 = CARTESIAN_POINT ( 'NONE',  ( -19.03908078629211100, -14.44999999999999900, -13.03702410483619400 ) ) ;
#4633 = VECTOR ( 'NONE', #5436, 1000.000000000000000 ) ;
#4634 = CARTESIAN_POINT ( 'NONE',  ( -7.993172669738264300, -14.05000000000000100, -16.68409993591951600 ) ) ;
#4635 = ADVANCED_FACE ( 'NONE', ( #8135 ), #879, .T. ) ;
#4636 = CARTESIAN_POINT ( 'NONE',  ( -0.9907395856400356100, -0.07420262364580433600, 10.84033803675384700 ) ) ;
#4637 = VERTEX_POINT ( 'NONE', #1956 ) ;
#4638 = DIRECTION ( 'NONE',  ( 0.0000000000000000000, 0.0000000000000000000, -1.000000000000000000 ) ) ;
#4639 = CIRCLE ( 'NONE', #4911, 2.000000000000000000 ) ;
#4640 = ORIENTED_EDGE ( 'NONE', *, *, #8277, .T. ) ;
#4641 = VECTOR ( 'NONE', #845, 1000.000000000000000 ) ;
#4642 = CARTESIAN_POINT ( 'NONE',  ( 4.500000000000000900, 3.187500002731183300, -1.863961030678928700 ) ) ;
#4643 = ORIENTED_EDGE ( 'NONE', *, *, #4655, .F. ) ;
#4644 = ORIENTED_EDGE ( 'NONE', *, *, #956, .T. ) ;
#4645 = VECTOR ( 'NONE', #3549, 1000.000000000000000 ) ;
#4646 = DIRECTION ( 'NONE',  ( -0.0000000000000000000, 1.000000000000000000, -0.0000000000000000000 ) ) ;
#4647 = CARTESIAN_POINT ( 'NONE',  ( 3.958734124999999400, 3.500000001365589000, -1.639761364404187500 ) ) ;
#4648 = AXIS2_PLACEMENT_3D ( 'NONE', #599, #1944, #4506 ) ;
#4649 = CARTESIAN_POINT ( 'NONE',  ( -8.192318200501365100, -14.44999999999999900, 11.96394259856399200 ) ) ;
#4650 = ADVANCED_FACE ( 'NONE', ( #5139 ), #7380, .F. ) ;
#4651 = EDGE_LOOP ( 'NONE', ( #2871, #7307, #4309 ) ) ;
#4652 = DIRECTION ( 'NONE',  ( 8.881784197001252300E-016, 0.0000000000000000000, -1.000000000000000000 ) ) ;
#4653 = CARTESIAN_POINT ( 'NONE',  ( -16.50000000000000000, -16.01677217554083300, 0.3889866277140357500 ) ) ;
#4654 = ORIENTED_EDGE ( 'NONE', *, *, #2365, .F. ) ;
#4655 = EDGE_CURVE ( 'NONE', #7923, #5433, #3097, .T. ) ;
#4656 = AXIS2_PLACEMENT_3D ( 'NONE', #3139, #7885, #3815 ) ;
#4657 = DIRECTION ( 'NONE',  ( 0.0000000000000000000, 0.0000000000000000000, 1.000000000000000000 ) ) ;
#4658 = EDGE_CURVE ( 'NONE', #8565, #3079, #2715, .T. ) ;
#4659 = ORIENTED_EDGE ( 'NONE', *, *, #3638, .T. ) ;
#4660 = CARTESIAN_POINT ( 'NONE',  ( 0.0000000000000000000, -5.000000000000000000, 0.0000000000000000000 ) ) ;
#4661 = CARTESIAN_POINT ( 'NONE',  ( -2.799247744702092300, 1.312500001365589400, 2.799247744702093600 ) ) ;
#4662 = ORIENTED_EDGE ( 'NONE', *, *, #4168, .T. ) ;
#4663 = CARTESIAN_POINT ( 'NONE',  ( -2.755455298081544300E-016, 2.375000002731182800, -4.500000000000000000 ) ) ;
#4664 = CARTESIAN_POINT ( 'NONE',  ( 0.0000000000000000000, 16.49999999999999600, 0.0000000000000000000 ) ) ;
#4665 = CARTESIAN_POINT ( 'NONE',  ( -14.50000000000000200, -16.17863279495408300, -2.309401076758504700 ) ) ;
#4666 = ORIENTED_EDGE ( 'NONE', *, *, #7628, .F. ) ;
#4667 = CARTESIAN_POINT ( 'NONE',  ( -3.958734124999999400, 6.937500001365589400, 0.0000000000000000000 ) ) ;
#4668 = CARTESIAN_POINT ( 'NONE',  ( 14.50000000000000000, -17.60000000000000100, 0.0000000000000000000 ) ) ;
#4669 = DIRECTION ( 'NONE',  ( 0.0000000000000000000, 1.000000000000000000, 0.0000000000000000000 ) ) ;
#4670 = CARTESIAN_POINT ( 'NONE',  ( 14.49999999999999800, -4.190020746977269000, 0.0000000000000000000 ) ) ;
#4671 = EDGE_CURVE ( 'NONE', #6238, #8149, #2401, .T. ) ;
#4672 = CARTESIAN_POINT ( 'NONE',  ( -2.755455298081544300E-016, 2.375000002731182800, -4.500000000000000000 ) ) ;
#4673 = CYLINDRICAL_SURFACE ( 'NONE', #8028, 4.500000000000000000 ) ;
#4674 = EDGE_LOOP ( 'NONE', ( #1051, #7126, #847 ) ) ;
#4675 = DIRECTION ( 'NONE',  ( 0.0000000000000000000, -0.0000000000000000000, 1.000000000000000000 ) ) ;
#4676 = DIRECTION ( 'NONE',  ( -1.000000000000000000, 0.0000000000000000000, 0.0000000000000000000 ) ) ;
#4677 = CARTESIAN_POINT ( 'NONE',  ( -2.424025537428323500E-016, 2.687500001365589000, -3.958734124999999400 ) ) ;
#4678 = ORIENTED_EDGE ( 'NONE', *, *, #3418, .F. ) ;
#4679 = ADVANCED_FACE ( 'NONE', ( #4507 ), #8160, .T. ) ;
#4680 = DIRECTION ( 'NONE',  ( 8.659560562354926700E-017, -0.7071067811865482400, 0.7071067811865469100 ) ) ;
#4681 = FACE_OUTER_BOUND ( 'NONE', #1678, .T. ) ;
#4682 = ORIENTED_EDGE ( 'NONE', *, *, #1409, .F. ) ;
#4683 = DIRECTION ( 'NONE',  ( -0.0000000000000000000, -1.000000000000000000, -0.0000000000000000000 ) ) ;
#4684 = AXIS2_PLACEMENT_3D ( 'NONE', #4550, #8622, #6570 ) ;
#4685 = DIRECTION ( 'NONE',  ( -1.000000000000000000, 0.0000000000000000000, 0.0000000000000000000 ) ) ;
#4686 = CARTESIAN_POINT ( 'NONE',  ( -14.15798585900675200, -4.819999999999999400, 0.2399999999999997700 ) ) ;
#4687 = ORIENTED_EDGE ( 'NONE', *, *, #932, .F. ) ;
#4688 = VERTEX_POINT ( 'NONE', #5447 ) ;
#4689 = PLANE ( 'NONE',  #1628 ) ;
#4690 = VECTOR ( 'NONE', #8792, 1000.000000000000000 ) ;
#4691 = DIRECTION ( 'NONE',  ( 0.0000000000000000000, -1.000000000000000000, 0.0000000000000000000 ) ) ;
#4692 = CARTESIAN_POINT ( 'NONE',  ( 12.82717199727905200, -16.06957546252590400, -1.343593379079620600 ) ) ;
#4693 = DIRECTION ( 'NONE',  ( 0.0000000000000000000, -0.0000000000000000000, -1.000000000000000000 ) ) ;
#4694 = VECTOR ( 'NONE', #1587, 1000.000000000000000 ) ;
#4695 = AXIS2_PLACEMENT_3D ( 'NONE', #3058, #7128, #1656 ) ;
#4696 = ORIENTED_EDGE ( 'NONE', *, *, #8810, .T. ) ;
#4697 = DIRECTION ( 'NONE',  ( 0.0000000000000000000, 1.000000000000000000, 0.0000000000000000000 ) ) ;
#4698 = CARTESIAN_POINT ( 'NONE',  ( -14.26000000000000200, -4.819999999999999400, 0.2622598901852900000 ) ) ;
#4699 = ORIENTED_EDGE ( 'NONE', *, *, #4781, .T. ) ;
#4700 = CARTESIAN_POINT ( 'NONE',  ( 14.49999999999999800, 21.99999999999996400, 2.000000000000000000 ) ) ;
#4701 = ORIENTED_EDGE ( 'NONE', *, *, #6268, .F. ) ;
#4702 = ADVANCED_FACE ( 'NONE', ( #7910 ), #675, .T. ) ;
#4703 = DIRECTION ( 'NONE',  ( 0.0000000000000000000, 1.000000000000000000, 0.0000000000000000000 ) ) ;
#4704 = B_SPLINE_CURVE_WITH_KNOTS ( 'NONE', 3,
 ( #747, #714, #5558, #1458 ),
 .UNSPECIFIED., .F., .F.,
 ( 4, 4 ),
 ( 2.380749485110230900E-007, 0.001168606431211102600 ),
 .UNSPECIFIED. ) ;
#4705 = CARTESIAN_POINT ( 'NONE',  ( -1.603120191833866800E-015, -14.05000000000000100, 40.84142135623730500 ) ) ;
#4706 = CARTESIAN_POINT ( 'NONE',  ( -14.50000000000000200, -16.17863279495408300, -2.309401076758504700 ) ) ;
#4707 = CARTESIAN_POINT ( 'NONE',  ( 14.11633491061257800, -3.432161446792886900, -0.2400000000000001900 ) ) ;
#4708 = CARTESIAN_POINT ( 'NONE',  ( -4.500000000000000900, 1.562500002731183100, -1.863961030678928000 ) ) ;
#4709 = EDGE_LOOP ( 'NONE', ( #2084, #4374, #5773, #5838, #1253, #5836 ) ) ;
#4710 = LINE ( 'NONE', #385, #1057 ) ;
#4711 = CARTESIAN_POINT ( 'NONE',  ( 4.500000000000001800, 6.187500002731183300, -1.863961030678928500 ) ) ;
#4712 = CARTESIAN_POINT ( 'NONE',  ( -3.958734124999999400, 1.875000001365589000, -1.639761364404187100 ) ) ;
#4713 = CARTESIAN_POINT ( 'NONE',  ( 14.49999999999999800, -17.81836573537652800, -0.8000000000000056000 ) ) ;
#4714 = EDGE_CURVE ( 'NONE', #7204, #3263, #6528, .T. ) ;
#4715 = AXIS2_PLACEMENT_3D ( 'NONE', #4758, #3392, #6097 ) ;
#4716 = EDGE_CURVE ( 'NONE', #6404, #6667, #4945, .T. ) ;
#4718 = CARTESIAN_POINT ( 'NONE',  ( -1.863961030678929200, 2.687499999999996400, 4.500000000000000000 ) ) ;
#4717 = CARTESIAN_POINT ( 'NONE',  ( 14.46655598027455600, -4.777690516702350900, -0.3631088704838234500 ) ) ;
#4719 = CIRCLE ( 'NONE', #1451, 1.999999999999995800 ) ;
#4720 = DIRECTION ( 'NONE',  ( 0.0000000000000000000, -1.000000000000000000, 0.0000000000000000000 ) ) ;
#4721 = AXIS2_PLACEMENT_3D ( 'NONE', #8742, #3952, #537 ) ;
#4722 = ORIENTED_EDGE ( 'NONE', *, *, #4908, .F. ) ;
#4723 = CARTESIAN_POINT ( 'NONE',  ( -16.49999999999999600, -16.00000000000000000, 0.0000000000000000000 ) ) ;
#4724 = CARTESIAN_POINT ( 'NONE',  ( -4.204246818064890000, 6.795753181935105600, 0.0000000000000000000 ) ) ;
#4725 = CARTESIAN_POINT ( 'NONE',  ( 14.73999999999999700, -3.560076670449441300, 0.9701887189893753100 ) ) ;
#4726 = DIRECTION ( 'NONE',  ( 0.0000000000000000000, 0.0000000000000000000, 1.000000000000000000 ) ) ;
#4727 = EDGE_CURVE ( 'NONE', #3047, #7673, #6124, .T. ) ;
#4728 = FACE_OUTER_BOUND ( 'NONE', #7140, .T. ) ;
#4729 = CARTESIAN_POINT ( 'NONE',  ( 14.49999999999999800, -4.788539114293418400, 0.3576999594383801800 ) ) ;
#4730 = ADVANCED_FACE ( 'NONE', ( #4297 ), #6840, .F. ) ;
#4731 = AXIS2_PLACEMENT_3D ( 'NONE', #5223, #3835, #3183 ) ;
#4732 = DIRECTION ( 'NONE',  ( 0.9432144216567409600, 0.0000000000000000000, -0.3321845191738166900 ) ) ;
#4733 = CARTESIAN_POINT ( 'NONE',  ( 3.958734124999999400, 6.437500001365588500, -4.848051074856647000E-016 ) ) ;
#4734 = VERTEX_POINT ( 'NONE', #2754 ) ;
#4735 = DIRECTION ( 'NONE',  ( 0.8949343677499603800, -0.4461978007789581000, 0.0000000000000000000 ) ) ;
#4736 = DIRECTION ( 'NONE',  ( 0.0000000000000000000, 0.0000000000000000000, -1.000000000000000000 ) ) ;
#4737 = VECTOR ( 'NONE', #674, 999.9999999999998900 ) ;
#4738 = CYLINDRICAL_SURFACE ( 'NONE', #851, 2.000000000000000000 ) ;
#4739 = CARTESIAN_POINT ( 'NONE',  ( -3.181980515339462900, 0.7500000027311831700, 3.181980515339464200 ) ) ;
#4740 = EDGE_CURVE ( 'NONE', #5813, #3740, #671, .T. ) ;
#4741 = VERTEX_POINT ( 'NONE', #5509 ) ;
#4742 = CARTESIAN_POINT ( 'NONE',  ( -3.078048191679775500, 7.000000000000002700, -2.519273003925380600 ) ) ;
#4743 = ORIENTED_EDGE ( 'NONE', *, *, #7725, .F. ) ;
#4744 = PERSON_AND_ORGANIZATION ( #2872, #7398 ) ;
#4745 =( GEOMETRIC_REPRESENTATION_CONTEXT ( 3 ) GLOBAL_UNCERTAINTY_ASSIGNED_CONTEXT ( ( #4913 ) ) GLOBAL_UNIT_ASSIGNED_CONTEXT ( ( #4219, #121, #4903 ) ) REPRESENTATION_CONTEXT ( 'NONE', 'WORKASPACE' ) );
#4746 = ADVANCED_FACE ( 'NONE', ( #5884 ), #5676, .F. ) ;
#4747 = LINE ( 'NONE', #7272, #6337 ) ;
#4748 = CARTESIAN_POINT ( 'NONE',  ( -14.50000000000000000, -14.44999999999999900, -1.999999999999995800 ) ) ;
#4749 = CARTESIAN_POINT ( 'NONE',  ( -4.500000000000001800, 4.562500002731184200, -1.863961030678927800 ) ) ;
#4750 = DIRECTION ( 'NONE',  ( 0.0000000000000000000, 0.0000000000000000000, -1.000000000000000000 ) ) ;
#4751 = VERTEX_POINT ( 'NONE', #3499 ) ;
#4752 = CARTESIAN_POINT ( 'NONE',  ( -12.50000000000000500, -15.99999999999999600, -0.1952413320394017500 ) ) ;
#4753 = EDGE_CURVE ( 'NONE', #6302, #4402, #6332, .T. ) ;
#4754 = CIRCLE ( 'NONE', #4174, 0.1800000000000002400 ) ;
#4755 = EDGE_LOOP ( 'NONE', ( #8434, #6107, #1538, #7397, #849, #5071 ) ) ;
#4756 = CARTESIAN_POINT ( 'NONE',  ( -4.100316219365232900, 6.670872766145303800, -1.417757074858359200 ) ) ;
#4757 = DIRECTION ( 'NONE',  ( 0.0000000000000000000, 0.0000000000000000000, -1.000000000000000000 ) ) ;
#4758 = CARTESIAN_POINT ( 'NONE',  ( -14.50000000000000000, -10.00000000000000000, 0.0000000000000000000 ) ) ;
#4759 = ORIENTED_EDGE ( 'NONE', *, *, #2148, .T. ) ;
#4760 = VECTOR ( 'NONE', #2072, 1000.000000000000000 ) ;
#4761 = CARTESIAN_POINT ( 'NONE',  ( -2.755455298081544300E-016, 5.249999999999995600, -4.500000000000000000 ) ) ;
#4762 = DIRECTION ( 'NONE',  ( 0.0000000000000000000, 0.0000000000000000000, 1.000000000000000000 ) ) ;
#4763 = CARTESIAN_POINT ( 'NONE',  ( 0.0000000000000000000, -14.05000000000000100, 0.0000000000000000000 ) ) ;
#4764 = DIRECTION ( 'NONE',  ( 0.0000000000000000000, -1.000000000000000000, 0.0000000000000000000 ) ) ;
#4765 = FACE_OUTER_BOUND ( 'NONE', #2349, .T. ) ;
#4766 = CARTESIAN_POINT ( 'NONE',  ( 1.639761364404186800, 5.625000001365588500, -3.958734124999999400 ) ) ;
#4767 = VERTEX_POINT ( 'NONE', #4857 ) ;
#4768 = EDGE_LOOP ( 'NONE', ( #6094, #1455, #7557, #2973, #3245, #8509 ) ) ;
#4769 = DIRECTION ( 'NONE',  ( 0.0000000000000000000, 0.3090169943749419600, 0.9510565162951553100 ) ) ;
#4770 = CARTESIAN_POINT ( 'NONE',  ( 0.0000000000000000000, 0.0000000000000000000, 10.49999999999999800 ) ) ;
#4771 = CARTESIAN_POINT ( 'NONE',  ( -2.799247744702093100, 6.812500001365589400, -2.799247744702092700 ) ) ;
#4772 = CARTESIAN_POINT ( 'NONE',  ( 16.50000000000000000, -17.60000000000000100, -0.1952413320394013100 ) ) ;
#4773 = ORIENTED_EDGE ( 'NONE', *, *, #3497, .T. ) ;
#4774 = ADVANCED_FACE ( 'NONE', ( #7495 ), #3870, .T. ) ;
#4775 = CARTESIAN_POINT ( 'NONE',  ( -2.799247744702093100, 7.062500001365589400, -2.799247744702092700 ) ) ;
#4776 = VERTEX_POINT ( 'NONE', #2848 ) ;
#4777 = VERTEX_POINT ( 'NONE', #7592 ) ;
#4778 = CARTESIAN_POINT ( 'NONE',  ( 14.15798585900674800, -4.819999999999999400, 0.09698751136435124200 ) ) ;
#4779 = DIRECTION ( 'NONE',  ( 0.0000000000000000000, 0.0000000000000000000, 1.000000000000000000 ) ) ;
#4780 = CARTESIAN_POINT ( 'NONE',  ( -12.03897472949798300, -14.44999999999999900, 14.04681769877109000 ) ) ;
#4781 = EDGE_CURVE ( 'NONE', #699, #3500, #4093, .T. ) ;
#4782 = EDGE_CURVE ( 'NONE', #3819, #3838, #436, .T. ) ;
#4783 = CARTESIAN_POINT ( 'NONE',  ( -14.15798585900675200, -4.819999999999999400, 0.09698751136434993800 ) ) ;
#4784 = EDGE_LOOP ( 'NONE', ( #801, #4938, #6568 ) ) ;
#4785 = AXIS2_PLACEMENT_3D ( 'NONE', #8444, #6426, #7113 ) ;
#4786 = LINE ( 'NONE', #5185, #5416 ) ;
#4787 = EDGE_LOOP ( 'NONE', ( #1902, #6300, #8782, #5775 ) ) ;
#4788 = CARTESIAN_POINT ( 'NONE',  ( -14.01617989236650000, -4.999999999999999100, 1.529380587534574100 ) ) ;
#4789 = DIRECTION ( 'NONE',  ( 0.0000000000000000000, 0.8949343677499601600, -0.4461978007789582100 ) ) ;
#4790 = CARTESIAN_POINT ( 'NONE',  ( -14.50000000000000700, -16.17863279495408300, 2.309401076758504700 ) ) ;
#4791 = VERTEX_POINT ( 'NONE', #6899 ) ;
#4792 = CARTESIAN_POINT ( 'NONE',  ( 3.181980515339464200, 4.874999999999995600, 3.181980515339463400 ) ) ;
#4793 = CARTESIAN_POINT ( 'NONE',  ( 12.82717199727905200, -17.53042453747409700, -1.343593379079621300 ) ) ;
#4794 = DIRECTION ( 'NONE',  ( 0.0000000000000000000, -0.0000000000000000000, -1.000000000000000000 ) ) ;
#4795 = ADVANCED_FACE ( 'NONE', ( #7284 ), #20, .F. ) ;
#4796 = VECTOR ( 'NONE', #2166, 1000.000000000000000 ) ;
#4797 = ORIENTED_EDGE ( 'NONE', *, *, #2724, .T. ) ;
#4798 = EDGE_CURVE ( 'NONE', #1605, #8103, #1831, .T. ) ;
#4799 = CARTESIAN_POINT ( 'NONE',  ( 0.0000000000000000000, -14.44999999999999900, 0.0000000000000000000 ) ) ;
#4800 = AXIS2_PLACEMENT_3D ( 'NONE', #836, #149, #1515 ) ;
#4801 = DIRECTION ( 'NONE',  ( -0.0000000000000000000, 0.0000000000000000000, 1.000000000000000000 ) ) ;
#4802 = EDGE_LOOP ( 'NONE', ( #3247, #302, #2756, #1773 ) ) ;
#4803 = FACE_OUTER_BOUND ( 'NONE', #4428, .T. ) ;
#4804 = EDGE_CURVE ( 'NONE', #8682, #696, #3670, .T. ) ;
#4805 = VECTOR ( 'NONE', #27, 1000.000000000000000 ) ;
#4806 = DIRECTION ( 'NONE',  ( 0.0000000000000000000, 0.0000000000000000000, -1.000000000000000000 ) ) ;
#4807 = ORIENTED_EDGE ( 'NONE', *, *, #7482, .T. ) ;
#4808 = DIRECTION ( 'NONE',  ( 1.224646799147352000E-016, 0.0000000000000000000, -1.000000000000000000 ) ) ;
#4809 = VERTEX_POINT ( 'NONE', #6053 ) ;
#4810 = ORIENTED_EDGE ( 'NONE', *, *, #1817, .F. ) ;
#4811 = CARTESIAN_POINT ( 'NONE',  ( -3.958734124999998500, 6.250000001365589400, 1.639761364404189700 ) ) ;
#4812 = CIRCLE ( 'NONE', #7764, 2.000000000000000000 ) ;
#4813 = FACE_BOUND ( 'NONE', #3691, .T. ) ;
#4815 = CARTESIAN_POINT ( 'NONE',  ( 13.93103448275862100, -5.000000000000000000, -1.387904261896422600 ) ) ;
#4814 = DIRECTION ( 'NONE',  ( -0.0000000000000000000, 1.000000000000000000, -0.0000000000000000000 ) ) ;
#4816 = CARTESIAN_POINT ( 'NONE',  ( -4.244669218925968000, 6.532440335013466100, 1.423200810070536900 ) ) ;
#4817 = LINE ( 'NONE', #8474, #5745 ) ;
#4818 = ORIENTED_EDGE ( 'NONE', *, *, #2870, .F. ) ;
#4819 = VERTEX_POINT ( 'NONE', #129 ) ;
#4820 = DIRECTION ( 'NONE',  ( 0.0000000000000000000, 0.0000000000000000000, 1.000000000000000000 ) ) ;
#4821 = CARTESIAN_POINT ( 'NONE',  ( -13.87068965517241300, -5.000000000000000000, -1.898412096962349200 ) ) ;
#4822 = DIRECTION ( 'NONE',  ( 0.07674375022329539600, 0.0000000000000000000, -0.9970508496569593400 ) ) ;
#4823 = PLANE ( 'NONE',  #1571 ) ;
#4824 = CARTESIAN_POINT ( 'NONE',  ( 0.0000000000000000000, -14.05000000000000100, 0.0000000000000000000 ) ) ;
#4825 = ADVANCED_FACE ( 'NONE', ( #5471 ), #3464, .T. ) ;
#4826 = CARTESIAN_POINT ( 'NONE',  ( 12.49999999999999800, -16.17863279495408300, -1.154700538379252400 ) ) ;
#4827 = DIRECTION ( 'NONE',  ( 0.0000000000000000000, 0.0000000000000000000, -1.000000000000000000 ) ) ;
#4828 = PLANE ( 'NONE',  #2558 ) ;
#4829 = VECTOR ( 'NONE', #3417, 1000.000000000000100 ) ;
#4830 = CARTESIAN_POINT ( 'NONE',  ( 0.0000000000000000000, 0.1010000000000000100, 0.0000000000000000000 ) ) ;
#4831 = DIRECTION ( 'NONE',  ( 0.0000000000000000000, -1.000000000000000000, 0.0000000000000000000 ) ) ;
#4832 = LINE ( 'NONE', #5954, #8230 ) ;
#4833 = EDGE_CURVE ( 'NONE', #5852, #1376, #5244, .T. ) ;
#4834 = CARTESIAN_POINT ( 'NONE',  ( 7.272076612284971000E-016, 5.437500001365589400, 3.958734124999999400 ) ) ;
#4835 = ADVANCED_FACE ( 'NONE', ( #7062 ), #6849, .T. ) ;
#4836 = EDGE_CURVE ( 'NONE', #8563, #5217, #2275, .T. ) ;
#4837 = DIRECTION ( 'NONE',  ( 0.0000000000000000000, -1.000000000000000000, -0.0000000000000000000 ) ) ;
#4838 = ORIENTED_EDGE ( 'NONE', *, *, #5014, .F. ) ;
#4839 = CARTESIAN_POINT ( 'NONE',  ( -3.400182977007533700E-012, 6.658493649053813400, 4.341506350946183100 ) ) ;
#4840 = CARTESIAN_POINT ( 'NONE',  ( -1.639761364404188200, 6.125000001365589400, 3.958734124999998500 ) ) ;
#4841 = VECTOR ( 'NONE', #3448, 1000.000000000000000 ) ;
#4842 = DIRECTION ( 'NONE',  ( 0.0000000000000000000, -0.7071067811865482400, -0.7071067811865469100 ) ) ;
#4843 = DIRECTION ( 'NONE',  ( 0.0000000000000000000, 1.000000000000000000, 0.0000000000000000000 ) ) ;
#4844 = ORIENTED_EDGE ( 'NONE', *, *, #5516, .T. ) ;
#4845 = VERTEX_POINT ( 'NONE', #8815 ) ;
#4846 = AXIS2_PLACEMENT_3D ( 'NONE', #7882, #3808, #8562 ) ;
#4847 = VECTOR ( 'NONE', #4211, 1000.000000000000200 ) ;
#4848 = VERTEX_POINT ( 'NONE', #4748 ) ;
#4849 = PLANE ( 'NONE',  #6833 ) ;
#4850 = ORIENTED_EDGE ( 'NONE', *, *, #5072, .F. ) ;
#4851 = CARTESIAN_POINT ( 'NONE',  ( 14.25999999999999800, -4.819999999999999400, 0.2622598901852886700 ) ) ;
#4852 =( BOUNDED_CURVE ( )  B_SPLINE_CURVE ( 2, ( #5379, #111, #798, #5574, #1478, #6263, #2178, #6933, #2880 ),
 .UNSPECIFIED., .F., .F. ) 
 B_SPLINE_CURVE_WITH_KNOTS ( ( 3, 2, 2, 2, 3 ),
 ( 0.5357142857142857000, 0.5535714285714286000, 0.5714285714285714000, 0.5892857142857143000, 0.6071428571428571000 ),
 .UNSPECIFIED. ) 
 CURVE ( )  GEOMETRIC_REPRESENTATION_ITEM ( )  RATIONAL_B_SPLINE_CURVE ( ( 1.000000000000000000, 0.9238795325112867400, 1.000000000000000000, 0.9238795325112867400, 1.000000000000000000, 0.9238795325112867400, 1.000000000000000000, 0.9238795325112867400, 1.000000000000000000 ) ) 
 REPRESENTATION_ITEM ( '' )  );
#4853 = FACE_OUTER_BOUND ( 'NONE', #1436, .T. ) ;
#4854 = ORIENTED_EDGE ( 'NONE', *, *, #3864, .T. ) ;
#4855 = LINE ( 'NONE', #8507, #8455 ) ;
#4856 = EDGE_CURVE ( 'NONE', #7297, #3646, #4295, .T. ) ;
#4857 = CARTESIAN_POINT ( 'NONE',  ( 0.0000000000000000000, -5.500000000000000000, -14.50000000000000000 ) ) ;
#4858 = AXIS2_PLACEMENT_3D ( 'NONE', #2860, #7599, #3543 ) ;
#4859 = ORIENTED_EDGE ( 'NONE', *, *, #400, .T. ) ;
#4860 = CARTESIAN_POINT ( 'NONE',  ( 3.958734124999999900, 4.625000001365588500, 1.639761364404186200 ) ) ;
#4861 = FACE_BOUND ( 'NONE', #4159, .T. ) ;
#4862 = CARTESIAN_POINT ( 'NONE',  ( -2.799247744702092300, 1.062500001365589200, 2.799247744702093600 ) ) ;
#4863 = EDGE_LOOP ( 'NONE', ( #2494, #5489, #2740, #395 ) ) ;
#4864 = CARTESIAN_POINT ( 'NONE',  ( -14.50000000000000200, -17.60000000000000100, -2.309401076758504700 ) ) ;
#4865 = ORIENTED_EDGE ( 'NONE', *, *, #8653, .T. ) ;
#4866 = TOROIDAL_SURFACE ( 'NONE', #4326, 1.819999999999999400, 0.1800000000000003300 ) ;
#4867 = CARTESIAN_POINT ( 'NONE',  ( -3.181980515339463800, 5.500000002731183300, -3.181980515339463400 ) ) ;
#4868 = DIRECTION ( 'NONE',  ( -0.0000000000000000000, 1.000000000000000000, -0.0000000000000000000 ) ) ;
#4869 = AXIS2_PLACEMENT_3D ( 'NONE', #4072, #8137, #3391 ) ;
#4870 = CARTESIAN_POINT ( 'NONE',  ( 2.799247744702093600, 5.312500001365589400, 2.799247744702092700 ) ) ;
#4871 = CARTESIAN_POINT ( 'NONE',  ( -14.53344401972544000, -4.777690516702350900, -0.3631088704838237900 ) ) ;
#4872 = ORIENTED_EDGE ( 'NONE', *, *, #6203, .F. ) ;
#4873 = EDGE_LOOP ( 'NONE', ( #6435, #5112, #4129, #8594, #4026, #5887, #3938, #4797 ) ) ;
#4874 = CARTESIAN_POINT ( 'NONE',  ( 12.49999999999999800, -17.42136720504591800, 1.154700538379255900 ) ) ;
#4875 = CARTESIAN_POINT ( 'NONE',  ( 0.0000000000000000000, -5.500000000000000000, 14.50000000000000000 ) ) ;
#4876 = DIRECTION ( 'NONE',  ( -0.0000000000000000000, 1.000000000000000000, -0.0000000000000000000 ) ) ;
#4877 = DIRECTION ( 'NONE',  ( 0.0000000000000000000, 0.0000000000000000000, 1.000000000000000000 ) ) ;
#4878 = CARTESIAN_POINT ( 'NONE',  ( -7.383686573282775900, -14.44999999999999900, 39.45979146441064200 ) ) ;
#4879 = VERTEX_POINT ( 'NONE', #4778 ) ;
#4880 = CARTESIAN_POINT ( 'NONE',  ( -14.04681769877114100, -14.44999999999999900, -12.03897472949792500 ) ) ;
#4881 = CARTESIAN_POINT ( 'NONE',  ( -12.50000000000000200, -16.01677217554084400, 0.3889866277140368000 ) ) ;
#4882 = EDGE_LOOP ( 'NONE', ( #2382, #2904, #7098, #7960 ) ) ;
#4883 = EDGE_LOOP ( 'NONE', ( #6201, #7448, #4451, #617, #2991 ) ) ;
#4884 = AXIS2_PLACEMENT_3D ( 'NONE', #5664, #1578, #6360 ) ;
#4885 = EDGE_CURVE ( 'NONE', #3637, #1147, #3236, .T. ) ;
#4886 = CARTESIAN_POINT ( 'NONE',  ( 2.799247744702092700, 3.812500001365589400, -2.799247744702093100 ) ) ;
#4887 = B_SPLINE_CURVE_WITH_KNOTS ( 'NONE', 3,
 ( #355, #7849, #1048, #5819, #1728, #6508 ),
 .UNSPECIFIED., .F., .F.,
 ( 4, 2, 4 ),
 ( 0.001168606431211100000, 0.001750609284260043600, 0.002332612137308987500 ),
 .UNSPECIFIED. ) ;
#4888 = LINE ( 'NONE', #8751, #7857 ) ;
#4889 = ORIENTED_EDGE ( 'NONE', *, *, #769, .T. ) ;
#4890 = CARTESIAN_POINT ( 'NONE',  ( -2.025244176025485000E-013, 6.975480947161671000, -4.024519052838321000 ) ) ;
#4891 = EDGE_CURVE ( 'NONE', #1169, #1688, #8650, .T. ) ;
#4892 = EDGE_CURVE ( 'NONE', #6229, #8159, #5037, .T. ) ;
#4893 = VERTEX_POINT ( 'NONE', #4121 ) ;
#4894 = DIRECTION ( 'NONE',  ( -0.0000000000000000000, 1.000000000000000000, 0.0000000000000000000 ) ) ;
#4895 = CARTESIAN_POINT ( 'NONE',  ( 3.958734124999999400, 4.500000001365588500, -1.639761364404187500 ) ) ;
#4896 = AXIS2_PLACEMENT_3D ( 'NONE', #6902, #2206, #6959 ) ;
#4897 = CARTESIAN_POINT ( 'NONE',  ( 15.91400053919059900, -14.44999999999999900, -7.624226339126530600 ) ) ;
#4898 = VECTOR ( 'NONE', #3769, 1000.000000000000000 ) ;
#4899 = ORIENTED_EDGE ( 'NONE', *, *, #2610, .T. ) ;
#4900 = ORIENTED_EDGE ( 'NONE', *, *, #2090, .F. ) ;
#4901 = CARTESIAN_POINT ( 'NONE',  ( 14.84201414099324800, -4.819999999999999400, -0.2400000000000001900 ) ) ;
#4902 = DIRECTION ( 'NONE',  ( -0.0000000000000000000, -1.000000000000000000, -0.0000000000000000000 ) ) ;
#4903 =( NAMED_UNIT ( * ) SI_UNIT ( $, .STERADIAN. ) SOLID_ANGLE_UNIT ( ) );
#4904 = ORIENTED_EDGE ( 'NONE', *, *, #3800, .F. ) ;
#4905 = CARTESIAN_POINT ( 'NONE',  ( -14.15798585900675200, -4.819999999999999400, -0.2399999999999997700 ) ) ;
#4906 = FACE_OUTER_BOUND ( 'NONE', #4802, .T. ) ;
#4907 = FACE_OUTER_BOUND ( 'NONE', #933, .T. ) ;
#4908 = EDGE_CURVE ( 'NONE', #5159, #6081, #6628, .T. ) ;
#4909 = CARTESIAN_POINT ( 'NONE',  ( 0.0000000000000000000, 7.000000000000000000, -4.500000000000000000 ) ) ;
#4910 = CARTESIAN_POINT ( 'NONE',  ( -19.03908078629217500, -14.44999999999999900, 27.80439725140095700 ) ) ;
#4911 = AXIS2_PLACEMENT_3D ( 'NONE', #3787, #8536, #4465 ) ;
#4912 = VERTEX_POINT ( 'NONE', #5482 ) ;
#4913 = UNCERTAINTY_MEASURE_WITH_UNIT (LENGTH_MEASURE( 1.000000000000000100E-005 ), #4219, 'distance_accuracy_value', 'NONE');
#4914 = VERTEX_POINT ( 'NONE', #4815 ) ;
#4915 = AXIS2_PLACEMENT_3D ( 'NONE', #4664, #562, #5342 ) ;
#4916 = ORIENTED_EDGE ( 'NONE', *, *, #1777, .T. ) ;
#4917 = CARTESIAN_POINT ( 'NONE',  ( -15.91400053919085700, -14.05000000000000100, -7.624226339126849400 ) ) ;
#4918 = CARTESIAN_POINT ( 'NONE',  ( -3.958734124999998500, 6.000000001365588500, 1.639761364404189700 ) ) ;
#4919 = CARTESIAN_POINT ( 'NONE',  ( -1.639761364404187300, 3.000000001365589000, -3.958734124999999400 ) ) ;
#4920 = EDGE_CURVE ( 'NONE', #8726, #8623, #448, .T. ) ;
#4921 = PLANE ( 'NONE',  #4896 ) ;
#4922 = ORIENTED_EDGE ( 'NONE', *, *, #871, .F. ) ;
#4923 = CARTESIAN_POINT ( 'NONE',  ( -14.50000000000000000, -16.00000000000000000, 0.0000000000000000000 ) ) ;
#4924 = FACE_OUTER_BOUND ( 'NONE', #5195, .T. ) ;
#4925 = DIRECTION ( 'NONE',  ( 0.0000000000000000000, -0.8949343677499603800, -0.4461978007789581500 ) ) ;
#4926 = CARTESIAN_POINT ( 'NONE',  ( 3.181980515339463400, 2.124999999999996000, -3.181980515339463800 ) ) ;
#4927 = CARTESIAN_POINT ( 'NONE',  ( -2.424025537428323500E-016, 3.687500001365589000, -3.958734124999999400 ) ) ;
#4928 = DIRECTION ( 'NONE',  ( 0.9432144216567395200, 0.0000000000000000000, -0.3321845191738205800 ) ) ;
#4929 = VECTOR ( 'NONE', #7571, 1000.000000000000000 ) ;
#4930 = CARTESIAN_POINT ( 'NONE',  ( 0.0000000000000000000, 1.499999999999999600, 12.10000000000000000 ) ) ;
#4931 = EDGE_LOOP ( 'NONE', ( #7883, #3283, #497, #6573 ) ) ;
#4932 = DATE_TIME_ROLE ( 'creation_date' ) ;
#4933 = CARTESIAN_POINT ( 'NONE',  ( -13.07672697680174100, -14.05000000000000100, -6.264919119524663000 ) ) ;
#4934 = DIRECTION ( 'NONE',  ( 0.0000000000000000000, 0.0000000000000000000, -1.000000000000000000 ) ) ;
#4935 = CARTESIAN_POINT ( 'NONE',  ( 14.49999999999999800, -4.819999999999999400, 0.0000000000000000000 ) ) ;
#4936 = CONICAL_SURFACE ( 'NONE', #1497, 0.3555000000000000400, 0.06981317007976586800 ) ;
#4937 = CIRCLE ( 'NONE', #6907, 2.000000000000000000 ) ;
#4938 = ORIENTED_EDGE ( 'NONE', *, *, #4203, .T. ) ;
#4939 = CARTESIAN_POINT ( 'NONE',  ( 7.272076612284971000E-016, 5.187500001365589400, 3.958734124999999400 ) ) ;
#4940 = EDGE_CURVE ( 'NONE', #7037, #505, #3024, .T. ) ;
#4941 = VECTOR ( 'NONE', #4020, 1000.000000000000000 ) ;
#4942 = CARTESIAN_POINT ( 'NONE',  ( -3.958734124999999400, 2.187500001365589400, 0.0000000000000000000 ) ) ;
#4943 = AXIS2_PLACEMENT_3D ( 'NONE', #8107, #6091, #4029 ) ;
#4944 = EDGE_CURVE ( 'NONE', #4458, #1257, #1415, .T. ) ;
#4945 = CIRCLE ( 'NONE', #4967, 18.50000000000000000 ) ;
#4947 = CARTESIAN_POINT ( 'NONE',  ( 1.443137078762504200, -1.000000000000000000, 11.40909090909090800 ) ) ;
#4946 = PLANE ( 'NONE',  #5104 ) ;
#4948 = ORIENTED_EDGE ( 'NONE', *, *, #1776, .T. ) ;
#4949 = ORIENTED_EDGE ( 'NONE', *, *, #6045, .F. ) ;
#4950 = COORDINATED_UNIVERSAL_TIME_OFFSET ( 2, 0, .AHEAD. ) ;
#4951 = CARTESIAN_POINT ( 'NONE',  ( -3.958734124999999400, 2.875000001365589000, -1.639761364404187100 ) ) ;
#4952 = DIRECTION ( 'NONE',  ( 0.0000000000000000000, -1.000000000000000000, 0.0000000000000000000 ) ) ;
#4953 = FACE_OUTER_BOUND ( 'NONE', #1971, .T. ) ;
#4954 = EDGE_CURVE ( 'NONE', #8405, #1525, #8238, .T. ) ;
#4955 = DIRECTION ( 'NONE',  ( 0.0000000000000000000, 1.000000000000000000, 0.0000000000000000000 ) ) ;
#4956 = ORIENTED_EDGE ( 'NONE', *, *, #2931, .T. ) ;
#4957 = EDGE_CURVE ( 'NONE', #6917, #2184, #2829, .T. ) ;
#4958 = CIRCLE ( 'NONE', #3710, 3.999999999999996400 ) ;
#4959 = VERTEX_POINT ( 'NONE', #2824 ) ;
#4960 = ORIENTED_EDGE ( 'NONE', *, *, #4804, .T. ) ;
#4961 = LINE ( 'NONE', #7489, #4760 ) ;
#4962 = DIRECTION ( 'NONE',  ( 0.0000000000000000000, 1.000000000000000000, 0.0000000000000000000 ) ) ;
#4963 = CARTESIAN_POINT ( 'NONE',  ( -13.84074293741602600, -15.99999999999999600, -1.928778834210481700 ) ) ;
#4964 = CIRCLE ( 'NONE', #1512, 0.3555000000000000400 ) ;
#4965 = ORIENTED_EDGE ( 'NONE', *, *, #2004, .T. ) ;
#4966 = VERTEX_POINT ( 'NONE', #82 ) ;
#4967 = AXIS2_PLACEMENT_3D ( 'NONE', #1391, #6173, #2082 ) ;
#4968 = CARTESIAN_POINT ( 'NONE',  ( 3.958734124999999900, 4.375000001365588500, 1.639761364404186200 ) ) ;
#4969 = B_SPLINE_CURVE_WITH_KNOTS ( 'NONE', 3,
 ( #4874, #4189, #8261, #5560, #1460, #6245 ),
 .UNSPECIFIED., .F., .F.,
 ( 4, 2, 4 ),
 ( 0.002060137505873417900, 0.002644210467598550300, 0.003228283429323682700 ),
 .UNSPECIFIED. ) ;
#4970 = CARTESIAN_POINT ( 'NONE',  ( -1.639761364404188200, 1.375000001365589400, 3.958734124999998500 ) ) ;
#4971 = DIRECTION ( 'NONE',  ( 0.0000000000000000000, 0.0000000000000000000, 1.000000000000000000 ) ) ;
#4972 = CARTESIAN_POINT ( 'NONE',  ( 0.3898550635299193300, 0.002289784072490295000, 10.53611455938909800 ) ) ;
#4973 = DIRECTION ( 'NONE',  ( 0.0000000000000000000, 0.0000000000000000000, 1.000000000000000000 ) ) ;
#4974 = CARTESIAN_POINT ( 'NONE',  ( -1.603120191833866800E-015, -14.44999999999999900, 40.84142135623730500 ) ) ;
#4975 = VERTEX_POINT ( 'NONE', #766 ) ;
#4976 = CARTESIAN_POINT ( 'NONE',  ( -2.799247744702092300, 2.062500001365589000, 2.799247744702093600 ) ) ;
#4977 = EDGE_LOOP ( 'NONE', ( #6367, #1222, #3680, #2570 ) ) ;
#4978 = ORIENTED_EDGE ( 'NONE', *, *, #8188, .T. ) ;
#4979 = DIRECTION ( 'NONE',  ( 0.0000000000000000000, -1.000000000000000000, 0.0000000000000000000 ) ) ;
#4980 = CARTESIAN_POINT ( 'NONE',  ( -14.36206896551724400, -10.00000000000000000, 1.995238088481303200 ) ) ;
#4981 = CIRCLE ( 'NONE', #837, 1.000000000000000000 ) ;
#4982 = ORIENTED_EDGE ( 'NONE', *, *, #2798, .T. ) ;
#4983 = CARTESIAN_POINT ( 'NONE',  ( -3.181980515339463800, 5.374999999999996400, -3.181980515339463400 ) ) ;
#4984 = CARTESIAN_POINT ( 'NONE',  ( -14.15798585900675200, -4.819999999999999400, 0.2399999999999997700 ) ) ;
#4985 = CARTESIAN_POINT ( 'NONE',  ( -13.07672697680180100, -14.44999999999999900, 6.264919119524531500 ) ) ;
#4986 = ORIENTED_EDGE ( 'NONE', *, *, #1735, .F. ) ;
#4987 = EDGE_CURVE ( 'NONE', #195, #3805, #7731, .T. ) ;
#4988 = AXIS2_PLACEMENT_3D ( 'NONE', #3623, #8369, #2941 ) ;
#4989 = EDGE_CURVE ( 'NONE', #3871, #2450, #6228, .T. ) ;
#4990 = LINE ( 'NONE', #5688, #2978 ) ;
#4991 = ORIENTED_EDGE ( 'NONE', *, *, #1535, .T. ) ;
#4992 = CARTESIAN_POINT ( 'NONE',  ( 2.799247744702092700, 3.562500001365589000, -2.799247744702093100 ) ) ;
#4993 = ORIENTED_EDGE ( 'NONE', *, *, #7460, .T. ) ;
#4994 = CARTESIAN_POINT ( 'NONE',  ( -4.500000000000000900, 7.437499999999996400, -1.863961030678928000 ) ) ;
#4995 = CIRCLE ( 'NONE', #861, 5.000000000000000000 ) ;
#4996 = CARTESIAN_POINT ( 'NONE',  ( 4.500000000000000000, 1.125000002731183500, -5.510910596163088600E-016 ) ) ;
#4997 = CARTESIAN_POINT ( 'NONE',  ( 13.07672697680180300, -14.44999999999999900, -6.264919119524533300 ) ) ;
#4998 = CARTESIAN_POINT ( 'NONE',  ( -14.26000000000000000, -4.819999999999999400, -0.2622598901852882800 ) ) ;
#4999 = CIRCLE ( 'NONE', #5957, 1.999999999999999600 ) ;
#5000 = ORIENTED_EDGE ( 'NONE', *, *, #5981, .T. ) ;
#5001 = ORIENTED_EDGE ( 'NONE', *, *, #283, .F. ) ;
#5002 = CARTESIAN_POINT ( 'NONE',  ( 1.639761364404189300, 1.250000001365589200, 3.958734124999998500 ) ) ;
#5003 = AXIS2_PLACEMENT_3D ( 'NONE', #5532, #1444, #6223 ) ;
#5004 = EDGE_LOOP ( 'NONE', ( #3609, #3672, #1908, #2779, #1906, #6145, #1408 ) ) ;
#5005 = LINE ( 'NONE', #4474, #2994 ) ;
#5006 = LINE ( 'NONE', #8671, #2996 ) ;
#5007 = LINE ( 'NONE', #7349, #6601 ) ;
#5008 = PLANE ( 'NONE',  #7525 ) ;
#5009 = DIRECTION ( 'NONE',  ( 0.0000000000000000000, 0.0000000000000000000, -1.000000000000000000 ) ) ;
#5010 = DIRECTION ( 'NONE',  ( 0.0000000000000000000, 1.000000000000000000, 0.0000000000000000000 ) ) ;
#5011 = ORIENTED_EDGE ( 'NONE', *, *, #7523, .T. ) ;
#5012 = ORIENTED_EDGE ( 'NONE', *, *, #5340, .F. ) ;
#5013 = DESIGN_CONTEXT ( 'detailed design', #7636, 'design' ) ;
#5014 = EDGE_CURVE ( 'NONE', #1354, #3637, #8023, .T. ) ;
#5015 = CARTESIAN_POINT ( 'NONE',  ( -13.07672697680180300, -14.44999999999999900, 6.264919119524533300 ) ) ;
#5016 = CC_DESIGN_APPROVAL ( #4560, ( #3200 ) ) ;
#5017 = CARTESIAN_POINT ( 'NONE',  ( -3.181980515339463800, 1.374999999999996000, -3.181980515339463400 ) ) ;
#5018 = CARTESIAN_POINT ( 'NONE',  ( -16.50000000000000000, -16.17863279495408300, 1.154700538379255900 ) ) ;
#5019 = CARTESIAN_POINT ( 'NONE',  ( -1.639761364404187300, 2.750000001365589000, -3.958734124999999400 ) ) ;
#5020 = FACE_OUTER_BOUND ( 'NONE', #829, .T. ) ;
#5021 = B_SPLINE_CURVE_WITH_KNOTS ( 'NONE', 3,
 ( #2919, #6972, #3601, #8341 ),
 .UNSPECIFIED., .F., .F.,
 ( 4, 4 ),
 ( 2.380749485093214600E-007, 0.001168606431211102200 ),
 .UNSPECIFIED. ) ;
#5022 = CARTESIAN_POINT ( 'NONE',  ( -3.181980515339462900, 6.624999999999996400, 3.181980515339464200 ) ) ;
#5023 = CARTESIAN_POINT ( 'NONE',  ( -17.44946680064970600, -14.44999999999999900, 6.145413604715606000 ) ) ;
#5024 = CARTESIAN_POINT ( 'NONE',  ( -14.84201414099325000, -4.819999999999999400, -0.09698751136435167200 ) ) ;
#5025 = DIRECTION ( 'NONE',  ( 0.0000000000000000000, 1.000000000000000000, 0.0000000000000000000 ) ) ;
#5026 = CARTESIAN_POINT ( 'NONE',  ( 0.0000000000000000000, -14.44999999999999900, 0.0000000000000000000 ) ) ;
#5028 = CARTESIAN_POINT ( 'NONE',  ( 6.145413604715678900, -14.44999999999999900, 17.44946680064967400 ) ) ;
#5027 = CIRCLE ( 'NONE', #232, 5.599999999999999600 ) ;
#5029 = CARTESIAN_POINT ( 'NONE',  ( 3.958734124999999400, 0.4375000013655885900, -4.848051074856647000E-016 ) ) ;
#5030 = ADVANCED_FACE ( 'NONE', ( #4198 ), #6266, .F. ) ;
#5031 = DIRECTION ( 'NONE',  ( 0.0000000000000000000, 0.0000000000000000000, 1.000000000000000000 ) ) ;
#5032 = ORIENTED_EDGE ( 'NONE', *, *, #2288, .T. ) ;
#5033 = CARTESIAN_POINT ( 'NONE',  ( 1.347111479062089500E-016, 2.499999999999999600, 11.50000000000000000 ) ) ;
#5034 = VECTOR ( 'NONE', #4171, 1000.000000000000000 ) ;
#5035 = CARTESIAN_POINT ( 'NONE',  ( 1.863961030678930300, 3.937500002731183300, 4.500000000000000000 ) ) ;
#5036 = DIRECTION ( 'NONE',  ( 0.0000000000000000000, 1.000000000000000000, 0.0000000000000000000 ) ) ;
#5037 = LINE ( 'NONE', #2697, #4841 ) ;
#5038 = VERTEX_POINT ( 'NONE', #3563 ) ;
#5039 = DIRECTION ( 'NONE',  ( 0.0000000000000000000, 0.0000000000000000000, 1.000000000000000000 ) ) ;
#5040 = ORIENTED_EDGE ( 'NONE', *, *, #6026, .T. ) ;
#5041 = CARTESIAN_POINT ( 'NONE',  ( 16.50000000000000400, -17.52105233070203700, 0.7745510564695445900 ) ) ;
#5042 = AXIS2_PLACEMENT_3D ( 'NONE', #598, #6102, #1920 ) ;
#5043 = CIRCLE ( 'NONE', #4858, 0.8000000000000020400 ) ;
#5044 = CARTESIAN_POINT ( 'NONE',  ( -3.958734124999999400, 1.937500001365589000, 0.0000000000000000000 ) ) ;
#5045 = ORIENTED_EDGE ( 'NONE', *, *, #8190, .F. ) ;
#5046 = EDGE_CURVE ( 'NONE', #7706, #7587, #774, .T. ) ;
#5047 = EDGE_CURVE ( 'NONE', #3062, #7546, #4391, .T. ) ;
#5048 = ORIENTED_EDGE ( 'NONE', *, *, #8080, .F. ) ;
#5049 = CARTESIAN_POINT ( 'NONE',  ( 1.863961030678930000, 5.812499999999996400, 4.500000000000000000 ) ) ;
#5050 = FACE_OUTER_BOUND ( 'NONE', #273, .T. ) ;
#5051 = CARTESIAN_POINT ( 'NONE',  ( 15.83924774000589700, -16.01710519872702300, -1.536186033554501000 ) ) ;
#5052 = AXIS2_PLACEMENT_3D ( 'NONE', #7997, #3919, #8673 ) ;
#5053 = DIRECTION ( 'NONE',  ( 0.07674375022329539600, 0.0000000000000000000, -0.9970508496569593400 ) ) ;
#5054 = ORIENTED_EDGE ( 'NONE', *, *, #8771, .T. ) ;
#5055 = CARTESIAN_POINT ( 'NONE',  ( -14.50000000000000000, -5.000000000000000900, 0.0000000000000000000 ) ) ;
#5056 = ORIENTED_EDGE ( 'NONE', *, *, #8217, .T. ) ;
#5057 = CIRCLE ( 'NONE', #1683, 0.5000000000000000000 ) ;
#5058 = CARTESIAN_POINT ( 'NONE',  ( -19.03908078629217500, -14.44999999999999900, 27.80439725140095700 ) ) ;
#5059 = CARTESIAN_POINT ( 'NONE',  ( 7.272076612284971000E-016, 6.437500001365589400, 3.958734124999999400 ) ) ;
#5060 = VERTEX_POINT ( 'NONE', #8333 ) ;
#5061 = FACE_BOUND ( 'NONE', #1737, .T. ) ;
#5062 = ORIENTED_EDGE ( 'NONE', *, *, #5531, .T. ) ;
#5063 = ORIENTED_EDGE ( 'NONE', *, *, #7801, .F. ) ;
#5064 = EDGE_CURVE ( 'NONE', #520, #7729, #2372, .T. ) ;
#5065 = PLANE ( 'NONE',  #36 ) ;
#5066 = AXIS2_PLACEMENT_3D ( 'NONE', #4192, #98, #4877 ) ;
#5067 = AXIS2_PLACEMENT_3D ( 'NONE', #8759, #4691, #590 ) ;
#5068 = DIRECTION ( 'NONE',  ( 0.8949343677499603800, -0.4461978007789581000, 0.0000000000000000000 ) ) ;
#5069 = CARTESIAN_POINT ( 'NONE',  ( -14.50000000000000000, -4.819999999999999400, 0.0000000000000000000 ) ) ;
#5070 = DIRECTION ( 'NONE',  ( -2.258754526011468200E-016, 0.0000000000000000000, 1.000000000000000000 ) ) ;
#5071 = ORIENTED_EDGE ( 'NONE', *, *, #6022, .F. ) ;
#5072 = EDGE_CURVE ( 'NONE', #6523, #5511, #4450, .T. ) ;
#5073 = ADVANCED_FACE ( 'NONE', ( #3978 ), #858, .T. ) ;
#5074 = DIRECTION ( 'NONE',  ( 0.0000000000000000000, 1.000000000000000000, 0.0000000000000000000 ) ) ;
#5075 = AXIS2_PLACEMENT_3D ( 'NONE', #7112, #8475, #991 ) ;
#5076 = CARTESIAN_POINT ( 'NONE',  ( -1.639761364404188200, 1.125000001365589200, 3.958734124999998500 ) ) ;
#5077 = B_SPLINE_CURVE_WITH_KNOTS ( 'NONE', 3,
 ( #8195, #3451, #2356, #7154 ),
 .UNSPECIFIED., .F., .F.,
 ( 4, 4 ),
 ( 0.0008975940788892025000, 0.002290662657314786500 ),
 .UNSPECIFIED. ) ;
#5078 = CARTESIAN_POINT ( 'NONE',  ( 4.500000000000000000, 4.999999999999995600, -5.510910596163088600E-016 ) ) ;
#5079 = VERTEX_POINT ( 'NONE', #2237 ) ;
#5080 = CARTESIAN_POINT ( 'NONE',  ( -17.44946680064964200, -14.44999999999999900, -6.145413604715783700 ) ) ;
#5081 = B_SPLINE_CURVE_WITH_KNOTS ( 'NONE', 3,
 ( #2737, #3425, #8171, #4095, #8859, #4790 ),
 .UNSPECIFIED., .F., .F.,
 ( 4, 2, 4 ),
 ( 0.001168606431211101100, 0.001750609284260046700, 0.002332612137308992300 ),
 .UNSPECIFIED. ) ;
#5082 = ORIENTED_EDGE ( 'NONE', *, *, #6984, .T. ) ;
#5083 = DIRECTION ( 'NONE',  ( 0.0000000000000000000, 0.0000000000000000000, -1.000000000000000000 ) ) ;
#5084 = DIRECTION ( 'NONE',  ( 0.0000000000000000000, 0.3090169943749419600, 0.9510565162951553100 ) ) ;
#5085 = CARTESIAN_POINT ( 'NONE',  ( 3.958734124999999900, 5.625000001365589400, 1.639761364404186200 ) ) ;
#5086 = B_SPLINE_CURVE_WITH_KNOTS ( 'NONE', 3,
 ( #428, #5209, #5895, #1813 ),
 .UNSPECIFIED., .F., .F.,
 ( 4, 4 ),
 ( 2.380749485111304300E-007, 0.001168606431211098100 ),
 .UNSPECIFIED. ) ;
#5087 = CARTESIAN_POINT ( 'NONE',  ( 12.50000000000000000, -17.47526534669188800, -0.9679918988505336100 ) ) ;
#5088 = CIRCLE ( 'NONE', #6218, 0.4525471255180572000 ) ;
#5089 = ORIENTED_EDGE ( 'NONE', *, *, #5229, .T. ) ;
#5090 = ORIENTED_EDGE ( 'NONE', *, *, #8424, .F. ) ;
#5091 = DIRECTION ( 'NONE',  ( 0.0000000000000000000, -1.000000000000000000, 0.0000000000000000000 ) ) ;
#5092 = AXIS2_PLACEMENT_3D ( 'NONE', #469, #4540, #7928 ) ;
#5093 = CIRCLE ( 'NONE', #7160, 3.190987308028661000 ) ;
#5094 = VERTEX_POINT ( 'NONE', #1563 ) ;
#5095 = CARTESIAN_POINT ( 'NONE',  ( -16.50000000000000000, -17.60000000000000100, 1.154700538379252400 ) ) ;
#5096 = CARTESIAN_POINT ( 'NONE',  ( 4.500000000000001800, 5.062500002731183300, 1.863961030678926700 ) ) ;
#5097 = CARTESIAN_POINT ( 'NONE',  ( -1.514941932194837900, 6.999999999999999100, -3.657393445408530800 ) ) ;
#5098 = CARTESIAN_POINT ( 'NONE',  ( 13.50000000000000000, -16.00000000000000000, 1.732050807568876500 ) ) ;
#5099 = ORIENTED_EDGE ( 'NONE', *, *, #4624, .F. ) ;
#5100 = EDGE_CURVE ( 'NONE', #4139, #4202, #5770, .T. ) ;
#5101 = ORIENTED_EDGE ( 'NONE', *, *, #2799, .F. ) ;
#5102 = FACE_BOUND ( 'NONE', #1367, .T. ) ;
#5103 = CARTESIAN_POINT ( 'NONE',  ( -16.50000000000000000, -16.17863279495408000, -1.154700538379252400 ) ) ;
#5104 = AXIS2_PLACEMENT_3D ( 'NONE', #4262, #5143, #1061 ) ;
#5105 = EDGE_CURVE ( 'NONE', #2509, #5741, #6002, .T. ) ;
#5106 = DIRECTION ( 'NONE',  ( 0.0000000000000000000, 0.0000000000000000000, 1.000000000000000000 ) ) ;
#5107 = CARTESIAN_POINT ( 'NONE',  ( 1.863961030678927400, 4.187499999999997300, -4.500000000000000900 ) ) ;
#5108 = EDGE_LOOP ( 'NONE', ( #7420, #6023, #8320 ) ) ;
#5109 = CARTESIAN_POINT ( 'NONE',  ( 14.50000000000000000, -5.500000000000000000, -1.500000000000001300 ) ) ;
#5110 = DIRECTION ( 'NONE',  ( 0.0000000000000000000, 0.0000000000000000000, -1.000000000000000000 ) ) ;
#5111 = ORIENTED_EDGE ( 'NONE', *, *, #2668, .F. ) ;
#5112 = ORIENTED_EDGE ( 'NONE', *, *, #6473, .T. ) ;
#5113 = CARTESIAN_POINT ( 'NONE',  ( -3.557716952929281800, 1.000000000000000200, -1.755601485701781200 ) ) ;
#5114 = CARTESIAN_POINT ( 'NONE',  ( 2.799247744702092700, 4.812500001365589400, -2.799247744702093100 ) ) ;
#5115 = EDGE_CURVE ( 'NONE', #5362, #4879, #6168, .T. ) ;
#5116 = ADVANCED_FACE ( 'NONE', ( #3763 ), #126, .T. ) ;
#5117 = DIRECTION ( 'NONE',  ( -0.0000000000000000000, -1.000000000000000000, -0.0000000000000000000 ) ) ;
#5118 = EDGE_LOOP ( 'NONE', ( #7780, #4773, #381, #4666 ) ) ;
#5119 = VECTOR ( 'NONE', #5084, 1000.000000000000000 ) ;
#5120 = DIRECTION ( 'NONE',  ( 0.0000000000000000000, -0.7071067811865465700, -0.7071067811865484600 ) ) ;
#5121 = PLANE ( 'NONE',  #542 ) ;
#5122 = DIRECTION ( 'NONE',  ( 0.0000000000000000000, 0.0000000000000000000, 1.000000000000000000 ) ) ;
#5123 = CARTESIAN_POINT ( 'NONE',  ( 1.639761364404186800, 6.875000001365590300, -3.958734124999999400 ) ) ;
#5124 = TOROIDAL_SURFACE ( 'NONE', #8465, 1.499999999999999600, 0.5000000000000000000 ) ;
#5125 = ORIENTED_EDGE ( 'NONE', *, *, #824, .F. ) ;
#5126 = CARTESIAN_POINT ( 'NONE',  ( -14.25999999999999600, -3.400000000000000400, -1.049999999999998900 ) ) ;
#5127 = CARTESIAN_POINT ( 'NONE',  ( -14.17228221899369300, -17.52066220018764000, 2.120193127676285100 ) ) ;
#5128 = DIRECTION ( 'NONE',  ( 0.0000000000000000000, 1.000000000000000000, 0.0000000000000000000 ) ) ;
#5129 = LINE ( 'NONE', #2675, #7167 ) ;
#5130 = CARTESIAN_POINT ( 'NONE',  ( -3.181980515339463800, 3.374999999999996000, -3.181980515339463400 ) ) ;
#5131 = AXIS2_PLACEMENT_3D ( 'NONE', #7640, #6310, #2224 ) ;
#5132 = DIRECTION ( 'NONE',  ( 0.0000000000000000000, 1.000000000000000000, 0.0000000000000000000 ) ) ;
#5133 = LINE ( 'NONE', #7202, #8765 ) ;
#5134 = DIRECTION ( 'NONE',  ( -0.0000000000000000000, 1.000000000000000000, -0.0000000000000000000 ) ) ;
#5135 = DIRECTION ( 'NONE',  ( -0.0000000000000000000, 1.000000000000000000, -0.0000000000000000000 ) ) ;
#5136 = ORIENTED_EDGE ( 'NONE', *, *, #6295, .T. ) ;
#5137 = CARTESIAN_POINT ( 'NONE',  ( -1.639761364404187300, 4.000000001365588500, -3.958734124999999400 ) ) ;
#5138 = FACE_BOUND ( 'NONE', #7491, .T. ) ;
#5139 = FACE_OUTER_BOUND ( 'NONE', #6851, .T. ) ;
#5140 = ORIENTED_EDGE ( 'NONE', *, *, #3378, .T. ) ;
#5141 = ORIENTED_EDGE ( 'NONE', *, *, #4487, .F. ) ;
#5142 = CARTESIAN_POINT ( 'NONE',  ( 14.36206896551724400, -16.00000000000000000, -1.995238088481301900 ) ) ;
#5143 = DIRECTION ( 'NONE',  ( 0.0000000000000000000, 1.000000000000000000, 0.0000000000000000000 ) ) ;
#5144 = LOCAL_TIME ( 19, 5, 7.000000000000000000, #6967 ) ;
#5145 = CARTESIAN_POINT ( 'NONE',  ( 14.49999999999999800, -4.819999999999999400, 0.0000000000000000000 ) ) ;
#5146 = EDGE_CURVE ( 'NONE', #2735, #4369, #7602, .T. ) ;
#5147 = AXIS2_PLACEMENT_3D ( 'NONE', #7516, #8199, #4127 ) ;
#5148 = EDGE_CURVE ( 'NONE', #3918, #6257, #5579, .T. ) ;
#5149 = PLANE ( 'NONE',  #3329 ) ;
#5150 = CARTESIAN_POINT ( 'NONE',  ( -2.799247744702093100, 6.062500001365589400, -2.799247744702092700 ) ) ;
#5151 = AXIS2_PLACEMENT_3D ( 'NONE', #1170, #2491, #6561 ) ;
#5152 = ORIENTED_EDGE ( 'NONE', *, *, #4307, .F. ) ;
#5153 = DIRECTION ( 'NONE',  ( -0.0000000000000000000, 1.000000000000000000, -0.0000000000000000000 ) ) ;
#5154 = CIRCLE ( 'NONE', #1867, 3.199999999999999700 ) ;
#5155 = ADVANCED_FACE ( 'NONE', ( #1945 ), #5705, .F. ) ;
#5156 = CARTESIAN_POINT ( 'NONE',  ( 9.435953166363290700, -14.44999999999999900, -11.00966792606383000 ) ) ;
#5157 = EDGE_LOOP ( 'NONE', ( #3069, #2124, #4553, #3035, #8313, #3730, #8099 ) ) ;
#5158 = CARTESIAN_POINT ( 'NONE',  ( -14.50000000000000000, -14.05000000000000100, 0.0000000000000000000 ) ) ;
#5159 = VERTEX_POINT ( 'NONE', #271 ) ;
#5160 = CIRCLE ( 'NONE', #1411, 14.50000000000000000 ) ;
#5161 = ORIENTED_EDGE ( 'NONE', *, *, #2913, .F. ) ;
#5162 = EDGE_CURVE ( 'NONE', #4089, #5880, #3566, .T. ) ;
#5163 = CARTESIAN_POINT ( 'NONE',  ( -4.500000000000000000, 2.562499999999996400, 1.863961030678930700 ) ) ;
#5164 = AXIS2_PLACEMENT_3D ( 'NONE', #3275, #8027, #3954 ) ;
#5165 = CARTESIAN_POINT ( 'NONE',  ( 1.863961030678927400, 3.187499999999996400, -4.500000000000001800 ) ) ;
#5166 = B_SPLINE_CURVE_WITH_KNOTS ( 'NONE', 3,
 ( #6127, #5430, #6160, #2068, #6831, #2771 ),
 .UNSPECIFIED., .F., .F.,
 ( 4, 2, 4 ),
 ( 0.001168606431211099400, 0.001750609284260044100, 0.002332612137308989200 ),
 .UNSPECIFIED. ) ;
#5167 = LINE ( 'NONE', #325, #1544 ) ;
#5168 = CARTESIAN_POINT ( 'NONE',  ( 0.0000000000000000000, 7.000000000000000000, 0.0000000000000000000 ) ) ;
#5169 = ORIENTED_EDGE ( 'NONE', *, *, #1421, .T. ) ;
#5170 = ORIENTED_EDGE ( 'NONE', *, *, #3119, .F. ) ;
#5171 = CARTESIAN_POINT ( 'NONE',  ( -3.958734124999999400, 3.187500001365589400, 0.0000000000000000000 ) ) ;
#5172 = CARTESIAN_POINT ( 'NONE',  ( -14.76225989018528900, -4.819999999999999400, -0.2400000000000006300 ) ) ;
#5173 = DIRECTION ( 'NONE',  ( 1.000000000000000000, 0.0000000000000000000, 0.0000000000000000000 ) ) ;
#5174 = ADVANCED_FACE ( 'NONE', ( #7172 ), #2170, .T. ) ;
#5175 = EDGE_CURVE ( 'NONE', #8741, #3494, #3773, .T. ) ;
#5176 = AXIS2_PLACEMENT_3D ( 'NONE', #8786, #3349, #1276 ) ;
#5177 = DIRECTION ( 'NONE',  ( 0.4320633875534246600, 0.0000000000000000000, -0.9018432397794303700 ) ) ;
#5178 = DIRECTION ( 'NONE',  ( -0.0000000000000000000, 1.000000000000000000, 0.0000000000000000000 ) ) ;
#5179 = ORIENTED_EDGE ( 'NONE', *, *, #1979, .T. ) ;
#5180 = CARTESIAN_POINT ( 'NONE',  ( -1.603120191833866800E-015, -14.44999999999999900, 40.84142135623730500 ) ) ;
#5181 = ORIENTED_EDGE ( 'NONE', *, *, #2629, .F. ) ;
#5182 = VERTEX_POINT ( 'NONE', #8528 ) ;
#5183 = CARTESIAN_POINT ( 'NONE',  ( -3.958734124999998500, 5.250000001365589400, 1.639761364404189700 ) ) ;
#5184 = EDGE_CURVE ( 'NONE', #4621, #5530, #1713, .T. ) ;
#5185 = CARTESIAN_POINT ( 'NONE',  ( 14.49999999999999800, 21.99999999999996400, -1.000000000000000000 ) ) ;
#5186 = FACE_OUTER_BOUND ( 'NONE', #6483, .T. ) ;
#5187 = ORIENTED_EDGE ( 'NONE', *, *, #2276, .F. ) ;
#5188 = CARTESIAN_POINT ( 'NONE',  ( 1.529792329094578700, 1.000000000000000000, 4.109375648603185400 ) ) ;
#5189 = ORIENTED_EDGE ( 'NONE', *, *, #704, .F. ) ;
#5190 = CARTESIAN_POINT ( 'NONE',  ( 16.68409993591954400, -14.05000000000000100, -7.993172669738196800 ) ) ;
#5191 = CARTESIAN_POINT ( 'NONE',  ( 1.863961030678927400, 6.312500002731184200, -4.500000000000000900 ) ) ;
#5192 = VECTOR ( 'NONE', #5010, 1000.000000000000000 ) ;
#5193 = ORIENTED_EDGE ( 'NONE', *, *, #5516, .F. ) ;
#5194 = CARTESIAN_POINT ( 'NONE',  ( -1.639761364404188200, 2.375000001365589900, 3.958734124999998500 ) ) ;
#5195 = EDGE_LOOP ( 'NONE', ( #5062, #3882, #2804, #6998, #2428 ) ) ;
#5196 = VECTOR ( 'NONE', #6390, 1000.000000000000000 ) ;
#5197 = CARTESIAN_POINT ( 'NONE',  ( 16.68409993591954400, -14.44999999999999900, -7.993172669738196800 ) ) ;
#5198 = ADVANCED_FACE ( 'NONE', ( #6953 ), #4455, .T. ) ;
#5199 = CARTESIAN_POINT ( 'NONE',  ( -12.50000000000000200, -17.60000000000000100, 1.154700538379252400 ) ) ;
#5200 = FACE_OUTER_BOUND ( 'NONE', #5004, .T. ) ;
#5201 = VERTEX_POINT ( 'NONE', #3124 ) ;
#5202 = CARTESIAN_POINT ( 'NONE',  ( 0.0000000000000000000, -14.44999999999999900, 0.0000000000000000000 ) ) ;
#5203 = CARTESIAN_POINT ( 'NONE',  ( -16.68409993591945600, -14.44999999999999900, -7.993172669738356700 ) ) ;
#5204 = EDGE_LOOP ( 'NONE', ( #5099, #455, #969 ) ) ;
#5205 = ORIENTED_EDGE ( 'NONE', *, *, #7953, .F. ) ;
#5206 = CARTESIAN_POINT ( 'NONE',  ( -14.36206896551724400, -5.500000000000000000, -1.995238088481303200 ) ) ;
#5207 = LINE ( 'NONE', #7159, #7030 ) ;
#5208 = CIRCLE ( 'NONE', #4197, 2.000000000000000000 ) ;
#5209 = CARTESIAN_POINT ( 'NONE',  ( -16.17282800272094800, -17.53042453747409700, -1.343593379079622200 ) ) ;
#5210 = CARTESIAN_POINT ( 'NONE',  ( -14.50000000000000000, -6.599999999999999600, -0.2399999999999997700 ) ) ;
#5211 = CARTESIAN_POINT ( 'NONE',  ( 7.272076612284971000E-016, 4.437500001365589400, 3.958734124999999400 ) ) ;
#5212 = LINE ( 'NONE', #6622, #7033 ) ;
#5213 = EDGE_CURVE ( 'NONE', #260, #8702, #5133, .T. ) ;
#5214 = EDGE_CURVE ( 'NONE', #705, #1954, #263, .T. ) ;
#5215 = CARTESIAN_POINT ( 'NONE',  ( 14.04681769877114100, -14.05000000000000100, 12.03897472949792500 ) ) ;
#5216 = AXIS2_PLACEMENT_3D ( 'NONE', #6407, #7084, #3015 ) ;
#5217 = VERTEX_POINT ( 'NONE', #4484 ) ;
#5218 = ORIENTED_EDGE ( 'NONE', *, *, #1847, .T. ) ;
#5219 = ADVANCED_FACE ( 'NONE', ( #3343 ), #67, .T. ) ;
#5220 = CARTESIAN_POINT ( 'NONE',  ( -14.74000000000000200, -4.819999999999999400, 0.3420141409932473400 ) ) ;
#5221 = CARTESIAN_POINT ( 'NONE',  ( -3.395112042312937300, 1.000000000000000400, 2.157853424415978200 ) ) ;
#5222 = CARTESIAN_POINT ( 'NONE',  ( -2.755455298081544300E-016, 1.375000002731182800, -4.500000000000000000 ) ) ;
#5223 = CARTESIAN_POINT ( 'NONE',  ( 14.49999999999999800, 21.99999999999996400, 0.0000000000000000000 ) ) ;
#5224 = CARTESIAN_POINT ( 'NONE',  ( -3.181980515339463800, 5.500000002731183300, -3.181980515339463400 ) ) ;
#5225 = CYLINDRICAL_SURFACE ( 'NONE', #4032, 18.50000000000000000 ) ;
#5226 = EDGE_CURVE ( 'NONE', #5315, #237, #4937, .T. ) ;
#5227 = CARTESIAN_POINT ( 'NONE',  ( 2.799247744702093600, 1.562500001365589600, 2.799247744702092700 ) ) ;
#5228 = AXIS2_PLACEMENT_3D ( 'NONE', #171, #4955, #4273 ) ;
#5229 = EDGE_CURVE ( 'NONE', #3720, #7246, #5357, .T. ) ;
#5230 = DIRECTION ( 'NONE',  ( -0.0000000000000000000, 1.000000000000000000, -0.0000000000000000000 ) ) ;
#5231 = CIRCLE ( 'NONE', #5891, 2.000000000000000000 ) ;
#5232 = CARTESIAN_POINT ( 'NONE',  ( -14.24169593765798100, -5.147532551201613200, -1.843092335044689700 ) ) ;
#5233 = CARTESIAN_POINT ( 'NONE',  ( -1.514941932194837900, 6.999999999999999100, -3.657393445408530800 ) ) ;
#5234 = DIRECTION ( 'NONE',  ( -0.0000000000000000000, 1.000000000000000000, -0.0000000000000000000 ) ) ;
#5235 = CARTESIAN_POINT ( 'NONE',  ( 2.561086034234186600, 6.907010757396077100, -3.204369664693983700 ) ) ;
#5236 = VERTEX_POINT ( 'NONE', #7904 ) ;
#5237 = AXIS2_PLACEMENT_3D ( 'NONE', #6236, #2154, #6906 ) ;
#5238 = CARTESIAN_POINT ( 'NONE',  ( 3.958734125000000300, 3.625000001365589400, 1.639761364404186200 ) ) ;
#5239 = CYLINDRICAL_SURFACE ( 'NONE', #282, 4.500000000000000000 ) ;
#5240 = CARTESIAN_POINT ( 'NONE',  ( 14.66317817513181900, -16.12424006990921700, 2.215190113420278700 ) ) ;
#5241 = CARTESIAN_POINT ( 'NONE',  ( -15.16075225999410700, -17.58289480127297800, -1.927915581583254500 ) ) ;
#5242 = ADVANCED_FACE ( 'NONE', ( #4813, #6737 ), #3990, .T. ) ;
#5243 = CARTESIAN_POINT ( 'NONE',  ( 0.0000000000000000000, 10.00000000000000200, 0.0000000000000000000 ) ) ;
#5244 = CIRCLE ( 'NONE', #1124, 1.999999999999998200 ) ;
#5245 = DIRECTION ( 'NONE',  ( 0.0000000000000000000, 0.0000000000000000000, 1.000000000000000000 ) ) ;
#5246 = ORIENTED_EDGE ( 'NONE', *, *, #2922, .F. ) ;
#5247 = ORIENTED_EDGE ( 'NONE', *, *, #7789, .F. ) ;
#5248 = CARTESIAN_POINT ( 'NONE',  ( 14.24169593765798100, -5.147532551201613200, -1.843092335044691900 ) ) ;
#5249 = CARTESIAN_POINT ( 'NONE',  ( -14.74000000000000200, -4.819999999999999400, 0.3420141409932473400 ) ) ;
#5250 = DIRECTION ( 'NONE',  ( 1.000000000000000000, 0.0000000000000000000, 1.224646799147353200E-016 ) ) ;
#5251 = CIRCLE ( 'NONE', #1186, 18.50000000000000000 ) ;
#5252 = CARTESIAN_POINT ( 'NONE',  ( -4.500000000000000000, 4.687500002731182400, 1.863961030678930700 ) ) ;
#5253 = ORIENTED_EDGE ( 'NONE', *, *, #5547, .T. ) ;
#5254 = CARTESIAN_POINT ( 'NONE',  ( 3.958734124999999400, 0.7500000013655888600, -1.639761364404187500 ) ) ;
#5255 = VERTEX_POINT ( 'NONE', #5190 ) ;
#5256 = CARTESIAN_POINT ( 'NONE',  ( -3.958734124999998500, 5.000000001365589400, 1.639761364404189700 ) ) ;
#5257 = CIRCLE ( 'NONE', #6722, 2.000000000000000000 ) ;
#5258 = DIRECTION ( 'NONE',  ( -0.9927543628076074300, 0.0000000000000000000, -0.1201614544122254100 ) ) ;
#5259 = CARTESIAN_POINT ( 'NONE',  ( 2.163325642812442800, 1.000000000000000700, -3.623166033770344600 ) ) ;
#5260 = VERTEX_POINT ( 'NONE', #578 ) ;
#5261 = ADVANCED_FACE ( 'NONE', ( #6957, #5138 ), #5352, .F. ) ;
#5262 = EDGE_LOOP ( 'NONE', ( #8056, #4859, #7151, #2528 ) ) ;
#5263 = DIRECTION ( 'NONE',  ( 0.0000000000000000000, 1.000000000000000000, 0.0000000000000000000 ) ) ;
#5264 = DIRECTION ( 'NONE',  ( -1.000000000000000000, 0.0000000000000000000, 0.0000000000000000000 ) ) ;
#5265 = EDGE_CURVE ( 'NONE', #8293, #6463, #4567, .T. ) ;
#5266 = ORIENTED_EDGE ( 'NONE', *, *, #2083, .F. ) ;
#5267 = VECTOR ( 'NONE', #4134, 1000.000000000000000 ) ;
#5268 = AXIS2_PLACEMENT_3D ( 'NONE', #5453, #1368, #6152 ) ;
#5269 = EDGE_CURVE ( 'NONE', #701, #7607, #1517, .T. ) ;
#5270 = EDGE_LOOP ( 'NONE', ( #3419, #5827, #6138, #745 ) ) ;
#5271 = CARTESIAN_POINT ( 'NONE',  ( 4.500000000000001800, 1.062499999999995800, -1.863961030678928500 ) ) ;
#5272 = CARTESIAN_POINT ( 'NONE',  ( 3.752342795534930400, 6.767811819487386400, 1.976406954075183400 ) ) ;
#5273 = CARTESIAN_POINT ( 'NONE',  ( 2.799247744702092700, 2.812500001365589000, -2.799247744702093100 ) ) ;
#5274 = ORIENTED_EDGE ( 'NONE', *, *, #6984, .F. ) ;
#5275 = CARTESIAN_POINT ( 'NONE',  ( -14.11633491061257900, -3.432161446792886900, -0.2399999999999997700 ) ) ;
#5276 =( BOUNDED_CURVE ( )  B_SPLINE_CURVE ( 2, ( #2986, #7734, #3669 ),
 .UNSPECIFIED., .F., .F. ) 
 B_SPLINE_CURVE_WITH_KNOTS ( ( 3, 3 ),
 ( 0.01785714327945710900, 0.03571428571428571200 ),
 .UNSPECIFIED. ) 
 CURVE ( )  GEOMETRIC_REPRESENTATION_ITEM ( )  RATIONAL_B_SPLINE_CURVE ( ( 1.000000000000000000, 0.9238795325112867400, 1.000000000000000000 ) ) 
 REPRESENTATION_ITEM ( '' )  );
#5277 = CARTESIAN_POINT ( 'NONE',  ( -16.50000000000000400, -17.52105233070204100, 0.7745510564695447000 ) ) ;
#5278 = DIRECTION ( 'NONE',  ( -0.0000000000000000000, 1.000000000000000000, -0.0000000000000000000 ) ) ;
#5279 = CARTESIAN_POINT ( 'NONE',  ( 0.0000000000000000000, -14.44999999999999900, 0.0000000000000000000 ) ) ;
#5280 = EDGE_LOOP ( 'NONE', ( #1220, #3553, #711 ) ) ;
#5281 = DIRECTION ( 'NONE',  ( 0.0000000000000000000, 0.0000000000000000000, 1.000000000000000000 ) ) ;
#5282 = AXIS2_PLACEMENT_3D ( 'NONE', #3105, #4463, #367 ) ;
#5283 = AXIS2_PLACEMENT_3D ( 'NONE', #6389, #8430, #7064 ) ;
#5284 = DIRECTION ( 'NONE',  ( 0.0000000000000000000, 1.000000000000000000, 0.0000000000000000000 ) ) ;
#5285 = DIRECTION ( 'NONE',  ( 0.8660254037844384900, 0.0000000000000000000, -0.5000000000000002200 ) ) ;
#5286 = CARTESIAN_POINT ( 'NONE',  ( 8.266365894244633300E-016, 3.875000002731183300, 4.500000000000000000 ) ) ;
#5287 = ORIENTED_EDGE ( 'NONE', *, *, #1158, .T. ) ;
#5288 = CARTESIAN_POINT ( 'NONE',  ( -4.500000000000001800, 4.437499999999996400, -1.863961030678927800 ) ) ;
#5289 = CARTESIAN_POINT ( 'NONE',  ( 7.272076612284971000E-016, 4.187500001365589400, 3.958734124999999400 ) ) ;
#5290 = ORIENTED_EDGE ( 'NONE', *, *, #1846, .F. ) ;
#5291 = ADVANCED_FACE ( 'NONE', ( #3130 ), #6526, .T. ) ;
#5292 = DIRECTION ( 'NONE',  ( 0.0000000000000000000, 0.0000000000000000000, -1.000000000000000000 ) ) ;
#5293 = ORIENTED_EDGE ( 'NONE', *, *, #6817, .T. ) ;
#5294 = EDGE_CURVE ( 'NONE', #5717, #6404, #8342, .T. ) ;
#5295 = AXIS2_PLACEMENT_3D ( 'NONE', #117, #4894, #803 ) ;
#5296 = ORIENTED_EDGE ( 'NONE', *, *, #6157, .T. ) ;
#5297 = DIRECTION ( 'NONE',  ( 0.0000000000000000000, 0.0000000000000000000, 1.000000000000000000 ) ) ;
#5298 = CARTESIAN_POINT ( 'NONE',  ( -1.603120191833866800E-015, -14.44999999999999900, 40.84142135623730500 ) ) ;
#5299 = DIRECTION ( 'NONE',  ( 0.0000000000000000000, 0.0000000000000000000, -1.000000000000000000 ) ) ;
#5300 = EDGE_LOOP ( 'NONE', ( #2277, #2825, #2381, #2243 ) ) ;
#5301 = CARTESIAN_POINT ( 'NONE',  ( 14.04681769877114100, -14.44999999999999900, 12.03897472949792500 ) ) ;
#5302 = LINE ( 'NONE', #7207, #1664 ) ;
#5303 = EDGE_LOOP ( 'NONE', ( #4593, #2373, #4257, #8491 ) ) ;
#5304 = DIRECTION ( 'NONE',  ( 0.0000000000000000000, 1.000000000000000000, 0.0000000000000000000 ) ) ;
#5305 = DIRECTION ( 'NONE',  ( 0.5649874621035423400, 0.0000000000000000000, -0.8250994895561373200 ) ) ;
#5306 = CARTESIAN_POINT ( 'NONE',  ( -1.639761364404187300, 2.000000001365589000, -3.958734124999999400 ) ) ;
#5307 = VERTEX_POINT ( 'NONE', #2023 ) ;
#5308 = AXIS2_PLACEMENT_3D ( 'NONE', #6096, #2702, #4757 ) ;
#5309 = CARTESIAN_POINT ( 'NONE',  ( -13.84074293741602600, -17.60000000000000500, -1.928778834210481700 ) ) ;
#5310 = DIRECTION ( 'NONE',  ( -0.0000000000000000000, 1.000000000000000000, -0.0000000000000000000 ) ) ;
#5311 = CARTESIAN_POINT ( 'NONE',  ( -1.188280197957434200, -0.1875337568118080300, 11.02569826691533300 ) ) ;
#5312 = ADVANCED_FACE ( 'NONE', ( #2929 ), #2718, .F. ) ;
#5313 = CARTESIAN_POINT ( 'NONE',  ( 16.68409993591945600, -14.44999999999999900, 7.993172669738356700 ) ) ;
#5314 = LINE ( 'NONE', #758, #6913 ) ;
#5315 = VERTEX_POINT ( 'NONE', #8842 ) ;
#5316 = ORIENTED_EDGE ( 'NONE', *, *, #4313, .T. ) ;
#5317 = DIRECTION ( 'NONE',  ( -0.0000000000000000000, 1.000000000000000000, -0.0000000000000000000 ) ) ;
#5318 = ORIENTED_EDGE ( 'NONE', *, *, #8013, .F. ) ;
#5319 = FACE_OUTER_BOUND ( 'NONE', #5888, .T. ) ;
#5320 = PLANE ( 'NONE',  #3109 ) ;
#5321 = CARTESIAN_POINT ( 'NONE',  ( 4.500000000000000900, 3.062500002731182800, 1.863961030678926700 ) ) ;
#5322 = FACE_OUTER_BOUND ( 'NONE', #2384, .T. ) ;
#5323 = CARTESIAN_POINT ( 'NONE',  ( 3.958734125000000300, 3.375000001365589000, 1.639761364404186200 ) ) ;
#5324 = ORIENTED_EDGE ( 'NONE', *, *, #4221, .F. ) ;
#5325 = ORIENTED_EDGE ( 'NONE', *, *, #8841, .F. ) ;
#5326 = CARTESIAN_POINT ( 'NONE',  ( 14.49999999999999800, -4.046379599446113100, 0.0000000000000000000 ) ) ;
#5327 = ORIENTED_EDGE ( 'NONE', *, *, #6488, .F. ) ;
#5328 = AXIS2_PLACEMENT_3D ( 'NONE', #207, #5642, #7041 ) ;
#5329 = EDGE_CURVE ( 'NONE', #6341, #8777, #8545, .T. ) ;
#5330 = CARTESIAN_POINT ( 'NONE',  ( -18.01865935660687500, -14.05000000000000100, -4.192602412650588300 ) ) ;
#5331 = CARTESIAN_POINT ( 'NONE',  ( 14.49999999999999600, -6.382187706324184100, 0.4368638908319048000 ) ) ;
#5332 = CARTESIAN_POINT ( 'NONE',  ( -16.49999999999999600, -16.00000000000000000, 0.0000000000000000000 ) ) ;
#5333 = CARTESIAN_POINT ( 'NONE',  ( -14.50000000000000000, -4.819999999999999400, 0.0000000000000000000 ) ) ;
#5334 = EDGE_LOOP ( 'NONE', ( #5652, #6466, #3724, #6172 ) ) ;
#5335 = DIRECTION ( 'NONE',  ( 1.000000000000000000, 0.0000000000000000000, 1.224646799147353200E-016 ) ) ;
#5336 = CARTESIAN_POINT ( 'NONE',  ( -3.400182977007533700E-012, 6.658493649053813400, 4.341506350946183100 ) ) ;
#5337 = CARTESIAN_POINT ( 'NONE',  ( -3.958734124999999400, 1.187500001365589200, 0.0000000000000000000 ) ) ;
#5338 = CIRCLE ( 'NONE', #6590, 0.3555000000000000400 ) ;
#5339 = EDGE_CURVE ( 'NONE', #4402, #3871, #8436, .T. ) ;
#5340 = EDGE_CURVE ( 'NONE', #242, #4467, #8132, .T. ) ;
#5341 = ADVANCED_FACE ( 'NONE', ( #1307 ), #4294, .T. ) ;
#5342 = DIRECTION ( 'NONE',  ( 0.0000000000000000000, 0.0000000000000000000, 1.000000000000000000 ) ) ;
#5343 = AXIS2_PLACEMENT_3D ( 'NONE', #6992, #2932, #7678 ) ;
#5344 = CARTESIAN_POINT ( 'NONE',  ( -13.50000000000000200, -17.60000000000000100, 1.732050807568878700 ) ) ;
#5345 = CARTESIAN_POINT ( 'NONE',  ( 3.181980515339463400, 3.250000002731183300, -3.181980515339463800 ) ) ;
#5346 = FACE_OUTER_BOUND ( 'NONE', #7228, .T. ) ;
#5347 = DIRECTION ( 'NONE',  ( -1.000000000000000000, 0.0000000000000000000, -8.881784197001250400E-016 ) ) ;
#5348 = DIRECTION ( 'NONE',  ( 0.0000000000000000000, 0.0000000000000000000, 1.000000000000000000 ) ) ;
#5349 = CARTESIAN_POINT ( 'NONE',  ( -14.50000000000000000, -10.00000000000000000, -1.999999999999999600 ) ) ;
#5350 = CARTESIAN_POINT ( 'NONE',  ( 3.181980515339463400, 2.250000002731182800, -3.181980515339463800 ) ) ;
#5351 = EDGE_CURVE ( 'NONE', #3832, #7517, #6400, .T. ) ;
#5352 = PLANE ( 'NONE',  #800 ) ;
#5353 = CARTESIAN_POINT ( 'NONE',  ( -13.93103448275862100, -5.000000000000000000, 1.387904261896421200 ) ) ;
#5354 = AXIS2_PLACEMENT_3D ( 'NONE', #4377, #5804, #3737 ) ;
#5355 = CARTESIAN_POINT ( 'NONE',  ( 2.799247744702092700, 2.562500001365588500, -2.799247744702093100 ) ) ;
#5356 = FACE_OUTER_BOUND ( 'NONE', #7249, .T. ) ;
#5357 = CIRCLE ( 'NONE', #7368, 1.928476821192052700 ) ;
#5358 = CARTESIAN_POINT ( 'NONE',  ( -14.50000000000000000, -4.819999999999999400, 0.0000000000000000000 ) ) ;
#5359 = AXIS2_PLACEMENT_3D ( 'NONE', #2550, #7282, #5901 ) ;
#5360 = ADVANCED_FACE ( 'NONE', ( #2714 ), #1078, .T. ) ;
#5361 = CARTESIAN_POINT ( 'NONE',  ( 18.36595571194074200, -14.05000000000000100, 2.222986906626169800 ) ) ;
#5362 = VERTEX_POINT ( 'NONE', #730 ) ;
#5363 = CARTESIAN_POINT ( 'NONE',  ( 14.26000000000000200, -3.432161446792886900, -0.3836650893874198300 ) ) ;
#5364 = CARTESIAN_POINT ( 'NONE',  ( 14.50000000000000000, -5.000000000000000000, 0.0000000000000000000 ) ) ;
#5365 = EDGE_CURVE ( 'NONE', #3523, #1103, #4504, .T. ) ;
#5366 = VECTOR ( 'NONE', #8685, 1000.000000000000000 ) ;
#5367 = DIRECTION ( 'NONE',  ( -0.0000000000000000000, 1.000000000000000000, -0.0000000000000000000 ) ) ;
#5368 = CARTESIAN_POINT ( 'NONE',  ( 0.0000000000000000000, 1.000000000000000000, 0.0000000000000000000 ) ) ;
#5369 = DIRECTION ( 'NONE',  ( -0.0000000000000000000, 1.000000000000000000, -0.0000000000000000000 ) ) ;
#5370 = EDGE_LOOP ( 'NONE', ( #7674, #1236, #2118 ) ) ;
#5371 = ORIENTED_EDGE ( 'NONE', *, *, #6416, .F. ) ;
#5372 = CARTESIAN_POINT ( 'NONE',  ( -2.025244176025485000E-013, 6.975480947161671000, -4.024519052838321000 ) ) ;
#5373 = CALENDAR_DATE ( 2019, 2, 1 ) ;
#5374 = DIRECTION ( 'NONE',  ( 0.8949343677499603800, -0.4461978007789581000, 0.0000000000000000000 ) ) ;
#5375 = CARTESIAN_POINT ( 'NONE',  ( 14.49999999999999800, -4.788539114293418400, 0.3576999594383801800 ) ) ;
#5376 = CARTESIAN_POINT ( 'NONE',  ( -3.402649101878586300, -14.44999999999999900, 18.18438833421364700 ) ) ;
#5377 = ORIENTED_EDGE ( 'NONE', *, *, #4491, .F. ) ;
#5378 = CARTESIAN_POINT ( 'NONE',  ( -14.50000000000000000, 21.99999999999996800, 0.0000000000000000000 ) ) ;
#5379 = CARTESIAN_POINT ( 'NONE',  ( 8.266365894244633300E-016, 3.749999999999996400, 4.500000000000000000 ) ) ;
#5380 = FACE_OUTER_BOUND ( 'NONE', #1329, .T. ) ;
#5381 = CARTESIAN_POINT ( 'NONE',  ( 14.49999999999999800, -5.000000000000000900, 0.0000000000000000000 ) ) ;
#5382 = ORIENTED_EDGE ( 'NONE', *, *, #3716, .F. ) ;
#5383 = DIRECTION ( 'NONE',  ( 1.000000000000000000, 0.0000000000000000000, 0.0000000000000000000 ) ) ;
#5384 = DIRECTION ( 'NONE',  ( -2.258754526011468200E-016, 0.0000000000000000000, 1.000000000000000000 ) ) ;
#5385 = VECTOR ( 'NONE', #1031, 1000.000000000000000 ) ;
#5386 = CARTESIAN_POINT ( 'NONE',  ( -1.863961030678928300, 1.437500002731182800, -4.500000000000000900 ) ) ;
#5387 = EDGE_LOOP ( 'NONE', ( #7959, #6433, #4699, #8348 ) ) ;
#5388 = ORIENTED_EDGE ( 'NONE', *, *, #5399, .F. ) ;
#5389 = FACE_OUTER_BOUND ( 'NONE', #321, .T. ) ;
#5390 = CARTESIAN_POINT ( 'NONE',  ( 4.500000000000001800, 6.062500002731184200, 1.863961030678926700 ) ) ;
#5391 = CARTESIAN_POINT ( 'NONE',  ( -2.598076211353317300, 16.49999999999999600, 1.499999999999999100 ) ) ;
#5392 = CARTESIAN_POINT ( 'NONE',  ( -1.639761364404187300, 1.750000001365589200, -3.958734124999999400 ) ) ;
#5393 =( BOUNDED_CURVE ( )  B_SPLINE_CURVE ( 2, ( #5815, #1040, #320, #1695, #6006 ),
 .UNSPECIFIED., .F., .F. ) 
 B_SPLINE_CURVE_WITH_KNOTS ( ( 3, 2, 3 ),
 ( 0.1428571428571428500, 0.1607142857142857300, 0.1785714285714285800 ),
 .UNSPECIFIED. ) 
 CURVE ( )  GEOMETRIC_REPRESENTATION_ITEM ( )  RATIONAL_B_SPLINE_CURVE ( ( 1.000000000000000000, 0.9238795325112867400, 1.000000000000000000, 0.9238795325112867400, 1.000000000000000000 ) ) 
 REPRESENTATION_ITEM ( '' )  );
#5394 = ADVANCED_FACE ( 'NONE', ( #2485 ), #5507, .T. ) ;
#5395 = CIRCLE ( 'NONE', #8526, 2.000000000000000900 ) ;
#5396 = VERTEX_POINT ( 'NONE', #4176 ) ;
#5397 = CARTESIAN_POINT ( 'NONE',  ( 0.0000000000000000000, -14.44999999999999900, 0.0000000000000000000 ) ) ;
#5398 = CARTESIAN_POINT ( 'NONE',  ( -14.36206896551724400, -14.44999999999999900, -1.995238088481296800 ) ) ;
#5399 = EDGE_CURVE ( 'NONE', #2184, #7029, #7702, .T. ) ;
#5400 = DIRECTION ( 'NONE',  ( -0.5649874621035423400, 0.0000000000000000000, 0.8250994895561373200 ) ) ;
#5401 = AXIS2_PLACEMENT_3D ( 'NONE', #4069, #8817, #4750 ) ;
#5402 = EDGE_CURVE ( 'NONE', #1376, #4688, #669, .T. ) ;
#5403 = CARTESIAN_POINT ( 'NONE',  ( 12.03897472949798300, -14.05000000000000100, -14.04681769877109000 ) ) ;
#5404 = CARTESIAN_POINT ( 'NONE',  ( -15.91400053919059900, -14.44999999999999900, 7.624226339126530600 ) ) ;
#5405 = ORIENTED_EDGE ( 'NONE', *, *, #2953, .F. ) ;
#5406 = CARTESIAN_POINT ( 'NONE',  ( -14.50000000000000200, -17.42136720504591800, -2.309401076758504700 ) ) ;
#5407 = VERTEX_POINT ( 'NONE', #6230 ) ;
#5408 = ADVANCED_FACE ( 'NONE', ( #5882 ), #7494, .T. ) ;
#5409 = CARTESIAN_POINT ( 'NONE',  ( 2.799247744702093600, 6.312500001365589400, 2.799247744702092700 ) ) ;
#5410 = ORIENTED_EDGE ( 'NONE', *, *, #7102, .T. ) ;
#5411 = EDGE_CURVE ( 'NONE', #3632, #5679, #2998, .T. ) ;
#5412 = CARTESIAN_POINT ( 'NONE',  ( -1.419759379130965300, -14.44999999999999900, 18.44544071865374900 ) ) ;
#5413 = DIRECTION ( 'NONE',  ( 0.0000000000000000000, -1.000000000000000000, 0.0000000000000000000 ) ) ;
#5414 = EDGE_CURVE ( 'NONE', #390, #6845, #432, .T. ) ;
#5415 = CARTESIAN_POINT ( 'NONE',  ( -4.500000000000000000, 0.6250000027311830600, 0.0000000000000000000 ) ) ;
#5416 = VECTOR ( 'NONE', #1095, 1000.000000000000000 ) ;
#5417 = ORIENTED_EDGE ( 'NONE', *, *, #72, .T. ) ;
#5418 = CARTESIAN_POINT ( 'NONE',  ( -3.495338350502501500, 6.999999999999999100, -1.868663661832078900 ) ) ;
#5419 = VERTEX_POINT ( 'NONE', #8743 ) ;
#5420 = LINE ( 'NONE', #7060, #1568 ) ;
#5421 = ORIENTED_EDGE ( 'NONE', *, *, #7627, .T. ) ;
#5422 = CARTESIAN_POINT ( 'NONE',  ( 14.23774010981471100, -4.819999999999999400, 0.2400000000000006300 ) ) ;
#5423 = CARTESIAN_POINT ( 'NONE',  ( -1.863961030678928000, 4.437500002731183300, -4.500000000000001800 ) ) ;
#5424 = DIRECTION ( 'NONE',  ( -1.000000000000000000, -0.0000000000000000000, -3.491483361109382100E-015 ) ) ;
#5425 = ORIENTED_EDGE ( 'NONE', *, *, #7473, .F. ) ;
#5426 = ORIENTED_EDGE ( 'NONE', *, *, #3791, .T. ) ;
#5427 = CARTESIAN_POINT ( 'NONE',  ( -12.50000000000000000, -16.07984828284773500, -0.7788341705667943800 ) ) ;
#5428 = LINE ( 'NONE', #6285, #7019 ) ;
#5429 = CARTESIAN_POINT ( 'NONE',  ( -3.810666879318660900, 6.595119700857891200, -2.227709563878804500 ) ) ;
#5430 = CARTESIAN_POINT ( 'NONE',  ( 15.33026469292032700, -17.60000000000000100, 1.830047532802311600 ) ) ;
#5431 = LINE ( 'NONE', #659, #8840 ) ;
#5432 = ORIENTED_EDGE ( 'NONE', *, *, #7166, .F. ) ;
#5433 = VERTEX_POINT ( 'NONE', #3309 ) ;
#5434 = CARTESIAN_POINT ( 'NONE',  ( 12.49999999999999600, -16.01677217554084400, 0.3889866277140361900 ) ) ;
#5435 = ADVANCED_FACE ( 'NONE', ( #3867 ), #571, .T. ) ;
#5436 = DIRECTION ( 'NONE',  ( -0.0000000000000000000, -1.000000000000000000, -0.0000000000000000000 ) ) ;
#5437 = VERTEX_POINT ( 'NONE', #8241 ) ;
#5438 = DIRECTION ( 'NONE',  ( 0.0000000000000000000, 0.0000000000000000000, 1.000000000000000000 ) ) ;
#5439 = DIRECTION ( 'NONE',  ( 0.0000000000000000000, 0.0000000000000000000, 1.000000000000000000 ) ) ;
#5440 = LINE ( 'NONE', #3715, #3639 ) ;
#5441 = CARTESIAN_POINT ( 'NONE',  ( 3.958734124999999400, 5.500000001365589400, -1.639761364404187500 ) ) ;
#5442 = LINE ( 'NONE', #8517, #3642 ) ;
#5443 = CARTESIAN_POINT ( 'NONE',  ( -2.424025537428323500E-016, 6.687500001365588500, -3.958734124999999400 ) ) ;
#5444 = VERTEX_POINT ( 'NONE', #1951 ) ;
#5445 = CIRCLE ( 'NONE', #6422, 18.50000000000000000 ) ;
#5446 = CARTESIAN_POINT ( 'NONE',  ( -12.79648433899159500, -14.05000000000000100, 4.506710138927637400 ) ) ;
#5447 = CARTESIAN_POINT ( 'NONE',  ( -16.50000000000000000, -17.60000000000000100, 0.0000000000000000000 ) ) ;
#5448 = CARTESIAN_POINT ( 'NONE',  ( -2.424025537428323500E-016, 6.937500001365589400, -3.958734124999999400 ) ) ;
#5449 = EDGE_CURVE ( 'NONE', #7103, #864, #7144, .T. ) ;
#5450 = ADVANCED_FACE ( 'NONE', ( #5671 ), #1829, .T. ) ;
#5451 = AXIS2_PLACEMENT_3D ( 'NONE', #7002, #7711, #6355 ) ;
#5452 = EDGE_CURVE ( 'NONE', #6927, #2646, #3665, .T. ) ;
#5454 = DIRECTION ( 'NONE',  ( 0.0000000000000000000, 0.7071067811865675600, 0.7071067811865275900 ) ) ;
#5453 = CARTESIAN_POINT ( 'NONE',  ( 14.50000000000000000, -5.000000000000000000, 0.0000000000000000000 ) ) ;
#5455 = CYLINDRICAL_SURFACE ( 'NONE', #1719, 18.50000000000000000 ) ;
#5456 = DIRECTION ( 'NONE',  ( 0.0000000000000000000, -0.0000000000000000000, 1.000000000000000000 ) ) ;
#5457 = DIRECTION ( 'NONE',  ( -0.0000000000000000000, 1.000000000000000000, -0.0000000000000000000 ) ) ;
#5458 = CARTESIAN_POINT ( 'NONE',  ( -14.13689112951617900, -4.777690516702351800, 0.03344401972544059500 ) ) ;
#5459 = CARTESIAN_POINT ( 'NONE',  ( 16.17282800272094400, -16.06957546252590400, 1.343593379079622000 ) ) ;
#5460 = CARTESIAN_POINT ( 'NONE',  ( -14.50000000000000200, -6.382187706324184100, 0.4368638908319048000 ) ) ;
#5461 = CARTESIAN_POINT ( 'NONE',  ( -3.125080247101484200, -14.05000000000000100, 40.60088159039303700 ) ) ;
#5462 = CYLINDRICAL_SURFACE ( 'NONE', #4988, 5.599999999999999600 ) ;
#5463 = CARTESIAN_POINT ( 'NONE',  ( 8.266365894244633300E-016, 4.749999999999996400, 4.500000000000000000 ) ) ;
#5464 = CARTESIAN_POINT ( 'NONE',  ( -14.50000000000000200, -17.42136720504591800, -2.309401076758504700 ) ) ;
#5465 = CARTESIAN_POINT ( 'NONE',  ( 12.50000000000000000, -16.00000000000000000, 0.0000000000000000000 ) ) ;
#5466 = AXIS2_PLACEMENT_3D ( 'NONE', #34, #2109, #6859 ) ;
#5467 = ORIENTED_EDGE ( 'NONE', *, *, #479, .T. ) ;
#5468 = DIRECTION ( 'NONE',  ( 0.0000000000000000000, 0.0000000000000000000, 1.000000000000000000 ) ) ;
#5469 = CARTESIAN_POINT ( 'NONE',  ( -2.598076211353317300, 10.00000000000000200, 1.499999999999999100 ) ) ;
#5470 = CIRCLE ( 'NONE', #759, 1.999999999999998200 ) ;
#5471 = FACE_OUTER_BOUND ( 'NONE', #3625, .T. ) ;
#5472 = EDGE_CURVE ( 'NONE', #8700, #7331, #222, .T. ) ;
#5473 = ORIENTED_EDGE ( 'NONE', *, *, #343, .T. ) ;
#5474 = CARTESIAN_POINT ( 'NONE',  ( 13.33026469292032700, -17.60000000000000100, 1.634054082335446600 ) ) ;
#5475 = DIRECTION ( 'NONE',  ( 0.0000000000000000000, 1.000000000000000000, 0.0000000000000000000 ) ) ;
#5476 = VERTEX_POINT ( 'NONE', #7434 ) ;
#5477 = AXIS2_PLACEMENT_3D ( 'NONE', #1936, #6695, #2642 ) ;
#5478 = ADVANCED_FACE ( 'NONE', ( #7279 ), #6108, .T. ) ;
#5479 = CARTESIAN_POINT ( 'NONE',  ( -3.958734124999999400, 6.125000001365589400, -1.639761364404187100 ) ) ;
#5480 = CC_DESIGN_SECURITY_CLASSIFICATION ( #3200, ( #904 ) ) ;
#5481 = LINE ( 'NONE', #6728, #3677 ) ;
#5482 = CARTESIAN_POINT ( 'NONE',  ( -14.23774010981471200, -4.819999999999999400, 0.2400000000000006300 ) ) ;
#5483 = CARTESIAN_POINT ( 'NONE',  ( -3.872833444188384700, 6.552554193545598900, 2.205829138810983200 ) ) ;
#5484 = VERTEX_POINT ( 'NONE', #7469 ) ;
#5485 = ORIENTED_EDGE ( 'NONE', *, *, #1668, .F. ) ;
#5486 = CARTESIAN_POINT ( 'NONE',  ( 3.181980515339463400, 4.124999999999996400, -3.181980515339463800 ) ) ;
#5487 = AXIS2_PLACEMENT_3D ( 'NONE', #1659, #6441, #980 ) ;
#5488 = FACE_OUTER_BOUND ( 'NONE', #8058, .T. ) ;
#5489 = ORIENTED_EDGE ( 'NONE', *, *, #1912, .T. ) ;
#5490 = CARTESIAN_POINT ( 'NONE',  ( -14.84201414099325000, -4.819999999999999400, 0.2399999999999997700 ) ) ;
#5491 = DIRECTION ( 'NONE',  ( 0.0000000000000000000, 1.000000000000000000, 0.0000000000000000000 ) ) ;
#5492 = ORIENTED_EDGE ( 'NONE', *, *, #1228, .T. ) ;
#5493 = CIRCLE ( 'NONE', #310, 4.500000000000000000 ) ;
#5494 = DIRECTION ( 'NONE',  ( 0.0000000000000000000, -1.000000000000000000, 0.0000000000000000000 ) ) ;
#5495 = DIRECTION ( 'NONE',  ( 0.0000000000000000000, 0.0000000000000000000, 1.000000000000000000 ) ) ;
#5496 = ORIENTED_EDGE ( 'NONE', *, *, #4054, .T. ) ;
#5497 = DIRECTION ( 'NONE',  ( -0.0000000000000000000, -1.000000000000000000, -0.0000000000000000000 ) ) ;
#5498 = DIRECTION ( 'NONE',  ( 1.000000000000000000, -2.290567970039799000E-016, 3.491483361109382500E-015 ) ) ;
#5499 = CIRCLE ( 'NONE', #3184, 0.5999999999999998700 ) ;
#5500 = ADVANCED_FACE ( 'NONE', ( #17 ), #5239, .T. ) ;
#5501 = ORIENTED_EDGE ( 'NONE', *, *, #2457, .T. ) ;
#5502 = DIRECTION ( 'NONE',  ( -0.0000000000000000000, 1.000000000000000000, -0.0000000000000000000 ) ) ;
#5503 = DIRECTION ( 'NONE',  ( 0.0000000000000000000, -1.000000000000000000, 0.0000000000000000000 ) ) ;
#5504 =( BOUNDED_CURVE ( )  B_SPLINE_CURVE ( 2, ( #5097, #3088, #341, #5123, #1033, #5811, #1716, #6499, #2420, #7192, #3111, #7865, #3795, #8544, #4473, #374, #5150, #1065, #5835, #1754, #6524, #2455, #7216, #3144, #7891, #3821, #8574, #4503, #407, #5183, #1092, #5869, #1780, #6556, #2483, #7257, #3174, #7922, #3850, #8603, #4537, #431, #5211, #1125, #5897, #1815, #6582, #2519, #7278, #3204, #7951, #3880, #8634, #4565, #465, #5238, #1162, #5928, #1844, #6615, #2546, #7310, #3229, #7986, #3911, #8664, #4596, #496, #5273, #1195, #5962, #1878, #6639, #2578, #7334, #3265, #8016, #3944, #8697, #4629, #532, #5306, #1224, #5997, #1915, #6669, #2608, #7369, #3297, #8048, #3971, #8732, #4661, #558, #5337, #1256, #6030, #1939, #6699 ),
 .UNSPECIFIED., .F., .F. ) 
 B_SPLINE_CURVE_WITH_KNOTS ( ( 3, 2, 2, 2, 2, 2, 2, 2, 2, 2, 2, 2, 2, 2, 2, 2, 2, 2, 2, 2, 2, 2, 2, 2, 2, 2, 2, 2, 2, 2, 2, 2, 2, 2, 2, 2, 2, 2, 2, 2, 2, 2, 2, 2, 2, 2, 2, 2, 2, 3 ),
 ( 0.02678571447337346100, 0.03571428571428571200, 0.05357142857142856200, 0.07142857142857142500, 0.08928571428571428800, 0.1071428571428571500, 0.1250000000000000000, 0.1428571428571428500, 0.1607142857142857300, 0.1785714285714285800, 0.1964285714285714200, 0.2142857142857142700, 0.2321428571428571200, 0.2500000000000000000, 0.2678571428571428500, 0.2857142857142857000, 0.3035714285714285500, 0.3214285714285714500, 0.3392857142857143000, 0.3571428571428571500, 0.3750000000000000000, 0.3928571428571428500, 0.4107142857142857000, 0.4285714285714285500, 0.4464285714285714500, 0.4642857142857143000, 0.4821428571428571500, 0.5000000000000000000, 0.5178571428571429000, 0.5357142857142857000, 0.5535714285714286000, 0.5714285714285714000, 0.5892857142857143000, 0.6071428571428571000, 0.6250000000000000000, 0.6428571428571429000, 0.6607142857142857000, 0.6785714285714286000, 0.6964285714285715100, 0.7142857142857143000, 0.7321428571428571000, 0.7500000000000000000, 0.7678571428571430200, 0.7857142857142855900, 0.8035714285714286000, 0.8214285714285714000, 0.8392857142857143000, 0.8571428571428571000, 0.8750000000000000000, 0.8839285716162306200 ),
 .UNSPECIFIED. ) 
 CURVE ( )  GEOMETRIC_REPRESENTATION_ITEM ( )  RATIONAL_B_SPLINE_CURVE ( ( 0.9619397662556433700, 0.9619397670555868100, 1.000000000000000000, 0.9238795325112867400, 1.000000000000000000, 0.9238795325112867400, 1.000000000000000000, 0.9238795325112867400, 1.000000000000000000, 0.9238795325112867400, 1.000000000000000000, 0.9238795325112867400, 1.000000000000000000, 0.9238795325112867400, 1.000000000000000000, 0.9238795325112867400, 1.000000000000000000, 0.9238795325112867400, 1.000000000000000000, 0.9238795325112867400, 1.000000000000000000, 0.9238795325112867400, 1.000000000000000000, 0.9238795325112867400, 1.000000000000000000, 0.9238795325112867400, 1.000000000000000000, 0.9238795325112867400, 1.000000000000000000, 0.9238795325112867400, 1.000000000000000000, 0.9238795325112867400, 1.000000000000000000, 0.9238795325112867400, 1.000000000000000000, 0.9238795325112867400, 1.000000000000000000, 0.9238795325112867400, 1.000000000000000000, 0.9238795325112867400, 1.000000000000000000, 0.9238795325112867400, 1.000000000000000000, 0.9238795325112867400, 1.000000000000000000, 0.9238795325112867400, 1.000000000000000000, 0.9238795325112867400, 1.000000000000000000, 0.9238795325112867400, 1.000000000000000000, 0.9238795325112867400, 1.000000000000000000, 0.9238795325112867400, 1.000000000000000000, 0.9238795325112867400, 1.000000000000000000, 0.9238795325112867400, 1.000000000000000000, 0.9238795325112867400, 1.000000000000000000, 0.9238795325112867400, 1.000000000000000000, 0.9238795325112867400, 1.000000000000000000, 0.9238795325112867400, 1.000000000000000000, 0.9238795325112867400, 1.000000000000000000, 0.9238795325112867400, 1.000000000000000000, 0.9238795325112867400, 1.000000000000000000, 0.9238795325112867400, 1.000000000000000000, 0.9238795325112867400, 1.000000000000000000, 0.9238795325112867400, 1.000000000000000000, 0.9238795325112867400, 1.000000000000000000, 0.9238795325112867400, 1.000000000000000000, 0.9238795325112867400, 1.000000000000000000, 0.9238795325112867400, 1.000000000000000000, 0.9238795325112867400, 1.000000000000000000, 0.9238795325112867400, 1.000000000000000000, 0.9238795325112867400, 1.000000000000000000, 0.9238795325112867400, 1.000000000000000000, 0.9238795325112867400, 1.000000000000000000, 0.9619397654557000400, 0.9619397662556434800 ) ) 
 REPRESENTATION_ITEM ( '' )  );
#5505 = DIRECTION ( 'NONE',  ( 0.0000000000000000000, 0.0000000000000000000, 1.000000000000000000 ) ) ;
#5506 = AXIS2_PLACEMENT_3D ( 'NONE', #604, #4669, #5383 ) ;
#5507 = PLANE ( 'NONE',  #3220 ) ;
#5508 = CLOSED_SHELL ( 'NONE', ( #4774, #5219, #408, #275, #566, #7358, #5408, #5500, #6015, #2596, #7927, #4078, #4825, #5291, #2552, #4099, #3411, #500, #4635, #7502, #1318, #7798, #3163, #7971, #8752, #1868, #693, #3396, #5780, #3179, #379, #8068, #8686, #8591, #3503, #3271, #5937, #5116, #2530, #2486, #8548, #6835, #4362, #998, #1772, #6874, #5030, #5843, #2746, #7466, #5073, #7419, #1616, #1248, #4679, #3488, #3783, #3931, #8179, #3869, #1962, #5394, #7220, #1923, #1942, #2793, #6854, #4444, #4603, #1899, #8850, #3445, #6517, #1756, #8038, #2633, #6177, #4141, #7840, #5261, #6461, #5242, #3365, #4061, #6413, #7244, #366, #753, #1422, #1272, #4027, #958, #5174, #6542, #6686, #7550, #61, #521, #4795, #5478, #6627, #5886, #8086, #3134, #8504, #470, #4746, #5435, #2352, #6588, #1996, #8564, #4650, #2107, #7177, #3963, #10, #3076, #3888, #1182, #2013, #8827, #8464, #6560, #1128, #5360, #8780, #8267, #4539, #5549, #7881, #3459, #8737, #8637, #1821, #3746, #2582, #1405, #5527, #6221, #596, #4508, #616, #3032, #6770, #6085, #4118, #5825, #3301, #8703, #2441, #3342, #1100, #7943, #4399, #7487, #8652, #706, #4166, #4009, #3322, #3702, #5915, #2820, #6609, #8608, #8114, #1079, #8222, #7322, #1230, #5450, #6162, #319, #1145, #7312, #8127, #6115, #5743, #3844, #7268, #2650, #6067, #6787, #4554, #1851, #8801, #645, #1803, #2837, #3798, #5155, #5312, #7532, #5969, #663, #1363, #7134, #6738, #7897, #5873, #6037, #6720, #3117, #1383, #8205, #2394, #3219, #8161, #451, #4702, #4730, #7756, #7374, #733, #1039, #1201, #6674, #2722, #5198, #75, #5987, #2085, #3252, #1336, #2043, #1662, #2510, #3208, #1290, #7442, #7088, #2461, #3827, #3979, #7400, #4835, #6204, #6501, #6646, #549, #2057, #2774, #3914, #420, #2680, #2152, #4493, #5341, #30, #1708, #7995, #8020, #6135, #6814, #7285, #4586, #2696 ) ) ;
#5509 = CARTESIAN_POINT ( 'NONE',  ( -14.04681769877114100, -14.05000000000000100, -12.03897472949792500 ) ) ;
#5510 = AXIS2_PLACEMENT_3D ( 'NONE', #3628, #6975, #840 ) ;
#5511 = VERTEX_POINT ( 'NONE', #4770 ) ;
#5512 = CARTESIAN_POINT ( 'NONE',  ( -2.799247744702092300, 5.312500001365589400, 2.799247744702093600 ) ) ;
#5513 = CARTESIAN_POINT ( 'NONE',  ( -14.26000000000000500, -3.400000000000000400, 1.050000000000000500 ) ) ;
#5514 = CARTESIAN_POINT ( 'NONE',  ( -1.863961030678929200, 5.812500002731183300, 4.500000000000000000 ) ) ;
#5515 = EDGE_CURVE ( 'NONE', #4525, #848, #7058, .T. ) ;
#5516 = EDGE_CURVE ( 'NONE', #7012, #2299, #2063, .T. ) ;
#5517 = DIRECTION ( 'NONE',  ( -0.0000000000000000000, 1.000000000000000000, -0.0000000000000000000 ) ) ;
#5518 = ORIENTED_EDGE ( 'NONE', *, *, #7527, .F. ) ;
#5519 = CARTESIAN_POINT ( 'NONE',  ( -3.958734124999998500, 6.000000001365588500, 1.639761364404189700 ) ) ;
#5520 = AXIS2_PLACEMENT_3D ( 'NONE', #3213, #3889, #7286 ) ;
#5521 = FACE_OUTER_BOUND ( 'NONE', #7114, .T. ) ;
#5522 = VERTEX_POINT ( 'NONE', #8181 ) ;
#5523 = CARTESIAN_POINT ( 'NONE',  ( 14.50000000000000000, -17.60000000000000100, 0.0000000000000000000 ) ) ;
#5524 = DIRECTION ( 'NONE',  ( 0.0000000000000000000, -1.000000000000000000, 0.0000000000000000000 ) ) ;
#5525 = ORIENTED_EDGE ( 'NONE', *, *, #8134, .F. ) ;
#5526 = CARTESIAN_POINT ( 'NONE',  ( 14.49999999999999800, -6.600000000000001400, -0.2400000000000001900 ) ) ;
#5527 = ADVANCED_FACE ( 'NONE', ( #1607 ), #3438, .F. ) ;
#5528 = CARTESIAN_POINT ( 'NONE',  ( 14.50000000000000000, -5.500000000000000000, 1.500000000000001300 ) ) ;
#5529 = FACE_OUTER_BOUND ( 'NONE', #8666, .T. ) ;
#5530 = VERTEX_POINT ( 'NONE', #7493 ) ;
#5531 = EDGE_CURVE ( 'NONE', #7103, #4610, #5470, .T. ) ;
#5532 = CARTESIAN_POINT ( 'NONE',  ( -14.50000000000000000, -4.819999999999999400, 0.0000000000000000000 ) ) ;
#5533 = CARTESIAN_POINT ( 'NONE',  ( 0.0000000000000000000, 2.499999999999999600, 12.10000000000000000 ) ) ;
#5534 = AXIS2_PLACEMENT_3D ( 'NONE', #7585, #3457, #8264 ) ;
#5535 = CARTESIAN_POINT ( 'NONE',  ( 13.52574207698865500, -3.551915109540153100, -1.193121846959791600E-016 ) ) ;
#5536 = ORIENTED_EDGE ( 'NONE', *, *, #3587, .F. ) ;
#5537 = CARTESIAN_POINT ( 'NONE',  ( 14.26000000000000200, -3.432161446792886900, -0.3836650893874198300 ) ) ;
#5538 = AXIS2_PLACEMENT_3D ( 'NONE', #6028, #5367, #1937 ) ;
#5539 = VECTOR ( 'NONE', #3182, 1000.000000000000000 ) ;
#5540 = DIRECTION ( 'NONE',  ( -0.0000000000000000000, -1.000000000000000000, -0.0000000000000000000 ) ) ;
#5541 = ORIENTED_EDGE ( 'NONE', *, *, #4940, .F. ) ;
#5542 = CARTESIAN_POINT ( 'NONE',  ( 14.50000000000000000, -17.60000000000000100, 0.0000000000000000000 ) ) ;
#5543 = EDGE_LOOP ( 'NONE', ( #8695, #3159, #8788, #4070 ) ) ;
#5544 = ORIENTED_EDGE ( 'NONE', *, *, #6156, .T. ) ;
#5545 = CARTESIAN_POINT ( 'NONE',  ( 1.639761364404189300, 4.500000001365588500, 3.958734124999998500 ) ) ;
#5546 = LINE ( 'NONE', #55, #5742 ) ;
#5547 = EDGE_CURVE ( 'NONE', #505, #387, #2273, .T. ) ;
#5548 = CARTESIAN_POINT ( 'NONE',  ( -3.657393445408533500, 1.000000000000000000, 1.514941932194831900 ) ) ;
#5549 = ADVANCED_FACE ( 'NONE', ( #8648 ), #8214, .T. ) ;
#5551 = CARTESIAN_POINT ( 'NONE',  ( -14.50000000000000000, -4.788539114293419300, 0.3576999594383801200 ) ) ;
#5550 = DIRECTION ( 'NONE',  ( 0.0000000000000000000, 0.0000000000000000000, -1.000000000000000000 ) ) ;
#5552 = CARTESIAN_POINT ( 'NONE',  ( -2.755455298081544300E-016, 5.375000002731183300, -4.500000000000000000 ) ) ;
#5553 = LINE ( 'NONE', #1703, #7351 ) ;
#5554 = EDGE_LOOP ( 'NONE', ( #2920, #1099, #3575, #7465, #4654, #5525 ) ) ;
#5555 = CARTESIAN_POINT ( 'NONE',  ( 7.272076612284971000E-016, 5.187500001365589400, 3.958734124999999400 ) ) ;
#5556 = ORIENTED_EDGE ( 'NONE', *, *, #8587, .F. ) ;
#5557 = ORIENTED_EDGE ( 'NONE', *, *, #525, .T. ) ;
#5558 = CARTESIAN_POINT ( 'NONE',  ( -15.15925706258398300, -17.60000000000000100, 1.928778834210482600 ) ) ;
#5559 = CARTESIAN_POINT ( 'NONE',  ( -14.53301794514583600, -4.788539114293418400, 0.3576999594383803400 ) ) ;
#5560 = CARTESIAN_POINT ( 'NONE',  ( 12.49999999999999600, -17.58322782445916100, 0.3889866277140364100 ) ) ;
#5561 = PLANE ( 'NONE',  #6892 ) ;
#5562 = DIRECTION ( 'NONE',  ( 0.0000000000000000000, 1.000000000000000000, 0.0000000000000000000 ) ) ;
#5563 = VERTEX_POINT ( 'NONE', #6861 ) ;
#5564 = VECTOR ( 'NONE', #5734, 1000.000000000000000 ) ;
#5565 = DIRECTION ( 'NONE',  ( 0.0000000000000000000, 1.000000000000000000, 0.0000000000000000000 ) ) ;
#5566 = CARTESIAN_POINT ( 'NONE',  ( -12.50000000000000200, -16.00000000000000000, 0.0000000000000000000 ) ) ;
#5567 = AXIS2_PLACEMENT_3D ( 'NONE', #7313, #2551, #2459 ) ;
#5568 = CARTESIAN_POINT ( 'NONE',  ( -3.181980515339462900, 1.624999999999996200, 3.181980515339464200 ) ) ;
#5569 = DIRECTION ( 'NONE',  ( -0.0000000000000000000, 1.000000000000000000, -0.0000000000000000000 ) ) ;
#5570 = FACE_OUTER_BOUND ( 'NONE', #66, .T. ) ;
#5571 = EDGE_CURVE ( 'NONE', #8046, #4741, #6847, .T. ) ;
#5572 = CARTESIAN_POINT ( 'NONE',  ( 3.958734124999999400, 3.687500001365589400, -4.848051074856647000E-016 ) ) ;
#5573 = B_SPLINE_CURVE_WITH_KNOTS ( 'NONE', 3,
 ( #3892, #8642, #474, #5248, #1171, #5940, #1856, #6620 ),
 .UNSPECIFIED., .F., .F.,
 ( 4, 2, 2, 4 ),
 ( -4.568372768432967300E-006, 0.0004903198864122735700, 0.0007377640160026280600, 0.0009852081455929825500 ),
 .UNSPECIFIED. ) ;
#5574 = CARTESIAN_POINT ( 'NONE',  ( -4.500000000000000000, 3.562499999999996400, 1.863961030678930700 ) ) ;
#5575 = EDGE_CURVE ( 'NONE', #4435, #5433, #3232, .T. ) ;
#5576 = CARTESIAN_POINT ( 'NONE',  ( 0.0000000000000000000, -14.05000000000000100, 0.0000000000000000000 ) ) ;
#5577 = CIRCLE ( 'NONE', #7616, 3.162547666931028600 ) ;
#5578 = CARTESIAN_POINT ( 'NONE',  ( 3.958734124999999900, 4.375000001365588500, 1.639761364404186200 ) ) ;
#5579 = CIRCLE ( 'NONE', #960, 2.000000000000000000 ) ;
#5580 = DIRECTION ( 'NONE',  ( -0.4320633875534157800, 0.0000000000000000000, -0.9018432397794347000 ) ) ;
#5581 = ORIENTED_EDGE ( 'NONE', *, *, #6026, .F. ) ;
#5582 = ORIENTED_EDGE ( 'NONE', *, *, #297, .F. ) ;
#5583 = DIRECTION ( 'NONE',  ( 0.0000000000000000000, 0.0000000000000000000, 1.000000000000000000 ) ) ;
#5584 = AXIS2_PLACEMENT_3D ( 'NONE', #957, #5722, #1632 ) ;
#5585 = APPLICATION_PROTOCOL_DEFINITION ( 'international standard', 'config_control_design', 1994, #6277 ) ;
#5586 = DIRECTION ( 'NONE',  ( 0.0000000000000000000, 0.9975640502598247500, 0.06975647374411800300 ) ) ;
#5587 = EDGE_CURVE ( 'NONE', #2731, #4893, #1413, .T. ) ;
#5588 = CIRCLE ( 'NONE', #4230, 0.8000000000000020400 ) ;
#5589 = EDGE_LOOP ( 'NONE', ( #8119, #6544, #7181 ) ) ;
#5590 = CARTESIAN_POINT ( 'NONE',  ( 14.84201414099324800, -4.819999999999999400, -0.2400000000000001900 ) ) ;
#5591 = ORIENTED_EDGE ( 'NONE', *, *, #8729, .F. ) ;
#5592 = DIRECTION ( 'NONE',  ( 3.491483361109382100E-015, 0.0000000000000000000, -1.000000000000000000 ) ) ;
#5593 = PERSON_AND_ORGANIZATION ( #2872, #7398 ) ;
#5594 = ORIENTED_EDGE ( 'NONE', *, *, #8384, .T. ) ;
#5595 = CONICAL_SURFACE ( 'NONE', #1993, 2.000000000000000000, 1.047197551196596300 ) ;
#5596 = AXIS2_PLACEMENT_3D ( 'NONE', #2507, #484, #5258 ) ;
#5597 = CARTESIAN_POINT ( 'NONE',  ( -3.958734124999999400, 5.875000001365588500, -1.639761364404187100 ) ) ;
#5598 = ORIENTED_EDGE ( 'NONE', *, *, #2822, .F. ) ;
#5599 = CARTESIAN_POINT ( 'NONE',  ( 1.639761364404186800, 2.875000001365589000, -3.958734124999999400 ) ) ;
#5600 = VECTOR ( 'NONE', #1005, 1000.000000000000000 ) ;
#5601 = CARTESIAN_POINT ( 'NONE',  ( 0.0000000000000000000, -14.44999999999999900, 0.0000000000000000000 ) ) ;
#5602 = VERTEX_POINT ( 'NONE', #5535 ) ;
#5603 = DIRECTION ( 'NONE',  ( 0.0000000000000000000, 0.0000000000000000000, -1.000000000000000000 ) ) ;
#5604 = ORIENTED_EDGE ( 'NONE', *, *, #3356, .T. ) ;
#5605 = FACE_OUTER_BOUND ( 'NONE', #7994, .T. ) ;
#5606 = CARTESIAN_POINT ( 'NONE',  ( 4.500000000000000000, 1.999999999999996700, -5.510910596163088600E-016 ) ) ;
#5607 = AXIS2_PLACEMENT_3D ( 'NONE', #954, #3003, #4355 ) ;
#5608 = CARTESIAN_POINT ( 'NONE',  ( 2.799247744702092700, 3.562500001365589000, -2.799247744702093100 ) ) ;
#5609 = VECTOR ( 'NONE', #241, 1000.000000000000000 ) ;
#5610 = ORIENTED_EDGE ( 'NONE', *, *, #1574, .T. ) ;
#5611 = EDGE_LOOP ( 'NONE', ( #951, #8672, #2278, #7530 ) ) ;
#5612 = APPROVAL_ROLE ( '' ) ;
#5613 = CARTESIAN_POINT ( 'NONE',  ( 14.50000000000000000, -10.00000000000000000, 0.0000000000000000000 ) ) ;
#5614 = DIRECTION ( 'NONE',  ( 0.0000000000000000000, 0.0000000000000000000, 1.000000000000000000 ) ) ;
#5615 = VERTEX_POINT ( 'NONE', #757 ) ;
#5616 = EDGE_CURVE ( 'NONE', #1296, #1211, #3042, .T. ) ;
#5617 = ORIENTED_EDGE ( 'NONE', *, *, #78, .F. ) ;
#5618 = AXIS2_PLACEMENT_3D ( 'NONE', #56, #4843, #749 ) ;
#5619 = EDGE_CURVE ( 'NONE', #7824, #5315, #5761, .T. ) ;
#5620 = CARTESIAN_POINT ( 'NONE',  ( -2.799247744702092300, 5.062500001365589400, 2.799247744702093600 ) ) ;
#5621 = CARTESIAN_POINT ( 'NONE',  ( -2.799247744702093100, 2.062500001365589000, -2.799247744702092700 ) ) ;
#5622 = CIRCLE ( 'NONE', #2376, 1.600000000000000800 ) ;
#5623 = ORIENTED_EDGE ( 'NONE', *, *, #7352, .F. ) ;
#5624 = CARTESIAN_POINT ( 'NONE',  ( -14.06313610916809500, -6.382187706324184100, 0.0000000000000000000 ) ) ;
#5625 = EDGE_CURVE ( 'NONE', #1257, #6179, #7076, .T. ) ;
#5626 = ORIENTED_EDGE ( 'NONE', *, *, #5841, .F. ) ;
#5627 = CARTESIAN_POINT ( 'NONE',  ( -14.50000000000000000, -4.819999999999999400, 0.0000000000000000000 ) ) ;
#5628 = CARTESIAN_POINT ( 'NONE',  ( -1.639761364404187300, 2.750000001365589000, -3.958734124999999400 ) ) ;
#5629 = AXIS2_PLACEMENT_3D ( 'NONE', #540, #5317, #1237 ) ;
#5630 = CARTESIAN_POINT ( 'NONE',  ( 0.0000000000000000000, -14.44999999999999900, 0.0000000000000000000 ) ) ;
#5631 = CIRCLE ( 'NONE', #6990, 14.50000000000000000 ) ;
#5632 = VERTEX_POINT ( 'NONE', #124 ) ;
#5633 = ORIENTED_EDGE ( 'NONE', *, *, #317, .F. ) ;
#5634 = CARTESIAN_POINT ( 'NONE',  ( 0.0000000000000000000, 16.49999999999999600, 0.0000000000000000000 ) ) ;
#5635 = VERTEX_POINT ( 'NONE', #4195 ) ;
#5636 = CYLINDRICAL_SURFACE ( 'NONE', #2887, 1.000000000000000000 ) ;
#5637 = LINE ( 'NONE', #6799, #3831 ) ;
#5638 = EDGE_CURVE ( 'NONE', #2231, #1296, #6626, .T. ) ;
#5639 = EDGE_LOOP ( 'NONE', ( #786, #633, #4899 ) ) ;
#5640 = DIRECTION ( 'NONE',  ( -0.0000000000000000000, 1.000000000000000000, -0.0000000000000000000 ) ) ;
#5641 = AXIS2_PLACEMENT_3D ( 'NONE', #8073, #2666, #7423 ) ;
#5642 = DIRECTION ( 'NONE',  ( 0.0000000000000000000, -1.000000000000000000, 0.0000000000000000000 ) ) ;
#5643 = ORIENTED_EDGE ( 'NONE', *, *, #7222, .T. ) ;
#5644 = EDGE_LOOP ( 'NONE', ( #746, #6563, #4293, #1761 ) ) ;
#5645 = ORIENTED_EDGE ( 'NONE', *, *, #2598, .T. ) ;
#5646 = LINE ( 'NONE', #4608, #3839 ) ;
#5647 = CARTESIAN_POINT ( 'NONE',  ( 1.639761364404189300, 4.250000001365588500, 3.958734124999998500 ) ) ;
#5648 = CARTESIAN_POINT ( 'NONE',  ( -3.958734124999998500, 1.250000001365589200, 1.639761364404189700 ) ) ;
#5649 = EDGE_CURVE ( 'NONE', #6786, #8580, #4392, .T. ) ;
#5650 = CARTESIAN_POINT ( 'NONE',  ( 0.0000000000000000000, 7.000000000000000000, -3.000000000000000400 ) ) ;
#5651 = DIRECTION ( 'NONE',  ( -1.000000000000000000, 0.0000000000000000000, 0.0000000000000000000 ) ) ;
#5652 = ORIENTED_EDGE ( 'NONE', *, *, #3964, .T. ) ;
#5653 = CARTESIAN_POINT ( 'NONE',  ( 0.0000000000000000000, 0.0000000000000000000, 10.49999999999999800 ) ) ;
#5654 = CIRCLE ( 'NONE', #5052, 3.190987308028661000 ) ;
#5655 = CARTESIAN_POINT ( 'NONE',  ( 14.49999999999999800, -4.935508952010795100, 0.0000000000000000000 ) ) ;
#5656 = DIRECTION ( 'NONE',  ( -1.000000000000000000, -0.0000000000000000000, -3.717358813710529100E-015 ) ) ;
#5657 = CARTESIAN_POINT ( 'NONE',  ( -3.958734124999999400, 1.937500001365589000, 0.0000000000000000000 ) ) ;
#5658 = VECTOR ( 'NONE', #4559, 1000.000000000000000 ) ;
#5659 = DIRECTION ( 'NONE',  ( 0.7071067811865469100, 0.7071067811865482400, -0.0000000000000000000 ) ) ;
#5660 = VERTEX_POINT ( 'NONE', #3576 ) ;
#5661 = CARTESIAN_POINT ( 'NONE',  ( 14.50000000000000000, -5.500000000000000000, -2.000000000000001300 ) ) ;
#5662 = CARTESIAN_POINT ( 'NONE',  ( -2.755455298081544300E-016, 5.249999999999995600, -4.500000000000000000 ) ) ;
#5663 = PLANE ( 'NONE',  #383 ) ;
#5664 = CARTESIAN_POINT ( 'NONE',  ( 14.93686389083190300, -6.382187706324184100, 0.0000000000000000000 ) ) ;
#5665 = VECTOR ( 'NONE', #4272, 1000.000000000000000 ) ;
#5666 = AXIS2_PLACEMENT_3D ( 'NONE', #6596, #2524, #3214 ) ;
#5667 = ORIENTED_EDGE ( 'NONE', *, *, #2377, .F. ) ;
#5668 = CARTESIAN_POINT ( 'NONE',  ( 3.958734124999999400, 3.437500001365589000, -4.848051074856647000E-016 ) ) ;
#5669 = EDGE_CURVE ( 'NONE', #3258, #7914, #6418, .T. ) ;
#5670 = EDGE_CURVE ( 'NONE', #4879, #5236, #1196, .T. ) ;
#5671 = FACE_OUTER_BOUND ( 'NONE', #7786, .T. ) ;
#5672 = CARTESIAN_POINT ( 'NONE',  ( -1.863961030678928300, 7.312499999999996400, -4.500000000000000900 ) ) ;
#5673 = CARTESIAN_POINT ( 'NONE',  ( 3.181980457743415000, 1.000000000000000000, 3.181980572935512600 ) ) ;
#5674 = AXIS2_PLACEMENT_3D ( 'NONE', #7147, #3074, #7822 ) ;
#5675 = CARTESIAN_POINT ( 'NONE',  ( -14.26000000000000000, -4.819999999999999400, -0.3420141409932464500 ) ) ;
#5676 = CONICAL_SURFACE ( 'NONE', #6791, 3077.683537175313600, 1.256637061435923000 ) ;
#5677 = DIRECTION ( 'NONE',  ( 0.0000000000000000000, -1.000000000000000000, 0.0000000000000000000 ) ) ;
#5678 = CARTESIAN_POINT ( 'NONE',  ( 16.50000000000000000, -16.12441882883114600, 0.9668978507697964000 ) ) ;
#5679 = VERTEX_POINT ( 'NONE', #1527 ) ;
#5680 = ORIENTED_EDGE ( 'NONE', *, *, #6256, .T. ) ;
#5681 = CARTESIAN_POINT ( 'NONE',  ( -13.67660911402269400, -14.05000000000000100, -4.816675528020479800 ) ) ;
#5682 = CARTESIAN_POINT ( 'NONE',  ( -1.639761364404188200, 1.125000001365589200, 3.958734124999998500 ) ) ;
#5683 = FACE_OUTER_BOUND ( 'NONE', #6903, .T. ) ;
#5684 = EDGE_CURVE ( 'NONE', #6706, #8710, #2827, .T. ) ;
#5685 = ORIENTED_EDGE ( 'NONE', *, *, #7275, .T. ) ;
#5686 = DIRECTION ( 'NONE',  ( 0.0000000000000000000, 1.000000000000000000, 0.0000000000000000000 ) ) ;
#5687 = ORIENTED_EDGE ( 'NONE', *, *, #2971, .F. ) ;
#5688 = CARTESIAN_POINT ( 'NONE',  ( 13.44999999999999900, -3.400000000000000400, 0.2399999999999993200 ) ) ;
#5689 = EDGE_CURVE ( 'NONE', #864, #237, #1641, .T. ) ;
#5690 = VECTOR ( 'NONE', #6884, 1000.000000000000000 ) ;
#5691 = EDGE_LOOP ( 'NONE', ( #1879, #7967, #3406, #33, #5325, #731 ) ) ;
#5692 = ORIENTED_EDGE ( 'NONE', *, *, #4124, .T. ) ;
#5693 = FACE_OUTER_BOUND ( 'NONE', #5204, .T. ) ;
#5694 = CARTESIAN_POINT ( 'NONE',  ( -6.145413604715678900, -14.05000000000000100, -17.44946680064967400 ) ) ;
#5695 = DIRECTION ( 'NONE',  ( 0.6507553907836720600, 0.0000000000000000000, -0.7592874431768184000 ) ) ;
#5696 = CARTESIAN_POINT ( 'NONE',  ( 13.67660911402269400, -14.44999999999999900, 4.816675528020479800 ) ) ;
#5697 = ORIENTED_EDGE ( 'NONE', *, *, #8300, .F. ) ;
#5698 = CARTESIAN_POINT ( 'NONE',  ( -2.755455298081544300E-016, 1.249999999999996000, -4.500000000000000000 ) ) ;
#5699 = FACE_OUTER_BOUND ( 'NONE', #3387, .T. ) ;
#5700 = VERTEX_POINT ( 'NONE', #1550 ) ;
#5701 = CARTESIAN_POINT ( 'NONE',  ( -14.50000000000000000, -4.819999999999999400, 0.0000000000000000000 ) ) ;
#5702 = CARTESIAN_POINT ( 'NONE',  ( 1.639761364404186800, 2.625000001365589000, -3.958734124999999400 ) ) ;
#5703 = B_SPLINE_CURVE_WITH_KNOTS ( 'NONE', 3,
 ( #3108, #8428, #2073, #1381, #6164, #4102 ),
 .UNSPECIFIED., .F., .F.,
 ( 4, 2, 4 ),
 ( 0.001168606431211102600, 0.001750609284260043200, 0.002332612137308984000 ),
 .UNSPECIFIED. ) ;
#5704 = CARTESIAN_POINT ( 'NONE',  ( -4.500000000000000000, 6.499999999999996400, 0.0000000000000000000 ) ) ;
#5705 = PLANE ( 'NONE',  #4182 ) ;
#5706 = DIRECTION ( 'NONE',  ( 0.0000000000000000000, 0.0000000000000000000, -1.000000000000000000 ) ) ;
#5707 = ORIENTED_EDGE ( 'NONE', *, *, #4421, .F. ) ;
#5708 = DIRECTION ( 'NONE',  ( -0.0000000000000000000, -1.000000000000000000, -0.0000000000000000000 ) ) ;
#5709 = ORIENTED_EDGE ( 'NONE', *, *, #8013, .T. ) ;
#5710 = CARTESIAN_POINT ( 'NONE',  ( -3.958734124999999400, 7.125000001365589400, -1.639761364404187100 ) ) ;
#5711 = CARTESIAN_POINT ( 'NONE',  ( -14.50000000000000000, -4.819999999999999400, 0.0000000000000000000 ) ) ;
#5712 = VERTEX_POINT ( 'NONE', #7670 ) ;
#5713 = DIRECTION ( 'NONE',  ( 0.0000000000000000000, 1.000000000000000000, 0.0000000000000000000 ) ) ;
#5714 = CARTESIAN_POINT ( 'NONE',  ( -14.73999999999999700, -3.400000000000000400, -1.050000000000000500 ) ) ;
#5715 = ORIENTED_EDGE ( 'NONE', *, *, #4358, .F. ) ;
#5716 = VECTOR ( 'NONE', #6672, 1000.000000000000000 ) ;
#5717 = VERTEX_POINT ( 'NONE', #8324 ) ;
#5718 = PLANE ( 'NONE',  #5740 ) ;
#5719 = CARTESIAN_POINT ( 'NONE',  ( 20.18017091227443400, -14.44999999999999900, 17.29563043101750000 ) ) ;
#5720 = VERTEX_POINT ( 'NONE', #2253 ) ;
#5721 = EDGE_CURVE ( 'NONE', #3572, #8565, #3726, .T. ) ;
#5722 = DIRECTION ( 'NONE',  ( -0.5000000000000004400, 0.0000000000000000000, -0.8660254037844383700 ) ) ;
#5723 = AXIS2_PLACEMENT_3D ( 'NONE', #6117, #8814, #1341 ) ;
#5724 = EDGE_CURVE ( 'NONE', #5602, #522, #8237, .T. ) ;
#5725 = CIRCLE ( 'NONE', #4846, 1.999999999999999600 ) ;
#5726 = ORIENTED_EDGE ( 'NONE', *, *, #1738, .F. ) ;
#5727 = DIRECTION ( 'NONE',  ( 0.0000000000000000000, 1.000000000000000000, 0.0000000000000000000 ) ) ;
#5728 = CARTESIAN_POINT ( 'NONE',  ( -2.799247744702093100, 1.812500001365589000, -2.799247744702092700 ) ) ;
#5729 = EDGE_LOOP ( 'NONE', ( #8646, #419, #8791 ) ) ;
#5730 = CARTESIAN_POINT ( 'NONE',  ( -1.863961030678929200, 5.687499999999996400, 4.500000000000000000 ) ) ;
#5731 = CARTESIAN_POINT ( 'NONE',  ( 16.33682182486818100, -16.12424006990920900, -1.248911501717478100 ) ) ;
#5732 = CARTESIAN_POINT ( 'NONE',  ( 1.603120191833866800E-015, -14.05000000000000100, -40.84142135623730500 ) ) ;
#5733 = DIRECTION ( 'NONE',  ( 0.0000000000000000000, 0.0000000000000000000, 1.000000000000000000 ) ) ;
#5734 = DIRECTION ( 'NONE',  ( 0.5649874621035423400, 0.0000000000000000000, -0.8250994895561373200 ) ) ;
#5735 = VECTOR ( 'NONE', #4625, 1000.000000000000000 ) ;
#5736 = VERTEX_POINT ( 'NONE', #4985 ) ;
#5737 = ORIENTED_EDGE ( 'NONE', *, *, #2427, .F. ) ;
#5738 = CARTESIAN_POINT ( 'NONE',  ( -2.799247744702092300, 6.312500001365589400, 2.799247744702093600 ) ) ;
#5739 = AXIS2_PLACEMENT_3D ( 'NONE', #4494, #1081, #5173 ) ;
#5740 = AXIS2_PLACEMENT_3D ( 'NONE', #255, #1596, #1626 ) ;
#5741 = VERTEX_POINT ( 'NONE', #175 ) ;
#5742 = VECTOR ( 'NONE', #4842, 999.9999999999998900 ) ;
#5743 = ADVANCED_FACE ( 'NONE', ( #971 ), #4196, .T. ) ;
#5744 = CARTESIAN_POINT ( 'NONE',  ( 0.0000000000000000000, -5.500000000000000000, 0.0000000000000000000 ) ) ;
#5745 = VECTOR ( 'NONE', #6455, 1000.000000000000000 ) ;
#5746 = DIRECTION ( 'NONE',  ( 0.0000000000000000000, -1.000000000000000000, 0.0000000000000000000 ) ) ;
#5747 = DIRECTION ( 'NONE',  ( 1.000000000000000000, 0.0000000000000000000, -1.224646799147353200E-016 ) ) ;
#5748 = ORIENTED_EDGE ( 'NONE', *, *, #6470, .T. ) ;
#5749 = VERTEX_POINT ( 'NONE', #3658 ) ;
#5750 = EDGE_LOOP ( 'NONE', ( #1441, #2411, #6815, #5001 ) ) ;
#5751 = EDGE_CURVE ( 'NONE', #3918, #4819, #7803, .T. ) ;
#5752 = AXIS2_PLACEMENT_3D ( 'NONE', #5627, #1542, #6322 ) ;
#5753 = DIRECTION ( 'NONE',  ( 0.0000000000000000000, 0.0000000000000000000, 1.000000000000000000 ) ) ;
#5754 = DIRECTION ( 'NONE',  ( 0.0000000000000000000, 1.000000000000000000, 0.0000000000000000000 ) ) ;
#5755 = ORIENTED_EDGE ( 'NONE', *, *, #6207, .T. ) ;
#5756 = CARTESIAN_POINT ( 'NONE',  ( -3.958734124999998500, 1.000000001365589000, 1.639761364404189700 ) ) ;
#5757 = CIRCLE ( 'NONE', #2956, 0.4525471255180572000 ) ;
#5758 = B_SPLINE_CURVE_WITH_KNOTS ( 'NONE', 3,
 ( #1684, #3083, #7830, #3761 ),
 .UNSPECIFIED., .F., .F.,
 ( 4, 4 ),
 ( 0.0006611328646872212800, 0.002054287873658126400 ),
 .UNSPECIFIED. ) ;
#5759 = CARTESIAN_POINT ( 'NONE',  ( 3.181980515339464200, 4.874999999999995600, 3.181980515339463400 ) ) ;
#5760 = AXIS2_PLACEMENT_3D ( 'NONE', #1975, #6061, #1284 ) ;
#5761 = B_SPLINE_CURVE_WITH_KNOTS ( 'NONE', 3,
 ( #8236, #6225, #102, #4881, #789, #5566 ),
 .UNSPECIFIED., .F., .F.,
 ( 4, 2, 4 ),
 ( 0.002060137505873421800, 0.002644210467598554600, 0.003228283429323687900 ),
 .UNSPECIFIED. ) ;
#5762 = CARTESIAN_POINT ( 'NONE',  ( -3.757378575452943200, 1.000000000000000200, 1.273556469333408000 ) ) ;
#5763 = CARTESIAN_POINT ( 'NONE',  ( -14.26000000000000000, -4.819999999999999400, -0.2622598901852882800 ) ) ;
#5764 = LINE ( 'NONE', #2728, #539 ) ;
#5765 = CARTESIAN_POINT ( 'NONE',  ( 1.639761364404189300, 5.500000001365589400, 3.958734124999998500 ) ) ;
#5766 = B_SPLINE_CURVE_WITH_KNOTS ( 'NONE', 3,
 ( #5866, #1779, #7920, #3848, #8600, #4535 ),
 .UNSPECIFIED., .F., .F.,
 ( 4, 2, 4 ),
 ( 0.002060137505873419200, 0.002644210467598552000, 0.003228283429323684400 ),
 .UNSPECIFIED. ) ;
#5767 = CARTESIAN_POINT ( 'NONE',  ( -1.603120191833866800E-015, -14.44999999999999900, 40.84142135623730500 ) ) ;
#5768 = ORIENTED_EDGE ( 'NONE', *, *, #4086, .T. ) ;
#5769 = VECTOR ( 'NONE', #7096, 1000.000000000000000 ) ;
#5770 = CIRCLE ( 'NONE', #52, 18.50000000000000000 ) ;
#5771 = AXIS2_PLACEMENT_3D ( 'NONE', #6392, #2303, #7067 ) ;
#5772 = EDGE_CURVE ( 'NONE', #176, #6335, #5998, .T. ) ;
#5773 = ORIENTED_EDGE ( 'NONE', *, *, #38, .T. ) ;
#5774 = CARTESIAN_POINT ( 'NONE',  ( -2.755455298081544300E-016, 5.375000002731183300, -4.500000000000000000 ) ) ;
#5775 = ORIENTED_EDGE ( 'NONE', *, *, #8384, .F. ) ;
#5776 = DIRECTION ( 'NONE',  ( 0.0000000000000000000, 0.0000000000000000000, -1.000000000000000000 ) ) ;
#5777 = CARTESIAN_POINT ( 'NONE',  ( 12.66317817513182000, -16.12424006990921700, 1.248911501717480800 ) ) ;
#5778 = AXIS2_PLACEMENT_3D ( 'NONE', #350, #1041, #4573 ) ;
#5779 = DIRECTION ( 'NONE',  ( -1.000000000000000000, 0.0000000000000000000, 0.0000000000000000000 ) ) ;
#5780 = ADVANCED_FACE ( 'NONE', ( #2592 ), #6226, .T. ) ;
#5781 = CARTESIAN_POINT ( 'NONE',  ( 2.598076211353317300, 16.49999999999999600, 1.499999999999999100 ) ) ;
#5782 = LINE ( 'NONE', #2474, #3986 ) ;
#5783 = ORIENTED_EDGE ( 'NONE', *, *, #5414, .F. ) ;
#5784 = EDGE_CURVE ( 'NONE', #1204, #2768, #2368, .T. ) ;
#5785 = EDGE_CURVE ( 'NONE', #4809, #3523, #4386, .T. ) ;
#5786 = VERTEX_POINT ( 'NONE', #4356 ) ;
#5787 = CARTESIAN_POINT ( 'NONE',  ( 4.500000000000000900, 4.062499999999997300, -1.863961030678928700 ) ) ;
#5788 = DIRECTION ( 'NONE',  ( 0.0000000000000000000, 0.0000000000000000000, 1.000000000000000000 ) ) ;
#5789 = AXIS2_PLACEMENT_3D ( 'NONE', #1558, #6344, #2262 ) ;
#5790 = DIRECTION ( 'NONE',  ( 0.9927543628076074300, 0.0000000000000000000, 0.1201614544122253900 ) ) ;
#5791 = VERTEX_POINT ( 'NONE', #955 ) ;
#5792 = CARTESIAN_POINT ( 'NONE',  ( -3.148907580817993200, 1.000000000000000700, -2.412945419964306600 ) ) ;
#5793 = FACE_OUTER_BOUND ( 'NONE', #1419, .T. ) ;
#5794 = DIRECTION ( 'NONE',  ( -1.000000000000000000, -0.0000000000000000000, -3.491483361109382100E-015 ) ) ;
#5795 = CARTESIAN_POINT ( 'NONE',  ( 3.958734124999999400, 4.687500001365588500, -4.848051074856647000E-016 ) ) ;
#5796 = EDGE_LOOP ( 'NONE', ( #6370, #1782, #6059 ) ) ;
#5797 = VECTOR ( 'NONE', #976, 1000.000000000000000 ) ;
#5798 = CARTESIAN_POINT ( 'NONE',  ( 14.50000000000000000, -16.00000000000000000, 0.0000000000000000000 ) ) ;
#5799 = ORIENTED_EDGE ( 'NONE', *, *, #1241, .F. ) ;
#5800 = ORIENTED_EDGE ( 'NONE', *, *, #8271, .T. ) ;
#5801 = FACE_OUTER_BOUND ( 'NONE', #2312, .T. ) ;
#5802 = EDGE_CURVE ( 'NONE', #2407, #2260, #323, .T. ) ;
#5803 = AXIS2_PLACEMENT_3D ( 'NONE', #8567, #4496, #396 ) ;
#5804 = DIRECTION ( 'NONE',  ( 0.0000000000000000000, 1.000000000000000000, 0.0000000000000000000 ) ) ;
#5805 = AXIS2_PLACEMENT_3D ( 'NONE', #4601, #3270, #6643 ) ;
#5806 = FACE_OUTER_BOUND ( 'NONE', #5334, .T. ) ;
#5807 = ORIENTED_EDGE ( 'NONE', *, *, #4250, .T. ) ;
#5808 = CARTESIAN_POINT ( 'NONE',  ( -7.250000000000000000, -16.00000000000000000, 0.0000000000000000000 ) ) ;
#5809 = CARTESIAN_POINT ( 'NONE',  ( 14.84201414099324800, -4.819999999999999400, -0.2400000000000001900 ) ) ;
#5810 = VERTEX_POINT ( 'NONE', #7783 ) ;
#5811 = CARTESIAN_POINT ( 'NONE',  ( 3.958734124999999400, 6.750000001365589400, -1.639761364404187500 ) ) ;
#5812 = DIRECTION ( 'NONE',  ( -0.4461978007789580400, -0.8949343677499602700, 0.0000000000000000000 ) ) ;
#5813 = VERTEX_POINT ( 'NONE', #3713 ) ;
#5814 = EDGE_CURVE ( 'NONE', #1369, #3805, #548, .T. ) ;
#5815 = CARTESIAN_POINT ( 'NONE',  ( -4.500000000000000000, 6.499999999999996400, 0.0000000000000000000 ) ) ;
#5816 = DIRECTION ( 'NONE',  ( -1.000000000000000000, -0.0000000000000000000, -3.491483361109382100E-015 ) ) ;
#5817 = CARTESIAN_POINT ( 'NONE',  ( -2.755455298081544300E-016, 3.249999999999996000, -4.500000000000000000 ) ) ;
#5818 = EDGE_LOOP ( 'NONE', ( #7800, #1502, #4524, #6747, #8476, #6260, #71, #4332 ) ) ;
#5819 = CARTESIAN_POINT ( 'NONE',  ( 14.17228221899368500, -16.07933779981235700, -2.120193127676282400 ) ) ;
#5820 =( BOUNDED_SURFACE ( )  B_SPLINE_SURFACE ( 1, 2, ( 
 ( #4616, #517, #5984, #1898, #6659, #2593, #7357, #3284, #8035, #3962, #4122, #4153, #54, #4840, #744, #5519, #1429, #6212, #2126, #6883, #2828, #7575, #3510, #8254, #4186, #87, #4870, #773, #5555, #1456, #6241, #2159, #6910, #2861, #7601, #3545, #8285, #4212, #118, #4895, #804, #5578, #1486, #6272, #2186, #6941, #2888, #7630, #3565, #8312, #4239, #142, #4927, #831, #5608, #1511, #6301, #2213, #6968, #2915, #7656, #3595, #8338, #4268, #169, #4951, #862, #5628, #1543, #6323, #2242, #6999, #2940, #7687, #3622, #8366, #4292, #196, #4976, #885, #5657, #1567, #6353, #2268, #7028, #2962, #7710, #3651, #8392, #4320, #218, #5002, #913, #5682, #1593, #6377, #2296, #7053, #2992, #7740, #3675, #8421, #4343, #246, #5029 ),
 ( #943, #5710, #1615, #6408, #2318, #7085, #3017, #7771, #3701, #8447, #4370, #274, #5059, #968, #5738, #1645, #6429, #2351, #7115, #3046, #7797, #3732, #8478, #4397, #305, #5085, #994, #5765, #1677, #6459, #2375, #7148, #3075, #7823, #3757, #8501, #4431, #332, #5114, #1022, #5795, #1707, #6485, #2409, #7176, #3104, #7854, #3780, #8531, #4460, #363, #5137, #1055, #5824, #1736, #6513, #2437, #7206, #3128, #7879, #3806, #8559, #4488, #389, #5171, #1077, #5857, #1768, #6539, #2472, #7238, #3161, #7907, #3841, #8588, #4520, #418, #5194, #1112, #5881, #1801, #6569, #2502, #7266, #3189, #7940, #3865, #8621, #4548, #446, #5227, #1139, #5913, #1828, #6603, #2527, #7292, #3217, #7966, #3898, #8647, #4584, #480, #5254, #1179 ) ),
 .UNSPECIFIED., .F., .F., .F. ) 
 B_SPLINE_SURFACE_WITH_KNOTS ( ( 2, 2 ),
 ( 3, 2, 2, 2, 2, 2, 2, 2, 2, 2, 2, 2, 2, 2, 2, 2, 2, 2, 2, 2, 2, 2, 2, 2, 2, 2, 2, 2, 2, 2, 2, 2, 2, 2, 2, 2, 2, 2, 2, 2, 2, 2, 2, 2, 2, 2, 2, 2, 2, 2, 2, 2, 3 ),
 ( 0.0000000000000000000, 1.000000000000000000 ),
 ( 0.0000000000000000000, 0.01785714285714285600, 0.03571428571428571200, 0.05357142857142856800, 0.07142857142857142500, 0.08928571428571428800, 0.1071428571428571400, 0.1250000000000000000, 0.1428571428571428500, 0.1607142857142857300, 0.1785714285714285800, 0.1964285714285714200, 0.2142857142857142700, 0.2321428571428571500, 0.2500000000000000000, 0.2678571428571428500, 0.2857142857142857000, 0.3035714285714285500, 0.3214285714285714500, 0.3392857142857143000, 0.3571428571428571500, 0.3750000000000000000, 0.3928571428571428500, 0.4107142857142857000, 0.4285714285714285500, 0.4464285714285714500, 0.4642857142857143000, 0.4821428571428571500, 0.5000000000000000000, 0.5178571428571429000, 0.5357142857142857000, 0.5535714285714286000, 0.5714285714285714000, 0.5892857142857143000, 0.6071428571428571000, 0.6250000000000000000, 0.6428571428571429000, 0.6607142857142857000, 0.6785714285714286000, 0.6964285714285714000, 0.7142857142857143000, 0.7321428571428571000, 0.7500000000000000000, 0.7678571428571429000, 0.7857142857142857000, 0.8035714285714286000, 0.8214285714285714000, 0.8392857142857143000, 0.8571428571428571000, 0.8750000000000000000, 0.8928571428571429000, 0.9107142857142857000, 0.9285714285714286000 ),
 .UNSPECIFIED. ) 
 GEOMETRIC_REPRESENTATION_ITEM ( )  RATIONAL_B_SPLINE_SURFACE ( (
 ( 1.000000000000000000, 0.9238795325112867400, 1.000000000000000000, 0.9238795325112867400, 1.000000000000000000, 0.9238795325112867400, 1.000000000000000000, 0.9238795325112867400, 1.000000000000000000, 0.9238795325112867400, 1.000000000000000000, 0.9238795325112867400, 1.000000000000000000, 0.9238795325112867400, 1.000000000000000000, 0.9238795325112867400, 1.000000000000000000, 0.9238795325112867400, 1.000000000000000000, 0.9238795325112867400, 1.000000000000000000, 0.9238795325112867400, 1.000000000000000000, 0.9238795325112867400, 1.000000000000000000, 0.9238795325112867400, 1.000000000000000000, 0.9238795325112867400, 1.000000000000000000, 0.9238795325112867400, 1.000000000000000000, 0.9238795325112867400, 1.000000000000000000, 0.9238795325112867400, 1.000000000000000000, 0.9238795325112867400, 1.000000000000000000, 0.9238795325112867400, 1.000000000000000000, 0.9238795325112867400, 1.000000000000000000, 0.9238795325112867400, 1.000000000000000000, 0.9238795325112867400, 1.000000000000000000, 0.9238795325112867400, 1.000000000000000000, 0.9238795325112867400, 1.000000000000000000, 0.9238795325112867400, 1.000000000000000000, 0.9238795325112867400, 1.000000000000000000, 0.9238795325112867400, 1.000000000000000000, 0.9238795325112867400, 1.000000000000000000, 0.9238795325112867400, 1.000000000000000000, 0.9238795325112867400, 1.000000000000000000, 0.9238795325112867400, 1.000000000000000000, 0.9238795325112867400, 1.000000000000000000, 0.9238795325112867400, 1.000000000000000000, 0.9238795325112867400, 1.000000000000000000, 0.9238795325112867400, 1.000000000000000000, 0.9238795325112867400, 1.000000000000000000, 0.9238795325112867400, 1.000000000000000000, 0.9238795325112867400, 1.000000000000000000, 0.9238795325112867400, 1.000000000000000000, 0.9238795325112867400, 1.000000000000000000, 0.9238795325112867400, 1.000000000000000000, 0.9238795325112867400, 1.000000000000000000, 0.9238795325112867400, 1.000000000000000000, 0.9238795325112867400, 1.000000000000000000, 0.9238795325112867400, 1.000000000000000000, 0.9238795325112867400, 1.000000000000000000, 0.9238795325112867400, 1.000000000000000000, 0.9238795325112867400, 1.000000000000000000, 0.9238795325112867400, 1.000000000000000000, 0.9238795325112867400, 1.000000000000000000, 0.9238795325112867400, 1.000000000000000000, 0.9238795325112867400, 1.000000000000000000),
 ( 1.000000000000000000, 0.9238795325112867400, 1.000000000000000000, 0.9238795325112867400, 1.000000000000000000, 0.9238795325112867400, 1.000000000000000000, 0.9238795325112867400, 1.000000000000000000, 0.9238795325112867400, 1.000000000000000000, 0.9238795325112867400, 1.000000000000000000, 0.9238795325112867400, 1.000000000000000000, 0.9238795325112867400, 1.000000000000000000, 0.9238795325112867400, 1.000000000000000000, 0.9238795325112867400, 1.000000000000000000, 0.9238795325112867400, 1.000000000000000000, 0.9238795325112867400, 1.000000000000000000, 0.9238795325112867400, 1.000000000000000000, 0.9238795325112867400, 1.000000000000000000, 0.9238795325112867400, 1.000000000000000000, 0.9238795325112867400, 1.000000000000000000, 0.9238795325112867400, 1.000000000000000000, 0.9238795325112867400, 1.000000000000000000, 0.9238795325112867400, 1.000000000000000000, 0.9238795325112867400, 1.000000000000000000, 0.9238795325112867400, 1.000000000000000000, 0.9238795325112867400, 1.000000000000000000, 0.9238795325112867400, 1.000000000000000000, 0.9238795325112867400, 1.000000000000000000, 0.9238795325112867400, 1.000000000000000000, 0.9238795325112867400, 1.000000000000000000, 0.9238795325112867400, 1.000000000000000000, 0.9238795325112867400, 1.000000000000000000, 0.9238795325112867400, 1.000000000000000000, 0.9238795325112867400, 1.000000000000000000, 0.9238795325112867400, 1.000000000000000000, 0.9238795325112867400, 1.000000000000000000, 0.9238795325112867400, 1.000000000000000000, 0.9238795325112867400, 1.000000000000000000, 0.9238795325112867400, 1.000000000000000000, 0.9238795325112867400, 1.000000000000000000, 0.9238795325112867400, 1.000000000000000000, 0.9238795325112867400, 1.000000000000000000, 0.9238795325112867400, 1.000000000000000000, 0.9238795325112867400, 1.000000000000000000, 0.9238795325112867400, 1.000000000000000000, 0.9238795325112867400, 1.000000000000000000, 0.9238795325112867400, 1.000000000000000000, 0.9238795325112867400, 1.000000000000000000, 0.9238795325112867400, 1.000000000000000000, 0.9238795325112867400, 1.000000000000000000, 0.9238795325112867400, 1.000000000000000000, 0.9238795325112867400, 1.000000000000000000, 0.9238795325112867400, 1.000000000000000000, 0.9238795325112867400, 1.000000000000000000, 0.9238795325112867400, 1.000000000000000000, 0.9238795325112867400, 1.000000000000000000) ) ) 
 REPRESENTATION_ITEM ( '' )  SURFACE ( )  );
#5821 = DIRECTION ( 'NONE',  ( -0.9018432397794303700, 0.0000000000000000000, -0.4320633875534246600 ) ) ;
#5822 = EDGE_LOOP ( 'NONE', ( #6457, #6871, #307, #7954 ) ) ;
#5823 = DIRECTION ( 'NONE',  ( -1.000000000000000000, -0.0000000000000000000, -3.491483361109382100E-015 ) ) ;
#5824 = CARTESIAN_POINT ( 'NONE',  ( 1.639761364404186800, 3.875000001365589400, -3.958734124999999400 ) ) ;
#5825 = ADVANCED_FACE ( 'NONE', ( #7382 ), #3030, .F. ) ;
#5826 = CONICAL_SURFACE ( 'NONE', #541, 0.3555000000000000400, 0.06981317007976586800 ) ;
#5827 = ORIENTED_EDGE ( 'NONE', *, *, #3704, .T. ) ;
#5828 = ORIENTED_EDGE ( 'NONE', *, *, #4836, .F. ) ;
#5829 = DIRECTION ( 'NONE',  ( 0.0000000000000000000, -1.000000000000000000, 0.0000000000000000000 ) ) ;
#5830 = DIRECTION ( 'NONE',  ( 0.0000000000000000000, 0.0000000000000000000, 1.000000000000000000 ) ) ;
#5831 = CYLINDRICAL_SURFACE ( 'NONE', #3797, 1.000000000000000000 ) ;
#5832 = ORIENTED_EDGE ( 'NONE', *, *, #3008, .T. ) ;
#5833 = CARTESIAN_POINT ( 'NONE',  ( -3.181980515339462900, 3.750000002731183300, 3.181980515339464200 ) ) ;
#5834 = CARTESIAN_POINT ( 'NONE',  ( 1.443137078762504200, -1.250000000000001100, 11.40909090909090800 ) ) ;
#5835 = CARTESIAN_POINT ( 'NONE',  ( -2.424025537428323500E-016, 5.937500001365589400, -3.958734124999999400 ) ) ;
#5836 = ORIENTED_EDGE ( 'NONE', *, *, #3194, .F. ) ;
#5837 = EDGE_CURVE ( 'NONE', #3579, #5602, #5577, .T. ) ;
#5838 = ORIENTED_EDGE ( 'NONE', *, *, #7523, .F. ) ;
#5839 = FACE_OUTER_BOUND ( 'NONE', #106, .T. ) ;
#5840 = CARTESIAN_POINT ( 'NONE',  ( -14.50000000000000200, -17.60000000000000100, -2.309401076758504700 ) ) ;
#5841 = EDGE_CURVE ( 'NONE', #6388, #7541, #1940, .T. ) ;
#5842 = CARTESIAN_POINT ( 'NONE',  ( -15.47018871898937700, -3.560076670449441300, -0.2399999999999997700 ) ) ;
#5843 = ADVANCED_FACE ( 'NONE', ( #5356 ), #2169, .T. ) ;
#5844 = DIRECTION ( 'NONE',  ( 1.000000000000000000, 0.0000000000000000000, 3.491483361109382100E-015 ) ) ;
#5845 = DIRECTION ( 'NONE',  ( 0.0000000000000000000, 0.0000000000000000000, -1.000000000000000000 ) ) ;
#5846 = CIRCLE ( 'NONE', #1839, 18.50000000000000000 ) ;
#5847 = EDGE_LOOP ( 'NONE', ( #8381, #6446, #35, #5974 ) ) ;
#5848 = CARTESIAN_POINT ( 'NONE',  ( -4.500000000000000900, 2.437499999999996000, -1.863961030678928000 ) ) ;
#5849 = ORIENTED_EDGE ( 'NONE', *, *, #3562, .F. ) ;
#5850 = CARTESIAN_POINT ( 'NONE',  ( 14.50000000000000000, -16.17863279495408300, -2.309401076758504700 ) ) ;
#5851 = ORIENTED_EDGE ( 'NONE', *, *, #6934, .T. ) ;
#5852 = VERTEX_POINT ( 'NONE', #7157 ) ;
#5853 = B_SPLINE_CURVE_WITH_KNOTS ( 'NONE', 3,
 ( #4556, #7149, #7300, #3221 ),
 .UNSPECIFIED., .F., .F.,
 ( 4, 4 ),
 ( 0.0006611328647346688900, 0.002054287873705573300 ),
 .UNSPECIFIED. ) ;
#5854 = CARTESIAN_POINT ( 'NONE',  ( -16.17228221899368300, -16.07933779981235700, 1.343908487461473500 ) ) ;
#5855 = CIRCLE ( 'NONE', #2358, 2.000000000000000000 ) ;
#5856 = EDGE_CURVE ( 'NONE', #3115, #3749, #1710, .T. ) ;
#5857 = CARTESIAN_POINT ( 'NONE',  ( -2.799247744702093100, 3.062500001365589000, -2.799247744702092700 ) ) ;
#5858 = AXIS2_PLACEMENT_3D ( 'NONE', #6065, #1980, #6734 ) ;
#5859 = EDGE_CURVE ( 'NONE', #6238, #3494, #5504, .T. ) ;
#5860 = CARTESIAN_POINT ( 'NONE',  ( 1.419759379130965300, -14.05000000000000100, -18.44544071865374900 ) ) ;
#5861 = ORIENTED_EDGE ( 'NONE', *, *, #7165, .T. ) ;
#5862 = FACE_OUTER_BOUND ( 'NONE', #576, .T. ) ;
#5863 = DIRECTION ( 'NONE',  ( 0.0000000000000000000, 1.000000000000000000, 0.0000000000000000000 ) ) ;
#5864 = DIRECTION ( 'NONE',  ( 0.0000000000000000000, 1.000000000000000000, 0.0000000000000000000 ) ) ;
#5865 = CARTESIAN_POINT ( 'NONE',  ( 14.28244139060469600, -5.200637963987839300, 1.895489969894553800 ) ) ;
#5866 = CARTESIAN_POINT ( 'NONE',  ( -12.50000000000000200, -17.42136720504591800, 1.154700538379255900 ) ) ;
#5867 = DIRECTION ( 'NONE',  ( -0.9432144216567408500, 0.0000000000000000000, 0.3321845191738167500 ) ) ;
#5868 = AXIS2_PLACEMENT_3D ( 'NONE', #6202, #2116, #6869 ) ;
#5869 = CARTESIAN_POINT ( 'NONE',  ( -3.958734124999999400, 5.125000001365589400, -1.639761364404187100 ) ) ;
#5870 = LINE ( 'NONE', #1810, #648 ) ;
#5871 = ORIENTED_EDGE ( 'NONE', *, *, #6817, .F. ) ;
#5872 =( BOUNDED_SURFACE ( )  B_SPLINE_SURFACE ( 1, 2, ( 
 ( #646, #1333, #4775, #678, #5448, #1364, #6149, #2056, #6816, #2757, #7501, #3446, #8189, #4115, #11, #4811, #703, #5479, #1393, #6175, #2086, #6843, #2791, #7533, #3470, #8221, #4142, #47, #4834, #735, #5512, #1420, #6205, #2119, #6872, #2821, #7567, #3502, #8245, #4177, #73, #4860, #764, #5545, #1450, #6233, #2151, #6900, #2851, #7595, #3533, #8276, #4204, #110, #4886, #795, #5572, #1476, #6261, #2176, #6931, #2879, #7621, #3561, #8302, #4233, #132, #4919, #822, #5599, #1503, #6293, #2205, #6958, #2907, #7648, #3584, #8330, #4258, #165, #4942, #855, #5621, #1534, #6317, #2234, #6991, #2930, #7677, #3614, #8356, #4286, #185, #4970, #876, #5648, #1557, #6342, #2261, #7018, #2954, #7703, #3644, #8383, #4310 ),
 ( #213, #4994, #908, #5672, #1586, #6369, #2287, #7047, #2983, #7732, #3666, #8414, #4337, #239, #5022, #934, #5704, #1608, #6401, #2311, #7077, #3012, #7762, #3695, #8438, #4366, #264, #5049, #964, #5730, #1638, #6420, #2343, #7106, #3038, #7791, #3725, #8472, #4387, #298, #5078, #988, #5759, #1671, #6453, #2369, #7139, #3068, #7816, #3752, #8495, #4422, #324, #5107, #1015, #5787, #1701, #6478, #2402, #7168, #3098, #7847, #3774, #8524, #4452, #354, #5130, #1046, #5817, #1726, #6507, #2429, #7200, #3122, #7872, #3801, #8552, #4481, #382, #5163, #1073, #5848, #1760, #6532, #2465, #7229, #3154, #7902, #6249, #6364, #2282, #7042, #2977, #7726, #3661, #8408, #4333, #231, #5017, #927, #5698, #1602, #6396, #2306, #7069 ) ),
 .UNSPECIFIED., .F., .F., .F. ) 
 B_SPLINE_SURFACE_WITH_KNOTS ( ( 2, 2 ),
 ( 3, 2, 2, 2, 2, 2, 2, 2, 2, 2, 2, 2, 2, 2, 2, 2, 2, 2, 2, 2, 2, 2, 2, 2, 2, 2, 2, 2, 2, 2, 2, 2, 2, 2, 2, 2, 2, 2, 2, 2, 2, 2, 2, 2, 2, 2, 2, 2, 2, 2, 2, 2, 3 ),
 ( 0.0000000000000000000, 1.000000000000000000 ),
 ( 0.0000000000000000000, 0.01785714285714285600, 0.03571428571428571200, 0.05357142857142856800, 0.07142857142857142500, 0.08928571428571428800, 0.1071428571428571400, 0.1250000000000000000, 0.1428571428571428500, 0.1607142857142857300, 0.1785714285714285800, 0.1964285714285714200, 0.2142857142857142700, 0.2321428571428571500, 0.2500000000000000000, 0.2678571428571428500, 0.2857142857142857000, 0.3035714285714285500, 0.3214285714285714500, 0.3392857142857143000, 0.3571428571428571500, 0.3750000000000000000, 0.3928571428571428500, 0.4107142857142857000, 0.4285714285714285500, 0.4464285714285714500, 0.4642857142857143000, 0.4821428571428571500, 0.5000000000000000000, 0.5178571428571429000, 0.5357142857142857000, 0.5535714285714286000, 0.5714285714285714000, 0.5892857142857143000, 0.6071428571428571000, 0.6250000000000000000, 0.6428571428571429000, 0.6607142857142857000, 0.6785714285714286000, 0.6964285714285714000, 0.7142857142857143000, 0.7321428571428571000, 0.7500000000000000000, 0.7678571428571429000, 0.7857142857142857000, 0.8035714285714286000, 0.8214285714285714000, 0.8392857142857143000, 0.8571428571428571000, 0.8750000000000000000, 0.8928571428571429000, 0.9107142857142857000, 0.9285714285714286000 ),
 .UNSPECIFIED. ) 
 GEOMETRIC_REPRESENTATION_ITEM ( )  RATIONAL_B_SPLINE_SURFACE ( (
 ( 1.000000000000000000, 0.9238795325112867400, 1.000000000000000000, 0.9238795325112867400, 1.000000000000000000, 0.9238795325112867400, 1.000000000000000000, 0.9238795325112867400, 1.000000000000000000, 0.9238795325112867400, 1.000000000000000000, 0.9238795325112867400, 1.000000000000000000, 0.9238795325112867400, 1.000000000000000000, 0.9238795325112867400, 1.000000000000000000, 0.9238795325112867400, 1.000000000000000000, 0.9238795325112867400, 1.000000000000000000, 0.9238795325112867400, 1.000000000000000000, 0.9238795325112867400, 1.000000000000000000, 0.9238795325112867400, 1.000000000000000000, 0.9238795325112867400, 1.000000000000000000, 0.9238795325112867400, 1.000000000000000000, 0.9238795325112867400, 1.000000000000000000, 0.9238795325112867400, 1.000000000000000000, 0.9238795325112867400, 1.000000000000000000, 0.9238795325112867400, 1.000000000000000000, 0.9238795325112867400, 1.000000000000000000, 0.9238795325112867400, 1.000000000000000000, 0.9238795325112867400, 1.000000000000000000, 0.9238795325112867400, 1.000000000000000000, 0.9238795325112867400, 1.000000000000000000, 0.9238795325112867400, 1.000000000000000000, 0.9238795325112867400, 1.000000000000000000, 0.9238795325112867400, 1.000000000000000000, 0.9238795325112867400, 1.000000000000000000, 0.9238795325112867400, 1.000000000000000000, 0.9238795325112867400, 1.000000000000000000, 0.9238795325112867400, 1.000000000000000000, 0.9238795325112867400, 1.000000000000000000, 0.9238795325112867400, 1.000000000000000000, 0.9238795325112867400, 1.000000000000000000, 0.9238795325112867400, 1.000000000000000000, 0.9238795325112867400, 1.000000000000000000, 0.9238795325112867400, 1.000000000000000000, 0.9238795325112867400, 1.000000000000000000, 0.9238795325112867400, 1.000000000000000000, 0.9238795325112867400, 1.000000000000000000, 0.9238795325112867400, 1.000000000000000000, 0.9238795325112867400, 1.000000000000000000, 0.9238795325112867400, 1.000000000000000000, 0.9238795325112867400, 1.000000000000000000, 0.9238795325112867400, 1.000000000000000000, 0.9238795325112867400, 1.000000000000000000, 0.9238795325112867400, 1.000000000000000000, 0.9238795325112867400, 1.000000000000000000, 0.9238795325112867400, 1.000000000000000000, 0.9238795325112867400, 1.000000000000000000, 0.9238795325112867400, 1.000000000000000000, 0.9238795325112867400, 1.000000000000000000),
 ( 1.000000000000000000, 0.9238795325112867400, 1.000000000000000000, 0.9238795325112867400, 1.000000000000000000, 0.9238795325112867400, 1.000000000000000000, 0.9238795325112867400, 1.000000000000000000, 0.9238795325112867400, 1.000000000000000000, 0.9238795325112867400, 1.000000000000000000, 0.9238795325112867400, 1.000000000000000000, 0.9238795325112867400, 1.000000000000000000, 0.9238795325112867400, 1.000000000000000000, 0.9238795325112867400, 1.000000000000000000, 0.9238795325112867400, 1.000000000000000000, 0.9238795325112867400, 1.000000000000000000, 0.9238795325112867400, 1.000000000000000000, 0.9238795325112867400, 1.000000000000000000, 0.9238795325112867400, 1.000000000000000000, 0.9238795325112867400, 1.000000000000000000, 0.9238795325112867400, 1.000000000000000000, 0.9238795325112867400, 1.000000000000000000, 0.9238795325112867400, 1.000000000000000000, 0.9238795325112867400, 1.000000000000000000, 0.9238795325112867400, 1.000000000000000000, 0.9238795325112867400, 1.000000000000000000, 0.9238795325112867400, 1.000000000000000000, 0.9238795325112867400, 1.000000000000000000, 0.9238795325112867400, 1.000000000000000000, 0.9238795325112867400, 1.000000000000000000, 0.9238795325112867400, 1.000000000000000000, 0.9238795325112867400, 1.000000000000000000, 0.9238795325112867400, 1.000000000000000000, 0.9238795325112867400, 1.000000000000000000, 0.9238795325112867400, 1.000000000000000000, 0.9238795325112867400, 1.000000000000000000, 0.9238795325112867400, 1.000000000000000000, 0.9238795325112867400, 1.000000000000000000, 0.9238795325112867400, 1.000000000000000000, 0.9238795325112867400, 1.000000000000000000, 0.9238795325112867400, 1.000000000000000000, 0.9238795325112867400, 1.000000000000000000, 0.9238795325112867400, 1.000000000000000000, 0.9238795325112867400, 1.000000000000000000, 0.9238795325112867400, 1.000000000000000000, 0.9238795325112867400, 1.000000000000000000, 0.9238795325112867400, 1.000000000000000000, 0.9238795325112867400, 1.000000000000000000, 0.9238795325112867400, 1.000000000000000000, 0.9238795325112867400, 1.000000000000000000, 0.9238795325112867400, 1.000000000000000000, 0.9238795325112867400, 1.000000000000000000, 0.9238795325112867400, 1.000000000000000000, 0.9238795325112867400, 1.000000000000000000, 0.9238795325112867400, 1.000000000000000000, 0.9238795325112867400, 1.000000000000000000) ) ) 
 REPRESENTATION_ITEM ( '' )  SURFACE ( )  );
#5873 = ADVANCED_FACE ( 'NONE', ( #6952 ), #4005, .T. ) ;
#5874 = DIRECTION ( 'NONE',  ( 0.0000000000000000000, 0.0000000000000000000, 1.000000000000000000 ) ) ;
#5875 = CARTESIAN_POINT ( 'NONE',  ( 0.6780565707295944700, 1.000000000000007300, 4.285986486458004800 ) ) ;
#5876 = CIRCLE ( 'NONE', #3170, 18.50000000000000000 ) ;
#5877 = DIRECTION ( 'NONE',  ( 0.9927543628076074300, 0.0000000000000000000, 0.1201614544122254100 ) ) ;
#5878 = DIRECTION ( 'NONE',  ( 0.0000000000000000000, 1.000000000000000000, 0.0000000000000000000 ) ) ;
#5879 = CARTESIAN_POINT ( 'NONE',  ( 4.500000000000000900, 6.187500002731183300, -1.863961030678928700 ) ) ;
#5880 = VERTEX_POINT ( 'NONE', #2389 ) ;
#5881 = CARTESIAN_POINT ( 'NONE',  ( -3.958734124999998500, 2.250000001365589400, 1.639761364404189700 ) ) ;
#5882 = FACE_OUTER_BOUND ( 'NONE', #6361, .T. ) ;
#5883 = DIRECTION ( 'NONE',  ( 0.0000000000000000000, 1.000000000000000000, 0.0000000000000000000 ) ) ;
#5884 = FACE_OUTER_BOUND ( 'NONE', #4341, .T. ) ;
#5885 = CARTESIAN_POINT ( 'NONE',  ( 14.49999999999999800, -3.432161446792886900, 0.0000000000000000000 ) ) ;
#5886 = ADVANCED_FACE ( 'NONE', ( #1509 ), #4936, .F. ) ;
#5887 = ORIENTED_EDGE ( 'NONE', *, *, #7273, .F. ) ;
#5888 = EDGE_LOOP ( 'NONE', ( #6050, #3298, #2316 ) ) ;
#5889 = DIRECTION ( 'NONE',  ( 0.0000000000000000000, 0.0000000000000000000, -1.000000000000000000 ) ) ;
#5890 = EDGE_CURVE ( 'NONE', #7012, #1948, #6733, .T. ) ;
#5891 = AXIS2_PLACEMENT_3D ( 'NONE', #7054, #2995, #7743 ) ;
#5892 = DIRECTION ( 'NONE',  ( -0.0000000000000000000, 1.000000000000000000, -0.0000000000000000000 ) ) ;
#5893 = EDGE_CURVE ( 'NONE', #588, #161, #5129, .T. ) ;
#5894 = FACE_OUTER_BOUND ( 'NONE', #8082, .T. ) ;
#5895 = CARTESIAN_POINT ( 'NONE',  ( -15.84074293741602800, -17.60000000000000100, -1.535322780927272700 ) ) ;
#5896 = CARTESIAN_POINT ( 'NONE',  ( -15.55000000000000100, -3.400000000000000400, -0.2399999999999997700 ) ) ;
#5897 = CARTESIAN_POINT ( 'NONE',  ( -2.799247744702092300, 4.312500001365589400, 2.799247744702093600 ) ) ;
#5898 = ORIENTED_EDGE ( 'NONE', *, *, #7534, .F. ) ;
#5899 = VERTEX_POINT ( 'NONE', #1312 ) ;
#5900 = CIRCLE ( 'NONE', #312, 18.50000000000000000 ) ;
#5901 = DIRECTION ( 'NONE',  ( 0.0000000000000000000, 0.0000000000000000000, -1.000000000000000000 ) ) ;
#5902 = ORIENTED_EDGE ( 'NONE', *, *, #6099, .F. ) ;
#5903 = CARTESIAN_POINT ( 'NONE',  ( 14.26000000000000000, -4.819999999999999400, -0.3420141409932486200 ) ) ;
#5904 = CARTESIAN_POINT ( 'NONE',  ( -3.657393445408533500, 1.000000000000000000, 1.514941932194831900 ) ) ;
#5905 = ORIENTED_EDGE ( 'NONE', *, *, #6901, .T. ) ;
#5906 = LINE ( 'NONE', #8289, #7518 ) ;
#5907 = ORIENTED_EDGE ( 'NONE', *, *, #2914, .T. ) ;
#5908 = DIRECTION ( 'NONE',  ( -1.000000000000000000, 0.0000000000000000000, 0.0000000000000000000 ) ) ;
#5909 = DIRECTION ( 'NONE',  ( 0.0000000000000000000, 1.000000000000000000, 0.0000000000000000000 ) ) ;
#5910 = CIRCLE ( 'NONE', #8367, 2.000000000000000000 ) ;
#5911 = CARTESIAN_POINT ( 'NONE',  ( -2.755455298081544300E-016, 5.375000002731183300, -4.500000000000000000 ) ) ;
#5912 = ORIENTED_EDGE ( 'NONE', *, *, #5329, .T. ) ;
#5913 = CARTESIAN_POINT ( 'NONE',  ( 7.272076612284971000E-016, 1.437500001365589400, 3.958734124999999400 ) ) ;
#5914 = CARTESIAN_POINT ( 'NONE',  ( -12.79648433899191500, -14.44999999999999900, -4.506710138927894100 ) ) ;
#5915 = ADVANCED_FACE ( 'NONE', ( #3341 ), #628, .F. ) ;
#5916 = CARTESIAN_POINT ( 'NONE',  ( 0.0000000000000000000, -14.44999999999999900, 0.0000000000000000000 ) ) ;
#5917 = EDGE_CURVE ( 'NONE', #7932, #176, #2348, .T. ) ;
#5918 = DIRECTION ( 'NONE',  ( 0.0000000000000000000, 1.000000000000000000, 0.0000000000000000000 ) ) ;
#5919 = AXIS2_PLACEMENT_3D ( 'NONE', #4529, #8660, #4592 ) ;
#5920 = CARTESIAN_POINT ( 'NONE',  ( -14.34327197285843900, -5.335347006834239500, -1.972269710838086000 ) ) ;
#5921 = CARTESIAN_POINT ( 'NONE',  ( -14.50000000000000000, -5.500000000000000000, -1.999999999999999600 ) ) ;
#5922 = EDGE_LOOP ( 'NONE', ( #6475, #388, #1387, #7459 ) ) ;
#5923 = CARTESIAN_POINT ( 'NONE',  ( 0.0000000000000000000, -9.525483399593905900, 13.70000000000000100 ) ) ;
#5924 = PRODUCT_RELATED_PRODUCT_CATEGORY ( 'detail', '', ( #887 ) ) ;
#5925 = ORIENTED_EDGE ( 'NONE', *, *, #5859, .F. ) ;
#5926 = DIRECTION ( 'NONE',  ( 1.224646799147353200E-016, 0.0000000000000000000, -1.000000000000000000 ) ) ;
#5927 = CARTESIAN_POINT ( 'NONE',  ( 3.163625019666433100, 6.887566063407159200, -2.641630459584517700 ) ) ;
#5928 = CARTESIAN_POINT ( 'NONE',  ( 1.639761364404189300, 3.500000001365589000, 3.958734124999998500 ) ) ;
#5929 = ORIENTED_EDGE ( 'NONE', *, *, #3119, .T. ) ;
#5930 = AXIS2_PLACEMENT_3D ( 'NONE', #2334, #2280, #1630 ) ;
#5931 = PLANE ( 'NONE',  #3688 ) ;
#5932 =( BOUNDED_CURVE ( )  B_SPLINE_CURVE ( 2, ( #5999, #1918, #2613, #7371, #3299, #8052, #3975, #8735, #4663 ),
 .UNSPECIFIED., .F., .F. ) 
 B_SPLINE_CURVE_WITH_KNOTS ( ( 3, 2, 2, 2, 3 ),
 ( 0.5357142857142857000, 0.5535714285714286000, 0.5714285714285714000, 0.5892857142857143000, 0.6071428571428571000 ),
 .UNSPECIFIED. ) 
 CURVE ( )  GEOMETRIC_REPRESENTATION_ITEM ( )  RATIONAL_B_SPLINE_CURVE ( ( 1.000000000000000000, 0.9238795325112867400, 1.000000000000000000, 0.9238795325112867400, 1.000000000000000000, 0.9238795325112867400, 1.000000000000000000, 0.9238795325112867400, 1.000000000000000000 ) ) 
 REPRESENTATION_ITEM ( '' )  );
#5933 = DIRECTION ( 'NONE',  ( 0.0000000000000000000, 0.0000000000000000000, 1.000000000000000000 ) ) ;
#5934 = DIRECTION ( 'NONE',  ( -0.0000000000000000000, 1.000000000000000000, 0.0000000000000000000 ) ) ;
#5935 = VECTOR ( 'NONE', #1880, 1000.000000000000000 ) ;
#5936 = ORIENTED_EDGE ( 'NONE', *, *, #2051, .F. ) ;
#5937 = ADVANCED_FACE ( 'NONE', ( #3760 ), #6518, .T. ) ;
#5938 = CARTESIAN_POINT ( 'NONE',  ( -13.50000000000000400, -16.00000000000000000, 1.732050807568877200 ) ) ;
#5939 = ORIENTED_EDGE ( 'NONE', *, *, #2414, .F. ) ;
#5940 = CARTESIAN_POINT ( 'NONE',  ( 14.34327197285843500, -5.335347006834237700, -1.972269710838087600 ) ) ;
#5941 = DIRECTION ( 'NONE',  ( -0.9432144216567375200, 0.0000000000000000000, -0.3321845191738263000 ) ) ;
#5942 = DIRECTION ( 'NONE',  ( 0.4461978007789581500, -0.8949343677499602700, 2.049907998055877000E-016 ) ) ;
#5943 = CARTESIAN_POINT ( 'NONE',  ( -4.500000000000000900, 4.562500002731182400, -1.863961030678928000 ) ) ;
#5944 = FACE_OUTER_BOUND ( 'NONE', #5108, .T. ) ;
#5945 = ORIENTED_EDGE ( 'NONE', *, *, #5751, .F. ) ;
#5946 = CARTESIAN_POINT ( 'NONE',  ( -3.958734124999999400, 4.875000001365589400, -1.639761364404187100 ) ) ;
#5947 = VERTEX_POINT ( 'NONE', #2041 ) ;
#5948 = FACE_BOUND ( 'NONE', #6380, .T. ) ;
#5949 = DIRECTION ( 'NONE',  ( 0.0000000000000000000, 0.0000000000000000000, 1.000000000000000000 ) ) ;
#5950 = CARTESIAN_POINT ( 'NONE',  ( 2.761746831266150600, 1.000000000000000400, -3.264457491547905700 ) ) ;
#5951 = AXIS2_PLACEMENT_3D ( 'NONE', #3984, #5348, #1263 ) ;
#5952 = FACE_OUTER_BOUND ( 'NONE', #6169, .T. ) ;
#5953 = EDGE_LOOP ( 'NONE', ( #4334, #7939, #3146, #7259, #817, #6909 ) ) ;
#5954 = CARTESIAN_POINT ( 'NONE',  ( -16.50000000000000000, -17.60000000000000100, -1.154700538379252400 ) ) ;
#5955 = DIRECTION ( 'NONE',  ( -0.0000000000000000000, 1.000000000000000000, -0.0000000000000000000 ) ) ;
#5956 = DIRECTION ( 'NONE',  ( 0.0000000000000000000, 0.0000000000000000000, 1.000000000000000000 ) ) ;
#5957 = AXIS2_PLACEMENT_3D ( 'NONE', #6247, #2164, #1463 ) ;
#5958 = VERTEX_POINT ( 'NONE', #6796 ) ;
#5959 = VERTEX_POINT ( 'NONE', #8138 ) ;
#5960 = LINE ( 'NONE', #4984, #510 ) ;
#5961 = CARTESIAN_POINT ( 'NONE',  ( 3.620418538854171900, 6.761061180607746300, 2.221605665424290600 ) ) ;
#5962 = CARTESIAN_POINT ( 'NONE',  ( 3.958734124999999400, 2.687500001365589000, -4.848051074856647000E-016 ) ) ;
#5963 = LINE ( 'NONE', #268, #739 ) ;
#5964 = EDGE_CURVE ( 'NONE', #7385, #5749, #5081, .T. ) ;
#5965 = EDGE_CURVE ( 'NONE', #6302, #2765, #5166, .T. ) ;
#5966 = ORIENTED_EDGE ( 'NONE', *, *, #3907, .T. ) ;
#5967 = CARTESIAN_POINT ( 'NONE',  ( 14.50000000000000000, -5.500000000000000000, 2.000000000000001300 ) ) ;
#5968 = DIRECTION ( 'NONE',  ( -1.000000000000000000, 0.0000000000000000000, 8.881784197001250400E-016 ) ) ;
#5969 = ADVANCED_FACE ( 'NONE', ( #1302 ), #687, .T. ) ;
#5970 = CARTESIAN_POINT ( 'NONE',  ( -16.50000000000000000, -17.59999999999999800, 0.1951254011572755900 ) ) ;
#5971 = AXIS2_PLACEMENT_3D ( 'NONE', #4604, #3237, #503 ) ;
#5972 = ORIENTED_EDGE ( 'NONE', *, *, #1720, .F. ) ;
#5973 = DIRECTION ( 'NONE',  ( 0.0000000000000000000, -1.000000000000000000, 0.0000000000000000000 ) ) ;
#5974 = ORIENTED_EDGE ( 'NONE', *, *, #5893, .T. ) ;
#5975 = DIRECTION ( 'NONE',  ( 0.0000000000000000000, 0.0000000000000000000, -1.000000000000000000 ) ) ;
#5976 = CARTESIAN_POINT ( 'NONE',  ( 14.50000000000000000, -10.00000000000000000, 0.0000000000000000000 ) ) ;
#5977 = CARTESIAN_POINT ( 'NONE',  ( 5.510910596163088600E-016, 7.000000000000000000, 4.500000000000000000 ) ) ;
#5978 = CARTESIAN_POINT ( 'NONE',  ( -3.181980515339462900, 3.750000002731183300, 3.181980515339464200 ) ) ;
#5979 = ORIENTED_EDGE ( 'NONE', *, *, #4987, .F. ) ;
#5980 = CIRCLE ( 'NONE', #2036, 1.928476821192052700 ) ;
#5981 = EDGE_CURVE ( 'NONE', #7287, #2525, #8335, .T. ) ;
#5982 = CARTESIAN_POINT ( 'NONE',  ( -1.863961030678928000, 4.312499999999996400, -4.500000000000001800 ) ) ;
#5983 = CARTESIAN_POINT ( 'NONE',  ( -2.799247744702092300, 4.062500001365589400, 2.799247744702093600 ) ) ;
#5984 = CARTESIAN_POINT ( 'NONE',  ( -2.799247744702093100, 6.812500001365589400, -2.799247744702092700 ) ) ;
#5985 = DIRECTION ( 'NONE',  ( 0.0000000000000000000, 1.000000000000000000, 0.0000000000000000000 ) ) ;
#5986 = AXIS2_PLACEMENT_3D ( 'NONE', #3353, #8111, #4036 ) ;
#5987 = ADVANCED_FACE ( 'NONE', ( #4728 ), #3454, .T. ) ;
#5988 = CARTESIAN_POINT ( 'NONE',  ( 13.67660911402274800, -14.05000000000000100, -4.816675528020341300 ) ) ;
#5989 = FACE_OUTER_BOUND ( 'NONE', #5922, .T. ) ;
#5990 = CARTESIAN_POINT ( 'NONE',  ( 13.50000000000000000, -17.60000000000000100, 1.732050807568875200 ) ) ;
#5991 = DIRECTION ( 'NONE',  ( -0.0000000000000000000, -1.000000000000000000, -0.0000000000000000000 ) ) ;
#5992 = DIRECTION ( 'NONE',  ( 0.0000000000000000000, 0.0000000000000000000, -1.000000000000000000 ) ) ;
#5993 = EDGE_CURVE ( 'NONE', #447, #7029, #1072, .T. ) ;
#5994 = CARTESIAN_POINT ( 'NONE',  ( -3.181980457743647200, 6.500000000000010700, -3.181980572935279900 ) ) ;
#5995 = EDGE_LOOP ( 'NONE', ( #6072, #1588, #7667, #5161 ) ) ;
#5996 = AXIS2_PLACEMENT_3D ( 'NONE', #5168, #7877, #2469 ) ;
#5997 = CARTESIAN_POINT ( 'NONE',  ( 1.639761364404186800, 1.875000001365589000, -3.958734124999999400 ) ) ;
#5998 = CIRCLE ( 'NONE', #5771, 3.190987308028661000 ) ;
#5999 = CARTESIAN_POINT ( 'NONE',  ( 8.266365894244633300E-016, 2.875000002731183300, 4.500000000000000000 ) ) ;
#6000 = CARTESIAN_POINT ( 'NONE',  ( -14.50000000000000000, -4.819999999999999400, 0.0000000000000000000 ) ) ;
#6001 = CARTESIAN_POINT ( 'NONE',  ( -1.327725808814528100, -0.3717415876478136200, 11.20534007430659300 ) ) ;
#6002 = LINE ( 'NONE', #4997, #327 ) ;
#6003 = DIRECTION ( 'NONE',  ( 0.0000000000000000000, 1.000000000000000000, -2.290567970039799000E-016 ) ) ;
#6004 = EDGE_LOOP ( 'NONE', ( #8110, #5290, #4348, #4982 ) ) ;
#6005 = ORIENTED_EDGE ( 'NONE', *, *, #3542, .F. ) ;
#6006 = CARTESIAN_POINT ( 'NONE',  ( -2.755455298081544300E-016, 6.249999999999996400, -4.500000000000000000 ) ) ;
#6007 = CIRCLE ( 'NONE', #1473, 11.50000000000000000 ) ;
#6008 = CARTESIAN_POINT ( 'NONE',  ( 1.863961030678930000, 2.937500002731182400, 4.500000000000000000 ) ) ;
#6009 = VERTEX_POINT ( 'NONE', #2806 ) ;
#6010 = CARTESIAN_POINT ( 'NONE',  ( -14.15798585900675200, -4.819999999999999400, 0.2399999999999997700 ) ) ;
#6011 = ORIENTED_EDGE ( 'NONE', *, *, #5226, .T. ) ;
#6012 = CARTESIAN_POINT ( 'NONE',  ( 1.639761364404189300, 3.250000001365589000, 3.958734124999998500 ) ) ;
#6013 = AXIS2_PLACEMENT_3D ( 'NONE', #1820, #5934, #3916 ) ;
#6014 = CONICAL_SURFACE ( 'NONE', #3384, 0.3555000000000000400, 0.06981317007976586800 ) ;
#6015 = ADVANCED_FACE ( 'NONE', ( #8535 ), #2704, .T. ) ;
#6016 = DIRECTION ( 'NONE',  ( 0.0000000000000000000, 0.0000000000000000000, 1.000000000000000000 ) ) ;
#6017 = ORIENTED_EDGE ( 'NONE', *, *, #7695, .F. ) ;
#6018 = FACE_OUTER_BOUND ( 'NONE', #8340, .T. ) ;
#6019 = DIRECTION ( 'NONE',  ( 1.000000000000000000, 0.0000000000000000000, 0.0000000000000000000 ) ) ;
#6020 = DIRECTION ( 'NONE',  ( 0.0000000000000000000, 0.8949343677499601600, -0.4461978007789582100 ) ) ;
#6021 = CARTESIAN_POINT ( 'NONE',  ( -14.40301248863564600, -4.819999999999999400, -0.3420141409932473400 ) ) ;
#6022 = EDGE_CURVE ( 'NONE', #4848, #3893, #4495, .T. ) ;
#6023 = ORIENTED_EDGE ( 'NONE', *, *, #1298, .T. ) ;
#6024 = CARTESIAN_POINT ( 'NONE',  ( -18.36595571194074200, -14.44999999999999900, -2.222986906626169800 ) ) ;
#6025 = FACE_OUTER_BOUND ( 'NONE', #8256, .T. ) ;
#6026 = EDGE_CURVE ( 'NONE', #6784, #1147, #2733, .T. ) ;
#6027 = ORIENTED_EDGE ( 'NONE', *, *, #1421, .F. ) ;
#6028 = CARTESIAN_POINT ( 'NONE',  ( 14.49999999999999800, -4.819999999999999400, 0.0000000000000000000 ) ) ;
#6029 = CARTESIAN_POINT ( 'NONE',  ( 0.5498176179617543200, 6.670875215155653800, 4.302701354261761100 ) ) ;
#6030 = CARTESIAN_POINT ( 'NONE',  ( -2.799247744702093100, 1.062500001365589200, -2.799247744702092700 ) ) ;
#6031 = EDGE_LOOP ( 'NONE', ( #2637, #2408, #8836, #4549 ) ) ;
#6032 = CIRCLE ( 'NONE', #2504, 3.000000000000000400 ) ;
#6033 = CARTESIAN_POINT ( 'NONE',  ( -12.50000000000000200, -16.17863279495408300, -1.154700538379255900 ) ) ;
#6034 = CARTESIAN_POINT ( 'NONE',  ( -1.603120191833866800E-015, -14.44999999999999900, 40.84142135623730500 ) ) ;
#6035 = DIRECTION ( 'NONE',  ( 0.0000000000000000000, 1.000000000000000000, 0.0000000000000000000 ) ) ;
#6036 = LINE ( 'NONE', #4234, #805 ) ;
#6037 = ADVANCED_FACE ( 'NONE', ( #6321 ), #6912, .F. ) ;
#6038 = CARTESIAN_POINT ( 'NONE',  ( 6.858022075225177600E-016, 0.001000000000000000000, 5.599999999999999600 ) ) ;
#6039 = CARTESIAN_POINT ( 'NONE',  ( 4.500000000000000000, 3.125000002731183300, -5.510910596163088600E-016 ) ) ;
#6040 = ORIENTED_EDGE ( 'NONE', *, *, #3194, .T. ) ;
#6041 = ORIENTED_EDGE ( 'NONE', *, *, #138, .T. ) ;
#6042 = ORIENTED_EDGE ( 'NONE', *, *, #5684, .T. ) ;
#6043 = AXIS2_PLACEMENT_3D ( 'NONE', #982, #5754, #1661 ) ;
#6044 = CARTESIAN_POINT ( 'NONE',  ( -14.50000000000000200, -17.60000000000000100, 0.0000000000000000000 ) ) ;
#6045 = EDGE_CURVE ( 'NONE', #7873, #4751, #8125, .T. ) ;
#6046 = CARTESIAN_POINT ( 'NONE',  ( 4.500000000000000000, 2.125000002731182800, -5.510910596163088600E-016 ) ) ;
#6047 = ORIENTED_EDGE ( 'NONE', *, *, #4611, .T. ) ;
#6048 = CARTESIAN_POINT ( 'NONE',  ( -2.215008190408349600, 7.000000000000000900, -3.303721835737852600 ) ) ;
#6049 = CARTESIAN_POINT ( 'NONE',  ( 3.958734124999999400, 2.437500001365588500, -4.848051074856647000E-016 ) ) ;
#6050 = ORIENTED_EDGE ( 'NONE', *, *, #5649, .T. ) ;
#6051 = ORIENTED_EDGE ( 'NONE', *, *, #3758, .F. ) ;
#6053 = CARTESIAN_POINT ( 'NONE',  ( 13.67660911402269400, -14.44999999999999900, 4.816675528020479800 ) ) ;
#6052 = DIRECTION ( 'NONE',  ( 0.0000000000000000000, 1.000000000000000000, 0.0000000000000000000 ) ) ;
#6054 = AXIS2_PLACEMENT_3D ( 'NONE', #6683, #1269, #579 ) ;
#6055 = CARTESIAN_POINT ( 'NONE',  ( -14.50000000000000000, -5.500000000000000000, -1.499999999999999600 ) ) ;
#6056 = CARTESIAN_POINT ( 'NONE',  ( -14.50000000000000000, -10.00000000000000000, 1.999999999999999600 ) ) ;
#6057 = DIRECTION ( 'NONE',  ( 0.0000000000000000000, 0.0000000000000000000, -1.000000000000000000 ) ) ;
#6058 = VECTOR ( 'NONE', #7870, 1000.000000000000000 ) ;
#6059 = ORIENTED_EDGE ( 'NONE', *, *, #1507, .T. ) ;
#6060 = CARTESIAN_POINT ( 'NONE',  ( -14.23774010981471200, -4.819999999999999400, -0.2400000000000006300 ) ) ;
#6061 = DIRECTION ( 'NONE',  ( 0.0000000000000000000, -1.000000000000000000, 0.0000000000000000000 ) ) ;
#6062 = DIRECTION ( 'NONE',  ( 0.0000000000000000000, 0.0000000000000000000, 1.000000000000000000 ) ) ;
#6063 = ORIENTED_EDGE ( 'NONE', *, *, #4287, .F. ) ;
#6064 = AXIS2_PLACEMENT_3D ( 'NONE', #7095, #287, #7782 ) ;
#6065 = CARTESIAN_POINT ( 'NONE',  ( -14.50000000000000000, -4.819999999999999400, 0.0000000000000000000 ) ) ;
#6066 = CARTESIAN_POINT ( 'NONE',  ( 14.11633491061257800, -3.432161446792886900, -0.2400000000000001900 ) ) ;
#6067 = ADVANCED_FACE ( 'NONE', ( #4291 ), #89, .F. ) ;
#6068 = DIRECTION ( 'NONE',  ( -1.000000000000000000, 0.0000000000000000000, 0.0000000000000000000 ) ) ;
#6069 = DIRECTION ( 'NONE',  ( 0.0000000000000000000, -1.000000000000000000, 0.0000000000000000000 ) ) ;
#6070 = VECTOR ( 'NONE', #5844, 1000.000000000000000 ) ;
#6071 = ORIENTED_EDGE ( 'NONE', *, *, #2500, .F. ) ;
#6072 = ORIENTED_EDGE ( 'NONE', *, *, #403, .F. ) ;
#6073 = DIRECTION ( 'NONE',  ( 0.0000000000000000000, 0.0000000000000000000, 1.000000000000000000 ) ) ;
#6074 = ORIENTED_EDGE ( 'NONE', *, *, #6547, .F. ) ;
#6075 = LINE ( 'NONE', #1091, #2439 ) ;
#6076 = DIRECTION ( 'NONE',  ( 0.0000000000000000000, 1.000000000000000000, 0.0000000000000000000 ) ) ;
#6077 = CARTESIAN_POINT ( 'NONE',  ( 1.863961030678927400, 1.312500002731182600, -4.500000000000000900 ) ) ;
#6078 = VECTOR ( 'NONE', #2773, 1000.000000000000000 ) ;
#6079 = CARTESIAN_POINT ( 'NONE',  ( 1.863961030678930300, 5.937500002731185100, 4.500000000000000000 ) ) ;
#6080 = CARTESIAN_POINT ( 'NONE',  ( 1.639761364404186800, 1.625000001365589000, -3.958734124999999400 ) ) ;
#6081 = VERTEX_POINT ( 'NONE', #807 ) ;
#6082 = ORIENTED_EDGE ( 'NONE', *, *, #6269, .T. ) ;
#6083 = EDGE_CURVE ( 'NONE', #8103, #1605, #6114, .T. ) ;
#6084 = ORIENTED_EDGE ( 'NONE', *, *, #2822, .T. ) ;
#6085 = ADVANCED_FACE ( 'NONE', ( #2476 ), #6943, .T. ) ;
#6086 = AXIS2_PLACEMENT_3D ( 'NONE', #1401, #2097, #6850 ) ;
#6087 = EDGE_CURVE ( 'NONE', #834, #6200, #7698, .T. ) ;
#6089 = DIRECTION ( 'NONE',  ( -0.0000000000000000000, 1.000000000000000000, 0.0000000000000000000 ) ) ;
#6088 = DIRECTION ( 'NONE',  ( 0.0000000000000000000, 0.0000000000000000000, 1.000000000000000000 ) ) ;
#6090 = CARTESIAN_POINT ( 'NONE',  ( -1.863961030678929200, 4.812500002731183300, 4.500000000000000000 ) ) ;
#6091 = DIRECTION ( 'NONE',  ( -0.0000000000000000000, 1.000000000000000000, -0.0000000000000000000 ) ) ;
#6092 = AXIS2_PLACEMENT_3D ( 'NONE', #2651, #1722, #437 ) ;
#6093 = CARTESIAN_POINT ( 'NONE',  ( -16.50000000000000000, -16.07984828284772400, -0.7788341705667910500 ) ) ;
#6094 = ORIENTED_EDGE ( 'NONE', *, *, #2541, .T. ) ;
#6095 = CARTESIAN_POINT ( 'NONE',  ( 15.91400053919059900, -14.05000000000000100, -7.624226339126530600 ) ) ;
#6096 = CARTESIAN_POINT ( 'NONE',  ( 14.50000000000000000, -5.500000000000000000, 0.0000000000000000000 ) ) ;
#6097 = DIRECTION ( 'NONE',  ( 0.0000000000000000000, 0.0000000000000000000, 1.000000000000000000 ) ) ;
#6098 = FACE_OUTER_BOUND ( 'NONE', #3481, .T. ) ;
#6099 = EDGE_CURVE ( 'NONE', #5511, #7204, #7901, .T. ) ;
#6100 = PLANE ( 'NONE',  #8150 ) ;
#6101 = CARTESIAN_POINT ( 'NONE',  ( 14.49999999999999800, -4.819999999999999400, 0.0000000000000000000 ) ) ;
#6102 = DIRECTION ( 'NONE',  ( 0.0000000000000000000, -1.000000000000000000, 0.0000000000000000000 ) ) ;
#6103 = CARTESIAN_POINT ( 'NONE',  ( 0.0000000000000000000, -14.44999999999999900, 0.0000000000000000000 ) ) ;
#6104 = CARTESIAN_POINT ( 'NONE',  ( 7.272076612284971000E-016, 6.187500001365589400, 3.958734124999999400 ) ) ;
#6105 = LINE ( 'NONE', #8659, #2258 ) ;
#6106 = CARTESIAN_POINT ( 'NONE',  ( 14.76225989018528800, -4.819999999999999400, 0.2400000000000006300 ) ) ;
#6107 = ORIENTED_EDGE ( 'NONE', *, *, #3473, .T. ) ;
#6108 = PLANE ( 'NONE',  #8239 ) ;
#6109 = DIRECTION ( 'NONE',  ( 0.0000000000000000000, 0.0000000000000000000, 1.000000000000000000 ) ) ;
#6110 = CARTESIAN_POINT ( 'NONE',  ( -3.181980515339463800, 0.5000000027311829500, -3.181980515339463400 ) ) ;
#6111 = EDGE_CURVE ( 'NONE', #2731, #1827, #5876, .T. ) ;
#6112 = CARTESIAN_POINT ( 'NONE',  ( -3.732368610342142700, 7.000000000000000900, -1.333639742593351100 ) ) ;
#6113 = AXIS2_PLACEMENT_3D ( 'NONE', #4090, #8852, #4779 ) ;
#6114 = CIRCLE ( 'NONE', #872, 5.599999999999999600 ) ;
#6115 = ADVANCED_FACE ( 'NONE', ( #657 ), #217, .T. ) ;
#6116 = CARTESIAN_POINT ( 'NONE',  ( 3.402649101878586300, -14.44999999999999900, -18.18438833421364700 ) ) ;
#6118 = CARTESIAN_POINT ( 'NONE',  ( -4.500000000000000000, 2.562499999999996400, 1.863961030678930700 ) ) ;
#6117 = CARTESIAN_POINT ( 'NONE',  ( 0.0000000000000000000, -5.000000000000000000, 0.0000000000000000000 ) ) ;
#6119 = ORIENTED_EDGE ( 'NONE', *, *, #6996, .T. ) ;
#6120 = CARTESIAN_POINT ( 'NONE',  ( -14.50000000000000000, -6.599999999999999600, 0.0000000000000000000 ) ) ;
#6122 = CARTESIAN_POINT ( 'NONE',  ( -12.50000000000000200, -16.17863279495408300, -1.154700538379255900 ) ) ;
#6121 = VECTOR ( 'NONE', #5540, 1000.000000000000000 ) ;
#6123 = EDGE_CURVE ( 'NONE', #7194, #1658, #2055, .T. ) ;
#6124 = LINE ( 'NONE', #700, #2490 ) ;
#6125 = CARTESIAN_POINT ( 'NONE',  ( -3.368575594376268500, 6.522739246980576900, -2.963227292161669400 ) ) ;
#6126 = DIRECTION ( 'NONE',  ( 0.0000000000000000000, 0.0000000000000000000, 1.000000000000000000 ) ) ;
#6127 = CARTESIAN_POINT ( 'NONE',  ( 15.50000000000000200, -17.60000000000000100, 1.732050807568878700 ) ) ;
#6128 = ORIENTED_EDGE ( 'NONE', *, *, #5072, .T. ) ;
#6129 = ORIENTED_EDGE ( 'NONE', *, *, #5575, .F. ) ;
#6130 = CARTESIAN_POINT ( 'NONE',  ( 12.50000000000000000, -16.00000000000000000, 0.0000000000000000000 ) ) ;
#6131 = COORDINATED_UNIVERSAL_TIME_OFFSET ( 2, 0, .AHEAD. ) ;
#6132 = CARTESIAN_POINT ( 'NONE',  ( -9.435953166363290700, -14.05000000000000100, 11.00966792606383000 ) ) ;
#6133 = PLANE ( 'NONE',  #1063 ) ;
#6134 = CARTESIAN_POINT ( 'NONE',  ( 0.0000000000000000000, -9.525483399593905900, 12.10000000000000000 ) ) ;
#6135 = ADVANCED_FACE ( 'NONE', ( #7485 ), #5462, .T. ) ;
#6136 = CARTESIAN_POINT ( 'NONE',  ( 3.958734125000000300, 5.375000001365590300, 1.639761364404186200 ) ) ;
#6137 = FACE_OUTER_BOUND ( 'NONE', #2748, .T. ) ;
#6138 = ORIENTED_EDGE ( 'NONE', *, *, #5751, .T. ) ;
#6139 = CARTESIAN_POINT ( 'NONE',  ( 16.50000000000000000, -17.42136720504591800, 1.154700538379255900 ) ) ;
#6140 = ORIENTED_EDGE ( 'NONE', *, *, #8250, .F. ) ;
#6141 = CARTESIAN_POINT ( 'NONE',  ( 14.49999999999999800, 21.99999999999996400, -2.000000000000000000 ) ) ;
#6142 = CIRCLE ( 'NONE', #5986, 1.999999999999998200 ) ;
#6143 = CARTESIAN_POINT ( 'NONE',  ( 2.799247744702092700, 6.562500001365588500, -2.799247744702093100 ) ) ;
#6144 = ORIENTED_EDGE ( 'NONE', *, *, #8011, .F. ) ;
#6145 = ORIENTED_EDGE ( 'NONE', *, *, #128, .T. ) ;
#6146 = FACE_OUTER_BOUND ( 'NONE', #6608, .T. ) ;
#6147 = ORIENTED_EDGE ( 'NONE', *, *, #5452, .F. ) ;
#6148 = AXIS2_PLACEMENT_3D ( 'NONE', #1106, #3861, #8615 ) ;
#6149 = CARTESIAN_POINT ( 'NONE',  ( 2.799247744702092700, 6.812500001365589400, -2.799247744702093100 ) ) ;
#6150 = FACE_OUTER_BOUND ( 'NONE', #3335, .T. ) ;
#6151 = ORIENTED_EDGE ( 'NONE', *, *, #3905, .F. ) ;
#6153 = CARTESIAN_POINT ( 'NONE',  ( 14.49999999999999800, -17.81836573537652800, 0.8000000000000056000 ) ) ;
#6152 = DIRECTION ( 'NONE',  ( 0.0000000000000000000, 0.0000000000000000000, -1.000000000000000000 ) ) ;
#6154 = CARTESIAN_POINT ( 'NONE',  ( -14.15798585900675200, -4.819999999999999400, -0.2399999999999997700 ) ) ;
#6155 = DIRECTION ( 'NONE',  ( -0.0000000000000000000, -1.000000000000000000, -0.0000000000000000000 ) ) ;
#6156 = EDGE_CURVE ( 'NONE', #1215, #1052, #423, .T. ) ;
#6157 = EDGE_CURVE ( 'NONE', #7303, #6927, #7270, .T. ) ;
#6158 = DIRECTION ( 'NONE',  ( -0.0000000000000000000, 1.000000000000000000, -0.0000000000000000000 ) ) ;
#6159 = CARTESIAN_POINT ( 'NONE',  ( 14.26000000000000000, -4.819999999999999400, -0.3420141409932486200 ) ) ;
#6160 = CARTESIAN_POINT ( 'NONE',  ( 15.16075225999410300, -17.58289480127297800, 1.927915581583256000 ) ) ;
#6161 = EDGE_LOOP ( 'NONE', ( #1887, #7949, #4395, #2669, #6905 ) ) ;
#6162 = ADVANCED_FACE ( 'NONE', ( #2266 ), #3455, .T. ) ;
#6163 = CARTESIAN_POINT ( 'NONE',  ( 8.266365894244633300E-016, 1.875000002731183300, 4.500000000000000000 ) ) ;
#6164 = CARTESIAN_POINT ( 'NONE',  ( 16.33682182486818100, -17.47575993009079200, -1.248911501717477900 ) ) ;
#6165 = EDGE_LOOP ( 'NONE', ( #5000, #7574, #3043, #7066 ) ) ;
#6166 = ORIENTED_EDGE ( 'NONE', *, *, #1789, .F. ) ;
#6167 = EDGE_CURVE ( 'NONE', #3062, #7180, #5231, .T. ) ;
#6168 =( BOUNDED_CURVE ( )  B_SPLINE_CURVE ( 3, ( #2292, #7049, #7736, #3671 ),
 .UNSPECIFIED., .F., .F. ) 
 B_SPLINE_CURVE_WITH_KNOTS ( ( 4, 4 ),
 ( 5.965617895249481600, 6.600752719109690900 ),
 .UNSPECIFIED. ) 
 CURVE ( )  GEOMETRIC_REPRESENTATION_ITEM ( )  RATIONAL_B_SPLINE_CURVE ( ( 1.000000000000000000, 0.9666652130990943700, 0.9666652130990943700, 1.000000000000000000 ) ) 
 REPRESENTATION_ITEM ( '' )  );
#6169 = EDGE_LOOP ( 'NONE', ( #7913, #4359, #1569, #7770 ) ) ;
#6170 = EDGE_CURVE ( 'NONE', #8467, #3106, #3858, .T. ) ;
#6171 = VECTOR ( 'NONE', #1818, 1000.000000000000100 ) ;
#6172 = ORIENTED_EDGE ( 'NONE', *, *, #6283, .T. ) ;
#6173 = DIRECTION ( 'NONE',  ( 0.0000000000000000000, -1.000000000000000000, 0.0000000000000000000 ) ) ;
#6174 = ORIENTED_EDGE ( 'NONE', *, *, #3864, .F. ) ;
#6175 = CARTESIAN_POINT ( 'NONE',  ( -1.639761364404187300, 6.000000001365588500, -3.958734124999999400 ) ) ;
#6176 = EDGE_CURVE ( 'NONE', #5522, #7932, #7051, .T. ) ;
#6177 = ADVANCED_FACE ( 'NONE', ( #8641 ), #1402, .F. ) ;
#6178 = VECTOR ( 'NONE', #2809, 1000.000000000000000 ) ;
#6179 = VERTEX_POINT ( 'NONE', #2319 ) ;
#6181 = CARTESIAN_POINT ( 'NONE',  ( 14.49999999999999800, -4.046379599446113100, 0.0000000000000000000 ) ) ;
#6180 = DIRECTION ( 'NONE',  ( 0.9018432397794345900, 0.0000000000000000000, -0.4320633875534157200 ) ) ;
#6182 = CARTESIAN_POINT ( 'NONE',  ( -3.352923764994343100, 6.572391953157892700, 2.905930488865785800 ) ) ;
#6183 = VERTEX_POINT ( 'NONE', #7089 ) ;
#6184 = CARTESIAN_POINT ( 'NONE',  ( 4.500000000000000000, 3.999999999999996400, -5.510910596163088600E-016 ) ) ;
#6185 = FACE_BOUND ( 'NONE', #787, .T. ) ;
#6186 = CARTESIAN_POINT ( 'NONE',  ( 14.36206896551724400, -14.05000000000000100, 1.995238088481300400 ) ) ;
#6187 = CARTESIAN_POINT ( 'NONE',  ( 14.25999999999999400, -3.400000000000000400, 1.049999999999999400 ) ) ;
#6188 = CIRCLE ( 'NONE', #289, 0.3555000000000000400 ) ;
#6189 = ORIENTED_EDGE ( 'NONE', *, *, #7952, .T. ) ;
#6190 = VERTEX_POINT ( 'NONE', #7774 ) ;
#6191 = CARTESIAN_POINT ( 'NONE',  ( 14.74000000000000000, -4.819999999999999400, -0.2622598901852886700 ) ) ;
#6192 = CARTESIAN_POINT ( 'NONE',  ( -3.181980515339462900, 1.750000002731183100, 3.181980515339464200 ) ) ;
#6193 = ORIENTED_EDGE ( 'NONE', *, *, #7409, .T. ) ;
#6194 = CARTESIAN_POINT ( 'NONE',  ( 14.74000000000000000, -3.432161446792885200, -0.3836650893874181100 ) ) ;
#6195 = CARTESIAN_POINT ( 'NONE',  ( 14.74000000000000400, -3.560076670449441300, -0.9701887189893739800 ) ) ;
#6196 = CARTESIAN_POINT ( 'NONE',  ( -14.74000000000000200, -6.599999999999999600, -8.673617379884035500E-016 ) ) ;
#6197 = LINE ( 'NONE', #375, #4360 ) ;
#6198 = LINE ( 'NONE', #5349, #7987 ) ;
#6199 = VERTEX_POINT ( 'NONE', #8448 ) ;
#6200 = VERTEX_POINT ( 'NONE', #4373 ) ;
#6201 = ORIENTED_EDGE ( 'NONE', *, *, #309, .F. ) ;
#6202 = CARTESIAN_POINT ( 'NONE',  ( 0.0000000000000000000, -16.00000000000000000, 0.0000000000000000000 ) ) ;
#6203 = EDGE_CURVE ( 'NONE', #1562, #5476, #3222, .T. ) ;
#6204 = ADVANCED_FACE ( 'NONE', ( #9 ), #3703, .F. ) ;
#6205 = CARTESIAN_POINT ( 'NONE',  ( -3.958734124999999400, 5.187500001365589400, 0.0000000000000000000 ) ) ;
#6206 = AXIS2_PLACEMENT_3D ( 'NONE', #2058, #3415, #6822 ) ;
#6207 = EDGE_CURVE ( 'NONE', #7587, #5201, #1731, .T. ) ;
#6208 = ORIENTED_EDGE ( 'NONE', *, *, #843, .T. ) ;
#6209 = LINE ( 'NONE', #116, #2579 ) ;
#6210 = CARTESIAN_POINT ( 'NONE',  ( 8.266365894244633300E-016, 5.875000002731183300, 4.500000000000000000 ) ) ;
#6211 = CARTESIAN_POINT ( 'NONE',  ( 15.84074293741602400, -17.60000000000000100, 1.535322780927273600 ) ) ;
#6212 = CARTESIAN_POINT ( 'NONE',  ( -3.958734124999999400, 5.875000001365588500, -1.639761364404187100 ) ) ;
#6213 = DIRECTION ( 'NONE',  ( -1.000000000000000000, 0.0000000000000000000, 0.0000000000000000000 ) ) ;
#6214 = CARTESIAN_POINT ( 'NONE',  ( 7.993172669738264300, -14.44999999999999900, 16.68409993591951600 ) ) ;
#6215 = CIRCLE ( 'NONE', #2540, 11.50000000000000000 ) ;
#6216 = DIRECTION ( 'NONE',  ( 0.0000000000000000000, -1.000000000000000000, 0.0000000000000000000 ) ) ;
#6217 = CARTESIAN_POINT ( 'NONE',  ( 12.49999999999999800, -17.42136720504591800, -1.154700538379255900 ) ) ;
#6218 = AXIS2_PLACEMENT_3D ( 'NONE', #5885, #1804, #6571 ) ;
#6219 = DIRECTION ( 'NONE',  ( 2.290567970039799000E-016, 1.000000000000000000, 7.997479954884052100E-031 ) ) ;
#6220 = DIRECTION ( 'NONE',  ( 0.0000000000000000000, 0.0000000000000000000, -1.000000000000000000 ) ) ;
#6221 = ADVANCED_FACE ( 'NONE', ( #6842 ), #276, .T. ) ;
#6222 = ORIENTED_EDGE ( 'NONE', *, *, #6362, .F. ) ;
#6223 = DIRECTION ( 'NONE',  ( 0.0000000000000000000, 0.0000000000000000000, 1.000000000000000000 ) ) ;
#6224 = DIRECTION ( 'NONE',  ( 0.0000000000000000000, 0.0000000000000000000, -1.000000000000000000 ) ) ;
#6225 = CARTESIAN_POINT ( 'NONE',  ( -12.50000000000000200, -16.12441882883114600, 0.9668978507697964000 ) ) ;
#6226 = TOROIDAL_SURFACE ( 'NONE', #6687, 14.00000000000000000, 0.5000000000000000000 ) ;
#6227 = CARTESIAN_POINT ( 'NONE',  ( 14.26000000000000000, -3.894975084286509000, -0.3454916401347378200 ) ) ;
#6228 = LINE ( 'NONE', #1480, #2594 ) ;
#6229 = VERTEX_POINT ( 'NONE', #3735 ) ;
#6230 = CARTESIAN_POINT ( 'NONE',  ( -6.264919119524582100, -14.05000000000000100, -13.07672697680177800 ) ) ;
#6231 = DIRECTION ( 'NONE',  ( -1.000000000000000000, 0.0000000000000000000, -1.776356839400250100E-015 ) ) ;
#6232 = ORIENTED_EDGE ( 'NONE', *, *, #2571, .F. ) ;
#6233 = CARTESIAN_POINT ( 'NONE',  ( -1.639761364404188200, 4.375000001365589400, 3.958734124999998500 ) ) ;
#6234 = LINE ( 'NONE', #4319, #6431 ) ;
#6236 = CARTESIAN_POINT ( 'NONE',  ( 0.0000000000000000000, 1.000000000000000000, 0.0000000000000000000 ) ) ;
#6235 = CARTESIAN_POINT ( 'NONE',  ( 6.145413604715678900, -14.44999999999999900, 17.44946680064967400 ) ) ;
#6237 = ORIENTED_EDGE ( 'NONE', *, *, #2726, .F. ) ;
#6238 = VERTEX_POINT ( 'NONE', #1680 ) ;
#6239 = AXIS2_PLACEMENT_3D ( 'NONE', #8858, #8822, #656 ) ;
#6240 = FACE_OUTER_BOUND ( 'NONE', #2665, .T. ) ;
#6241 = CARTESIAN_POINT ( 'NONE',  ( -2.799247744702092300, 5.062500001365589400, 2.799247744702093600 ) ) ;
#6242 = EDGE_LOOP ( 'NONE', ( #6624, #4284, #6763, #5591, #7876, #3274 ) ) ;
#6243 = CARTESIAN_POINT ( 'NONE',  ( 14.50000000000000000, -10.00000000000000000, 0.0000000000000000000 ) ) ;
#6244 = CIRCLE ( 'NONE', #6718, 1.999999999999995800 ) ;
#6245 = CARTESIAN_POINT ( 'NONE',  ( 12.49999999999999800, -17.60000000000000100, 0.0000000000000000000 ) ) ;
#6246 = ORIENTED_EDGE ( 'NONE', *, *, #4205, .F. ) ;
#6247 = CARTESIAN_POINT ( 'NONE',  ( -14.50000000000000000, -5.500000000000000000, 0.0000000000000000000 ) ) ;
#6248 = CARTESIAN_POINT ( 'NONE',  ( -13.67660911402269400, -14.44999999999999900, -4.816675528020479800 ) ) ;
#6249 = CARTESIAN_POINT ( 'NONE',  ( 4.500000000000000000, 1.999999999999996700, -5.510910596163088600E-016 ) ) ;
#6250 = FACE_OUTER_BOUND ( 'NONE', #2436, .T. ) ;
#6251 = VERTEX_POINT ( 'NONE', #3196 ) ;
#6252 = ORIENTED_EDGE ( 'NONE', *, *, #5670, .T. ) ;
#6253 = LINE ( 'NONE', #8316, #4418 ) ;
#6254 = CARTESIAN_POINT ( 'NONE',  ( -14.84201414099325000, -4.819999999999999400, -0.09698751136435167200 ) ) ;
#6255 = AXIS2_PLACEMENT_3D ( 'NONE', #5069, #979, #5753 ) ;
#6256 = EDGE_CURVE ( 'NONE', #3106, #8467, #5027, .T. ) ;
#6257 = VERTEX_POINT ( 'NONE', #8626 ) ;
#6258 = CARTESIAN_POINT ( 'NONE',  ( -4.500000000000000000, 1.499999999999996200, 0.0000000000000000000 ) ) ;
#6259 = CARTESIAN_POINT ( 'NONE',  ( -14.50000000000000000, -6.599999999999999600, -0.2399999999999997700 ) ) ;
#6260 = ORIENTED_EDGE ( 'NONE', *, *, #6326, .T. ) ;
#6261 = CARTESIAN_POINT ( 'NONE',  ( 2.799247744702093600, 3.562500001365589000, 2.799247744702092700 ) ) ;
#6262 = B_SPLINE_CURVE_WITH_KNOTS ( 'NONE', 3,
 ( #3151, #7227, #3830, #8579, #4510, #410, #5188, #1102, #5875, #1786, #6562, #2492, #7261, #3180, #7931, #3857, #8610, #4542, #438, #5221, #1131, #5904 ),
 .UNSPECIFIED., .F., .F.,
 ( 4, 2, 2, 2, 2, 2, 2, 2, 2, 2, 4 ),
 ( 0.0000000000000000000, 0.001036871663972208800, 0.001555307495958313200, 0.002073743327944416700, 0.003110614991916624600, 0.004147486655888831700, 0.005184358319861039600, 0.006221229983833246600, 0.006739665815819351900, 0.007258101647805456300, 0.008294973311777665100 ),
 .UNSPECIFIED. ) ;
#6263 = CARTESIAN_POINT ( 'NONE',  ( -4.500000000000001800, 3.437499999999996000, -1.863961030678927800 ) ) ;
#6264 = ORIENTED_EDGE ( 'NONE', *, *, #4251, .F. ) ;
#6266 = PLANE ( 'NONE',  #7538 ) ;
#6265 = DIRECTION ( 'NONE',  ( 0.0000000000000000000, 0.0000000000000000000, 1.000000000000000000 ) ) ;
#6267 = DIRECTION ( 'NONE',  ( 0.0000000000000000000, -1.000000000000000000, 0.0000000000000000000 ) ) ;
#6268 = EDGE_CURVE ( 'NONE', #1209, #1215, #5853, .T. ) ;
#6269 = EDGE_CURVE ( 'NONE', #7073, #2649, #1824, .T. ) ;
#6270 = CARTESIAN_POINT ( 'NONE',  ( -13.33026469292032900, -15.99999999999999600, -1.634054082335442800 ) ) ;
#6271 = ORIENTED_EDGE ( 'NONE', *, *, #3909, .F. ) ;
#6272 = CARTESIAN_POINT ( 'NONE',  ( 1.639761364404189300, 4.250000001365588500, 3.958734124999998500 ) ) ;
#6273 = EDGE_LOOP ( 'NONE', ( #352, #6325, #915, #4643 ) ) ;
#6274 = DIRECTION ( 'NONE',  ( -0.0000000000000000000, -1.000000000000000000, -0.0000000000000000000 ) ) ;
#6275 = CARTESIAN_POINT ( 'NONE',  ( 12.79648433899172300, -14.44999999999999900, 36.33471121730956800 ) ) ;
#6276 = CARTESIAN_POINT ( 'NONE',  ( 15.54999999999999900, -3.400000000000000400, 0.2399999999999997700 ) ) ;
#6277 = APPLICATION_CONTEXT ( 'configuration controlled 3d designs of mechanical parts and assemblies' ) ;
#6278 = DIRECTION ( 'NONE',  ( 0.0000000000000000000, 0.0000000000000000000, 1.000000000000000000 ) ) ;
#6279 = PLANE ( 'NONE',  #7802 ) ;
#6280 = DIRECTION ( 'NONE',  ( 0.9829399099574937000, -0.0000000000000000000, 0.1839269784799235400 ) ) ;
#6281 = CYLINDRICAL_SURFACE ( 'NONE', #93, 4.500000000000000000 ) ;
#6282 = ORIENTED_EDGE ( 'NONE', *, *, #2957, .F. ) ;
#6283 = EDGE_CURVE ( 'NONE', #7950, #5419, #1599, .T. ) ;
#6284 = DIRECTION ( 'NONE',  ( 0.0000000000000000000, -2.290567970039799000E-016, -1.000000000000000000 ) ) ;
#6285 = CARTESIAN_POINT ( 'NONE',  ( 16.68409993591945600, -14.44999999999999900, 7.993172669738356700 ) ) ;
#6286 = CARTESIAN_POINT ( 'NONE',  ( -12.50000000000000200, -17.42136720504591800, 1.154700538379255900 ) ) ;
#6287 = ORIENTED_EDGE ( 'NONE', *, *, #4569, .F. ) ;
#6288 = CONICAL_SURFACE ( 'NONE', #8515, 0.3555000000000000400, 0.06981317007976586800 ) ;
#6289 = ORIENTED_EDGE ( 'NONE', *, *, #6605, .T. ) ;
#6290 = CARTESIAN_POINT ( 'NONE',  ( -1.639761364404187300, 5.750000001365588500, -3.958734124999999400 ) ) ;
#6291 = ORIENTED_EDGE ( 'NONE', *, *, #8698, .F. ) ;
#6292 = ORIENTED_EDGE ( 'NONE', *, *, #7390, .F. ) ;
#6293 = CARTESIAN_POINT ( 'NONE',  ( 3.958734124999999400, 2.750000001365589000, -1.639761364404187500 ) ) ;
#6294 = FACE_BOUND ( 'NONE', #640, .T. ) ;
#6295 = EDGE_CURVE ( 'NONE', #8654, #5899, #4832, .T. ) ;
#6296 = DIRECTION ( 'NONE',  ( 0.0000000000000000000, 0.0000000000000000000, -1.000000000000000000 ) ) ;
#6297 = DIRECTION ( 'NONE',  ( -1.000000000000000000, -0.0000000000000000000, -0.0000000000000000000 ) ) ;
#6298 = CIRCLE ( 'NONE', #5666, 1.000000000000000900 ) ;
#6299 = CARTESIAN_POINT ( 'NONE',  ( 3.181980515339464200, 1.874999999999996400, 3.181980515339463400 ) ) ;
#6300 = ORIENTED_EDGE ( 'NONE', *, *, #7534, .T. ) ;
#6301 = CARTESIAN_POINT ( 'NONE',  ( 3.958734124999999400, 3.437500001365589000, -4.848051074856647000E-016 ) ) ;
#6302 = VERTEX_POINT ( 'NONE', #1870 ) ;
#6303 = ORIENTED_EDGE ( 'NONE', *, *, #7856, .F. ) ;
#6304 = DIRECTION ( 'NONE',  ( -0.3321845191738263000, 0.0000000000000000000, 0.9432144216567375200 ) ) ;
#6305 = PERSON_AND_ORGANIZATION_ROLE ( 'design_supplier' ) ;
#6306 = CARTESIAN_POINT ( 'NONE',  ( -1.112784378237784200, -14.44999999999999900, 14.45723732002590900 ) ) ;
#6307 = CARTESIAN_POINT ( 'NONE',  ( 0.0000000000000000000, 2.499999999999999600, 12.69999999999999900 ) ) ;
#6308 = EDGE_LOOP ( 'NONE', ( #7778, #3254, #3872 ) ) ;
#6309 = CIRCLE ( 'NONE', #8416, 2.000000000000000000 ) ;
#6310 = DIRECTION ( 'NONE',  ( 0.0000000000000000000, -1.000000000000000000, 0.0000000000000000000 ) ) ;
#6311 = CARTESIAN_POINT ( 'NONE',  ( -16.68409993591945600, -14.44999999999999900, -7.993172669738356700 ) ) ;
#6312 = AXIS2_PLACEMENT_3D ( 'NONE', #7080, #7766, #3697 ) ;
#6313 = CARTESIAN_POINT ( 'NONE',  ( -3.958734124999999400, 4.937500001365589400, 0.0000000000000000000 ) ) ;
#6314 = CIRCLE ( 'NONE', #3292, 14.50000000000000000 ) ;
#6315 = EDGE_CURVE ( 'NONE', #5741, #6341, #1187, .T. ) ;
#6316 = EDGE_LOOP ( 'NONE', ( #2435, #1579, #7625, #2926 ) ) ;
#6317 = CARTESIAN_POINT ( 'NONE',  ( -2.424025537428323500E-016, 1.937500001365589000, -3.958734124999999400 ) ) ;
#6318 = AXIS2_PLACEMENT_3D ( 'NONE', #2763, #7506, #3452 ) ;
#6319 = EDGE_CURVE ( 'NONE', #5182, #4467, #8432, .T. ) ;
#6320 = DIRECTION ( 'NONE',  ( 0.4461978007789579900, -0.8949343677499603800, 0.0000000000000000000 ) ) ;
#6322 = DIRECTION ( 'NONE',  ( 0.0000000000000000000, 0.0000000000000000000, 1.000000000000000000 ) ) ;
#6321 = FACE_OUTER_BOUND ( 'NONE', #173, .T. ) ;
#6323 = CARTESIAN_POINT ( 'NONE',  ( 1.639761364404186800, 2.625000001365589000, -3.958734124999999400 ) ) ;
#6324 = DIRECTION ( 'NONE',  ( 0.0000000000000000000, 0.0000000000000000000, -1.000000000000000000 ) ) ;
#6325 = ORIENTED_EDGE ( 'NONE', *, *, #3694, .T. ) ;
#6326 = EDGE_CURVE ( 'NONE', #4631, #6257, #6411, .T. ) ;
#6327 = DIRECTION ( 'NONE',  ( 0.0000000000000000000, 0.0000000000000000000, 1.000000000000000000 ) ) ;
#6328 = VECTOR ( 'NONE', #7, 1000.000000000000000 ) ;
#6329 = CARTESIAN_POINT ( 'NONE',  ( 14.49999999999999800, -4.819999999999999400, 0.0000000000000000000 ) ) ;
#6330 = CARTESIAN_POINT ( 'NONE',  ( -14.50000000000000000, -17.61836573537653200, -1.000000000000000000 ) ) ;
#6331 = EDGE_CURVE ( 'NONE', #1948, #4096, #4605, .T. ) ;
#6332 = CIRCLE ( 'NONE', #7256, 2.000000000000000000 ) ;
#6333 = ORIENTED_EDGE ( 'NONE', *, *, #2322, .F. ) ;
#6334 = CARTESIAN_POINT ( 'NONE',  ( -12.82717199727905600, -16.06957546252590400, 1.343593379079622600 ) ) ;
#6335 = VERTEX_POINT ( 'NONE', #523 ) ;
#6336 = LOCAL_TIME ( 19, 5, 7.000000000000000000, #8142 ) ;
#6337 = VECTOR ( 'NONE', #460, 1000.000000000000100 ) ;
#6338 = AXIS2_PLACEMENT_3D ( 'NONE', #2788, #3467, #8219 ) ;
#6339 = CARTESIAN_POINT ( 'NONE',  ( -1.639761364404188200, 4.125000001365589400, 3.958734124999998500 ) ) ;
#6340 = ORIENTED_EDGE ( 'NONE', *, *, #2276, .T. ) ;
#6341 = VERTEX_POINT ( 'NONE', #5988 ) ;
#6342 = CARTESIAN_POINT ( 'NONE',  ( -3.958734124999999400, 1.125000001365589200, -1.639761364404187100 ) ) ;
#6343 = CIRCLE ( 'NONE', #6896, 0.4525471255180572000 ) ;
#6344 = DIRECTION ( 'NONE',  ( 0.0000000000000000000, 1.000000000000000000, 0.0000000000000000000 ) ) ;
#6345 = CARTESIAN_POINT ( 'NONE',  ( 11.00966792606387300, -14.44999999999999900, 9.435953166363241000 ) ) ;
#6346 = ORIENTED_EDGE ( 'NONE', *, *, #309, .T. ) ;
#6347 = CARTESIAN_POINT ( 'NONE',  ( -14.84201414099325000, -4.819999999999999400, 0.2399999999999997700 ) ) ;
#6348 = EDGE_LOOP ( 'NONE', ( #4058, #899, #3887, #883, #3160, #4872, #5266 ) ) ;
#6349 = CIRCLE ( 'NONE', #5066, 0.3555000000000000400 ) ;
#6350 = DIRECTION ( 'NONE',  ( 0.0000000000000000000, -1.000000000000000000, 0.0000000000000000000 ) ) ;
#6351 = ORIENTED_EDGE ( 'NONE', *, *, #1847, .F. ) ;
#6352 = DIRECTION ( 'NONE',  ( 0.0000000000000000000, -1.000000000000000000, 0.0000000000000000000 ) ) ;
#6353 = CARTESIAN_POINT ( 'NONE',  ( -2.799247744702093100, 1.812500001365589000, -2.799247744702092700 ) ) ;
#6354 = CYLINDRICAL_SURFACE ( 'NONE', #4731, 2.000000000000000000 ) ;
#6355 = DIRECTION ( 'NONE',  ( 1.000000000000000000, 0.0000000000000000000, 0.0000000000000000000 ) ) ;
#6356 = ORIENTED_EDGE ( 'NONE', *, *, #8589, .F. ) ;
#6357 = DIRECTION ( 'NONE',  ( 0.0000000000000000000, 1.000000000000000000, 0.0000000000000000000 ) ) ;
#6358 = CARTESIAN_POINT ( 'NONE',  ( 0.0000000000000000000, 1.000000000000000000, 0.0000000000000000000 ) ) ;
#6359 = CARTESIAN_POINT ( 'NONE',  ( 2.598076211353317300, 10.00000000000000200, 1.499999999999999100 ) ) ;
#6360 = DIRECTION ( 'NONE',  ( 0.4461978007789584900, -0.8949343677499602700, 0.0000000000000000000 ) ) ;
#6361 = EDGE_LOOP ( 'NONE', ( #7699, #7551, #6027, #8451 ) ) ;
#6362 = EDGE_CURVE ( 'NONE', #4202, #6414, #8008, .T. ) ;
#6363 = ORIENTED_EDGE ( 'NONE', *, *, #1338, .T. ) ;
#6364 = CARTESIAN_POINT ( 'NONE',  ( 4.500000000000000900, 1.937499999999996400, 1.863961030678926700 ) ) ;
#6365 = AXIS2_PLACEMENT_3D ( 'NONE', #4344, #249, #5031 ) ;
#6366 = EDGE_CURVE ( 'NONE', #4461, #4458, #967, .T. ) ;
#6367 = ORIENTED_EDGE ( 'NONE', *, *, #3973, .F. ) ;
#6368 = CARTESIAN_POINT ( 'NONE',  ( 2.799247744702093600, 3.312500001365589000, 2.799247744702092700 ) ) ;
#6369 = CARTESIAN_POINT ( 'NONE',  ( 1.863961030678927400, 7.187499999999995600, -4.500000000000000900 ) ) ;
#6370 = ORIENTED_EDGE ( 'NONE', *, *, #3244, .T. ) ;
#6371 = CARTESIAN_POINT ( 'NONE',  ( -15.83924774000589300, -17.58289480127297800, 1.536186033554502100 ) ) ;
#6372 = VECTOR ( 'NONE', #3854, 1000.000000000000200 ) ;
#6373 = EDGE_LOOP ( 'NONE', ( #8804, #7833, #8262, #1696 ) ) ;
#6374 = B_SPLINE_CURVE_WITH_KNOTS ( 'NONE', 3,
 ( #3949, #8021, #5309, #1231 ),
 .UNSPECIFIED., .F., .F.,
 ( 4, 4 ),
 ( 2.380749485054887900E-007, 0.001168606431211102600 ),
 .UNSPECIFIED. ) ;
#6375 = PLANE ( 'NONE',  #5216 ) ;
#6376 = VERTEX_POINT ( 'NONE', #7386 ) ;
#6377 = CARTESIAN_POINT ( 'NONE',  ( -3.958734124999998500, 1.000000001365589000, 1.639761364404189700 ) ) ;
#6378 = AXIS2_PLACEMENT_3D ( 'NONE', #3522, #2840, #756 ) ;
#6379 = FACE_OUTER_BOUND ( 'NONE', #5157, .T. ) ;
#6380 = EDGE_LOOP ( 'NONE', ( #3370, #7471, #8284, #5536 ) ) ;
#6381 = CARTESIAN_POINT ( 'NONE',  ( -14.50000000000000000, -10.00000000000000000, 0.0000000000000000000 ) ) ;
#6382 = ORIENTED_EDGE ( 'NONE', *, *, #1158, .F. ) ;
#6383 = CARTESIAN_POINT ( 'NONE',  ( 0.0000000000000000000, -14.05000000000000100, 0.0000000000000000000 ) ) ;
#6384 = DIRECTION ( 'NONE',  ( -2.258754526011468200E-016, 0.0000000000000000000, 1.000000000000000000 ) ) ;
#6385 = CIRCLE ( 'NONE', #7558, 0.5999999999999998700 ) ;
#6386 = VECTOR ( 'NONE', #2776, 1000.000000000000000 ) ;
#6387 = EDGE_CURVE ( 'NONE', #2533, #2699, #6215, .T. ) ;
#6388 = VERTEX_POINT ( 'NONE', #6691 ) ;
#6389 = CARTESIAN_POINT ( 'NONE',  ( 0.0000000000000000000, -14.44999999999999900, 0.0000000000000000000 ) ) ;
#6390 = DIRECTION ( 'NONE',  ( -0.0000000000000000000, 1.000000000000000000, -0.0000000000000000000 ) ) ;
#6391 = AXIS2_PLACEMENT_3D ( 'NONE', #4623, #526, #5299 ) ;
#6392 = CARTESIAN_POINT ( 'NONE',  ( 14.49999999999999800, -6.600000000000001400, 0.2400000000000001900 ) ) ;
#6393 = ORIENTED_EDGE ( 'NONE', *, *, #5785, .T. ) ;
#6394 = VERTEX_POINT ( 'NONE', #3323 ) ;
#6395 = VECTOR ( 'NONE', #1755, 1000.000000000000000 ) ;
#6396 = CARTESIAN_POINT ( 'NONE',  ( 3.181980515339463400, 1.124999999999995800, -3.181980515339463800 ) ) ;
#6397 = CARTESIAN_POINT ( 'NONE',  ( 6.145413604715678900, -14.05000000000000100, 17.44946680064967400 ) ) ;
#6398 = CARTESIAN_POINT ( 'NONE',  ( 3.958734124999999400, 2.500000001365588500, -1.639761364404187500 ) ) ;
#6399 = LINE ( 'NONE', #3372, #2564 ) ;
#6400 = B_SPLINE_CURVE_WITH_KNOTS ( 'NONE', 3,
 ( #1390, #5474, #2786, #7529, #3466, #8218 ),
 .UNSPECIFIED., .F., .F.,
 ( 4, 2, 4 ),
 ( 0.001168606431211102200, 0.001750609284260044100, 0.002332612137308985800 ),
 .UNSPECIFIED. ) ;
#6401 = CARTESIAN_POINT ( 'NONE',  ( -3.181980515339463800, 6.374999999999996400, -3.181980515339463400 ) ) ;
#6402 = CARTESIAN_POINT ( 'NONE',  ( -12.50000000000000200, -17.60000000000000100, 0.0000000000000000000 ) ) ;
#6403 = PLANE ( 'NONE',  #7210 ) ;
#6404 = VERTEX_POINT ( 'NONE', #5361 ) ;
#6405 = ORIENTED_EDGE ( 'NONE', *, *, #6432, .F. ) ;
#6406 = CARTESIAN_POINT ( 'NONE',  ( 1.603120191833866800E-015, -14.05000000000000100, -40.84142135623730500 ) ) ;
#6407 = CARTESIAN_POINT ( 'NONE',  ( -15.91400053919070400, -14.44999999999999900, -33.21719501711064000 ) ) ;
#6408 = CARTESIAN_POINT ( 'NONE',  ( -1.639761364404187300, 7.000000001365589400, -3.958734124999999400 ) ) ;
#6409 = DIRECTION ( 'NONE',  ( 0.9739815868436148000, 0.0000000000000000000, 0.2266271574405722100 ) ) ;
#6410 = AXIS2_PLACEMENT_3D ( 'NONE', #3371, #8120, #4051 ) ;
#6411 = CIRCLE ( 'NONE', #1603, 14.00000000000000000 ) ;
#6412 = CARTESIAN_POINT ( 'NONE',  ( 16.50000000000000000, -17.47558117116885200, 0.9668978507697966200 ) ) ;
#6413 = ADVANCED_FACE ( 'NONE', ( #5989 ), #7796, .T. ) ;
#6414 = VERTEX_POINT ( 'NONE', #5330 ) ;
#6415 = CARTESIAN_POINT ( 'NONE',  ( -2.424025537428323500E-016, 1.687500001365588800, -3.958734124999999400 ) ) ;
#6416 = EDGE_CURVE ( 'NONE', #4403, #6414, #2586, .T. ) ;
#6417 = EDGE_CURVE ( 'NONE', #8395, #3047, #2362, .T. ) ;
#6418 = CIRCLE ( 'NONE', #2597, 0.3555000000000000400 ) ;
#6419 =( BOUNDED_CURVE ( )  B_SPLINE_CURVE ( 2, ( #4667, #602, #2686, #7432, #3367, #8117, #4045, #8802, #4733, #635, #5409, #1321, #6104, #2014, #6775, #2710, #7467, #3400, #8145, #4079, #8832, #4766, #664, #5441, #1353, #6136, #2045, #6802, #2747, #7490, #482, #5256, #1180, #5946, #1865, #6625, #2565, #7318, #3249, #8004, #3927, #8684, #4614, #514, #5289, #1212, #5983, #1895, #6658, #2591, #7354, #3281, #8034, #3961, #8717, #4647, #547, #5323, #1244, #6012, #1932, #6684, #2632, #7381, #3317, #8066, #3994, #8749, #4677, #580, #5355, #1270, #6049, #1958, #6719, #2660, #7416, #3340, #8098, #4022, #8778, #4712, #613, #5392, #1301, #6080, #1994, #6748, #2695, #7440, #3382, #8124, #4179, #74, #4862, #765, #5548 ),
 .UNSPECIFIED., .F., .F. ) 
 B_SPLINE_CURVE_WITH_KNOTS ( ( 3, 2, 2, 2, 2, 2, 2, 2, 2, 2, 2, 2, 2, 2, 2, 2, 2, 2, 2, 2, 2, 2, 2, 2, 2, 2, 2, 2, 2, 2, 2, 2, 2, 2, 2, 2, 2, 2, 2, 2, 2, 2, 2, 2, 2, 2, 2, 2, 3 ),
 ( 0.0000000000000000000, 0.01785714285714285600, 0.03571428571428571200, 0.05357142857142856800, 0.07142857142857142500, 0.08928571428571430200, 0.1071428571428571400, 0.1250000000000000000, 0.1428571428571428500, 0.1607142857142857300, 0.1785714285714286000, 0.1964285714285714200, 0.2142857142857142700, 0.2321428571428571500, 0.2500000000000000000, 0.2678571428571428500, 0.2857142857142857000, 0.3035714285714285500, 0.3214285714285714500, 0.3392857142857143000, 0.3571428571428572100, 0.3750000000000000000, 0.3928571428571428500, 0.4107142857142857000, 0.4285714285714285500, 0.4464285714285714500, 0.4642857142857143000, 0.4821428571428571500, 0.5000000000000000000, 0.5178571428571429000, 0.5357142857142857000, 0.5535714285714286000, 0.5714285714285714000, 0.5892857142857143000, 0.6071428571428571000, 0.6250000000000000000, 0.6428571428571429000, 0.6607142857142857000, 0.6785714285714286000, 0.6964285714285715100, 0.7142857142857144100, 0.7321428571428571000, 0.7500000000000000000, 0.7678571428571429000, 0.7857142857142857000, 0.8035714285714286000, 0.8214285714285714000, 0.8392857142857143000, 0.8482142859019449200 ),
 .UNSPECIFIED. ) 
 CURVE ( )  GEOMETRIC_REPRESENTATION_ITEM ( )  RATIONAL_B_SPLINE_CURVE ( ( 1.000000000000000000, 0.9238795325112867400, 1.000000000000000000, 0.9238795325112867400, 1.000000000000000000, 0.9238795325112867400, 1.000000000000000000, 0.9238795325112867400, 1.000000000000000000, 0.9238795325112867400, 1.000000000000000000, 0.9238795325112867400, 1.000000000000000000, 0.9238795325112867400, 1.000000000000000000, 0.9238795325112867400, 1.000000000000000000, 0.9238795325112867400, 1.000000000000000000, 0.9238795325112867400, 1.000000000000000000, 0.9238795325112867400, 1.000000000000000000, 0.9238795325112867400, 1.000000000000000000, 0.9238795325112867400, 1.000000000000000000, 0.9238795325112867400, 1.000000000000000000, 0.9238795325112867400, 1.000000000000000000, 0.9238795325112867400, 1.000000000000000000, 0.9238795325112867400, 1.000000000000000000, 0.9238795325112867400, 1.000000000000000000, 0.9238795325112867400, 1.000000000000000000, 0.9238795325112867400, 1.000000000000000000, 0.9238795325112867400, 1.000000000000000000, 0.9238795325112867400, 1.000000000000000000, 0.9238795325112867400, 1.000000000000000000, 0.9238795325112867400, 1.000000000000000000, 0.9238795325112867400, 1.000000000000000000, 0.9238795325112867400, 1.000000000000000000, 0.9238795325112867400, 1.000000000000000000, 0.9238795325112867400, 1.000000000000000000, 0.9238795325112867400, 1.000000000000000000, 0.9238795325112867400, 1.000000000000000000, 0.9238795325112867400, 1.000000000000000000, 0.9238795325112867400, 1.000000000000000000, 0.9238795325112867400, 1.000000000000000000, 0.9238795325112867400, 1.000000000000000000, 0.9238795325112867400, 1.000000000000000000, 0.9238795325112867400, 1.000000000000000000, 0.9238795325112867400, 1.000000000000000000, 0.9238795325112867400, 1.000000000000000000, 0.9238795325112867400, 1.000000000000000000, 0.9238795325112867400, 1.000000000000000000, 0.9238795325112867400, 1.000000000000000000, 0.9238795325112867400, 1.000000000000000000, 0.9238795325112867400, 1.000000000000000000, 0.9238795325112867400, 1.000000000000000000, 0.9238795325112867400, 1.000000000000000000, 0.9238795325112867400, 1.000000000000000000, 0.9238795325112867400, 1.000000000000000000, 0.9619397654556998100, 0.9619397662556433700 ) ) 
 REPRESENTATION_ITEM ( '' )  );
#6420 = CARTESIAN_POINT ( 'NONE',  ( -4.500000000000000000, 5.562499999999996400, 1.863961030678930700 ) ) ;
#6421 = CARTESIAN_POINT ( 'NONE',  ( 6.123233995736766300E-016, 1.000000000000000000, 5.000000000000000000 ) ) ;
#6422 = AXIS2_PLACEMENT_3D ( 'NONE', #3953, #8705, #4638 ) ;
#6423 = DIRECTION ( 'NONE',  ( 0.0000000000000000000, -0.0000000000000000000, -1.000000000000000000 ) ) ;
#6424 = VECTOR ( 'NONE', #1394, 1000.000000000000000 ) ;
#6425 = DIRECTION ( 'NONE',  ( 0.0000000000000000000, -0.0000000000000000000, -1.000000000000000000 ) ) ;
#6426 = DIRECTION ( 'NONE',  ( -0.0000000000000000000, 1.000000000000000000, -0.0000000000000000000 ) ) ;
#6427 = ORIENTED_EDGE ( 'NONE', *, *, #7570, .F. ) ;
#6428 = ORIENTED_EDGE ( 'NONE', *, *, #8305, .T. ) ;
#6429 = CARTESIAN_POINT ( 'NONE',  ( -3.958734124999999400, 6.187500001365589400, 0.0000000000000000000 ) ) ;
#6430 = DIRECTION ( 'NONE',  ( 0.0000000000000000000, 0.0000000000000000000, -1.000000000000000000 ) ) ;
#6431 = VECTOR ( 'NONE', #8391, 1000.000000000000000 ) ;
#6432 = EDGE_CURVE ( 'NONE', #7947, #7412, #3912, .T. ) ;
#6433 = ORIENTED_EDGE ( 'NONE', *, *, #8300, .T. ) ;
#6434 = CARTESIAN_POINT ( 'NONE',  ( 14.74000000000000000, -4.819999999999999400, -0.3420141409932469000 ) ) ;
#6435 = ORIENTED_EDGE ( 'NONE', *, *, #7982, .T. ) ;
#6436 = LINE ( 'NONE', #1319, #4633 ) ;
#6437 = AXIS2_PLACEMENT_3D ( 'NONE', #6730, #1283, #627 ) ;
#6438 = ORIENTED_EDGE ( 'NONE', *, *, #2953, .T. ) ;
#6439 = FACE_OUTER_BOUND ( 'NONE', #8301, .T. ) ;
#6440 = DIRECTION ( 'NONE',  ( -0.4320633875534194400, 0.0000000000000000000, -0.9018432397794329300 ) ) ;
#6441 = DIRECTION ( 'NONE',  ( 0.0000000000000000000, -1.000000000000000000, 0.0000000000000000000 ) ) ;
#6442 = ORIENTED_EDGE ( 'NONE', *, *, #7887, .T. ) ;
#6443 = EDGE_CURVE ( 'NONE', #7337, #5236, #2432, .T. ) ;
#6444 = CARTESIAN_POINT ( 'NONE',  ( -2.755455298081544300E-016, 5.375000002731183300, -4.500000000000000000 ) ) ;
#6445 = CYLINDRICAL_SURFACE ( 'NONE', #8207, 14.50000000000000000 ) ;
#6446 = ORIENTED_EDGE ( 'NONE', *, *, #7565, .F. ) ;
#6447 = CARTESIAN_POINT ( 'NONE',  ( 14.74000000000000400, -3.400000000000000400, -1.049999999999999400 ) ) ;
#6448 = AXIS2_PLACEMENT_3D ( 'NONE', #6456, #6510, #2433 ) ;
#6449 = CARTESIAN_POINT ( 'NONE',  ( -3.958734124999999400, 0.8750000013655889800, -1.639761364404187100 ) ) ;
#6450 = ORIENTED_EDGE ( 'NONE', *, *, #6203, .T. ) ;
#6451 = TOROIDAL_SURFACE ( 'NONE', #4800, 1.500000000000001300, 0.5000000000000000000 ) ;
#6452 = B_SPLINE_CURVE_WITH_KNOTS ( 'NONE', 3,
 ( #7944, #424, #457, #5232, #1149, #5920, #1837, #6610 ),
 .UNSPECIFIED., .F., .F.,
 ( 4, 2, 2, 4 ),
 ( -4.568372768432423500E-006, 0.0004903198864122744400, 0.0007377640160026288200, 0.0009852081455929832000 ),
 .UNSPECIFIED. ) ;
#6453 = CARTESIAN_POINT ( 'NONE',  ( 8.266365894244633300E-016, 4.749999999999996400, 4.500000000000000000 ) ) ;
#6454 = CARTESIAN_POINT ( 'NONE',  ( 14.50000000000000000, -17.60000000000000100, 2.309401076758504700 ) ) ;
#6455 = DIRECTION ( 'NONE',  ( 0.4320633875534194400, 0.0000000000000000000, 0.9018432397794329300 ) ) ;
#6456 = CARTESIAN_POINT ( 'NONE',  ( 16.50000000000000000, -17.60000000000000100, -1.154700538379249000 ) ) ;
#6457 = ORIENTED_EDGE ( 'NONE', *, *, #6820, .F. ) ;
#6458 = ORIENTED_EDGE ( 'NONE', *, *, #1556, .T. ) ;
#6459 = CARTESIAN_POINT ( 'NONE',  ( -1.639761364404188200, 5.375000001365588500, 3.958734124999998500 ) ) ;
#6460 = B_SPLINE_CURVE_WITH_KNOTS ( 'NONE', 3,
 ( #3027, #7094, #7781, #3712, #8456, #4379 ),
 .UNSPECIFIED., .F., .F.,
 ( 4, 2, 4 ),
 ( 0.003228283429323684400, 0.003812703409393314100, 0.004397123389462943800 ),
 .UNSPECIFIED. ) ;
#6461 = ADVANCED_FACE ( 'NONE', ( #2163 ), #7377, .T. ) ;
#6462 = DIRECTION ( 'NONE',  ( 0.0000000000000000000, -1.000000000000000000, 0.0000000000000000000 ) ) ;
#6463 = VERTEX_POINT ( 'NONE', #6789 ) ;
#6464 = CARTESIAN_POINT ( 'NONE',  ( 14.49999999999999800, -4.190020746977267200, 0.0000000000000000000 ) ) ;
#6465 = AXIS2_PLACEMENT_3D ( 'NONE', #4763, #661, #5438 ) ;
#6466 = ORIENTED_EDGE ( 'NONE', *, *, #873, .F. ) ;
#6467 = ORIENTED_EDGE ( 'NONE', *, *, #4908, .T. ) ;
#6468 = DIRECTION ( 'NONE',  ( 0.8949343677499603800, -0.4461978007789581000, 0.0000000000000000000 ) ) ;
#6469 = PLANE ( 'NONE',  #8227 ) ;
#6470 = EDGE_CURVE ( 'NONE', #8623, #6845, #5764, .T. ) ;
#6471 = CARTESIAN_POINT ( 'NONE',  ( -16.17282800272094800, -16.06957546252590400, -1.343593379079621100 ) ) ;
#6472 = AXIS2_PLACEMENT_3D ( 'NONE', #4498, #5178, #1085 ) ;
#6473 = EDGE_CURVE ( 'NONE', #5786, #4265, #4188, .T. ) ;
#6474 = FACE_OUTER_BOUND ( 'NONE', #2856, .T. ) ;
#6475 = ORIENTED_EDGE ( 'NONE', *, *, #4714, .F. ) ;
#6476 = DIRECTION ( 'NONE',  ( 0.0000000000000000000, 1.000000000000000000, 0.0000000000000000000 ) ) ;
#6477 = ORIENTED_EDGE ( 'NONE', *, *, #5721, .T. ) ;
#6478 = CARTESIAN_POINT ( 'NONE',  ( 4.500000000000000900, 3.937499999999996900, 1.863961030678926700 ) ) ;
#6479 = CARTESIAN_POINT ( 'NONE',  ( -14.50000000000000000, -10.00000000000000000, 0.0000000000000000000 ) ) ;
#6480 = CARTESIAN_POINT ( 'NONE',  ( -2.615913942948801200, 1.000000000000000900, -2.982622028869814600 ) ) ;
#6481 = CARTESIAN_POINT ( 'NONE',  ( 11.00966792606387300, -14.05000000000000100, 9.435953166363241000 ) ) ;
#6482 = FACE_OUTER_BOUND ( 'NONE', #4709, .T. ) ;
#6483 = EDGE_LOOP ( 'NONE', ( #5581, #3823, #6282, #5633, #6606, #2024 ) ) ;
#6484 = EDGE_LOOP ( 'NONE', ( #3136, #257, #2641, #3514 ) ) ;
#6485 = CARTESIAN_POINT ( 'NONE',  ( 2.799247744702093600, 4.562500001365588500, 2.799247744702092700 ) ) ;
#6486 = ORIENTED_EDGE ( 'NONE', *, *, #4477, .F. ) ;
#6487 = LINE ( 'NONE', #1311, #4690 ) ;
#6488 = EDGE_CURVE ( 'NONE', #3528, #5959, #315, .T. ) ;
#6489 = DIRECTION ( 'NONE',  ( -0.0000000000000000000, 1.000000000000000000, -0.0000000000000000000 ) ) ;
#6490 = FACE_OUTER_BOUND ( 'NONE', #2344, .T. ) ;
#6491 = CARTESIAN_POINT ( 'NONE',  ( -14.59698751136435600, -4.819999999999999400, 0.3420141409932481700 ) ) ;
#6492 = EDGE_LOOP ( 'NONE', ( #3487, #529, #8182 ) ) ;
#6493 = ORIENTED_EDGE ( 'NONE', *, *, #956, .F. ) ;
#6494 = CARTESIAN_POINT ( 'NONE',  ( 0.0000000000000000000, -14.05000000000000100, 0.0000000000000000000 ) ) ;
#6495 = ORIENTED_EDGE ( 'NONE', *, *, #3290, .F. ) ;
#6496 = DIRECTION ( 'NONE',  ( 0.0000000000000000000, -1.000000000000000000, 0.0000000000000000000 ) ) ;
#6497 = CARTESIAN_POINT ( 'NONE',  ( 13.52981128101062300, -3.560076670449441300, -0.2400000000000001900 ) ) ;
#6498 = AXIS2_PLACEMENT_3D ( 'NONE', #7970, #450, #2567 ) ;
#6499 = CARTESIAN_POINT ( 'NONE',  ( 3.958734125000000300, 6.625000001365589400, 1.639761364404186200 ) ) ;
#6500 = CARTESIAN_POINT ( 'NONE',  ( 16.50000000000000000, -17.60000000000000100, -1.154700538379249000 ) ) ;
#6501 = ADVANCED_FACE ( 'NONE', ( #5570 ), #1706, .T. ) ;
#6502 = DIRECTION ( 'NONE',  ( 1.000000000000000000, 0.0000000000000000000, 0.0000000000000000000 ) ) ;
#6503 = ORIENTED_EDGE ( 'NONE', *, *, #6557, .T. ) ;
#6504 = CARTESIAN_POINT ( 'NONE',  ( 16.50000000000000000, -16.17863279495408300, 1.154700538379255900 ) ) ;
#6505 = CARTESIAN_POINT ( 'NONE',  ( 17.44946680064970600, -14.44999999999999900, -6.145413604715606000 ) ) ;
#6506 = TOROIDAL_SURFACE ( 'NONE', #7957, 10.49999999999999800, 1.000000000000000000 ) ;
#6507 = CARTESIAN_POINT ( 'NONE',  ( 3.181980515339463400, 3.124999999999996000, -3.181980515339463800 ) ) ;
#6508 = CARTESIAN_POINT ( 'NONE',  ( 14.50000000000000000, -16.17863279495408300, -2.309401076758504700 ) ) ;
#6509 = CARTESIAN_POINT ( 'NONE',  ( -15.55000000000000100, -3.400000000000000400, -0.2399999999999997700 ) ) ;
#6510 = DIRECTION ( 'NONE',  ( 0.5000000000000010000, 0.0000000000000000000, -0.8660254037844380400 ) ) ;
#6511 = CARTESIAN_POINT ( 'NONE',  ( -12.57152317880794900, -4.046379599446113100, 0.0000000000000000000 ) ) ;
#6512 = FACE_BOUND ( 'NONE', #3618, .T. ) ;
#6513 = CARTESIAN_POINT ( 'NONE',  ( 3.958734124999999400, 3.750000001365589000, -1.639761364404187500 ) ) ;
#6514 = ORIENTED_EDGE ( 'NONE', *, *, #4987, .T. ) ;
#6515 = PLANE ( 'NONE',  #1933 ) ;
#6516 = DIRECTION ( 'NONE',  ( -1.000000000000000000, -0.0000000000000000000, -0.0000000000000000000 ) ) ;
#6517 = ADVANCED_FACE ( 'NONE', ( #5346 ), #6944, .F. ) ;
#6518 = CYLINDRICAL_SURFACE ( 'NONE', #4715, 1.999999999999999600 ) ;
#6519 = DIRECTION ( 'NONE',  ( 0.0000000000000000000, 1.000000000000000000, 0.0000000000000000000 ) ) ;
#6520 = EDGE_CURVE ( 'NONE', #6784, #3637, #8754, .T. ) ;
#6521 = EDGE_CURVE ( 'NONE', #7772, #6979, #1934, .T. ) ;
#6522 = CARTESIAN_POINT ( 'NONE',  ( -4.500000000000000000, 3.625000002731183300, 0.0000000000000000000 ) ) ;
#6523 = VERTEX_POINT ( 'NONE', #8165 ) ;
#6524 = CARTESIAN_POINT ( 'NONE',  ( 2.799247744702092700, 5.812500001365590300, -2.799247744702093100 ) ) ;
#6525 = AXIS2_PLACEMENT_3D ( 'NONE', #1758, #5816, #7260 ) ;
#6526 = CYLINDRICAL_SURFACE ( 'NONE', #454, 4.500000000000000000 ) ;
#6527 = PLANE ( 'NONE',  #8750 ) ;
#6528 = CIRCLE ( 'NONE', #4067, 1.000000000000000900 ) ;
#6529 = EDGE_LOOP ( 'NONE', ( #2503, #5501, #6264, #486 ) ) ;
#6530 = EDGE_CURVE ( 'NONE', #5741, #5255, #7158, .T. ) ;
#6531 = ORIENTED_EDGE ( 'NONE', *, *, #4781, .F. ) ;
#6532 = CARTESIAN_POINT ( 'NONE',  ( -1.863961030678928300, 2.312499999999996000, -4.500000000000000900 ) ) ;
#6533 = APPROVAL_DATE_TIME ( #8349, #1365 ) ;
#6534 = CARTESIAN_POINT ( 'NONE',  ( 14.82717199727905400, -16.06957546252590100, -2.120508236058134000 ) ) ;
#6535 = AXIS2_PLACEMENT_3D ( 'NONE', #4668, #569, #5347 ) ;
#6536 = CARTESIAN_POINT ( 'NONE',  ( -16.50000000000000000, -16.17863279495408300, 1.154700538379255900 ) ) ;
#6537 = TOROIDAL_SURFACE ( 'NONE', #4557, 1.500000000000001300, 0.5000000000000000000 ) ;
#6538 = CARTESIAN_POINT ( 'NONE',  ( 14.49999999999999800, -5.000000000000000900, 0.0000000000000000000 ) ) ;
#6539 = CARTESIAN_POINT ( 'NONE',  ( -2.424025537428323500E-016, 2.937500001365589000, -3.958734124999999400 ) ) ;
#6540 = ORIENTED_EDGE ( 'NONE', *, *, #8188, .F. ) ;
#6541 = LINE ( 'NONE', #1913, #2944 ) ;
#6542 = ADVANCED_FACE ( 'NONE', ( #120 ), #5124, .T. ) ;
#6543 = CARTESIAN_POINT ( 'NONE',  ( 0.0000000000000000000, 7.000000000000000000, 0.0000000000000000000 ) ) ;
#6544 = ORIENTED_EDGE ( 'NONE', *, *, #4944, .F. ) ;
#6545 = ORIENTED_EDGE ( 'NONE', *, *, #8011, .T. ) ;
#6546 = CYLINDRICAL_SURFACE ( 'NONE', #3248, 1.600000000000000800 ) ;
#6547 = EDGE_CURVE ( 'NONE', #7303, #4751, #3756, .T. ) ;
#6548 = DIRECTION ( 'NONE',  ( -0.5649874621035423400, 0.0000000000000000000, 0.8250994895561373200 ) ) ;
#6549 = CARTESIAN_POINT ( 'NONE',  ( 14.11184369749311800, -5.028405755520766200, 1.668387403364454800 ) ) ;
#6550 = AXIS2_PLACEMENT_3D ( 'NONE', #2867, #1462, #2192 ) ;
#6551 = CIRCLE ( 'NONE', #3363, 1.000000000000000900 ) ;
#6552 = ORIENTED_EDGE ( 'NONE', *, *, #1912, .F. ) ;
#6553 = CARTESIAN_POINT ( 'NONE',  ( 0.0000000000000000000, -14.44999999999999900, 0.0000000000000000000 ) ) ;
#6554 = DIRECTION ( 'NONE',  ( 0.9018432397794303700, 0.0000000000000000000, 0.4320633875534246600 ) ) ;
#6555 = EDGE_LOOP ( 'NONE', ( #1457, #5140, #8616 ) ) ;
#6556 = CARTESIAN_POINT ( 'NONE',  ( -1.639761364404187300, 5.000000001365589400, -3.958734124999999400 ) ) ;
#6557 = EDGE_CURVE ( 'NONE', #6251, #4016, #1500, .T. ) ;
#6558 = DIRECTION ( 'NONE',  ( -0.6507553907836753900, 0.0000000000000000000, 0.7592874431768156200 ) ) ;
#6559 = DIRECTION ( 'NONE',  ( -1.000000000000000000, 0.0000000000000000000, 0.0000000000000000000 ) ) ;
#6560 = ADVANCED_FACE ( 'NONE', ( #1293 ), #3333, .T. ) ;
#6561 = DIRECTION ( 'NONE',  ( 0.0000000000000000000, 0.0000000000000000000, 1.000000000000000000 ) ) ;
#6562 = CARTESIAN_POINT ( 'NONE',  ( -0.3562756447984187800, 1.000000000000000200, 4.261152323714622300 ) ) ;
#6563 = ORIENTED_EDGE ( 'NONE', *, *, #7676, .T. ) ;
#6564 = DIRECTION ( 'NONE',  ( -0.0000000000000000000, 0.0000000000000000000, 1.000000000000000000 ) ) ;
#6565 = CARTESIAN_POINT ( 'NONE',  ( -15.50000000000000400, -17.60000000000000100, -1.732050807568875200 ) ) ;
#6566 = ORIENTED_EDGE ( 'NONE', *, *, #7273, .T. ) ;
#6567 = CARTESIAN_POINT ( 'NONE',  ( 4.500000000000000900, 6.062500002731184200, 1.863961030678926700 ) ) ;
#6568 = ORIENTED_EDGE ( 'NONE', *, *, #4324, .F. ) ;
#6569 = CARTESIAN_POINT ( 'NONE',  ( -3.958734124999999400, 2.125000001365589400, -1.639761364404187100 ) ) ;
#6570 = DIRECTION ( 'NONE',  ( 0.0000000000000000000, 0.0000000000000000000, -1.000000000000000000 ) ) ;
#6571 = DIRECTION ( 'NONE',  ( 0.0000000000000000000, 0.0000000000000000000, -1.000000000000000000 ) ) ;
#6572 = CIRCLE ( 'NONE', #4050, 0.4525471255180572000 ) ;
#6573 = ORIENTED_EDGE ( 'NONE', *, *, #3345, .F. ) ;
#6574 = VERTEX_POINT ( 'NONE', #6235 ) ;
#6575 = DIRECTION ( 'NONE',  ( 0.0000000000000000000, 0.0000000000000000000, 1.000000000000000000 ) ) ;
#6576 = DIRECTION ( 'NONE',  ( -0.0000000000000000000, 1.000000000000000000, -0.0000000000000000000 ) ) ;
#6577 = AXIS2_PLACEMENT_3D ( 'NONE', #8644, #4578, #475 ) ;
#6578 = CARTESIAN_POINT ( 'NONE',  ( -14.19392042914773300, -4.357706539904509000, 0.2399999999999996600 ) ) ;
#6579 = LINE ( 'NONE', #866, #4796 ) ;
#6580 = ORIENTED_EDGE ( 'NONE', *, *, #182, .T. ) ;
#6581 = CARTESIAN_POINT ( 'NONE',  ( -2.755455298081544300E-016, 1.249999999999996000, -4.500000000000000000 ) ) ;
#6582 = CARTESIAN_POINT ( 'NONE',  ( -3.958734124999999400, 4.187500001365589400, 0.0000000000000000000 ) ) ;
#6583 = EDGE_CURVE ( 'NONE', #8580, #7615, #3112, .T. ) ;
#6584 = EDGE_CURVE ( 'NONE', #1658, #8159, #8326, .T. ) ;
#6585 = VERTEX_POINT ( 'NONE', #4890 ) ;
#6586 = LINE ( 'NONE', #3574, #1141 ) ;
#6587 = CARTESIAN_POINT ( 'NONE',  ( -20.18017091227443400, -14.44999999999999900, -17.29563043101750000 ) ) ;
#6588 = ADVANCED_FACE ( 'NONE', ( #6724 ), #2180, .T. ) ;
#6589 = DIRECTION ( 'NONE',  ( 0.0000000000000000000, 1.000000000000000000, 0.0000000000000000000 ) ) ;
#6590 = AXIS2_PLACEMENT_3D ( 'NONE', #359, #5135, #1054 ) ;
#6591 = CARTESIAN_POINT ( 'NONE',  ( 14.26000000000000000, -4.819999999999999400, -0.2622598901852886700 ) ) ;
#6592 = CONICAL_SURFACE ( 'NONE', #4140, 2.000000000000000000, 1.047197551196595900 ) ;
#6593 = ORIENTED_EDGE ( 'NONE', *, *, #3357, .T. ) ;
#6594 = ORIENTED_EDGE ( 'NONE', *, *, #7335, .F. ) ;
#6595 = CARTESIAN_POINT ( 'NONE',  ( 14.25999999999999800, -4.819999999999999400, 0.3420141409932473400 ) ) ;
#6596 = CARTESIAN_POINT ( 'NONE',  ( 1.285879139104720600E-015, -1.000000000000000000, -10.49999999999999800 ) ) ;
#6597 = ORIENTED_EDGE ( 'NONE', *, *, #528, .T. ) ;
#6598 = LINE ( 'NONE', #5896, #736 ) ;
#6599 = TOROIDAL_SURFACE ( 'NONE', #7383, 1.819999999999999400, 0.1800000000000003300 ) ;
#6600 = CARTESIAN_POINT ( 'NONE',  ( 3.181980515339463400, 5.250000002731182400, -3.181980515339463800 ) ) ;
#6601 = VECTOR ( 'NONE', #3956, 1000.000000000000100 ) ;
#6602 = EDGE_CURVE ( 'NONE', #3090, #7929, #4719, .T. ) ;
#6603 = CARTESIAN_POINT ( 'NONE',  ( -2.799247744702092300, 1.312500001365589400, 2.799247744702093600 ) ) ;
#6604 = AXIS2_PLACEMENT_3D ( 'NONE', #2247, #6304, #8371 ) ;
#6605 = EDGE_CURVE ( 'NONE', #5315, #7385, #2918, .T. ) ;
#6606 = ORIENTED_EDGE ( 'NONE', *, *, #2363, .T. ) ;
#6607 = CARTESIAN_POINT ( 'NONE',  ( -1.201817110666144400, 1.000000000000000200, -3.814107434745064300 ) ) ;
#6608 = EDGE_LOOP ( 'NONE', ( #1493, #5715 ) ) ;
#6609 = ADVANCED_FACE ( 'NONE', ( #1066 ), #8306, .T. ) ;
#6610 = CARTESIAN_POINT ( 'NONE',  ( -14.36206896551724400, -5.500000000000000000, -1.995238088481303200 ) ) ;
#6611 = DIRECTION ( 'NONE',  ( -0.0000000000000000000, -1.000000000000000000, -0.0000000000000000000 ) ) ;
#6612 = CARTESIAN_POINT ( 'NONE',  ( 14.74000000000000000, -6.600000000000001400, 8.673617379884035500E-016 ) ) ;
#6613 = EDGE_CURVE ( 'NONE', #8077, #8139, #6314, .T. ) ;
#6614 = CARTESIAN_POINT ( 'NONE',  ( 3.641428325763518300, 6.867363917870056500, -1.973367303951113900 ) ) ;
#6615 = CARTESIAN_POINT ( 'NONE',  ( -1.639761364404188200, 3.375000001365589400, 3.958734124999998500 ) ) ;
#6616 = LINE ( 'NONE', #6879, #8002 ) ;
#6617 = CARTESIAN_POINT ( 'NONE',  ( -17.44946680064964200, -14.44999999999999900, -6.145413604715783700 ) ) ;
#6618 = DIRECTION ( 'NONE',  ( -0.0000000000000000000, 0.0000000000000000000, 1.000000000000000000 ) ) ;
#6619 = VECTOR ( 'NONE', #8655, 1000.000000000000000 ) ;
#6620 = CARTESIAN_POINT ( 'NONE',  ( 14.36206896551724400, -5.500000000000000000, -1.995238088481303200 ) ) ;
#6621 = DIRECTION ( 'NONE',  ( 0.0000000000000000000, 1.000000000000000000, 0.0000000000000000000 ) ) ;
#6622 = CARTESIAN_POINT ( 'NONE',  ( -15.55000000000000100, -3.400000000000000400, 0.2399999999999997700 ) ) ;
#6623 = CARTESIAN_POINT ( 'NONE',  ( -1.863961030678928300, 4.437500002731183300, -4.500000000000000900 ) ) ;
#6624 = ORIENTED_EDGE ( 'NONE', *, *, #8575, .F. ) ;
#6625 = CARTESIAN_POINT ( 'NONE',  ( -1.639761364404187300, 4.750000001365588500, -3.958734124999999400 ) ) ;
#6626 = LINE ( 'NONE', #4226, #4615 ) ;
#6627 = ADVANCED_FACE ( 'NONE', ( #8118 ), #4946, .T. ) ;
#6628 = CIRCLE ( 'NONE', #3449, 1.928476821192052700 ) ;
#6629 = CARTESIAN_POINT ( 'NONE',  ( 3.391823349021504600, 0.9999999999999993300, -2.672926255646432400 ) ) ;
#6630 = ORIENTED_EDGE ( 'NONE', *, *, #2611, .T. ) ;
#6631 = ORIENTED_EDGE ( 'NONE', *, *, #6901, .F. ) ;
#6632 = PLANE ( 'NONE',  #2672 ) ;
#6633 = EDGE_CURVE ( 'NONE', #8067, #1169, #4486, .T. ) ;
#6634 = AXIS2_PLACEMENT_3D ( 'NONE', #4120, #4814, #8194 ) ;
#6635 = DIRECTION ( 'NONE',  ( 0.0000000000000000000, 0.0000000000000000000, 1.000000000000000000 ) ) ;
#6636 = EDGE_CURVE ( 'NONE', #4368, #8767, #863, .T. ) ;
#6637 = CIRCLE ( 'NONE', #5752, 0.3555000000000000400 ) ;
#6638 = CARTESIAN_POINT ( 'NONE',  ( 3.316524780559450700, 6.748086208752619400, 2.674657750574534400 ) ) ;
#6639 = CARTESIAN_POINT ( 'NONE',  ( 2.799247744702093600, 2.562500001365589400, 2.799247744702092700 ) ) ;
#6640 = ORIENTED_EDGE ( 'NONE', *, *, #1154, .T. ) ;
#6641 = EDGE_LOOP ( 'NONE', ( #5902, #2938, #4429, #7635, #5496, #754 ) ) ;
#6642 = CYLINDRICAL_SURFACE ( 'NONE', #8540, 18.50000000000000000 ) ;
#6643 = DIRECTION ( 'NONE',  ( 0.0000000000000000000, 0.0000000000000000000, 1.000000000000000000 ) ) ;
#6644 = CARTESIAN_POINT ( 'NONE',  ( -13.52574207698865500, -3.551915109540152700, 0.0000000000000000000 ) ) ;
#6645 = EDGE_LOOP ( 'NONE', ( #4630, #2902, #91, #2677 ) ) ;
#6646 = ADVANCED_FACE ( 'NONE', ( #2698 ), #8568, .F. ) ;
#6647 = CIRCLE ( 'NONE', #3993, 2.000000000000000000 ) ;
#6648 = ORIENTED_EDGE ( 'NONE', *, *, #3693, .T. ) ;
#6649 = AXIS2_PLACEMENT_3D ( 'NONE', #1769, #2475, #7911 ) ;
#6650 = AXIS2_PLACEMENT_3D ( 'NONE', #1689, #6468, #2386 ) ;
#6651 = CARTESIAN_POINT ( 'NONE',  ( 1.863961030678927400, 6.187499999999996400, -4.500000000000001800 ) ) ;
#6652 = CARTESIAN_POINT ( 'NONE',  ( -14.50000000000000000, -17.60000000000000100, -1.000000000000000000 ) ) ;
#6653 = FACE_BOUND ( 'NONE', #5300, .T. ) ;
#6654 = CARTESIAN_POINT ( 'NONE',  ( -4.500000000000000000, 3.625000002731183300, 0.0000000000000000000 ) ) ;
#6655 = ORIENTED_EDGE ( 'NONE', *, *, #1807, .F. ) ;
#6656 = ORIENTED_EDGE ( 'NONE', *, *, #4442, .F. ) ;
#6657 = VECTOR ( 'NONE', #780, 1000.000000000000200 ) ;
#6658 = CARTESIAN_POINT ( 'NONE',  ( -3.958734124999999400, 3.937500001365589000, 0.0000000000000000000 ) ) ;
#6659 = CARTESIAN_POINT ( 'NONE',  ( -2.424025537428323500E-016, 6.687500001365588500, -3.958734124999999400 ) ) ;
#6660 = ORIENTED_EDGE ( 'NONE', *, *, #6987, .F. ) ;
#6661 = ORIENTED_EDGE ( 'NONE', *, *, #2957, .T. ) ;
#6662 = CARTESIAN_POINT ( 'NONE',  ( 0.0000000000000000000, -5.000000000000000000, 0.0000000000000000000 ) ) ;
#6663 = CARTESIAN_POINT ( 'NONE',  ( -14.50000000000000200, -16.00000000000000000, 0.0000000000000000000 ) ) ;
#6664 = DIRECTION ( 'NONE',  ( 0.0000000000000000000, -1.000000000000000000, 0.0000000000000000000 ) ) ;
#6665 = ORIENTED_EDGE ( 'NONE', *, *, #5515, .F. ) ;
#6666 = DIRECTION ( 'NONE',  ( -0.07674375022329539600, 0.0000000000000000000, 0.9970508496569593400 ) ) ;
#6667 = VERTEX_POINT ( 'NONE', #2448 ) ;
#6668 = CARTESIAN_POINT ( 'NONE',  ( 0.0000000000000000000, 7.000000000000000000, 0.0000000000000000000 ) ) ;
#6669 = CARTESIAN_POINT ( 'NONE',  ( 3.958734124999999400, 1.750000001365589200, -1.639761364404187500 ) ) ;
#6670 = ORIENTED_EDGE ( 'NONE', *, *, #5146, .T. ) ;
#6671 = AXIS2_PLACEMENT_3D ( 'NONE', #6731, #6765, #3354 ) ;
#6672 = DIRECTION ( 'NONE',  ( 0.8250994895561396500, 0.0000000000000000000, 0.5649874621035389000 ) ) ;
#6673 = CARTESIAN_POINT ( 'NONE',  ( -14.66317817513182200, -17.47575993009078800, -2.215190113420277400 ) ) ;
#6674 = ADVANCED_FACE ( 'NONE', ( #4283, #6512 ), #2478, .T. ) ;
#6675 = CARTESIAN_POINT ( 'NONE',  ( -1.443137078763339100, -0.8027722243615080800, 11.40909090909143800 ) ) ;
#6676 = ORIENTED_EDGE ( 'NONE', *, *, #283, .T. ) ;
#6677 = B_SPLINE_CURVE_WITH_KNOTS ( 'NONE', 3,
 ( #7483, #5459, #8198, #4125 ),
 .UNSPECIFIED., .F., .F.,
 ( 4, 4 ),
 ( 2.380749485074050700E-007, 0.001168606431211098100 ),
 .UNSPECIFIED. ) ;
#6678 = DIRECTION ( 'NONE',  ( 0.0000000000000000000, -1.000000000000000000, 0.0000000000000000000 ) ) ;
#6679 = DIRECTION ( 'NONE',  ( 0.07674375022329539600, 0.0000000000000000000, -0.9970508496569592300 ) ) ;
#6680 = CARTESIAN_POINT ( 'NONE',  ( -1.863961030678929200, 2.812500002731183300, 4.500000000000000000 ) ) ;
#6681 = VECTOR ( 'NONE', #4523, 1000.000000000000000 ) ;
#6682 = ORIENTED_EDGE ( 'NONE', *, *, #8855, .F. ) ;
#6683 = CARTESIAN_POINT ( 'NONE',  ( -14.50000000000000000, -17.81836573537652400, 0.0000000000000000000 ) ) ;
#6684 = CARTESIAN_POINT ( 'NONE',  ( -1.639761364404188200, 3.125000001365589400, 3.958734124999998500 ) ) ;
#6685 = EDGE_LOOP ( 'NONE', ( #430, #7118, #4222, #4850 ) ) ;
#6686 = ADVANCED_FACE ( 'NONE', ( #2471 ), #8596, .T. ) ;
#6687 = AXIS2_PLACEMENT_3D ( 'NONE', #228, #1598, #3004 ) ;
#6688 = EDGE_CURVE ( 'NONE', #1204, #2196, #5870, .T. ) ;
#6689 = CIRCLE ( 'NONE', #1501, 14.50000000000000000 ) ;
#6690 = ORIENTED_EDGE ( 'NONE', *, *, #6930, .T. ) ;
#6691 = CARTESIAN_POINT ( 'NONE',  ( 0.0000000000000000000, 16.49999999999999600, -3.000000000000000400 ) ) ;
#6692 = AXIS2_PLACEMENT_3D ( 'NONE', #5220, #8609, #7845 ) ;
#6693 = ORIENTED_EDGE ( 'NONE', *, *, #3800, .T. ) ;
#6694 = ORIENTED_EDGE ( 'NONE', *, *, #412, .T. ) ;
#6695 = DIRECTION ( 'NONE',  ( 0.0000000000000000000, -1.000000000000000000, 0.0000000000000000000 ) ) ;
#6696 = FACE_OUTER_BOUND ( 'NONE', #5644, .T. ) ;
#6697 = CARTESIAN_POINT ( 'NONE',  ( 0.0000000000000000000, -14.05000000000000100, 0.0000000000000000000 ) ) ;
#6698 = DIRECTION ( 'NONE',  ( 0.0000000000000000000, 1.000000000000000000, 0.0000000000000000000 ) ) ;
#6699 = CARTESIAN_POINT ( 'NONE',  ( -1.514941932194839400, 1.000000000000000200, -3.657393445408529500 ) ) ;
#6700 = LINE ( 'NONE', #6345, #1268 ) ;
#6701 = EDGE_CURVE ( 'NONE', #5511, #8483, #7688, .T. ) ;
#6702 = EDGE_CURVE ( 'NONE', #6200, #6238, #357, .T. ) ;
#6703 = ORIENTED_EDGE ( 'NONE', *, *, #4658, .T. ) ;
#6704 = DIRECTION ( 'NONE',  ( -0.0000000000000000000, 0.0000000000000000000, 1.000000000000000000 ) ) ;
#6705 = AXIS2_PLACEMENT_3D ( 'NONE', #8385, #7733, #3668 ) ;
#6706 = VERTEX_POINT ( 'NONE', #5203 ) ;
#6707 = CARTESIAN_POINT ( 'NONE',  ( 14.49999999999999800, -17.61836573537652100, 1.000000000000000000 ) ) ;
#6708 = EDGE_LOOP ( 'NONE', ( #518, #4807, #7356, #8037 ) ) ;
#6709 = CARTESIAN_POINT ( 'NONE',  ( 3.181980515339464200, 3.000000002731182800, 3.181980515339463400 ) ) ;
#6710 = DIRECTION ( 'NONE',  ( 0.0000000000000000000, -1.000000000000000000, 0.0000000000000000000 ) ) ;
#6711 = CARTESIAN_POINT ( 'NONE',  ( -15.50000000000000200, -16.00000000000000000, -1.732050807568871900 ) ) ;
#6712 = CARTESIAN_POINT ( 'NONE',  ( 3.181980515339464200, 2.000000002731183300, 3.181980515339463400 ) ) ;
#6713 = VERTEX_POINT ( 'NONE', #5921 ) ;
#6714 = LINE ( 'NONE', #3103, #6938 ) ;
#6715 = EDGE_CURVE ( 'NONE', #1262, #1052, #7478, .T. ) ;
#6716 = DIRECTION ( 'NONE',  ( 0.0000000000000000000, -1.000000000000000000, 0.0000000000000000000 ) ) ;
#6717 = CARTESIAN_POINT ( 'NONE',  ( 14.25999999999999800, -4.819999999999999400, 0.3420141409932473400 ) ) ;
#6718 = AXIS2_PLACEMENT_3D ( 'NONE', #3164, #7915, #3846 ) ;
#6719 = CARTESIAN_POINT ( 'NONE',  ( 2.799247744702093600, 2.312500001365589400, 2.799247744702092700 ) ) ;
#6720 = ADVANCED_FACE ( 'NONE', ( #417 ), #1838, .F. ) ;
#6721 = CARTESIAN_POINT ( 'NONE',  ( 11.96394259856402800, -14.44999999999999900, 8.192318200501311800 ) ) ;
#6722 = AXIS2_PLACEMENT_3D ( 'NONE', #2681, #7430, #3362 ) ;
#6723 = CARTESIAN_POINT ( 'NONE',  ( 0.0000000000000000000, 7.000000000000000000, 0.0000000000000000000 ) ) ;
#6724 = FACE_OUTER_BOUND ( 'NONE', #336, .T. ) ;
#6725 = DIRECTION ( 'NONE',  ( 0.0000000000000000000, 0.0000000000000000000, 1.000000000000000000 ) ) ;
#6726 = DIRECTION ( 'NONE',  ( 1.000000000000000000, 0.0000000000000000000, -0.0000000000000000000 ) ) ;
#6727 = ORIENTED_EDGE ( 'NONE', *, *, #1735, .T. ) ;
#6728 = CARTESIAN_POINT ( 'NONE',  ( 19.03908078629217500, -14.05000000000000100, -27.80439725140095700 ) ) ;
#6729 = EDGE_CURVE ( 'NONE', #6463, #3739, #6105, .T. ) ;
#6730 = CARTESIAN_POINT ( 'NONE',  ( 14.49999999999999800, -4.819999999999999400, 0.0000000000000000000 ) ) ;
#6731 = CARTESIAN_POINT ( 'NONE',  ( 0.0000000000000000000, 7.000000000000000000, 0.0000000000000000000 ) ) ;
#6732 = DIRECTION ( 'NONE',  ( -0.0000000000000000000, 1.000000000000000000, -0.0000000000000000000 ) ) ;
#6733 = CIRCLE ( 'NONE', #2416, 2.000000000000000000 ) ;
#6734 = DIRECTION ( 'NONE',  ( 0.0000000000000000000, 0.0000000000000000000, 1.000000000000000000 ) ) ;
#6735 = CARTESIAN_POINT ( 'NONE',  ( 0.0000000000000000000, -14.44999999999999900, 0.0000000000000000000 ) ) ;
#6736 = DIRECTION ( 'NONE',  ( 0.0000000000000000000, -1.000000000000000000, -0.0000000000000000000 ) ) ;
#6737 = FACE_OUTER_BOUND ( 'NONE', #8252, .T. ) ;
#6738 = ADVANCED_FACE ( 'NONE', ( #210 ), #5455, .T. ) ;
#6739 = DIRECTION ( 'NONE',  ( 0.0000000000000000000, 0.0000000000000000000, 1.000000000000000000 ) ) ;
#6740 = ORIENTED_EDGE ( 'NONE', *, *, #8757, .F. ) ;
#6741 = DIRECTION ( 'NONE',  ( -0.0000000000000000000, -1.000000000000000000, -0.0000000000000000000 ) ) ;
#6742 = VECTOR ( 'NONE', #3379, 1000.000000000000000 ) ;
#6743 = CARTESIAN_POINT ( 'NONE',  ( 14.50000000000000000, -16.00000000000000000, 0.0000000000000000000 ) ) ;
#6744 = LINE ( 'NONE', #3280, #3132 ) ;
#6745 = CARTESIAN_POINT ( 'NONE',  ( 4.500000000000000900, 1.187500002731182600, -1.863961030678928700 ) ) ;
#6746 = ORIENTED_EDGE ( 'NONE', *, *, #6473, .F. ) ;
#6747 = ORIENTED_EDGE ( 'NONE', *, *, #6488, .T. ) ;
#6748 = CARTESIAN_POINT ( 'NONE',  ( 3.958734124999999400, 1.500000001365588500, -1.639761364404187500 ) ) ;
#6749 = AXIS2_PLACEMENT_3D ( 'NONE', #4424, #326, #5110 ) ;
#6750 = APPROVAL_PERSON_ORGANIZATION ( #8553, #1365, #5612 ) ;
#6751 = DIRECTION ( 'NONE',  ( 0.0000000000000000000, 0.0000000000000000000, -1.000000000000000000 ) ) ;
#6752 = CIRCLE ( 'NONE', #1808, 0.3555000000000000400 ) ;
#6754 = CARTESIAN_POINT ( 'NONE',  ( 8.266365894244633300E-016, 2.749999999999996400, 4.500000000000000000 ) ) ;
#6753 = CARTESIAN_POINT ( 'NONE',  ( 14.40301248863564600, -4.819999999999999400, -0.3420141409932477300 ) ) ;
#6755 = DIRECTION ( 'NONE',  ( -0.1839269784799235100, 0.0000000000000000000, 0.9829399099574935800 ) ) ;
#6756 = CARTESIAN_POINT ( 'NONE',  ( -13.52981128101062700, -3.560076670449441300, 0.2399999999999997700 ) ) ;
#6757 = EDGE_CURVE ( 'NONE', #808, #1025, #1747, .T. ) ;
#6758 = ORIENTED_EDGE ( 'NONE', *, *, #7638, .F. ) ;
#6759 = CARTESIAN_POINT ( 'NONE',  ( -16.50000000000000000, -16.17863279495408000, -1.154700538379252400 ) ) ;
#6760 = VECTOR ( 'NONE', #5234, 1000.000000000000000 ) ;
#6761 = AXIS2_PLACEMENT_3D ( 'NONE', #2002, #5424, #1344 ) ;
#6762 = EDGE_CURVE ( 'NONE', #3890, #7204, #4080, .T. ) ;
#6763 = ORIENTED_EDGE ( 'NONE', *, *, #1507, .F. ) ;
#6764 = CARTESIAN_POINT ( 'NONE',  ( -4.228563682334924900, 6.771436317665073400, -0.2863654827807616300 ) ) ;
#6765 = DIRECTION ( 'NONE',  ( 0.0000000000000000000, -1.000000000000000000, 0.0000000000000000000 ) ) ;
#6766 = DIRECTION ( 'NONE',  ( 0.9018432397794345900, 0.0000000000000000000, -0.4320633875534157200 ) ) ;
#6767 = ORIENTED_EDGE ( 'NONE', *, *, #7900, .T. ) ;
#6768 = VECTOR ( 'NONE', #4077, 1000.000000000000000 ) ;
#6769 = DIRECTION ( 'NONE',  ( 3.491483361109382100E-015, 0.0000000000000000000, -1.000000000000000000 ) ) ;
#6770 = ADVANCED_FACE ( 'NONE', ( #3851 ), #6632, .T. ) ;
#6771 = CARTESIAN_POINT ( 'NONE',  ( -15.91400053919070400, -14.05000000000000100, -33.21719501711064000 ) ) ;
#6772 = CARTESIAN_POINT ( 'NONE',  ( 1.999999999999994900, 17.00000000000000000, 1.499999999999999100 ) ) ;
#6773 = DIRECTION ( 'NONE',  ( 1.557892197183330900E-015, -0.8949343677499602700, -0.4461978007789580400 ) ) ;
#6774 = LINE ( 'NONE', #6454, #3158 ) ;
#6775 = CARTESIAN_POINT ( 'NONE',  ( -2.799247744702092300, 6.062500001365589400, 2.799247744702093600 ) ) ;
#6776 = EDGE_LOOP ( 'NONE', ( #3897, #8511, #7531, #3181 ) ) ;
#6777 = EDGE_LOOP ( 'NONE', ( #5799, #2841, #3321, #2305 ) ) ;
#6778 = EDGE_CURVE ( 'NONE', #1954, #3479, #3138, .T. ) ;
#6779 = DIRECTION ( 'NONE',  ( 0.0000000000000000000, 0.0000000000000000000, 1.000000000000000000 ) ) ;
#6780 = EDGE_CURVE ( 'NONE', #2599, #8405, #1816, .T. ) ;
#6781 = CARTESIAN_POINT ( 'NONE',  ( -2.755455298081544300E-016, 0.3750000027311827800, -4.500000000000000000 ) ) ;
#6782 = CARTESIAN_POINT ( 'NONE',  ( 3.125080247101484200, -14.44999999999999900, -40.60088159039303700 ) ) ;
#6783 = CARTESIAN_POINT ( 'NONE',  ( -3.958734125000001200, 6.999999999999999100, -0.3919087567459117500 ) ) ;
#6784 = VERTEX_POINT ( 'NONE', #6021 ) ;
#6785 = DIRECTION ( 'NONE',  ( -0.0000000000000000000, -1.000000000000000000, -0.0000000000000000000 ) ) ;
#6786 = VERTEX_POINT ( 'NONE', #8074 ) ;
#6787 = ADVANCED_FACE ( 'NONE', ( #2046 ), #5225, .T. ) ;
#6788 = EDGE_LOOP ( 'NONE', ( #2098, #6040, #6442 ) ) ;
#6790 = CARTESIAN_POINT ( 'NONE',  ( -4.500000000000001800, 2.437499999999996000, -1.863961030678927800 ) ) ;
#6789 = CARTESIAN_POINT ( 'NONE',  ( 8.266365894244633300E-016, 5.875000002731183300, 4.500000000000000000 ) ) ;
#6791 = AXIS2_PLACEMENT_3D ( 'NONE', #1418, #2818, #45 ) ;
#6792 = DIRECTION ( 'NONE',  ( 0.0000000000000000000, 0.0000000000000000000, -1.000000000000000000 ) ) ;
#6793 = LINE ( 'NONE', #3116, #6058 ) ;
#6794 = VERTEX_POINT ( 'NONE', #4686 ) ;
#6795 = CARTESIAN_POINT ( 'NONE',  ( -14.50000000000000000, -4.819999999999999400, 0.0000000000000000000 ) ) ;
#6796 = CARTESIAN_POINT ( 'NONE',  ( 12.57152317880794700, -4.046379599446113100, -2.361702966302708900E-016 ) ) ;
#6797 = ORIENTED_EDGE ( 'NONE', *, *, #4716, .T. ) ;
#6798 = CARTESIAN_POINT ( 'NONE',  ( 14.84201414099324800, -4.819999999999999400, -0.2400000000000001900 ) ) ;
#6799 = CARTESIAN_POINT ( 'NONE',  ( 9.014954643837288700, -14.44999999999999900, 2.097610029784438400 ) ) ;
#6800 = DIRECTION ( 'NONE',  ( -0.0000000000000000000, 1.000000000000000000, 0.0000000000000000000 ) ) ;
#6801 = CARTESIAN_POINT ( 'NONE',  ( 20.18017091227447000, -14.44999999999999900, -23.54579092521963800 ) ) ;
#6802 = CARTESIAN_POINT ( 'NONE',  ( 1.639761364404189300, 5.250000001365589400, 3.958734124999998500 ) ) ;
#6803 = LINE ( 'NONE', #3552, #3187 ) ;
#6804 = VERTEX_POINT ( 'NONE', #5363 ) ;
#6805 = DIRECTION ( 'NONE',  ( -0.0000000000000000000, -1.000000000000000000, -0.0000000000000000000 ) ) ;
#6806 = DIRECTION ( 'NONE',  ( -0.0000000000000000000, 1.000000000000000000, -0.0000000000000000000 ) ) ;
#6807 = ORIENTED_EDGE ( 'NONE', *, *, #48, .F. ) ;
#6808 = TOROIDAL_SURFACE ( 'NONE', #7093, 1.499999999999999600, 0.5000000000000000000 ) ;
#6809 = CARTESIAN_POINT ( 'NONE',  ( 3.958734124999999400, 6.437500001365588500, -4.848051074856647000E-016 ) ) ;
#6810 = CIRCLE ( 'NONE', #5510, 2.000000000000000000 ) ;
#6811 = CARTESIAN_POINT ( 'NONE',  ( 16.50000000000000400, -17.58276386118637200, -0.3931374000439465900 ) ) ;
#6812 = ORIENTED_EDGE ( 'NONE', *, *, #1045, .F. ) ;
#6813 = ORIENTED_EDGE ( 'NONE', *, *, #5893, .F. ) ;
#6814 = ADVANCED_FACE ( 'NONE', ( #3653 ), #8756, .F. ) ;
#6815 = ORIENTED_EDGE ( 'NONE', *, *, #421, .T. ) ;
#6816 = CARTESIAN_POINT ( 'NONE',  ( 3.958734124999999400, 6.687500001365588500, -4.848051074856647000E-016 ) ) ;
#6817 = EDGE_CURVE ( 'NONE', #261, #7546, #5, .T. ) ;
#6818 = FACE_OUTER_BOUND ( 'NONE', #1834, .T. ) ;
#6819 = AXIS2_PLACEMENT_3D ( 'NONE', #5711, #2298, #1617 ) ;
#6820 = EDGE_CURVE ( 'NONE', #7929, #483, #3450, .T. ) ;
#6821 = VECTOR ( 'NONE', #7283, 1000.000000000000100 ) ;
#6823 = DIRECTION ( 'NONE',  ( -0.0000000000000000000, 1.000000000000000000, -0.0000000000000000000 ) ) ;
#6822 = DIRECTION ( 'NONE',  ( 0.0000000000000000000, 0.0000000000000000000, 1.000000000000000000 ) ) ;
#6824 = CARTESIAN_POINT ( 'NONE',  ( 6.123233995736766300E-016, 1.000000000000000000, 5.000000000000000000 ) ) ;
#6825 = VECTOR ( 'NONE', #1206, 1000.000000000000000 ) ;
#6826 = CARTESIAN_POINT ( 'NONE',  ( 14.84201414099325000, -4.819999999999999400, 0.09698751136435036800 ) ) ;
#6827 = ORIENTED_EDGE ( 'NONE', *, *, #6889, .F. ) ;
#6828 = ORIENTED_EDGE ( 'NONE', *, *, #48, .T. ) ;
#6829 = CARTESIAN_POINT ( 'NONE',  ( 14.49999999999999800, -3.432161446792886900, 0.0000000000000000000 ) ) ;
#6830 = DIRECTION ( 'NONE',  ( -0.0000000000000000000, 1.000000000000000000, -0.0000000000000000000 ) ) ;
#6831 = CARTESIAN_POINT ( 'NONE',  ( 14.66317817513182200, -17.47575993009079200, 2.215190113420279200 ) ) ;
#6832 = CARTESIAN_POINT ( 'NONE',  ( -15.50000000000000200, -16.00000000000000000, 1.732050807568871900 ) ) ;
#6833 = AXIS2_PLACEMENT_3D ( 'NONE', #4830, #2141, #6890 ) ;
#6834 = CARTESIAN_POINT ( 'NONE',  ( -14.50000000000000200, -16.00000000000000000, 0.0000000000000000000 ) ) ;
#6835 = ADVANCED_FACE ( 'NONE', ( #7265 ), #8423, .F. ) ;
#6836 = LINE ( 'NONE', #2730, #4829 ) ;
#6837 = DIRECTION ( 'NONE',  ( 0.0000000000000000000, 1.000000000000000000, 0.0000000000000000000 ) ) ;
#6838 = EDGE_CURVE ( 'NONE', #5736, #1204, #1395, .T. ) ;
#6839 = DIRECTION ( 'NONE',  ( -0.0000000000000000000, 1.000000000000000000, -0.0000000000000000000 ) ) ;
#6840 = PLANE ( 'NONE',  #6338 ) ;
#6841 = AXIS2_PLACEMENT_3D ( 'NONE', #489, #1153, #7980 ) ;
#6842 = FACE_OUTER_BOUND ( 'NONE', #5995, .T. ) ;
#6843 = CARTESIAN_POINT ( 'NONE',  ( 1.639761364404186800, 5.875000001365588500, -3.958734124999999400 ) ) ;
#6844 = DIRECTION ( 'NONE',  ( 0.0000000000000000000, 0.0000000000000000000, 1.000000000000000000 ) ) ;
#6845 = VERTEX_POINT ( 'NONE', #3389 ) ;
#6846 = CARTESIAN_POINT ( 'NONE',  ( -2.711302605051608200, 6.591382530113589800, 3.488431451418875000 ) ) ;
#6848 = CARTESIAN_POINT ( 'NONE',  ( 3.181980515339464200, 3.874999999999996000, 3.181980515339463400 ) ) ;
#6847 = LINE ( 'NONE', #2110, #8437 ) ;
#6849 = CYLINDRICAL_SURFACE ( 'NONE', #2518, 1.000000000000000000 ) ;
#6850 = DIRECTION ( 'NONE',  ( 0.8660254037844384900, 0.0000000000000000000, -0.5000000000000002200 ) ) ;
#6851 = EDGE_LOOP ( 'NONE', ( #7672, #5063, #5582, #8279, #462, #2732, #8625 ) ) ;
#6852 = EDGE_LOOP ( 'NONE', ( #5871, #1742, #4210, #6495, #3700, #2772 ) ) ;
#6853 = DIRECTION ( 'NONE',  ( 0.0000000000000000000, 0.0000000000000000000, 1.000000000000000000 ) ) ;
#6854 = ADVANCED_FACE ( 'NONE', ( #5020 ), #7450, .T. ) ;
#6855 = CARTESIAN_POINT ( 'NONE',  ( -4.500000000000000000, 1.625000002731183100, 0.0000000000000000000 ) ) ;
#6856 = DIRECTION ( 'NONE',  ( 0.0000000000000000000, -0.0000000000000000000, -1.000000000000000000 ) ) ;
#6857 = CIRCLE ( 'NONE', #2573, 0.3555000000000000400 ) ;
#6858 = ORIENTED_EDGE ( 'NONE', *, *, #6633, .T. ) ;
#6859 = DIRECTION ( 'NONE',  ( 0.0000000000000000000, -0.0000000000000000000, 1.000000000000000000 ) ) ;
#6860 = VERTEX_POINT ( 'NONE', #6756 ) ;
#6861 = CARTESIAN_POINT ( 'NONE',  ( -14.50000000000000000, -17.60000000000000100, 1.000000000000000000 ) ) ;
#6862 = FACE_OUTER_BOUND ( 'NONE', #4873, .T. ) ;
#6863 =( BOUNDED_CURVE ( )  B_SPLINE_CURVE ( 2, ( #3009, #8468, #1946, #7375, #8704, #6993, #7664, #281, #7092 ),
 .UNSPECIFIED., .F., .F. ) 
 B_SPLINE_CURVE_WITH_KNOTS ( ( 3, 2, 2, 2, 3 ),
 ( 0.6071428571428571000, 0.6250000000000000000, 0.6428571428571429000, 0.6607142857142857000, 0.6785714285714286000 ),
 .UNSPECIFIED. ) 
 CURVE ( )  GEOMETRIC_REPRESENTATION_ITEM ( )  RATIONAL_B_SPLINE_CURVE ( ( 1.000000000000000000, 0.9238795325112867400, 1.000000000000000000, 0.9238795325112867400, 1.000000000000000000, 0.9238795325112867400, 1.000000000000000000, 0.9238795325112867400, 1.000000000000000000 ) ) 
 REPRESENTATION_ITEM ( '' )  );
#6864 = ORIENTED_EDGE ( 'NONE', *, *, #4611, .F. ) ;
#6865 = AXIS2_PLACEMENT_3D ( 'NONE', #637, #5413, #1325 ) ;
#6866 = ORIENTED_EDGE ( 'NONE', *, *, #6170, .F. ) ;
#6867 = CIRCLE ( 'NONE', #3081, 10.49999999999999800 ) ;
#6868 = DIRECTION ( 'NONE',  ( 0.9432144216567375200, 0.0000000000000000000, 0.3321845191738263000 ) ) ;
#6869 = DIRECTION ( 'NONE',  ( 0.0000000000000000000, 0.0000000000000000000, -1.000000000000000000 ) ) ;
#6870 = AXIS2_PLACEMENT_3D ( 'NONE', #6000, #4876, #6278 ) ;
#6871 = ORIENTED_EDGE ( 'NONE', *, *, #6602, .F. ) ;
#6872 = CARTESIAN_POINT ( 'NONE',  ( -2.799247744702093100, 5.062500001365589400, -2.799247744702092700 ) ) ;
#6873 = FACE_BOUND ( 'NONE', #2415, .T. ) ;
#6874 = ADVANCED_FACE ( 'NONE', ( #7044 ), #3216, .T. ) ;
#6875 = ORIENTED_EDGE ( 'NONE', *, *, #5587, .F. ) ;
#6877 = CARTESIAN_POINT ( 'NONE',  ( -9.435953166363290700, -14.44999999999999900, 11.00966792606383000 ) ) ;
#6876 = DIRECTION ( 'NONE',  ( 0.0000000000000000000, 0.0000000000000000000, -1.000000000000000000 ) ) ;
#6878 = ORIENTED_EDGE ( 'NONE', *, *, #5472, .T. ) ;
#6879 = CARTESIAN_POINT ( 'NONE',  ( 5.510910596163088600E-016, 7.000000000000000000, 4.500000000000000000 ) ) ;
#6880 = EDGE_CURVE ( 'NONE', #8767, #4741, #6836, .T. ) ;
#6881 = EDGE_CURVE ( 'NONE', #5880, #3255, #8635, .T. ) ;
#6882 = CARTESIAN_POINT ( 'NONE',  ( 3.181980457743415000, 1.000000000000000000, 3.181980572935512600 ) ) ;
#6883 = CARTESIAN_POINT ( 'NONE',  ( -1.639761364404187300, 5.750000001365588500, -3.958734124999999400 ) ) ;
#6884 = DIRECTION ( 'NONE',  ( -3.491483361109382100E-015, 0.0000000000000000000, 1.000000000000000000 ) ) ;
#6885 = CARTESIAN_POINT ( 'NONE',  ( 0.0000000000000000000, 17.00000000000000000, 0.0000000000000000000 ) ) ;
#6886 = EDGE_LOOP ( 'NONE', ( #2212, #6477, #1884, #2183 ) ) ;
#6887 = DIRECTION ( 'NONE',  ( 0.0000000000000000000, 1.000000000000000000, 0.0000000000000000000 ) ) ;
#6888 = DIRECTION ( 'NONE',  ( 0.9018432397794303700, 0.0000000000000000000, 0.4320633875534246600 ) ) ;
#6889 = EDGE_CURVE ( 'NONE', #4767, #1152, #3011, .T. ) ;
#6890 = DIRECTION ( 'NONE',  ( 0.0000000000000000000, -0.0000000000000000000, 1.000000000000000000 ) ) ;
#6891 = PLANE ( 'NONE',  #65 ) ;
#6892 = AXIS2_PLACEMENT_3D ( 'NONE', #2105, #2165, #6918 ) ;
#6893 = CARTESIAN_POINT ( 'NONE',  ( 14.25999999999999800, -4.357706539904508100, 0.3060795708522653900 ) ) ;
#6894 = ORIENTED_EDGE ( 'NONE', *, *, #2414, .T. ) ;
#6895 = CARTESIAN_POINT ( 'NONE',  ( 14.26000000000000000, -4.357706539904508100, -0.3060795708522670000 ) ) ;
#6896 = AXIS2_PLACEMENT_3D ( 'NONE', #6829, #2769, #7515 ) ;
#6897 = ORIENTED_EDGE ( 'NONE', *, *, #3852, .F. ) ;
#6898 = CARTESIAN_POINT ( 'NONE',  ( -14.50000000000000200, -17.60000000000000100, 0.0000000000000000000 ) ) ;
#6899 = CARTESIAN_POINT ( 'NONE',  ( -14.73999999999999700, -3.560076670449441300, -0.9701887189893753100 ) ) ;
#6900 = CARTESIAN_POINT ( 'NONE',  ( -3.958734124999998500, 4.250000001365589400, 1.639761364404189700 ) ) ;
#6901 = EDGE_CURVE ( 'NONE', #41, #7620, #4497, .T. ) ;
#6902 = CARTESIAN_POINT ( 'NONE',  ( -20.18017091227447000, -14.44999999999999900, 23.54579092521963800 ) ) ;
#6903 = EDGE_LOOP ( 'NONE', ( #5318, #722, #3531, #7719 ) ) ;
#6904 = FACE_OUTER_BOUND ( 'NONE', #6308, .T. ) ;
#6905 = ORIENTED_EDGE ( 'NONE', *, *, #4487, .T. ) ;
#6906 = DIRECTION ( 'NONE',  ( 0.0000000000000000000, 0.0000000000000000000, 1.000000000000000000 ) ) ;
#6907 = AXIS2_PLACEMENT_3D ( 'NONE', #1108, #5878, #1797 ) ;
#6908 = CARTESIAN_POINT ( 'NONE',  ( 12.50000000000000000, -16.00000000000000000, 0.0000000000000000000 ) ) ;
#6909 = ORIENTED_EDGE ( 'NONE', *, *, #4671, .T. ) ;
#6910 = CARTESIAN_POINT ( 'NONE',  ( -3.958734124999999400, 4.937500001365589400, 0.0000000000000000000 ) ) ;
#6911 = CARTESIAN_POINT ( 'NONE',  ( -14.59698751136435600, -4.819999999999999400, 0.3420141409932481700 ) ) ;
#6912 = PLANE ( 'NONE',  #402 ) ;
#6913 = VECTOR ( 'NONE', #104, 1000.000000000000000 ) ;
#6914 = ORIENTED_EDGE ( 'NONE', *, *, #297, .T. ) ;
#6915 = ORIENTED_EDGE ( 'NONE', *, *, #5148, .T. ) ;
#6916 = CARTESIAN_POINT ( 'NONE',  ( 20.18017091227447000, -14.05000000000000100, -23.54579092521963800 ) ) ;
#6917 = VERTEX_POINT ( 'NONE', #6824 ) ;
#6918 = DIRECTION ( 'NONE',  ( -0.9739815868436148000, 0.0000000000000000000, -0.2266271574405722400 ) ) ;
#6919 = DIRECTION ( 'NONE',  ( 0.0000000000000000000, -1.000000000000000000, -0.0000000000000000000 ) ) ;
#6920 = CIRCLE ( 'NONE', #4388, 0.3555000000000000400 ) ;
#6921 = LINE ( 'NONE', #1050, #8095 ) ;
#6922 = CARTESIAN_POINT ( 'NONE',  ( -14.50000000000000000, -3.432161446792886900, 0.0000000000000000000 ) ) ;
#6923 = CARTESIAN_POINT ( 'NONE',  ( -14.86310887048382400, -4.777690516702350900, 0.03344401972544085900 ) ) ;
#6924 = AXIS2_PLACEMENT_3D ( 'NONE', #3886, #1168, #7993 ) ;
#6925 = ORIENTED_EDGE ( 'NONE', *, *, #5619, .F. ) ;
#6926 = ORIENTED_EDGE ( 'NONE', *, *, #4856, .T. ) ;
#6927 = VERTEX_POINT ( 'NONE', #738 ) ;
#6928 = CARTESIAN_POINT ( 'NONE',  ( -3.181980515339463800, 1.374999999999996000, -3.181980515339463400 ) ) ;
#6929 = DIRECTION ( 'NONE',  ( 0.0000000000000000000, -1.000000000000000000, 0.0000000000000000000 ) ) ;
#6930 = EDGE_CURVE ( 'NONE', #6965, #8077, #4597, .T. ) ;
#6931 = CARTESIAN_POINT ( 'NONE',  ( 7.272076612284971000E-016, 3.437500001365589400, 3.958734124999999400 ) ) ;
#6932 = B_SPLINE_CURVE_WITH_KNOTS ( 'NONE', 3,
 ( #5850, #6534, #8582, #4515 ),
 .UNSPECIFIED., .F., .F.,
 ( 4, 4 ),
 ( 2.380749485054887600E-007, 0.001168606431211103100 ),
 .UNSPECIFIED. ) ;
#6933 = CARTESIAN_POINT ( 'NONE',  ( -1.863961030678928000, 3.312499999999996000, -4.500000000000001800 ) ) ;
#6934 = EDGE_CURVE ( 'NONE', #6463, #2738, #2326, .T. ) ;
#6935 = ORIENTED_EDGE ( 'NONE', *, *, #2083, .T. ) ;
#6937 = DIRECTION ( 'NONE',  ( 1.164708318489094600E-016, 0.3090169943749419600, -0.9510565162951553100 ) ) ;
#6936 = DIRECTION ( 'NONE',  ( 0.0000000000000000000, -2.290567970039799000E-016, -1.000000000000000000 ) ) ;
#6938 = VECTOR ( 'NONE', #7853, 1000.000000000000000 ) ;
#6939 = CARTESIAN_POINT ( 'NONE',  ( 8.192318200501365100, -14.05000000000000100, -11.96394259856399200 ) ) ;
#6940 = CARTESIAN_POINT ( 'NONE',  ( -13.16075225999410700, -16.01710519872702300, -1.536186033554499500 ) ) ;
#6941 = CARTESIAN_POINT ( 'NONE',  ( -1.639761364404188200, 4.125000001365589400, 3.958734124999998500 ) ) ;
#6942 = CARTESIAN_POINT ( 'NONE',  ( 14.49999999999999800, -17.60000000000000100, 1.000000000000000000 ) ) ;
#6943 = PLANE ( 'NONE',  #2725 ) ;
#6944 = CONICAL_SURFACE ( 'NONE', #6634, 0.3555000000000000400, 0.06981317007976586800 ) ;
#6945 = ORIENTED_EDGE ( 'NONE', *, *, #8081, .F. ) ;
#6946 = AXIS2_PLACEMENT_3D ( 'NONE', #1010, #5779, #1694 ) ;
#6947 = MECHANICAL_CONTEXT ( 'NONE', #6277, 'mechanical' ) ;
#6948 = EDGE_CURVE ( 'NONE', #5660, #3632, #6616, .T. ) ;
#6949 = PLANE ( 'NONE',  #1173 ) ;
#6950 = CARTESIAN_POINT ( 'NONE',  ( -14.50000000000000000, -5.500000000000000000, 0.0000000000000000000 ) ) ;
#6951 = CARTESIAN_POINT ( 'NONE',  ( -13.15925706258397900, -17.60000000000000100, 1.535322780927273600 ) ) ;
#6952 = FACE_OUTER_BOUND ( 'NONE', #2568, .T. ) ;
#6953 = FACE_OUTER_BOUND ( 'NONE', #5554, .T. ) ;
#6954 = ORIENTED_EDGE ( 'NONE', *, *, #2204, .F. ) ;
#6955 = CARTESIAN_POINT ( 'NONE',  ( 1.639761364404186800, 5.625000001365588500, -3.958734124999999400 ) ) ;
#6956 = B_SPLINE_CURVE_WITH_KNOTS ( 'NONE', 3,
 ( #3241, #3894, #2560, #7999 ),
 .UNSPECIFIED., .F., .F.,
 ( 4, 4 ),
 ( 0.0006611328646872195400, 0.002054287873658126400 ),
 .UNSPECIFIED. ) ;
#6957 = FACE_OUTER_BOUND ( 'NONE', #3408, .T. ) ;
#6958 = CARTESIAN_POINT ( 'NONE',  ( 3.958734124999999900, 2.625000001365589900, 1.639761364404186200 ) ) ;
#6959 = DIRECTION ( 'NONE',  ( 0.6507553907836753900, 0.0000000000000000000, -0.7592874431768156200 ) ) ;
#6960 = LINE ( 'NONE', #3929, #5366 ) ;
#6962 = CARTESIAN_POINT ( 'NONE',  ( 14.50000000000000000, -17.60000000000000100, 0.0000000000000000000 ) ) ;
#6961 = DIRECTION ( 'NONE',  ( 0.0000000000000000000, -1.000000000000000000, -0.0000000000000000000 ) ) ;
#6963 = CARTESIAN_POINT ( 'NONE',  ( 0.0000000000000000000, 0.1009999999999999600, -5.000000000000000000 ) ) ;
#6964 = ORIENTED_EDGE ( 'NONE', *, *, #5587, .T. ) ;
#6965 = VERTEX_POINT ( 'NONE', #8282 ) ;
#6966 = CARTESIAN_POINT ( 'NONE',  ( 8.266365894244633300E-016, 1.749999999999996400, 4.500000000000000000 ) ) ;
#6967 = COORDINATED_UNIVERSAL_TIME_OFFSET ( 2, 0, .AHEAD. ) ;
#6968 = CARTESIAN_POINT ( 'NONE',  ( 2.799247744702093600, 3.312500001365589000, 2.799247744702092700 ) ) ;
#6969 = VERTEX_POINT ( 'NONE', #3539 ) ;
#6970 = CARTESIAN_POINT ( 'NONE',  ( 1.959434878635765500E-016, -9.525483399593905900, 10.49999999999999800 ) ) ;
#6971 = CONICAL_SURFACE ( 'NONE', #5176, 0.3555000000000000400, 0.06981317007976586800 ) ;
#6972 = CARTESIAN_POINT ( 'NONE',  ( 14.17282800272094300, -17.53042453747409700, 2.120508236058135300 ) ) ;
#6973 = ORIENTED_EDGE ( 'NONE', *, *, #3008, .F. ) ;
#6974 = PERSON_AND_ORGANIZATION_ROLE ( 'classification_officer' ) ;
#6975 = DIRECTION ( 'NONE',  ( -0.0000000000000000000, 1.000000000000000000, -0.0000000000000000000 ) ) ;
#6976 = CARTESIAN_POINT ( 'NONE',  ( 13.67660911402269400, -14.05000000000000100, 4.816675528020479800 ) ) ;
#6977 = LINE ( 'NONE', #463, #6760 ) ;
#6978 = ORIENTED_EDGE ( 'NONE', *, *, #2799, .T. ) ;
#6979 = VERTEX_POINT ( 'NONE', #6908 ) ;
#6980 = LINE ( 'NONE', #3398, #6768 ) ;
#6981 = CARTESIAN_POINT ( 'NONE',  ( -12.50000000000000200, -17.60000000000000100, -1.154700538379249000 ) ) ;
#6982 = DIRECTION ( 'NONE',  ( 0.0000000000000000000, -1.000000000000000000, 0.0000000000000000000 ) ) ;
#6983 = DIRECTION ( 'NONE',  ( -0.0000000000000000000, 1.000000000000000000, -0.0000000000000000000 ) ) ;
#6984 = EDGE_CURVE ( 'NONE', #3519, #8508, #962, .T. ) ;
#6985 = CIRCLE ( 'NONE', #597, 3.190987308028661000 ) ;
#6986 = AXIS2_PLACEMENT_3D ( 'NONE', #3513, #8259, #4187 ) ;
#6987 = EDGE_CURVE ( 'NONE', #5700, #4438, #6209, .T. ) ;
#6988 = ORIENTED_EDGE ( 'NONE', *, *, #1498, .T. ) ;
#6989 = CARTESIAN_POINT ( 'NONE',  ( -2.799247744702093100, 4.812500001365589400, -2.799247744702092700 ) ) ;
#6990 = AXIS2_PLACEMENT_3D ( 'NONE', #1785, #235, #8766 ) ;
#6991 = CARTESIAN_POINT ( 'NONE',  ( 2.799247744702092700, 1.812500001365589000, -2.799247744702093100 ) ) ;
#6992 = CARTESIAN_POINT ( 'NONE',  ( 0.0000000000000000000, -14.05000000000000100, 0.0000000000000000000 ) ) ;
#6993 = CARTESIAN_POINT ( 'NONE',  ( 4.500000000000001800, 2.062500002731183300, 1.863961030678926700 ) ) ;
#6994 = CARTESIAN_POINT ( 'NONE',  ( 1.419034194669503500, -0.6102914633933224100, 11.35200434968725100 ) ) ;
#6995 = CARTESIAN_POINT ( 'NONE',  ( 14.49999999999999800, -4.819999999999999400, 0.0000000000000000000 ) ) ;
#6996 = EDGE_CURVE ( 'NONE', #390, #2195, #8225, .T. ) ;
#6997 = CARTESIAN_POINT ( 'NONE',  ( -11.00966792606387300, -14.44999999999999900, -9.435953166363241000 ) ) ;
#6998 = ORIENTED_EDGE ( 'NONE', *, *, #5689, .F. ) ;
#6999 = CARTESIAN_POINT ( 'NONE',  ( 3.958734124999999400, 2.500000001365588500, -1.639761364404187500 ) ) ;
#7000 = AXIS2_PLACEMENT_3D ( 'NONE', #1926, #6678, #2621 ) ;
#7001 = ORIENTED_EDGE ( 'NONE', *, *, #3006, .F. ) ;
#7002 = CARTESIAN_POINT ( 'NONE',  ( -14.50000000000000200, -17.60000000000000100, 0.0000000000000000000 ) ) ;
#7003 = ORIENTED_EDGE ( 'NONE', *, *, #5802, .T. ) ;
#7004 = DIRECTION ( 'NONE',  ( 0.0000000000000000000, 0.0000000000000000000, 1.000000000000000000 ) ) ;
#7005 = CARTESIAN_POINT ( 'NONE',  ( 13.50000000000000000, -16.00000000000000000, 1.732050807568876500 ) ) ;
#7006 = CIRCLE ( 'NONE', #6946, 0.1800000000000002400 ) ;
#7007 = ORIENTED_EDGE ( 'NONE', *, *, #7617, .F. ) ;
#7008 = EDGE_CURVE ( 'NONE', #4096, #4767, #4375, .T. ) ;
#7009 = CARTESIAN_POINT ( 'NONE',  ( 8.266365894244633300E-016, 5.749999999999996400, 4.500000000000000000 ) ) ;
#7010 = CARTESIAN_POINT ( 'NONE',  ( 19.03908078629217500, -14.44999999999999900, -27.80439725140095700 ) ) ;
#7011 = CARTESIAN_POINT ( 'NONE',  ( 14.88366508938741900, -3.432161446792886900, -0.2400000000000001900 ) ) ;
#7012 = VERTEX_POINT ( 'NONE', #2884 ) ;
#7013 = CC_DESIGN_PERSON_AND_ORGANIZATION_ASSIGNMENT ( #5593, #2894, ( #887 ) ) ;
#7014 = CIRCLE ( 'NONE', #7451, 14.50000000000000000 ) ;
#7015 = EDGE_LOOP ( 'NONE', ( #4838, #651, #3149, #3772, #4271, #8477, #2317, #2964, #3026, #3091, #3926 ) ) ;
#7016 = CARTESIAN_POINT ( 'NONE',  ( -3.958734124999998500, 4.000000001365588500, 1.639761364404189700 ) ) ;
#7017 = ORIENTED_EDGE ( 'NONE', *, *, #4419, .F. ) ;
#7018 = CARTESIAN_POINT ( 'NONE',  ( -1.639761364404187300, 1.000000001365589000, -3.958734124999999400 ) ) ;
#7019 = VECTOR ( 'NONE', #1627, 1000.000000000000000 ) ;
#7020 = EDGE_CURVE ( 'NONE', #4256, #242, #755, .T. ) ;
#7021 = CARTESIAN_POINT ( 'NONE',  ( 1.863961030678927400, 1.312500002731182600, -4.500000000000001800 ) ) ;
#7022 = CARTESIAN_POINT ( 'NONE',  ( 14.50000000000000000, -17.60000000000000100, 0.0000000000000000000 ) ) ;
#7023 = DIRECTION ( 'NONE',  ( 0.0000000000000000000, 1.000000000000000000, -2.290567970039799000E-016 ) ) ;
#7024 = VECTOR ( 'NONE', #4040, 1000.000000000000000 ) ;
#7025 = ORIENTED_EDGE ( 'NONE', *, *, #2457, .F. ) ;
#7026 = DIRECTION ( 'NONE',  ( 0.0000000000000000000, -1.000000000000000000, 0.0000000000000000000 ) ) ;
#7027 = ORIENTED_EDGE ( 'NONE', *, *, #7527, .T. ) ;
#7028 = CARTESIAN_POINT ( 'NONE',  ( -2.424025537428323500E-016, 1.687500001365588800, -3.958734124999999400 ) ) ;
#7029 = VERTEX_POINT ( 'NONE', #6963 ) ;
#7030 = VECTOR ( 'NONE', #7836, 1000.000000000000000 ) ;
#7031 = DIRECTION ( 'NONE',  ( -0.0000000000000000000, 1.000000000000000000, -0.0000000000000000000 ) ) ;
#7032 = CIRCLE ( 'NONE', #5092, 0.3555000000000000400 ) ;
#7033 = VECTOR ( 'NONE', #5942, 1000.000000000000000 ) ;
#7034 = CARTESIAN_POINT ( 'NONE',  ( 13.66973530707966900, -17.60000000000000100, -1.830047532802309800 ) ) ;
#7035 = DIRECTION ( 'NONE',  ( 0.0000000000000000000, 0.0000000000000000000, 1.000000000000000000 ) ) ;
#7036 = CARTESIAN_POINT ( 'NONE',  ( 14.17282800272094300, -16.06957546252590400, 2.120508236058135300 ) ) ;
#7037 = VERTEX_POINT ( 'NONE', #6939 ) ;
#7038 = FACE_OUTER_BOUND ( 'NONE', #2077, .T. ) ;
#7039 = CARTESIAN_POINT ( 'NONE',  ( 4.816675528020397200, -14.05000000000000100, 13.67660911402272500 ) ) ;
#7040 = PLANE ( 'NONE',  #8337 ) ;
#7041 = DIRECTION ( 'NONE',  ( -1.000000000000000000, 0.0000000000000000000, 0.0000000000000000000 ) ) ;
#7042 = CARTESIAN_POINT ( 'NONE',  ( 1.863961030678930000, 1.812499999999996200, 4.500000000000000000 ) ) ;
#7043 = CARTESIAN_POINT ( 'NONE',  ( 7.272076612284971000E-016, 3.187500001365589400, 3.958734124999999400 ) ) ;
#7044 = FACE_OUTER_BOUND ( 'NONE', #2412, .T. ) ;
#7045 = EDGE_CURVE ( 'NONE', #270, #808, #533, .T. ) ;
#7046 = EDGE_CURVE ( 'NONE', #242, #8565, #2355, .T. ) ;
#7047 = CARTESIAN_POINT ( 'NONE',  ( 4.500000000000000900, 7.062499999999995600, -1.863961030678928700 ) ) ;
#7048 = AXIS2_PLACEMENT_3D ( 'NONE', #1021, #5794, #1705 ) ;
#7049 = CARTESIAN_POINT ( 'NONE',  ( 14.13689112951617400, -4.777690516702350000, -0.03344401972544119200 ) ) ;
#7050 = CARTESIAN_POINT ( 'NONE',  ( 16.50000000000000000, -16.01677217554084400, 0.3889866277140368000 ) ) ;
#7052 = CARTESIAN_POINT ( 'NONE',  ( -2.598076211353317300, 10.00000000000000200, 1.499999999999999100 ) ) ;
#7051 = LINE ( 'NONE', #3676, #3659 ) ;
#7053 = CARTESIAN_POINT ( 'NONE',  ( -3.958734124999999400, 0.8750000013655889800, -1.639761364404187100 ) ) ;
#7054 = CARTESIAN_POINT ( 'NONE',  ( 14.50000000000000000, -16.00000000000000000, 0.0000000000000000000 ) ) ;
#7055 = ORIENTED_EDGE ( 'NONE', *, *, #1452, .T. ) ;
#7056 = EDGE_CURVE ( 'NONE', #6081, #3072, #5980, .T. ) ;
#7057 = CARTESIAN_POINT ( 'NONE',  ( 16.50000000000000000, -16.00000000000000000, 0.0000000000000000000 ) ) ;
#7058 = CIRCLE ( 'NONE', #8688, 0.4525471255180572000 ) ;
#7059 = DIRECTION ( 'NONE',  ( 0.0000000000000000000, 0.0000000000000000000, 1.000000000000000000 ) ) ;
#7060 = CARTESIAN_POINT ( 'NONE',  ( -14.84201414099325000, -4.819999999999999400, -0.2399999999999997700 ) ) ;
#7061 = EDGE_CURVE ( 'NONE', #8370, #8710, #4183, .T. ) ;
#7062 = FACE_OUTER_BOUND ( 'NONE', #2555, .T. ) ;
#7063 = ORIENTED_EDGE ( 'NONE', *, *, #7649, .T. ) ;
#7064 = DIRECTION ( 'NONE',  ( 0.0000000000000000000, 0.0000000000000000000, 1.000000000000000000 ) ) ;
#7065 = DIRECTION ( 'NONE',  ( 0.4461978007789582100, -0.8949343677499602700, 0.0000000000000000000 ) ) ;
#7066 = ORIENTED_EDGE ( 'NONE', *, *, #8190, .T. ) ;
#7067 = DIRECTION ( 'NONE',  ( 0.0000000000000000000, 1.000000000000000000, -2.293448377517464800E-016 ) ) ;
#7068 = EDGE_CURVE ( 'NONE', #3572, #5720, #5757, .T. ) ;
#7069 = CARTESIAN_POINT ( 'NONE',  ( 4.500000000000000000, 0.9999999999999956700, -5.510910596163088600E-016 ) ) ;
#7070 = LINE ( 'NONE', #8283, #4847 ) ;
#7071 = AXIS2_PLACEMENT_3D ( 'NONE', #6962, #2911, #7654 ) ;
#7072 = CARTESIAN_POINT ( 'NONE',  ( 3.958734124999999900, 2.375000001365589900, 1.639761364404186200 ) ) ;
#7073 = VERTEX_POINT ( 'NONE', #5655 ) ;
#7074 = ORIENTED_EDGE ( 'NONE', *, *, #1278, .F. ) ;
#7075 = B_SPLINE_CURVE_WITH_KNOTS ( 'NONE', 3,
 ( #2549, #692, #2706, #6066 ),
 .UNSPECIFIED., .F., .F.,
 ( 4, 4 ),
 ( 0.0008975940788892042400, 0.002290662657314788300 ),
 .UNSPECIFIED. ) ;
#7076 =( BOUNDED_CURVE ( )  B_SPLINE_CURVE ( 3, ( #6254, #2143, #6923, #2874 ),
 .UNSPECIFIED., .F., .F. ) 
 B_SPLINE_CURVE_WITH_KNOTS ( ( 4, 4 ),
 ( 5.965617895249478900, 6.600752719109690900 ),
 .UNSPECIFIED. ) 
 CURVE ( )  GEOMETRIC_REPRESENTATION_ITEM ( )  RATIONAL_B_SPLINE_CURVE ( ( 1.000000000000000000, 0.9666652130990940300, 0.9666652130990940300, 1.000000000000000000 ) ) 
 REPRESENTATION_ITEM ( '' )  );
#7077 = CARTESIAN_POINT ( 'NONE',  ( -2.755455298081544300E-016, 6.249999999999996400, -4.500000000000000000 ) ) ;
#7078 = FACE_OUTER_BOUND ( 'NONE', #1647, .T. ) ;
#7079 = CARTESIAN_POINT ( 'NONE',  ( -14.50000000000000000, -4.819999999999999400, 0.0000000000000000000 ) ) ;
#7080 = CARTESIAN_POINT ( 'NONE',  ( 14.73999999999999800, -4.819999999999999400, 0.3420141409932486200 ) ) ;
#7081 = VERTEX_POINT ( 'NONE', #8363 ) ;
#7082 = ORIENTED_EDGE ( 'NONE', *, *, #6987, .T. ) ;
#7083 = VECTOR ( 'NONE', #865, 1000.000000000000000 ) ;
#7084 = DIRECTION ( 'NONE',  ( -0.9018432397794329300, 0.0000000000000000000, 0.4320633875534194400 ) ) ;
#7085 = CARTESIAN_POINT ( 'NONE',  ( 1.639761364404186800, 6.875000001365589400, -3.958734124999999400 ) ) ;
#7086 = EDGE_LOOP ( 'NONE', ( #7659, #6813, #4006, #8129 ) ) ;
#7087 = FACE_OUTER_BOUND ( 'NONE', #6492, .T. ) ;
#7088 = ADVANCED_FACE ( 'NONE', ( #7788 ), #1931, .T. ) ;
#7089 = CARTESIAN_POINT ( 'NONE',  ( -15.50000000000000400, -17.60000000000000100, 1.732050807568875200 ) ) ;
#7090 = ORIENTED_EDGE ( 'NONE', *, *, #5772, .T. ) ;
#7091 = CARTESIAN_POINT ( 'NONE',  ( 8.266365894244633300E-016, 1.749999999999996400, 4.500000000000000000 ) ) ;
#7092 = CARTESIAN_POINT ( 'NONE',  ( 8.266365894244633300E-016, 1.875000002731183300, 4.500000000000000000 ) ) ;
#7093 = AXIS2_PLACEMENT_3D ( 'NONE', #6950, #2199, #815 ) ;
#7094 = CARTESIAN_POINT ( 'NONE',  ( -12.50000000000000200, -17.60000000000000100, -0.1952413320394013100 ) ) ;
#7095 = CARTESIAN_POINT ( 'NONE',  ( 0.0000000000000000000, 41.48528137423857500, 0.0000000000000000000 ) ) ;
#7096 = DIRECTION ( 'NONE',  ( 0.0000000000000000000, 1.000000000000000000, 0.0000000000000000000 ) ) ;
#7097 = PLANE ( 'NONE',  #5930 ) ;
#7098 = ORIENTED_EDGE ( 'NONE', *, *, #6757, .F. ) ;
#7099 = EDGE_CURVE ( 'NONE', #1974, #5484, #2447, .T. ) ;
#7100 = CARTESIAN_POINT ( 'NONE',  ( 10.45226804891553500, -14.44999999999999900, -15.26434055678854000 ) ) ;
#7101 = AXIS2_PLACEMENT_3D ( 'NONE', #2794, #7536, #3475 ) ;
#7102 = EDGE_CURVE ( 'NONE', #7950, #1986, #3751, .T. ) ;
#7103 = VERTEX_POINT ( 'NONE', #8419 ) ;
#7104 = CARTESIAN_POINT ( 'NONE',  ( -14.15798585900675200, -4.819999999999999400, -0.2399999999999997700 ) ) ;
#7105 = CARTESIAN_POINT ( 'NONE',  ( 2.799247744702092700, 1.562500001365588800, -2.799247744702093100 ) ) ;
#7106 = CARTESIAN_POINT ( 'NONE',  ( -4.500000000000000900, 5.437499999999996400, -1.863961030678928000 ) ) ;
#7107 = ORIENTED_EDGE ( 'NONE', *, *, #6156, .F. ) ;
#7108 = CARTESIAN_POINT ( 'NONE',  ( -3.402649101878586300, -14.05000000000000100, 18.18438833421364700 ) ) ;
#7109 = CARTESIAN_POINT ( 'NONE',  ( -14.88366508938742200, -3.432161446792886900, 0.2399999999999997700 ) ) ;
#7110 = FACE_OUTER_BOUND ( 'NONE', #3195, .T. ) ;
#7111 = ORIENTED_EDGE ( 'NONE', *, *, #8810, .F. ) ;
#7112 = CARTESIAN_POINT ( 'NONE',  ( 0.0000000000000000000, -5.500000000000000000, 0.0000000000000000000 ) ) ;
#7113 = DIRECTION ( 'NONE',  ( 0.0000000000000000000, 0.0000000000000000000, 1.000000000000000000 ) ) ;
#7114 = EDGE_LOOP ( 'NONE', ( #1572, #4035, #4306, #7779 ) ) ;
#7115 = CARTESIAN_POINT ( 'NONE',  ( -2.799247744702093100, 6.062500001365589400, -2.799247744702092700 ) ) ;
#7116 = AXIS2_PLACEMENT_3D ( 'NONE', #7384, #3320, #8069 ) ;
#7117 = AXIS2_PLACEMENT_3D ( 'NONE', #1655, #3742, #8484 ) ;
#7118 = ORIENTED_EDGE ( 'NONE', *, *, #1397, .T. ) ;
#7119 = DIRECTION ( 'NONE',  ( 0.0000000000000000000, -0.0000000000000000000, 1.000000000000000000 ) ) ;
#7120 = VECTOR ( 'NONE', #6516, 1000.000000000000000 ) ;
#7121 = VERTEX_POINT ( 'NONE', #4998 ) ;
#7122 = PLANE ( 'NONE',  #948 ) ;
#7123 = VERTEX_POINT ( 'NONE', #245 ) ;
#7124 = CARTESIAN_POINT ( 'NONE',  ( 0.0000000000000000000, 0.0000000000000000000, 0.0000000000000000000 ) ) ;
#7125 = CIRCLE ( 'NONE', #3967, 2.499999999999995100 ) ;
#7126 = ORIENTED_EDGE ( 'NONE', *, *, #5402, .T. ) ;
#7127 = CARTESIAN_POINT ( 'NONE',  ( 0.0000000000000000000, -14.05000000000000100, 0.0000000000000000000 ) ) ;
#7128 = DIRECTION ( 'NONE',  ( 0.0000000000000000000, 1.000000000000000000, 0.0000000000000000000 ) ) ;
#7129 = AXIS2_PLACEMENT_3D ( 'NONE', #860, #140, #8336 ) ;
#7130 = ORIENTED_EDGE ( 'NONE', *, *, #347, .T. ) ;
#7131 = ORIENTED_EDGE ( 'NONE', *, *, #1654, .T. ) ;
#7132 = CIRCLE ( 'NONE', #3509, 3.162547666931028200 ) ;
#7133 = CARTESIAN_POINT ( 'NONE',  ( -14.15798585900675200, -4.819999999999999400, -0.2399999999999997700 ) ) ;
#7134 = ADVANCED_FACE ( 'NONE', ( #3959 ), #6375, .F. ) ;
#7135 = DIRECTION ( 'NONE',  ( 1.000000000000000000, 0.0000000000000000000, 0.0000000000000000000 ) ) ;
#7136 = CARTESIAN_POINT ( 'NONE',  ( -1.639761364404187300, 0.7500000013655888600, -3.958734124999999400 ) ) ;
#7137 = CIRCLE ( 'NONE', #8569, 1.999999999999998200 ) ;
#7138 = B_SPLINE_CURVE_WITH_KNOTS ( 'NONE', 3,
 ( #7886, #399, #1088, #5865, #1775, #6549, #2479, #7251 ),
 .UNSPECIFIED., .F., .F.,
 ( 4, 2, 2, 4 ),
 ( 0.0000000000000000000, 0.0002476827445766633900, 0.0004953654891533264600, 0.0009907309783066522600 ),
 .UNSPECIFIED. ) ;
#7139 = CARTESIAN_POINT ( 'NONE',  ( -3.181980515339462900, 4.624999999999996400, 3.181980515339464200 ) ) ;
#7140 = EDGE_LOOP ( 'NONE', ( #7597, #1745, #7718, #4743, #809, #4232 ) ) ;
#7141 = DIRECTION ( 'NONE',  ( 0.0000000000000000000, -1.000000000000000000, 0.0000000000000000000 ) ) ;
#7142 = DIRECTION ( 'NONE',  ( 1.000000000000000000, 0.0000000000000000000, 0.0000000000000000000 ) ) ;
#7143 = ORIENTED_EDGE ( 'NONE', *, *, #2484, .T. ) ;
#7144 = B_SPLINE_CURVE_WITH_KNOTS ( 'NONE', 3,
 ( #6711, #3336, #8090, #4018, #8769, #4706 ),
 .UNSPECIFIED., .F., .F.,
 ( 4, 2, 4 ),
 ( 0.001168606431211098100, 0.001750609284260043200, 0.002332612137308988400 ),
 .UNSPECIFIED. ) ;
#7145 = VERTEX_POINT ( 'NONE', #1612 ) ;
#7146 = CARTESIAN_POINT ( 'NONE',  ( -3.833315919883103300, 1.000000000000000200, 1.021882719098308600 ) ) ;
#7147 = CARTESIAN_POINT ( 'NONE',  ( 14.49999999999999800, -4.046379599446113100, 0.0000000000000000000 ) ) ;
#7148 = CARTESIAN_POINT ( 'NONE',  ( -3.958734124999998500, 5.250000001365589400, 1.639761364404189700 ) ) ;
#7149 = CARTESIAN_POINT ( 'NONE',  ( -14.84549164013473700, -3.894975084286509000, 0.2399999999999995500 ) ) ;
#7150 = CARTESIAN_POINT ( 'NONE',  ( -16.50000000000000000, -17.47526534669189100, -0.9679918988505339400 ) ) ;
#7151 = ORIENTED_EDGE ( 'NONE', *, *, #2870, .T. ) ;
#7152 = LINE ( 'NONE', #1643, #3554 ) ;
#7153 = DIRECTION ( 'NONE',  ( 0.0000000000000000000, 0.0000000000000000000, 1.000000000000000000 ) ) ;
#7154 = CARTESIAN_POINT ( 'NONE',  ( -14.74000000000000200, -3.432161446792886900, 0.3836650893874185000 ) ) ;
#7155 = EDGE_CURVE ( 'NONE', #8033, #5563, #7370, .T. ) ;
#7156 = DIRECTION ( 'NONE',  ( -0.5000000000000008900, 0.0000000000000000000, 0.8660254037844382600 ) ) ;
#7157 = CARTESIAN_POINT ( 'NONE',  ( -13.50000000000000200, -17.60000000000000100, -1.732050807568875200 ) ) ;
#7158 = LINE ( 'NONE', #4146, #3559 ) ;
#7159 = CARTESIAN_POINT ( 'NONE',  ( 14.49999999999999800, -4.819999999999999400, 0.3555000000000000400 ) ) ;
#7160 = AXIS2_PLACEMENT_3D ( 'NONE', #567, #2685, #601 ) ;
#7161 = CARTESIAN_POINT ( 'NONE',  ( -15.50000000000000200, -16.00000000000000000, -1.732050807568871900 ) ) ;
#7162 = CARTESIAN_POINT ( 'NONE',  ( -14.33682182486818500, -17.47575993009078500, 2.215190113420279200 ) ) ;
#7163 = CARTESIAN_POINT ( 'NONE',  ( -2.755455298081544300E-016, 3.375000002731182800, -4.500000000000000000 ) ) ;
#7164 = CARTESIAN_POINT ( 'NONE',  ( 8.266365894244633300E-016, 2.749999999999996400, 4.500000000000000000 ) ) ;
#7165 = EDGE_CURVE ( 'NONE', #4734, #2735, #308, .T. ) ;
#7166 = EDGE_CURVE ( 'NONE', #6376, #4966, #7152, .T. ) ;
#7167 = VECTOR ( 'NONE', #6732, 1000.000000000000000 ) ;
#7168 = CARTESIAN_POINT ( 'NONE',  ( 1.863961030678930000, 3.812499999999996900, 4.500000000000000000 ) ) ;
#7169 = CARTESIAN_POINT ( 'NONE',  ( 8.266365894244633300E-016, 4.875000002731183300, 4.500000000000000000 ) ) ;
#7170 = AXIS2_PLACEMENT_3D ( 'NONE', #877, #8358, #4971 ) ;
#7171 = CARTESIAN_POINT ( 'NONE',  ( -16.50000000000000000, -17.42136720504591800, 1.154700538379255900 ) ) ;
#7172 = FACE_OUTER_BOUND ( 'NONE', #6348, .T. ) ;
#7173 = CARTESIAN_POINT ( 'NONE',  ( -1.987690435324876800, 0.9999999999999993300, -3.433262830496071900 ) ) ;
#7174 = CARTESIAN_POINT ( 'NONE',  ( 0.0000000000000000000, -1.000000000000000000, 0.0000000000000000000 ) ) ;
#7175 = ORIENTED_EDGE ( 'NONE', *, *, #8466, .T. ) ;
#7176 = CARTESIAN_POINT ( 'NONE',  ( 7.272076612284971000E-016, 4.437500001365589400, 3.958734124999999400 ) ) ;
#7177 = ADVANCED_FACE ( 'NONE', ( #2155 ), #1494, .F. ) ;
#7178 = CYLINDRICAL_SURFACE ( 'NONE', #4684, 18.50000000000000000 ) ;
#7179 = EDGE_CURVE ( 'NONE', #1354, #1369, #1699, .T. ) ;
#7180 = VERTEX_POINT ( 'NONE', #3728 ) ;
#7181 = ORIENTED_EDGE ( 'NONE', *, *, #6366, .F. ) ;
#7182 = AXIS2_PLACEMENT_3D ( 'NONE', #7208, #5177, #1084 ) ;
#7183 = CARTESIAN_POINT ( 'NONE',  ( -14.50000000000000000, -4.046379599446113100, 1.928476821192052700 ) ) ;
#7184 = DIRECTION ( 'NONE',  ( 0.0000000000000000000, 0.0000000000000000000, -1.000000000000000000 ) ) ;
#7185 = LOCAL_TIME ( 19, 5, 7.000000000000000000, #141 ) ;
#7186 = DIRECTION ( 'NONE',  ( 0.0000000000000000000, 0.0000000000000000000, -1.000000000000000000 ) ) ;
#7187 = AXIS2_PLACEMENT_3D ( 'NONE', #6034, #1943, #6704 ) ;
#7188 = EDGE_LOOP ( 'NONE', ( #1788, #743, #5054, #5680 ) ) ;
#7189 = FACE_OUTER_BOUND ( 'NONE', #5953, .T. ) ;
#7190 = CARTESIAN_POINT ( 'NONE',  ( 14.04681769877114100, -14.44999999999999900, 12.03897472949792500 ) ) ;
#7191 = DIRECTION ( 'NONE',  ( -0.0000000000000000000, 1.000000000000000000, -0.0000000000000000000 ) ) ;
#7192 = CARTESIAN_POINT ( 'NONE',  ( 1.639761364404189300, 6.500000001365589400, 3.958734124999998500 ) ) ;
#7193 = DIRECTION ( 'NONE',  ( -1.000000000000000000, 0.0000000000000000000, 0.0000000000000000000 ) ) ;
#7194 = VERTEX_POINT ( 'NONE', #4394 ) ;
#7195 = EDGE_CURVE ( 'NONE', #5958, #5159, #8747, .T. ) ;
#7196 = ORIENTED_EDGE ( 'NONE', *, *, #931, .T. ) ;
#7197 = DIRECTION ( 'NONE',  ( 0.0000000000000000000, 1.000000000000000000, 0.0000000000000000000 ) ) ;
#7198 = ORIENTED_EDGE ( 'NONE', *, *, #5784, .F. ) ;
#7199 = LINE ( 'NONE', #2709, #1541 ) ;
#7200 = CARTESIAN_POINT ( 'NONE',  ( 4.500000000000000000, 2.999999999999995600, -5.510910596163088600E-016 ) ) ;
#7201 = VECTOR ( 'NONE', #8415, 1000.000000000000000 ) ;
#7202 = CARTESIAN_POINT ( 'NONE',  ( 7.993172669738264300, -14.44999999999999900, 16.68409993591951600 ) ) ;
#7203 = DIRECTION ( 'NONE',  ( 0.0000000000000000000, 0.0000000000000000000, 1.000000000000000000 ) ) ;
#7204 = VERTEX_POINT ( 'NONE', #993 ) ;
#7205 = ORIENTED_EDGE ( 'NONE', *, *, #5670, .F. ) ;
#7206 = CARTESIAN_POINT ( 'NONE',  ( 3.958734124999999900, 3.625000001365589400, 1.639761364404186200 ) ) ;
#7207 = CARTESIAN_POINT ( 'NONE',  ( 14.84201414099324800, -4.819999999999999400, 0.2399999999999997700 ) ) ;
#7208 = CARTESIAN_POINT ( 'NONE',  ( 15.91400053919085700, -14.44999999999999900, 7.624226339126849400 ) ) ;
#7209 = CARTESIAN_POINT ( 'NONE',  ( -11.00966792606387300, -14.44999999999999900, -9.435953166363241000 ) ) ;
#7210 = AXIS2_PLACEMENT_3D ( 'NONE', #5732, #1640, #6423 ) ;
#7211 = EDGE_LOOP ( 'NONE', ( #5040, #4133, #3598 ) ) ;
#7212 = CARTESIAN_POINT ( 'NONE',  ( -14.15798585900675200, -4.819999999999999400, -0.09698751136434993800 ) ) ;
#7213 = EDGE_LOOP ( 'NONE', ( #552, #624, #6682, #623, #6827 ) ) ;
#7214 = CARTESIAN_POINT ( 'NONE',  ( -3.181980515339463800, 3.500000002731182800, -3.181980515339463400 ) ) ;
#7215 = DIRECTION ( 'NONE',  ( 0.0000000000000000000, 0.0000000000000000000, 1.000000000000000000 ) ) ;
#7216 = CARTESIAN_POINT ( 'NONE',  ( 3.958734124999999400, 5.687500001365589400, -4.848051074856647000E-016 ) ) ;
#7217 = CARTESIAN_POINT ( 'NONE',  ( 0.0000000000000000000, 7.000000000000000000, -4.500000000000000000 ) ) ;
#7218 = EDGE_CURVE ( 'NONE', #7121, #4621, #3814, .T. ) ;
#7219 = DIRECTION ( 'NONE',  ( 0.0000000000000000000, 1.000000000000000000, 0.0000000000000000000 ) ) ;
#7220 = ADVANCED_FACE ( 'NONE', ( #3328 ), #7795, .T. ) ;
#7221 = AXIS2_PLACEMENT_3D ( 'NONE', #6120, #6792, #7480 ) ;
#7222 = EDGE_CURVE ( 'NONE', #2460, #1562, #6714, .T. ) ;
#7223 = DIRECTION ( 'NONE',  ( -0.8250994895561396500, 0.0000000000000000000, -0.5649874621035389000 ) ) ;
#7224 = CIRCLE ( 'NONE', #4218, 14.00000000000000000 ) ;
#7225 = ORIENTED_EDGE ( 'NONE', *, *, #8714, .F. ) ;
#7226 = DIRECTION ( 'NONE',  ( 0.0000000000000000000, 1.000000000000000000, 0.0000000000000000000 ) ) ;
#7227 = CARTESIAN_POINT ( 'NONE',  ( 2.920744937449733400, 1.000000000000000000, 3.414538090203654200 ) ) ;
#7228 = EDGE_LOOP ( 'NONE', ( #2982, #7225, #7507, #3950 ) ) ;
#7229 = CARTESIAN_POINT ( 'NONE',  ( 1.863961030678927400, 2.187499999999995600, -4.500000000000000900 ) ) ;
#7230 = DIRECTION ( 'NONE',  ( -0.0000000000000000000, 1.000000000000000000, -0.0000000000000000000 ) ) ;
#7231 = DIRECTION ( 'NONE',  ( -0.0000000000000000000, 1.000000000000000000, -0.0000000000000000000 ) ) ;
#7232 = CARTESIAN_POINT ( 'NONE',  ( 4.500000000000000000, 2.999999999999995600, -5.510910596163088600E-016 ) ) ;
#7233 = DIRECTION ( 'NONE',  ( 0.0000000000000000000, 0.0000000000000000000, 1.000000000000000000 ) ) ;
#7234 = CYLINDRICAL_SURFACE ( 'NONE', #8354, 3.000000000000000400 ) ;
#7235 = ORIENTED_EDGE ( 'NONE', *, *, #2855, .T. ) ;
#7236 = EDGE_CURVE ( 'NONE', #4966, #5362, #5338, .T. ) ;
#7237 = ORIENTED_EDGE ( 'NONE', *, *, #2365, .T. ) ;
#7238 = CARTESIAN_POINT ( 'NONE',  ( 2.799247744702092700, 2.812500001365589000, -2.799247744702093100 ) ) ;
#7239 = VERTEX_POINT ( 'NONE', #6481 ) ;
#7240 = CIRCLE ( 'NONE', #5607, 1.999999999999995800 ) ;
#7241 = EDGE_CURVE ( 'NONE', #1836, #5679, #1285, .T. ) ;
#7242 = CARTESIAN_POINT ( 'NONE',  ( 0.0000000000000000000, -1.000000000000000000, 0.0000000000000000000 ) ) ;
#7243 = CARTESIAN_POINT ( 'NONE',  ( -1.443137078762504200, -1.000000000000000000, 11.40909090909090800 ) ) ;
#7244 = ADVANCED_FACE ( 'NONE', ( #3107 ), #6506, .T. ) ;
#7245 = VECTOR ( 'NONE', #1404, 1000.000000000000000 ) ;
#7246 = VERTEX_POINT ( 'NONE', #6511 ) ;
#7247 = PLANE ( 'NONE',  #159 ) ;
#7248 = DIRECTION ( 'NONE',  ( -0.0000000000000000000, -1.000000000000000000, -0.0000000000000000000 ) ) ;
#7249 = EDGE_LOOP ( 'NONE', ( #7806, #7868, #5089, #835, #5056, #2444, #6147, #2291, #1083, #5667, #1890, #575, #3036 ) ) ;
#7250 = ORIENTED_EDGE ( 'NONE', *, *, #5619, .T. ) ;
#7251 = CARTESIAN_POINT ( 'NONE',  ( 13.93103448275862100, -5.000000000000000000, 1.387904261896422600 ) ) ;
#7252 = LINE ( 'NONE', #8488, #3433 ) ;
#7253 = LINE ( 'NONE', #5376, #1798 ) ;
#7254 = DIRECTION ( 'NONE',  ( 0.0000000000000000000, 0.0000000000000000000, 1.000000000000000000 ) ) ;
#7255 = PLANE ( 'NONE',  #561 ) ;
#7256 = AXIS2_PLACEMENT_3D ( 'NONE', #5542, #1447, #6231 ) ;
#7257 = CARTESIAN_POINT ( 'NONE',  ( 1.639761364404186800, 4.875000001365589400, -3.958734124999999400 ) ) ;
#7258 = DIRECTION ( 'NONE',  ( 0.5000000000000010000, 0.0000000000000000000, -0.8660254037844380400 ) ) ;
#7259 = ORIENTED_EDGE ( 'NONE', *, *, #6087, .T. ) ;
#7260 = DIRECTION ( 'NONE',  ( 0.0000000000000000000, -1.000000000000000000, 0.0000000000000000000 ) ) ;
#7261 = CARTESIAN_POINT ( 'NONE',  ( -1.361412808632121100, 1.000000000000000900, 3.981108947102221900 ) ) ;
#7262 = CARTESIAN_POINT ( 'NONE',  ( 10.45226804891553500, -14.44999999999999900, -15.26434055678854000 ) ) ;
#7263 = CARTESIAN_POINT ( 'NONE',  ( 1.863961030678930300, 5.812499999999996400, 4.500000000000000000 ) ) ;
#7264 = CARTESIAN_POINT ( 'NONE',  ( 1.863961030678930000, 5.937500002731185100, 4.500000000000000000 ) ) ;
#7265 = FACE_OUTER_BOUND ( 'NONE', #7613, .T. ) ;
#7266 = CARTESIAN_POINT ( 'NONE',  ( -1.639761364404187300, 2.000000001365589000, -3.958734124999999400 ) ) ;
#7267 = CARTESIAN_POINT ( 'NONE',  ( 0.0000000000000000000, 17.00000000000000000, 0.0000000000000000000 ) ) ;
#7268 = ADVANCED_FACE ( 'NONE', ( #4924 ), #4480, .T. ) ;
#7269 = DIRECTION ( 'NONE',  ( 0.0000000000000000000, 1.000000000000000000, 0.0000000000000000000 ) ) ;
#7270 = CIRCLE ( 'NONE', #4087, 3.190987308028661000 ) ;
#7271 = CARTESIAN_POINT ( 'NONE',  ( -0.9752636518141162300, 7.000000000000000000, -3.879286121111740200 ) ) ;
#7272 = CARTESIAN_POINT ( 'NONE',  ( 7.383686573282775900, -14.05000000000000100, -39.45979146441064200 ) ) ;
#7273 = EDGE_CURVE ( 'NONE', #5635, #7012, #6309, .T. ) ;
#7274 = AXIS2_PLACEMENT_3D ( 'NONE', #5744, #1646, #6430 ) ;
#7275 = EDGE_CURVE ( 'NONE', #3318, #4275, #4710, .T. ) ;
#7276 = CARTESIAN_POINT ( 'NONE',  ( -2.025244176025485000E-013, 6.975480947161671000, -4.024519052838321000 ) ) ;
#7277 = EDGE_LOOP ( 'NONE', ( #2172, #2233 ) ) ;
#7278 = CARTESIAN_POINT ( 'NONE',  ( -2.799247744702093100, 4.062500001365589400, -2.799247744702092700 ) ) ;
#7279 = FACE_OUTER_BOUND ( 'NONE', #1275, .T. ) ;
#7280 = CARTESIAN_POINT ( 'NONE',  ( 0.0000000000000000000, -14.44999999999999900, 0.0000000000000000000 ) ) ;
#7281 = DIRECTION ( 'NONE',  ( 0.0000000000000000000, 0.0000000000000000000, 1.000000000000000000 ) ) ;
#7282 = DIRECTION ( 'NONE',  ( 0.0000000000000000000, 1.000000000000000000, 0.0000000000000000000 ) ) ;
#7283 = DIRECTION ( 'NONE',  ( -0.4461978007789580400, -0.8949343677499602700, 0.0000000000000000000 ) ) ;
#7284 = FACE_OUTER_BOUND ( 'NONE', #560, .T. ) ;
#7285 = ADVANCED_FACE ( 'NONE', ( #2694 ), #741, .T. ) ;
#7286 = DIRECTION ( 'NONE',  ( 0.0000000000000000000, 0.0000000000000000000, 1.000000000000000000 ) ) ;
#7287 = VERTEX_POINT ( 'NONE', #7905 ) ;
#7288 = VERTEX_POINT ( 'NONE', #1698 ) ;
#7289 = AXIS2_PLACEMENT_3D ( 'NONE', #1495, #6284, #2198 ) ;
#7290 = CARTESIAN_POINT ( 'NONE',  ( 4.500000000000000000, 5.125000002731182400, -5.510910596163088600E-016 ) ) ;
#7291 = ORIENTED_EDGE ( 'NONE', *, *, #898, .T. ) ;
#7292 = CARTESIAN_POINT ( 'NONE',  ( -3.958734124999999400, 1.187500001365589200, 0.0000000000000000000 ) ) ;
#7293 = EDGE_LOOP ( 'NONE', ( #6363, #6427, #6486 ) ) ;
#7294 = CYLINDRICAL_SURFACE ( 'NONE', #1687, 2.000000000000001300 ) ;
#7295 = CARTESIAN_POINT ( 'NONE',  ( -0.1911699298330361800, 1.000000000000000200, -4.053873799836389400 ) ) ;
#7296 = ORIENTED_EDGE ( 'NONE', *, *, #2611, .F. ) ;
#7297 = VERTEX_POINT ( 'NONE', #7164 ) ;
#7298 = LINE ( 'NONE', #7663, #1855 ) ;
#7299 = EDGE_CURVE ( 'NONE', #5563, #1094, #859, .T. ) ;
#7300 = CARTESIAN_POINT ( 'NONE',  ( -14.80607957085226700, -4.357706539904509000, 0.2399999999999996600 ) ) ;
#7301 = AXIS2_PLACEMENT_3D ( 'NONE', #8727, #7391, #1250 ) ;
#7302 = PLANE ( 'NONE',  #1059 ) ;
#7303 = VERTEX_POINT ( 'NONE', #7846 ) ;
#7304 = DIRECTION ( 'NONE',  ( 3.261793248024838500E-015, 0.0000000000000000000, -1.000000000000000000 ) ) ;
#7305 = VECTOR ( 'NONE', #4769, 1000.000000000000000 ) ;
#7306 = DIRECTION ( 'NONE',  ( 1.000000000000000000, 0.0000000000000000000, 0.0000000000000000000 ) ) ;
#7307 = ORIENTED_EDGE ( 'NONE', *, *, #6778, .F. ) ;
#7308 = CARTESIAN_POINT ( 'NONE',  ( -9.435953166363290700, -14.44999999999999900, 11.00966792606383000 ) ) ;
#7309 = CARTESIAN_POINT ( 'NONE',  ( 4.056750407549527500, 6.840062207512196400, -0.9611825920176041400 ) ) ;
#7310 = CARTESIAN_POINT ( 'NONE',  ( -3.958734124999998500, 3.250000001365589400, 1.639761364404189700 ) ) ;
#7311 = AXIS2_PLACEMENT_3D ( 'NONE', #3060, #4441, #342 ) ;
#7312 = ADVANCED_FACE ( 'NONE', ( #6098 ), #7684, .T. ) ;
#7313 = CARTESIAN_POINT ( 'NONE',  ( 0.0000000000000000000, -14.05000000000000100, 0.0000000000000000000 ) ) ;
#7314 = ORIENTED_EDGE ( 'NONE', *, *, #3758, .T. ) ;
#7315 = ORIENTED_EDGE ( 'NONE', *, *, #4740, .T. ) ;
#7316 = CARTESIAN_POINT ( 'NONE',  ( 14.15798585900675200, -4.819999999999999400, -0.2400000000000001900 ) ) ;
#7317 = CARTESIAN_POINT ( 'NONE',  ( 1.863961030678927400, 4.312500002731183300, -4.500000000000000900 ) ) ;
#7318 = CARTESIAN_POINT ( 'NONE',  ( 1.639761364404186800, 4.625000001365588500, -3.958734124999999400 ) ) ;
#7319 = ORIENTED_EDGE ( 'NONE', *, *, #5265, .F. ) ;
#7320 = CARTESIAN_POINT ( 'NONE',  ( 3.716584317773858400, 0.9999999999999978900, -2.263674333908524800 ) ) ;
#7321 = ORIENTED_EDGE ( 'NONE', *, *, #1720, .T. ) ;
#7322 = ADVANCED_FACE ( 'NONE', ( #8521 ), #1042, .T. ) ;
#7323 = CARTESIAN_POINT ( 'NONE',  ( 15.54999999999999900, -3.400000000000000400, -0.2400000000000001900 ) ) ;
#7324 = ORIENTED_EDGE ( 'NONE', *, *, #6362, .T. ) ;
#7325 = DIRECTION ( 'NONE',  ( 0.0000000000000000000, -1.000000000000000000, 0.0000000000000000000 ) ) ;
#7326 = CARTESIAN_POINT ( 'NONE',  ( 2.401566053722383700, 16.67018278861006700, 1.499999999999999100 ) ) ;
#7327 = AXIS2_PLACEMENT_3D ( 'NONE', #782, #97, #4191 ) ;
#7328 = CARTESIAN_POINT ( 'NONE',  ( 0.0000000000000000000, 7.000000000000000000, -4.500000000000000000 ) ) ;
#7329 = DIRECTION ( 'NONE',  ( -0.0000000000000000000, 1.000000000000000000, -0.0000000000000000000 ) ) ;
#7330 = TOROIDAL_SURFACE ( 'NONE', #5282, 0.6000000000000003100, 1.000000000000000000 ) ;
#7331 = VERTEX_POINT ( 'NONE', #6505 ) ;
#7332 = CARTESIAN_POINT ( 'NONE',  ( 1.112784378237784200, -14.44999999999999900, -14.45723732002590900 ) ) ;
#7333 = CARTESIAN_POINT ( 'NONE',  ( 2.541883246859999400, 6.722992650254840700, 3.450482861716561700 ) ) ;
#7334 = CARTESIAN_POINT ( 'NONE',  ( 7.272076612284971000E-016, 2.437500001365589400, 3.958734124999999400 ) ) ;
#7335 = EDGE_CURVE ( 'NONE', #2271, #6251, #641, .T. ) ;
#7336 = EDGE_CURVE ( 'NONE', #3996, #5947, #2912, .T. ) ;
#7337 = VERTEX_POINT ( 'NONE', #1759 ) ;
#7338 = CARTESIAN_POINT ( 'NONE',  ( 14.84201414099324800, -4.819999999999999400, 0.2399999999999997700 ) ) ;
#7339 = CARTESIAN_POINT ( 'NONE',  ( 16.68409993591954400, -14.44999999999999900, -7.993172669738196800 ) ) ;
#7340 = AXIS2_PLACEMENT_3D ( 'NONE', #2619, #1925, #7341 ) ;
#7341 = DIRECTION ( 'NONE',  ( -1.000000000000000000, 0.0000000000000000000, 0.0000000000000000000 ) ) ;
#7342 = VECTOR ( 'NONE', #1133, 1000.000000000000000 ) ;
#7343 = EDGE_LOOP ( 'NONE', ( #3627, #7858 ) ) ;
#7344 = VERTEX_POINT ( 'NONE', #2463 ) ;
#7345 = CARTESIAN_POINT ( 'NONE',  ( -14.50000000000000000, -17.81836573537652400, -0.8000000000000020400 ) ) ;
#7346 = CARTESIAN_POINT ( 'NONE',  ( 4.500000000000001800, 6.062499999999996400, -1.863961030678928500 ) ) ;
#7347 = ORIENTED_EDGE ( 'NONE', *, *, #5575, .T. ) ;
#7348 = CIRCLE ( 'NONE', #2580, 1.000000000000000000 ) ;
#7349 = CARTESIAN_POINT ( 'NONE',  ( -7.383686573282775900, -14.05000000000000100, 39.45979146441064200 ) ) ;
#7350 = CARTESIAN_POINT ( 'NONE',  ( -3.181980515339463800, 3.500000002731182800, -3.181980515339463400 ) ) ;
#7351 = VECTOR ( 'NONE', #5790, 1000.000000000000000 ) ;
#7352 = EDGE_CURVE ( 'NONE', #4267, #8741, #6262, .T. ) ;
#7353 = AXIS2_PLACEMENT_3D ( 'NONE', #202, #4979, #892 ) ;
#7354 = CARTESIAN_POINT ( 'NONE',  ( -2.799247744702093100, 3.812500001365589000, -2.799247744702092700 ) ) ;
#7355 =( BOUNDED_CURVE ( )  B_SPLINE_CURVE ( 2, ( #6581, #8662, #493, #5271, #1192 ),
 .UNSPECIFIED., .F., .F. ) 
 B_SPLINE_CURVE_WITH_KNOTS ( ( 3, 2, 3 ),
 ( 0.8928571428571429000, 0.9107142857142857000, 0.9285714285714286000 ),
 .UNSPECIFIED. ) 
 CURVE ( )  GEOMETRIC_REPRESENTATION_ITEM ( )  RATIONAL_B_SPLINE_CURVE ( ( 1.000000000000000000, 0.9238795325112867400, 1.000000000000000000, 0.9238795325112867400, 1.000000000000000000 ) ) 
 REPRESENTATION_ITEM ( '' )  );
#7356 = ORIENTED_EDGE ( 'NONE', *, *, #1334, .T. ) ;
#7357 = CARTESIAN_POINT ( 'NONE',  ( 2.799247744702092700, 6.562500001365588500, -2.799247744702093100 ) ) ;
#7358 = ADVANCED_FACE ( 'NONE', ( #5862 ), #411, .T. ) ;
#7359 = EDGE_LOOP ( 'NONE', ( #2759, #975, #8091, #1665, #8089, #1623 ) ) ;
#7360 = AXIS2_PLACEMENT_3D ( 'NONE', #5523, #1431, #6213 ) ;
#7361 = ORIENTED_EDGE ( 'NONE', *, *, #4178, .T. ) ;
#7362 = DIRECTION ( 'NONE',  ( 0.0000000000000000000, 0.0000000000000000000, -1.000000000000000000 ) ) ;
#7363 = CARTESIAN_POINT ( 'NONE',  ( -16.50000000000000000, -16.12441882883115000, 0.9668978507697960600 ) ) ;
#7364 = CARTESIAN_POINT ( 'NONE',  ( 0.0000000000000000000, -14.44999999999999900, 0.0000000000000000000 ) ) ;
#7365 = EDGE_CURVE ( 'NONE', #8275, #3996, #2250, .T. ) ;
#7366 = EDGE_LOOP ( 'NONE', ( #7250, #6289, #8845 ) ) ;
#7367 = DIRECTION ( 'NONE',  ( 0.0000000000000000000, 0.0000000000000000000, 1.000000000000000000 ) ) ;
#7368 = AXIS2_PLACEMENT_3D ( 'NONE', #7379, #3315, #8064 ) ;
#7369 = CARTESIAN_POINT ( 'NONE',  ( 3.958734125000000300, 1.625000001365589600, 1.639761364404186200 ) ) ;
#7370 = LINE ( 'NONE', #3699, #115 ) ;
#7371 = CARTESIAN_POINT ( 'NONE',  ( -4.500000000000000000, 2.687500002731183300, 1.863961030678930700 ) ) ;
#7372 = CARTESIAN_POINT ( 'NONE',  ( 14.74000000000000000, -6.600000000000001400, 8.673617379884035500E-016 ) ) ;
#7373 = CARTESIAN_POINT ( 'NONE',  ( -14.50000000000000000, -4.190020746977269000, 0.0000000000000000000 ) ) ;
#7374 = ADVANCED_FACE ( 'NONE', ( #4074 ), #3845, .T. ) ;
#7375 = CARTESIAN_POINT ( 'NONE',  ( 4.500000000000001800, 2.187500002731182800, -1.863961030678928500 ) ) ;
#7376 = CARTESIAN_POINT ( 'NONE',  ( 8.266365894244633300E-016, 2.875000002731183300, 4.500000000000000000 ) ) ;
#7377 = CYLINDRICAL_SURFACE ( 'NONE', #5723, 11.50000000000000000 ) ;
#7378 = CARTESIAN_POINT ( 'NONE',  ( -4.500000000000000000, 2.687500002731183300, 1.863961030678930700 ) ) ;
#7379 = CARTESIAN_POINT ( 'NONE',  ( -14.50000000000000000, -4.046379599446113100, 0.0000000000000000000 ) ) ;
#7380 = PLANE ( 'NONE',  #2229 ) ;
#7381 = CARTESIAN_POINT ( 'NONE',  ( -3.958734124999998500, 3.000000001365589000, 1.639761364404189700 ) ) ;
#7382 = FACE_OUTER_BOUND ( 'NONE', #4619, .T. ) ;
#7383 = AXIS2_PLACEMENT_3D ( 'NONE', #7373, #5278, #2708 ) ;
#7384 = CARTESIAN_POINT ( 'NONE',  ( -14.50000000000000200, -17.60000000000000100, 0.0000000000000000000 ) ) ;
#7385 = VERTEX_POINT ( 'NONE', #5938 ) ;
#7386 = CARTESIAN_POINT ( 'NONE',  ( 14.15798585900675200, -4.819999999999999400, -0.2400000000000001900 ) ) ;
#7387 = ORIENTED_EDGE ( 'NONE', *, *, #2256, .F. ) ;
#7388 = DIRECTION ( 'NONE',  ( 0.0000000000000000000, -1.000000000000000000, 0.0000000000000000000 ) ) ;
#7389 = DIRECTION ( 'NONE',  ( 0.0000000000000000000, -1.000000000000000000, 0.0000000000000000000 ) ) ;
#7390 = EDGE_CURVE ( 'NONE', #2882, #6804, #5654, .T. ) ;
#7391 = DIRECTION ( 'NONE',  ( -0.0000000000000000000, 1.000000000000000000, -0.0000000000000000000 ) ) ;
#7392 = AXIS2_PLACEMENT_3D ( 'NONE', #1774, #7248, #3165 ) ;
#7393 = EDGE_CURVE ( 'NONE', #5717, #8328, #4276, .T. ) ;
#7394 = VECTOR ( 'NONE', #3842, 1000.000000000000000 ) ;
#7395 = DIRECTION ( 'NONE',  ( 0.0000000000000000000, 0.0000000000000000000, -1.000000000000000000 ) ) ;
#7396 = ORIENTED_EDGE ( 'NONE', *, *, #5964, .F. ) ;
#7397 = ORIENTED_EDGE ( 'NONE', *, *, #1556, .F. ) ;
#7398 = ORGANIZATION ( 'UNSPECIFIED', 'UNSPECIFIED', '' ) ;
#7399 = DIRECTION ( 'NONE',  ( -1.000000000000000000, -0.0000000000000000000, -3.717358813710529100E-015 ) ) ;
#7400 = ADVANCED_FACE ( 'NONE', ( #2464 ), #1806, .T. ) ;
#7401 = DIRECTION ( 'NONE',  ( 0.8660254037844403700, 0.4999999999999969500, 0.0000000000000000000 ) ) ;
#7402 = ORIENTED_EDGE ( 'NONE', *, *, #1114, .T. ) ;
#7403 = CARTESIAN_POINT ( 'NONE',  ( 8.266365894244633300E-016, 2.875000002731183300, 4.500000000000000000 ) ) ;
#7404 = CIRCLE ( 'NONE', #3812, 0.1800000000000002400 ) ;
#7405 = DIRECTION ( 'NONE',  ( -0.9432144216567395200, 0.0000000000000000000, 0.3321845191738205800 ) ) ;
#7406 = ORIENTED_EDGE ( 'NONE', *, *, #8131, .T. ) ;
#7407 = AXIS2_PLACEMENT_3D ( 'NONE', #7133, #3063, #7810 ) ;
#7408 = DIRECTION ( 'NONE',  ( 0.0000000000000000000, 0.0000000000000000000, 1.000000000000000000 ) ) ;
#7409 = EDGE_CURVE ( 'NONE', #5060, #7431, #5445, .T. ) ;
#7410 = FACE_OUTER_BOUND ( 'NONE', #3673, .T. ) ;
#7411 = CARTESIAN_POINT ( 'NONE',  ( 8.266365894244633300E-016, 1.875000002731183300, 4.500000000000000000 ) ) ;
#7412 = VERTEX_POINT ( 'NONE', #3273 ) ;
#7413 = VERTEX_POINT ( 'NONE', #1886 ) ;
#7414 = VECTOR ( 'NONE', #6409, 1000.000000000000200 ) ;
#7415 = CARTESIAN_POINT ( 'NONE',  ( 1.863961030678927400, 6.312500002731184200, -4.500000000000001800 ) ) ;
#7416 = CARTESIAN_POINT ( 'NONE',  ( 7.272076612284971000E-016, 2.187500001365589400, 3.958734124999999400 ) ) ;
#7417 =( BOUNDED_CURVE ( )  B_SPLINE_CURVE ( 2, ( #2158, #2185, #4926, #830, #5606, #1510, #6299, #2211, #6966 ),
 .UNSPECIFIED., .F., .F. ) 
 B_SPLINE_CURVE_WITH_KNOTS ( ( 3, 2, 2, 2, 3 ),
 ( 0.7500000000000000000, 0.7678571428571429000, 0.7857142857142857000, 0.8035714285714286000, 0.8214285714285714000 ),
 .UNSPECIFIED. ) 
 CURVE ( )  GEOMETRIC_REPRESENTATION_ITEM ( )  RATIONAL_B_SPLINE_CURVE ( ( 1.000000000000000000, 0.9238795325112867400, 1.000000000000000000, 0.9238795325112867400, 1.000000000000000000, 0.9238795325112867400, 1.000000000000000000, 0.9238795325112867400, 1.000000000000000000 ) ) 
 REPRESENTATION_ITEM ( '' )  );
#7418 = LINE ( 'NONE', #6421, #7201 ) ;
#7419 = ADVANCED_FACE ( 'NONE', ( #205 ), #538, .T. ) ;
#7420 = ORIENTED_EDGE ( 'NONE', *, *, #7099, .T. ) ;
#7421 = ORIENTED_EDGE ( 'NONE', *, *, #3390, .F. ) ;
#7422 = DIRECTION ( 'NONE',  ( 0.0000000000000000000, 0.0000000000000000000, -1.000000000000000000 ) ) ;
#7423 = DIRECTION ( 'NONE',  ( 0.0000000000000000000, 0.0000000000000000000, 1.000000000000000000 ) ) ;
#7424 = DIRECTION ( 'NONE',  ( 0.0000000000000000000, 1.000000000000000000, 0.0000000000000000000 ) ) ;
#7425 = DIRECTION ( 'NONE',  ( -0.0000000000000000000, 1.000000000000000000, -0.0000000000000000000 ) ) ;
#7426 = CARTESIAN_POINT ( 'NONE',  ( 1.347111479062088400E-015, 0.0000000000000000000, -10.49999999999999800 ) ) ;
#7427 = ORIENTED_EDGE ( 'NONE', *, *, #6602, .T. ) ;
#7428 = AXIS2_PLACEMENT_3D ( 'NONE', #5719, #5695, #923 ) ;
#7429 = CARTESIAN_POINT ( 'NONE',  ( -0.6556551501732010800, 6.991505987567684600, -3.968394939950629800 ) ) ;
#7430 = DIRECTION ( 'NONE',  ( 0.0000000000000000000, 1.000000000000000000, 0.0000000000000000000 ) ) ;
#7431 = VERTEX_POINT ( 'NONE', #5313 ) ;
#7432 = CARTESIAN_POINT ( 'NONE',  ( -1.639761364404187300, 6.750000001365589400, -3.958734124999999400 ) ) ;
#7433 = DIRECTION ( 'NONE',  ( 0.0000000000000000000, 0.0000000000000000000, -1.000000000000000000 ) ) ;
#7434 = CARTESIAN_POINT ( 'NONE',  ( -14.36206896551724400, -5.500000000000000000, 1.995238088481303200 ) ) ;
#7435 = CARTESIAN_POINT ( 'NONE',  ( -13.83924774000590200, -17.58289480127297800, 1.927915581583255800 ) ) ;
#7436 = CARTESIAN_POINT ( 'NONE',  ( 4.500000000000000900, 1.062500002731183500, 1.863961030678926700 ) ) ;
#7437 = CONICAL_SURFACE ( 'NONE', #996, 1.999999999999998200, 1.047197551196596300 ) ;
#7438 = VERTEX_POINT ( 'NONE', #7376 ) ;
#7439 = CARTESIAN_POINT ( 'NONE',  ( 14.49999999999999800, -4.819999999999999400, 0.0000000000000000000 ) ) ;
#7440 = CARTESIAN_POINT ( 'NONE',  ( 3.958734125000000300, 1.375000001365589400, 1.639761364404186200 ) ) ;
#7441 = ORIENTED_EDGE ( 'NONE', *, *, #6688, .F. ) ;
#7442 = ADVANCED_FACE ( 'NONE', ( #2042 ), #3443, .T. ) ;
#7443 = CARTESIAN_POINT ( 'NONE',  ( 0.0000000000000000000, 1.000000000000000000, 0.0000000000000000000 ) ) ;
#7444 = EDGE_CURVE ( 'NONE', #1995, #7438, #8005, .T. ) ;
#7445 = AXIS2_PLACEMENT_3D ( 'NONE', #8229, #7545, #3482 ) ;
#7446 = EDGE_CURVE ( 'NONE', #2937, #5217, #3648, .T. ) ;
#7447 = LINE ( 'NONE', #29, #8598 ) ;
#7448 = ORIENTED_EDGE ( 'NONE', *, *, #7008, .T. ) ;
#7449 = PLANE ( 'NONE',  #8376 ) ;
#7450 = PLANE ( 'NONE',  #6761 ) ;
#7451 = AXIS2_PLACEMENT_3D ( 'NONE', #3629, #2999, #4934 ) ;
#7452 = EDGE_LOOP ( 'NONE', ( #4323, #6540, #8856 ) ) ;
#7453 = EDGE_LOOP ( 'NONE', ( #8560, #3843, #4662, #1896, #4340, #2839 ) ) ;
#7454 = CARTESIAN_POINT ( 'NONE',  ( -18.01865935660687500, -14.44999999999999900, -4.192602412650588300 ) ) ;
#7455 = FACE_OUTER_BOUND ( 'NONE', #5280, .T. ) ;
#7456 = CARTESIAN_POINT ( 'NONE',  ( -14.36206896551724400, -5.500000000000000000, 1.995238088481303200 ) ) ;
#7457 = CARTESIAN_POINT ( 'NONE',  ( 14.76225989018528800, -4.819999999999999400, 0.2400000000000006300 ) ) ;
#7458 = CIRCLE ( 'NONE', #1392, 1.600000000000000800 ) ;
#7459 = ORIENTED_EDGE ( 'NONE', *, *, #7969, .F. ) ;
#7460 = EDGE_CURVE ( 'NONE', #183, #8741, #6419, .T. ) ;
#7461 = EDGE_LOOP ( 'NONE', ( #6594, #5604, #2711, #8586 ) ) ;
#7462 = DIRECTION ( 'NONE',  ( -0.0000000000000000000, 0.0000000000000000000, 1.000000000000000000 ) ) ;
#7463 = AXIS2_PLACEMENT_3D ( 'NONE', #1950, #6710, #2653 ) ;
#7464 = ORIENTED_EDGE ( 'NONE', *, *, #7728, .F. ) ;
#7465 = ORIENTED_EDGE ( 'NONE', *, *, #4989, .F. ) ;
#7466 = ADVANCED_FACE ( 'NONE', ( #7038 ), #2854, .T. ) ;
#7467 = CARTESIAN_POINT ( 'NONE',  ( -3.958734124999999400, 5.937500001365589400, 0.0000000000000000000 ) ) ;
#7468 = CIRCLE ( 'NONE', #3282, 2.000000000000000000 ) ;
#7469 = CARTESIAN_POINT ( 'NONE',  ( 16.50000000000000000, -16.00000000000000000, 0.0000000000000000000 ) ) ;
#7470 = CARTESIAN_POINT ( 'NONE',  ( 3.181980515339463400, 0.2500000027311826700, -3.181980515339463800 ) ) ;
#7471 = ORIENTED_EDGE ( 'NONE', *, *, #403, .T. ) ;
#7472 = FACE_OUTER_BOUND ( 'NONE', #4501, .T. ) ;
#7473 = EDGE_CURVE ( 'NONE', #1001, #5810, #4852, .T. ) ;
#7474 = CARTESIAN_POINT ( 'NONE',  ( 16.50000000000000000, -17.60000000000000100, 0.0000000000000000000 ) ) ;
#7475 = DIRECTION ( 'NONE',  ( 0.0000000000000000000, -1.000000000000000000, 0.0000000000000000000 ) ) ;
#7476 = PRODUCT_DEFINITION ( 'UNKNOWN', '', #904, #5013 ) ;
#7477 = CARTESIAN_POINT ( 'NONE',  ( -1.863961030678928000, 2.312499999999996000, -4.500000000000001800 ) ) ;
#7478 = LINE ( 'NONE', #4528, #5658 ) ;
#7479 = CARTESIAN_POINT ( 'NONE',  ( -14.50000000000000000, -5.000000000000000900, 2.000000000000000000 ) ) ;
#7480 = DIRECTION ( 'NONE',  ( 1.000000000000000000, 0.0000000000000000000, 0.0000000000000000000 ) ) ;
#7481 = ORIENTED_EDGE ( 'NONE', *, *, #365, .F. ) ;
#7482 = EDGE_CURVE ( 'NONE', #6394, #676, #8860, .T. ) ;
#7483 = CARTESIAN_POINT ( 'NONE',  ( 16.50000000000000000, -16.17863279495408300, 1.154700538379255900 ) ) ;
#7484 = CARTESIAN_POINT ( 'NONE',  ( 4.872006157907522500, -14.05000000000000100, 0.5897000988077660800 ) ) ;
#7485 = FACE_OUTER_BOUND ( 'NONE', #7188, .T. ) ;
#7486 = CARTESIAN_POINT ( 'NONE',  ( 13.67660911402274800, -14.44999999999999900, -4.816675528020341300 ) ) ;
#7487 = ADVANCED_FACE ( 'NONE', ( #8539 ), #4921, .T. ) ;
#7488 = PLANE ( 'NONE',  #1997 ) ;
#7489 = CARTESIAN_POINT ( 'NONE',  ( -2.598076211353317300, 10.00000000000000200, 1.499999999999999100 ) ) ;
#7490 = CARTESIAN_POINT ( 'NONE',  ( -1.639761364404188200, 5.125000001365589400, 3.958734124999998500 ) ) ;
#7491 = EDGE_LOOP ( 'NONE', ( #5141, #2030, #1009 ) ) ;
#7492 = PLANE ( 'NONE',  #5466 ) ;
#7493 = CARTESIAN_POINT ( 'NONE',  ( -14.25999999999999800, -3.560076670449441300, -0.9701887189893735300 ) ) ;
#7494 = CYLINDRICAL_SURFACE ( 'NONE', #4590, 4.500000000000000000 ) ;
#7495 = FACE_OUTER_BOUND ( 'NONE', #2790, .T. ) ;
#7496 = CARTESIAN_POINT ( 'NONE',  ( 2.799247744702093600, 6.312500001365589400, 2.799247744702092700 ) ) ;
#7497 = ORIENTED_EDGE ( 'NONE', *, *, #3131, .T. ) ;
#7498 = CARTESIAN_POINT ( 'NONE',  ( 16.50000000000000000, -17.47526534669188800, -0.9679918988505332700 ) ) ;
#7499 = ORIENTED_EDGE ( 'NONE', *, *, #2505, .F. ) ;
#7500 = AXIS2_PLACEMENT_3D ( 'NONE', #4161, #1229, #5968 ) ;
#7501 = CARTESIAN_POINT ( 'NONE',  ( 2.799247744702093600, 6.562500001365589400, 2.799247744702092700 ) ) ;
#7502 = ADVANCED_FACE ( 'NONE', ( #7472 ), #4227, .T. ) ;
#7503 = CYLINDRICAL_SURFACE ( 'NONE', #7753, 4.500000000000000000 ) ;
#7504 = DIRECTION ( 'NONE',  ( -0.0000000000000000000, 1.000000000000000000, -0.0000000000000000000 ) ) ;
#7505 = DIRECTION ( 'NONE',  ( 0.0000000000000000000, 0.0000000000000000000, 1.000000000000000000 ) ) ;
#7506 = DIRECTION ( 'NONE',  ( 0.0000000000000000000, -1.000000000000000000, 0.0000000000000000000 ) ) ;
#7507 = ORIENTED_EDGE ( 'NONE', *, *, #5452, .T. ) ;
#7508 = EDGE_CURVE ( 'NONE', #3412, #8794, #6036, .T. ) ;
#7509 = EDGE_CURVE ( 'NONE', #5712, #7239, #4425, .T. ) ;
#7510 = ORIENTED_EDGE ( 'NONE', *, *, #7508, .T. ) ;
#7511 = CARTESIAN_POINT ( 'NONE',  ( -14.15798585900675200, -4.819999999999999400, -0.09698751136434993800 ) ) ;
#7512 = FACE_OUTER_BOUND ( 'NONE', #891, .T. ) ;
#7513 = AXIS2_PLACEMENT_3D ( 'NONE', #7878, #8558, #3125 ) ;
#7514 = ORIENTED_EDGE ( 'NONE', *, *, #3587, .T. ) ;
#7515 = DIRECTION ( 'NONE',  ( 3.833243828454257900E-015, 0.0000000000000000000, -1.000000000000000000 ) ) ;
#7516 = CARTESIAN_POINT ( 'NONE',  ( 7.383686573282775900, -14.44999999999999900, -39.45979146441064200 ) ) ;
#7517 = VERTEX_POINT ( 'NONE', #4260 ) ;
#7518 = VECTOR ( 'NONE', #812, 1000.000000000000000 ) ;
#7519 = CARTESIAN_POINT ( 'NONE',  ( 14.49999999999999800, -4.046379599446113100, -1.928476821192052700 ) ) ;
#7520 = DIRECTION ( 'NONE',  ( -1.000000000000000000, 0.0000000000000000000, 0.0000000000000000000 ) ) ;
#7521 = CIRCLE ( 'NONE', #2743, 14.50000000000000000 ) ;
#7522 = VERTEX_POINT ( 'NONE', #3615 ) ;
#7523 = EDGE_CURVE ( 'NONE', #7517, #5094, #7832, .T. ) ;
#7524 = DIRECTION ( 'NONE',  ( 1.000000000000000000, 0.0000000000000000000, 0.0000000000000000000 ) ) ;
#7525 = AXIS2_PLACEMENT_3D ( 'NONE', #2968, #916, #5686 ) ;
#7526 = DIRECTION ( 'NONE',  ( 0.0000000000000000000, -1.000000000000000000, -0.0000000000000000000 ) ) ;
#7527 = EDGE_CURVE ( 'NONE', #5484, #7655, #2635, .T. ) ;
#7528 = MANIFOLD_SOLID_BREP ( 'Соединить4', #5508 ) ;
#7529 = CARTESIAN_POINT ( 'NONE',  ( 12.82771778100631500, -17.52066220018764000, 1.343908487461474400 ) ) ;
#7530 = ORIENTED_EDGE ( 'NONE', *, *, #4892, .T. ) ;
#7531 = ORIENTED_EDGE ( 'NONE', *, *, #5399, .T. ) ;
#7532 = ADVANCED_FACE ( 'NONE', ( #5806 ), #358, .T. ) ;
#7533 = CARTESIAN_POINT ( 'NONE',  ( 3.958734124999999400, 5.750000001365589400, -1.639761364404187500 ) ) ;
#7534 = EDGE_CURVE ( 'NONE', #1836, #4267, #3267, .T. ) ;
#7535 = ORIENTED_EDGE ( 'NONE', *, *, #1347, .F. ) ;
#7537 = CARTESIAN_POINT ( 'NONE',  ( 14.49999999999999800, -4.788539114293418400, 0.3576999594383801800 ) ) ;
#7536 = DIRECTION ( 'NONE',  ( -0.0000000000000000000, 1.000000000000000000, -0.0000000000000000000 ) ) ;
#7538 = AXIS2_PLACEMENT_3D ( 'NONE', #8307, #4236, #134 ) ;
#7539 = CARTESIAN_POINT ( 'NONE',  ( -1.966028984945577700, 6.611524632862829000, 3.934025614056583000 ) ) ;
#7540 = CARTESIAN_POINT ( 'NONE',  ( 8.266365894244633300E-016, 3.749999999999996400, 4.500000000000000000 ) ) ;
#7541 = VERTEX_POINT ( 'NONE', #5650 ) ;
#7542 = CIRCLE ( 'NONE', #7692, 3.162547666931028600 ) ;
#7543 = EDGE_LOOP ( 'NONE', ( #6978, #7614, #6303, #1644, #6174 ) ) ;
#7544 = DIRECTION ( 'NONE',  ( 2.290567970039799000E-016, 1.000000000000000000, 7.997479954884052100E-031 ) ) ;
#7545 = DIRECTION ( 'NONE',  ( -0.0000000000000000000, -1.000000000000000000, -0.0000000000000000000 ) ) ;
#7546 = VERTEX_POINT ( 'NONE', #2985 ) ;
#7547 = DIRECTION ( 'NONE',  ( 0.4461978007789580400, 0.8949343677499602700, 0.0000000000000000000 ) ) ;
#7548 = CARTESIAN_POINT ( 'NONE',  ( -3.181980515339463800, 1.500000002731182800, -3.181980515339463400 ) ) ;
#7549 = DIRECTION ( 'NONE',  ( -3.261793248024838500E-015, 0.0000000000000000000, 1.000000000000000000 ) ) ;
#7550 = ADVANCED_FACE ( 'NONE', ( #7631 ), #160, .F. ) ;
#7551 = ORIENTED_EDGE ( 'NONE', *, *, #6729, .T. ) ;
#7552 = FACE_OUTER_BOUND ( 'NONE', #810, .T. ) ;
#7553 = ORIENTED_EDGE ( 'NONE', *, *, #7695, .T. ) ;
#7554 = CARTESIAN_POINT ( 'NONE',  ( -14.50000000000000000, -17.61836573537653200, 1.000000000000000000 ) ) ;
#7555 = DIRECTION ( 'NONE',  ( 0.0000000000000000000, 0.0000000000000000000, 1.000000000000000000 ) ) ;
#7556 = DIRECTION ( 'NONE',  ( 0.0000000000000000000, 1.000000000000000000, 0.0000000000000000000 ) ) ;
#7557 = ORIENTED_EDGE ( 'NONE', *, *, #5964, .T. ) ;
#7558 = AXIS2_PLACEMENT_3D ( 'NONE', #5533, #1445, #2142 ) ;
#7559 = CIRCLE ( 'NONE', #1446, 14.50000000000000000 ) ;
#7560 = LINE ( 'NONE', #4544, #7342 ) ;
#7561 = DIRECTION ( 'NONE',  ( 0.0000000000000000000, 1.000000000000000000, 0.0000000000000000000 ) ) ;
#7562 = ORIENTED_EDGE ( 'NONE', *, *, #7838, .F. ) ;
#7563 = DIRECTION ( 'NONE',  ( -0.0000000000000000000, -1.000000000000000000, -0.0000000000000000000 ) ) ;
#7564 = EDGE_LOOP ( 'NONE', ( #6503, #3708, #2782, #5187, #3678, #7143, #4354, #8734, #4213 ) ) ;
#7565 = EDGE_CURVE ( 'NONE', #2768, #3493, #3789, .T. ) ;
#7566 = EDGE_LOOP ( 'NONE', ( #57, #7837, #8706, #8001 ) ) ;
#7567 = CARTESIAN_POINT ( 'NONE',  ( -2.424025537428323500E-016, 4.937500001365589400, -3.958734124999999400 ) ) ;
#7568 = VECTOR ( 'NONE', #7579, 1000.000000000000000 ) ;
#7569 = AXIS2_PLACEMENT_3D ( 'NONE', #51, #4837, #737 ) ;
#7570 = EDGE_CURVE ( 'NONE', #7121, #6784, #1982, .T. ) ;
#7572 = DIRECTION ( 'NONE',  ( -0.0000000000000000000, 1.000000000000000000, -0.0000000000000000000 ) ) ;
#7571 = DIRECTION ( 'NONE',  ( 0.0000000000000000000, 1.000000000000000000, 0.0000000000000000000 ) ) ;
#7573 = VECTOR ( 'NONE', #1610, 1000.000000000000000 ) ;
#7574 = ORIENTED_EDGE ( 'NONE', *, *, #3811, .F. ) ;
#7575 = CARTESIAN_POINT ( 'NONE',  ( 1.639761364404186800, 5.625000001365588500, -3.958734124999999400 ) ) ;
#7576 = EDGE_LOOP ( 'NONE', ( #1580, #619, #8613, #5800 ) ) ;
#7577 = ORIENTED_EDGE ( 'NONE', *, *, #3378, .F. ) ;
#7578 = DIRECTION ( 'NONE',  ( 0.0000000000000000000, -1.000000000000000000, 0.0000000000000000000 ) ) ;
#7579 = DIRECTION ( 'NONE',  ( 1.000000000000000000, 0.0000000000000000000, 0.0000000000000000000 ) ) ;
#7580 = CARTESIAN_POINT ( 'NONE',  ( -14.26000000000000000, -4.819999999999999400, -0.3420141409932464500 ) ) ;
#7581 = DIRECTION ( 'NONE',  ( -0.0000000000000000000, 1.000000000000000000, -0.0000000000000000000 ) ) ;
#7582 = AXIS2_PLACEMENT_3D ( 'NONE', #5326, #1246, #6016 ) ;
#7583 = DIRECTION ( 'NONE',  ( 0.0000000000000000000, 0.0000000000000000000, 1.000000000000000000 ) ) ;
#7584 =( BOUNDED_CURVE ( )  B_SPLINE_CURVE ( 2, ( #7716, #8398, #7746, #3681, #8427, #4349, #252, #5035, #949 ),
 .UNSPECIFIED., .F., .F. ) 
 B_SPLINE_CURVE_WITH_KNOTS ( ( 3, 2, 2, 2, 3 ),
 ( 0.3214285714285714500, 0.3392857142857143000, 0.3571428571428571500, 0.3750000000000000000, 0.3928571428571428500 ),
 .UNSPECIFIED. ) 
 CURVE ( )  GEOMETRIC_REPRESENTATION_ITEM ( )  RATIONAL_B_SPLINE_CURVE ( ( 1.000000000000000000, 0.9238795325112867400, 1.000000000000000000, 0.9238795325112867400, 1.000000000000000000, 0.9238795325112867400, 1.000000000000000000, 0.9238795325112867400, 1.000000000000000000 ) ) 
 REPRESENTATION_ITEM ( '' )  );
#7585 = CARTESIAN_POINT ( 'NONE',  ( -14.50000000000000000, -4.819999999999999400, 0.0000000000000000000 ) ) ;
#7586 = DIRECTION ( 'NONE',  ( 0.0000000000000000000, -1.000000000000000000, 0.0000000000000000000 ) ) ;
#7587 = VERTEX_POINT ( 'NONE', #936 ) ;
#7588 = VECTOR ( 'NONE', #8308, 1000.000000000000000 ) ;
#7589 = CARTESIAN_POINT ( 'NONE',  ( 6.264919119524582100, -14.05000000000000100, 13.07672697680177800 ) ) ;
#7590 = CARTESIAN_POINT ( 'NONE',  ( 14.25999999999999800, -3.432161446792886900, 0.3836650893874185000 ) ) ;
#7591 = DIRECTION ( 'NONE',  ( -1.000000000000000000, 0.0000000000000000000, -1.776356839400251600E-015 ) ) ;
#7592 = CARTESIAN_POINT ( 'NONE',  ( -10.45226804891553500, -14.05000000000000100, 15.26434055678854000 ) ) ;
#7593 = AXIS2_PLACEMENT_3D ( 'NONE', #1566, #6352, #2267 ) ;
#7594 = VECTOR ( 'NONE', #8104, 1000.000000000000200 ) ;
#7595 = CARTESIAN_POINT ( 'NONE',  ( -3.958734124999999400, 4.125000001365589400, -1.639761364404187100 ) ) ;
#7596 = CARTESIAN_POINT ( 'NONE',  ( -14.15798585900675200, -4.819999999999999400, -0.2399999999999997700 ) ) ;
#7597 = ORIENTED_EDGE ( 'NONE', *, *, #3114, .T. ) ;
#7599 = DIRECTION ( 'NONE',  ( 0.0000000000000000000, -1.000000000000000000, -0.0000000000000000000 ) ) ;
#7598 = VECTOR ( 'NONE', #924, 999.9999999999998900 ) ;
#7600 = AXIS2_PLACEMENT_3D ( 'NONE', #8601, #7921, #3173 ) ;
#7601 = CARTESIAN_POINT ( 'NONE',  ( -2.799247744702093100, 4.812500001365589400, -2.799247744702092700 ) ) ;
#7602 = CIRCLE ( 'NONE', #2339, 18.50000000000000000 ) ;
#7603 = CARTESIAN_POINT ( 'NONE',  ( -14.26000000000000000, -4.819999999999999400, -0.3420141409932464500 ) ) ;
#7604 = CARTESIAN_POINT ( 'NONE',  ( -14.50000000000000000, -4.788539114293419300, 0.3576999594383801200 ) ) ;
#7605 = DIRECTION ( 'NONE',  ( 0.0000000000000000000, -0.0000000000000000000, -1.000000000000000000 ) ) ;
#7606 = ORIENTED_EDGE ( 'NONE', *, *, #3555, .T. ) ;
#7607 = VERTEX_POINT ( 'NONE', #2313 ) ;
#7608 = PLANE ( 'NONE',  #3866 ) ;
#7609 = CARTESIAN_POINT ( 'NONE',  ( 0.0000000000000000000, -5.000000000000000000, 0.0000000000000000000 ) ) ;
#7610 = DIRECTION ( 'NONE',  ( 0.0000000000000000000, 1.000000000000000000, 0.0000000000000000000 ) ) ;
#7611 = CARTESIAN_POINT ( 'NONE',  ( 14.25999999999999800, -4.819999999999999400, 0.3420141409932469000 ) ) ;
#7612 = VECTOR ( 'NONE', #4342, 1000.000000000000000 ) ;
#7613 = EDGE_LOOP ( 'NONE', ( #211, #3784, #2612, #4916, #5709, #8390, #170, #5473, #5544, #4562, #290 ) ) ;
#7614 = ORIENTED_EDGE ( 'NONE', *, *, #1045, .T. ) ;
#7615 = VERTEX_POINT ( 'NONE', #6402 ) ;
#7616 = AXIS2_PLACEMENT_3D ( 'NONE', #8487, #4409, #314 ) ;
#7617 = EDGE_CURVE ( 'NONE', #7655, #2450, #2852, .T. ) ;
#7618 = VECTOR ( 'NONE', #2574, 1000.000000000000000 ) ;
#7619 = AXIS2_PLACEMENT_3D ( 'NONE', #7104, #6476, #1013 ) ;
#7620 = VERTEX_POINT ( 'NONE', #8439 ) ;
#7621 = CARTESIAN_POINT ( 'NONE',  ( -2.799247744702092300, 3.312500001365589400, 2.799247744702093600 ) ) ;
#7622 = LINE ( 'NONE', #286, #5797 ) ;
#7623 = ORIENTED_EDGE ( 'NONE', *, *, #3667, .F. ) ;
#7624 = CARTESIAN_POINT ( 'NONE',  ( 14.50000000000000000, -10.00000000000000000, 2.000000000000001300 ) ) ;
#7625 = ORIENTED_EDGE ( 'NONE', *, *, #1625, .T. ) ;
#7626 = LINE ( 'NONE', #3626, #353 ) ;
#7627 = EDGE_CURVE ( 'NONE', #6917, #447, #7418, .T. ) ;
#7628 = EDGE_CURVE ( 'NONE', #5712, #4893, #2405, .T. ) ;
#7629 = CARTESIAN_POINT ( 'NONE',  ( -12.66317817513182600, -16.12424006990920900, -1.248911501717478300 ) ) ;
#7630 = CARTESIAN_POINT ( 'NONE',  ( -3.958734124999998500, 4.000000001365588500, 1.639761364404189700 ) ) ;
#7631 = FACE_OUTER_BOUND ( 'NONE', #4081, .T. ) ;
#7632 = CARTESIAN_POINT ( 'NONE',  ( -14.50000000000000000, -4.046379599446113100, -1.928476821192052700 ) ) ;
#7633 = EDGE_LOOP ( 'NONE', ( #6051, #881, #6193, #3414 ) ) ;
#7634 = CIRCLE ( 'NONE', #6465, 18.50000000000000000 ) ;
#7635 = ORIENTED_EDGE ( 'NONE', *, *, #1863, .F. ) ;
#7636 = APPLICATION_CONTEXT ( 'configuration controlled 3d designs of mechanical parts and assemblies' ) ;
#7637 = DIRECTION ( 'NONE',  ( 0.0000000000000000000, 0.0000000000000000000, 1.000000000000000000 ) ) ;
#7638 = EDGE_CURVE ( 'NONE', #7331, #8777, #4011, .T. ) ;
#7639 = CARTESIAN_POINT ( 'NONE',  ( -14.50000000000000000, -4.819999999999999400, 0.0000000000000000000 ) ) ;
#7640 = CARTESIAN_POINT ( 'NONE',  ( 14.50000000000000000, -5.500000000000000000, 0.0000000000000000000 ) ) ;
#7641 = AXIS2_PLACEMENT_3D ( 'NONE', #5202, #1117, #5889 ) ;
#7642 = ORIENTED_EDGE ( 'NONE', *, *, #4048, .T. ) ;
#7643 = AXIS2_PLACEMENT_3D ( 'NONE', #4075, #8828, #4762 ) ;
#7644 = ORIENTED_EDGE ( 'NONE', *, *, #128, .F. ) ;
#7645 = B_SPLINE_CURVE_WITH_KNOTS ( 'NONE', 3,
 ( #1378, #8175, #2071, #6832 ),
 .UNSPECIFIED., .F., .F.,
 ( 4, 4 ),
 ( 2.380749485112377400E-007, 0.001168606431211103100 ),
 .UNSPECIFIED. ) ;
#7646 = CARTESIAN_POINT ( 'NONE',  ( 3.958734124999999400, 5.500000001365589400, -1.639761364404187500 ) ) ;
#7647 = B_SPLINE_CURVE_WITH_KNOTS ( 'NONE', 3,
 ( #5344, #3235, #7435, #5127, #7162, #2395 ),
 .UNSPECIFIED., .F., .F.,
 ( 4, 2, 4 ),
 ( 0.001168606431211100900, 0.001750609284260046300, 0.002332612137308991800 ),
 .UNSPECIFIED. ) ;
#7648 = CARTESIAN_POINT ( 'NONE',  ( 1.639761364404189300, 2.500000001365589400, 3.958734124999998500 ) ) ;
#7649 = EDGE_CURVE ( 'NONE', #5038, #5079, #5395, .T. ) ;
#7650 = CARTESIAN_POINT ( 'NONE',  ( 14.49999999999999800, -17.81836573537652800, 0.0000000000000000000 ) ) ;
#7651 = FACE_OUTER_BOUND ( 'NONE', #3279, .T. ) ;
#7652 = VERTEX_POINT ( 'NONE', #7108 ) ;
#7654 = DIRECTION ( 'NONE',  ( -1.000000000000000000, 0.0000000000000000000, -1.776356839400250100E-015 ) ) ;
#7653 = DIRECTION ( 'NONE',  ( -0.5000000000000004400, 0.0000000000000000000, -0.8660254037844383700 ) ) ;
#7655 = VERTEX_POINT ( 'NONE', #1672 ) ;
#7656 = CARTESIAN_POINT ( 'NONE',  ( 7.272076612284971000E-016, 3.187500001365589400, 3.958734124999999400 ) ) ;
#7657 = DIRECTION ( 'NONE',  ( 0.0000000000000000000, 1.000000000000000000, 0.0000000000000000000 ) ) ;
#7658 = FACE_OUTER_BOUND ( 'NONE', #779, .T. ) ;
#7659 = ORIENTED_EDGE ( 'NONE', *, *, #8512, .T. ) ;
#7660 = ORIENTED_EDGE ( 'NONE', *, *, #1359, .T. ) ;
#7661 = APPROVAL_STATUS ( 'not_yet_approved' ) ;
#7662 = ORIENTED_EDGE ( 'NONE', *, *, #1217, .F. ) ;
#7663 = CARTESIAN_POINT ( 'NONE',  ( -11.96394259856402800, -14.44999999999999900, -8.192318200501311800 ) ) ;
#7664 = CARTESIAN_POINT ( 'NONE',  ( 3.181980515339464200, 2.000000002731183300, 3.181980515339463400 ) ) ;
#7665 = CIRCLE ( 'NONE', #1017, 0.3555000000000000400 ) ;
#7666 = CYLINDRICAL_SURFACE ( 'NONE', #926, 2.000000000000001300 ) ;
#7667 = ORIENTED_EDGE ( 'NONE', *, *, #2034, .T. ) ;
#7668 = DIRECTION ( 'NONE',  ( 0.0000000000000000000, -1.000000000000000000, 0.0000000000000000000 ) ) ;
#7669 = DIRECTION ( 'NONE',  ( -0.3321845191738206400, 0.0000000000000000000, -0.9432144216567395200 ) ) ;
#7670 = CARTESIAN_POINT ( 'NONE',  ( 11.96394259856402800, -14.05000000000000100, 8.192318200501311800 ) ) ;
#7671 = AXIS2_PLACEMENT_3D ( 'NONE', #1673, #3071, #2371 ) ;
#7672 = ORIENTED_EDGE ( 'NONE', *, *, #3025, .F. ) ;
#7673 = VERTEX_POINT ( 'NONE', #7818 ) ;
#7674 = ORIENTED_EDGE ( 'NONE', *, *, #4555, .F. ) ;
#7675 = CARTESIAN_POINT ( 'NONE',  ( -2.424025537428323500E-016, 4.687500001365588500, -3.958734124999999400 ) ) ;
#7676 = EDGE_CURVE ( 'NONE', #4265, #3583, #1748, .T. ) ;
#7677 = CARTESIAN_POINT ( 'NONE',  ( 3.958734124999999400, 1.687500001365589600, -4.848051074856647000E-016 ) ) ;
#7678 = DIRECTION ( 'NONE',  ( 0.0000000000000000000, 0.0000000000000000000, -1.000000000000000000 ) ) ;
#7679 = AXIS2_PLACEMENT_3D ( 'NONE', #1481, #6267, #2182 ) ;
#7680 = DIRECTION ( 'NONE',  ( -0.0000000000000000000, 1.000000000000000000, -0.0000000000000000000 ) ) ;
#7681 = EDGE_CURVE ( 'NONE', #6969, #8033, #5167, .T. ) ;
#7682 = VERTEX_POINT ( 'NONE', #1702 ) ;
#7683 = CARTESIAN_POINT ( 'NONE',  ( 1.288541748391056600, -0.3029377089053533200, 11.14822252378771100 ) ) ;
#7684 = CONICAL_SURFACE ( 'NONE', #937, 2.000000000000000000, 1.047197551196595900 ) ;
#7685 = DIRECTION ( 'NONE',  ( 0.0000000000000000000, 0.0000000000000000000, 1.000000000000000000 ) ) ;
#7686 = CARTESIAN_POINT ( 'NONE',  ( 12.03897472949798300, -14.44999999999999900, -14.04681769877109000 ) ) ;
#7687 = CARTESIAN_POINT ( 'NONE',  ( 3.958734124999999900, 2.375000001365589900, 1.639761364404186200 ) ) ;
#7688 = CIRCLE ( 'NONE', #7841, 10.49999999999999800 ) ;
#7689 = EDGE_CURVE ( 'NONE', #520, #1209, #6985, .T. ) ;
#7690 = PLANE ( 'NONE',  #6604 ) ;
#7691 = VERTEX_POINT ( 'NONE', #7169 ) ;
#7692 = AXIS2_PLACEMENT_3D ( 'NONE', #8203, #4130, #24 ) ;
#7693 = CARTESIAN_POINT ( 'NONE',  ( 14.88366508938741900, -3.432161446792886900, -0.2400000000000001900 ) ) ;
#7694 = CARTESIAN_POINT ( 'NONE',  ( 13.84074293741602100, -16.00000000000000000, 1.928778834210484100 ) ) ;
#7695 = EDGE_CURVE ( 'NONE', #7344, #3749, #4887, .T. ) ;
#7696 = CARTESIAN_POINT ( 'NONE',  ( 14.82717199727905400, -17.53042453747410100, -2.120508236058134000 ) ) ;
#7697 = CARTESIAN_POINT ( 'NONE',  ( 14.84549164013473500, -3.894975084286509000, -0.2400000000000001900 ) ) ;
#7698 = CIRCLE ( 'NONE', #2255, 3.999999999999996400 ) ;
#7699 = ORIENTED_EDGE ( 'NONE', *, *, #5265, .T. ) ;
#7700 = AXIS2_PLACEMENT_3D ( 'NONE', #4201, #5569, #3529 ) ;
#7701 = CARTESIAN_POINT ( 'NONE',  ( -3.958734124999999400, 3.875000001365589000, -1.639761364404187100 ) ) ;
#7702 = LINE ( 'NONE', #761, #6121 ) ;
#7703 = CARTESIAN_POINT ( 'NONE',  ( 1.639761364404186800, 0.8750000013655889800, -3.958734124999999400 ) ) ;
#7704 = VECTOR ( 'NONE', #8297, 1000.000000000000100 ) ;
#7705 = CARTESIAN_POINT ( 'NONE',  ( 14.49999999999999800, -3.432161446792886900, 0.0000000000000000000 ) ) ;
#7706 = VERTEX_POINT ( 'NONE', #2403 ) ;
#7707 = ORIENTED_EDGE ( 'NONE', *, *, #983, .F. ) ;
#7708 = CARTESIAN_POINT ( 'NONE',  ( -14.26000000000000000, -4.819999999999999400, -0.3420141409932464500 ) ) ;
#7709 = APPROVAL_DATE_TIME ( #677, #4560 ) ;
#7710 = CARTESIAN_POINT ( 'NONE',  ( 2.799247744702092700, 1.562500001365588800, -2.799247744702093100 ) ) ;
#7711 = DIRECTION ( 'NONE',  ( 0.0000000000000000000, 1.000000000000000000, 0.0000000000000000000 ) ) ;
#7712 = CYLINDRICAL_SURFACE ( 'NONE', #6841, 4.500000000000000000 ) ;
#7713 = ORIENTED_EDGE ( 'NONE', *, *, #3025, .T. ) ;
#7714 = CARTESIAN_POINT ( 'NONE',  ( 13.83924774000589500, -17.58289480127297800, -1.927915581583254000 ) ) ;
#7715 = EDGE_LOOP ( 'NONE', ( #4228, #5966, #6041, #2803 ) ) ;
#7716 = CARTESIAN_POINT ( 'NONE',  ( -2.755455298081544300E-016, 4.375000002731183300, -4.500000000000000000 ) ) ;
#7717 = CONICAL_SURFACE ( 'NONE', #6437, 0.3555000000000000400, 0.06981317007976586800 ) ;
#7718 = ORIENTED_EDGE ( 'NONE', *, *, #2903, .T. ) ;
#7719 = ORIENTED_EDGE ( 'NONE', *, *, #3293, .F. ) ;
#7720 = VECTOR ( 'NONE', #7610, 1000.000000000000000 ) ;
#7721 = EDGE_LOOP ( 'NONE', ( #7834, #4013, #6246, #8518 ) ) ;
#7722 = CARTESIAN_POINT ( 'NONE',  ( -3.958734124999999400, 7.000000000000000000, 0.0000000000000000000 ) ) ;
#7723 = CARTESIAN_POINT ( 'NONE',  ( -15.26548389027573000, -16.00000000000000000, -1.847710587112688900 ) ) ;
#7724 = EDGE_CURVE ( 'NONE', #2153, #7729, #8571, .T. ) ;
#7725 = EDGE_CURVE ( 'NONE', #2765, #509, #6774, .T. ) ;
#7726 = CARTESIAN_POINT ( 'NONE',  ( -1.863961030678929200, 1.687499999999996200, 4.500000000000000000 ) ) ;
#7727 = LINE ( 'NONE', #603, #2297 ) ;
#7728 = EDGE_CURVE ( 'NONE', #2501, #7932, #4964, .T. ) ;
#7729 = VERTEX_POINT ( 'NONE', #1763 ) ;
#7730 = CARTESIAN_POINT ( 'NONE',  ( -2.799247744702092300, 3.062500001365589000, 2.799247744702093600 ) ) ;
#7731 =( BOUNDED_CURVE ( )  B_SPLINE_CURVE ( 3, ( #5551, #3538, #4208, #114 ),
 .UNSPECIFIED., .F., .F. ) 
 B_SPLINE_CURVE_WITH_KNOTS ( ( 4, 4 ),
 ( -1.776356839400250500E-015, 0.3175674119301086200 ),
 .UNSPECIFIED. ) 
 CURVE ( )  GEOMETRIC_REPRESENTATION_ITEM ( )  RATIONAL_B_SPLINE_CURVE ( ( 1.000000000000000000, 0.9916135539163377600, 0.9916135539163377600, 1.000000000000000000 ) ) 
 REPRESENTATION_ITEM ( '' )  );
#7732 = CARTESIAN_POINT ( 'NONE',  ( 4.500000000000000900, 6.937499999999995600, 1.863961030678926700 ) ) ;
#7733 = DIRECTION ( 'NONE',  ( -0.0000000000000000000, 1.000000000000000000, -0.0000000000000000000 ) ) ;
#7734 = CARTESIAN_POINT ( 'NONE',  ( -1.863961030678928000, 6.437500002731184200, -4.500000000000001800 ) ) ;
#7735 = B_SPLINE_CURVE_WITH_KNOTS ( 'NONE', 3,
 ( #8084, #3331, #8763, #4698 ),
 .UNSPECIFIED., .F., .F.,
 ( 4, 4 ),
 ( 0.0006611328646872195400, 0.002054287873658126400 ),
 .UNSPECIFIED. ) ;
#7736 = CARTESIAN_POINT ( 'NONE',  ( 14.13689112951617400, -4.777690516702350000, 0.03344401972544113600 ) ) ;
#7737 = CARTESIAN_POINT ( 'NONE',  ( 16.50000000000000000, -16.00000000000000000, 0.0000000000000000000 ) ) ;
#7738 = CARTESIAN_POINT ( 'NONE',  ( -14.49999999999999800, -6.382187706324184100, -0.4368638908319039100 ) ) ;
#7739 = ORIENTED_EDGE ( 'NONE', *, *, #2922, .T. ) ;
#7740 = CARTESIAN_POINT ( 'NONE',  ( -1.639761364404187300, 0.7500000013655888600, -3.958734124999999400 ) ) ;
#7741 = AXIS2_PLACEMENT_3D ( 'NONE', #8292, #4225, #122 ) ;
#7742 = ORIENTED_EDGE ( 'NONE', *, *, #8714, .T. ) ;
#7743 = DIRECTION ( 'NONE',  ( -1.000000000000000000, 0.0000000000000000000, 0.0000000000000000000 ) ) ;
#7744 = ORIENTED_EDGE ( 'NONE', *, *, #2571, .T. ) ;
#7745 = CARTESIAN_POINT ( 'NONE',  ( -14.76225989018528900, -4.819999999999999400, -0.2400000000000006300 ) ) ;
#7746 = CARTESIAN_POINT ( 'NONE',  ( 3.181980515339463400, 4.250000002731183300, -3.181980515339463800 ) ) ;
#7747 = DIRECTION ( 'NONE',  ( 0.0000000000000000000, 0.0000000000000000000, -1.000000000000000000 ) ) ;
#7748 = ORIENTED_EDGE ( 'NONE', *, *, #770, .T. ) ;
#7749 = LINE ( 'NONE', #7338, #5935 ) ;
#7750 = ORIENTED_EDGE ( 'NONE', *, *, #5638, .T. ) ;
#7751 = EDGE_CURVE ( 'NONE', #3749, #7655, #6932, .T. ) ;
#7752 = DIRECTION ( 'NONE',  ( -0.0000000000000000000, 1.000000000000000000, -0.0000000000000000000 ) ) ;
#7753 = AXIS2_PLACEMENT_3D ( 'NONE', #8693, #1873, #5992 ) ;
#7754 = CARTESIAN_POINT ( 'NONE',  ( 12.79648433899159500, -14.44999999999999900, -4.506710138927637400 ) ) ;
#7755 = ORIENTED_EDGE ( 'NONE', *, *, #8109, .T. ) ;
#7756 = ADVANCED_FACE ( 'NONE', ( #3385 ), #7874, .F. ) ;
#7757 = CIRCLE ( 'NONE', #2102, 5.000000000000000000 ) ;
#7758 = ORIENTED_EDGE ( 'NONE', *, *, #8522, .T. ) ;
#7759 = CARTESIAN_POINT ( 'NONE',  ( 1.639761364404189300, 2.250000001365589400, 3.958734124999998500 ) ) ;
#7760 = B_SPLINE_CURVE_WITH_KNOTS ( 'NONE', 3,
 ( #2520, #3883, #4570, #468, #5240, #1164 ),
 .UNSPECIFIED., .F., .F.,
 ( 4, 2, 4 ),
 ( 0.001168606431211098100, 0.001750609284260043600, 0.002332612137308989200 ),
 .UNSPECIFIED. ) ;
#7761 = ORIENTED_EDGE ( 'NONE', *, *, #1600, .T. ) ;
#7762 = CARTESIAN_POINT ( 'NONE',  ( 3.181980515339463400, 6.124999999999996400, -3.181980515339463800 ) ) ;
#7763 = FACE_BOUND ( 'NONE', #12, .T. ) ;
#7764 = AXIS2_PLACEMENT_3D ( 'NONE', #3145, #7893, #119 ) ;
#7765 = DIRECTION ( 'NONE',  ( 0.0000000000000000000, 0.0000000000000000000, 1.000000000000000000 ) ) ;
#7766 = DIRECTION ( 'NONE',  ( -1.000000000000000000, -0.0000000000000000000, -3.491483361109382100E-015 ) ) ;
#7767 = CARTESIAN_POINT ( 'NONE',  ( 0.0000000000000000000, -14.44999999999999900, 0.0000000000000000000 ) ) ;
#7768 = VECTOR ( 'NONE', #5892, 1000.000000000000000 ) ;
#7769 = ORIENTED_EDGE ( 'NONE', *, *, #5146, .F. ) ;
#7770 = ORIENTED_EDGE ( 'NONE', *, *, #626, .T. ) ;
#7771 = CARTESIAN_POINT ( 'NONE',  ( 3.958734124999999400, 6.750000001365589400, -1.639761364404187500 ) ) ;
#7772 = VERTEX_POINT ( 'NONE', #1792 ) ;
#7773 = CIRCLE ( 'NONE', #742, 0.4525471255180572000 ) ;
#7774 = CARTESIAN_POINT ( 'NONE',  ( 14.73999999999999800, -3.432161446792885200, 0.3836650893874198300 ) ) ;
#7775 = FACE_OUTER_BOUND ( 'NONE', #487, .T. ) ;
#7776 = CARTESIAN_POINT ( 'NONE',  ( -13.67660911402269400, -14.44999999999999900, -4.816675528020479800 ) ) ;
#7777 = CARTESIAN_POINT ( 'NONE',  ( -14.50000000000000000, -4.819999999999999400, -0.3554999999999974800 ) ) ;
#7778 = ORIENTED_EDGE ( 'NONE', *, *, #4266, .T. ) ;
#7779 = ORIENTED_EDGE ( 'NONE', *, *, #1251, .F. ) ;
#7780 = ORIENTED_EDGE ( 'NONE', *, *, #7509, .T. ) ;
#7781 = CARTESIAN_POINT ( 'NONE',  ( -12.50000000000000400, -17.58276386118637200, -0.3931374000439465900 ) ) ;
#7782 = DIRECTION ( 'NONE',  ( 0.0000000000000000000, 0.0000000000000000000, -1.000000000000000000 ) ) ;
#7783 = CARTESIAN_POINT ( 'NONE',  ( -2.755455298081544300E-016, 3.249999999999996000, -4.500000000000000000 ) ) ;
#7784 = CARTESIAN_POINT ( 'NONE',  ( 16.50000000000000000, -17.42136720504591800, 1.154700538379255900 ) ) ;
#7785 = AXIS2_PLACEMENT_3D ( 'NONE', #5333, #1157, #1875 ) ;
#7786 = EDGE_LOOP ( 'NONE', ( #1636, #2175, #1240 ) ) ;
#7787 = CARTESIAN_POINT ( 'NONE',  ( 3.958734124999999400, 1.437500001365589400, -4.848051074856647000E-016 ) ) ;
#7788 = FACE_OUTER_BOUND ( 'NONE', #3546, .T. ) ;
#7789 = EDGE_CURVE ( 'NONE', #7932, #4256, #8368, .T. ) ;
#7790 = EDGE_CURVE ( 'NONE', #3890, #2286, #6551, .T. ) ;
#7791 = CARTESIAN_POINT ( 'NONE',  ( -1.863961030678928300, 5.312499999999995600, -4.500000000000000900 ) ) ;
#7792 = CARTESIAN_POINT ( 'NONE',  ( -19.03908078629211100, -14.05000000000000100, -13.03702410483619400 ) ) ;
#7793 = AXIS2_PLACEMENT_3D ( 'NONE', #2585, #1234, #6003 ) ;
#7794 = CARTESIAN_POINT ( 'NONE',  ( -14.76225989018528900, -4.819999999999999400, 0.2400000000000006300 ) ) ;
#7795 = PLANE ( 'NONE',  #7048 ) ;
#7796 = TOROIDAL_SURFACE ( 'NONE', #3472, 0.6000000000000003100, 1.000000000000000000 ) ;
#7797 = CARTESIAN_POINT ( 'NONE',  ( -2.424025537428323500E-016, 5.937500001365589400, -3.958734124999999400 ) ) ;
#7798 = ADVANCED_FACE ( 'NONE', ( #4765 ), #6354, .T. ) ;
#7799 = CARTESIAN_POINT ( 'NONE',  ( 12.49999999999999800, -17.60000000000000100, 0.0000000000000000000 ) ) ;
#7800 = ORIENTED_EDGE ( 'NONE', *, *, #1682, .F. ) ;
#7801 = EDGE_CURVE ( 'NONE', #2231, #3258, #8163, .T. ) ;
#7802 = AXIS2_PLACEMENT_3D ( 'NONE', #4905, #2896, #7637 ) ;
#7803 = LINE ( 'NONE', #2975, #771 ) ;
#7804 = DIRECTION ( 'NONE',  ( 0.0000000000000000000, 0.0000000000000000000, 1.000000000000000000 ) ) ;
#7805 = VECTOR ( 'NONE', #6937, 1000.000000000000000 ) ;
#7806 = ORIENTED_EDGE ( 'NONE', *, *, #7724, .F. ) ;
#7807 = DIRECTION ( 'NONE',  ( 0.0000000000000000000, 0.0000000000000000000, -1.000000000000000000 ) ) ;
#7808 = ORIENTED_EDGE ( 'NONE', *, *, #8424, .T. ) ;
#7809 = EDGE_CURVE ( 'NONE', #4914, #1152, #5573, .T. ) ;
#7810 = DIRECTION ( 'NONE',  ( 0.0000000000000000000, -1.000000000000000000, 0.0000000000000000000 ) ) ;
#7811 = CIRCLE ( 'NONE', #554, 2.000000000000000900 ) ;
#7812 = CARTESIAN_POINT ( 'NONE',  ( 1.639761364404186800, 0.6250000013655887500, -3.958734124999999400 ) ) ;
#7813 = VERTEX_POINT ( 'NONE', #7961 ) ;
#7814 = ORIENTED_EDGE ( 'NONE', *, *, #7689, .T. ) ;
#7815 = B_SPLINE_CURVE_WITH_KNOTS ( 'NONE', 3,
 ( #1119, #6578, #7948, #3875 ),
 .UNSPECIFIED., .F., .F.,
 ( 4, 4 ),
 ( 0.0008975940789387608400, 0.002290662657364332800 ),
 .UNSPECIFIED. ) ;
#7816 = CARTESIAN_POINT ( 'NONE',  ( -4.500000000000000000, 4.499999999999996400, 0.0000000000000000000 ) ) ;
#7817 = CIRCLE ( 'NONE', #4281, 14.00000000000000000 ) ;
#7818 = CARTESIAN_POINT ( 'NONE',  ( 2.666941187958889300, -14.05000000000000100, -14.25262869438366000 ) ) ;
#7819 = ORIENTED_EDGE ( 'NONE', *, *, #4671, .F. ) ;
#7820 = CARTESIAN_POINT ( 'NONE',  ( -3.958801401406807600, 0.9999999999999967800, 0.2577666766320672600 ) ) ;
#7821 = CIRCLE ( 'NONE', #1526, 0.3555000000000000400 ) ;
#7822 = DIRECTION ( 'NONE',  ( 0.0000000000000000000, 0.0000000000000000000, 1.000000000000000000 ) ) ;
#7823 = CARTESIAN_POINT ( 'NONE',  ( -3.958734124999999400, 5.125000001365589400, -1.639761364404187100 ) ) ;
#7824 = VERTEX_POINT ( 'NONE', #2557 ) ;
#7825 = LINE ( 'NONE', #4329, #2624 ) ;
#7826 = CARTESIAN_POINT ( 'NONE',  ( 16.50000000000000000, -16.17863279495408300, -1.154700538379255900 ) ) ;
#7827 = ORIENTED_EDGE ( 'NONE', *, *, #8577, .F. ) ;
#7828 = ORIENTED_EDGE ( 'NONE', *, *, #8771, .F. ) ;
#7829 = FACE_OUTER_BOUND ( 'NONE', #1379, .T. ) ;
#7830 = CARTESIAN_POINT ( 'NONE',  ( -14.74000000000000000, -4.357706539904508100, -0.3060795708522670000 ) ) ;
#7831 = CARTESIAN_POINT ( 'NONE',  ( 14.15798585900675000, -4.819999999999999400, 0.2399999999999997700 ) ) ;
#7832 = LINE ( 'NONE', #1537, #582 ) ;
#7833 = ORIENTED_EDGE ( 'NONE', *, *, #2539, .F. ) ;
#7834 = ORIENTED_EDGE ( 'NONE', *, *, #1028, .T. ) ;
#7835 = DIRECTION ( 'NONE',  ( 0.0000000000000000000, 1.000000000000000000, 0.0000000000000000000 ) ) ;
#7836 = DIRECTION ( 'NONE',  ( 0.0000000000000000000, 0.9975640502598247500, 0.06975647374411800300 ) ) ;
#7837 = ORIENTED_EDGE ( 'NONE', *, *, #7982, .F. ) ;
#7838 = EDGE_CURVE ( 'NONE', #1169, #8067, #2950, .T. ) ;
#7839 = CARTESIAN_POINT ( 'NONE',  ( -17.44946680064970600, -14.44999999999999900, 6.145413604715606000 ) ) ;
#7840 = ADVANCED_FACE ( 'NONE', ( #4531 ), #2515, .F. ) ;
#7841 = AXIS2_PLACEMENT_3D ( 'NONE', #7945, #3874, #8627 ) ;
#7842 = EDGE_CURVE ( 'NONE', #148, #2153, #4321, .T. ) ;
#7843 = CARTESIAN_POINT ( 'NONE',  ( 0.0000000000000000000, 7.000000000000000000, -3.999999999999996400 ) ) ;
#7844 = EDGE_LOOP ( 'NONE', ( #3238, #3310, #2321 ) ) ;
#7845 = DIRECTION ( 'NONE',  ( -1.557892197183330900E-015, 0.8949343677499602700, 0.4461978007789580400 ) ) ;
#7846 = CARTESIAN_POINT ( 'NONE',  ( -14.26000000000000300, -3.560076670449441300, 0.9701887189893753100 ) ) ;
#7847 = CARTESIAN_POINT ( 'NONE',  ( -1.863961030678929200, 3.687499999999996900, 4.500000000000000000 ) ) ;
#7848 = ORIENTED_EDGE ( 'NONE', *, *, #3964, .F. ) ;
#7849 = CARTESIAN_POINT ( 'NONE',  ( 13.66973530707967500, -16.00000000000000400, -1.830047532802310300 ) ) ;
#7850 = CARTESIAN_POINT ( 'NONE',  ( -16.33682182486818100, -17.47575993009078800, 1.248911501717479700 ) ) ;
#7851 = ORIENTED_EDGE ( 'NONE', *, *, #2752, .T. ) ;
#7852 = CARTESIAN_POINT ( 'NONE',  ( -1.514941932194839400, 1.000000000000000200, -3.657393445408529500 ) ) ;
#7853 = DIRECTION ( 'NONE',  ( 0.0000000000000000000, 1.000000000000000000, 0.0000000000000000000 ) ) ;
#7854 = CARTESIAN_POINT ( 'NONE',  ( -2.799247744702092300, 4.312500001365589400, 2.799247744702093600 ) ) ;
#7855 = AXIS2_PLACEMENT_3D ( 'NONE', #376, #5153, #1069 ) ;
#7856 = EDGE_CURVE ( 'NONE', #7246, #148, #905, .T. ) ;
#7857 = VECTOR ( 'NONE', #4680, 999.9999999999998900 ) ;
#7858 = ORIENTED_EDGE ( 'NONE', *, *, #4798, .T. ) ;
#7859 = ORIENTED_EDGE ( 'NONE', *, *, #7508, .F. ) ;
#7860 = DIRECTION ( 'NONE',  ( -1.762882996988918900E-015, -0.8949343677499602700, 0.4461978007789581500 ) ) ;
#7861 = CIRCLE ( 'NONE', #6092, 14.50000000000000000 ) ;
#7862 = ORIENTED_EDGE ( 'NONE', *, *, #1298, .F. ) ;
#7863 = CARTESIAN_POINT ( 'NONE',  ( -1.863961030678929200, 3.812500002731183700, 4.500000000000000000 ) ) ;
#7864 = CARTESIAN_POINT ( 'NONE',  ( 3.181980515339463400, 5.250000002731182400, -3.181980515339463800 ) ) ;
#7865 = CARTESIAN_POINT ( 'NONE',  ( -1.639761364404188200, 6.375000001365589400, 3.958734124999998500 ) ) ;
#7866 = CARTESIAN_POINT ( 'NONE',  ( 3.673940397442060400E-016, 41.48528137423857500, 3.000000000000000400 ) ) ;
#7867 = ORIENTED_EDGE ( 'NONE', *, *, #3933, .T. ) ;
#7868 = ORIENTED_EDGE ( 'NONE', *, *, #1990, .T. ) ;
#7869 = LINE ( 'NONE', #429, #1038 ) ;
#7870 = DIRECTION ( 'NONE',  ( 0.0000000000000000000, 1.000000000000000000, 0.0000000000000000000 ) ) ;
#7871 = DIRECTION ( 'NONE',  ( 0.0000000000000000000, 0.0000000000000000000, -1.000000000000000000 ) ) ;
#7872 = CARTESIAN_POINT ( 'NONE',  ( 3.181980515339464200, 2.874999999999996400, 3.181980515339463400 ) ) ;
#7873 = VERTEX_POINT ( 'NONE', #8707 ) ;
#7874 = PLANE ( 'NONE',  #2916 ) ;
#7875 = VERTEX_POINT ( 'NONE', #7345 ) ;
#7876 = ORIENTED_EDGE ( 'NONE', *, *, #4753, .F. ) ;
#7877 = DIRECTION ( 'NONE',  ( 0.0000000000000000000, -1.000000000000000000, 0.0000000000000000000 ) ) ;
#7878 = CARTESIAN_POINT ( 'NONE',  ( -14.50000000000000200, -16.00000000000000000, 0.0000000000000000000 ) ) ;
#7879 = CARTESIAN_POINT ( 'NONE',  ( 1.639761364404189300, 3.500000001365589000, 3.958734124999998500 ) ) ;
#7880 = CARTESIAN_POINT ( 'NONE',  ( -14.74000000000000000, -4.819999999999999400, -0.3420141409932481700 ) ) ;
#7881 = ADVANCED_FACE ( 'NONE', ( #6150 ), #2587, .F. ) ;
#7882 = CARTESIAN_POINT ( 'NONE',  ( -14.50000000000000000, -5.500000000000000000, 0.0000000000000000000 ) ) ;
#7883 = ORIENTED_EDGE ( 'NONE', *, *, #2798, .F. ) ;
#7884 = VECTOR ( 'NONE', #7871, 1000.000000000000000 ) ;
#7885 = DIRECTION ( 'NONE',  ( 0.0000000000000000000, -1.000000000000000000, -0.0000000000000000000 ) ) ;
#7886 = CARTESIAN_POINT ( 'NONE',  ( 14.36206896551724400, -5.500000000000000000, 1.995238088481303200 ) ) ;
#7887 = EDGE_CURVE ( 'NONE', #3832, #6302, #7937, .T. ) ;
#7888 = EDGE_CURVE ( 'NONE', #5615, #701, #695, .T. ) ;
#7889 = CARTESIAN_POINT ( 'NONE',  ( -2.755455298081544300E-016, 3.375000002731182800, -4.500000000000000000 ) ) ;
#7890 = PLANE ( 'NONE',  #1484 ) ;
#7891 = CARTESIAN_POINT ( 'NONE',  ( 2.799247744702093600, 5.562500001365589400, 2.799247744702092700 ) ) ;
#7892 = VECTOR ( 'NONE', #6519, 1000.000000000000000 ) ;
#7893 = DIRECTION ( 'NONE',  ( -0.0000000000000000000, 1.000000000000000000, -0.0000000000000000000 ) ) ;
#7894 = AXIS2_PLACEMENT_3D ( 'NONE', #5701, #1697, #6739 ) ;
#7895 = ORIENTED_EDGE ( 'NONE', *, *, #5625, .F. ) ;
#7896 = DIRECTION ( 'NONE',  ( -0.0000000000000000000, -1.000000000000000000, -0.0000000000000000000 ) ) ;
#7897 = ADVANCED_FACE ( 'NONE', ( #1107 ), #3308, .T. ) ;
#7898 = DIRECTION ( 'NONE',  ( 0.0000000000000000000, -1.000000000000000000, 0.0000000000000000000 ) ) ;
#7899 = CARTESIAN_POINT ( 'NONE',  ( 0.0000000000000000000, 1.000000000000000000, 0.0000000000000000000 ) ) ;
#7900 = EDGE_CURVE ( 'NONE', #1948, #7145, #5910, .T. ) ;
#7901 = LINE ( 'NONE', #6970, #4084 ) ;
#7902 = CARTESIAN_POINT ( 'NONE',  ( 4.500000000000000900, 2.062499999999996000, -1.863961030678928700 ) ) ;
#7903 = CARTESIAN_POINT ( 'NONE',  ( 3.181980515339464200, 2.874999999999996400, 3.181980515339463400 ) ) ;
#7904 = CARTESIAN_POINT ( 'NONE',  ( 14.23774010981471100, -4.819999999999999400, 0.2400000000000006300 ) ) ;
#7905 = CARTESIAN_POINT ( 'NONE',  ( 1.112784378237783800, -14.05000000000000100, -14.45723732002590900 ) ) ;
#7906 = ORIENTED_EDGE ( 'NONE', *, *, #5669, .T. ) ;
#7907 = CARTESIAN_POINT ( 'NONE',  ( 3.958734124999999400, 2.687500001365589000, -4.848051074856647000E-016 ) ) ;
#7908 = VECTOR ( 'NONE', #6868, 1000.000000000000000 ) ;
#7909 = DIRECTION ( 'NONE',  ( 0.0000000000000000000, 0.0000000000000000000, 1.000000000000000000 ) ) ;
#7910 = FACE_OUTER_BOUND ( 'NONE', #7633, .T. ) ;
#7911 = DIRECTION ( 'NONE',  ( 0.0000000000000000000, 0.0000000000000000000, 1.000000000000000000 ) ) ;
#7912 = EDGE_CURVE ( 'NONE', #5038, #6404, #7727, .T. ) ;
#7913 = ORIENTED_EDGE ( 'NONE', *, *, #8629, .T. ) ;
#7914 = VERTEX_POINT ( 'NONE', #1987 ) ;
#7915 = DIRECTION ( 'NONE',  ( 0.0000000000000000000, -1.000000000000000000, 0.0000000000000000000 ) ) ;
#7916 = CARTESIAN_POINT ( 'NONE',  ( 14.84201414099324800, -4.819999999999999400, -0.2400000000000001900 ) ) ;
#7917 = APPROVAL_PERSON_ORGANIZATION ( #884, #4560, #3603 ) ;
#7918 = APPROVAL ( #8317, 'UNSPECIFIED' ) ;
#7919 = VECTOR ( 'NONE', #1840, 1000.000000000000000 ) ;
#7920 = CARTESIAN_POINT ( 'NONE',  ( -12.50000000000000400, -17.52105233070203700, 0.7745510564695445900 ) ) ;
#7921 = DIRECTION ( 'NONE',  ( 0.0000000000000000000, -1.000000000000000000, 0.0000000000000000000 ) ) ;
#7922 = CARTESIAN_POINT ( 'NONE',  ( 3.958734124999999400, 4.750000001365588500, -1.639761364404187500 ) ) ;
#7923 = VERTEX_POINT ( 'NONE', #2688 ) ;
#7924 = ORIENTED_EDGE ( 'NONE', *, *, #6319, .T. ) ;
#7925 = EDGE_CURVE ( 'NONE', #5182, #3684, #2745, .T. ) ;
#7926 = CIRCLE ( 'NONE', #7360, 2.000000000000000000 ) ;
#7927 = ADVANCED_FACE ( 'NONE', ( #461 ), #2088, .T. ) ;
#7928 = DIRECTION ( 'NONE',  ( 0.0000000000000000000, 0.0000000000000000000, 1.000000000000000000 ) ) ;
#7929 = VERTEX_POINT ( 'NONE', #1323 ) ;
#7930 = DIRECTION ( 'NONE',  ( -0.0000000000000000000, -1.000000000000000000, -0.0000000000000000000 ) ) ;
#7931 = CARTESIAN_POINT ( 'NONE',  ( -2.265616128833715800, 1.000000000000052600, 3.461456191073216000 ) ) ;
#7932 = VERTEX_POINT ( 'NONE', #6106 ) ;
#7933 = VECTOR ( 'NONE', #6888, 1000.000000000000100 ) ;
#7934 = VERTEX_POINT ( 'NONE', #2017 ) ;
#7935 = PLANE ( 'NONE',  #3061 ) ;
#7936 = DIRECTION ( 'NONE',  ( 1.000000000000000000, 0.0000000000000000000, 3.491483361109382100E-015 ) ) ;
#7937 = CIRCLE ( 'NONE', #6535, 2.000000000000000000 ) ;
#7938 = CARTESIAN_POINT ( 'NONE',  ( -1.863961030678929200, 5.812500002731184200, 4.500000000000000000 ) ) ;
#7939 = ORIENTED_EDGE ( 'NONE', *, *, #8413, .T. ) ;
#7940 = CARTESIAN_POINT ( 'NONE',  ( 1.639761364404186800, 1.875000001365589000, -3.958734124999999400 ) ) ;
#7941 = DIRECTION ( 'NONE',  ( 0.0000000000000000000, -0.0000000000000000000, 1.000000000000000000 ) ) ;
#7942 = CARTESIAN_POINT ( 'NONE',  ( -15.26548389027573000, -14.44999999999999900, -1.847710587112688900 ) ) ;
#7943 = ADVANCED_FACE ( 'NONE', ( #5699 ), #2712, .F. ) ;
#7944 = CARTESIAN_POINT ( 'NONE',  ( -13.93103448275862100, -5.000000000000000000, -1.387904261896421200 ) ) ;
#7945 = CARTESIAN_POINT ( 'NONE',  ( 0.0000000000000000000, 0.0000000000000000000, 0.0000000000000000000 ) ) ;
#7946 = AXIS2_PLACEMENT_3D ( 'NONE', #1135, #1174, #5941 ) ;
#7947 = VERTEX_POINT ( 'NONE', #8835 ) ;
#7948 = CARTESIAN_POINT ( 'NONE',  ( -14.15450835986526500, -3.894975084286509000, 0.2399999999999995500 ) ) ;
#7949 = ORIENTED_EDGE ( 'NONE', *, *, #6387, .T. ) ;
#7950 = VERTEX_POINT ( 'NONE', #5412 ) ;
#7951 = CARTESIAN_POINT ( 'NONE',  ( -2.424025537428323500E-016, 3.937500001365589000, -3.958734124999999400 ) ) ;
#7952 = EDGE_CURVE ( 'NONE', #401, #7655, #4117, .T. ) ;
#7953 = EDGE_CURVE ( 'NONE', #7073, #7914, #3895, .T. ) ;
#7954 = ORIENTED_EDGE ( 'NONE', *, *, #1398, .T. ) ;
#7955 = DIRECTION ( 'NONE',  ( 0.0000000000000000000, 0.0000000000000000000, 1.000000000000000000 ) ) ;
#7956 = CARTESIAN_POINT ( 'NONE',  ( 0.0000000000000000000, -14.05000000000000100, 0.0000000000000000000 ) ) ;
#7957 = AXIS2_PLACEMENT_3D ( 'NONE', #7174, #8529, #7203 ) ;
#7958 = LINE ( 'NONE', #6617, #2532 ) ;
#7959 = ORIENTED_EDGE ( 'NONE', *, *, #3469, .F. ) ;
#7960 = ORIENTED_EDGE ( 'NONE', *, *, #3206, .F. ) ;
#7961 = CARTESIAN_POINT ( 'NONE',  ( -14.50000000000000000, -5.000000000000000900, -2.000000000000000000 ) ) ;
#7962 = CARTESIAN_POINT ( 'NONE',  ( 3.181980515339464200, 5.000000002731182400, 3.181980515339463400 ) ) ;
#7963 = VECTOR ( 'NONE', #813, 1000.000000000000000 ) ;
#7964 = ORIENTED_EDGE ( 'NONE', *, *, #654, .T. ) ;
#7965 = EDGE_CURVE ( 'NONE', #4014, #2407, #7521, .T. ) ;
#7966 = CARTESIAN_POINT ( 'NONE',  ( -2.799247744702093100, 1.062500001365589200, -2.799247744702092700 ) ) ;
#7967 = ORIENTED_EDGE ( 'NONE', *, *, #5689, .T. ) ;
#7968 = FACE_BOUND ( 'NONE', #4931, .T. ) ;
#7969 = EDGE_CURVE ( 'NONE', #3263, #2286, #5499, .T. ) ;
#7970 = CARTESIAN_POINT ( 'NONE',  ( 12.79648433899159500, -14.44999999999999900, -4.506710138927637400 ) ) ;
#7971 = ADVANCED_FACE ( 'NONE', ( #248 ), #3690, .T. ) ;
#7972 = CARTESIAN_POINT ( 'NONE',  ( 0.3283506914982498600, 0.9999999999999731300, -4.078701687318857500 ) ) ;
#7973 = CIRCLE ( 'NONE', #8244, 3.200000000000001500 ) ;
#7974 = ORIENTED_EDGE ( 'NONE', *, *, #7460, .F. ) ;
#7975 = CARTESIAN_POINT ( 'NONE',  ( 14.49999999999999800, -4.935508952010795100, -2.246687131370370800E-017 ) ) ;
#7976 = DIRECTION ( 'NONE',  ( 0.0000000000000000000, -0.0000000000000000000, -1.000000000000000000 ) ) ;
#7977 = DIRECTION ( 'NONE',  ( -0.5649874621035389000, 0.0000000000000000000, 0.8250994895561396500 ) ) ;
#7978 = ORIENTED_EDGE ( 'NONE', *, *, #3423, .T. ) ;
#7979 = ORIENTED_EDGE ( 'NONE', *, *, #2598, .F. ) ;
#7980 = DIRECTION ( 'NONE',  ( 0.0000000000000000000, 0.0000000000000000000, -1.000000000000000000 ) ) ;
#7981 = CIRCLE ( 'NONE', #8667, 3.190987308028661000 ) ;
#7982 = EDGE_CURVE ( 'NONE', #3427, #5786, #1860, .T. ) ;
#7983 = DIRECTION ( 'NONE',  ( -0.0000000000000000000, 1.000000000000000000, -0.0000000000000000000 ) ) ;
#7984 = CARTESIAN_POINT ( 'NONE',  ( 3.977875998151788400, 6.846851966735604500, -1.224488022916863100 ) ) ;
#7985 = AXIS2_PLACEMENT_3D ( 'NONE', #5624, #1539, #6320 ) ;
#7986 = CARTESIAN_POINT ( 'NONE',  ( -3.958734124999999400, 3.125000001365589400, -1.639761364404187100 ) ) ;
#7987 = VECTOR ( 'NONE', #8770, 1000.000000000000000 ) ;
#7988 = VERTEX_POINT ( 'NONE', #6139 ) ;
#7989 = DIRECTION ( 'NONE',  ( 0.0000000000000000000, 1.000000000000000000, 0.0000000000000000000 ) ) ;
#7990 = DIRECTION ( 'NONE',  ( 0.0000000000000000000, -1.000000000000000000, 0.0000000000000000000 ) ) ;
#7991 = CARTESIAN_POINT ( 'NONE',  ( -16.50000000000000000, -17.47558117116885900, 0.9668978507697967300 ) ) ;
#7992 = ORIENTED_EDGE ( 'NONE', *, *, #592, .T. ) ;
#7993 = DIRECTION ( 'NONE',  ( 0.0000000000000000000, 0.0000000000000000000, -1.000000000000000000 ) ) ;
#7994 = EDGE_LOOP ( 'NONE', ( #1247, #1522, #3199, #4047 ) ) ;
#7995 = ADVANCED_FACE ( 'NONE', ( #7087 ), #7492, .T. ) ;
#7996 = CARTESIAN_POINT ( 'NONE',  ( -3.402649101878586300, -14.44999999999999900, 18.18438833421364700 ) ) ;
#7997 = CARTESIAN_POINT ( 'NONE',  ( 14.25999999999999800, -6.600000000000001400, -8.673617379884035500E-016 ) ) ;
#7998 = CARTESIAN_POINT ( 'NONE',  ( -14.50000000000000000, 995.0644910479892400, 0.0000000000000000000 ) ) ;
#7999 = CARTESIAN_POINT ( 'NONE',  ( 14.73999999999999800, -4.819999999999999400, 0.2622598901852900000 ) ) ;
#8000 = CARTESIAN_POINT ( 'NONE',  ( 4.500000000000000900, 4.187500002731183300, -1.863961030678928700 ) ) ;
#8001 = ORIENTED_EDGE ( 'NONE', *, *, #7446, .F. ) ;
#8002 = VECTOR ( 'NONE', #6155, 1000.000000000000000 ) ;
#8003 = CARTESIAN_POINT ( 'NONE',  ( 8.266365894244633300E-016, 4.749999999999996400, 4.500000000000000000 ) ) ;
#8004 = CARTESIAN_POINT ( 'NONE',  ( 3.958734124999999400, 4.500000001365588500, -1.639761364404187500 ) ) ;
#8005 =( BOUNDED_CURVE ( )  B_SPLINE_CURVE ( 2, ( #3980, #8055, #5345, #1259, #6039, #1947, #6709, #2652, #7403 ),
 .UNSPECIFIED., .F., .F. ) 
 B_SPLINE_CURVE_WITH_KNOTS ( ( 3, 2, 2, 2, 3 ),
 ( 0.4642857142857143000, 0.4821428571428571500, 0.5000000000000000000, 0.5178571428571429000, 0.5357142857142857000 ),
 .UNSPECIFIED. ) 
 CURVE ( )  GEOMETRIC_REPRESENTATION_ITEM ( )  RATIONAL_B_SPLINE_CURVE ( ( 1.000000000000000000, 0.9238795325112867400, 1.000000000000000000, 0.9238795325112867400, 1.000000000000000000, 0.9238795325112867400, 1.000000000000000000, 0.9238795325112867400, 1.000000000000000000 ) ) 
 REPRESENTATION_ITEM ( '' )  );
#8006 = CARTESIAN_POINT ( 'NONE',  ( 15.26548389027574100, -16.00000000000000000, 1.847710587112690000 ) ) ;
#8007 = CARTESIAN_POINT ( 'NONE',  ( 4.075681191337611000, 0.9999999999999965600, -1.674263464434577700 ) ) ;
#8008 = LINE ( 'NONE', #8041, #4381 ) ;
#8009 = CARTESIAN_POINT ( 'NONE',  ( 14.50000000000000000, -16.00000000000000000, 0.0000000000000000000 ) ) ;
#8010 = CARTESIAN_POINT ( 'NONE',  ( 2.202872659601642800, 16.83770187231906900, 1.499999999999999100 ) ) ;
#8011 = EDGE_CURVE ( 'NONE', #6794, #4912, #3492, .T. ) ;
#8012 = AXIS2_PLACEMENT_3D ( 'NONE', #8280, #4207, #113 ) ;
#8013 = EDGE_CURVE ( 'NONE', #8269, #4458, #1633, .T. ) ;
#8014 = CARTESIAN_POINT ( 'NONE',  ( 1.849669894618687600, 6.703434155943831700, 3.887828404360570200 ) ) ;
#8015 = EDGE_LOOP ( 'NONE', ( #5737, #4759, #7055, #7481, #3588, #6011, #8314, #7315, #4558, #1765, #22 ) ) ;
#8016 = CARTESIAN_POINT ( 'NONE',  ( -2.799247744702092300, 2.312500001365589400, 2.799247744702093600 ) ) ;
#8017 = VECTOR ( 'NONE', #4248, 1000.000000000000000 ) ;
#8018 = DIRECTION ( 'NONE',  ( -0.0000000000000000000, 1.000000000000000000, -0.0000000000000000000 ) ) ;
#8019 = CARTESIAN_POINT ( 'NONE',  ( -16.50000000000000400, -17.58276386118636800, -0.3931374000439456500 ) ) ;
#8020 = ADVANCED_FACE ( 'NONE', ( #49, #5061 ), #4849, .T. ) ;
#8021 = CARTESIAN_POINT ( 'NONE',  ( -14.17282800272094800, -17.53042453747410100, -2.120508236058134000 ) ) ;
#8022 = CARTESIAN_POINT ( 'NONE',  ( 0.0000000000000000000, 0.0000000000000000000, 10.49999999999999800 ) ) ;
#8023 = LINE ( 'NONE', #8281, #7805 ) ;
#8024 = DIRECTION ( 'NONE',  ( 0.0000000000000000000, 0.0000000000000000000, -1.000000000000000000 ) ) ;
#8025 = ORIENTED_EDGE ( 'NONE', *, *, #2537, .F. ) ;
#8026 = ORIENTED_EDGE ( 'NONE', *, *, #4277, .T. ) ;
#8027 = DIRECTION ( 'NONE',  ( -0.0000000000000000000, 1.000000000000000000, -0.0000000000000000000 ) ) ;
#8028 = AXIS2_PLACEMENT_3D ( 'NONE', #6543, #8624, #452 ) ;
#8029 = CARTESIAN_POINT ( 'NONE',  ( 4.500000000000000000, 5.999999999999996400, -5.510910596163088600E-016 ) ) ;
#8030 = CONICAL_SURFACE ( 'NONE', #7129, 0.3555000000000000400, 0.06981317007976586800 ) ;
#8031 = CARTESIAN_POINT ( 'NONE',  ( -2.755455298081544300E-016, 3.375000002731182800, -4.500000000000000000 ) ) ;
#8032 = ORIENTED_EDGE ( 'NONE', *, *, #5616, .T. ) ;
#8033 = VERTEX_POINT ( 'NONE', #7554 ) ;
#8034 = CARTESIAN_POINT ( 'NONE',  ( -2.424025537428323500E-016, 3.687500001365589000, -3.958734124999999400 ) ) ;
#8035 = CARTESIAN_POINT ( 'NONE',  ( 3.958734124999999400, 6.437500001365588500, -4.848051074856647000E-016 ) ) ;
#8036 = CARTESIAN_POINT ( 'NONE',  ( 12.49999999999999800, -17.60000000000000100, -1.154700538379252400 ) ) ;
#8037 = ORIENTED_EDGE ( 'NONE', *, *, #7509, .F. ) ;
#8038 = ADVANCED_FACE ( 'NONE', ( #3261 ), #3048, .F. ) ;
#8039 = CARTESIAN_POINT ( 'NONE',  ( 0.0000000000000000000, 17.00000000000000000, 0.0000000000000000000 ) ) ;
#8040 = FACE_OUTER_BOUND ( 'NONE', #2657, .T. ) ;
#8041 = CARTESIAN_POINT ( 'NONE',  ( -18.01865935660687500, -14.44999999999999900, -4.192602412650588300 ) ) ;
#8042 = DIRECTION ( 'NONE',  ( 0.0000000000000000000, 0.0000000000000000000, 1.000000000000000000 ) ) ;
#8043 = ORIENTED_EDGE ( 'NONE', *, *, #7365, .F. ) ;
#8044 = DIRECTION ( 'NONE',  ( 0.0000000000000000000, 0.0000000000000000000, -1.000000000000000000 ) ) ;
#8045 = FACE_OUTER_BOUND ( 'NONE', #7293, .T. ) ;
#8046 = VERTEX_POINT ( 'NONE', #4880 ) ;
#8047 = DIRECTION ( 'NONE',  ( 0.0000000000000000000, 0.0000000000000000000, -1.000000000000000000 ) ) ;
#8048 = CARTESIAN_POINT ( 'NONE',  ( 1.639761364404189300, 1.500000001365589400, 3.958734124999998500 ) ) ;
#8049 = ORIENTED_EDGE ( 'NONE', *, *, #5917, .F. ) ;
#8050 = FACE_OUTER_BOUND ( 'NONE', #3166, .T. ) ;
#8051 = AXIS2_PLACEMENT_3D ( 'NONE', #5368, #6698, #1938 ) ;
#8052 = CARTESIAN_POINT ( 'NONE',  ( -4.500000000000001800, 2.562500002731182800, -1.863961030678927800 ) ) ;
#8053 = DIRECTION ( 'NONE',  ( 3.261793248024838500E-015, 0.0000000000000000000, -1.000000000000000000 ) ) ;
#8054 = CARTESIAN_POINT ( 'NONE',  ( 14.25999999999999800, -6.600000000000001400, -8.673617379884035500E-016 ) ) ;
#8055 = CARTESIAN_POINT ( 'NONE',  ( 1.863961030678927400, 3.312500002731183700, -4.500000000000001800 ) ) ;
#8056 = ORIENTED_EDGE ( 'NONE', *, *, #7965, .F. ) ;
#8057 = B_SPLINE_CURVE_WITH_KNOTS ( 'NONE', 3,
 ( #7456, #8136, #3424, #8170, #4094, #8857, #4788, #685 ),
 .UNSPECIFIED., .F., .F.,
 ( 4, 2, 2, 4 ),
 ( 0.0000000000000000000, 0.0002476827445766632300, 0.0004953654891533264600, 0.0009907309783066529100 ),
 .UNSPECIFIED. ) ;
#8058 = EDGE_LOOP ( 'NONE', ( #4889, #7660, #80, #2892 ) ) ;
#8059 = DIRECTION ( 'NONE',  ( 1.557892197183330900E-015, -0.8949343677499602700, -0.4461978007789580400 ) ) ;
#8060 = CARTESIAN_POINT ( 'NONE',  ( 14.49999999999999800, -4.819999999999999400, 0.0000000000000000000 ) ) ;
#8061 = CARTESIAN_POINT ( 'NONE',  ( -4.500000000000000900, 2.562500002731182800, -1.863961030678928000 ) ) ;
#8062 = ORIENTED_EDGE ( 'NONE', *, *, #2766, .T. ) ;
#8063 = CARTESIAN_POINT ( 'NONE',  ( -16.50000000000000000, -17.60000000000000100, 0.0000000000000000000 ) ) ;
#8064 = DIRECTION ( 'NONE',  ( 0.0000000000000000000, 0.0000000000000000000, 1.000000000000000000 ) ) ;
#8065 = DIRECTION ( 'NONE',  ( -0.0000000000000000000, 1.000000000000000000, -0.0000000000000000000 ) ) ;
#8066 = CARTESIAN_POINT ( 'NONE',  ( -3.958734124999999400, 2.875000001365589000, -1.639761364404187100 ) ) ;
#8067 = VERTEX_POINT ( 'NONE', #101 ) ;
#8068 = ADVANCED_FACE ( 'NONE', ( #4861, #6873, #6653, #8463 ), #6445, .T. ) ;
#8069 = DIRECTION ( 'NONE',  ( -1.000000000000000000, 0.0000000000000000000, -8.881784197001258200E-016 ) ) ;
#8070 = ORIENTED_EDGE ( 'NONE', *, *, #6820, .T. ) ;
#8071 = AXIS2_PLACEMENT_3D ( 'NONE', #2333, #1657, #6440 ) ;
#8072 = EDGE_CURVE ( 'NONE', #2646, #6860, #8266, .T. ) ;
#8073 = CARTESIAN_POINT ( 'NONE',  ( -14.15798585900675200, -4.819999999999999400, -0.2399999999999997700 ) ) ;
#8074 = CARTESIAN_POINT ( 'NONE',  ( -12.50000000000000200, -17.42136720504591800, 1.154700538379255900 ) ) ;
#8075 = AXIS2_PLACEMENT_3D ( 'NONE', #3829, #1101, #1822 ) ;
#8076 = CIRCLE ( 'NONE', #7582, 1.928476821192052700 ) ;
#8077 = VERTEX_POINT ( 'NONE', #7589 ) ;
#8078 = CARTESIAN_POINT ( 'NONE',  ( 13.50000000000000000, -16.00000000000000000, -1.732050807568876500 ) ) ;
#8079 = CARTESIAN_POINT ( 'NONE',  ( 14.49999999999999800, -4.819999999999999400, 0.0000000000000000000 ) ) ;
#8080 = EDGE_CURVE ( 'NONE', #3579, #7337, #1221, .T. ) ;
#8081 = EDGE_CURVE ( 'NONE', #4912, #8275, #1440, .T. ) ;
#8082 = EDGE_LOOP ( 'NONE', ( #6351, #4245, #2576, #247 ) ) ;
#8083 = CARTESIAN_POINT ( 'NONE',  ( 14.46698205485416400, -4.788539114293418400, 0.3576999594383799600 ) ) ;
#8084 = CARTESIAN_POINT ( 'NONE',  ( -14.26000000000000200, -3.432161446792885200, 0.3836650893874202800 ) ) ;
#8085 = AXIS2_PLACEMENT_3D ( 'NONE', #7079, #3013, #7765 ) ;
#8086 = ADVANCED_FACE ( 'NONE', ( #8679 ), #6949, .T. ) ;
#8087 = LINE ( 'NONE', #4541, #1029 ) ;
#8088 = ORIENTED_EDGE ( 'NONE', *, *, #6613, .T. ) ;
#8089 = ORIENTED_EDGE ( 'NONE', *, *, #4989, .T. ) ;
#8090 = CARTESIAN_POINT ( 'NONE',  ( -15.16075225999411000, -16.01710519872702300, -1.927915581583254500 ) ) ;
#8091 = ORIENTED_EDGE ( 'NONE', *, *, #15, .T. ) ;
#8092 = CIRCLE ( 'NONE', #7600, 18.50000000000000000 ) ;
#8093 = CARTESIAN_POINT ( 'NONE',  ( 14.36206896551724400, -5.500000000000000000, -1.995238088481303200 ) ) ;
#8094 = CARTESIAN_POINT ( 'NONE',  ( -3.181980515339462900, 1.750000002731183100, 3.181980515339464200 ) ) ;
#8095 = VECTOR ( 'NONE', #5821, 1000.000000000000100 ) ;
#8096 = EDGE_CURVE ( 'NONE', #2738, #1715, #2853, .T. ) ;
#8097 = DIRECTION ( 'NONE',  ( -1.557892197183330900E-015, 0.8949343677499602700, 0.4461978007789580400 ) ) ;
#8098 = CARTESIAN_POINT ( 'NONE',  ( -2.799247744702092300, 2.062500001365589000, 2.799247744702093600 ) ) ;
#8099 = ORIENTED_EDGE ( 'NONE', *, *, #1111, .F. ) ;
#8100 = ORIENTED_EDGE ( 'NONE', *, *, #7638, .T. ) ;
#8101 = CARTESIAN_POINT ( 'NONE',  ( -14.11633491061257900, -3.432161446792886900, 0.2399999999999997700 ) ) ;
#8102 = AXIS2_PLACEMENT_3D ( 'NONE', #4041, #632, #8115 ) ;
#8103 = VERTEX_POINT ( 'NONE', #2223 ) ;
#8105 = CARTESIAN_POINT ( 'NONE',  ( 14.49999999999999800, 21.99999999999996400, 0.0000000000000000000 ) ) ;
#8104 = DIRECTION ( 'NONE',  ( -0.9739815868436148000, 0.0000000000000000000, -0.2266271574405722100 ) ) ;
#8106 = CARTESIAN_POINT ( 'NONE',  ( 16.50000000000000000, -17.42136720504591800, -1.154700538379255900 ) ) ;
#8107 = CARTESIAN_POINT ( 'NONE',  ( -14.50000000000000000, 995.0644910479892400, 0.0000000000000000000 ) ) ;
#8108 = DIRECTION ( 'NONE',  ( 0.0000000000000000000, -1.000000000000000000, 0.0000000000000000000 ) ) ;
#8109 = EDGE_CURVE ( 'NONE', #162, #4331, #997, .T. ) ;
#8110 = ORIENTED_EDGE ( 'NONE', *, *, #4940, .T. ) ;
#8111 = DIRECTION ( 'NONE',  ( -0.0000000000000000000, 1.000000000000000000, 0.0000000000000000000 ) ) ;
#8112 = CARTESIAN_POINT ( 'NONE',  ( 14.43437946453346800, -4.799114768348141000, 0.3524271330154985500 ) ) ;
#8113 = CARTESIAN_POINT ( 'NONE',  ( 0.0000000000000000000, 7.000000000000000000, -4.500000000000000000 ) ) ;
#8114 = ADVANCED_FACE ( 'NONE', ( #6250 ), #1523, .F. ) ;
#8115 = DIRECTION ( 'NONE',  ( 0.0000000000000000000, 0.0000000000000000000, 1.000000000000000000 ) ) ;
#8116 = PLANE ( 'NONE',  #1035 ) ;
#8117 = CARTESIAN_POINT ( 'NONE',  ( 1.639761364404186800, 6.625000001365589400, -3.958734124999999400 ) ) ;
#8118 = FACE_OUTER_BOUND ( 'NONE', #8187, .T. ) ;
#8119 = ORIENTED_EDGE ( 'NONE', *, *, #3605, .T. ) ;
#8120 = DIRECTION ( 'NONE',  ( -0.0000000000000000000, 1.000000000000000000, -0.0000000000000000000 ) ) ;
#8121 = CARTESIAN_POINT ( 'NONE',  ( 1.863961030678930000, 0.9375000027311835000, 4.500000000000000000 ) ) ;
#8122 = DIRECTION ( 'NONE',  ( 0.0000000000000000000, 0.0000000000000000000, -1.000000000000000000 ) ) ;
#8123 = DIRECTION ( 'NONE',  ( 0.0000000000000000000, 0.0000000000000000000, 1.000000000000000000 ) ) ;
#8124 = CARTESIAN_POINT ( 'NONE',  ( 1.639761364404189300, 1.250000001365589400, 3.958734124999998500 ) ) ;
#8125 = LINE ( 'NONE', #7580, #870 ) ;
#8126 = DIRECTION ( 'NONE',  ( 0.0000000000000000000, 0.0000000000000000000, 1.000000000000000000 ) ) ;
#8127 = ADVANCED_FACE ( 'NONE', ( #4413 ), #2393, .T. ) ;
#8128 = CARTESIAN_POINT ( 'NONE',  ( 14.36206896551724400, -10.00000000000000000, 1.995238088481303200 ) ) ;
#8129 = ORIENTED_EDGE ( 'NONE', *, *, #609, .T. ) ;
#8130 = CARTESIAN_POINT ( 'NONE',  ( -3.181980515339462900, 4.750000002731183300, 3.181980515339464200 ) ) ;
#8131 = EDGE_CURVE ( 'NONE', #3739, #1715, #1649, .T. ) ;
#8133 = CARTESIAN_POINT ( 'NONE',  ( 1.863961030678927400, 4.187499999999996400, -4.500000000000001800 ) ) ;
#8132 = LINE ( 'NONE', #8186, #6328 ) ;
#8134 = EDGE_CURVE ( 'NONE', #3115, #1324, #3534, .T. ) ;
#8135 = FACE_OUTER_BOUND ( 'NONE', #4863, .T. ) ;
#8136 = CARTESIAN_POINT ( 'NONE',  ( -14.36206896551724000, -5.416047672942439400, 1.995238088481303200 ) ) ;
#8137 = DIRECTION ( 'NONE',  ( 0.0000000000000000000, -1.000000000000000000, -0.0000000000000000000 ) ) ;
#8138 = CARTESIAN_POINT ( 'NONE',  ( -14.50000000000000000, -5.000000000000000000, 1.499999999999999600 ) ) ;
#8139 = VERTEX_POINT ( 'NONE', #7039 ) ;
#8140 = EDGE_LOOP ( 'NONE', ( #3833, #4644 ) ) ;
#8141 = CARTESIAN_POINT ( 'NONE',  ( 12.49999999999999800, -16.17863279495408300, 1.154700538379255900 ) ) ;
#8142 = COORDINATED_UNIVERSAL_TIME_OFFSET ( 2, 0, .AHEAD. ) ;
#8143 = CARTESIAN_POINT ( 'NONE',  ( 15.50000000000000000, -5.000000000000000900, 0.0000000000000000000 ) ) ;
#8144 = CARTESIAN_POINT ( 'NONE',  ( -2.755455298081544300E-016, 5.249999999999995600, -4.500000000000000000 ) ) ;
#8145 = CARTESIAN_POINT ( 'NONE',  ( -2.799247744702093100, 5.812500001365589400, -2.799247744702092700 ) ) ;
#8146 = CONICAL_SURFACE ( 'NONE', #2279, 2.000000000000000000, 1.047197551196596300 ) ;
#8147 = EDGE_CURVE ( 'NONE', #2407, #6229, #7825, .T. ) ;
#8148 = DIRECTION ( 'NONE',  ( -0.0000000000000000000, 0.0000000000000000000, 1.000000000000000000 ) ) ;
#8149 = VERTEX_POINT ( 'NONE', #7722 ) ;
#8150 = AXIS2_PLACEMENT_3D ( 'NONE', #4008, #2705, #7462 ) ;
#8151 = CARTESIAN_POINT ( 'NONE',  ( 0.0000000000000000000, 7.000000000000000000, 0.0000000000000000000 ) ) ;
#8152 = EDGE_CURVE ( 'NONE', #2222, #3528, #797, .T. ) ;
#8153 = FACE_OUTER_BOUND ( 'NONE', #4977, .T. ) ;
#8154 = CARTESIAN_POINT ( 'NONE',  ( 4.500000000000000000, 0.1250000027311825900, -5.510910596163088600E-016 ) ) ;
#8155 = ORIENTED_EDGE ( 'NONE', *, *, #2752, .F. ) ;
#8156 = ORIENTED_EDGE ( 'NONE', *, *, #2051, .T. ) ;
#8157 = CIRCLE ( 'NONE', #4170, 14.50000000000000000 ) ;
#8158 = DIRECTION ( 'NONE',  ( -0.07674375022329539600, 0.0000000000000000000, 0.9970508496569592300 ) ) ;
#8159 = VERTEX_POINT ( 'NONE', #5694 ) ;
#8160 = PLANE ( 'NONE',  #3611 ) ;
#8161 = ADVANCED_FACE ( 'NONE', ( #6025 ), #4002, .T. ) ;
#8162 = CARTESIAN_POINT ( 'NONE',  ( 0.0000000000000000000, -14.05000000000000100, 0.0000000000000000000 ) ) ;
#8163 = LINE ( 'NONE', #6595, #1335 ) ;
#8164 = ORIENTED_EDGE ( 'NONE', *, *, #4111, .F. ) ;
#8165 = CARTESIAN_POINT ( 'NONE',  ( 1.443137078762504200, -1.000000000000000000, 11.40909090909090800 ) ) ;
#8166 = AXIS2_PLACEMENT_3D ( 'NONE', #6259, #2174, #6929 ) ;
#8167 = CARTESIAN_POINT ( 'NONE',  ( 0.0000000000000000000, 7.000000000000000000, 0.0000000000000000000 ) ) ;
#8168 = CARTESIAN_POINT ( 'NONE',  ( -4.500000000000000000, 6.499999999999996400, 0.0000000000000000000 ) ) ;
#8169 = DIRECTION ( 'NONE',  ( 0.0000000000000000000, -1.000000000000000000, 0.0000000000000000000 ) ) ;
#8170 = CARTESIAN_POINT ( 'NONE',  ( -14.28244139060469400, -5.200637963987839300, 1.895489969894552200 ) ) ;
#8171 = CARTESIAN_POINT ( 'NONE',  ( -13.83924774000590200, -16.01710519872702300, 1.927915581583255800 ) ) ;
#8172 = ORIENTED_EDGE ( 'NONE', *, *, #729, .F. ) ;
#8173 = CARTESIAN_POINT ( 'NONE',  ( 4.500000000000001800, 5.062499999999995600, -1.863961030678928500 ) ) ;
#8174 = ORIENTED_EDGE ( 'NONE', *, *, #4477, .T. ) ;
#8175 = CARTESIAN_POINT ( 'NONE',  ( -14.82717199727905900, -16.06957546252590400, 2.120508236058133500 ) ) ;
#8176 = CARTESIAN_POINT ( 'NONE',  ( 14.50000000000000000, -16.00000000000000000, 0.0000000000000000000 ) ) ;
#8177 = CARTESIAN_POINT ( 'NONE',  ( -4.816675528020397200, -14.44999999999999900, -13.67660911402272500 ) ) ;
#8178 = EDGE_LOOP ( 'NONE', ( #5371, #2244, #6458, #7324 ) ) ;
#8179 = ADVANCED_FACE ( 'NONE', ( #8045 ), #5718, .T. ) ;
#8180 = ORIENTED_EDGE ( 'NONE', *, *, #8251, .T. ) ;
#8181 = CARTESIAN_POINT ( 'NONE',  ( 14.84201414099324800, -4.819999999999999400, 0.2399999999999997700 ) ) ;
#8182 = ORIENTED_EDGE ( 'NONE', *, *, #3390, .T. ) ;
#8183 = CARTESIAN_POINT ( 'NONE',  ( 0.0000000000000000000, -10.00000000000000000, 0.0000000000000000000 ) ) ;
#8184 = LINE ( 'NONE', #8576, #6372 ) ;
#8185 = ORIENTED_EDGE ( 'NONE', *, *, #3345, .T. ) ;
#8186 = CARTESIAN_POINT ( 'NONE',  ( 14.84201414099324800, -4.819999999999999400, 0.2399999999999997700 ) ) ;
#8187 = EDGE_LOOP ( 'NONE', ( #6438, #5247, #4229 ) ) ;
#8188 = EDGE_CURVE ( 'NONE', #7615, #5437, #6460, .T. ) ;
#8189 = CARTESIAN_POINT ( 'NONE',  ( 7.272076612284971000E-016, 6.437500001365589400, 3.958734124999999400 ) ) ;
#8190 = EDGE_CURVE ( 'NONE', #8395, #7287, #7622, .T. ) ;
#8191 = EDGE_CURVE ( 'NONE', #6251, #4403, #573, .T. ) ;
#8192 = LINE ( 'NONE', #3707, #2320 ) ;
#8193 = ORIENTED_EDGE ( 'NONE', *, *, #8699, .T. ) ;
#8194 = DIRECTION ( 'NONE',  ( 0.0000000000000000000, 0.0000000000000000000, 1.000000000000000000 ) ) ;
#8195 = CARTESIAN_POINT ( 'NONE',  ( -14.74000000000000200, -4.819999999999999400, 0.2622598901852882800 ) ) ;
#8196 = ORIENTED_EDGE ( 'NONE', *, *, #5340, .T. ) ;
#8197 = FACE_OUTER_BOUND ( 'NONE', #2228, .T. ) ;
#8198 = CARTESIAN_POINT ( 'NONE',  ( 15.84074293741602400, -16.00000000000000000, 1.535322780927272900 ) ) ;
#8199 = DIRECTION ( 'NONE',  ( -0.9829399099574937000, 0.0000000000000000000, -0.1839269784799235400 ) ) ;
#8200 = LINE ( 'NONE', #4700, #2785 ) ;
#8201 = EDGE_LOOP ( 'NONE', ( #6797, #2214, #439, #2136 ) ) ;
#8202 = ORIENTED_EDGE ( 'NONE', *, *, #8534, .F. ) ;
#8203 = CARTESIAN_POINT ( 'NONE',  ( -14.93686389083190500, -6.382187706324184100, 0.0000000000000000000 ) ) ;
#8204 = DIRECTION ( 'NONE',  ( 0.0000000000000000000, 0.0000000000000000000, 1.000000000000000000 ) ) ;
#8205 = ADVANCED_FACE ( 'NONE', ( #7410 ), #2332, .T. ) ;
#8206 = CARTESIAN_POINT ( 'NONE',  ( 12.50000000000000000, -16.01723613881363700, -0.3931374000439448700 ) ) ;
#8207 = AXIS2_PLACEMENT_3D ( 'NONE', #1468, #5565, #4194 ) ;
#8208 = ORIENTED_EDGE ( 'NONE', *, *, #4957, .F. ) ;
#8209 = CARTESIAN_POINT ( 'NONE',  ( 0.0000000000000000000, 7.000000000000000000, 0.0000000000000000000 ) ) ;
#8210 = DIRECTION ( 'NONE',  ( 0.0000000000000000000, -1.000000000000000000, 0.0000000000000000000 ) ) ;
#8211 = LINE ( 'NONE', #2162, #7568 ) ;
#8212 = FACE_OUTER_BOUND ( 'NONE', #7543, .T. ) ;
#8213 = FACE_OUTER_BOUND ( 'NONE', #1475, .T. ) ;
#8214 = PLANE ( 'NONE',  #3054 ) ;
#8215 = ORIENTED_EDGE ( 'NONE', *, *, #5993, .F. ) ;
#8216 = ORIENTED_EDGE ( 'NONE', *, *, #2177, .F. ) ;
#8217 = EDGE_CURVE ( 'NONE', #778, #6860, #2194, .T. ) ;
#8218 = CARTESIAN_POINT ( 'NONE',  ( 12.49999999999999800, -17.42136720504591800, 1.154700538379255900 ) ) ;
#8219 = DIRECTION ( 'NONE',  ( 0.0000000000000000000, -0.0000000000000000000, -1.000000000000000000 ) ) ;
#8220 = AXIS2_PLACEMENT_3D ( 'NONE', #7364, #2575, #8044 ) ;
#8221 = CARTESIAN_POINT ( 'NONE',  ( 3.958734124999999900, 5.625000001365589400, 1.639761364404186200 ) ) ;
#8222 = ADVANCED_FACE ( 'NONE', ( #3782 ), #2359, .T. ) ;
#8224 = CARTESIAN_POINT ( 'NONE',  ( 14.56562053546653100, -4.799114768348141000, 0.3524271330154991100 ) ) ;
#8223 = DIRECTION ( 'NONE',  ( 0.0000000000000000000, -1.000000000000000000, 0.0000000000000000000 ) ) ;
#8225 = CIRCLE ( 'NONE', #187, 3.162547666931028200 ) ;
#8226 = CARTESIAN_POINT ( 'NONE',  ( -1.145855891589437000, 6.632090385004206100, 4.224813878362978100 ) ) ;
#8227 = AXIS2_PLACEMENT_3D ( 'NONE', #6500, #7193, #3113 ) ;
#8228 = CARTESIAN_POINT ( 'NONE',  ( 14.76225989018528600, -4.819999999999999400, -0.2400000000000010700 ) ) ;
#8229 = CARTESIAN_POINT ( 'NONE',  ( 0.0000000000000000000, 7.000000000000000000, 0.0000000000000000000 ) ) ;
#8230 = VECTOR ( 'NONE', #5263, 1000.000000000000000 ) ;
#8231 = DIRECTION ( 'NONE',  ( 0.0000000000000000000, -1.000000000000000000, -0.0000000000000000000 ) ) ;
#8232 = CARTESIAN_POINT ( 'NONE',  ( -2.755455298081544300E-016, 1.375000002731182800, -4.500000000000000000 ) ) ;
#8233 = CARTESIAN_POINT ( 'NONE',  ( 0.0000000000000000000, -14.44999999999999900, 0.0000000000000000000 ) ) ;
#8234 = ORIENTED_EDGE ( 'NONE', *, *, #7856, .T. ) ;
#8235 = DIRECTION ( 'NONE',  ( -0.0000000000000000000, 1.000000000000000000, -0.0000000000000000000 ) ) ;
#8236 = CARTESIAN_POINT ( 'NONE',  ( -12.50000000000000200, -16.17863279495408300, 1.154700538379255900 ) ) ;
#8237 = CIRCLE ( 'NONE', #4884, 3.162547666931028600 ) ;
#8238 = LINE ( 'NONE', #6877, #974 ) ;
#8239 = AXIS2_PLACEMENT_3D ( 'NONE', #1297, #2018, #6779 ) ;
#8240 = ORIENTED_EDGE ( 'NONE', *, *, #5184, .F. ) ;
#8241 = CARTESIAN_POINT ( 'NONE',  ( -12.50000000000000200, -17.42136720504591800, -1.154700538379255900 ) ) ;
#8242 = CARTESIAN_POINT ( 'NONE',  ( -13.07672697680174100, -14.44999999999999900, -6.264919119524663000 ) ) ;
#8243 = ORIENTED_EDGE ( 'NONE', *, *, #5105, .F. ) ;
#8244 = AXIS2_PLACEMENT_3D ( 'NONE', #1911, #3941, #7306 ) ;
#8245 = CARTESIAN_POINT ( 'NONE',  ( 2.799247744702092700, 4.812500001365589400, -2.799247744702093100 ) ) ;
#8246 = LINE ( 'NONE', #3621, #2838 ) ;
#8247 = DIRECTION ( 'NONE',  ( -0.0000000000000000000, 1.000000000000000000, -0.0000000000000000000 ) ) ;
#8248 = CARTESIAN_POINT ( 'NONE',  ( -4.500000000000000000, 5.687500002731183300, 1.863961030678930700 ) ) ;
#8249 = ORIENTED_EDGE ( 'NONE', *, *, #7155, .T. ) ;
#8250 = EDGE_CURVE ( 'NONE', #1348, #8139, #346, .T. ) ;
#8251 = EDGE_CURVE ( 'NONE', #918, #4369, #1973, .T. ) ;
#8252 = EDGE_LOOP ( 'NONE', ( #2167, #4527 ) ) ;
#8253 = CONICAL_SURFACE ( 'NONE', #8102, 3077.683537175313600, 1.256637061435923000 ) ;
#8254 = CARTESIAN_POINT ( 'NONE',  ( 3.958734124999999400, 5.500000001365589400, -1.639761364404187500 ) ) ;
#8255 = AXIS2_PLACEMENT_3D ( 'NONE', #1292, #6069, #1984 ) ;
#8256 = EDGE_LOOP ( 'NONE', ( #154, #2482, #76, #799 ) ) ;
#8257 = CARTESIAN_POINT ( 'NONE',  ( 14.74000000000000000, -4.819999999999999400, -0.3420141409932469000 ) ) ;
#8258 = CARTESIAN_POINT ( 'NONE',  ( -13.50000000000000200, -16.00000000000000000, -1.732050807568875200 ) ) ;
#8259 = DIRECTION ( 'NONE',  ( 0.0000000000000000000, -1.000000000000000000, 0.0000000000000000000 ) ) ;
#8260 = CIRCLE ( 'NONE', #5803, 3.162547666931028200 ) ;
#8261 = CARTESIAN_POINT ( 'NONE',  ( 12.50000000000000000, -17.52105233070203700, 0.7745510564695450300 ) ) ;
#8262 = ORIENTED_EDGE ( 'NONE', *, *, #770, .F. ) ;
#8263 = CARTESIAN_POINT ( 'NONE',  ( -12.82771778100631700, -17.52066220018764800, -1.343908487461471100 ) ) ;
#8264 = DIRECTION ( 'NONE',  ( 0.0000000000000000000, 0.0000000000000000000, 1.000000000000000000 ) ) ;
#8265 = CARTESIAN_POINT ( 'NONE',  ( 0.0000000000000000000, -14.05000000000000100, 0.0000000000000000000 ) ) ;
#8266 = CIRCLE ( 'NONE', #7741, 3.190987308028661000 ) ;
#8267 = ADVANCED_FACE ( 'NONE', ( #152 ), #5121, .T. ) ;
#8268 = ORIENTED_EDGE ( 'NONE', *, *, #6111, .T. ) ;
#8269 = VERTEX_POINT ( 'NONE', #4439 ) ;
#8270 = LINE ( 'NONE', #6916, #4645 ) ;
#8271 = EDGE_CURVE ( 'NONE', #1827, #2863, #1739, .T. ) ;
#8272 = AXIS2_PLACEMENT_3D ( 'NONE', #6329, #2248, #7004 ) ;
#8273 = AXIS2_PLACEMENT_3D ( 'NONE', #21, #2066, #4820 ) ;
#8274 = ORIENTED_EDGE ( 'NONE', *, *, #7299, .F. ) ;
#8275 = VERTEX_POINT ( 'NONE', #8541 ) ;
#8276 = CARTESIAN_POINT ( 'NONE',  ( -1.639761364404187300, 4.000000001365588500, -3.958734124999999400 ) ) ;
#8277 = EDGE_CURVE ( 'NONE', #1132, #1995, #86, .T. ) ;
#8278 = DIRECTION ( 'NONE',  ( 0.0000000000000000000, -1.000000000000000000, 0.0000000000000000000 ) ) ;
#8279 = ORIENTED_EDGE ( 'NONE', *, *, #6996, .F. ) ;
#8281 = CARTESIAN_POINT ( 'NONE',  ( -14.50000000000000000, -4.935508952010795100, -2.246687131370370800E-017 ) ) ;
#8280 = CARTESIAN_POINT ( 'NONE',  ( -14.50000000000000200, -17.60000000000000100, 0.0000000000000000000 ) ) ;
#8282 = CARTESIAN_POINT ( 'NONE',  ( 6.264919119524582100, -14.44999999999999900, 13.07672697680177800 ) ) ;
#8283 = CARTESIAN_POINT ( 'NONE',  ( -9.014954643837288700, -14.05000000000000100, -2.097610029784438400 ) ) ;
#8284 = ORIENTED_EDGE ( 'NONE', *, *, #6636, .T. ) ;
#8285 = CARTESIAN_POINT ( 'NONE',  ( -2.424025537428323500E-016, 4.687500001365588500, -3.958734124999999400 ) ) ;
#8286 = EDGE_LOOP ( 'NONE', ( #3981, #6084, #1448, #5939 ) ) ;
#8287 = DIRECTION ( 'NONE',  ( -3.491483361109382100E-015, 0.0000000000000000000, 1.000000000000000000 ) ) ;
#8288 = DIRECTION ( 'NONE',  ( 0.0000000000000000000, 0.0000000000000000000, -1.000000000000000000 ) ) ;
#8289 = CARTESIAN_POINT ( 'NONE',  ( 4.872006157907522500, -14.44999999999999900, 0.5897000988077660800 ) ) ;
#8290 = CIRCLE ( 'NONE', #7116, 1.999999999999998200 ) ;
#8291 = ORIENTED_EDGE ( 'NONE', *, *, #8412, .F. ) ;
#8292 = CARTESIAN_POINT ( 'NONE',  ( -14.50000000000000000, -6.599999999999999600, 0.2400000000000006300 ) ) ;
#8293 = VERTEX_POINT ( 'NONE', #405 ) ;
#8294 = AXIS2_PLACEMENT_3D ( 'NONE', #476, #5250, #1176 ) ;
#8295 = FACE_OUTER_BOUND ( 'NONE', #139, .T. ) ;
#8296 = ORIENTED_EDGE ( 'NONE', *, *, #2610, .F. ) ;
#8297 = DIRECTION ( 'NONE',  ( 0.9018432397794303700, 0.0000000000000000000, 0.4320633875534246600 ) ) ;
#8298 = CARTESIAN_POINT ( 'NONE',  ( 7.272076612284971000E-016, 6.187500001365589400, 3.958734124999999400 ) ) ;
#8299 = ORIENTED_EDGE ( 'NONE', *, *, #3067, .T. ) ;
#8300 = EDGE_CURVE ( 'NONE', #3306, #699, #8790, .T. ) ;
#8301 = EDGE_LOOP ( 'NONE', ( #684, #6531, #1340, #6042 ) ) ;
#8302 = CARTESIAN_POINT ( 'NONE',  ( -3.958734124999999400, 3.187500001365589400, 0.0000000000000000000 ) ) ;
#8303 = CYLINDRICAL_SURFACE ( 'NONE', #6239, 14.50000000000000000 ) ;
#8304 = AXIS2_PLACEMENT_3D ( 'NONE', #7916, #5864, #425 ) ;
#8305 = EDGE_CURVE ( 'NONE', #6786, #7615, #5766, .T. ) ;
#8307 = CARTESIAN_POINT ( 'NONE',  ( -13.50000000000000000, -5.000000000000000900, 0.0000000000000000000 ) ) ;
#8306 = PLANE ( 'NONE',  #3747 ) ;
#8308 = DIRECTION ( 'NONE',  ( -0.0000000000000000000, 1.000000000000000000, -0.0000000000000000000 ) ) ;
#8309 = LINE ( 'NONE', #5675, #4694 ) ;
#8310 = CARTESIAN_POINT ( 'NONE',  ( 14.49999999999999800, -17.60000000000000100, -1.000000000000000000 ) ) ;
#8311 = ORIENTED_EDGE ( 'NONE', *, *, #2691, .F. ) ;
#8312 = CARTESIAN_POINT ( 'NONE',  ( -3.958734124999999400, 3.875000001365589000, -1.639761364404187100 ) ) ;
#8313 = ORIENTED_EDGE ( 'NONE', *, *, #5837, .F. ) ;
#8314 = ORIENTED_EDGE ( 'NONE', *, *, #3080, .F. ) ;
#8315 = CARTESIAN_POINT ( 'NONE',  ( 0.0000000000000000000, 0.1010000000000000100, 0.0000000000000000000 ) ) ;
#8316 = CARTESIAN_POINT ( 'NONE',  ( -12.79648433899172300, -14.05000000000000100, -36.33471121730956800 ) ) ;
#8317 = APPROVAL_STATUS ( 'not_yet_approved' ) ;
#8318 = CARTESIAN_POINT ( 'NONE',  ( -1.514941932194839400, 1.000000000000000200, -3.657393445408529500 ) ) ;
#8319 = EDGE_CURVE ( 'NONE', #8654, #1376, #5086, .T. ) ;
#8320 = ORIENTED_EDGE ( 'NONE', *, *, #8546, .F. ) ;
#8321 = VECTOR ( 'NONE', #1734, 1000.000000000000000 ) ;
#8322 = DIRECTION ( 'NONE',  ( 0.0000000000000000000, 0.0000000000000000000, 1.000000000000000000 ) ) ;
#8323 = DIRECTION ( 'NONE',  ( 0.0000000000000000000, 0.0000000000000000000, 1.000000000000000000 ) ) ;
#8324 = CARTESIAN_POINT ( 'NONE',  ( 18.36595571194074200, -14.44999999999999900, 2.222986906626169800 ) ) ;
#8325 = CARTESIAN_POINT ( 'NONE',  ( 3.958734124999999900, 5.375000001365588500, 1.639761364404186200 ) ) ;
#8326 = CIRCLE ( 'NONE', #527, 18.50000000000000000 ) ;
#8327 = B_SPLINE_CURVE_WITH_KNOTS ( 'NONE', 3,
 ( #2647, #60, #5241, #25, #6673, #5464 ),
 .UNSPECIFIED., .F., .F.,
 ( 4, 2, 4 ),
 ( 0.001168606431211098100, 0.001750609284260042600, 0.002332612137308987100 ),
 .UNSPECIFIED. ) ;
#8328 = VERTEX_POINT ( 'NONE', #4471 ) ;
#8329 = B_SPLINE_CURVE_WITH_KNOTS ( 'NONE', 3,
 ( #7784, #6412, #5041, #8459, #4382, #288 ),
 .UNSPECIFIED., .F., .F.,
 ( 4, 2, 4 ),
 ( 0.002060137505873419200, 0.002644210467598552000, 0.003228283429323684400 ),
 .UNSPECIFIED. ) ;
#8330 = CARTESIAN_POINT ( 'NONE',  ( -1.639761364404188200, 2.375000001365589900, 3.958734124999998500 ) ) ;
#8331 = DIRECTION ( 'NONE',  ( -1.557892197183331500E-015, -0.8949343677499602700, 0.4461978007789582100 ) ) ;
#8332 = CARTESIAN_POINT ( 'NONE',  ( -14.50000000000000200, -16.00000000000000000, 0.0000000000000000000 ) ) ;
#8333 = CARTESIAN_POINT ( 'NONE',  ( 17.44946680064964200, -14.44999999999999900, 6.145413604715783700 ) ) ;
#8334 = DIRECTION ( 'NONE',  ( -0.0000000000000000000, 1.000000000000000000, -0.0000000000000000000 ) ) ;
#8336 = DIRECTION ( 'NONE',  ( 0.0000000000000000000, 0.0000000000000000000, 1.000000000000000000 ) ) ;
#8335 = LINE ( 'NONE', #5461, #3121 ) ;
#8337 = AXIS2_PLACEMENT_3D ( 'NONE', #226, #1577, #901 ) ;
#8338 = CARTESIAN_POINT ( 'NONE',  ( -2.799247744702092300, 3.062500001365589000, 2.799247744702093600 ) ) ;
#8339 = CARTESIAN_POINT ( 'NONE',  ( -14.50000000000000200, -16.00000000000000000, 0.0000000000000000000 ) ) ;
#8340 = EDGE_LOOP ( 'NONE', ( #1893, #4687, #42 ) ) ;
#8341 = CARTESIAN_POINT ( 'NONE',  ( 13.50000000000000000, -17.60000000000000100, 1.732050807568875200 ) ) ;
#8342 = LINE ( 'NONE', #642, #6742 ) ;
#8343 = CARTESIAN_POINT ( 'NONE',  ( -14.50000000000000000, -5.000000000000000000, -1.499999999999999600 ) ) ;
#8344 = FACE_OUTER_BOUND ( 'NONE', #5270, .T. ) ;
#8345 = ORIENTED_EDGE ( 'NONE', *, *, #7045, .F. ) ;
#8346 = DIRECTION ( 'NONE',  ( -0.0000000000000000000, 1.000000000000000000, 0.0000000000000000000 ) ) ;
#8347 = PLANE ( 'NONE',  #1315 ) ;
#8348 = ORIENTED_EDGE ( 'NONE', *, *, #769, .F. ) ;
#8349 = DATE_AND_TIME ( #1316, #3140 ) ;
#8350 = EDGE_CURVE ( 'NONE', #3838, #4621, #3373, .T. ) ;
#8351 = EDGE_CURVE ( 'NONE', #5958, #5602, #5154, .T. ) ;
#8352 = FACE_OUTER_BOUND ( 'NONE', #7277, .T. ) ;
#8353 = CARTESIAN_POINT ( 'NONE',  ( 2.799247744702092700, 4.562500001365588500, -2.799247744702093100 ) ) ;
#8354 = AXIS2_PLACEMENT_3D ( 'NONE', #2462, #7930, #2584 ) ;
#8355 = ORIENTED_EDGE ( 'NONE', *, *, #1669, .T. ) ;
#8356 = CARTESIAN_POINT ( 'NONE',  ( 2.799247744702093600, 1.562500001365589600, 2.799247744702092700 ) ) ;
#8357 = CIRCLE ( 'NONE', #2329, 1.000000000000000000 ) ;
#8358 = DIRECTION ( 'NONE',  ( -0.0000000000000000000, 1.000000000000000000, -0.0000000000000000000 ) ) ;
#8359 = ORIENTED_EDGE ( 'NONE', *, *, #7724, .T. ) ;
#8360 = CARTESIAN_POINT ( 'NONE',  ( 1.128394646824402600, -0.1423650987188395100, 10.96197196189918100 ) ) ;
#8361 = EDGE_LOOP ( 'NONE', ( #7017, #2425, #6340, #7992 ) ) ;
#8362 = TOROIDAL_SURFACE ( 'NONE', #3705, 1.499999999999999600, 0.5000000000000000000 ) ;
#8363 = CARTESIAN_POINT ( 'NONE',  ( -3.999999999999995600, 7.000000000000000000, 0.0000000000000000000 ) ) ;
#8364 = EDGE_CURVE ( 'NONE', #2599, #1037, #6977, .T. ) ;
#8365 = DIRECTION ( 'NONE',  ( 0.0000000000000000000, 1.000000000000000000, 0.0000000000000000000 ) ) ;
#8366 = CARTESIAN_POINT ( 'NONE',  ( 1.639761364404189300, 2.250000001365589400, 3.958734124999998500 ) ) ;
#8367 = AXIS2_PLACEMENT_3D ( 'NONE', #5381, #1295, #6073 ) ;
#8368 = CIRCLE ( 'NONE', #2430, 0.3555000000000000400 ) ;
#8369 = DIRECTION ( 'NONE',  ( -0.0000000000000000000, -1.000000000000000000, -0.0000000000000000000 ) ) ;
#8370 = VERTEX_POINT ( 'NONE', #1122 ) ;
#8371 = DIRECTION ( 'NONE',  ( 0.9432144216567375200, 0.0000000000000000000, 0.3321845191738263000 ) ) ;
#8372 = CARTESIAN_POINT ( 'NONE',  ( 13.52981128101062300, -3.560076670449441300, 0.2399999999999997700 ) ) ;
#8373 = CARTESIAN_POINT ( 'NONE',  ( 0.0000000000000000000, -14.05000000000000100, 0.0000000000000000000 ) ) ;
#8374 = EDGE_CURVE ( 'NONE', #7813, #4217, #1536, .T. ) ;
#8375 = CARTESIAN_POINT ( 'NONE',  ( -4.500000000000000000, 5.562499999999996400, 1.863961030678930700 ) ) ;
#8376 = AXIS2_PLACEMENT_3D ( 'NONE', #8167, #680, #5456 ) ;
#8377 = CARTESIAN_POINT ( 'NONE',  ( 14.76225989018528600, -4.819999999999999400, -0.2400000000000010700 ) ) ;
#8378 = ORIENTED_EDGE ( 'NONE', *, *, #8351, .F. ) ;
#8379 = CC_DESIGN_APPROVAL ( #7918, ( #7476 ) ) ;
#8380 = ORIENTED_EDGE ( 'NONE', *, *, #4308, .T. ) ;
#8381 = ORIENTED_EDGE ( 'NONE', *, *, #8577, .T. ) ;
#8382 = CARTESIAN_POINT ( 'NONE',  ( -1.639761364404187300, 3.750000001365588500, -3.958734124999999400 ) ) ;
#8383 = CARTESIAN_POINT ( 'NONE',  ( 3.958734124999999400, 0.7500000013655888600, -1.639761364404187500 ) ) ;
#8384 = EDGE_CURVE ( 'NONE', #5679, #3188, #7355, .T. ) ;
#8385 = CARTESIAN_POINT ( 'NONE',  ( 14.49999999999999800, -4.819999999999999400, 0.0000000000000000000 ) ) ;
#8386 = CARTESIAN_POINT ( 'NONE',  ( -15.66973530707967500, -17.60000000000000100, 1.634054082335445000 ) ) ;
#8387 = FACE_BOUND ( 'NONE', #8140, .T. ) ;
#8388 = ORIENTED_EDGE ( 'NONE', *, *, #7838, .T. ) ;
#8389 = DIRECTION ( 'NONE',  ( -2.299946297072554700E-014, 0.0000000000000000000, -1.000000000000000000 ) ) ;
#8390 = ORIENTED_EDGE ( 'NONE', *, *, #4944, .T. ) ;
#8391 = DIRECTION ( 'NONE',  ( 0.0000000000000000000, 1.000000000000000000, 0.0000000000000000000 ) ) ;
#8392 = CARTESIAN_POINT ( 'NONE',  ( 3.958734124999999400, 1.437500001365589400, -4.848051074856647000E-016 ) ) ;
#8393 = CARTESIAN_POINT ( 'NONE',  ( -14.26000000000000200, -6.599999999999999600, 8.673617379884035500E-016 ) ) ;
#8394 = LINE ( 'NONE', #4296, #3413 ) ;
#8395 = VERTEX_POINT ( 'NONE', #7332 ) ;
#8396 = CARTESIAN_POINT ( 'NONE',  ( 14.33682182486818300, -17.47575993009079200, -2.215190113420277800 ) ) ;
#8397 = ORIENTED_EDGE ( 'NONE', *, *, #3418, .T. ) ;
#8398 = CARTESIAN_POINT ( 'NONE',  ( 1.863961030678927400, 4.312500002731183300, -4.500000000000001800 ) ) ;
#8399 = CARTESIAN_POINT ( 'NONE',  ( 14.84201414099325000, -4.819999999999999400, 0.09698751136435036800 ) ) ;
#8400 = VECTOR ( 'NONE', #5640, 1000.000000000000000 ) ;
#8401 = CIRCLE ( 'NONE', #5042, 14.50000000000000000 ) ;
#8402 = ORIENTED_EDGE ( 'NONE', *, *, #2157, .F. ) ;
#8403 = CARTESIAN_POINT ( 'NONE',  ( 15.50000000000000200, -17.60000000000000100, -1.732050807568875200 ) ) ;
#8404 = DIRECTION ( 'NONE',  ( 0.0000000000000000000, -1.000000000000000000, 0.0000000000000000000 ) ) ;
#8405 = VERTEX_POINT ( 'NONE', #7308 ) ;
#8406 = VERTEX_POINT ( 'NONE', #4594 ) ;
#8407 = LINE ( 'NONE', #7866, #1382 ) ;
#8408 = CARTESIAN_POINT ( 'NONE',  ( -4.500000000000000000, 1.562499999999996200, 1.863961030678930700 ) ) ;
#8409 = TOROIDAL_SURFACE ( 'NONE', #6924, 14.00000000000000000, 0.5000000000000000000 ) ;
#8410 = CARTESIAN_POINT ( 'NONE',  ( -3.958734124999999400, 2.937500001365589000, 0.0000000000000000000 ) ) ;
#8411 = LINE ( 'NONE', #7316, #1163 ) ;
#8412 = EDGE_CURVE ( 'NONE', #1688, #7123, #8357, .T. ) ;
#8413 = EDGE_CURVE ( 'NONE', #7081, #6009, #4958, .T. ) ;
#8414 = CARTESIAN_POINT ( 'NONE',  ( 1.863961030678930000, 6.812499999999996400, 4.500000000000000000 ) ) ;
#8415 = DIRECTION ( 'NONE',  ( -0.0000000000000000000, -1.000000000000000000, -0.0000000000000000000 ) ) ;
#8416 = AXIS2_PLACEMENT_3D ( 'NONE', #6538, #2470, #7233 ) ;
#8417 = EDGE_LOOP ( 'NONE', ( #5136, #8062, #50, #1985, #570, #2909 ) ) ;
#8418 = ORIENTED_EDGE ( 'NONE', *, *, #8096, .F. ) ;
#8419 = CARTESIAN_POINT ( 'NONE',  ( -15.50000000000000200, -16.00000000000000000, -1.732050807568871900 ) ) ;
#8420 = DIRECTION ( 'NONE',  ( 0.0000000000000000000, -0.8949343677499603800, -0.4461978007789581500 ) ) ;
#8421 = CARTESIAN_POINT ( 'NONE',  ( 1.639761364404186800, 0.6250000013655887500, -3.958734124999999400 ) ) ;
#8422 = DIRECTION ( 'NONE',  ( -1.000000000000000000, 0.0000000000000000000, 0.0000000000000000000 ) ) ;
#8423 = CONICAL_SURFACE ( 'NONE', #4943, 3077.683537175313600, 1.256637061435923000 ) ;
#8424 = EDGE_CURVE ( 'NONE', #2810, #5419, #6541, .T. ) ;
#8425 = CARTESIAN_POINT ( 'NONE',  ( 16.50000000000000000, -16.07984828284773500, -0.7788341705667940500 ) ) ;
#8426 = AXIS2_PLACEMENT_3D ( 'NONE', #6381, #5713, #1595 ) ;
#8427 = CARTESIAN_POINT ( 'NONE',  ( 4.500000000000000000, 4.125000002731183300, -5.510910596163088600E-016 ) ) ;
#8428 = CARTESIAN_POINT ( 'NONE',  ( 15.66973530707967500, -17.60000000000000100, -1.634054082335443000 ) ) ;
#8429 = EDGE_CURVE ( 'NONE', #2299, #3072, #4754, .T. ) ;
#8430 = DIRECTION ( 'NONE',  ( -0.0000000000000000000, 1.000000000000000000, -0.0000000000000000000 ) ) ;
#8431 = CARTESIAN_POINT ( 'NONE',  ( 0.2755417258725312300, 6.968931555764834600, -4.031068444235172500 ) ) ;
#8432 = LINE ( 'NONE', #7323, #2819 ) ;
#8433 = EDGE_CURVE ( 'NONE', #8702, #1949, #1096, .T. ) ;
#8434 = ORIENTED_EDGE ( 'NONE', *, *, #8460, .F. ) ;
#8435 = CARTESIAN_POINT ( 'NONE',  ( -1.639761364404188200, 2.125000001365589400, 3.958734124999998500 ) ) ;
#8436 = B_SPLINE_CURVE_WITH_KNOTS ( 'NONE', 3,
 ( #7474, #4772, #6811, #2753, #7498, #3444 ),
 .UNSPECIFIED., .F., .F.,
 ( 4, 2, 4 ),
 ( 0.003228283429323684400, 0.003812703409393314100, 0.004397123389462943800 ),
 .UNSPECIFIED. ) ;
#8437 = VECTOR ( 'NONE', #7556, 1000.000000000000000 ) ;
#8438 = CARTESIAN_POINT ( 'NONE',  ( 4.500000000000000000, 5.999999999999996400, -5.510910596163088600E-016 ) ) ;
#8439 = CARTESIAN_POINT ( 'NONE',  ( -3.400182977007533700E-012, 6.658493649053813400, 4.341506350946183100 ) ) ;
#8440 =( BOUNDED_CURVE ( )  B_SPLINE_CURVE ( 3, ( #8399, #8537, #893, #2969 ),
 .UNSPECIFIED., .F., .F. ) 
 B_SPLINE_CURVE_WITH_KNOTS ( ( 4, 4 ),
 ( 5.965617895249485200, 6.600752719109687300 ),
 .UNSPECIFIED. ) 
 CURVE ( )  GEOMETRIC_REPRESENTATION_ITEM ( )  RATIONAL_B_SPLINE_CURVE ( ( 1.000000000000000000, 0.9666652130990949200, 0.9666652130990949200, 1.000000000000000000 ) ) 
 REPRESENTATION_ITEM ( '' )  );
#8441 = CARTESIAN_POINT ( 'NONE',  ( -13.67660911402274600, -14.44999999999999900, 4.816675528020338600 ) ) ;
#8442 = VECTOR ( 'NONE', #5454, 999.9999999999998900 ) ;
#8443 = DIRECTION ( 'NONE',  ( 0.0000000000000000000, 0.0000000000000000000, 1.000000000000000000 ) ) ;
#8444 = CARTESIAN_POINT ( 'NONE',  ( 14.49999999999999800, -4.819999999999999400, 0.0000000000000000000 ) ) ;
#8445 = ORIENTED_EDGE ( 'NONE', *, *, #7335, .T. ) ;
#8446 = ORIENTED_EDGE ( 'NONE', *, *, #1625, .F. ) ;
#8447 = CARTESIAN_POINT ( 'NONE',  ( 3.958734124999999900, 6.625000001365589400, 1.639761364404186200 ) ) ;
#8448 = CARTESIAN_POINT ( 'NONE',  ( -11.96394259856402800, -14.44999999999999900, -8.192318200501311800 ) ) ;
#8449 = VERTEX_POINT ( 'NONE', #3968 ) ;
#8450 = CARTESIAN_POINT ( 'NONE',  ( -1.603120191833866800E-015, -14.05000000000000100, 40.84142135623730500 ) ) ;
#8451 = ORIENTED_EDGE ( 'NONE', *, *, #1601, .F. ) ;
#8452 = CARTESIAN_POINT ( 'NONE',  ( 14.25999999999999400, -3.560076670449441300, 0.9701887189893739800 ) ) ;
#8453 = AXIS2_PLACEMENT_3D ( 'NONE', #4660, #8730, #8047 ) ;
#8454 = ORIENTED_EDGE ( 'NONE', *, *, #1807, .T. ) ;
#8455 = VECTOR ( 'NONE', #5120, 1000.000000000000000 ) ;
#8456 = CARTESIAN_POINT ( 'NONE',  ( -12.50000000000000200, -17.47526534669188800, -0.9679918988505332700 ) ) ;
#8457 = DIRECTION ( 'NONE',  ( 0.4461978007789579300, 0.8949343677499603800, 0.0000000000000000000 ) ) ;
#8458 = CARTESIAN_POINT ( 'NONE',  ( -14.50000000000000000, -6.599999999999999600, 0.0000000000000000000 ) ) ;
#8459 = CARTESIAN_POINT ( 'NONE',  ( 16.50000000000000000, -17.58322782445916100, 0.3889866277140360800 ) ) ;
#8460 = EDGE_CURVE ( 'NONE', #2547, #4848, #3148, .T. ) ;
#8461 = VERTEX_POINT ( 'NONE', #5994 ) ;
#8462 = DIRECTION ( 'NONE',  ( -0.0000000000000000000, 1.000000000000000000, -0.0000000000000000000 ) ) ;
#8463 = FACE_OUTER_BOUND ( 'NONE', #3785, .T. ) ;
#8464 = ADVANCED_FACE ( 'NONE', ( #8153 ), #4311, .F. ) ;
#8465 = AXIS2_PLACEMENT_3D ( 'NONE', #2122, #8223, #6876 ) ;
#8466 = EDGE_CURVE ( 'NONE', #4688, #6183, #6142, .T. ) ;
#8467 = VERTEX_POINT ( 'NONE', #2674 ) ;
#8468 = CARTESIAN_POINT ( 'NONE',  ( 1.863961030678927400, 2.312500002731182800, -4.500000000000001800 ) ) ;
#8469 = CARTESIAN_POINT ( 'NONE',  ( 2.799247744702093600, 1.312500001365589400, 2.799247744702092700 ) ) ;
#8470 = ORIENTED_EDGE ( 'NONE', *, *, #3909, .T. ) ;
#8471 = VECTOR ( 'NONE', #6887, 1000.000000000000000 ) ;
#8472 = CARTESIAN_POINT ( 'NONE',  ( 1.863961030678927400, 5.187499999999995600, -4.500000000000000900 ) ) ;
#8473 = DIRECTION ( 'NONE',  ( 0.8250994895561396500, 0.0000000000000000000, 0.5649874621035389000 ) ) ;
#8474 = CARTESIAN_POINT ( 'NONE',  ( -15.91400053919070400, -14.44999999999999900, -33.21719501711064000 ) ) ;
#8475 = DIRECTION ( 'NONE',  ( 0.0000000000000000000, -1.000000000000000000, 0.0000000000000000000 ) ) ;
#8476 = ORIENTED_EDGE ( 'NONE', *, *, #909, .T. ) ;
#8477 = ORIENTED_EDGE ( 'NONE', *, *, #8081, .T. ) ;
#8478 = CARTESIAN_POINT ( 'NONE',  ( 2.799247744702092700, 5.812500001365590300, -2.799247744702093100 ) ) ;
#8479 = AXIS2_PLACEMENT_3D ( 'NONE', #5916, #5985, #1143 ) ;
#8480 = AXIS2_PLACEMENT_3D ( 'NONE', #5095, #7156, #3087 ) ;
#8481 = EDGE_LOOP ( 'NONE', ( #896, #5032, #6514 ) ) ;
#8482 = VERTEX_POINT ( 'NONE', #6060 ) ;
#8483 = VERTEX_POINT ( 'NONE', #7426 ) ;
#8484 = DIRECTION ( 'NONE',  ( 0.0000000000000000000, -0.0000000000000000000, -1.000000000000000000 ) ) ;
#8485 = CARTESIAN_POINT ( 'NONE',  ( 8.266365894244633300E-016, 4.875000002731183300, 4.500000000000000000 ) ) ;
#8486 = AXIS2_PLACEMENT_3D ( 'NONE', #7738, #3674, #8420 ) ;
#8487 = CARTESIAN_POINT ( 'NONE',  ( 14.93686389083190300, -6.382187706324184100, 0.0000000000000000000 ) ) ;
#8488 = CARTESIAN_POINT ( 'NONE',  ( -14.74000000000000200, -4.819999999999999400, 0.3420141409932473400 ) ) ;
#8489 = CARTESIAN_POINT ( 'NONE',  ( 14.49999999999999600, -17.42136720504591800, 2.309401076758504700 ) ) ;
#8490 = CONICAL_SURFACE ( 'NONE', #5739, 2.000000000000000000, 1.047197551196595900 ) ;
#8491 = ORIENTED_EDGE ( 'NONE', *, *, #5571, .T. ) ;
#8492 = CARTESIAN_POINT ( 'NONE',  ( 3.958734124999999400, 0.5000000013655886400, -1.639761364404187500 ) ) ;
#8493 = B_SPLINE_CURVE_WITH_KNOTS ( 'NONE', 3,
 ( #8818, #4752, #652, #5427, #1345, #6122 ),
 .UNSPECIFIED., .F., .F.,
 ( 4, 2, 4 ),
 ( 0.003228283429323687900, 0.003812703409393318500, 0.004397123389462949000 ),
 .UNSPECIFIED. ) ;
#8494 = ORIENTED_EDGE ( 'NONE', *, *, #5402, .F. ) ;
#8495 = CARTESIAN_POINT ( 'NONE',  ( -3.181980515339463800, 4.374999999999996400, -3.181980515339463400 ) ) ;
#8496 = PLANE ( 'NONE',  #4302 ) ;
#8497 = CARTESIAN_POINT ( 'NONE',  ( -3.932688661955017700, 0.9999999999999986700, -0.5215353860296778600 ) ) ;
#8498 = FACE_OUTER_BOUND ( 'NONE', #8846, .T. ) ;
#8499 = EDGE_LOOP ( 'NONE', ( #6545, #3662, #3853, #7196 ) ) ;
#8500 = ORIENTED_EDGE ( 'NONE', *, *, #5856, .F. ) ;
#8501 = CARTESIAN_POINT ( 'NONE',  ( -1.639761364404187300, 5.000000001365589400, -3.958734124999999400 ) ) ;
#8502 = ORIENTED_EDGE ( 'NONE', *, *, #8191, .T. ) ;
#8503 = FACE_BOUND ( 'NONE', #349, .T. ) ;
#8504 = ADVANCED_FACE ( 'NONE', ( #2734 ), #7717, .F. ) ;
#8505 = CARTESIAN_POINT ( 'NONE',  ( 13.07672697680173900, -14.44999999999999900, 6.264919119524663000 ) ) ;
#8506 = CONICAL_SURFACE ( 'NONE', #1551, 2.000000000000000000, 1.047197551196595900 ) ;
#8507 = CARTESIAN_POINT ( 'NONE',  ( 0.0000000000000000000, 17.00000000000000000, -2.499999999999995100 ) ) ;
#8508 = VERTEX_POINT ( 'NONE', #1310 ) ;
#8509 = ORIENTED_EDGE ( 'NONE', *, *, #5649, .F. ) ;
#8510 = DIRECTION ( 'NONE',  ( 0.0000000000000000000, 1.000000000000000000, -2.290567970039799000E-016 ) ) ;
#8511 = ORIENTED_EDGE ( 'NONE', *, *, #666, .F. ) ;
#8512 = EDGE_CURVE ( 'NONE', #4975, #161, #683, .T. ) ;
#8513 = CARTESIAN_POINT ( 'NONE',  ( 4.816675528020397200, -14.44999999999999900, 13.67660911402272500 ) ) ;
#8514 = CARTESIAN_POINT ( 'NONE',  ( -7.383686573282775900, -14.44999999999999900, 39.45979146441064200 ) ) ;
#8515 = AXIS2_PLACEMENT_3D ( 'NONE', #4448, #4043, #1666 ) ;
#8516 = DIRECTION ( 'NONE',  ( -0.0000000000000000000, -1.000000000000000000, -0.0000000000000000000 ) ) ;
#8517 = CARTESIAN_POINT ( 'NONE',  ( 12.79648433899191500, -14.44999999999999900, 4.506710138927894100 ) ) ;
#8518 = ORIENTED_EDGE ( 'NONE', *, *, #3811, .T. ) ;
#8519 = CARTESIAN_POINT ( 'NONE',  ( 14.50000000000000000, -17.60000000000000100, 0.0000000000000000000 ) ) ;
#8520 = CARTESIAN_POINT ( 'NONE',  ( -14.50000000000000200, -17.60000000000000100, 0.0000000000000000000 ) ) ;
#8521 = FACE_OUTER_BOUND ( 'NONE', #7453, .T. ) ;
#8522 = EDGE_CURVE ( 'NONE', #5307, #8461, #4398, .T. ) ;
#8523 = EDGE_CURVE ( 'NONE', #5476, #4631, #8057, .T. ) ;
#8524 = CARTESIAN_POINT ( 'NONE',  ( -4.500000000000000000, 3.562499999999996400, 1.863961030678930700 ) ) ;
#8525 = DIRECTION ( 'NONE',  ( 0.0000000000000000000, -2.290567970039799000E-016, -1.000000000000000000 ) ) ;
#8526 = AXIS2_PLACEMENT_3D ( 'NONE', #2370, #7141, #3070 ) ;
#8527 = DIRECTION ( 'NONE',  ( 0.4461978007789582100, -0.8949343677499602700, 0.0000000000000000000 ) ) ;
#8528 = CARTESIAN_POINT ( 'NONE',  ( 15.47018871898937500, -3.560076670449441300, -0.2400000000000001900 ) ) ;
#8529 = DIRECTION ( 'NONE',  ( 0.0000000000000000000, 1.000000000000000000, 0.0000000000000000000 ) ) ;
#8530 = VECTOR ( 'NONE', #2823, 1000.000000000000100 ) ;
#8531 = CARTESIAN_POINT ( 'NONE',  ( -3.958734124999999400, 4.187500001365589400, 0.0000000000000000000 ) ) ;
#8532 = ORIENTED_EDGE ( 'NONE', *, *, #6331, .T. ) ;
#8533 = CARTESIAN_POINT ( 'NONE',  ( 14.73999999999999800, -4.819999999999999400, 0.2622598901852900000 ) ) ;
#8534 = EDGE_CURVE ( 'NONE', #6190, #176, #6343, .T. ) ;
#8535 = FACE_OUTER_BOUND ( 'NONE', #6529, .T. ) ;
#8536 = DIRECTION ( 'NONE',  ( -0.0000000000000000000, 1.000000000000000000, -0.0000000000000000000 ) ) ;
#8537 = CARTESIAN_POINT ( 'NONE',  ( 14.86310887048382400, -4.777690516702352700, 0.03344401972544078900 ) ) ;
#8538 = CARTESIAN_POINT ( 'NONE',  ( 0.0000000000000000000, -14.05000000000000100, 0.0000000000000000000 ) ) ;
#8539 = FACE_OUTER_BOUND ( 'NONE', #1432, .T. ) ;
#8540 = AXIS2_PLACEMENT_3D ( 'NONE', #6735, #2614, #1287 ) ;
#8541 = CARTESIAN_POINT ( 'NONE',  ( -14.15798585900675200, -4.819999999999999400, 0.09698751136434993800 ) ) ;
#8542 = CARTESIAN_POINT ( 'NONE',  ( -18.36595571194074200, -14.44999999999999900, -2.222986906626169800 ) ) ;
#8543 = ORIENTED_EDGE ( 'NONE', *, *, #8587, .T. ) ;
#8544 = CARTESIAN_POINT ( 'NONE',  ( -3.958734124999998500, 6.250000001365589400, 1.639761364404189700 ) ) ;
#8545 = LINE ( 'NONE', #5446, #4737 ) ;
#8546 = EDGE_CURVE ( 'NONE', #1974, #1352, #6677, .T. ) ;
#8547 = PLANE ( 'NONE',  #2218 ) ;
#8548 = ADVANCED_FACE ( 'NONE', ( #894 ), #2289, .T. ) ;
#8549 = DIRECTION ( 'NONE',  ( -1.557892197183331500E-015, -0.8949343677499602700, 0.4461978007789582100 ) ) ;
#8550 = EDGE_LOOP ( 'NONE', ( #7895, #3375, #3992, #2684, #8692, #2535, #8584 ) ) ;
#8551 = VERTEX_POINT ( 'NONE', #5490 ) ;
#8552 = CARTESIAN_POINT ( 'NONE',  ( 8.266365894244633300E-016, 2.749999999999996400, 4.500000000000000000 ) ) ;
#8553 = PERSON_AND_ORGANIZATION ( #2872, #7398 ) ;
#8554 = CARTESIAN_POINT ( 'NONE',  ( -14.50000000000000000, -6.599999999999999600, 0.0000000000000000000 ) ) ;
#8555 = DIRECTION ( 'NONE',  ( 0.0000000000000000000, -0.0000000000000000000, -1.000000000000000000 ) ) ;
#8556 = CARTESIAN_POINT ( 'NONE',  ( -15.50000000000000200, -16.00000000000000000, 1.732050807568871900 ) ) ;
#8557 = FACE_OUTER_BOUND ( 'NONE', #5370, .T. ) ;
#8558 = DIRECTION ( 'NONE',  ( 0.0000000000000000000, -1.000000000000000000, 0.0000000000000000000 ) ) ;
#8559 = CARTESIAN_POINT ( 'NONE',  ( -1.639761364404188200, 3.375000001365589400, 3.958734124999998500 ) ) ;
#8560 = ORIENTED_EDGE ( 'NONE', *, *, #3542, .T. ) ;
#8561 = DIRECTION ( 'NONE',  ( 2.290567970039799000E-016, 1.000000000000000000, 7.997479954884052100E-031 ) ) ;
#8562 = DIRECTION ( 'NONE',  ( 0.0000000000000000000, 0.0000000000000000000, -1.000000000000000000 ) ) ;
#8563 = VERTEX_POINT ( 'NONE', #6186 ) ;
#8564 = ADVANCED_FACE ( 'NONE', ( #449 ), #2095, .T. ) ;
#8565 = VERTEX_POINT ( 'NONE', #8228 ) ;
#8566 = FACE_OUTER_BOUND ( 'NONE', #6641, .T. ) ;
#8567 = CARTESIAN_POINT ( 'NONE',  ( -14.06313610916809500, -6.382187706324184100, 0.0000000000000000000 ) ) ;
#8568 = PLANE ( 'NONE',  #6472 ) ;
#8569 = AXIS2_PLACEMENT_3D ( 'NONE', #8332, #4261, #167 ) ;
#8570 = DIRECTION ( 'NONE',  ( 0.0000000000000000000, -1.000000000000000000, 0.0000000000000000000 ) ) ;
#8571 = CIRCLE ( 'NONE', #1049, 3.199999999999999700 ) ;
#8572 = ORIENTED_EDGE ( 'NONE', *, *, #2168, .T. ) ;
#8573 = ORIENTED_EDGE ( 'NONE', *, *, #2903, .F. ) ;
#8574 = CARTESIAN_POINT ( 'NONE',  ( 7.272076612284971000E-016, 5.437500001365589400, 3.958734124999999400 ) ) ;
#8575 = EDGE_CURVE ( 'NONE', #7587, #3832, #7926, .T. ) ;
#8576 = CARTESIAN_POINT ( 'NONE',  ( 15.91400053919059900, -14.44999999999999900, -7.624226339126530600 ) ) ;
#8577 = EDGE_CURVE ( 'NONE', #161, #3493, #5900, .T. ) ;
#8578 = CARTESIAN_POINT ( 'NONE',  ( -14.50000000000000000, 21.99999999999996800, -1.000000000000000000 ) ) ;
#8579 = CARTESIAN_POINT ( 'NONE',  ( 2.177905654877293300, 1.000000000000000400, 3.857005460382757300 ) ) ;
#8580 = VERTEX_POINT ( 'NONE', #2128 ) ;
#8581 = CARTESIAN_POINT ( 'NONE',  ( 0.0000000000000000000, -5.000000000000000000, 12.10000000000000000 ) ) ;
#8582 = CARTESIAN_POINT ( 'NONE',  ( 15.15925706258397700, -15.99999999999999600, -1.928778834210481700 ) ) ;
#8583 = CARTESIAN_POINT ( 'NONE',  ( 8.266365894244633300E-016, 2.749999999999996400, 4.500000000000000000 ) ) ;
#8584 = ORIENTED_EDGE ( 'NONE', *, *, #2216, .F. ) ;
#8585 = CARTESIAN_POINT ( 'NONE',  ( -3.181980515339463800, 6.500000002731183300, -3.181980515339463400 ) ) ;
#8586 = ORIENTED_EDGE ( 'NONE', *, *, #6557, .F. ) ;
#8587 = EDGE_CURVE ( 'NONE', #8794, #3079, #4107, .T. ) ;
#8588 = CARTESIAN_POINT ( 'NONE',  ( 2.799247744702093600, 2.562500001365589400, 2.799247744702092700 ) ) ;
#8589 = EDGE_CURVE ( 'NONE', #7288, #6183, #4704, .T. ) ;
#8590 = PLANE ( 'NONE',  #3766 ) ;
#8591 = ADVANCED_FACE ( 'NONE', ( #7512 ), #7294, .T. ) ;
#8592 = CYLINDRICAL_SURFACE ( 'NONE', #8768, 4.500000000000000000 ) ;
#8593 = EDGE_LOOP ( 'NONE', ( #3810, #4104, #2347 ) ) ;
#8594 = ORIENTED_EDGE ( 'NONE', *, *, #8855, .T. ) ;
#8595 = CARTESIAN_POINT ( 'NONE',  ( -14.15798585900675200, -4.819999999999999400, -0.2399999999999997700 ) ) ;
#8596 = PLANE ( 'NONE',  #8304 ) ;
#8597 = DIRECTION ( 'NONE',  ( -0.0000000000000000000, 0.0000000000000000000, 1.000000000000000000 ) ) ;
#8598 = VECTOR ( 'NONE', #253, 1000.000000000000000 ) ;
#8599 = VERTEX_POINT ( 'NONE', #7603 ) ;
#8600 = CARTESIAN_POINT ( 'NONE',  ( -12.50000000000000200, -17.59999999999999800, 0.1951254011572754500 ) ) ;
#8601 = CARTESIAN_POINT ( 'NONE',  ( 0.0000000000000000000, -14.44999999999999900, 0.0000000000000000000 ) ) ;
#8602 = AXIS2_PLACEMENT_3D ( 'NONE', #70, #7563, #762 ) ;
#8603 = CARTESIAN_POINT ( 'NONE',  ( 3.958734125000000300, 4.625000001365588500, 1.639761364404186200 ) ) ;
#8604 = EDGE_LOOP ( 'NONE', ( #2241, #6656, #130, #3504 ) ) ;
#8605 = VECTOR ( 'NONE', #256, 1000.000000000000000 ) ;
#8606 = CARTESIAN_POINT ( 'NONE',  ( 14.50000000000000000, -5.500000000000000000, 0.0000000000000000000 ) ) ;
#8607 = CARTESIAN_POINT ( 'NONE',  ( 14.59698751136435000, -4.819999999999999400, 0.3420141409932486200 ) ) ;
#8608 = ADVANCED_FACE ( 'NONE', ( #2078 ), #3548, .T. ) ;
#8609 = DIRECTION ( 'NONE',  ( -3.124648454283931900E-015, -0.4461978007789581000, 0.8949343677499603800 ) ) ;
#8610 = CARTESIAN_POINT ( 'NONE',  ( -2.773022392795098300, 0.9999999999999970000, 2.993755657023306100 ) ) ;
#8611 = FACE_OUTER_BOUND ( 'NONE', #1425, .T. ) ;
#8612 = EDGE_LOOP ( 'NONE', ( #7808, #63, #8164, #1532 ) ) ;
#8613 = ORIENTED_EDGE ( 'NONE', *, *, #2905, .T. ) ;
#8614 = DIRECTION ( 'NONE',  ( -0.0000000000000000000, 1.000000000000000000, -0.0000000000000000000 ) ) ;
#8615 = DIRECTION ( 'NONE',  ( 0.7592874431768184000, 0.0000000000000000000, 0.6507553907836720600 ) ) ;
#8616 = ORIENTED_EDGE ( 'NONE', *, *, #2766, .F. ) ;
#8617 = CONICAL_SURFACE ( 'NONE', #5487, 3.999999999999996400, 0.7853981633974473900 ) ;
#8618 = CIRCLE ( 'NONE', #5567, 18.50000000000000000 ) ;
#8619 = CARTESIAN_POINT ( 'NONE',  ( -4.500000000000000000, 5.687500002731184200, 1.863961030678930700 ) ) ;
#8620 = LINE ( 'NONE', #5977, #6825 ) ;
#8621 = CARTESIAN_POINT ( 'NONE',  ( 3.958734124999999400, 1.750000001365589000, -1.639761364404187500 ) ) ;
#8622 = DIRECTION ( 'NONE',  ( 0.0000000000000000000, 1.000000000000000000, 0.0000000000000000000 ) ) ;
#8623 = VERTEX_POINT ( 'NONE', #8607 ) ;
#8624 = DIRECTION ( 'NONE',  ( -0.0000000000000000000, -1.000000000000000000, -0.0000000000000000000 ) ) ;
#8625 = ORIENTED_EDGE ( 'NONE', *, *, #4920, .F. ) ;
#8626 = CARTESIAN_POINT ( 'NONE',  ( -13.87068965517241500, -5.000000000000000900, 1.898412096962349200 ) ) ;
#8627 = DIRECTION ( 'NONE',  ( 0.0000000000000000000, 0.0000000000000000000, 1.000000000000000000 ) ) ;
#8628 = EDGE_CURVE ( 'NONE', #6009, #834, #240, .T. ) ;
#8629 = EDGE_CURVE ( 'NONE', #4777, #3255, #4522, .T. ) ;
#8630 = AXIS2_PLACEMENT_3D ( 'NONE', #946, #2353, #7119 ) ;
#8631 = EDGE_CURVE ( 'NONE', #4435, #1872, #3884, .T. ) ;
#8632 = DIRECTION ( 'NONE',  ( -0.0000000000000000000, 1.000000000000000000, -0.0000000000000000000 ) ) ;
#8633 = CARTESIAN_POINT ( 'NONE',  ( 0.5504209038414563700, 6.962150623681199400, -4.009433113296501500 ) ) ;
#8634 = CARTESIAN_POINT ( 'NONE',  ( 2.799247744702092700, 3.812500001365589400, -2.799247744702093100 ) ) ;
#8635 = LINE ( 'NONE', #4780, #1178 ) ;
#8636 = DIRECTION ( 'NONE',  ( 0.7592874431768184000, 0.0000000000000000000, 0.6507553907836720600 ) ) ;
#8637 = ADVANCED_FACE ( 'NONE', ( #5488 ), #4572, .F. ) ;
#8638 = DIRECTION ( 'NONE',  ( 0.0000000000000000000, 0.0000000000000000000, -1.000000000000000000 ) ) ;
#8639 = CARTESIAN_POINT ( 'NONE',  ( -13.44999999999999900, -3.400000000000000400, 0.2399999999999997700 ) ) ;
#8640 = PLANE ( 'NONE',  #6692 ) ;
#8641 = FACE_OUTER_BOUND ( 'NONE', #2966, .T. ) ;
#8642 = CARTESIAN_POINT ( 'NONE',  ( 14.01609786416197600, -4.999999999999999100, -1.529244290710528800 ) ) ;
#8643 = AXIS2_PLACEMENT_3D ( 'NONE', #7639, #3573, #8322 ) ;
#8644 = CARTESIAN_POINT ( 'NONE',  ( -14.50000000000000000, -5.500000000000000000, 0.0000000000000000000 ) ) ;
#8645 = CARTESIAN_POINT ( 'NONE',  ( 8.266365894244633300E-016, 4.875000002731183300, 4.500000000000000000 ) ) ;
#8646 = ORIENTED_EDGE ( 'NONE', *, *, #2488, .F. ) ;
#8647 = CARTESIAN_POINT ( 'NONE',  ( -2.424025537428323500E-016, 0.9375000013655889800, -3.958734124999999400 ) ) ;
#8648 = FACE_OUTER_BOUND ( 'NONE', #4755, .T. ) ;
#8649 = DIRECTION ( 'NONE',  ( 0.0000000000000000000, -1.000000000000000000, -0.0000000000000000000 ) ) ;
#8650 = LINE ( 'NONE', #6153, #8442 ) ;
#8651 = CARTESIAN_POINT ( 'NONE',  ( 1.193562910172640800, 0.9999999999999995600, -3.985992505009997400 ) ) ;
#8652 = ADVANCED_FACE ( 'NONE', ( #3683 ), #3480, .T. ) ;
#8653 = EDGE_CURVE ( 'NONE', #4845, #4688, #4015, .T. ) ;
#8654 = VERTEX_POINT ( 'NONE', #501 ) ;
#8655 = DIRECTION ( 'NONE',  ( 1.164708318489094600E-016, 0.3090169943749419600, -0.9510565162951553100 ) ) ;
#8656 = ORIENTED_EDGE ( 'NONE', *, *, #5785, .F. ) ;
#8657 = AXIS2_PLACEMENT_3D ( 'NONE', #5364, #1279, #6057 ) ;
#8658 = CARTESIAN_POINT ( 'NONE',  ( -13.52981128101062700, -3.560076670449441300, -0.2399999999999997700 ) ) ;
#8659 = CARTESIAN_POINT ( 'NONE',  ( 5.510910596163088600E-016, 7.000000000000000000, 4.500000000000000000 ) ) ;
#8660 = DIRECTION ( 'NONE',  ( 0.0000000000000000000, 1.000000000000000000, 0.0000000000000000000 ) ) ;
#8661 = LINE ( 'NONE', #4185, #3242 ) ;
#8662 = CARTESIAN_POINT ( 'NONE',  ( 1.863961030678927400, 1.187499999999995800, -4.500000000000001800 ) ) ;
#8663 = CARTESIAN_POINT ( 'NONE',  ( 4.153356836892167600, 6.801186161468005600, 0.6742743777037610900 ) ) ;
#8664 = CARTESIAN_POINT ( 'NONE',  ( -1.639761364404187300, 3.000000001365589000, -3.958734124999999400 ) ) ;
#8665 = ORIENTED_EDGE ( 'NONE', *, *, #1372, .T. ) ;
#8666 = EDGE_LOOP ( 'NONE', ( #1469, #5218, #4238, #1130 ) ) ;
#8667 = AXIS2_PLACEMENT_3D ( 'NONE', #5210, #1123, #3849 ) ;
#8668 = CARTESIAN_POINT ( 'NONE',  ( -14.19392042914773300, -4.357706539904508100, -0.2399999999999997700 ) ) ;
#8669 = CYLINDRICAL_SURFACE ( 'NONE', #5805, 2.000000000000001300 ) ;
#8670 = DIRECTION ( 'NONE',  ( 0.0000000000000000000, -1.000000000000000000, 0.0000000000000000000 ) ) ;
#8671 = CARTESIAN_POINT ( 'NONE',  ( 13.44999999999999900, -3.400000000000000400, -0.2400000000000001900 ) ) ;
#8672 = ORIENTED_EDGE ( 'NONE', *, *, #5802, .F. ) ;
#8673 = DIRECTION ( 'NONE',  ( -3.261793248024838500E-015, 0.0000000000000000000, 1.000000000000000000 ) ) ;
#8674 = ORIENTED_EDGE ( 'NONE', *, *, #7068, .F. ) ;
#8675 = LINE ( 'NONE', #2327, #3256 ) ;
#8676 = ORIENTED_EDGE ( 'NONE', *, *, #1058, .T. ) ;
#8677 = CARTESIAN_POINT ( 'NONE',  ( -2.755455298081544300E-016, 4.375000002731183300, -4.500000000000000000 ) ) ;
#8678 = DIRECTION ( 'NONE',  ( 0.5000000000000003300, 0.0000000000000000000, 0.8660254037844386000 ) ) ;
#8679 = FACE_OUTER_BOUND ( 'NONE', #929, .T. ) ;
#8680 = CARTESIAN_POINT ( 'NONE',  ( 4.500000000000000900, 4.062500002731183300, 1.863961030678926700 ) ) ;
#8681 = ORIENTED_EDGE ( 'NONE', *, *, #7676, .F. ) ;
#8682 = VERTEX_POINT ( 'NONE', #3233 ) ;
#8683 = CARTESIAN_POINT ( 'NONE',  ( -3.181980515339462900, 4.624999999999996400, 3.181980515339464200 ) ) ;
#8684 = CARTESIAN_POINT ( 'NONE',  ( 3.958734125000000300, 4.375000001365588500, 1.639761364404186200 ) ) ;
#8685 = DIRECTION ( 'NONE',  ( 3.491483361109382100E-015, 0.0000000000000000000, -1.000000000000000000 ) ) ;
#8686 = ADVANCED_FACE ( 'NONE', ( #7078 ), #8669, .T. ) ;
#8687 = CARTESIAN_POINT ( 'NONE',  ( 4.418670882905856500, 0.9999999999999997800, -0.6891854975176694400 ) ) ;
#8688 = AXIS2_PLACEMENT_3D ( 'NONE', #2050, #6806, #2750 ) ;
#8689 = EDGE_CURVE ( 'NONE', #3326, #5852, #6374, .T. ) ;
#8690 = DIRECTION ( 'NONE',  ( 0.0000000000000000000, -1.000000000000000000, 0.0000000000000000000 ) ) ;
#8691 = AXIS2_PLACEMENT_3D ( 'NONE', #563, #1288, #535 ) ;
#8692 = ORIENTED_EDGE ( 'NONE', *, *, #5064, .F. ) ;
#8693 = CARTESIAN_POINT ( 'NONE',  ( 0.0000000000000000000, 7.000000000000000000, 0.0000000000000000000 ) ) ;
#8694 = CARTESIAN_POINT ( 'NONE',  ( 14.36206896551724400, -16.00000000000000000, 1.995238088481300400 ) ) ;
#8695 = ORIENTED_EDGE ( 'NONE', *, *, #7166, .T. ) ;
#8696 = CARTESIAN_POINT ( 'NONE',  ( 1.082460766400998600, 6.683658617701429000, 4.187278181823989700 ) ) ;
#8697 = CARTESIAN_POINT ( 'NONE',  ( -3.958734124999999400, 2.187500001365589400, 0.0000000000000000000 ) ) ;
#8698 = EDGE_CURVE ( 'NONE', #5720, #3412, #1850, .T. ) ;
#8699 = EDGE_CURVE ( 'NONE', #5433, #6388, #39, .T. ) ;
#8700 = VERTEX_POINT ( 'NONE', #7339 ) ;
#8701 = CARTESIAN_POINT ( 'NONE',  ( -0.7489684262492901600, -0.02030351479138633000, 10.68285093634222000 ) ) ;
#8702 = VERTEX_POINT ( 'NONE', #3976 ) ;
#8703 = ADVANCED_FACE ( 'NONE', ( #3250 ), #1258, .T. ) ;
#8704 = CARTESIAN_POINT ( 'NONE',  ( 4.500000000000000000, 2.125000002731182800, -5.510910596163088600E-016 ) ) ;
#8705 = DIRECTION ( 'NONE',  ( 0.0000000000000000000, -1.000000000000000000, 0.0000000000000000000 ) ) ;
#8706 = ORIENTED_EDGE ( 'NONE', *, *, #4001, .F. ) ;
#8707 = CARTESIAN_POINT ( 'NONE',  ( -14.26000000000000200, -4.819999999999999400, 0.2622598901852900000 ) ) ;
#8708 = CARTESIAN_POINT ( 'NONE',  ( 3.181980515339464200, 5.874999999999996400, 3.181980515339463400 ) ) ;
#8709 = DIRECTION ( 'NONE',  ( -1.000000000000000000, 0.0000000000000000000, 0.0000000000000000000 ) ) ;
#8710 = VERTEX_POINT ( 'NONE', #8738 ) ;
#8711 = CARTESIAN_POINT ( 'NONE',  ( 3.181980515339463400, 3.250000002731183300, -3.181980515339463800 ) ) ;
#8712 = LINE ( 'NONE', #1116, #6681 ) ;
#8713 = ORIENTED_EDGE ( 'NONE', *, *, #3852, .T. ) ;
#8714 = EDGE_CURVE ( 'NONE', #6927, #7873, #7735, .T. ) ;
#8715 = CARTESIAN_POINT ( 'NONE',  ( -14.50000000000000000, 21.99999999999996800, 0.0000000000000000000 ) ) ;
#8716 = AXIS2_PLACEMENT_3D ( 'NONE', #5613, #1518, #3571 ) ;
#8717 = CARTESIAN_POINT ( 'NONE',  ( 2.799247744702092700, 3.562500001365589000, -2.799247744702093100 ) ) ;
#8718 = ORIENTED_EDGE ( 'NONE', *, *, #6443, .F. ) ;
#8719 = ADVANCED_BREP_SHAPE_REPRESENTATION ( 'RCL371-1-1-12', ( #7528, #6550 ), #4745 ) ;
#8720 = AXIS2_PLACEMENT_3D ( 'NONE', #6159, #2805, #7544 ) ;
#8721 = CONICAL_SURFACE ( 'NONE', #3530, 0.3555000000000000400, 0.06981317007976586800 ) ;
#8722 = VERTEX_POINT ( 'NONE', #4010 ) ;
#8723 = DIRECTION ( 'NONE',  ( -0.0000000000000000000, 1.000000000000000000, -0.0000000000000000000 ) ) ;
#8724 = CARTESIAN_POINT ( 'NONE',  ( -16.50000000000000400, -16.07894766929796800, 0.7745510564695449200 ) ) ;
#8725 = EDGE_LOOP ( 'NONE', ( #3348, #814, #7090, #4106 ) ) ;
#8726 = VERTEX_POINT ( 'NONE', #5375 ) ;
#8727 = CARTESIAN_POINT ( 'NONE',  ( -14.50000000000000000, -4.819999999999999400, 0.0000000000000000000 ) ) ;
#8728 = CIRCLE ( 'NONE', #4869, 1.999999999999998200 ) ;
#8729 = EDGE_CURVE ( 'NONE', #4402, #1324, #5257, .T. ) ;
#8730 = DIRECTION ( 'NONE',  ( -0.0000000000000000000, 1.000000000000000000, -0.0000000000000000000 ) ) ;
#8731 = AXIS2_PLACEMENT_3D ( 'NONE', #4516, #8748, #4675 ) ;
#8732 = CARTESIAN_POINT ( 'NONE',  ( -1.639761364404188200, 1.375000001365589400, 3.958734124999998500 ) ) ;
#8733 = LINE ( 'NONE', #2236, #3314 ) ;
#8734 = ORIENTED_EDGE ( 'NONE', *, *, #1964, .T. ) ;
#8735 = CARTESIAN_POINT ( 'NONE',  ( -1.863961030678928000, 2.437500002731182800, -4.500000000000001800 ) ) ;
#8736 = DIRECTION ( 'NONE',  ( -0.0000000000000000000, -1.000000000000000000, -0.0000000000000000000 ) ) ;
#8737 = ADVANCED_FACE ( 'NONE', ( #5050 ), #6642, .T. ) ;
#8738 = CARTESIAN_POINT ( 'NONE',  ( -16.68409993591945600, -14.05000000000000100, -7.993172669738356700 ) ) ;
#8739 = ORIENTED_EDGE ( 'NONE', *, *, #7020, .T. ) ;
#8740 = DIRECTION ( 'NONE',  ( -0.0000000000000000000, 1.000000000000000000, -0.0000000000000000000 ) ) ;
#8741 = VERTEX_POINT ( 'NONE', #8798 ) ;
#8742 = CARTESIAN_POINT ( 'NONE',  ( 12.49999999999999800, -17.60000000000000100, 1.154700538379252400 ) ) ;
#8743 = CARTESIAN_POINT ( 'NONE',  ( -1.419759379130965300, -14.05000000000000100, 18.44544071865374900 ) ) ;
#8744 = DIRECTION ( 'NONE',  ( 0.0000000000000000000, 0.0000000000000000000, 1.000000000000000000 ) ) ;
#8745 = CARTESIAN_POINT ( 'NONE',  ( -1.863961030678928300, 2.437500002731182800, -4.500000000000000900 ) ) ;
#8746 = ORIENTED_EDGE ( 'NONE', *, *, #5351, .T. ) ;
#8747 = CIRCLE ( 'NONE', #5674, 1.928476821192052700 ) ;
#8748 = DIRECTION ( 'NONE',  ( 0.0000000000000000000, 1.000000000000000000, 0.0000000000000000000 ) ) ;
#8749 = CARTESIAN_POINT ( 'NONE',  ( -1.639761364404187300, 2.750000001365589000, -3.958734124999999400 ) ) ;
#8750 = AXIS2_PLACEMENT_3D ( 'NONE', #1200, #4445, #348 ) ;
#8751 = CARTESIAN_POINT ( 'NONE',  ( 4.898587196589408900E-016, 7.000000000000000000, 3.999999999999996400 ) ) ;
#8752 = ADVANCED_FACE ( 'NONE', ( #1428 ), #8253, .F. ) ;
#8753 = CARTESIAN_POINT ( 'NONE',  ( 0.0000000000000000000, -1.000000000000000000, 0.0000000000000000000 ) ) ;
#8754 = CIRCLE ( 'NONE', #7101, 0.3555000000000000400 ) ;
#8755 = CARTESIAN_POINT ( 'NONE',  ( -14.50000000000000000, -4.190020746977269000, 1.819999999999999400 ) ) ;
#8756 = PLANE ( 'NONE',  #4476 ) ;
#8757 = EDGE_CURVE ( 'NONE', #8077, #8702, #1621, .T. ) ;
#8758 = EDGE_CURVE ( 'NONE', #4637, #7923, #1213, .T. ) ;
#8759 = CARTESIAN_POINT ( 'NONE',  ( -14.50000000000000000, -14.44999999999999900, 0.0000000000000000000 ) ) ;
#8760 = DIRECTION ( 'NONE',  ( 0.0000000000000000000, -1.000000000000000000, 0.0000000000000000000 ) ) ;
#8761 = VECTOR ( 'NONE', #7835, 1000.000000000000000 ) ;
#8762 = CARTESIAN_POINT ( 'NONE',  ( 14.49999999999999800, -17.61836573537652100, 0.0000000000000000000 ) ) ;
#8763 = CARTESIAN_POINT ( 'NONE',  ( -14.26000000000000200, -4.357706539904508100, 0.3060795708522669500 ) ) ;
#8764 = DIRECTION ( 'NONE',  ( -0.0000000000000000000, -1.000000000000000000, -0.0000000000000000000 ) ) ;
#8765 = VECTOR ( 'NONE', #5134, 1000.000000000000000 ) ;
#8766 = DIRECTION ( 'NONE',  ( 0.0000000000000000000, 0.0000000000000000000, 1.000000000000000000 ) ) ;
#8767 = VERTEX_POINT ( 'NONE', #3397 ) ;
#8768 = AXIS2_PLACEMENT_3D ( 'NONE', #3745, #8516, #318 ) ;
#8769 = CARTESIAN_POINT ( 'NONE',  ( -14.66317817513182200, -16.12424006990921700, -2.215190113420277400 ) ) ;
#8770 = DIRECTION ( 'NONE',  ( 0.0000000000000000000, 1.000000000000000000, 0.0000000000000000000 ) ) ;
#8771 = EDGE_CURVE ( 'NONE', #8103, #3106, #6436, .T. ) ;
#8772 = FACE_OUTER_BOUND ( 'NONE', #4519, .T. ) ;
#8773 = CARTESIAN_POINT ( 'NONE',  ( -4.500000000000000000, 1.625000002731183100, 0.0000000000000000000 ) ) ;
#8774 = ORIENTED_EDGE ( 'NONE', *, *, #3972, .T. ) ;
#8775 = CARTESIAN_POINT ( 'NONE',  ( 3.181980515339463400, 6.250000002731182400, -3.181980515339463800 ) ) ;
#8776 = CARTESIAN_POINT ( 'NONE',  ( -2.401404293721421700, 16.67032287688022100, 1.499999999999999100 ) ) ;
#8777 = VERTEX_POINT ( 'NONE', #660 ) ;
#8778 = CARTESIAN_POINT ( 'NONE',  ( -3.958734124999999400, 1.937500001365589000, 0.0000000000000000000 ) ) ;
#8779 = PERSON_AND_ORGANIZATION ( #2872, #7398 ) ;
#8780 = ADVANCED_FACE ( 'NONE', ( #6862 ), #6133, .F. ) ;
#8781 = DIRECTION ( 'NONE',  ( -1.000000000000000000, 0.0000000000000000000, 0.0000000000000000000 ) ) ;
#8782 = ORIENTED_EDGE ( 'NONE', *, *, #3562, .T. ) ;
#8783 = VECTOR ( 'NONE', #6755, 1000.000000000000100 ) ;
#8785 = DIRECTION ( 'NONE',  ( -0.0000000000000000000, 1.000000000000000000, -0.0000000000000000000 ) ) ;
#8784 = CARTESIAN_POINT ( 'NONE',  ( 14.11633491061257600, -3.432161446792886900, 0.2399999999999993200 ) ) ;
#8786 = CARTESIAN_POINT ( 'NONE',  ( 14.49999999999999800, -4.819999999999999400, 0.0000000000000000000 ) ) ;
#8787 = CARTESIAN_POINT ( 'NONE',  ( 14.50000000000000000, -14.44999999999999900, 0.0000000000000000000 ) ) ;
#8788 = ORIENTED_EDGE ( 'NONE', *, *, #2673, .T. ) ;
#8789 = CARTESIAN_POINT ( 'NONE',  ( -16.50000000000000000, -16.00000000000000000, -0.1952413320394013100 ) ) ;
#8790 = CIRCLE ( 'NONE', #95, 14.50000000000000000 ) ;
#8791 = ORIENTED_EDGE ( 'NONE', *, *, #8758, .T. ) ;
#8792 = DIRECTION ( 'NONE',  ( -0.4320633875534194400, 0.0000000000000000000, -0.9018432397794329300 ) ) ;
#8793 = DIRECTION ( 'NONE',  ( -0.0000000000000000000, 1.000000000000000000, -0.0000000000000000000 ) ) ;
#8794 = VERTEX_POINT ( 'NONE', #2044 ) ;
#8795 = FACE_OUTER_BOUND ( 'NONE', #3689, .T. ) ;
#8796 = ORIENTED_EDGE ( 'NONE', *, *, #8812, .T. ) ;
#8797 = CARTESIAN_POINT ( 'NONE',  ( 14.40301248863564600, -4.819999999999999400, 0.3420141409932477300 ) ) ;
#8798 = CARTESIAN_POINT ( 'NONE',  ( -3.657393445408533500, 1.000000000000000000, 1.514941932194831900 ) ) ;
#8799 = DIRECTION ( 'NONE',  ( 0.3321845191738166900, -0.0000000000000000000, 0.9432144216567409600 ) ) ;
#8800 = VECTOR ( 'NONE', #4389, 1000.000000000000000 ) ;
#8801 = ADVANCED_FACE ( 'NONE', ( #4853 ), #7488, .F. ) ;
#8802 = CARTESIAN_POINT ( 'NONE',  ( 3.958734124999999400, 6.500000001365589400, -1.639761364404187500 ) ) ;
#8803 = EDGE_LOOP ( 'NONE', ( #7237, #4587, #8843 ) ) ;
#8804 = ORIENTED_EDGE ( 'NONE', *, *, #2254, .T. ) ;
#8805 = CARTESIAN_POINT ( 'NONE',  ( 14.06313610916809500, -6.382187706324184100, 0.0000000000000000000 ) ) ;
#8806 = CARTESIAN_POINT ( 'NONE',  ( -1.863961030678929200, 0.8125000027311831700, 4.500000000000000000 ) ) ;
#8807 = DIRECTION ( 'NONE',  ( -0.0000000000000000000, -1.000000000000000000, -0.0000000000000000000 ) ) ;
#8808 = CARTESIAN_POINT ( 'NONE',  ( -2.811971569077130100, 6.999999999999999100, -2.813121957222804800 ) ) ;
#8809 = ORIENTED_EDGE ( 'NONE', *, *, #1570, .T. ) ;
#8810 = EDGE_CURVE ( 'NONE', #5749, #705, #7645, .T. ) ;
#8811 = ORIENTED_EDGE ( 'NONE', *, *, #7912, .F. ) ;
#8812 = EDGE_CURVE ( 'NONE', #6979, #7522, #850, .T. ) ;
#8813 = EDGE_LOOP ( 'NONE', ( #2682, #1472 ) ) ;
#8815 = CARTESIAN_POINT ( 'NONE',  ( -16.50000000000000000, -17.42136720504591800, 1.154700538379255900 ) ) ;
#8814 = DIRECTION ( 'NONE',  ( 0.0000000000000000000, 1.000000000000000000, 0.0000000000000000000 ) ) ;
#8816 = CARTESIAN_POINT ( 'NONE',  ( -4.500000000000000000, 4.625000002731183300, 0.0000000000000000000 ) ) ;
#8817 = DIRECTION ( 'NONE',  ( 0.0000000000000000000, -1.000000000000000000, 0.0000000000000000000 ) ) ;
#8818 = CARTESIAN_POINT ( 'NONE',  ( -12.50000000000000200, -16.00000000000000000, 0.0000000000000000000 ) ) ;
#8819 = FACE_OUTER_BOUND ( 'NONE', #4119, .T. ) ;
#8820 = ORIENTED_EDGE ( 'NONE', *, *, #8522, .F. ) ;
#8821 = CARTESIAN_POINT ( 'NONE',  ( -4.160653809572980100, 6.696511001351509200, -1.135376933334752800 ) ) ;
#8822 = DIRECTION ( 'NONE',  ( 0.0000000000000000000, 1.000000000000000000, 0.0000000000000000000 ) ) ;
#8823 = CARTESIAN_POINT ( 'NONE',  ( 14.88366508938741900, -3.432161446792886900, 0.2399999999999993200 ) ) ;
#8824 = EDGE_CURVE ( 'NONE', #5660, #1836, #2127, .T. ) ;
#8825 = ORIENTED_EDGE ( 'NONE', *, *, #3788, .F. ) ;
#8826 = DIRECTION ( 'NONE',  ( 1.000000000000000000, 0.0000000000000000000, 0.0000000000000000000 ) ) ;
#8827 = ADVANCED_FACE ( 'NONE', ( #989 ), #3456, .T. ) ;
#8828 = DIRECTION ( 'NONE',  ( 0.0000000000000000000, 1.000000000000000000, 0.0000000000000000000 ) ) ;
#8829 = AXIS2_PLACEMENT_3D ( 'NONE', #3983, #7405, #3334 ) ;
#8830 = DIRECTION ( 'NONE',  ( 0.4461978007789582100, -0.8949343677499602700, 0.0000000000000000000 ) ) ;
#8831 = CARTESIAN_POINT ( 'NONE',  ( 0.0000000000000000000, -14.05000000000000100, 0.0000000000000000000 ) ) ;
#8832 = CARTESIAN_POINT ( 'NONE',  ( -2.424025537428323500E-016, 5.687500001365588500, -3.958734124999999400 ) ) ;
#8833 = LINE ( 'NONE', #4980, #5192 ) ;
#8834 = ORIENTED_EDGE ( 'NONE', *, *, #6780, .T. ) ;
#8835 = CARTESIAN_POINT ( 'NONE',  ( 14.59698751136435400, -4.819999999999999400, -0.3420141409932477300 ) ) ;
#8836 = ORIENTED_EDGE ( 'NONE', *, *, #7241, .T. ) ;
#8837 = FACE_OUTER_BOUND ( 'NONE', #5303, .T. ) ;
#8838 = DIRECTION ( 'NONE',  ( -0.2266271574405722700, 0.0000000000000000000, 0.9739815868436149100 ) ) ;
#8839 = CARTESIAN_POINT ( 'NONE',  ( -3.958734124999999400, 6.875000001365589400, -1.639761364404187100 ) ) ;
#8840 = VECTOR ( 'NONE', #6769, 1000.000000000000000 ) ;
#8841 = EDGE_CURVE ( 'NONE', #5852, #5437, #2963, .T. ) ;
#8842 = CARTESIAN_POINT ( 'NONE',  ( -12.50000000000000200, -16.00000000000000000, 0.0000000000000000000 ) ) ;
#8843 = ORIENTED_EDGE ( 'NONE', *, *, #8729, .T. ) ;
#8844 = DIRECTION ( 'NONE',  ( 0.0000000000000000000, 0.0000000000000000000, 1.000000000000000000 ) ) ;
#8845 = ORIENTED_EDGE ( 'NONE', *, *, #650, .F. ) ;
#8846 = EDGE_LOOP ( 'NONE', ( #690, #453, #4512, #5707, #362, #1857, #5979 ) ) ;
#8847 = DIRECTION ( 'NONE',  ( 0.0000000000000000000, 0.0000000000000000000, 1.000000000000000000 ) ) ;
#8848 = CC_DESIGN_PERSON_AND_ORGANIZATION_ASSIGNMENT ( #8779, #151, ( #7476 ) ) ;
#8849 = LINE ( 'NONE', #8514, #1581 ) ;
#8850 = ADVANCED_FACE ( 'NONE', ( #6240 ), #6014, .F. ) ;
#8851 = VECTOR ( 'NONE', #1289, 1000.000000000000000 ) ;
#8852 = DIRECTION ( 'NONE',  ( -0.0000000000000000000, 1.000000000000000000, -0.0000000000000000000 ) ) ;
#8853 = CIRCLE ( 'NONE', #8294, 0.1800000000000002400 ) ;
#8854 = CARTESIAN_POINT ( 'NONE',  ( 14.50000000000000000, -5.000000000000000000, -1.500000000000001600 ) ) ;
#8855 = EDGE_CURVE ( 'NONE', #4914, #1948, #7817, .T. ) ;
#8856 = ORIENTED_EDGE ( 'NONE', *, *, #821, .T. ) ;
#8857 = CARTESIAN_POINT ( 'NONE',  ( -14.11184369749311300, -5.028405755520766200, 1.668387403364453200 ) ) ;
#8858 = CARTESIAN_POINT ( 'NONE',  ( 0.0000000000000000000, -10.00000000000000000, 0.0000000000000000000 ) ) ;
#8859 = CARTESIAN_POINT ( 'NONE',  ( -14.33682182486818500, -16.12424006990921700, 2.215190113420280000 ) ) ;
#8860 = CIRCLE ( 'NONE', #2160, 14.50000000000000000 ) ;
ENDSEC;
END-ISO-10303-21;
