ISO-10303-21;
HEADER;
FILE_DESCRIPTION(('STEP AP203'),
    '1');
FILE_NAME('Ролик с резьбой GT2 на моторы',
    '',
    ('UNSPECIFIED'),
    ('UNSPECIFIED'),
    'C3D Converter',
    'C3D Toolkit',
    '');
FILE_SCHEMA(('CONFIG_CONTROL_DESIGN'));
ENDSEC;

DATA;
#1=PRODUCT_DEFINITION('','UNSPECIFIED',#28,#31);
#2=SHAPE_DEFINITION_REPRESENTATION(#26,#3);
#3=SHAPE_REPRESENTATION('NONE',(#4),#8);
#4=AXIS2_PLACEMENT_3D('',#5,#6,#7);
#5=CARTESIAN_POINT('',(0.,0.,0.));
#6=DIRECTION('',(0.,0.,1.));
#7=DIRECTION('',(1.,0.,0.));
#8=(GEOMETRIC_REPRESENTATION_CONTEXT(3)GLOBAL_UNCERTAINTY_ASSIGNED_CONTEXT((#10))
GLOBAL_UNIT_ASSIGNED_CONTEXT((#9,#11,#12))REPRESENTATION_CONTEXT('NONE','NONE'));
#9=(LENGTH_UNIT()NAMED_UNIT(*)SI_UNIT(.MILLI.,.METRE.));
#10=UNCERTAINTY_MEASURE_WITH_UNIT(LENGTH_MEASURE(1.E-5),#9,'NONE','NONE');
#11=(NAMED_UNIT(*)PLANE_ANGLE_UNIT()SI_UNIT($,.RADIAN.));
#12=(NAMED_UNIT(*)SI_UNIT($,.STERADIAN.)SOLID_ANGLE_UNIT());
#13=MANIFOLD_SOLID_BREP('',#14);
#14=CLOSED_SHELL('',(#53,#62,#71,#80,#89,#98,#107,#116,#125,#134,#143,#152,#161,
#170,#179,#188,#197,#206,#215,#224,#233,#242,#251,#260,#269,#278,#287,#296,#305,
#314,#323,#332,#341,#350,#359,#368,#377,#386,#395,#404,#413,#422,#431,#440,#449,
#458,#467,#476,#485,#494,#503,#512,#521,#530,#539));
#15=COLOUR_RGB('',0.745098039215686,0.745098039215686,0.745098039215686);
#16=FILL_AREA_STYLE_COLOUR('',#15);
#17=FILL_AREA_STYLE($,(#16));
#18=SURFACE_STYLE_FILL_AREA(#17);
#19=SURFACE_SIDE_STYLE('',(#18));
#20=SURFACE_STYLE_USAGE(.BOTH.,#19);
#21=PRESENTATION_STYLE_ASSIGNMENT((#20));
#22=MECHANICAL_DESIGN_GEOMETRIC_PRESENTATION_REPRESENTATION('NONE',(#23,#61,#70,
#79,#88,#97,#106,#115,#124,#133,#142,#151,#160,#169,#178,#187,#196,#205,#214,#223,
#232,#241,#250,#259,#268,#277,#286,#295,#304,#313,#322,#331,#340,#349,#358,#367,
#376,#385,#394,#403,#412,#421,#430,#439,#448,#457,#466,#475,#484,#493,#502,#511,
#520,#529,#538,#547),#8);
#23=STYLED_ITEM('',(#21),#13);
#24=ADVANCED_BREP_SHAPE_REPRESENTATION('NONE',(#13),#8);
#25=SHAPE_REPRESENTATION_RELATIONSHIP('','',#3,#24);
#26=PRODUCT_DEFINITION_SHAPE('NONE','NONE',#1);
#27=MECHANICAL_CONTEXT('NONE',#32,'mechanical');
#28=PRODUCT_DEFINITION_FORMATION_WITH_SPECIFIED_SOURCE('ANY','UNSPECIFIED',#29,.NOT_KNOWN.);
#29=PRODUCT('GT2 drive wheel','GT2 drive wheel','NONE',(#27));
#30=PRODUCT_RELATED_PRODUCT_CATEGORY('detail','',(#29));
#31=DESIGN_CONTEXT('detailed design',#32,'design');
#32=APPLICATION_CONTEXT('configuration controlled 3d designs of mechanical parts and assemblies');
#33=APPLICATION_PROTOCOL_DEFINITION('international standard','config_control_design',
1994,#32);
#34=CC_DESIGN_DATE_AND_TIME_ASSIGNMENT(#35,#39,(#1));
#35=DATE_AND_TIME(#36,#37);
#36=CALENDAR_DATE(0,1,1);
#37=LOCAL_TIME(0,0,0.,#38);
#38=COORDINATED_UNIVERSAL_TIME_OFFSET(0,0,.AHEAD.);
#39=DATE_TIME_ROLE('creation_date');
#40=CC_DESIGN_APPROVAL(#41,(#1));
#41=APPROVAL(#42,'UNSPECIFIED');
#42=APPROVAL_STATUS('not_yet_approved');
#43=APPROVAL_DATE_TIME(#44,#41);
#44=DATE_AND_TIME(#45,#46);
#45=CALENDAR_DATE(0,1,1);
#46=LOCAL_TIME(0,0,0.,#47);
#47=COORDINATED_UNIVERSAL_TIME_OFFSET(0,0,.AHEAD.);
#48=PERSON('UNSPECIFIED','UNSPECIFIED','UNSPECIFIED',('UNSPECIFIED'),('UNSPECIFIED'),
('UNSPECIFIED'));
#49=ORGANIZATION('UNSPECIFIED','UNSPECIFIED','UNSPECIFIED');
#50=PERSON_AND_ORGANIZATION(#48,#49);
#51=PERSON_AND_ORGANIZATION_ROLE('creator');
#52=CC_DESIGN_PERSON_AND_ORGANIZATION_ASSIGNMENT(#50,#51,(#28,#1));
#53=ADVANCED_FACE('',(#548),#550,.F.);
#54=COLOUR_RGB('',0.952941176470588,0.952941176470588,0.952941176470588);
#55=FILL_AREA_STYLE_COLOUR('',#54);
#56=FILL_AREA_STYLE($,(#55));
#57=SURFACE_STYLE_FILL_AREA(#56);
#58=SURFACE_SIDE_STYLE('',(#57));
#59=SURFACE_STYLE_USAGE(.BOTH.,#58);
#60=PRESENTATION_STYLE_ASSIGNMENT((#59));
#61=STYLED_ITEM('',(#60),#53);
#62=ADVANCED_FACE('',(#555),#557,.F.);
#63=COLOUR_RGB('',0.952941176470588,0.952941176470588,0.952941176470588);
#64=FILL_AREA_STYLE_COLOUR('',#63);
#65=FILL_AREA_STYLE($,(#64));
#66=SURFACE_STYLE_FILL_AREA(#65);
#67=SURFACE_SIDE_STYLE('',(#66));
#68=SURFACE_STYLE_USAGE(.BOTH.,#67);
#69=PRESENTATION_STYLE_ASSIGNMENT((#68));
#70=STYLED_ITEM('',(#69),#62);
#71=ADVANCED_FACE('',(#562),#564,.F.);
#72=COLOUR_RGB('',0.952941176470588,0.952941176470588,0.952941176470588);
#73=FILL_AREA_STYLE_COLOUR('',#72);
#74=FILL_AREA_STYLE($,(#73));
#75=SURFACE_STYLE_FILL_AREA(#74);
#76=SURFACE_SIDE_STYLE('',(#75));
#77=SURFACE_STYLE_USAGE(.BOTH.,#76);
#78=PRESENTATION_STYLE_ASSIGNMENT((#77));
#79=STYLED_ITEM('',(#78),#71);
#80=ADVANCED_FACE('',(#569),#571,.F.);
#81=COLOUR_RGB('',0.952941176470588,0.952941176470588,0.952941176470588);
#82=FILL_AREA_STYLE_COLOUR('',#81);
#83=FILL_AREA_STYLE($,(#82));
#84=SURFACE_STYLE_FILL_AREA(#83);
#85=SURFACE_SIDE_STYLE('',(#84));
#86=SURFACE_STYLE_USAGE(.BOTH.,#85);
#87=PRESENTATION_STYLE_ASSIGNMENT((#86));
#88=STYLED_ITEM('',(#87),#80);
#89=ADVANCED_FACE('',(#576),#578,.F.);
#90=COLOUR_RGB('',0.952941176470588,0.952941176470588,0.952941176470588);
#91=FILL_AREA_STYLE_COLOUR('',#90);
#92=FILL_AREA_STYLE($,(#91));
#93=SURFACE_STYLE_FILL_AREA(#92);
#94=SURFACE_SIDE_STYLE('',(#93));
#95=SURFACE_STYLE_USAGE(.BOTH.,#94);
#96=PRESENTATION_STYLE_ASSIGNMENT((#95));
#97=STYLED_ITEM('',(#96),#89);
#98=ADVANCED_FACE('',(#583),#585,.F.);
#99=COLOUR_RGB('',0.952941176470588,0.952941176470588,0.952941176470588);
#100=FILL_AREA_STYLE_COLOUR('',#99);
#101=FILL_AREA_STYLE($,(#100));
#102=SURFACE_STYLE_FILL_AREA(#101);
#103=SURFACE_SIDE_STYLE('',(#102));
#104=SURFACE_STYLE_USAGE(.BOTH.,#103);
#105=PRESENTATION_STYLE_ASSIGNMENT((#104));
#106=STYLED_ITEM('',(#105),#98);
#107=ADVANCED_FACE('',(#590),#592,.F.);
#108=COLOUR_RGB('',0.952941176470588,0.952941176470588,0.952941176470588);
#109=FILL_AREA_STYLE_COLOUR('',#108);
#110=FILL_AREA_STYLE($,(#109));
#111=SURFACE_STYLE_FILL_AREA(#110);
#112=SURFACE_SIDE_STYLE('',(#111));
#113=SURFACE_STYLE_USAGE(.BOTH.,#112);
#114=PRESENTATION_STYLE_ASSIGNMENT((#113));
#115=STYLED_ITEM('',(#114),#107);
#116=ADVANCED_FACE('',(#597),#599,.F.);
#117=COLOUR_RGB('',0.952941176470588,0.952941176470588,0.952941176470588);
#118=FILL_AREA_STYLE_COLOUR('',#117);
#119=FILL_AREA_STYLE($,(#118));
#120=SURFACE_STYLE_FILL_AREA(#119);
#121=SURFACE_SIDE_STYLE('',(#120));
#122=SURFACE_STYLE_USAGE(.BOTH.,#121);
#123=PRESENTATION_STYLE_ASSIGNMENT((#122));
#124=STYLED_ITEM('',(#123),#116);
#125=ADVANCED_FACE('',(#604),#606,.F.);
#126=COLOUR_RGB('',0.952941176470588,0.952941176470588,0.952941176470588);
#127=FILL_AREA_STYLE_COLOUR('',#126);
#128=FILL_AREA_STYLE($,(#127));
#129=SURFACE_STYLE_FILL_AREA(#128);
#130=SURFACE_SIDE_STYLE('',(#129));
#131=SURFACE_STYLE_USAGE(.BOTH.,#130);
#132=PRESENTATION_STYLE_ASSIGNMENT((#131));
#133=STYLED_ITEM('',(#132),#125);
#134=ADVANCED_FACE('',(#611),#613,.F.);
#135=COLOUR_RGB('',0.952941176470588,0.952941176470588,0.952941176470588);
#136=FILL_AREA_STYLE_COLOUR('',#135);
#137=FILL_AREA_STYLE($,(#136));
#138=SURFACE_STYLE_FILL_AREA(#137);
#139=SURFACE_SIDE_STYLE('',(#138));
#140=SURFACE_STYLE_USAGE(.BOTH.,#139);
#141=PRESENTATION_STYLE_ASSIGNMENT((#140));
#142=STYLED_ITEM('',(#141),#134);
#143=ADVANCED_FACE('',(#618),#620,.F.);
#144=COLOUR_RGB('',0.952941176470588,0.952941176470588,0.952941176470588);
#145=FILL_AREA_STYLE_COLOUR('',#144);
#146=FILL_AREA_STYLE($,(#145));
#147=SURFACE_STYLE_FILL_AREA(#146);
#148=SURFACE_SIDE_STYLE('',(#147));
#149=SURFACE_STYLE_USAGE(.BOTH.,#148);
#150=PRESENTATION_STYLE_ASSIGNMENT((#149));
#151=STYLED_ITEM('',(#150),#143);
#152=ADVANCED_FACE('',(#625),#627,.F.);
#153=COLOUR_RGB('',0.952941176470588,0.952941176470588,0.952941176470588);
#154=FILL_AREA_STYLE_COLOUR('',#153);
#155=FILL_AREA_STYLE($,(#154));
#156=SURFACE_STYLE_FILL_AREA(#155);
#157=SURFACE_SIDE_STYLE('',(#156));
#158=SURFACE_STYLE_USAGE(.BOTH.,#157);
#159=PRESENTATION_STYLE_ASSIGNMENT((#158));
#160=STYLED_ITEM('',(#159),#152);
#161=ADVANCED_FACE('',(#632),#634,.F.);
#162=COLOUR_RGB('',0.952941176470588,0.952941176470588,0.952941176470588);
#163=FILL_AREA_STYLE_COLOUR('',#162);
#164=FILL_AREA_STYLE($,(#163));
#165=SURFACE_STYLE_FILL_AREA(#164);
#166=SURFACE_SIDE_STYLE('',(#165));
#167=SURFACE_STYLE_USAGE(.BOTH.,#166);
#168=PRESENTATION_STYLE_ASSIGNMENT((#167));
#169=STYLED_ITEM('',(#168),#161);
#170=ADVANCED_FACE('',(#639),#641,.F.);
#171=COLOUR_RGB('',0.952941176470588,0.952941176470588,0.952941176470588);
#172=FILL_AREA_STYLE_COLOUR('',#171);
#173=FILL_AREA_STYLE($,(#172));
#174=SURFACE_STYLE_FILL_AREA(#173);
#175=SURFACE_SIDE_STYLE('',(#174));
#176=SURFACE_STYLE_USAGE(.BOTH.,#175);
#177=PRESENTATION_STYLE_ASSIGNMENT((#176));
#178=STYLED_ITEM('',(#177),#170);
#179=ADVANCED_FACE('',(#646),#648,.F.);
#180=COLOUR_RGB('',0.952941176470588,0.952941176470588,0.952941176470588);
#181=FILL_AREA_STYLE_COLOUR('',#180);
#182=FILL_AREA_STYLE($,(#181));
#183=SURFACE_STYLE_FILL_AREA(#182);
#184=SURFACE_SIDE_STYLE('',(#183));
#185=SURFACE_STYLE_USAGE(.BOTH.,#184);
#186=PRESENTATION_STYLE_ASSIGNMENT((#185));
#187=STYLED_ITEM('',(#186),#179);
#188=ADVANCED_FACE('',(#653),#655,.F.);
#189=COLOUR_RGB('',0.952941176470588,0.952941176470588,0.952941176470588);
#190=FILL_AREA_STYLE_COLOUR('',#189);
#191=FILL_AREA_STYLE($,(#190));
#192=SURFACE_STYLE_FILL_AREA(#191);
#193=SURFACE_SIDE_STYLE('',(#192));
#194=SURFACE_STYLE_USAGE(.BOTH.,#193);
#195=PRESENTATION_STYLE_ASSIGNMENT((#194));
#196=STYLED_ITEM('',(#195),#188);
#197=ADVANCED_FACE('',(#660),#662,.F.);
#198=COLOUR_RGB('',0.952941176470588,0.952941176470588,0.952941176470588);
#199=FILL_AREA_STYLE_COLOUR('',#198);
#200=FILL_AREA_STYLE($,(#199));
#201=SURFACE_STYLE_FILL_AREA(#200);
#202=SURFACE_SIDE_STYLE('',(#201));
#203=SURFACE_STYLE_USAGE(.BOTH.,#202);
#204=PRESENTATION_STYLE_ASSIGNMENT((#203));
#205=STYLED_ITEM('',(#204),#197);
#206=ADVANCED_FACE('',(#667),#669,.F.);
#207=COLOUR_RGB('',0.952941176470588,0.952941176470588,0.952941176470588);
#208=FILL_AREA_STYLE_COLOUR('',#207);
#209=FILL_AREA_STYLE($,(#208));
#210=SURFACE_STYLE_FILL_AREA(#209);
#211=SURFACE_SIDE_STYLE('',(#210));
#212=SURFACE_STYLE_USAGE(.BOTH.,#211);
#213=PRESENTATION_STYLE_ASSIGNMENT((#212));
#214=STYLED_ITEM('',(#213),#206);
#215=ADVANCED_FACE('',(#674),#676,.F.);
#216=COLOUR_RGB('',0.952941176470588,0.952941176470588,0.952941176470588);
#217=FILL_AREA_STYLE_COLOUR('',#216);
#218=FILL_AREA_STYLE($,(#217));
#219=SURFACE_STYLE_FILL_AREA(#218);
#220=SURFACE_SIDE_STYLE('',(#219));
#221=SURFACE_STYLE_USAGE(.BOTH.,#220);
#222=PRESENTATION_STYLE_ASSIGNMENT((#221));
#223=STYLED_ITEM('',(#222),#215);
#224=ADVANCED_FACE('',(#681),#683,.F.);
#225=COLOUR_RGB('',0.952941176470588,0.952941176470588,0.952941176470588);
#226=FILL_AREA_STYLE_COLOUR('',#225);
#227=FILL_AREA_STYLE($,(#226));
#228=SURFACE_STYLE_FILL_AREA(#227);
#229=SURFACE_SIDE_STYLE('',(#228));
#230=SURFACE_STYLE_USAGE(.BOTH.,#229);
#231=PRESENTATION_STYLE_ASSIGNMENT((#230));
#232=STYLED_ITEM('',(#231),#224);
#233=ADVANCED_FACE('',(#688,#690),#692,.T.);
#234=COLOUR_RGB('',0.952941176470588,0.952941176470588,0.952941176470588);
#235=FILL_AREA_STYLE_COLOUR('',#234);
#236=FILL_AREA_STYLE($,(#235));
#237=SURFACE_STYLE_FILL_AREA(#236);
#238=SURFACE_SIDE_STYLE('',(#237));
#239=SURFACE_STYLE_USAGE(.BOTH.,#238);
#240=PRESENTATION_STYLE_ASSIGNMENT((#239));
#241=STYLED_ITEM('',(#240),#233);
#242=ADVANCED_FACE('',(#697),#699,.T.);
#243=COLOUR_RGB('',0.952941176470588,0.952941176470588,0.952941176470588);
#244=FILL_AREA_STYLE_COLOUR('',#243);
#245=FILL_AREA_STYLE($,(#244));
#246=SURFACE_STYLE_FILL_AREA(#245);
#247=SURFACE_SIDE_STYLE('',(#246));
#248=SURFACE_STYLE_USAGE(.BOTH.,#247);
#249=PRESENTATION_STYLE_ASSIGNMENT((#248));
#250=STYLED_ITEM('',(#249),#242);
#251=ADVANCED_FACE('',(#704),#706,.T.);
#252=COLOUR_RGB('',0.952941176470588,0.952941176470588,0.952941176470588);
#253=FILL_AREA_STYLE_COLOUR('',#252);
#254=FILL_AREA_STYLE($,(#253));
#255=SURFACE_STYLE_FILL_AREA(#254);
#256=SURFACE_SIDE_STYLE('',(#255));
#257=SURFACE_STYLE_USAGE(.BOTH.,#256);
#258=PRESENTATION_STYLE_ASSIGNMENT((#257));
#259=STYLED_ITEM('',(#258),#251);
#260=ADVANCED_FACE('',(#711),#713,.T.);
#261=COLOUR_RGB('',0.952941176470588,0.952941176470588,0.952941176470588);
#262=FILL_AREA_STYLE_COLOUR('',#261);
#263=FILL_AREA_STYLE($,(#262));
#264=SURFACE_STYLE_FILL_AREA(#263);
#265=SURFACE_SIDE_STYLE('',(#264));
#266=SURFACE_STYLE_USAGE(.BOTH.,#265);
#267=PRESENTATION_STYLE_ASSIGNMENT((#266));
#268=STYLED_ITEM('',(#267),#260);
#269=ADVANCED_FACE('',(#718),#720,.T.);
#270=COLOUR_RGB('',0.952941176470588,0.952941176470588,0.952941176470588);
#271=FILL_AREA_STYLE_COLOUR('',#270);
#272=FILL_AREA_STYLE($,(#271));
#273=SURFACE_STYLE_FILL_AREA(#272);
#274=SURFACE_SIDE_STYLE('',(#273));
#275=SURFACE_STYLE_USAGE(.BOTH.,#274);
#276=PRESENTATION_STYLE_ASSIGNMENT((#275));
#277=STYLED_ITEM('',(#276),#269);
#278=ADVANCED_FACE('',(#725),#727,.T.);
#279=COLOUR_RGB('',0.952941176470588,0.952941176470588,0.952941176470588);
#280=FILL_AREA_STYLE_COLOUR('',#279);
#281=FILL_AREA_STYLE($,(#280));
#282=SURFACE_STYLE_FILL_AREA(#281);
#283=SURFACE_SIDE_STYLE('',(#282));
#284=SURFACE_STYLE_USAGE(.BOTH.,#283);
#285=PRESENTATION_STYLE_ASSIGNMENT((#284));
#286=STYLED_ITEM('',(#285),#278);
#287=ADVANCED_FACE('',(#732),#734,.T.);
#288=COLOUR_RGB('',0.952941176470588,0.952941176470588,0.952941176470588);
#289=FILL_AREA_STYLE_COLOUR('',#288);
#290=FILL_AREA_STYLE($,(#289));
#291=SURFACE_STYLE_FILL_AREA(#290);
#292=SURFACE_SIDE_STYLE('',(#291));
#293=SURFACE_STYLE_USAGE(.BOTH.,#292);
#294=PRESENTATION_STYLE_ASSIGNMENT((#293));
#295=STYLED_ITEM('',(#294),#287);
#296=ADVANCED_FACE('',(#739),#741,.T.);
#297=COLOUR_RGB('',0.952941176470588,0.952941176470588,0.952941176470588);
#298=FILL_AREA_STYLE_COLOUR('',#297);
#299=FILL_AREA_STYLE($,(#298));
#300=SURFACE_STYLE_FILL_AREA(#299);
#301=SURFACE_SIDE_STYLE('',(#300));
#302=SURFACE_STYLE_USAGE(.BOTH.,#301);
#303=PRESENTATION_STYLE_ASSIGNMENT((#302));
#304=STYLED_ITEM('',(#303),#296);
#305=ADVANCED_FACE('',(#746),#748,.T.);
#306=COLOUR_RGB('',0.952941176470588,0.952941176470588,0.952941176470588);
#307=FILL_AREA_STYLE_COLOUR('',#306);
#308=FILL_AREA_STYLE($,(#307));
#309=SURFACE_STYLE_FILL_AREA(#308);
#310=SURFACE_SIDE_STYLE('',(#309));
#311=SURFACE_STYLE_USAGE(.BOTH.,#310);
#312=PRESENTATION_STYLE_ASSIGNMENT((#311));
#313=STYLED_ITEM('',(#312),#305);
#314=ADVANCED_FACE('',(#753),#755,.T.);
#315=COLOUR_RGB('',0.952941176470588,0.952941176470588,0.952941176470588);
#316=FILL_AREA_STYLE_COLOUR('',#315);
#317=FILL_AREA_STYLE($,(#316));
#318=SURFACE_STYLE_FILL_AREA(#317);
#319=SURFACE_SIDE_STYLE('',(#318));
#320=SURFACE_STYLE_USAGE(.BOTH.,#319);
#321=PRESENTATION_STYLE_ASSIGNMENT((#320));
#322=STYLED_ITEM('',(#321),#314);
#323=ADVANCED_FACE('',(#760),#762,.T.);
#324=COLOUR_RGB('',0.952941176470588,0.952941176470588,0.952941176470588);
#325=FILL_AREA_STYLE_COLOUR('',#324);
#326=FILL_AREA_STYLE($,(#325));
#327=SURFACE_STYLE_FILL_AREA(#326);
#328=SURFACE_SIDE_STYLE('',(#327));
#329=SURFACE_STYLE_USAGE(.BOTH.,#328);
#330=PRESENTATION_STYLE_ASSIGNMENT((#329));
#331=STYLED_ITEM('',(#330),#323);
#332=ADVANCED_FACE('',(#767),#769,.T.);
#333=COLOUR_RGB('',0.952941176470588,0.952941176470588,0.952941176470588);
#334=FILL_AREA_STYLE_COLOUR('',#333);
#335=FILL_AREA_STYLE($,(#334));
#336=SURFACE_STYLE_FILL_AREA(#335);
#337=SURFACE_SIDE_STYLE('',(#336));
#338=SURFACE_STYLE_USAGE(.BOTH.,#337);
#339=PRESENTATION_STYLE_ASSIGNMENT((#338));
#340=STYLED_ITEM('',(#339),#332);
#341=ADVANCED_FACE('',(#774),#776,.T.);
#342=COLOUR_RGB('',0.952941176470588,0.952941176470588,0.952941176470588);
#343=FILL_AREA_STYLE_COLOUR('',#342);
#344=FILL_AREA_STYLE($,(#343));
#345=SURFACE_STYLE_FILL_AREA(#344);
#346=SURFACE_SIDE_STYLE('',(#345));
#347=SURFACE_STYLE_USAGE(.BOTH.,#346);
#348=PRESENTATION_STYLE_ASSIGNMENT((#347));
#349=STYLED_ITEM('',(#348),#341);
#350=ADVANCED_FACE('',(#781),#783,.T.);
#351=COLOUR_RGB('',0.952941176470588,0.952941176470588,0.952941176470588);
#352=FILL_AREA_STYLE_COLOUR('',#351);
#353=FILL_AREA_STYLE($,(#352));
#354=SURFACE_STYLE_FILL_AREA(#353);
#355=SURFACE_SIDE_STYLE('',(#354));
#356=SURFACE_STYLE_USAGE(.BOTH.,#355);
#357=PRESENTATION_STYLE_ASSIGNMENT((#356));
#358=STYLED_ITEM('',(#357),#350);
#359=ADVANCED_FACE('',(#788),#790,.T.);
#360=COLOUR_RGB('',0.952941176470588,0.952941176470588,0.952941176470588);
#361=FILL_AREA_STYLE_COLOUR('',#360);
#362=FILL_AREA_STYLE($,(#361));
#363=SURFACE_STYLE_FILL_AREA(#362);
#364=SURFACE_SIDE_STYLE('',(#363));
#365=SURFACE_STYLE_USAGE(.BOTH.,#364);
#366=PRESENTATION_STYLE_ASSIGNMENT((#365));
#367=STYLED_ITEM('',(#366),#359);
#368=ADVANCED_FACE('',(#795),#797,.T.);
#369=COLOUR_RGB('',0.952941176470588,0.952941176470588,0.952941176470588);
#370=FILL_AREA_STYLE_COLOUR('',#369);
#371=FILL_AREA_STYLE($,(#370));
#372=SURFACE_STYLE_FILL_AREA(#371);
#373=SURFACE_SIDE_STYLE('',(#372));
#374=SURFACE_STYLE_USAGE(.BOTH.,#373);
#375=PRESENTATION_STYLE_ASSIGNMENT((#374));
#376=STYLED_ITEM('',(#375),#368);
#377=ADVANCED_FACE('',(#802),#804,.T.);
#378=COLOUR_RGB('',0.952941176470588,0.952941176470588,0.952941176470588);
#379=FILL_AREA_STYLE_COLOUR('',#378);
#380=FILL_AREA_STYLE($,(#379));
#381=SURFACE_STYLE_FILL_AREA(#380);
#382=SURFACE_SIDE_STYLE('',(#381));
#383=SURFACE_STYLE_USAGE(.BOTH.,#382);
#384=PRESENTATION_STYLE_ASSIGNMENT((#383));
#385=STYLED_ITEM('',(#384),#377);
#386=ADVANCED_FACE('',(#809),#811,.T.);
#387=COLOUR_RGB('',0.952941176470588,0.952941176470588,0.952941176470588);
#388=FILL_AREA_STYLE_COLOUR('',#387);
#389=FILL_AREA_STYLE($,(#388));
#390=SURFACE_STYLE_FILL_AREA(#389);
#391=SURFACE_SIDE_STYLE('',(#390));
#392=SURFACE_STYLE_USAGE(.BOTH.,#391);
#393=PRESENTATION_STYLE_ASSIGNMENT((#392));
#394=STYLED_ITEM('',(#393),#386);
#395=ADVANCED_FACE('',(#816),#818,.T.);
#396=COLOUR_RGB('',0.952941176470588,0.952941176470588,0.952941176470588);
#397=FILL_AREA_STYLE_COLOUR('',#396);
#398=FILL_AREA_STYLE($,(#397));
#399=SURFACE_STYLE_FILL_AREA(#398);
#400=SURFACE_SIDE_STYLE('',(#399));
#401=SURFACE_STYLE_USAGE(.BOTH.,#400);
#402=PRESENTATION_STYLE_ASSIGNMENT((#401));
#403=STYLED_ITEM('',(#402),#395);
#404=ADVANCED_FACE('',(#823),#825,.T.);
#405=COLOUR_RGB('',0.952941176470588,0.952941176470588,0.952941176470588);
#406=FILL_AREA_STYLE_COLOUR('',#405);
#407=FILL_AREA_STYLE($,(#406));
#408=SURFACE_STYLE_FILL_AREA(#407);
#409=SURFACE_SIDE_STYLE('',(#408));
#410=SURFACE_STYLE_USAGE(.BOTH.,#409);
#411=PRESENTATION_STYLE_ASSIGNMENT((#410));
#412=STYLED_ITEM('',(#411),#404);
#413=ADVANCED_FACE('',(#830),#832,.T.);
#414=COLOUR_RGB('',0.952941176470588,0.952941176470588,0.952941176470588);
#415=FILL_AREA_STYLE_COLOUR('',#414);
#416=FILL_AREA_STYLE($,(#415));
#417=SURFACE_STYLE_FILL_AREA(#416);
#418=SURFACE_SIDE_STYLE('',(#417));
#419=SURFACE_STYLE_USAGE(.BOTH.,#418);
#420=PRESENTATION_STYLE_ASSIGNMENT((#419));
#421=STYLED_ITEM('',(#420),#413);
#422=ADVANCED_FACE('',(#837,#839),#841,.F.);
#423=COLOUR_RGB('',0.952941176470588,0.952941176470588,0.952941176470588);
#424=FILL_AREA_STYLE_COLOUR('',#423);
#425=FILL_AREA_STYLE($,(#424));
#426=SURFACE_STYLE_FILL_AREA(#425);
#427=SURFACE_SIDE_STYLE('',(#426));
#428=SURFACE_STYLE_USAGE(.BOTH.,#427);
#429=PRESENTATION_STYLE_ASSIGNMENT((#428));
#430=STYLED_ITEM('',(#429),#422);
#431=ADVANCED_FACE('',(#846,#848),#850,.F.);
#432=COLOUR_RGB('',0.952941176470588,0.952941176470588,0.952941176470588);
#433=FILL_AREA_STYLE_COLOUR('',#432);
#434=FILL_AREA_STYLE($,(#433));
#435=SURFACE_STYLE_FILL_AREA(#434);
#436=SURFACE_SIDE_STYLE('',(#435));
#437=SURFACE_STYLE_USAGE(.BOTH.,#436);
#438=PRESENTATION_STYLE_ASSIGNMENT((#437));
#439=STYLED_ITEM('',(#438),#431);
#440=ADVANCED_FACE('',(#855,#857),#859,.F.);
#441=COLOUR_RGB('',0.952941176470588,0.952941176470588,0.952941176470588);
#442=FILL_AREA_STYLE_COLOUR('',#441);
#443=FILL_AREA_STYLE($,(#442));
#444=SURFACE_STYLE_FILL_AREA(#443);
#445=SURFACE_SIDE_STYLE('',(#444));
#446=SURFACE_STYLE_USAGE(.BOTH.,#445);
#447=PRESENTATION_STYLE_ASSIGNMENT((#446));
#448=STYLED_ITEM('',(#447),#440);
#449=ADVANCED_FACE('',(#864,#866),#868,.T.);
#450=COLOUR_RGB('',0.952941176470588,0.952941176470588,0.952941176470588);
#451=FILL_AREA_STYLE_COLOUR('',#450);
#452=FILL_AREA_STYLE($,(#451));
#453=SURFACE_STYLE_FILL_AREA(#452);
#454=SURFACE_SIDE_STYLE('',(#453));
#455=SURFACE_STYLE_USAGE(.BOTH.,#454);
#456=PRESENTATION_STYLE_ASSIGNMENT((#455));
#457=STYLED_ITEM('',(#456),#449);
#458=ADVANCED_FACE('',(#873,#875,#877,#879),#881,.F.);
#459=COLOUR_RGB('',0.952941176470588,0.952941176470588,0.952941176470588);
#460=FILL_AREA_STYLE_COLOUR('',#459);
#461=FILL_AREA_STYLE($,(#460));
#462=SURFACE_STYLE_FILL_AREA(#461);
#463=SURFACE_SIDE_STYLE('',(#462));
#464=SURFACE_STYLE_USAGE(.BOTH.,#463);
#465=PRESENTATION_STYLE_ASSIGNMENT((#464));
#466=STYLED_ITEM('',(#465),#458);
#467=ADVANCED_FACE('',(#886,#888),#890,.T.);
#468=COLOUR_RGB('',0.952941176470588,0.952941176470588,0.952941176470588);
#469=FILL_AREA_STYLE_COLOUR('',#468);
#470=FILL_AREA_STYLE($,(#469));
#471=SURFACE_STYLE_FILL_AREA(#470);
#472=SURFACE_SIDE_STYLE('',(#471));
#473=SURFACE_STYLE_USAGE(.BOTH.,#472);
#474=PRESENTATION_STYLE_ASSIGNMENT((#473));
#475=STYLED_ITEM('',(#474),#467);
#476=ADVANCED_FACE('',(#895,#897,#899,#901),#903,.T.);
#477=COLOUR_RGB('',0.952941176470588,0.952941176470588,0.952941176470588);
#478=FILL_AREA_STYLE_COLOUR('',#477);
#479=FILL_AREA_STYLE($,(#478));
#480=SURFACE_STYLE_FILL_AREA(#479);
#481=SURFACE_SIDE_STYLE('',(#480));
#482=SURFACE_STYLE_USAGE(.BOTH.,#481);
#483=PRESENTATION_STYLE_ASSIGNMENT((#482));
#484=STYLED_ITEM('',(#483),#476);
#485=ADVANCED_FACE('',(#908,#910),#912,.F.);
#486=COLOUR_RGB('',0.952941176470588,0.952941176470588,0.952941176470588);
#487=FILL_AREA_STYLE_COLOUR('',#486);
#488=FILL_AREA_STYLE($,(#487));
#489=SURFACE_STYLE_FILL_AREA(#488);
#490=SURFACE_SIDE_STYLE('',(#489));
#491=SURFACE_STYLE_USAGE(.BOTH.,#490);
#492=PRESENTATION_STYLE_ASSIGNMENT((#491));
#493=STYLED_ITEM('',(#492),#485);
#494=ADVANCED_FACE('',(#917,#919),#921,.T.);
#495=COLOUR_RGB('',0.952941176470588,0.952941176470588,0.952941176470588);
#496=FILL_AREA_STYLE_COLOUR('',#495);
#497=FILL_AREA_STYLE($,(#496));
#498=SURFACE_STYLE_FILL_AREA(#497);
#499=SURFACE_SIDE_STYLE('',(#498));
#500=SURFACE_STYLE_USAGE(.BOTH.,#499);
#501=PRESENTATION_STYLE_ASSIGNMENT((#500));
#502=STYLED_ITEM('',(#501),#494);
#503=ADVANCED_FACE('',(#926,#928),#930,.F.);
#504=COLOUR_RGB('',0.952941176470588,0.952941176470588,0.952941176470588);
#505=FILL_AREA_STYLE_COLOUR('',#504);
#506=FILL_AREA_STYLE($,(#505));
#507=SURFACE_STYLE_FILL_AREA(#506);
#508=SURFACE_SIDE_STYLE('',(#507));
#509=SURFACE_STYLE_USAGE(.BOTH.,#508);
#510=PRESENTATION_STYLE_ASSIGNMENT((#509));
#511=STYLED_ITEM('',(#510),#503);
#512=ADVANCED_FACE('',(#935,#937),#939,.T.);
#513=COLOUR_RGB('',0.952941176470588,0.952941176470588,0.952941176470588);
#514=FILL_AREA_STYLE_COLOUR('',#513);
#515=FILL_AREA_STYLE($,(#514));
#516=SURFACE_STYLE_FILL_AREA(#515);
#517=SURFACE_SIDE_STYLE('',(#516));
#518=SURFACE_STYLE_USAGE(.BOTH.,#517);
#519=PRESENTATION_STYLE_ASSIGNMENT((#518));
#520=STYLED_ITEM('',(#519),#512);
#521=ADVANCED_FACE('',(#944,#946),#948,.T.);
#522=COLOUR_RGB('',0.952941176470588,0.952941176470588,0.952941176470588);
#523=FILL_AREA_STYLE_COLOUR('',#522);
#524=FILL_AREA_STYLE($,(#523));
#525=SURFACE_STYLE_FILL_AREA(#524);
#526=SURFACE_SIDE_STYLE('',(#525));
#527=SURFACE_STYLE_USAGE(.BOTH.,#526);
#528=PRESENTATION_STYLE_ASSIGNMENT((#527));
#529=STYLED_ITEM('',(#528),#521);
#530=ADVANCED_FACE('',(#953,#955),#957,.T.);
#531=COLOUR_RGB('',0.952941176470588,0.952941176470588,0.952941176470588);
#532=FILL_AREA_STYLE_COLOUR('',#531);
#533=FILL_AREA_STYLE($,(#532));
#534=SURFACE_STYLE_FILL_AREA(#533);
#535=SURFACE_SIDE_STYLE('',(#534));
#536=SURFACE_STYLE_USAGE(.BOTH.,#535);
#537=PRESENTATION_STYLE_ASSIGNMENT((#536));
#538=STYLED_ITEM('',(#537),#530);
#539=ADVANCED_FACE('',(#962,#964),#966,.T.);
#540=COLOUR_RGB('',0.952941176470588,0.952941176470588,0.952941176470588);
#541=FILL_AREA_STYLE_COLOUR('',#540);
#542=FILL_AREA_STYLE($,(#541));
#543=SURFACE_STYLE_FILL_AREA(#542);
#544=SURFACE_SIDE_STYLE('',(#543));
#545=SURFACE_STYLE_USAGE(.BOTH.,#544);
#546=PRESENTATION_STYLE_ASSIGNMENT((#545));
#547=STYLED_ITEM('',(#546),#539);
#548=FACE_BOUND('',#549,.T.);
#549=EDGE_LOOP('',(#971,#972,#973,#974));
#550=CYLINDRICAL_SURFACE('',#551,0.56);
#551=AXIS2_PLACEMENT_3D('',#552,#553,#554);
#552=CARTESIAN_POINT('',(3.59136789150701,4.94309383563093,7.75));
#553=DIRECTION('',(0.,0.,1.));
#554=DIRECTION('',(-1.,0.,0.));
#555=FACE_BOUND('',#556,.T.);
#556=EDGE_LOOP('',(#975,#976,#977,#978));
#557=CYLINDRICAL_SURFACE('',#558,0.56);
#558=AXIS2_PLACEMENT_3D('',#559,#560,#561);
#559=CARTESIAN_POINT('',(1.88809383563093,5.81095531456339,7.75));
#560=DIRECTION('',(0.,0.,1.));
#561=DIRECTION('',(-1.,0.,0.));
#562=FACE_BOUND('',#563,.T.);
#563=EDGE_LOOP('',(#979,#980,#981,#982));
#564=CYLINDRICAL_SURFACE('',#565,0.56);
#565=AXIS2_PLACEMENT_3D('',#566,#567,#568);
#566=CARTESIAN_POINT('',(4.94309383563093,3.59136789150701,7.75));
#567=DIRECTION('',(0.,0.,1.));
#568=DIRECTION('',(-1.,0.,0.));
#569=FACE_BOUND('',#570,.T.);
#570=EDGE_LOOP('',(#983,#984,#985,#986));
#571=CYLINDRICAL_SURFACE('',#572,0.56);
#572=AXIS2_PLACEMENT_3D('',#573,#574,#575);
#573=CARTESIAN_POINT('',(6.11,-1.12238879141855E-15,7.75));
#574=DIRECTION('',(0.,0.,1.));
#575=DIRECTION('',(-1.,0.,0.));
#576=FACE_BOUND('',#577,.T.);
#577=EDGE_LOOP('',(#987,#988,#989,#990));
#578=CYLINDRICAL_SURFACE('',#579,0.56);
#579=AXIS2_PLACEMENT_3D('',#580,#581,#582);
#580=CARTESIAN_POINT('',(4.94309383563093,-3.59136789150701,7.75));
#581=DIRECTION('',(0.,0.,1.));
#582=DIRECTION('',(-1.,0.,0.));
#583=FACE_BOUND('',#584,.T.);
#584=EDGE_LOOP('',(#991,#992,#993,#994));
#585=CYLINDRICAL_SURFACE('',#586,0.56);
#586=AXIS2_PLACEMENT_3D('',#587,#588,#589);
#587=CARTESIAN_POINT('',(1.88809383563093,-5.81095531456339,7.75));
#588=DIRECTION('',(0.,0.,1.));
#589=DIRECTION('',(-1.,0.,0.));
#590=FACE_BOUND('',#591,.T.);
#591=EDGE_LOOP('',(#995,#996,#997,#998));
#592=CYLINDRICAL_SURFACE('',#593,0.56);
#593=AXIS2_PLACEMENT_3D('',#594,#595,#596);
#594=CARTESIAN_POINT('',(-1.88809383563093,-5.81095531456339,7.75));
#595=DIRECTION('',(0.,0.,1.));
#596=DIRECTION('',(0.309016994374948,0.951056516295153,0.));
#597=FACE_BOUND('',#598,.T.);
#598=EDGE_LOOP('',(#999,#1000,#1001,#1002));
#599=CYLINDRICAL_SURFACE('',#600,0.56);
#600=AXIS2_PLACEMENT_3D('',#601,#602,#603);
#601=CARTESIAN_POINT('',(-4.94309383563093,-3.59136789150701,7.75));
#602=DIRECTION('',(0.,0.,1.));
#603=DIRECTION('',(0.809016994374947,0.587785252292473,0.));
#604=FACE_BOUND('',#605,.T.);
#605=EDGE_LOOP('',(#1003,#1004,#1005,#1006));
#606=CYLINDRICAL_SURFACE('',#607,0.56);
#607=AXIS2_PLACEMENT_3D('',#608,#609,#610);
#608=CARTESIAN_POINT('',(-6.11,3.74129597139516E-16,7.75));
#609=DIRECTION('',(0.,0.,1.));
#610=DIRECTION('',(1.,-1.22464679914735E-16,0.));
#611=FACE_BOUND('',#612,.T.);
#612=EDGE_LOOP('',(#1007,#1008,#1009,#1010));
#613=CYLINDRICAL_SURFACE('',#614,0.56);
#614=AXIS2_PLACEMENT_3D('',#615,#616,#617);
#615=CARTESIAN_POINT('',(-4.94309383563093,3.59136789150701,7.75));
#616=DIRECTION('',(0.,0.,1.));
#617=DIRECTION('',(0.809016994374947,-0.587785252292473,0.));
#618=FACE_BOUND('',#619,.T.);
#619=EDGE_LOOP('',(#1011,#1012,#1013,#1014));
#620=CYLINDRICAL_SURFACE('',#621,0.56);
#621=AXIS2_PLACEMENT_3D('',#622,#623,#624);
#622=CARTESIAN_POINT('',(-1.88809383563093,5.81095531456339,7.75));
#623=DIRECTION('',(0.,0.,1.));
#624=DIRECTION('',(0.309016994374948,-0.951056516295153,0.));
#625=FACE_BOUND('',#626,.T.);
#626=EDGE_LOOP('',(#1015,#1016,#1017,#1018));
#627=CYLINDRICAL_SURFACE('',#628,0.56);
#628=AXIS2_PLACEMENT_3D('',#629,#630,#631);
#629=CARTESIAN_POINT('',(0.,6.11,7.75));
#630=DIRECTION('',(0.,0.,1.));
#631=DIRECTION('',(-1.,0.,0.));
#632=FACE_BOUND('',#633,.T.);
#633=EDGE_LOOP('',(#1019,#1020,#1021,#1022));
#634=CYLINDRICAL_SURFACE('',#635,0.56);
#635=AXIS2_PLACEMENT_3D('',#636,#637,#638);
#636=CARTESIAN_POINT('',(-3.59136789150701,4.94309383563093,7.75));
#637=DIRECTION('',(0.,0.,1.));
#638=DIRECTION('',(0.587785252292473,-0.809016994374947,0.));
#639=FACE_BOUND('',#640,.T.);
#640=EDGE_LOOP('',(#1023,#1024,#1025,#1026));
#641=CYLINDRICAL_SURFACE('',#642,0.56);
#642=AXIS2_PLACEMENT_3D('',#643,#644,#645);
#643=CARTESIAN_POINT('',(-5.81095531456339,1.88809383563093,7.75));
#644=DIRECTION('',(0.,0.,1.));
#645=DIRECTION('',(0.951056516295153,-0.309016994374948,0.));
#646=FACE_BOUND('',#647,.T.);
#647=EDGE_LOOP('',(#1027,#1028,#1029,#1030));
#648=CYLINDRICAL_SURFACE('',#649,0.56);
#649=AXIS2_PLACEMENT_3D('',#650,#651,#652);
#650=CARTESIAN_POINT('',(-5.81095531456339,-1.88809383563093,7.75));
#651=DIRECTION('',(0.,0.,1.));
#652=DIRECTION('',(0.951056516295153,0.309016994374948,0.));
#653=FACE_BOUND('',#654,.T.);
#654=EDGE_LOOP('',(#1031,#1032,#1033,#1034));
#655=CYLINDRICAL_SURFACE('',#656,0.56);
#656=AXIS2_PLACEMENT_3D('',#657,#658,#659);
#657=CARTESIAN_POINT('',(-3.59136789150701,-4.94309383563093,7.75));
#658=DIRECTION('',(0.,0.,1.));
#659=DIRECTION('',(0.587785252292473,0.809016994374947,0.));
#660=FACE_BOUND('',#661,.T.);
#661=EDGE_LOOP('',(#1035,#1036,#1037,#1038));
#662=CYLINDRICAL_SURFACE('',#663,0.56);
#663=AXIS2_PLACEMENT_3D('',#664,#665,#666);
#664=CARTESIAN_POINT('',(-7.48259194279033E-16,-6.11,7.75));
#665=DIRECTION('',(0.,0.,1.));
#666=DIRECTION('',(-1.,0.,0.));
#667=FACE_BOUND('',#668,.T.);
#668=EDGE_LOOP('',(#1039,#1040,#1041,#1042));
#669=CYLINDRICAL_SURFACE('',#670,0.56);
#670=AXIS2_PLACEMENT_3D('',#671,#672,#673);
#671=CARTESIAN_POINT('',(3.59136789150701,-4.94309383563093,7.75));
#672=DIRECTION('',(0.,0.,1.));
#673=DIRECTION('',(-1.,0.,0.));
#674=FACE_BOUND('',#675,.T.);
#675=EDGE_LOOP('',(#1043,#1044,#1045,#1046));
#676=CYLINDRICAL_SURFACE('',#677,0.56);
#677=AXIS2_PLACEMENT_3D('',#678,#679,#680);
#678=CARTESIAN_POINT('',(5.81095531456339,-1.88809383563093,7.75));
#679=DIRECTION('',(0.,0.,1.));
#680=DIRECTION('',(-1.,0.,0.));
#681=FACE_BOUND('',#682,.T.);
#682=EDGE_LOOP('',(#1047,#1048,#1049,#1050));
#683=CYLINDRICAL_SURFACE('',#684,0.56);
#684=AXIS2_PLACEMENT_3D('',#685,#686,#687);
#685=CARTESIAN_POINT('',(5.81095531456339,1.88809383563093,7.75));
#686=DIRECTION('',(0.,0.,1.));
#687=DIRECTION('',(-1.,0.,0.));
#688=FACE_BOUND('',#689,.T.);
#689=EDGE_LOOP('',(#1051,#1052));
#690=FACE_BOUND('',#691,.T.);
#691=EDGE_LOOP('',(#1053,#1054,#1055,#1056,#1057,#1058,#1059,#1060,#1061,#1062,#1063,
#1064,#1065,#1066,#1067,#1068,#1069,#1070,#1071,#1072,#1073,#1074,#1075,#1076,#1077,
#1078,#1079,#1080,#1081,#1082,#1083,#1084,#1085,#1086,#1087,#1088,#1089,#1090,#1091,
#1092));
#692=PLANE('',#693);
#693=AXIS2_PLACEMENT_3D('',#694,#695,#696);
#694=CARTESIAN_POINT('',(0.,6.11,15.25));
#695=DIRECTION('',(0.,0.,-1.));
#696=DIRECTION('',(-1.,0.,0.));
#697=FACE_BOUND('',#698,.T.);
#698=EDGE_LOOP('',(#1093,#1094,#1095,#1096));
#699=CYLINDRICAL_SURFACE('',#700,6.11);
#700=AXIS2_PLACEMENT_3D('',#701,#702,#703);
#701=CARTESIAN_POINT('',(0.,0.,11.5));
#702=DIRECTION('',(0.,0.,-1.));
#703=DIRECTION('',(0.,1.,0.));
#704=FACE_BOUND('',#705,.T.);
#705=EDGE_LOOP('',(#1097,#1098,#1099,#1100));
#706=CYLINDRICAL_SURFACE('',#707,6.11);
#707=AXIS2_PLACEMENT_3D('',#708,#709,#710);
#708=CARTESIAN_POINT('',(0.,0.,11.5));
#709=DIRECTION('',(0.,0.,-1.));
#710=DIRECTION('',(0.,1.,0.));
#711=FACE_BOUND('',#712,.T.);
#712=EDGE_LOOP('',(#1101,#1102,#1103,#1104));
#713=CYLINDRICAL_SURFACE('',#714,6.11);
#714=AXIS2_PLACEMENT_3D('',#715,#716,#717);
#715=CARTESIAN_POINT('',(0.,0.,11.5));
#716=DIRECTION('',(0.,0.,-1.));
#717=DIRECTION('',(0.,1.,0.));
#718=FACE_BOUND('',#719,.T.);
#719=EDGE_LOOP('',(#1105,#1106,#1107,#1108));
#720=CYLINDRICAL_SURFACE('',#721,6.11);
#721=AXIS2_PLACEMENT_3D('',#722,#723,#724);
#722=CARTESIAN_POINT('',(0.,0.,11.5));
#723=DIRECTION('',(0.,0.,-1.));
#724=DIRECTION('',(0.,1.,0.));
#725=FACE_BOUND('',#726,.T.);
#726=EDGE_LOOP('',(#1109,#1110,#1111,#1112));
#727=CYLINDRICAL_SURFACE('',#728,6.11);
#728=AXIS2_PLACEMENT_3D('',#729,#730,#731);
#729=CARTESIAN_POINT('',(0.,0.,11.5));
#730=DIRECTION('',(0.,0.,-1.));
#731=DIRECTION('',(0.,1.,0.));
#732=FACE_BOUND('',#733,.T.);
#733=EDGE_LOOP('',(#1113,#1114,#1115,#1116));
#734=CYLINDRICAL_SURFACE('',#735,6.11);
#735=AXIS2_PLACEMENT_3D('',#736,#737,#738);
#736=CARTESIAN_POINT('',(0.,0.,11.5));
#737=DIRECTION('',(0.,0.,-1.));
#738=DIRECTION('',(0.,1.,0.));
#739=FACE_BOUND('',#740,.T.);
#740=EDGE_LOOP('',(#1117,#1118,#1119,#1120));
#741=CYLINDRICAL_SURFACE('',#742,6.11);
#742=AXIS2_PLACEMENT_3D('',#743,#744,#745);
#743=CARTESIAN_POINT('',(0.,0.,11.5));
#744=DIRECTION('',(0.,0.,-1.));
#745=DIRECTION('',(0.,1.,0.));
#746=FACE_BOUND('',#747,.T.);
#747=EDGE_LOOP('',(#1121,#1122,#1123,#1124));
#748=CYLINDRICAL_SURFACE('',#749,6.11);
#749=AXIS2_PLACEMENT_3D('',#750,#751,#752);
#750=CARTESIAN_POINT('',(0.,0.,11.5));
#751=DIRECTION('',(0.,0.,-1.));
#752=DIRECTION('',(0.,1.,0.));
#753=FACE_BOUND('',#754,.T.);
#754=EDGE_LOOP('',(#1125,#1126,#1127,#1128));
#755=CYLINDRICAL_SURFACE('',#756,6.11);
#756=AXIS2_PLACEMENT_3D('',#757,#758,#759);
#757=CARTESIAN_POINT('',(0.,0.,11.5));
#758=DIRECTION('',(0.,0.,-1.));
#759=DIRECTION('',(0.,1.,0.));
#760=FACE_BOUND('',#761,.T.);
#761=EDGE_LOOP('',(#1129,#1130,#1131,#1132));
#762=CYLINDRICAL_SURFACE('',#763,6.11);
#763=AXIS2_PLACEMENT_3D('',#764,#765,#766);
#764=CARTESIAN_POINT('',(0.,0.,11.5));
#765=DIRECTION('',(0.,0.,-1.));
#766=DIRECTION('',(0.,1.,0.));
#767=FACE_BOUND('',#768,.T.);
#768=EDGE_LOOP('',(#1133,#1134,#1135,#1136));
#769=CYLINDRICAL_SURFACE('',#770,6.11);
#770=AXIS2_PLACEMENT_3D('',#771,#772,#773);
#771=CARTESIAN_POINT('',(0.,0.,11.5));
#772=DIRECTION('',(0.,0.,-1.));
#773=DIRECTION('',(0.,1.,0.));
#774=FACE_BOUND('',#775,.T.);
#775=EDGE_LOOP('',(#1137,#1138,#1139,#1140));
#776=CYLINDRICAL_SURFACE('',#777,6.11);
#777=AXIS2_PLACEMENT_3D('',#778,#779,#780);
#778=CARTESIAN_POINT('',(0.,0.,11.5));
#779=DIRECTION('',(0.,0.,-1.));
#780=DIRECTION('',(0.,1.,0.));
#781=FACE_BOUND('',#782,.T.);
#782=EDGE_LOOP('',(#1141,#1142,#1143,#1144));
#783=CYLINDRICAL_SURFACE('',#784,6.11);
#784=AXIS2_PLACEMENT_3D('',#785,#786,#787);
#785=CARTESIAN_POINT('',(0.,0.,11.5));
#786=DIRECTION('',(0.,0.,-1.));
#787=DIRECTION('',(0.,1.,0.));
#788=FACE_BOUND('',#789,.T.);
#789=EDGE_LOOP('',(#1145,#1146,#1147,#1148));
#790=CYLINDRICAL_SURFACE('',#791,6.11);
#791=AXIS2_PLACEMENT_3D('',#792,#793,#794);
#792=CARTESIAN_POINT('',(0.,0.,11.5));
#793=DIRECTION('',(0.,0.,-1.));
#794=DIRECTION('',(0.,1.,0.));
#795=FACE_BOUND('',#796,.T.);
#796=EDGE_LOOP('',(#1149,#1150,#1151,#1152));
#797=CYLINDRICAL_SURFACE('',#798,6.11);
#798=AXIS2_PLACEMENT_3D('',#799,#800,#801);
#799=CARTESIAN_POINT('',(0.,0.,11.5));
#800=DIRECTION('',(0.,0.,-1.));
#801=DIRECTION('',(0.,1.,0.));
#802=FACE_BOUND('',#803,.T.);
#803=EDGE_LOOP('',(#1153,#1154,#1155,#1156));
#804=CYLINDRICAL_SURFACE('',#805,6.11);
#805=AXIS2_PLACEMENT_3D('',#806,#807,#808);
#806=CARTESIAN_POINT('',(0.,0.,11.5));
#807=DIRECTION('',(0.,0.,-1.));
#808=DIRECTION('',(0.,1.,0.));
#809=FACE_BOUND('',#810,.T.);
#810=EDGE_LOOP('',(#1157,#1158,#1159,#1160));
#811=CYLINDRICAL_SURFACE('',#812,6.11);
#812=AXIS2_PLACEMENT_3D('',#813,#814,#815);
#813=CARTESIAN_POINT('',(0.,0.,11.5));
#814=DIRECTION('',(0.,0.,-1.));
#815=DIRECTION('',(0.,1.,0.));
#816=FACE_BOUND('',#817,.T.);
#817=EDGE_LOOP('',(#1161,#1162,#1163,#1164));
#818=CYLINDRICAL_SURFACE('',#819,6.11);
#819=AXIS2_PLACEMENT_3D('',#820,#821,#822);
#820=CARTESIAN_POINT('',(0.,0.,11.5));
#821=DIRECTION('',(0.,0.,-1.));
#822=DIRECTION('',(0.,1.,0.));
#823=FACE_BOUND('',#824,.T.);
#824=EDGE_LOOP('',(#1165,#1166,#1167,#1168));
#825=CYLINDRICAL_SURFACE('',#826,6.11);
#826=AXIS2_PLACEMENT_3D('',#827,#828,#829);
#827=CARTESIAN_POINT('',(0.,0.,11.5));
#828=DIRECTION('',(0.,0.,-1.));
#829=DIRECTION('',(0.,1.,0.));
#830=FACE_BOUND('',#831,.T.);
#831=EDGE_LOOP('',(#1169,#1170,#1171,#1172));
#832=CYLINDRICAL_SURFACE('',#833,6.11);
#833=AXIS2_PLACEMENT_3D('',#834,#835,#836);
#834=CARTESIAN_POINT('',(0.,0.,11.5));
#835=DIRECTION('',(0.,0.,-1.));
#836=DIRECTION('',(0.,1.,0.));
#837=FACE_BOUND('',#838,.T.);
#838=EDGE_LOOP('',(#1173,#1174,#1175));
#839=FACE_BOUND('',#840,.T.);
#840=EDGE_LOOP('',(#1176,#1177,#1178));
#841=CYLINDRICAL_SURFACE('',#842,1.);
#842=AXIS2_PLACEMENT_3D('',#843,#844,#845);
#843=CARTESIAN_POINT('',(0.,0.,3.75));
#844=DIRECTION('',(0.,-1.,0.));
#845=DIRECTION('',(1.,0.,0.));
#846=FACE_OUTER_BOUND('',#847,.T.);
#847=EDGE_LOOP('',(#1179));
#848=FACE_OUTER_BOUND('',#849,.T.);
#849=EDGE_LOOP('',(#1180));
#850=CYLINDRICAL_SURFACE('',#851,1.);
#851=AXIS2_PLACEMENT_3D('',#852,#853,#854);
#852=CARTESIAN_POINT('',(0.,0.,3.75));
#853=DIRECTION('',(-1.,0.,0.));
#854=DIRECTION('',(0.,-1.,0.));
#855=FACE_OUTER_BOUND('',#856,.T.);
#856=EDGE_LOOP('',(#1181));
#857=FACE_BOUND('',#858,.T.);
#858=EDGE_LOOP('',(#1182,#1183));
#859=CONICAL_SURFACE('',#860,2.75,0.785398163397448);
#860=AXIS2_PLACEMENT_3D('',#861,#862,#863);
#861=CARTESIAN_POINT('',(0.,0.,0.25));
#862=DIRECTION('',(0.,0.,-1.));
#863=DIRECTION('',(0.,-1.,0.));
#864=FACE_BOUND('',#865,.T.);
#865=EDGE_LOOP('',(#1184));
#866=FACE_BOUND('',#867,.T.);
#867=EDGE_LOOP('',(#1185));
#868=PLANE('',#869);
#869=AXIS2_PLACEMENT_3D('',#870,#871,#872);
#870=CARTESIAN_POINT('',(0.,2.5,0.));
#871=DIRECTION('',(0.,0.,-1.));
#872=DIRECTION('',(-1.,0.,0.));
#873=FACE_BOUND('',#874,.T.);
#874=EDGE_LOOP('',(#1186,#1187));
#875=FACE_BOUND('',#876,.T.);
#876=EDGE_LOOP('',(#1188,#1189));
#877=FACE_BOUND('',#878,.T.);
#878=EDGE_LOOP('',(#1190,#1191,#1192));
#879=FACE_BOUND('',#880,.T.);
#880=EDGE_LOOP('',(#1193));
#881=CYLINDRICAL_SURFACE('',#882,2.5);
#882=AXIS2_PLACEMENT_3D('',#883,#884,#885);
#883=CARTESIAN_POINT('',(0.,0.,8.));
#884=DIRECTION('',(0.,0.,-1.));
#885=DIRECTION('',(0.,1.,0.));
#886=FACE_BOUND('',#887,.T.);
#887=EDGE_LOOP('',(#1194,#1195));
#888=FACE_OUTER_BOUND('',#889,.T.);
#889=EDGE_LOOP('',(#1196));
#890=CONICAL_SURFACE('',#891,7.75,0.785398163397447);
#891=AXIS2_PLACEMENT_3D('',#892,#893,#894);
#892=CARTESIAN_POINT('',(0.,0.,0.25));
#893=DIRECTION('',(0.,0.,1.));
#894=DIRECTION('',(0.,-1.,0.));
#895=FACE_BOUND('',#896,.T.);
#896=EDGE_LOOP('',(#1197,#1198));
#897=FACE_BOUND('',#898,.T.);
#898=EDGE_LOOP('',(#1199,#1200));
#899=FACE_BOUND('',#900,.T.);
#900=EDGE_LOOP('',(#1201,#1202,#1203));
#901=FACE_BOUND('',#902,.T.);
#902=EDGE_LOOP('',(#1204));
#903=CYLINDRICAL_SURFACE('',#904,8.);
#904=AXIS2_PLACEMENT_3D('',#905,#906,#907);
#905=CARTESIAN_POINT('',(0.,0.,3.74102540378444));
#906=DIRECTION('',(0.,0.,-1.));
#907=DIRECTION('',(0.,1.,0.));
#908=FACE_OUTER_BOUND('',#909,.T.);
#909=EDGE_LOOP('',(#1205));
#910=FACE_BOUND('',#911,.T.);
#911=EDGE_LOOP('',(#1206,#1207));
#912=CONICAL_SURFACE('',#913,2.75,0.785398163397448);
#913=AXIS2_PLACEMENT_3D('',#914,#915,#916);
#914=CARTESIAN_POINT('',(0.,0.,15.75));
#915=DIRECTION('',(0.,0.,1.));
#916=DIRECTION('',(0.,-1.,0.));
#917=FACE_BOUND('',#918,.T.);
#918=EDGE_LOOP('',(#1208,#1209));
#919=FACE_BOUND('',#920,.T.);
#920=EDGE_LOOP('',(#1210));
#921=PLANE('',#922);
#922=AXIS2_PLACEMENT_3D('',#923,#924,#925);
#923=CARTESIAN_POINT('',(0.,7.,16.));
#924=DIRECTION('',(0.,0.,1.));
#925=DIRECTION('',(1.,0.,0.));
#926=FACE_BOUND('',#927,.T.);
#927=EDGE_LOOP('',(#1211,#1212));
#928=FACE_BOUND('',#929,.T.);
#929=EDGE_LOOP('',(#1213,#1214));
#930=CONICAL_SURFACE('',#931,7.49999999999999,1.30899693899575);
#931=AXIS2_PLACEMENT_3D('',#932,#933,#934);
#932=CARTESIAN_POINT('',(0.,0.,16.1339745962156));
#933=DIRECTION('',(0.,0.,1.));
#934=DIRECTION('',(0.,1.,0.));
#935=FACE_BOUND('',#936,.T.);
#936=EDGE_LOOP('',(#1215,#1216));
#937=FACE_BOUND('',#938,.T.);
#938=EDGE_LOOP('',(#1217,#1218));
#939=CYLINDRICAL_SURFACE('',#940,8.);
#940=AXIS2_PLACEMENT_3D('',#941,#942,#943);
#941=CARTESIAN_POINT('',(0.,0.,15.8929491924311));
#942=DIRECTION('',(0.,0.,-1.));
#943=DIRECTION('',(0.,1.,0.));
#944=FACE_BOUND('',#945,.T.);
#945=EDGE_LOOP('',(#1219,#1220));
#946=FACE_BOUND('',#947,.T.);
#947=EDGE_LOOP('',(#1221,#1222));
#948=CONICAL_SURFACE('',#949,7.49999999999999,1.30899693899575);
#949=AXIS2_PLACEMENT_3D('',#950,#951,#952);
#950=CARTESIAN_POINT('',(0.,0.,15.3839745962156));
#951=DIRECTION('',(0.,0.,1.));
#952=DIRECTION('',(0.,1.,0.));
#953=FACE_BOUND('',#954,.T.);
#954=EDGE_LOOP('',(#1223,#1224));
#955=FACE_BOUND('',#956,.T.);
#956=EDGE_LOOP('',(#1225,#1226,#1227,#1228,#1229,#1230,#1231,#1232,#1233,#1234,#1235,
#1236,#1237,#1238,#1239,#1240,#1241,#1242,#1243,#1244,#1245,#1246,#1247,#1248,#1249,
#1250,#1251,#1252,#1253,#1254,#1255,#1256,#1257,#1258,#1259,#1260,#1261,#1262,#1263,
#1264));
#957=PLANE('',#958);
#958=AXIS2_PLACEMENT_3D('',#959,#960,#961);
#959=CARTESIAN_POINT('',(0.,7.,7.75));
#960=DIRECTION('',(0.,0.,1.));
#961=DIRECTION('',(1.,0.,0.));
#962=FACE_BOUND('',#963,.T.);
#963=EDGE_LOOP('',(#1265,#1266));
#964=FACE_BOUND('',#965,.T.);
#965=EDGE_LOOP('',(#1267,#1268));
#966=CONICAL_SURFACE('',#967,7.5,1.30899693899575);
#967=AXIS2_PLACEMENT_3D('',#968,#969,#970);
#968=CARTESIAN_POINT('',(0.,0.,7.61602540378444));
#969=DIRECTION('',(0.,0.,-1.));
#970=DIRECTION('',(0.,1.,0.));
#971=ORIENTED_EDGE('',*,*,#1269,.F.);
#972=ORIENTED_EDGE('',*,*,#1270,.T.);
#973=ORIENTED_EDGE('',*,*,#1271,.F.);
#974=ORIENTED_EDGE('',*,*,#1272,.T.);
#975=ORIENTED_EDGE('',*,*,#1273,.F.);
#976=ORIENTED_EDGE('',*,*,#1274,.T.);
#977=ORIENTED_EDGE('',*,*,#1275,.F.);
#978=ORIENTED_EDGE('',*,*,#1276,.T.);
#979=ORIENTED_EDGE('',*,*,#1277,.F.);
#980=ORIENTED_EDGE('',*,*,#1278,.T.);
#981=ORIENTED_EDGE('',*,*,#1279,.F.);
#982=ORIENTED_EDGE('',*,*,#1280,.T.);
#983=ORIENTED_EDGE('',*,*,#1281,.F.);
#984=ORIENTED_EDGE('',*,*,#1282,.T.);
#985=ORIENTED_EDGE('',*,*,#1283,.F.);
#986=ORIENTED_EDGE('',*,*,#1284,.T.);
#987=ORIENTED_EDGE('',*,*,#1285,.F.);
#988=ORIENTED_EDGE('',*,*,#1286,.T.);
#989=ORIENTED_EDGE('',*,*,#1287,.F.);
#990=ORIENTED_EDGE('',*,*,#1288,.T.);
#991=ORIENTED_EDGE('',*,*,#1289,.F.);
#992=ORIENTED_EDGE('',*,*,#1290,.T.);
#993=ORIENTED_EDGE('',*,*,#1291,.F.);
#994=ORIENTED_EDGE('',*,*,#1292,.T.);
#995=ORIENTED_EDGE('',*,*,#1293,.F.);
#996=ORIENTED_EDGE('',*,*,#1294,.T.);
#997=ORIENTED_EDGE('',*,*,#1295,.F.);
#998=ORIENTED_EDGE('',*,*,#1296,.T.);
#999=ORIENTED_EDGE('',*,*,#1297,.F.);
#1000=ORIENTED_EDGE('',*,*,#1298,.T.);
#1001=ORIENTED_EDGE('',*,*,#1299,.F.);
#1002=ORIENTED_EDGE('',*,*,#1300,.T.);
#1003=ORIENTED_EDGE('',*,*,#1301,.F.);
#1004=ORIENTED_EDGE('',*,*,#1302,.T.);
#1005=ORIENTED_EDGE('',*,*,#1303,.F.);
#1006=ORIENTED_EDGE('',*,*,#1304,.T.);
#1007=ORIENTED_EDGE('',*,*,#1305,.F.);
#1008=ORIENTED_EDGE('',*,*,#1306,.T.);
#1009=ORIENTED_EDGE('',*,*,#1307,.F.);
#1010=ORIENTED_EDGE('',*,*,#1308,.T.);
#1011=ORIENTED_EDGE('',*,*,#1309,.F.);
#1012=ORIENTED_EDGE('',*,*,#1310,.T.);
#1013=ORIENTED_EDGE('',*,*,#1311,.F.);
#1014=ORIENTED_EDGE('',*,*,#1312,.T.);
#1015=ORIENTED_EDGE('',*,*,#1313,.F.);
#1016=ORIENTED_EDGE('',*,*,#1314,.T.);
#1017=ORIENTED_EDGE('',*,*,#1315,.F.);
#1018=ORIENTED_EDGE('',*,*,#1316,.T.);
#1019=ORIENTED_EDGE('',*,*,#1317,.F.);
#1020=ORIENTED_EDGE('',*,*,#1318,.T.);
#1021=ORIENTED_EDGE('',*,*,#1319,.F.);
#1022=ORIENTED_EDGE('',*,*,#1320,.T.);
#1023=ORIENTED_EDGE('',*,*,#1321,.F.);
#1024=ORIENTED_EDGE('',*,*,#1322,.T.);
#1025=ORIENTED_EDGE('',*,*,#1323,.F.);
#1026=ORIENTED_EDGE('',*,*,#1324,.T.);
#1027=ORIENTED_EDGE('',*,*,#1325,.F.);
#1028=ORIENTED_EDGE('',*,*,#1326,.T.);
#1029=ORIENTED_EDGE('',*,*,#1327,.F.);
#1030=ORIENTED_EDGE('',*,*,#1328,.T.);
#1031=ORIENTED_EDGE('',*,*,#1329,.F.);
#1032=ORIENTED_EDGE('',*,*,#1330,.T.);
#1033=ORIENTED_EDGE('',*,*,#1331,.F.);
#1034=ORIENTED_EDGE('',*,*,#1332,.T.);
#1035=ORIENTED_EDGE('',*,*,#1333,.F.);
#1036=ORIENTED_EDGE('',*,*,#1334,.T.);
#1037=ORIENTED_EDGE('',*,*,#1335,.F.);
#1038=ORIENTED_EDGE('',*,*,#1336,.T.);
#1039=ORIENTED_EDGE('',*,*,#1337,.F.);
#1040=ORIENTED_EDGE('',*,*,#1338,.T.);
#1041=ORIENTED_EDGE('',*,*,#1339,.F.);
#1042=ORIENTED_EDGE('',*,*,#1340,.T.);
#1043=ORIENTED_EDGE('',*,*,#1341,.F.);
#1044=ORIENTED_EDGE('',*,*,#1342,.T.);
#1045=ORIENTED_EDGE('',*,*,#1343,.F.);
#1046=ORIENTED_EDGE('',*,*,#1344,.T.);
#1047=ORIENTED_EDGE('',*,*,#1345,.F.);
#1048=ORIENTED_EDGE('',*,*,#1346,.T.);
#1049=ORIENTED_EDGE('',*,*,#1347,.F.);
#1050=ORIENTED_EDGE('',*,*,#1348,.T.);
#1051=ORIENTED_EDGE('',*,*,#1349,.T.);
#1052=ORIENTED_EDGE('',*,*,#1350,.T.);
#1053=ORIENTED_EDGE('',*,*,#1351,.F.);
#1054=ORIENTED_EDGE('',*,*,#1276,.F.);
#1055=ORIENTED_EDGE('',*,*,#1352,.F.);
#1056=ORIENTED_EDGE('',*,*,#1316,.F.);
#1057=ORIENTED_EDGE('',*,*,#1353,.F.);
#1058=ORIENTED_EDGE('',*,*,#1310,.F.);
#1059=ORIENTED_EDGE('',*,*,#1354,.F.);
#1060=ORIENTED_EDGE('',*,*,#1318,.F.);
#1061=ORIENTED_EDGE('',*,*,#1355,.F.);
#1062=ORIENTED_EDGE('',*,*,#1308,.F.);
#1063=ORIENTED_EDGE('',*,*,#1356,.F.);
#1064=ORIENTED_EDGE('',*,*,#1324,.F.);
#1065=ORIENTED_EDGE('',*,*,#1357,.F.);
#1066=ORIENTED_EDGE('',*,*,#1302,.F.);
#1067=ORIENTED_EDGE('',*,*,#1358,.F.);
#1068=ORIENTED_EDGE('',*,*,#1326,.F.);
#1069=ORIENTED_EDGE('',*,*,#1359,.F.);
#1070=ORIENTED_EDGE('',*,*,#1300,.F.);
#1071=ORIENTED_EDGE('',*,*,#1360,.F.);
#1072=ORIENTED_EDGE('',*,*,#1332,.F.);
#1073=ORIENTED_EDGE('',*,*,#1361,.F.);
#1074=ORIENTED_EDGE('',*,*,#1294,.F.);
#1075=ORIENTED_EDGE('',*,*,#1362,.F.);
#1076=ORIENTED_EDGE('',*,*,#1336,.F.);
#1077=ORIENTED_EDGE('',*,*,#1363,.F.);
#1078=ORIENTED_EDGE('',*,*,#1292,.F.);
#1079=ORIENTED_EDGE('',*,*,#1364,.F.);
#1080=ORIENTED_EDGE('',*,*,#1340,.F.);
#1081=ORIENTED_EDGE('',*,*,#1365,.F.);
#1082=ORIENTED_EDGE('',*,*,#1288,.F.);
#1083=ORIENTED_EDGE('',*,*,#1366,.F.);
#1084=ORIENTED_EDGE('',*,*,#1344,.F.);
#1085=ORIENTED_EDGE('',*,*,#1367,.F.);
#1086=ORIENTED_EDGE('',*,*,#1284,.F.);
#1087=ORIENTED_EDGE('',*,*,#1368,.F.);
#1088=ORIENTED_EDGE('',*,*,#1348,.F.);
#1089=ORIENTED_EDGE('',*,*,#1369,.F.);
#1090=ORIENTED_EDGE('',*,*,#1280,.F.);
#1091=ORIENTED_EDGE('',*,*,#1370,.F.);
#1092=ORIENTED_EDGE('',*,*,#1272,.F.);
#1093=ORIENTED_EDGE('',*,*,#1283,.T.);
#1094=ORIENTED_EDGE('',*,*,#1371,.F.);
#1095=ORIENTED_EDGE('',*,*,#1345,.T.);
#1096=ORIENTED_EDGE('',*,*,#1368,.T.);
#1097=ORIENTED_EDGE('',*,*,#1295,.T.);
#1098=ORIENTED_EDGE('',*,*,#1361,.T.);
#1099=ORIENTED_EDGE('',*,*,#1331,.T.);
#1100=ORIENTED_EDGE('',*,*,#1372,.F.);
#1101=ORIENTED_EDGE('',*,*,#1291,.T.);
#1102=ORIENTED_EDGE('',*,*,#1373,.F.);
#1103=ORIENTED_EDGE('',*,*,#1337,.T.);
#1104=ORIENTED_EDGE('',*,*,#1364,.T.);
#1105=ORIENTED_EDGE('',*,*,#1303,.T.);
#1106=ORIENTED_EDGE('',*,*,#1357,.T.);
#1107=ORIENTED_EDGE('',*,*,#1323,.T.);
#1108=ORIENTED_EDGE('',*,*,#1374,.F.);
#1109=ORIENTED_EDGE('',*,*,#1299,.T.);
#1110=ORIENTED_EDGE('',*,*,#1375,.F.);
#1111=ORIENTED_EDGE('',*,*,#1329,.T.);
#1112=ORIENTED_EDGE('',*,*,#1360,.T.);
#1113=ORIENTED_EDGE('',*,*,#1307,.T.);
#1114=ORIENTED_EDGE('',*,*,#1376,.F.);
#1115=ORIENTED_EDGE('',*,*,#1321,.T.);
#1116=ORIENTED_EDGE('',*,*,#1356,.T.);
#1117=ORIENTED_EDGE('',*,*,#1311,.T.);
#1118=ORIENTED_EDGE('',*,*,#1353,.T.);
#1119=ORIENTED_EDGE('',*,*,#1315,.T.);
#1120=ORIENTED_EDGE('',*,*,#1377,.F.);
#1121=ORIENTED_EDGE('',*,*,#1309,.T.);
#1122=ORIENTED_EDGE('',*,*,#1378,.F.);
#1123=ORIENTED_EDGE('',*,*,#1319,.T.);
#1124=ORIENTED_EDGE('',*,*,#1354,.T.);
#1125=ORIENTED_EDGE('',*,*,#1305,.T.);
#1126=ORIENTED_EDGE('',*,*,#1355,.T.);
#1127=ORIENTED_EDGE('',*,*,#1317,.T.);
#1128=ORIENTED_EDGE('',*,*,#1379,.F.);
#1129=ORIENTED_EDGE('',*,*,#1301,.T.);
#1130=ORIENTED_EDGE('',*,*,#1380,.F.);
#1131=ORIENTED_EDGE('',*,*,#1327,.T.);
#1132=ORIENTED_EDGE('',*,*,#1358,.T.);
#1133=ORIENTED_EDGE('',*,*,#1297,.T.);
#1134=ORIENTED_EDGE('',*,*,#1359,.T.);
#1135=ORIENTED_EDGE('',*,*,#1325,.T.);
#1136=ORIENTED_EDGE('',*,*,#1381,.F.);
#1137=ORIENTED_EDGE('',*,*,#1293,.T.);
#1138=ORIENTED_EDGE('',*,*,#1382,.F.);
#1139=ORIENTED_EDGE('',*,*,#1333,.T.);
#1140=ORIENTED_EDGE('',*,*,#1362,.T.);
#1141=ORIENTED_EDGE('',*,*,#1289,.T.);
#1142=ORIENTED_EDGE('',*,*,#1363,.T.);
#1143=ORIENTED_EDGE('',*,*,#1335,.T.);
#1144=ORIENTED_EDGE('',*,*,#1383,.F.);
#1145=ORIENTED_EDGE('',*,*,#1287,.T.);
#1146=ORIENTED_EDGE('',*,*,#1384,.F.);
#1147=ORIENTED_EDGE('',*,*,#1341,.T.);
#1148=ORIENTED_EDGE('',*,*,#1366,.T.);
#1149=ORIENTED_EDGE('',*,*,#1285,.T.);
#1150=ORIENTED_EDGE('',*,*,#1365,.T.);
#1151=ORIENTED_EDGE('',*,*,#1339,.T.);
#1152=ORIENTED_EDGE('',*,*,#1385,.F.);
#1153=ORIENTED_EDGE('',*,*,#1281,.T.);
#1154=ORIENTED_EDGE('',*,*,#1367,.T.);
#1155=ORIENTED_EDGE('',*,*,#1343,.T.);
#1156=ORIENTED_EDGE('',*,*,#1386,.F.);
#1157=ORIENTED_EDGE('',*,*,#1277,.T.);
#1158=ORIENTED_EDGE('',*,*,#1369,.T.);
#1159=ORIENTED_EDGE('',*,*,#1347,.T.);
#1160=ORIENTED_EDGE('',*,*,#1387,.F.);
#1161=ORIENTED_EDGE('',*,*,#1275,.T.);
#1162=ORIENTED_EDGE('',*,*,#1388,.F.);
#1163=ORIENTED_EDGE('',*,*,#1313,.T.);
#1164=ORIENTED_EDGE('',*,*,#1352,.T.);
#1165=ORIENTED_EDGE('',*,*,#1271,.T.);
#1166=ORIENTED_EDGE('',*,*,#1389,.F.);
#1167=ORIENTED_EDGE('',*,*,#1273,.T.);
#1168=ORIENTED_EDGE('',*,*,#1351,.T.);
#1169=ORIENTED_EDGE('',*,*,#1269,.T.);
#1170=ORIENTED_EDGE('',*,*,#1370,.T.);
#1171=ORIENTED_EDGE('',*,*,#1279,.T.);
#1172=ORIENTED_EDGE('',*,*,#1390,.F.);
#1173=ORIENTED_EDGE('',*,*,#1391,.F.);
#1174=ORIENTED_EDGE('',*,*,#1392,.F.);
#1175=ORIENTED_EDGE('',*,*,#1393,.F.);
#1176=ORIENTED_EDGE('',*,*,#1394,.F.);
#1177=ORIENTED_EDGE('',*,*,#1395,.F.);
#1178=ORIENTED_EDGE('',*,*,#1396,.F.);
#1179=ORIENTED_EDGE('',*,*,#1397,.F.);
#1180=ORIENTED_EDGE('',*,*,#1398,.F.);
#1181=ORIENTED_EDGE('',*,*,#1399,.T.);
#1182=ORIENTED_EDGE('',*,*,#1400,.T.);
#1183=ORIENTED_EDGE('',*,*,#1401,.T.);
#1184=ORIENTED_EDGE('',*,*,#1402,.F.);
#1185=ORIENTED_EDGE('',*,*,#1399,.F.);
#1186=ORIENTED_EDGE('',*,*,#1403,.F.);
#1187=ORIENTED_EDGE('',*,*,#1404,.F.);
#1188=ORIENTED_EDGE('',*,*,#1401,.F.);
#1189=ORIENTED_EDGE('',*,*,#1400,.F.);
#1190=ORIENTED_EDGE('',*,*,#1393,.T.);
#1191=ORIENTED_EDGE('',*,*,#1392,.T.);
#1192=ORIENTED_EDGE('',*,*,#1391,.T.);
#1193=ORIENTED_EDGE('',*,*,#1397,.T.);
#1194=ORIENTED_EDGE('',*,*,#1405,.T.);
#1195=ORIENTED_EDGE('',*,*,#1406,.T.);
#1196=ORIENTED_EDGE('',*,*,#1402,.T.);
#1197=ORIENTED_EDGE('',*,*,#1407,.T.);
#1198=ORIENTED_EDGE('',*,*,#1408,.T.);
#1199=ORIENTED_EDGE('',*,*,#1406,.F.);
#1200=ORIENTED_EDGE('',*,*,#1405,.F.);
#1201=ORIENTED_EDGE('',*,*,#1396,.T.);
#1202=ORIENTED_EDGE('',*,*,#1395,.T.);
#1203=ORIENTED_EDGE('',*,*,#1394,.T.);
#1204=ORIENTED_EDGE('',*,*,#1398,.T.);
#1205=ORIENTED_EDGE('',*,*,#1409,.T.);
#1206=ORIENTED_EDGE('',*,*,#1404,.T.);
#1207=ORIENTED_EDGE('',*,*,#1403,.T.);
#1208=ORIENTED_EDGE('',*,*,#1410,.F.);
#1209=ORIENTED_EDGE('',*,*,#1411,.F.);
#1210=ORIENTED_EDGE('',*,*,#1409,.F.);
#1211=ORIENTED_EDGE('',*,*,#1412,.F.);
#1212=ORIENTED_EDGE('',*,*,#1413,.F.);
#1213=ORIENTED_EDGE('',*,*,#1410,.T.);
#1214=ORIENTED_EDGE('',*,*,#1411,.T.);
#1215=ORIENTED_EDGE('',*,*,#1413,.T.);
#1216=ORIENTED_EDGE('',*,*,#1412,.T.);
#1217=ORIENTED_EDGE('',*,*,#1414,.F.);
#1218=ORIENTED_EDGE('',*,*,#1415,.F.);
#1219=ORIENTED_EDGE('',*,*,#1415,.T.);
#1220=ORIENTED_EDGE('',*,*,#1414,.T.);
#1221=ORIENTED_EDGE('',*,*,#1350,.F.);
#1222=ORIENTED_EDGE('',*,*,#1349,.F.);
#1223=ORIENTED_EDGE('',*,*,#1416,.F.);
#1224=ORIENTED_EDGE('',*,*,#1417,.F.);
#1225=ORIENTED_EDGE('',*,*,#1390,.T.);
#1226=ORIENTED_EDGE('',*,*,#1278,.F.);
#1227=ORIENTED_EDGE('',*,*,#1387,.T.);
#1228=ORIENTED_EDGE('',*,*,#1346,.F.);
#1229=ORIENTED_EDGE('',*,*,#1371,.T.);
#1230=ORIENTED_EDGE('',*,*,#1282,.F.);
#1231=ORIENTED_EDGE('',*,*,#1386,.T.);
#1232=ORIENTED_EDGE('',*,*,#1342,.F.);
#1233=ORIENTED_EDGE('',*,*,#1384,.T.);
#1234=ORIENTED_EDGE('',*,*,#1286,.F.);
#1235=ORIENTED_EDGE('',*,*,#1385,.T.);
#1236=ORIENTED_EDGE('',*,*,#1338,.F.);
#1237=ORIENTED_EDGE('',*,*,#1373,.T.);
#1238=ORIENTED_EDGE('',*,*,#1290,.F.);
#1239=ORIENTED_EDGE('',*,*,#1383,.T.);
#1240=ORIENTED_EDGE('',*,*,#1334,.F.);
#1241=ORIENTED_EDGE('',*,*,#1382,.T.);
#1242=ORIENTED_EDGE('',*,*,#1296,.F.);
#1243=ORIENTED_EDGE('',*,*,#1372,.T.);
#1244=ORIENTED_EDGE('',*,*,#1330,.F.);
#1245=ORIENTED_EDGE('',*,*,#1375,.T.);
#1246=ORIENTED_EDGE('',*,*,#1298,.F.);
#1247=ORIENTED_EDGE('',*,*,#1381,.T.);
#1248=ORIENTED_EDGE('',*,*,#1328,.F.);
#1249=ORIENTED_EDGE('',*,*,#1380,.T.);
#1250=ORIENTED_EDGE('',*,*,#1304,.F.);
#1251=ORIENTED_EDGE('',*,*,#1374,.T.);
#1252=ORIENTED_EDGE('',*,*,#1322,.F.);
#1253=ORIENTED_EDGE('',*,*,#1376,.T.);
#1254=ORIENTED_EDGE('',*,*,#1306,.F.);
#1255=ORIENTED_EDGE('',*,*,#1379,.T.);
#1256=ORIENTED_EDGE('',*,*,#1320,.F.);
#1257=ORIENTED_EDGE('',*,*,#1378,.T.);
#1258=ORIENTED_EDGE('',*,*,#1312,.F.);
#1259=ORIENTED_EDGE('',*,*,#1377,.T.);
#1260=ORIENTED_EDGE('',*,*,#1314,.F.);
#1261=ORIENTED_EDGE('',*,*,#1388,.T.);
#1262=ORIENTED_EDGE('',*,*,#1274,.F.);
#1263=ORIENTED_EDGE('',*,*,#1389,.T.);
#1264=ORIENTED_EDGE('',*,*,#1270,.F.);
#1265=ORIENTED_EDGE('',*,*,#1408,.F.);
#1266=ORIENTED_EDGE('',*,*,#1407,.F.);
#1267=ORIENTED_EDGE('',*,*,#1416,.T.);
#1268=ORIENTED_EDGE('',*,*,#1417,.T.);
#1269=EDGE_CURVE('',#1418,#1419,#1420,.T.);
#1270=EDGE_CURVE('',#1418,#1421,#1422,.T.);
#1271=EDGE_CURVE('',#1423,#1421,#1424,.T.);
#1272=EDGE_CURVE('',#1423,#1419,#1425,.T.);
#1273=EDGE_CURVE('',#1426,#1427,#1428,.T.);
#1274=EDGE_CURVE('',#1426,#1429,#1430,.T.);
#1275=EDGE_CURVE('',#1431,#1429,#1432,.T.);
#1276=EDGE_CURVE('',#1431,#1427,#1433,.T.);
#1277=EDGE_CURVE('',#1434,#1435,#1436,.T.);
#1278=EDGE_CURVE('',#1434,#1437,#1438,.T.);
#1279=EDGE_CURVE('',#1439,#1437,#1440,.T.);
#1280=EDGE_CURVE('',#1439,#1435,#1441,.T.);
#1281=EDGE_CURVE('',#1442,#1443,#1444,.T.);
#1282=EDGE_CURVE('',#1442,#1445,#1446,.T.);
#1283=EDGE_CURVE('',#1447,#1445,#1448,.T.);
#1284=EDGE_CURVE('',#1447,#1443,#1449,.T.);
#1285=EDGE_CURVE('',#1450,#1451,#1452,.T.);
#1286=EDGE_CURVE('',#1450,#1453,#1454,.T.);
#1287=EDGE_CURVE('',#1455,#1453,#1456,.T.);
#1288=EDGE_CURVE('',#1455,#1451,#1457,.T.);
#1289=EDGE_CURVE('',#1458,#1459,#1460,.T.);
#1290=EDGE_CURVE('',#1458,#1461,#1462,.T.);
#1291=EDGE_CURVE('',#1463,#1461,#1464,.T.);
#1292=EDGE_CURVE('',#1463,#1459,#1465,.T.);
#1293=EDGE_CURVE('',#1466,#1467,#1468,.T.);
#1294=EDGE_CURVE('',#1466,#1469,#1470,.T.);
#1295=EDGE_CURVE('',#1471,#1469,#1472,.T.);
#1296=EDGE_CURVE('',#1471,#1467,#1473,.T.);
#1297=EDGE_CURVE('',#1474,#1475,#1476,.T.);
#1298=EDGE_CURVE('',#1474,#1477,#1478,.T.);
#1299=EDGE_CURVE('',#1479,#1477,#1480,.T.);
#1300=EDGE_CURVE('',#1479,#1475,#1481,.T.);
#1301=EDGE_CURVE('',#1482,#1483,#1484,.T.);
#1302=EDGE_CURVE('',#1482,#1485,#1486,.T.);
#1303=EDGE_CURVE('',#1487,#1485,#1488,.T.);
#1304=EDGE_CURVE('',#1487,#1483,#1489,.T.);
#1305=EDGE_CURVE('',#1490,#1491,#1492,.T.);
#1306=EDGE_CURVE('',#1490,#1493,#1494,.T.);
#1307=EDGE_CURVE('',#1495,#1493,#1496,.T.);
#1308=EDGE_CURVE('',#1495,#1491,#1497,.T.);
#1309=EDGE_CURVE('',#1498,#1499,#1500,.T.);
#1310=EDGE_CURVE('',#1498,#1501,#1502,.T.);
#1311=EDGE_CURVE('',#1503,#1501,#1504,.T.);
#1312=EDGE_CURVE('',#1503,#1499,#1505,.T.);
#1313=EDGE_CURVE('',#1506,#1507,#1508,.T.);
#1314=EDGE_CURVE('',#1506,#1509,#1510,.T.);
#1315=EDGE_CURVE('',#1511,#1509,#1512,.T.);
#1316=EDGE_CURVE('',#1511,#1507,#1513,.T.);
#1317=EDGE_CURVE('',#1514,#1515,#1516,.T.);
#1318=EDGE_CURVE('',#1514,#1517,#1518,.T.);
#1319=EDGE_CURVE('',#1519,#1517,#1520,.T.);
#1320=EDGE_CURVE('',#1519,#1515,#1521,.T.);
#1321=EDGE_CURVE('',#1522,#1523,#1524,.T.);
#1322=EDGE_CURVE('',#1522,#1525,#1526,.T.);
#1323=EDGE_CURVE('',#1527,#1525,#1528,.T.);
#1324=EDGE_CURVE('',#1527,#1523,#1529,.T.);
#1325=EDGE_CURVE('',#1530,#1531,#1532,.T.);
#1326=EDGE_CURVE('',#1530,#1533,#1534,.T.);
#1327=EDGE_CURVE('',#1535,#1533,#1536,.T.);
#1328=EDGE_CURVE('',#1535,#1531,#1537,.T.);
#1329=EDGE_CURVE('',#1538,#1539,#1540,.T.);
#1330=EDGE_CURVE('',#1538,#1541,#1542,.T.);
#1331=EDGE_CURVE('',#1543,#1541,#1544,.T.);
#1332=EDGE_CURVE('',#1543,#1539,#1545,.T.);
#1333=EDGE_CURVE('',#1546,#1547,#1548,.T.);
#1334=EDGE_CURVE('',#1546,#1549,#1550,.T.);
#1335=EDGE_CURVE('',#1551,#1549,#1552,.T.);
#1336=EDGE_CURVE('',#1551,#1547,#1553,.T.);
#1337=EDGE_CURVE('',#1554,#1555,#1556,.T.);
#1338=EDGE_CURVE('',#1554,#1557,#1558,.T.);
#1339=EDGE_CURVE('',#1559,#1557,#1560,.T.);
#1340=EDGE_CURVE('',#1559,#1555,#1561,.T.);
#1341=EDGE_CURVE('',#1562,#1563,#1564,.T.);
#1342=EDGE_CURVE('',#1562,#1565,#1566,.T.);
#1343=EDGE_CURVE('',#1567,#1565,#1568,.T.);
#1344=EDGE_CURVE('',#1567,#1563,#1569,.T.);
#1345=EDGE_CURVE('',#1570,#1571,#1572,.T.);
#1346=EDGE_CURVE('',#1570,#1573,#1574,.T.);
#1347=EDGE_CURVE('',#1575,#1573,#1576,.T.);
#1348=EDGE_CURVE('',#1575,#1571,#1577,.T.);
#1349=EDGE_CURVE('',#1578,#1579,#1580,.T.);
#1350=EDGE_CURVE('',#1579,#1578,#1581,.T.);
#1351=EDGE_CURVE('',#1427,#1423,#1582,.T.);
#1352=EDGE_CURVE('',#1507,#1431,#1583,.T.);
#1353=EDGE_CURVE('',#1501,#1511,#1584,.T.);
#1354=EDGE_CURVE('',#1517,#1498,#1585,.T.);
#1355=EDGE_CURVE('',#1491,#1514,#1586,.T.);
#1356=EDGE_CURVE('',#1523,#1495,#1587,.T.);
#1357=EDGE_CURVE('',#1485,#1527,#1588,.T.);
#1358=EDGE_CURVE('',#1533,#1482,#1589,.T.);
#1359=EDGE_CURVE('',#1475,#1530,#1590,.T.);
#1360=EDGE_CURVE('',#1539,#1479,#1591,.T.);
#1361=EDGE_CURVE('',#1469,#1543,#1592,.T.);
#1362=EDGE_CURVE('',#1547,#1466,#1593,.T.);
#1363=EDGE_CURVE('',#1459,#1551,#1594,.T.);
#1364=EDGE_CURVE('',#1555,#1463,#1595,.T.);
#1365=EDGE_CURVE('',#1451,#1559,#1596,.T.);
#1366=EDGE_CURVE('',#1563,#1455,#1597,.T.);
#1367=EDGE_CURVE('',#1443,#1567,#1598,.T.);
#1368=EDGE_CURVE('',#1571,#1447,#1599,.T.);
#1369=EDGE_CURVE('',#1435,#1575,#1600,.T.);
#1370=EDGE_CURVE('',#1419,#1439,#1601,.T.);
#1371=EDGE_CURVE('',#1570,#1445,#1602,.T.);
#1372=EDGE_CURVE('',#1471,#1541,#1603,.T.);
#1373=EDGE_CURVE('',#1554,#1461,#1604,.T.);
#1374=EDGE_CURVE('',#1487,#1525,#1605,.T.);
#1375=EDGE_CURVE('',#1538,#1477,#1606,.T.);
#1376=EDGE_CURVE('',#1522,#1493,#1607,.T.);
#1377=EDGE_CURVE('',#1503,#1509,#1608,.T.);
#1378=EDGE_CURVE('',#1519,#1499,#1609,.T.);
#1379=EDGE_CURVE('',#1490,#1515,#1610,.T.);
#1380=EDGE_CURVE('',#1535,#1483,#1611,.T.);
#1381=EDGE_CURVE('',#1474,#1531,#1612,.T.);
#1382=EDGE_CURVE('',#1546,#1467,#1613,.T.);
#1383=EDGE_CURVE('',#1458,#1549,#1614,.T.);
#1384=EDGE_CURVE('',#1562,#1453,#1615,.T.);
#1385=EDGE_CURVE('',#1450,#1557,#1616,.T.);
#1386=EDGE_CURVE('',#1442,#1565,#1617,.T.);
#1387=EDGE_CURVE('',#1434,#1573,#1618,.T.);
#1388=EDGE_CURVE('',#1506,#1429,#1619,.T.);
#1389=EDGE_CURVE('',#1426,#1421,#1620,.T.);
#1390=EDGE_CURVE('',#1418,#1437,#1621,.T.);
#1391=EDGE_CURVE('',#1622,#1623,#1624,.T.);
#1392=EDGE_CURVE('',#1625,#1622,#1626,.T.);
#1393=EDGE_CURVE('',#1623,#1625,#1627,.T.);
#1394=EDGE_CURVE('',#1628,#1629,#1630,.T.);
#1395=EDGE_CURVE('',#1631,#1628,#1632,.T.);
#1396=EDGE_CURVE('',#1629,#1631,#1633,.T.);
#1397=EDGE_CURVE('',#1634,#1634,#1635,.T.);
#1398=EDGE_CURVE('',#1636,#1636,#1637,.T.);
#1399=EDGE_CURVE('',#1638,#1638,#1639,.T.);
#1400=EDGE_CURVE('',#1640,#1641,#1642,.T.);
#1401=EDGE_CURVE('',#1641,#1640,#1643,.T.);
#1402=EDGE_CURVE('',#1644,#1644,#1645,.T.);
#1403=EDGE_CURVE('',#1646,#1647,#1648,.T.);
#1404=EDGE_CURVE('',#1647,#1646,#1649,.T.);
#1405=EDGE_CURVE('',#1650,#1651,#1652,.T.);
#1406=EDGE_CURVE('',#1651,#1650,#1653,.T.);
#1407=EDGE_CURVE('',#1654,#1655,#1656,.T.);
#1408=EDGE_CURVE('',#1655,#1654,#1657,.T.);
#1409=EDGE_CURVE('',#1658,#1658,#1659,.T.);
#1410=EDGE_CURVE('',#1660,#1661,#1662,.T.);
#1411=EDGE_CURVE('',#1661,#1660,#1663,.T.);
#1412=EDGE_CURVE('',#1664,#1665,#1666,.T.);
#1413=EDGE_CURVE('',#1665,#1664,#1667,.T.);
#1414=EDGE_CURVE('',#1668,#1669,#1670,.T.);
#1415=EDGE_CURVE('',#1669,#1668,#1671,.T.);
#1416=EDGE_CURVE('',#1672,#1673,#1674,.T.);
#1417=EDGE_CURVE('',#1673,#1672,#1675,.T.);
#1418=VERTEX_POINT('',#1676);
#1419=VERTEX_POINT('',#1677);
#1420=LINE('',#1678,#1679);
#1421=VERTEX_POINT('',#1681);
#1422=CIRCLE('',#1682,0.56);
#1423=VERTEX_POINT('',#1686);
#1424=LINE('',#1687,#1688);
#1425=CIRCLE('',#1690,0.56);
#1426=VERTEX_POINT('',#1694);
#1427=VERTEX_POINT('',#1695);
#1428=LINE('',#1696,#1697);
#1429=VERTEX_POINT('',#1699);
#1430=CIRCLE('',#1700,0.56);
#1431=VERTEX_POINT('',#1704);
#1432=LINE('',#1705,#1706);
#1433=CIRCLE('',#1708,0.56);
#1434=VERTEX_POINT('',#1712);
#1435=VERTEX_POINT('',#1713);
#1436=LINE('',#1714,#1715);
#1437=VERTEX_POINT('',#1717);
#1438=CIRCLE('',#1718,0.56);
#1439=VERTEX_POINT('',#1722);
#1440=LINE('',#1723,#1724);
#1441=CIRCLE('',#1726,0.56);
#1442=VERTEX_POINT('',#1730);
#1443=VERTEX_POINT('',#1731);
#1444=LINE('',#1732,#1733);
#1445=VERTEX_POINT('',#1735);
#1446=CIRCLE('',#1736,0.56);
#1447=VERTEX_POINT('',#1740);
#1448=LINE('',#1741,#1742);
#1449=CIRCLE('',#1744,0.56);
#1450=VERTEX_POINT('',#1748);
#1451=VERTEX_POINT('',#1749);
#1452=LINE('',#1750,#1751);
#1453=VERTEX_POINT('',#1753);
#1454=CIRCLE('',#1754,0.56);
#1455=VERTEX_POINT('',#1758);
#1456=LINE('',#1759,#1760);
#1457=CIRCLE('',#1762,0.56);
#1458=VERTEX_POINT('',#1766);
#1459=VERTEX_POINT('',#1767);
#1460=LINE('',#1768,#1769);
#1461=VERTEX_POINT('',#1771);
#1462=CIRCLE('',#1772,0.56);
#1463=VERTEX_POINT('',#1776);
#1464=LINE('',#1777,#1778);
#1465=CIRCLE('',#1780,0.56);
#1466=VERTEX_POINT('',#1784);
#1467=VERTEX_POINT('',#1785);
#1468=LINE('',#1786,#1787);
#1469=VERTEX_POINT('',#1789);
#1470=CIRCLE('',#1790,0.56);
#1471=VERTEX_POINT('',#1794);
#1472=LINE('',#1795,#1796);
#1473=CIRCLE('',#1798,0.56);
#1474=VERTEX_POINT('',#1802);
#1475=VERTEX_POINT('',#1803);
#1476=LINE('',#1804,#1805);
#1477=VERTEX_POINT('',#1807);
#1478=CIRCLE('',#1808,0.56);
#1479=VERTEX_POINT('',#1812);
#1480=LINE('',#1813,#1814);
#1481=CIRCLE('',#1816,0.56);
#1482=VERTEX_POINT('',#1820);
#1483=VERTEX_POINT('',#1821);
#1484=LINE('',#1822,#1823);
#1485=VERTEX_POINT('',#1825);
#1486=CIRCLE('',#1826,0.56);
#1487=VERTEX_POINT('',#1830);
#1488=LINE('',#1831,#1832);
#1489=CIRCLE('',#1834,0.56);
#1490=VERTEX_POINT('',#1838);
#1491=VERTEX_POINT('',#1839);
#1492=LINE('',#1840,#1841);
#1493=VERTEX_POINT('',#1843);
#1494=CIRCLE('',#1844,0.56);
#1495=VERTEX_POINT('',#1848);
#1496=LINE('',#1849,#1850);
#1497=CIRCLE('',#1852,0.56);
#1498=VERTEX_POINT('',#1856);
#1499=VERTEX_POINT('',#1857);
#1500=LINE('',#1858,#1859);
#1501=VERTEX_POINT('',#1861);
#1502=CIRCLE('',#1862,0.56);
#1503=VERTEX_POINT('',#1866);
#1504=LINE('',#1867,#1868);
#1505=CIRCLE('',#1870,0.56);
#1506=VERTEX_POINT('',#1874);
#1507=VERTEX_POINT('',#1875);
#1508=LINE('',#1876,#1877);
#1509=VERTEX_POINT('',#1879);
#1510=CIRCLE('',#1880,0.56);
#1511=VERTEX_POINT('',#1884);
#1512=LINE('',#1885,#1886);
#1513=CIRCLE('',#1888,0.56);
#1514=VERTEX_POINT('',#1892);
#1515=VERTEX_POINT('',#1893);
#1516=LINE('',#1894,#1895);
#1517=VERTEX_POINT('',#1897);
#1518=CIRCLE('',#1898,0.56);
#1519=VERTEX_POINT('',#1902);
#1520=LINE('',#1903,#1904);
#1521=CIRCLE('',#1906,0.56);
#1522=VERTEX_POINT('',#1910);
#1523=VERTEX_POINT('',#1911);
#1524=LINE('',#1912,#1913);
#1525=VERTEX_POINT('',#1915);
#1526=CIRCLE('',#1916,0.56);
#1527=VERTEX_POINT('',#1920);
#1528=LINE('',#1921,#1922);
#1529=CIRCLE('',#1924,0.56);
#1530=VERTEX_POINT('',#1928);
#1531=VERTEX_POINT('',#1929);
#1532=LINE('',#1930,#1931);
#1533=VERTEX_POINT('',#1933);
#1534=CIRCLE('',#1934,0.56);
#1535=VERTEX_POINT('',#1938);
#1536=LINE('',#1939,#1940);
#1537=CIRCLE('',#1942,0.56);
#1538=VERTEX_POINT('',#1946);
#1539=VERTEX_POINT('',#1947);
#1540=LINE('',#1948,#1949);
#1541=VERTEX_POINT('',#1951);
#1542=CIRCLE('',#1952,0.56);
#1543=VERTEX_POINT('',#1956);
#1544=LINE('',#1957,#1958);
#1545=CIRCLE('',#1960,0.56);
#1546=VERTEX_POINT('',#1964);
#1547=VERTEX_POINT('',#1965);
#1548=LINE('',#1966,#1967);
#1549=VERTEX_POINT('',#1969);
#1550=CIRCLE('',#1970,0.56);
#1551=VERTEX_POINT('',#1974);
#1552=LINE('',#1975,#1976);
#1553=CIRCLE('',#1978,0.56);
#1554=VERTEX_POINT('',#1982);
#1555=VERTEX_POINT('',#1983);
#1556=LINE('',#1984,#1985);
#1557=VERTEX_POINT('',#1987);
#1558=CIRCLE('',#1988,0.56);
#1559=VERTEX_POINT('',#1992);
#1560=LINE('',#1993,#1994);
#1561=CIRCLE('',#1996,0.56);
#1562=VERTEX_POINT('',#2000);
#1563=VERTEX_POINT('',#2001);
#1564=LINE('',#2002,#2003);
#1565=VERTEX_POINT('',#2005);
#1566=CIRCLE('',#2006,0.56);
#1567=VERTEX_POINT('',#2010);
#1568=LINE('',#2011,#2012);
#1569=CIRCLE('',#2014,0.56);
#1570=VERTEX_POINT('',#2018);
#1571=VERTEX_POINT('',#2019);
#1572=LINE('',#2020,#2021);
#1573=VERTEX_POINT('',#2023);
#1574=CIRCLE('',#2024,0.56);
#1575=VERTEX_POINT('',#2028);
#1576=LINE('',#2029,#2030);
#1577=CIRCLE('',#2032,0.56);
#1578=VERTEX_POINT('',#2036);
#1579=VERTEX_POINT('',#2037);
#1580=CIRCLE('',#2038,7.);
#1581=CIRCLE('',#2042,7.);
#1582=CIRCLE('',#2046,6.11);
#1583=CIRCLE('',#2050,6.11);
#1584=CIRCLE('',#2054,6.11);
#1585=CIRCLE('',#2058,6.11);
#1586=CIRCLE('',#2062,6.11);
#1587=CIRCLE('',#2066,6.11);
#1588=CIRCLE('',#2070,6.11);
#1589=CIRCLE('',#2074,6.11);
#1590=CIRCLE('',#2078,6.11);
#1591=CIRCLE('',#2082,6.11);
#1592=CIRCLE('',#2086,6.11);
#1593=CIRCLE('',#2090,6.11);
#1594=CIRCLE('',#2094,6.11);
#1595=CIRCLE('',#2098,6.11);
#1596=CIRCLE('',#2102,6.11);
#1597=CIRCLE('',#2106,6.11);
#1598=CIRCLE('',#2110,6.11);
#1599=CIRCLE('',#2114,6.11);
#1600=CIRCLE('',#2118,6.11);
#1601=CIRCLE('',#2122,6.11);
#1602=CIRCLE('',#2126,6.11);
#1603=CIRCLE('',#2130,6.11);
#1604=CIRCLE('',#2134,6.11);
#1605=CIRCLE('',#2138,6.11);
#1606=CIRCLE('',#2142,6.11);
#1607=CIRCLE('',#2146,6.11);
#1608=CIRCLE('',#2150,6.11);
#1609=CIRCLE('',#2154,6.11);
#1610=CIRCLE('',#2158,6.11);
#1611=CIRCLE('',#2162,6.11);
#1612=CIRCLE('',#2166,6.11);
#1613=CIRCLE('',#2170,6.11);
#1614=CIRCLE('',#2174,6.11);
#1615=CIRCLE('',#2178,6.11);
#1616=CIRCLE('',#2182,6.11);
#1617=CIRCLE('',#2186,6.11);
#1618=CIRCLE('',#2190,6.11);
#1619=CIRCLE('',#2194,6.11);
#1620=CIRCLE('',#2198,6.11);
#1621=CIRCLE('',#2202,6.11);
#1622=VERTEX_POINT('',#2206);
#1623=VERTEX_POINT('',#2207);
#1624=B_SPLINE_CURVE_WITH_KNOTS('',3,
(#2208,#2209,#2210,#2211,#2212,#2213,#2214,#2215,#2216,#2217,#2218,#2219,#2220,#2221,
#2222,#2223,#2224,#2225,#2226,#2227,#2228,#2229,#2230,#2231,#2232,#2233,#2234,#2235,
#2236,#2237,#2238,#2239,#2240,#2241,#2242,#2243,#2244,#2245,#2246,#2247,#2248,#2249,
#2250,#2251,#2252,#2253,#2254,#2255,#2256,#2257,#2258,#2259,#2260,#2261,#2262,#2263,
#2264,#2265,#2266,#2267,#2268,#2269,#2270,#2271,#2272,#2273,#2274,#2275,#2276,#2277,
#2278,#2279,#2280,#2281,#2282,#2283,#2284,#2285,#2286,#2287,#2288,#2289,#2290,#2291,
#2292,#2293,#2294,#2295,#2296,#2297,#2298,#2299,#2300,#2301,#2302,#2303,#2304,#2305,
#2306,#2307,#2308,#2309,#2310,#2311,#2312,#2313,#2314,#2315,#2316,#2317,#2318,#2319,
#2320,#2321,#2322,#2323,#2324,#2325,#2326,#2327,#2328,#2329,#2330,#2331,#2332,#2333,
#2334,#2335,#2336,#2337,#2338,#2339,#2340,#2341,#2342,#2343,#2344,#2345,#2346,#2347,
#2348,#2349,#2350,#2351,#2352,#2353,#2354,#2355,#2356,#2357,#2358,#2359,#2360,#2361,
#2362,#2363,#2364,#2365,#2366,#2367,#2368,#2369,#2370,#2371,#2372,#2373),
.UNSPECIFIED.,.F.,.F.,
(4,1,1,1,1,1,1,1,1,1,1,1,1,1,1,1,1,1,1,1,1,1,1,1,1,1,1,1,1,1,1,1,1,1,1,1,1,1,1,1,
1,1,1,1,1,1,1,1,1,1,1,1,1,1,1,1,1,1,1,1,1,1,1,1,1,1,1,1,1,1,1,1,1,1,1,1,1,1,1,1,
1,1,1,1,1,1,1,1,1,1,1,1,1,1,1,1,1,1,1,1,1,1,1,1,1,1,1,1,1,1,1,1,1,1,1,1,1,1,1,1,
1,1,1,1,1,1,1,1,1,1,1,1,1,1,1,1,1,1,1,1,1,1,1,1,1,1,1,1,1,1,1,1,1,1,1,1,1,1,1,1,
1,1,1,4),
(0.,0.00779603455798607,0.0154856387303208,0.0230822346260939,0.0305553970212811,
0.0379892539903074,0.0460647242287915,0.0548222627379534,0.0671277243122465,0.0791573527187641,
0.0909741843251586,0.098834854198594,0.105845791448269,0.111983448236914,0.118097166792637,
0.124200217568998,0.130306502457816,0.136416010747876,0.14252660192685,0.150728884066958,
0.158987880085714,0.167324628113854,0.17368123731724,0.180089671634793,0.186571494793458,
0.193068328141984,0.199652308101593,0.206305617617974,0.213052268762657,0.21984225346111,
0.226631707255468,0.233384573056647,0.240016010224561,0.246554091852445,0.252947731675168,
0.259266568909321,0.265508710390256,0.271752416267992,0.27811867067185,0.284608397170713,
0.291342282895702,0.298202071227188,0.306044922621,0.314730368369544,0.327346529134208,
0.339837543426074,0.352162033773684,0.360250434696184,0.367346823606152,0.375083913713613,
0.382419621461704,0.389344628005239,0.394212212193278,0.399072187510389,0.405536179997038,
0.411989739136747,0.41842515977826,0.423221330750985,0.427996451038246,0.432744763057391,
0.437487941319986,0.442235662901954,0.446989427574748,0.45174777229833,0.456509470331618,
0.461266956419,0.466019370671293,0.470759052715027,0.475489342296869,0.48175821903832,
0.488008783486813,0.494246595162044,0.498926417504017,0.500045467603338,0.503613419566124,
0.50831281983018,0.513019242091743,0.517721257014312,0.522416279665433,0.527102131935687,
0.531781728646576,0.536455157716604,0.541125735264175,0.545798279568996,0.550480043647589,
0.556752723302971,0.563041462954614,0.569340392274714,0.574068136297882,0.578792969942916,
0.583516206566786,0.58824393274688,0.592993491694831,0.597758602332293,0.604134895550866,
0.6105108724589,0.61688022384974,0.621642872625646,0.626400824246192,0.631175702545432,
0.635967272786054,0.640781616383973,0.645604597602395,0.65044881733519,0.655302128207333,
0.660172193790061,0.665053858543023,0.669984301653192,0.674950148682672,0.681644192836469,
0.688364058852656,0.695102448904808,0.700162002748413,0.705213613736951,0.710277985663024,
0.715358355461778,0.720470021804242,0.725600572791588,0.730773226475764,0.735975195480469,
0.741214510683688,0.746464245365132,0.75228542227345,0.758670434925569,0.76792751642514,
0.777181845649559,0.786449314750709,0.792812281702221,0.798575996436546,0.803724858271904,
0.808855663656559,0.813948145945018,0.819014470208601,0.824051913806739,0.829090223296073,
0.834315448248195,0.839725977794085,0.847529521462566,0.858198210064337,0.869506272886524,
0.879292795126114,0.887015286263128,0.8948566256665,0.90276740622265,0.910637322426747,
0.918239604717717,0.925599979041245,0.932487524038697,0.939142160914875,0.945129944852832,
0.950691815798213,0.955604664078327,0.960299579038494,0.964523934280049,0.968497885823351,
0.972193119412398,0.97585921495879,0.97944316952509,0.982971745564311,0.986424109508361,
0.989855450109374,0.993248800074669,0.996629602833825,1.),
.UNSPECIFIED.);
#1625=VERTEX_POINT('',#2374);
#1626=B_SPLINE_CURVE_WITH_KNOTS('',3,
(#2375,#2376,#2377,#2378,#2379,#2380,#2381,#2382,#2383,#2384,#2385,#2386,#2387,#2388,
#2389,#2390,#2391,#2392,#2393,#2394,#2395,#2396,#2397,#2398,#2399,#2400,#2401,#2402,
#2403,#2404,#2405,#2406,#2407,#2408,#2409,#2410,#2411,#2412,#2413,#2414,#2415,#2416,
#2417,#2418,#2419,#2420,#2421,#2422,#2423,#2424,#2425,#2426,#2427,#2428,#2429,#2430,
#2431,#2432,#2433,#2434,#2435,#2436,#2437,#2438,#2439,#2440,#2441,#2442,#2443,#2444,
#2445,#2446,#2447,#2448,#2449,#2450,#2451,#2452,#2453,#2454,#2455,#2456,#2457),
.UNSPECIFIED.,.F.,.F.,
(4,1,1,1,1,1,1,1,1,1,1,1,1,1,1,1,1,1,1,1,1,1,1,1,1,1,1,1,1,1,1,1,1,1,1,1,1,1,1,1,
1,1,1,1,1,1,1,1,1,1,1,1,1,1,1,1,1,1,1,1,1,1,1,1,1,1,1,1,1,1,1,1,1,1,1,1,1,1,1,1,
4),
(0.,0.0154511930664652,0.0306892907183512,0.0457389484806961,0.0605355815313114,
0.0752494015484349,0.0974258008376999,0.129090254026872,0.169307905475582,0.207148954507243,
0.237740355312526,0.258416840095962,0.27275042475989,0.283587263401706,0.294499811966226,
0.30558976711911,0.316797849682763,0.328379491480676,0.340222387483481,0.352455407937592,
0.364819681022651,0.377491465431993,0.390348593186195,0.403505282995009,0.416776934675212,
0.430218616567538,0.443737216299988,0.457297871203178,0.470795947143098,0.484183859284155,
0.497500146263783,0.510802296660548,0.524133459641545,0.537507654297333,0.55093877338043,
0.564320036510648,0.577655607605893,0.590703037979584,0.603517044879936,0.615942676952189,
0.62819164422076,0.640039239330563,0.651634363150527,0.662819432216726,0.673852517918051,
0.684540724736135,0.695029373381212,0.705281032719434,0.715490122215456,0.725623097148377,
0.735709301918145,0.749007616277986,0.762208656899676,0.775298107812262,0.784997812036141,
0.794682435528849,0.807434301593471,0.820035450272972,0.832472239229682,0.841515882924159,
0.850392174397813,0.85902380037967,0.867570334195463,0.87585506713214,0.883950529066747,
0.891720871591709,0.899363721790233,0.906668385486353,0.913767294689031,0.922811004531446,
0.931556974983637,0.939997813096408,0.945833591496561,0.95151567064245,0.957313930625492,
0.963379526476308,0.971532341264152,0.979395543422399,0.986971863816697,0.993135722201026,
1.),
.UNSPECIFIED.);
#1627=B_SPLINE_CURVE_WITH_KNOTS('',3,
(#2458,#2459,#2460,#2461,#2462,#2463,#2464,#2465,#2466,#2467,#2468,#2469,#2470,#2471,
#2472,#2473,#2474,#2475,#2476,#2477,#2478,#2479,#2480,#2481,#2482,#2483,#2484,#2485,
#2486,#2487,#2488,#2489,#2490,#2491,#2492,#2493,#2494,#2495,#2496,#2497,#2498,#2499,
#2500,#2501,#2502,#2503,#2504,#2505,#2506,#2507,#2508,#2509,#2510,#2511,#2512,#2513,
#2514,#2515,#2516,#2517,#2518,#2519,#2520,#2521,#2522,#2523,#2524,#2525,#2526,#2527,
#2528),
.UNSPECIFIED.,.F.,.F.,
(4,1,1,1,1,1,1,1,1,1,1,1,1,1,1,1,1,1,1,1,1,1,1,1,1,1,1,1,1,1,1,1,1,1,1,1,1,1,1,1,
1,1,1,1,1,1,1,1,1,1,1,1,1,1,1,1,1,1,1,1,1,1,1,1,1,1,1,1,4),
(0.,0.0155921699323042,0.0309714522198129,0.0461646930758648,0.0611110336250921,
0.0759787442668742,0.0921296319657869,0.109644610592638,0.13425533619107,0.158314410085765,
0.18194795662468,0.19766935922264,0.211691400431736,0.223967018540592,0.23619484820631,
0.24840020670686,0.260610825524817,0.27282541678578,0.285040886839515,0.301431020627061,
0.317930241464646,0.334580678924011,0.34727229177352,0.360065491629364,0.373002732915332,
0.385969468329195,0.399108602488591,0.412385586173713,0.425847563367428,0.439395367346069,
0.452938183091902,0.466403920600905,0.479621152521113,0.492651910003228,0.505391237739416,
0.517979390598796,0.530410810952046,0.542844238226539,0.555516432446425,0.568430280340029,
0.581825676528272,0.595470686847951,0.611072698206484,0.628353657857566,0.6534599939669,
0.678322486420747,0.702859884438664,0.719326893214347,0.734178411720297,0.747360116431379,
0.760508881356186,0.774930013081183,0.790636691421467,0.813243993056692,0.835732027973958,
0.85802950487651,0.872741240335362,0.885644368984931,0.89961349667929,0.912747687789692,
0.925033750653335,0.936354804271551,0.947566540831465,0.958682753359368,0.966936962441189,
0.975190162262507,0.983442205383973,0.991710730473629,1.),
.UNSPECIFIED.);
#1628=VERTEX_POINT('',#2529);
#1629=VERTEX_POINT('',#2530);
#1630=B_SPLINE_CURVE_WITH_KNOTS('',3,
(#2531,#2532,#2533,#2534,#2535,#2536,#2537,#2538,#2539,#2540,#2541,#2542,#2543,#2544,
#2545,#2546,#2547,#2548,#2549,#2550,#2551,#2552,#2553,#2554,#2555,#2556,#2557,#2558,
#2559,#2560,#2561,#2562,#2563,#2564,#2565,#2566,#2567,#2568,#2569,#2570,#2571,#2572,
#2573,#2574,#2575,#2576,#2577,#2578,#2579,#2580,#2581,#2582,#2583,#2584,#2585,#2586,
#2587,#2588,#2589,#2590,#2591,#2592,#2593,#2594,#2595,#2596,#2597,#2598,#2599,#2600,
#2601,#2602,#2603),
.UNSPECIFIED.,.F.,.F.,
(4,1,1,1,1,1,1,1,1,1,1,1,1,1,1,1,1,1,1,1,1,1,1,1,1,1,1,1,1,1,1,1,1,1,1,1,1,1,1,1,
1,1,1,1,1,1,1,1,1,1,1,1,1,1,1,1,1,1,1,1,1,1,1,1,1,1,1,1,1,1,4),
(0.,0.0164466877353716,0.0326347260094805,0.0485980837258789,0.0642645445880508,
0.0798332422737438,0.095127428663589,0.110241398320038,0.125021958520355,0.13966126416507,
0.153784544995077,0.167530795003242,0.180731578665794,0.193730722055218,0.206160902281903,
0.218231095376463,0.22980834013403,0.241242391503899,0.256113036149545,0.270881584176129,
0.285526157487638,0.296572079479948,0.307686250749252,0.318975110506899,0.330388008904936,
0.342170617985768,0.354205594529557,0.366607567449987,0.379126528598293,0.391903849546954,
0.404826181175349,0.417979710139716,0.431220677515959,0.444575850024353,0.457979487294136,
0.47139073717643,0.484737212671826,0.497950963290216,0.511081055382534,0.524169080136644,
0.537273044890763,0.550378117254169,0.563498225476384,0.576516053978652,0.589468835317375,
0.608683002249917,0.633634802382625,0.659055189416016,0.67869035687119,0.691613193938716,
0.703104335314737,0.713149140840449,0.723176624729869,0.733265666300468,0.743424761481444,
0.75370875249044,0.764055085937543,0.77458332928205,0.785224524488277,0.796050788934089,
0.806966586401828,0.82211474960152,0.837650772359016,0.853551418120424,0.867368616503213,
0.88286486060636,0.906202179791614,0.935937390692541,0.964506837262584,0.985929594240836,
1.),
.UNSPECIFIED.);
#1631=VERTEX_POINT('',#2604);
#1632=B_SPLINE_CURVE_WITH_KNOTS('',3,
(#2605,#2606,#2607,#2608,#2609,#2610,#2611,#2612,#2613,#2614,#2615,#2616,#2617,#2618,
#2619,#2620,#2621,#2622,#2623,#2624,#2625,#2626,#2627,#2628,#2629,#2630,#2631,#2632,
#2633,#2634,#2635,#2636,#2637,#2638,#2639,#2640,#2641,#2642,#2643,#2644,#2645,#2646,
#2647,#2648,#2649,#2650,#2651,#2652,#2653,#2654,#2655,#2656,#2657,#2658,#2659,#2660,
#2661,#2662,#2663,#2664,#2665,#2666,#2667,#2668,#2669,#2670,#2671,#2672,#2673),
.UNSPECIFIED.,.F.,.F.,
(4,1,1,1,1,1,1,1,1,1,1,1,1,1,1,1,1,1,1,1,1,1,1,1,1,1,1,1,1,1,1,1,1,1,1,1,1,1,1,1,
1,1,1,1,1,1,1,1,1,1,1,1,1,1,1,1,1,1,1,1,1,1,1,1,1,1,4),
(0.,0.0164359249534159,0.0326197494464113,0.0485851947988765,0.0642643500292264,
0.0798512470132372,0.0951765824708878,0.110329852912914,0.125161234926444,0.139854820043231,
0.154113663604688,0.168074769692136,0.181643577285193,0.195084699306639,0.20817367972294,
0.221043357416053,0.233632623748745,0.246159299748151,0.26275648326679,0.27932767168083,
0.295844034482609,0.308232686465385,0.320633821202238,0.333146849719418,0.34573197613081,
0.35846728591715,0.37128636639601,0.38421252832715,0.397147097330684,0.410192319480399,
0.42333691206526,0.436627247479357,0.449995922428014,0.463354565620822,0.476644131416848,
0.489691915534625,0.502558205790162,0.51511629079555,0.52750566504213,0.539703171715416,
0.551882056605554,0.564262591486719,0.576868493520279,0.589937393162221,0.603252922877694,
0.622402233612322,0.642368997618634,0.663250847597153,0.679741759059033,0.696544564484733,
0.713646081492149,0.730758726884674,0.747653115232077,0.764283324108818,0.780310985617689,
0.795990524570772,0.815510078002787,0.834343789053733,0.85244695819044,0.866999087147496,
0.882862052276833,0.906201330642735,0.929877966168991,0.953812881399494,0.970546028615624,
0.985930054024744,1.),
.UNSPECIFIED.);
#1633=B_SPLINE_CURVE_WITH_KNOTS('',3,
(#2674,#2675,#2676,#2677,#2678,#2679,#2680,#2681,#2682,#2683,#2684,#2685,#2686,#2687,
#2688,#2689,#2690,#2691,#2692,#2693,#2694,#2695,#2696,#2697,#2698,#2699,#2700,#2701,
#2702,#2703,#2704,#2705,#2706,#2707,#2708,#2709,#2710,#2711,#2712,#2713,#2714,#2715,
#2716,#2717,#2718,#2719,#2720,#2721,#2722,#2723,#2724,#2725,#2726,#2727,#2728,#2729,
#2730,#2731,#2732,#2733,#2734,#2735,#2736,#2737,#2738,#2739,#2740,#2741,#2742,#2743,
#2744,#2745,#2746,#2747,#2748,#2749,#2750,#2751,#2752,#2753,#2754,#2755,#2756,#2757,
#2758,#2759,#2760,#2761,#2762,#2763,#2764,#2765,#2766,#2767,#2768,#2769,#2770,#2771,
#2772,#2773,#2774,#2775,#2776,#2777,#2778,#2779,#2780,#2781,#2782,#2783,#2784,#2785,
#2786,#2787,#2788,#2789,#2790,#2791,#2792,#2793,#2794,#2795,#2796,#2797,#2798,#2799,
#2800,#2801,#2802,#2803,#2804,#2805,#2806,#2807,#2808,#2809,#2810,#2811,#2812,#2813,
#2814,#2815,#2816,#2817,#2818,#2819,#2820,#2821,#2822,#2823,#2824,#2825,#2826,#2827,
#2828,#2829,#2830,#2831,#2832,#2833,#2834,#2835,#2836,#2837,#2838,#2839,#2840,#2841),
.UNSPECIFIED.,.F.,.F.,
(4,1,1,1,1,1,1,1,1,1,1,1,1,1,1,1,1,1,1,1,1,1,1,1,1,1,1,1,1,1,1,1,1,1,1,1,1,1,1,1,
1,1,1,1,1,1,1,1,1,1,1,1,1,1,1,1,1,1,1,1,1,1,1,1,1,1,1,1,1,1,1,1,1,1,1,1,1,1,1,1,
1,1,1,1,1,1,1,1,1,1,1,1,1,1,1,1,1,1,1,1,1,1,1,1,1,1,1,1,1,1,1,1,1,1,1,1,1,1,1,1,
1,1,1,1,1,1,1,1,1,1,1,1,1,1,1,1,1,1,1,1,1,1,1,1,1,1,1,1,1,1,1,1,1,1,1,1,1,1,1,1,
1,1,1,1,1,4),
(0.,0.00829740476005828,0.0164658891640968,0.0245228198984383,0.0324335579706472,
0.040297782856817,0.0480272933566372,0.0556671013641592,0.0631396546727848,0.0705403885954382,
0.0776845351603828,0.0846438083671588,0.0913369527371124,0.0979323981256349,0.104251907616517,
0.110396710672329,0.11630223751346,0.122136933436454,0.127807190432852,0.133375293056598,
0.138776186006561,0.144117161870395,0.149324533798646,0.15445509842151,0.159501273762529,
0.164544448926384,0.169588519591961,0.174635149504095,0.179678789745434,0.184720137071857,
0.189750367015415,0.194769089751068,0.199771400233197,0.204767253126181,0.209769728252766,
0.214781633105822,0.2198110556676,0.224852314965016,0.229914529942702,0.234991639492016,
0.240084222706683,0.245178359902238,0.250814097610778,0.256991809668037,0.265962165608739,
0.27494906590333,0.283967699268935,0.29018988372318,0.295846445596553,0.300931318153409,
0.306007124542241,0.311064523940426,0.316106794269591,0.321133519023244,0.326165032228007,
0.331394825706707,0.33681912395638,0.34466897804291,0.353613177567079,0.363628975888074,
0.375489155602904,0.387362772304587,0.399210962338755,0.407147775671072,0.414182989835183,
0.420121092440291,0.425876411306826,0.431254792292803,0.436435760881478,0.441413574575032,
0.446385054007188,0.451364329800407,0.456354410322549,0.461362038764977,0.466381437598301,
0.471419543314003,0.476469784347613,0.481530986881829,0.486590195480346,0.491629302926043,
0.49665283450146,0.499986110635912,0.503331052210651,0.510010735164962,0.516700900346613,
0.521736836913061,0.526779953604786,0.531816789719492,0.536844264677728,0.541855625377185,
0.546855915631196,0.551839404206012,0.556811664341941,0.561776840199143,0.566752386733798,
0.571750599895654,0.576763646571456,0.583465604721034,0.590163959438266,0.596850917450211,
0.601848143316397,0.60684035224946,0.611839097697432,0.616843604178869,0.621847644851729,
0.626848765606636,0.631833660951498,0.636802968113302,0.64175079752105,0.646695280767356,
0.653300589920835,0.659915931896,0.666532894500724,0.671490117193165,0.676438317413186,
0.681376225177649,0.686313863970093,0.691276395778893,0.696260800018213,0.701276861416485,
0.706308317848583,0.71136293818231,0.716429528916082,0.721504481968573,0.726574641808982,
0.731629975998914,0.736676138161677,0.741720071229932,0.746767171384976,0.751834441155291,
0.756921906859749,0.762041388032919,0.767176138975878,0.772500221400818,0.778004644005162,
0.783869743058587,0.789908847597161,0.797053169297985,0.805123320476225,0.817160273710166,
0.829198090433581,0.841198899671867,0.849394757513877,0.85684882599924,0.863541006946207,
0.870225187705341,0.87760066058874,0.885664709000226,0.897356472798045,0.909035132288733,
0.920660627984831,0.928409901297308,0.935260072041609,0.94101634000478,0.946590500190311,
0.951786276685601,0.95678489285159,0.961575384520879,0.966347592054004,0.971105405685001,
0.975862907214233,0.980633873860902,0.985423034298822,0.990249040297445,0.995106786666619,
1.),
.UNSPECIFIED.);
#1634=VERTEX_POINT('',#2842);
#1635=B_SPLINE_CURVE_WITH_KNOTS('',3,
(#2843,#2844,#2845,#2846,#2847,#2848,#2849,#2850,#2851,#2852,#2853,#2854,#2855,#2856,
#2857,#2858,#2859,#2860,#2861,#2862,#2863,#2864,#2865,#2866,#2867,#2868,#2869,#2870,
#2871,#2872,#2873,#2874,#2875,#2876,#2877,#2878,#2879,#2880,#2881,#2882,#2883,#2884,
#2885,#2886,#2887,#2888,#2889,#2890,#2891,#2892,#2893,#2894,#2895,#2896,#2897,#2898,
#2899,#2900,#2901,#2902,#2903,#2904,#2905,#2906,#2907,#2908,#2909,#2910,#2911,#2912,
#2913,#2914,#2915,#2916,#2917,#2918,#2919,#2920,#2921,#2922,#2923,#2924,#2925,#2926,
#2927,#2928,#2929,#2930,#2931,#2932,#2933,#2934,#2935,#2936,#2937,#2938,#2939,#2940,
#2941,#2942,#2943,#2944,#2945,#2946,#2947,#2948,#2949,#2950,#2951,#2952,#2953,#2954,
#2955,#2956,#2957,#2958,#2959,#2960,#2961,#2962,#2963,#2964,#2965,#2966,#2967,#2968,
#2969,#2970,#2971,#2972,#2973,#2974,#2975,#2976,#2977,#2978,#2979,#2980,#2981,#2982,
#2983,#2984,#2985,#2986,#2987,#2988,#2989,#2990,#2991,#2992,#2993,#2994,#2995,#2996,
#2997,#2998,#2999,#3000,#3001,#3002,#3003,#3004,#3005,#3006,#3007,#3008,#3009,#3010,
#3011,#3012,#3013,#3014,#3015,#3016,#3017,#3018,#3019,#3020,#3021,#3022,#3023,#3024,
#3025,#3026,#3027,#3028,#3029,#3030,#3031,#3032,#3033,#3034,#3035,#3036,#3037,#3038,
#3039,#3040,#3041,#3042,#3043,#3044,#3045,#3046,#3047,#3048,#3049,#3050,#3051,#3052,
#3053,#3054,#3055,#3056,#3057,#3058,#3059,#3060,#3061,#3062,#3063,#3064,#3065,#3066,
#3067,#3068,#3069,#3070,#3071,#3072,#3073,#3074,#3075,#3076,#3077,#3078,#3079,#3080,
#3081,#3082,#3083,#3084,#3085,#3086,#3087,#3088,#3089,#3090,#3091,#3092,#3093,#3094,
#3095,#3096,#3097,#3098,#3099,#3100,#3101,#3102,#3103,#3104,#3105,#3106,#3107,#3108,
#3109,#3110,#3111,#3112,#3113,#3114,#3115,#3116,#3117,#3118,#3119,#3120,#3121,#3122,
#3123,#3124,#3125,#3126,#3127,#3128,#3129,#3130,#3131,#3132,#3133,#3134,#3135),
.UNSPECIFIED.,.T.,.F.,
(4,1,1,1,1,1,1,1,1,1,1,1,1,1,1,1,1,1,1,1,1,1,1,1,1,1,1,1,1,1,1,1,1,1,1,1,1,1,1,1,
1,1,1,1,1,1,1,1,1,1,1,1,1,1,1,1,1,1,1,1,1,1,1,1,1,1,1,1,1,1,1,1,1,1,1,1,1,1,1,1,
1,1,1,1,1,1,1,1,1,1,1,1,1,1,1,1,1,1,1,1,1,1,1,1,1,1,1,1,1,1,1,1,1,1,1,1,1,1,1,1,
1,1,1,1,1,1,1,1,1,1,1,1,1,1,1,1,1,1,1,1,1,1,1,1,1,1,1,1,1,1,1,1,1,1,1,1,1,1,1,1,
1,1,1,1,1,1,1,1,1,1,1,1,1,1,1,1,1,1,1,1,1,1,1,1,1,1,1,1,1,1,1,1,1,1,1,1,1,1,1,1,
1,1,1,1,1,1,1,1,1,1,1,1,1,1,1,1,1,1,1,1,1,1,1,1,1,1,1,1,1,1,1,1,1,1,1,1,1,1,1,1,
1,1,1,1,1,1,1,1,1,1,1,1,1,1,1,1,1,1,1,1,1,1,1,1,1,1,1,1,1,1,1,1,1,1,1,1,1,1,1,1,
1,1,1,1,1,1,1,1,1,1,4),
(0.,0.00272453046706195,0.00546408980009561,0.00821761720548555,0.0109941216050204,
0.0137809642414236,0.0165974808049996,0.0194355530825319,0.0223094000792246,0.0251948984541929,
0.0281052803876474,0.0310277081803995,0.0349493672729099,0.0388882064994421,0.0428548776863104,
0.0458508505721136,0.0488474167691439,0.0518629495230684,0.0548940962228888,0.0590184369812029,
0.0632200497470194,0.0674910415092903,0.0707741760272578,0.0740670306406469,0.0774242184610195,
0.0808319894078264,0.0843060271406488,0.0877994700801013,0.0913239723685037,0.0948607661067828,
0.0984294725652477,0.10201620947889,0.105599673732462,0.109168090823877,0.112691455312776,
0.116175966366269,0.119591733742136,0.122970173935637,0.126325421936319,0.129688699071642,
0.133057052641465,0.136433405040143,0.139783966368605,0.143116961644801,0.146368002604013,
0.149556164635274,0.153647991969183,0.157630965684531,0.161519260611111,0.164301221762688,
0.167045542764638,0.16970622223353,0.172319024415832,0.174876105826811,0.177424085570289,
0.179957166064095,0.182481174258893,0.18581466497297,0.1891255813379,0.192410316794321,
0.194844837156881,0.197274724868552,0.200503697822783,0.203725541854114,0.206936623019683,
0.209327881615053,0.211707808071464,0.214073221469752,0.216435738041467,0.218799886454188,
0.221166783468713,0.223535792049032,0.225906501946283,0.228537957526767,0.231429675789405,
0.235649662410552,0.239885692136151,0.244141425656877,0.247124236053763,0.249881674828213,
0.250021193892398,0.252430551010204,0.254996977682315,0.257617951929106,0.260278280686131,
0.263936157712744,0.267667351580421,0.271475098317631,0.274422043521202,0.277389064600529,
0.280758927151354,0.284510960708052,0.290051752205718,0.295636578605749,0.301283280169776,
0.305227924387443,0.308835922936471,0.313245828767032,0.317720817646613,0.322252278938216,
0.325706961426302,0.329163333906999,0.332659198665142,0.336188362143554,0.339755163618241,
0.343330108819072,0.346909827549591,0.350485063267976,0.354067182104223,0.357659999215446,
0.361244307474067,0.364815660344769,0.368350260436113,0.371856468215225,0.375298630824414,
0.378702324844077,0.382076171783577,0.385450971805699,0.388820142746268,0.39219034545933,
0.395531159117684,0.398854690192904,0.402092873742751,0.405264987707113,0.409327028589601,
0.414206031792853,0.418955114666456,0.42260448035525,0.425239882119396,0.42782779194544,
0.430360440970511,0.432883760199489,0.435392904339372,0.437893649489417,0.441197790234597,
0.444479960918578,0.447736497387972,0.450150848935443,0.452561607812095,0.455768006239295,
0.458969301498281,0.462161805821684,0.464541420437276,0.466910797911701,0.469266621597914,
0.471618395001702,0.473971756268221,0.476328272228862,0.47868835943942,0.481051331785571,
0.483415536658188,0.485779971517233,0.488142074023736,0.490501529533759,0.492850120932584,
0.495191133152978,0.497524946688113,0.499857383159459,0.50001410924297,0.502191938727777,
0.504530958127188,0.506878288024375,0.509230734669248,0.511673177405792,0.514202705985525,
0.516905941453753,0.519693550343539,0.522744011315263,0.525969939782522,0.52947528000226,
0.533082983209725,0.537508417356429,0.542646839545286,0.551495143299367,0.560871602803348,
0.570739096808056,0.57748093500811,0.583556817259509,0.589623977712007,0.595056769165619,
0.599837364081313,0.604377720413786,0.608861046240835,0.613303657422733,0.616669618469811,
0.620056686768001,0.623469420547228,0.626889521659943,0.63029784152602,0.633690965914325,
0.637067748454565,0.640435994485857,0.644312860452574,0.648715747118417,0.654257396940419,
0.660410836209888,0.667864094160317,0.676046341260964,0.684941994372858,0.693845544910493,
0.702131869827396,0.709770335996284,0.716050072175092,0.721580150926446,0.725731059130318,
0.729259924489712,0.732079633999819,0.734814868111882,0.737376707954316,0.739852402721054,
0.742240556890741,0.744627814428961,0.74700363139699,0.749370482591039,0.749988547426391,
0.752512249914882,0.755651883777222,0.758793118304896,0.761154997606861,0.763520348433852,
0.765886071427023,0.768250514181869,0.770612744896974,0.772972428264588,0.775330598878425,
0.777687445415583,0.780046165631486,0.782410625552212,0.784808454189586,0.787234902479476,
0.7905488255171,0.794225807844595,0.798260188072105,0.803083072866724,0.808023552178833,
0.813070411228999,0.816665680672948,0.819993917104376,0.823082942933985,0.82619051080546,
0.829345087401924,0.83252831436606,0.835754539693874,0.838993505066803,0.842285836984136,
0.845616422609937,0.848990175482343,0.852377793543795,0.855860665962134,0.859422106819632,
0.863134507517765,0.866913481142429,0.871272578547528,0.876145252983558,0.88325728677178,
0.891951689656784,0.90103123996363,0.907604007690216,0.911764373343081,0.914558554953372,
0.917217763201624,0.919740090908089,0.922260120441176,0.924870303164974,0.927570834403417,
0.930444669950333,0.933403563099624,0.938327932859126,0.945108274342001,0.952317716607248,
0.958045695814915,0.961832578726599,0.965148953482707,0.967873342445781,0.970482276710278,
0.972830727959581,0.975033511212631,0.977063028944383,0.979061539164167,0.980961591178075,
0.982792258253168,0.984506503607195,0.986175696670299,0.987869811170865,0.989635950193898,
0.991990430661312,0.994247337089666,0.996402132733889,0.997771122546684,0.998969347922505,
1.),
.UNSPECIFIED.);
#1636=VERTEX_POINT('',#3136);
#1637=(BOUNDED_CURVE()B_SPLINE_CURVE(3,
(#3137,#3138,#3139,#3140,#3141,#3142,#3143,#3144,#3145,#3146,#3147,#3148,#3149,#3150,
#3151,#3152,#3153,#3154,#3155,#3156,#3157,#3158,#3159,#3160,#3161,#3162,#3163,#3164,
#3165,#3166,#3167,#3168,#3169,#3170,#3171,#3172,#3173,#3174,#3175,#3176,#3177,#3178,
#3179,#3180,#3181,#3182,#3183,#3184,#3185,#3186,#3187,#3188,#3189,#3190,#3191,#3192,
#3193,#3194,#3195,#3196,#3197,#3198,#3199,#3200,#3201,#3202,#3203,#3204,#3205,#3206,
#3207,#3208,#3209,#3210,#3211,#3212,#3213,#3214,#3215,#3216,#3217,#3218,#3219,#3220,
#3221,#3222,#3223,#3224,#3225,#3226,#3227,#3228,#3229,#3230,#3231,#3232,#3233,#3234,
#3235,#3236,#3237,#3238,#3239,#3240,#3241,#3242,#3243,#3244,#3245,#3246,#3247,#3248,
#3249,#3250,#3251,#3252,#3253,#3254,#3255,#3256,#3257,#3258,#3259,#3260,#3261,#3262,
#3263,#3264,#3265,#3266,#3267,#3268,#3269,#3270,#3271,#3272,#3273,#3274,#3275,#3276,
#3277,#3278,#3279,#3280,#3281,#3282,#3283,#3284,#3285,#3286,#3287,#3288,#3289,#3290,
#3291,#3292,#3293,#3294,#3295,#3296,#3297,#3298,#3299,#3300,#3301,#3302,#3303,#3304,
#3305,#3306,#3307,#3308,#3309,#3310,#3311,#3312,#3313,#3314,#3315,#3316,#3317,#3318,
#3319,#3320,#3321,#3322,#3323,#3324,#3325,#3326,#3327,#3328,#3329,#3330,#3331,#3332,
#3333,#3334,#3335,#3336,#3337,#3338,#3339,#3340,#3341,#3342,#3343,#3344,#3345,#3346,
#3347,#3348,#3349,#3350,#3351,#3352,#3353,#3354,#3355,#3356,#3357,#3358,#3359,#3360,
#3361,#3362,#3363,#3364,#3365,#3366,#3367,#3368,#3369,#3370,#3371,#3372,#3373,#3374,
#3375,#3376,#3377,#3378,#3379,#3380,#3381,#3382,#3383,#3384,#3385,#3386,#3387,#3388,
#3389,#3390,#3391,#3392,#3393,#3394,#3395,#3396,#3397,#3398,#3399,#3400,#3401,#3402,
#3403,#3404,#3405,#3406,#3407,#3408,#3409,#3410,#3411,#3412,#3413,#3414,#3415,#3416,
#3417,#3418,#3419,#3420,#3421,#3422,#3423,#3424,#3425,#3426,#3427,#3428,#3429,#3430,
#3431,#3432,#3433,#3434,#3435,#3436,#3437,#3438,#3439,#3440,#3441,#3442,#3443,#3444,
#3445,#3446,#3447,#3448,#3449,#3450,#3451,#3452,#3453,#3454,#3455,#3456,#3457,#3458,
#3459,#3460,#3461,#3462,#3463,#3464,#3465,#3466,#3467,#3468,#3469,#3470,#3471,#3472,
#3473,#3474,#3475),
.UNSPECIFIED.,.T.,.F.)B_SPLINE_CURVE_WITH_KNOTS((4,1,1,1,1,1,1,1,1,1,1,1,1,1,1,1,
1,1,1,1,1,1,1,1,1,1,1,1,1,1,1,1,1,1,1,1,1,1,1,1,1,1,1,1,1,1,1,1,1,1,1,1,1,1,1,1,
1,1,1,1,1,1,1,1,1,1,1,1,1,1,1,1,1,1,1,1,1,1,1,1,1,1,1,1,1,1,1,1,1,1,1,1,1,1,1,1,
1,1,1,1,1,1,1,1,1,1,1,1,1,1,1,1,1,1,1,1,1,1,1,1,1,1,1,1,1,1,1,1,1,1,1,1,1,1,1,1,
1,1,1,1,1,1,1,1,1,1,1,1,1,1,1,1,1,1,1,1,1,1,1,1,1,1,1,1,1,1,1,1,1,1,1,1,1,1,1,1,
1,1,1,1,1,1,1,1,1,1,1,1,1,1,1,1,1,1,1,1,1,1,1,1,1,1,1,1,1,1,1,1,1,1,1,1,1,1,1,1,
1,1,1,1,1,1,1,1,1,1,1,1,1,1,1,1,1,1,1,1,1,1,1,1,1,1,1,1,1,1,1,1,1,1,1,1,1,1,1,1,
1,1,1,1,1,1,1,1,1,1,1,1,1,1,1,1,1,1,1,1,1,1,1,1,1,1,1,1,1,1,1,1,1,1,1,1,1,1,1,1,
1,1,1,1,1,1,1,1,1,1,1,1,1,1,1,1,1,1,1,1,1,1,1,1,1,1,1,1,1,1,1,1,1,1,1,1,1,1,1,1,
4),
(0.,0.00397094823640805,0.00790121905874765,0.0118003860153393,0.0156612935816549,
0.0195198010279459,0.0233293758022285,0.0270974097127623,0.0307781746141909,0.0344135664829583,
0.0379102097965927,0.0413142687852011,0.0445782775294012,0.0477884890061158,0.0508568108853503,
0.0538369635864199,0.0566987190266558,0.059527819363754,0.0623747077031282,0.0652686208007368,
0.0682738385801921,0.0713458880061731,0.0749192791159129,0.0789213411632345,0.0848636352041188,
0.0908180388326595,0.0967651277614853,0.100749449315499,0.104277140617361,0.10726048711749,
0.110159305258145,0.112886287590711,0.115529423588082,0.118089271584799,0.120650254064732,
0.123202526826763,0.125747002815239,0.12912915705985,0.132510351825889,0.135895210354067,
0.138441343712674,0.140990941430184,0.143537049434845,0.146078134275987,0.148609680841943,
0.151134866492602,0.153648915664544,0.156155208058059,0.158654831975625,0.161158421764045,
0.163672034658761,0.16619243660598,0.169560047312368,0.172924865276961,0.176283050714835,
0.178791002118235,0.181295795298434,0.184686117513116,0.188125277989843,0.191609016477248,
0.1942931257479,0.197014147763519,0.199793659673269,0.202598608739031,0.205486110428028,
0.208431752880042,0.211464381780219,0.214526718080406,0.2176588226087,0.220832563972302,
0.224076405507889,0.227348272263767,0.230659444555892,0.233987282910991,0.237322080317504,
0.240641117114153,0.243930601070052,0.247199973028039,0.250019891164946,0.250461914914021,
0.253729353232369,0.257005164815802,0.260294074183166,0.263571564728743,0.266838320978647,
0.270042430379872,0.273196353919618,0.276267490213028,0.279301606429365,0.282250577233391,
0.285145394827563,0.28795117767544,0.290723266527736,0.293418247346782,0.296067908156913,
0.298663483287904,0.301249716387527,0.303819757985199,0.306379916691153,0.309760811064282,
0.313120576375618,0.316455510166861,0.318931210614596,0.321404192339765,0.324706054637256,
0.32801216930588,0.331318424104408,0.333795368065273,0.336268002115018,0.338736154307603,
0.341204921792601,0.343687366138034,0.346181376931443,0.348691611845296,0.351209290116252,
0.353737728434648,0.356271163034779,0.358807333176863,0.361340309138627,0.364708550400143,
0.368074666752396,0.37144233754366,0.373980699278013,0.376529655548502,0.379094893361914,
0.381667661730268,0.384240756336312,0.386810244786854,0.389374252265664,0.391933606166852,
0.394485679703532,0.397033296780968,0.399577152579086,0.402124184617734,0.405521932765914,
0.408918018559846,0.412308914855064,0.414840699070616,0.417364116334968,0.419877444979362,
0.422389864153456,0.424906762175498,0.427427011914826,0.43078597154085,0.434136625863849,
0.437475468456512,0.43996302621715,0.442446474519165,0.445759379176693,0.449075236874582,
0.452389972886561,0.454871780086221,0.457348699849304,0.459820550045277,0.462293436382357,
0.464778925292364,0.467274565485584,0.469782957878277,0.472296345624243,0.475655413562873,
0.479849022637621,0.484036049123799,0.487379996090219,0.489892038377048,0.492408300913931,
0.494936584064437,0.497475009396121,0.500009215705602,0.500027792144322,0.502586476868722,
0.505142131799281,0.507692223590611,0.510235824302036,0.512775450239001,0.515310411261213,
0.517843883645783,0.521222557904414,0.52460351444497,0.527984554336881,0.530512914633876,
0.533036770914714,0.535550647258614,0.538056612706623,0.540554300923394,0.543053401905426,
0.545560129890076,0.548072168819914,0.551424616977251,0.554771005206638,0.558107600134521,
0.560595113076389,0.563078159366736,0.565562954765548,0.568050792041232,0.570540139333808,
0.573029362432899,0.575516893645419,0.578001087300035,0.580482416324344,0.582965933893855,
0.585462890809835,0.58796992356974,0.59133024188336,0.594693978793999,0.598057699035467,
0.600574823967141,0.603087007988459,0.605600535593754,0.608118063294541,0.610644510585257,
0.613177487511854,0.61572443270377,0.618281692200685,0.620851789728689,0.623425418190333,
0.626275767054491,0.62940067755584,0.633931453627138,0.638463010017113,0.643002878020326,
0.646125024634105,0.648957719909266,0.65149600190123,0.654028047340003,0.656548051223523,
0.659059331523613,0.661562258416927,0.664068042982726,0.666582749194211,0.669103577004303,
0.671628229594428,0.674153086112869,0.676672095217967,0.679184257131611,0.681685791890511,
0.68418320344367,0.687561304472533,0.690987708421685,0.694458215192534,0.697133583949702,
0.699846887114572,0.702620754970999,0.705421334871746,0.708307414564097,0.7112535717331,
0.714289473127999,0.717355990804335,0.720492984590448,0.723670068515548,0.728008327935972,
0.732396411401494,0.736824410584223,0.740167508323801,0.743500474642921,0.746807592870149,
0.750020524613903,0.750094042538941,0.753370894721607,0.756650380289512,0.759935421073345,
0.763232655559544,0.766520044674986,0.769798801636956,0.774706032833325,0.781109384278444,
0.787651145085215,0.792718116608548,0.796059707817054,0.799029776427005,0.801620873200504,
0.804203005777311,0.806769942931953,0.809327561321459,0.811865506383373,0.81439527893674,
0.816902575274719,0.819394232856388,0.82186648569872,0.824335785667211,0.826835964888737,
0.829368046210382,0.832843160640239,0.836404777193135,0.840048651904161,0.843869378306899,
0.847800351809305,0.851838645534658,0.855000126398348,0.85819040009633,0.861434551311856,
0.864695315234371,0.867968721851567,0.87123606612186,0.874524121827131,0.877841120360093,
0.881214991954543,0.884629887471671,0.88923278675039,0.893828274631993,0.898403465047645,
0.901774510552308,0.90510870148581,0.908384883026207,0.911634622544765,0.914793165154632,
0.917887091911837,0.92088249415377,0.923840701450292,0.926709328952883,0.929521835922215,
0.932241647876552,0.934928725417148,0.937539883027288,0.940107402610915,0.942624597080132,
0.945135212670246,0.948460971930552,0.951771695602243,0.955063294982668,0.957503233415941,
0.959925426978644,0.962324154932024,0.964717021110307,0.967104499289936,0.969490107800051,
0.971870514404313,0.974250251220849,0.97662288433539,0.978990517911551,0.981349546878878,
0.983704715564753,0.986048340440373,0.988383993569995,0.99148417879007,0.994581088580142,
0.997676926259065,1.),
.UNSPECIFIED.)CURVE()GEOMETRIC_REPRESENTATION_ITEM()RATIONAL_B_SPLINE_CURVE((1.,
1.,1.,1.,1.,1.,1.,1.,1.,1.,1.,1.,1.,1.,1.,1.,1.,1.,1.,1.,1.,1.,1.,1.,1.,1.,1.,1.,
1.,1.,1.,1.,1.,1.,1.,1.,1.,1.,1.,1.,1.,1.,1.,1.,1.,1.,1.,1.,1.,1.,1.,1.,1.,1.,1.,
1.,1.,1.,1.,1.,1.,1.,1.,1.,1.,1.,1.,1.,1.,1.,1.,1.,1.,1.,1.,1.,1.,1.,1.,1.,1.,1.,
1.,1.,1.,1.,1.,1.,1.,1.,1.,1.,1.,1.,1.,1.,1.,1.,1.,1.,1.,1.,1.,1.,1.,1.,1.,1.,1.,
1.,1.,1.,1.,1.,1.,1.,1.,1.,1.,1.,1.,1.,1.,1.,1.,1.,1.,1.,1.,1.,1.,1.,1.,1.,1.,1.,
1.,1.,1.,1.,1.,1.,1.,1.,1.,1.,1.,1.,1.,1.,1.,1.,1.,1.,1.,1.,1.,1.,1.,1.,1.,1.,1.,
1.,1.,1.,1.,1.,1.,1.,1.,1.,1.,1.,1.,1.,1.,1.,1.,1.,1.,1.,1.,1.,1.,1.,1.,1.,1.,1.,
1.,1.,1.,1.,1.,1.,1.,1.,1.,1.,1.,1.,1.,1.,1.,1.,1.,1.,1.,1.,1.,1.,1.,1.,1.,1.,1.,
1.,1.,1.,1.,1.,1.,1.,1.,1.,1.,1.,1.,1.,1.,1.,1.,1.,1.,1.,1.,1.,1.,1.,1.,1.,1.,1.,
1.,1.,1.,1.,1.,1.,1.,1.,1.,1.,1.,1.,1.,1.,1.,1.,1.,1.,1.,1.,1.,1.,1.,1.,1.,1.,1.,
1.,1.,1.,1.,1.,1.,1.,1.,1.,1.,1.,1.,1.,1.,1.,1.,1.,1.,1.,1.,1.,1.,1.,1.,1.,1.,1.,
1.,1.,1.,1.,1.,1.,1.,1.,1.,1.,1.,1.,1.,1.,1.,1.,1.,1.,1.,1.,1.,1.,1.,1.,1.,1.,1.,
1.,1.,1.,1.,1.,1.,1.,1.,1.,1.,1.,1.,1.,1.))REPRESENTATION_ITEM(''));
#1638=VERTEX_POINT('',#3476);
#1639=CIRCLE('',#3477,3.);
#1640=VERTEX_POINT('',#3481);
#1641=VERTEX_POINT('',#3482);
#1642=CIRCLE('',#3483,2.5);
#1643=CIRCLE('',#3487,2.5);
#1644=VERTEX_POINT('',#3491);
#1645=CIRCLE('',#3492,7.5);
#1646=VERTEX_POINT('',#3496);
#1647=VERTEX_POINT('',#3497);
#1648=CIRCLE('',#3498,2.5);
#1649=CIRCLE('',#3502,2.5);
#1650=VERTEX_POINT('',#3506);
#1651=VERTEX_POINT('',#3507);
#1652=CIRCLE('',#3508,8.);
#1653=CIRCLE('',#3512,8.);
#1654=VERTEX_POINT('',#3516);
#1655=VERTEX_POINT('',#3517);
#1656=CIRCLE('',#3518,8.);
#1657=CIRCLE('',#3522,8.);
#1658=VERTEX_POINT('',#3526);
#1659=CIRCLE('',#3527,3.);
#1660=VERTEX_POINT('',#3531);
#1661=VERTEX_POINT('',#3532);
#1662=CIRCLE('',#3533,7.);
#1663=CIRCLE('',#3537,7.);
#1664=VERTEX_POINT('',#3541);
#1665=VERTEX_POINT('',#3542);
#1666=CIRCLE('',#3543,8.);
#1667=CIRCLE('',#3547,8.);
#1668=VERTEX_POINT('',#3551);
#1669=VERTEX_POINT('',#3552);
#1670=CIRCLE('',#3553,7.99999999999998);
#1671=CIRCLE('',#3557,7.99999999999998);
#1672=VERTEX_POINT('',#3561);
#1673=VERTEX_POINT('',#3562);
#1674=CIRCLE('',#3563,7.);
#1675=CIRCLE('',#3567,7.);
#1676=CARTESIAN_POINT('',(4.02885719716288,4.59351822515911,7.75));
#1677=CARTESIAN_POINT('',(4.02885719716288,4.59351822515911,15.25));
#1678=CARTESIAN_POINT('',(4.02885719716288,4.59351822515911,7.75));
#1679=VECTOR('',#1680,1.);
#1680=DIRECTION('',(0.,0.,1.));
#1681=CARTESIAN_POINT('',(3.12371009892497,5.25114608612959,7.75));
#1682=AXIS2_PLACEMENT_3D('',#1683,#1684,#1685);
#1683=CARTESIAN_POINT('',(3.59136789150701,4.94309383563093,7.75));
#1684=DIRECTION('',(0.,0.,-1.));
#1685=DIRECTION('',(0.781230902956911,-0.624242161556819,0.));
#1686=CARTESIAN_POINT('',(3.12371009892497,5.2511460861296,15.25));
#1687=CARTESIAN_POINT('',(3.12371009892497,5.25114608612959,15.25));
#1688=VECTOR('',#1689,1.);
#1689=DIRECTION('',(0.,0.,-1.));
#1690=AXIS2_PLACEMENT_3D('',#1691,#1692,#1693);
#1691=CARTESIAN_POINT('',(3.59136789150701,4.94309383563093,15.25));
#1692=DIRECTION('',(0.,0.,1.));
#1693=DIRECTION('',(-0.835103201039355,0.550093304461909,0.));
#1694=CARTESIAN_POINT('',(2.41219569503918,5.61368078259127,7.75));
#1695=CARTESIAN_POINT('',(2.41219569503918,5.61368078259127,15.25));
#1696=CARTESIAN_POINT('',(2.41219569503918,5.61368078259126,7.75));
#1697=VECTOR('',#1698,1.);
#1698=DIRECTION('',(0.,0.,1.));
#1699=CARTESIAN_POINT('',(1.34813146404004,5.95941620929981,7.75));
#1700=AXIS2_PLACEMENT_3D('',#1701,#1702,#1703);
#1701=CARTESIAN_POINT('',(1.88809383563093,5.81095531456339,7.75));
#1702=DIRECTION('',(0.,0.,-1.));
#1703=DIRECTION('',(0.935896177514726,-0.352275949950212,0.));
#1704=CARTESIAN_POINT('',(1.34813146404004,5.95941620929981,15.25));
#1705=CARTESIAN_POINT('',(1.34813146404004,5.95941620929981,15.25));
#1706=VECTOR('',#1707,1.);
#1707=DIRECTION('',(0.,0.,-1.));
#1708=AXIS2_PLACEMENT_3D('',#1709,#1710,#1711);
#1709=CARTESIAN_POINT('',(1.88809383563093,5.81095531456339,15.25));
#1710=DIRECTION('',(0.,0.,1.));
#1711=DIRECTION('',(-0.964218520698023,0.265108740600752,0.));
#1712=CARTESIAN_POINT('',(5.2511460861296,3.12371009892497,7.75));
#1713=CARTESIAN_POINT('',(5.2511460861296,3.12371009892497,15.25));
#1714=CARTESIAN_POINT('',(5.2511460861296,3.12371009892497,7.75));
#1715=VECTOR('',#1716,1.);
#1716=DIRECTION('',(0.,0.,1.));
#1717=CARTESIAN_POINT('',(4.59351822515911,4.02885719716288,7.75));
#1718=AXIS2_PLACEMENT_3D('',#1719,#1720,#1721);
#1719=CARTESIAN_POINT('',(4.94309383563093,3.59136789150701,7.75));
#1720=DIRECTION('',(0.,0.,-1.));
#1721=DIRECTION('',(0.550093304461909,-0.835103201039355,0.));
#1722=CARTESIAN_POINT('',(4.59351822515911,4.02885719716288,15.25));
#1723=CARTESIAN_POINT('',(4.59351822515911,4.02885719716288,15.25));
#1724=VECTOR('',#1725,1.);
#1725=DIRECTION('',(0.,0.,-1.));
#1726=AXIS2_PLACEMENT_3D('',#1727,#1728,#1729);
#1727=CARTESIAN_POINT('',(4.94309383563093,3.59136789150701,15.25));
#1728=DIRECTION('',(0.,0.,1.));
#1729=DIRECTION('',(-0.624242161556819,0.781230902956911,0.));
#1730=CARTESIAN_POINT('',(6.08433715220949,-0.559411671529369,7.75));
#1731=CARTESIAN_POINT('',(6.08433715220949,-0.559411671529369,15.25));
#1732=CARTESIAN_POINT('',(6.08433715220949,-0.55941167152937,7.75));
#1733=VECTOR('',#1734,1.);
#1734=DIRECTION('',(0.,0.,1.));
#1735=CARTESIAN_POINT('',(6.08433715220949,0.559411671529367,7.75));
#1736=AXIS2_PLACEMENT_3D('',#1737,#1738,#1739);
#1737=CARTESIAN_POINT('',(6.11,-8.88178419700125E-16,7.75));
#1738=DIRECTION('',(0.,0.,-1.));
#1739=DIRECTION('',(-0.0458265139116256,-0.998949413445299,0.));
#1740=CARTESIAN_POINT('',(6.08433715220949,0.559411671529367,15.25));
#1741=CARTESIAN_POINT('',(6.08433715220949,0.559411671529368,15.25));
#1742=VECTOR('',#1743,1.);
#1743=DIRECTION('',(0.,0.,-1.));
#1744=AXIS2_PLACEMENT_3D('',#1745,#1746,#1747);
#1745=CARTESIAN_POINT('',(6.11,-8.88178419700125E-16,15.25));
#1746=DIRECTION('',(0.,0.,1.));
#1747=DIRECTION('',(-0.0458265139116256,0.998949413445299,0.));
#1748=CARTESIAN_POINT('',(4.59351822515911,-4.02885719716288,7.75));
#1749=CARTESIAN_POINT('',(4.59351822515911,-4.02885719716288,15.25));
#1750=CARTESIAN_POINT('',(4.59351822515911,-4.02885719716288,7.75));
#1751=VECTOR('',#1752,1.);
#1752=DIRECTION('',(0.,0.,1.));
#1753=CARTESIAN_POINT('',(5.25114608612959,-3.12371009892497,7.75));
#1754=AXIS2_PLACEMENT_3D('',#1755,#1756,#1757);
#1755=CARTESIAN_POINT('',(4.94309383563093,-3.59136789150701,7.75));
#1756=DIRECTION('',(0.,0.,-1.));
#1757=DIRECTION('',(-0.624242161556819,-0.781230902956911,0.));
#1758=CARTESIAN_POINT('',(5.2511460861296,-3.12371009892497,15.25));
#1759=CARTESIAN_POINT('',(5.25114608612959,-3.12371009892497,15.25));
#1760=VECTOR('',#1761,1.);
#1761=DIRECTION('',(0.,0.,-1.));
#1762=AXIS2_PLACEMENT_3D('',#1763,#1764,#1765);
#1763=CARTESIAN_POINT('',(4.94309383563093,-3.59136789150701,15.25));
#1764=DIRECTION('',(0.,0.,1.));
#1765=DIRECTION('',(0.550093304461909,0.835103201039355,0.));
#1766=CARTESIAN_POINT('',(1.34813146404003,-5.95941620929981,7.75));
#1767=CARTESIAN_POINT('',(1.34813146404003,-5.95941620929981,15.25));
#1768=CARTESIAN_POINT('',(1.34813146404003,-5.95941620929981,7.75));
#1769=VECTOR('',#1770,1.);
#1770=DIRECTION('',(0.,0.,1.));
#1771=CARTESIAN_POINT('',(2.41219569503917,-5.61368078259127,7.75));
#1772=AXIS2_PLACEMENT_3D('',#1773,#1774,#1775);
#1773=CARTESIAN_POINT('',(1.88809383563093,-5.81095531456339,7.75));
#1774=DIRECTION('',(0.,0.,-1.));
#1775=DIRECTION('',(-0.964218520698024,-0.265108740600747,0.));
#1776=CARTESIAN_POINT('',(2.41219569503917,-5.61368078259127,15.25));
#1777=CARTESIAN_POINT('',(2.41219569503917,-5.61368078259127,15.25));
#1778=VECTOR('',#1779,1.);
#1779=DIRECTION('',(0.,0.,-1.));
#1780=AXIS2_PLACEMENT_3D('',#1781,#1782,#1783);
#1781=CARTESIAN_POINT('',(1.88809383563093,-5.81095531456339,15.25));
#1782=DIRECTION('',(0.,0.,1.));
#1783=DIRECTION('',(0.935896177514724,0.352275949950217,0.));
#1784=CARTESIAN_POINT('',(-1.34813146404003,-5.95941620929981,15.25));
#1785=CARTESIAN_POINT('',(-1.34813146404004,-5.95941620929981,7.75));
#1786=CARTESIAN_POINT('',(-1.34813146404004,-5.95941620929981,15.25));
#1787=VECTOR('',#1788,1.);
#1788=DIRECTION('',(0.,0.,-1.));
#1789=CARTESIAN_POINT('',(-2.41219569503918,-5.61368078259127,15.25));
#1790=AXIS2_PLACEMENT_3D('',#1791,#1792,#1793);
#1791=CARTESIAN_POINT('',(-1.88809383563093,-5.81095531456339,15.25));
#1792=DIRECTION('',(0.,0.,1.));
#1793=DIRECTION('',(0.964218520698024,-0.265108740600747,0.));
#1794=CARTESIAN_POINT('',(-2.41219569503917,-5.61368078259127,7.75));
#1795=CARTESIAN_POINT('',(-2.41219569503917,-5.61368078259127,7.75));
#1796=VECTOR('',#1797,1.);
#1797=DIRECTION('',(0.,0.,1.));
#1798=AXIS2_PLACEMENT_3D('',#1799,#1800,#1801);
#1799=CARTESIAN_POINT('',(-1.88809383563093,-5.81095531456339,7.75));
#1800=DIRECTION('',(0.,0.,-1.));
#1801=DIRECTION('',(-0.935896177514724,0.352275949950217,0.));
#1802=CARTESIAN_POINT('',(-5.25114608612959,-3.12371009892497,7.75));
#1803=CARTESIAN_POINT('',(-5.25114608612959,-3.12371009892497,15.25));
#1804=CARTESIAN_POINT('',(-5.25114608612959,-3.12371009892498,7.75));
#1805=VECTOR('',#1806,1.);
#1806=DIRECTION('',(0.,0.,1.));
#1807=CARTESIAN_POINT('',(-4.59351822515911,-4.02885719716288,7.75));
#1808=AXIS2_PLACEMENT_3D('',#1809,#1810,#1811);
#1809=CARTESIAN_POINT('',(-4.94309383563093,-3.59136789150701,7.75));
#1810=DIRECTION('',(0.,0.,-1.));
#1811=DIRECTION('',(-0.550093304461897,0.835103201039363,0.));
#1812=CARTESIAN_POINT('',(-4.59351822515911,-4.02885719716288,15.25));
#1813=CARTESIAN_POINT('',(-4.59351822515911,-4.02885719716288,15.25));
#1814=VECTOR('',#1815,1.);
#1815=DIRECTION('',(0.,0.,-1.));
#1816=AXIS2_PLACEMENT_3D('',#1817,#1818,#1819);
#1817=CARTESIAN_POINT('',(-4.94309383563093,-3.59136789150701,15.25));
#1818=DIRECTION('',(0.,0.,1.));
#1819=DIRECTION('',(0.624242161556821,-0.781230902956909,0.));
#1820=CARTESIAN_POINT('',(-6.08433715220949,-0.55941167152937,15.25));
#1821=CARTESIAN_POINT('',(-6.08433715220949,-0.559411671529367,7.75));
#1822=CARTESIAN_POINT('',(-6.08433715220949,-0.559411671529368,15.25));
#1823=VECTOR('',#1824,1.);
#1824=DIRECTION('',(0.,0.,-1.));
#1825=CARTESIAN_POINT('',(-6.08433715220949,0.559411671529371,15.25));
#1826=AXIS2_PLACEMENT_3D('',#1827,#1828,#1829);
#1827=CARTESIAN_POINT('',(-6.11,0.,15.25));
#1828=DIRECTION('',(0.,0.,1.));
#1829=DIRECTION('',(0.0458265139116256,-0.998949413445299,0.));
#1830=CARTESIAN_POINT('',(-6.08433715220949,0.559411671529368,7.75));
#1831=CARTESIAN_POINT('',(-6.08433715220949,0.559411671529366,7.75));
#1832=VECTOR('',#1833,1.);
#1833=DIRECTION('',(0.,0.,1.));
#1834=AXIS2_PLACEMENT_3D('',#1835,#1836,#1837);
#1835=CARTESIAN_POINT('',(-6.11,0.,7.75));
#1836=DIRECTION('',(0.,0.,-1.));
#1837=DIRECTION('',(0.0458265139116256,0.998949413445299,0.));
#1838=CARTESIAN_POINT('',(-4.59351822515911,4.02885719716288,7.75));
#1839=CARTESIAN_POINT('',(-4.59351822515911,4.02885719716288,15.25));
#1840=CARTESIAN_POINT('',(-4.59351822515911,4.02885719716288,7.75));
#1841=VECTOR('',#1842,1.);
#1842=DIRECTION('',(0.,0.,1.));
#1843=CARTESIAN_POINT('',(-5.25114608612959,3.12371009892497,7.75));
#1844=AXIS2_PLACEMENT_3D('',#1845,#1846,#1847);
#1845=CARTESIAN_POINT('',(-4.94309383563093,3.59136789150701,7.75));
#1846=DIRECTION('',(0.,0.,-1.));
#1847=DIRECTION('',(0.624242161556821,0.78123090295691,0.));
#1848=CARTESIAN_POINT('',(-5.25114608612959,3.12371009892497,15.25));
#1849=CARTESIAN_POINT('',(-5.25114608612959,3.12371009892497,15.25));
#1850=VECTOR('',#1851,1.);
#1851=DIRECTION('',(0.,0.,-1.));
#1852=AXIS2_PLACEMENT_3D('',#1853,#1854,#1855);
#1853=CARTESIAN_POINT('',(-4.94309383563093,3.59136789150701,15.25));
#1854=DIRECTION('',(0.,0.,1.));
#1855=DIRECTION('',(-0.550093304461898,-0.835103201039363,0.));
#1856=CARTESIAN_POINT('',(-2.41219569503918,5.61368078259127,15.25));
#1857=CARTESIAN_POINT('',(-2.41219569503917,5.61368078259127,7.75));
#1858=CARTESIAN_POINT('',(-2.41219569503917,5.61368078259127,15.25));
#1859=VECTOR('',#1860,1.);
#1860=DIRECTION('',(0.,0.,-1.));
#1861=CARTESIAN_POINT('',(-1.34813146404003,5.95941620929981,15.25));
#1862=AXIS2_PLACEMENT_3D('',#1863,#1864,#1865);
#1863=CARTESIAN_POINT('',(-1.88809383563093,5.81095531456339,15.25));
#1864=DIRECTION('',(0.,0.,1.));
#1865=DIRECTION('',(-0.935896177514726,-0.352275949950212,0.));
#1866=CARTESIAN_POINT('',(-1.34813146404004,5.95941620929981,7.75));
#1867=CARTESIAN_POINT('',(-1.34813146404004,5.95941620929981,7.75));
#1868=VECTOR('',#1869,1.);
#1869=DIRECTION('',(0.,0.,1.));
#1870=AXIS2_PLACEMENT_3D('',#1871,#1872,#1873);
#1871=CARTESIAN_POINT('',(-1.88809383563093,5.81095531456339,7.75));
#1872=DIRECTION('',(0.,0.,-1.));
#1873=DIRECTION('',(0.964218520698023,0.265108740600752,0.));
#1874=CARTESIAN_POINT('',(0.559411671529368,6.08433715220949,7.75));
#1875=CARTESIAN_POINT('',(0.559411671529368,6.08433715220949,15.25));
#1876=CARTESIAN_POINT('',(0.559411671529368,6.08433715220949,7.75));
#1877=VECTOR('',#1878,1.);
#1878=DIRECTION('',(0.,0.,1.));
#1879=CARTESIAN_POINT('',(-0.559411671529368,6.08433715220949,7.75));
#1880=AXIS2_PLACEMENT_3D('',#1881,#1882,#1883);
#1881=CARTESIAN_POINT('',(0.,6.11,7.75));
#1882=DIRECTION('',(0.,0.,-1.));
#1883=DIRECTION('',(0.998949413445299,-0.0458265139116256,0.));
#1884=CARTESIAN_POINT('',(-0.559411671529368,6.08433715220949,15.25));
#1885=CARTESIAN_POINT('',(-0.559411671529369,6.08433715220949,15.25));
#1886=VECTOR('',#1887,1.);
#1887=DIRECTION('',(0.,0.,-1.));
#1888=AXIS2_PLACEMENT_3D('',#1889,#1890,#1891);
#1889=CARTESIAN_POINT('',(0.,6.11,15.25));
#1890=DIRECTION('',(0.,0.,1.));
#1891=DIRECTION('',(-0.998949413445299,-0.0458265139116256,0.));
#1892=CARTESIAN_POINT('',(-4.02885719716288,4.59351822515911,15.25));
#1893=CARTESIAN_POINT('',(-4.02885719716288,4.59351822515911,7.75));
#1894=CARTESIAN_POINT('',(-4.02885719716288,4.59351822515911,15.25));
#1895=VECTOR('',#1896,1.);
#1896=DIRECTION('',(0.,0.,-1.));
#1897=CARTESIAN_POINT('',(-3.12371009892497,5.2511460861296,15.25));
#1898=AXIS2_PLACEMENT_3D('',#1899,#1900,#1901);
#1899=CARTESIAN_POINT('',(-3.59136789150701,4.94309383563093,15.25));
#1900=DIRECTION('',(0.,0.,1.));
#1901=DIRECTION('',(-0.78123090295691,-0.62424216155682,0.));
#1902=CARTESIAN_POINT('',(-3.12371009892497,5.25114608612959,7.75));
#1903=CARTESIAN_POINT('',(-3.12371009892497,5.25114608612959,7.75));
#1904=VECTOR('',#1905,1.);
#1905=DIRECTION('',(0.,0.,1.));
#1906=AXIS2_PLACEMENT_3D('',#1907,#1908,#1909);
#1907=CARTESIAN_POINT('',(-3.59136789150701,4.94309383563093,7.75));
#1908=DIRECTION('',(0.,0.,-1.));
#1909=DIRECTION('',(0.835103201039363,0.550093304461898,0.));
#1910=CARTESIAN_POINT('',(-5.61368078259127,2.41219569503917,7.75));
#1911=CARTESIAN_POINT('',(-5.61368078259127,2.41219569503917,15.25));
#1912=CARTESIAN_POINT('',(-5.61368078259127,2.41219569503917,7.75));
#1913=VECTOR('',#1914,1.);
#1914=DIRECTION('',(0.,0.,1.));
#1915=CARTESIAN_POINT('',(-5.95941620929981,1.34813146404004,7.75));
#1916=AXIS2_PLACEMENT_3D('',#1917,#1918,#1919);
#1917=CARTESIAN_POINT('',(-5.81095531456339,1.88809383563093,7.75));
#1918=DIRECTION('',(0.,0.,-1.));
#1919=DIRECTION('',(0.352275949950217,0.935896177514724,0.));
#1920=CARTESIAN_POINT('',(-5.95941620929981,1.34813146404004,15.25));
#1921=CARTESIAN_POINT('',(-5.95941620929981,1.34813146404004,15.25));
#1922=VECTOR('',#1923,1.);
#1923=DIRECTION('',(0.,0.,-1.));
#1924=AXIS2_PLACEMENT_3D('',#1925,#1926,#1927);
#1925=CARTESIAN_POINT('',(-5.81095531456339,1.88809383563093,15.25));
#1926=DIRECTION('',(0.,0.,1.));
#1927=DIRECTION('',(-0.265108740600752,-0.964218520698023,0.));
#1928=CARTESIAN_POINT('',(-5.61368078259127,-2.41219569503918,15.25));
#1929=CARTESIAN_POINT('',(-5.61368078259127,-2.41219569503917,7.75));
#1930=CARTESIAN_POINT('',(-5.61368078259127,-2.41219569503917,15.25));
#1931=VECTOR('',#1932,1.);
#1932=DIRECTION('',(0.,0.,-1.));
#1933=CARTESIAN_POINT('',(-5.95941620929981,-1.34813146404003,15.25));
#1934=AXIS2_PLACEMENT_3D('',#1935,#1936,#1937);
#1935=CARTESIAN_POINT('',(-5.81095531456339,-1.88809383563093,15.25));
#1936=DIRECTION('',(0.,0.,1.));
#1937=DIRECTION('',(0.352275949950212,-0.935896177514726,0.));
#1938=CARTESIAN_POINT('',(-5.95941620929981,-1.34813146404003,7.75));
#1939=CARTESIAN_POINT('',(-5.95941620929981,-1.34813146404003,7.75));
#1940=VECTOR('',#1941,1.);
#1941=DIRECTION('',(0.,0.,1.));
#1942=AXIS2_PLACEMENT_3D('',#1943,#1944,#1945);
#1943=CARTESIAN_POINT('',(-5.81095531456339,-1.88809383563093,7.75));
#1944=DIRECTION('',(0.,0.,-1.));
#1945=DIRECTION('',(-0.265108740600747,0.964218520698024,0.));
#1946=CARTESIAN_POINT('',(-4.02885719716288,-4.59351822515911,7.75));
#1947=CARTESIAN_POINT('',(-4.02885719716288,-4.59351822515911,15.25));
#1948=CARTESIAN_POINT('',(-4.02885719716288,-4.59351822515911,7.75));
#1949=VECTOR('',#1950,1.);
#1950=DIRECTION('',(0.,0.,1.));
#1951=CARTESIAN_POINT('',(-3.12371009892497,-5.25114608612959,7.75));
#1952=AXIS2_PLACEMENT_3D('',#1953,#1954,#1955);
#1953=CARTESIAN_POINT('',(-3.59136789150701,-4.94309383563093,7.75));
#1954=DIRECTION('',(0.,0.,-1.));
#1955=DIRECTION('',(-0.78123090295691,0.62424216155682,0.));
#1956=CARTESIAN_POINT('',(-3.12371009892497,-5.25114608612959,15.25));
#1957=CARTESIAN_POINT('',(-3.12371009892497,-5.25114608612959,15.25));
#1958=VECTOR('',#1959,1.);
#1959=DIRECTION('',(0.,0.,-1.));
#1960=AXIS2_PLACEMENT_3D('',#1961,#1962,#1963);
#1961=CARTESIAN_POINT('',(-3.59136789150701,-4.94309383563093,15.25));
#1962=DIRECTION('',(0.,0.,1.));
#1963=DIRECTION('',(0.835103201039363,-0.550093304461898,0.));
#1964=CARTESIAN_POINT('',(-0.559411671529369,-6.08433715220949,7.75));
#1965=CARTESIAN_POINT('',(-0.559411671529371,-6.08433715220949,15.25));
#1966=CARTESIAN_POINT('',(-0.559411671529367,-6.08433715220949,7.75));
#1967=VECTOR('',#1968,1.);
#1968=DIRECTION('',(0.,0.,1.));
#1969=CARTESIAN_POINT('',(0.559411671529367,-6.08433715220949,7.75));
#1970=AXIS2_PLACEMENT_3D('',#1971,#1972,#1973);
#1971=CARTESIAN_POINT('',(-7.48259194279033E-16,-6.11,7.75));
#1972=DIRECTION('',(0.,0.,-1.));
#1973=DIRECTION('',(-0.998949413445299,0.0458265139116256,0.));
#1974=CARTESIAN_POINT('',(0.55941167152937,-6.08433715220949,15.25));
#1975=CARTESIAN_POINT('',(0.559411671529368,-6.08433715220949,15.25));
#1976=VECTOR('',#1977,1.);
#1977=DIRECTION('',(0.,0.,-1.));
#1978=AXIS2_PLACEMENT_3D('',#1979,#1980,#1981);
#1979=CARTESIAN_POINT('',(-7.48259194279033E-16,-6.11,15.25));
#1980=DIRECTION('',(0.,0.,1.));
#1981=DIRECTION('',(0.998949413445299,0.0458265139116256,0.));
#1982=CARTESIAN_POINT('',(3.12371009892497,-5.25114608612959,7.75));
#1983=CARTESIAN_POINT('',(3.12371009892497,-5.25114608612959,15.25));
#1984=CARTESIAN_POINT('',(3.12371009892497,-5.25114608612959,7.75));
#1985=VECTOR('',#1986,1.);
#1986=DIRECTION('',(0.,0.,1.));
#1987=CARTESIAN_POINT('',(4.02885719716288,-4.59351822515911,7.75));
#1988=AXIS2_PLACEMENT_3D('',#1989,#1990,#1991);
#1989=CARTESIAN_POINT('',(3.59136789150701,-4.94309383563093,7.75));
#1990=DIRECTION('',(0.,0.,-1.));
#1991=DIRECTION('',(-0.835103201039363,-0.550093304461898,0.));
#1992=CARTESIAN_POINT('',(4.02885719716288,-4.59351822515911,15.25));
#1993=CARTESIAN_POINT('',(4.02885719716288,-4.59351822515911,15.25));
#1994=VECTOR('',#1995,1.);
#1995=DIRECTION('',(0.,0.,-1.));
#1996=AXIS2_PLACEMENT_3D('',#1997,#1998,#1999);
#1997=CARTESIAN_POINT('',(3.59136789150701,-4.94309383563093,15.25));
#1998=DIRECTION('',(0.,0.,1.));
#1999=DIRECTION('',(0.781230902956911,0.624242161556819,0.));
#2000=CARTESIAN_POINT('',(5.61368078259127,-2.41219569503917,7.75));
#2001=CARTESIAN_POINT('',(5.61368078259127,-2.41219569503918,15.25));
#2002=CARTESIAN_POINT('',(5.61368078259127,-2.41219569503917,7.75));
#2003=VECTOR('',#2004,1.);
#2004=DIRECTION('',(0.,0.,1.));
#2005=CARTESIAN_POINT('',(5.95941620929981,-1.34813146404004,7.75));
#2006=AXIS2_PLACEMENT_3D('',#2007,#2008,#2009);
#2007=CARTESIAN_POINT('',(5.81095531456339,-1.88809383563093,7.75));
#2008=DIRECTION('',(0.,0.,-1.));
#2009=DIRECTION('',(-0.352275949950217,-0.935896177514724,0.));
#2010=CARTESIAN_POINT('',(5.95941620929981,-1.34813146404003,15.25));
#2011=CARTESIAN_POINT('',(5.95941620929981,-1.34813146404004,15.25));
#2012=VECTOR('',#2013,1.);
#2013=DIRECTION('',(0.,0.,-1.));
#2014=AXIS2_PLACEMENT_3D('',#2015,#2016,#2017);
#2015=CARTESIAN_POINT('',(5.81095531456339,-1.88809383563093,15.25));
#2016=DIRECTION('',(0.,0.,1.));
#2017=DIRECTION('',(0.265108740600747,0.964218520698024,0.));
#2018=CARTESIAN_POINT('',(5.95941620929981,1.34813146404003,7.75));
#2019=CARTESIAN_POINT('',(5.95941620929981,1.34813146404003,15.25));
#2020=CARTESIAN_POINT('',(5.95941620929981,1.34813146404003,7.75));
#2021=VECTOR('',#2022,1.);
#2022=DIRECTION('',(0.,0.,1.));
#2023=CARTESIAN_POINT('',(5.61368078259127,2.41219569503917,7.75));
#2024=AXIS2_PLACEMENT_3D('',#2025,#2026,#2027);
#2025=CARTESIAN_POINT('',(5.81095531456339,1.88809383563093,7.75));
#2026=DIRECTION('',(0.,0.,-1.));
#2027=DIRECTION('',(0.265108740600747,-0.964218520698024,0.));
#2028=CARTESIAN_POINT('',(5.61368078259127,2.41219569503917,15.25));
#2029=CARTESIAN_POINT('',(5.61368078259127,2.41219569503917,15.25));
#2030=VECTOR('',#2031,1.);
#2031=DIRECTION('',(0.,0.,-1.));
#2032=AXIS2_PLACEMENT_3D('',#2033,#2034,#2035);
#2033=CARTESIAN_POINT('',(5.81095531456339,1.88809383563093,15.25));
#2034=DIRECTION('',(0.,0.,1.));
#2035=DIRECTION('',(-0.352275949950217,0.935896177514724,0.));
#2036=CARTESIAN_POINT('',(0.,7.,15.25));
#2037=CARTESIAN_POINT('',(-8.57252759403147E-16,-7.,15.25));
#2038=AXIS2_PLACEMENT_3D('',#2039,#2040,#2041);
#2039=CARTESIAN_POINT('',(0.,0.,15.25));
#2040=DIRECTION('',(0.,0.,-1.));
#2041=DIRECTION('',(-1.83697019872103E-16,1.,0.));
#2042=AXIS2_PLACEMENT_3D('',#2043,#2044,#2045);
#2043=CARTESIAN_POINT('',(0.,0.,15.25));
#2044=DIRECTION('',(0.,0.,-1.));
#2045=DIRECTION('',(-1.60812264967664E-16,-1.,0.));
#2046=AXIS2_PLACEMENT_3D('',#2047,#2048,#2049);
#2047=CARTESIAN_POINT('',(0.,0.,15.25));
#2048=DIRECTION('',(0.,0.,-1.));
#2049=DIRECTION('',(0.394794712772369,0.918769358852907,0.));
#2050=AXIS2_PLACEMENT_3D('',#2051,#2052,#2053);
#2051=CARTESIAN_POINT('',(0.,0.,15.25));
#2052=DIRECTION('',(0.,0.,-1.));
#2053=DIRECTION('',(0.0915567383845116,0.995799861245416,0.));
#2054=AXIS2_PLACEMENT_3D('',#2055,#2056,#2057);
#2055=CARTESIAN_POINT('',(0.,0.,15.25));
#2056=DIRECTION('',(0.,0.,-1.));
#2057=DIRECTION('',(-0.220643447469727,0.975354535073618,0.));
#2058=AXIS2_PLACEMENT_3D('',#2059,#2060,#2061);
#2059=CARTESIAN_POINT('',(0.,0.,15.25));
#2060=DIRECTION('',(0.,0.,-1.));
#2061=DIRECTION('',(-0.511245515372335,0.859434711314173,0.));
#2062=AXIS2_PLACEMENT_3D('',#2063,#2064,#2065);
#2063=CARTESIAN_POINT('',(0.,0.,15.25));
#2064=DIRECTION('',(0.,0.,-1.));
#2065=DIRECTION('',(-0.75180331017334,0.659387429977558,0.));
#2066=AXIS2_PLACEMENT_3D('',#2067,#2068,#2069);
#2067=CARTESIAN_POINT('',(0.,0.,15.25));
#2068=DIRECTION('',(0.,0.,-1.));
#2069=DIRECTION('',(-0.918769358852908,0.394794712772368,0.));
#2070=AXIS2_PLACEMENT_3D('',#2071,#2072,#2073);
#2071=CARTESIAN_POINT('',(0.,0.,15.25));
#2072=DIRECTION('',(0.,0.,-1.));
#2073=DIRECTION('',(-0.995799861245416,0.0915567383845121,0.));
#2074=AXIS2_PLACEMENT_3D('',#2075,#2076,#2077);
#2075=CARTESIAN_POINT('',(0.,0.,15.25));
#2076=DIRECTION('',(0.,0.,-1.));
#2077=DIRECTION('',(-0.975354535073618,-0.220643447469726,0.));
#2078=AXIS2_PLACEMENT_3D('',#2079,#2080,#2081);
#2079=CARTESIAN_POINT('',(0.,0.,15.25));
#2080=DIRECTION('',(0.,0.,-1.));
#2081=DIRECTION('',(-0.859434711314172,-0.511245515372336,0.));
#2082=AXIS2_PLACEMENT_3D('',#2083,#2084,#2085);
#2083=CARTESIAN_POINT('',(0.,0.,15.25));
#2084=DIRECTION('',(0.,0.,-1.));
#2085=DIRECTION('',(-0.659387429977558,-0.75180331017334,0.));
#2086=AXIS2_PLACEMENT_3D('',#2087,#2088,#2089);
#2087=CARTESIAN_POINT('',(0.,0.,15.25));
#2088=DIRECTION('',(0.,0.,-1.));
#2089=DIRECTION('',(-0.394794712772369,-0.918769358852907,0.));
#2090=AXIS2_PLACEMENT_3D('',#2091,#2092,#2093);
#2091=CARTESIAN_POINT('',(0.,0.,15.25));
#2092=DIRECTION('',(0.,0.,-1.));
#2093=DIRECTION('',(-0.0915567383845124,-0.995799861245416,0.));
#2094=AXIS2_PLACEMENT_3D('',#2095,#2096,#2097);
#2095=CARTESIAN_POINT('',(0.,0.,15.25));
#2096=DIRECTION('',(0.,0.,-1.));
#2097=DIRECTION('',(0.220643447469727,-0.975354535073618,0.));
#2098=AXIS2_PLACEMENT_3D('',#2099,#2100,#2101);
#2099=CARTESIAN_POINT('',(0.,0.,15.25));
#2100=DIRECTION('',(0.,0.,-1.));
#2101=DIRECTION('',(0.511245515372336,-0.859434711314172,0.));
#2102=AXIS2_PLACEMENT_3D('',#2103,#2104,#2105);
#2103=CARTESIAN_POINT('',(0.,0.,15.25));
#2104=DIRECTION('',(0.,0.,-1.));
#2105=DIRECTION('',(0.75180331017334,-0.659387429977557,0.));
#2106=AXIS2_PLACEMENT_3D('',#2107,#2108,#2109);
#2107=CARTESIAN_POINT('',(0.,0.,15.25));
#2108=DIRECTION('',(0.,0.,-1.));
#2109=DIRECTION('',(0.918769358852907,-0.394794712772369,0.));
#2110=AXIS2_PLACEMENT_3D('',#2111,#2112,#2113);
#2111=CARTESIAN_POINT('',(0.,0.,15.25));
#2112=DIRECTION('',(0.,0.,-1.));
#2113=DIRECTION('',(0.995799861245416,-0.0915567383845121,0.));
#2114=AXIS2_PLACEMENT_3D('',#2115,#2116,#2117);
#2115=CARTESIAN_POINT('',(0.,0.,15.25));
#2116=DIRECTION('',(0.,0.,-1.));
#2117=DIRECTION('',(0.975354535073618,0.220643447469727,0.));
#2118=AXIS2_PLACEMENT_3D('',#2119,#2120,#2121);
#2119=CARTESIAN_POINT('',(0.,0.,15.25));
#2120=DIRECTION('',(0.,0.,-1.));
#2121=DIRECTION('',(0.859434711314173,0.511245515372335,0.));
#2122=AXIS2_PLACEMENT_3D('',#2123,#2124,#2125);
#2123=CARTESIAN_POINT('',(0.,0.,15.25));
#2124=DIRECTION('',(0.,0.,-1.));
#2125=DIRECTION('',(0.659387429977558,0.75180331017334,0.));
#2126=AXIS2_PLACEMENT_3D('',#2127,#2128,#2129);
#2127=CARTESIAN_POINT('',(0.,0.,7.75));
#2128=DIRECTION('',(0.,0.,-1.));
#2129=DIRECTION('',(0.975354535073618,0.220643447469727,0.));
#2130=AXIS2_PLACEMENT_3D('',#2131,#2132,#2133);
#2131=CARTESIAN_POINT('',(0.,0.,7.75));
#2132=DIRECTION('',(0.,0.,-1.));
#2133=DIRECTION('',(-0.394794712772368,-0.918769358852908,0.));
#2134=AXIS2_PLACEMENT_3D('',#2135,#2136,#2137);
#2135=CARTESIAN_POINT('',(0.,0.,7.75));
#2136=DIRECTION('',(0.,0.,-1.));
#2137=DIRECTION('',(0.511245515372336,-0.859434711314172,0.));
#2138=AXIS2_PLACEMENT_3D('',#2139,#2140,#2141);
#2139=CARTESIAN_POINT('',(0.,0.,7.75));
#2140=DIRECTION('',(0.,0.,-1.));
#2141=DIRECTION('',(-0.995799861245416,0.0915567383845117,0.));
#2142=AXIS2_PLACEMENT_3D('',#2143,#2144,#2145);
#2143=CARTESIAN_POINT('',(0.,0.,7.75));
#2144=DIRECTION('',(0.,0.,-1.));
#2145=DIRECTION('',(-0.659387429977558,-0.75180331017334,0.));
#2146=AXIS2_PLACEMENT_3D('',#2147,#2148,#2149);
#2147=CARTESIAN_POINT('',(0.,0.,7.75));
#2148=DIRECTION('',(0.,0.,-1.));
#2149=DIRECTION('',(-0.918769358852908,0.394794712772368,0.));
#2150=AXIS2_PLACEMENT_3D('',#2151,#2152,#2153);
#2151=CARTESIAN_POINT('',(0.,0.,7.75));
#2152=DIRECTION('',(0.,0.,-1.));
#2153=DIRECTION('',(-0.220643447469729,0.975354535073618,0.));
#2154=AXIS2_PLACEMENT_3D('',#2155,#2156,#2157);
#2155=CARTESIAN_POINT('',(0.,0.,7.75));
#2156=DIRECTION('',(0.,0.,-1.));
#2157=DIRECTION('',(-0.511245515372336,0.859434711314172,0.));
#2158=AXIS2_PLACEMENT_3D('',#2159,#2160,#2161);
#2159=CARTESIAN_POINT('',(0.,0.,7.75));
#2160=DIRECTION('',(0.,0.,-1.));
#2161=DIRECTION('',(-0.75180331017334,0.659387429977558,0.));
#2162=AXIS2_PLACEMENT_3D('',#2163,#2164,#2165);
#2163=CARTESIAN_POINT('',(0.,0.,7.75));
#2164=DIRECTION('',(0.,0.,-1.));
#2165=DIRECTION('',(-0.975354535073618,-0.220643447469726,0.));
#2166=AXIS2_PLACEMENT_3D('',#2167,#2168,#2169);
#2167=CARTESIAN_POINT('',(0.,0.,7.75));
#2168=DIRECTION('',(0.,0.,-1.));
#2169=DIRECTION('',(-0.859434711314172,-0.511245515372336,0.));
#2170=AXIS2_PLACEMENT_3D('',#2171,#2172,#2173);
#2171=CARTESIAN_POINT('',(0.,0.,7.75));
#2172=DIRECTION('',(0.,0.,-1.));
#2173=DIRECTION('',(-0.0915567383845122,-0.995799861245416,0.));
#2174=AXIS2_PLACEMENT_3D('',#2175,#2176,#2177);
#2175=CARTESIAN_POINT('',(0.,0.,7.75));
#2176=DIRECTION('',(0.,0.,-1.));
#2177=DIRECTION('',(0.220643447469727,-0.975354535073618,0.));
#2178=AXIS2_PLACEMENT_3D('',#2179,#2180,#2181);
#2179=CARTESIAN_POINT('',(0.,0.,7.75));
#2180=DIRECTION('',(0.,0.,-1.));
#2181=DIRECTION('',(0.918769358852908,-0.394794712772368,0.));
#2182=AXIS2_PLACEMENT_3D('',#2183,#2184,#2185);
#2183=CARTESIAN_POINT('',(0.,0.,7.75));
#2184=DIRECTION('',(0.,0.,-1.));
#2185=DIRECTION('',(0.75180331017334,-0.659387429977557,0.));
#2186=AXIS2_PLACEMENT_3D('',#2187,#2188,#2189);
#2187=CARTESIAN_POINT('',(0.,0.,7.75));
#2188=DIRECTION('',(0.,0.,-1.));
#2189=DIRECTION('',(0.995799861245416,-0.0915567383845121,0.));
#2190=AXIS2_PLACEMENT_3D('',#2191,#2192,#2193);
#2191=CARTESIAN_POINT('',(0.,0.,7.75));
#2192=DIRECTION('',(0.,0.,-1.));
#2193=DIRECTION('',(0.859434711314173,0.511245515372335,0.));
#2194=AXIS2_PLACEMENT_3D('',#2195,#2196,#2197);
#2195=CARTESIAN_POINT('',(0.,0.,7.75));
#2196=DIRECTION('',(0.,0.,-1.));
#2197=DIRECTION('',(0.0915567383845116,0.995799861245416,0.));
#2198=AXIS2_PLACEMENT_3D('',#2199,#2200,#2201);
#2199=CARTESIAN_POINT('',(0.,0.,7.75));
#2200=DIRECTION('',(0.,0.,-1.));
#2201=DIRECTION('',(0.394794712772369,0.918769358852907,0.));
#2202=AXIS2_PLACEMENT_3D('',#2203,#2204,#2205);
#2203=CARTESIAN_POINT('',(0.,0.,7.75));
#2204=DIRECTION('',(0.,0.,-1.));
#2205=DIRECTION('',(0.659387429977558,0.75180331017334,0.));
#2206=CARTESIAN_POINT('',(-1.01039145614115E-16,-2.5,2.75));
#2207=CARTESIAN_POINT('',(-1.18386380373883E-16,-2.5,4.75));
#2208=CARTESIAN_POINT('',(3.67394039744206E-16,-2.5,2.75));
#2209=CARTESIAN_POINT('',(0.00793854682452582,-2.50000007511631,2.749999880722));
#2210=CARTESIAN_POINT('',(0.0237630710280148,-2.49992483094556,2.7501878683965));
#2211=CARTESIAN_POINT('',(0.0474890012290265,-2.49958616789165,2.75103486840794));
#2212=CARTESIAN_POINT('',(0.0709924144297085,-2.49902832488219,2.75243128664104));
#2213=CARTESIAN_POINT('',(0.0943134135019218,-2.49825633690213,2.75436650025261));
#2214=CARTESIAN_POINT('',(0.118188724578946,-2.4972438805233,2.75690923536617));
#2215=CARTESIAN_POINT('',(0.143436115538692,-2.49592811537355,2.76022166557241));
#2216=CARTESIAN_POINT('',(0.173764451252096,-2.49402714072795,2.7650227143435));
#2217=CARTESIAN_POINT('',(0.208169710704098,-2.49141472289365,2.77165159563093));
#2218=CARTESIAN_POINT('',(0.245603062849708,-2.48799879876025,2.78038012073447));
#2219=CARTESIAN_POINT('',(0.278202331820016,-2.48453525628149,2.78930317014931));
#2220=CARTESIAN_POINT('',(0.305419380726872,-2.48130872564112,2.7976827447712));
#2221=CARTESIAN_POINT('',(0.326689240242588,-2.47859002398682,2.80478991644608));
#2222=CARTESIAN_POINT('',(0.34604801917803,-2.47595755976467,2.81171487161374));
#2223=CARTESIAN_POINT('',(0.364355434951216,-2.47332933497056,2.81867164400114));
#2224=CARTESIAN_POINT('',(0.382484445667508,-2.47059036946579,2.82596928598473));
#2225=CARTESIAN_POINT('',(0.400453650062025,-2.46774115470192,2.83361363525984));
#2226=CARTESIAN_POINT('',(0.418265959166443,-2.46478424963502,2.84160548687986));
#2227=CARTESIAN_POINT('',(0.437922973861324,-2.46137562857248,2.85089006070445));
#2228=CARTESIAN_POINT('',(0.459387831110138,-2.45746826373196,2.8616350226302));
#2229=CARTESIAN_POINT('',(0.48261926669212,-2.45301121958481,2.87403694568164));
#2230=CARTESIAN_POINT('',(0.503778191278078,-2.4487444113603,2.88606121390891));
#2231=CARTESIAN_POINT('',(0.52292463950466,-2.44471951472021,2.89754104823515));
#2232=CARTESIAN_POINT('',(0.540126842967549,-2.440976396024,2.90833421278154));
#2233=CARTESIAN_POINT('',(0.557171753700531,-2.43714189515741,2.91951893927027));
#2234=CARTESIAN_POINT('',(0.574066965975521,-2.43321727238568,2.9311061041123));
#2235=CARTESIAN_POINT('',(0.590784734290524,-2.42921206934657,2.94308282102812));
#2236=CARTESIAN_POINT('',(0.607364265625014,-2.42511959099052,2.95548611029238));
#2237=CARTESIAN_POINT('',(0.623740946557907,-2.42095876642168,2.9682764716078));
#2238=CARTESIAN_POINT('',(0.6398323612365,-2.41675507879029,2.98139227509645));
#2239=CARTESIAN_POINT('',(0.655557246510402,-2.41253622830788,2.99476114875516));
#2240=CARTESIAN_POINT('',(0.6708152447693,-2.40833717343974,3.0082833024783));
#2241=CARTESIAN_POINT('',(0.685568011562691,-2.40417804365248,3.02190085185203));
#2242=CARTESIAN_POINT('',(0.699768463161744,-2.40008216986958,3.03554136980661));
#2243=CARTESIAN_POINT('',(0.713481518667366,-2.39604045705927,3.04923816974535));
#2244=CARTESIAN_POINT('',(0.726745492835376,-2.39204999760942,3.06300532859714));
#2245=CARTESIAN_POINT('',(0.739683296228981,-2.3880804631261,3.07695554970434));
#2246=CARTESIAN_POINT('',(0.752443940466073,-2.38409043332793,3.09124976186377));
#2247=CARTESIAN_POINT('',(0.765147402321665,-2.38004387607299,3.10604408022514));
#2248=CARTESIAN_POINT('',(0.777931383498714,-2.37589633406732,3.12154054497484));
#2249=CARTESIAN_POINT('',(0.790767235643117,-2.37165526810121,3.1377624235842));
#2250=CARTESIAN_POINT('',(0.804158859886397,-2.36714967537544,3.15543881371696));
#2251=CARTESIAN_POINT('',(0.818389635628991,-2.36227031103235,3.17514274453574));
#2252=CARTESIAN_POINT('',(0.835566368245841,-2.35625959730536,3.20026755362174));
#2253=CARTESIAN_POINT('',(0.854610207441216,-2.34942585201961,3.23022466742553));
#2254=CARTESIAN_POINT('',(0.874486915241708,-2.3420955426294,3.26441741789458));
#2255=CARTESIAN_POINT('',(0.890821523453399,-2.3359194213618,3.29525333306633));
#2256=CARTESIAN_POINT('',(0.903657646851542,-2.33097488791958,3.32151586493923));
#2257=CARTESIAN_POINT('',(0.913831758771904,-2.3270039322632,3.34367678950853));
#2258=CARTESIAN_POINT('',(0.923169437996484,-2.32331469901347,3.36535533967991));
#2259=CARTESIAN_POINT('',(0.931919007549229,-2.3198175255678,3.38709483314589));
#2260=CARTESIAN_POINT('',(0.939096325338719,-2.3169191323274,3.40617195781796));
#2261=CARTESIAN_POINT('',(0.945030570981128,-2.31450367801861,3.42289482511476));
#2262=CARTESIAN_POINT('',(0.950546600993717,-2.31224430999312,3.43924115620399));
#2263=CARTESIAN_POINT('',(0.956275970981306,-2.309881057834,3.4572915722908));
#2264=CARTESIAN_POINT('',(0.962103541918629,-2.30745944819338,3.47705688934044));
#2265=CARTESIAN_POINT('',(0.967052739104577,-2.30538870073828,3.49521229031986));
#2266=CARTESIAN_POINT('',(0.971233813304872,-2.30362975881131,3.51170923261789));
#2267=CARTESIAN_POINT('',(0.974745908756444,-2.3021457222208,3.52651146975231));
#2268=CARTESIAN_POINT('',(0.978018051502114,-2.30075739675766,3.54129745648234));
#2269=CARTESIAN_POINT('',(0.981057644560417,-2.29946282140531,3.55608823475276));
#2270=CARTESIAN_POINT('',(0.983870810226347,-2.29826045126289,3.57090778535821));
#2271=CARTESIAN_POINT('',(0.986458090767283,-2.2971510286527,3.58575603870902));
#2272=CARTESIAN_POINT('',(0.988818198985842,-2.29613600635496,3.60062144878582));
#2273=CARTESIAN_POINT('',(0.990949067727718,-2.295217102875,3.61548287709727));
#2274=CARTESIAN_POINT('',(0.992849835781743,-2.29439544588177,3.63031942849822));
#2275=CARTESIAN_POINT('',(0.994520034364552,-2.29367191550947,3.64510354044871));
#2276=CARTESIAN_POINT('',(0.995961708211983,-2.29304622104186,3.65981898031293));
#2277=CARTESIAN_POINT('',(0.997310510317034,-2.29245990454372,3.67604653051689));
#2278=CARTESIAN_POINT('',(0.998480266887791,-2.29195061310157,3.69377419590291));
#2279=CARTESIAN_POINT('',(0.999376913738491,-2.2915597253434,3.71300422151502));
#2280=CARTESIAN_POINT('',(0.9998587023491,-2.29134951548448,3.73058468469721));
#2281=CARTESIAN_POINT('',(0.999989778178286,-2.29129230861729,3.74291161269143));
#2282=CARTESIAN_POINT('',(1.00000628905751,-2.29128510269861,3.75250906456698));
#2283=CARTESIAN_POINT('',(0.999953541869034,-2.29130812399721,3.76213126687155));
#2284=CARTESIAN_POINT('',(0.999711190981251,-2.29141388349748,3.77544884605699));
#2285=CARTESIAN_POINT('',(0.999236446187722,-2.29162096684026,3.78996318244163));
#2286=CARTESIAN_POINT('',(0.998549045634316,-2.29192060298479,3.80450255729169));
#2287=CARTESIAN_POINT('',(0.997648910077725,-2.29231259887624,3.8190471183387));
#2288=CARTESIAN_POINT('',(0.996535698462554,-2.29279680485165,3.83359180866689));
#2289=CARTESIAN_POINT('',(0.995208932427429,-2.29337305996318,3.84813436711634));
#2290=CARTESIAN_POINT('',(0.993667431359287,-2.29404143586321,3.86267852517454));
#2291=CARTESIAN_POINT('',(0.99190942148953,-2.29480218646344,3.87723004172055));
#2292=CARTESIAN_POINT('',(0.989931561253379,-2.29565616462513,3.89180217439445));
#2293=CARTESIAN_POINT('',(0.987482083479935,-2.29671112878246,3.9080492417805));
#2294=CARTESIAN_POINT('',(0.984460911345561,-2.29800816748041,3.92597923534884));
#2295=CARTESIAN_POINT('',(0.980756418877006,-2.29959188904997,3.94557622820117));
#2296=CARTESIAN_POINT('',(0.976987591102461,-2.3011955432147,3.9635382979936));
#2297=CARTESIAN_POINT('',(0.973266890894098,-2.30277143129592,3.97984164023304));
#2298=CARTESIAN_POINT('',(0.969693704077945,-2.30427850808646,3.99447867670652));
#2299=CARTESIAN_POINT('',(0.965896997019852,-2.30587271390013,4.00907306442852));
#2300=CARTESIAN_POINT('',(0.961871021218611,-2.3075551663289,4.02364303013854));
#2301=CARTESIAN_POINT('',(0.95761031552215,-2.30932673712257,4.03820049326185));
#2302=CARTESIAN_POINT('',(0.952608170099365,-2.31139547105323,4.05437495687277));
#2303=CARTESIAN_POINT('',(0.946775603114842,-2.31379185079161,4.07210946566544));
#2304=CARTESIAN_POINT('',(0.940014809403949,-2.3165471998635,4.09133642810914));
#2305=CARTESIAN_POINT('',(0.933467900247553,-2.31919248348972,4.10880905194484));
#2306=CARTESIAN_POINT('',(0.927246834005607,-2.32168599389975,4.12455365968995));
#2307=CARTESIAN_POINT('',(0.921437403467133,-2.32399798003799,4.13862627179973));
#2308=CARTESIAN_POINT('',(0.915405105866298,-2.32638088882621,4.15263038028284));
#2309=CARTESIAN_POINT('',(0.909138730862244,-2.32883713842926,4.1665873767674));
#2310=CARTESIAN_POINT('',(0.902642013896541,-2.33136315394175,4.18048352493378));
#2311=CARTESIAN_POINT('',(0.895913444237603,-2.33395736794751,4.19431759567334));
#2312=CARTESIAN_POINT('',(0.888960257923708,-2.3366147994698,4.20807098811473));
#2313=CARTESIAN_POINT('',(0.88177970289212,-2.33933426185202,4.22174588413376));
#2314=CARTESIAN_POINT('',(0.874377966533415,-2.34211114418236,4.23532780113169));
#2315=CARTESIAN_POINT('',(0.866736089615006,-2.34495018331482,4.24884790067616));
#2316=CARTESIAN_POINT('',(0.858845650944597,-2.34785188646127,4.26231429514542));
#2317=CARTESIAN_POINT('',(0.849768475157903,-2.35115483454227,4.27726415326959));
#2318=CARTESIAN_POINT('',(0.839434516493621,-2.35486713455227,4.29359768135409));
#2319=CARTESIAN_POINT('',(0.827768395993449,-2.3589938630483,4.31120237146896));
#2320=CARTESIAN_POINT('',(0.816753582138782,-2.36282804295626,4.32708537875345));
#2321=CARTESIAN_POINT('',(0.806508154598837,-2.36634249661454,4.34129277619322));
#2322=CARTESIAN_POINT('',(0.797116059130696,-2.36952300661657,4.35389402907004));
#2323=CARTESIAN_POINT('',(0.787549474009077,-2.37272003278136,4.36631786552523));
#2324=CARTESIAN_POINT('',(0.777785586763786,-2.37593886312931,4.37859498415405));
#2325=CARTESIAN_POINT('',(0.767821626012002,-2.37917785417256,4.39072792160504));
#2326=CARTESIAN_POINT('',(0.75764142200206,-2.38243956741162,4.40273442311241));
#2327=CARTESIAN_POINT('',(0.747246831856503,-2.38572056172499,4.41460930522963));
#2328=CARTESIAN_POINT('',(0.736625791983209,-2.38902165488052,4.42636258224966));
#2329=CARTESIAN_POINT('',(0.725800490364818,-2.39233298798208,4.43796640240913));
#2330=CARTESIAN_POINT('',(0.714393132593707,-2.39576545805844,4.44981123285755));
#2331=CARTESIAN_POINT('',(0.701998954205115,-2.39942902693747,4.46225737368195));
#2332=CARTESIAN_POINT('',(0.686490551517883,-2.40392122780778,4.47726775188154));
#2333=CARTESIAN_POINT('',(0.668073312991063,-2.40911475644811,4.49427105716235));
#2334=CARTESIAN_POINT('',(0.646896840418121,-2.4148892485907,4.51275171362498));
#2335=CARTESIAN_POINT('',(0.627277411218359,-2.42005175215211,4.52892148579292));
#2336=CARTESIAN_POINT('',(0.609933918950775,-2.42447097202638,4.54252671255836));
#2337=CARTESIAN_POINT('',(0.595638088226722,-2.42802006455189,4.55331305897963));
#2338=CARTESIAN_POINT('',(0.582129603158306,-2.43129296168877,4.5631490881015));
#2339=CARTESIAN_POINT('',(0.568987443807806,-2.43440230914619,4.57239847383324));
#2340=CARTESIAN_POINT('',(0.555727473769402,-2.43746365304056,4.5814158735608));
#2341=CARTESIAN_POINT('',(0.542371034680678,-2.44047055438793,4.59018957782875));
#2342=CARTESIAN_POINT('',(0.528895821326259,-2.44342650365747,4.59873665567684));
#2343=CARTESIAN_POINT('',(0.515121384448256,-2.44636824288106,4.60716866415602));
#2344=CARTESIAN_POINT('',(0.500850637574516,-2.44933107869797,4.61558858423697));
#2345=CARTESIAN_POINT('',(0.483872104100752,-2.45275061634783,4.62522360800869));
#2346=CARTESIAN_POINT('',(0.461584787468861,-2.45706641504812,4.63725991549537));
#2347=CARTESIAN_POINT('',(0.433301903479537,-2.46223328962396,4.65147639024007));
#2348=CARTESIAN_POINT('',(0.402559410970622,-2.46744268933745,4.66560135895985));
#2349=CARTESIAN_POINT('',(0.37421171499276,-2.47188137591335,4.6774851109289));
#2350=CARTESIAN_POINT('',(0.348974624121777,-2.47556097528838,4.68724262901243));
#2351=CARTESIAN_POINT('',(0.325381711270876,-2.47877382025498,4.6956948920964));
#2352=CARTESIAN_POINT('',(0.301437661757719,-2.48180007070734,4.70359741809361));
#2353=CARTESIAN_POINT('',(0.277559620834079,-2.48458276143357,4.7108146617458));
#2354=CARTESIAN_POINT('',(0.254100064632771,-2.48708931014306,4.71727639567772));
#2355=CARTESIAN_POINT('',(0.231539978981505,-2.48928778666745,4.72291389255562));
#2356=CARTESIAN_POINT('',(0.209878832827628,-2.49120454545711,4.72780664217075));
#2357=CARTESIAN_POINT('',(0.189586846784534,-2.49282718238515,4.73193247917388));
#2358=CARTESIAN_POINT('',(0.170641721157544,-2.49419133654636,4.73538984246834));
#2359=CARTESIAN_POINT('',(0.15349593426736,-2.49530133161492,4.7381955908605));
#2360=CARTESIAN_POINT('',(0.137694922390074,-2.49622023170022,4.74051333114687));
#2361=CARTESIAN_POINT('',(0.123292610300662,-2.49697092205499,4.74240345333956));
#2362=CARTESIAN_POINT('',(0.109878801180073,-2.49759509820112,4.74397275105982));
#2363=CARTESIAN_POINT('',(0.0975189948377605,-2.49810682552511,4.74525780158613));
#2364=CARTESIAN_POINT('',(0.0857558010243151,-2.49853751099534,4.74633827836145));
#2365=CARTESIAN_POINT('',(0.0744160767737186,-2.49890066295499,4.74724857459383));
#2366=CARTESIAN_POINT('',(0.0632702394250807,-2.49920735227743,4.74801679610799));
#2367=CARTESIAN_POINT('',(0.0523686840708264,-2.49945921472908,4.74864731248894));
#2368=CARTESIAN_POINT('',(0.0416498573230091,-2.49966055059847,4.74915110083807));
#2369=CARTESIAN_POINT('',(0.0310974303271641,-2.49981392977207,4.74953474816944));
#2370=CARTESIAN_POINT('',(0.0206478663582445,-2.49992192791609,4.74980480964476));
#2371=CARTESIAN_POINT('',(0.0102922517319746,-2.4999859139745,4.74996478681398));
#2372=CARTESIAN_POINT('',(0.00342318867503444,-2.50000000303728,4.75000000524568));
#2373=CARTESIAN_POINT('',(7.49154240344704E-10,-2.49999999999789,4.74999999999476));
#2374=CARTESIAN_POINT('',(-1.,-2.29128784747792,3.75));
#2375=CARTESIAN_POINT('',(-0.999999999997559,-2.29128784748007,3.74999999981666));
#2376=CARTESIAN_POINT('',(-1.00000011552468,-2.29128775640115,3.74213556177413));
#2377=CARTESIAN_POINT('',(-0.999815637157026,-2.29136834224097,3.72646096756577));
#2378=CARTESIAN_POINT('',(-0.998984791349297,-2.29173074936383,3.7029653286492));
#2379=CARTESIAN_POINT('',(-0.997615848436678,-2.29232712846207,3.67970002692091));
#2380=CARTESIAN_POINT('',(-0.995720081870452,-2.29315139894656,3.65662629295571));
#2381=CARTESIAN_POINT('',(-0.992891978663759,-2.29437788513452,3.62979867124339));
#2382=CARTESIAN_POINT('',(-0.988088827656026,-2.29645294758818,3.59415378833888));
#2383=CARTESIAN_POINT('',(-0.979373008104189,-2.30019094399538,3.54525424660277));
#2384=CARTESIAN_POINT('',(-0.965879091442025,-2.30590159651801,3.48851482284313));
#2385=CARTESIAN_POINT('',(-0.948989546248452,-2.31290723686154,3.43310745611202));
#2386=CARTESIAN_POINT('',(-0.932677588042247,-2.31952618068029,3.38850501547959));
#2387=CARTESIAN_POINT('',(-0.919348835763309,-2.32483245544743,3.35622232271158));
#2388=CARTESIAN_POINT('',(-0.909414817351727,-2.32873183897396,3.33394720818404));
#2389=CARTESIAN_POINT('',(-0.901251176486198,-2.33190221616994,3.31658733575765));
#2390=CARTESIAN_POINT('',(-0.89355312184143,-2.33486326896816,3.30092845044552));
#2391=CARTESIAN_POINT('',(-0.88549704408422,-2.33793090608676,3.28524194246337));
#2392=CARTESIAN_POINT('',(-0.877002297192549,-2.34113130549827,3.26939983677176));
#2393=CARTESIAN_POINT('',(-0.868038579503266,-2.34447037609309,3.25338710310429));
#2394=CARTESIAN_POINT('',(-0.858523222800334,-2.34797231929204,3.23710705048396));
#2395=CARTESIAN_POINT('',(-0.848509821205361,-2.35161028080365,3.22070147842436));
#2396=CARTESIAN_POINT('',(-0.837979910809359,-2.35538384850986,3.20418034918272));
#2397=CARTESIAN_POINT('',(-0.826989436437174,-2.35926594655539,3.18766394457913));
#2398=CARTESIAN_POINT('',(-0.815489804561306,-2.36326633025542,3.17111016463844));
#2399=CARTESIAN_POINT('',(-0.803541184100687,-2.36735649392221,3.15463351795182));
#2400=CARTESIAN_POINT('',(-0.79115638832899,-2.37152486030719,3.13827088350076));
#2401=CARTESIAN_POINT('',(-0.778393300502256,-2.37574533791757,3.12210987820361));
#2402=CARTESIAN_POINT('',(-0.76526442782721,-2.38000743905722,3.10617346267038));
#2403=CARTESIAN_POINT('',(-0.751836579336846,-2.38428380908788,3.09054341905048));
#2404=CARTESIAN_POINT('',(-0.738166152946347,-2.38855186708046,3.07527809014741));
#2405=CARTESIAN_POINT('',(-0.724289397235386,-2.39279667015412,3.06040467666632));
#2406=CARTESIAN_POINT('',(-0.710187125363592,-2.39702056619039,3.0458904420983));
#2407=CARTESIAN_POINT('',(-0.695804405128685,-2.40123563615135,3.03167363978648));
#2408=CARTESIAN_POINT('',(-0.681090084808326,-2.40545133260381,3.01770626204871));
#2409=CARTESIAN_POINT('',(-0.666014111272514,-2.40966984486425,3.00396735352104));
#2410=CARTESIAN_POINT('',(-0.6506016803197,-2.41387743986799,2.99048843828914));
#2411=CARTESIAN_POINT('',(-0.634884313347368,-2.41805943018119,2.97730202894782));
#2412=CARTESIAN_POINT('',(-0.618999000343783,-2.422174808057,2.96452052759224));
#2413=CARTESIAN_POINT('',(-0.603026299188169,-2.42620062558073,2.95219505630728));
#2414=CARTESIAN_POINT('',(-0.587119233238072,-2.43009876124501,2.94042032348324));
#2415=CARTESIAN_POINT('',(-0.571247312611987,-2.43387848974203,2.9291466146601));
#2416=CARTESIAN_POINT('',(-0.55549684834586,-2.43752127854031,2.91840968721679));
#2417=CARTESIAN_POINT('',(-0.539840595908325,-2.44103598333168,2.90816518954777));
#2418=CARTESIAN_POINT('',(-0.52441217872604,-2.44439643006714,2.89847195879705));
#2419=CARTESIAN_POINT('',(-0.509130203224704,-2.44762464506728,2.88925039086672));
#2420=CARTESIAN_POINT('',(-0.494062326075115,-2.45071022425334,2.88051637208546));
#2421=CARTESIAN_POINT('',(-0.479136446118557,-2.45367155321716,2.87220557585895));
#2422=CARTESIAN_POINT('',(-0.464414367925989,-2.4565002286016,2.86433049948552));
#2423=CARTESIAN_POINT('',(-0.449773885016783,-2.45922278945632,2.85680778640933));
#2424=CARTESIAN_POINT('',(-0.435172035149922,-2.46184866242138,2.84960383266705));
#2425=CARTESIAN_POINT('',(-0.420525857804109,-2.46439276608447,2.8426715040809));
#2426=CARTESIAN_POINT('',(-0.404263106033891,-2.46711812385002,2.83529318987883));
#2427=CARTESIAN_POINT('',(-0.386354907054696,-2.46999198427929,2.82756863800494));
#2428=CARTESIAN_POINT('',(-0.366795630104543,-2.47297218607478,2.81961919177084));
#2429=CARTESIAN_POINT('',(-0.348861417919501,-2.47555971793678,2.81276610004586));
#2430=CARTESIAN_POINT('',(-0.332568097796968,-2.47779561024796,2.80687823188858));
#2431=CARTESIAN_POINT('',(-0.316355599934196,-2.47992295965588,2.80130233752101));
#2432=CARTESIAN_POINT('',(-0.298575123349547,-2.48213207310317,2.7955420238322));
#2433=CARTESIAN_POINT('',(-0.279283259541144,-2.48437630559597,2.78972166767196));
#2434=CARTESIAN_POINT('',(-0.26179328435495,-2.48627384728245,2.78482473741207));
#2435=CARTESIAN_POINT('',(-0.246153321860956,-2.48786520899624,2.78073388551821));
#2436=CARTESIAN_POINT('',(-0.23243324810796,-2.4891839783297,2.77735420148177));
#2437=CARTESIAN_POINT('',(-0.218935227143805,-2.4904070690697,2.77422855971133));
#2438=CARTESIAN_POINT('',(-0.205714071739422,-2.49153356511074,2.77135724358096));
#2439=CARTESIAN_POINT('',(-0.192749774083897,-2.49256942861876,2.76872321476648));
#2440=CARTESIAN_POINT('',(-0.180175212039072,-2.49350925163015,2.76633855741247));
#2441=CARTESIAN_POINT('',(-0.167927638336061,-2.49436342625353,2.76417542940016));
#2442=CARTESIAN_POINT('',(-0.15609064862972,-2.49513153511674,2.76223366577766));
#2443=CARTESIAN_POINT('',(-0.144607746933281,-2.49582269530655,2.76048916971671));
#2444=CARTESIAN_POINT('',(-0.132404897629257,-2.49650200016506,2.75877699143406));
#2445=CARTESIAN_POINT('',(-0.119470601083395,-2.49715656165599,2.75712958150111));
#2446=CARTESIAN_POINT('',(-0.105868104571477,-2.49776930723387,2.75558958428423));
#2447=CARTESIAN_POINT('',(-0.0939518005950848,-2.49824227034526,2.75440232173723));
#2448=CARTESIAN_POINT('',(-0.0836368947005391,-2.49860590002116,2.75349029097902));
#2449=CARTESIAN_POINT('',(-0.0746980851527199,-2.49888905976611,2.75278053714372));
#2450=CARTESIAN_POINT('',(-0.0656501805736715,-2.49914347757273,2.75214318466747));
#2451=CARTESIAN_POINT('',(-0.0553383247341756,-2.49939556390206,2.7515119956737));
#2452=CARTESIAN_POINT('',(-0.0439747409003791,-2.49962339887878,2.75094183504416));
#2453=CARTESIAN_POINT('',(-0.0318469588388373,-2.49980658666829,2.75048361211467));
#2454=CARTESIAN_POINT('',(-0.0207552884641731,-2.49992132412647,2.75019670045651));
#2455=CARTESIAN_POINT('',(-0.0101884611831226,-2.49998593503135,2.75003516054607));
#2456=CARTESIAN_POINT('',(-0.00351438219713696,-2.50000000011108,2.75000000211737));
#2457=CARTESIAN_POINT('',(-3.13707542703635E-9,-2.49999999998589,2.75000000003482));
#2458=CARTESIAN_POINT('',(3.06161699786838E-16,-2.5,4.75));
#2459=CARTESIAN_POINT('',(-0.00793857320839075,-2.50000007512092,4.75000011928811));
#2460=CARTESIAN_POINT('',(-0.0237631445090398,-2.49992483050404,4.74981213050066));
#2461=CARTESIAN_POINT('',(-0.0474891468946096,-2.49958616532093,4.74896512516156));
#2462=CARTESIAN_POINT('',(-0.0709926078828008,-2.49902831949587,4.74756869986909));
#2463=CARTESIAN_POINT('',(-0.0943136300397885,-2.49825632874822,4.74563347929115));
#2464=CARTESIAN_POINT('',(-0.118188923131111,-2.49724387101707,4.74309074073063));
#2465=CARTESIAN_POINT('',(-0.143436256050629,-2.49592810700709,4.73977831332209));
#2466=CARTESIAN_POINT('',(-0.173764469000592,-2.49402713880892,4.73497728075854));
#2467=CARTESIAN_POINT('',(-0.208169592913442,-2.49141473201254,4.72834842750831));
#2468=CARTESIAN_POINT('',(-0.24560284818948,-2.48799881951467,4.7196199324352));
#2469=CARTESIAN_POINT('',(-0.27820208236857,-2.48453528410476,4.71069690175577));
#2470=CARTESIAN_POINT('',(-0.305419174275332,-2.48130875142803,4.70231732248827));
#2471=CARTESIAN_POINT('',(-0.326689219464844,-2.47859002736614,4.69521009258091));
#2472=CARTESIAN_POINT('',(-0.346048278074205,-2.4759575244208,4.68828503538374));
#2473=CARTESIAN_POINT('',(-0.36435544163738,-2.47332933268488,4.68132834952829));
#2474=CARTESIAN_POINT('',(-0.38248305381506,-2.47059057933479,4.67403127296037));
#2475=CARTESIAN_POINT('',(-0.400448534278402,-2.46774197276044,4.66638856227932));
#2476=CARTESIAN_POINT('',(-0.418254832904898,-2.46478611936566,4.65839957684556));
#2477=CARTESIAN_POINT('',(-0.437900059948194,-2.46137966310514,4.64912095993119));
#2478=CARTESIAN_POINT('',(-0.459346842346135,-2.45747585098284,4.63838591435556));
#2479=CARTESIAN_POINT('',(-0.482553108140068,-2.45302414479616,4.62599917534194));
#2480=CARTESIAN_POINT('',(-0.503684789911663,-2.4487635437698,4.61399293499613));
#2481=CARTESIAN_POINT('',(-0.522802807689514,-2.44474550213645,4.60253340195354));
#2482=CARTESIAN_POINT('',(-0.539975893649785,-2.44100971799509,4.59176233081431));
#2483=CARTESIAN_POINT('',(-0.556990461885249,-2.43718325795857,4.58060233041174));
#2484=CARTESIAN_POINT('',(-0.573854297129846,-2.43326736035989,4.56904259092132));
#2485=CARTESIAN_POINT('',(-0.590540586211019,-2.42927135540521,4.55709550141656));
#2486=CARTESIAN_POINT('',(-0.60708817296286,-2.42518864293045,4.54472447493267));
#2487=CARTESIAN_POINT('',(-0.623432987448016,-2.42103801124327,4.53196873117301));
#2488=CARTESIAN_POINT('',(-0.63949147244954,-2.41684522327328,4.51889091507686));
#2489=CARTESIAN_POINT('',(-0.65518155675482,-2.4126381978348,4.5055642758325));
#2490=CARTESIAN_POINT('',(-0.670401145939839,-2.40845238623632,4.49209041853294));
#2491=CARTESIAN_POINT('',(-0.685113612376374,-2.40430748057116,4.4785261126334));
#2492=CARTESIAN_POINT('',(-0.699272382303843,-2.40022666327326,4.46494352871544));
#2493=CARTESIAN_POINT('',(-0.712943858543363,-2.39620040587745,4.45130814723192));
#2494=CARTESIAN_POINT('',(-0.726165093000819,-2.39222616851748,4.43760740230088));
#2495=CARTESIAN_POINT('',(-0.739059612347037,-2.38827346590286,4.42372845742682));
#2496=CARTESIAN_POINT('',(-0.751774982837686,-2.38430136888425,4.40951267024165));
#2497=CARTESIAN_POINT('',(-0.764431187046944,-2.38027391117351,4.39480493200223));
#2498=CARTESIAN_POINT('',(-0.777164902931132,-2.376147058474,4.37940584540853));
#2499=CARTESIAN_POINT('',(-0.789949622328689,-2.37192761722548,4.36329078418851));
#2500=CARTESIAN_POINT('',(-0.803289665535366,-2.36744466436149,4.34573334028557));
#2501=CARTESIAN_POINT('',(-0.817470557053802,-2.36258839853261,4.32616134120821));
#2502=CARTESIAN_POINT('',(-0.834595893912864,-2.35660335810823,4.30120105920732));
#2503=CARTESIAN_POINT('',(-0.853595741181542,-2.34979447939984,4.27143455303484));
#2504=CARTESIAN_POINT('',(-0.873443685655283,-2.34248472770743,4.23745145767679));
#2505=CARTESIAN_POINT('',(-0.889858124278254,-2.33628687989922,4.20663166577929));
#2506=CARTESIAN_POINT('',(-0.902942778871568,-2.33125252308659,4.18000275428828));
#2507=CARTESIAN_POINT('',(-0.912846252098502,-2.3273898878113,4.1585079937672));
#2508=CARTESIAN_POINT('',(-0.921571111928409,-2.32394759109833,4.13839939206752));
#2509=CARTESIAN_POINT('',(-0.929789337361522,-2.32067175346039,4.11831192155695));
#2510=CARTESIAN_POINT('',(-0.938048343912073,-2.31734600555163,4.09678340393744));
#2511=CARTESIAN_POINT('',(-0.947480025062401,-2.31350829267137,4.07030877001833));
#2512=CARTESIAN_POINT('',(-0.957414404873789,-2.30941551678023,4.03946598262722));
#2513=CARTESIAN_POINT('',(-0.967178094861197,-2.30534138913746,4.00493582350242));
#2514=CARTESIAN_POINT('',(-0.974687682758409,-2.30217296681656,3.97422546888662));
#2515=CARTESIAN_POINT('',(-0.980211927361216,-2.29982432433427,3.94835587040977));
#2516=CARTESIAN_POINT('',(-0.984331271683566,-2.29806387489381,3.92675717113287));
#2517=CARTESIAN_POINT('',(-0.987841971850898,-2.29655668135174,3.90595209592898));
#2518=CARTESIAN_POINT('',(-0.990850087893868,-2.29526010977188,3.88546102483067));
#2519=CARTESIAN_POINT('',(-0.993264999117211,-2.2942158681071,3.86635763594057));
#2520=CARTESIAN_POINT('',(-0.995211188527395,-2.29337216114056,3.84827616690822));
#2521=CARTESIAN_POINT('',(-0.996778173896687,-2.29269144179468,3.83083417860463));
#2522=CARTESIAN_POINT('',(-0.997921955305625,-2.2921937360503,3.81502018981179));
#2523=CARTESIAN_POINT('',(-0.998737404787056,-2.29183851118913,3.80077361680882));
#2524=CARTESIAN_POINT('',(-0.999303337841116,-2.29159178967713,3.78803719216499));
#2525=CARTESIAN_POINT('',(-0.999705991092162,-2.2914161491953,3.775330725611));
#2526=CARTESIAN_POINT('',(-0.999946791423035,-2.291311072256,3.76264751736726));
#2527=CARTESIAN_POINT('',(-1.00000001086327,-2.29128783941658,3.7542137237564));
#2528=CARTESIAN_POINT('',(-0.999999999998924,-2.29128784747887,3.75000000009907));
#2529=CARTESIAN_POINT('',(-1.,-7.93725393319377,3.75));
#2530=CARTESIAN_POINT('',(-3.85775311100333E-16,-8.,4.75));
#2531=CARTESIAN_POINT('',(-0.999999999994518,-7.93725393319517,3.75000000038954));
#2532=CARTESIAN_POINT('',(-1.00000014640225,-7.93725390229092,3.7582794805554));
#2533=CARTESIAN_POINT('',(-0.999795848282896,-7.93727966372154,3.77477682590643));
#2534=CARTESIAN_POINT('',(-0.998874796690312,-7.9373956435528,3.799515410479));
#2535=CARTESIAN_POINT('',(-0.99735831149753,-7.93758637710839,3.82399340274807));
#2536=CARTESIAN_POINT('',(-0.995259383161931,-7.93784987644759,3.84825838247551));
#2537=CARTESIAN_POINT('',(-0.992596290072509,-7.93818338968334,3.87225351220477));
#2538=CARTESIAN_POINT('',(-0.989378833780122,-7.93858511389302,3.89601002639825));
#2539=CARTESIAN_POINT('',(-0.985644563089423,-7.93904970188,3.91937940376527));
#2540=CARTESIAN_POINT('',(-0.981407033806573,-7.93957473615936,3.94240664319919));
#2541=CARTESIAN_POINT('',(-0.976725429069145,-7.94015211256381,3.96489692464869));
#2542=CARTESIAN_POINT('',(-0.971641059884617,-7.94077596736227,3.98680613773831));
#2543=CARTESIAN_POINT('',(-0.966248570144681,-7.94143400670458,4.00790929557684));
#2544=CARTESIAN_POINT('',(-0.960554003895798,-7.94212486991143,4.02835509779215));
#2545=CARTESIAN_POINT('',(-0.954626820360433,-7.94283954558005,4.04803541076663));
#2546=CARTESIAN_POINT('',(-0.948480086840282,-7.94357593082556,4.06703838708741));
#2547=CARTESIAN_POINT('',(-0.942205289245534,-7.94432267715123,4.08521395855981));
#2548=CARTESIAN_POINT('',(-0.935768227603493,-7.94508351585048,4.10277575695113));
#2549=CARTESIAN_POINT('',(-0.928468741285275,-7.94594023864532,4.12161026932904));
#2550=CARTESIAN_POINT('',(-0.920126224151739,-7.94691115295883,4.14186100130875));
#2551=CARTESIAN_POINT('',(-0.910618300951469,-7.94800643184815,4.16347149953213));
#2552=CARTESIAN_POINT('',(-0.901472794982423,-7.94904862032863,4.18299912306333));
#2553=CARTESIAN_POINT('',(-0.892794660279847,-7.95002762014145,4.20057980006148));
#2554=CARTESIAN_POINT('',(-0.884630319838337,-7.95094036360069,4.21640737698389));
#2555=CARTESIAN_POINT('',(-0.87609694194895,-7.951885303258,4.23224839027267));
#2556=CARTESIAN_POINT('',(-0.867110633840493,-7.95287040867886,4.24822996833556));
#2557=CARTESIAN_POINT('',(-0.857642264207208,-7.95389726918806,4.2643631883993));
#2558=CARTESIAN_POINT('',(-0.84761517432305,-7.95497229570613,4.28072968775153));
#2559=CARTESIAN_POINT('',(-0.837089818911096,-7.95608697085899,4.29718401969713));
#2560=CARTESIAN_POINT('',(-0.826060821379305,-7.95723985470391,4.31369867941286));
#2561=CARTESIAN_POINT('',(-0.814594263600378,-7.95842210046703,4.3301481837414));
#2562=CARTESIAN_POINT('',(-0.802659893618288,-7.95963484019744,4.34655293041724));
#2563=CARTESIAN_POINT('',(-0.790317243065093,-7.96087003471276,4.36281202649884));
#2564=CARTESIAN_POINT('',(-0.777587766144553,-7.96212366677045,4.37888600241618));
#2565=CARTESIAN_POINT('',(-0.764518838005799,-7.96338935225036,4.39471054567692));
#2566=CARTESIAN_POINT('',(-0.751125500220744,-7.96466397321475,4.41026572873287));
#2567=CARTESIAN_POINT('',(-0.737457725662252,-7.96594125856198,4.42549629282097));
#2568=CARTESIAN_POINT('',(-0.723569647254326,-7.96721486595773,4.44035048887922));
#2569=CARTESIAN_POINT('',(-0.709488233063296,-7.96848127822144,4.45481283331119));
#2570=CARTESIAN_POINT('',(-0.695200426634028,-7.96974064983347,4.46890899590283));
#2571=CARTESIAN_POINT('',(-0.680644197899796,-7.97099718079037,4.48270575168155));
#2572=CARTESIAN_POINT('',(-0.665775946577486,-7.97225302271246,4.49624239388481));
#2573=CARTESIAN_POINT('',(-0.650576169612131,-7.9735080000993,4.50953078938592));
#2574=CARTESIAN_POINT('',(-0.635093365549881,-7.97475631741567,4.52252365635207));
#2575=CARTESIAN_POINT('',(-0.619359236557912,-7.97599386917198,4.53519404076327));
#2576=CARTESIAN_POINT('',(-0.600817912454733,-7.97741518721383,4.54951845722821));
#2577=CARTESIAN_POINT('',(-0.576824838717045,-7.97919422824408,4.56711336474992));
#2578=CARTESIAN_POINT('',(-0.546673134513885,-7.98132318783449,4.58766089592482));
#2579=CARTESIAN_POINT('',(-0.515303769713713,-7.98340660076223,4.60725845099887));
#2580=CARTESIAN_POINT('',(-0.48863498591492,-7.98507426577675,4.62261891407084));
#2581=CARTESIAN_POINT('',(-0.468029957184063,-7.986303744848,4.63378438066301));
#2582=CARTESIAN_POINT('',(-0.451723393094751,-7.98724139345479,4.64221349441469));
#2583=CARTESIAN_POINT('',(-0.436646293368549,-7.98807922716091,4.64968100059414));
#2584=CARTESIAN_POINT('',(-0.422122470326513,-7.98885997757753,4.65658641093154));
#2585=CARTESIAN_POINT('',(-0.407431462943373,-7.98962281535589,4.66328366877571));
#2586=CARTESIAN_POINT('',(-0.392507344822083,-7.99037005297909,4.66979733600218));
#2587=CARTESIAN_POINT('',(-0.377352307362823,-7.99110025382106,4.67611879311739));
#2588=CARTESIAN_POINT('',(-0.36191389340154,-7.99181451491084,4.68226136359095));
#2589=CARTESIAN_POINT('',(-0.346200391717317,-7.99251083857788,4.68821148724208));
#2590=CARTESIAN_POINT('',(-0.330152917291702,-7.99319001646569,4.69397944423156));
#2591=CARTESIAN_POINT('',(-0.313820534130994,-7.99384810165241,4.69953527387444));
#2592=CARTESIAN_POINT('',(-0.295118526626772,-7.9945630217109,4.70553684894733));
#2593=CARTESIAN_POINT('',(-0.273912477779567,-7.9953209259147,4.71185834218757));
#2594=CARTESIAN_POINT('',(-0.250038202974111,-7.99610384325101,4.71834370341376));
#2595=CARTESIAN_POINT('',(-0.226746326581085,-7.99679702279197,4.72404921872761));
#2596=CARTESIAN_POINT('',(-0.203408671303599,-7.99742441244484,4.72918570136408));
#2597=CARTESIAN_POINT('',(-0.176184763966219,-7.99807888968058,4.73451828096615));
#2598=CARTESIAN_POINT('',(-0.140701103218218,-7.9987981367341,4.74034516280475));
#2599=CARTESIAN_POINT('',(-0.098532801785935,-7.99943549960264,4.74547699688652));
#2600=CARTESIAN_POINT('',(-0.0576016533044394,-7.99982342450411,4.74858697721914));
#2601=CARTESIAN_POINT('',(-0.0249968896135215,-7.99997628027124,4.74981032704654));
#2602=CARTESIAN_POINT('',(-0.00707750586864351,-8.00000003139932,4.75000015383075));
#2603=CARTESIAN_POINT('',(-2.1818048516115E-9,-8.,4.74999999998072));
#2604=CARTESIAN_POINT('',(-5.41900423938246E-16,-8.,2.75));
#2605=CARTESIAN_POINT('',(-4.1502820335496E-9,-8.,2.75000000005841));
#2606=CARTESIAN_POINT('',(-0.00827672053614431,-8.00000002995349,2.74999985606219));
#2607=CARTESIAN_POINT('',(-0.0247708848544285,-7.99997448386875,2.75020405354419));
#2608=CARTESIAN_POINT('',(-0.0495072123769366,-7.99985945189871,2.75112478385626));
#2609=CARTESIAN_POINT('',(-0.0739930334124999,-7.99967016849529,2.75264155523438));
#2610=CARTESIAN_POINT('',(-0.0982759055998255,-7.99940849953146,2.75474214952615));
#2611=CARTESIAN_POINT('',(-0.122302796018468,-7.99907701587099,2.75740947491931));
#2612=CARTESIAN_POINT('',(-0.14610398148546,-7.99867738468989,2.76063460230941));
#2613=CARTESIAN_POINT('',(-0.169534252388037,-7.99821471096367,2.76438150684934));
#2614=CARTESIAN_POINT('',(-0.192633783015768,-7.99769135158236,2.76863688087448));
#2615=CARTESIAN_POINT('',(-0.215245538302363,-7.99711428309962,2.77335017800794));
#2616=CARTESIAN_POINT('',(-0.237359946175633,-7.99648788927042,2.77849196127277));
#2617=CARTESIAN_POINT('',(-0.2588278107819,-7.99582126980907,2.78399360013247));
#2618=CARTESIAN_POINT('',(-0.279791586338103,-7.99511472321586,2.78985867268888));
#2619=CARTESIAN_POINT('',(-0.300210022507127,-7.99437366350415,2.7960484407614));
#2620=CARTESIAN_POINT('',(-0.320160491086251,-7.99359908062821,2.80256094149603));
#2621=CARTESIAN_POINT('',(-0.339557434158493,-7.99279820995001,2.80934121597081));
#2622=CARTESIAN_POINT('',(-0.358539320559442,-7.99196890999369,2.81641330529656));
#2623=CARTESIAN_POINT('',(-0.379226143373239,-7.99101647117915,2.82459756822964));
#2624=CARTESIAN_POINT('',(-0.401672056396199,-7.98992220446031,2.83408834352457));
#2625=CARTESIAN_POINT('',(-0.425786068679844,-7.98867308837319,2.84504727677984));
#2626=CARTESIAN_POINT('',(-0.44756926761188,-7.9874792504218,2.85565073725732));
#2627=CARTESIAN_POINT('',(-0.467109348017697,-7.98635781801205,2.86572668091054));
#2628=CARTESIAN_POINT('',(-0.484555751441088,-7.98531819817665,2.87516446674802));
#2629=CARTESIAN_POINT('',(-0.501882557882325,-7.98424786012512,2.88498727475543));
#2630=CARTESIAN_POINT('',(-0.519139235235974,-7.98314433998981,2.89523130970134));
#2631=CARTESIAN_POINT('',(-0.536291154923204,-7.98201038681242,2.90588582015646));
#2632=CARTESIAN_POINT('',(-0.553331776488302,-7.98084709300051,2.91695608535494));
#2633=CARTESIAN_POINT('',(-0.570177197936088,-7.97966114025291,2.92839397874683));
#2634=CARTESIAN_POINT('',(-0.586819682034888,-7.97845436503967,2.94019676199205));
#2635=CARTESIAN_POINT('',(-0.603236273072367,-7.97722979878072,2.95235000894433));
#2636=CARTESIAN_POINT('',(-0.619462840301954,-7.97598601785736,2.96488449276387));
#2637=CARTESIAN_POINT('',(-0.63546291656011,-7.97472705021273,2.97777726997531));
#2638=CARTESIAN_POINT('',(-0.651170927685382,-7.97345957511309,2.9909766676025));
#2639=CARTESIAN_POINT('',(-0.66652326000845,-7.97219066096446,3.00442325700441));
#2640=CARTESIAN_POINT('',(-0.681422568112126,-7.97093065718601,3.01801828342096));
#2641=CARTESIAN_POINT('',(-0.695834369383409,-7.96968517189896,3.03170767777186));
#2642=CARTESIAN_POINT('',(-0.70970170499038,-7.96846194504906,3.0454093211298));
#2643=CARTESIAN_POINT('',(-0.723081185977964,-7.96725871719397,3.05914987365568));
#2644=CARTESIAN_POINT('',(-0.735995390560829,-7.96607589169992,3.07292664211681));
#2645=CARTESIAN_POINT('',(-0.748566100666222,-7.96490430059341,3.08685190968205));
#2646=CARTESIAN_POINT('',(-0.760933702592004,-7.96373221073777,3.10107823127402));
#2647=CARTESIAN_POINT('',(-0.773222733350246,-7.96254841998869,3.11576699091411));
#2648=CARTESIAN_POINT('',(-0.785568668437522,-7.96133992330714,3.13111799524247));
#2649=CARTESIAN_POINT('',(-0.797954956890637,-7.96010803490385,3.14716536019583));
#2650=CARTESIAN_POINT('',(-0.812088703187864,-7.95868004729439,3.16627879104062));
#2651=CARTESIAN_POINT('',(-0.827871701883951,-7.95705533562974,3.18879975679469));
#2652=CARTESIAN_POINT('',(-0.845211909326461,-7.95523211436188,3.21524211833491));
#2653=CARTESIAN_POINT('',(-0.861024323442964,-7.95353466661729,3.24114539764306));
#2654=CARTESIAN_POINT('',(-0.875271745971651,-7.95197805769179,3.2661259147126));
#2655=CARTESIAN_POINT('',(-0.887929347894637,-7.95057443781562,3.28975465150794));
#2656=CARTESIAN_POINT('',(-0.900108359323378,-7.94920454567924,3.31404785162298));
#2657=CARTESIAN_POINT('',(-0.911648423105985,-7.94788898725727,3.33872907498368));
#2658=CARTESIAN_POINT('',(-0.922417504037714,-7.94664597103793,3.36349547088168));
#2659=CARTESIAN_POINT('',(-0.932302914003125,-7.9454918917422,3.38800715705147));
#2660=CARTESIAN_POINT('',(-0.941315780522418,-7.94442882434097,3.41215551007949));
#2661=CARTESIAN_POINT('',(-0.950210580926676,-7.94336996808086,3.43796693357372));
#2662=CARTESIAN_POINT('',(-0.958814011012831,-7.94233600342158,3.46541634845739));
#2663=CARTESIAN_POINT('',(-0.966906338097653,-7.94135448954253,3.49430405454659));
#2664=CARTESIAN_POINT('',(-0.973492688052923,-7.94054933016595,3.52079076452092));
#2665=CARTESIAN_POINT('',(-0.979034203919774,-7.9398677747227,3.54582990295288));
#2666=CARTESIAN_POINT('',(-0.984486673075599,-7.93919371191513,3.57362291963112));
#2667=CARTESIAN_POINT('',(-0.989829911291108,-7.9385292196311,3.60616107966351));
#2668=CARTESIAN_POINT('',(-0.99446904550085,-7.93794913964387,3.6428146064737));
#2669=CARTESIAN_POINT('',(-0.997417737928235,-7.9375789370499,3.67591433478301));
#2670=CARTESIAN_POINT('',(-0.999068714379207,-7.93737123184888,3.70457659515883));
#2671=CARTESIAN_POINT('',(-0.999842634113553,-7.93727376546635,3.72805182512412));
#2672=CARTESIAN_POINT('',(-1.0000000951867,-7.93725391347579,3.74292253181991));
#2673=CARTESIAN_POINT('',(-0.999999999966457,-7.93725393320228,3.74999999620404));
#2674=CARTESIAN_POINT('',(4.11116316446467E-9,-8.,4.74999999994215));
#2675=CARTESIAN_POINT('',(0.00835683003467877,-8.00000003121912,4.75000015026013));
#2676=CARTESIAN_POINT('',(0.0250097201695271,-7.99997398960252,4.74979199530988));
#2677=CARTESIAN_POINT('',(0.049983396531588,-7.99985673269855,4.74885344691048));
#2678=CARTESIAN_POINT('',(0.0747001143184836,-7.99966382917174,4.7473076171989));
#2679=CARTESIAN_POINT('',(0.0992089790113065,-7.99939720738411,4.74516712090434));
#2680=CARTESIAN_POINT('',(0.123454470365099,-7.99905954083559,4.74244974175307));
#2681=CARTESIAN_POINT('',(0.147465303076218,-7.99865260388924,4.73916510764034));
#2682=CARTESIAN_POINT('',(0.171089313719416,-7.99818177877437,4.73535130982065));
#2683=CARTESIAN_POINT('',(0.194367065922325,-7.99764957743149,4.73102273384152));
#2684=CARTESIAN_POINT('',(0.217104320827646,-7.99706413192521,4.72623919847305));
#2685=CARTESIAN_POINT('',(0.239261125627039,-7.99643121468172,4.72104151600486));
#2686=CARTESIAN_POINT('',(0.260620445451963,-7.99576288098477,4.715522977081));
#2687=CARTESIAN_POINT('',(0.281332363771325,-7.99506036368314,4.70968844157775));
#2688=CARTESIAN_POINT('',(0.301293472902926,-7.99433245414381,4.70360584454966));
#2689=CARTESIAN_POINT('',(0.320590374573942,-7.99358122127867,4.69728779482754));
#2690=CARTESIAN_POINT('',(0.339077065098191,-7.99281780959187,4.69082442697502));
#2691=CARTESIAN_POINT('',(0.356958875665803,-7.99203873835813,4.6841830545015));
#2692=CARTESIAN_POINT('',(0.374244648550679,-7.99124760556429,4.67739091943646));
#2693=CARTESIAN_POINT('',(0.391069875478645,-7.99044153089068,4.67041954005618));
#2694=CARTESIAN_POINT('',(0.407340150908315,-7.98962826472775,4.66333270492622));
#2695=CARTESIAN_POINT('',(0.423159196437742,-7.98880574620135,4.65610961589809));
#2696=CARTESIAN_POINT('',(0.438497902524493,-7.98797823782668,4.64878491574323));
#2697=CARTESIAN_POINT('',(0.453444317661273,-7.98714346096083,4.64133558377));
#2698=CARTESIAN_POINT('',(0.46797660424624,-7.98630495251193,4.63379059747866));
#2699=CARTESIAN_POINT('',(0.482218638728006,-7.98545750931491,4.62610013591357));
#2700=CARTESIAN_POINT('',(0.496241256819607,-7.98459828166534,4.61823421572288));
#2701=CARTESIAN_POINT('',(0.510118612491802,-7.98372361603411,4.61015397230067));
#2702=CARTESIAN_POINT('',(0.523843610538878,-7.98283472332902,4.60186467714352));
#2703=CARTESIAN_POINT('',(0.537406531057679,-7.9819330389516,4.59337378829088));
#2704=CARTESIAN_POINT('',(0.550788749347586,-7.98102066832537,4.58469531280357));
#2705=CARTESIAN_POINT('',(0.56397702946441,-7.98009945248629,4.57584115157958));
#2706=CARTESIAN_POINT('',(0.57695401920408,-7.97917160836721,4.56682728570556));
#2707=CARTESIAN_POINT('',(0.589719194759528,-7.97823821072958,4.55765903623845));
#2708=CARTESIAN_POINT('',(0.602283354255537,-7.97729947213912,4.54833330280053));
#2709=CARTESIAN_POINT('',(0.614667156147836,-7.97635474404005,4.53883795176865));
#2710=CARTESIAN_POINT('',(0.6268884555429,-7.97540345666382,4.5291609552052));
#2711=CARTESIAN_POINT('',(0.638948975698694,-7.97444621099483,4.51930168238894));
#2712=CARTESIAN_POINT('',(0.650855151095362,-7.97348320987919,4.5092551880738));
#2713=CARTESIAN_POINT('',(0.662601713875241,-7.97251557980032,4.49902595039099));
#2714=CARTESIAN_POINT('',(0.674188204004023,-7.97154405925099,4.48861432529186));
#2715=CARTESIAN_POINT('',(0.685596796569335,-7.97057087318845,4.47803680862873));
#2716=CARTESIAN_POINT('',(0.697211632284279,-7.96956348052112,4.46692738675369));
#2717=CARTESIAN_POINT('',(0.709399376594628,-7.9684883387234,4.45488293359804));
#2718=CARTESIAN_POINT('',(0.724098160122703,-7.96716813912441,4.43982621519315));
#2719=CARTESIAN_POINT('',(0.740772917332666,-7.96563675009744,4.42194076896557));
#2720=CARTESIAN_POINT('',(0.75893627786284,-7.9639264431782,4.40135975002383));
#2721=CARTESIAN_POINT('',(0.774876956761038,-7.96238912999969,4.38226053905173));
#2722=CARTESIAN_POINT('',(0.788339473027795,-7.96106553328866,4.36533327480089));
#2723=CARTESIAN_POINT('',(0.79907283427587,-7.95999478464037,4.35131266948384));
#2724=CARTESIAN_POINT('',(0.808902889375732,-7.95900155714442,4.33801450629669));
#2725=CARTESIAN_POINT('',(0.818187123611375,-7.95805241487732,4.32502596112143));
#2726=CARTESIAN_POINT('',(0.827264085487615,-7.95711387566537,4.31188882800311));
#2727=CARTESIAN_POINT('',(0.836123248112784,-7.95618776228026,4.29861889658362));
#2728=CARTESIAN_POINT('',(0.844771464903855,-7.95527408424894,4.28520654359177));
#2729=CARTESIAN_POINT('',(0.853321283713332,-7.95436151882789,4.27147038474902));
#2730=CARTESIAN_POINT('',(0.861873917432392,-7.95343940015769,4.25721699967767));
#2731=CARTESIAN_POINT('',(0.871689289696852,-7.95237039460233,4.24021258780492));
#2732=CARTESIAN_POINT('',(0.883057428552867,-7.95111711380332,4.21952008116494));
#2733=CARTESIAN_POINT('',(0.89612118392561,-7.94965586381305,4.19415414122331));
#2734=CARTESIAN_POINT('',(0.910267891510917,-7.94804909347381,4.1645133544328));
#2735=CARTESIAN_POINT('',(0.924628761882686,-7.94639116132535,4.1315004346596));
#2736=CARTESIAN_POINT('',(0.938440080925868,-7.94477113652666,4.09613644988332));
#2737=CARTESIAN_POINT('',(0.949517364676298,-7.94345323338832,4.06425186332326));
#2738=CARTESIAN_POINT('',(0.958030577566227,-7.94242992800012,4.03699805169343));
#2739=CARTESIAN_POINT('',(0.964149326715828,-7.94168912475623,4.01562907170904));
#2740=CARTESIAN_POINT('',(0.969224874263266,-7.94107110071606,3.99641118148206));
#2741=CARTESIAN_POINT('',(0.973517573817566,-7.94054589043866,3.97883999307509));
#2742=CARTESIAN_POINT('',(0.977315447511831,-7.94007926652547,3.9620091397135));
#2743=CARTESIAN_POINT('',(0.980657082290906,-7.93966718615861,3.94595343955096));
#2744=CARTESIAN_POINT('',(0.983653360821108,-7.93929649115955,3.93030046859407));
#2745=CARTESIAN_POINT('',(0.986360797385131,-7.93896055109004,3.91484601037918));
#2746=CARTESIAN_POINT('',(0.988821531851807,-7.93865440901568,3.89937761232879));
#2747=CARTESIAN_POINT('',(0.991038808930074,-7.93837789238806,3.88387957498867));
#2748=CARTESIAN_POINT('',(0.993012190827766,-7.93813126284138,3.8683569862555));
#2749=CARTESIAN_POINT('',(0.994741850525678,-7.93791468347388,3.85281110509309));
#2750=CARTESIAN_POINT('',(0.9962265984413,-7.93772846535577,3.83725743431686));
#2751=CARTESIAN_POINT('',(0.99746631718513,-7.93757276283121,3.82170693289258));
#2752=CARTESIAN_POINT('',(0.998460219536812,-7.93744779156069,3.80619111800185));
#2753=CARTESIAN_POINT('',(0.999208857347224,-7.93735357593464,3.79075311703146));
#2754=CARTESIAN_POINT('',(0.999716371319197,-7.93728966490774,3.77540255239018));
#2755=CARTESIAN_POINT('',(0.999957203159825,-7.93725932516462,3.76183229629799));
#2756=CARTESIAN_POINT('',(1.00001713090758,-7.937251774886,3.74998791439436));
#2757=CARTESIAN_POINT('',(0.99994847751423,-7.93726042442543,3.73646942615338));
#2758=CARTESIAN_POINT('',(0.999605091436727,-7.93730368445071,3.71954548156614));
#2759=CARTESIAN_POINT('',(0.998845871928975,-7.93739927241637,3.70086091461711));
#2760=CARTESIAN_POINT('',(0.997844380450059,-7.93752524058549,3.68376980811287));
#2761=CARTESIAN_POINT('',(0.996696993721013,-7.93766940898303,3.66829419811092));
#2762=CARTESIAN_POINT('',(0.995302669127949,-7.93784437825562,3.65276910082945));
#2763=CARTESIAN_POINT('',(0.993662143061696,-7.93804992395039,3.63722994660115));
#2764=CARTESIAN_POINT('',(0.991775705865775,-7.93828585476529,3.62169306765004));
#2765=CARTESIAN_POINT('',(0.989644815573704,-7.93855181089739,3.60617735093435));
#2766=CARTESIAN_POINT('',(0.987269810074244,-7.9388475503542,3.59068848645337));
#2767=CARTESIAN_POINT('',(0.984651404624777,-7.9391727622779,3.57523283900289));
#2768=CARTESIAN_POINT('',(0.981785862557164,-7.93952766482269,3.5597925681079));
#2769=CARTESIAN_POINT('',(0.978666601233233,-7.93991279867557,3.54434280645415));
#2770=CARTESIAN_POINT('',(0.97528690579616,-7.94032868476287,3.52886754951364));
#2771=CARTESIAN_POINT('',(0.971237679681253,-7.94082514128726,3.5116437850905));
#2772=CARTESIAN_POINT('',(0.966415763123566,-7.94141364943151,3.49272135843925));
#2773=CARTESIAN_POINT('',(0.960706673968797,-7.9421064314716,3.47216093829826));
#2774=CARTESIAN_POINT('',(0.955073763621508,-7.94278570158528,3.4534347847741));
#2775=CARTESIAN_POINT('',(0.949642332822325,-7.94343678143771,3.43652853481449));
#2776=CARTESIAN_POINT('',(0.944515241457849,-7.94404810329594,3.4214029658213));
#2777=CARTESIAN_POINT('',(0.93914171602265,-7.94468520786647,3.4063458486373));
#2778=CARTESIAN_POINT('',(0.933521465514982,-7.945347620833,3.39135930080709));
#2779=CARTESIAN_POINT('',(0.927659849084464,-7.94603418600499,3.37645931358046));
#2780=CARTESIAN_POINT('',(0.921568202647889,-7.94674304681413,3.36167390907326));
#2781=CARTESIAN_POINT('',(0.91525659494979,-7.94747250840872,3.3470237076059));
#2782=CARTESIAN_POINT('',(0.908737776018146,-7.94822058419315,3.33253204997088));
#2783=CARTESIAN_POINT('',(0.902011390585246,-7.94898680241737,3.31819127636558));
#2784=CARTESIAN_POINT('',(0.894298659207621,-7.94985866752242,3.30240182054003));
#2785=CARTESIAN_POINT('',(0.885494375663127,-7.950844743745,3.2851903354095));
#2786=CARTESIAN_POINT('',(0.875496773745642,-7.95195198912708,3.26662271317295));
#2787=CARTESIAN_POINT('',(0.86598569967081,-7.95299301116287,3.24981744861497));
#2788=CARTESIAN_POINT('',(0.857078947661298,-7.953957371149,3.23473474617872));
#2789=CARTESIAN_POINT('',(0.848875318247285,-7.95483713792236,3.22132925104326));
#2790=CARTESIAN_POINT('',(0.840484870601149,-7.95572808928469,3.20808962946987));
#2791=CARTESIAN_POINT('',(0.831892502946475,-7.95663121751966,3.19498949120444));
#2792=CARTESIAN_POINT('',(0.823085797669411,-7.95754714529067,3.18201058501366));
#2793=CARTESIAN_POINT('',(0.814051488564579,-7.95847650884024,3.16913615224708));
#2794=CARTESIAN_POINT('',(0.804801187719056,-7.9594173494591,3.15638572162971));
#2795=CARTESIAN_POINT('',(0.795340913978205,-7.96036830691675,3.14376927948354));
#2796=CARTESIAN_POINT('',(0.785690978926947,-7.96132662578785,3.13131399460472));
#2797=CARTESIAN_POINT('',(0.775864885345055,-7.9622902930068,3.11903576333189));
#2798=CARTESIAN_POINT('',(0.765890961795781,-7.96325592669811,3.10696632080661));
#2799=CARTESIAN_POINT('',(0.755798439883061,-7.96422019805765,3.09513453383392));
#2800=CARTESIAN_POINT('',(0.745592145164258,-7.9651822179406,3.083538158394));
#2801=CARTESIAN_POINT('',(0.735262817279444,-7.96614241130387,3.07216005619343));
#2802=CARTESIAN_POINT('',(0.724789575865388,-7.96710220110661,3.06097298144586));
#2803=CARTESIAN_POINT('',(0.714142033734495,-7.968063749305,3.04994313045752));
#2804=CARTESIAN_POINT('',(0.703292761616954,-7.96902877683881,3.03904393624091));
#2805=CARTESIAN_POINT('',(0.692207604948339,-7.96999942373695,3.0282458738878));
#2806=CARTESIAN_POINT('',(0.68087493634378,-7.97097569142741,3.01754451531132));
#2807=CARTESIAN_POINT('',(0.669151171801989,-7.97196866266418,3.00681601703311));
#2808=CARTESIAN_POINT('',(0.656914176133227,-7.97298668935256,2.99597322124064));
#2809=CARTESIAN_POINT('',(0.643878342105825,-7.974050494093,2.98480484781544));
#2810=CARTESIAN_POINT('',(0.630026148259616,-7.97515743089106,2.97335285048216));
#2811=CARTESIAN_POINT('',(0.614578191433369,-7.97636393531332,2.96105477879571));
#2812=CARTESIAN_POINT('',(0.596988835430542,-7.97770183162806,2.94763256137075));
#2813=CARTESIAN_POINT('',(0.573925330769265,-7.97940067929555,2.93088642170059));
#2814=CARTESIAN_POINT('',(0.545949840403648,-7.98137081839181,2.91189336531445));
#2815=CARTESIAN_POINT('',(0.513580739335587,-7.98352021419631,2.89167495963483));
#2816=CARTESIAN_POINT('',(0.483880342801833,-7.98536978501841,2.87466591862308));
#2817=CARTESIAN_POINT('',(0.457894709938878,-7.98689538292035,2.86087639537543));
#2818=CARTESIAN_POINT('',(0.436600888917713,-7.98808602442479,2.85024988666876));
#2819=CARTESIAN_POINT('',(0.416513549746717,-7.98915783527058,2.84078658699069));
#2820=CARTESIAN_POINT('',(0.396295068984703,-7.99018727891324,2.83178486501363));
#2821=CARTESIAN_POINT('',(0.374523654299995,-7.99123941093313,2.82267285427097));
#2822=CARTESIAN_POINT('',(0.347556766488395,-7.99246518866222,2.81216147200773));
#2823=CARTESIAN_POINT('',(0.315955769140719,-7.99378455636817,2.80098092788906));
#2824=CARTESIAN_POINT('',(0.280384418349381,-7.99511162249902,2.78987218675908));
#2825=CARTESIAN_POINT('',(0.248554185245991,-7.99615676133358,2.78121648376199));
#2826=CARTESIAN_POINT('',(0.221542138686892,-7.99694251290773,2.77475742099016));
#2827=CARTESIAN_POINT('',(0.200521045733418,-7.99749454885165,2.770242772949));
#2828=CARTESIAN_POINT('',(0.181719589603802,-7.99794230496583,2.76659542260924));
#2829=CARTESIAN_POINT('',(0.164618005342541,-7.99831195726495,2.76359404991903));
#2830=CARTESIAN_POINT('',(0.148300364961526,-7.99863053754479,2.7610145036487));
#2831=CARTESIAN_POINT('',(0.132801981193903,-7.99890245459145,2.75881796533115));
#2832=CARTESIAN_POINT('',(0.117757038619018,-7.99913785441306,2.7569202335095));
#2833=CARTESIAN_POINT('',(0.102982697991263,-7.9993416572492,2.75528008474641));
#2834=CARTESIAN_POINT('',(0.0882705068574005,-7.99951749612257,2.75386711566545));
#2835=CARTESIAN_POINT('',(0.0735940890713387,-7.9996659673793,2.75267559375708));
#2836=CARTESIAN_POINT('',(0.0589266419374247,-7.99978745777132,2.75170164142673));
#2837=CARTESIAN_POINT('',(0.0442371524860668,-7.99988219350697,2.75094282076566));
#2838=CARTESIAN_POINT('',(0.0295145105649082,-7.99995008641697,2.7503993587673));
#2839=CARTESIAN_POINT('',(0.014749226122811,-7.99999095373442,2.75007236076003));
#2840=CARTESIAN_POINT('',(0.00491958906738742,-8.00000000406132,2.74999997928445));
#2841=CARTESIAN_POINT('',(8.071867157963E-10,-8.,2.75000000001059));
#2842=CARTESIAN_POINT('',(-2.29128784747792,1.,3.75));
#2843=CARTESIAN_POINT('',(-2.29128784747792,1.,3.75000000002326));
#2844=CARTESIAN_POINT('',(-2.29128784805767,0.999999999217738,3.74442372241079));
#2845=CARTESIAN_POINT('',(-2.29132867481408,0.999906460379565,3.73322697990174));
#2846=CARTESIAN_POINT('',(-2.2915140600626,0.99948158351567,3.7163499385286));
#2847=CARTESIAN_POINT('',(-2.29182680577951,0.998764328375926,3.6993304190665));
#2848=CARTESIAN_POINT('',(-2.2922697817103,0.997747355114191,3.68217992678738));
#2849=CARTESIAN_POINT('',(-2.29284690241044,0.996420567484665,3.66486800349676));
#2850=CARTESIAN_POINT('',(-2.29356147656192,0.994774871307968,3.64739929673375));
#2851=CARTESIAN_POINT('',(-2.29441966638873,0.992794146739387,3.62972286918279));
#2852=CARTESIAN_POINT('',(-2.29542387602471,0.990470441783125,3.61187789203342));
#2853=CARTESIAN_POINT('',(-2.29657820121957,0.987791363753827,3.59385955205351));
#2854=CARTESIAN_POINT('',(-2.29788155436911,0.984756031611683,3.57573210189052));
#2855=CARTESIAN_POINT('',(-2.29949881469564,0.980975053007078,3.55545831180267));
#2856=CARTESIAN_POINT('',(-2.30149020934316,0.976296255405722,3.53307952452376));
#2857=CARTESIAN_POINT('',(-2.30392512126929,0.970537763325769,3.50861117578521));
#2858=CARTESIAN_POINT('',(-2.30639498461481,0.96465332524068,3.48616300224561));
#2859=CARTESIAN_POINT('',(-2.30882616573277,0.958818704490135,3.46576606607373));
#2860=CARTESIAN_POINT('',(-2.31115676227022,0.953188118886686,3.44741865263892));
#2861=CARTESIAN_POINT('',(-2.31362507352141,0.947182124100205,3.42910979607573));
#2862=CARTESIAN_POINT('',(-2.31654195778466,0.940030182599605,3.40865125384879));
#2863=CARTESIAN_POINT('',(-2.3199783746481,0.931523796662249,3.38599525777611));
#2864=CARTESIAN_POINT('',(-2.32400917288333,0.921425007679494,3.36112948966));
#2865=CARTESIAN_POINT('',(-2.32796632588697,0.911378871642205,3.33819457707591));
#2866=CARTESIAN_POINT('',(-2.33176727114665,0.901605796202967,3.31727151839837));
#2867=CARTESIAN_POINT('',(-2.33536022881584,0.892259857077847,3.298311588322));
#2868=CARTESIAN_POINT('',(-2.3391035180287,0.882402336901268,3.27933986468895));
#2869=CARTESIAN_POINT('',(-2.3430125879424,0.87197221193309,3.26028169767479));
#2870=CARTESIAN_POINT('',(-2.3470635774169,0.861011203528026,3.24125419189296));
#2871=CARTESIAN_POINT('',(-2.35123985832819,0.849542613880824,3.2223248261479));
#2872=CARTESIAN_POINT('',(-2.35550899082402,0.837635139415161,3.20361950319072));
#2873=CARTESIAN_POINT('',(-2.35986393433189,0.825288513521654,3.1851429772375));
#2874=CARTESIAN_POINT('',(-2.36428660098009,0.812533988757375,3.1669448802907));
#2875=CARTESIAN_POINT('',(-2.36875703587001,0.799409653469934,3.14907778105791));
#2876=CARTESIAN_POINT('',(-2.37325047464502,0.785971007517788,3.13160661785533));
#2877=CARTESIAN_POINT('',(-2.37773537561425,0.772298176749711,3.11461640773078));
#2878=CARTESIAN_POINT('',(-2.38219185667695,0.758441275495139,3.09814191189598));
#2879=CARTESIAN_POINT('',(-2.38659270324808,0.744477772943045,3.08224277256452));
#2880=CARTESIAN_POINT('',(-2.39093700140245,0.73040587190982,3.06688265086855));
#2881=CARTESIAN_POINT('',(-2.39522764859823,0.716211229593621,3.05201652805257));
#2882=CARTESIAN_POINT('',(-2.39949375634268,0.701787932157559,3.03751652156559));
#2883=CARTESIAN_POINT('',(-2.40374997365748,0.687070581917758,3.02331303123034));
#2884=CARTESIAN_POINT('',(-2.40800458561886,0.672009873096258,3.00936261815782));
#2885=CARTESIAN_POINT('',(-2.41223841556056,0.656652078844791,2.99571292969526));
#2886=CARTESIAN_POINT('',(-2.41643716463272,0.641030169769568,2.98239316272431));
#2887=CARTESIAN_POINT('',(-2.4205588733824,0.625286832554742,2.96951737248505));
#2888=CARTESIAN_POINT('',(-2.42458488708192,0.609488524838093,2.95712195930208));
#2889=CARTESIAN_POINT('',(-2.42888897652194,0.592127900802648,2.94405000988536));
#2890=CARTESIAN_POINT('',(-2.43344545073974,0.573143636407311,2.93041568202492));
#2891=CARTESIAN_POINT('',(-2.43821943766968,0.552480855151746,2.91635201012918));
#2892=CARTESIAN_POINT('',(-2.44239743714751,0.533673246455907,2.90422092145571));
#2893=CARTESIAN_POINT('',(-2.44602389375086,0.51676432091566,2.89381262581332));
#2894=CARTESIAN_POINT('',(-2.4491244811345,0.50186242345703,2.88499574616482));
#2895=CARTESIAN_POINT('',(-2.45210490084475,0.487089323385239,2.87659409217448));
#2896=CARTESIAN_POINT('',(-2.45495746737755,0.472500531289818,2.86861827095599));
#2897=CARTESIAN_POINT('',(-2.45770828295583,0.457976306569732,2.86098587384039));
#2898=CARTESIAN_POINT('',(-2.46036731504816,0.443469760688162,2.8536617391545));
#2899=CARTESIAN_POINT('',(-2.46294909100176,0.428899665641732,2.84659971778201));
#2900=CARTESIAN_POINT('',(-2.46572221755969,0.412691213685797,2.83906446891313));
#2901=CARTESIAN_POINT('',(-2.46865328294789,0.394818065332954,2.8311587579429));
#2902=CARTESIAN_POINT('',(-2.47169979891273,0.375274059297876,2.82300601666745));
#2903=CARTESIAN_POINT('',(-2.47435004766567,0.357340481504267,2.81596558104221));
#2904=CARTESIAN_POINT('',(-2.47664373430528,0.341040443748148,2.80990839339444));
#2905=CARTESIAN_POINT('',(-2.47883673277334,0.324759122461536,2.80414503607443));
#2906=CARTESIAN_POINT('',(-2.48113179035603,0.3067828765102,2.79814583357936));
#2907=CARTESIAN_POINT('',(-2.48348644251585,0.287099968534562,2.79202567647766));
#2908=CARTESIAN_POINT('',(-2.48550376637361,0.269020914320306,2.78680974449494));
#2909=CARTESIAN_POINT('',(-2.48722117020823,0.252594834134603,2.78238781427176));
#2910=CARTESIAN_POINT('',(-2.4886735092872,0.23785930888975,2.77866097425395));
#2911=CARTESIAN_POINT('',(-2.49003648412073,0.223138959132705,2.77517443174486));
#2912=CARTESIAN_POINT('',(-2.49131234324266,0.208412382906627,2.77192026402386));
#2913=CARTESIAN_POINT('',(-2.4925030134022,0.193654166177086,2.76889161397477));
#2914=CARTESIAN_POINT('',(-2.49360802444051,0.178864315057797,2.76608790277692));
#2915=CARTESIAN_POINT('',(-2.49462626807365,0.164052722587819,2.76351030283807));
#2916=CARTESIAN_POINT('',(-2.49559062197223,0.148691821175541,2.7610742597202));
#2917=CARTESIAN_POINT('',(-2.49651894821304,0.132259088805013,2.75873396162273));
#2918=CARTESIAN_POINT('',(-2.49752212247368,0.1120213378372,2.75620996345505));
#2919=CARTESIAN_POINT('',(-2.4984773326781,0.0885415488939649,2.75381202908406));
#2920=CARTESIAN_POINT('',(-2.49926740763766,0.0623771000115465,2.75183252860938));
#2921=CARTESIAN_POINT('',(-2.49973206558057,0.0388177046984719,2.75066994487948));
#2922=CARTESIAN_POINT('',(-2.49995380149119,0.0183062160142795,2.75011549000727));
#2923=CARTESIAN_POINT('',(-2.499998976871,0.00623672947437942,2.7500025578441));
#2924=CARTESIAN_POINT('',(-2.50000085089886,-0.00466208923555834,2.74999787274542));
#2925=CARTESIAN_POINT('',(-2.49996966144849,-0.0151742686688889,2.75007584300429));
#2926=CARTESIAN_POINT('',(-2.49982725247258,-0.0308120447317927,2.7504319150465));
#2927=CARTESIAN_POINT('',(-2.49957612568913,-0.0469923946378682,2.75106007681346));
#2928=CARTESIAN_POINT('',(-2.49916889409077,-0.0654507295063636,2.75207937344362));
#2929=CARTESIAN_POINT('',(-2.49854739660242,-0.0862356781988978,2.75363652324017));
#2930=CARTESIAN_POINT('',(-2.49764048311458,-0.10943323063588,2.75591256590939));
#2931=CARTESIAN_POINT('',(-2.4965851757488,-0.131191620663208,2.75856679095372));
#2932=CARTESIAN_POINT('',(-2.49543487198986,-0.151388756100441,2.76146702921165));
#2933=CARTESIAN_POINT('',(-2.49419216677458,-0.170694164077842,2.76460778940843));
#2934=CARTESIAN_POINT('',(-2.49267453598293,-0.191674644961703,2.76845450164242));
#2935=CARTESIAN_POINT('',(-2.49053616618459,-0.217977364544396,2.77389465184911));
#2936=CARTESIAN_POINT('',(-2.48767088545497,-0.248783720846843,2.78122321187845));
#2937=CARTESIAN_POINT('',(-2.4839792533013,-0.283282497193947,2.79073869929202));
#2938=CARTESIAN_POINT('',(-2.48023651807635,-0.314192738686717,2.80047337663404));
#2939=CARTESIAN_POINT('',(-2.47669750606116,-0.340800613497246,2.80976064999651));
#2940=CARTESIAN_POINT('',(-2.47329563473324,-0.364697450445626,2.81875562358662));
#2941=CARTESIAN_POINT('',(-2.4695357195009,-0.389393856076302,2.82878246037363));
#2942=CARTESIAN_POINT('',(-2.46526425008983,-0.415580698661693,2.84029181991573));
#2943=CARTESIAN_POINT('',(-2.46109051266978,-0.439561703227654,2.851666249094));
#2944=CARTESIAN_POINT('',(-2.45710173061551,-0.461284191117623,2.86265628121116));
#2945=CARTESIAN_POINT('',(-2.45335842878268,-0.480794090276132,2.8730732567784));
#2946=CARTESIAN_POINT('',(-2.44948113327886,-0.50017198847663,2.88397795733234));
#2947=CARTESIAN_POINT('',(-2.44546418230329,-0.519455127258983,2.89540361510462));
#2948=CARTESIAN_POINT('',(-2.44132804583653,-0.538556990711574,2.90731029583403));
#2949=CARTESIAN_POINT('',(-2.4370941226323,-0.557399877734237,2.91965423753141));
#2950=CARTESIAN_POINT('',(-2.43279109605366,-0.575886571185613,2.93236827650525));
#2951=CARTESIAN_POINT('',(-2.42843231294915,-0.593994747964827,2.94542846503044));
#2952=CARTESIAN_POINT('',(-2.42402850266693,-0.611714562903478,2.95881806263663));
#2953=CARTESIAN_POINT('',(-2.41959469641686,-0.629019586675217,2.97250674402294));
#2954=CARTESIAN_POINT('',(-2.41514199590812,-0.645901156083888,2.98647496292261));
#2955=CARTESIAN_POINT('',(-2.41069276378891,-0.662309752380123,3.00066616965995));
#2956=CARTESIAN_POINT('',(-2.40625784496188,-0.678241618635987,3.01505772058072));
#2957=CARTESIAN_POINT('',(-2.40186104990602,-0.693647215395894,3.02958265367594));
#2958=CARTESIAN_POINT('',(-2.39750537365423,-0.708551787074817,3.04423957086487));
#2959=CARTESIAN_POINT('',(-2.39319356856904,-0.722978574536566,3.05902746895414));
#2960=CARTESIAN_POINT('',(-2.38890011734633,-0.737039116993909,3.07404579046657));
#2961=CARTESIAN_POINT('',(-2.38461293281471,-0.750792317837092,3.08935445240522));
#2962=CARTESIAN_POINT('',(-2.38032635656648,-0.764272088726113,3.10499560750677));
#2963=CARTESIAN_POINT('',(-2.37606075311121,-0.77743015720791,3.12091756710056));
#2964=CARTESIAN_POINT('',(-2.37182849685812,-0.790245908131156,3.13709476193438));
#2965=CARTESIAN_POINT('',(-2.36767312086474,-0.802607488383042,3.15337669256283));
#2966=CARTESIAN_POINT('',(-2.36361598797738,-0.814474972799848,3.169686837796));
#2967=CARTESIAN_POINT('',(-2.35928719334639,-0.826937265195294,3.18755352538178));
#2968=CARTESIAN_POINT('',(-2.35433635880527,-0.840944786188544,3.20863536073078));
#2969=CARTESIAN_POINT('',(-2.3488377701565,-0.856185980282513,3.23303365246438));
#2970=CARTESIAN_POINT('',(-2.34363554351291,-0.870308832764611,3.25725185393371));
#2971=CARTESIAN_POINT('',(-2.33942699210296,-0.881541372838664,3.2777508635081));
#2972=CARTESIAN_POINT('',(-2.33612095673284,-0.89025883795456,3.29444373728561));
#2973=CARTESIAN_POINT('',(-2.33329256764944,-0.897644478527728,3.30917884079225));
#2974=CARTESIAN_POINT('',(-2.33056889841308,-0.90469151792065,3.32383096235468));
#2975=CARTESIAN_POINT('',(-2.32793974349521,-0.911434778930984,3.33845083763933));
#2976=CARTESIAN_POINT('',(-2.32539082886502,-0.917917768653148,3.35312175843927));
#2977=CARTESIAN_POINT('',(-2.32265719910818,-0.924815186135499,3.36943162625414));
#2978=CARTESIAN_POINT('',(-2.31977435437047,-0.932024400942351,3.38740071169087));
#2979=CARTESIAN_POINT('',(-2.31678744171687,-0.939423161642693,3.40702805773832));
#2980=CARTESIAN_POINT('',(-2.31419883935254,-0.945778577041948,3.42501814429353));
#2981=CARTESIAN_POINT('',(-2.31196684405494,-0.951219289873535,3.44135599425685));
#2982=CARTESIAN_POINT('',(-2.3098396913712,-0.95637418905401,3.45767056966121));
#2983=CARTESIAN_POINT('',(-2.30762359309098,-0.961709761622108,3.47567558004041));
#2984=CARTESIAN_POINT('',(-2.30536426994437,-0.967112271051469,3.49537758669282));
#2985=CARTESIAN_POINT('',(-2.3034432807293,-0.971676838048282,3.51346251509928));
#2986=CARTESIAN_POINT('',(-2.30182067040293,-0.975513174013148,3.52988580707518));
#2987=CARTESIAN_POINT('',(-2.30045906665279,-0.978719483833219,3.54461388643002));
#2988=CARTESIAN_POINT('',(-2.29919333424956,-0.981688959170917,3.55931352430556));
#2989=CARTESIAN_POINT('',(-2.29802158954475,-0.984428510604551,3.57400353323591));
#2990=CARTESIAN_POINT('',(-2.29694206594437,-0.98694449005178,3.58870930183649));
#2991=CARTESIAN_POINT('',(-2.29595481629803,-0.989238779286492,3.60343730730009));
#2992=CARTESIAN_POINT('',(-2.2950607943947,-0.991310984436795,3.61818074373901));
#2993=CARTESIAN_POINT('',(-2.29426111823546,-0.993160164871016,3.63292594960826));
#2994=CARTESIAN_POINT('',(-2.29355668465657,-0.994785724974829,3.64765587624113));
#2995=CARTESIAN_POINT('',(-2.29294809290597,-0.996187582672066,3.66234953466883));
#2996=CARTESIAN_POINT('',(-2.2924353070744,-0.997366939719884,3.67698865555326));
#2997=CARTESIAN_POINT('',(-2.29201819512591,-0.998325035250429,3.69154016217893));
#2998=CARTESIAN_POINT('',(-2.29169504364722,-0.999066556186799,3.70600620851328));
#2999=CARTESIAN_POINT('',(-2.29146418148418,-0.999595905220088,3.72039034021162));
#3000=CARTESIAN_POINT('',(-2.29132386301389,-0.999917482022799,3.73472460170666));
#3001=CARTESIAN_POINT('',(-2.2912889162244,-0.999997551179387,3.74458757366965));
#3002=CARTESIAN_POINT('',(-2.29128691243349,-1.000002142455,3.75413435494886));
#3003=CARTESIAN_POINT('',(-2.29131478926178,-0.999938271714487,3.76369750474091));
#3004=CARTESIAN_POINT('',(-2.29144091458261,-0.999649236214243,3.77776224210434));
#3005=CARTESIAN_POINT('',(-2.29166146441662,-0.999143572396719,3.79221760878044));
#3006=CARTESIAN_POINT('',(-2.29197902233888,-0.998414963261762,3.8069315028279));
#3007=CARTESIAN_POINT('',(-2.29240348163803,-0.997440104500344,3.82206225084101));
#3008=CARTESIAN_POINT('',(-2.29295616481567,-0.996169076489801,3.83795517696333));
#3009=CARTESIAN_POINT('',(-2.2936527495401,-0.994564393598151,3.85459560205349));
#3010=CARTESIAN_POINT('',(-2.29452776017224,-0.992544365202505,3.87234335798537));
#3011=CARTESIAN_POINT('',(-2.29560639527996,-0.990047639442236,3.89119545109189));
#3012=CARTESIAN_POINT('',(-2.2969438236776,-0.986941576309991,3.91154681138777));
#3013=CARTESIAN_POINT('',(-2.29855247546852,-0.983190317065605,3.93304750515711));
#3014=CARTESIAN_POINT('',(-2.3005749811906,-0.978450558566059,3.95700879563725));
#3015=CARTESIAN_POINT('',(-2.30317140634272,-0.9723276835265,3.98428417383214));
#3016=CARTESIAN_POINT('',(-2.30726597502976,-0.962589218733372,4.02221778650023));
#3017=CARTESIAN_POINT('',(-2.31329003964746,-0.948062529281254,4.06986071198919));
#3018=CARTESIAN_POINT('',(-2.32171516098063,-0.92727744153267,4.12605751727518));
#3019=CARTESIAN_POINT('',(-2.33052104296786,-0.904918520745718,4.17669509973762));
#3020=CARTESIAN_POINT('',(-2.33884017657798,-0.88315755351814,4.21966671899937));
#3021=CARTESIAN_POINT('',(-2.34610862114869,-0.863664792985121,4.25455567816464));
#3022=CARTESIAN_POINT('',(-2.35312146850141,-0.844371018599176,4.28616787251922));
#3023=CARTESIAN_POINT('',(-2.35978573384765,-0.825550926215935,4.31463055131936));
#3024=CARTESIAN_POINT('',(-2.36592337267785,-0.807784588784969,4.33971615863795));
#3025=CARTESIAN_POINT('',(-2.37172160204245,-0.790597919549741,4.3625478746912));
#3026=CARTESIAN_POINT('',(-2.37740549325322,-0.773339818562771,4.38418911071435));
#3027=CARTESIAN_POINT('',(-2.3825942459272,-0.757188496682403,4.40334160462273));
#3028=CARTESIAN_POINT('',(-2.38731530556895,-0.742155347717999,4.42033226743783));
#3029=CARTESIAN_POINT('',(-2.39159813895185,-0.728238128215244,4.43542712737618));
#3030=CARTESIAN_POINT('',(-2.39589886084052,-0.713963974677673,4.45028396381307));
#3031=CARTESIAN_POINT('',(-2.40020299919568,-0.699359967144044,4.46486906334258));
#3032=CARTESIAN_POINT('',(-2.40449266264525,-0.684467972868597,4.47914003205074));
#3033=CARTESIAN_POINT('',(-2.40875721779926,-0.669307610443815,4.49308046702866));
#3034=CARTESIAN_POINT('',(-2.41299729335374,-0.653858653974013,4.50671034687653));
#3035=CARTESIAN_POINT('',(-2.4174305696923,-0.637286730173925,4.52073420472975));
#3036=CARTESIAN_POINT('',(-2.42226987116445,-0.61866968207871,4.53579040265622));
#3037=CARTESIAN_POINT('',(-2.42796412011744,-0.595993474047631,4.55318870004191));
#3038=CARTESIAN_POINT('',(-2.43450105862705,-0.568791073739587,4.57275414766966));
#3039=CARTESIAN_POINT('',(-2.44209460340697,-0.535380192103513,4.59497529596278));
#3040=CARTESIAN_POINT('',(-2.45042423248063,-0.496049114446191,4.6187674770935));
#3041=CARTESIAN_POINT('',(-2.45929371026622,-0.450210791313997,4.64347696604309));
#3042=CARTESIAN_POINT('',(-2.46796596476483,-0.4000966244423,4.6670631230381));
#3043=CARTESIAN_POINT('',(-2.47578346977919,-0.348430496754597,4.68787382112366));
#3044=CARTESIAN_POINT('',(-2.48230925181715,-0.298233813535031,4.70494695292767));
#3045=CARTESIAN_POINT('',(-2.48732443852232,-0.252673720046434,4.71789322281742));
#3046=CARTESIAN_POINT('',(-2.49105082356405,-0.212415797841493,4.72742095788907));
#3047=CARTESIAN_POINT('',(-2.49362911226221,-0.179226514820214,4.73396863573417));
#3048=CARTESIAN_POINT('',(-2.49543102155518,-0.15171377174856,4.73852399439951));
#3049=CARTESIAN_POINT('',(-2.4966520943498,-0.129846873465037,4.74160148572244));
#3050=CARTESIAN_POINT('',(-2.49755704829261,-0.110946189178025,4.74387738155488));
#3051=CARTESIAN_POINT('',(-2.49824725111987,-0.094082388859017,4.74561036407027));
#3052=CARTESIAN_POINT('',(-2.49880031264106,-0.077966086944335,4.74699719971821));
#3053=CARTESIAN_POINT('',(-2.4992310811597,-0.0626078533794343,4.74807627090484));
#3054=CARTESIAN_POINT('',(-2.49956026317492,-0.0476549565467032,4.74890021797994));
#3055=CARTESIAN_POINT('',(-2.49979707343941,-0.0329584484341755,4.74949260702015));
#3056=CARTESIAN_POINT('',(-2.49994686179625,-0.0183425004748773,4.74986715586859));
#3057=CARTESIAN_POINT('',(-2.49999536772621,-0.00737083343699522,4.74998841928051));
#3058=CARTESIAN_POINT('',(-2.50000391616992,0.00389859320309764,4.75000979032975));
#3059=CARTESIAN_POINT('',(-2.49996412393618,0.0167450853178528,4.74991031351472));
#3060=CARTESIAN_POINT('',(-2.49978312670455,0.0347629158723221,4.74945775255335));
#3061=CARTESIAN_POINT('',(-2.49946822341465,0.0524899658172815,4.74866993579362));
#3062=CARTESIAN_POINT('',(-2.49907059885001,0.0686837240624754,4.74767436561333));
#3063=CARTESIAN_POINT('',(-2.49862500404073,0.0833370268627534,4.74655774088923));
#3064=CARTESIAN_POINT('',(-2.49809131975447,0.098041464261229,4.74521898559378));
#3065=CARTESIAN_POINT('',(-2.49746957805829,0.112775507940096,4.74365742407576));
#3066=CARTESIAN_POINT('',(-2.49675999987718,0.127523404308328,4.74187272576798));
#3067=CARTESIAN_POINT('',(-2.49596285300719,0.142275062682438,4.73986454810433));
#3068=CARTESIAN_POINT('',(-2.49507845535099,0.157023094902781,4.73763254325735));
#3069=CARTESIAN_POINT('',(-2.49410678619764,0.171767588052331,4.73517537332896));
#3070=CARTESIAN_POINT('',(-2.49304737523018,0.186514596589717,4.73249041686729));
#3071=CARTESIAN_POINT('',(-2.49189512289123,0.201327240912788,4.72956312821669));
#3072=CARTESIAN_POINT('',(-2.49064443083016,0.21625446323303,4.72637738298856));
#3073=CARTESIAN_POINT('',(-2.48912928865881,0.233115854341329,4.72250690316964));
#3074=CARTESIAN_POINT('',(-2.48724099384038,0.252566252781503,4.71766557967287));
#3075=CARTESIAN_POINT('',(-2.48484158073152,0.27523114903588,4.71148355188464));
#3076=CARTESIAN_POINT('',(-2.48188338127104,0.300837086182864,4.70381625809328));
#3077=CARTESIAN_POINT('',(-2.47834520831652,0.328786413677002,4.69457658425612));
#3078=CARTESIAN_POINT('',(-2.47422872294336,0.35846243860844,4.68372649557107));
#3079=CARTESIAN_POINT('',(-2.47016864012335,0.385344696737854,4.67291206726638));
#3080=CARTESIAN_POINT('',(-2.46638568399381,0.408756074363492,4.66273326098191));
#3081=CARTESIAN_POINT('',(-2.46309057451907,0.42813885124871,4.65379063453821));
#3082=CARTESIAN_POINT('',(-2.4598459816965,0.446392096005282,4.64491052397081));
#3083=CARTESIAN_POINT('',(-2.45656123586909,0.464128504969262,4.63584314139433));
#3084=CARTESIAN_POINT('',(-2.45314943136544,0.481836559671364,4.62633880104997));
#3085=CARTESIAN_POINT('',(-2.44960659033227,0.49953573259943,4.61637329945691));
#3086=CARTESIAN_POINT('',(-2.44595123540825,0.517136224895536,4.60598501179355));
#3087=CARTESIAN_POINT('',(-2.44218102420792,0.534657049286752,4.59515316189014));
#3088=CARTESIAN_POINT('',(-2.43830537284083,0.55206220193195,4.5838896869027));
#3089=CARTESIAN_POINT('',(-2.43432051449795,0.569375255664264,4.5721669328355));
#3090=CARTESIAN_POINT('',(-2.43025153697897,0.586497770977489,4.56004167724451));
#3091=CARTESIAN_POINT('',(-2.42608594436525,0.603496693748588,4.54745951175588));
#3092=CARTESIAN_POINT('',(-2.42181137187531,0.620428794523443,4.53436215418835));
#3093=CARTESIAN_POINT('',(-2.41737291273212,0.637505174090904,4.5205529543676));
#3094=CARTESIAN_POINT('',(-2.41278349871924,0.654661928830125,4.50603650964049));
#3095=CARTESIAN_POINT('',(-2.40783533364186,0.672643901945468,4.49010419775686));
#3096=CARTESIAN_POINT('',(-2.40237564038242,0.691909976448925,4.47216495191238));
#3097=CARTESIAN_POINT('',(-2.39548807186956,0.71545573589529,4.44897689951542));
#3098=CARTESIAN_POINT('',(-2.386744034056,0.744201288747936,4.41853374112866));
#3099=CARTESIAN_POINT('',(-2.37621676307076,0.77719488949366,4.38004951321657));
#3100=CARTESIAN_POINT('',(-2.36597006973127,0.807769057786171,4.34017782443969));
#3101=CARTESIAN_POINT('',(-2.35776955210883,0.831296712941338,4.30617625058338));
#3102=CARTESIAN_POINT('',(-2.35227595481921,0.846669540494509,4.28227215969472));
#3103=CARTESIAN_POINT('',(-2.34843404275854,0.857255726476318,4.26498740543239));
#3104=CARTESIAN_POINT('',(-2.34529348893637,0.865808322791166,4.2504658236971));
#3105=CARTESIAN_POINT('',(-2.34230927542749,0.873847978143372,4.23628717406805));
#3106=CARTESIAN_POINT('',(-2.33939578949656,0.881617791449969,4.2220580031534));
#3107=CARTESIAN_POINT('',(-2.33647195026051,0.889337760637021,4.20735498085933));
#3108=CARTESIAN_POINT('',(-2.33348224268958,0.897153404259173,4.19183811319312));
#3109=CARTESIAN_POINT('',(-2.33044218072685,0.905021155108469,4.17550208497955));
#3110=CARTESIAN_POINT('',(-2.32671770473865,0.914563569429065,4.15470833887247));
#3111=CARTESIAN_POINT('',(-2.32185136254328,0.926868601464143,4.12601173511868));
#3112=CARTESIAN_POINT('',(-2.31601496626639,0.941362944340779,4.08838386083303));
#3113=CARTESIAN_POINT('',(-2.31053884580478,0.954708354670096,4.04850419796173));
#3114=CARTESIAN_POINT('',(-2.30641708021016,0.964605961327093,4.01428569438194));
#3115=CARTESIAN_POINT('',(-2.30356637778771,0.971387248791472,3.98786094602129));
#3116=CARTESIAN_POINT('',(-2.30156641049618,0.97611414738011,3.9675423050292));
#3117=CARTESIAN_POINT('',(-2.29994645738778,0.979923862116985,3.94961185287733));
#3118=CARTESIAN_POINT('',(-2.2986194486943,0.983031986319246,3.93365879528981));
#3119=CARTESIAN_POINT('',(-2.2974804648141,0.985690535981699,3.91877020920014));
#3120=CARTESIAN_POINT('',(-2.29651702232458,0.987932817840779,3.90507551179971));
#3121=CARTESIAN_POINT('',(-2.29567872501824,0.989879021583013,3.89210336917505));
#3122=CARTESIAN_POINT('',(-2.29494842888752,0.991570827882766,3.87975962301611));
#3123=CARTESIAN_POINT('',(-2.29430593766784,0.993056401185329,3.86783387944027));
#3124=CARTESIAN_POINT('',(-2.29375312170667,0.994332523405429,3.85650841793561));
#3125=CARTESIAN_POINT('',(-2.29327642799611,0.995431378402604,3.84567511980298));
#3126=CARTESIAN_POINT('',(-2.29286119318919,0.996387407037222,3.83514024205648));
#3127=CARTESIAN_POINT('',(-2.29249090451077,0.997239042875025,3.82451801385807));
#3128=CARTESIAN_POINT('',(-2.29212838728828,0.998072003265219,3.81250660074814));
#3129=CARTESIAN_POINT('',(-2.29180516506482,0.998813934399824,3.79937794033629));
#3130=CARTESIAN_POINT('',(-2.29154957275626,0.999400141821511,3.78550528431806));
#3131=CARTESIAN_POINT('',(-2.29140156667719,0.999739406403023,3.77367936621883));
#3132=CARTESIAN_POINT('',(-2.29132625893546,0.999911985811539,3.76402547290688));
#3133=CARTESIAN_POINT('',(-2.29129414650489,0.99998556737579,3.75666918448947));
#3134=CARTESIAN_POINT('',(-2.29128784725861,1.00000000029592,3.75210942848276));
#3135=CARTESIAN_POINT('',(-2.29128784747792,1.,3.75000000002326));
#3136=CARTESIAN_POINT('',(-7.93725393319377,1.,3.75));
#3137=CARTESIAN_POINT('',(-7.93725393319377,1.00000000000003,3.74999999920308));
#3138=CARTESIAN_POINT('',(-7.93725393383477,0.999999997301432,3.75809930613784));
#3139=CARTESIAN_POINT('',(-7.93727860213914,0.999804224869123,3.77423322492114));
#3140=CARTESIAN_POINT('',(-7.93738921389433,0.998925877795053,3.79837699092872));
#3141=CARTESIAN_POINT('',(-7.93757157965262,0.99747602311016,3.8223365200972));
#3142=CARTESIAN_POINT('',(-7.93782481080903,0.995459211093655,3.84618317403253));
#3143=CARTESIAN_POINT('',(-7.93814734939871,0.99288438696847,3.86987371607019));
#3144=CARTESIAN_POINT('',(-7.93853767119223,0.989759323134438,3.89339688779104));
#3145=CARTESIAN_POINT('',(-7.93899051029107,0.98612108183906,3.91657348047774));
#3146=CARTESIAN_POINT('',(-7.93950278938952,0.981988741242867,3.93940679907979));
#3147=CARTESIAN_POINT('',(-7.94006624248183,0.977423038351054,3.9616928242088));
#3148=CARTESIAN_POINT('',(-7.94067509336435,0.972464864893921,3.98339253807772));
#3149=CARTESIAN_POINT('',(-7.94131740135035,0.967206190289157,4.00428821431622));
#3150=CARTESIAN_POINT('',(-7.94199211047495,0.961650770518076,4.02453623098612));
#3151=CARTESIAN_POINT('',(-7.9426900968097,0.95586915127855,4.04402130925817));
#3152=CARTESIAN_POINT('',(-7.94340950293266,0.949872563088667,4.06283714024589));
#3153=CARTESIAN_POINT('',(-7.94413963947716,0.943746981576073,4.08084490334631));
#3154=CARTESIAN_POINT('',(-7.94488438062323,0.937457091813995,4.09825988424739));
#3155=CARTESIAN_POINT('',(-7.94564914848389,0.930953539780087,4.11528840105885));
#3156=CARTESIAN_POINT('',(-7.94644719356561,0.924117770175254,4.1322550448485));
#3157=CARTESIAN_POINT('',(-7.94729181316187,0.916827138508718,4.14943307322503));
#3158=CARTESIAN_POINT('',(-7.94818863838238,0.909021184181635,4.16690095789294));
#3159=CARTESIAN_POINT('',(-7.94918553973407,0.900265514385998,4.18551425038653));
#3160=CARTESIAN_POINT('',(-7.9503221117304,0.890179286652444,4.20582462041031));
#3161=CARTESIAN_POINT('',(-7.95181449196349,0.87676911844603,4.23126444320757));
#3162=CARTESIAN_POINT('',(-7.95363930281039,0.860085835612691,4.26061696794845));
#3163=CARTESIAN_POINT('',(-7.95576617441066,0.840193784643727,4.29272283310655));
#3164=CARTESIAN_POINT('',(-7.957714401775,0.821518022227385,4.32047174802672));
#3165=CARTESIAN_POINT('',(-7.95939357633573,0.805058946501195,4.34335065310326));
#3166=CARTESIAN_POINT('',(-7.96071590349705,0.791867702995811,4.36080551309638));
#3167=CARTESIAN_POINT('',(-7.96190883483127,0.779776771571905,4.37614659083481));
#3168=CARTESIAN_POINT('',(-7.96300450248055,0.768505766693785,4.3899218263959));
#3169=CARTESIAN_POINT('',(-7.96405913247126,0.757496820716222,4.40290878119043));
#3170=CARTESIAN_POINT('',(-7.96507119715601,0.746778939327897,4.41513624495139));
#3171=CARTESIAN_POINT('',(-7.96606143555134,0.736140556826316,4.42688898620635));
#3172=CARTESIAN_POINT('',(-7.96703827256122,0.725492753575271,4.43828846621901));
#3173=CARTESIAN_POINT('',(-7.96801164387242,0.71472360092435,4.44946410051359));
#3174=CARTESIAN_POINT('',(-7.96908807956669,0.702630942526117,4.46163065763603));
#3175=CARTESIAN_POINT('',(-7.97026852514516,0.689125469937153,4.47473889809641));
#3176=CARTESIAN_POINT('',(-7.97155478083213,0.674086056982689,4.48874844589634));
#3177=CARTESIAN_POINT('',(-7.97273504387339,0.659968917135985,4.50136641093103));
#3178=CARTESIAN_POINT('',(-7.97381037465978,0.646835399124044,4.51268330880812));
#3179=CARTESIAN_POINT('',(-7.97477995815602,0.634771124962083,4.52275380132986));
#3180=CARTESIAN_POINT('',(-7.97574790982575,0.622492295132147,4.53267919003808));
#3181=CARTESIAN_POINT('',(-7.97671099913938,0.610028247867728,4.54243244496823));
#3182=CARTESIAN_POINT('',(-7.97766731309475,0.597393021678763,4.55200084162832));
#3183=CARTESIAN_POINT('',(-7.97861457397835,0.584606631479744,4.56136850178472));
#3184=CARTESIAN_POINT('',(-7.97955155330388,0.571676120143327,4.57053033103789));
#3185=CARTESIAN_POINT('',(-7.98047681146105,0.558612218132146,4.57947930498552));
#3186=CARTESIAN_POINT('',(-7.98139082599777,0.545398564633983,4.58822679047852));
#3187=CARTESIAN_POINT('',(-7.9822943545627,0.532012850114316,4.59678616150021));
#3188=CARTESIAN_POINT('',(-7.98318783652951,0.518434755624631,4.60516705543938));
#3189=CARTESIAN_POINT('',(-7.98416848458946,0.503131848977731,4.61427780365423));
#3190=CARTESIAN_POINT('',(-7.98522728549921,0.486068735859094,4.62400835401272));
#3191=CARTESIAN_POINT('',(-7.98635297810045,0.467211327170778,4.63423240473795));
#3192=CARTESIAN_POINT('',(-7.98735402679559,0.449744584087399,4.64322316558621));
#3193=CARTESIAN_POINT('',(-7.98823733996617,0.433743972520478,4.65108361406746));
#3194=CARTESIAN_POINT('',(-7.98910198483822,0.417549957198059,4.65871958953194));
#3195=CARTESIAN_POINT('',(-7.9900323619934,0.399395604368684,4.66686541326677));
#3196=CARTESIAN_POINT('',(-7.99101968375226,0.379136854458913,4.67542897118429));
#3197=CARTESIAN_POINT('',(-7.99189909231148,0.360087512246366,4.68298851863541));
#3198=CARTESIAN_POINT('',(-7.99267799418495,0.342325426497972,4.68963452964494));
#3199=CARTESIAN_POINT('',(-7.99336621756896,0.325866518510787,4.69547041737627));
#3200=CARTESIAN_POINT('',(-7.99403377113926,0.309063908315392,4.70109723918193));
#3201=CARTESIAN_POINT('',(-7.99468185686717,0.291827440881109,4.70652876645915));
#3202=CARTESIAN_POINT('',(-7.99530732111401,0.274167972896629,4.71174203550898));
#3203=CARTESIAN_POINT('',(-7.99591096983497,0.255971059178994,4.71674716151659));
#3204=CARTESIAN_POINT('',(-7.99648543680637,0.237358662385755,4.72148664413669));
#3205=CARTESIAN_POINT('',(-7.9970280426453,0.218323659713777,4.72594239784565));
#3206=CARTESIAN_POINT('',(-7.99753305151727,0.198978323133846,4.7300714622619));
#3207=CARTESIAN_POINT('',(-7.9979995828855,0.17926049652169,4.73387073810714));
#3208=CARTESIAN_POINT('',(-7.99842265709668,0.159280011780855,4.73730362889286));
#3209=CARTESIAN_POINT('',(-7.99879974403738,0.13906787676182,4.74035347316827));
#3210=CARTESIAN_POINT('',(-7.99912763117103,0.118727218230016,4.74299788852661));
#3211=CARTESIAN_POINT('',(-7.99940484883096,0.0982935314218183,4.74522824790347));
#3212=CARTESIAN_POINT('',(-7.99962967529716,0.0778711993826825,4.74703348216292));
#3213=CARTESIAN_POINT('',(-7.99980157610252,0.0575458459523983,4.7484115851971));
#3214=CARTESIAN_POINT('',(-7.99992115736661,0.0373646575904419,4.74936915076652));
#3215=CARTESIAN_POINT('',(-7.9999865521414,0.0182056470952391,4.74989242400994));
#3216=CARTESIAN_POINT('',(-8.00000097624288,0.0048602223287557,4.75000780994012));
#3217=CARTESIAN_POINT('',(-7.99999871578142,-0.00848519961106973,4.74998972608717));
#3218=CARTESIAN_POINT('',(-7.9999759982232,-0.0227676466108879,4.74980799708924));
#3219=CARTESIAN_POINT('',(-7.99989351361577,-0.0428860248433835,4.74914786956069));
#3220=CARTESIAN_POINT('',(-7.99976008710207,-0.0630421214362396,4.74807914286396));
#3221=CARTESIAN_POINT('',(-7.9995758053983,-0.0831988776621372,4.74660121629686));
#3222=CARTESIAN_POINT('',(-7.99934257425678,-0.10320269240574,4.74472761046171));
#3223=CARTESIAN_POINT('',(-7.9990627496287,-0.122976840912519,4.74247509049333));
#3224=CARTESIAN_POINT('',(-7.99874068347289,-0.14237523519199,4.739876270512));
#3225=CARTESIAN_POINT('',(-7.99837808789898,-0.16145246694418,4.7369423315739));
#3226=CARTESIAN_POINT('',(-7.99797879561707,-0.180138049229251,4.7337014785118));
#3227=CARTESIAN_POINT('',(-7.99754450670018,-0.198472089358514,4.73016455179212));
#3228=CARTESIAN_POINT('',(-7.99708102881981,-0.216330568055845,4.72637595666468));
#3229=CARTESIAN_POINT('',(-7.9965889201182,-0.233805108031222,4.72233739092171));
#3230=CARTESIAN_POINT('',(-7.99607254858298,-0.250835939248188,4.71808185552976));
#3231=CARTESIAN_POINT('',(-7.99553207888522,-0.267501230540357,4.71360783760867));
#3232=CARTESIAN_POINT('',(-7.99497170479959,-0.28374921796835,4.70894733595507));
#3233=CARTESIAN_POINT('',(-7.99438913071577,-0.299709528960326,4.7040784401836));
#3234=CARTESIAN_POINT('',(-7.99378409001804,-0.315432511492472,4.69899576779231));
#3235=CARTESIAN_POINT('',(-7.99315437991791,-0.331003223463048,4.6936771894824));
#3236=CARTESIAN_POINT('',(-7.99243050775549,-0.348082614247227,4.68752850288332));
#3237=CARTESIAN_POINT('',(-7.99160342612744,-0.36661858410487,4.68045465981975));
#3238=CARTESIAN_POINT('',(-7.99066496105169,-0.386527946590469,4.67236058991718));
#3239=CARTESIAN_POINT('',(-7.98977414617207,-0.404482501267213,4.66460912563716));
#3240=CARTESIAN_POINT('',(-7.98894216073688,-0.4205615490318,4.65730998636843));
#3241=CARTESIAN_POINT('',(-7.9880912686578,-0.436452653459691,4.64979073827111));
#3242=CARTESIAN_POINT('',(-7.98712742434273,-0.453777181452457,4.64119843747659));
#3243=CARTESIAN_POINT('',(-7.98604316116776,-0.472472459480503,4.63142955525853));
#3244=CARTESIAN_POINT('',(-7.98502182098526,-0.489400887911506,4.62212423886647));
#3245=CARTESIAN_POINT('',(-7.98407411789302,-0.504601209043568,4.61340044747461));
#3246=CARTESIAN_POINT('',(-7.98320820795526,-0.518118829778949,4.60535671601875));
#3247=CARTESIAN_POINT('',(-7.98232987213743,-0.531477985217242,4.59712045272305));
#3248=CARTESIAN_POINT('',(-7.9814379914524,-0.544706922445337,4.58867544845685));
#3249=CARTESIAN_POINT('',(-7.98053194024875,-0.557823587012471,4.58000932477322));
#3250=CARTESIAN_POINT('',(-7.9796111174081,-0.570843887588375,4.5711092371798));
#3251=CARTESIAN_POINT('',(-7.97867763698303,-0.583745174841242,4.5619882692232));
#3252=CARTESIAN_POINT('',(-7.9777330307969,-0.596514616766181,4.55265413910634));
#3253=CARTESIAN_POINT('',(-7.97678021759561,-0.609122288763313,4.54312872989141));
#3254=CARTESIAN_POINT('',(-7.97582136424968,-0.621550118902541,4.53342710461141));
#3255=CARTESIAN_POINT('',(-7.9748598537103,-0.633766088026803,4.52357750701127));
#3256=CARTESIAN_POINT('',(-7.97379227851232,-0.647071423478693,4.51250162173572));
#3257=CARTESIAN_POINT('',(-7.9726189676579,-0.661382338232421,4.50014283903373));
#3258=CARTESIAN_POINT('',(-7.9713388002765,-0.676634412380781,4.4864141227992));
#3259=CARTESIAN_POINT('',(-7.97016238408014,-0.690339245039176,4.47356046602417));
#3260=CARTESIAN_POINT('',(-7.96908823142976,-0.702618974129331,4.46162227002093));
#3261=CARTESIAN_POINT('',(-7.9681147496798,-0.713573602716841,4.45063788448549));
#3262=CARTESIAN_POINT('',(-7.96713543200056,-0.724425471949215,4.4394125411727));
#3263=CARTESIAN_POINT('',(-7.96615140372248,-0.735166746411748,4.42794730908398));
#3264=CARTESIAN_POINT('',(-7.96516615189307,-0.745764967714663,4.41627150714787));
#3265=CARTESIAN_POINT('',(-7.9641823055574,-0.756198528317509,4.40440593565268));
#3266=CARTESIAN_POINT('',(-7.96320146855098,-0.766457540729129,4.39236001209383));
#3267=CARTESIAN_POINT('',(-7.962225076082,-0.776534214780206,4.38014150358309));
#3268=CARTESIAN_POINT('',(-7.96125393567374,-0.786427421354065,4.36775058438337));
#3269=CARTESIAN_POINT('',(-7.96028887080537,-0.79613580986387,4.35518752829471));
#3270=CARTESIAN_POINT('',(-7.95932950600429,-0.805669822834466,4.34243639590272));
#3271=CARTESIAN_POINT('',(-7.95827007476309,-0.816074292917739,4.328048319454));
#3272=CARTESIAN_POINT('',(-7.95711488171529,-0.827267579928426,4.31194442482799));
#3273=CARTESIAN_POINT('',(-7.95587180416855,-0.839136397042334,4.29406251859412));
#3274=CARTESIAN_POINT('',(-7.95475242237066,-0.849674647050286,4.27741986333464));
#3275=CARTESIAN_POINT('',(-7.95375438556291,-0.85896101848135,4.26212511391107));
#3276=CARTESIAN_POINT('',(-7.95287395648487,-0.867074032530499,4.24826539852401));
#3277=CARTESIAN_POINT('',(-7.95201084156727,-0.874953651866877,4.23429506511132));
#3278=CARTESIAN_POINT('',(-7.95116468622292,-0.882609399060913,4.22019839368748));
#3279=CARTESIAN_POINT('',(-7.95033504252834,-0.890051050198642,4.20595549193611));
#3280=CARTESIAN_POINT('',(-7.94943276758817,-0.898076916315848,4.18997311195019));
#3281=CARTESIAN_POINT('',(-7.94846849475229,-0.906573931467456,4.17222884456539));
#3282=CARTESIAN_POINT('',(-7.94745527853174,-0.915412294629331,4.1527071070235));
#3283=CARTESIAN_POINT('',(-7.94656522181866,-0.923102617736321,4.13470537704295));
#3284=CARTESIAN_POINT('',(-7.94578858988566,-0.929760868503874,4.11827847558298));
#3285=CARTESIAN_POINT('',(-7.94504020842513,-0.936136079307454,4.10180194817565));
#3286=CARTESIAN_POINT('',(-7.94425118036021,-0.942809665864243,4.08355609364678));
#3287=CARTESIAN_POINT('',(-7.94343449220209,-0.94966487355335,4.06350639383324));
#3288=CARTESIAN_POINT('',(-7.94272811233928,-0.955552250250014,4.04501668040324));
#3289=CARTESIAN_POINT('',(-7.9421211740508,-0.960582011896207,4.02814677017274));
#3290=CARTESIAN_POINT('',(-7.94160305432145,-0.964855814576248,4.01293765962217));
#3291=CARTESIAN_POINT('',(-7.9411129631092,-0.968880824108043,3.99769461639421));
#3292=CARTESIAN_POINT('',(-7.94065019105973,-0.972665968899613,3.98238728767581));
#3293=CARTESIAN_POINT('',(-7.94021456824732,-0.976215444842025,3.96699499254936));
#3294=CARTESIAN_POINT('',(-7.9398062719223,-0.979530406420052,3.9515043783251));
#3295=CARTESIAN_POINT('',(-7.93942652358732,-0.982603389677443,3.93594236449473));
#3296=CARTESIAN_POINT('',(-7.93903717541173,-0.98574446060806,3.91859069337411));
#3297=CARTESIAN_POINT('',(-7.93861770607871,-0.989117386671014,3.89776548446088));
#3298=CARTESIAN_POINT('',(-7.93820122280793,-0.992453940583156,3.87353886144363));
#3299=CARTESIAN_POINT('',(-7.93786583060008,-0.995132031528159,3.84946445876221));
#3300=CARTESIAN_POINT('',(-7.93763941289708,-0.996935900579051,3.82891485266798));
#3301=CARTESIAN_POINT('',(-7.9374896978844,-0.998127046392335,3.81181944915857));
#3302=CARTESIAN_POINT('',(-7.93738462437989,-0.998962209173931,3.79641061113302));
#3303=CARTESIAN_POINT('',(-7.9373092951025,-0.99956051773337,3.78096279137469));
#3304=CARTESIAN_POINT('',(-7.93726400345483,-0.999920074622157,3.76548685807952));
#3305=CARTESIAN_POINT('',(-7.93725389631095,-1.00000029274831,3.75512212075376));
#3306=CARTESIAN_POINT('',(-7.93725397070328,-0.999999702277246,3.74471456686864));
#3307=CARTESIAN_POINT('',(-7.93726440899055,-0.999916855983034,3.7342617354513));
#3308=CARTESIAN_POINT('',(-7.93731074978385,-0.999548967917757,3.71864429733978));
#3309=CARTESIAN_POINT('',(-7.93738772312124,-0.998937591343733,3.70304372862214));
#3310=CARTESIAN_POINT('',(-7.93749523834604,-0.998082992837976,3.68745753221907));
#3311=CARTESIAN_POINT('',(-7.93763326938506,-0.9969847449112,3.67187955747717));
#3312=CARTESIAN_POINT('',(-7.93780194150076,-0.995641031366775,3.65629485773528));
#3313=CARTESIAN_POINT('',(-7.93802364088183,-0.993872233294812,3.63895619160974));
#3314=CARTESIAN_POINT('',(-7.9383121170028,-0.991566069108882,3.61982723829146));
#3315=CARTESIAN_POINT('',(-7.93868310359358,-0.988591950775775,3.59888420404952));
#3316=CARTESIAN_POINT('',(-7.9390743792572,-0.985444838814081,3.57966225981253));
#3317=CARTESIAN_POINT('',(-7.93947007112073,-0.982251511072847,3.56220492199891));
#3318=CARTESIAN_POINT('',(-7.93985589159924,-0.979128177367426,3.54654735621343));
#3319=CARTESIAN_POINT('',(-7.94027087197142,-0.975757450809816,3.5309517990427));
#3320=CARTESIAN_POINT('',(-7.94071408557985,-0.972144291937496,3.51543672552938));
#3321=CARTESIAN_POINT('',(-7.94118545342009,-0.968286603186626,3.4999890375627));
#3322=CARTESIAN_POINT('',(-7.94168528546301,-0.964178868239871,3.48458710541375));
#3323=CARTESIAN_POINT('',(-7.94221410243361,-0.959813515776455,3.46920915721933));
#3324=CARTESIAN_POINT('',(-7.94283363686248,-0.95467492973707,3.45215193822167));
#3325=CARTESIAN_POINT('',(-7.94355394292097,-0.948665520423678,3.43347746868601));
#3326=CARTESIAN_POINT('',(-7.9443853073811,-0.941679130171906,3.41326173499346));
#3327=CARTESIAN_POINT('',(-7.94518598826368,-0.934898236226506,3.39491997988737));
#3328=CARTESIAN_POINT('',(-7.94594237104234,-0.928445815673152,3.37841869010698));
#3329=CARTESIAN_POINT('',(-7.94664423775371,-0.922419693553275,3.36370202620546));
#3330=CARTESIAN_POINT('',(-7.94736835953065,-0.916160408221763,3.34908296855185));
#3331=CARTESIAN_POINT('',(-7.9481145153183,-0.90966500332139,3.33455559300088));
#3332=CARTESIAN_POINT('',(-7.94888169061532,-0.902937247776042,3.32012934064967));
#3333=CARTESIAN_POINT('',(-7.94966850667958,-0.895984082656956,3.30581891827988));
#3334=CARTESIAN_POINT('',(-7.95047349547064,-0.888813293524931,3.29163883114047));
#3335=CARTESIAN_POINT('',(-7.95129534946805,-0.881431318685321,3.27759919302302));
#3336=CARTESIAN_POINT('',(-7.95213346356698,-0.873838294248712,3.26369746457822));
#3337=CARTESIAN_POINT('',(-7.95298873709611,-0.866020417507244,3.24990751063333));
#3338=CARTESIAN_POINT('',(-7.95386159990623,-0.857967473540376,3.23621383546855));
#3339=CARTESIAN_POINT('',(-7.95485174091323,-0.848744043602788,3.2210859853999));
#3340=CARTESIAN_POINT('',(-7.95596216633723,-0.838278843276682,3.20461975959359));
#3341=CARTESIAN_POINT('',(-7.95719466866651,-0.826499312533515,3.18692893709857));
#3342=CARTESIAN_POINT('',(-7.95833868155619,-0.815404508895558,3.17100947802495));
#3343=CARTESIAN_POINT('',(-7.95938650010822,-0.805106153792917,3.15679959540229));
#3344=CARTESIAN_POINT('',(-7.96033387361328,-0.795685229953265,3.14422203345405));
#3345=CARTESIAN_POINT('',(-7.96128608907609,-0.786101310106352,3.13183636899634));
#3346=CARTESIAN_POINT('',(-7.96224401885112,-0.776339386710353,3.1196202909592));
#3347=CARTESIAN_POINT('',(-7.96320746044325,-0.766394704802268,3.10756669498388));
#3348=CARTESIAN_POINT('',(-7.96417682535283,-0.75625572335378,3.09566153503697));
#3349=CARTESIAN_POINT('',(-7.9651514216059,-0.745921879345243,3.08390512981807));
#3350=CARTESIAN_POINT('',(-7.96613117400137,-0.735385706105113,3.07229066001429));
#3351=CARTESIAN_POINT('',(-7.96711385195027,-0.724662811971467,3.06083679335125));
#3352=CARTESIAN_POINT('',(-7.96813249317198,-0.713378946749514,3.04915663264512));
#3353=CARTESIAN_POINT('',(-7.96922035565014,-0.701129971828547,3.03688932058551));
#3354=CARTESIAN_POINT('',(-7.97055549448764,-0.68581468341061,3.02209835572078));
#3355=CARTESIAN_POINT('',(-7.9721018316741,-0.667633392986016,3.00533902358243));
#3356=CARTESIAN_POINT('',(-7.97382482210048,-0.64673724522085,2.98711768665543));
#3357=CARTESIAN_POINT('',(-7.97536872650804,-0.627383937571663,2.97116771682569));
#3358=CARTESIAN_POINT('',(-7.97669358080656,-0.610272283705534,2.95773564127119));
#3359=CARTESIAN_POINT('',(-7.97776108030205,-0.59614556363571,2.94706473458239));
#3360=CARTESIAN_POINT('',(-7.97874845426638,-0.582777325344985,2.937315929736));
#3361=CARTESIAN_POINT('',(-7.97968962932493,-0.569746380157667,2.92812787728545));
#3362=CARTESIAN_POINT('',(-7.98061887466852,-0.556579705763595,2.9191549467905));
#3363=CARTESIAN_POINT('',(-7.98153455950233,-0.543291580494841,2.9104057443043));
#3364=CARTESIAN_POINT('',(-7.9824371143277,-0.529866623830348,2.90186929581912));
#3365=CARTESIAN_POINT('',(-7.98332725361157,-0.516283371404224,2.89353259465634));
#3366=CARTESIAN_POINT('',(-7.98420556192836,-0.502519470031626,2.88538457821635));
#3367=CARTESIAN_POINT('',(-7.98507098673825,-0.488576687171453,2.87742966879453));
#3368=CARTESIAN_POINT('',(-7.98592139775138,-0.474475145096467,2.86968199181868));
#3369=CARTESIAN_POINT('',(-7.98675439477969,-0.46024185933409,2.86215776525645));
#3370=CARTESIAN_POINT('',(-7.98756784576365,-0.445902562718284,2.85487040799629));
#3371=CARTESIAN_POINT('',(-7.98835974153326,-0.431484058201719,2.84783200923192));
#3372=CARTESIAN_POINT('',(-7.98912950421598,-0.416989563314663,2.84104189105648));
#3373=CARTESIAN_POINT('',(-7.98996491779921,-0.400699585632929,2.83372580076878));
#3374=CARTESIAN_POINT('',(-7.99086120247249,-0.382455729507182,2.82594071885984));
#3375=CARTESIAN_POINT('',(-7.99180909597762,-0.362116939378172,2.81778027244324));
#3376=CARTESIAN_POINT('',(-7.99265051078337,-0.343005205852641,2.81059752720779));
#3377=CARTESIAN_POINT('',(-7.99339343583387,-0.325192380255268,2.80429975725531));
#3378=CARTESIAN_POINT('',(-7.99404815785954,-0.308685985887292,2.79878204520388));
#3379=CARTESIAN_POINT('',(-7.99468127713954,-0.29183598699353,2.79347628968569));
#3380=CARTESIAN_POINT('',(-7.99529392347148,-0.27454856111445,2.78836955920649));
#3381=CARTESIAN_POINT('',(-7.99588291468255,-0.256835201808647,2.7834850800406));
#3382=CARTESIAN_POINT('',(-7.99644886626074,-0.238578483469748,2.7788145073558));
#3383=CARTESIAN_POINT('',(-7.99698448174331,-0.21990551867598,2.77441465696139));
#3384=CARTESIAN_POINT('',(-7.99748697319762,-0.200812196187082,2.77030464307554));
#3385=CARTESIAN_POINT('',(-7.99795063361733,-0.181420657081889,2.76652726715735));
#3386=CARTESIAN_POINT('',(-7.99842286854023,-0.159416600796118,2.76269394282226));
#3387=CARTESIAN_POINT('',(-7.99887784436357,-0.134888022457483,2.75901506234637));
#3388=CARTESIAN_POINT('',(-7.99928763190612,-0.107898019511997,2.75571361082038));
#3389=CARTESIAN_POINT('',(-7.99958108622998,-0.0830229810493226,2.75335626525345));
#3390=CARTESIAN_POINT('',(-7.99978110981107,-0.0603447846285868,2.75175238674685));
#3391=CARTESIAN_POINT('',(-7.99990874339658,-0.0399719833968602,2.75073021228061));
#3392=CARTESIAN_POINT('',(-7.99998362430584,-0.0198688213903334,2.75013099328024));
#3393=CARTESIAN_POINT('',(-8.00000018468827,-0.00641093171465766,2.74999852249427));
#3394=CARTESIAN_POINT('',(-7.99999980740947,0.00699184702391361,2.75000154073011));
#3395=CARTESIAN_POINT('',(-7.99998206250397,0.0205369830963936,2.75014348671353));
#3396=CARTESIAN_POINT('',(-7.99990506820738,0.040674673170961,2.75075963257082));
#3397=CARTESIAN_POINT('',(-7.99977686768333,0.0608826582954081,2.75178638413716));
#3398=CARTESIAN_POINT('',(-7.99959714700412,0.0811329744737755,2.75322750914624));
#3399=CARTESIAN_POINT('',(-7.9993659711082,0.101393557727123,2.75508426049064));
#3400=CARTESIAN_POINT('',(-7.99903709480123,0.124984285298739,2.75773112294554));
#3401=CARTESIAN_POINT('',(-7.99852351197179,0.155020425114959,2.76187672942572));
#3402=CARTESIAN_POINT('',(-7.99773318343231,0.191832251658754,2.76828929145696));
#3403=CARTESIAN_POINT('',(-7.99674868659512,0.229002977590522,2.77633992638705));
#3404=CARTESIAN_POINT('',(-7.99579618929289,0.25974920023085,2.78419800481701));
#3405=CARTESIAN_POINT('',(-7.99499927859283,0.28303960635821,2.79082105161275));
#3406=CARTESIAN_POINT('',(-7.99433472544805,0.301178292609806,2.79637679919323));
#3407=CARTESIAN_POINT('',(-7.99369482487557,0.317687334452273,2.80175634291325));
#3408=CARTESIAN_POINT('',(-7.99305916952778,0.333295143259073,2.80712949267007));
#3409=CARTESIAN_POINT('',(-7.99239978557464,0.348747081067868,2.81273532102801));
#3410=CARTESIAN_POINT('',(-7.99171871078065,0.364017948709351,2.81856050498768));
#3411=CARTESIAN_POINT('',(-7.99101648976975,0.379118273891621,2.82460442854721));
#3412=CARTESIAN_POINT('',(-7.99029551872279,0.39401880758066,2.83085053569306));
#3413=CARTESIAN_POINT('',(-7.98955663896218,0.408724712930253,2.83729559046366));
#3414=CARTESIAN_POINT('',(-7.98880222293207,0.423211762725869,2.84392284527143));
#3415=CARTESIAN_POINT('',(-7.98803152305372,0.437515574173478,2.85074289667976));
#3416=CARTESIAN_POINT('',(-7.98724070519763,0.451722343698074,2.85779429590859));
#3417=CARTESIAN_POINT('',(-7.98642510025604,0.465920344562618,2.86512467924561));
#3418=CARTESIAN_POINT('',(-7.98548026626169,0.481871733717976,2.87368778853361));
#3419=CARTESIAN_POINT('',(-7.98439268089959,0.499599472022275,2.88364689123058));
#3420=CARTESIAN_POINT('',(-7.98314956556865,0.519086794663736,2.89517637939843));
#3421=CARTESIAN_POINT('',(-7.98183904621203,0.538867508454594,2.90749902829235));
#3422=CARTESIAN_POINT('',(-7.98045970936063,0.558927871527441,2.9206637731149));
#3423=CARTESIAN_POINT('',(-7.97901033259232,0.579252427930536,2.93472397454744));
#3424=CARTESIAN_POINT('',(-7.97762384870371,0.59801895701447,2.94841242198639));
#3425=CARTESIAN_POINT('',(-7.97631747270352,0.615175611404142,2.96152728538081));
#3426=CARTESIAN_POINT('',(-7.97510302795153,0.630723508656602,2.97390684834557));
#3427=CARTESIAN_POINT('',(-7.97387002061703,0.646123714796796,2.98667910374643));
#3428=CARTESIAN_POINT('',(-7.97262249654191,0.661337228331541,2.99982140787612));
#3429=CARTESIAN_POINT('',(-7.97137022680408,0.676261764097286,3.01324762042701));
#3430=CARTESIAN_POINT('',(-7.97011485156729,0.690897741163396,3.02695501923637));
#3431=CARTESIAN_POINT('',(-7.96885471032136,0.705282303265181,3.04097805771373));
#3432=CARTESIAN_POINT('',(-7.96758218518722,0.719514796783558,3.05542311692825));
#3433=CARTESIAN_POINT('',(-7.96629513500374,0.733626870561259,3.07034238023758));
#3434=CARTESIAN_POINT('',(-7.96484669914449,0.749204230604335,3.0875088660264));
#3435=CARTESIAN_POINT('',(-7.96324669581138,0.766037186697043,3.10699700014706));
#3436=CARTESIAN_POINT('',(-7.96150571702118,0.783920440358066,3.12892254456774));
#3437=CARTESIAN_POINT('',(-7.95992689873483,0.79977396948705,3.14952638369307));
#3438=CARTESIAN_POINT('',(-7.95851714045663,0.813667860500286,3.16854287631458));
#3439=CARTESIAN_POINT('',(-7.95728112405568,0.825665637557947,3.18571174665028));
#3440=CARTESIAN_POINT('',(-7.95607449043975,0.837210705007676,3.20298937166141));
#3441=CARTESIAN_POINT('',(-7.95490640922349,0.848235342167699,3.22025007931451));
#3442=CARTESIAN_POINT('',(-7.95377965139537,0.858734155342118,3.23744970417271));
#3443=CARTESIAN_POINT('',(-7.95270403733086,0.868636698553093,3.25442349887696));
#3444=CARTESIAN_POINT('',(-7.95167410318909,0.878013033765635,3.27123744977804));
#3445=CARTESIAN_POINT('',(-7.95069327593023,0.886849134247447,3.2878158866003));
#3446=CARTESIAN_POINT('',(-7.94975681726119,0.895203133151542,3.30421833612326));
#3447=CARTESIAN_POINT('',(-7.9488703709289,0.903038929622538,3.32031985398953));
#3448=CARTESIAN_POINT('',(-7.94802735667212,0.910427602047377,3.33621107336137));
#3449=CARTESIAN_POINT('',(-7.94722924729365,0.917367239192285,3.35183784498943));
#3450=CARTESIAN_POINT('',(-7.94647062109534,0.923914625252022,3.36728177244679));
#3451=CARTESIAN_POINT('',(-7.94575254358524,0.930069123052389,3.38249544610581));
#3452=CARTESIAN_POINT('',(-7.94506808728936,0.935897394758099,3.39760499503788));
#3453=CARTESIAN_POINT('',(-7.94434250397906,0.942038063862871,3.41431994387652));
#3454=CARTESIAN_POINT('',(-7.94358361396713,0.948416919680179,3.43273790380314));
#3455=CARTESIAN_POINT('',(-7.94280548597694,0.954910603933018,3.45285717284696));
#3456=CARTESIAN_POINT('',(-7.94213939319716,0.960432472107333,3.47128566572059));
#3457=CARTESIAN_POINT('',(-7.94157303927203,0.965102705698373,3.48797557352191));
#3458=CARTESIAN_POINT('',(-7.94109507955732,0.969027243206385,3.50288720178822));
#3459=CARTESIAN_POINT('',(-7.94064663102314,0.97269487325183,3.51774559291965));
#3460=CARTESIAN_POINT('',(-7.9402268523089,0.976115371653515,3.53257036120296));
#3461=CARTESIAN_POINT('',(-7.93983472892591,0.97929957411188,3.54739520456462));
#3462=CARTESIAN_POINT('',(-7.9394704941279,0.982247923187619,3.5622107360711));
#3463=CARTESIAN_POINT('',(-7.93913411893565,0.98496280269051,3.57701598601071));
#3464=CARTESIAN_POINT('',(-7.93882598527622,0.98744309419463,3.59178938007716));
#3465=CARTESIAN_POINT('',(-7.93854611489422,0.989690413881356,3.60652032237963));
#3466=CARTESIAN_POINT('',(-7.93829471169448,0.991704738454439,3.62118148427122));
#3467=CARTESIAN_POINT('',(-7.93807144877563,0.99349011935011,3.63576868181519));
#3468=CARTESIAN_POINT('',(-7.93787622563948,0.99504860830416,3.65025765156462));
#3469=CARTESIAN_POINT('',(-7.93770839148617,0.996386471625121,3.66465855359658));
#3470=CARTESIAN_POINT('',(-7.93755191582803,0.997632230538678,3.68054978542267));
#3471=CARTESIAN_POINT('',(-7.93741708230494,0.998704352382643,3.69794718356425));
#3472=CARTESIAN_POINT('',(-7.93731554720363,0.999510894906401,3.71687370403471));
#3473=CARTESIAN_POINT('',(-7.93726382894387,0.999921458850676,3.73421646379485));
#3474=CARTESIAN_POINT('',(-7.93725393281877,1.00000000157875,3.74526176386488));
#3475=CARTESIAN_POINT('',(-7.93725393319377,1.00000000000003,3.74999999920308));
#3476=CARTESIAN_POINT('',(3.67394039744206E-16,3.,0.));
#3477=AXIS2_PLACEMENT_3D('',#3478,#3479,#3480);
#3478=CARTESIAN_POINT('',(0.,0.,0.));
#3479=DIRECTION('',(0.,0.,-1.));
#3480=DIRECTION('',(-1.22464679914735E-16,1.,0.));
#3481=CARTESIAN_POINT('',(-3.06161699786838E-16,2.5,0.5));
#3482=CARTESIAN_POINT('',(-3.06161699786838E-16,-2.5,0.5));
#3483=AXIS2_PLACEMENT_3D('',#3484,#3485,#3486);
#3484=CARTESIAN_POINT('',(0.,0.,0.5));
#3485=DIRECTION('',(0.,0.,1.));
#3486=DIRECTION('',(-1.22464679914735E-16,1.,0.));
#3487=AXIS2_PLACEMENT_3D('',#3488,#3489,#3490);
#3488=CARTESIAN_POINT('',(0.,0.,0.5));
#3489=DIRECTION('',(0.,0.,1.));
#3490=DIRECTION('',(0.,-1.,0.));
#3491=CARTESIAN_POINT('',(-9.18485099360515E-16,7.5,0.));
#3492=AXIS2_PLACEMENT_3D('',#3493,#3494,#3495);
#3493=CARTESIAN_POINT('',(0.,0.,0.));
#3494=DIRECTION('',(0.,0.,1.));
#3495=DIRECTION('',(1.22464679914735E-16,1.,0.));
#3496=CARTESIAN_POINT('',(-3.06161699786838E-16,-2.5,15.5));
#3497=CARTESIAN_POINT('',(3.06161699786838E-16,2.5,15.5));
#3498=AXIS2_PLACEMENT_3D('',#3499,#3500,#3501);
#3499=CARTESIAN_POINT('',(0.,0.,15.5));
#3500=DIRECTION('',(0.,0.,-1.));
#3501=DIRECTION('',(-2.44929359829471E-16,-1.,0.));
#3502=AXIS2_PLACEMENT_3D('',#3503,#3504,#3505);
#3503=CARTESIAN_POINT('',(0.,0.,15.5));
#3504=DIRECTION('',(0.,0.,-1.));
#3505=DIRECTION('',(3.67394039744206E-16,1.,0.));
#3506=CARTESIAN_POINT('',(9.79717439317883E-16,8.,0.5));
#3507=CARTESIAN_POINT('',(-9.79717439317883E-16,-8.,0.5));
#3508=AXIS2_PLACEMENT_3D('',#3509,#3510,#3511);
#3509=CARTESIAN_POINT('',(0.,0.,0.5));
#3510=DIRECTION('',(0.,0.,-1.));
#3511=DIRECTION('',(3.67394039744206E-16,1.,0.));
#3512=AXIS2_PLACEMENT_3D('',#3513,#3514,#3515);
#3513=CARTESIAN_POINT('',(0.,0.,0.5));
#3514=DIRECTION('',(0.,0.,-1.));
#3515=DIRECTION('',(-2.44929359829471E-16,-1.,0.));
#3516=CARTESIAN_POINT('',(0.,8.,7.48205080756888));
#3517=CARTESIAN_POINT('',(-9.79717439317883E-16,-8.,7.48205080756888));
#3518=AXIS2_PLACEMENT_3D('',#3519,#3520,#3521);
#3519=CARTESIAN_POINT('',(0.,0.,7.48205080756888));
#3520=DIRECTION('',(0.,0.,-1.));
#3521=DIRECTION('',(0.,1.,0.));
#3522=AXIS2_PLACEMENT_3D('',#3523,#3524,#3525);
#3523=CARTESIAN_POINT('',(0.,0.,7.48205080756888));
#3524=DIRECTION('',(0.,0.,-1.));
#3525=DIRECTION('',(-1.22464679914735E-16,-1.,0.));
#3526=CARTESIAN_POINT('',(-3.67394039744206E-16,3.,16.));
#3527=AXIS2_PLACEMENT_3D('',#3528,#3529,#3530);
#3528=CARTESIAN_POINT('',(0.,0.,16.));
#3529=DIRECTION('',(0.,0.,1.));
#3530=DIRECTION('',(1.22464679914735E-16,1.,0.));
#3531=CARTESIAN_POINT('',(0.,7.,16.));
#3532=CARTESIAN_POINT('',(-8.57252759403147E-16,-7.,16.));
#3533=AXIS2_PLACEMENT_3D('',#3534,#3535,#3536);
#3534=CARTESIAN_POINT('',(0.,0.,16.));
#3535=DIRECTION('',(0.,0.,-1.));
#3536=DIRECTION('',(-1.83697019872103E-16,1.,0.));
#3537=AXIS2_PLACEMENT_3D('',#3538,#3539,#3540);
#3538=CARTESIAN_POINT('',(0.,0.,16.));
#3539=DIRECTION('',(0.,0.,-1.));
#3540=DIRECTION('',(-1.60812264967664E-16,-1.,0.));
#3541=CARTESIAN_POINT('',(-9.79717439317883E-16,-8.,16.2679491924311));
#3542=CARTESIAN_POINT('',(0.,8.,16.2679491924311));
#3543=AXIS2_PLACEMENT_3D('',#3544,#3545,#3546);
#3544=CARTESIAN_POINT('',(0.,0.,16.2679491924311));
#3545=DIRECTION('',(0.,0.,-1.));
#3546=DIRECTION('',(-1.22464679914735E-16,-1.,0.));
#3547=AXIS2_PLACEMENT_3D('',#3548,#3549,#3550);
#3548=CARTESIAN_POINT('',(0.,0.,16.2679491924311));
#3549=DIRECTION('',(0.,0.,-1.));
#3550=DIRECTION('',(0.,1.,0.));
#3551=CARTESIAN_POINT('',(-9.79717439317883E-16,-8.,15.5179491924311));
#3552=CARTESIAN_POINT('',(0.,8.,15.5179491924311));
#3553=AXIS2_PLACEMENT_3D('',#3554,#3555,#3556);
#3554=CARTESIAN_POINT('',(0.,0.,15.5179491924312));
#3555=DIRECTION('',(0.,0.,-1.));
#3556=DIRECTION('',(-3.67394039744206E-16,-1.,0.));
#3557=AXIS2_PLACEMENT_3D('',#3558,#3559,#3560);
#3558=CARTESIAN_POINT('',(0.,0.,15.5179491924312));
#3559=DIRECTION('',(0.,0.,-1.));
#3560=DIRECTION('',(2.44929359829471E-16,1.,0.));
#3561=CARTESIAN_POINT('',(0.,7.,7.75));
#3562=CARTESIAN_POINT('',(-8.57252759403147E-16,-7.,7.75));
#3563=AXIS2_PLACEMENT_3D('',#3564,#3565,#3566);
#3564=CARTESIAN_POINT('',(0.,0.,7.75));
#3565=DIRECTION('',(0.,0.,-1.));
#3566=DIRECTION('',(-1.83697019872103E-16,1.,0.));
#3567=AXIS2_PLACEMENT_3D('',#3568,#3569,#3570);
#3568=CARTESIAN_POINT('',(0.,0.,7.75));
#3569=DIRECTION('',(0.,0.,-1.));
#3570=DIRECTION('',(-1.60812264967664E-16,-1.,0.));
ENDSEC;
END-ISO-10303-21;
