ISO-10303-21;
HEADER;
FILE_DESCRIPTION(('STEP AP203'),
    '1');
FILE_NAME('??????????_???',
    '2025-11-21T16:39:38',
    (''),
    (''),
    'C3D Converter',
    'C3D Toolkit',
    '');
/**/
FILE_SCHEMA(('CONFIG_CONTROL_DESIGN'));
ENDSEC;

DATA;
#1=PRODUCT_DEFINITION('','UNSPECIFIED',#28,#31);
#2=SHAPE_DEFINITION_REPRESENTATION(#26,#3);
#3=SHAPE_REPRESENTATION('NONE',(#4),#8);
#4=AXIS2_PLACEMENT_3D('',#5,#6,#7);
#5=CARTESIAN_POINT('',(0.,0.,0.));
#6=DIRECTION('',(0.,0.,1.));
#7=DIRECTION('',(1.,0.,0.));
#8=(GEOMETRIC_REPRESENTATION_CONTEXT(3)GLOBAL_UNCERTAINTY_ASSIGNED_CONTEXT((#10))
GLOBAL_UNIT_ASSIGNED_CONTEXT((#9,#11,#12))REPRESENTATION_CONTEXT('NONE','NONE'));
#9=(LENGTH_UNIT()NAMED_UNIT(*)SI_UNIT(.MILLI.,.METRE.));
#10=UNCERTAINTY_MEASURE_WITH_UNIT(LENGTH_MEASURE(1.E-5),#9,'NONE','NONE');
#11=(NAMED_UNIT(*)PLANE_ANGLE_UNIT()SI_UNIT($,.RADIAN.));
#12=(NAMED_UNIT(*)SI_UNIT($,.STERADIAN.)SOLID_ANGLE_UNIT());
#13=MANIFOLD_SOLID_BREP('',#14);
#14=CLOSED_SHELL('',(#53,#54,#55,#56,#57,#58,#59,#60,#61,#62,#63,#64,#65,#66,#67,
#68,#69,#70,#71,#72,#73,#74,#75,#76,#77,#78,#79,#80,#81,#82,#83,#84,#85,#86,#87,
#88,#89,#90,#91,#92,#93,#94,#95,#96,#97,#98,#99,#100,#101,#102,#103,#104,#105,#106,
#107,#108,#109,#110,#111,#112,#113,#114,#115,#116,#117,#118,#119,#120,#121,#122,
#123,#124,#125,#126,#127,#128,#129,#130,#131,#132,#133,#134,#135,#136,#137,#138,
#139,#140,#141,#142,#143,#144,#145,#146,#147,#148,#149,#150));
#15=COLOUR_RGB('',0.298039215686275,0.6,0.);
#16=FILL_AREA_STYLE_COLOUR('',#15);
#17=FILL_AREA_STYLE($,(#16));
#18=SURFACE_STYLE_FILL_AREA(#17);
#19=SURFACE_SIDE_STYLE('',(#18));
#20=SURFACE_STYLE_USAGE(.BOTH.,#19);
#21=PRESENTATION_STYLE_ASSIGNMENT((#20));
#22=MECHANICAL_DESIGN_GEOMETRIC_PRESENTATION_REPRESENTATION('NONE',(#23),#8);
#23=STYLED_ITEM('',(#21),#13);
#24=ADVANCED_BREP_SHAPE_REPRESENTATION('NONE',(#13),#8);
#25=SHAPE_REPRESENTATION_RELATIONSHIP('','',#3,#24);
#26=PRODUCT_DEFINITION_SHAPE('NONE','NONE',#1);
#27=MECHANICAL_CONTEXT('NONE',#32,'mechanical');
#28=PRODUCT_DEFINITION_FORMATION_WITH_SPECIFIED_SOURCE('ANY','UNSPECIFIED',#29,.NOT_KNOWN.);
#29=PRODUCT('','\X2\042804350441044204350440043D044F\X0\','NONE',(#27));
#30=PRODUCT_RELATED_PRODUCT_CATEGORY('detail','',(#29));
#31=DESIGN_CONTEXT('detailed design',#32,'design');
#32=APPLICATION_CONTEXT('configuration controlled 3d designs of mechanical parts and assemblies');
#33=APPLICATION_PROTOCOL_DEFINITION('international standard','config_control_design',
1994,#32);
#34=CC_DESIGN_DATE_AND_TIME_ASSIGNMENT(#35,#39,(#1));
#35=DATE_AND_TIME(#36,#37);
#36=CALENDAR_DATE(0,1,1);
#37=LOCAL_TIME(0,0,0.,#38);
#38=COORDINATED_UNIVERSAL_TIME_OFFSET(0,0,.AHEAD.);
#39=DATE_TIME_ROLE('creation_date');
#40=CC_DESIGN_APPROVAL(#41,(#1));
#41=APPROVAL(#42,'UNSPECIFIED');
#42=APPROVAL_STATUS('not_yet_approved');
#43=APPROVAL_DATE_TIME(#44,#41);
#44=DATE_AND_TIME(#45,#46);
#45=CALENDAR_DATE(0,1,1);
#46=LOCAL_TIME(0,0,0.,#47);
#47=COORDINATED_UNIVERSAL_TIME_OFFSET(0,0,.AHEAD.);
#48=PERSON('UNSPECIFIED','UNSPECIFIED','UNSPECIFIED',('UNSPECIFIED'),('UNSPECIFIED'),
('UNSPECIFIED'));
#49=ORGANIZATION('UNSPECIFIED','UNSPECIFIED','UNSPECIFIED');
#50=PERSON_AND_ORGANIZATION(#48,#49);
#51=PERSON_AND_ORGANIZATION_ROLE('creator');
#52=CC_DESIGN_PERSON_AND_ORGANIZATION_ASSIGNMENT(#50,#51,(#28,#1));
#53=ADVANCED_FACE('',(#151),#153,.T.);
#54=ADVANCED_FACE('',(#158),#160,.T.);
#55=ADVANCED_FACE('',(#165),#167,.T.);
#56=ADVANCED_FACE('',(#172),#174,.T.);
#57=ADVANCED_FACE('',(#179),#181,.T.);
#58=ADVANCED_FACE('',(#186),#188,.T.);
#59=ADVANCED_FACE('',(#193),#195,.T.);
#60=ADVANCED_FACE('',(#200),#202,.T.);
#61=ADVANCED_FACE('',(#207),#209,.T.);
#62=ADVANCED_FACE('',(#214),#216,.T.);
#63=ADVANCED_FACE('',(#221),#223,.T.);
#64=ADVANCED_FACE('',(#228),#230,.T.);
#65=ADVANCED_FACE('',(#235),#237,.T.);
#66=ADVANCED_FACE('',(#242),#244,.T.);
#67=ADVANCED_FACE('',(#249),#251,.T.);
#68=ADVANCED_FACE('',(#256),#258,.T.);
#69=ADVANCED_FACE('',(#263),#265,.T.);
#70=ADVANCED_FACE('',(#270),#272,.F.);
#71=ADVANCED_FACE('',(#277),#279,.F.);
#72=ADVANCED_FACE('',(#283),#285,.F.);
#73=ADVANCED_FACE('',(#289),#291,.F.);
#74=ADVANCED_FACE('',(#295),#297,.T.);
#75=ADVANCED_FACE('',(#302),#304,.F.);
#76=ADVANCED_FACE('',(#308),#310,.F.);
#77=ADVANCED_FACE('',(#314),#316,.F.);
#78=ADVANCED_FACE('',(#320),#322,.F.);
#79=ADVANCED_FACE('',(#326),#328,.T.);
#80=ADVANCED_FACE('',(#333),#335,.F.);
#81=ADVANCED_FACE('',(#339),#341,.F.);
#82=ADVANCED_FACE('',(#345),#347,.F.);
#83=ADVANCED_FACE('',(#351),#353,.F.);
#84=ADVANCED_FACE('',(#357),#359,.T.);
#85=ADVANCED_FACE('',(#364),#366,.F.);
#86=ADVANCED_FACE('',(#370),#372,.F.);
#87=ADVANCED_FACE('',(#376),#378,.F.);
#88=ADVANCED_FACE('',(#382),#384,.F.);
#89=ADVANCED_FACE('',(#388),#390,.T.);
#90=ADVANCED_FACE('',(#395),#397,.F.);
#91=ADVANCED_FACE('',(#401),#403,.F.);
#92=ADVANCED_FACE('',(#407),#409,.F.);
#93=ADVANCED_FACE('',(#413),#415,.F.);
#94=ADVANCED_FACE('',(#419),#421,.T.);
#95=ADVANCED_FACE('',(#426),#428,.F.);
#96=ADVANCED_FACE('',(#432),#434,.F.);
#97=ADVANCED_FACE('',(#438),#440,.F.);
#98=ADVANCED_FACE('',(#444),#446,.F.);
#99=ADVANCED_FACE('',(#450),#452,.T.);
#100=ADVANCED_FACE('',(#457),#459,.F.);
#101=ADVANCED_FACE('',(#463),#465,.F.);
#102=ADVANCED_FACE('',(#469),#471,.F.);
#103=ADVANCED_FACE('',(#475),#477,.F.);
#104=ADVANCED_FACE('',(#481),#483,.T.);
#105=ADVANCED_FACE('',(#488),#490,.F.);
#106=ADVANCED_FACE('',(#494),#496,.F.);
#107=ADVANCED_FACE('',(#500),#502,.F.);
#108=ADVANCED_FACE('',(#506),#508,.F.);
#109=ADVANCED_FACE('',(#512),#514,.T.);
#110=ADVANCED_FACE('',(#519),#521,.F.);
#111=ADVANCED_FACE('',(#525),#527,.F.);
#112=ADVANCED_FACE('',(#531),#533,.F.);
#113=ADVANCED_FACE('',(#537),#539,.F.);
#114=ADVANCED_FACE('',(#543),#545,.T.);
#115=ADVANCED_FACE('',(#550),#552,.F.);
#116=ADVANCED_FACE('',(#556),#558,.F.);
#117=ADVANCED_FACE('',(#562),#564,.F.);
#118=ADVANCED_FACE('',(#568),#570,.F.);
#119=ADVANCED_FACE('',(#574),#576,.T.);
#120=ADVANCED_FACE('',(#581),#583,.F.);
#121=ADVANCED_FACE('',(#587),#589,.F.);
#122=ADVANCED_FACE('',(#593),#595,.F.);
#123=ADVANCED_FACE('',(#599),#601,.F.);
#124=ADVANCED_FACE('',(#605),#607,.T.);
#125=ADVANCED_FACE('',(#612),#614,.F.);
#126=ADVANCED_FACE('',(#618),#620,.F.);
#127=ADVANCED_FACE('',(#624),#626,.F.);
#128=ADVANCED_FACE('',(#630),#632,.F.);
#129=ADVANCED_FACE('',(#636),#638,.T.);
#130=ADVANCED_FACE('',(#643),#645,.F.);
#131=ADVANCED_FACE('',(#649),#651,.F.);
#132=ADVANCED_FACE('',(#655),#657,.F.);
#133=ADVANCED_FACE('',(#661),#663,.F.);
#134=ADVANCED_FACE('',(#667),#669,.T.);
#135=ADVANCED_FACE('',(#674),#676,.F.);
#136=ADVANCED_FACE('',(#680),#682,.F.);
#137=ADVANCED_FACE('',(#686),#688,.F.);
#138=ADVANCED_FACE('',(#692),#694,.F.);
#139=ADVANCED_FACE('',(#698),#700,.T.);
#140=ADVANCED_FACE('',(#705),#707,.F.);
#141=ADVANCED_FACE('',(#711),#713,.F.);
#142=ADVANCED_FACE('',(#717),#719,.F.);
#143=ADVANCED_FACE('',(#723),#725,.F.);
#144=ADVANCED_FACE('',(#729),#731,.T.);
#145=ADVANCED_FACE('',(#736),#738,.F.);
#146=ADVANCED_FACE('',(#742),#744,.F.);
#147=ADVANCED_FACE('',(#748),#750,.F.);
#148=ADVANCED_FACE('',(#754),#756,.F.);
#149=ADVANCED_FACE('',(#760),#762,.T.);
#150=ADVANCED_FACE('',(#767),#769,.F.);
#151=FACE_BOUND('',#152,.T.);
#152=EDGE_LOOP('',(#773,#774,#775,#776));
#153=CYLINDRICAL_SURFACE('',#154,18.8575);
#154=AXIS2_PLACEMENT_3D('',#155,#156,#157);
#155=CARTESIAN_POINT('',(0.,0.,0.));
#156=DIRECTION('',(0.,1.,6.12323399573677E-17));
#157=DIRECTION('',(0.,6.12323399573677E-17,-1.));
#158=FACE_BOUND('',#159,.T.);
#159=EDGE_LOOP('',(#777,#778,#779,#780));
#160=CYLINDRICAL_SURFACE('',#161,18.8575);
#161=AXIS2_PLACEMENT_3D('',#162,#163,#164);
#162=CARTESIAN_POINT('',(0.,0.,0.));
#163=DIRECTION('',(0.,1.,6.12323399573677E-17));
#164=DIRECTION('',(0.,6.12323399573677E-17,-1.));
#165=FACE_BOUND('',#166,.T.);
#166=EDGE_LOOP('',(#781,#782,#783,#784));
#167=CYLINDRICAL_SURFACE('',#168,18.8575);
#168=AXIS2_PLACEMENT_3D('',#169,#170,#171);
#169=CARTESIAN_POINT('',(0.,0.,0.));
#170=DIRECTION('',(0.,1.,6.12323399573677E-17));
#171=DIRECTION('',(0.,6.12323399573677E-17,-1.));
#172=FACE_BOUND('',#173,.T.);
#173=EDGE_LOOP('',(#785,#786,#787,#788));
#174=CYLINDRICAL_SURFACE('',#175,18.8575);
#175=AXIS2_PLACEMENT_3D('',#176,#177,#178);
#176=CARTESIAN_POINT('',(0.,0.,0.));
#177=DIRECTION('',(0.,1.,6.12323399573677E-17));
#178=DIRECTION('',(0.,6.12323399573677E-17,-1.));
#179=FACE_BOUND('',#180,.T.);
#180=EDGE_LOOP('',(#789,#790,#791,#792));
#181=CYLINDRICAL_SURFACE('',#182,18.8575);
#182=AXIS2_PLACEMENT_3D('',#183,#184,#185);
#183=CARTESIAN_POINT('',(0.,0.,0.));
#184=DIRECTION('',(0.,1.,6.12323399573677E-17));
#185=DIRECTION('',(0.,6.12323399573677E-17,-1.));
#186=FACE_BOUND('',#187,.T.);
#187=EDGE_LOOP('',(#793,#794,#795,#796));
#188=CYLINDRICAL_SURFACE('',#189,18.8575);
#189=AXIS2_PLACEMENT_3D('',#190,#191,#192);
#190=CARTESIAN_POINT('',(0.,0.,0.));
#191=DIRECTION('',(0.,1.,6.12323399573677E-17));
#192=DIRECTION('',(0.,6.12323399573677E-17,-1.));
#193=FACE_BOUND('',#194,.T.);
#194=EDGE_LOOP('',(#797,#798,#799,#800));
#195=CYLINDRICAL_SURFACE('',#196,18.8575);
#196=AXIS2_PLACEMENT_3D('',#197,#198,#199);
#197=CARTESIAN_POINT('',(0.,0.,0.));
#198=DIRECTION('',(0.,1.,6.12323399573677E-17));
#199=DIRECTION('',(0.,6.12323399573677E-17,-1.));
#200=FACE_BOUND('',#201,.T.);
#201=EDGE_LOOP('',(#801,#802,#803,#804));
#202=CYLINDRICAL_SURFACE('',#203,18.8575);
#203=AXIS2_PLACEMENT_3D('',#204,#205,#206);
#204=CARTESIAN_POINT('',(0.,0.,0.));
#205=DIRECTION('',(0.,1.,6.12323399573677E-17));
#206=DIRECTION('',(0.,6.12323399573677E-17,-1.));
#207=FACE_BOUND('',#208,.T.);
#208=EDGE_LOOP('',(#805,#806,#807,#808));
#209=CYLINDRICAL_SURFACE('',#210,18.8575);
#210=AXIS2_PLACEMENT_3D('',#211,#212,#213);
#211=CARTESIAN_POINT('',(0.,0.,0.));
#212=DIRECTION('',(0.,1.,6.12323399573677E-17));
#213=DIRECTION('',(0.,6.12323399573677E-17,-1.));
#214=FACE_BOUND('',#215,.T.);
#215=EDGE_LOOP('',(#809,#810,#811,#812));
#216=CYLINDRICAL_SURFACE('',#217,18.8575);
#217=AXIS2_PLACEMENT_3D('',#218,#219,#220);
#218=CARTESIAN_POINT('',(0.,0.,0.));
#219=DIRECTION('',(0.,1.,6.12323399573677E-17));
#220=DIRECTION('',(0.,6.12323399573677E-17,-1.));
#221=FACE_BOUND('',#222,.T.);
#222=EDGE_LOOP('',(#813,#814,#815,#816));
#223=CYLINDRICAL_SURFACE('',#224,18.8575);
#224=AXIS2_PLACEMENT_3D('',#225,#226,#227);
#225=CARTESIAN_POINT('',(0.,0.,0.));
#226=DIRECTION('',(0.,1.,6.12323399573677E-17));
#227=DIRECTION('',(0.,6.12323399573677E-17,-1.));
#228=FACE_BOUND('',#229,.T.);
#229=EDGE_LOOP('',(#817,#818,#819,#820));
#230=CYLINDRICAL_SURFACE('',#231,18.8575);
#231=AXIS2_PLACEMENT_3D('',#232,#233,#234);
#232=CARTESIAN_POINT('',(0.,0.,0.));
#233=DIRECTION('',(0.,1.,6.12323399573677E-17));
#234=DIRECTION('',(0.,6.12323399573677E-17,-1.));
#235=FACE_BOUND('',#236,.T.);
#236=EDGE_LOOP('',(#821,#822,#823,#824));
#237=CYLINDRICAL_SURFACE('',#238,18.8575);
#238=AXIS2_PLACEMENT_3D('',#239,#240,#241);
#239=CARTESIAN_POINT('',(0.,0.,0.));
#240=DIRECTION('',(0.,1.,6.12323399573677E-17));
#241=DIRECTION('',(0.,6.12323399573677E-17,-1.));
#242=FACE_BOUND('',#243,.T.);
#243=EDGE_LOOP('',(#825,#826,#827,#828));
#244=CYLINDRICAL_SURFACE('',#245,18.8575);
#245=AXIS2_PLACEMENT_3D('',#246,#247,#248);
#246=CARTESIAN_POINT('',(0.,0.,0.));
#247=DIRECTION('',(0.,1.,6.12323399573677E-17));
#248=DIRECTION('',(0.,6.12323399573677E-17,-1.));
#249=FACE_BOUND('',#250,.T.);
#250=EDGE_LOOP('',(#829,#830,#831,#832));
#251=CYLINDRICAL_SURFACE('',#252,18.8575);
#252=AXIS2_PLACEMENT_3D('',#253,#254,#255);
#253=CARTESIAN_POINT('',(0.,0.,0.));
#254=DIRECTION('',(0.,1.,6.12323399573677E-17));
#255=DIRECTION('',(0.,6.12323399573677E-17,-1.));
#256=FACE_BOUND('',#257,.T.);
#257=EDGE_LOOP('',(#833,#834,#835,#836));
#258=CYLINDRICAL_SURFACE('',#259,18.8575);
#259=AXIS2_PLACEMENT_3D('',#260,#261,#262);
#260=CARTESIAN_POINT('',(0.,0.,0.));
#261=DIRECTION('',(0.,1.,6.12323399573677E-17));
#262=DIRECTION('',(0.,6.12323399573677E-17,-1.));
#263=FACE_BOUND('',#264,.T.);
#264=EDGE_LOOP('',(#837,#838,#839,#840,#841,#842,#843,#844,#845,#846,#847,#848,#849,
#850,#851,#852,#853,#854,#855,#856,#857,#858,#859,#860,#861,#862,#863,#864,#865,
#866,#867,#868,#869,#870,#871,#872,#873,#874,#875,#876,#877,#878,#879,#880,#881,
#882,#883,#884,#885,#886,#887,#888,#889,#890,#891,#892,#893,#894,#895,#896,#897,
#898,#899,#900,#901,#902,#903,#904,#905,#906,#907,#908,#909,#910,#911,#912,#913,
#914,#915,#916,#917,#918,#919,#920,#921,#922,#923,#924,#925,#926,#927,#928,#929,
#930,#931,#932));
#265=PLANE('',#266);
#266=AXIS2_PLACEMENT_3D('',#267,#268,#269);
#267=CARTESIAN_POINT('',(0.,8.5,5.20474889637625E-16));
#268=DIRECTION('',(0.,1.,6.12323399573677E-17));
#269=DIRECTION('',(0.,6.12323399573677E-17,-1.));
#270=FACE_BOUND('',#271,.T.);
#271=EDGE_LOOP('',(#933,#934,#935,#936,#937,#938,#939,#940,#941,#942,#943,#944,#945,
#946,#947,#948,#949,#950,#951,#952,#953,#954,#955,#956,#957,#958,#959,#960,#961,
#962,#963,#964,#965,#966,#967,#968,#969,#970,#971,#972,#973,#974,#975,#976,#977,
#978,#979,#980,#981,#982,#983,#984,#985,#986,#987,#988,#989,#990,#991,#992,#993,
#994,#995,#996,#997,#998,#999,#1000,#1001,#1002,#1003,#1004,#1005,#1006,#1007,#1008,
#1009,#1010,#1011,#1012,#1013,#1014,#1015,#1016,#1017,#1018,#1019,#1020,#1021,#1022,
#1023,#1024,#1025,#1026,#1027,#1028));
#272=PLANE('',#273);
#273=AXIS2_PLACEMENT_3D('',#274,#275,#276);
#274=CARTESIAN_POINT('',(0.,0.,0.));
#275=DIRECTION('',(0.,1.,6.12323399573677E-17));
#276=DIRECTION('',(0.,6.12323399573677E-17,-1.));
#277=FACE_BOUND('',#278,.T.);
#278=EDGE_LOOP('',(#1029,#1030,#1031,#1032));
#279=SURFACE_OF_LINEAR_EXTRUSION('',#280,#281);
#280=B_SPLINE_CURVE_WITH_KNOTS('',3,
(#1033,#1034,#1035,#1036,#1037,#1038,#1039,#1040,#1041,#1042,#1043,#1044,#1045,#1046),
.UNSPECIFIED.,.F.,.F.,
(4,2,2,2,2,2,4),
(0.,0.181399745120123,0.356916252132472,0.52654726049908,0.690288101976372,0.848126326942389,
1.),
.UNSPECIFIED.);
#281=VECTOR('',#282,8.5);
#282=DIRECTION('',(-2.90022391625372E-33,1.,6.12323399573677E-17));
#283=FACE_BOUND('',#284,.T.);
#284=EDGE_LOOP('',(#1047,#1048,#1049,#1050));
#285=SURFACE_OF_LINEAR_EXTRUSION('',#286,#287);
#286=B_SPLINE_CURVE_WITH_KNOTS('',3,
(#1051,#1052,#1053,#1054,#1055,#1056,#1057,#1058,#1059,#1060,#1061,#1062,#1063,#1064),
.UNSPECIFIED.,.F.,.F.,
(4,2,2,2,2,2,4),
(0.,0.151873673057609,0.309711898023625,0.473452739500917,0.643083747867525,0.818600254879874,
1.),
.UNSPECIFIED.);
#287=VECTOR('',#288,8.5);
#288=DIRECTION('',(-2.90022391625372E-33,1.,6.12323399573677E-17));
#289=FACE_BOUND('',#290,.T.);
#290=EDGE_LOOP('',(#1065,#1066,#1067,#1068));
#291=SURFACE_OF_LINEAR_EXTRUSION('',#292,#293);
#292=B_SPLINE_CURVE_WITH_KNOTS('',3,
(#1069,#1070,#1071,#1072,#1073,#1074,#1075,#1076,#1077,#1078,#1079,#1080,#1081,#1082),
.UNSPECIFIED.,.F.,.F.,
(4,2,2,2,2,2,4),
(0.,0.141895947390416,0.285150472087398,0.431792201926248,0.586000151900127,0.759337653973225,
1.),
.UNSPECIFIED.);
#293=VECTOR('',#294,8.5);
#294=DIRECTION('',(-2.90022391625372E-33,1.,6.12323399573677E-17));
#295=FACE_BOUND('',#296,.T.);
#296=EDGE_LOOP('',(#1083,#1084,#1085,#1086));
#297=CYLINDRICAL_SURFACE('',#298,14.5);
#298=AXIS2_PLACEMENT_3D('',#299,#300,#301);
#299=CARTESIAN_POINT('',(0.,0.,0.));
#300=DIRECTION('',(0.,-1.,-6.12323399573677E-17));
#301=DIRECTION('',(-0.826973436493213,-3.44273316826034E-17,0.562240994000443));
#302=FACE_BOUND('',#303,.T.);
#303=EDGE_LOOP('',(#1087,#1088,#1089,#1090));
#304=SURFACE_OF_LINEAR_EXTRUSION('',#305,#306);
#305=B_SPLINE_CURVE_WITH_KNOTS('',3,
(#1091,#1092,#1093,#1094,#1095,#1096,#1097,#1098,#1099,#1100,#1101,#1102,#1103,#1104),
.UNSPECIFIED.,.F.,.F.,
(4,2,2,2,2,2,4),
(0.,0.240662346026774,0.413999848099871,0.568207798073753,0.714849527912603,0.858104052609583,
1.),
.UNSPECIFIED.);
#306=VECTOR('',#307,8.5);
#307=DIRECTION('',(-2.90022391625372E-33,1.,6.12323399573677E-17));
#308=FACE_BOUND('',#309,.T.);
#309=EDGE_LOOP('',(#1105,#1106,#1107,#1108));
#310=SURFACE_OF_LINEAR_EXTRUSION('',#311,#312);
#311=B_SPLINE_CURVE_WITH_KNOTS('',3,
(#1109,#1110,#1111,#1112,#1113,#1114,#1115,#1116,#1117,#1118,#1119,#1120,#1121,#1122),
.UNSPECIFIED.,.F.,.F.,
(4,2,2,2,2,2,4),
(0.,0.181399745120123,0.356916252132472,0.52654726049908,0.690288101976372,0.848126326942389,
1.),
.UNSPECIFIED.);
#312=VECTOR('',#313,8.5);
#313=DIRECTION('',(0.,1.,6.12323399573677E-17));
#314=FACE_BOUND('',#315,.T.);
#315=EDGE_LOOP('',(#1123,#1124,#1125,#1126));
#316=SURFACE_OF_LINEAR_EXTRUSION('',#317,#318);
#317=B_SPLINE_CURVE_WITH_KNOTS('',3,
(#1127,#1128,#1129,#1130,#1131,#1132,#1133,#1134,#1135,#1136,#1137,#1138,#1139,#1140),
.UNSPECIFIED.,.F.,.F.,
(4,2,2,2,2,2,4),
(0.,0.151873673057609,0.309711898023625,0.473452739500917,0.643083747867525,0.818600254879874,
1.),
.UNSPECIFIED.);
#318=VECTOR('',#319,8.5);
#319=DIRECTION('',(0.,1.,6.12323399573677E-17));
#320=FACE_BOUND('',#321,.T.);
#321=EDGE_LOOP('',(#1141,#1142,#1143,#1144));
#322=SURFACE_OF_LINEAR_EXTRUSION('',#323,#324);
#323=B_SPLINE_CURVE_WITH_KNOTS('',3,
(#1145,#1146,#1147,#1148,#1149,#1150,#1151,#1152,#1153,#1154,#1155,#1156,#1157,#1158),
.UNSPECIFIED.,.F.,.F.,
(4,2,2,2,2,2,4),
(0.,0.141895947390416,0.285150472087398,0.431792201926248,0.586000151900127,0.759337653973225,
1.),
.UNSPECIFIED.);
#324=VECTOR('',#325,8.5);
#325=DIRECTION('',(0.,1.,6.12323399573677E-17));
#326=FACE_BOUND('',#327,.T.);
#327=EDGE_LOOP('',(#1159,#1160,#1161,#1162));
#328=CYLINDRICAL_SURFACE('',#329,14.5);
#329=AXIS2_PLACEMENT_3D('',#330,#331,#332);
#330=CARTESIAN_POINT('',(0.,0.,0.));
#331=DIRECTION('',(0.,-1.,-6.12323399573677E-17));
#332=DIRECTION('',(-0.548863518506152,-5.11848465244759E-17,0.835911979847786));
#333=FACE_BOUND('',#334,.T.);
#334=EDGE_LOOP('',(#1163,#1164,#1165,#1166));
#335=SURFACE_OF_LINEAR_EXTRUSION('',#336,#337);
#336=B_SPLINE_CURVE_WITH_KNOTS('',3,
(#1167,#1168,#1169,#1170,#1171,#1172,#1173,#1174,#1175,#1176,#1177,#1178,#1179,#1180),
.UNSPECIFIED.,.F.,.F.,
(4,2,2,2,2,2,4),
(0.,0.240662346026774,0.413999848099871,0.568207798073753,0.714849527912603,0.858104052609583,
1.),
.UNSPECIFIED.);
#337=VECTOR('',#338,8.5);
#338=DIRECTION('',(0.,1.,6.12323399573677E-17));
#339=FACE_BOUND('',#340,.T.);
#340=EDGE_LOOP('',(#1181,#1182,#1183,#1184));
#341=SURFACE_OF_LINEAR_EXTRUSION('',#342,#343);
#342=B_SPLINE_CURVE_WITH_KNOTS('',3,
(#1185,#1186,#1187,#1188,#1189,#1190,#1191,#1192,#1193,#1194,#1195,#1196,#1197,#1198),
.UNSPECIFIED.,.F.,.F.,
(4,2,2,2,2,2,4),
(0.,0.181399745120123,0.356916252132472,0.52654726049908,0.690288101976372,0.848126326942389,
1.),
.UNSPECIFIED.);
#343=VECTOR('',#344,8.5);
#344=DIRECTION('',(-1.16008956650149E-32,1.,6.12323399573677E-17));
#345=FACE_BOUND('',#346,.T.);
#346=EDGE_LOOP('',(#1199,#1200,#1201,#1202));
#347=SURFACE_OF_LINEAR_EXTRUSION('',#348,#349);
#348=B_SPLINE_CURVE_WITH_KNOTS('',3,
(#1203,#1204,#1205,#1206,#1207,#1208,#1209,#1210,#1211,#1212,#1213,#1214,#1215,#1216),
.UNSPECIFIED.,.F.,.F.,
(4,2,2,2,2,2,4),
(0.,0.151873673057609,0.309711898023625,0.473452739500917,0.643083747867525,0.818600254879874,
1.),
.UNSPECIFIED.);
#349=VECTOR('',#350,8.5);
#350=DIRECTION('',(-1.16008956650149E-32,1.,6.12323399573677E-17));
#351=FACE_BOUND('',#352,.T.);
#352=EDGE_LOOP('',(#1217,#1218,#1219,#1220));
#353=SURFACE_OF_LINEAR_EXTRUSION('',#354,#355);
#354=B_SPLINE_CURVE_WITH_KNOTS('',3,
(#1221,#1222,#1223,#1224,#1225,#1226,#1227,#1228,#1229,#1230,#1231,#1232,#1233,#1234),
.UNSPECIFIED.,.F.,.F.,
(4,2,2,2,2,2,4),
(0.,0.141895947390416,0.285150472087398,0.431792201926248,0.586000151900127,0.759337653973225,
1.),
.UNSPECIFIED.);
#355=VECTOR('',#356,8.5);
#356=DIRECTION('',(-1.16008956650149E-32,1.,6.12323399573677E-17));
#357=FACE_BOUND('',#358,.T.);
#358=EDGE_LOOP('',(#1235,#1236,#1237,#1238));
#359=CYLINDRICAL_SURFACE('',#360,14.5);
#360=AXIS2_PLACEMENT_3D('',#361,#362,#363);
#361=CARTESIAN_POINT('',(0.,0.,0.));
#362=DIRECTION('',(0.,-1.,-6.12323399573677E-17));
#363=DIRECTION('',(-0.187194105286715,-6.01499324747861E-17,0.982322944324271));
#364=FACE_BOUND('',#365,.T.);
#365=EDGE_LOOP('',(#1239,#1240,#1241,#1242));
#366=SURFACE_OF_LINEAR_EXTRUSION('',#367,#368);
#367=B_SPLINE_CURVE_WITH_KNOTS('',3,
(#1243,#1244,#1245,#1246,#1247,#1248,#1249,#1250,#1251,#1252,#1253,#1254,#1255,#1256),
.UNSPECIFIED.,.F.,.F.,
(4,2,2,2,2,2,4),
(0.,0.240662346026774,0.413999848099871,0.568207798073753,0.714849527912603,0.858104052609583,
1.),
.UNSPECIFIED.);
#368=VECTOR('',#369,8.5);
#369=DIRECTION('',(-1.16008956650149E-32,1.,6.12323399573677E-17));
#370=FACE_BOUND('',#371,.T.);
#371=EDGE_LOOP('',(#1257,#1258,#1259,#1260));
#372=SURFACE_OF_LINEAR_EXTRUSION('',#373,#374);
#373=B_SPLINE_CURVE_WITH_KNOTS('',3,
(#1261,#1262,#1263,#1264,#1265,#1266,#1267,#1268,#1269,#1270,#1271,#1272,#1273,#1274),
.UNSPECIFIED.,.F.,.F.,
(4,2,2,2,2,2,4),
(0.,0.181399745120123,0.356916252132472,0.52654726049908,0.690288101976372,0.848126326942389,
1.),
.UNSPECIFIED.);
#374=VECTOR('',#375,8.5);
#375=DIRECTION('',(0.,1.,6.12323399573677E-17));
#376=FACE_BOUND('',#377,.T.);
#377=EDGE_LOOP('',(#1275,#1276,#1277,#1278));
#378=SURFACE_OF_LINEAR_EXTRUSION('',#379,#380);
#379=B_SPLINE_CURVE_WITH_KNOTS('',3,
(#1279,#1280,#1281,#1282,#1283,#1284,#1285,#1286,#1287,#1288,#1289,#1290,#1291,#1292),
.UNSPECIFIED.,.F.,.F.,
(4,2,2,2,2,2,4),
(0.,0.151873673057609,0.309711898023625,0.473452739500917,0.643083747867525,0.818600254879874,
1.),
.UNSPECIFIED.);
#380=VECTOR('',#381,8.5);
#381=DIRECTION('',(0.,1.,6.12323399573677E-17));
#382=FACE_BOUND('',#383,.T.);
#383=EDGE_LOOP('',(#1293,#1294,#1295,#1296));
#384=SURFACE_OF_LINEAR_EXTRUSION('',#385,#386);
#385=B_SPLINE_CURVE_WITH_KNOTS('',3,
(#1297,#1298,#1299,#1300,#1301,#1302,#1303,#1304,#1305,#1306,#1307,#1308,#1309,#1310),
.UNSPECIFIED.,.F.,.F.,
(4,2,2,2,2,2,4),
(0.,0.141895947390416,0.285150472087398,0.431792201926248,0.586000151900127,0.759337653973225,
1.),
.UNSPECIFIED.);
#386=VECTOR('',#387,8.5);
#387=DIRECTION('',(0.,1.,6.12323399573677E-17));
#388=FACE_BOUND('',#389,.T.);
#389=EDGE_LOOP('',(#1311,#1312,#1313,#1314));
#390=CYLINDRICAL_SURFACE('',#391,14.5);
#391=AXIS2_PLACEMENT_3D('',#392,#393,#394);
#392=CARTESIAN_POINT('',(0.,0.,0.));
#393=DIRECTION('',(0.,-1.,-6.12323399573677E-17));
#394=DIRECTION('',(0.202973913543834,-5.99577364663058E-17,0.979184145307051));
#395=FACE_BOUND('',#396,.T.);
#396=EDGE_LOOP('',(#1315,#1316,#1317,#1318));
#397=SURFACE_OF_LINEAR_EXTRUSION('',#398,#399);
#398=B_SPLINE_CURVE_WITH_KNOTS('',3,
(#1319,#1320,#1321,#1322,#1323,#1324,#1325,#1326,#1327,#1328,#1329,#1330,#1331,#1332),
.UNSPECIFIED.,.F.,.F.,
(4,2,2,2,2,2,4),
(0.,0.240662346026774,0.413999848099871,0.568207798073753,0.714849527912603,0.858104052609583,
1.),
.UNSPECIFIED.);
#399=VECTOR('',#400,8.5);
#400=DIRECTION('',(0.,1.,6.12323399573677E-17));
#401=FACE_BOUND('',#402,.T.);
#402=EDGE_LOOP('',(#1333,#1334,#1335,#1336));
#403=SURFACE_OF_LINEAR_EXTRUSION('',#404,#405);
#404=B_SPLINE_CURVE_WITH_KNOTS('',3,
(#1337,#1338,#1339,#1340,#1341,#1342,#1343,#1344,#1345,#1346,#1347,#1348,#1349,#1350),
.UNSPECIFIED.,.F.,.F.,
(4,2,2,2,2,2,4),
(0.,0.181399745120123,0.356916252132472,0.52654726049908,0.690288101976372,0.848126326942389,
1.),
.UNSPECIFIED.);
#405=VECTOR('',#406,8.5);
#406=DIRECTION('',(0.,1.,6.12323399573677E-17));
#407=FACE_BOUND('',#408,.T.);
#408=EDGE_LOOP('',(#1351,#1352,#1353,#1354));
#409=SURFACE_OF_LINEAR_EXTRUSION('',#410,#411);
#410=B_SPLINE_CURVE_WITH_KNOTS('',3,
(#1355,#1356,#1357,#1358,#1359,#1360,#1361,#1362,#1363,#1364,#1365,#1366,#1367,#1368),
.UNSPECIFIED.,.F.,.F.,
(4,2,2,2,2,2,4),
(0.,0.151873673057609,0.309711898023625,0.473452739500917,0.643083747867525,0.818600254879874,
1.),
.UNSPECIFIED.);
#411=VECTOR('',#412,8.5);
#412=DIRECTION('',(0.,1.,6.12323399573677E-17));
#413=FACE_BOUND('',#414,.T.);
#414=EDGE_LOOP('',(#1369,#1370,#1371,#1372));
#415=SURFACE_OF_LINEAR_EXTRUSION('',#416,#417);
#416=B_SPLINE_CURVE_WITH_KNOTS('',3,
(#1373,#1374,#1375,#1376,#1377,#1378,#1379,#1380,#1381,#1382,#1383,#1384,#1385,#1386),
.UNSPECIFIED.,.F.,.F.,
(4,2,2,2,2,2,4),
(0.,0.141895947390416,0.285150472087398,0.431792201926248,0.586000151900127,0.759337653973225,
1.),
.UNSPECIFIED.);
#417=VECTOR('',#418,8.5);
#418=DIRECTION('',(0.,1.,6.12323399573677E-17));
#419=FACE_BOUND('',#420,.T.);
#420=EDGE_LOOP('',(#1387,#1388,#1389,#1390));
#421=CYLINDRICAL_SURFACE('',#422,14.5);
#422=AXIS2_PLACEMENT_3D('',#423,#424,#425);
#423=CARTESIAN_POINT('',(0.,0.,0.));
#424=DIRECTION('',(0.,-1.,-6.12323399573676E-17));
#425=DIRECTION('',(0.562240994000443,-5.0637518599065E-17,0.826973436493213));
#426=FACE_BOUND('',#427,.T.);
#427=EDGE_LOOP('',(#1391,#1392,#1393,#1394));
#428=SURFACE_OF_LINEAR_EXTRUSION('',#429,#430);
#429=B_SPLINE_CURVE_WITH_KNOTS('',3,
(#1395,#1396,#1397,#1398,#1399,#1400,#1401,#1402,#1403,#1404,#1405,#1406,#1407,#1408),
.UNSPECIFIED.,.F.,.F.,
(4,2,2,2,2,2,4),
(0.,0.240662346026774,0.413999848099871,0.568207798073753,0.714849527912603,0.858104052609583,
1.),
.UNSPECIFIED.);
#430=VECTOR('',#431,8.5);
#431=DIRECTION('',(0.,1.,6.12323399573677E-17));
#432=FACE_BOUND('',#433,.T.);
#433=EDGE_LOOP('',(#1409,#1410,#1411,#1412));
#434=SURFACE_OF_LINEAR_EXTRUSION('',#435,#436);
#435=B_SPLINE_CURVE_WITH_KNOTS('',3,
(#1413,#1414,#1415,#1416,#1417,#1418,#1419,#1420,#1421,#1422,#1423,#1424,#1425,#1426),
.UNSPECIFIED.,.F.,.F.,
(4,2,2,2,2,2,4),
(0.,0.181399745120123,0.356916252132472,0.52654726049908,0.690288101976372,0.848126326942389,
1.),
.UNSPECIFIED.);
#436=VECTOR('',#437,8.5);
#437=DIRECTION('',(-5.80044783250744E-33,1.,6.12323399573677E-17));
#438=FACE_BOUND('',#439,.T.);
#439=EDGE_LOOP('',(#1427,#1428,#1429,#1430));
#440=SURFACE_OF_LINEAR_EXTRUSION('',#441,#442);
#441=B_SPLINE_CURVE_WITH_KNOTS('',3,
(#1431,#1432,#1433,#1434,#1435,#1436,#1437,#1438,#1439,#1440,#1441,#1442,#1443,#1444),
.UNSPECIFIED.,.F.,.F.,
(4,2,2,2,2,2,4),
(0.,0.151873673057609,0.309711898023625,0.473452739500917,0.643083747867525,0.818600254879874,
1.),
.UNSPECIFIED.);
#442=VECTOR('',#443,8.5);
#443=DIRECTION('',(-5.80044783250744E-33,1.,6.12323399573677E-17));
#444=FACE_BOUND('',#445,.T.);
#445=EDGE_LOOP('',(#1445,#1446,#1447,#1448));
#446=SURFACE_OF_LINEAR_EXTRUSION('',#447,#448);
#447=B_SPLINE_CURVE_WITH_KNOTS('',3,
(#1449,#1450,#1451,#1452,#1453,#1454,#1455,#1456,#1457,#1458,#1459,#1460,#1461,#1462),
.UNSPECIFIED.,.F.,.F.,
(4,2,2,2,2,2,4),
(0.,0.141895947390416,0.285150472087398,0.431792201926248,0.586000151900127,0.759337653973225,
1.),
.UNSPECIFIED.);
#448=VECTOR('',#449,8.5);
#449=DIRECTION('',(-5.80044783250744E-33,1.,6.12323399573677E-17));
#450=FACE_BOUND('',#451,.T.);
#451=EDGE_LOOP('',(#1463,#1464,#1465,#1466));
#452=CYLINDRICAL_SURFACE('',#453,14.5);
#453=AXIS2_PLACEMENT_3D('',#454,#455,#456);
#454=CARTESIAN_POINT('',(0.,0.,0.));
#455=DIRECTION('',(0.,-1.,-6.12323399573677E-17));
#456=DIRECTION('',(0.835911979847786,-3.36081975553657E-17,0.548863518506152));
#457=FACE_BOUND('',#458,.T.);
#458=EDGE_LOOP('',(#1467,#1468,#1469,#1470));
#459=SURFACE_OF_LINEAR_EXTRUSION('',#460,#461);
#460=B_SPLINE_CURVE_WITH_KNOTS('',3,
(#1471,#1472,#1473,#1474,#1475,#1476,#1477,#1478,#1479,#1480,#1481,#1482,#1483,#1484),
.UNSPECIFIED.,.F.,.F.,
(4,2,2,2,2,2,4),
(0.,0.240662346026774,0.413999848099871,0.568207798073753,0.714849527912603,0.858104052609583,
1.),
.UNSPECIFIED.);
#461=VECTOR('',#462,8.5);
#462=DIRECTION('',(-5.80044783250744E-33,1.,6.12323399573677E-17));
#463=FACE_BOUND('',#464,.T.);
#464=EDGE_LOOP('',(#1485,#1486,#1487,#1488));
#465=SURFACE_OF_LINEAR_EXTRUSION('',#466,#467);
#466=B_SPLINE_CURVE_WITH_KNOTS('',3,
(#1489,#1490,#1491,#1492,#1493,#1494,#1495,#1496,#1497,#1498,#1499,#1500,#1501,#1502),
.UNSPECIFIED.,.F.,.F.,
(4,2,2,2,2,2,4),
(0.,0.181399745120123,0.356916252132472,0.52654726049908,0.690288101976372,0.848126326942389,
1.),
.UNSPECIFIED.);
#467=VECTOR('',#468,8.5);
#468=DIRECTION('',(0.,1.,6.12323399573677E-17));
#469=FACE_BOUND('',#470,.T.);
#470=EDGE_LOOP('',(#1503,#1504,#1505,#1506));
#471=SURFACE_OF_LINEAR_EXTRUSION('',#472,#473);
#472=B_SPLINE_CURVE_WITH_KNOTS('',3,
(#1507,#1508,#1509,#1510,#1511,#1512,#1513,#1514,#1515,#1516,#1517,#1518,#1519,#1520),
.UNSPECIFIED.,.F.,.F.,
(4,2,2,2,2,2,4),
(0.,0.151873673057609,0.309711898023625,0.473452739500917,0.643083747867525,0.818600254879874,
1.),
.UNSPECIFIED.);
#473=VECTOR('',#474,8.5);
#474=DIRECTION('',(0.,1.,6.12323399573677E-17));
#475=FACE_BOUND('',#476,.T.);
#476=EDGE_LOOP('',(#1521,#1522,#1523,#1524));
#477=SURFACE_OF_LINEAR_EXTRUSION('',#478,#479);
#478=B_SPLINE_CURVE_WITH_KNOTS('',3,
(#1525,#1526,#1527,#1528,#1529,#1530,#1531,#1532,#1533,#1534,#1535,#1536,#1537,#1538),
.UNSPECIFIED.,.F.,.F.,
(4,2,2,2,2,2,4),
(0.,0.141895947390416,0.285150472087398,0.431792201926248,0.586000151900127,0.759337653973225,
1.),
.UNSPECIFIED.);
#479=VECTOR('',#480,8.5);
#480=DIRECTION('',(0.,1.,6.12323399573677E-17));
#481=FACE_BOUND('',#482,.T.);
#482=EDGE_LOOP('',(#1539,#1540,#1541,#1542));
#483=CYLINDRICAL_SURFACE('',#484,14.5);
#484=AXIS2_PLACEMENT_3D('',#485,#486,#487);
#485=CARTESIAN_POINT('',(0.,0.,0.));
#486=DIRECTION('',(0.,-1.,-6.12323399573676E-17));
#487=DIRECTION('',(0.982322944324272,-1.14623330929314E-17,0.187194105286715));
#488=FACE_BOUND('',#489,.T.);
#489=EDGE_LOOP('',(#1543,#1544,#1545,#1546));
#490=SURFACE_OF_LINEAR_EXTRUSION('',#491,#492);
#491=B_SPLINE_CURVE_WITH_KNOTS('',3,
(#1547,#1548,#1549,#1550,#1551,#1552,#1553,#1554,#1555,#1556,#1557,#1558,#1559,#1560),
.UNSPECIFIED.,.F.,.F.,
(4,2,2,2,2,2,4),
(0.,0.240662346026774,0.413999848099871,0.568207798073753,0.714849527912603,0.858104052609583,
1.),
.UNSPECIFIED.);
#492=VECTOR('',#493,8.5);
#493=DIRECTION('',(0.,1.,6.12323399573677E-17));
#494=FACE_BOUND('',#495,.T.);
#495=EDGE_LOOP('',(#1561,#1562,#1563,#1564));
#496=SURFACE_OF_LINEAR_EXTRUSION('',#497,#498);
#497=B_SPLINE_CURVE_WITH_KNOTS('',3,
(#1565,#1566,#1567,#1568,#1569,#1570,#1571,#1572,#1573,#1574,#1575,#1576,#1577,#1578),
.UNSPECIFIED.,.F.,.F.,
(4,2,2,2,2,2,4),
(0.,0.181399745120123,0.356916252132472,0.52654726049908,0.690288101976372,0.848126326942389,
1.),
.UNSPECIFIED.);
#498=VECTOR('',#499,8.5);
#499=DIRECTION('',(-1.28795814735737E-48,1.,6.12323399573677E-17));
#500=FACE_BOUND('',#501,.T.);
#501=EDGE_LOOP('',(#1579,#1580,#1581,#1582));
#502=SURFACE_OF_LINEAR_EXTRUSION('',#503,#504);
#503=B_SPLINE_CURVE_WITH_KNOTS('',3,
(#1583,#1584,#1585,#1586,#1587,#1588,#1589,#1590,#1591,#1592,#1593,#1594,#1595,#1596),
.UNSPECIFIED.,.F.,.F.,
(4,2,2,2,2,2,4),
(0.,0.151873673057609,0.309711898023625,0.473452739500917,0.643083747867525,0.818600254879874,
1.),
.UNSPECIFIED.);
#504=VECTOR('',#505,8.5);
#505=DIRECTION('',(-1.28795814735737E-48,1.,6.12323399573677E-17));
#506=FACE_BOUND('',#507,.T.);
#507=EDGE_LOOP('',(#1597,#1598,#1599,#1600));
#508=SURFACE_OF_LINEAR_EXTRUSION('',#509,#510);
#509=B_SPLINE_CURVE_WITH_KNOTS('',3,
(#1601,#1602,#1603,#1604,#1605,#1606,#1607,#1608,#1609,#1610,#1611,#1612,#1613,#1614),
.UNSPECIFIED.,.F.,.F.,
(4,2,2,2,2,2,4),
(0.,0.141895947390416,0.285150472087398,0.431792201926248,0.586000151900127,0.759337653973225,
1.),
.UNSPECIFIED.);
#510=VECTOR('',#511,8.5);
#511=DIRECTION('',(-1.28795814735737E-48,1.,6.12323399573677E-17));
#512=FACE_BOUND('',#513,.T.);
#513=EDGE_LOOP('',(#1615,#1616,#1617,#1618));
#514=CYLINDRICAL_SURFACE('',#515,14.5);
#515=AXIS2_PLACEMENT_3D('',#516,#517,#518);
#516=CARTESIAN_POINT('',(0.,0.,0.));
#517=DIRECTION('',(0.,-1.,-6.12323399573677E-17));
#518=DIRECTION('',(0.979184145307051,1.24285676765934E-17,-0.202973913543834));
#519=FACE_BOUND('',#520,.T.);
#520=EDGE_LOOP('',(#1619,#1620,#1621,#1622));
#521=SURFACE_OF_LINEAR_EXTRUSION('',#522,#523);
#522=B_SPLINE_CURVE_WITH_KNOTS('',3,
(#1623,#1624,#1625,#1626,#1627,#1628,#1629,#1630,#1631,#1632,#1633,#1634,#1635,#1636),
.UNSPECIFIED.,.F.,.F.,
(4,2,2,2,2,2,4),
(0.,0.240662346026774,0.413999848099871,0.568207798073753,0.714849527912603,0.858104052609583,
1.),
.UNSPECIFIED.);
#523=VECTOR('',#524,8.5);
#524=DIRECTION('',(-1.28795814735737E-48,1.,6.12323399573677E-17));
#525=FACE_BOUND('',#526,.T.);
#526=EDGE_LOOP('',(#1637,#1638,#1639,#1640));
#527=SURFACE_OF_LINEAR_EXTRUSION('',#528,#529);
#528=B_SPLINE_CURVE_WITH_KNOTS('',3,
(#1641,#1642,#1643,#1644,#1645,#1646,#1647,#1648,#1649,#1650,#1651,#1652,#1653,#1654),
.UNSPECIFIED.,.F.,.F.,
(4,2,2,2,2,2,4),
(0.,0.181399745120123,0.356916252132472,0.52654726049908,0.690288101976372,0.848126326942389,
1.),
.UNSPECIFIED.);
#529=VECTOR('',#530,8.5);
#530=DIRECTION('',(0.,1.,6.12323399573677E-17));
#531=FACE_BOUND('',#532,.T.);
#532=EDGE_LOOP('',(#1655,#1656,#1657,#1658));
#533=SURFACE_OF_LINEAR_EXTRUSION('',#534,#535);
#534=B_SPLINE_CURVE_WITH_KNOTS('',3,
(#1659,#1660,#1661,#1662,#1663,#1664,#1665,#1666,#1667,#1668,#1669,#1670,#1671,#1672),
.UNSPECIFIED.,.F.,.F.,
(4,2,2,2,2,2,4),
(0.,0.151873673057609,0.309711898023625,0.473452739500917,0.643083747867525,0.818600254879874,
1.),
.UNSPECIFIED.);
#535=VECTOR('',#536,8.5);
#536=DIRECTION('',(0.,1.,6.12323399573677E-17));
#537=FACE_BOUND('',#538,.T.);
#538=EDGE_LOOP('',(#1673,#1674,#1675,#1676));
#539=SURFACE_OF_LINEAR_EXTRUSION('',#540,#541);
#540=B_SPLINE_CURVE_WITH_KNOTS('',3,
(#1677,#1678,#1679,#1680,#1681,#1682,#1683,#1684,#1685,#1686,#1687,#1688,#1689,#1690),
.UNSPECIFIED.,.F.,.F.,
(4,2,2,2,2,2,4),
(0.,0.141895947390416,0.285150472087398,0.431792201926248,0.586000151900127,0.759337653973225,
1.),
.UNSPECIFIED.);
#541=VECTOR('',#542,8.5);
#542=DIRECTION('',(0.,1.,6.12323399573677E-17));
#543=FACE_BOUND('',#544,.T.);
#544=EDGE_LOOP('',(#1691,#1692,#1693,#1694));
#545=CYLINDRICAL_SURFACE('',#546,14.5);
#546=AXIS2_PLACEMENT_3D('',#547,#548,#549);
#547=CARTESIAN_POINT('',(0.,0.,0.));
#548=DIRECTION('',(0.,-1.,-6.12323399573676E-17));
#549=DIRECTION('',(0.826973436493213,3.44273316826034E-17,-0.562240994000443));
#550=FACE_BOUND('',#551,.T.);
#551=EDGE_LOOP('',(#1695,#1696,#1697,#1698));
#552=SURFACE_OF_LINEAR_EXTRUSION('',#553,#554);
#553=B_SPLINE_CURVE_WITH_KNOTS('',3,
(#1699,#1700,#1701,#1702,#1703,#1704,#1705,#1706,#1707,#1708,#1709,#1710,#1711,#1712),
.UNSPECIFIED.,.F.,.F.,
(4,2,2,2,2,2,4),
(0.,0.240662346026774,0.413999848099871,0.568207798073753,0.714849527912603,0.858104052609583,
1.),
.UNSPECIFIED.);
#554=VECTOR('',#555,8.5);
#555=DIRECTION('',(0.,1.,6.12323399573677E-17));
#556=FACE_BOUND('',#557,.T.);
#557=EDGE_LOOP('',(#1713,#1714,#1715,#1716));
#558=SURFACE_OF_LINEAR_EXTRUSION('',#559,#560);
#559=B_SPLINE_CURVE_WITH_KNOTS('',3,
(#1717,#1718,#1719,#1720,#1721,#1722,#1723,#1724,#1725,#1726,#1727,#1728,#1729,#1730),
.UNSPECIFIED.,.F.,.F.,
(4,2,2,2,2,2,4),
(0.,0.181399745120123,0.356916252132472,0.52654726049908,0.690288101976372,0.848126326942389,
1.),
.UNSPECIFIED.);
#560=VECTOR('',#561,8.5);
#561=DIRECTION('',(0.,1.,6.12323399573677E-17));
#562=FACE_BOUND('',#563,.T.);
#563=EDGE_LOOP('',(#1731,#1732,#1733,#1734));
#564=SURFACE_OF_LINEAR_EXTRUSION('',#565,#566);
#565=B_SPLINE_CURVE_WITH_KNOTS('',3,
(#1735,#1736,#1737,#1738,#1739,#1740,#1741,#1742,#1743,#1744,#1745,#1746,#1747,#1748),
.UNSPECIFIED.,.F.,.F.,
(4,2,2,2,2,2,4),
(0.,0.151873673057609,0.309711898023625,0.473452739500917,0.643083747867525,0.818600254879874,
1.),
.UNSPECIFIED.);
#566=VECTOR('',#567,8.5);
#567=DIRECTION('',(0.,1.,6.12323399573677E-17));
#568=FACE_BOUND('',#569,.T.);
#569=EDGE_LOOP('',(#1749,#1750,#1751,#1752));
#570=SURFACE_OF_LINEAR_EXTRUSION('',#571,#572);
#571=B_SPLINE_CURVE_WITH_KNOTS('',3,
(#1753,#1754,#1755,#1756,#1757,#1758,#1759,#1760,#1761,#1762,#1763,#1764,#1765,#1766),
.UNSPECIFIED.,.F.,.F.,
(4,2,2,2,2,2,4),
(0.,0.141895947390416,0.285150472087398,0.431792201926248,0.586000151900127,0.759337653973225,
1.),
.UNSPECIFIED.);
#572=VECTOR('',#573,8.5);
#573=DIRECTION('',(0.,1.,6.12323399573677E-17));
#574=FACE_BOUND('',#575,.T.);
#575=EDGE_LOOP('',(#1767,#1768,#1769,#1770));
#576=CYLINDRICAL_SURFACE('',#577,14.5);
#577=AXIS2_PLACEMENT_3D('',#578,#579,#580);
#578=CARTESIAN_POINT('',(0.,0.,0.));
#579=DIRECTION('',(0.,-1.,-6.12323399573677E-17));
#580=DIRECTION('',(0.548863518506152,5.11848465244759E-17,-0.835911979847786));
#581=FACE_BOUND('',#582,.T.);
#582=EDGE_LOOP('',(#1771,#1772,#1773,#1774));
#583=SURFACE_OF_LINEAR_EXTRUSION('',#584,#585);
#584=B_SPLINE_CURVE_WITH_KNOTS('',3,
(#1775,#1776,#1777,#1778,#1779,#1780,#1781,#1782,#1783,#1784,#1785,#1786,#1787,#1788),
.UNSPECIFIED.,.F.,.F.,
(4,2,2,2,2,2,4),
(0.,0.240662346026774,0.413999848099871,0.568207798073753,0.714849527912603,0.858104052609583,
1.),
.UNSPECIFIED.);
#585=VECTOR('',#586,8.5);
#586=DIRECTION('',(0.,1.,6.12323399573677E-17));
#587=FACE_BOUND('',#588,.T.);
#588=EDGE_LOOP('',(#1789,#1790,#1791,#1792));
#589=SURFACE_OF_LINEAR_EXTRUSION('',#590,#591);
#590=B_SPLINE_CURVE_WITH_KNOTS('',3,
(#1793,#1794,#1795,#1796,#1797,#1798,#1799,#1800,#1801,#1802,#1803,#1804,#1805,#1806),
.UNSPECIFIED.,.F.,.F.,
(4,2,2,2,2,2,4),
(0.,0.181399745120123,0.356916252132472,0.52654726049908,0.690288101976372,0.848126326942389,
1.),
.UNSPECIFIED.);
#591=VECTOR('',#592,8.5);
#592=DIRECTION('',(0.,1.,6.12323399573677E-17));
#593=FACE_BOUND('',#594,.T.);
#594=EDGE_LOOP('',(#1807,#1808,#1809,#1810));
#595=SURFACE_OF_LINEAR_EXTRUSION('',#596,#597);
#596=B_SPLINE_CURVE_WITH_KNOTS('',3,
(#1811,#1812,#1813,#1814,#1815,#1816,#1817,#1818,#1819,#1820,#1821,#1822,#1823,#1824),
.UNSPECIFIED.,.F.,.F.,
(4,2,2,2,2,2,4),
(0.,0.151873673057609,0.309711898023625,0.473452739500917,0.643083747867525,0.818600254879874,
1.),
.UNSPECIFIED.);
#597=VECTOR('',#598,8.5);
#598=DIRECTION('',(0.,1.,6.12323399573677E-17));
#599=FACE_BOUND('',#600,.T.);
#600=EDGE_LOOP('',(#1825,#1826,#1827,#1828));
#601=SURFACE_OF_LINEAR_EXTRUSION('',#602,#603);
#602=B_SPLINE_CURVE_WITH_KNOTS('',3,
(#1829,#1830,#1831,#1832,#1833,#1834,#1835,#1836,#1837,#1838,#1839,#1840,#1841,#1842),
.UNSPECIFIED.,.F.,.F.,
(4,2,2,2,2,2,4),
(0.,0.141895947390416,0.285150472087398,0.431792201926248,0.586000151900127,0.759337653973225,
1.),
.UNSPECIFIED.);
#603=VECTOR('',#604,8.5);
#604=DIRECTION('',(0.,1.,6.12323399573677E-17));
#605=FACE_BOUND('',#606,.T.);
#606=EDGE_LOOP('',(#1843,#1844,#1845,#1846));
#607=CYLINDRICAL_SURFACE('',#608,14.5);
#608=AXIS2_PLACEMENT_3D('',#609,#610,#611);
#609=CARTESIAN_POINT('',(0.,0.,0.));
#610=DIRECTION('',(0.,-1.,-6.12323399573677E-17));
#611=DIRECTION('',(0.187194105286715,6.01499324747861E-17,-0.982322944324271));
#612=FACE_BOUND('',#613,.T.);
#613=EDGE_LOOP('',(#1847,#1848,#1849,#1850));
#614=SURFACE_OF_LINEAR_EXTRUSION('',#615,#616);
#615=B_SPLINE_CURVE_WITH_KNOTS('',3,
(#1851,#1852,#1853,#1854,#1855,#1856,#1857,#1858,#1859,#1860,#1861,#1862,#1863,#1864),
.UNSPECIFIED.,.F.,.F.,
(4,2,2,2,2,2,4),
(0.,0.240662346026774,0.413999848099871,0.568207798073753,0.714849527912603,0.858104052609583,
1.),
.UNSPECIFIED.);
#616=VECTOR('',#617,8.5);
#617=DIRECTION('',(0.,1.,6.12323399573677E-17));
#618=FACE_BOUND('',#619,.T.);
#619=EDGE_LOOP('',(#1865,#1866,#1867,#1868));
#620=SURFACE_OF_LINEAR_EXTRUSION('',#621,#622);
#621=B_SPLINE_CURVE_WITH_KNOTS('',3,
(#1869,#1870,#1871,#1872,#1873,#1874,#1875,#1876,#1877,#1878,#1879,#1880,#1881,#1882),
.UNSPECIFIED.,.F.,.F.,
(4,2,2,2,2,2,4),
(0.,0.181399745120123,0.356916252132472,0.52654726049908,0.690288101976372,0.848126326942389,
1.),
.UNSPECIFIED.);
#622=VECTOR('',#623,8.5);
#623=DIRECTION('',(0.,1.,6.12323399573677E-17));
#624=FACE_BOUND('',#625,.T.);
#625=EDGE_LOOP('',(#1883,#1884,#1885,#1886));
#626=SURFACE_OF_LINEAR_EXTRUSION('',#627,#628);
#627=B_SPLINE_CURVE_WITH_KNOTS('',3,
(#1887,#1888,#1889,#1890,#1891,#1892,#1893,#1894,#1895,#1896,#1897,#1898,#1899,#1900),
.UNSPECIFIED.,.F.,.F.,
(4,2,2,2,2,2,4),
(0.,0.151873673057609,0.309711898023625,0.473452739500917,0.643083747867525,0.818600254879874,
1.),
.UNSPECIFIED.);
#628=VECTOR('',#629,8.5);
#629=DIRECTION('',(0.,1.,6.12323399573677E-17));
#630=FACE_BOUND('',#631,.T.);
#631=EDGE_LOOP('',(#1901,#1902,#1903,#1904));
#632=SURFACE_OF_LINEAR_EXTRUSION('',#633,#634);
#633=B_SPLINE_CURVE_WITH_KNOTS('',3,
(#1905,#1906,#1907,#1908,#1909,#1910,#1911,#1912,#1913,#1914,#1915,#1916,#1917,#1918),
.UNSPECIFIED.,.F.,.F.,
(4,2,2,2,2,2,4),
(0.,0.141895947390416,0.285150472087398,0.431792201926248,0.586000151900127,0.759337653973225,
1.),
.UNSPECIFIED.);
#634=VECTOR('',#635,8.5);
#635=DIRECTION('',(0.,1.,6.12323399573677E-17));
#636=FACE_BOUND('',#637,.T.);
#637=EDGE_LOOP('',(#1919,#1920,#1921,#1922));
#638=CYLINDRICAL_SURFACE('',#639,14.5);
#639=AXIS2_PLACEMENT_3D('',#640,#641,#642);
#640=CARTESIAN_POINT('',(0.,0.,0.));
#641=DIRECTION('',(0.,-1.,-6.12323399573677E-17));
#642=DIRECTION('',(-0.202973913543834,5.99577364663058E-17,-0.979184145307051));
#643=FACE_BOUND('',#644,.T.);
#644=EDGE_LOOP('',(#1923,#1924,#1925,#1926));
#645=SURFACE_OF_LINEAR_EXTRUSION('',#646,#647);
#646=B_SPLINE_CURVE_WITH_KNOTS('',3,
(#1927,#1928,#1929,#1930,#1931,#1932,#1933,#1934,#1935,#1936,#1937,#1938,#1939,#1940),
.UNSPECIFIED.,.F.,.F.,
(4,2,2,2,2,2,4),
(0.,0.240662346026774,0.413999848099871,0.568207798073753,0.714849527912603,0.858104052609583,
1.),
.UNSPECIFIED.);
#647=VECTOR('',#648,8.5);
#648=DIRECTION('',(0.,1.,6.12323399573677E-17));
#649=FACE_BOUND('',#650,.T.);
#650=EDGE_LOOP('',(#1941,#1942,#1943,#1944));
#651=SURFACE_OF_LINEAR_EXTRUSION('',#652,#653);
#652=B_SPLINE_CURVE_WITH_KNOTS('',3,
(#1945,#1946,#1947,#1948,#1949,#1950,#1951,#1952,#1953,#1954,#1955,#1956,#1957,#1958),
.UNSPECIFIED.,.F.,.F.,
(4,2,2,2,2,2,4),
(0.,0.181399745120123,0.356916252132472,0.52654726049908,0.690288101976372,0.848126326942389,
1.),
.UNSPECIFIED.);
#653=VECTOR('',#654,8.5);
#654=DIRECTION('',(0.,1.,6.12323399573677E-17));
#655=FACE_BOUND('',#656,.T.);
#656=EDGE_LOOP('',(#1959,#1960,#1961,#1962));
#657=SURFACE_OF_LINEAR_EXTRUSION('',#658,#659);
#658=B_SPLINE_CURVE_WITH_KNOTS('',3,
(#1963,#1964,#1965,#1966,#1967,#1968,#1969,#1970,#1971,#1972,#1973,#1974,#1975,#1976),
.UNSPECIFIED.,.F.,.F.,
(4,2,2,2,2,2,4),
(0.,0.151873673057609,0.309711898023625,0.473452739500917,0.643083747867525,0.818600254879874,
1.),
.UNSPECIFIED.);
#659=VECTOR('',#660,8.5);
#660=DIRECTION('',(0.,1.,6.12323399573677E-17));
#661=FACE_BOUND('',#662,.T.);
#662=EDGE_LOOP('',(#1977,#1978,#1979,#1980));
#663=SURFACE_OF_LINEAR_EXTRUSION('',#664,#665);
#664=B_SPLINE_CURVE_WITH_KNOTS('',3,
(#1981,#1982,#1983,#1984,#1985,#1986,#1987,#1988,#1989,#1990,#1991,#1992,#1993,#1994),
.UNSPECIFIED.,.F.,.F.,
(4,2,2,2,2,2,4),
(0.,0.141895947390416,0.285150472087398,0.431792201926248,0.586000151900127,0.759337653973225,
1.),
.UNSPECIFIED.);
#665=VECTOR('',#666,8.5);
#666=DIRECTION('',(0.,1.,6.12323399573677E-17));
#667=FACE_BOUND('',#668,.T.);
#668=EDGE_LOOP('',(#1995,#1996,#1997,#1998));
#669=CYLINDRICAL_SURFACE('',#670,14.5);
#670=AXIS2_PLACEMENT_3D('',#671,#672,#673);
#671=CARTESIAN_POINT('',(0.,0.,0.));
#672=DIRECTION('',(0.,-1.,-6.12323399573677E-17));
#673=DIRECTION('',(-0.562240994000443,5.0637518599065E-17,-0.826973436493213));
#674=FACE_BOUND('',#675,.T.);
#675=EDGE_LOOP('',(#1999,#2000,#2001,#2002));
#676=SURFACE_OF_LINEAR_EXTRUSION('',#677,#678);
#677=B_SPLINE_CURVE_WITH_KNOTS('',3,
(#2003,#2004,#2005,#2006,#2007,#2008,#2009,#2010,#2011,#2012,#2013,#2014,#2015,#2016),
.UNSPECIFIED.,.F.,.F.,
(4,2,2,2,2,2,4),
(0.,0.240662346026774,0.413999848099871,0.568207798073753,0.714849527912603,0.858104052609583,
1.),
.UNSPECIFIED.);
#678=VECTOR('',#679,8.5);
#679=DIRECTION('',(0.,1.,6.12323399573677E-17));
#680=FACE_BOUND('',#681,.T.);
#681=EDGE_LOOP('',(#2017,#2018,#2019,#2020));
#682=SURFACE_OF_LINEAR_EXTRUSION('',#683,#684);
#683=B_SPLINE_CURVE_WITH_KNOTS('',3,
(#2021,#2022,#2023,#2024,#2025,#2026,#2027,#2028,#2029,#2030,#2031,#2032,#2033,#2034),
.UNSPECIFIED.,.F.,.F.,
(4,2,2,2,2,2,4),
(0.,0.181399745120123,0.356916252132472,0.52654726049908,0.690288101976372,0.848126326942389,
1.),
.UNSPECIFIED.);
#684=VECTOR('',#685,8.5);
#685=DIRECTION('',(5.80044783250744E-33,1.,6.12323399573677E-17));
#686=FACE_BOUND('',#687,.T.);
#687=EDGE_LOOP('',(#2035,#2036,#2037,#2038));
#688=SURFACE_OF_LINEAR_EXTRUSION('',#689,#690);
#689=B_SPLINE_CURVE_WITH_KNOTS('',3,
(#2039,#2040,#2041,#2042,#2043,#2044,#2045,#2046,#2047,#2048,#2049,#2050,#2051,#2052),
.UNSPECIFIED.,.F.,.F.,
(4,2,2,2,2,2,4),
(0.,0.151873673057609,0.309711898023625,0.473452739500917,0.643083747867525,0.818600254879874,
1.),
.UNSPECIFIED.);
#690=VECTOR('',#691,8.5);
#691=DIRECTION('',(5.80044783250744E-33,1.,6.12323399573677E-17));
#692=FACE_BOUND('',#693,.T.);
#693=EDGE_LOOP('',(#2053,#2054,#2055,#2056));
#694=SURFACE_OF_LINEAR_EXTRUSION('',#695,#696);
#695=B_SPLINE_CURVE_WITH_KNOTS('',3,
(#2057,#2058,#2059,#2060,#2061,#2062,#2063,#2064,#2065,#2066,#2067,#2068,#2069,#2070),
.UNSPECIFIED.,.F.,.F.,
(4,2,2,2,2,2,4),
(0.,0.141895947390416,0.285150472087398,0.431792201926248,0.586000151900127,0.759337653973225,
1.),
.UNSPECIFIED.);
#696=VECTOR('',#697,8.5);
#697=DIRECTION('',(5.80044783250744E-33,1.,6.12323399573677E-17));
#698=FACE_BOUND('',#699,.T.);
#699=EDGE_LOOP('',(#2071,#2072,#2073,#2074));
#700=CYLINDRICAL_SURFACE('',#701,14.5);
#701=AXIS2_PLACEMENT_3D('',#702,#703,#704);
#702=CARTESIAN_POINT('',(0.,0.,0.));
#703=DIRECTION('',(0.,-1.,-6.12323399573677E-17));
#704=DIRECTION('',(-0.835911979847786,3.36081975553657E-17,-0.548863518506152));
#705=FACE_BOUND('',#706,.T.);
#706=EDGE_LOOP('',(#2075,#2076,#2077,#2078));
#707=SURFACE_OF_LINEAR_EXTRUSION('',#708,#709);
#708=B_SPLINE_CURVE_WITH_KNOTS('',3,
(#2079,#2080,#2081,#2082,#2083,#2084,#2085,#2086,#2087,#2088,#2089,#2090,#2091,#2092),
.UNSPECIFIED.,.F.,.F.,
(4,2,2,2,2,2,4),
(0.,0.240662346026774,0.413999848099871,0.568207798073753,0.714849527912603,0.858104052609583,
1.),
.UNSPECIFIED.);
#709=VECTOR('',#710,8.5);
#710=DIRECTION('',(5.80044783250744E-33,1.,6.12323399573677E-17));
#711=FACE_BOUND('',#712,.T.);
#712=EDGE_LOOP('',(#2093,#2094,#2095,#2096));
#713=SURFACE_OF_LINEAR_EXTRUSION('',#714,#715);
#714=B_SPLINE_CURVE_WITH_KNOTS('',3,
(#2097,#2098,#2099,#2100,#2101,#2102,#2103,#2104,#2105,#2106,#2107,#2108,#2109,#2110),
.UNSPECIFIED.,.F.,.F.,
(4,2,2,2,2,2,4),
(0.,0.181399745120123,0.356916252132472,0.52654726049908,0.690288101976372,0.848126326942389,
1.),
.UNSPECIFIED.);
#715=VECTOR('',#716,8.5);
#716=DIRECTION('',(2.90022391625372E-33,1.,6.12323399573677E-17));
#717=FACE_BOUND('',#718,.T.);
#718=EDGE_LOOP('',(#2111,#2112,#2113,#2114));
#719=SURFACE_OF_LINEAR_EXTRUSION('',#720,#721);
#720=B_SPLINE_CURVE_WITH_KNOTS('',3,
(#2115,#2116,#2117,#2118,#2119,#2120,#2121,#2122,#2123,#2124,#2125,#2126,#2127,#2128),
.UNSPECIFIED.,.F.,.F.,
(4,2,2,2,2,2,4),
(0.,0.151873673057609,0.309711898023625,0.473452739500917,0.643083747867525,0.818600254879874,
1.),
.UNSPECIFIED.);
#721=VECTOR('',#722,8.5);
#722=DIRECTION('',(2.90022391625372E-33,1.,6.12323399573677E-17));
#723=FACE_BOUND('',#724,.T.);
#724=EDGE_LOOP('',(#2129,#2130,#2131,#2132));
#725=SURFACE_OF_LINEAR_EXTRUSION('',#726,#727);
#726=B_SPLINE_CURVE_WITH_KNOTS('',3,
(#2133,#2134,#2135,#2136,#2137,#2138,#2139,#2140,#2141,#2142,#2143,#2144,#2145,#2146),
.UNSPECIFIED.,.F.,.F.,
(4,2,2,2,2,2,4),
(0.,0.141895947390416,0.285150472087398,0.431792201926248,0.586000151900127,0.759337653973225,
1.),
.UNSPECIFIED.);
#727=VECTOR('',#728,8.5);
#728=DIRECTION('',(2.90022391625372E-33,1.,6.12323399573677E-17));
#729=FACE_BOUND('',#730,.T.);
#730=EDGE_LOOP('',(#2147,#2148,#2149,#2150));
#731=CYLINDRICAL_SURFACE('',#732,14.5);
#732=AXIS2_PLACEMENT_3D('',#733,#734,#735);
#733=CARTESIAN_POINT('',(0.,0.,0.));
#734=DIRECTION('',(0.,-1.,-6.12323399573677E-17));
#735=DIRECTION('',(-0.982322944324271,1.14623330929314E-17,-0.187194105286715));
#736=FACE_BOUND('',#737,.T.);
#737=EDGE_LOOP('',(#2151,#2152,#2153,#2154));
#738=SURFACE_OF_LINEAR_EXTRUSION('',#739,#740);
#739=B_SPLINE_CURVE_WITH_KNOTS('',3,
(#2155,#2156,#2157,#2158,#2159,#2160,#2161,#2162,#2163,#2164,#2165,#2166,#2167,#2168),
.UNSPECIFIED.,.F.,.F.,
(4,2,2,2,2,2,4),
(0.,0.240662346026774,0.413999848099871,0.568207798073753,0.714849527912603,0.858104052609583,
1.),
.UNSPECIFIED.);
#740=VECTOR('',#741,8.5);
#741=DIRECTION('',(2.90022391625372E-33,1.,6.12323399573677E-17));
#742=FACE_BOUND('',#743,.T.);
#743=EDGE_LOOP('',(#2169,#2170,#2171,#2172));
#744=SURFACE_OF_LINEAR_EXTRUSION('',#745,#746);
#745=B_SPLINE_CURVE_WITH_KNOTS('',3,
(#2173,#2174,#2175,#2176,#2177,#2178,#2179,#2180,#2181,#2182,#2183,#2184,#2185,#2186),
.UNSPECIFIED.,.F.,.F.,
(4,2,2,2,2,2,4),
(0.,0.151873673057609,0.309711898023625,0.473452739500917,0.643083747867525,0.818600254879874,
1.),
.UNSPECIFIED.);
#746=VECTOR('',#747,8.5);
#747=DIRECTION('',(0.,1.,6.12323399573677E-17));
#748=FACE_BOUND('',#749,.T.);
#749=EDGE_LOOP('',(#2187,#2188,#2189,#2190));
#750=SURFACE_OF_LINEAR_EXTRUSION('',#751,#752);
#751=B_SPLINE_CURVE_WITH_KNOTS('',3,
(#2191,#2192,#2193,#2194,#2195,#2196,#2197,#2198,#2199,#2200,#2201,#2202,#2203,#2204),
.UNSPECIFIED.,.F.,.F.,
(4,2,2,2,2,2,4),
(0.,0.181399745120123,0.356916252132472,0.52654726049908,0.690288101976372,0.848126326942389,
1.),
.UNSPECIFIED.);
#752=VECTOR('',#753,8.5);
#753=DIRECTION('',(0.,1.,6.12323399573677E-17));
#754=FACE_BOUND('',#755,.T.);
#755=EDGE_LOOP('',(#2205,#2206,#2207,#2208));
#756=SURFACE_OF_LINEAR_EXTRUSION('',#757,#758);
#757=B_SPLINE_CURVE_WITH_KNOTS('',3,
(#2209,#2210,#2211,#2212,#2213,#2214,#2215,#2216,#2217,#2218,#2219,#2220,#2221,#2222),
.UNSPECIFIED.,.F.,.F.,
(4,2,2,2,2,2,4),
(0.,0.141895947390416,0.285150472087398,0.431792201926248,0.586000151900127,0.759337653973225,
1.),
.UNSPECIFIED.);
#758=VECTOR('',#759,8.5);
#759=DIRECTION('',(0.,1.,6.12323399573677E-17));
#760=FACE_BOUND('',#761,.T.);
#761=EDGE_LOOP('',(#2223,#2224,#2225,#2226));
#762=CYLINDRICAL_SURFACE('',#763,14.5);
#763=AXIS2_PLACEMENT_3D('',#764,#765,#766);
#764=CARTESIAN_POINT('',(0.,0.,0.));
#765=DIRECTION('',(0.,-1.,-6.12323399573677E-17));
#766=DIRECTION('',(-0.979184145307051,-1.24285676765934E-17,0.202973913543834));
#767=FACE_BOUND('',#768,.T.);
#768=EDGE_LOOP('',(#2227,#2228,#2229,#2230));
#769=SURFACE_OF_LINEAR_EXTRUSION('',#770,#771);
#770=B_SPLINE_CURVE_WITH_KNOTS('',3,
(#2231,#2232,#2233,#2234,#2235,#2236,#2237,#2238,#2239,#2240,#2241,#2242,#2243,#2244),
.UNSPECIFIED.,.F.,.F.,
(4,2,2,2,2,2,4),
(0.,0.240662346026774,0.413999848099871,0.568207798073753,0.714849527912603,0.858104052609583,
1.),
.UNSPECIFIED.);
#771=VECTOR('',#772,8.5);
#772=DIRECTION('',(0.,1.,6.12323399573677E-17));
#773=ORIENTED_EDGE('',*,*,#2245,.T.);
#774=ORIENTED_EDGE('',*,*,#2246,.F.);
#775=ORIENTED_EDGE('',*,*,#2247,.T.);
#776=ORIENTED_EDGE('',*,*,#2248,.T.);
#777=ORIENTED_EDGE('',*,*,#2249,.T.);
#778=ORIENTED_EDGE('',*,*,#2250,.T.);
#779=ORIENTED_EDGE('',*,*,#2251,.T.);
#780=ORIENTED_EDGE('',*,*,#2252,.F.);
#781=ORIENTED_EDGE('',*,*,#2253,.T.);
#782=ORIENTED_EDGE('',*,*,#2254,.F.);
#783=ORIENTED_EDGE('',*,*,#2255,.T.);
#784=ORIENTED_EDGE('',*,*,#2256,.T.);
#785=ORIENTED_EDGE('',*,*,#2257,.T.);
#786=ORIENTED_EDGE('',*,*,#2258,.F.);
#787=ORIENTED_EDGE('',*,*,#2259,.T.);
#788=ORIENTED_EDGE('',*,*,#2260,.T.);
#789=ORIENTED_EDGE('',*,*,#2261,.T.);
#790=ORIENTED_EDGE('',*,*,#2262,.F.);
#791=ORIENTED_EDGE('',*,*,#2263,.T.);
#792=ORIENTED_EDGE('',*,*,#2264,.T.);
#793=ORIENTED_EDGE('',*,*,#2265,.T.);
#794=ORIENTED_EDGE('',*,*,#2266,.F.);
#795=ORIENTED_EDGE('',*,*,#2267,.T.);
#796=ORIENTED_EDGE('',*,*,#2268,.T.);
#797=ORIENTED_EDGE('',*,*,#2269,.T.);
#798=ORIENTED_EDGE('',*,*,#2270,.F.);
#799=ORIENTED_EDGE('',*,*,#2271,.T.);
#800=ORIENTED_EDGE('',*,*,#2272,.T.);
#801=ORIENTED_EDGE('',*,*,#2273,.T.);
#802=ORIENTED_EDGE('',*,*,#2274,.F.);
#803=ORIENTED_EDGE('',*,*,#2275,.T.);
#804=ORIENTED_EDGE('',*,*,#2276,.T.);
#805=ORIENTED_EDGE('',*,*,#2277,.T.);
#806=ORIENTED_EDGE('',*,*,#2278,.F.);
#807=ORIENTED_EDGE('',*,*,#2279,.T.);
#808=ORIENTED_EDGE('',*,*,#2280,.T.);
#809=ORIENTED_EDGE('',*,*,#2281,.T.);
#810=ORIENTED_EDGE('',*,*,#2282,.F.);
#811=ORIENTED_EDGE('',*,*,#2283,.T.);
#812=ORIENTED_EDGE('',*,*,#2284,.T.);
#813=ORIENTED_EDGE('',*,*,#2285,.T.);
#814=ORIENTED_EDGE('',*,*,#2286,.F.);
#815=ORIENTED_EDGE('',*,*,#2287,.T.);
#816=ORIENTED_EDGE('',*,*,#2288,.T.);
#817=ORIENTED_EDGE('',*,*,#2289,.T.);
#818=ORIENTED_EDGE('',*,*,#2290,.F.);
#819=ORIENTED_EDGE('',*,*,#2291,.T.);
#820=ORIENTED_EDGE('',*,*,#2292,.T.);
#821=ORIENTED_EDGE('',*,*,#2293,.T.);
#822=ORIENTED_EDGE('',*,*,#2294,.F.);
#823=ORIENTED_EDGE('',*,*,#2295,.T.);
#824=ORIENTED_EDGE('',*,*,#2296,.T.);
#825=ORIENTED_EDGE('',*,*,#2297,.T.);
#826=ORIENTED_EDGE('',*,*,#2298,.F.);
#827=ORIENTED_EDGE('',*,*,#2299,.T.);
#828=ORIENTED_EDGE('',*,*,#2300,.T.);
#829=ORIENTED_EDGE('',*,*,#2301,.T.);
#830=ORIENTED_EDGE('',*,*,#2302,.F.);
#831=ORIENTED_EDGE('',*,*,#2303,.T.);
#832=ORIENTED_EDGE('',*,*,#2304,.T.);
#833=ORIENTED_EDGE('',*,*,#2305,.T.);
#834=ORIENTED_EDGE('',*,*,#2306,.F.);
#835=ORIENTED_EDGE('',*,*,#2307,.T.);
#836=ORIENTED_EDGE('',*,*,#2308,.T.);
#837=ORIENTED_EDGE('',*,*,#2309,.T.);
#838=ORIENTED_EDGE('',*,*,#2310,.T.);
#839=ORIENTED_EDGE('',*,*,#2252,.T.);
#840=ORIENTED_EDGE('',*,*,#2311,.T.);
#841=ORIENTED_EDGE('',*,*,#2312,.T.);
#842=ORIENTED_EDGE('',*,*,#2313,.T.);
#843=ORIENTED_EDGE('',*,*,#2314,.T.);
#844=ORIENTED_EDGE('',*,*,#2315,.T.);
#845=ORIENTED_EDGE('',*,*,#2306,.T.);
#846=ORIENTED_EDGE('',*,*,#2316,.T.);
#847=ORIENTED_EDGE('',*,*,#2317,.T.);
#848=ORIENTED_EDGE('',*,*,#2318,.T.);
#849=ORIENTED_EDGE('',*,*,#2319,.T.);
#850=ORIENTED_EDGE('',*,*,#2320,.T.);
#851=ORIENTED_EDGE('',*,*,#2302,.T.);
#852=ORIENTED_EDGE('',*,*,#2321,.T.);
#853=ORIENTED_EDGE('',*,*,#2322,.T.);
#854=ORIENTED_EDGE('',*,*,#2323,.T.);
#855=ORIENTED_EDGE('',*,*,#2324,.T.);
#856=ORIENTED_EDGE('',*,*,#2325,.T.);
#857=ORIENTED_EDGE('',*,*,#2298,.T.);
#858=ORIENTED_EDGE('',*,*,#2326,.T.);
#859=ORIENTED_EDGE('',*,*,#2327,.T.);
#860=ORIENTED_EDGE('',*,*,#2328,.T.);
#861=ORIENTED_EDGE('',*,*,#2329,.T.);
#862=ORIENTED_EDGE('',*,*,#2330,.T.);
#863=ORIENTED_EDGE('',*,*,#2294,.T.);
#864=ORIENTED_EDGE('',*,*,#2331,.T.);
#865=ORIENTED_EDGE('',*,*,#2332,.T.);
#866=ORIENTED_EDGE('',*,*,#2333,.T.);
#867=ORIENTED_EDGE('',*,*,#2334,.T.);
#868=ORIENTED_EDGE('',*,*,#2335,.T.);
#869=ORIENTED_EDGE('',*,*,#2290,.T.);
#870=ORIENTED_EDGE('',*,*,#2336,.T.);
#871=ORIENTED_EDGE('',*,*,#2337,.T.);
#872=ORIENTED_EDGE('',*,*,#2338,.T.);
#873=ORIENTED_EDGE('',*,*,#2339,.T.);
#874=ORIENTED_EDGE('',*,*,#2340,.T.);
#875=ORIENTED_EDGE('',*,*,#2286,.T.);
#876=ORIENTED_EDGE('',*,*,#2341,.T.);
#877=ORIENTED_EDGE('',*,*,#2342,.T.);
#878=ORIENTED_EDGE('',*,*,#2343,.T.);
#879=ORIENTED_EDGE('',*,*,#2344,.T.);
#880=ORIENTED_EDGE('',*,*,#2345,.T.);
#881=ORIENTED_EDGE('',*,*,#2282,.T.);
#882=ORIENTED_EDGE('',*,*,#2346,.T.);
#883=ORIENTED_EDGE('',*,*,#2347,.T.);
#884=ORIENTED_EDGE('',*,*,#2348,.T.);
#885=ORIENTED_EDGE('',*,*,#2349,.T.);
#886=ORIENTED_EDGE('',*,*,#2350,.T.);
#887=ORIENTED_EDGE('',*,*,#2278,.T.);
#888=ORIENTED_EDGE('',*,*,#2351,.T.);
#889=ORIENTED_EDGE('',*,*,#2352,.T.);
#890=ORIENTED_EDGE('',*,*,#2353,.T.);
#891=ORIENTED_EDGE('',*,*,#2354,.T.);
#892=ORIENTED_EDGE('',*,*,#2355,.T.);
#893=ORIENTED_EDGE('',*,*,#2274,.T.);
#894=ORIENTED_EDGE('',*,*,#2356,.T.);
#895=ORIENTED_EDGE('',*,*,#2357,.T.);
#896=ORIENTED_EDGE('',*,*,#2358,.T.);
#897=ORIENTED_EDGE('',*,*,#2359,.T.);
#898=ORIENTED_EDGE('',*,*,#2360,.T.);
#899=ORIENTED_EDGE('',*,*,#2270,.T.);
#900=ORIENTED_EDGE('',*,*,#2361,.T.);
#901=ORIENTED_EDGE('',*,*,#2362,.T.);
#902=ORIENTED_EDGE('',*,*,#2363,.T.);
#903=ORIENTED_EDGE('',*,*,#2364,.T.);
#904=ORIENTED_EDGE('',*,*,#2365,.T.);
#905=ORIENTED_EDGE('',*,*,#2266,.T.);
#906=ORIENTED_EDGE('',*,*,#2366,.T.);
#907=ORIENTED_EDGE('',*,*,#2367,.T.);
#908=ORIENTED_EDGE('',*,*,#2368,.T.);
#909=ORIENTED_EDGE('',*,*,#2369,.T.);
#910=ORIENTED_EDGE('',*,*,#2370,.T.);
#911=ORIENTED_EDGE('',*,*,#2262,.T.);
#912=ORIENTED_EDGE('',*,*,#2371,.T.);
#913=ORIENTED_EDGE('',*,*,#2372,.T.);
#914=ORIENTED_EDGE('',*,*,#2373,.T.);
#915=ORIENTED_EDGE('',*,*,#2374,.T.);
#916=ORIENTED_EDGE('',*,*,#2375,.T.);
#917=ORIENTED_EDGE('',*,*,#2258,.T.);
#918=ORIENTED_EDGE('',*,*,#2376,.T.);
#919=ORIENTED_EDGE('',*,*,#2377,.T.);
#920=ORIENTED_EDGE('',*,*,#2378,.T.);
#921=ORIENTED_EDGE('',*,*,#2379,.T.);
#922=ORIENTED_EDGE('',*,*,#2380,.T.);
#923=ORIENTED_EDGE('',*,*,#2254,.T.);
#924=ORIENTED_EDGE('',*,*,#2381,.T.);
#925=ORIENTED_EDGE('',*,*,#2382,.T.);
#926=ORIENTED_EDGE('',*,*,#2383,.T.);
#927=ORIENTED_EDGE('',*,*,#2384,.T.);
#928=ORIENTED_EDGE('',*,*,#2385,.T.);
#929=ORIENTED_EDGE('',*,*,#2246,.T.);
#930=ORIENTED_EDGE('',*,*,#2386,.T.);
#931=ORIENTED_EDGE('',*,*,#2387,.T.);
#932=ORIENTED_EDGE('',*,*,#2388,.T.);
#933=ORIENTED_EDGE('',*,*,#2389,.T.);
#934=ORIENTED_EDGE('',*,*,#2390,.T.);
#935=ORIENTED_EDGE('',*,*,#2391,.T.);
#936=ORIENTED_EDGE('',*,*,#2392,.T.);
#937=ORIENTED_EDGE('',*,*,#2248,.F.);
#938=ORIENTED_EDGE('',*,*,#2393,.T.);
#939=ORIENTED_EDGE('',*,*,#2394,.T.);
#940=ORIENTED_EDGE('',*,*,#2395,.T.);
#941=ORIENTED_EDGE('',*,*,#2396,.T.);
#942=ORIENTED_EDGE('',*,*,#2397,.T.);
#943=ORIENTED_EDGE('',*,*,#2256,.F.);
#944=ORIENTED_EDGE('',*,*,#2398,.T.);
#945=ORIENTED_EDGE('',*,*,#2399,.T.);
#946=ORIENTED_EDGE('',*,*,#2400,.T.);
#947=ORIENTED_EDGE('',*,*,#2401,.T.);
#948=ORIENTED_EDGE('',*,*,#2402,.T.);
#949=ORIENTED_EDGE('',*,*,#2260,.F.);
#950=ORIENTED_EDGE('',*,*,#2403,.T.);
#951=ORIENTED_EDGE('',*,*,#2404,.T.);
#952=ORIENTED_EDGE('',*,*,#2405,.T.);
#953=ORIENTED_EDGE('',*,*,#2406,.T.);
#954=ORIENTED_EDGE('',*,*,#2407,.T.);
#955=ORIENTED_EDGE('',*,*,#2264,.F.);
#956=ORIENTED_EDGE('',*,*,#2408,.T.);
#957=ORIENTED_EDGE('',*,*,#2409,.T.);
#958=ORIENTED_EDGE('',*,*,#2410,.T.);
#959=ORIENTED_EDGE('',*,*,#2411,.T.);
#960=ORIENTED_EDGE('',*,*,#2412,.T.);
#961=ORIENTED_EDGE('',*,*,#2268,.F.);
#962=ORIENTED_EDGE('',*,*,#2413,.T.);
#963=ORIENTED_EDGE('',*,*,#2414,.T.);
#964=ORIENTED_EDGE('',*,*,#2415,.T.);
#965=ORIENTED_EDGE('',*,*,#2416,.T.);
#966=ORIENTED_EDGE('',*,*,#2417,.T.);
#967=ORIENTED_EDGE('',*,*,#2272,.F.);
#968=ORIENTED_EDGE('',*,*,#2418,.T.);
#969=ORIENTED_EDGE('',*,*,#2419,.T.);
#970=ORIENTED_EDGE('',*,*,#2420,.T.);
#971=ORIENTED_EDGE('',*,*,#2421,.T.);
#972=ORIENTED_EDGE('',*,*,#2422,.T.);
#973=ORIENTED_EDGE('',*,*,#2276,.F.);
#974=ORIENTED_EDGE('',*,*,#2423,.T.);
#975=ORIENTED_EDGE('',*,*,#2424,.T.);
#976=ORIENTED_EDGE('',*,*,#2425,.T.);
#977=ORIENTED_EDGE('',*,*,#2426,.T.);
#978=ORIENTED_EDGE('',*,*,#2427,.T.);
#979=ORIENTED_EDGE('',*,*,#2280,.F.);
#980=ORIENTED_EDGE('',*,*,#2428,.T.);
#981=ORIENTED_EDGE('',*,*,#2429,.T.);
#982=ORIENTED_EDGE('',*,*,#2430,.T.);
#983=ORIENTED_EDGE('',*,*,#2431,.T.);
#984=ORIENTED_EDGE('',*,*,#2432,.T.);
#985=ORIENTED_EDGE('',*,*,#2284,.F.);
#986=ORIENTED_EDGE('',*,*,#2433,.T.);
#987=ORIENTED_EDGE('',*,*,#2434,.T.);
#988=ORIENTED_EDGE('',*,*,#2435,.T.);
#989=ORIENTED_EDGE('',*,*,#2436,.T.);
#990=ORIENTED_EDGE('',*,*,#2437,.T.);
#991=ORIENTED_EDGE('',*,*,#2288,.F.);
#992=ORIENTED_EDGE('',*,*,#2438,.T.);
#993=ORIENTED_EDGE('',*,*,#2439,.T.);
#994=ORIENTED_EDGE('',*,*,#2440,.T.);
#995=ORIENTED_EDGE('',*,*,#2441,.T.);
#996=ORIENTED_EDGE('',*,*,#2442,.T.);
#997=ORIENTED_EDGE('',*,*,#2292,.F.);
#998=ORIENTED_EDGE('',*,*,#2443,.T.);
#999=ORIENTED_EDGE('',*,*,#2444,.T.);
#1000=ORIENTED_EDGE('',*,*,#2445,.T.);
#1001=ORIENTED_EDGE('',*,*,#2446,.T.);
#1002=ORIENTED_EDGE('',*,*,#2447,.T.);
#1003=ORIENTED_EDGE('',*,*,#2296,.F.);
#1004=ORIENTED_EDGE('',*,*,#2448,.T.);
#1005=ORIENTED_EDGE('',*,*,#2449,.T.);
#1006=ORIENTED_EDGE('',*,*,#2450,.T.);
#1007=ORIENTED_EDGE('',*,*,#2451,.T.);
#1008=ORIENTED_EDGE('',*,*,#2452,.T.);
#1009=ORIENTED_EDGE('',*,*,#2300,.F.);
#1010=ORIENTED_EDGE('',*,*,#2453,.T.);
#1011=ORIENTED_EDGE('',*,*,#2454,.T.);
#1012=ORIENTED_EDGE('',*,*,#2455,.T.);
#1013=ORIENTED_EDGE('',*,*,#2456,.T.);
#1014=ORIENTED_EDGE('',*,*,#2457,.T.);
#1015=ORIENTED_EDGE('',*,*,#2304,.F.);
#1016=ORIENTED_EDGE('',*,*,#2458,.T.);
#1017=ORIENTED_EDGE('',*,*,#2459,.T.);
#1018=ORIENTED_EDGE('',*,*,#2460,.T.);
#1019=ORIENTED_EDGE('',*,*,#2461,.T.);
#1020=ORIENTED_EDGE('',*,*,#2462,.T.);
#1021=ORIENTED_EDGE('',*,*,#2308,.F.);
#1022=ORIENTED_EDGE('',*,*,#2463,.T.);
#1023=ORIENTED_EDGE('',*,*,#2464,.T.);
#1024=ORIENTED_EDGE('',*,*,#2465,.T.);
#1025=ORIENTED_EDGE('',*,*,#2466,.T.);
#1026=ORIENTED_EDGE('',*,*,#2467,.T.);
#1027=ORIENTED_EDGE('',*,*,#2250,.F.);
#1028=ORIENTED_EDGE('',*,*,#2468,.T.);
#1029=ORIENTED_EDGE('',*,*,#2458,.F.);
#1030=ORIENTED_EDGE('',*,*,#2303,.F.);
#1031=ORIENTED_EDGE('',*,*,#2320,.F.);
#1032=ORIENTED_EDGE('',*,*,#2469,.F.);
#1033=CARTESIAN_POINT('',(-13.6865447483073,-7.9433191105419E-16,12.9724245653071));
#1034=CARTESIAN_POINT('',(-13.6465749562826,-7.79356321010817E-16,12.7278546198534));
#1035=CARTESIAN_POINT('',(-13.5979700003868,-7.64506266871862E-16,12.4853348313022));
#1036=CARTESIAN_POINT('',(-13.4853461981577,-7.35534782599669E-16,12.0121945872357));
#1037=CARTESIAN_POINT('',(-13.4226665871265,-7.21350842401623E-16,11.78055326489));
#1038=CARTESIAN_POINT('',(-13.2804120543341,-6.93904035498512E-16,11.3323128918744));
#1039=CARTESIAN_POINT('',(-13.2031968170601,-6.80504269107843E-16,11.1134780996715));
#1040=CARTESIAN_POINT('',(-13.0312834643354,-6.54765098047194E-16,10.6931255363272));
#1041=CARTESIAN_POINT('',(-12.9395940995918,-6.42235165889963E-16,10.4884962151881));
#1042=CARTESIAN_POINT('',(-12.73709271088,-6.18458203471452E-16,10.1001889508395));
#1043=CARTESIAN_POINT('',(-12.6309547493172,-6.06888825037228E-16,9.91124666246247));
#1044=CARTESIAN_POINT('',(-12.3942981202948,-5.85539398609485E-16,9.56258406941757));
#1045=CARTESIAN_POINT('',(-12.2672359215212,-5.75526726764088E-16,9.39906472894539));
#1046=CARTESIAN_POINT('',(-12.1291610258898,-5.65970518518026E-16,9.24300000476998));
#1047=ORIENTED_EDGE('',*,*,#2462,.F.);
#1048=ORIENTED_EDGE('',*,*,#2470,.T.);
#1049=ORIENTED_EDGE('',*,*,#2316,.F.);
#1050=ORIENTED_EDGE('',*,*,#2305,.F.);
#1051=CARTESIAN_POINT('',(-13.1810474965051,-4.6957493459777E-16,7.66874065117724));
#1052=CARTESIAN_POINT('',(-13.3780714759015,-4.73729009144211E-16,7.73658183688618));
#1053=CARTESIAN_POINT('',(-13.577768246084,-4.77085399994128E-16,7.79139585921906));
#1054=CARTESIAN_POINT('',(-13.9904550506367,-4.82303302695826E-16,7.87661067716218));
#1055=CARTESIAN_POINT('',(-14.2056322031292,-4.83880256307146E-16,7.90236428403753));
#1056=CARTESIAN_POINT('',(-14.6418752634773,-4.86236974665765E-16,7.9408524156402));
#1057=CARTESIAN_POINT('',(-14.8660161058407,-4.86628964295033E-16,7.94725409209974));
#1058=CARTESIAN_POINT('',(-15.3201596274433,-4.86504372783498E-16,7.94521935830348));
#1059=CARTESIAN_POINT('',(-15.5518856049918,-4.85744670974141E-16,7.93281248621782));
#1060=CARTESIAN_POINT('',(-16.0204441641447,-4.83288757350623E-16,7.89270437300138));
#1061=CARTESIAN_POINT('',(-16.2584392894325,-4.81406665862614E-16,7.86196748642609));
#1062=CARTESIAN_POINT('',(-16.7386631401359,-4.76691034355975E-16,7.7849553795897));
#1063=CARTESIAN_POINT('',(-16.9813225203595,-4.73757810481627E-16,7.73705219842122));
#1064=CARTESIAN_POINT('',(-17.2225714644345,-4.70288043602109E-16,7.68038660501202));
#1065=ORIENTED_EDGE('',*,*,#2461,.F.);
#1066=ORIENTED_EDGE('',*,*,#2471,.T.);
#1067=ORIENTED_EDGE('',*,*,#2317,.F.);
#1068=ORIENTED_EDGE('',*,*,#2470,.F.);
#1069=CARTESIAN_POINT('',(-12.1207237077929,-4.87318864552802E-16,7.9585210183392));
#1070=CARTESIAN_POINT('',(-12.1522536337863,-4.84395428733564E-16,7.91077768824152));
#1071=CARTESIAN_POINT('',(-12.187968252017,-4.81732933868577E-16,7.86729584732477));
#1072=CARTESIAN_POINT('',(-12.2681488873708,-4.76906832461288E-16,7.78847963009953));
#1073=CARTESIAN_POINT('',(-12.3137479188629,-4.74701704743865E-16,7.75246716154193));
#1074=CARTESIAN_POINT('',(-12.410395655886,-4.7096588987173E-16,7.69145667468587));
#1075=CARTESIAN_POINT('',(-12.4639260523528,-4.69374682485179E-16,7.66547028599554));
#1076=CARTESIAN_POINT('',(-12.5754218980542,-4.66900685129216E-16,7.62506684301613));
#1077=CARTESIAN_POINT('',(-12.6364024653649,-4.66025691391449E-16,7.61077711085211));
#1078=CARTESIAN_POINT('',(-12.7643897820326,-4.65008516683949E-16,7.59416538723991));
#1079=CARTESIAN_POINT('',(-12.8349421393779,-4.65035612168533E-16,7.59460789008405));
#1080=CARTESIAN_POINT('',(-12.9971610059796,-4.65976595244068E-16,7.60997530991792));
#1081=CARTESIAN_POINT('',(-13.0898896649231,-4.67358376057315E-16,7.6325415031127));
#1082=CARTESIAN_POINT('',(-13.1810474965051,-4.6957493459777E-16,7.66874065117724));
#1083=ORIENTED_EDGE('',*,*,#2460,.F.);
#1084=ORIENTED_EDGE('',*,*,#2472,.T.);
#1085=ORIENTED_EDGE('',*,*,#2318,.F.);
#1086=ORIENTED_EDGE('',*,*,#2471,.F.);
#1087=ORIENTED_EDGE('',*,*,#2459,.F.);
#1088=ORIENTED_EDGE('',*,*,#2469,.T.);
#1089=ORIENTED_EDGE('',*,*,#2319,.F.);
#1090=ORIENTED_EDGE('',*,*,#2472,.F.);
#1091=CARTESIAN_POINT('',(-12.1291610258898,-5.65970518518026E-16,9.24300000476998));
#1092=CARTESIAN_POINT('',(-12.0608327820219,-5.61661841198758E-16,9.17263396417333));
#1093=CARTESIAN_POINT('',(-12.0044986165194,-5.56944844518843E-16,9.0955995623654));
#1094=CARTESIAN_POINT('',(-11.9282224992018,-5.4812801007304E-16,8.95160972869349));
#1095=CARTESIAN_POINT('',(-11.9008144616107,-5.44147140096884E-16,8.88659718827895));
#1096=CARTESIAN_POINT('',(-11.8671830674142,-5.36517474582534E-16,8.76199529457928));
#1097=CARTESIAN_POINT('',(-11.8570488056796,-5.32732878665795E-16,8.70018815280788));
#1098=CARTESIAN_POINT('',(-11.8517091067638,-5.25478655304042E-16,8.58171769476556));
#1099=CARTESIAN_POINT('',(-11.8552322035429,-5.21841442181572E-16,8.52231749668392));
#1100=CARTESIAN_POINT('',(-11.8746130558834,-5.14944319055549E-16,8.40967892806437));
#1101=CARTESIAN_POINT('',(-11.8904342446151,-5.11520856465581E-16,8.3537695410909));
#1102=CARTESIAN_POINT('',(-11.932567133793,-5.05138064187142E-16,8.24953063264998));
#1103=CARTESIAN_POINT('',(-11.9590717239618,-5.02098748930726E-16,8.19989484772763));
#1104=CARTESIAN_POINT('',(-11.9911148291516,-4.9919630939775E-16,8.15249441300642));
#1105=ORIENTED_EDGE('',*,*,#2453,.F.);
#1106=ORIENTED_EDGE('',*,*,#2299,.F.);
#1107=ORIENTED_EDGE('',*,*,#2325,.F.);
#1108=ORIENTED_EDGE('',*,*,#2473,.F.);
#1109=CARTESIAN_POINT('',(-7.68038660501203,-1.05457835085031E-15,17.2225714644345));
#1110=CARTESIAN_POINT('',(-7.73705219842123,-1.03980611349236E-15,16.9813225203595));
#1111=CARTESIAN_POINT('',(-7.78495537958972,-1.02494751182866E-15,16.7386631401359));
#1112=CARTESIAN_POINT('',(-7.8619674864261,-9.95542281746751E-16,16.2584392894325));
#1113=CARTESIAN_POINT('',(-7.89270437300139,-9.80969283326933E-16,16.0204441641447));
#1114=CARTESIAN_POINT('',(-7.93281248621783,-9.52278346342952E-16,15.5518856049918));
#1115=CARTESIAN_POINT('',(-7.94521935830349,-9.38089222508746E-16,15.3201596274433));
#1116=CARTESIAN_POINT('',(-7.94725409209975,-9.10280952004542E-16,14.8660161058407));
#1117=CARTESIAN_POINT('',(-7.94085241564021,-8.96556283746611E-16,14.6418752634773));
#1118=CARTESIAN_POINT('',(-7.90236428403754,-8.69844100371336E-16,14.2056322031292));
#1119=CARTESIAN_POINT('',(-7.87661067716219,-8.56668299818858E-16,13.9904550506367));
#1120=CARTESIAN_POINT('',(-7.79139585921907,-8.31398521106567E-16,13.577768246084));
#1121=CARTESIAN_POINT('',(-7.73658183688619,-8.19170620586361E-16,13.3780714759015));
#1122=CARTESIAN_POINT('',(-7.66874065117725,-8.07106381300209E-16,13.1810474965051));
#1123=ORIENTED_EDGE('',*,*,#2457,.F.);
#1124=ORIENTED_EDGE('',*,*,#2474,.T.);
#1125=ORIENTED_EDGE('',*,*,#2321,.F.);
#1126=ORIENTED_EDGE('',*,*,#2301,.F.);
#1127=CARTESIAN_POINT('',(-9.24300000476999,-7.42696911334937E-16,12.1291610258898));
#1128=CARTESIAN_POINT('',(-9.3990647289454,-7.51151560283818E-16,12.2672359215212));
#1129=CARTESIAN_POINT('',(-9.56258406941758,-7.58931876034856E-16,12.3942981202948));
#1130=CARTESIAN_POINT('',(-9.91124666246248,-7.73422915196316E-16,12.6309547493172));
#1131=CARTESIAN_POINT('',(-10.1001889508395,-7.79921990941115E-16,12.73709271088));
#1132=CARTESIAN_POINT('',(-10.4884962151881,-7.92321624816552E-16,12.9395940995918));
#1133=CARTESIAN_POINT('',(-10.6931255363272,-7.97935979169007E-16,13.0312834643354));
#1134=CARTESIAN_POINT('',(-11.1134780996715,-8.0846263602626E-16,13.2031968170601));
#1135=CARTESIAN_POINT('',(-11.3323128918744,-8.1319070568491E-16,13.2804120543341));
#1136=CARTESIAN_POINT('',(-11.78055326489,-8.21901283597327E-16,13.4226665871265));
#1137=CARTESIAN_POINT('',(-12.0121945872357,-8.25739302848389E-16,13.4853461981577));
#1138=CARTESIAN_POINT('',(-12.4853348313022,-8.32635521793771E-16,13.5979700003868));
#1139=CARTESIAN_POINT('',(-12.7278546198534,-8.35611716976796E-16,13.6465749562826));
#1140=CARTESIAN_POINT('',(-12.9724245653071,-8.38059160870077E-16,13.6865447483073));
#1141=ORIENTED_EDGE('',*,*,#2456,.F.);
#1142=ORIENTED_EDGE('',*,*,#2475,.T.);
#1143=ORIENTED_EDGE('',*,*,#2322,.F.);
#1144=ORIENTED_EDGE('',*,*,#2474,.F.);
#1145=CARTESIAN_POINT('',(-8.15249441300643,-7.34244019686442E-16,11.9911148291516));
#1146=CARTESIAN_POINT('',(-8.19989484772764,-7.3228194537617E-16,11.9590717239618));
#1147=CARTESIAN_POINT('',(-8.24953063264999,-7.30659007300525E-16,11.932567133793));
#1148=CARTESIAN_POINT('',(-8.35376954109091,-7.28079111906995E-16,11.890434244615));
#1149=CARTESIAN_POINT('',(-8.40967892806438,-7.27110343500049E-16,11.8746130558834));
#1150=CARTESIAN_POINT('',(-8.52231749668393,-7.2592360856087E-16,11.8552322035429));
#1151=CARTESIAN_POINT('',(-8.58171769476557,-7.25707881101188E-16,11.8517091067637));
#1152=CARTESIAN_POINT('',(-8.70018815280789,-7.26034843360471E-16,11.8570488056796));
#1153=CARTESIAN_POINT('',(-8.76199529457928,-7.26655387920223E-16,11.8671830674142));
#1154=CARTESIAN_POINT('',(-8.88659718827896,-7.28714716882904E-16,11.9008144616107));
#1155=CARTESIAN_POINT('',(-8.9516097286935,-7.30392975158249E-16,11.9282224992018));
#1156=CARTESIAN_POINT('',(-9.09559956236541,-7.35063540304465E-16,12.0044986165194));
#1157=CARTESIAN_POINT('',(-9.17263396417333,-7.38513013077726E-16,12.0608327820218));
#1158=CARTESIAN_POINT('',(-9.24300000476999,-7.42696911334937E-16,12.1291610258898));
#1159=ORIENTED_EDGE('',*,*,#2455,.F.);
#1160=ORIENTED_EDGE('',*,*,#2476,.T.);
#1161=ORIENTED_EDGE('',*,*,#2323,.F.);
#1162=ORIENTED_EDGE('',*,*,#2475,.F.);
#1163=ORIENTED_EDGE('',*,*,#2454,.F.);
#1164=ORIENTED_EDGE('',*,*,#2473,.T.);
#1165=ORIENTED_EDGE('',*,*,#2324,.F.);
#1166=ORIENTED_EDGE('',*,*,#2476,.F.);
#1167=CARTESIAN_POINT('',(-7.66874065117725,-8.07106381300209E-16,13.1810474965051));
#1168=CARTESIAN_POINT('',(-7.63254150311271,-8.01524573967006E-16,13.0898896649231));
#1169=CARTESIAN_POINT('',(-7.60997530991793,-7.95846581198787E-16,12.9971610059796));
#1170=CARTESIAN_POINT('',(-7.59460789008406,-7.8591354041153E-16,12.8349421393779));
#1171=CARTESIAN_POINT('',(-7.59416538723991,-7.81593454481767E-16,12.7643897820326));
#1172=CARTESIAN_POINT('',(-7.61077711085212,-7.73756491597344E-16,12.6364024653649));
#1173=CARTESIAN_POINT('',(-7.62506684301614,-7.70022508768982E-16,12.5754218980542));
#1174=CARTESIAN_POINT('',(-7.66547028599554,-7.63195357241158E-16,12.4639260523528));
#1175=CARTESIAN_POINT('',(-7.69145667468588,-7.59917565806652E-16,12.410395655886));
#1176=CARTESIAN_POINT('',(-7.75246716154194,-7.53999598717142E-16,12.3137479188629));
#1177=CARTESIAN_POINT('',(-7.78847963009954,-7.51207463319089E-16,12.2681488873708));
#1178=CARTESIAN_POINT('',(-7.86729584732477,-7.46297815397107E-16,12.187968252017));
#1179=CARTESIAN_POINT('',(-7.91077768824153,-7.44110925752159E-16,12.1522536337863));
#1180=CARTESIAN_POINT('',(-7.95852101833921,-7.42180274604901E-16,12.1207237077929));
#1181=ORIENTED_EDGE('',*,*,#2448,.F.);
#1182=ORIENTED_EDGE('',*,*,#2295,.F.);
#1183=ORIENTED_EDGE('',*,*,#2330,.F.);
#1184=ORIENTED_EDGE('',*,*,#2477,.F.);
#1185=CARTESIAN_POINT('',(-0.50495922398164,-1.15427479650603E-15,18.8507379811008));
#1186=CARTESIAN_POINT('',(-0.649633379903061,-1.14195485106058E-15,18.6495380032128));
#1187=CARTESIAN_POINT('',(-0.786751873046341,-1.12934978928188E-15,18.4436817222432));
#1188=CARTESIAN_POINT('',(-1.04167549379884,-1.10398749311115E-15,18.0294839929323));
#1189=CARTESIAN_POINT('',(-1.16114946563016,-1.09124404337441E-15,17.8213676650963));
#1190=CARTESIAN_POINT('',(-1.37751412819912,-1.06567691138138E-15,17.4038247129433));
#1191=CARTESIAN_POINT('',(-1.47765427583799,-1.05285859558267E-15,17.1944857295297));
#1192=CARTESIAN_POINT('',(-1.6533273263797,-1.02721478273658E-15,16.7756904840116));
#1193=CARTESIAN_POINT('',(-1.73318793541382,-1.01438483470579E-15,16.5661615318317));
#1194=CARTESIAN_POINT('',(-1.86457253006096,-9.88804118146089E-16,16.1483967268691));
#1195=CARTESIAN_POINT('',(-1.92312403106285,-9.76027791670544E-16,15.9397434811424));
#1196=CARTESIAN_POINT('',(-2.00232420775654,-9.50684755411535E-16,15.5258602900598));
#1197=CARTESIAN_POINT('',(-2.02810329987426,-9.38103213224528E-16,15.3203881131714));
#1198=CARTESIAN_POINT('',(-2.04082402963009,-9.25367613967001E-16,15.1123999933904));
#1199=ORIENTED_EDGE('',*,*,#2452,.F.);
#1200=ORIENTED_EDGE('',*,*,#2478,.T.);
#1201=ORIENTED_EDGE('',*,*,#2326,.F.);
#1202=ORIENTED_EDGE('',*,*,#2297,.F.);
#1203=CARTESIAN_POINT('',(-3.89778955031235,-9.02750015885626E-16,14.7430265855291));
#1204=CARTESIAN_POINT('',(-3.98913557974134,-9.14218095576064E-16,14.9303145398751));
#1205=CARTESIAN_POINT('',(-4.09158315322278,-9.25237853683865E-16,15.110280847148));
#1206=CARTESIAN_POINT('',(-4.32314081560306,-9.46795899954352E-16,15.4623504607785));
#1207=CARTESIAN_POINT('',(-4.45708348922533,-9.57227672464752E-16,15.632714234524));
#1208=CARTESIAN_POINT('',(-4.73833869659157,-9.77782490002433E-16,15.9683998795931));
#1209=CARTESIAN_POINT('',(-4.89230353733215,-9.87764474522162E-16,16.1314180580047));
#1210=CARTESIAN_POINT('',(-5.2148702751545,-1.00733979166607E-15,16.4511072476965));
#1211=CARTESIAN_POINT('',(-5.38749826864124,-1.01683582704726E-15,16.6061892744131));
#1212=CARTESIAN_POINT('',(-5.74717992203715,-1.03538678997003E-15,16.9091494901371));
#1213=CARTESIAN_POINT('',(-5.93720214994744,-1.04436061632092E-15,17.0557031961875));
#1214=CARTESIAN_POINT('',(-6.33122747424486,-1.06181879889827E-15,17.34081695453));
#1215=CARTESIAN_POINT('',(-6.53668623176411,-1.07025131440132E-15,17.47853038356));
#1216=CARTESIAN_POINT('',(-6.74734362143321,-1.07824336792079E-15,17.6090505225099));
#1217=ORIENTED_EDGE('',*,*,#2451,.F.);
#1218=ORIENTED_EDGE('',*,*,#2479,.T.);
#1219=ORIENTED_EDGE('',*,*,#2327,.F.);
#1220=ORIENTED_EDGE('',*,*,#2478,.F.);
#1221=CARTESIAN_POINT('',(-2.9431217463856,-8.69387178761435E-16,14.1981701069522));
#1222=CARTESIAN_POINT('',(-2.99917640333434,-8.68685173987619E-16,14.186705498964));
#1223=CARTESIAN_POINT('',(-3.05517675664345,-8.68348870311362E-16,14.1812132431317));
#1224=CARTESIAN_POINT('',(-3.16760450928941,-8.68407946618446E-16,14.1821780324428));
#1225=CARTESIAN_POINT('',(-3.22531255439737,-8.68823023730028E-16,14.188956756102));
#1226=CARTESIAN_POINT('',(-3.33679375361217,-8.70366038360516E-16,14.214156097358));
#1227=CARTESIAN_POINT('',(-3.39302061161491,-8.71558633377865E-16,14.2336326520378));
#1228=CARTESIAN_POINT('',(-3.50042962869854,-8.74636778212338E-16,14.2839025720934));
#1229=CARTESIAN_POINT('',(-3.55365376787907,-8.76658388785637E-16,14.3169179782448));
#1230=CARTESIAN_POINT('',(-3.655900729814,-8.81480707251795E-16,14.395672415353));
#1231=CARTESIAN_POINT('',(-3.70547588335979,-8.84554628708928E-16,14.4458733624224));
#1232=CARTESIAN_POINT('',(-3.8093155371964,-8.92243724721093E-16,14.5714458298067));
#1233=CARTESIAN_POINT('',(-3.85892789251209,-8.97235738494189E-16,14.6529716015896));
#1234=CARTESIAN_POINT('',(-3.89778955031235,-9.02750015885626E-16,14.7430265855291));
#1235=ORIENTED_EDGE('',*,*,#2450,.F.);
#1236=ORIENTED_EDGE('',*,*,#2480,.T.);
#1237=ORIENTED_EDGE('',*,*,#2328,.F.);
#1238=ORIENTED_EDGE('',*,*,#2479,.F.);
#1239=ORIENTED_EDGE('',*,*,#2449,.F.);
#1240=ORIENTED_EDGE('',*,*,#2477,.T.);
#1241=ORIENTED_EDGE('',*,*,#2329,.F.);
#1242=ORIENTED_EDGE('',*,*,#2480,.F.);
#1243=CARTESIAN_POINT('',(-2.04082402963009,-9.25367613967001E-16,15.1123999933904));
#1244=CARTESIAN_POINT('',(-2.04226496951567,-9.19362456187134E-16,15.0143283243337));
#1245=CARTESIAN_POINT('',(-2.05690224697942,-9.1358789025844E-16,14.9200225059914));
#1246=CARTESIAN_POINT('',(-2.10478307499294,-9.0405085854635E-16,14.7642709583822));
#1247=CARTESIAN_POINT('',(-2.13137347394251,-9.00049250584109E-16,14.6989197409532));
#1248=CARTESIAN_POINT('',(-2.19569933102912,-8.93198096886522E-16,14.5870319100724));
#1249=CARTESIAN_POINT('',(-2.23223757490656,-8.90083192183516E-16,14.5361616558052));
#1250=CARTESIAN_POINT('',(-2.31223310184569,-8.84722484421448E-16,14.4486146542403));
#1251=CARTESIAN_POINT('',(-2.35672659033634,-8.82303128707558E-16,14.4091035769963));
#1252=CARTESIAN_POINT('',(-2.45007841814554,-8.78265274497432E-16,14.3431604134174));
#1253=CARTESIAN_POINT('',(-2.50079959464504,-8.76529543594878E-16,14.3148137765951));
#1254=CARTESIAN_POINT('',(-2.6043000853158,-8.73840489419406E-16,14.2708981892217));
#1255=CARTESIAN_POINT('',(-2.65813946086482,-8.72838959510165E-16,14.2545419645545));
#1256=CARTESIAN_POINT('',(-2.71431452665737,-8.72174020884399E-16,14.2436826927019));
#1257=ORIENTED_EDGE('',*,*,#2443,.F.);
#1258=ORIENTED_EDGE('',*,*,#2291,.F.);
#1259=ORIENTED_EDGE('',*,*,#2335,.F.);
#1260=ORIENTED_EDGE('',*,*,#2481,.F.);
#1261=CARTESIAN_POINT('',(6.7473436214332,-1.07824336792079E-15,17.6090505225099));
#1262=CARTESIAN_POINT('',(6.5366862317641,-1.07025131440132E-15,17.47853038356));
#1263=CARTESIAN_POINT('',(6.33122747424485,-1.06181879889827E-15,17.34081695453));
#1264=CARTESIAN_POINT('',(5.93720214994743,-1.04436061632092E-15,17.0557031961875));
#1265=CARTESIAN_POINT('',(5.74717992203714,-1.03538678997003E-15,16.9091494901371));
#1266=CARTESIAN_POINT('',(5.38749826864123,-1.01683582704726E-15,16.6061892744131));
#1267=CARTESIAN_POINT('',(5.21487027515449,-1.00733979166607E-15,16.4511072476965));
#1268=CARTESIAN_POINT('',(4.89230353733214,-9.87764474522163E-16,16.1314180580047));
#1269=CARTESIAN_POINT('',(4.73833869659156,-9.77782490002433E-16,15.9683998795931));
#1270=CARTESIAN_POINT('',(4.45708348922532,-9.57227672464752E-16,15.632714234524));
#1271=CARTESIAN_POINT('',(4.32314081560305,-9.46795899954353E-16,15.4623504607785));
#1272=CARTESIAN_POINT('',(4.09158315322277,-9.25237853683865E-16,15.110280847148));
#1273=CARTESIAN_POINT('',(3.98913557974134,-9.14218095576064E-16,14.9303145398751));
#1274=CARTESIAN_POINT('',(3.89778955031234,-9.02750015885626E-16,14.7430265855291));
#1275=ORIENTED_EDGE('',*,*,#2447,.F.);
#1276=ORIENTED_EDGE('',*,*,#2482,.T.);
#1277=ORIENTED_EDGE('',*,*,#2331,.F.);
#1278=ORIENTED_EDGE('',*,*,#2293,.F.);
#1279=CARTESIAN_POINT('',(2.04082402963009,-9.25367613967001E-16,15.1123999933904));
#1280=CARTESIAN_POINT('',(2.02810329987425,-9.38103213224527E-16,15.3203881131714));
#1281=CARTESIAN_POINT('',(2.00232420775653,-9.50684755411535E-16,15.5258602900598));
#1282=CARTESIAN_POINT('',(1.92312403106284,-9.76027791670544E-16,15.9397434811424));
#1283=CARTESIAN_POINT('',(1.86457253006095,-9.88804118146089E-16,16.1483967268691));
#1284=CARTESIAN_POINT('',(1.73318793541381,-1.01438483470579E-15,16.5661615318317));
#1285=CARTESIAN_POINT('',(1.65332732637969,-1.02721478273658E-15,16.7756904840116));
#1286=CARTESIAN_POINT('',(1.47765427583798,-1.05285859558267E-15,17.1944857295297));
#1287=CARTESIAN_POINT('',(1.37751412819912,-1.06567691138138E-15,17.4038247129433));
#1288=CARTESIAN_POINT('',(1.16114946563016,-1.09124404337441E-15,17.8213676650963));
#1289=CARTESIAN_POINT('',(1.04167549379883,-1.10398749311115E-15,18.0294839929323));
#1290=CARTESIAN_POINT('',(0.786751873046329,-1.12934978928188E-15,18.4436817222432));
#1291=CARTESIAN_POINT('',(0.649633379903049,-1.14195485106058E-15,18.6495380032128));
#1292=CARTESIAN_POINT('',(0.504959223981628,-1.15427479650603E-15,18.8507379811008));
#1293=ORIENTED_EDGE('',*,*,#2446,.F.);
#1294=ORIENTED_EDGE('',*,*,#2483,.T.);
#1295=ORIENTED_EDGE('',*,*,#2332,.F.);
#1296=ORIENTED_EDGE('',*,*,#2482,.F.);
#1297=CARTESIAN_POINT('',(2.71431452665736,-8.72174020884399E-16,14.2436826927019));
#1298=CARTESIAN_POINT('',(2.65813946086481,-8.72838959510165E-16,14.2545419645545));
#1299=CARTESIAN_POINT('',(2.60430008531579,-8.73840489419406E-16,14.2708981892217));
#1300=CARTESIAN_POINT('',(2.50079959464503,-8.76529543594879E-16,14.3148137765951));
#1301=CARTESIAN_POINT('',(2.45007841814553,-8.78265274497432E-16,14.3431604134174));
#1302=CARTESIAN_POINT('',(2.35672659033633,-8.82303128707558E-16,14.4091035769963));
#1303=CARTESIAN_POINT('',(2.31223310184568,-8.84722484421448E-16,14.4486146542403));
#1304=CARTESIAN_POINT('',(2.23223757490655,-8.90083192183516E-16,14.5361616558052));
#1305=CARTESIAN_POINT('',(2.19569933102911,-8.93198096886522E-16,14.5870319100724));
#1306=CARTESIAN_POINT('',(2.1313734739425,-9.00049250584109E-16,14.6989197409532));
#1307=CARTESIAN_POINT('',(2.10478307499293,-9.0405085854635E-16,14.7642709583822));
#1308=CARTESIAN_POINT('',(2.05690224697942,-9.1358789025844E-16,14.9200225059914));
#1309=CARTESIAN_POINT('',(2.04226496951566,-9.19362456187134E-16,15.0143283243337));
#1310=CARTESIAN_POINT('',(2.04082402963009,-9.25367613967001E-16,15.1123999933904));
#1311=ORIENTED_EDGE('',*,*,#2445,.F.);
#1312=ORIENTED_EDGE('',*,*,#2484,.T.);
#1313=ORIENTED_EDGE('',*,*,#2333,.F.);
#1314=ORIENTED_EDGE('',*,*,#2483,.F.);
#1315=ORIENTED_EDGE('',*,*,#2444,.F.);
#1316=ORIENTED_EDGE('',*,*,#2481,.T.);
#1317=ORIENTED_EDGE('',*,*,#2334,.F.);
#1318=ORIENTED_EDGE('',*,*,#2484,.F.);
#1319=CARTESIAN_POINT('',(3.89778955031234,-9.02750015885626E-16,14.7430265855291));
#1320=CARTESIAN_POINT('',(3.85892789251209,-8.97235738494189E-16,14.6529716015896));
#1321=CARTESIAN_POINT('',(3.8093155371964,-8.92243724721093E-16,14.5714458298067));
#1322=CARTESIAN_POINT('',(3.70547588335978,-8.84554628708928E-16,14.4458733624224));
#1323=CARTESIAN_POINT('',(3.65590072981399,-8.81480707251795E-16,14.395672415353));
#1324=CARTESIAN_POINT('',(3.55365376787906,-8.76658388785637E-16,14.3169179782448));
#1325=CARTESIAN_POINT('',(3.50042962869854,-8.74636778212339E-16,14.2839025720934));
#1326=CARTESIAN_POINT('',(3.3930206116149,-8.71558633377865E-16,14.2336326520378));
#1327=CARTESIAN_POINT('',(3.33679375361217,-8.70366038360516E-16,14.214156097358));
#1328=CARTESIAN_POINT('',(3.22531255439736,-8.68823023730028E-16,14.188956756102));
#1329=CARTESIAN_POINT('',(3.1676045092894,-8.68407946618447E-16,14.1821780324428));
#1330=CARTESIAN_POINT('',(3.05517675664344,-8.68348870311362E-16,14.1812132431317));
#1331=CARTESIAN_POINT('',(2.99917640333433,-8.68685173987619E-16,14.186705498964));
#1332=CARTESIAN_POINT('',(2.94312174638559,-8.69387178761435E-16,14.1981701069522));
#1333=ORIENTED_EDGE('',*,*,#2438,.F.);
#1334=ORIENTED_EDGE('',*,*,#2287,.F.);
#1335=ORIENTED_EDGE('',*,*,#2340,.F.);
#1336=ORIENTED_EDGE('',*,*,#2485,.F.);
#1337=CARTESIAN_POINT('',(12.9724245653071,-8.38059160870077E-16,13.6865447483073));
#1338=CARTESIAN_POINT('',(12.7278546198534,-8.35611716976796E-16,13.6465749562826));
#1339=CARTESIAN_POINT('',(12.4853348313022,-8.32635521793772E-16,13.5979700003868));
#1340=CARTESIAN_POINT('',(12.0121945872357,-8.25739302848389E-16,13.4853461981577));
#1341=CARTESIAN_POINT('',(11.78055326489,-8.21901283597328E-16,13.4226665871265));
#1342=CARTESIAN_POINT('',(11.3323128918744,-8.13190705684911E-16,13.2804120543341));
#1343=CARTESIAN_POINT('',(11.1134780996715,-8.0846263602626E-16,13.2031968170601));
#1344=CARTESIAN_POINT('',(10.6931255363272,-7.97935979169007E-16,13.0312834643354));
#1345=CARTESIAN_POINT('',(10.4884962151881,-7.92321624816552E-16,12.9395940995918));
#1346=CARTESIAN_POINT('',(10.1001889508395,-7.79921990941115E-16,12.73709271088));
#1347=CARTESIAN_POINT('',(9.91124666246247,-7.73422915196317E-16,12.6309547493172));
#1348=CARTESIAN_POINT('',(9.56258406941757,-7.58931876034856E-16,12.3942981202948));
#1349=CARTESIAN_POINT('',(9.39906472894539,-7.51151560283818E-16,12.2672359215212));
#1350=CARTESIAN_POINT('',(9.24300000476999,-7.42696911334937E-16,12.1291610258898));
#1351=ORIENTED_EDGE('',*,*,#2442,.F.);
#1352=ORIENTED_EDGE('',*,*,#2486,.T.);
#1353=ORIENTED_EDGE('',*,*,#2336,.F.);
#1354=ORIENTED_EDGE('',*,*,#2289,.F.);
#1355=CARTESIAN_POINT('',(7.66874065117724,-8.07106381300209E-16,13.1810474965051));
#1356=CARTESIAN_POINT('',(7.73658183688619,-8.19170620586361E-16,13.3780714759015));
#1357=CARTESIAN_POINT('',(7.79139585921906,-8.31398521106567E-16,13.577768246084));
#1358=CARTESIAN_POINT('',(7.87661067716218,-8.56668299818859E-16,13.9904550506367));
#1359=CARTESIAN_POINT('',(7.90236428403753,-8.69844100371336E-16,14.2056322031292));
#1360=CARTESIAN_POINT('',(7.9408524156402,-8.96556283746612E-16,14.6418752634773));
#1361=CARTESIAN_POINT('',(7.94725409209975,-9.10280952004543E-16,14.8660161058407));
#1362=CARTESIAN_POINT('',(7.94521935830349,-9.38089222508747E-16,15.3201596274433));
#1363=CARTESIAN_POINT('',(7.93281248621782,-9.52278346342952E-16,15.5518856049918));
#1364=CARTESIAN_POINT('',(7.89270437300138,-9.80969283326933E-16,16.0204441641447));
#1365=CARTESIAN_POINT('',(7.86196748642609,-9.95542281746752E-16,16.2584392894325));
#1366=CARTESIAN_POINT('',(7.78495537958971,-1.02494751182866E-15,16.7386631401359));
#1367=CARTESIAN_POINT('',(7.73705219842122,-1.03980611349236E-15,16.9813225203595));
#1368=CARTESIAN_POINT('',(7.68038660501202,-1.05457835085031E-15,17.2225714644345));
#1369=ORIENTED_EDGE('',*,*,#2441,.F.);
#1370=ORIENTED_EDGE('',*,*,#2487,.T.);
#1371=ORIENTED_EDGE('',*,*,#2337,.F.);
#1372=ORIENTED_EDGE('',*,*,#2486,.F.);
#1373=CARTESIAN_POINT('',(7.9585210183392,-7.42180274604901E-16,12.1207237077929));
#1374=CARTESIAN_POINT('',(7.91077768824152,-7.44110925752159E-16,12.1522536337863));
#1375=CARTESIAN_POINT('',(7.86729584732477,-7.46297815397107E-16,12.187968252017));
#1376=CARTESIAN_POINT('',(7.78847963009954,-7.5120746331909E-16,12.2681488873708));
#1377=CARTESIAN_POINT('',(7.75246716154194,-7.53999598717142E-16,12.3137479188629));
#1378=CARTESIAN_POINT('',(7.69145667468587,-7.59917565806653E-16,12.410395655886));
#1379=CARTESIAN_POINT('',(7.66547028599554,-7.63195357241158E-16,12.4639260523528));
#1380=CARTESIAN_POINT('',(7.62506684301613,-7.70022508768982E-16,12.5754218980542));
#1381=CARTESIAN_POINT('',(7.61077711085211,-7.73756491597345E-16,12.6364024653649));
#1382=CARTESIAN_POINT('',(7.59416538723991,-7.81593454481767E-16,12.7643897820326));
#1383=CARTESIAN_POINT('',(7.59460789008405,-7.8591354041153E-16,12.8349421393779));
#1384=CARTESIAN_POINT('',(7.60997530991792,-7.95846581198787E-16,12.9971610059796));
#1385=CARTESIAN_POINT('',(7.6325415031127,-8.01524573967006E-16,13.0898896649231));
#1386=CARTESIAN_POINT('',(7.66874065117724,-8.07106381300209E-16,13.1810474965051));
#1387=ORIENTED_EDGE('',*,*,#2440,.F.);
#1388=ORIENTED_EDGE('',*,*,#2488,.T.);
#1389=ORIENTED_EDGE('',*,*,#2338,.F.);
#1390=ORIENTED_EDGE('',*,*,#2487,.F.);
#1391=ORIENTED_EDGE('',*,*,#2439,.F.);
#1392=ORIENTED_EDGE('',*,*,#2485,.T.);
#1393=ORIENTED_EDGE('',*,*,#2339,.F.);
#1394=ORIENTED_EDGE('',*,*,#2488,.F.);
#1395=CARTESIAN_POINT('',(9.24300000476999,-7.42696911334937E-16,12.1291610258898));
#1396=CARTESIAN_POINT('',(9.17263396417333,-7.38513013077727E-16,12.0608327820219));
#1397=CARTESIAN_POINT('',(9.0955995623654,-7.35063540304465E-16,12.0044986165194));
#1398=CARTESIAN_POINT('',(8.95160972869349,-7.30392975158249E-16,11.9282224992018));
#1399=CARTESIAN_POINT('',(8.88659718827895,-7.28714716882904E-16,11.9008144616107));
#1400=CARTESIAN_POINT('',(8.76199529457928,-7.26655387920223E-16,11.8671830674142));
#1401=CARTESIAN_POINT('',(8.70018815280788,-7.26034843360471E-16,11.8570488056796));
#1402=CARTESIAN_POINT('',(8.58171769476556,-7.25707881101188E-16,11.8517091067638));
#1403=CARTESIAN_POINT('',(8.52231749668392,-7.2592360856087E-16,11.8552322035429));
#1404=CARTESIAN_POINT('',(8.40967892806437,-7.27110343500049E-16,11.8746130558834));
#1405=CARTESIAN_POINT('',(8.3537695410909,-7.28079111906995E-16,11.8904342446151));
#1406=CARTESIAN_POINT('',(8.24953063264998,-7.30659007300525E-16,11.932567133793));
#1407=CARTESIAN_POINT('',(8.19989484772763,-7.3228194537617E-16,11.9590717239618));
#1408=CARTESIAN_POINT('',(8.15249441300642,-7.34244019686443E-16,11.9911148291516));
#1409=ORIENTED_EDGE('',*,*,#2433,.F.);
#1410=ORIENTED_EDGE('',*,*,#2283,.F.);
#1411=ORIENTED_EDGE('',*,*,#2345,.F.);
#1412=ORIENTED_EDGE('',*,*,#2489,.F.);
#1413=CARTESIAN_POINT('',(17.2225714644345,-4.7028804360211E-16,7.68038660501203));
#1414=CARTESIAN_POINT('',(16.9813225203595,-4.73757810481628E-16,7.73705219842123));
#1415=CARTESIAN_POINT('',(16.7386631401359,-4.76691034355976E-16,7.78495537958972));
#1416=CARTESIAN_POINT('',(16.2584392894325,-4.81406665862614E-16,7.8619674864261));
#1417=CARTESIAN_POINT('',(16.0204441641447,-4.83288757350624E-16,7.89270437300139));
#1418=CARTESIAN_POINT('',(15.5518856049918,-4.85744670974141E-16,7.93281248621783));
#1419=CARTESIAN_POINT('',(15.3201596274433,-4.86504372783498E-16,7.94521935830349));
#1420=CARTESIAN_POINT('',(14.8660161058407,-4.86628964295033E-16,7.94725409209975));
#1421=CARTESIAN_POINT('',(14.6418752634773,-4.86236974665765E-16,7.94085241564021));
#1422=CARTESIAN_POINT('',(14.2056322031292,-4.83880256307147E-16,7.90236428403754));
#1423=CARTESIAN_POINT('',(13.9904550506367,-4.82303302695827E-16,7.87661067716219));
#1424=CARTESIAN_POINT('',(13.577768246084,-4.77085399994129E-16,7.79139585921907));
#1425=CARTESIAN_POINT('',(13.3780714759015,-4.73729009144211E-16,7.73658183688619));
#1426=CARTESIAN_POINT('',(13.1810474965051,-4.6957493459777E-16,7.66874065117725));
#1427=ORIENTED_EDGE('',*,*,#2437,.F.);
#1428=ORIENTED_EDGE('',*,*,#2490,.T.);
#1429=ORIENTED_EDGE('',*,*,#2341,.F.);
#1430=ORIENTED_EDGE('',*,*,#2285,.F.);
#1431=CARTESIAN_POINT('',(12.1291610258898,-5.65970518518027E-16,9.24300000476999));
#1432=CARTESIAN_POINT('',(12.2672359215212,-5.75526726764088E-16,9.3990647289454));
#1433=CARTESIAN_POINT('',(12.3942981202948,-5.85539398609485E-16,9.56258406941758));
#1434=CARTESIAN_POINT('',(12.6309547493172,-6.06888825037228E-16,9.91124666246248));
#1435=CARTESIAN_POINT('',(12.73709271088,-6.18458203471453E-16,10.1001889508395));
#1436=CARTESIAN_POINT('',(12.9395940995918,-6.42235165889964E-16,10.4884962151881));
#1437=CARTESIAN_POINT('',(13.0312834643354,-6.54765098047194E-16,10.6931255363272));
#1438=CARTESIAN_POINT('',(13.2031968170601,-6.80504269107844E-16,11.1134780996715));
#1439=CARTESIAN_POINT('',(13.2804120543341,-6.93904035498513E-16,11.3323128918744));
#1440=CARTESIAN_POINT('',(13.4226665871265,-7.21350842401623E-16,11.78055326489));
#1441=CARTESIAN_POINT('',(13.4853461981577,-7.3553478259967E-16,12.0121945872357));
#1442=CARTESIAN_POINT('',(13.5979700003868,-7.64506266871863E-16,12.4853348313022));
#1443=CARTESIAN_POINT('',(13.6465749562826,-7.79356321010818E-16,12.7278546198534));
#1444=CARTESIAN_POINT('',(13.6865447483073,-7.9433191105419E-16,12.9724245653071));
#1445=ORIENTED_EDGE('',*,*,#2436,.F.);
#1446=ORIENTED_EDGE('',*,*,#2491,.T.);
#1447=ORIENTED_EDGE('',*,*,#2342,.F.);
#1448=ORIENTED_EDGE('',*,*,#2490,.F.);
#1449=CARTESIAN_POINT('',(11.9911148291516,-4.9919630939775E-16,8.15249441300643));
#1450=CARTESIAN_POINT('',(11.9590717239618,-5.02098748930726E-16,8.19989484772764));
#1451=CARTESIAN_POINT('',(11.932567133793,-5.05138064187142E-16,8.24953063264999));
#1452=CARTESIAN_POINT('',(11.890434244615,-5.11520856465582E-16,8.35376954109091));
#1453=CARTESIAN_POINT('',(11.8746130558834,-5.14944319055549E-16,8.40967892806438));
#1454=CARTESIAN_POINT('',(11.8552322035429,-5.21841442181573E-16,8.52231749668393));
#1455=CARTESIAN_POINT('',(11.8517091067637,-5.25478655304043E-16,8.58171769476557));
#1456=CARTESIAN_POINT('',(11.8570488056796,-5.32732878665795E-16,8.70018815280789));
#1457=CARTESIAN_POINT('',(11.8671830674142,-5.36517474582535E-16,8.76199529457928));
#1458=CARTESIAN_POINT('',(11.9008144616107,-5.44147140096885E-16,8.88659718827896));
#1459=CARTESIAN_POINT('',(11.9282224992018,-5.4812801007304E-16,8.9516097286935));
#1460=CARTESIAN_POINT('',(12.0044986165194,-5.56944844518843E-16,9.09559956236541));
#1461=CARTESIAN_POINT('',(12.0608327820219,-5.61661841198759E-16,9.17263396417333));
#1462=CARTESIAN_POINT('',(12.1291610258898,-5.65970518518027E-16,9.24300000476999));
#1463=ORIENTED_EDGE('',*,*,#2435,.F.);
#1464=ORIENTED_EDGE('',*,*,#2492,.T.);
#1465=ORIENTED_EDGE('',*,*,#2343,.F.);
#1466=ORIENTED_EDGE('',*,*,#2491,.F.);
#1467=ORIENTED_EDGE('',*,*,#2434,.F.);
#1468=ORIENTED_EDGE('',*,*,#2489,.T.);
#1469=ORIENTED_EDGE('',*,*,#2344,.F.);
#1470=ORIENTED_EDGE('',*,*,#2492,.F.);
#1471=CARTESIAN_POINT('',(13.1810474965051,-4.6957493459777E-16,7.66874065117725));
#1472=CARTESIAN_POINT('',(13.0898896649231,-4.67358376057315E-16,7.63254150311271));
#1473=CARTESIAN_POINT('',(12.9971610059796,-4.65976595244069E-16,7.60997530991793));
#1474=CARTESIAN_POINT('',(12.8349421393779,-4.65035612168534E-16,7.59460789008406));
#1475=CARTESIAN_POINT('',(12.7643897820326,-4.65008516683949E-16,7.59416538723991));
#1476=CARTESIAN_POINT('',(12.6364024653649,-4.66025691391449E-16,7.61077711085212));
#1477=CARTESIAN_POINT('',(12.5754218980542,-4.66900685129216E-16,7.62506684301614));
#1478=CARTESIAN_POINT('',(12.4639260523528,-4.69374682485179E-16,7.66547028599554));
#1479=CARTESIAN_POINT('',(12.410395655886,-4.70965889871731E-16,7.69145667468588));
#1480=CARTESIAN_POINT('',(12.3137479188629,-4.74701704743865E-16,7.75246716154194));
#1481=CARTESIAN_POINT('',(12.2681488873708,-4.76906832461288E-16,7.78847963009954));
#1482=CARTESIAN_POINT('',(12.187968252017,-4.81732933868577E-16,7.86729584732477));
#1483=CARTESIAN_POINT('',(12.1522536337863,-4.84395428733564E-16,7.91077768824153));
#1484=CARTESIAN_POINT('',(12.1207237077929,-4.87318864552802E-16,7.95852101833921));
#1485=ORIENTED_EDGE('',*,*,#2428,.F.);
#1486=ORIENTED_EDGE('',*,*,#2279,.F.);
#1487=ORIENTED_EDGE('',*,*,#2350,.F.);
#1488=ORIENTED_EDGE('',*,*,#2493,.F.);
#1489=CARTESIAN_POINT('',(18.8507379811008,-3.09198348674523E-17,0.504959223981638));
#1490=CARTESIAN_POINT('',(18.6495380032128,-3.97785719658779E-17,0.649633379903059));
#1491=CARTESIAN_POINT('',(18.4436817222432,-4.81746581524693E-17,0.786751873046339));
#1492=CARTESIAN_POINT('',(18.0294839929323,-6.37842279615493E-17,1.04167549379884));
#1493=CARTESIAN_POINT('',(17.8213676650963,-7.1099898820782E-17,1.16114946563016));
#1494=CARTESIAN_POINT('',(17.4038247129433,-8.43484133939658E-17,1.37751412819912));
#1495=CARTESIAN_POINT('',(17.1944857295297,-9.04802289575695E-17,1.47765427583798));
#1496=CARTESIAN_POINT('',(16.7756904840116,-1.01237100909687E-16,1.65332732637969));
#1497=CARTESIAN_POINT('',(16.5661615318317,-1.06127152871267E-16,1.73318793541382));
#1498=CARTESIAN_POINT('',(16.1483967268691,-1.14172139035862E-16,1.86457253006096));
#1499=CARTESIAN_POINT('',(15.9397434811424,-1.17757384450224E-16,1.92312403106285));
#1500=CARTESIAN_POINT('',(15.5258602900598,-1.22606996594216E-16,2.00232420775654));
#1501=CARTESIAN_POINT('',(15.3203881131714,-1.2418551072656E-16,2.02810329987426));
#1502=CARTESIAN_POINT('',(15.1123999933904,-1.24964430775475E-16,2.04082402963009));
#1503=ORIENTED_EDGE('',*,*,#2432,.F.);
#1504=ORIENTED_EDGE('',*,*,#2494,.T.);
#1505=ORIENTED_EDGE('',*,*,#2346,.F.);
#1506=ORIENTED_EDGE('',*,*,#2281,.F.);
#1507=CARTESIAN_POINT('',(14.7430265855291,-2.38670774827001E-16,3.89778955031235));
#1508=CARTESIAN_POINT('',(14.9303145398751,-2.44264105954753E-16,3.98913557974134));
#1509=CARTESIAN_POINT('',(15.110280847148,-2.50537210601976E-16,4.09158315322278));
#1510=CARTESIAN_POINT('',(15.4623504607785,-2.64716028104578E-16,4.32314081560306));
#1511=CARTESIAN_POINT('',(15.632714234524,-2.72917651430616E-16,4.45708348922533));
#1512=CARTESIAN_POINT('',(15.9683998795931,-2.90139565902846E-16,4.73833869659157));
#1513=CARTESIAN_POINT('',(16.1314180580047,-2.99567193372554E-16,4.89230353733215));
#1514=CARTESIAN_POINT('',(16.4511072476966,-3.19318709521832E-16,5.2148702751545));
#1515=CARTESIAN_POINT('',(16.6061892744131,-3.2988912550517E-16,5.38749826864124));
#1516=CARTESIAN_POINT('',(16.9091494901371,-3.51913274782336E-16,5.74717992203715));
#1517=CARTESIAN_POINT('',(17.0557031961875,-3.63548780441196E-16,5.93720214994744));
#1518=CARTESIAN_POINT('',(17.34081695453,-3.87675873050388E-16,6.33122747424486));
#1519=CARTESIAN_POINT('',(17.47853038356,-4.00256593538025E-16,6.53668623176411));
#1520=CARTESIAN_POINT('',(17.6090505225099,-4.13155638436774E-16,6.74734362143321));
#1521=ORIENTED_EDGE('',*,*,#2431,.F.);
#1522=ORIENTED_EDGE('',*,*,#2495,.T.);
#1523=ORIENTED_EDGE('',*,*,#2347,.F.);
#1524=ORIENTED_EDGE('',*,*,#2494,.F.);
#1525=CARTESIAN_POINT('',(14.1981701069522,-1.80214231310605E-16,2.9431217463856));
#1526=CARTESIAN_POINT('',(14.186705498964,-1.83646589121084E-16,2.99917640333434));
#1527=CARTESIAN_POINT('',(14.1812132431317,-1.87075621792639E-16,3.05517675664345));
#1528=CARTESIAN_POINT('',(14.1821780324428,-1.939598361633E-16,3.16760450928941));
#1529=CARTESIAN_POINT('',(14.188956756102,-1.97493434799625E-16,3.22531255439737));
#1530=CARTESIAN_POINT('',(14.214156097358,-2.04319689488802E-16,3.33679375361217));
#1531=CARTESIAN_POINT('',(14.2336326520378,-2.0776259157276E-16,3.39302061161491));
#1532=CARTESIAN_POINT('',(14.2839025720934,-2.14339497021311E-16,3.50042962869854));
#1533=CARTESIAN_POINT('',(14.3169179782448,-2.17598535605552E-16,3.55365376787907));
#1534=CARTESIAN_POINT('',(14.395672415353,-2.23859356338359E-16,3.655900729814));
#1535=CARTESIAN_POINT('',(14.4458733624224,-2.26894958993714E-16,3.70547588335978));
#1536=CARTESIAN_POINT('',(14.5714458298067,-2.33253303978493E-16,3.8093155371964));
#1537=CARTESIAN_POINT('',(14.6529716015896,-2.36291184585269E-16,3.85892789251209));
#1538=CARTESIAN_POINT('',(14.7430265855291,-2.38670774827001E-16,3.89778955031235));
#1539=ORIENTED_EDGE('',*,*,#2430,.F.);
#1540=ORIENTED_EDGE('',*,*,#2496,.T.);
#1541=ORIENTED_EDGE('',*,*,#2348,.F.);
#1542=ORIENTED_EDGE('',*,*,#2495,.F.);
#1543=ORIENTED_EDGE('',*,*,#2429,.F.);
#1544=ORIENTED_EDGE('',*,*,#2493,.T.);
#1545=ORIENTED_EDGE('',*,*,#2349,.F.);
#1546=ORIENTED_EDGE('',*,*,#2496,.F.);
#1547=CARTESIAN_POINT('',(15.1123999933904,-1.24964430775475E-16,2.04082402963009));
#1548=CARTESIAN_POINT('',(15.0143283243337,-1.25052662896406E-16,2.04226496951566));
#1549=CARTESIAN_POINT('',(14.9200225059914,-1.25948937646118E-16,2.05690224697942));
#1550=CARTESIAN_POINT('',(14.7642709583822,-1.28880792784481E-16,2.10478307499293));
#1551=CARTESIAN_POINT('',(14.6989197409532,-1.30508985132563E-16,2.13137347394251));
#1552=CARTESIAN_POINT('',(14.5870319100724,-1.3444780788174E-16,2.19569933102912));
#1553=CARTESIAN_POINT('',(14.5361616558052,-1.36685130052288E-16,2.23223757490656));
#1554=CARTESIAN_POINT('',(14.4486146542403,-1.41583443352894E-16,2.31223310184569));
#1555=CARTESIAN_POINT('',(14.4091035769963,-1.44307883766043E-16,2.35672659033634));
#1556=CARTESIAN_POINT('',(14.3431604134174,-1.50024034622097E-16,2.45007841814554));
#1557=CARTESIAN_POINT('',(14.3148137765951,-1.53129810944552E-16,2.50079959464504));
#1558=CARTESIAN_POINT('',(14.2708981892217,-1.59467388175059E-16,2.6043000853158));
#1559=CARTESIAN_POINT('',(14.2545419645545,-1.62764099121769E-16,2.65813946086482));
#1560=CARTESIAN_POINT('',(14.2436826927019,-1.66203829847506E-16,2.71431452665737));
#1561=ORIENTED_EDGE('',*,*,#2423,.F.);
#1562=ORIENTED_EDGE('',*,*,#2275,.F.);
#1563=ORIENTED_EDGE('',*,*,#2355,.F.);
#1564=ORIENTED_EDGE('',*,*,#2497,.F.);
#1565=CARTESIAN_POINT('',(17.6090505225099,4.13155638436774E-16,-6.7473436214332));
#1566=CARTESIAN_POINT('',(17.47853038356,4.00256593538024E-16,-6.5366862317641));
#1567=CARTESIAN_POINT('',(17.34081695453,3.87675873050387E-16,-6.33122747424485));
#1568=CARTESIAN_POINT('',(17.0557031961875,3.63548780441195E-16,-5.93720214994743));
#1569=CARTESIAN_POINT('',(16.9091494901371,3.51913274782336E-16,-5.74717992203714));
#1570=CARTESIAN_POINT('',(16.6061892744131,3.2988912550517E-16,-5.38749826864123));
#1571=CARTESIAN_POINT('',(16.4511072476965,3.19318709521831E-16,-5.21487027515449));
#1572=CARTESIAN_POINT('',(16.1314180580047,2.99567193372554E-16,-4.89230353733214));
#1573=CARTESIAN_POINT('',(15.9683998795931,2.90139565902845E-16,-4.73833869659157));
#1574=CARTESIAN_POINT('',(15.632714234524,2.72917651430615E-16,-4.45708348922532));
#1575=CARTESIAN_POINT('',(15.4623504607785,2.64716028104578E-16,-4.32314081560305));
#1576=CARTESIAN_POINT('',(15.110280847148,2.50537210601975E-16,-4.09158315322277));
#1577=CARTESIAN_POINT('',(14.9303145398751,2.44264105954752E-16,-3.98913557974134));
#1578=CARTESIAN_POINT('',(14.7430265855291,2.38670774827001E-16,-3.89778955031234));
#1579=ORIENTED_EDGE('',*,*,#2427,.F.);
#1580=ORIENTED_EDGE('',*,*,#2498,.T.);
#1581=ORIENTED_EDGE('',*,*,#2351,.F.);
#1582=ORIENTED_EDGE('',*,*,#2277,.F.);
#1583=CARTESIAN_POINT('',(15.1123999933904,1.24964430775474E-16,-2.04082402963009));
#1584=CARTESIAN_POINT('',(15.3203881131714,1.24185510726559E-16,-2.02810329987425));
#1585=CARTESIAN_POINT('',(15.5258602900598,1.22606996594215E-16,-2.00232420775654));
#1586=CARTESIAN_POINT('',(15.9397434811424,1.17757384450223E-16,-1.92312403106284));
#1587=CARTESIAN_POINT('',(16.1483967268691,1.14172139035862E-16,-1.86457253006096));
#1588=CARTESIAN_POINT('',(16.5661615318317,1.06127152871267E-16,-1.73318793541381));
#1589=CARTESIAN_POINT('',(16.7756904840116,1.01237100909687E-16,-1.65332732637969));
#1590=CARTESIAN_POINT('',(17.1944857295297,9.0480228957569E-17,-1.47765427583798));
#1591=CARTESIAN_POINT('',(17.4038247129433,8.43484133939653E-17,-1.37751412819912));
#1592=CARTESIAN_POINT('',(17.8213676650963,7.10998988207815E-17,-1.16114946563016));
#1593=CARTESIAN_POINT('',(18.0294839929323,6.37842279615487E-17,-1.04167549379883));
#1594=CARTESIAN_POINT('',(18.4436817222432,4.81746581524687E-17,-0.786751873046331));
#1595=CARTESIAN_POINT('',(18.6495380032128,3.97785719658774E-17,-0.649633379903051));
#1596=CARTESIAN_POINT('',(18.8507379811008,3.09198348674517E-17,-0.504959223981631));
#1597=ORIENTED_EDGE('',*,*,#2426,.F.);
#1598=ORIENTED_EDGE('',*,*,#2499,.T.);
#1599=ORIENTED_EDGE('',*,*,#2352,.F.);
#1600=ORIENTED_EDGE('',*,*,#2498,.F.);
#1601=CARTESIAN_POINT('',(14.2436826927019,1.66203829847505E-16,-2.71431452665737));
#1602=CARTESIAN_POINT('',(14.2545419645545,1.62764099121768E-16,-2.65813946086482));
#1603=CARTESIAN_POINT('',(14.2708981892217,1.59467388175058E-16,-2.6043000853158));
#1604=CARTESIAN_POINT('',(14.3148137765951,1.53129810944552E-16,-2.50079959464503));
#1605=CARTESIAN_POINT('',(14.3431604134174,1.50024034622097E-16,-2.45007841814553));
#1606=CARTESIAN_POINT('',(14.4091035769963,1.44307883766042E-16,-2.35672659033633));
#1607=CARTESIAN_POINT('',(14.4486146542403,1.41583443352894E-16,-2.31223310184569));
#1608=CARTESIAN_POINT('',(14.5361616558052,1.36685130052288E-16,-2.23223757490655));
#1609=CARTESIAN_POINT('',(14.5870319100724,1.34447807881739E-16,-2.19569933102911));
#1610=CARTESIAN_POINT('',(14.6989197409532,1.30508985132563E-16,-2.1313734739425));
#1611=CARTESIAN_POINT('',(14.7642709583822,1.28880792784481E-16,-2.10478307499293));
#1612=CARTESIAN_POINT('',(14.9200225059914,1.25948937646117E-16,-2.05690224697942));
#1613=CARTESIAN_POINT('',(15.0143283243337,1.25052662896406E-16,-2.04226496951566));
#1614=CARTESIAN_POINT('',(15.1123999933904,1.24964430775474E-16,-2.04082402963009));
#1615=ORIENTED_EDGE('',*,*,#2425,.F.);
#1616=ORIENTED_EDGE('',*,*,#2500,.T.);
#1617=ORIENTED_EDGE('',*,*,#2353,.F.);
#1618=ORIENTED_EDGE('',*,*,#2499,.F.);
#1619=ORIENTED_EDGE('',*,*,#2424,.F.);
#1620=ORIENTED_EDGE('',*,*,#2497,.T.);
#1621=ORIENTED_EDGE('',*,*,#2354,.F.);
#1622=ORIENTED_EDGE('',*,*,#2500,.F.);
#1623=CARTESIAN_POINT('',(14.7430265855291,2.38670774827001E-16,-3.89778955031234));
#1624=CARTESIAN_POINT('',(14.6529716015896,2.36291184585268E-16,-3.85892789251209));
#1625=CARTESIAN_POINT('',(14.5714458298067,2.33253303978492E-16,-3.8093155371964));
#1626=CARTESIAN_POINT('',(14.4458733624224,2.26894958993713E-16,-3.70547588335978));
#1627=CARTESIAN_POINT('',(14.395672415353,2.23859356338359E-16,-3.65590072981399));
#1628=CARTESIAN_POINT('',(14.3169179782448,2.17598535605551E-16,-3.55365376787906));
#1629=CARTESIAN_POINT('',(14.2839025720934,2.14339497021311E-16,-3.50042962869854));
#1630=CARTESIAN_POINT('',(14.2336326520378,2.07762591572759E-16,-3.3930206116149));
#1631=CARTESIAN_POINT('',(14.214156097358,2.04319689488801E-16,-3.33679375361217));
#1632=CARTESIAN_POINT('',(14.188956756102,1.97493434799625E-16,-3.22531255439736));
#1633=CARTESIAN_POINT('',(14.1821780324428,1.93959836163299E-16,-3.1676045092894));
#1634=CARTESIAN_POINT('',(14.1812132431317,1.87075621792639E-16,-3.05517675664344));
#1635=CARTESIAN_POINT('',(14.186705498964,1.83646589121083E-16,-2.99917640333433));
#1636=CARTESIAN_POINT('',(14.1981701069522,1.80214231310604E-16,-2.9431217463856));
#1637=ORIENTED_EDGE('',*,*,#2418,.F.);
#1638=ORIENTED_EDGE('',*,*,#2271,.F.);
#1639=ORIENTED_EDGE('',*,*,#2360,.F.);
#1640=ORIENTED_EDGE('',*,*,#2501,.F.);
#1641=CARTESIAN_POINT('',(13.6865447483073,7.9433191105419E-16,-12.9724245653071));
#1642=CARTESIAN_POINT('',(13.6465749562826,7.79356321010818E-16,-12.7278546198534));
#1643=CARTESIAN_POINT('',(13.5979700003868,7.64506266871862E-16,-12.4853348313022));
#1644=CARTESIAN_POINT('',(13.4853461981577,7.35534782599669E-16,-12.0121945872357));
#1645=CARTESIAN_POINT('',(13.4226665871265,7.21350842401623E-16,-11.78055326489));
#1646=CARTESIAN_POINT('',(13.2804120543341,6.93904035498512E-16,-11.3323128918744));
#1647=CARTESIAN_POINT('',(13.2031968170601,6.80504269107843E-16,-11.1134780996715));
#1648=CARTESIAN_POINT('',(13.0312834643354,6.54765098047194E-16,-10.6931255363272));
#1649=CARTESIAN_POINT('',(12.9395940995918,6.42235165889964E-16,-10.4884962151881));
#1650=CARTESIAN_POINT('',(12.73709271088,6.18458203471452E-16,-10.1001889508395));
#1651=CARTESIAN_POINT('',(12.6309547493172,6.06888825037228E-16,-9.91124666246247));
#1652=CARTESIAN_POINT('',(12.3942981202948,5.85539398609485E-16,-9.56258406941757));
#1653=CARTESIAN_POINT('',(12.2672359215212,5.75526726764088E-16,-9.39906472894539));
#1654=CARTESIAN_POINT('',(12.1291610258898,5.65970518518027E-16,-9.24300000476999));
#1655=ORIENTED_EDGE('',*,*,#2422,.F.);
#1656=ORIENTED_EDGE('',*,*,#2502,.T.);
#1657=ORIENTED_EDGE('',*,*,#2356,.F.);
#1658=ORIENTED_EDGE('',*,*,#2273,.F.);
#1659=CARTESIAN_POINT('',(13.1810474965051,4.6957493459777E-16,-7.66874065117724));
#1660=CARTESIAN_POINT('',(13.3780714759015,4.73729009144211E-16,-7.73658183688619));
#1661=CARTESIAN_POINT('',(13.577768246084,4.77085399994128E-16,-7.79139585921906));
#1662=CARTESIAN_POINT('',(13.9904550506367,4.82303302695827E-16,-7.87661067716218));
#1663=CARTESIAN_POINT('',(14.2056322031292,4.83880256307147E-16,-7.90236428403753));
#1664=CARTESIAN_POINT('',(14.6418752634773,4.86236974665765E-16,-7.9408524156402));
#1665=CARTESIAN_POINT('',(14.8660161058407,4.86628964295033E-16,-7.94725409209975));
#1666=CARTESIAN_POINT('',(15.3201596274433,4.86504372783498E-16,-7.94521935830349));
#1667=CARTESIAN_POINT('',(15.5518856049918,4.85744670974141E-16,-7.93281248621782));
#1668=CARTESIAN_POINT('',(16.0204441641447,4.83288757350623E-16,-7.89270437300138));
#1669=CARTESIAN_POINT('',(16.2584392894325,4.81406665862614E-16,-7.86196748642609));
#1670=CARTESIAN_POINT('',(16.7386631401359,4.76691034355975E-16,-7.78495537958971));
#1671=CARTESIAN_POINT('',(16.9813225203595,4.73757810481627E-16,-7.73705219842122));
#1672=CARTESIAN_POINT('',(17.2225714644345,4.70288043602109E-16,-7.68038660501203));
#1673=ORIENTED_EDGE('',*,*,#2421,.F.);
#1674=ORIENTED_EDGE('',*,*,#2503,.T.);
#1675=ORIENTED_EDGE('',*,*,#2357,.F.);
#1676=ORIENTED_EDGE('',*,*,#2502,.F.);
#1677=CARTESIAN_POINT('',(12.1207237077929,4.87318864552802E-16,-7.9585210183392));
#1678=CARTESIAN_POINT('',(12.1522536337863,4.84395428733564E-16,-7.91077768824152));
#1679=CARTESIAN_POINT('',(12.187968252017,4.81732933868577E-16,-7.86729584732477));
#1680=CARTESIAN_POINT('',(12.2681488873708,4.76906832461288E-16,-7.78847963009954));
#1681=CARTESIAN_POINT('',(12.3137479188629,4.74701704743865E-16,-7.75246716154194));
#1682=CARTESIAN_POINT('',(12.410395655886,4.7096588987173E-16,-7.69145667468587));
#1683=CARTESIAN_POINT('',(12.4639260523528,4.69374682485179E-16,-7.66547028599554));
#1684=CARTESIAN_POINT('',(12.5754218980542,4.66900685129216E-16,-7.62506684301613));
#1685=CARTESIAN_POINT('',(12.6364024653649,4.66025691391449E-16,-7.61077711085211));
#1686=CARTESIAN_POINT('',(12.7643897820326,4.65008516683949E-16,-7.59416538723991));
#1687=CARTESIAN_POINT('',(12.8349421393779,4.65035612168533E-16,-7.59460789008405));
#1688=CARTESIAN_POINT('',(12.9971610059796,4.65976595244068E-16,-7.60997530991792));
#1689=CARTESIAN_POINT('',(13.0898896649231,4.67358376057315E-16,-7.6325415031127));
#1690=CARTESIAN_POINT('',(13.1810474965051,4.6957493459777E-16,-7.66874065117724));
#1691=ORIENTED_EDGE('',*,*,#2420,.F.);
#1692=ORIENTED_EDGE('',*,*,#2504,.T.);
#1693=ORIENTED_EDGE('',*,*,#2358,.F.);
#1694=ORIENTED_EDGE('',*,*,#2503,.F.);
#1695=ORIENTED_EDGE('',*,*,#2419,.F.);
#1696=ORIENTED_EDGE('',*,*,#2501,.T.);
#1697=ORIENTED_EDGE('',*,*,#2359,.F.);
#1698=ORIENTED_EDGE('',*,*,#2504,.F.);
#1699=CARTESIAN_POINT('',(12.1291610258898,5.65970518518027E-16,-9.24300000476999));
#1700=CARTESIAN_POINT('',(12.0608327820219,5.61661841198758E-16,-9.17263396417333));
#1701=CARTESIAN_POINT('',(12.0044986165194,5.56944844518843E-16,-9.0955995623654));
#1702=CARTESIAN_POINT('',(11.9282224992018,5.4812801007304E-16,-8.95160972869349));
#1703=CARTESIAN_POINT('',(11.9008144616107,5.44147140096884E-16,-8.88659718827895));
#1704=CARTESIAN_POINT('',(11.8671830674142,5.36517474582534E-16,-8.76199529457928));
#1705=CARTESIAN_POINT('',(11.8570488056796,5.32732878665795E-16,-8.70018815280788));
#1706=CARTESIAN_POINT('',(11.8517091067638,5.25478655304042E-16,-8.58171769476557));
#1707=CARTESIAN_POINT('',(11.8552322035429,5.21841442181572E-16,-8.52231749668392));
#1708=CARTESIAN_POINT('',(11.8746130558834,5.14944319055549E-16,-8.40967892806437));
#1709=CARTESIAN_POINT('',(11.8904342446151,5.11520856465581E-16,-8.3537695410909));
#1710=CARTESIAN_POINT('',(11.932567133793,5.05138064187142E-16,-8.24953063264998));
#1711=CARTESIAN_POINT('',(11.9590717239618,5.02098748930726E-16,-8.19989484772763));
#1712=CARTESIAN_POINT('',(11.9911148291516,4.9919630939775E-16,-8.15249441300642));
#1713=ORIENTED_EDGE('',*,*,#2413,.F.);
#1714=ORIENTED_EDGE('',*,*,#2267,.F.);
#1715=ORIENTED_EDGE('',*,*,#2365,.F.);
#1716=ORIENTED_EDGE('',*,*,#2505,.F.);
#1717=CARTESIAN_POINT('',(7.68038660501203,1.05457835085031E-15,-17.2225714644345));
#1718=CARTESIAN_POINT('',(7.73705219842123,1.03980611349236E-15,-16.9813225203595));
#1719=CARTESIAN_POINT('',(7.78495537958971,1.02494751182866E-15,-16.7386631401359));
#1720=CARTESIAN_POINT('',(7.8619674864261,9.95542281746751E-16,-16.2584392894325));
#1721=CARTESIAN_POINT('',(7.89270437300139,9.80969283326933E-16,-16.0204441641447));
#1722=CARTESIAN_POINT('',(7.93281248621783,9.52278346342952E-16,-15.5518856049918));
#1723=CARTESIAN_POINT('',(7.94521935830349,9.38089222508746E-16,-15.3201596274433));
#1724=CARTESIAN_POINT('',(7.94725409209975,9.10280952004542E-16,-14.8660161058407));
#1725=CARTESIAN_POINT('',(7.94085241564021,8.96556283746611E-16,-14.6418752634773));
#1726=CARTESIAN_POINT('',(7.90236428403754,8.69844100371336E-16,-14.2056322031292));
#1727=CARTESIAN_POINT('',(7.87661067716219,8.56668299818858E-16,-13.9904550506367));
#1728=CARTESIAN_POINT('',(7.79139585921907,8.31398521106567E-16,-13.577768246084));
#1729=CARTESIAN_POINT('',(7.73658183688619,8.19170620586361E-16,-13.3780714759015));
#1730=CARTESIAN_POINT('',(7.66874065117724,8.07106381300209E-16,-13.1810474965051));
#1731=ORIENTED_EDGE('',*,*,#2417,.F.);
#1732=ORIENTED_EDGE('',*,*,#2506,.T.);
#1733=ORIENTED_EDGE('',*,*,#2361,.F.);
#1734=ORIENTED_EDGE('',*,*,#2269,.F.);
#1735=CARTESIAN_POINT('',(9.24300000476999,7.42696911334937E-16,-12.1291610258898));
#1736=CARTESIAN_POINT('',(9.3990647289454,7.51151560283818E-16,-12.2672359215212));
#1737=CARTESIAN_POINT('',(9.56258406941757,7.58931876034856E-16,-12.3942981202948));
#1738=CARTESIAN_POINT('',(9.91124666246248,7.73422915196316E-16,-12.6309547493172));
#1739=CARTESIAN_POINT('',(10.1001889508395,7.79921990941115E-16,-12.73709271088));
#1740=CARTESIAN_POINT('',(10.4884962151881,7.92321624816552E-16,-12.9395940995918));
#1741=CARTESIAN_POINT('',(10.6931255363272,7.97935979169007E-16,-13.0312834643354));
#1742=CARTESIAN_POINT('',(11.1134780996715,8.0846263602626E-16,-13.2031968170601));
#1743=CARTESIAN_POINT('',(11.3323128918744,8.13190705684911E-16,-13.2804120543341));
#1744=CARTESIAN_POINT('',(11.78055326489,8.21901283597327E-16,-13.4226665871265));
#1745=CARTESIAN_POINT('',(12.0121945872357,8.25739302848389E-16,-13.4853461981577));
#1746=CARTESIAN_POINT('',(12.4853348313022,8.32635521793772E-16,-13.5979700003868));
#1747=CARTESIAN_POINT('',(12.7278546198534,8.35611716976796E-16,-13.6465749562826));
#1748=CARTESIAN_POINT('',(12.9724245653071,8.38059160870077E-16,-13.6865447483073));
#1749=ORIENTED_EDGE('',*,*,#2416,.F.);
#1750=ORIENTED_EDGE('',*,*,#2507,.T.);
#1751=ORIENTED_EDGE('',*,*,#2362,.F.);
#1752=ORIENTED_EDGE('',*,*,#2506,.F.);
#1753=CARTESIAN_POINT('',(8.15249441300643,7.34244019686442E-16,-11.9911148291516));
#1754=CARTESIAN_POINT('',(8.19989484772764,7.3228194537617E-16,-11.9590717239618));
#1755=CARTESIAN_POINT('',(8.24953063264998,7.30659007300525E-16,-11.932567133793));
#1756=CARTESIAN_POINT('',(8.35376954109091,7.28079111906995E-16,-11.890434244615));
#1757=CARTESIAN_POINT('',(8.40967892806437,7.27110343500049E-16,-11.8746130558834));
#1758=CARTESIAN_POINT('',(8.52231749668393,7.2592360856087E-16,-11.8552322035429));
#1759=CARTESIAN_POINT('',(8.58171769476557,7.25707881101188E-16,-11.8517091067637));
#1760=CARTESIAN_POINT('',(8.70018815280788,7.26034843360471E-16,-11.8570488056796));
#1761=CARTESIAN_POINT('',(8.76199529457928,7.26655387920223E-16,-11.8671830674142));
#1762=CARTESIAN_POINT('',(8.88659718827895,7.28714716882904E-16,-11.9008144616107));
#1763=CARTESIAN_POINT('',(8.9516097286935,7.30392975158249E-16,-11.9282224992018));
#1764=CARTESIAN_POINT('',(9.09559956236541,7.35063540304465E-16,-12.0044986165194));
#1765=CARTESIAN_POINT('',(9.17263396417333,7.38513013077726E-16,-12.0608327820219));
#1766=CARTESIAN_POINT('',(9.24300000476999,7.42696911334937E-16,-12.1291610258898));
#1767=ORIENTED_EDGE('',*,*,#2415,.F.);
#1768=ORIENTED_EDGE('',*,*,#2508,.T.);
#1769=ORIENTED_EDGE('',*,*,#2363,.F.);
#1770=ORIENTED_EDGE('',*,*,#2507,.F.);
#1771=ORIENTED_EDGE('',*,*,#2414,.F.);
#1772=ORIENTED_EDGE('',*,*,#2505,.T.);
#1773=ORIENTED_EDGE('',*,*,#2364,.F.);
#1774=ORIENTED_EDGE('',*,*,#2508,.F.);
#1775=CARTESIAN_POINT('',(7.66874065117724,8.07106381300209E-16,-13.1810474965051));
#1776=CARTESIAN_POINT('',(7.63254150311271,8.01524573967006E-16,-13.0898896649231));
#1777=CARTESIAN_POINT('',(7.60997530991793,7.95846581198787E-16,-12.9971610059796));
#1778=CARTESIAN_POINT('',(7.59460789008406,7.8591354041153E-16,-12.8349421393779));
#1779=CARTESIAN_POINT('',(7.59416538723991,7.81593454481767E-16,-12.7643897820326));
#1780=CARTESIAN_POINT('',(7.61077711085212,7.73756491597344E-16,-12.6364024653649));
#1781=CARTESIAN_POINT('',(7.62506684301614,7.70022508768982E-16,-12.5754218980542));
#1782=CARTESIAN_POINT('',(7.66547028599554,7.63195357241158E-16,-12.4639260523528));
#1783=CARTESIAN_POINT('',(7.69145667468588,7.59917565806653E-16,-12.410395655886));
#1784=CARTESIAN_POINT('',(7.75246716154194,7.53999598717141E-16,-12.3137479188629));
#1785=CARTESIAN_POINT('',(7.78847963009954,7.51207463319089E-16,-12.2681488873708));
#1786=CARTESIAN_POINT('',(7.86729584732477,7.46297815397107E-16,-12.187968252017));
#1787=CARTESIAN_POINT('',(7.91077768824152,7.44110925752159E-16,-12.1522536337863));
#1788=CARTESIAN_POINT('',(7.95852101833921,7.42180274604901E-16,-12.1207237077929));
#1789=ORIENTED_EDGE('',*,*,#2408,.F.);
#1790=ORIENTED_EDGE('',*,*,#2263,.F.);
#1791=ORIENTED_EDGE('',*,*,#2370,.F.);
#1792=ORIENTED_EDGE('',*,*,#2509,.F.);
#1793=CARTESIAN_POINT('',(0.504959223981635,1.15427479650603E-15,-18.8507379811008));
#1794=CARTESIAN_POINT('',(0.649633379903055,1.14195485106058E-15,-18.6495380032128));
#1795=CARTESIAN_POINT('',(0.786751873046336,1.12934978928188E-15,-18.4436817222432));
#1796=CARTESIAN_POINT('',(1.04167549379883,1.10398749311115E-15,-18.0294839929323));
#1797=CARTESIAN_POINT('',(1.16114946563016,1.09124404337441E-15,-17.8213676650963));
#1798=CARTESIAN_POINT('',(1.37751412819912,1.06567691138138E-15,-17.4038247129433));
#1799=CARTESIAN_POINT('',(1.47765427583798,1.05285859558267E-15,-17.1944857295297));
#1800=CARTESIAN_POINT('',(1.65332732637969,1.02721478273658E-15,-16.7756904840116));
#1801=CARTESIAN_POINT('',(1.73318793541381,1.01438483470579E-15,-16.5661615318317));
#1802=CARTESIAN_POINT('',(1.86457253006096,9.88804118146089E-16,-16.1483967268691));
#1803=CARTESIAN_POINT('',(1.92312403106285,9.76027791670544E-16,-15.9397434811424));
#1804=CARTESIAN_POINT('',(2.00232420775654,9.50684755411535E-16,-15.5258602900598));
#1805=CARTESIAN_POINT('',(2.02810329987426,9.38103213224527E-16,-15.3203881131714));
#1806=CARTESIAN_POINT('',(2.04082402963009,9.25367613967001E-16,-15.1123999933904));
#1807=ORIENTED_EDGE('',*,*,#2412,.F.);
#1808=ORIENTED_EDGE('',*,*,#2510,.T.);
#1809=ORIENTED_EDGE('',*,*,#2366,.F.);
#1810=ORIENTED_EDGE('',*,*,#2265,.F.);
#1811=CARTESIAN_POINT('',(3.89778955031235,9.02750015885626E-16,-14.7430265855291));
#1812=CARTESIAN_POINT('',(3.98913557974134,9.14218095576064E-16,-14.9303145398751));
#1813=CARTESIAN_POINT('',(4.09158315322278,9.25237853683865E-16,-15.110280847148));
#1814=CARTESIAN_POINT('',(4.32314081560306,9.46795899954352E-16,-15.4623504607785));
#1815=CARTESIAN_POINT('',(4.45708348922533,9.57227672464752E-16,-15.632714234524));
#1816=CARTESIAN_POINT('',(4.73833869659157,9.77782490002433E-16,-15.9683998795931));
#1817=CARTESIAN_POINT('',(4.89230353733214,9.87764474522162E-16,-16.1314180580047));
#1818=CARTESIAN_POINT('',(5.2148702751545,1.00733979166607E-15,-16.4511072476965));
#1819=CARTESIAN_POINT('',(5.38749826864124,1.01683582704726E-15,-16.6061892744131));
#1820=CARTESIAN_POINT('',(5.74717992203714,1.03538678997003E-15,-16.9091494901371));
#1821=CARTESIAN_POINT('',(5.93720214994744,1.04436061632092E-15,-17.0557031961875));
#1822=CARTESIAN_POINT('',(6.33122747424486,1.06181879889827E-15,-17.34081695453));
#1823=CARTESIAN_POINT('',(6.53668623176411,1.07025131440132E-15,-17.47853038356));
#1824=CARTESIAN_POINT('',(6.7473436214332,1.07824336792079E-15,-17.6090505225099));
#1825=ORIENTED_EDGE('',*,*,#2411,.F.);
#1826=ORIENTED_EDGE('',*,*,#2511,.T.);
#1827=ORIENTED_EDGE('',*,*,#2367,.F.);
#1828=ORIENTED_EDGE('',*,*,#2510,.F.);
#1829=CARTESIAN_POINT('',(2.9431217463856,8.69387178761435E-16,-14.1981701069522));
#1830=CARTESIAN_POINT('',(2.99917640333434,8.68685173987619E-16,-14.186705498964));
#1831=CARTESIAN_POINT('',(3.05517675664344,8.68348870311362E-16,-14.1812132431317));
#1832=CARTESIAN_POINT('',(3.1676045092894,8.68407946618446E-16,-14.1821780324428));
#1833=CARTESIAN_POINT('',(3.22531255439736,8.68823023730028E-16,-14.188956756102));
#1834=CARTESIAN_POINT('',(3.33679375361217,8.70366038360516E-16,-14.214156097358));
#1835=CARTESIAN_POINT('',(3.39302061161491,8.71558633377865E-16,-14.2336326520378));
#1836=CARTESIAN_POINT('',(3.50042962869854,8.74636778212338E-16,-14.2839025720934));
#1837=CARTESIAN_POINT('',(3.55365376787906,8.76658388785637E-16,-14.3169179782448));
#1838=CARTESIAN_POINT('',(3.65590072981399,8.81480707251795E-16,-14.395672415353));
#1839=CARTESIAN_POINT('',(3.70547588335978,8.84554628708928E-16,-14.4458733624224));
#1840=CARTESIAN_POINT('',(3.8093155371964,8.92243724721093E-16,-14.5714458298067));
#1841=CARTESIAN_POINT('',(3.85892789251209,8.97235738494189E-16,-14.6529716015896));
#1842=CARTESIAN_POINT('',(3.89778955031235,9.02750015885626E-16,-14.7430265855291));
#1843=ORIENTED_EDGE('',*,*,#2410,.F.);
#1844=ORIENTED_EDGE('',*,*,#2512,.T.);
#1845=ORIENTED_EDGE('',*,*,#2368,.F.);
#1846=ORIENTED_EDGE('',*,*,#2511,.F.);
#1847=ORIENTED_EDGE('',*,*,#2409,.F.);
#1848=ORIENTED_EDGE('',*,*,#2509,.T.);
#1849=ORIENTED_EDGE('',*,*,#2369,.F.);
#1850=ORIENTED_EDGE('',*,*,#2512,.F.);
#1851=CARTESIAN_POINT('',(2.04082402963009,9.25367613967001E-16,-15.1123999933904));
#1852=CARTESIAN_POINT('',(2.04226496951566,9.19362456187134E-16,-15.0143283243337));
#1853=CARTESIAN_POINT('',(2.05690224697942,9.13587890258439E-16,-14.9200225059914));
#1854=CARTESIAN_POINT('',(2.10478307499293,9.0405085854635E-16,-14.7642709583822));
#1855=CARTESIAN_POINT('',(2.13137347394251,9.00049250584109E-16,-14.6989197409532));
#1856=CARTESIAN_POINT('',(2.19569933102912,8.93198096886522E-16,-14.5870319100724));
#1857=CARTESIAN_POINT('',(2.23223757490656,8.90083192183516E-16,-14.5361616558052));
#1858=CARTESIAN_POINT('',(2.31223310184569,8.84722484421448E-16,-14.4486146542403));
#1859=CARTESIAN_POINT('',(2.35672659033634,8.82303128707558E-16,-14.4091035769963));
#1860=CARTESIAN_POINT('',(2.45007841814553,8.78265274497432E-16,-14.3431604134174));
#1861=CARTESIAN_POINT('',(2.50079959464503,8.76529543594878E-16,-14.3148137765951));
#1862=CARTESIAN_POINT('',(2.6043000853158,8.73840489419406E-16,-14.2708981892217));
#1863=CARTESIAN_POINT('',(2.65813946086482,8.72838959510165E-16,-14.2545419645545));
#1864=CARTESIAN_POINT('',(2.71431452665737,8.72174020884399E-16,-14.2436826927019));
#1865=ORIENTED_EDGE('',*,*,#2403,.F.);
#1866=ORIENTED_EDGE('',*,*,#2259,.F.);
#1867=ORIENTED_EDGE('',*,*,#2375,.F.);
#1868=ORIENTED_EDGE('',*,*,#2513,.F.);
#1869=CARTESIAN_POINT('',(-6.7473436214332,1.07824336792079E-15,-17.6090505225099));
#1870=CARTESIAN_POINT('',(-6.53668623176411,1.07025131440132E-15,-17.47853038356));
#1871=CARTESIAN_POINT('',(-6.33122747424486,1.06181879889827E-15,-17.34081695453));
#1872=CARTESIAN_POINT('',(-5.93720214994743,1.04436061632092E-15,-17.0557031961875));
#1873=CARTESIAN_POINT('',(-5.74717992203714,1.03538678997003E-15,-16.9091494901371));
#1874=CARTESIAN_POINT('',(-5.38749826864123,1.01683582704726E-15,-16.6061892744131));
#1875=CARTESIAN_POINT('',(-5.21487027515449,1.00733979166607E-15,-16.4511072476965));
#1876=CARTESIAN_POINT('',(-4.89230353733214,9.87764474522162E-16,-16.1314180580047));
#1877=CARTESIAN_POINT('',(-4.73833869659157,9.77782490002433E-16,-15.9683998795931));
#1878=CARTESIAN_POINT('',(-4.45708348922533,9.57227672464752E-16,-15.632714234524));
#1879=CARTESIAN_POINT('',(-4.32314081560306,9.46795899954352E-16,-15.4623504607785));
#1880=CARTESIAN_POINT('',(-4.09158315322278,9.25237853683865E-16,-15.110280847148));
#1881=CARTESIAN_POINT('',(-3.98913557974134,9.14218095576064E-16,-14.9303145398751));
#1882=CARTESIAN_POINT('',(-3.89778955031235,9.02750015885626E-16,-14.7430265855291));
#1883=ORIENTED_EDGE('',*,*,#2407,.F.);
#1884=ORIENTED_EDGE('',*,*,#2514,.T.);
#1885=ORIENTED_EDGE('',*,*,#2371,.F.);
#1886=ORIENTED_EDGE('',*,*,#2261,.F.);
#1887=CARTESIAN_POINT('',(-2.04082402963009,9.25367613967001E-16,-15.1123999933904));
#1888=CARTESIAN_POINT('',(-2.02810329987425,9.38103213224527E-16,-15.3203881131714));
#1889=CARTESIAN_POINT('',(-2.00232420775654,9.50684755411535E-16,-15.5258602900598));
#1890=CARTESIAN_POINT('',(-1.92312403106285,9.76027791670544E-16,-15.9397434811424));
#1891=CARTESIAN_POINT('',(-1.86457253006096,9.88804118146089E-16,-16.1483967268691));
#1892=CARTESIAN_POINT('',(-1.73318793541381,1.01438483470579E-15,-16.5661615318317));
#1893=CARTESIAN_POINT('',(-1.65332732637969,1.02721478273658E-15,-16.7756904840116));
#1894=CARTESIAN_POINT('',(-1.47765427583798,1.05285859558267E-15,-17.1944857295297));
#1895=CARTESIAN_POINT('',(-1.37751412819912,1.06567691138138E-15,-17.4038247129433));
#1896=CARTESIAN_POINT('',(-1.16114946563016,1.09124404337441E-15,-17.8213676650963));
#1897=CARTESIAN_POINT('',(-1.04167549379883,1.10398749311115E-15,-18.0294839929323));
#1898=CARTESIAN_POINT('',(-0.786751873046334,1.12934978928188E-15,-18.4436817222432));
#1899=CARTESIAN_POINT('',(-0.649633379903053,1.14195485106058E-15,-18.6495380032128));
#1900=CARTESIAN_POINT('',(-0.504959223981633,1.15427479650603E-15,-18.8507379811008));
#1901=ORIENTED_EDGE('',*,*,#2406,.F.);
#1902=ORIENTED_EDGE('',*,*,#2515,.T.);
#1903=ORIENTED_EDGE('',*,*,#2372,.F.);
#1904=ORIENTED_EDGE('',*,*,#2514,.F.);
#1905=CARTESIAN_POINT('',(-2.71431452665737,8.72174020884399E-16,-14.2436826927019));
#1906=CARTESIAN_POINT('',(-2.65813946086482,8.72838959510165E-16,-14.2545419645545));
#1907=CARTESIAN_POINT('',(-2.6043000853158,8.73840489419406E-16,-14.2708981892217));
#1908=CARTESIAN_POINT('',(-2.50079959464503,8.76529543594879E-16,-14.3148137765951));
#1909=CARTESIAN_POINT('',(-2.45007841814553,8.78265274497432E-16,-14.3431604134174));
#1910=CARTESIAN_POINT('',(-2.35672659033634,8.82303128707558E-16,-14.4091035769963));
#1911=CARTESIAN_POINT('',(-2.31223310184569,8.84722484421448E-16,-14.4486146542403));
#1912=CARTESIAN_POINT('',(-2.23223757490655,8.90083192183516E-16,-14.5361616558052));
#1913=CARTESIAN_POINT('',(-2.19569933102912,8.93198096886522E-16,-14.5870319100724));
#1914=CARTESIAN_POINT('',(-2.1313734739425,9.00049250584109E-16,-14.6989197409532));
#1915=CARTESIAN_POINT('',(-2.10478307499293,9.0405085854635E-16,-14.7642709583822));
#1916=CARTESIAN_POINT('',(-2.05690224697942,9.1358789025844E-16,-14.9200225059914));
#1917=CARTESIAN_POINT('',(-2.04226496951566,9.19362456187134E-16,-15.0143283243337));
#1918=CARTESIAN_POINT('',(-2.04082402963009,9.25367613967001E-16,-15.1123999933904));
#1919=ORIENTED_EDGE('',*,*,#2405,.F.);
#1920=ORIENTED_EDGE('',*,*,#2516,.T.);
#1921=ORIENTED_EDGE('',*,*,#2373,.F.);
#1922=ORIENTED_EDGE('',*,*,#2515,.F.);
#1923=ORIENTED_EDGE('',*,*,#2404,.F.);
#1924=ORIENTED_EDGE('',*,*,#2513,.T.);
#1925=ORIENTED_EDGE('',*,*,#2374,.F.);
#1926=ORIENTED_EDGE('',*,*,#2516,.F.);
#1927=CARTESIAN_POINT('',(-3.89778955031235,9.02750015885626E-16,-14.7430265855291));
#1928=CARTESIAN_POINT('',(-3.85892789251209,8.97235738494189E-16,-14.6529716015896));
#1929=CARTESIAN_POINT('',(-3.8093155371964,8.92243724721093E-16,-14.5714458298067));
#1930=CARTESIAN_POINT('',(-3.70547588335978,8.84554628708928E-16,-14.4458733624224));
#1931=CARTESIAN_POINT('',(-3.65590072981399,8.81480707251795E-16,-14.395672415353));
#1932=CARTESIAN_POINT('',(-3.55365376787906,8.76658388785637E-16,-14.3169179782448));
#1933=CARTESIAN_POINT('',(-3.50042962869854,8.74636778212339E-16,-14.2839025720934));
#1934=CARTESIAN_POINT('',(-3.3930206116149,8.71558633377865E-16,-14.2336326520378));
#1935=CARTESIAN_POINT('',(-3.33679375361217,8.70366038360516E-16,-14.214156097358));
#1936=CARTESIAN_POINT('',(-3.22531255439736,8.68823023730028E-16,-14.188956756102));
#1937=CARTESIAN_POINT('',(-3.1676045092894,8.68407946618446E-16,-14.1821780324428));
#1938=CARTESIAN_POINT('',(-3.05517675664344,8.68348870311362E-16,-14.1812132431317));
#1939=CARTESIAN_POINT('',(-2.99917640333434,8.68685173987619E-16,-14.186705498964));
#1940=CARTESIAN_POINT('',(-2.9431217463856,8.69387178761435E-16,-14.1981701069522));
#1941=ORIENTED_EDGE('',*,*,#2398,.F.);
#1942=ORIENTED_EDGE('',*,*,#2255,.F.);
#1943=ORIENTED_EDGE('',*,*,#2380,.F.);
#1944=ORIENTED_EDGE('',*,*,#2517,.F.);
#1945=CARTESIAN_POINT('',(-12.9724245653071,8.38059160870077E-16,-13.6865447483073));
#1946=CARTESIAN_POINT('',(-12.7278546198534,8.35611716976796E-16,-13.6465749562826));
#1947=CARTESIAN_POINT('',(-12.4853348313022,8.32635521793772E-16,-13.5979700003868));
#1948=CARTESIAN_POINT('',(-12.0121945872357,8.25739302848389E-16,-13.4853461981577));
#1949=CARTESIAN_POINT('',(-11.78055326489,8.21901283597328E-16,-13.4226665871265));
#1950=CARTESIAN_POINT('',(-11.3323128918744,8.13190705684911E-16,-13.2804120543341));
#1951=CARTESIAN_POINT('',(-11.1134780996715,8.0846263602626E-16,-13.2031968170601));
#1952=CARTESIAN_POINT('',(-10.6931255363272,7.97935979169007E-16,-13.0312834643354));
#1953=CARTESIAN_POINT('',(-10.4884962151881,7.92321624816552E-16,-12.9395940995918));
#1954=CARTESIAN_POINT('',(-10.1001889508395,7.79921990941115E-16,-12.73709271088));
#1955=CARTESIAN_POINT('',(-9.91124666246248,7.73422915196317E-16,-12.6309547493172));
#1956=CARTESIAN_POINT('',(-9.56258406941757,7.58931876034856E-16,-12.3942981202948));
#1957=CARTESIAN_POINT('',(-9.39906472894539,7.51151560283818E-16,-12.2672359215212));
#1958=CARTESIAN_POINT('',(-9.24300000476999,7.42696911334937E-16,-12.1291610258898));
#1959=ORIENTED_EDGE('',*,*,#2402,.F.);
#1960=ORIENTED_EDGE('',*,*,#2518,.T.);
#1961=ORIENTED_EDGE('',*,*,#2376,.F.);
#1962=ORIENTED_EDGE('',*,*,#2257,.F.);
#1963=CARTESIAN_POINT('',(-7.66874065117724,8.07106381300209E-16,-13.1810474965051));
#1964=CARTESIAN_POINT('',(-7.73658183688619,8.19170620586361E-16,-13.3780714759015));
#1965=CARTESIAN_POINT('',(-7.79139585921907,8.31398521106567E-16,-13.577768246084));
#1966=CARTESIAN_POINT('',(-7.87661067716218,8.56668299818859E-16,-13.9904550506367));
#1967=CARTESIAN_POINT('',(-7.90236428403754,8.69844100371336E-16,-14.2056322031292));
#1968=CARTESIAN_POINT('',(-7.9408524156402,8.96556283746612E-16,-14.6418752634773));
#1969=CARTESIAN_POINT('',(-7.94725409209975,9.10280952004543E-16,-14.8660161058407));
#1970=CARTESIAN_POINT('',(-7.94521935830349,9.38089222508747E-16,-15.3201596274433));
#1971=CARTESIAN_POINT('',(-7.93281248621783,9.52278346342952E-16,-15.5518856049918));
#1972=CARTESIAN_POINT('',(-7.89270437300139,9.80969283326933E-16,-16.0204441641447));
#1973=CARTESIAN_POINT('',(-7.86196748642609,9.95542281746752E-16,-16.2584392894325));
#1974=CARTESIAN_POINT('',(-7.78495537958971,1.02494751182866E-15,-16.7386631401359));
#1975=CARTESIAN_POINT('',(-7.73705219842123,1.03980611349236E-15,-16.9813225203595));
#1976=CARTESIAN_POINT('',(-7.68038660501203,1.05457835085031E-15,-17.2225714644345));
#1977=ORIENTED_EDGE('',*,*,#2401,.F.);
#1978=ORIENTED_EDGE('',*,*,#2519,.T.);
#1979=ORIENTED_EDGE('',*,*,#2377,.F.);
#1980=ORIENTED_EDGE('',*,*,#2518,.F.);
#1981=CARTESIAN_POINT('',(-7.95852101833921,7.42180274604901E-16,-12.1207237077929));
#1982=CARTESIAN_POINT('',(-7.91077768824152,7.44110925752159E-16,-12.1522536337863));
#1983=CARTESIAN_POINT('',(-7.86729584732477,7.46297815397107E-16,-12.187968252017));
#1984=CARTESIAN_POINT('',(-7.78847963009954,7.5120746331909E-16,-12.2681488873708));
#1985=CARTESIAN_POINT('',(-7.75246716154194,7.53999598717142E-16,-12.3137479188629));
#1986=CARTESIAN_POINT('',(-7.69145667468588,7.59917565806653E-16,-12.410395655886));
#1987=CARTESIAN_POINT('',(-7.66547028599554,7.63195357241158E-16,-12.4639260523528));
#1988=CARTESIAN_POINT('',(-7.62506684301613,7.70022508768982E-16,-12.5754218980542));
#1989=CARTESIAN_POINT('',(-7.61077711085211,7.73756491597345E-16,-12.6364024653649));
#1990=CARTESIAN_POINT('',(-7.59416538723991,7.81593454481767E-16,-12.7643897820326));
#1991=CARTESIAN_POINT('',(-7.59460789008406,7.8591354041153E-16,-12.8349421393779));
#1992=CARTESIAN_POINT('',(-7.60997530991792,7.95846581198787E-16,-12.9971610059796));
#1993=CARTESIAN_POINT('',(-7.6325415031127,8.01524573967006E-16,-13.0898896649231));
#1994=CARTESIAN_POINT('',(-7.66874065117724,8.07106381300209E-16,-13.1810474965051));
#1995=ORIENTED_EDGE('',*,*,#2400,.F.);
#1996=ORIENTED_EDGE('',*,*,#2520,.T.);
#1997=ORIENTED_EDGE('',*,*,#2378,.F.);
#1998=ORIENTED_EDGE('',*,*,#2519,.F.);
#1999=ORIENTED_EDGE('',*,*,#2399,.F.);
#2000=ORIENTED_EDGE('',*,*,#2517,.T.);
#2001=ORIENTED_EDGE('',*,*,#2379,.F.);
#2002=ORIENTED_EDGE('',*,*,#2520,.F.);
#2003=CARTESIAN_POINT('',(-9.24300000476999,7.42696911334937E-16,-12.1291610258898));
#2004=CARTESIAN_POINT('',(-9.17263396417333,7.38513013077727E-16,-12.0608327820219));
#2005=CARTESIAN_POINT('',(-9.0955995623654,7.35063540304465E-16,-12.0044986165194));
#2006=CARTESIAN_POINT('',(-8.95160972869349,7.30392975158249E-16,-11.9282224992018));
#2007=CARTESIAN_POINT('',(-8.88659718827895,7.28714716882904E-16,-11.9008144616107));
#2008=CARTESIAN_POINT('',(-8.76199529457928,7.26655387920223E-16,-11.8671830674142));
#2009=CARTESIAN_POINT('',(-8.70018815280788,7.26034843360471E-16,-11.8570488056796));
#2010=CARTESIAN_POINT('',(-8.58171769476557,7.25707881101188E-16,-11.8517091067638));
#2011=CARTESIAN_POINT('',(-8.52231749668393,7.2592360856087E-16,-11.8552322035429));
#2012=CARTESIAN_POINT('',(-8.40967892806437,7.27110343500049E-16,-11.8746130558834));
#2013=CARTESIAN_POINT('',(-8.35376954109091,7.28079111906995E-16,-11.8904342446151));
#2014=CARTESIAN_POINT('',(-8.24953063264998,7.30659007300525E-16,-11.932567133793));
#2015=CARTESIAN_POINT('',(-8.19989484772764,7.3228194537617E-16,-11.9590717239618));
#2016=CARTESIAN_POINT('',(-8.15249441300643,7.34244019686443E-16,-11.9911148291516));
#2017=ORIENTED_EDGE('',*,*,#2393,.F.);
#2018=ORIENTED_EDGE('',*,*,#2247,.F.);
#2019=ORIENTED_EDGE('',*,*,#2385,.F.);
#2020=ORIENTED_EDGE('',*,*,#2521,.F.);
#2021=CARTESIAN_POINT('',(-17.2225714644345,4.7028804360211E-16,-7.68038660501203));
#2022=CARTESIAN_POINT('',(-16.9813225203595,4.73757810481628E-16,-7.73705219842123));
#2023=CARTESIAN_POINT('',(-16.7386631401359,4.76691034355976E-16,-7.78495537958971));
#2024=CARTESIAN_POINT('',(-16.2584392894325,4.81406665862614E-16,-7.8619674864261));
#2025=CARTESIAN_POINT('',(-16.0204441641447,4.83288757350623E-16,-7.89270437300139));
#2026=CARTESIAN_POINT('',(-15.5518856049918,4.85744670974141E-16,-7.93281248621783));
#2027=CARTESIAN_POINT('',(-15.3201596274433,4.86504372783498E-16,-7.94521935830349));
#2028=CARTESIAN_POINT('',(-14.8660161058407,4.86628964295033E-16,-7.94725409209975));
#2029=CARTESIAN_POINT('',(-14.6418752634773,4.86236974665765E-16,-7.9408524156402));
#2030=CARTESIAN_POINT('',(-14.2056322031292,4.83880256307147E-16,-7.90236428403754));
#2031=CARTESIAN_POINT('',(-13.9904550506367,4.82303302695827E-16,-7.87661067716219));
#2032=CARTESIAN_POINT('',(-13.577768246084,4.77085399994129E-16,-7.79139585921907));
#2033=CARTESIAN_POINT('',(-13.3780714759015,4.73729009144211E-16,-7.73658183688619));
#2034=CARTESIAN_POINT('',(-13.1810474965051,4.6957493459777E-16,-7.66874065117724));
#2035=ORIENTED_EDGE('',*,*,#2397,.F.);
#2036=ORIENTED_EDGE('',*,*,#2522,.T.);
#2037=ORIENTED_EDGE('',*,*,#2381,.F.);
#2038=ORIENTED_EDGE('',*,*,#2253,.F.);
#2039=CARTESIAN_POINT('',(-12.1291610258898,5.65970518518027E-16,-9.24300000476999));
#2040=CARTESIAN_POINT('',(-12.2672359215212,5.75526726764088E-16,-9.39906472894539));
#2041=CARTESIAN_POINT('',(-12.3942981202948,5.85539398609485E-16,-9.56258406941757));
#2042=CARTESIAN_POINT('',(-12.6309547493172,6.06888825037228E-16,-9.91124666246248));
#2043=CARTESIAN_POINT('',(-12.73709271088,6.18458203471453E-16,-10.1001889508395));
#2044=CARTESIAN_POINT('',(-12.9395940995918,6.42235165889964E-16,-10.4884962151881));
#2045=CARTESIAN_POINT('',(-13.0312834643354,6.54765098047194E-16,-10.6931255363272));
#2046=CARTESIAN_POINT('',(-13.2031968170601,6.80504269107843E-16,-11.1134780996715));
#2047=CARTESIAN_POINT('',(-13.2804120543341,6.93904035498512E-16,-11.3323128918744));
#2048=CARTESIAN_POINT('',(-13.4226665871265,7.21350842401623E-16,-11.78055326489));
#2049=CARTESIAN_POINT('',(-13.4853461981577,7.35534782599669E-16,-12.0121945872357));
#2050=CARTESIAN_POINT('',(-13.5979700003868,7.64506266871863E-16,-12.4853348313022));
#2051=CARTESIAN_POINT('',(-13.6465749562826,7.79356321010818E-16,-12.7278546198534));
#2052=CARTESIAN_POINT('',(-13.6865447483073,7.9433191105419E-16,-12.9724245653071));
#2053=ORIENTED_EDGE('',*,*,#2396,.F.);
#2054=ORIENTED_EDGE('',*,*,#2523,.T.);
#2055=ORIENTED_EDGE('',*,*,#2382,.F.);
#2056=ORIENTED_EDGE('',*,*,#2522,.F.);
#2057=CARTESIAN_POINT('',(-11.9911148291516,4.9919630939775E-16,-8.15249441300643));
#2058=CARTESIAN_POINT('',(-11.9590717239618,5.02098748930726E-16,-8.19989484772764));
#2059=CARTESIAN_POINT('',(-11.932567133793,5.05138064187142E-16,-8.24953063264998));
#2060=CARTESIAN_POINT('',(-11.890434244615,5.11520856465582E-16,-8.35376954109091));
#2061=CARTESIAN_POINT('',(-11.8746130558834,5.14944319055549E-16,-8.40967892806437));
#2062=CARTESIAN_POINT('',(-11.8552322035429,5.21841442181573E-16,-8.52231749668393));
#2063=CARTESIAN_POINT('',(-11.8517091067637,5.25478655304043E-16,-8.58171769476557));
#2064=CARTESIAN_POINT('',(-11.8570488056796,5.32732878665795E-16,-8.70018815280788));
#2065=CARTESIAN_POINT('',(-11.8671830674142,5.36517474582534E-16,-8.76199529457928));
#2066=CARTESIAN_POINT('',(-11.9008144616107,5.44147140096884E-16,-8.88659718827895));
#2067=CARTESIAN_POINT('',(-11.9282224992018,5.4812801007304E-16,-8.95160972869349));
#2068=CARTESIAN_POINT('',(-12.0044986165194,5.56944844518843E-16,-9.0955995623654));
#2069=CARTESIAN_POINT('',(-12.0608327820219,5.61661841198758E-16,-9.17263396417333));
#2070=CARTESIAN_POINT('',(-12.1291610258898,5.65970518518027E-16,-9.24300000476999));
#2071=ORIENTED_EDGE('',*,*,#2395,.F.);
#2072=ORIENTED_EDGE('',*,*,#2524,.T.);
#2073=ORIENTED_EDGE('',*,*,#2383,.F.);
#2074=ORIENTED_EDGE('',*,*,#2523,.F.);
#2075=ORIENTED_EDGE('',*,*,#2394,.F.);
#2076=ORIENTED_EDGE('',*,*,#2521,.T.);
#2077=ORIENTED_EDGE('',*,*,#2384,.F.);
#2078=ORIENTED_EDGE('',*,*,#2524,.F.);
#2079=CARTESIAN_POINT('',(-13.1810474965051,4.6957493459777E-16,-7.66874065117724));
#2080=CARTESIAN_POINT('',(-13.0898896649231,4.67358376057315E-16,-7.6325415031127));
#2081=CARTESIAN_POINT('',(-12.9971610059796,4.65976595244069E-16,-7.60997530991793));
#2082=CARTESIAN_POINT('',(-12.8349421393779,4.65035612168534E-16,-7.59460789008406));
#2083=CARTESIAN_POINT('',(-12.7643897820326,4.65008516683949E-16,-7.59416538723991));
#2084=CARTESIAN_POINT('',(-12.6364024653649,4.66025691391449E-16,-7.61077711085211));
#2085=CARTESIAN_POINT('',(-12.5754218980542,4.66900685129216E-16,-7.62506684301613));
#2086=CARTESIAN_POINT('',(-12.4639260523528,4.69374682485179E-16,-7.66547028599554));
#2087=CARTESIAN_POINT('',(-12.410395655886,4.7096588987173E-16,-7.69145667468588));
#2088=CARTESIAN_POINT('',(-12.3137479188629,4.74701704743865E-16,-7.75246716154194));
#2089=CARTESIAN_POINT('',(-12.2681488873708,4.76906832461288E-16,-7.78847963009954));
#2090=CARTESIAN_POINT('',(-12.187968252017,4.81732933868577E-16,-7.86729584732477));
#2091=CARTESIAN_POINT('',(-12.1522536337863,4.84395428733564E-16,-7.91077768824152));
#2092=CARTESIAN_POINT('',(-12.1207237077929,4.87318864552802E-16,-7.95852101833921));
#2093=ORIENTED_EDGE('',*,*,#2468,.F.);
#2094=ORIENTED_EDGE('',*,*,#2249,.F.);
#2095=ORIENTED_EDGE('',*,*,#2310,.F.);
#2096=ORIENTED_EDGE('',*,*,#2525,.F.);
#2097=CARTESIAN_POINT('',(-18.8507379811008,3.0919834867452E-17,-0.504959223981634));
#2098=CARTESIAN_POINT('',(-18.6495380032128,3.97785719658776E-17,-0.649633379903054));
#2099=CARTESIAN_POINT('',(-18.4436817222432,4.8174658152469E-17,-0.786751873046335));
#2100=CARTESIAN_POINT('',(-18.0294839929323,6.3784227961549E-17,-1.04167549379883));
#2101=CARTESIAN_POINT('',(-17.8213676650963,7.10998988207818E-17,-1.16114946563016));
#2102=CARTESIAN_POINT('',(-17.4038247129433,8.43484133939655E-17,-1.37751412819912));
#2103=CARTESIAN_POINT('',(-17.1944857295297,9.04802289575692E-17,-1.47765427583798));
#2104=CARTESIAN_POINT('',(-16.7756904840116,1.01237100909687E-16,-1.65332732637969));
#2105=CARTESIAN_POINT('',(-16.5661615318317,1.06127152871267E-16,-1.73318793541381));
#2106=CARTESIAN_POINT('',(-16.1483967268691,1.14172139035862E-16,-1.86457253006096));
#2107=CARTESIAN_POINT('',(-15.9397434811424,1.17757384450224E-16,-1.92312403106285));
#2108=CARTESIAN_POINT('',(-15.5258602900598,1.22606996594215E-16,-2.00232420775654));
#2109=CARTESIAN_POINT('',(-15.3203881131714,1.2418551072656E-16,-2.02810329987425));
#2110=CARTESIAN_POINT('',(-15.1123999933904,1.24964430775475E-16,-2.04082402963009));
#2111=ORIENTED_EDGE('',*,*,#2392,.F.);
#2112=ORIENTED_EDGE('',*,*,#2526,.T.);
#2113=ORIENTED_EDGE('',*,*,#2386,.F.);
#2114=ORIENTED_EDGE('',*,*,#2245,.F.);
#2115=CARTESIAN_POINT('',(-14.7430265855291,2.38670774827001E-16,-3.89778955031235));
#2116=CARTESIAN_POINT('',(-14.9303145398751,2.44264105954753E-16,-3.98913557974134));
#2117=CARTESIAN_POINT('',(-15.110280847148,2.50537210601976E-16,-4.09158315322278));
#2118=CARTESIAN_POINT('',(-15.4623504607785,2.64716028104578E-16,-4.32314081560306));
#2119=CARTESIAN_POINT('',(-15.632714234524,2.72917651430616E-16,-4.45708348922533));
#2120=CARTESIAN_POINT('',(-15.9683998795931,2.90139565902845E-16,-4.73833869659157));
#2121=CARTESIAN_POINT('',(-16.1314180580047,2.99567193372554E-16,-4.89230353733214));
#2122=CARTESIAN_POINT('',(-16.4511072476965,3.19318709521831E-16,-5.21487027515449));
#2123=CARTESIAN_POINT('',(-16.6061892744131,3.2988912550517E-16,-5.38749826864123));
#2124=CARTESIAN_POINT('',(-16.9091494901371,3.51913274782336E-16,-5.74717992203714));
#2125=CARTESIAN_POINT('',(-17.0557031961875,3.63548780441196E-16,-5.93720214994744));
#2126=CARTESIAN_POINT('',(-17.34081695453,3.87675873050387E-16,-6.33122747424486));
#2127=CARTESIAN_POINT('',(-17.47853038356,4.00256593538024E-16,-6.53668623176411));
#2128=CARTESIAN_POINT('',(-17.6090505225099,4.13155638436774E-16,-6.7473436214332));
#2129=ORIENTED_EDGE('',*,*,#2391,.F.);
#2130=ORIENTED_EDGE('',*,*,#2527,.T.);
#2131=ORIENTED_EDGE('',*,*,#2387,.F.);
#2132=ORIENTED_EDGE('',*,*,#2526,.F.);
#2133=CARTESIAN_POINT('',(-14.1981701069522,1.80214231310605E-16,-2.9431217463856));
#2134=CARTESIAN_POINT('',(-14.186705498964,1.83646589121083E-16,-2.99917640333434));
#2135=CARTESIAN_POINT('',(-14.1812132431317,1.87075621792639E-16,-3.05517675664344));
#2136=CARTESIAN_POINT('',(-14.1821780324428,1.93959836163299E-16,-3.1676045092894));
#2137=CARTESIAN_POINT('',(-14.188956756102,1.97493434799625E-16,-3.22531255439736));
#2138=CARTESIAN_POINT('',(-14.214156097358,2.04319689488801E-16,-3.33679375361217));
#2139=CARTESIAN_POINT('',(-14.2336326520378,2.07762591572759E-16,-3.39302061161491));
#2140=CARTESIAN_POINT('',(-14.2839025720934,2.14339497021311E-16,-3.50042962869854));
#2141=CARTESIAN_POINT('',(-14.3169179782448,2.17598535605551E-16,-3.55365376787906));
#2142=CARTESIAN_POINT('',(-14.395672415353,2.23859356338359E-16,-3.65590072981399));
#2143=CARTESIAN_POINT('',(-14.4458733624224,2.26894958993713E-16,-3.70547588335978));
#2144=CARTESIAN_POINT('',(-14.5714458298067,2.33253303978493E-16,-3.8093155371964));
#2145=CARTESIAN_POINT('',(-14.6529716015896,2.36291184585269E-16,-3.85892789251209));
#2146=CARTESIAN_POINT('',(-14.7430265855291,2.38670774827001E-16,-3.89778955031235));
#2147=ORIENTED_EDGE('',*,*,#2390,.F.);
#2148=ORIENTED_EDGE('',*,*,#2528,.T.);
#2149=ORIENTED_EDGE('',*,*,#2388,.F.);
#2150=ORIENTED_EDGE('',*,*,#2527,.F.);
#2151=ORIENTED_EDGE('',*,*,#2389,.F.);
#2152=ORIENTED_EDGE('',*,*,#2525,.T.);
#2153=ORIENTED_EDGE('',*,*,#2309,.F.);
#2154=ORIENTED_EDGE('',*,*,#2528,.F.);
#2155=CARTESIAN_POINT('',(-15.1123999933904,1.24964430775475E-16,-2.04082402963009));
#2156=CARTESIAN_POINT('',(-15.0143283243337,1.25052662896406E-16,-2.04226496951566));
#2157=CARTESIAN_POINT('',(-14.9200225059914,1.25948937646117E-16,-2.05690224697942));
#2158=CARTESIAN_POINT('',(-14.7642709583822,1.28880792784481E-16,-2.10478307499293));
#2159=CARTESIAN_POINT('',(-14.6989197409532,1.30508985132563E-16,-2.13137347394251));
#2160=CARTESIAN_POINT('',(-14.5870319100724,1.3444780788174E-16,-2.19569933102912));
#2161=CARTESIAN_POINT('',(-14.5361616558052,1.36685130052288E-16,-2.23223757490656));
#2162=CARTESIAN_POINT('',(-14.4486146542403,1.41583443352894E-16,-2.31223310184569));
#2163=CARTESIAN_POINT('',(-14.4091035769963,1.44307883766043E-16,-2.35672659033634));
#2164=CARTESIAN_POINT('',(-14.3431604134174,1.50024034622097E-16,-2.45007841814553));
#2165=CARTESIAN_POINT('',(-14.3148137765951,1.53129810944552E-16,-2.50079959464503));
#2166=CARTESIAN_POINT('',(-14.2708981892217,1.59467388175059E-16,-2.6043000853158));
#2167=CARTESIAN_POINT('',(-14.2545419645545,1.62764099121769E-16,-2.65813946086482));
#2168=CARTESIAN_POINT('',(-14.2436826927019,1.66203829847506E-16,-2.71431452665737));
#2169=ORIENTED_EDGE('',*,*,#2251,.F.);
#2170=ORIENTED_EDGE('',*,*,#2467,.F.);
#2171=ORIENTED_EDGE('',*,*,#2529,.T.);
#2172=ORIENTED_EDGE('',*,*,#2311,.F.);
#2173=CARTESIAN_POINT('',(-15.1123999933904,-1.24964430775475E-16,2.04082402963009));
#2174=CARTESIAN_POINT('',(-15.3203881131714,-1.2418551072656E-16,2.02810329987425));
#2175=CARTESIAN_POINT('',(-15.5258602900598,-1.22606996594215E-16,2.00232420775654));
#2176=CARTESIAN_POINT('',(-15.9397434811424,-1.17757384450223E-16,1.92312403106285));
#2177=CARTESIAN_POINT('',(-16.1483967268691,-1.14172139035862E-16,1.86457253006096));
#2178=CARTESIAN_POINT('',(-16.5661615318317,-1.06127152871267E-16,1.73318793541381));
#2179=CARTESIAN_POINT('',(-16.7756904840116,-1.01237100909687E-16,1.65332732637969));
#2180=CARTESIAN_POINT('',(-17.1944857295297,-9.04802289575692E-17,1.47765427583798));
#2181=CARTESIAN_POINT('',(-17.4038247129433,-8.43484133939655E-17,1.37751412819912));
#2182=CARTESIAN_POINT('',(-17.8213676650963,-7.10998988207818E-17,1.16114946563016));
#2183=CARTESIAN_POINT('',(-18.0294839929323,-6.37842279615489E-17,1.04167549379883));
#2184=CARTESIAN_POINT('',(-18.4436817222432,-4.81746581524689E-17,0.786751873046335));
#2185=CARTESIAN_POINT('',(-18.6495380032128,-3.97785719658776E-17,0.649633379903054));
#2186=CARTESIAN_POINT('',(-18.8507379811008,-3.0919834867452E-17,0.504959223981634));
#2187=ORIENTED_EDGE('',*,*,#2307,.F.);
#2188=ORIENTED_EDGE('',*,*,#2315,.F.);
#2189=ORIENTED_EDGE('',*,*,#2530,.F.);
#2190=ORIENTED_EDGE('',*,*,#2463,.F.);
#2191=CARTESIAN_POINT('',(-17.6090505225099,-4.13155638436774E-16,6.7473436214332));
#2192=CARTESIAN_POINT('',(-17.47853038356,-4.00256593538024E-16,6.53668623176411));
#2193=CARTESIAN_POINT('',(-17.34081695453,-3.87675873050387E-16,6.33122747424486));
#2194=CARTESIAN_POINT('',(-17.0557031961875,-3.63548780441196E-16,5.93720214994744));
#2195=CARTESIAN_POINT('',(-16.9091494901371,-3.51913274782336E-16,5.74717992203714));
#2196=CARTESIAN_POINT('',(-16.6061892744131,-3.2988912550517E-16,5.38749826864123));
#2197=CARTESIAN_POINT('',(-16.4511072476965,-3.19318709521831E-16,5.21487027515449));
#2198=CARTESIAN_POINT('',(-16.1314180580047,-2.99567193372554E-16,4.89230353733214));
#2199=CARTESIAN_POINT('',(-15.9683998795931,-2.90139565902845E-16,4.73833869659157));
#2200=CARTESIAN_POINT('',(-15.632714234524,-2.72917651430616E-16,4.45708348922533));
#2201=CARTESIAN_POINT('',(-15.4623504607785,-2.64716028104578E-16,4.32314081560306));
#2202=CARTESIAN_POINT('',(-15.110280847148,-2.50537210601975E-16,4.09158315322278));
#2203=CARTESIAN_POINT('',(-14.9303145398751,-2.44264105954753E-16,3.98913557974134));
#2204=CARTESIAN_POINT('',(-14.7430265855291,-2.38670774827001E-16,3.89778955031235));
#2205=ORIENTED_EDGE('',*,*,#2312,.F.);
#2206=ORIENTED_EDGE('',*,*,#2529,.F.);
#2207=ORIENTED_EDGE('',*,*,#2466,.F.);
#2208=ORIENTED_EDGE('',*,*,#2531,.T.);
#2209=CARTESIAN_POINT('',(-14.2436826927019,-1.66203829847505E-16,2.71431452665737));
#2210=CARTESIAN_POINT('',(-14.2545419645545,-1.62764099121769E-16,2.65813946086482));
#2211=CARTESIAN_POINT('',(-14.2708981892217,-1.59467388175059E-16,2.6043000853158));
#2212=CARTESIAN_POINT('',(-14.3148137765951,-1.53129810944552E-16,2.50079959464503));
#2213=CARTESIAN_POINT('',(-14.3431604134174,-1.50024034622097E-16,2.45007841814553));
#2214=CARTESIAN_POINT('',(-14.4091035769963,-1.44307883766043E-16,2.35672659033634));
#2215=CARTESIAN_POINT('',(-14.4486146542403,-1.41583443352894E-16,2.31223310184569));
#2216=CARTESIAN_POINT('',(-14.5361616558052,-1.36685130052288E-16,2.23223757490656));
#2217=CARTESIAN_POINT('',(-14.5870319100724,-1.3444780788174E-16,2.19569933102912));
#2218=CARTESIAN_POINT('',(-14.6989197409532,-1.30508985132563E-16,2.13137347394251));
#2219=CARTESIAN_POINT('',(-14.7642709583822,-1.28880792784481E-16,2.10478307499293));
#2220=CARTESIAN_POINT('',(-14.9200225059914,-1.25948937646117E-16,2.05690224697942));
#2221=CARTESIAN_POINT('',(-15.0143283243337,-1.25052662896406E-16,2.04226496951566));
#2222=CARTESIAN_POINT('',(-15.1123999933904,-1.24964430775475E-16,2.04082402963009));
#2223=ORIENTED_EDGE('',*,*,#2313,.F.);
#2224=ORIENTED_EDGE('',*,*,#2531,.F.);
#2225=ORIENTED_EDGE('',*,*,#2465,.F.);
#2226=ORIENTED_EDGE('',*,*,#2532,.T.);
#2227=ORIENTED_EDGE('',*,*,#2314,.F.);
#2228=ORIENTED_EDGE('',*,*,#2532,.F.);
#2229=ORIENTED_EDGE('',*,*,#2464,.F.);
#2230=ORIENTED_EDGE('',*,*,#2530,.T.);
#2231=CARTESIAN_POINT('',(-14.7430265855291,-2.38670774827001E-16,3.89778955031235));
#2232=CARTESIAN_POINT('',(-14.6529716015896,-2.36291184585269E-16,3.85892789251209));
#2233=CARTESIAN_POINT('',(-14.5714458298067,-2.33253303978493E-16,3.8093155371964));
#2234=CARTESIAN_POINT('',(-14.4458733624224,-2.26894958993713E-16,3.70547588335978));
#2235=CARTESIAN_POINT('',(-14.395672415353,-2.23859356338359E-16,3.65590072981399));
#2236=CARTESIAN_POINT('',(-14.3169179782448,-2.17598535605551E-16,3.55365376787906));
#2237=CARTESIAN_POINT('',(-14.2839025720934,-2.14339497021311E-16,3.50042962869854));
#2238=CARTESIAN_POINT('',(-14.2336326520378,-2.07762591572759E-16,3.39302061161491));
#2239=CARTESIAN_POINT('',(-14.214156097358,-2.04319689488801E-16,3.33679375361217));
#2240=CARTESIAN_POINT('',(-14.188956756102,-1.97493434799625E-16,3.22531255439736));
#2241=CARTESIAN_POINT('',(-14.1821780324428,-1.93959836163299E-16,3.1676045092894));
#2242=CARTESIAN_POINT('',(-14.1812132431317,-1.87075621792639E-16,3.05517675664344));
#2243=CARTESIAN_POINT('',(-14.186705498964,-1.83646589121083E-16,2.99917640333434));
#2244=CARTESIAN_POINT('',(-14.1981701069522,-1.80214231310605E-16,2.9431217463856));
#2245=EDGE_CURVE('',#2533,#2534,#2535,.T.);
#2246=EDGE_CURVE('',#2536,#2534,#2537,.T.);
#2247=EDGE_CURVE('',#2536,#2538,#2539,.F.);
#2248=EDGE_CURVE('',#2538,#2533,#2540,.T.);
#2249=EDGE_CURVE('',#2541,#2542,#2543,.F.);
#2250=EDGE_CURVE('',#2542,#2544,#2545,.T.);
#2251=EDGE_CURVE('',#2544,#2546,#2547,.T.);
#2252=EDGE_CURVE('',#2541,#2546,#2548,.T.);
#2253=EDGE_CURVE('',#2549,#2550,#2551,.T.);
#2254=EDGE_CURVE('',#2552,#2550,#2553,.T.);
#2255=EDGE_CURVE('',#2552,#2554,#2555,.F.);
#2256=EDGE_CURVE('',#2554,#2549,#2556,.T.);
#2257=EDGE_CURVE('',#2557,#2558,#2559,.T.);
#2258=EDGE_CURVE('',#2560,#2558,#2561,.T.);
#2259=EDGE_CURVE('',#2560,#2562,#2563,.F.);
#2260=EDGE_CURVE('',#2562,#2557,#2564,.T.);
#2261=EDGE_CURVE('',#2565,#2566,#2567,.T.);
#2262=EDGE_CURVE('',#2568,#2566,#2569,.T.);
#2263=EDGE_CURVE('',#2568,#2570,#2571,.F.);
#2264=EDGE_CURVE('',#2570,#2565,#2572,.T.);
#2265=EDGE_CURVE('',#2573,#2574,#2575,.T.);
#2266=EDGE_CURVE('',#2576,#2574,#2577,.T.);
#2267=EDGE_CURVE('',#2576,#2578,#2579,.F.);
#2268=EDGE_CURVE('',#2578,#2573,#2580,.T.);
#2269=EDGE_CURVE('',#2581,#2582,#2583,.T.);
#2270=EDGE_CURVE('',#2584,#2582,#2585,.T.);
#2271=EDGE_CURVE('',#2584,#2586,#2587,.F.);
#2272=EDGE_CURVE('',#2586,#2581,#2588,.T.);
#2273=EDGE_CURVE('',#2589,#2590,#2591,.T.);
#2274=EDGE_CURVE('',#2592,#2590,#2593,.T.);
#2275=EDGE_CURVE('',#2592,#2594,#2595,.F.);
#2276=EDGE_CURVE('',#2594,#2589,#2596,.T.);
#2277=EDGE_CURVE('',#2597,#2598,#2599,.T.);
#2278=EDGE_CURVE('',#2600,#2598,#2601,.T.);
#2279=EDGE_CURVE('',#2600,#2602,#2603,.F.);
#2280=EDGE_CURVE('',#2602,#2597,#2604,.T.);
#2281=EDGE_CURVE('',#2605,#2606,#2607,.T.);
#2282=EDGE_CURVE('',#2608,#2606,#2609,.T.);
#2283=EDGE_CURVE('',#2608,#2610,#2611,.F.);
#2284=EDGE_CURVE('',#2610,#2605,#2612,.T.);
#2285=EDGE_CURVE('',#2613,#2614,#2615,.T.);
#2286=EDGE_CURVE('',#2616,#2614,#2617,.T.);
#2287=EDGE_CURVE('',#2616,#2618,#2619,.F.);
#2288=EDGE_CURVE('',#2618,#2613,#2620,.T.);
#2289=EDGE_CURVE('',#2621,#2622,#2623,.T.);
#2290=EDGE_CURVE('',#2624,#2622,#2625,.T.);
#2291=EDGE_CURVE('',#2624,#2626,#2627,.F.);
#2292=EDGE_CURVE('',#2626,#2621,#2628,.T.);
#2293=EDGE_CURVE('',#2629,#2630,#2631,.T.);
#2294=EDGE_CURVE('',#2632,#2630,#2633,.T.);
#2295=EDGE_CURVE('',#2632,#2634,#2635,.F.);
#2296=EDGE_CURVE('',#2634,#2629,#2636,.T.);
#2297=EDGE_CURVE('',#2637,#2638,#2639,.T.);
#2298=EDGE_CURVE('',#2640,#2638,#2641,.T.);
#2299=EDGE_CURVE('',#2640,#2642,#2643,.F.);
#2300=EDGE_CURVE('',#2642,#2637,#2644,.T.);
#2301=EDGE_CURVE('',#2645,#2646,#2647,.T.);
#2302=EDGE_CURVE('',#2648,#2646,#2649,.T.);
#2303=EDGE_CURVE('',#2648,#2650,#2651,.F.);
#2304=EDGE_CURVE('',#2650,#2645,#2652,.T.);
#2305=EDGE_CURVE('',#2653,#2654,#2655,.T.);
#2306=EDGE_CURVE('',#2656,#2654,#2657,.T.);
#2307=EDGE_CURVE('',#2656,#2658,#2659,.F.);
#2308=EDGE_CURVE('',#2658,#2653,#2660,.T.);
#2309=EDGE_CURVE('',#2661,#2662,#2663,.F.);
#2310=EDGE_CURVE('',#2662,#2541,#2664,.F.);
#2311=EDGE_CURVE('',#2546,#2665,#2666,.F.);
#2312=EDGE_CURVE('',#2665,#2667,#2668,.F.);
#2313=EDGE_CURVE('',#2667,#2669,#2670,.F.);
#2314=EDGE_CURVE('',#2669,#2671,#2672,.F.);
#2315=EDGE_CURVE('',#2671,#2656,#2673,.F.);
#2316=EDGE_CURVE('',#2654,#2674,#2675,.F.);
#2317=EDGE_CURVE('',#2674,#2676,#2677,.F.);
#2318=EDGE_CURVE('',#2676,#2678,#2679,.F.);
#2319=EDGE_CURVE('',#2678,#2680,#2681,.F.);
#2320=EDGE_CURVE('',#2680,#2648,#2682,.F.);
#2321=EDGE_CURVE('',#2646,#2683,#2684,.F.);
#2322=EDGE_CURVE('',#2683,#2685,#2686,.F.);
#2323=EDGE_CURVE('',#2685,#2687,#2688,.F.);
#2324=EDGE_CURVE('',#2687,#2689,#2690,.F.);
#2325=EDGE_CURVE('',#2689,#2640,#2691,.F.);
#2326=EDGE_CURVE('',#2638,#2692,#2693,.F.);
#2327=EDGE_CURVE('',#2692,#2694,#2695,.F.);
#2328=EDGE_CURVE('',#2694,#2696,#2697,.F.);
#2329=EDGE_CURVE('',#2696,#2698,#2699,.F.);
#2330=EDGE_CURVE('',#2698,#2632,#2700,.F.);
#2331=EDGE_CURVE('',#2630,#2701,#2702,.F.);
#2332=EDGE_CURVE('',#2701,#2703,#2704,.F.);
#2333=EDGE_CURVE('',#2703,#2705,#2706,.F.);
#2334=EDGE_CURVE('',#2705,#2707,#2708,.F.);
#2335=EDGE_CURVE('',#2707,#2624,#2709,.F.);
#2336=EDGE_CURVE('',#2622,#2710,#2711,.F.);
#2337=EDGE_CURVE('',#2710,#2712,#2713,.F.);
#2338=EDGE_CURVE('',#2712,#2714,#2715,.F.);
#2339=EDGE_CURVE('',#2714,#2716,#2717,.F.);
#2340=EDGE_CURVE('',#2716,#2616,#2718,.F.);
#2341=EDGE_CURVE('',#2614,#2719,#2720,.F.);
#2342=EDGE_CURVE('',#2719,#2721,#2722,.F.);
#2343=EDGE_CURVE('',#2721,#2723,#2724,.F.);
#2344=EDGE_CURVE('',#2723,#2725,#2726,.F.);
#2345=EDGE_CURVE('',#2725,#2608,#2727,.F.);
#2346=EDGE_CURVE('',#2606,#2728,#2729,.F.);
#2347=EDGE_CURVE('',#2728,#2730,#2731,.F.);
#2348=EDGE_CURVE('',#2730,#2732,#2733,.F.);
#2349=EDGE_CURVE('',#2732,#2734,#2735,.F.);
#2350=EDGE_CURVE('',#2734,#2600,#2736,.F.);
#2351=EDGE_CURVE('',#2598,#2737,#2738,.F.);
#2352=EDGE_CURVE('',#2737,#2739,#2740,.F.);
#2353=EDGE_CURVE('',#2739,#2741,#2742,.F.);
#2354=EDGE_CURVE('',#2741,#2743,#2744,.F.);
#2355=EDGE_CURVE('',#2743,#2592,#2745,.F.);
#2356=EDGE_CURVE('',#2590,#2746,#2747,.F.);
#2357=EDGE_CURVE('',#2746,#2748,#2749,.F.);
#2358=EDGE_CURVE('',#2748,#2750,#2751,.F.);
#2359=EDGE_CURVE('',#2750,#2752,#2753,.F.);
#2360=EDGE_CURVE('',#2752,#2584,#2754,.F.);
#2361=EDGE_CURVE('',#2582,#2755,#2756,.F.);
#2362=EDGE_CURVE('',#2755,#2757,#2758,.F.);
#2363=EDGE_CURVE('',#2757,#2759,#2760,.F.);
#2364=EDGE_CURVE('',#2759,#2761,#2762,.F.);
#2365=EDGE_CURVE('',#2761,#2576,#2763,.F.);
#2366=EDGE_CURVE('',#2574,#2764,#2765,.F.);
#2367=EDGE_CURVE('',#2764,#2766,#2767,.F.);
#2368=EDGE_CURVE('',#2766,#2768,#2769,.F.);
#2369=EDGE_CURVE('',#2768,#2770,#2771,.F.);
#2370=EDGE_CURVE('',#2770,#2568,#2772,.F.);
#2371=EDGE_CURVE('',#2566,#2773,#2774,.F.);
#2372=EDGE_CURVE('',#2773,#2775,#2776,.F.);
#2373=EDGE_CURVE('',#2775,#2777,#2778,.F.);
#2374=EDGE_CURVE('',#2777,#2779,#2780,.F.);
#2375=EDGE_CURVE('',#2779,#2560,#2781,.F.);
#2376=EDGE_CURVE('',#2558,#2782,#2783,.F.);
#2377=EDGE_CURVE('',#2782,#2784,#2785,.F.);
#2378=EDGE_CURVE('',#2784,#2786,#2787,.F.);
#2379=EDGE_CURVE('',#2786,#2788,#2789,.F.);
#2380=EDGE_CURVE('',#2788,#2552,#2790,.F.);
#2381=EDGE_CURVE('',#2550,#2791,#2792,.F.);
#2382=EDGE_CURVE('',#2791,#2793,#2794,.F.);
#2383=EDGE_CURVE('',#2793,#2795,#2796,.F.);
#2384=EDGE_CURVE('',#2795,#2797,#2798,.F.);
#2385=EDGE_CURVE('',#2797,#2536,#2799,.F.);
#2386=EDGE_CURVE('',#2534,#2800,#2801,.F.);
#2387=EDGE_CURVE('',#2800,#2802,#2803,.F.);
#2388=EDGE_CURVE('',#2802,#2661,#2804,.F.);
#2389=EDGE_CURVE('',#2805,#2806,#2807,.T.);
#2390=EDGE_CURVE('',#2806,#2808,#2809,.T.);
#2391=EDGE_CURVE('',#2808,#2810,#2811,.T.);
#2392=EDGE_CURVE('',#2810,#2533,#2812,.T.);
#2393=EDGE_CURVE('',#2538,#2813,#2814,.T.);
#2394=EDGE_CURVE('',#2813,#2815,#2816,.T.);
#2395=EDGE_CURVE('',#2815,#2817,#2818,.T.);
#2396=EDGE_CURVE('',#2817,#2819,#2820,.T.);
#2397=EDGE_CURVE('',#2819,#2549,#2821,.T.);
#2398=EDGE_CURVE('',#2554,#2822,#2823,.T.);
#2399=EDGE_CURVE('',#2822,#2824,#2825,.T.);
#2400=EDGE_CURVE('',#2824,#2826,#2827,.T.);
#2401=EDGE_CURVE('',#2826,#2828,#2829,.T.);
#2402=EDGE_CURVE('',#2828,#2557,#2830,.T.);
#2403=EDGE_CURVE('',#2562,#2831,#2832,.T.);
#2404=EDGE_CURVE('',#2831,#2833,#2834,.T.);
#2405=EDGE_CURVE('',#2833,#2835,#2836,.T.);
#2406=EDGE_CURVE('',#2835,#2837,#2838,.T.);
#2407=EDGE_CURVE('',#2837,#2565,#2839,.T.);
#2408=EDGE_CURVE('',#2570,#2840,#2841,.T.);
#2409=EDGE_CURVE('',#2840,#2842,#2843,.T.);
#2410=EDGE_CURVE('',#2842,#2844,#2845,.T.);
#2411=EDGE_CURVE('',#2844,#2846,#2847,.T.);
#2412=EDGE_CURVE('',#2846,#2573,#2848,.T.);
#2413=EDGE_CURVE('',#2578,#2849,#2850,.T.);
#2414=EDGE_CURVE('',#2849,#2851,#2852,.T.);
#2415=EDGE_CURVE('',#2851,#2853,#2854,.T.);
#2416=EDGE_CURVE('',#2853,#2855,#2856,.T.);
#2417=EDGE_CURVE('',#2855,#2581,#2857,.T.);
#2418=EDGE_CURVE('',#2586,#2858,#2859,.T.);
#2419=EDGE_CURVE('',#2858,#2860,#2861,.T.);
#2420=EDGE_CURVE('',#2860,#2862,#2863,.T.);
#2421=EDGE_CURVE('',#2862,#2864,#2865,.T.);
#2422=EDGE_CURVE('',#2864,#2589,#2866,.T.);
#2423=EDGE_CURVE('',#2594,#2867,#2868,.T.);
#2424=EDGE_CURVE('',#2867,#2869,#2870,.T.);
#2425=EDGE_CURVE('',#2869,#2871,#2872,.T.);
#2426=EDGE_CURVE('',#2871,#2873,#2874,.T.);
#2427=EDGE_CURVE('',#2873,#2597,#2875,.T.);
#2428=EDGE_CURVE('',#2602,#2876,#2877,.T.);
#2429=EDGE_CURVE('',#2876,#2878,#2879,.T.);
#2430=EDGE_CURVE('',#2878,#2880,#2881,.T.);
#2431=EDGE_CURVE('',#2880,#2882,#2883,.T.);
#2432=EDGE_CURVE('',#2882,#2605,#2884,.T.);
#2433=EDGE_CURVE('',#2610,#2885,#2886,.T.);
#2434=EDGE_CURVE('',#2885,#2887,#2888,.T.);
#2435=EDGE_CURVE('',#2887,#2889,#2890,.T.);
#2436=EDGE_CURVE('',#2889,#2891,#2892,.T.);
#2437=EDGE_CURVE('',#2891,#2613,#2893,.T.);
#2438=EDGE_CURVE('',#2618,#2894,#2895,.T.);
#2439=EDGE_CURVE('',#2894,#2896,#2897,.T.);
#2440=EDGE_CURVE('',#2896,#2898,#2899,.T.);
#2441=EDGE_CURVE('',#2898,#2900,#2901,.T.);
#2442=EDGE_CURVE('',#2900,#2621,#2902,.T.);
#2443=EDGE_CURVE('',#2626,#2903,#2904,.T.);
#2444=EDGE_CURVE('',#2903,#2905,#2906,.T.);
#2445=EDGE_CURVE('',#2905,#2907,#2908,.T.);
#2446=EDGE_CURVE('',#2907,#2909,#2910,.T.);
#2447=EDGE_CURVE('',#2909,#2629,#2911,.T.);
#2448=EDGE_CURVE('',#2634,#2912,#2913,.T.);
#2449=EDGE_CURVE('',#2912,#2914,#2915,.T.);
#2450=EDGE_CURVE('',#2914,#2916,#2917,.T.);
#2451=EDGE_CURVE('',#2916,#2918,#2919,.T.);
#2452=EDGE_CURVE('',#2918,#2637,#2920,.T.);
#2453=EDGE_CURVE('',#2642,#2921,#2922,.T.);
#2454=EDGE_CURVE('',#2921,#2923,#2924,.T.);
#2455=EDGE_CURVE('',#2923,#2925,#2926,.T.);
#2456=EDGE_CURVE('',#2925,#2927,#2928,.T.);
#2457=EDGE_CURVE('',#2927,#2645,#2929,.T.);
#2458=EDGE_CURVE('',#2650,#2930,#2931,.T.);
#2459=EDGE_CURVE('',#2930,#2932,#2933,.T.);
#2460=EDGE_CURVE('',#2932,#2934,#2935,.T.);
#2461=EDGE_CURVE('',#2934,#2936,#2937,.T.);
#2462=EDGE_CURVE('',#2936,#2653,#2938,.T.);
#2463=EDGE_CURVE('',#2658,#2939,#2940,.T.);
#2464=EDGE_CURVE('',#2939,#2941,#2942,.T.);
#2465=EDGE_CURVE('',#2941,#2943,#2944,.T.);
#2466=EDGE_CURVE('',#2943,#2945,#2946,.T.);
#2467=EDGE_CURVE('',#2945,#2544,#2947,.T.);
#2468=EDGE_CURVE('',#2542,#2805,#2948,.T.);
#2469=EDGE_CURVE('',#2930,#2680,#2949,.T.);
#2470=EDGE_CURVE('',#2936,#2674,#2950,.T.);
#2471=EDGE_CURVE('',#2934,#2676,#2951,.T.);
#2472=EDGE_CURVE('',#2932,#2678,#2952,.T.);
#2473=EDGE_CURVE('',#2921,#2689,#2953,.T.);
#2474=EDGE_CURVE('',#2927,#2683,#2954,.T.);
#2475=EDGE_CURVE('',#2925,#2685,#2955,.T.);
#2476=EDGE_CURVE('',#2923,#2687,#2956,.T.);
#2477=EDGE_CURVE('',#2912,#2698,#2957,.T.);
#2478=EDGE_CURVE('',#2918,#2692,#2958,.T.);
#2479=EDGE_CURVE('',#2916,#2694,#2959,.T.);
#2480=EDGE_CURVE('',#2914,#2696,#2960,.T.);
#2481=EDGE_CURVE('',#2903,#2707,#2961,.T.);
#2482=EDGE_CURVE('',#2909,#2701,#2962,.T.);
#2483=EDGE_CURVE('',#2907,#2703,#2963,.T.);
#2484=EDGE_CURVE('',#2905,#2705,#2964,.T.);
#2485=EDGE_CURVE('',#2894,#2716,#2965,.T.);
#2486=EDGE_CURVE('',#2900,#2710,#2966,.T.);
#2487=EDGE_CURVE('',#2898,#2712,#2967,.T.);
#2488=EDGE_CURVE('',#2896,#2714,#2968,.T.);
#2489=EDGE_CURVE('',#2885,#2725,#2969,.T.);
#2490=EDGE_CURVE('',#2891,#2719,#2970,.T.);
#2491=EDGE_CURVE('',#2889,#2721,#2971,.T.);
#2492=EDGE_CURVE('',#2887,#2723,#2972,.T.);
#2493=EDGE_CURVE('',#2876,#2734,#2973,.T.);
#2494=EDGE_CURVE('',#2882,#2728,#2974,.T.);
#2495=EDGE_CURVE('',#2880,#2730,#2975,.T.);
#2496=EDGE_CURVE('',#2878,#2732,#2976,.T.);
#2497=EDGE_CURVE('',#2867,#2743,#2977,.T.);
#2498=EDGE_CURVE('',#2873,#2737,#2978,.T.);
#2499=EDGE_CURVE('',#2871,#2739,#2979,.T.);
#2500=EDGE_CURVE('',#2869,#2741,#2980,.T.);
#2501=EDGE_CURVE('',#2858,#2752,#2981,.T.);
#2502=EDGE_CURVE('',#2864,#2746,#2982,.T.);
#2503=EDGE_CURVE('',#2862,#2748,#2983,.T.);
#2504=EDGE_CURVE('',#2860,#2750,#2984,.T.);
#2505=EDGE_CURVE('',#2849,#2761,#2985,.T.);
#2506=EDGE_CURVE('',#2855,#2755,#2986,.T.);
#2507=EDGE_CURVE('',#2853,#2757,#2987,.T.);
#2508=EDGE_CURVE('',#2851,#2759,#2988,.T.);
#2509=EDGE_CURVE('',#2840,#2770,#2989,.T.);
#2510=EDGE_CURVE('',#2846,#2764,#2990,.T.);
#2511=EDGE_CURVE('',#2844,#2766,#2991,.T.);
#2512=EDGE_CURVE('',#2842,#2768,#2992,.T.);
#2513=EDGE_CURVE('',#2831,#2779,#2993,.T.);
#2514=EDGE_CURVE('',#2837,#2773,#2994,.T.);
#2515=EDGE_CURVE('',#2835,#2775,#2995,.T.);
#2516=EDGE_CURVE('',#2833,#2777,#2996,.T.);
#2517=EDGE_CURVE('',#2822,#2788,#2997,.T.);
#2518=EDGE_CURVE('',#2828,#2782,#2998,.T.);
#2519=EDGE_CURVE('',#2826,#2784,#2999,.T.);
#2520=EDGE_CURVE('',#2824,#2786,#3000,.T.);
#2521=EDGE_CURVE('',#2813,#2797,#3001,.T.);
#2522=EDGE_CURVE('',#2819,#2791,#3002,.T.);
#2523=EDGE_CURVE('',#2817,#2793,#3003,.T.);
#2524=EDGE_CURVE('',#2815,#2795,#3004,.T.);
#2525=EDGE_CURVE('',#2805,#2662,#3005,.T.);
#2526=EDGE_CURVE('',#2810,#2800,#3006,.T.);
#2527=EDGE_CURVE('',#2808,#2802,#3007,.T.);
#2528=EDGE_CURVE('',#2806,#2661,#3008,.T.);
#2529=EDGE_CURVE('',#2945,#2665,#3009,.T.);
#2530=EDGE_CURVE('',#2939,#2671,#3010,.T.);
#2531=EDGE_CURVE('',#2943,#2667,#3011,.T.);
#2532=EDGE_CURVE('',#2941,#2669,#3012,.T.);
#2533=VERTEX_POINT('',#3013);
#2534=VERTEX_POINT('',#3014);
#2535=LINE('',#3015,#3016);
#2536=VERTEX_POINT('',#3018);
#2537=CIRCLE('',#3019,18.8575);
#2538=VERTEX_POINT('',#3023);
#2539=LINE('',#3024,#3025);
#2540=CIRCLE('',#3027,18.8575);
#2541=VERTEX_POINT('',#3031);
#2542=VERTEX_POINT('',#3032);
#2543=LINE('',#3033,#3034);
#2544=VERTEX_POINT('',#3036);
#2545=CIRCLE('',#3037,18.8575);
#2546=VERTEX_POINT('',#3041);
#2547=LINE('',#3042,#3043);
#2548=CIRCLE('',#3045,18.8575);
#2549=VERTEX_POINT('',#3049);
#2550=VERTEX_POINT('',#3050);
#2551=LINE('',#3051,#3052);
#2552=VERTEX_POINT('',#3054);
#2553=CIRCLE('',#3055,18.8575);
#2554=VERTEX_POINT('',#3059);
#2555=LINE('',#3060,#3061);
#2556=CIRCLE('',#3063,18.8575);
#2557=VERTEX_POINT('',#3067);
#2558=VERTEX_POINT('',#3068);
#2559=LINE('',#3069,#3070);
#2560=VERTEX_POINT('',#3072);
#2561=CIRCLE('',#3073,18.8575);
#2562=VERTEX_POINT('',#3077);
#2563=LINE('',#3078,#3079);
#2564=CIRCLE('',#3081,18.8575);
#2565=VERTEX_POINT('',#3085);
#2566=VERTEX_POINT('',#3086);
#2567=LINE('',#3087,#3088);
#2568=VERTEX_POINT('',#3090);
#2569=CIRCLE('',#3091,18.8575);
#2570=VERTEX_POINT('',#3095);
#2571=LINE('',#3096,#3097);
#2572=CIRCLE('',#3099,18.8575);
#2573=VERTEX_POINT('',#3103);
#2574=VERTEX_POINT('',#3104);
#2575=LINE('',#3105,#3106);
#2576=VERTEX_POINT('',#3108);
#2577=CIRCLE('',#3109,18.8575);
#2578=VERTEX_POINT('',#3113);
#2579=LINE('',#3114,#3115);
#2580=CIRCLE('',#3117,18.8575);
#2581=VERTEX_POINT('',#3121);
#2582=VERTEX_POINT('',#3122);
#2583=LINE('',#3123,#3124);
#2584=VERTEX_POINT('',#3126);
#2585=CIRCLE('',#3127,18.8575);
#2586=VERTEX_POINT('',#3131);
#2587=LINE('',#3132,#3133);
#2588=CIRCLE('',#3135,18.8575);
#2589=VERTEX_POINT('',#3139);
#2590=VERTEX_POINT('',#3140);
#2591=LINE('',#3141,#3142);
#2592=VERTEX_POINT('',#3144);
#2593=CIRCLE('',#3145,18.8575);
#2594=VERTEX_POINT('',#3149);
#2595=LINE('',#3150,#3151);
#2596=CIRCLE('',#3153,18.8575);
#2597=VERTEX_POINT('',#3157);
#2598=VERTEX_POINT('',#3158);
#2599=LINE('',#3159,#3160);
#2600=VERTEX_POINT('',#3162);
#2601=CIRCLE('',#3163,18.8575);
#2602=VERTEX_POINT('',#3167);
#2603=LINE('',#3168,#3169);
#2604=CIRCLE('',#3171,18.8575);
#2605=VERTEX_POINT('',#3175);
#2606=VERTEX_POINT('',#3176);
#2607=LINE('',#3177,#3178);
#2608=VERTEX_POINT('',#3180);
#2609=CIRCLE('',#3181,18.8575);
#2610=VERTEX_POINT('',#3185);
#2611=LINE('',#3186,#3187);
#2612=CIRCLE('',#3189,18.8575);
#2613=VERTEX_POINT('',#3193);
#2614=VERTEX_POINT('',#3194);
#2615=LINE('',#3195,#3196);
#2616=VERTEX_POINT('',#3198);
#2617=CIRCLE('',#3199,18.8575);
#2618=VERTEX_POINT('',#3203);
#2619=LINE('',#3204,#3205);
#2620=CIRCLE('',#3207,18.8575);
#2621=VERTEX_POINT('',#3211);
#2622=VERTEX_POINT('',#3212);
#2623=LINE('',#3213,#3214);
#2624=VERTEX_POINT('',#3216);
#2625=CIRCLE('',#3217,18.8575);
#2626=VERTEX_POINT('',#3221);
#2627=LINE('',#3222,#3223);
#2628=CIRCLE('',#3225,18.8575);
#2629=VERTEX_POINT('',#3229);
#2630=VERTEX_POINT('',#3230);
#2631=LINE('',#3231,#3232);
#2632=VERTEX_POINT('',#3234);
#2633=CIRCLE('',#3235,18.8575);
#2634=VERTEX_POINT('',#3239);
#2635=LINE('',#3240,#3241);
#2636=CIRCLE('',#3243,18.8575);
#2637=VERTEX_POINT('',#3247);
#2638=VERTEX_POINT('',#3248);
#2639=LINE('',#3249,#3250);
#2640=VERTEX_POINT('',#3252);
#2641=CIRCLE('',#3253,18.8575);
#2642=VERTEX_POINT('',#3257);
#2643=LINE('',#3258,#3259);
#2644=CIRCLE('',#3261,18.8575);
#2645=VERTEX_POINT('',#3265);
#2646=VERTEX_POINT('',#3266);
#2647=LINE('',#3267,#3268);
#2648=VERTEX_POINT('',#3270);
#2649=CIRCLE('',#3271,18.8575);
#2650=VERTEX_POINT('',#3275);
#2651=LINE('',#3276,#3277);
#2652=CIRCLE('',#3279,18.8575);
#2653=VERTEX_POINT('',#3283);
#2654=VERTEX_POINT('',#3284);
#2655=LINE('',#3285,#3286);
#2656=VERTEX_POINT('',#3288);
#2657=CIRCLE('',#3289,18.8575);
#2658=VERTEX_POINT('',#3293);
#2659=LINE('',#3294,#3295);
#2660=CIRCLE('',#3297,18.8575);
#2661=VERTEX_POINT('',#3301);
#2662=VERTEX_POINT('',#3302);
#2663=B_SPLINE_CURVE_WITH_KNOTS('',3,
(#3303,#3304,#3305,#3306,#3307,#3308,#3309,#3310,#3311,#3312,#3313,#3314,#3315,#3316),
.UNSPECIFIED.,.F.,.F.,
(4,2,2,2,2,2,4),
(0.,0.240662346026774,0.413999848099871,0.568207798073753,0.714849527912603,0.858104052609583,
1.),
.UNSPECIFIED.);
#2664=B_SPLINE_CURVE_WITH_KNOTS('',3,
(#3317,#3318,#3319,#3320,#3321,#3322,#3323,#3324,#3325,#3326,#3327,#3328,#3329,#3330),
.UNSPECIFIED.,.F.,.F.,
(4,2,2,2,2,2,4),
(0.,0.181399745120123,0.356916252132472,0.52654726049908,0.690288101976372,0.848126326942389,
1.),
.UNSPECIFIED.);
#2665=VERTEX_POINT('',#3331);
#2666=B_SPLINE_CURVE_WITH_KNOTS('',3,
(#3332,#3333,#3334,#3335,#3336,#3337,#3338,#3339,#3340,#3341,#3342,#3343,#3344,#3345),
.UNSPECIFIED.,.F.,.F.,
(4,2,2,2,2,2,4),
(0.,0.151873673057609,0.309711898023625,0.473452739500917,0.643083747867525,0.818600254879874,
1.),
.UNSPECIFIED.);
#2667=VERTEX_POINT('',#3346);
#2668=B_SPLINE_CURVE_WITH_KNOTS('',3,
(#3347,#3348,#3349,#3350,#3351,#3352,#3353,#3354,#3355,#3356,#3357,#3358,#3359,#3360),
.UNSPECIFIED.,.F.,.F.,
(4,2,2,2,2,2,4),
(0.,0.141895947390416,0.285150472087398,0.431792201926248,0.586000151900127,0.759337653973225,
1.),
.UNSPECIFIED.);
#2669=VERTEX_POINT('',#3361);
#2670=CIRCLE('',#3362,14.5);
#2671=VERTEX_POINT('',#3366);
#2672=B_SPLINE_CURVE_WITH_KNOTS('',3,
(#3367,#3368,#3369,#3370,#3371,#3372,#3373,#3374,#3375,#3376,#3377,#3378,#3379,#3380),
.UNSPECIFIED.,.F.,.F.,
(4,2,2,2,2,2,4),
(0.,0.240662346026774,0.413999848099871,0.568207798073753,0.714849527912603,0.858104052609583,
1.),
.UNSPECIFIED.);
#2673=B_SPLINE_CURVE_WITH_KNOTS('',3,
(#3381,#3382,#3383,#3384,#3385,#3386,#3387,#3388,#3389,#3390,#3391,#3392,#3393,#3394),
.UNSPECIFIED.,.F.,.F.,
(4,2,2,2,2,2,4),
(0.,0.181399745120123,0.356916252132472,0.52654726049908,0.690288101976372,0.848126326942389,
1.),
.UNSPECIFIED.);
#2674=VERTEX_POINT('',#3395);
#2675=B_SPLINE_CURVE_WITH_KNOTS('',3,
(#3396,#3397,#3398,#3399,#3400,#3401,#3402,#3403,#3404,#3405,#3406,#3407,#3408,#3409),
.UNSPECIFIED.,.F.,.F.,
(4,2,2,2,2,2,4),
(0.,0.151873673057609,0.309711898023625,0.473452739500917,0.643083747867525,0.818600254879874,
1.),
.UNSPECIFIED.);
#2676=VERTEX_POINT('',#3410);
#2677=B_SPLINE_CURVE_WITH_KNOTS('',3,
(#3411,#3412,#3413,#3414,#3415,#3416,#3417,#3418,#3419,#3420,#3421,#3422,#3423,#3424),
.UNSPECIFIED.,.F.,.F.,
(4,2,2,2,2,2,4),
(0.,0.141895947390416,0.285150472087398,0.431792201926248,0.586000151900127,0.759337653973225,
1.),
.UNSPECIFIED.);
#2678=VERTEX_POINT('',#3425);
#2679=CIRCLE('',#3426,14.5);
#2680=VERTEX_POINT('',#3430);
#2681=B_SPLINE_CURVE_WITH_KNOTS('',3,
(#3431,#3432,#3433,#3434,#3435,#3436,#3437,#3438,#3439,#3440,#3441,#3442,#3443,#3444),
.UNSPECIFIED.,.F.,.F.,
(4,2,2,2,2,2,4),
(0.,0.240662346026774,0.413999848099871,0.568207798073753,0.714849527912603,0.858104052609583,
1.),
.UNSPECIFIED.);
#2682=B_SPLINE_CURVE_WITH_KNOTS('',3,
(#3445,#3446,#3447,#3448,#3449,#3450,#3451,#3452,#3453,#3454,#3455,#3456,#3457,#3458),
.UNSPECIFIED.,.F.,.F.,
(4,2,2,2,2,2,4),
(0.,0.181399745120123,0.356916252132472,0.52654726049908,0.690288101976372,0.848126326942389,
1.),
.UNSPECIFIED.);
#2683=VERTEX_POINT('',#3459);
#2684=B_SPLINE_CURVE_WITH_KNOTS('',3,
(#3460,#3461,#3462,#3463,#3464,#3465,#3466,#3467,#3468,#3469,#3470,#3471,#3472,#3473),
.UNSPECIFIED.,.F.,.F.,
(4,2,2,2,2,2,4),
(0.,0.151873673057609,0.309711898023625,0.473452739500917,0.643083747867525,0.818600254879874,
1.),
.UNSPECIFIED.);
#2685=VERTEX_POINT('',#3474);
#2686=B_SPLINE_CURVE_WITH_KNOTS('',3,
(#3475,#3476,#3477,#3478,#3479,#3480,#3481,#3482,#3483,#3484,#3485,#3486,#3487,#3488),
.UNSPECIFIED.,.F.,.F.,
(4,2,2,2,2,2,4),
(0.,0.141895947390416,0.285150472087398,0.431792201926248,0.586000151900127,0.759337653973225,
1.),
.UNSPECIFIED.);
#2687=VERTEX_POINT('',#3489);
#2688=CIRCLE('',#3490,14.5);
#2689=VERTEX_POINT('',#3494);
#2690=B_SPLINE_CURVE_WITH_KNOTS('',3,
(#3495,#3496,#3497,#3498,#3499,#3500,#3501,#3502,#3503,#3504,#3505,#3506,#3507,#3508),
.UNSPECIFIED.,.F.,.F.,
(4,2,2,2,2,2,4),
(0.,0.240662346026774,0.413999848099871,0.568207798073753,0.714849527912603,0.858104052609583,
1.),
.UNSPECIFIED.);
#2691=B_SPLINE_CURVE_WITH_KNOTS('',3,
(#3509,#3510,#3511,#3512,#3513,#3514,#3515,#3516,#3517,#3518,#3519,#3520,#3521,#3522),
.UNSPECIFIED.,.F.,.F.,
(4,2,2,2,2,2,4),
(0.,0.181399745120123,0.356916252132472,0.52654726049908,0.690288101976372,0.848126326942389,
1.),
.UNSPECIFIED.);
#2692=VERTEX_POINT('',#3523);
#2693=B_SPLINE_CURVE_WITH_KNOTS('',3,
(#3524,#3525,#3526,#3527,#3528,#3529,#3530,#3531,#3532,#3533,#3534,#3535,#3536,#3537),
.UNSPECIFIED.,.F.,.F.,
(4,2,2,2,2,2,4),
(0.,0.151873673057609,0.309711898023625,0.473452739500917,0.643083747867525,0.818600254879874,
1.),
.UNSPECIFIED.);
#2694=VERTEX_POINT('',#3538);
#2695=B_SPLINE_CURVE_WITH_KNOTS('',3,
(#3539,#3540,#3541,#3542,#3543,#3544,#3545,#3546,#3547,#3548,#3549,#3550,#3551,#3552),
.UNSPECIFIED.,.F.,.F.,
(4,2,2,2,2,2,4),
(0.,0.141895947390416,0.285150472087398,0.431792201926248,0.586000151900127,0.759337653973225,
1.),
.UNSPECIFIED.);
#2696=VERTEX_POINT('',#3553);
#2697=CIRCLE('',#3554,14.5);
#2698=VERTEX_POINT('',#3558);
#2699=B_SPLINE_CURVE_WITH_KNOTS('',3,
(#3559,#3560,#3561,#3562,#3563,#3564,#3565,#3566,#3567,#3568,#3569,#3570,#3571,#3572),
.UNSPECIFIED.,.F.,.F.,
(4,2,2,2,2,2,4),
(0.,0.240662346026774,0.413999848099871,0.568207798073753,0.714849527912603,0.858104052609583,
1.),
.UNSPECIFIED.);
#2700=B_SPLINE_CURVE_WITH_KNOTS('',3,
(#3573,#3574,#3575,#3576,#3577,#3578,#3579,#3580,#3581,#3582,#3583,#3584,#3585,#3586),
.UNSPECIFIED.,.F.,.F.,
(4,2,2,2,2,2,4),
(0.,0.181399745120123,0.356916252132472,0.52654726049908,0.690288101976372,0.848126326942389,
1.),
.UNSPECIFIED.);
#2701=VERTEX_POINT('',#3587);
#2702=B_SPLINE_CURVE_WITH_KNOTS('',3,
(#3588,#3589,#3590,#3591,#3592,#3593,#3594,#3595,#3596,#3597,#3598,#3599,#3600,#3601),
.UNSPECIFIED.,.F.,.F.,
(4,2,2,2,2,2,4),
(0.,0.151873673057609,0.309711898023625,0.473452739500917,0.643083747867525,0.818600254879874,
1.),
.UNSPECIFIED.);
#2703=VERTEX_POINT('',#3602);
#2704=B_SPLINE_CURVE_WITH_KNOTS('',3,
(#3603,#3604,#3605,#3606,#3607,#3608,#3609,#3610,#3611,#3612,#3613,#3614,#3615,#3616),
.UNSPECIFIED.,.F.,.F.,
(4,2,2,2,2,2,4),
(0.,0.141895947390416,0.285150472087398,0.431792201926248,0.586000151900127,0.759337653973225,
1.),
.UNSPECIFIED.);
#2705=VERTEX_POINT('',#3617);
#2706=CIRCLE('',#3618,14.5);
#2707=VERTEX_POINT('',#3622);
#2708=B_SPLINE_CURVE_WITH_KNOTS('',3,
(#3623,#3624,#3625,#3626,#3627,#3628,#3629,#3630,#3631,#3632,#3633,#3634,#3635,#3636),
.UNSPECIFIED.,.F.,.F.,
(4,2,2,2,2,2,4),
(0.,0.240662346026774,0.413999848099871,0.568207798073753,0.714849527912603,0.858104052609583,
1.),
.UNSPECIFIED.);
#2709=B_SPLINE_CURVE_WITH_KNOTS('',3,
(#3637,#3638,#3639,#3640,#3641,#3642,#3643,#3644,#3645,#3646,#3647,#3648,#3649,#3650),
.UNSPECIFIED.,.F.,.F.,
(4,2,2,2,2,2,4),
(0.,0.181399745120123,0.356916252132472,0.52654726049908,0.690288101976372,0.848126326942389,
1.),
.UNSPECIFIED.);
#2710=VERTEX_POINT('',#3651);
#2711=B_SPLINE_CURVE_WITH_KNOTS('',3,
(#3652,#3653,#3654,#3655,#3656,#3657,#3658,#3659,#3660,#3661,#3662,#3663,#3664,#3665),
.UNSPECIFIED.,.F.,.F.,
(4,2,2,2,2,2,4),
(0.,0.151873673057609,0.309711898023625,0.473452739500917,0.643083747867525,0.818600254879874,
1.),
.UNSPECIFIED.);
#2712=VERTEX_POINT('',#3666);
#2713=B_SPLINE_CURVE_WITH_KNOTS('',3,
(#3667,#3668,#3669,#3670,#3671,#3672,#3673,#3674,#3675,#3676,#3677,#3678,#3679,#3680),
.UNSPECIFIED.,.F.,.F.,
(4,2,2,2,2,2,4),
(0.,0.141895947390416,0.285150472087398,0.431792201926248,0.586000151900127,0.759337653973225,
1.),
.UNSPECIFIED.);
#2714=VERTEX_POINT('',#3681);
#2715=CIRCLE('',#3682,14.5);
#2716=VERTEX_POINT('',#3686);
#2717=B_SPLINE_CURVE_WITH_KNOTS('',3,
(#3687,#3688,#3689,#3690,#3691,#3692,#3693,#3694,#3695,#3696,#3697,#3698,#3699,#3700),
.UNSPECIFIED.,.F.,.F.,
(4,2,2,2,2,2,4),
(0.,0.240662346026774,0.413999848099871,0.568207798073753,0.714849527912603,0.858104052609583,
1.),
.UNSPECIFIED.);
#2718=B_SPLINE_CURVE_WITH_KNOTS('',3,
(#3701,#3702,#3703,#3704,#3705,#3706,#3707,#3708,#3709,#3710,#3711,#3712,#3713,#3714),
.UNSPECIFIED.,.F.,.F.,
(4,2,2,2,2,2,4),
(0.,0.181399745120123,0.356916252132472,0.52654726049908,0.690288101976372,0.848126326942389,
1.),
.UNSPECIFIED.);
#2719=VERTEX_POINT('',#3715);
#2720=B_SPLINE_CURVE_WITH_KNOTS('',3,
(#3716,#3717,#3718,#3719,#3720,#3721,#3722,#3723,#3724,#3725,#3726,#3727,#3728,#3729),
.UNSPECIFIED.,.F.,.F.,
(4,2,2,2,2,2,4),
(0.,0.151873673057609,0.309711898023625,0.473452739500917,0.643083747867525,0.818600254879874,
1.),
.UNSPECIFIED.);
#2721=VERTEX_POINT('',#3730);
#2722=B_SPLINE_CURVE_WITH_KNOTS('',3,
(#3731,#3732,#3733,#3734,#3735,#3736,#3737,#3738,#3739,#3740,#3741,#3742,#3743,#3744),
.UNSPECIFIED.,.F.,.F.,
(4,2,2,2,2,2,4),
(0.,0.141895947390416,0.285150472087398,0.431792201926248,0.586000151900127,0.759337653973225,
1.),
.UNSPECIFIED.);
#2723=VERTEX_POINT('',#3745);
#2724=CIRCLE('',#3746,14.5);
#2725=VERTEX_POINT('',#3750);
#2726=B_SPLINE_CURVE_WITH_KNOTS('',3,
(#3751,#3752,#3753,#3754,#3755,#3756,#3757,#3758,#3759,#3760,#3761,#3762,#3763,#3764),
.UNSPECIFIED.,.F.,.F.,
(4,2,2,2,2,2,4),
(0.,0.240662346026774,0.413999848099871,0.568207798073753,0.714849527912603,0.858104052609583,
1.),
.UNSPECIFIED.);
#2727=B_SPLINE_CURVE_WITH_KNOTS('',3,
(#3765,#3766,#3767,#3768,#3769,#3770,#3771,#3772,#3773,#3774,#3775,#3776,#3777,#3778),
.UNSPECIFIED.,.F.,.F.,
(4,2,2,2,2,2,4),
(0.,0.181399745120123,0.356916252132472,0.52654726049908,0.690288101976372,0.848126326942389,
1.),
.UNSPECIFIED.);
#2728=VERTEX_POINT('',#3779);
#2729=B_SPLINE_CURVE_WITH_KNOTS('',3,
(#3780,#3781,#3782,#3783,#3784,#3785,#3786,#3787,#3788,#3789,#3790,#3791,#3792,#3793),
.UNSPECIFIED.,.F.,.F.,
(4,2,2,2,2,2,4),
(0.,0.151873673057609,0.309711898023625,0.473452739500917,0.643083747867525,0.818600254879874,
1.),
.UNSPECIFIED.);
#2730=VERTEX_POINT('',#3794);
#2731=B_SPLINE_CURVE_WITH_KNOTS('',3,
(#3795,#3796,#3797,#3798,#3799,#3800,#3801,#3802,#3803,#3804,#3805,#3806,#3807,#3808),
.UNSPECIFIED.,.F.,.F.,
(4,2,2,2,2,2,4),
(0.,0.141895947390416,0.285150472087398,0.431792201926248,0.586000151900127,0.759337653973225,
1.),
.UNSPECIFIED.);
#2732=VERTEX_POINT('',#3809);
#2733=CIRCLE('',#3810,14.5);
#2734=VERTEX_POINT('',#3814);
#2735=B_SPLINE_CURVE_WITH_KNOTS('',3,
(#3815,#3816,#3817,#3818,#3819,#3820,#3821,#3822,#3823,#3824,#3825,#3826,#3827,#3828),
.UNSPECIFIED.,.F.,.F.,
(4,2,2,2,2,2,4),
(0.,0.240662346026774,0.413999848099871,0.568207798073753,0.714849527912603,0.858104052609583,
1.),
.UNSPECIFIED.);
#2736=B_SPLINE_CURVE_WITH_KNOTS('',3,
(#3829,#3830,#3831,#3832,#3833,#3834,#3835,#3836,#3837,#3838,#3839,#3840,#3841,#3842),
.UNSPECIFIED.,.F.,.F.,
(4,2,2,2,2,2,4),
(0.,0.181399745120123,0.356916252132472,0.52654726049908,0.690288101976372,0.848126326942389,
1.),
.UNSPECIFIED.);
#2737=VERTEX_POINT('',#3843);
#2738=B_SPLINE_CURVE_WITH_KNOTS('',3,
(#3844,#3845,#3846,#3847,#3848,#3849,#3850,#3851,#3852,#3853,#3854,#3855,#3856,#3857),
.UNSPECIFIED.,.F.,.F.,
(4,2,2,2,2,2,4),
(0.,0.151873673057609,0.309711898023625,0.473452739500917,0.643083747867525,0.818600254879874,
1.),
.UNSPECIFIED.);
#2739=VERTEX_POINT('',#3858);
#2740=B_SPLINE_CURVE_WITH_KNOTS('',3,
(#3859,#3860,#3861,#3862,#3863,#3864,#3865,#3866,#3867,#3868,#3869,#3870,#3871,#3872),
.UNSPECIFIED.,.F.,.F.,
(4,2,2,2,2,2,4),
(0.,0.141895947390416,0.285150472087398,0.431792201926248,0.586000151900127,0.759337653973225,
1.),
.UNSPECIFIED.);
#2741=VERTEX_POINT('',#3873);
#2742=CIRCLE('',#3874,14.5);
#2743=VERTEX_POINT('',#3878);
#2744=B_SPLINE_CURVE_WITH_KNOTS('',3,
(#3879,#3880,#3881,#3882,#3883,#3884,#3885,#3886,#3887,#3888,#3889,#3890,#3891,#3892),
.UNSPECIFIED.,.F.,.F.,
(4,2,2,2,2,2,4),
(0.,0.240662346026774,0.413999848099871,0.568207798073753,0.714849527912603,0.858104052609583,
1.),
.UNSPECIFIED.);
#2745=B_SPLINE_CURVE_WITH_KNOTS('',3,
(#3893,#3894,#3895,#3896,#3897,#3898,#3899,#3900,#3901,#3902,#3903,#3904,#3905,#3906),
.UNSPECIFIED.,.F.,.F.,
(4,2,2,2,2,2,4),
(0.,0.181399745120123,0.356916252132472,0.52654726049908,0.690288101976372,0.848126326942389,
1.),
.UNSPECIFIED.);
#2746=VERTEX_POINT('',#3907);
#2747=B_SPLINE_CURVE_WITH_KNOTS('',3,
(#3908,#3909,#3910,#3911,#3912,#3913,#3914,#3915,#3916,#3917,#3918,#3919,#3920,#3921),
.UNSPECIFIED.,.F.,.F.,
(4,2,2,2,2,2,4),
(0.,0.151873673057609,0.309711898023625,0.473452739500917,0.643083747867525,0.818600254879874,
1.),
.UNSPECIFIED.);
#2748=VERTEX_POINT('',#3922);
#2749=B_SPLINE_CURVE_WITH_KNOTS('',3,
(#3923,#3924,#3925,#3926,#3927,#3928,#3929,#3930,#3931,#3932,#3933,#3934,#3935,#3936),
.UNSPECIFIED.,.F.,.F.,
(4,2,2,2,2,2,4),
(0.,0.141895947390416,0.285150472087398,0.431792201926248,0.586000151900127,0.759337653973225,
1.),
.UNSPECIFIED.);
#2750=VERTEX_POINT('',#3937);
#2751=CIRCLE('',#3938,14.5);
#2752=VERTEX_POINT('',#3942);
#2753=B_SPLINE_CURVE_WITH_KNOTS('',3,
(#3943,#3944,#3945,#3946,#3947,#3948,#3949,#3950,#3951,#3952,#3953,#3954,#3955,#3956),
.UNSPECIFIED.,.F.,.F.,
(4,2,2,2,2,2,4),
(0.,0.240662346026774,0.413999848099871,0.568207798073753,0.714849527912603,0.858104052609583,
1.),
.UNSPECIFIED.);
#2754=B_SPLINE_CURVE_WITH_KNOTS('',3,
(#3957,#3958,#3959,#3960,#3961,#3962,#3963,#3964,#3965,#3966,#3967,#3968,#3969,#3970),
.UNSPECIFIED.,.F.,.F.,
(4,2,2,2,2,2,4),
(0.,0.181399745120123,0.356916252132472,0.52654726049908,0.690288101976372,0.848126326942389,
1.),
.UNSPECIFIED.);
#2755=VERTEX_POINT('',#3971);
#2756=B_SPLINE_CURVE_WITH_KNOTS('',3,
(#3972,#3973,#3974,#3975,#3976,#3977,#3978,#3979,#3980,#3981,#3982,#3983,#3984,#3985),
.UNSPECIFIED.,.F.,.F.,
(4,2,2,2,2,2,4),
(0.,0.151873673057609,0.309711898023625,0.473452739500917,0.643083747867525,0.818600254879874,
1.),
.UNSPECIFIED.);
#2757=VERTEX_POINT('',#3986);
#2758=B_SPLINE_CURVE_WITH_KNOTS('',3,
(#3987,#3988,#3989,#3990,#3991,#3992,#3993,#3994,#3995,#3996,#3997,#3998,#3999,#4000),
.UNSPECIFIED.,.F.,.F.,
(4,2,2,2,2,2,4),
(0.,0.141895947390416,0.285150472087398,0.431792201926248,0.586000151900127,0.759337653973225,
1.),
.UNSPECIFIED.);
#2759=VERTEX_POINT('',#4001);
#2760=CIRCLE('',#4002,14.5);
#2761=VERTEX_POINT('',#4006);
#2762=B_SPLINE_CURVE_WITH_KNOTS('',3,
(#4007,#4008,#4009,#4010,#4011,#4012,#4013,#4014,#4015,#4016,#4017,#4018,#4019,#4020),
.UNSPECIFIED.,.F.,.F.,
(4,2,2,2,2,2,4),
(0.,0.240662346026774,0.413999848099871,0.568207798073753,0.714849527912603,0.858104052609583,
1.),
.UNSPECIFIED.);
#2763=B_SPLINE_CURVE_WITH_KNOTS('',3,
(#4021,#4022,#4023,#4024,#4025,#4026,#4027,#4028,#4029,#4030,#4031,#4032,#4033,#4034),
.UNSPECIFIED.,.F.,.F.,
(4,2,2,2,2,2,4),
(0.,0.181399745120123,0.356916252132472,0.52654726049908,0.690288101976372,0.848126326942389,
1.),
.UNSPECIFIED.);
#2764=VERTEX_POINT('',#4035);
#2765=B_SPLINE_CURVE_WITH_KNOTS('',3,
(#4036,#4037,#4038,#4039,#4040,#4041,#4042,#4043,#4044,#4045,#4046,#4047,#4048,#4049),
.UNSPECIFIED.,.F.,.F.,
(4,2,2,2,2,2,4),
(0.,0.151873673057609,0.309711898023625,0.473452739500917,0.643083747867525,0.818600254879874,
1.),
.UNSPECIFIED.);
#2766=VERTEX_POINT('',#4050);
#2767=B_SPLINE_CURVE_WITH_KNOTS('',3,
(#4051,#4052,#4053,#4054,#4055,#4056,#4057,#4058,#4059,#4060,#4061,#4062,#4063,#4064),
.UNSPECIFIED.,.F.,.F.,
(4,2,2,2,2,2,4),
(0.,0.141895947390416,0.285150472087398,0.431792201926248,0.586000151900127,0.759337653973225,
1.),
.UNSPECIFIED.);
#2768=VERTEX_POINT('',#4065);
#2769=CIRCLE('',#4066,14.5);
#2770=VERTEX_POINT('',#4070);
#2771=B_SPLINE_CURVE_WITH_KNOTS('',3,
(#4071,#4072,#4073,#4074,#4075,#4076,#4077,#4078,#4079,#4080,#4081,#4082,#4083,#4084),
.UNSPECIFIED.,.F.,.F.,
(4,2,2,2,2,2,4),
(0.,0.240662346026774,0.413999848099871,0.568207798073753,0.714849527912603,0.858104052609583,
1.),
.UNSPECIFIED.);
#2772=B_SPLINE_CURVE_WITH_KNOTS('',3,
(#4085,#4086,#4087,#4088,#4089,#4090,#4091,#4092,#4093,#4094,#4095,#4096,#4097,#4098),
.UNSPECIFIED.,.F.,.F.,
(4,2,2,2,2,2,4),
(0.,0.181399745120123,0.356916252132472,0.52654726049908,0.690288101976372,0.848126326942389,
1.),
.UNSPECIFIED.);
#2773=VERTEX_POINT('',#4099);
#2774=B_SPLINE_CURVE_WITH_KNOTS('',3,
(#4100,#4101,#4102,#4103,#4104,#4105,#4106,#4107,#4108,#4109,#4110,#4111,#4112,#4113),
.UNSPECIFIED.,.F.,.F.,
(4,2,2,2,2,2,4),
(0.,0.151873673057609,0.309711898023625,0.473452739500917,0.643083747867525,0.818600254879874,
1.),
.UNSPECIFIED.);
#2775=VERTEX_POINT('',#4114);
#2776=B_SPLINE_CURVE_WITH_KNOTS('',3,
(#4115,#4116,#4117,#4118,#4119,#4120,#4121,#4122,#4123,#4124,#4125,#4126,#4127,#4128),
.UNSPECIFIED.,.F.,.F.,
(4,2,2,2,2,2,4),
(0.,0.141895947390416,0.285150472087398,0.431792201926248,0.586000151900127,0.759337653973225,
1.),
.UNSPECIFIED.);
#2777=VERTEX_POINT('',#4129);
#2778=CIRCLE('',#4130,14.5);
#2779=VERTEX_POINT('',#4134);
#2780=B_SPLINE_CURVE_WITH_KNOTS('',3,
(#4135,#4136,#4137,#4138,#4139,#4140,#4141,#4142,#4143,#4144,#4145,#4146,#4147,#4148),
.UNSPECIFIED.,.F.,.F.,
(4,2,2,2,2,2,4),
(0.,0.240662346026774,0.413999848099871,0.568207798073753,0.714849527912603,0.858104052609583,
1.),
.UNSPECIFIED.);
#2781=B_SPLINE_CURVE_WITH_KNOTS('',3,
(#4149,#4150,#4151,#4152,#4153,#4154,#4155,#4156,#4157,#4158,#4159,#4160,#4161,#4162),
.UNSPECIFIED.,.F.,.F.,
(4,2,2,2,2,2,4),
(0.,0.181399745120123,0.356916252132472,0.52654726049908,0.690288101976372,0.848126326942389,
1.),
.UNSPECIFIED.);
#2782=VERTEX_POINT('',#4163);
#2783=B_SPLINE_CURVE_WITH_KNOTS('',3,
(#4164,#4165,#4166,#4167,#4168,#4169,#4170,#4171,#4172,#4173,#4174,#4175,#4176,#4177),
.UNSPECIFIED.,.F.,.F.,
(4,2,2,2,2,2,4),
(0.,0.151873673057609,0.309711898023625,0.473452739500917,0.643083747867525,0.818600254879874,
1.),
.UNSPECIFIED.);
#2784=VERTEX_POINT('',#4178);
#2785=B_SPLINE_CURVE_WITH_KNOTS('',3,
(#4179,#4180,#4181,#4182,#4183,#4184,#4185,#4186,#4187,#4188,#4189,#4190,#4191,#4192),
.UNSPECIFIED.,.F.,.F.,
(4,2,2,2,2,2,4),
(0.,0.141895947390416,0.285150472087398,0.431792201926248,0.586000151900127,0.759337653973225,
1.),
.UNSPECIFIED.);
#2786=VERTEX_POINT('',#4193);
#2787=CIRCLE('',#4194,14.5);
#2788=VERTEX_POINT('',#4198);
#2789=B_SPLINE_CURVE_WITH_KNOTS('',3,
(#4199,#4200,#4201,#4202,#4203,#4204,#4205,#4206,#4207,#4208,#4209,#4210,#4211,#4212),
.UNSPECIFIED.,.F.,.F.,
(4,2,2,2,2,2,4),
(0.,0.240662346026774,0.413999848099871,0.568207798073753,0.714849527912603,0.858104052609583,
1.),
.UNSPECIFIED.);
#2790=B_SPLINE_CURVE_WITH_KNOTS('',3,
(#4213,#4214,#4215,#4216,#4217,#4218,#4219,#4220,#4221,#4222,#4223,#4224,#4225,#4226),
.UNSPECIFIED.,.F.,.F.,
(4,2,2,2,2,2,4),
(0.,0.181399745120123,0.356916252132472,0.52654726049908,0.690288101976372,0.848126326942389,
1.),
.UNSPECIFIED.);
#2791=VERTEX_POINT('',#4227);
#2792=B_SPLINE_CURVE_WITH_KNOTS('',3,
(#4228,#4229,#4230,#4231,#4232,#4233,#4234,#4235,#4236,#4237,#4238,#4239,#4240,#4241),
.UNSPECIFIED.,.F.,.F.,
(4,2,2,2,2,2,4),
(0.,0.151873673057609,0.309711898023625,0.473452739500917,0.643083747867525,0.818600254879874,
1.),
.UNSPECIFIED.);
#2793=VERTEX_POINT('',#4242);
#2794=B_SPLINE_CURVE_WITH_KNOTS('',3,
(#4243,#4244,#4245,#4246,#4247,#4248,#4249,#4250,#4251,#4252,#4253,#4254,#4255,#4256),
.UNSPECIFIED.,.F.,.F.,
(4,2,2,2,2,2,4),
(0.,0.141895947390416,0.285150472087398,0.431792201926248,0.586000151900127,0.759337653973225,
1.),
.UNSPECIFIED.);
#2795=VERTEX_POINT('',#4257);
#2796=CIRCLE('',#4258,14.5);
#2797=VERTEX_POINT('',#4262);
#2798=B_SPLINE_CURVE_WITH_KNOTS('',3,
(#4263,#4264,#4265,#4266,#4267,#4268,#4269,#4270,#4271,#4272,#4273,#4274,#4275,#4276),
.UNSPECIFIED.,.F.,.F.,
(4,2,2,2,2,2,4),
(0.,0.240662346026774,0.413999848099871,0.568207798073753,0.714849527912603,0.858104052609583,
1.),
.UNSPECIFIED.);
#2799=B_SPLINE_CURVE_WITH_KNOTS('',3,
(#4277,#4278,#4279,#4280,#4281,#4282,#4283,#4284,#4285,#4286,#4287,#4288,#4289,#4290),
.UNSPECIFIED.,.F.,.F.,
(4,2,2,2,2,2,4),
(0.,0.181399745120123,0.356916252132472,0.52654726049908,0.690288101976372,0.848126326942389,
1.),
.UNSPECIFIED.);
#2800=VERTEX_POINT('',#4291);
#2801=B_SPLINE_CURVE_WITH_KNOTS('',3,
(#4292,#4293,#4294,#4295,#4296,#4297,#4298,#4299,#4300,#4301,#4302,#4303,#4304,#4305),
.UNSPECIFIED.,.F.,.F.,
(4,2,2,2,2,2,4),
(0.,0.151873673057609,0.309711898023625,0.473452739500917,0.643083747867525,0.818600254879874,
1.),
.UNSPECIFIED.);
#2802=VERTEX_POINT('',#4306);
#2803=B_SPLINE_CURVE_WITH_KNOTS('',3,
(#4307,#4308,#4309,#4310,#4311,#4312,#4313,#4314,#4315,#4316,#4317,#4318,#4319,#4320),
.UNSPECIFIED.,.F.,.F.,
(4,2,2,2,2,2,4),
(0.,0.141895947390416,0.285150472087398,0.431792201926248,0.586000151900127,0.759337653973225,
1.),
.UNSPECIFIED.);
#2804=CIRCLE('',#4321,14.5);
#2805=VERTEX_POINT('',#4325);
#2806=VERTEX_POINT('',#4326);
#2807=B_SPLINE_CURVE_WITH_KNOTS('',3,
(#4327,#4328,#4329,#4330,#4331,#4332,#4333,#4334,#4335,#4336,#4337,#4338,#4339,#4340),
.UNSPECIFIED.,.F.,.F.,
(4,2,2,2,2,2,4),
(0.,0.240662346026774,0.413999848099871,0.568207798073753,0.714849527912603,0.858104052609583,
1.),
.UNSPECIFIED.);
#2808=VERTEX_POINT('',#4341);
#2809=CIRCLE('',#4342,14.5);
#2810=VERTEX_POINT('',#4346);
#2811=B_SPLINE_CURVE_WITH_KNOTS('',3,
(#4347,#4348,#4349,#4350,#4351,#4352,#4353,#4354,#4355,#4356,#4357,#4358,#4359,#4360),
.UNSPECIFIED.,.F.,.F.,
(4,2,2,2,2,2,4),
(0.,0.141895947390416,0.285150472087398,0.431792201926248,0.586000151900127,0.759337653973225,
1.),
.UNSPECIFIED.);
#2812=B_SPLINE_CURVE_WITH_KNOTS('',3,
(#4361,#4362,#4363,#4364,#4365,#4366,#4367,#4368,#4369,#4370,#4371,#4372,#4373,#4374),
.UNSPECIFIED.,.F.,.F.,
(4,2,2,2,2,2,4),
(0.,0.151873673057609,0.309711898023625,0.473452739500917,0.643083747867525,0.818600254879874,
1.),
.UNSPECIFIED.);
#2813=VERTEX_POINT('',#4375);
#2814=B_SPLINE_CURVE_WITH_KNOTS('',3,
(#4376,#4377,#4378,#4379,#4380,#4381,#4382,#4383,#4384,#4385,#4386,#4387,#4388,#4389),
.UNSPECIFIED.,.F.,.F.,
(4,2,2,2,2,2,4),
(0.,0.181399745120123,0.356916252132472,0.52654726049908,0.690288101976372,0.848126326942389,
1.),
.UNSPECIFIED.);
#2815=VERTEX_POINT('',#4390);
#2816=B_SPLINE_CURVE_WITH_KNOTS('',3,
(#4391,#4392,#4393,#4394,#4395,#4396,#4397,#4398,#4399,#4400,#4401,#4402,#4403,#4404),
.UNSPECIFIED.,.F.,.F.,
(4,2,2,2,2,2,4),
(0.,0.240662346026774,0.413999848099871,0.568207798073753,0.714849527912603,0.858104052609583,
1.),
.UNSPECIFIED.);
#2817=VERTEX_POINT('',#4405);
#2818=CIRCLE('',#4406,14.5);
#2819=VERTEX_POINT('',#4410);
#2820=B_SPLINE_CURVE_WITH_KNOTS('',3,
(#4411,#4412,#4413,#4414,#4415,#4416,#4417,#4418,#4419,#4420,#4421,#4422,#4423,#4424),
.UNSPECIFIED.,.F.,.F.,
(4,2,2,2,2,2,4),
(0.,0.141895947390416,0.285150472087398,0.431792201926248,0.586000151900127,0.759337653973225,
1.),
.UNSPECIFIED.);
#2821=B_SPLINE_CURVE_WITH_KNOTS('',3,
(#4425,#4426,#4427,#4428,#4429,#4430,#4431,#4432,#4433,#4434,#4435,#4436,#4437,#4438),
.UNSPECIFIED.,.F.,.F.,
(4,2,2,2,2,2,4),
(0.,0.151873673057609,0.309711898023625,0.473452739500917,0.643083747867525,0.818600254879874,
1.),
.UNSPECIFIED.);
#2822=VERTEX_POINT('',#4439);
#2823=B_SPLINE_CURVE_WITH_KNOTS('',3,
(#4440,#4441,#4442,#4443,#4444,#4445,#4446,#4447,#4448,#4449,#4450,#4451,#4452,#4453),
.UNSPECIFIED.,.F.,.F.,
(4,2,2,2,2,2,4),
(0.,0.181399745120123,0.356916252132472,0.52654726049908,0.690288101976372,0.848126326942389,
1.),
.UNSPECIFIED.);
#2824=VERTEX_POINT('',#4454);
#2825=B_SPLINE_CURVE_WITH_KNOTS('',3,
(#4455,#4456,#4457,#4458,#4459,#4460,#4461,#4462,#4463,#4464,#4465,#4466,#4467,#4468),
.UNSPECIFIED.,.F.,.F.,
(4,2,2,2,2,2,4),
(0.,0.240662346026774,0.413999848099871,0.568207798073753,0.714849527912603,0.858104052609583,
1.),
.UNSPECIFIED.);
#2826=VERTEX_POINT('',#4469);
#2827=CIRCLE('',#4470,14.5);
#2828=VERTEX_POINT('',#4474);
#2829=B_SPLINE_CURVE_WITH_KNOTS('',3,
(#4475,#4476,#4477,#4478,#4479,#4480,#4481,#4482,#4483,#4484,#4485,#4486,#4487,#4488),
.UNSPECIFIED.,.F.,.F.,
(4,2,2,2,2,2,4),
(0.,0.141895947390416,0.285150472087398,0.431792201926248,0.586000151900127,0.759337653973225,
1.),
.UNSPECIFIED.);
#2830=B_SPLINE_CURVE_WITH_KNOTS('',3,
(#4489,#4490,#4491,#4492,#4493,#4494,#4495,#4496,#4497,#4498,#4499,#4500,#4501,#4502),
.UNSPECIFIED.,.F.,.F.,
(4,2,2,2,2,2,4),
(0.,0.151873673057609,0.309711898023625,0.473452739500917,0.643083747867525,0.818600254879874,
1.),
.UNSPECIFIED.);
#2831=VERTEX_POINT('',#4503);
#2832=B_SPLINE_CURVE_WITH_KNOTS('',3,
(#4504,#4505,#4506,#4507,#4508,#4509,#4510,#4511,#4512,#4513,#4514,#4515,#4516,#4517),
.UNSPECIFIED.,.F.,.F.,
(4,2,2,2,2,2,4),
(0.,0.181399745120123,0.356916252132472,0.52654726049908,0.690288101976372,0.848126326942389,
1.),
.UNSPECIFIED.);
#2833=VERTEX_POINT('',#4518);
#2834=B_SPLINE_CURVE_WITH_KNOTS('',3,
(#4519,#4520,#4521,#4522,#4523,#4524,#4525,#4526,#4527,#4528,#4529,#4530,#4531,#4532),
.UNSPECIFIED.,.F.,.F.,
(4,2,2,2,2,2,4),
(0.,0.240662346026774,0.413999848099871,0.568207798073753,0.714849527912603,0.858104052609583,
1.),
.UNSPECIFIED.);
#2835=VERTEX_POINT('',#4533);
#2836=CIRCLE('',#4534,14.5);
#2837=VERTEX_POINT('',#4538);
#2838=B_SPLINE_CURVE_WITH_KNOTS('',3,
(#4539,#4540,#4541,#4542,#4543,#4544,#4545,#4546,#4547,#4548,#4549,#4550,#4551,#4552),
.UNSPECIFIED.,.F.,.F.,
(4,2,2,2,2,2,4),
(0.,0.141895947390416,0.285150472087398,0.431792201926248,0.586000151900127,0.759337653973225,
1.),
.UNSPECIFIED.);
#2839=B_SPLINE_CURVE_WITH_KNOTS('',3,
(#4553,#4554,#4555,#4556,#4557,#4558,#4559,#4560,#4561,#4562,#4563,#4564,#4565,#4566),
.UNSPECIFIED.,.F.,.F.,
(4,2,2,2,2,2,4),
(0.,0.151873673057609,0.309711898023625,0.473452739500917,0.643083747867525,0.818600254879874,
1.),
.UNSPECIFIED.);
#2840=VERTEX_POINT('',#4567);
#2841=B_SPLINE_CURVE_WITH_KNOTS('',3,
(#4568,#4569,#4570,#4571,#4572,#4573,#4574,#4575,#4576,#4577,#4578,#4579,#4580,#4581),
.UNSPECIFIED.,.F.,.F.,
(4,2,2,2,2,2,4),
(0.,0.181399745120123,0.356916252132472,0.52654726049908,0.690288101976372,0.848126326942389,
1.),
.UNSPECIFIED.);
#2842=VERTEX_POINT('',#4582);
#2843=B_SPLINE_CURVE_WITH_KNOTS('',3,
(#4583,#4584,#4585,#4586,#4587,#4588,#4589,#4590,#4591,#4592,#4593,#4594,#4595,#4596),
.UNSPECIFIED.,.F.,.F.,
(4,2,2,2,2,2,4),
(0.,0.240662346026774,0.413999848099871,0.568207798073753,0.714849527912603,0.858104052609583,
1.),
.UNSPECIFIED.);
#2844=VERTEX_POINT('',#4597);
#2845=CIRCLE('',#4598,14.5);
#2846=VERTEX_POINT('',#4602);
#2847=B_SPLINE_CURVE_WITH_KNOTS('',3,
(#4603,#4604,#4605,#4606,#4607,#4608,#4609,#4610,#4611,#4612,#4613,#4614,#4615,#4616),
.UNSPECIFIED.,.F.,.F.,
(4,2,2,2,2,2,4),
(0.,0.141895947390416,0.285150472087398,0.431792201926248,0.586000151900127,0.759337653973225,
1.),
.UNSPECIFIED.);
#2848=B_SPLINE_CURVE_WITH_KNOTS('',3,
(#4617,#4618,#4619,#4620,#4621,#4622,#4623,#4624,#4625,#4626,#4627,#4628,#4629,#4630),
.UNSPECIFIED.,.F.,.F.,
(4,2,2,2,2,2,4),
(0.,0.151873673057609,0.309711898023625,0.473452739500917,0.643083747867525,0.818600254879874,
1.),
.UNSPECIFIED.);
#2849=VERTEX_POINT('',#4631);
#2850=B_SPLINE_CURVE_WITH_KNOTS('',3,
(#4632,#4633,#4634,#4635,#4636,#4637,#4638,#4639,#4640,#4641,#4642,#4643,#4644,#4645),
.UNSPECIFIED.,.F.,.F.,
(4,2,2,2,2,2,4),
(0.,0.181399745120123,0.356916252132472,0.52654726049908,0.690288101976372,0.848126326942389,
1.),
.UNSPECIFIED.);
#2851=VERTEX_POINT('',#4646);
#2852=B_SPLINE_CURVE_WITH_KNOTS('',3,
(#4647,#4648,#4649,#4650,#4651,#4652,#4653,#4654,#4655,#4656,#4657,#4658,#4659,#4660),
.UNSPECIFIED.,.F.,.F.,
(4,2,2,2,2,2,4),
(0.,0.240662346026774,0.413999848099871,0.568207798073753,0.714849527912603,0.858104052609583,
1.),
.UNSPECIFIED.);
#2853=VERTEX_POINT('',#4661);
#2854=CIRCLE('',#4662,14.5);
#2855=VERTEX_POINT('',#4666);
#2856=B_SPLINE_CURVE_WITH_KNOTS('',3,
(#4667,#4668,#4669,#4670,#4671,#4672,#4673,#4674,#4675,#4676,#4677,#4678,#4679,#4680),
.UNSPECIFIED.,.F.,.F.,
(4,2,2,2,2,2,4),
(0.,0.141895947390416,0.285150472087398,0.431792201926248,0.586000151900127,0.759337653973225,
1.),
.UNSPECIFIED.);
#2857=B_SPLINE_CURVE_WITH_KNOTS('',3,
(#4681,#4682,#4683,#4684,#4685,#4686,#4687,#4688,#4689,#4690,#4691,#4692,#4693,#4694),
.UNSPECIFIED.,.F.,.F.,
(4,2,2,2,2,2,4),
(0.,0.151873673057609,0.309711898023625,0.473452739500917,0.643083747867525,0.818600254879874,
1.),
.UNSPECIFIED.);
#2858=VERTEX_POINT('',#4695);
#2859=B_SPLINE_CURVE_WITH_KNOTS('',3,
(#4696,#4697,#4698,#4699,#4700,#4701,#4702,#4703,#4704,#4705,#4706,#4707,#4708,#4709),
.UNSPECIFIED.,.F.,.F.,
(4,2,2,2,2,2,4),
(0.,0.181399745120123,0.356916252132472,0.52654726049908,0.690288101976372,0.848126326942389,
1.),
.UNSPECIFIED.);
#2860=VERTEX_POINT('',#4710);
#2861=B_SPLINE_CURVE_WITH_KNOTS('',3,
(#4711,#4712,#4713,#4714,#4715,#4716,#4717,#4718,#4719,#4720,#4721,#4722,#4723,#4724),
.UNSPECIFIED.,.F.,.F.,
(4,2,2,2,2,2,4),
(0.,0.240662346026774,0.413999848099871,0.568207798073753,0.714849527912603,0.858104052609583,
1.),
.UNSPECIFIED.);
#2862=VERTEX_POINT('',#4725);
#2863=CIRCLE('',#4726,14.5);
#2864=VERTEX_POINT('',#4730);
#2865=B_SPLINE_CURVE_WITH_KNOTS('',3,
(#4731,#4732,#4733,#4734,#4735,#4736,#4737,#4738,#4739,#4740,#4741,#4742,#4743,#4744),
.UNSPECIFIED.,.F.,.F.,
(4,2,2,2,2,2,4),
(0.,0.141895947390416,0.285150472087398,0.431792201926248,0.586000151900127,0.759337653973225,
1.),
.UNSPECIFIED.);
#2866=B_SPLINE_CURVE_WITH_KNOTS('',3,
(#4745,#4746,#4747,#4748,#4749,#4750,#4751,#4752,#4753,#4754,#4755,#4756,#4757,#4758),
.UNSPECIFIED.,.F.,.F.,
(4,2,2,2,2,2,4),
(0.,0.151873673057609,0.309711898023625,0.473452739500917,0.643083747867525,0.818600254879874,
1.),
.UNSPECIFIED.);
#2867=VERTEX_POINT('',#4759);
#2868=B_SPLINE_CURVE_WITH_KNOTS('',3,
(#4760,#4761,#4762,#4763,#4764,#4765,#4766,#4767,#4768,#4769,#4770,#4771,#4772,#4773),
.UNSPECIFIED.,.F.,.F.,
(4,2,2,2,2,2,4),
(0.,0.181399745120123,0.356916252132472,0.52654726049908,0.690288101976372,0.848126326942389,
1.),
.UNSPECIFIED.);
#2869=VERTEX_POINT('',#4774);
#2870=B_SPLINE_CURVE_WITH_KNOTS('',3,
(#4775,#4776,#4777,#4778,#4779,#4780,#4781,#4782,#4783,#4784,#4785,#4786,#4787,#4788),
.UNSPECIFIED.,.F.,.F.,
(4,2,2,2,2,2,4),
(0.,0.240662346026774,0.413999848099871,0.568207798073753,0.714849527912603,0.858104052609583,
1.),
.UNSPECIFIED.);
#2871=VERTEX_POINT('',#4789);
#2872=CIRCLE('',#4790,14.5);
#2873=VERTEX_POINT('',#4794);
#2874=B_SPLINE_CURVE_WITH_KNOTS('',3,
(#4795,#4796,#4797,#4798,#4799,#4800,#4801,#4802,#4803,#4804,#4805,#4806,#4807,#4808),
.UNSPECIFIED.,.F.,.F.,
(4,2,2,2,2,2,4),
(0.,0.141895947390416,0.285150472087398,0.431792201926248,0.586000151900127,0.759337653973225,
1.),
.UNSPECIFIED.);
#2875=B_SPLINE_CURVE_WITH_KNOTS('',3,
(#4809,#4810,#4811,#4812,#4813,#4814,#4815,#4816,#4817,#4818,#4819,#4820,#4821,#4822),
.UNSPECIFIED.,.F.,.F.,
(4,2,2,2,2,2,4),
(0.,0.151873673057609,0.309711898023625,0.473452739500917,0.643083747867525,0.818600254879874,
1.),
.UNSPECIFIED.);
#2876=VERTEX_POINT('',#4823);
#2877=B_SPLINE_CURVE_WITH_KNOTS('',3,
(#4824,#4825,#4826,#4827,#4828,#4829,#4830,#4831,#4832,#4833,#4834,#4835,#4836,#4837),
.UNSPECIFIED.,.F.,.F.,
(4,2,2,2,2,2,4),
(0.,0.181399745120123,0.356916252132472,0.52654726049908,0.690288101976372,0.848126326942389,
1.),
.UNSPECIFIED.);
#2878=VERTEX_POINT('',#4838);
#2879=B_SPLINE_CURVE_WITH_KNOTS('',3,
(#4839,#4840,#4841,#4842,#4843,#4844,#4845,#4846,#4847,#4848,#4849,#4850,#4851,#4852),
.UNSPECIFIED.,.F.,.F.,
(4,2,2,2,2,2,4),
(0.,0.240662346026774,0.413999848099871,0.568207798073753,0.714849527912603,0.858104052609583,
1.),
.UNSPECIFIED.);
#2880=VERTEX_POINT('',#4853);
#2881=CIRCLE('',#4854,14.5);
#2882=VERTEX_POINT('',#4858);
#2883=B_SPLINE_CURVE_WITH_KNOTS('',3,
(#4859,#4860,#4861,#4862,#4863,#4864,#4865,#4866,#4867,#4868,#4869,#4870,#4871,#4872),
.UNSPECIFIED.,.F.,.F.,
(4,2,2,2,2,2,4),
(0.,0.141895947390416,0.285150472087398,0.431792201926248,0.586000151900127,0.759337653973225,
1.),
.UNSPECIFIED.);
#2884=B_SPLINE_CURVE_WITH_KNOTS('',3,
(#4873,#4874,#4875,#4876,#4877,#4878,#4879,#4880,#4881,#4882,#4883,#4884,#4885,#4886),
.UNSPECIFIED.,.F.,.F.,
(4,2,2,2,2,2,4),
(0.,0.151873673057609,0.309711898023625,0.473452739500917,0.643083747867525,0.818600254879874,
1.),
.UNSPECIFIED.);
#2885=VERTEX_POINT('',#4887);
#2886=B_SPLINE_CURVE_WITH_KNOTS('',3,
(#4888,#4889,#4890,#4891,#4892,#4893,#4894,#4895,#4896,#4897,#4898,#4899,#4900,#4901),
.UNSPECIFIED.,.F.,.F.,
(4,2,2,2,2,2,4),
(0.,0.181399745120123,0.356916252132472,0.52654726049908,0.690288101976372,0.848126326942389,
1.),
.UNSPECIFIED.);
#2887=VERTEX_POINT('',#4902);
#2888=B_SPLINE_CURVE_WITH_KNOTS('',3,
(#4903,#4904,#4905,#4906,#4907,#4908,#4909,#4910,#4911,#4912,#4913,#4914,#4915,#4916),
.UNSPECIFIED.,.F.,.F.,
(4,2,2,2,2,2,4),
(0.,0.240662346026774,0.413999848099871,0.568207798073753,0.714849527912603,0.858104052609583,
1.),
.UNSPECIFIED.);
#2889=VERTEX_POINT('',#4917);
#2890=CIRCLE('',#4918,14.5);
#2891=VERTEX_POINT('',#4922);
#2892=B_SPLINE_CURVE_WITH_KNOTS('',3,
(#4923,#4924,#4925,#4926,#4927,#4928,#4929,#4930,#4931,#4932,#4933,#4934,#4935,#4936),
.UNSPECIFIED.,.F.,.F.,
(4,2,2,2,2,2,4),
(0.,0.141895947390416,0.285150472087398,0.431792201926248,0.586000151900127,0.759337653973225,
1.),
.UNSPECIFIED.);
#2893=B_SPLINE_CURVE_WITH_KNOTS('',3,
(#4937,#4938,#4939,#4940,#4941,#4942,#4943,#4944,#4945,#4946,#4947,#4948,#4949,#4950),
.UNSPECIFIED.,.F.,.F.,
(4,2,2,2,2,2,4),
(0.,0.151873673057609,0.309711898023625,0.473452739500917,0.643083747867525,0.818600254879874,
1.),
.UNSPECIFIED.);
#2894=VERTEX_POINT('',#4951);
#2895=B_SPLINE_CURVE_WITH_KNOTS('',3,
(#4952,#4953,#4954,#4955,#4956,#4957,#4958,#4959,#4960,#4961,#4962,#4963,#4964,#4965),
.UNSPECIFIED.,.F.,.F.,
(4,2,2,2,2,2,4),
(0.,0.181399745120123,0.356916252132472,0.52654726049908,0.690288101976372,0.848126326942389,
1.),
.UNSPECIFIED.);
#2896=VERTEX_POINT('',#4966);
#2897=B_SPLINE_CURVE_WITH_KNOTS('',3,
(#4967,#4968,#4969,#4970,#4971,#4972,#4973,#4974,#4975,#4976,#4977,#4978,#4979,#4980),
.UNSPECIFIED.,.F.,.F.,
(4,2,2,2,2,2,4),
(0.,0.240662346026774,0.413999848099871,0.568207798073753,0.714849527912603,0.858104052609583,
1.),
.UNSPECIFIED.);
#2898=VERTEX_POINT('',#4981);
#2899=CIRCLE('',#4982,14.5);
#2900=VERTEX_POINT('',#4986);
#2901=B_SPLINE_CURVE_WITH_KNOTS('',3,
(#4987,#4988,#4989,#4990,#4991,#4992,#4993,#4994,#4995,#4996,#4997,#4998,#4999,#5000),
.UNSPECIFIED.,.F.,.F.,
(4,2,2,2,2,2,4),
(0.,0.141895947390416,0.285150472087398,0.431792201926248,0.586000151900127,0.759337653973225,
1.),
.UNSPECIFIED.);
#2902=B_SPLINE_CURVE_WITH_KNOTS('',3,
(#5001,#5002,#5003,#5004,#5005,#5006,#5007,#5008,#5009,#5010,#5011,#5012,#5013,#5014),
.UNSPECIFIED.,.F.,.F.,
(4,2,2,2,2,2,4),
(0.,0.151873673057609,0.309711898023625,0.473452739500917,0.643083747867525,0.818600254879874,
1.),
.UNSPECIFIED.);
#2903=VERTEX_POINT('',#5015);
#2904=B_SPLINE_CURVE_WITH_KNOTS('',3,
(#5016,#5017,#5018,#5019,#5020,#5021,#5022,#5023,#5024,#5025,#5026,#5027,#5028,#5029),
.UNSPECIFIED.,.F.,.F.,
(4,2,2,2,2,2,4),
(0.,0.181399745120123,0.356916252132472,0.52654726049908,0.690288101976372,0.848126326942389,
1.),
.UNSPECIFIED.);
#2905=VERTEX_POINT('',#5030);
#2906=B_SPLINE_CURVE_WITH_KNOTS('',3,
(#5031,#5032,#5033,#5034,#5035,#5036,#5037,#5038,#5039,#5040,#5041,#5042,#5043,#5044),
.UNSPECIFIED.,.F.,.F.,
(4,2,2,2,2,2,4),
(0.,0.240662346026774,0.413999848099871,0.568207798073753,0.714849527912603,0.858104052609583,
1.),
.UNSPECIFIED.);
#2907=VERTEX_POINT('',#5045);
#2908=CIRCLE('',#5046,14.5);
#2909=VERTEX_POINT('',#5050);
#2910=B_SPLINE_CURVE_WITH_KNOTS('',3,
(#5051,#5052,#5053,#5054,#5055,#5056,#5057,#5058,#5059,#5060,#5061,#5062,#5063,#5064),
.UNSPECIFIED.,.F.,.F.,
(4,2,2,2,2,2,4),
(0.,0.141895947390416,0.285150472087398,0.431792201926248,0.586000151900127,0.759337653973225,
1.),
.UNSPECIFIED.);
#2911=B_SPLINE_CURVE_WITH_KNOTS('',3,
(#5065,#5066,#5067,#5068,#5069,#5070,#5071,#5072,#5073,#5074,#5075,#5076,#5077,#5078),
.UNSPECIFIED.,.F.,.F.,
(4,2,2,2,2,2,4),
(0.,0.151873673057609,0.309711898023625,0.473452739500917,0.643083747867525,0.818600254879874,
1.),
.UNSPECIFIED.);
#2912=VERTEX_POINT('',#5079);
#2913=B_SPLINE_CURVE_WITH_KNOTS('',3,
(#5080,#5081,#5082,#5083,#5084,#5085,#5086,#5087,#5088,#5089,#5090,#5091,#5092,#5093),
.UNSPECIFIED.,.F.,.F.,
(4,2,2,2,2,2,4),
(0.,0.181399745120123,0.356916252132472,0.52654726049908,0.690288101976372,0.848126326942389,
1.),
.UNSPECIFIED.);
#2914=VERTEX_POINT('',#5094);
#2915=B_SPLINE_CURVE_WITH_KNOTS('',3,
(#5095,#5096,#5097,#5098,#5099,#5100,#5101,#5102,#5103,#5104,#5105,#5106,#5107,#5108),
.UNSPECIFIED.,.F.,.F.,
(4,2,2,2,2,2,4),
(0.,0.240662346026774,0.413999848099871,0.568207798073753,0.714849527912603,0.858104052609583,
1.),
.UNSPECIFIED.);
#2916=VERTEX_POINT('',#5109);
#2917=CIRCLE('',#5110,14.5);
#2918=VERTEX_POINT('',#5114);
#2919=B_SPLINE_CURVE_WITH_KNOTS('',3,
(#5115,#5116,#5117,#5118,#5119,#5120,#5121,#5122,#5123,#5124,#5125,#5126,#5127,#5128),
.UNSPECIFIED.,.F.,.F.,
(4,2,2,2,2,2,4),
(0.,0.141895947390416,0.285150472087398,0.431792201926248,0.586000151900127,0.759337653973225,
1.),
.UNSPECIFIED.);
#2920=B_SPLINE_CURVE_WITH_KNOTS('',3,
(#5129,#5130,#5131,#5132,#5133,#5134,#5135,#5136,#5137,#5138,#5139,#5140,#5141,#5142),
.UNSPECIFIED.,.F.,.F.,
(4,2,2,2,2,2,4),
(0.,0.151873673057609,0.309711898023625,0.473452739500917,0.643083747867525,0.818600254879874,
1.),
.UNSPECIFIED.);
#2921=VERTEX_POINT('',#5143);
#2922=B_SPLINE_CURVE_WITH_KNOTS('',3,
(#5144,#5145,#5146,#5147,#5148,#5149,#5150,#5151,#5152,#5153,#5154,#5155,#5156,#5157),
.UNSPECIFIED.,.F.,.F.,
(4,2,2,2,2,2,4),
(0.,0.181399745120123,0.356916252132472,0.52654726049908,0.690288101976372,0.848126326942389,
1.),
.UNSPECIFIED.);
#2923=VERTEX_POINT('',#5158);
#2924=B_SPLINE_CURVE_WITH_KNOTS('',3,
(#5159,#5160,#5161,#5162,#5163,#5164,#5165,#5166,#5167,#5168,#5169,#5170,#5171,#5172),
.UNSPECIFIED.,.F.,.F.,
(4,2,2,2,2,2,4),
(0.,0.240662346026774,0.413999848099871,0.568207798073753,0.714849527912603,0.858104052609583,
1.),
.UNSPECIFIED.);
#2925=VERTEX_POINT('',#5173);
#2926=CIRCLE('',#5174,14.5);
#2927=VERTEX_POINT('',#5178);
#2928=B_SPLINE_CURVE_WITH_KNOTS('',3,
(#5179,#5180,#5181,#5182,#5183,#5184,#5185,#5186,#5187,#5188,#5189,#5190,#5191,#5192),
.UNSPECIFIED.,.F.,.F.,
(4,2,2,2,2,2,4),
(0.,0.141895947390416,0.285150472087398,0.431792201926248,0.586000151900127,0.759337653973225,
1.),
.UNSPECIFIED.);
#2929=B_SPLINE_CURVE_WITH_KNOTS('',3,
(#5193,#5194,#5195,#5196,#5197,#5198,#5199,#5200,#5201,#5202,#5203,#5204,#5205,#5206),
.UNSPECIFIED.,.F.,.F.,
(4,2,2,2,2,2,4),
(0.,0.151873673057609,0.309711898023625,0.473452739500917,0.643083747867525,0.818600254879874,
1.),
.UNSPECIFIED.);
#2930=VERTEX_POINT('',#5207);
#2931=B_SPLINE_CURVE_WITH_KNOTS('',3,
(#5208,#5209,#5210,#5211,#5212,#5213,#5214,#5215,#5216,#5217,#5218,#5219,#5220,#5221),
.UNSPECIFIED.,.F.,.F.,
(4,2,2,2,2,2,4),
(0.,0.181399745120123,0.356916252132472,0.52654726049908,0.690288101976372,0.848126326942389,
1.),
.UNSPECIFIED.);
#2932=VERTEX_POINT('',#5222);
#2933=B_SPLINE_CURVE_WITH_KNOTS('',3,
(#5223,#5224,#5225,#5226,#5227,#5228,#5229,#5230,#5231,#5232,#5233,#5234,#5235,#5236),
.UNSPECIFIED.,.F.,.F.,
(4,2,2,2,2,2,4),
(0.,0.240662346026774,0.413999848099871,0.568207798073753,0.714849527912603,0.858104052609583,
1.),
.UNSPECIFIED.);
#2934=VERTEX_POINT('',#5237);
#2935=CIRCLE('',#5238,14.5);
#2936=VERTEX_POINT('',#5242);
#2937=B_SPLINE_CURVE_WITH_KNOTS('',3,
(#5243,#5244,#5245,#5246,#5247,#5248,#5249,#5250,#5251,#5252,#5253,#5254,#5255,#5256),
.UNSPECIFIED.,.F.,.F.,
(4,2,2,2,2,2,4),
(0.,0.141895947390416,0.285150472087398,0.431792201926248,0.586000151900127,0.759337653973225,
1.),
.UNSPECIFIED.);
#2938=B_SPLINE_CURVE_WITH_KNOTS('',3,
(#5257,#5258,#5259,#5260,#5261,#5262,#5263,#5264,#5265,#5266,#5267,#5268,#5269,#5270),
.UNSPECIFIED.,.F.,.F.,
(4,2,2,2,2,2,4),
(0.,0.151873673057609,0.309711898023625,0.473452739500917,0.643083747867525,0.818600254879874,
1.),
.UNSPECIFIED.);
#2939=VERTEX_POINT('',#5271);
#2940=B_SPLINE_CURVE_WITH_KNOTS('',3,
(#5272,#5273,#5274,#5275,#5276,#5277,#5278,#5279,#5280,#5281,#5282,#5283,#5284,#5285),
.UNSPECIFIED.,.F.,.F.,
(4,2,2,2,2,2,4),
(0.,0.181399745120123,0.356916252132472,0.52654726049908,0.690288101976372,0.848126326942389,
1.),
.UNSPECIFIED.);
#2941=VERTEX_POINT('',#5286);
#2942=B_SPLINE_CURVE_WITH_KNOTS('',3,
(#5287,#5288,#5289,#5290,#5291,#5292,#5293,#5294,#5295,#5296,#5297,#5298,#5299,#5300),
.UNSPECIFIED.,.F.,.F.,
(4,2,2,2,2,2,4),
(0.,0.240662346026774,0.413999848099871,0.568207798073753,0.714849527912603,0.858104052609583,
1.),
.UNSPECIFIED.);
#2943=VERTEX_POINT('',#5301);
#2944=CIRCLE('',#5302,14.5);
#2945=VERTEX_POINT('',#5306);
#2946=B_SPLINE_CURVE_WITH_KNOTS('',3,
(#5307,#5308,#5309,#5310,#5311,#5312,#5313,#5314,#5315,#5316,#5317,#5318,#5319,#5320),
.UNSPECIFIED.,.F.,.F.,
(4,2,2,2,2,2,4),
(0.,0.141895947390416,0.285150472087398,0.431792201926248,0.586000151900127,0.759337653973225,
1.),
.UNSPECIFIED.);
#2947=B_SPLINE_CURVE_WITH_KNOTS('',3,
(#5321,#5322,#5323,#5324,#5325,#5326,#5327,#5328,#5329,#5330,#5331,#5332,#5333,#5334),
.UNSPECIFIED.,.F.,.F.,
(4,2,2,2,2,2,4),
(0.,0.151873673057609,0.309711898023625,0.473452739500917,0.643083747867525,0.818600254879874,
1.),
.UNSPECIFIED.);
#2948=B_SPLINE_CURVE_WITH_KNOTS('',3,
(#5335,#5336,#5337,#5338,#5339,#5340,#5341,#5342,#5343,#5344,#5345,#5346,#5347,#5348),
.UNSPECIFIED.,.F.,.F.,
(4,2,2,2,2,2,4),
(0.,0.181399745120123,0.356916252132472,0.52654726049908,0.690288101976372,0.848126326942389,
1.),
.UNSPECIFIED.);
#2949=LINE('',#5349,#5350);
#2950=LINE('',#5352,#5353);
#2951=LINE('',#5355,#5356);
#2952=LINE('',#5358,#5359);
#2953=LINE('',#5361,#5362);
#2954=LINE('',#5364,#5365);
#2955=LINE('',#5367,#5368);
#2956=LINE('',#5370,#5371);
#2957=LINE('',#5373,#5374);
#2958=LINE('',#5376,#5377);
#2959=LINE('',#5379,#5380);
#2960=LINE('',#5382,#5383);
#2961=LINE('',#5385,#5386);
#2962=LINE('',#5388,#5389);
#2963=LINE('',#5391,#5392);
#2964=LINE('',#5394,#5395);
#2965=LINE('',#5397,#5398);
#2966=LINE('',#5400,#5401);
#2967=LINE('',#5403,#5404);
#2968=LINE('',#5406,#5407);
#2969=LINE('',#5409,#5410);
#2970=LINE('',#5412,#5413);
#2971=LINE('',#5415,#5416);
#2972=LINE('',#5418,#5419);
#2973=LINE('',#5421,#5422);
#2974=LINE('',#5424,#5425);
#2975=LINE('',#5427,#5428);
#2976=LINE('',#5430,#5431);
#2977=LINE('',#5433,#5434);
#2978=LINE('',#5436,#5437);
#2979=LINE('',#5439,#5440);
#2980=LINE('',#5442,#5443);
#2981=LINE('',#5445,#5446);
#2982=LINE('',#5448,#5449);
#2983=LINE('',#5451,#5452);
#2984=LINE('',#5454,#5455);
#2985=LINE('',#5457,#5458);
#2986=LINE('',#5460,#5461);
#2987=LINE('',#5463,#5464);
#2988=LINE('',#5466,#5467);
#2989=LINE('',#5469,#5470);
#2990=LINE('',#5472,#5473);
#2991=LINE('',#5475,#5476);
#2992=LINE('',#5478,#5479);
#2993=LINE('',#5481,#5482);
#2994=LINE('',#5484,#5485);
#2995=LINE('',#5487,#5488);
#2996=LINE('',#5490,#5491);
#2997=LINE('',#5493,#5494);
#2998=LINE('',#5496,#5497);
#2999=LINE('',#5499,#5500);
#3000=LINE('',#5502,#5503);
#3001=LINE('',#5505,#5506);
#3002=LINE('',#5508,#5509);
#3003=LINE('',#5511,#5512);
#3004=LINE('',#5514,#5515);
#3005=LINE('',#5517,#5518);
#3006=LINE('',#5520,#5521);
#3007=LINE('',#5523,#5524);
#3008=LINE('',#5526,#5527);
#3009=LINE('',#5529,#5530);
#3010=LINE('',#5532,#5533);
#3011=LINE('',#5535,#5536);
#3012=LINE('',#5538,#5539);
#3013=CARTESIAN_POINT('',(-17.6090505225089,4.13155638436931E-16,-6.74734362143576));
#3014=CARTESIAN_POINT('',(-17.6090505225089,8.5,-6.74734362143576));
#3015=CARTESIAN_POINT('',(-17.6090505224069,4.13155638453225E-16,-6.74734362170186));
#3016=VECTOR('',#3017,1.);
#3017=DIRECTION('',(0.,1.,1.0449157878825E-16));
#3018=CARTESIAN_POINT('',(-17.2225714644344,8.5,-7.68038660501204));
#3019=AXIS2_PLACEMENT_3D('',#3020,#3021,#3022);
#3020=CARTESIAN_POINT('',(0.,8.5,5.20474889637625E-16));
#3021=DIRECTION('',(0.,1.,6.12323399573677E-17));
#3022=DIRECTION('',(-0.913300886354737,2.4939045133348E-17,-0.407285515312848));
#3023=CARTESIAN_POINT('',(-17.2225714644344,4.7028804360211E-16,-7.68038660501204));
#3024=CARTESIAN_POINT('',(-17.2225714644345,4.70288043602109E-16,-7.68038660501202));
#3025=VECTOR('',#3026,1.);
#3026=DIRECTION('',(0.,1.,1.0449157878825E-16));
#3027=AXIS2_PLACEMENT_3D('',#3028,#3029,#3030);
#3028=CARTESIAN_POINT('',(0.,0.,0.));
#3029=DIRECTION('',(0.,1.,6.12323399573677E-17));
#3030=DIRECTION('',(-0.913300886354737,2.4939045133348E-17,-0.407285515312848));
#3031=CARTESIAN_POINT('',(-18.8507379811008,8.5,-0.504959223981633));
#3032=CARTESIAN_POINT('',(-18.8507379811008,3.0919834867452E-17,-0.504959223981634));
#3033=CARTESIAN_POINT('',(-18.8507379811039,3.09198348603522E-17,-0.504959223865686));
#3034=VECTOR('',#3035,1.);
#3035=DIRECTION('',(0.,1.,6.53072367426563E-17));
#3036=CARTESIAN_POINT('',(-18.8507379811009,-3.0919834867266E-17,0.504959223978597));
#3037=AXIS2_PLACEMENT_3D('',#3038,#3039,#3040);
#3038=CARTESIAN_POINT('',(0.,0.,0.));
#3039=DIRECTION('',(0.,1.,6.12323399573677E-17));
#3040=DIRECTION('',(-0.999641414880063,1.63965715855504E-18,-0.0267776335135426));
#3041=CARTESIAN_POINT('',(-18.8507379811009,8.5,0.504959223978597));
#3042=CARTESIAN_POINT('',(-18.8507379811009,-3.0919834867266E-17,0.504959223978597));
#3043=VECTOR('',#3044,1.);
#3044=DIRECTION('',(0.,1.,6.53072367426563E-17));
#3045=AXIS2_PLACEMENT_3D('',#3046,#3047,#3048);
#3046=CARTESIAN_POINT('',(0.,8.5,5.20474889637625E-16));
#3047=DIRECTION('',(0.,1.,6.12323399573677E-17));
#3048=DIRECTION('',(-0.999641414880063,1.63965715855504E-18,-0.0267776335135426));
#3049=CARTESIAN_POINT('',(-13.6865447482985,7.94331911054758E-16,-12.9724245653163));
#3050=CARTESIAN_POINT('',(-13.6865447482985,8.5,-12.9724245653163));
#3051=CARTESIAN_POINT('',(-13.6865447483073,7.9433191105419E-16,-12.9724245653071));
#3052=VECTOR('',#3053,1.);
#3053=DIRECTION('',(0.,1.,0.));
#3054=CARTESIAN_POINT('',(-12.9724245653071,8.5,-13.6865447483073));
#3055=AXIS2_PLACEMENT_3D('',#3056,#3057,#3058);
#3056=CARTESIAN_POINT('',(0.,8.5,5.20474889637625E-16));
#3057=DIRECTION('',(0.,1.,6.12323399573677E-17));
#3058=DIRECTION('',(-0.687918576975053,4.44416895595957E-17,-0.725787869458162));
#3059=CARTESIAN_POINT('',(-12.9724245653071,8.38059160870077E-16,-13.6865447483073));
#3060=CARTESIAN_POINT('',(-12.9724245653097,8.38059160869923E-16,-13.6865447483048));
#3061=VECTOR('',#3062,1.);
#3062=DIRECTION('',(0.,1.,0.));
#3063=AXIS2_PLACEMENT_3D('',#3064,#3065,#3066);
#3064=CARTESIAN_POINT('',(0.,0.,0.));
#3065=DIRECTION('',(0.,1.,6.12323399573677E-17));
#3066=DIRECTION('',(-0.687918576975053,4.44416895595957E-17,-0.725787869458162));
#3067=CARTESIAN_POINT('',(-7.68038660478703,1.05457835085645E-15,-17.2225714645348));
#3068=CARTESIAN_POINT('',(-7.68038660478703,8.5,-17.2225714645348));
#3069=CARTESIAN_POINT('',(-7.68038660441633,1.05457835086658E-15,-17.2225714647001));
#3070=VECTOR('',#3071,1.);
#3071=DIRECTION('',(0.,1.,0.));
#3072=CARTESIAN_POINT('',(-6.74734362143319,8.5,-17.6090505225099));
#3073=AXIS2_PLACEMENT_3D('',#3074,#3075,#3076);
#3074=CARTESIAN_POINT('',(0.,8.5,5.20474889637625E-16));
#3075=DIRECTION('',(0.,1.,6.12323399573677E-17));
#3076=DIRECTION('',(-0.357806900248347,5.71784896153141E-17,-0.933795599761891));
#3077=CARTESIAN_POINT('',(-6.74734362143319,1.07824336792079E-15,-17.6090505225099));
#3078=CARTESIAN_POINT('',(-6.7473436214332,1.07824336792079E-15,-17.6090505225099));
#3079=VECTOR('',#3080,1.);
#3080=DIRECTION('',(0.,1.,0.));
#3081=AXIS2_PLACEMENT_3D('',#3082,#3083,#3084);
#3082=CARTESIAN_POINT('',(0.,0.,0.));
#3083=DIRECTION('',(0.,1.,6.12323399573677E-17));
#3084=DIRECTION('',(-0.357806900248347,5.71784896153141E-17,-0.933795599761891));
#3085=CARTESIAN_POINT('',(-0.50495922390463,1.15427479650615E-15,-18.8507379811029));
#3086=CARTESIAN_POINT('',(-0.50495922390463,8.5,-18.8507379811029));
#3087=CARTESIAN_POINT('',(-0.504959223981635,1.15427479650603E-15,-18.8507379811008));
#3088=VECTOR('',#3089,1.);
#3089=DIRECTION('',(0.,1.,0.));
#3090=CARTESIAN_POINT('',(0.504959223981646,8.5,-18.8507379811008));
#3091=AXIS2_PLACEMENT_3D('',#3092,#3093,#3094);
#3092=CARTESIAN_POINT('',(0.,8.5,5.20474889637625E-16));
#3093=DIRECTION('',(0.,1.,6.12323399573677E-17));
#3094=DIRECTION('',(0.0267776335135432,6.12103829514E-17,-0.999641414880063));
#3095=CARTESIAN_POINT('',(0.504959223981646,1.15427479650603E-15,-18.8507379811008));
#3096=CARTESIAN_POINT('',(0.504959223853412,1.15427479650624E-15,-18.8507379811042));
#3097=VECTOR('',#3098,1.);
#3098=DIRECTION('',(0.,1.,0.));
#3099=AXIS2_PLACEMENT_3D('',#3100,#3101,#3102);
#3100=CARTESIAN_POINT('',(0.,0.,0.));
#3101=DIRECTION('',(0.,1.,6.12323399573677E-17));
#3102=DIRECTION('',(0.0267776335135432,6.12103829514E-17,-0.999641414880063));
#3103=CARTESIAN_POINT('',(6.74734362144721,1.07824336792046E-15,-17.6090505225045));
#3104=CARTESIAN_POINT('',(6.74734362144721,8.5,-17.6090505225045));
#3105=CARTESIAN_POINT('',(6.74734362247805,1.07824336789627E-15,-17.6090505221095));
#3106=VECTOR('',#3107,1.);
#3107=DIRECTION('',(0.,1.,0.));
#3108=CARTESIAN_POINT('',(7.68038660501203,8.5,-17.2225714644344));
#3109=AXIS2_PLACEMENT_3D('',#3110,#3111,#3112);
#3110=CARTESIAN_POINT('',(0.,8.5,5.20474889637625E-16));
#3111=DIRECTION('',(0.,1.,6.12323399573677E-17));
#3112=DIRECTION('',(0.407285515312848,5.59235503566384E-17,-0.913300886354737));
#3113=CARTESIAN_POINT('',(7.68038660501203,1.05457835085031E-15,-17.2225714644344));
#3114=CARTESIAN_POINT('',(7.68038660501203,1.05457835085031E-15,-17.2225714644345));
#3115=VECTOR('',#3116,1.);
#3116=DIRECTION('',(0.,1.,0.));
#3117=AXIS2_PLACEMENT_3D('',#3118,#3119,#3120);
#3118=CARTESIAN_POINT('',(0.,0.,0.));
#3119=DIRECTION('',(0.,1.,6.12323399573677E-17));
#3120=DIRECTION('',(0.407285515312848,5.59235503566384E-17,-0.913300886354737));
#3121=CARTESIAN_POINT('',(12.9724245653078,8.38059160870037E-16,-13.6865447483066));
#3122=CARTESIAN_POINT('',(12.9724245653078,8.5,-13.6865447483066));
#3123=CARTESIAN_POINT('',(12.9724245653071,8.38059160870077E-16,-13.6865447483073));
#3124=VECTOR('',#3125,1.);
#3125=DIRECTION('',(0.,1.,0.));
#3126=CARTESIAN_POINT('',(13.6865447483073,8.5,-12.9724245653071));
#3127=AXIS2_PLACEMENT_3D('',#3128,#3129,#3130);
#3128=CARTESIAN_POINT('',(0.,8.5,5.20474889637625E-16));
#3129=DIRECTION('',(0.,1.,6.12323399573677E-17));
#3130=DIRECTION('',(0.725787869458162,4.2122864168325E-17,-0.687918576975053));
#3131=CARTESIAN_POINT('',(13.6865447483073,7.94331911054189E-16,-12.9724245653071));
#3132=CARTESIAN_POINT('',(13.6865447479142,7.94331911079582E-16,-12.9724245657218));
#3133=VECTOR('',#3134,1.);
#3134=DIRECTION('',(0.,1.,0.));
#3135=AXIS2_PLACEMENT_3D('',#3136,#3137,#3138);
#3136=CARTESIAN_POINT('',(0.,0.,0.));
#3137=DIRECTION('',(0.,1.,6.12323399573677E-17));
#3138=DIRECTION('',(0.725787869458162,4.2122864168325E-17,-0.687918576975053));
#3139=CARTESIAN_POINT('',(17.2225714657368,4.70288043423284E-16,-7.68038660209159));
#3140=CARTESIAN_POINT('',(17.2225714657368,8.5,-7.68038660209159));
#3141=CARTESIAN_POINT('',(17.2225714648999,4.70288043538197E-16,-7.68038660396827));
#3142=VECTOR('',#3143,1.);
#3143=DIRECTION('',(0.,1.,1.0449157878825E-16));
#3144=CARTESIAN_POINT('',(17.6090505225099,8.5,-6.74734362143318));
#3145=AXIS2_PLACEMENT_3D('',#3146,#3147,#3148);
#3146=CARTESIAN_POINT('',(0.,8.5,5.20474889637625E-16));
#3147=DIRECTION('',(0.,1.,6.12323399573677E-17));
#3148=DIRECTION('',(0.933795599761891,2.19093537550987E-17,-0.357806900248346));
#3149=CARTESIAN_POINT('',(17.6090505225099,4.13155638436773E-16,-6.74734362143318));
#3150=CARTESIAN_POINT('',(17.6090505225099,4.13155638436774E-16,-6.7473436214332));
#3151=VECTOR('',#3152,1.);
#3152=DIRECTION('',(0.,1.,1.0449157878825E-16));
#3153=AXIS2_PLACEMENT_3D('',#3154,#3155,#3156);
#3154=CARTESIAN_POINT('',(0.,0.,0.));
#3155=DIRECTION('',(0.,1.,6.12323399573677E-17));
#3156=DIRECTION('',(0.933795599761891,2.19093537550987E-17,-0.357806900248346));
#3157=CARTESIAN_POINT('',(18.8507379811008,3.09198348674417E-17,-0.504959223981466));
#3158=CARTESIAN_POINT('',(18.8507379811008,8.5,-0.504959223981466));
#3159=CARTESIAN_POINT('',(18.8507379811008,3.0919834867452E-17,-0.504959223981634));
#3160=VECTOR('',#3161,1.);
#3161=DIRECTION('',(0.,1.,6.53072367426563E-17));
#3162=CARTESIAN_POINT('',(18.8507379811008,8.5,0.504959223981645));
#3163=AXIS2_PLACEMENT_3D('',#3164,#3165,#3166);
#3164=CARTESIAN_POINT('',(0.,8.5,5.20474889637625E-16));
#3165=DIRECTION('',(0.,1.,6.12323399573677E-17));
#3166=DIRECTION('',(0.999641414880063,-1.63965715855508E-18,0.0267776335135432));
#3167=CARTESIAN_POINT('',(18.8507379811008,-3.09198348674526E-17,0.504959223981644));
#3168=CARTESIAN_POINT('',(18.8507379811314,-3.09198347974982E-17,0.504959222839202));
#3169=VECTOR('',#3170,1.);
#3170=DIRECTION('',(0.,1.,6.53072367426563E-17));
#3171=AXIS2_PLACEMENT_3D('',#3172,#3173,#3174);
#3172=CARTESIAN_POINT('',(0.,0.,0.));
#3173=DIRECTION('',(0.,1.,6.12323399573677E-17));
#3174=DIRECTION('',(0.999641414880063,-1.63965715855508E-18,0.0267776335135432));
#3175=CARTESIAN_POINT('',(17.6090505225089,-4.13155638436929E-16,6.74734362143573));
#3176=CARTESIAN_POINT('',(17.6090505225089,8.5,6.74734362143573));
#3177=CARTESIAN_POINT('',(17.6090505223054,-4.13155638469444E-16,6.74734362196673));
#3178=VECTOR('',#3179,1.);
#3179=DIRECTION('',(0.,1.,1.0449157878825E-16));
#3180=CARTESIAN_POINT('',(17.2225714644345,8.5,7.68038660501202));
#3181=AXIS2_PLACEMENT_3D('',#3182,#3183,#3184);
#3182=CARTESIAN_POINT('',(0.,8.5,5.20474889637625E-16));
#3183=DIRECTION('',(0.,1.,6.12323399573677E-17));
#3184=DIRECTION('',(0.913300886354737,-2.4939045133348E-17,0.407285515312848));
#3185=CARTESIAN_POINT('',(17.2225714644345,-4.70288043602109E-16,7.68038660501202));
#3186=CARTESIAN_POINT('',(17.2225714644345,-4.70288043602109E-16,7.68038660501203));
#3187=VECTOR('',#3188,1.);
#3188=DIRECTION('',(0.,1.,1.0449157878825E-16));
#3189=AXIS2_PLACEMENT_3D('',#3190,#3191,#3192);
#3190=CARTESIAN_POINT('',(0.,0.,0.));
#3191=DIRECTION('',(0.,1.,6.12323399573677E-17));
#3192=DIRECTION('',(0.913300886354737,-2.4939045133348E-17,0.407285515312848));
#3193=CARTESIAN_POINT('',(13.6865447482985,-7.94331911054757E-16,12.9724245653163));
#3194=CARTESIAN_POINT('',(13.6865447482985,8.5,12.9724245653163));
#3195=CARTESIAN_POINT('',(13.6865447483073,-7.9433191105419E-16,12.9724245653071));
#3196=VECTOR('',#3197,1.);
#3197=DIRECTION('',(0.,1.,0.));
#3198=CARTESIAN_POINT('',(12.9724245653071,8.5,13.6865447483073));
#3199=AXIS2_PLACEMENT_3D('',#3200,#3201,#3202);
#3200=CARTESIAN_POINT('',(0.,8.5,5.20474889637625E-16));
#3201=DIRECTION('',(0.,1.,6.12323399573677E-17));
#3202=DIRECTION('',(0.687918576975053,-4.44416895595958E-17,0.725787869458162));
#3203=CARTESIAN_POINT('',(12.9724245653071,-8.38059160870077E-16,13.6865447483073));
#3204=CARTESIAN_POINT('',(12.9724245661192,-8.38059160822945E-16,13.6865447475376));
#3205=VECTOR('',#3206,1.);
#3206=DIRECTION('',(0.,1.,0.));
#3207=AXIS2_PLACEMENT_3D('',#3208,#3209,#3210);
#3208=CARTESIAN_POINT('',(0.,0.,0.));
#3209=DIRECTION('',(0.,1.,6.12323399573677E-17));
#3210=DIRECTION('',(0.687918576975053,-4.44416895595958E-17,0.725787869458162));
#3211=CARTESIAN_POINT('',(7.68038660478701,-1.05457835085645E-15,17.2225714645348));
#3212=CARTESIAN_POINT('',(7.68038660478701,8.5,17.2225714645348));
#3213=CARTESIAN_POINT('',(7.68038660489488,-1.05457835085351E-15,17.2225714644867));
#3214=VECTOR('',#3215,1.);
#3215=DIRECTION('',(0.,1.,0.));
#3216=CARTESIAN_POINT('',(6.74734362143319,8.5,17.6090505225099));
#3217=AXIS2_PLACEMENT_3D('',#3218,#3219,#3220);
#3218=CARTESIAN_POINT('',(0.,8.5,5.20474889637625E-16));
#3219=DIRECTION('',(0.,1.,6.12323399573677E-17));
#3220=DIRECTION('',(0.357806900248347,-5.71784896153141E-17,0.933795599761891));
#3221=CARTESIAN_POINT('',(6.74734362143319,-1.07824336792079E-15,17.6090505225099));
#3222=CARTESIAN_POINT('',(6.7473436214332,-1.07824336792079E-15,17.6090505225099));
#3223=VECTOR('',#3224,1.);
#3224=DIRECTION('',(0.,1.,0.));
#3225=AXIS2_PLACEMENT_3D('',#3226,#3227,#3228);
#3226=CARTESIAN_POINT('',(0.,0.,0.));
#3227=DIRECTION('',(0.,1.,6.12323399573677E-17));
#3228=DIRECTION('',(0.357806900248347,-5.71784896153141E-17,0.933795599761891));
#3229=CARTESIAN_POINT('',(0.504959223904616,-1.15427479650615E-15,18.8507379811029));
#3230=CARTESIAN_POINT('',(0.504959223904616,8.5,18.8507379811029));
#3231=CARTESIAN_POINT('',(0.504959223981631,-1.15427479650603E-15,18.8507379811008));
#3232=VECTOR('',#3233,1.);
#3233=DIRECTION('',(0.,1.,0.));
#3234=CARTESIAN_POINT('',(-0.504959223981641,8.5,18.8507379811008));
#3235=AXIS2_PLACEMENT_3D('',#3236,#3237,#3238);
#3236=CARTESIAN_POINT('',(0.,8.5,5.20474889637625E-16));
#3237=DIRECTION('',(0.,1.,6.12323399573677E-17));
#3238=DIRECTION('',(-0.0267776335135431,-6.12103829514E-17,0.999641414880063));
#3239=CARTESIAN_POINT('',(-0.504959223981641,-1.15427479650603E-15,18.8507379811008));
#3240=CARTESIAN_POINT('',(-0.504959223329619,-1.1542747965071E-15,18.8507379811183));
#3241=VECTOR('',#3242,1.);
#3242=DIRECTION('',(0.,1.,0.));
#3243=AXIS2_PLACEMENT_3D('',#3244,#3245,#3246);
#3244=CARTESIAN_POINT('',(0.,0.,0.));
#3245=DIRECTION('',(0.,1.,6.12323399573677E-17));
#3246=DIRECTION('',(-0.0267776335135431,-6.12103829514E-17,0.999641414880063));
#3247=CARTESIAN_POINT('',(-6.74734362144721,-1.07824336792046E-15,17.6090505225045));
#3248=CARTESIAN_POINT('',(-6.74734362144721,8.5,17.6090505225045));
#3249=CARTESIAN_POINT('',(-6.7473436214366,-1.07824336792071E-15,17.6090505225086));
#3250=VECTOR('',#3251,1.);
#3251=DIRECTION('',(0.,1.,0.));
#3252=CARTESIAN_POINT('',(-7.68038660501203,8.5,17.2225714644345));
#3253=AXIS2_PLACEMENT_3D('',#3254,#3255,#3256);
#3254=CARTESIAN_POINT('',(0.,8.5,5.20474889637625E-16));
#3255=DIRECTION('',(0.,1.,6.12323399573677E-17));
#3256=DIRECTION('',(-0.407285515312848,-5.59235503566384E-17,0.913300886354737));
#3257=CARTESIAN_POINT('',(-7.68038660501203,-1.05457835085031E-15,17.2225714644345));
#3258=CARTESIAN_POINT('',(-7.68038660501203,-1.05457835085031E-15,17.2225714644345));
#3259=VECTOR('',#3260,1.);
#3260=DIRECTION('',(0.,1.,0.));
#3261=AXIS2_PLACEMENT_3D('',#3262,#3263,#3264);
#3262=CARTESIAN_POINT('',(0.,0.,0.));
#3263=DIRECTION('',(0.,1.,6.12323399573677E-17));
#3264=DIRECTION('',(-0.407285515312848,-5.59235503566384E-17,0.913300886354737));
#3265=CARTESIAN_POINT('',(-12.9724245653078,-8.38059160870037E-16,13.6865447483066));
#3266=CARTESIAN_POINT('',(-12.9724245653078,8.5,13.6865447483066));
#3267=CARTESIAN_POINT('',(-12.9724245653071,-8.38059160870077E-16,13.6865447483073));
#3268=VECTOR('',#3269,1.);
#3269=DIRECTION('',(0.,1.,0.));
#3270=CARTESIAN_POINT('',(-13.6865447483073,8.5,12.9724245653071));
#3271=AXIS2_PLACEMENT_3D('',#3272,#3273,#3274);
#3272=CARTESIAN_POINT('',(0.,8.5,5.20474889637625E-16));
#3273=DIRECTION('',(0.,1.,6.12323399573677E-17));
#3274=DIRECTION('',(-0.725787869458162,-4.2122864168325E-17,0.687918576975053));
#3275=CARTESIAN_POINT('',(-13.6865447483073,-7.9433191105419E-16,12.9724245653071));
#3276=CARTESIAN_POINT('',(-13.6865447481094,-7.94331911066976E-16,12.9724245655159));
#3277=VECTOR('',#3278,1.);
#3278=DIRECTION('',(0.,1.,0.));
#3279=AXIS2_PLACEMENT_3D('',#3280,#3281,#3282);
#3280=CARTESIAN_POINT('',(0.,0.,0.));
#3281=DIRECTION('',(0.,1.,6.12323399573677E-17));
#3282=DIRECTION('',(-0.725787869458162,-4.2122864168325E-17,0.687918576975053));
#3283=CARTESIAN_POINT('',(-17.2225714645177,-4.70288043590676E-16,7.68038660482531));
#3284=CARTESIAN_POINT('',(-17.2225714645177,8.5,7.68038660482531));
#3285=CARTESIAN_POINT('',(-17.2225714644817,-4.70288043595623E-16,7.6803866049061));
#3286=VECTOR('',#3287,1.);
#3287=DIRECTION('',(0.,1.,1.0449157878825E-16));
#3288=CARTESIAN_POINT('',(-17.6090505225088,8.5,6.74734362143604));
#3289=AXIS2_PLACEMENT_3D('',#3290,#3291,#3292);
#3290=CARTESIAN_POINT('',(0.,8.5,5.20474889637625E-16));
#3291=DIRECTION('',(0.,1.,6.12323399573677E-17));
#3292=DIRECTION('',(-0.933795599761833,-2.19093537551079E-17,0.357806900248498));
#3293=CARTESIAN_POINT('',(-17.6090505225088,-4.13155638436948E-16,6.74734362143604));
#3294=CARTESIAN_POINT('',(-17.6090505225088,-4.13155638436948E-16,6.74734362143604));
#3295=VECTOR('',#3296,1.);
#3296=DIRECTION('',(0.,1.,1.0449157878825E-16));
#3297=AXIS2_PLACEMENT_3D('',#3298,#3299,#3300);
#3298=CARTESIAN_POINT('',(0.,0.,0.));
#3299=DIRECTION('',(0.,1.,6.12323399573677E-17));
#3300=DIRECTION('',(-0.933795599761833,-2.19093537551079E-17,0.357806900248498));
#3301=CARTESIAN_POINT('',(-14.2436826927019,8.5,-2.71431452665737));
#3302=CARTESIAN_POINT('',(-15.1123999933904,8.5,-2.04082402963009));
#3303=CARTESIAN_POINT('',(-15.1123999933904,8.5,-2.04082402963009));
#3304=CARTESIAN_POINT('',(-15.0143283243337,8.5,-2.04226496951566));
#3305=CARTESIAN_POINT('',(-14.9200225059914,8.5,-2.05690224697942));
#3306=CARTESIAN_POINT('',(-14.7642709583822,8.5,-2.10478307499293));
#3307=CARTESIAN_POINT('',(-14.6989197409532,8.5,-2.1313734739425));
#3308=CARTESIAN_POINT('',(-14.5870319100724,8.5,-2.19569933102912));
#3309=CARTESIAN_POINT('',(-14.5361616558052,8.5,-2.23223757490656));
#3310=CARTESIAN_POINT('',(-14.4486146542403,8.5,-2.31223310184569));
#3311=CARTESIAN_POINT('',(-14.4091035769963,8.5,-2.35672659033634));
#3312=CARTESIAN_POINT('',(-14.3431604134174,8.5,-2.45007841814553));
#3313=CARTESIAN_POINT('',(-14.3148137765951,8.5,-2.50079959464503));
#3314=CARTESIAN_POINT('',(-14.2708981892217,8.5,-2.6043000853158));
#3315=CARTESIAN_POINT('',(-14.2545419645545,8.5,-2.65813946086482));
#3316=CARTESIAN_POINT('',(-14.2436826927019,8.5,-2.71431452665737));
#3317=CARTESIAN_POINT('',(-18.8507379811008,8.5,-0.504959223981633));
#3318=CARTESIAN_POINT('',(-18.6495380032128,8.5,-0.649633379903054));
#3319=CARTESIAN_POINT('',(-18.4436817222432,8.5,-0.786751873046334));
#3320=CARTESIAN_POINT('',(-18.0294839929323,8.5,-1.04167549379883));
#3321=CARTESIAN_POINT('',(-17.8213676650963,8.5,-1.16114946563016));
#3322=CARTESIAN_POINT('',(-17.4038247129433,8.5,-1.37751412819912));
#3323=CARTESIAN_POINT('',(-17.1944857295297,8.5,-1.47765427583798));
#3324=CARTESIAN_POINT('',(-16.7756904840116,8.5,-1.65332732637969));
#3325=CARTESIAN_POINT('',(-16.5661615318317,8.5,-1.73318793541381));
#3326=CARTESIAN_POINT('',(-16.1483967268691,8.5,-1.86457253006096));
#3327=CARTESIAN_POINT('',(-15.9397434811424,8.5,-1.92312403106285));
#3328=CARTESIAN_POINT('',(-15.5258602900598,8.5,-2.00232420775654));
#3329=CARTESIAN_POINT('',(-15.3203881131714,8.5,-2.02810329987425));
#3330=CARTESIAN_POINT('',(-15.1123999933904,8.5,-2.04082402963009));
#3331=CARTESIAN_POINT('',(-15.1123999933904,8.5,2.04082402963009));
#3332=CARTESIAN_POINT('',(-15.1123999933904,8.5,2.04082402963009));
#3333=CARTESIAN_POINT('',(-15.3203881131714,8.5,2.02810329987426));
#3334=CARTESIAN_POINT('',(-15.5258602900598,8.5,2.00232420775654));
#3335=CARTESIAN_POINT('',(-15.9397434811424,8.5,1.92312403106285));
#3336=CARTESIAN_POINT('',(-16.1483967268691,8.5,1.86457253006096));
#3337=CARTESIAN_POINT('',(-16.5661615318317,8.5,1.73318793541381));
#3338=CARTESIAN_POINT('',(-16.7756904840116,8.5,1.65332732637969));
#3339=CARTESIAN_POINT('',(-17.1944857295297,8.5,1.47765427583798));
#3340=CARTESIAN_POINT('',(-17.4038247129433,8.5,1.37751412819912));
#3341=CARTESIAN_POINT('',(-17.8213676650963,8.5,1.16114946563016));
#3342=CARTESIAN_POINT('',(-18.0294839929323,8.5,1.04167549379883));
#3343=CARTESIAN_POINT('',(-18.4436817222432,8.5,0.786751873046335));
#3344=CARTESIAN_POINT('',(-18.6495380032128,8.5,0.649633379903055));
#3345=CARTESIAN_POINT('',(-18.8507379811008,8.5,0.504959223981634));
#3346=CARTESIAN_POINT('',(-14.2436826927019,8.5,2.71431452665737));
#3347=CARTESIAN_POINT('',(-14.2436826927019,8.5,2.71431452665737));
#3348=CARTESIAN_POINT('',(-14.2545419645545,8.5,2.65813946086482));
#3349=CARTESIAN_POINT('',(-14.2708981892217,8.5,2.6043000853158));
#3350=CARTESIAN_POINT('',(-14.3148137765951,8.5,2.50079959464503));
#3351=CARTESIAN_POINT('',(-14.3431604134174,8.5,2.45007841814553));
#3352=CARTESIAN_POINT('',(-14.4091035769963,8.5,2.35672659033634));
#3353=CARTESIAN_POINT('',(-14.4486146542403,8.5,2.31223310184569));
#3354=CARTESIAN_POINT('',(-14.5361616558052,8.5,2.23223757490656));
#3355=CARTESIAN_POINT('',(-14.5870319100724,8.5,2.19569933102912));
#3356=CARTESIAN_POINT('',(-14.6989197409532,8.5,2.13137347394251));
#3357=CARTESIAN_POINT('',(-14.7642709583822,8.5,2.10478307499293));
#3358=CARTESIAN_POINT('',(-14.9200225059914,8.5,2.05690224697942));
#3359=CARTESIAN_POINT('',(-15.0143283243337,8.5,2.04226496951566));
#3360=CARTESIAN_POINT('',(-15.1123999933904,8.5,2.04082402963009));
#3361=CARTESIAN_POINT('',(-14.1981701069522,8.5,2.9431217463856));
#3362=AXIS2_PLACEMENT_3D('',#3363,#3364,#3365);
#3363=CARTESIAN_POINT('',(0.,8.5,5.20474889637625E-16));
#3364=DIRECTION('',(0.,-1.,-6.12323399573676E-17));
#3365=DIRECTION('',(-0.979184145307051,-1.24285676765934E-17,0.202973913543834));
#3366=CARTESIAN_POINT('',(-14.7430265855291,8.5,3.89778955031235));
#3367=CARTESIAN_POINT('',(-14.7430265855291,8.5,3.89778955031235));
#3368=CARTESIAN_POINT('',(-14.6529716015896,8.5,3.85892789251209));
#3369=CARTESIAN_POINT('',(-14.5714458298067,8.5,3.8093155371964));
#3370=CARTESIAN_POINT('',(-14.4458733624224,8.5,3.70547588335978));
#3371=CARTESIAN_POINT('',(-14.395672415353,8.5,3.65590072981399));
#3372=CARTESIAN_POINT('',(-14.3169179782448,8.5,3.55365376787906));
#3373=CARTESIAN_POINT('',(-14.2839025720934,8.5,3.50042962869854));
#3374=CARTESIAN_POINT('',(-14.2336326520378,8.5,3.39302061161491));
#3375=CARTESIAN_POINT('',(-14.214156097358,8.5,3.33679375361217));
#3376=CARTESIAN_POINT('',(-14.188956756102,8.5,3.22531255439736));
#3377=CARTESIAN_POINT('',(-14.1821780324428,8.5,3.1676045092894));
#3378=CARTESIAN_POINT('',(-14.1812132431317,8.5,3.05517675664344));
#3379=CARTESIAN_POINT('',(-14.186705498964,8.5,2.99917640333434));
#3380=CARTESIAN_POINT('',(-14.1981701069522,8.5,2.9431217463856));
#3381=CARTESIAN_POINT('',(-17.6090505225099,8.5,6.7473436214332));
#3382=CARTESIAN_POINT('',(-17.47853038356,8.5,6.53668623176411));
#3383=CARTESIAN_POINT('',(-17.34081695453,8.5,6.33122747424486));
#3384=CARTESIAN_POINT('',(-17.0557031961875,8.5,5.93720214994744));
#3385=CARTESIAN_POINT('',(-16.9091494901371,8.5,5.74717992203714));
#3386=CARTESIAN_POINT('',(-16.6061892744131,8.5,5.38749826864124));
#3387=CARTESIAN_POINT('',(-16.4511072476965,8.5,5.2148702751545));
#3388=CARTESIAN_POINT('',(-16.1314180580047,8.5,4.89230353733214));
#3389=CARTESIAN_POINT('',(-15.9683998795931,8.5,4.73833869659157));
#3390=CARTESIAN_POINT('',(-15.632714234524,8.5,4.45708348922533));
#3391=CARTESIAN_POINT('',(-15.4623504607785,8.5,4.32314081560306));
#3392=CARTESIAN_POINT('',(-15.110280847148,8.5,4.09158315322278));
#3393=CARTESIAN_POINT('',(-14.9303145398751,8.5,3.98913557974134));
#3394=CARTESIAN_POINT('',(-14.7430265855291,8.5,3.89778955031235));
#3395=CARTESIAN_POINT('',(-13.1810474965051,8.5,7.66874065117723));
#3396=CARTESIAN_POINT('',(-13.1810474965051,8.5,7.66874065117724));
#3397=CARTESIAN_POINT('',(-13.3780714759015,8.5,7.73658183688619));
#3398=CARTESIAN_POINT('',(-13.577768246084,8.5,7.79139585921906));
#3399=CARTESIAN_POINT('',(-13.9904550506367,8.5,7.87661067716218));
#3400=CARTESIAN_POINT('',(-14.2056322031292,8.5,7.90236428403753));
#3401=CARTESIAN_POINT('',(-14.6418752634773,8.5,7.9408524156402));
#3402=CARTESIAN_POINT('',(-14.8660161058407,8.5,7.94725409209974));
#3403=CARTESIAN_POINT('',(-15.3201596274433,8.5,7.94521935830349));
#3404=CARTESIAN_POINT('',(-15.5518856049918,8.5,7.93281248621782));
#3405=CARTESIAN_POINT('',(-16.0204441641447,8.5,7.89270437300138));
#3406=CARTESIAN_POINT('',(-16.2584392894325,8.5,7.86196748642609));
#3407=CARTESIAN_POINT('',(-16.7386631401359,8.5,7.78495537958971));
#3408=CARTESIAN_POINT('',(-16.9813225203595,8.5,7.73705219842122));
#3409=CARTESIAN_POINT('',(-17.2225714644345,8.5,7.68038660501202));
#3410=CARTESIAN_POINT('',(-12.1207237077929,8.5,7.9585210183392));
#3411=CARTESIAN_POINT('',(-12.1207237077929,8.5,7.9585210183392));
#3412=CARTESIAN_POINT('',(-12.1522536337863,8.5,7.91077768824152));
#3413=CARTESIAN_POINT('',(-12.187968252017,8.5,7.86729584732477));
#3414=CARTESIAN_POINT('',(-12.2681488873708,8.5,7.78847963009953));
#3415=CARTESIAN_POINT('',(-12.3137479188629,8.5,7.75246716154194));
#3416=CARTESIAN_POINT('',(-12.410395655886,8.5,7.69145667468587));
#3417=CARTESIAN_POINT('',(-12.4639260523528,8.5,7.66547028599554));
#3418=CARTESIAN_POINT('',(-12.5754218980542,8.5,7.62506684301613));
#3419=CARTESIAN_POINT('',(-12.6364024653649,8.5,7.61077711085211));
#3420=CARTESIAN_POINT('',(-12.7643897820326,8.5,7.59416538723991));
#3421=CARTESIAN_POINT('',(-12.8349421393779,8.5,7.59460789008405));
#3422=CARTESIAN_POINT('',(-12.9971610059796,8.5,7.60997530991792));
#3423=CARTESIAN_POINT('',(-13.0898896649231,8.5,7.6325415031127));
#3424=CARTESIAN_POINT('',(-13.1810474965051,8.5,7.66874065117724));
#3425=CARTESIAN_POINT('',(-11.9911148291516,8.5,8.15249441300642));
#3426=AXIS2_PLACEMENT_3D('',#3427,#3428,#3429);
#3427=CARTESIAN_POINT('',(0.,8.5,5.20474889637625E-16));
#3428=DIRECTION('',(0.,-1.,-6.12323399573677E-17));
#3429=DIRECTION('',(-0.826973436493213,-3.44273316826034E-17,0.562240994000443));
#3430=CARTESIAN_POINT('',(-12.1291610258898,8.5,9.24300000476998));
#3431=CARTESIAN_POINT('',(-12.1291610258898,8.5,9.24300000476998));
#3432=CARTESIAN_POINT('',(-12.0608327820219,8.5,9.17263396417333));
#3433=CARTESIAN_POINT('',(-12.0044986165194,8.5,9.0955995623654));
#3434=CARTESIAN_POINT('',(-11.9282224992018,8.5,8.95160972869349));
#3435=CARTESIAN_POINT('',(-11.9008144616107,8.5,8.88659718827895));
#3436=CARTESIAN_POINT('',(-11.8671830674142,8.5,8.76199529457928));
#3437=CARTESIAN_POINT('',(-11.8570488056796,8.5,8.70018815280788));
#3438=CARTESIAN_POINT('',(-11.8517091067638,8.5,8.58171769476556));
#3439=CARTESIAN_POINT('',(-11.8552322035429,8.5,8.52231749668392));
#3440=CARTESIAN_POINT('',(-11.8746130558834,8.5,8.40967892806437));
#3441=CARTESIAN_POINT('',(-11.8904342446151,8.5,8.3537695410909));
#3442=CARTESIAN_POINT('',(-11.932567133793,8.5,8.24953063264998));
#3443=CARTESIAN_POINT('',(-11.9590717239618,8.5,8.19989484772763));
#3444=CARTESIAN_POINT('',(-11.9911148291516,8.5,8.15249441300642));
#3445=CARTESIAN_POINT('',(-13.6865447483073,8.5,12.9724245653071));
#3446=CARTESIAN_POINT('',(-13.6465749562826,8.5,12.7278546198534));
#3447=CARTESIAN_POINT('',(-13.5979700003868,8.5,12.4853348313022));
#3448=CARTESIAN_POINT('',(-13.4853461981577,8.5,12.0121945872357));
#3449=CARTESIAN_POINT('',(-13.4226665871265,8.5,11.78055326489));
#3450=CARTESIAN_POINT('',(-13.2804120543341,8.5,11.3323128918744));
#3451=CARTESIAN_POINT('',(-13.2031968170601,8.5,11.1134780996715));
#3452=CARTESIAN_POINT('',(-13.0312834643354,8.5,10.6931255363272));
#3453=CARTESIAN_POINT('',(-12.9395940995918,8.5,10.4884962151881));
#3454=CARTESIAN_POINT('',(-12.73709271088,8.5,10.1001889508395));
#3455=CARTESIAN_POINT('',(-12.6309547493172,8.5,9.91124666246247));
#3456=CARTESIAN_POINT('',(-12.3942981202948,8.5,9.56258406941757));
#3457=CARTESIAN_POINT('',(-12.2672359215212,8.5,9.39906472894539));
#3458=CARTESIAN_POINT('',(-12.1291610258898,8.5,9.24300000476998));
#3459=CARTESIAN_POINT('',(-9.24300000476999,8.5,12.1291610258898));
#3460=CARTESIAN_POINT('',(-9.24300000476999,8.5,12.1291610258898));
#3461=CARTESIAN_POINT('',(-9.3990647289454,8.5,12.2672359215212));
#3462=CARTESIAN_POINT('',(-9.56258406941758,8.5,12.3942981202948));
#3463=CARTESIAN_POINT('',(-9.91124666246248,8.5,12.6309547493172));
#3464=CARTESIAN_POINT('',(-10.1001889508395,8.5,12.73709271088));
#3465=CARTESIAN_POINT('',(-10.4884962151881,8.5,12.9395940995918));
#3466=CARTESIAN_POINT('',(-10.6931255363272,8.5,13.0312834643354));
#3467=CARTESIAN_POINT('',(-11.1134780996715,8.5,13.2031968170601));
#3468=CARTESIAN_POINT('',(-11.3323128918744,8.5,13.2804120543341));
#3469=CARTESIAN_POINT('',(-11.78055326489,8.5,13.4226665871265));
#3470=CARTESIAN_POINT('',(-12.0121945872357,8.5,13.4853461981577));
#3471=CARTESIAN_POINT('',(-12.4853348313022,8.5,13.5979700003868));
#3472=CARTESIAN_POINT('',(-12.7278546198534,8.5,13.6465749562826));
#3473=CARTESIAN_POINT('',(-12.9724245653071,8.5,13.6865447483073));
#3474=CARTESIAN_POINT('',(-8.15249441300643,8.5,11.9911148291516));
#3475=CARTESIAN_POINT('',(-8.15249441300643,8.5,11.9911148291516));
#3476=CARTESIAN_POINT('',(-8.19989484772764,8.5,11.9590717239618));
#3477=CARTESIAN_POINT('',(-8.24953063264999,8.5,11.932567133793));
#3478=CARTESIAN_POINT('',(-8.35376954109091,8.5,11.890434244615));
#3479=CARTESIAN_POINT('',(-8.40967892806438,8.5,11.8746130558834));
#3480=CARTESIAN_POINT('',(-8.52231749668393,8.5,11.8552322035429));
#3481=CARTESIAN_POINT('',(-8.58171769476557,8.5,11.8517091067637));
#3482=CARTESIAN_POINT('',(-8.70018815280789,8.5,11.8570488056796));
#3483=CARTESIAN_POINT('',(-8.76199529457928,8.5,11.8671830674142));
#3484=CARTESIAN_POINT('',(-8.88659718827896,8.5,11.9008144616107));
#3485=CARTESIAN_POINT('',(-8.9516097286935,8.5,11.9282224992018));
#3486=CARTESIAN_POINT('',(-9.09559956236541,8.5,12.0044986165194));
#3487=CARTESIAN_POINT('',(-9.17263396417333,8.5,12.0608327820218));
#3488=CARTESIAN_POINT('',(-9.24300000476999,8.5,12.1291610258898));
#3489=CARTESIAN_POINT('',(-7.95852101833921,8.5,12.1207237077929));
#3490=AXIS2_PLACEMENT_3D('',#3491,#3492,#3493);
#3491=CARTESIAN_POINT('',(0.,8.5,5.20474889637625E-16));
#3492=DIRECTION('',(0.,-1.,-6.12323399573676E-17));
#3493=DIRECTION('',(-0.548863518506152,-5.11848465244759E-17,0.835911979847787));
#3494=CARTESIAN_POINT('',(-7.66874065117725,8.5,13.1810474965051));
#3495=CARTESIAN_POINT('',(-7.66874065117725,8.5,13.1810474965051));
#3496=CARTESIAN_POINT('',(-7.63254150311271,8.5,13.0898896649231));
#3497=CARTESIAN_POINT('',(-7.60997530991793,8.5,12.9971610059796));
#3498=CARTESIAN_POINT('',(-7.59460789008406,8.5,12.8349421393779));
#3499=CARTESIAN_POINT('',(-7.59416538723991,8.5,12.7643897820326));
#3500=CARTESIAN_POINT('',(-7.61077711085212,8.5,12.6364024653649));
#3501=CARTESIAN_POINT('',(-7.62506684301614,8.5,12.5754218980542));
#3502=CARTESIAN_POINT('',(-7.66547028599554,8.5,12.4639260523528));
#3503=CARTESIAN_POINT('',(-7.69145667468588,8.5,12.410395655886));
#3504=CARTESIAN_POINT('',(-7.75246716154194,8.5,12.3137479188629));
#3505=CARTESIAN_POINT('',(-7.78847963009954,8.5,12.2681488873708));
#3506=CARTESIAN_POINT('',(-7.86729584732477,8.5,12.187968252017));
#3507=CARTESIAN_POINT('',(-7.91077768824153,8.5,12.1522536337863));
#3508=CARTESIAN_POINT('',(-7.95852101833921,8.5,12.1207237077929));
#3509=CARTESIAN_POINT('',(-7.68038660501203,8.5,17.2225714644345));
#3510=CARTESIAN_POINT('',(-7.73705219842123,8.5,16.9813225203595));
#3511=CARTESIAN_POINT('',(-7.78495537958972,8.5,16.7386631401359));
#3512=CARTESIAN_POINT('',(-7.8619674864261,8.5,16.2584392894325));
#3513=CARTESIAN_POINT('',(-7.89270437300139,8.5,16.0204441641447));
#3514=CARTESIAN_POINT('',(-7.93281248621783,8.5,15.5518856049918));
#3515=CARTESIAN_POINT('',(-7.94521935830349,8.5,15.3201596274433));
#3516=CARTESIAN_POINT('',(-7.94725409209975,8.5,14.8660161058407));
#3517=CARTESIAN_POINT('',(-7.94085241564021,8.5,14.6418752634773));
#3518=CARTESIAN_POINT('',(-7.90236428403754,8.5,14.2056322031292));
#3519=CARTESIAN_POINT('',(-7.87661067716219,8.5,13.9904550506367));
#3520=CARTESIAN_POINT('',(-7.79139585921907,8.5,13.577768246084));
#3521=CARTESIAN_POINT('',(-7.73658183688619,8.5,13.3780714759015));
#3522=CARTESIAN_POINT('',(-7.66874065117725,8.5,13.1810474965051));
#3523=CARTESIAN_POINT('',(-3.89778955031235,8.5,14.7430265855291));
#3524=CARTESIAN_POINT('',(-3.89778955031235,8.5,14.7430265855291));
#3525=CARTESIAN_POINT('',(-3.98913557974134,8.5,14.9303145398751));
#3526=CARTESIAN_POINT('',(-4.09158315322278,8.5,15.110280847148));
#3527=CARTESIAN_POINT('',(-4.32314081560306,8.5,15.4623504607785));
#3528=CARTESIAN_POINT('',(-4.45708348922533,8.5,15.632714234524));
#3529=CARTESIAN_POINT('',(-4.73833869659157,8.5,15.9683998795931));
#3530=CARTESIAN_POINT('',(-4.89230353733215,8.5,16.1314180580047));
#3531=CARTESIAN_POINT('',(-5.2148702751545,8.5,16.4511072476965));
#3532=CARTESIAN_POINT('',(-5.38749826864124,8.5,16.6061892744131));
#3533=CARTESIAN_POINT('',(-5.74717992203715,8.5,16.9091494901371));
#3534=CARTESIAN_POINT('',(-5.93720214994744,8.5,17.0557031961875));
#3535=CARTESIAN_POINT('',(-6.33122747424486,8.5,17.34081695453));
#3536=CARTESIAN_POINT('',(-6.53668623176411,8.5,17.47853038356));
#3537=CARTESIAN_POINT('',(-6.74734362143321,8.5,17.6090505225099));
#3538=CARTESIAN_POINT('',(-2.9431217463856,8.5,14.1981701069522));
#3539=CARTESIAN_POINT('',(-2.9431217463856,8.5,14.1981701069522));
#3540=CARTESIAN_POINT('',(-2.99917640333434,8.5,14.186705498964));
#3541=CARTESIAN_POINT('',(-3.05517675664345,8.5,14.1812132431317));
#3542=CARTESIAN_POINT('',(-3.16760450928941,8.5,14.1821780324428));
#3543=CARTESIAN_POINT('',(-3.22531255439737,8.5,14.188956756102));
#3544=CARTESIAN_POINT('',(-3.33679375361217,8.5,14.214156097358));
#3545=CARTESIAN_POINT('',(-3.39302061161491,8.5,14.2336326520378));
#3546=CARTESIAN_POINT('',(-3.50042962869854,8.5,14.2839025720934));
#3547=CARTESIAN_POINT('',(-3.55365376787907,8.5,14.3169179782448));
#3548=CARTESIAN_POINT('',(-3.655900729814,8.5,14.395672415353));
#3549=CARTESIAN_POINT('',(-3.70547588335979,8.5,14.4458733624224));
#3550=CARTESIAN_POINT('',(-3.8093155371964,8.5,14.5714458298067));
#3551=CARTESIAN_POINT('',(-3.85892789251209,8.5,14.6529716015896));
#3552=CARTESIAN_POINT('',(-3.89778955031235,8.5,14.7430265855291));
#3553=CARTESIAN_POINT('',(-2.71431452665737,8.5,14.2436826927019));
#3554=AXIS2_PLACEMENT_3D('',#3555,#3556,#3557);
#3555=CARTESIAN_POINT('',(0.,8.5,5.20474889637625E-16));
#3556=DIRECTION('',(1.54074395550979E-33,-1.,-6.12323399573677E-17));
#3557=DIRECTION('',(-0.187194105286715,-6.01499324747862E-17,0.982322944324272));
#3558=CARTESIAN_POINT('',(-2.04082402963009,8.5,15.1123999933904));
#3559=CARTESIAN_POINT('',(-2.04082402963009,8.5,15.1123999933904));
#3560=CARTESIAN_POINT('',(-2.04226496951567,8.5,15.0143283243337));
#3561=CARTESIAN_POINT('',(-2.05690224697942,8.5,14.9200225059914));
#3562=CARTESIAN_POINT('',(-2.10478307499294,8.5,14.7642709583822));
#3563=CARTESIAN_POINT('',(-2.13137347394251,8.5,14.6989197409532));
#3564=CARTESIAN_POINT('',(-2.19569933102912,8.5,14.5870319100724));
#3565=CARTESIAN_POINT('',(-2.23223757490656,8.5,14.5361616558052));
#3566=CARTESIAN_POINT('',(-2.31223310184569,8.5,14.4486146542403));
#3567=CARTESIAN_POINT('',(-2.35672659033634,8.5,14.4091035769963));
#3568=CARTESIAN_POINT('',(-2.45007841814554,8.5,14.3431604134174));
#3569=CARTESIAN_POINT('',(-2.50079959464504,8.5,14.3148137765951));
#3570=CARTESIAN_POINT('',(-2.6043000853158,8.5,14.2708981892217));
#3571=CARTESIAN_POINT('',(-2.65813946086482,8.5,14.2545419645545));
#3572=CARTESIAN_POINT('',(-2.71431452665737,8.5,14.2436826927019));
#3573=CARTESIAN_POINT('',(-0.50495922398164,8.5,18.8507379811008));
#3574=CARTESIAN_POINT('',(-0.649633379903061,8.5,18.6495380032128));
#3575=CARTESIAN_POINT('',(-0.786751873046341,8.5,18.4436817222432));
#3576=CARTESIAN_POINT('',(-1.04167549379884,8.5,18.0294839929323));
#3577=CARTESIAN_POINT('',(-1.16114946563016,8.5,17.8213676650963));
#3578=CARTESIAN_POINT('',(-1.37751412819912,8.5,17.4038247129433));
#3579=CARTESIAN_POINT('',(-1.47765427583799,8.5,17.1944857295297));
#3580=CARTESIAN_POINT('',(-1.6533273263797,8.5,16.7756904840116));
#3581=CARTESIAN_POINT('',(-1.73318793541382,8.5,16.5661615318317));
#3582=CARTESIAN_POINT('',(-1.86457253006096,8.5,16.1483967268691));
#3583=CARTESIAN_POINT('',(-1.92312403106285,8.5,15.9397434811424));
#3584=CARTESIAN_POINT('',(-2.00232420775654,8.5,15.5258602900598));
#3585=CARTESIAN_POINT('',(-2.02810329987426,8.5,15.3203881131714));
#3586=CARTESIAN_POINT('',(-2.04082402963009,8.5,15.1123999933904));
#3587=CARTESIAN_POINT('',(2.04082402963008,8.5,15.1123999933904));
#3588=CARTESIAN_POINT('',(2.04082402963009,8.5,15.1123999933904));
#3589=CARTESIAN_POINT('',(2.02810329987425,8.5,15.3203881131714));
#3590=CARTESIAN_POINT('',(2.00232420775653,8.5,15.5258602900598));
#3591=CARTESIAN_POINT('',(1.92312403106284,8.5,15.9397434811424));
#3592=CARTESIAN_POINT('',(1.86457253006095,8.5,16.1483967268691));
#3593=CARTESIAN_POINT('',(1.73318793541381,8.5,16.5661615318317));
#3594=CARTESIAN_POINT('',(1.65332732637969,8.5,16.7756904840116));
#3595=CARTESIAN_POINT('',(1.47765427583798,8.5,17.1944857295297));
#3596=CARTESIAN_POINT('',(1.37751412819912,8.5,17.4038247129433));
#3597=CARTESIAN_POINT('',(1.16114946563016,8.5,17.8213676650963));
#3598=CARTESIAN_POINT('',(1.04167549379883,8.5,18.0294839929323));
#3599=CARTESIAN_POINT('',(0.786751873046329,8.5,18.4436817222432));
#3600=CARTESIAN_POINT('',(0.649633379903049,8.5,18.6495380032128));
#3601=CARTESIAN_POINT('',(0.504959223981628,8.5,18.8507379811008));
#3602=CARTESIAN_POINT('',(2.71431452665737,8.5,14.2436826927019));
#3603=CARTESIAN_POINT('',(2.71431452665736,8.5,14.2436826927019));
#3604=CARTESIAN_POINT('',(2.65813946086481,8.5,14.2545419645545));
#3605=CARTESIAN_POINT('',(2.60430008531579,8.5,14.2708981892217));
#3606=CARTESIAN_POINT('',(2.50079959464503,8.5,14.3148137765951));
#3607=CARTESIAN_POINT('',(2.45007841814553,8.5,14.3431604134174));
#3608=CARTESIAN_POINT('',(2.35672659033633,8.5,14.4091035769963));
#3609=CARTESIAN_POINT('',(2.31223310184568,8.5,14.4486146542403));
#3610=CARTESIAN_POINT('',(2.23223757490655,8.5,14.5361616558052));
#3611=CARTESIAN_POINT('',(2.19569933102911,8.5,14.5870319100724));
#3612=CARTESIAN_POINT('',(2.1313734739425,8.5,14.6989197409532));
#3613=CARTESIAN_POINT('',(2.10478307499293,8.5,14.7642709583822));
#3614=CARTESIAN_POINT('',(2.05690224697942,8.5,14.9200225059914));
#3615=CARTESIAN_POINT('',(2.04226496951566,8.5,15.0143283243337));
#3616=CARTESIAN_POINT('',(2.04082402963009,8.5,15.1123999933904));
#3617=CARTESIAN_POINT('',(2.94312174638559,8.5,14.1981701069522));
#3618=AXIS2_PLACEMENT_3D('',#3619,#3620,#3621);
#3619=CARTESIAN_POINT('',(0.,8.5,5.20474889637625E-16));
#3620=DIRECTION('',(-1.54074395550979E-33,-1.,-6.12323399573677E-17));
#3621=DIRECTION('',(0.202973913543834,-5.99577364663059E-17,0.979184145307051));
#3622=CARTESIAN_POINT('',(3.89778955031234,8.5,14.7430265855291));
#3623=CARTESIAN_POINT('',(3.89778955031234,8.5,14.7430265855291));
#3624=CARTESIAN_POINT('',(3.85892789251209,8.5,14.6529716015896));
#3625=CARTESIAN_POINT('',(3.8093155371964,8.5,14.5714458298067));
#3626=CARTESIAN_POINT('',(3.70547588335978,8.5,14.4458733624224));
#3627=CARTESIAN_POINT('',(3.65590072981399,8.5,14.395672415353));
#3628=CARTESIAN_POINT('',(3.55365376787906,8.5,14.3169179782448));
#3629=CARTESIAN_POINT('',(3.50042962869854,8.5,14.2839025720934));
#3630=CARTESIAN_POINT('',(3.3930206116149,8.5,14.2336326520378));
#3631=CARTESIAN_POINT('',(3.33679375361217,8.5,14.214156097358));
#3632=CARTESIAN_POINT('',(3.22531255439736,8.5,14.188956756102));
#3633=CARTESIAN_POINT('',(3.1676045092894,8.5,14.1821780324428));
#3634=CARTESIAN_POINT('',(3.05517675664344,8.5,14.1812132431317));
#3635=CARTESIAN_POINT('',(2.99917640333433,8.5,14.186705498964));
#3636=CARTESIAN_POINT('',(2.94312174638559,8.5,14.1981701069522));
#3637=CARTESIAN_POINT('',(6.7473436214332,8.5,17.6090505225099));
#3638=CARTESIAN_POINT('',(6.5366862317641,8.5,17.47853038356));
#3639=CARTESIAN_POINT('',(6.33122747424485,8.5,17.34081695453));
#3640=CARTESIAN_POINT('',(5.93720214994743,8.5,17.0557031961875));
#3641=CARTESIAN_POINT('',(5.74717992203714,8.5,16.9091494901371));
#3642=CARTESIAN_POINT('',(5.38749826864123,8.5,16.6061892744131));
#3643=CARTESIAN_POINT('',(5.21487027515449,8.5,16.4511072476965));
#3644=CARTESIAN_POINT('',(4.89230353733214,8.5,16.1314180580047));
#3645=CARTESIAN_POINT('',(4.73833869659156,8.5,15.9683998795931));
#3646=CARTESIAN_POINT('',(4.45708348922532,8.5,15.632714234524));
#3647=CARTESIAN_POINT('',(4.32314081560305,8.5,15.4623504607785));
#3648=CARTESIAN_POINT('',(4.09158315322277,8.5,15.110280847148));
#3649=CARTESIAN_POINT('',(3.98913557974134,8.5,14.9303145398751));
#3650=CARTESIAN_POINT('',(3.89778955031234,8.5,14.7430265855291));
#3651=CARTESIAN_POINT('',(7.66874065117724,8.5,13.1810474965051));
#3652=CARTESIAN_POINT('',(7.66874065117724,8.5,13.1810474965051));
#3653=CARTESIAN_POINT('',(7.73658183688619,8.5,13.3780714759015));
#3654=CARTESIAN_POINT('',(7.79139585921906,8.5,13.577768246084));
#3655=CARTESIAN_POINT('',(7.87661067716218,8.5,13.9904550506367));
#3656=CARTESIAN_POINT('',(7.90236428403753,8.5,14.2056322031292));
#3657=CARTESIAN_POINT('',(7.9408524156402,8.5,14.6418752634773));
#3658=CARTESIAN_POINT('',(7.94725409209975,8.5,14.8660161058407));
#3659=CARTESIAN_POINT('',(7.94521935830349,8.5,15.3201596274433));
#3660=CARTESIAN_POINT('',(7.93281248621782,8.5,15.5518856049918));
#3661=CARTESIAN_POINT('',(7.89270437300138,8.5,16.0204441641447));
#3662=CARTESIAN_POINT('',(7.86196748642609,8.5,16.2584392894325));
#3663=CARTESIAN_POINT('',(7.78495537958971,8.5,16.7386631401359));
#3664=CARTESIAN_POINT('',(7.73705219842122,8.5,16.9813225203595));
#3665=CARTESIAN_POINT('',(7.68038660501202,8.5,17.2225714644345));
#3666=CARTESIAN_POINT('',(7.9585210183392,8.5,12.1207237077929));
#3667=CARTESIAN_POINT('',(7.9585210183392,8.5,12.1207237077929));
#3668=CARTESIAN_POINT('',(7.91077768824152,8.5,12.1522536337863));
#3669=CARTESIAN_POINT('',(7.86729584732477,8.5,12.187968252017));
#3670=CARTESIAN_POINT('',(7.78847963009954,8.5,12.2681488873708));
#3671=CARTESIAN_POINT('',(7.75246716154194,8.5,12.3137479188629));
#3672=CARTESIAN_POINT('',(7.69145667468587,8.5,12.410395655886));
#3673=CARTESIAN_POINT('',(7.66547028599554,8.5,12.4639260523528));
#3674=CARTESIAN_POINT('',(7.62506684301613,8.5,12.5754218980542));
#3675=CARTESIAN_POINT('',(7.61077711085211,8.5,12.6364024653649));
#3676=CARTESIAN_POINT('',(7.59416538723991,8.5,12.7643897820326));
#3677=CARTESIAN_POINT('',(7.59460789008405,8.5,12.8349421393779));
#3678=CARTESIAN_POINT('',(7.60997530991792,8.5,12.9971610059796));
#3679=CARTESIAN_POINT('',(7.6325415031127,8.5,13.0898896649231));
#3680=CARTESIAN_POINT('',(7.66874065117724,8.5,13.1810474965051));
#3681=CARTESIAN_POINT('',(8.15249441300642,8.5,11.9911148291516));
#3682=AXIS2_PLACEMENT_3D('',#3683,#3684,#3685);
#3683=CARTESIAN_POINT('',(0.,8.5,5.20474889637625E-16));
#3684=DIRECTION('',(-6.16297582203916E-33,-1.,-6.12323399573677E-17));
#3685=DIRECTION('',(0.562240994000443,-5.0637518599065E-17,0.826973436493213));
#3686=CARTESIAN_POINT('',(9.24300000476998,8.5,12.1291610258898));
#3687=CARTESIAN_POINT('',(9.24300000476999,8.5,12.1291610258898));
#3688=CARTESIAN_POINT('',(9.17263396417333,8.5,12.0608327820219));
#3689=CARTESIAN_POINT('',(9.0955995623654,8.5,12.0044986165194));
#3690=CARTESIAN_POINT('',(8.95160972869349,8.5,11.9282224992018));
#3691=CARTESIAN_POINT('',(8.88659718827895,8.5,11.9008144616107));
#3692=CARTESIAN_POINT('',(8.76199529457928,8.5,11.8671830674142));
#3693=CARTESIAN_POINT('',(8.70018815280788,8.5,11.8570488056796));
#3694=CARTESIAN_POINT('',(8.58171769476556,8.5,11.8517091067638));
#3695=CARTESIAN_POINT('',(8.52231749668392,8.5,11.8552322035429));
#3696=CARTESIAN_POINT('',(8.40967892806437,8.5,11.8746130558834));
#3697=CARTESIAN_POINT('',(8.3537695410909,8.5,11.8904342446151));
#3698=CARTESIAN_POINT('',(8.24953063264998,8.5,11.932567133793));
#3699=CARTESIAN_POINT('',(8.19989484772763,8.5,11.9590717239618));
#3700=CARTESIAN_POINT('',(8.15249441300642,8.5,11.9911148291516));
#3701=CARTESIAN_POINT('',(12.9724245653071,8.5,13.6865447483073));
#3702=CARTESIAN_POINT('',(12.7278546198534,8.5,13.6465749562826));
#3703=CARTESIAN_POINT('',(12.4853348313022,8.5,13.5979700003868));
#3704=CARTESIAN_POINT('',(12.0121945872357,8.5,13.4853461981577));
#3705=CARTESIAN_POINT('',(11.78055326489,8.5,13.4226665871265));
#3706=CARTESIAN_POINT('',(11.3323128918744,8.5,13.2804120543341));
#3707=CARTESIAN_POINT('',(11.1134780996715,8.5,13.2031968170601));
#3708=CARTESIAN_POINT('',(10.6931255363272,8.5,13.0312834643354));
#3709=CARTESIAN_POINT('',(10.4884962151881,8.5,12.9395940995918));
#3710=CARTESIAN_POINT('',(10.1001889508395,8.5,12.73709271088));
#3711=CARTESIAN_POINT('',(9.91124666246247,8.5,12.6309547493172));
#3712=CARTESIAN_POINT('',(9.56258406941757,8.5,12.3942981202948));
#3713=CARTESIAN_POINT('',(9.39906472894539,8.5,12.2672359215212));
#3714=CARTESIAN_POINT('',(9.24300000476999,8.5,12.1291610258898));
#3715=CARTESIAN_POINT('',(12.1291610258898,8.5,9.24300000476999));
#3716=CARTESIAN_POINT('',(12.1291610258898,8.5,9.24300000476999));
#3717=CARTESIAN_POINT('',(12.2672359215212,8.5,9.3990647289454));
#3718=CARTESIAN_POINT('',(12.3942981202948,8.5,9.56258406941758));
#3719=CARTESIAN_POINT('',(12.6309547493172,8.5,9.91124666246248));
#3720=CARTESIAN_POINT('',(12.73709271088,8.5,10.1001889508395));
#3721=CARTESIAN_POINT('',(12.9395940995918,8.5,10.4884962151881));
#3722=CARTESIAN_POINT('',(13.0312834643354,8.5,10.6931255363272));
#3723=CARTESIAN_POINT('',(13.2031968170601,8.5,11.1134780996715));
#3724=CARTESIAN_POINT('',(13.2804120543341,8.5,11.3323128918744));
#3725=CARTESIAN_POINT('',(13.4226665871265,8.5,11.78055326489));
#3726=CARTESIAN_POINT('',(13.4853461981577,8.5,12.0121945872357));
#3727=CARTESIAN_POINT('',(13.5979700003868,8.5,12.4853348313022));
#3728=CARTESIAN_POINT('',(13.6465749562826,8.5,12.7278546198534));
#3729=CARTESIAN_POINT('',(13.6865447483073,8.5,12.9724245653071));
#3730=CARTESIAN_POINT('',(11.9911148291516,8.5,8.15249441300643));
#3731=CARTESIAN_POINT('',(11.9911148291516,8.5,8.15249441300643));
#3732=CARTESIAN_POINT('',(11.9590717239618,8.5,8.19989484772764));
#3733=CARTESIAN_POINT('',(11.932567133793,8.5,8.24953063264999));
#3734=CARTESIAN_POINT('',(11.890434244615,8.5,8.35376954109091));
#3735=CARTESIAN_POINT('',(11.8746130558834,8.5,8.40967892806438));
#3736=CARTESIAN_POINT('',(11.8552322035429,8.5,8.52231749668393));
#3737=CARTESIAN_POINT('',(11.8517091067637,8.5,8.58171769476557));
#3738=CARTESIAN_POINT('',(11.8570488056796,8.5,8.70018815280789));
#3739=CARTESIAN_POINT('',(11.8671830674142,8.5,8.76199529457928));
#3740=CARTESIAN_POINT('',(11.9008144616107,8.5,8.88659718827896));
#3741=CARTESIAN_POINT('',(11.9282224992018,8.5,8.9516097286935));
#3742=CARTESIAN_POINT('',(12.0044986165194,8.5,9.09559956236541));
#3743=CARTESIAN_POINT('',(12.0608327820219,8.5,9.17263396417333));
#3744=CARTESIAN_POINT('',(12.1291610258898,8.5,9.24300000476999));
#3745=CARTESIAN_POINT('',(12.1207237077929,8.5,7.95852101833921));
#3746=AXIS2_PLACEMENT_3D('',#3747,#3748,#3749);
#3747=CARTESIAN_POINT('',(0.,8.5,5.20474889637625E-16));
#3748=DIRECTION('',(0.,-1.,-6.12323399573677E-17));
#3749=DIRECTION('',(0.835911979847787,-3.36081975553657E-17,0.548863518506152));
#3750=CARTESIAN_POINT('',(13.1810474965051,8.5,7.66874065117725));
#3751=CARTESIAN_POINT('',(13.1810474965051,8.5,7.66874065117725));
#3752=CARTESIAN_POINT('',(13.0898896649231,8.5,7.63254150311271));
#3753=CARTESIAN_POINT('',(12.9971610059796,8.5,7.60997530991793));
#3754=CARTESIAN_POINT('',(12.8349421393779,8.5,7.59460789008406));
#3755=CARTESIAN_POINT('',(12.7643897820326,8.5,7.59416538723991));
#3756=CARTESIAN_POINT('',(12.6364024653649,8.5,7.61077711085212));
#3757=CARTESIAN_POINT('',(12.5754218980542,8.5,7.62506684301614));
#3758=CARTESIAN_POINT('',(12.4639260523528,8.5,7.66547028599554));
#3759=CARTESIAN_POINT('',(12.410395655886,8.5,7.69145667468588));
#3760=CARTESIAN_POINT('',(12.3137479188629,8.5,7.75246716154194));
#3761=CARTESIAN_POINT('',(12.2681488873708,8.5,7.78847963009954));
#3762=CARTESIAN_POINT('',(12.187968252017,8.5,7.86729584732477));
#3763=CARTESIAN_POINT('',(12.1522536337863,8.5,7.91077768824153));
#3764=CARTESIAN_POINT('',(12.1207237077929,8.5,7.95852101833921));
#3765=CARTESIAN_POINT('',(17.2225714644345,8.5,7.68038660501203));
#3766=CARTESIAN_POINT('',(16.9813225203595,8.5,7.73705219842123));
#3767=CARTESIAN_POINT('',(16.7386631401359,8.5,7.78495537958972));
#3768=CARTESIAN_POINT('',(16.2584392894325,8.5,7.8619674864261));
#3769=CARTESIAN_POINT('',(16.0204441641447,8.5,7.89270437300139));
#3770=CARTESIAN_POINT('',(15.5518856049918,8.5,7.93281248621783));
#3771=CARTESIAN_POINT('',(15.3201596274433,8.5,7.94521935830349));
#3772=CARTESIAN_POINT('',(14.8660161058407,8.5,7.94725409209975));
#3773=CARTESIAN_POINT('',(14.6418752634773,8.5,7.94085241564021));
#3774=CARTESIAN_POINT('',(14.2056322031292,8.5,7.90236428403754));
#3775=CARTESIAN_POINT('',(13.9904550506367,8.5,7.87661067716219));
#3776=CARTESIAN_POINT('',(13.577768246084,8.5,7.79139585921907));
#3777=CARTESIAN_POINT('',(13.3780714759015,8.5,7.73658183688619));
#3778=CARTESIAN_POINT('',(13.1810474965051,8.5,7.66874065117725));
#3779=CARTESIAN_POINT('',(14.7430265855291,8.5,3.89778955031235));
#3780=CARTESIAN_POINT('',(14.7430265855291,8.5,3.89778955031235));
#3781=CARTESIAN_POINT('',(14.9303145398751,8.5,3.98913557974134));
#3782=CARTESIAN_POINT('',(15.110280847148,8.5,4.09158315322278));
#3783=CARTESIAN_POINT('',(15.4623504607785,8.5,4.32314081560306));
#3784=CARTESIAN_POINT('',(15.632714234524,8.5,4.45708348922533));
#3785=CARTESIAN_POINT('',(15.9683998795931,8.5,4.73833869659157));
#3786=CARTESIAN_POINT('',(16.1314180580047,8.5,4.89230353733215));
#3787=CARTESIAN_POINT('',(16.4511072476966,8.5,5.2148702751545));
#3788=CARTESIAN_POINT('',(16.6061892744131,8.5,5.38749826864124));
#3789=CARTESIAN_POINT('',(16.9091494901371,8.5,5.74717992203715));
#3790=CARTESIAN_POINT('',(17.0557031961875,8.5,5.93720214994744));
#3791=CARTESIAN_POINT('',(17.34081695453,8.5,6.33122747424486));
#3792=CARTESIAN_POINT('',(17.47853038356,8.5,6.53668623176411));
#3793=CARTESIAN_POINT('',(17.6090505225099,8.5,6.74734362143321));
#3794=CARTESIAN_POINT('',(14.1981701069522,8.5,2.9431217463856));
#3795=CARTESIAN_POINT('',(14.1981701069522,8.5,2.9431217463856));
#3796=CARTESIAN_POINT('',(14.186705498964,8.5,2.99917640333434));
#3797=CARTESIAN_POINT('',(14.1812132431317,8.5,3.05517675664345));
#3798=CARTESIAN_POINT('',(14.1821780324428,8.5,3.16760450928941));
#3799=CARTESIAN_POINT('',(14.188956756102,8.5,3.22531255439737));
#3800=CARTESIAN_POINT('',(14.214156097358,8.5,3.33679375361217));
#3801=CARTESIAN_POINT('',(14.2336326520378,8.5,3.39302061161491));
#3802=CARTESIAN_POINT('',(14.2839025720934,8.5,3.50042962869854));
#3803=CARTESIAN_POINT('',(14.3169179782448,8.5,3.55365376787907));
#3804=CARTESIAN_POINT('',(14.395672415353,8.5,3.655900729814));
#3805=CARTESIAN_POINT('',(14.4458733624224,8.5,3.70547588335979));
#3806=CARTESIAN_POINT('',(14.5714458298067,8.5,3.8093155371964));
#3807=CARTESIAN_POINT('',(14.6529716015896,8.5,3.85892789251209));
#3808=CARTESIAN_POINT('',(14.7430265855291,8.5,3.89778955031235));
#3809=CARTESIAN_POINT('',(14.2436826927019,8.5,2.71431452665737));
#3810=AXIS2_PLACEMENT_3D('',#3811,#3812,#3813);
#3811=CARTESIAN_POINT('',(0.,8.5,5.20474889637625E-16));
#3812=DIRECTION('',(1.54074395550979E-33,-1.,-6.12323399573677E-17));
#3813=DIRECTION('',(0.982322944324272,-1.14623330929314E-17,0.187194105286715));
#3814=CARTESIAN_POINT('',(15.1123999933904,8.5,2.04082402963009));
#3815=CARTESIAN_POINT('',(15.1123999933904,8.5,2.04082402963009));
#3816=CARTESIAN_POINT('',(15.0143283243337,8.5,2.04226496951566));
#3817=CARTESIAN_POINT('',(14.9200225059914,8.5,2.05690224697942));
#3818=CARTESIAN_POINT('',(14.7642709583822,8.5,2.10478307499294));
#3819=CARTESIAN_POINT('',(14.6989197409532,8.5,2.13137347394251));
#3820=CARTESIAN_POINT('',(14.5870319100724,8.5,2.19569933102912));
#3821=CARTESIAN_POINT('',(14.5361616558052,8.5,2.23223757490656));
#3822=CARTESIAN_POINT('',(14.4486146542403,8.5,2.31223310184569));
#3823=CARTESIAN_POINT('',(14.4091035769963,8.5,2.35672659033634));
#3824=CARTESIAN_POINT('',(14.3431604134174,8.5,2.45007841814554));
#3825=CARTESIAN_POINT('',(14.3148137765951,8.5,2.50079959464504));
#3826=CARTESIAN_POINT('',(14.2708981892217,8.5,2.6043000853158));
#3827=CARTESIAN_POINT('',(14.2545419645545,8.5,2.65813946086482));
#3828=CARTESIAN_POINT('',(14.2436826927019,8.5,2.71431452665737));
#3829=CARTESIAN_POINT('',(18.8507379811008,8.5,0.504959223981639));
#3830=CARTESIAN_POINT('',(18.6495380032128,8.5,0.649633379903059));
#3831=CARTESIAN_POINT('',(18.4436817222432,8.5,0.78675187304634));
#3832=CARTESIAN_POINT('',(18.0294839929323,8.5,1.04167549379884));
#3833=CARTESIAN_POINT('',(17.8213676650963,8.5,1.16114946563016));
#3834=CARTESIAN_POINT('',(17.4038247129433,8.5,1.37751412819912));
#3835=CARTESIAN_POINT('',(17.1944857295297,8.5,1.47765427583799));
#3836=CARTESIAN_POINT('',(16.7756904840116,8.5,1.65332732637969));
#3837=CARTESIAN_POINT('',(16.5661615318317,8.5,1.73318793541382));
#3838=CARTESIAN_POINT('',(16.1483967268691,8.5,1.86457253006096));
#3839=CARTESIAN_POINT('',(15.9397434811424,8.5,1.92312403106285));
#3840=CARTESIAN_POINT('',(15.5258602900598,8.5,2.00232420775654));
#3841=CARTESIAN_POINT('',(15.3203881131714,8.5,2.02810329987426));
#3842=CARTESIAN_POINT('',(15.1123999933904,8.5,2.04082402963009));
#3843=CARTESIAN_POINT('',(15.1123999933904,8.5,-2.04082402963009));
#3844=CARTESIAN_POINT('',(15.1123999933904,8.5,-2.04082402963009));
#3845=CARTESIAN_POINT('',(15.3203881131714,8.5,-2.02810329987425));
#3846=CARTESIAN_POINT('',(15.5258602900598,8.5,-2.00232420775654));
#3847=CARTESIAN_POINT('',(15.9397434811424,8.5,-1.92312403106284));
#3848=CARTESIAN_POINT('',(16.1483967268691,8.5,-1.86457253006096));
#3849=CARTESIAN_POINT('',(16.5661615318317,8.5,-1.73318793541381));
#3850=CARTESIAN_POINT('',(16.7756904840116,8.5,-1.65332732637969));
#3851=CARTESIAN_POINT('',(17.1944857295297,8.5,-1.47765427583798));
#3852=CARTESIAN_POINT('',(17.4038247129433,8.5,-1.37751412819912));
#3853=CARTESIAN_POINT('',(17.8213676650963,8.5,-1.16114946563016));
#3854=CARTESIAN_POINT('',(18.0294839929323,8.5,-1.04167549379883));
#3855=CARTESIAN_POINT('',(18.4436817222432,8.5,-0.786751873046331));
#3856=CARTESIAN_POINT('',(18.6495380032128,8.5,-0.649633379903051));
#3857=CARTESIAN_POINT('',(18.8507379811008,8.5,-0.50495922398163));
#3858=CARTESIAN_POINT('',(14.2436826927019,8.5,-2.71431452665737));
#3859=CARTESIAN_POINT('',(14.2436826927019,8.5,-2.71431452665737));
#3860=CARTESIAN_POINT('',(14.2545419645545,8.5,-2.65813946086482));
#3861=CARTESIAN_POINT('',(14.2708981892217,8.5,-2.6043000853158));
#3862=CARTESIAN_POINT('',(14.3148137765951,8.5,-2.50079959464503));
#3863=CARTESIAN_POINT('',(14.3431604134174,8.5,-2.45007841814553));
#3864=CARTESIAN_POINT('',(14.4091035769963,8.5,-2.35672659033633));
#3865=CARTESIAN_POINT('',(14.4486146542403,8.5,-2.31223310184569));
#3866=CARTESIAN_POINT('',(14.5361616558052,8.5,-2.23223757490655));
#3867=CARTESIAN_POINT('',(14.5870319100724,8.5,-2.19569933102911));
#3868=CARTESIAN_POINT('',(14.6989197409532,8.5,-2.1313734739425));
#3869=CARTESIAN_POINT('',(14.7642709583822,8.5,-2.10478307499293));
#3870=CARTESIAN_POINT('',(14.9200225059914,8.5,-2.05690224697942));
#3871=CARTESIAN_POINT('',(15.0143283243337,8.5,-2.04226496951566));
#3872=CARTESIAN_POINT('',(15.1123999933904,8.5,-2.04082402963009));
#3873=CARTESIAN_POINT('',(14.1981701069522,8.5,-2.9431217463856));
#3874=AXIS2_PLACEMENT_3D('',#3875,#3876,#3877);
#3875=CARTESIAN_POINT('',(0.,8.5,5.20474889637625E-16));
#3876=DIRECTION('',(1.54074395550979E-33,-1.,-6.12323399573677E-17));
#3877=DIRECTION('',(0.979184145307051,1.24285676765934E-17,-0.202973913543834));
#3878=CARTESIAN_POINT('',(14.7430265855291,8.5,-3.89778955031234));
#3879=CARTESIAN_POINT('',(14.7430265855291,8.5,-3.89778955031234));
#3880=CARTESIAN_POINT('',(14.6529716015896,8.5,-3.85892789251209));
#3881=CARTESIAN_POINT('',(14.5714458298067,8.5,-3.8093155371964));
#3882=CARTESIAN_POINT('',(14.4458733624224,8.5,-3.70547588335978));
#3883=CARTESIAN_POINT('',(14.395672415353,8.5,-3.65590072981399));
#3884=CARTESIAN_POINT('',(14.3169179782448,8.5,-3.55365376787906));
#3885=CARTESIAN_POINT('',(14.2839025720934,8.5,-3.50042962869854));
#3886=CARTESIAN_POINT('',(14.2336326520378,8.5,-3.3930206116149));
#3887=CARTESIAN_POINT('',(14.214156097358,8.5,-3.33679375361217));
#3888=CARTESIAN_POINT('',(14.188956756102,8.5,-3.22531255439736));
#3889=CARTESIAN_POINT('',(14.1821780324428,8.5,-3.1676045092894));
#3890=CARTESIAN_POINT('',(14.1812132431317,8.5,-3.05517675664344));
#3891=CARTESIAN_POINT('',(14.186705498964,8.5,-2.99917640333433));
#3892=CARTESIAN_POINT('',(14.1981701069522,8.5,-2.9431217463856));
#3893=CARTESIAN_POINT('',(17.6090505225099,8.5,-6.7473436214332));
#3894=CARTESIAN_POINT('',(17.47853038356,8.5,-6.5366862317641));
#3895=CARTESIAN_POINT('',(17.34081695453,8.5,-6.33122747424485));
#3896=CARTESIAN_POINT('',(17.0557031961875,8.5,-5.93720214994743));
#3897=CARTESIAN_POINT('',(16.9091494901371,8.5,-5.74717992203714));
#3898=CARTESIAN_POINT('',(16.6061892744131,8.5,-5.38749826864123));
#3899=CARTESIAN_POINT('',(16.4511072476965,8.5,-5.21487027515449));
#3900=CARTESIAN_POINT('',(16.1314180580047,8.5,-4.89230353733214));
#3901=CARTESIAN_POINT('',(15.9683998795931,8.5,-4.73833869659157));
#3902=CARTESIAN_POINT('',(15.632714234524,8.5,-4.45708348922532));
#3903=CARTESIAN_POINT('',(15.4623504607785,8.5,-4.32314081560305));
#3904=CARTESIAN_POINT('',(15.110280847148,8.5,-4.09158315322277));
#3905=CARTESIAN_POINT('',(14.9303145398751,8.5,-3.98913557974134));
#3906=CARTESIAN_POINT('',(14.7430265855291,8.5,-3.89778955031234));
#3907=CARTESIAN_POINT('',(13.1810474965051,8.5,-7.66874065117724));
#3908=CARTESIAN_POINT('',(13.1810474965051,8.5,-7.66874065117724));
#3909=CARTESIAN_POINT('',(13.3780714759015,8.5,-7.73658183688619));
#3910=CARTESIAN_POINT('',(13.577768246084,8.5,-7.79139585921906));
#3911=CARTESIAN_POINT('',(13.9904550506367,8.5,-7.87661067716218));
#3912=CARTESIAN_POINT('',(14.2056322031292,8.5,-7.90236428403753));
#3913=CARTESIAN_POINT('',(14.6418752634773,8.5,-7.9408524156402));
#3914=CARTESIAN_POINT('',(14.8660161058407,8.5,-7.94725409209974));
#3915=CARTESIAN_POINT('',(15.3201596274433,8.5,-7.94521935830349));
#3916=CARTESIAN_POINT('',(15.5518856049918,8.5,-7.93281248621782));
#3917=CARTESIAN_POINT('',(16.0204441641447,8.5,-7.89270437300138));
#3918=CARTESIAN_POINT('',(16.2584392894325,8.5,-7.86196748642609));
#3919=CARTESIAN_POINT('',(16.7386631401359,8.5,-7.78495537958971));
#3920=CARTESIAN_POINT('',(16.9813225203595,8.5,-7.73705219842122));
#3921=CARTESIAN_POINT('',(17.2225714644345,8.5,-7.68038660501202));
#3922=CARTESIAN_POINT('',(12.1207237077929,8.5,-7.95852101833921));
#3923=CARTESIAN_POINT('',(12.1207237077929,8.5,-7.9585210183392));
#3924=CARTESIAN_POINT('',(12.1522536337863,8.5,-7.91077768824152));
#3925=CARTESIAN_POINT('',(12.187968252017,8.5,-7.86729584732477));
#3926=CARTESIAN_POINT('',(12.2681488873708,8.5,-7.78847963009953));
#3927=CARTESIAN_POINT('',(12.3137479188629,8.5,-7.75246716154193));
#3928=CARTESIAN_POINT('',(12.410395655886,8.5,-7.69145667468587));
#3929=CARTESIAN_POINT('',(12.4639260523528,8.5,-7.66547028599554));
#3930=CARTESIAN_POINT('',(12.5754218980542,8.5,-7.62506684301613));
#3931=CARTESIAN_POINT('',(12.6364024653649,8.5,-7.61077711085211));
#3932=CARTESIAN_POINT('',(12.7643897820326,8.5,-7.59416538723991));
#3933=CARTESIAN_POINT('',(12.8349421393779,8.5,-7.59460789008405));
#3934=CARTESIAN_POINT('',(12.9971610059796,8.5,-7.60997530991792));
#3935=CARTESIAN_POINT('',(13.0898896649231,8.5,-7.6325415031127));
#3936=CARTESIAN_POINT('',(13.1810474965051,8.5,-7.66874065117724));
#3937=CARTESIAN_POINT('',(11.9911148291516,8.5,-8.15249441300642));
#3938=AXIS2_PLACEMENT_3D('',#3939,#3940,#3941);
#3939=CARTESIAN_POINT('',(0.,8.5,5.20474889637625E-16));
#3940=DIRECTION('',(0.,-1.,-6.12323399573676E-17));
#3941=DIRECTION('',(0.826973436493213,3.44273316826034E-17,-0.562240994000443));
#3942=CARTESIAN_POINT('',(12.1291610258898,8.5,-9.24300000476999));
#3943=CARTESIAN_POINT('',(12.1291610258898,8.5,-9.24300000476999));
#3944=CARTESIAN_POINT('',(12.0608327820219,8.5,-9.17263396417333));
#3945=CARTESIAN_POINT('',(12.0044986165194,8.5,-9.0955995623654));
#3946=CARTESIAN_POINT('',(11.9282224992018,8.5,-8.95160972869349));
#3947=CARTESIAN_POINT('',(11.9008144616107,8.5,-8.88659718827895));
#3948=CARTESIAN_POINT('',(11.8671830674142,8.5,-8.76199529457928));
#3949=CARTESIAN_POINT('',(11.8570488056796,8.5,-8.70018815280788));
#3950=CARTESIAN_POINT('',(11.8517091067638,8.5,-8.58171769476557));
#3951=CARTESIAN_POINT('',(11.8552322035429,8.5,-8.52231749668392));
#3952=CARTESIAN_POINT('',(11.8746130558834,8.5,-8.40967892806437));
#3953=CARTESIAN_POINT('',(11.8904342446151,8.5,-8.3537695410909));
#3954=CARTESIAN_POINT('',(11.932567133793,8.5,-8.24953063264998));
#3955=CARTESIAN_POINT('',(11.9590717239618,8.5,-8.19989484772763));
#3956=CARTESIAN_POINT('',(11.9911148291516,8.5,-8.15249441300642));
#3957=CARTESIAN_POINT('',(13.6865447483073,8.5,-12.9724245653071));
#3958=CARTESIAN_POINT('',(13.6465749562826,8.5,-12.7278546198534));
#3959=CARTESIAN_POINT('',(13.5979700003868,8.5,-12.4853348313022));
#3960=CARTESIAN_POINT('',(13.4853461981577,8.5,-12.0121945872357));
#3961=CARTESIAN_POINT('',(13.4226665871265,8.5,-11.78055326489));
#3962=CARTESIAN_POINT('',(13.2804120543341,8.5,-11.3323128918744));
#3963=CARTESIAN_POINT('',(13.2031968170601,8.5,-11.1134780996715));
#3964=CARTESIAN_POINT('',(13.0312834643354,8.5,-10.6931255363272));
#3965=CARTESIAN_POINT('',(12.9395940995918,8.5,-10.4884962151881));
#3966=CARTESIAN_POINT('',(12.73709271088,8.5,-10.1001889508395));
#3967=CARTESIAN_POINT('',(12.6309547493172,8.5,-9.91124666246247));
#3968=CARTESIAN_POINT('',(12.3942981202948,8.5,-9.56258406941757));
#3969=CARTESIAN_POINT('',(12.2672359215212,8.5,-9.39906472894539));
#3970=CARTESIAN_POINT('',(12.1291610258898,8.5,-9.24300000476999));
#3971=CARTESIAN_POINT('',(9.24300000476999,8.5,-12.1291610258898));
#3972=CARTESIAN_POINT('',(9.24300000476999,8.5,-12.1291610258898));
#3973=CARTESIAN_POINT('',(9.3990647289454,8.5,-12.2672359215212));
#3974=CARTESIAN_POINT('',(9.56258406941757,8.5,-12.3942981202948));
#3975=CARTESIAN_POINT('',(9.91124666246248,8.5,-12.6309547493172));
#3976=CARTESIAN_POINT('',(10.1001889508395,8.5,-12.73709271088));
#3977=CARTESIAN_POINT('',(10.4884962151881,8.5,-12.9395940995918));
#3978=CARTESIAN_POINT('',(10.6931255363272,8.5,-13.0312834643354));
#3979=CARTESIAN_POINT('',(11.1134780996715,8.5,-13.2031968170601));
#3980=CARTESIAN_POINT('',(11.3323128918744,8.5,-13.2804120543341));
#3981=CARTESIAN_POINT('',(11.78055326489,8.5,-13.4226665871265));
#3982=CARTESIAN_POINT('',(12.0121945872357,8.5,-13.4853461981577));
#3983=CARTESIAN_POINT('',(12.4853348313022,8.5,-13.5979700003868));
#3984=CARTESIAN_POINT('',(12.7278546198534,8.5,-13.6465749562826));
#3985=CARTESIAN_POINT('',(12.9724245653071,8.5,-13.6865447483073));
#3986=CARTESIAN_POINT('',(8.15249441300643,8.5,-11.9911148291516));
#3987=CARTESIAN_POINT('',(8.15249441300643,8.5,-11.9911148291516));
#3988=CARTESIAN_POINT('',(8.19989484772764,8.5,-11.9590717239618));
#3989=CARTESIAN_POINT('',(8.24953063264998,8.5,-11.932567133793));
#3990=CARTESIAN_POINT('',(8.35376954109091,8.5,-11.890434244615));
#3991=CARTESIAN_POINT('',(8.40967892806437,8.5,-11.8746130558834));
#3992=CARTESIAN_POINT('',(8.52231749668393,8.5,-11.8552322035429));
#3993=CARTESIAN_POINT('',(8.58171769476557,8.5,-11.8517091067637));
#3994=CARTESIAN_POINT('',(8.70018815280788,8.5,-11.8570488056796));
#3995=CARTESIAN_POINT('',(8.76199529457928,8.5,-11.8671830674142));
#3996=CARTESIAN_POINT('',(8.88659718827895,8.5,-11.9008144616107));
#3997=CARTESIAN_POINT('',(8.9516097286935,8.5,-11.9282224992018));
#3998=CARTESIAN_POINT('',(9.09559956236541,8.5,-12.0044986165194));
#3999=CARTESIAN_POINT('',(9.17263396417333,8.5,-12.0608327820219));
#4000=CARTESIAN_POINT('',(9.24300000476999,8.5,-12.1291610258898));
#4001=CARTESIAN_POINT('',(7.95852101833921,8.5,-12.1207237077929));
#4002=AXIS2_PLACEMENT_3D('',#4003,#4004,#4005);
#4003=CARTESIAN_POINT('',(0.,8.5,5.20474889637625E-16));
#4004=DIRECTION('',(0.,-1.,-6.12323399573676E-17));
#4005=DIRECTION('',(0.548863518506152,5.11848465244759E-17,-0.835911979847787));
#4006=CARTESIAN_POINT('',(7.66874065117724,8.5,-13.1810474965051));
#4007=CARTESIAN_POINT('',(7.66874065117724,8.5,-13.1810474965051));
#4008=CARTESIAN_POINT('',(7.63254150311271,8.5,-13.0898896649231));
#4009=CARTESIAN_POINT('',(7.60997530991793,8.5,-12.9971610059796));
#4010=CARTESIAN_POINT('',(7.59460789008406,8.5,-12.8349421393779));
#4011=CARTESIAN_POINT('',(7.59416538723991,8.5,-12.7643897820326));
#4012=CARTESIAN_POINT('',(7.61077711085212,8.5,-12.6364024653649));
#4013=CARTESIAN_POINT('',(7.62506684301614,8.5,-12.5754218980542));
#4014=CARTESIAN_POINT('',(7.66547028599554,8.5,-12.4639260523528));
#4015=CARTESIAN_POINT('',(7.69145667468588,8.5,-12.410395655886));
#4016=CARTESIAN_POINT('',(7.75246716154194,8.5,-12.3137479188629));
#4017=CARTESIAN_POINT('',(7.78847963009954,8.5,-12.2681488873708));
#4018=CARTESIAN_POINT('',(7.86729584732477,8.5,-12.187968252017));
#4019=CARTESIAN_POINT('',(7.91077768824152,8.5,-12.1522536337863));
#4020=CARTESIAN_POINT('',(7.95852101833921,8.5,-12.1207237077929));
#4021=CARTESIAN_POINT('',(7.68038660501203,8.5,-17.2225714644345));
#4022=CARTESIAN_POINT('',(7.73705219842123,8.5,-16.9813225203595));
#4023=CARTESIAN_POINT('',(7.78495537958971,8.5,-16.7386631401359));
#4024=CARTESIAN_POINT('',(7.8619674864261,8.5,-16.2584392894325));
#4025=CARTESIAN_POINT('',(7.89270437300139,8.5,-16.0204441641447));
#4026=CARTESIAN_POINT('',(7.93281248621783,8.5,-15.5518856049918));
#4027=CARTESIAN_POINT('',(7.94521935830349,8.5,-15.3201596274433));
#4028=CARTESIAN_POINT('',(7.94725409209975,8.5,-14.8660161058407));
#4029=CARTESIAN_POINT('',(7.94085241564021,8.5,-14.6418752634773));
#4030=CARTESIAN_POINT('',(7.90236428403754,8.5,-14.2056322031292));
#4031=CARTESIAN_POINT('',(7.87661067716219,8.5,-13.9904550506367));
#4032=CARTESIAN_POINT('',(7.79139585921907,8.5,-13.577768246084));
#4033=CARTESIAN_POINT('',(7.73658183688619,8.5,-13.3780714759015));
#4034=CARTESIAN_POINT('',(7.66874065117724,8.5,-13.1810474965051));
#4035=CARTESIAN_POINT('',(3.89778955031235,8.5,-14.7430265855291));
#4036=CARTESIAN_POINT('',(3.89778955031235,8.5,-14.7430265855291));
#4037=CARTESIAN_POINT('',(3.98913557974134,8.5,-14.9303145398751));
#4038=CARTESIAN_POINT('',(4.09158315322278,8.5,-15.110280847148));
#4039=CARTESIAN_POINT('',(4.32314081560306,8.5,-15.4623504607785));
#4040=CARTESIAN_POINT('',(4.45708348922533,8.5,-15.632714234524));
#4041=CARTESIAN_POINT('',(4.73833869659157,8.5,-15.9683998795931));
#4042=CARTESIAN_POINT('',(4.89230353733214,8.5,-16.1314180580047));
#4043=CARTESIAN_POINT('',(5.2148702751545,8.5,-16.4511072476965));
#4044=CARTESIAN_POINT('',(5.38749826864124,8.5,-16.6061892744131));
#4045=CARTESIAN_POINT('',(5.74717992203714,8.5,-16.9091494901371));
#4046=CARTESIAN_POINT('',(5.93720214994744,8.5,-17.0557031961875));
#4047=CARTESIAN_POINT('',(6.33122747424486,8.5,-17.34081695453));
#4048=CARTESIAN_POINT('',(6.53668623176411,8.5,-17.47853038356));
#4049=CARTESIAN_POINT('',(6.7473436214332,8.5,-17.6090505225099));
#4050=CARTESIAN_POINT('',(2.9431217463856,8.5,-14.1981701069522));
#4051=CARTESIAN_POINT('',(2.9431217463856,8.5,-14.1981701069522));
#4052=CARTESIAN_POINT('',(2.99917640333434,8.5,-14.186705498964));
#4053=CARTESIAN_POINT('',(3.05517675664344,8.5,-14.1812132431317));
#4054=CARTESIAN_POINT('',(3.1676045092894,8.5,-14.1821780324428));
#4055=CARTESIAN_POINT('',(3.22531255439736,8.5,-14.188956756102));
#4056=CARTESIAN_POINT('',(3.33679375361217,8.5,-14.214156097358));
#4057=CARTESIAN_POINT('',(3.39302061161491,8.5,-14.2336326520378));
#4058=CARTESIAN_POINT('',(3.50042962869854,8.5,-14.2839025720934));
#4059=CARTESIAN_POINT('',(3.55365376787906,8.5,-14.3169179782448));
#4060=CARTESIAN_POINT('',(3.65590072981399,8.5,-14.395672415353));
#4061=CARTESIAN_POINT('',(3.70547588335978,8.5,-14.4458733624224));
#4062=CARTESIAN_POINT('',(3.8093155371964,8.5,-14.5714458298067));
#4063=CARTESIAN_POINT('',(3.85892789251209,8.5,-14.6529716015896));
#4064=CARTESIAN_POINT('',(3.89778955031235,8.5,-14.7430265855291));
#4065=CARTESIAN_POINT('',(2.71431452665737,8.5,-14.2436826927019));
#4066=AXIS2_PLACEMENT_3D('',#4067,#4068,#4069);
#4067=CARTESIAN_POINT('',(0.,8.5,5.20474889637625E-16));
#4068=DIRECTION('',(0.,-1.,-6.12323399573677E-17));
#4069=DIRECTION('',(0.187194105286715,6.01499324747861E-17,-0.982322944324272));
#4070=CARTESIAN_POINT('',(2.04082402963009,8.5,-15.1123999933904));
#4071=CARTESIAN_POINT('',(2.04082402963009,8.5,-15.1123999933904));
#4072=CARTESIAN_POINT('',(2.04226496951566,8.5,-15.0143283243337));
#4073=CARTESIAN_POINT('',(2.05690224697942,8.5,-14.9200225059914));
#4074=CARTESIAN_POINT('',(2.10478307499293,8.5,-14.7642709583822));
#4075=CARTESIAN_POINT('',(2.13137347394251,8.5,-14.6989197409532));
#4076=CARTESIAN_POINT('',(2.19569933102912,8.5,-14.5870319100724));
#4077=CARTESIAN_POINT('',(2.23223757490656,8.5,-14.5361616558052));
#4078=CARTESIAN_POINT('',(2.31223310184569,8.5,-14.4486146542403));
#4079=CARTESIAN_POINT('',(2.35672659033634,8.5,-14.4091035769963));
#4080=CARTESIAN_POINT('',(2.45007841814553,8.5,-14.3431604134174));
#4081=CARTESIAN_POINT('',(2.50079959464503,8.5,-14.3148137765951));
#4082=CARTESIAN_POINT('',(2.6043000853158,8.5,-14.2708981892217));
#4083=CARTESIAN_POINT('',(2.65813946086482,8.5,-14.2545419645545));
#4084=CARTESIAN_POINT('',(2.71431452665737,8.5,-14.2436826927019));
#4085=CARTESIAN_POINT('',(0.504959223981635,8.5,-18.8507379811008));
#4086=CARTESIAN_POINT('',(0.649633379903055,8.5,-18.6495380032128));
#4087=CARTESIAN_POINT('',(0.786751873046336,8.5,-18.4436817222432));
#4088=CARTESIAN_POINT('',(1.04167549379883,8.5,-18.0294839929323));
#4089=CARTESIAN_POINT('',(1.16114946563016,8.5,-17.8213676650963));
#4090=CARTESIAN_POINT('',(1.37751412819912,8.5,-17.4038247129433));
#4091=CARTESIAN_POINT('',(1.47765427583798,8.5,-17.1944857295297));
#4092=CARTESIAN_POINT('',(1.65332732637969,8.5,-16.7756904840116));
#4093=CARTESIAN_POINT('',(1.73318793541381,8.5,-16.5661615318317));
#4094=CARTESIAN_POINT('',(1.86457253006096,8.5,-16.1483967268691));
#4095=CARTESIAN_POINT('',(1.92312403106285,8.5,-15.9397434811424));
#4096=CARTESIAN_POINT('',(2.00232420775654,8.5,-15.5258602900598));
#4097=CARTESIAN_POINT('',(2.02810329987426,8.5,-15.3203881131714));
#4098=CARTESIAN_POINT('',(2.04082402963009,8.5,-15.1123999933904));
#4099=CARTESIAN_POINT('',(-2.04082402963009,8.5,-15.1123999933904));
#4100=CARTESIAN_POINT('',(-2.04082402963009,8.5,-15.1123999933904));
#4101=CARTESIAN_POINT('',(-2.02810329987425,8.5,-15.3203881131714));
#4102=CARTESIAN_POINT('',(-2.00232420775654,8.5,-15.5258602900598));
#4103=CARTESIAN_POINT('',(-1.92312403106285,8.5,-15.9397434811424));
#4104=CARTESIAN_POINT('',(-1.86457253006096,8.5,-16.1483967268691));
#4105=CARTESIAN_POINT('',(-1.73318793541381,8.5,-16.5661615318317));
#4106=CARTESIAN_POINT('',(-1.65332732637969,8.5,-16.7756904840116));
#4107=CARTESIAN_POINT('',(-1.47765427583798,8.5,-17.1944857295297));
#4108=CARTESIAN_POINT('',(-1.37751412819912,8.5,-17.4038247129433));
#4109=CARTESIAN_POINT('',(-1.16114946563016,8.5,-17.8213676650963));
#4110=CARTESIAN_POINT('',(-1.04167549379883,8.5,-18.0294839929323));
#4111=CARTESIAN_POINT('',(-0.786751873046334,8.5,-18.4436817222432));
#4112=CARTESIAN_POINT('',(-0.649633379903053,8.5,-18.6495380032128));
#4113=CARTESIAN_POINT('',(-0.504959223981633,8.5,-18.8507379811008));
#4114=CARTESIAN_POINT('',(-2.71431452665737,8.5,-14.2436826927019));
#4115=CARTESIAN_POINT('',(-2.71431452665737,8.5,-14.2436826927019));
#4116=CARTESIAN_POINT('',(-2.65813946086482,8.5,-14.2545419645545));
#4117=CARTESIAN_POINT('',(-2.6043000853158,8.5,-14.2708981892217));
#4118=CARTESIAN_POINT('',(-2.50079959464503,8.5,-14.3148137765951));
#4119=CARTESIAN_POINT('',(-2.45007841814553,8.5,-14.3431604134174));
#4120=CARTESIAN_POINT('',(-2.35672659033634,8.5,-14.4091035769963));
#4121=CARTESIAN_POINT('',(-2.31223310184569,8.5,-14.4486146542403));
#4122=CARTESIAN_POINT('',(-2.23223757490655,8.5,-14.5361616558052));
#4123=CARTESIAN_POINT('',(-2.19569933102912,8.5,-14.5870319100724));
#4124=CARTESIAN_POINT('',(-2.1313734739425,8.5,-14.6989197409532));
#4125=CARTESIAN_POINT('',(-2.10478307499293,8.5,-14.7642709583822));
#4126=CARTESIAN_POINT('',(-2.05690224697942,8.5,-14.9200225059914));
#4127=CARTESIAN_POINT('',(-2.04226496951566,8.5,-15.0143283243337));
#4128=CARTESIAN_POINT('',(-2.04082402963009,8.5,-15.1123999933904));
#4129=CARTESIAN_POINT('',(-2.9431217463856,8.5,-14.1981701069522));
#4130=AXIS2_PLACEMENT_3D('',#4131,#4132,#4133);
#4131=CARTESIAN_POINT('',(0.,8.5,5.20474889637625E-16));
#4132=DIRECTION('',(0.,-1.,-6.12323399573677E-17));
#4133=DIRECTION('',(-0.202973913543834,5.99577364663058E-17,-0.979184145307051));
#4134=CARTESIAN_POINT('',(-3.89778955031235,8.5,-14.7430265855291));
#4135=CARTESIAN_POINT('',(-3.89778955031235,8.5,-14.7430265855291));
#4136=CARTESIAN_POINT('',(-3.85892789251209,8.5,-14.6529716015896));
#4137=CARTESIAN_POINT('',(-3.8093155371964,8.5,-14.5714458298067));
#4138=CARTESIAN_POINT('',(-3.70547588335978,8.5,-14.4458733624224));
#4139=CARTESIAN_POINT('',(-3.65590072981399,8.5,-14.395672415353));
#4140=CARTESIAN_POINT('',(-3.55365376787906,8.5,-14.3169179782448));
#4141=CARTESIAN_POINT('',(-3.50042962869854,8.5,-14.2839025720934));
#4142=CARTESIAN_POINT('',(-3.3930206116149,8.5,-14.2336326520378));
#4143=CARTESIAN_POINT('',(-3.33679375361217,8.5,-14.214156097358));
#4144=CARTESIAN_POINT('',(-3.22531255439736,8.5,-14.188956756102));
#4145=CARTESIAN_POINT('',(-3.1676045092894,8.5,-14.1821780324428));
#4146=CARTESIAN_POINT('',(-3.05517675664344,8.5,-14.1812132431317));
#4147=CARTESIAN_POINT('',(-2.99917640333434,8.5,-14.186705498964));
#4148=CARTESIAN_POINT('',(-2.9431217463856,8.5,-14.1981701069522));
#4149=CARTESIAN_POINT('',(-6.7473436214332,8.5,-17.6090505225099));
#4150=CARTESIAN_POINT('',(-6.53668623176411,8.5,-17.47853038356));
#4151=CARTESIAN_POINT('',(-6.33122747424486,8.5,-17.34081695453));
#4152=CARTESIAN_POINT('',(-5.93720214994743,8.5,-17.0557031961875));
#4153=CARTESIAN_POINT('',(-5.74717992203714,8.5,-16.9091494901371));
#4154=CARTESIAN_POINT('',(-5.38749826864123,8.5,-16.6061892744131));
#4155=CARTESIAN_POINT('',(-5.21487027515449,8.5,-16.4511072476965));
#4156=CARTESIAN_POINT('',(-4.89230353733214,8.5,-16.1314180580047));
#4157=CARTESIAN_POINT('',(-4.73833869659157,8.5,-15.9683998795931));
#4158=CARTESIAN_POINT('',(-4.45708348922533,8.5,-15.632714234524));
#4159=CARTESIAN_POINT('',(-4.32314081560306,8.5,-15.4623504607785));
#4160=CARTESIAN_POINT('',(-4.09158315322278,8.5,-15.110280847148));
#4161=CARTESIAN_POINT('',(-3.98913557974134,8.5,-14.9303145398751));
#4162=CARTESIAN_POINT('',(-3.89778955031235,8.5,-14.7430265855291));
#4163=CARTESIAN_POINT('',(-7.66874065117724,8.5,-13.1810474965051));
#4164=CARTESIAN_POINT('',(-7.66874065117724,8.5,-13.1810474965051));
#4165=CARTESIAN_POINT('',(-7.73658183688619,8.5,-13.3780714759015));
#4166=CARTESIAN_POINT('',(-7.79139585921907,8.5,-13.577768246084));
#4167=CARTESIAN_POINT('',(-7.87661067716218,8.5,-13.9904550506367));
#4168=CARTESIAN_POINT('',(-7.90236428403754,8.5,-14.2056322031292));
#4169=CARTESIAN_POINT('',(-7.9408524156402,8.5,-14.6418752634773));
#4170=CARTESIAN_POINT('',(-7.94725409209975,8.5,-14.8660161058407));
#4171=CARTESIAN_POINT('',(-7.94521935830349,8.5,-15.3201596274433));
#4172=CARTESIAN_POINT('',(-7.93281248621783,8.5,-15.5518856049918));
#4173=CARTESIAN_POINT('',(-7.89270437300139,8.5,-16.0204441641447));
#4174=CARTESIAN_POINT('',(-7.86196748642609,8.5,-16.2584392894325));
#4175=CARTESIAN_POINT('',(-7.78495537958971,8.5,-16.7386631401359));
#4176=CARTESIAN_POINT('',(-7.73705219842123,8.5,-16.9813225203595));
#4177=CARTESIAN_POINT('',(-7.68038660501203,8.5,-17.2225714644345));
#4178=CARTESIAN_POINT('',(-7.95852101833921,8.5,-12.1207237077929));
#4179=CARTESIAN_POINT('',(-7.95852101833921,8.5,-12.1207237077929));
#4180=CARTESIAN_POINT('',(-7.91077768824152,8.5,-12.1522536337863));
#4181=CARTESIAN_POINT('',(-7.86729584732477,8.5,-12.187968252017));
#4182=CARTESIAN_POINT('',(-7.78847963009954,8.5,-12.2681488873708));
#4183=CARTESIAN_POINT('',(-7.75246716154194,8.5,-12.3137479188629));
#4184=CARTESIAN_POINT('',(-7.69145667468588,8.5,-12.410395655886));
#4185=CARTESIAN_POINT('',(-7.66547028599554,8.5,-12.4639260523528));
#4186=CARTESIAN_POINT('',(-7.62506684301613,8.5,-12.5754218980542));
#4187=CARTESIAN_POINT('',(-7.61077711085211,8.5,-12.6364024653649));
#4188=CARTESIAN_POINT('',(-7.59416538723991,8.5,-12.7643897820326));
#4189=CARTESIAN_POINT('',(-7.59460789008406,8.5,-12.8349421393779));
#4190=CARTESIAN_POINT('',(-7.60997530991792,8.5,-12.9971610059796));
#4191=CARTESIAN_POINT('',(-7.6325415031127,8.5,-13.0898896649231));
#4192=CARTESIAN_POINT('',(-7.66874065117724,8.5,-13.1810474965051));
#4193=CARTESIAN_POINT('',(-8.15249441300643,8.5,-11.9911148291516));
#4194=AXIS2_PLACEMENT_3D('',#4195,#4196,#4197);
#4195=CARTESIAN_POINT('',(0.,8.5,5.20474889637625E-16));
#4196=DIRECTION('',(0.,-1.,-6.12323399573677E-17));
#4197=DIRECTION('',(-0.562240994000443,5.0637518599065E-17,-0.826973436493213));
#4198=CARTESIAN_POINT('',(-9.24300000476999,8.5,-12.1291610258898));
#4199=CARTESIAN_POINT('',(-9.24300000476999,8.5,-12.1291610258898));
#4200=CARTESIAN_POINT('',(-9.17263396417333,8.5,-12.0608327820219));
#4201=CARTESIAN_POINT('',(-9.0955995623654,8.5,-12.0044986165194));
#4202=CARTESIAN_POINT('',(-8.95160972869349,8.5,-11.9282224992018));
#4203=CARTESIAN_POINT('',(-8.88659718827895,8.5,-11.9008144616107));
#4204=CARTESIAN_POINT('',(-8.76199529457928,8.5,-11.8671830674142));
#4205=CARTESIAN_POINT('',(-8.70018815280788,8.5,-11.8570488056796));
#4206=CARTESIAN_POINT('',(-8.58171769476557,8.5,-11.8517091067638));
#4207=CARTESIAN_POINT('',(-8.52231749668393,8.5,-11.8552322035429));
#4208=CARTESIAN_POINT('',(-8.40967892806437,8.5,-11.8746130558834));
#4209=CARTESIAN_POINT('',(-8.35376954109091,8.5,-11.8904342446151));
#4210=CARTESIAN_POINT('',(-8.24953063264998,8.5,-11.932567133793));
#4211=CARTESIAN_POINT('',(-8.19989484772764,8.5,-11.9590717239618));
#4212=CARTESIAN_POINT('',(-8.15249441300643,8.5,-11.9911148291516));
#4213=CARTESIAN_POINT('',(-12.9724245653071,8.5,-13.6865447483073));
#4214=CARTESIAN_POINT('',(-12.7278546198534,8.5,-13.6465749562826));
#4215=CARTESIAN_POINT('',(-12.4853348313022,8.5,-13.5979700003868));
#4216=CARTESIAN_POINT('',(-12.0121945872357,8.5,-13.4853461981577));
#4217=CARTESIAN_POINT('',(-11.78055326489,8.5,-13.4226665871265));
#4218=CARTESIAN_POINT('',(-11.3323128918744,8.5,-13.2804120543341));
#4219=CARTESIAN_POINT('',(-11.1134780996715,8.5,-13.2031968170601));
#4220=CARTESIAN_POINT('',(-10.6931255363272,8.5,-13.0312834643354));
#4221=CARTESIAN_POINT('',(-10.4884962151881,8.5,-12.9395940995918));
#4222=CARTESIAN_POINT('',(-10.1001889508395,8.5,-12.73709271088));
#4223=CARTESIAN_POINT('',(-9.91124666246248,8.5,-12.6309547493172));
#4224=CARTESIAN_POINT('',(-9.56258406941757,8.5,-12.3942981202948));
#4225=CARTESIAN_POINT('',(-9.39906472894539,8.5,-12.2672359215212));
#4226=CARTESIAN_POINT('',(-9.24300000476999,8.5,-12.1291610258898));
#4227=CARTESIAN_POINT('',(-12.1291610258898,8.5,-9.24300000476999));
#4228=CARTESIAN_POINT('',(-12.1291610258898,8.5,-9.24300000476999));
#4229=CARTESIAN_POINT('',(-12.2672359215212,8.5,-9.39906472894539));
#4230=CARTESIAN_POINT('',(-12.3942981202948,8.5,-9.56258406941757));
#4231=CARTESIAN_POINT('',(-12.6309547493172,8.5,-9.91124666246248));
#4232=CARTESIAN_POINT('',(-12.73709271088,8.5,-10.1001889508395));
#4233=CARTESIAN_POINT('',(-12.9395940995918,8.5,-10.4884962151881));
#4234=CARTESIAN_POINT('',(-13.0312834643354,8.5,-10.6931255363272));
#4235=CARTESIAN_POINT('',(-13.2031968170601,8.5,-11.1134780996715));
#4236=CARTESIAN_POINT('',(-13.2804120543341,8.5,-11.3323128918744));
#4237=CARTESIAN_POINT('',(-13.4226665871265,8.5,-11.78055326489));
#4238=CARTESIAN_POINT('',(-13.4853461981577,8.5,-12.0121945872357));
#4239=CARTESIAN_POINT('',(-13.5979700003868,8.5,-12.4853348313022));
#4240=CARTESIAN_POINT('',(-13.6465749562826,8.5,-12.7278546198534));
#4241=CARTESIAN_POINT('',(-13.6865447483073,8.5,-12.9724245653071));
#4242=CARTESIAN_POINT('',(-11.9911148291516,8.5,-8.15249441300642));
#4243=CARTESIAN_POINT('',(-11.9911148291516,8.5,-8.15249441300643));
#4244=CARTESIAN_POINT('',(-11.9590717239618,8.5,-8.19989484772764));
#4245=CARTESIAN_POINT('',(-11.932567133793,8.5,-8.24953063264998));
#4246=CARTESIAN_POINT('',(-11.890434244615,8.5,-8.35376954109091));
#4247=CARTESIAN_POINT('',(-11.8746130558834,8.5,-8.40967892806437));
#4248=CARTESIAN_POINT('',(-11.8552322035429,8.5,-8.52231749668393));
#4249=CARTESIAN_POINT('',(-11.8517091067637,8.5,-8.58171769476557));
#4250=CARTESIAN_POINT('',(-11.8570488056796,8.5,-8.70018815280788));
#4251=CARTESIAN_POINT('',(-11.8671830674142,8.5,-8.76199529457928));
#4252=CARTESIAN_POINT('',(-11.9008144616107,8.5,-8.88659718827895));
#4253=CARTESIAN_POINT('',(-11.9282224992018,8.5,-8.95160972869349));
#4254=CARTESIAN_POINT('',(-12.0044986165194,8.5,-9.0955995623654));
#4255=CARTESIAN_POINT('',(-12.0608327820219,8.5,-9.17263396417333));
#4256=CARTESIAN_POINT('',(-12.1291610258898,8.5,-9.24300000476999));
#4257=CARTESIAN_POINT('',(-12.1207237077929,8.5,-7.95852101833921));
#4258=AXIS2_PLACEMENT_3D('',#4259,#4260,#4261);
#4259=CARTESIAN_POINT('',(0.,8.5,5.20474889637625E-16));
#4260=DIRECTION('',(0.,-1.,-6.12323399573676E-17));
#4261=DIRECTION('',(-0.835911979847787,3.36081975553657E-17,-0.548863518506152));
#4262=CARTESIAN_POINT('',(-13.1810474965051,8.5,-7.66874065117724));
#4263=CARTESIAN_POINT('',(-13.1810474965051,8.5,-7.66874065117724));
#4264=CARTESIAN_POINT('',(-13.0898896649231,8.5,-7.6325415031127));
#4265=CARTESIAN_POINT('',(-12.9971610059796,8.5,-7.60997530991792));
#4266=CARTESIAN_POINT('',(-12.8349421393779,8.5,-7.59460789008406));
#4267=CARTESIAN_POINT('',(-12.7643897820326,8.5,-7.59416538723991));
#4268=CARTESIAN_POINT('',(-12.6364024653649,8.5,-7.61077711085211));
#4269=CARTESIAN_POINT('',(-12.5754218980542,8.5,-7.62506684301613));
#4270=CARTESIAN_POINT('',(-12.4639260523528,8.5,-7.66547028599554));
#4271=CARTESIAN_POINT('',(-12.410395655886,8.5,-7.69145667468588));
#4272=CARTESIAN_POINT('',(-12.3137479188629,8.5,-7.75246716154194));
#4273=CARTESIAN_POINT('',(-12.2681488873708,8.5,-7.78847963009954));
#4274=CARTESIAN_POINT('',(-12.187968252017,8.5,-7.86729584732477));
#4275=CARTESIAN_POINT('',(-12.1522536337863,8.5,-7.91077768824152));
#4276=CARTESIAN_POINT('',(-12.1207237077929,8.5,-7.95852101833921));
#4277=CARTESIAN_POINT('',(-17.2225714644345,8.5,-7.68038660501203));
#4278=CARTESIAN_POINT('',(-16.9813225203595,8.5,-7.73705219842123));
#4279=CARTESIAN_POINT('',(-16.7386631401359,8.5,-7.78495537958971));
#4280=CARTESIAN_POINT('',(-16.2584392894325,8.5,-7.86196748642609));
#4281=CARTESIAN_POINT('',(-16.0204441641447,8.5,-7.89270437300139));
#4282=CARTESIAN_POINT('',(-15.5518856049918,8.5,-7.93281248621783));
#4283=CARTESIAN_POINT('',(-15.3201596274433,8.5,-7.94521935830349));
#4284=CARTESIAN_POINT('',(-14.8660161058407,8.5,-7.94725409209975));
#4285=CARTESIAN_POINT('',(-14.6418752634773,8.5,-7.9408524156402));
#4286=CARTESIAN_POINT('',(-14.2056322031292,8.5,-7.90236428403754));
#4287=CARTESIAN_POINT('',(-13.9904550506367,8.5,-7.87661067716218));
#4288=CARTESIAN_POINT('',(-13.577768246084,8.5,-7.79139585921906));
#4289=CARTESIAN_POINT('',(-13.3780714759015,8.5,-7.73658183688619));
#4290=CARTESIAN_POINT('',(-13.1810474965051,8.5,-7.66874065117724));
#4291=CARTESIAN_POINT('',(-14.7430265855291,8.5,-3.89778955031234));
#4292=CARTESIAN_POINT('',(-14.7430265855291,8.5,-3.89778955031235));
#4293=CARTESIAN_POINT('',(-14.9303145398751,8.5,-3.98913557974134));
#4294=CARTESIAN_POINT('',(-15.110280847148,8.5,-4.09158315322278));
#4295=CARTESIAN_POINT('',(-15.4623504607785,8.5,-4.32314081560306));
#4296=CARTESIAN_POINT('',(-15.632714234524,8.5,-4.45708348922533));
#4297=CARTESIAN_POINT('',(-15.9683998795931,8.5,-4.73833869659157));
#4298=CARTESIAN_POINT('',(-16.1314180580047,8.5,-4.89230353733214));
#4299=CARTESIAN_POINT('',(-16.4511072476965,8.5,-5.21487027515449));
#4300=CARTESIAN_POINT('',(-16.6061892744131,8.5,-5.38749826864123));
#4301=CARTESIAN_POINT('',(-16.9091494901371,8.5,-5.74717992203714));
#4302=CARTESIAN_POINT('',(-17.0557031961875,8.5,-5.93720214994744));
#4303=CARTESIAN_POINT('',(-17.34081695453,8.5,-6.33122747424486));
#4304=CARTESIAN_POINT('',(-17.47853038356,8.5,-6.53668623176411));
#4305=CARTESIAN_POINT('',(-17.6090505225099,8.5,-6.7473436214332));
#4306=CARTESIAN_POINT('',(-14.1981701069522,8.5,-2.9431217463856));
#4307=CARTESIAN_POINT('',(-14.1981701069522,8.5,-2.9431217463856));
#4308=CARTESIAN_POINT('',(-14.186705498964,8.5,-2.99917640333434));
#4309=CARTESIAN_POINT('',(-14.1812132431317,8.5,-3.05517675664344));
#4310=CARTESIAN_POINT('',(-14.1821780324428,8.5,-3.1676045092894));
#4311=CARTESIAN_POINT('',(-14.188956756102,8.5,-3.22531255439736));
#4312=CARTESIAN_POINT('',(-14.214156097358,8.5,-3.33679375361217));
#4313=CARTESIAN_POINT('',(-14.2336326520378,8.5,-3.3930206116149));
#4314=CARTESIAN_POINT('',(-14.2839025720934,8.5,-3.50042962869854));
#4315=CARTESIAN_POINT('',(-14.3169179782448,8.5,-3.55365376787906));
#4316=CARTESIAN_POINT('',(-14.395672415353,8.5,-3.65590072981399));
#4317=CARTESIAN_POINT('',(-14.4458733624224,8.5,-3.70547588335978));
#4318=CARTESIAN_POINT('',(-14.5714458298067,8.5,-3.8093155371964));
#4319=CARTESIAN_POINT('',(-14.6529716015896,8.5,-3.85892789251209));
#4320=CARTESIAN_POINT('',(-14.7430265855291,8.5,-3.89778955031235));
#4321=AXIS2_PLACEMENT_3D('',#4322,#4323,#4324);
#4322=CARTESIAN_POINT('',(0.,8.5,5.20474889637625E-16));
#4323=DIRECTION('',(1.54074395550979E-33,-1.,-6.12323399573677E-17));
#4324=DIRECTION('',(-0.982322944324272,1.14623330929314E-17,-0.187194105286715));
#4325=CARTESIAN_POINT('',(-15.1123999933904,1.24964430775475E-16,-2.04082402963009));
#4326=CARTESIAN_POINT('',(-14.2436826927019,1.66203829847506E-16,-2.71431452665737));
#4327=CARTESIAN_POINT('',(-15.1123999933904,1.24964430775475E-16,-2.04082402963009));
#4328=CARTESIAN_POINT('',(-15.0143283243337,1.25052662896406E-16,-2.04226496951566));
#4329=CARTESIAN_POINT('',(-14.9200225059914,1.25948937646117E-16,-2.05690224697942));
#4330=CARTESIAN_POINT('',(-14.7642709583822,1.28880792784481E-16,-2.10478307499293));
#4331=CARTESIAN_POINT('',(-14.6989197409532,1.30508985132563E-16,-2.13137347394251));
#4332=CARTESIAN_POINT('',(-14.5870319100724,1.3444780788174E-16,-2.19569933102912));
#4333=CARTESIAN_POINT('',(-14.5361616558052,1.36685130052288E-16,-2.23223757490656));
#4334=CARTESIAN_POINT('',(-14.4486146542403,1.41583443352894E-16,-2.31223310184569));
#4335=CARTESIAN_POINT('',(-14.4091035769963,1.44307883766043E-16,-2.35672659033634));
#4336=CARTESIAN_POINT('',(-14.3431604134174,1.50024034622097E-16,-2.45007841814553));
#4337=CARTESIAN_POINT('',(-14.3148137765951,1.53129810944552E-16,-2.50079959464503));
#4338=CARTESIAN_POINT('',(-14.2708981892217,1.59467388175059E-16,-2.6043000853158));
#4339=CARTESIAN_POINT('',(-14.2545419645545,1.62764099121769E-16,-2.65813946086482));
#4340=CARTESIAN_POINT('',(-14.2436826927019,1.66203829847505E-16,-2.71431452665737));
#4341=CARTESIAN_POINT('',(-14.1981701069522,1.80214231310605E-16,-2.9431217463856));
#4342=AXIS2_PLACEMENT_3D('',#4343,#4344,#4345);
#4343=CARTESIAN_POINT('',(0.,0.,0.));
#4344=DIRECTION('',(1.54074395550979E-33,-1.,-6.12323399573677E-17));
#4345=DIRECTION('',(-0.982322944324272,1.14623330929314E-17,-0.187194105286715));
#4346=CARTESIAN_POINT('',(-14.7430265855291,2.38670774827001E-16,-3.89778955031235));
#4347=CARTESIAN_POINT('',(-14.1981701069522,1.80214231310605E-16,-2.9431217463856));
#4348=CARTESIAN_POINT('',(-14.186705498964,1.83646589121083E-16,-2.99917640333434));
#4349=CARTESIAN_POINT('',(-14.1812132431317,1.87075621792639E-16,-3.05517675664344));
#4350=CARTESIAN_POINT('',(-14.1821780324428,1.93959836163299E-16,-3.1676045092894));
#4351=CARTESIAN_POINT('',(-14.188956756102,1.97493434799625E-16,-3.22531255439736));
#4352=CARTESIAN_POINT('',(-14.214156097358,2.04319689488801E-16,-3.33679375361217));
#4353=CARTESIAN_POINT('',(-14.2336326520378,2.07762591572759E-16,-3.39302061161491));
#4354=CARTESIAN_POINT('',(-14.2839025720934,2.14339497021311E-16,-3.50042962869854));
#4355=CARTESIAN_POINT('',(-14.3169179782448,2.17598535605551E-16,-3.55365376787906));
#4356=CARTESIAN_POINT('',(-14.395672415353,2.23859356338359E-16,-3.65590072981399));
#4357=CARTESIAN_POINT('',(-14.4458733624224,2.26894958993713E-16,-3.70547588335978));
#4358=CARTESIAN_POINT('',(-14.5714458298067,2.33253303978493E-16,-3.8093155371964));
#4359=CARTESIAN_POINT('',(-14.6529716015896,2.36291184585269E-16,-3.85892789251209));
#4360=CARTESIAN_POINT('',(-14.7430265855291,2.38670774827001E-16,-3.89778955031235));
#4361=CARTESIAN_POINT('',(-14.7430265855291,2.38670774827001E-16,-3.89778955031235));
#4362=CARTESIAN_POINT('',(-14.9303145398751,2.44264105954753E-16,-3.98913557974134));
#4363=CARTESIAN_POINT('',(-15.110280847148,2.50537210601976E-16,-4.09158315322278));
#4364=CARTESIAN_POINT('',(-15.4623504607785,2.64716028104578E-16,-4.32314081560306));
#4365=CARTESIAN_POINT('',(-15.632714234524,2.72917651430616E-16,-4.45708348922533));
#4366=CARTESIAN_POINT('',(-15.9683998795931,2.90139565902845E-16,-4.73833869659157));
#4367=CARTESIAN_POINT('',(-16.1314180580047,2.99567193372554E-16,-4.89230353733214));
#4368=CARTESIAN_POINT('',(-16.4511072476965,3.19318709521831E-16,-5.21487027515449));
#4369=CARTESIAN_POINT('',(-16.6061892744131,3.2988912550517E-16,-5.38749826864123));
#4370=CARTESIAN_POINT('',(-16.9091494901371,3.51913274782336E-16,-5.74717992203714));
#4371=CARTESIAN_POINT('',(-17.0557031961875,3.63548780441196E-16,-5.93720214994744));
#4372=CARTESIAN_POINT('',(-17.34081695453,3.87675873050387E-16,-6.33122747424486));
#4373=CARTESIAN_POINT('',(-17.47853038356,4.00256593538024E-16,-6.53668623176411));
#4374=CARTESIAN_POINT('',(-17.6090505225099,4.13155638436774E-16,-6.7473436214332));
#4375=CARTESIAN_POINT('',(-13.1810474965051,4.6957493459777E-16,-7.66874065117724));
#4376=CARTESIAN_POINT('',(-17.2225714644345,4.70288043602109E-16,-7.68038660501203));
#4377=CARTESIAN_POINT('',(-16.9813225203595,4.73757810481628E-16,-7.73705219842123));
#4378=CARTESIAN_POINT('',(-16.7386631401359,4.76691034355975E-16,-7.78495537958971));
#4379=CARTESIAN_POINT('',(-16.2584392894325,4.81406665862614E-16,-7.8619674864261));
#4380=CARTESIAN_POINT('',(-16.0204441641447,4.83288757350623E-16,-7.89270437300139));
#4381=CARTESIAN_POINT('',(-15.5518856049918,4.85744670974141E-16,-7.93281248621783));
#4382=CARTESIAN_POINT('',(-15.3201596274433,4.86504372783498E-16,-7.94521935830349));
#4383=CARTESIAN_POINT('',(-14.8660161058407,4.86628964295033E-16,-7.94725409209975));
#4384=CARTESIAN_POINT('',(-14.6418752634773,4.86236974665765E-16,-7.9408524156402));
#4385=CARTESIAN_POINT('',(-14.2056322031292,4.83880256307147E-16,-7.90236428403754));
#4386=CARTESIAN_POINT('',(-13.9904550506367,4.82303302695827E-16,-7.87661067716219));
#4387=CARTESIAN_POINT('',(-13.577768246084,4.77085399994129E-16,-7.79139585921907));
#4388=CARTESIAN_POINT('',(-13.3780714759015,4.73729009144211E-16,-7.73658183688619));
#4389=CARTESIAN_POINT('',(-13.1810474965051,4.6957493459777E-16,-7.66874065117724));
#4390=CARTESIAN_POINT('',(-12.1207237077929,4.87318864552802E-16,-7.95852101833921));
#4391=CARTESIAN_POINT('',(-13.1810474965051,4.6957493459777E-16,-7.66874065117724));
#4392=CARTESIAN_POINT('',(-13.0898896649231,4.67358376057315E-16,-7.6325415031127));
#4393=CARTESIAN_POINT('',(-12.9971610059796,4.65976595244069E-16,-7.60997530991793));
#4394=CARTESIAN_POINT('',(-12.8349421393779,4.65035612168534E-16,-7.59460789008406));
#4395=CARTESIAN_POINT('',(-12.7643897820326,4.65008516683949E-16,-7.59416538723991));
#4396=CARTESIAN_POINT('',(-12.6364024653649,4.66025691391449E-16,-7.61077711085211));
#4397=CARTESIAN_POINT('',(-12.5754218980542,4.66900685129216E-16,-7.62506684301613));
#4398=CARTESIAN_POINT('',(-12.4639260523528,4.69374682485179E-16,-7.66547028599554));
#4399=CARTESIAN_POINT('',(-12.410395655886,4.7096588987173E-16,-7.69145667468588));
#4400=CARTESIAN_POINT('',(-12.3137479188629,4.74701704743865E-16,-7.75246716154194));
#4401=CARTESIAN_POINT('',(-12.2681488873708,4.76906832461288E-16,-7.78847963009954));
#4402=CARTESIAN_POINT('',(-12.187968252017,4.81732933868577E-16,-7.86729584732477));
#4403=CARTESIAN_POINT('',(-12.1522536337863,4.84395428733564E-16,-7.91077768824152));
#4404=CARTESIAN_POINT('',(-12.1207237077929,4.87318864552802E-16,-7.95852101833921));
#4405=CARTESIAN_POINT('',(-11.9911148291516,4.9919630939775E-16,-8.15249441300643));
#4406=AXIS2_PLACEMENT_3D('',#4407,#4408,#4409);
#4407=CARTESIAN_POINT('',(0.,0.,0.));
#4408=DIRECTION('',(0.,-1.,-6.12323399573676E-17));
#4409=DIRECTION('',(-0.835911979847787,3.36081975553657E-17,-0.548863518506152));
#4410=CARTESIAN_POINT('',(-12.1291610258898,5.65970518518027E-16,-9.24300000476999));
#4411=CARTESIAN_POINT('',(-11.9911148291516,4.9919630939775E-16,-8.15249441300643));
#4412=CARTESIAN_POINT('',(-11.9590717239618,5.02098748930726E-16,-8.19989484772764));
#4413=CARTESIAN_POINT('',(-11.932567133793,5.05138064187142E-16,-8.24953063264998));
#4414=CARTESIAN_POINT('',(-11.890434244615,5.11520856465582E-16,-8.35376954109091));
#4415=CARTESIAN_POINT('',(-11.8746130558834,5.14944319055549E-16,-8.40967892806437));
#4416=CARTESIAN_POINT('',(-11.8552322035429,5.21841442181573E-16,-8.52231749668393));
#4417=CARTESIAN_POINT('',(-11.8517091067637,5.25478655304043E-16,-8.58171769476557));
#4418=CARTESIAN_POINT('',(-11.8570488056796,5.32732878665795E-16,-8.70018815280788));
#4419=CARTESIAN_POINT('',(-11.8671830674142,5.36517474582535E-16,-8.76199529457928));
#4420=CARTESIAN_POINT('',(-11.9008144616107,5.44147140096884E-16,-8.88659718827895));
#4421=CARTESIAN_POINT('',(-11.9282224992018,5.4812801007304E-16,-8.95160972869349));
#4422=CARTESIAN_POINT('',(-12.0044986165194,5.56944844518843E-16,-9.0955995623654));
#4423=CARTESIAN_POINT('',(-12.0608327820219,5.61661841198758E-16,-9.17263396417333));
#4424=CARTESIAN_POINT('',(-12.1291610258898,5.65970518518027E-16,-9.24300000476999));
#4425=CARTESIAN_POINT('',(-12.1291610258898,5.65970518518027E-16,-9.24300000476999));
#4426=CARTESIAN_POINT('',(-12.2672359215212,5.75526726764088E-16,-9.39906472894539));
#4427=CARTESIAN_POINT('',(-12.3942981202948,5.85539398609485E-16,-9.56258406941757));
#4428=CARTESIAN_POINT('',(-12.6309547493172,6.06888825037228E-16,-9.91124666246248));
#4429=CARTESIAN_POINT('',(-12.73709271088,6.18458203471453E-16,-10.1001889508395));
#4430=CARTESIAN_POINT('',(-12.9395940995918,6.42235165889964E-16,-10.4884962151881));
#4431=CARTESIAN_POINT('',(-13.0312834643354,6.54765098047194E-16,-10.6931255363272));
#4432=CARTESIAN_POINT('',(-13.2031968170601,6.80504269107843E-16,-11.1134780996715));
#4433=CARTESIAN_POINT('',(-13.2804120543341,6.93904035498513E-16,-11.3323128918744));
#4434=CARTESIAN_POINT('',(-13.4226665871265,7.21350842401623E-16,-11.78055326489));
#4435=CARTESIAN_POINT('',(-13.4853461981577,7.3553478259967E-16,-12.0121945872357));
#4436=CARTESIAN_POINT('',(-13.5979700003868,7.64506266871862E-16,-12.4853348313022));
#4437=CARTESIAN_POINT('',(-13.6465749562826,7.79356321010818E-16,-12.7278546198534));
#4438=CARTESIAN_POINT('',(-13.6865447483073,7.9433191105419E-16,-12.9724245653071));
#4439=CARTESIAN_POINT('',(-9.24300000476999,7.42696911334937E-16,-12.1291610258898));
#4440=CARTESIAN_POINT('',(-12.9724245653071,8.38059160870077E-16,-13.6865447483073));
#4441=CARTESIAN_POINT('',(-12.7278546198534,8.35611716976796E-16,-13.6465749562826));
#4442=CARTESIAN_POINT('',(-12.4853348313022,8.32635521793772E-16,-13.5979700003868));
#4443=CARTESIAN_POINT('',(-12.0121945872357,8.25739302848389E-16,-13.4853461981577));
#4444=CARTESIAN_POINT('',(-11.78055326489,8.21901283597328E-16,-13.4226665871265));
#4445=CARTESIAN_POINT('',(-11.3323128918744,8.13190705684911E-16,-13.2804120543341));
#4446=CARTESIAN_POINT('',(-11.1134780996715,8.08462636026261E-16,-13.2031968170601));
#4447=CARTESIAN_POINT('',(-10.6931255363272,7.97935979169007E-16,-13.0312834643354));
#4448=CARTESIAN_POINT('',(-10.4884962151881,7.92321624816552E-16,-12.9395940995918));
#4449=CARTESIAN_POINT('',(-10.1001889508395,7.79921990941115E-16,-12.73709271088));
#4450=CARTESIAN_POINT('',(-9.91124666246248,7.73422915196317E-16,-12.6309547493172));
#4451=CARTESIAN_POINT('',(-9.56258406941757,7.58931876034856E-16,-12.3942981202948));
#4452=CARTESIAN_POINT('',(-9.39906472894539,7.51151560283818E-16,-12.2672359215212));
#4453=CARTESIAN_POINT('',(-9.24300000476999,7.42696911334937E-16,-12.1291610258898));
#4454=CARTESIAN_POINT('',(-8.15249441300643,7.34244019686443E-16,-11.9911148291516));
#4455=CARTESIAN_POINT('',(-9.24300000476999,7.42696911334937E-16,-12.1291610258898));
#4456=CARTESIAN_POINT('',(-9.17263396417333,7.38513013077727E-16,-12.0608327820219));
#4457=CARTESIAN_POINT('',(-9.0955995623654,7.35063540304465E-16,-12.0044986165194));
#4458=CARTESIAN_POINT('',(-8.95160972869349,7.30392975158249E-16,-11.9282224992018));
#4459=CARTESIAN_POINT('',(-8.88659718827895,7.28714716882904E-16,-11.9008144616107));
#4460=CARTESIAN_POINT('',(-8.76199529457928,7.26655387920223E-16,-11.8671830674142));
#4461=CARTESIAN_POINT('',(-8.70018815280788,7.26034843360471E-16,-11.8570488056796));
#4462=CARTESIAN_POINT('',(-8.58171769476557,7.25707881101188E-16,-11.8517091067638));
#4463=CARTESIAN_POINT('',(-8.52231749668393,7.2592360856087E-16,-11.8552322035429));
#4464=CARTESIAN_POINT('',(-8.40967892806437,7.27110343500049E-16,-11.8746130558834));
#4465=CARTESIAN_POINT('',(-8.35376954109091,7.28079111906995E-16,-11.8904342446151));
#4466=CARTESIAN_POINT('',(-8.24953063264998,7.30659007300525E-16,-11.932567133793));
#4467=CARTESIAN_POINT('',(-8.19989484772764,7.3228194537617E-16,-11.9590717239618));
#4468=CARTESIAN_POINT('',(-8.15249441300643,7.34244019686443E-16,-11.9911148291516));
#4469=CARTESIAN_POINT('',(-7.95852101833921,7.42180274604901E-16,-12.1207237077929));
#4470=AXIS2_PLACEMENT_3D('',#4471,#4472,#4473);
#4471=CARTESIAN_POINT('',(0.,0.,0.));
#4472=DIRECTION('',(0.,-1.,-6.12323399573677E-17));
#4473=DIRECTION('',(-0.562240994000443,5.0637518599065E-17,-0.826973436493213));
#4474=CARTESIAN_POINT('',(-7.66874065117724,8.07106381300209E-16,-13.1810474965051));
#4475=CARTESIAN_POINT('',(-7.95852101833921,7.42180274604901E-16,-12.1207237077929));
#4476=CARTESIAN_POINT('',(-7.91077768824152,7.4411092575216E-16,-12.1522536337863));
#4477=CARTESIAN_POINT('',(-7.86729584732477,7.46297815397107E-16,-12.187968252017));
#4478=CARTESIAN_POINT('',(-7.78847963009954,7.5120746331909E-16,-12.2681488873708));
#4479=CARTESIAN_POINT('',(-7.75246716154194,7.53999598717142E-16,-12.3137479188629));
#4480=CARTESIAN_POINT('',(-7.69145667468588,7.59917565806653E-16,-12.410395655886));
#4481=CARTESIAN_POINT('',(-7.66547028599554,7.63195357241158E-16,-12.4639260523528));
#4482=CARTESIAN_POINT('',(-7.62506684301613,7.70022508768982E-16,-12.5754218980542));
#4483=CARTESIAN_POINT('',(-7.61077711085211,7.73756491597345E-16,-12.6364024653649));
#4484=CARTESIAN_POINT('',(-7.59416538723991,7.81593454481767E-16,-12.7643897820326));
#4485=CARTESIAN_POINT('',(-7.59460789008406,7.85913540411531E-16,-12.8349421393779));
#4486=CARTESIAN_POINT('',(-7.60997530991792,7.95846581198787E-16,-12.9971610059796));
#4487=CARTESIAN_POINT('',(-7.6325415031127,8.01524573967006E-16,-13.0898896649231));
#4488=CARTESIAN_POINT('',(-7.66874065117724,8.0710638130021E-16,-13.1810474965051));
#4489=CARTESIAN_POINT('',(-7.66874065117724,8.0710638130021E-16,-13.1810474965051));
#4490=CARTESIAN_POINT('',(-7.73658183688619,8.19170620586361E-16,-13.3780714759015));
#4491=CARTESIAN_POINT('',(-7.79139585921907,8.31398521106567E-16,-13.577768246084));
#4492=CARTESIAN_POINT('',(-7.87661067716218,8.56668299818859E-16,-13.9904550506367));
#4493=CARTESIAN_POINT('',(-7.90236428403754,8.69844100371336E-16,-14.2056322031292));
#4494=CARTESIAN_POINT('',(-7.9408524156402,8.96556283746612E-16,-14.6418752634773));
#4495=CARTESIAN_POINT('',(-7.94725409209975,9.10280952004543E-16,-14.8660161058407));
#4496=CARTESIAN_POINT('',(-7.94521935830349,9.38089222508747E-16,-15.3201596274433));
#4497=CARTESIAN_POINT('',(-7.93281248621783,9.52278346342952E-16,-15.5518856049918));
#4498=CARTESIAN_POINT('',(-7.89270437300139,9.80969283326933E-16,-16.0204441641447));
#4499=CARTESIAN_POINT('',(-7.86196748642609,9.95542281746751E-16,-16.2584392894325));
#4500=CARTESIAN_POINT('',(-7.78495537958971,1.02494751182866E-15,-16.7386631401359));
#4501=CARTESIAN_POINT('',(-7.73705219842123,1.03980611349236E-15,-16.9813225203595));
#4502=CARTESIAN_POINT('',(-7.68038660501203,1.05457835085031E-15,-17.2225714644345));
#4503=CARTESIAN_POINT('',(-3.89778955031235,9.02750015885626E-16,-14.7430265855291));
#4504=CARTESIAN_POINT('',(-6.7473436214332,1.07824336792079E-15,-17.6090505225099));
#4505=CARTESIAN_POINT('',(-6.53668623176411,1.07025131440132E-15,-17.47853038356));
#4506=CARTESIAN_POINT('',(-6.33122747424486,1.06181879889827E-15,-17.34081695453));
#4507=CARTESIAN_POINT('',(-5.93720214994743,1.04436061632092E-15,-17.0557031961875));
#4508=CARTESIAN_POINT('',(-5.74717992203714,1.03538678997003E-15,-16.9091494901371));
#4509=CARTESIAN_POINT('',(-5.38749826864123,1.01683582704726E-15,-16.6061892744131));
#4510=CARTESIAN_POINT('',(-5.21487027515449,1.00733979166607E-15,-16.4511072476965));
#4511=CARTESIAN_POINT('',(-4.89230353733214,9.87764474522162E-16,-16.1314180580047));
#4512=CARTESIAN_POINT('',(-4.73833869659157,9.77782490002433E-16,-15.9683998795931));
#4513=CARTESIAN_POINT('',(-4.45708348922533,9.57227672464752E-16,-15.632714234524));
#4514=CARTESIAN_POINT('',(-4.32314081560306,9.46795899954352E-16,-15.4623504607785));
#4515=CARTESIAN_POINT('',(-4.09158315322278,9.25237853683865E-16,-15.110280847148));
#4516=CARTESIAN_POINT('',(-3.98913557974134,9.14218095576064E-16,-14.9303145398751));
#4517=CARTESIAN_POINT('',(-3.89778955031235,9.02750015885626E-16,-14.7430265855291));
#4518=CARTESIAN_POINT('',(-2.9431217463856,8.69387178761435E-16,-14.1981701069522));
#4519=CARTESIAN_POINT('',(-3.89778955031235,9.02750015885626E-16,-14.7430265855291));
#4520=CARTESIAN_POINT('',(-3.85892789251209,8.97235738494189E-16,-14.6529716015896));
#4521=CARTESIAN_POINT('',(-3.8093155371964,8.92243724721093E-16,-14.5714458298067));
#4522=CARTESIAN_POINT('',(-3.70547588335978,8.84554628708928E-16,-14.4458733624224));
#4523=CARTESIAN_POINT('',(-3.65590072981399,8.81480707251795E-16,-14.395672415353));
#4524=CARTESIAN_POINT('',(-3.55365376787906,8.76658388785637E-16,-14.3169179782448));
#4525=CARTESIAN_POINT('',(-3.50042962869854,8.74636778212339E-16,-14.2839025720934));
#4526=CARTESIAN_POINT('',(-3.3930206116149,8.71558633377865E-16,-14.2336326520378));
#4527=CARTESIAN_POINT('',(-3.33679375361217,8.70366038360516E-16,-14.214156097358));
#4528=CARTESIAN_POINT('',(-3.22531255439736,8.68823023730028E-16,-14.188956756102));
#4529=CARTESIAN_POINT('',(-3.1676045092894,8.68407946618446E-16,-14.1821780324428));
#4530=CARTESIAN_POINT('',(-3.05517675664344,8.68348870311362E-16,-14.1812132431317));
#4531=CARTESIAN_POINT('',(-2.99917640333434,8.68685173987619E-16,-14.186705498964));
#4532=CARTESIAN_POINT('',(-2.9431217463856,8.69387178761435E-16,-14.1981701069522));
#4533=CARTESIAN_POINT('',(-2.71431452665737,8.72174020884399E-16,-14.2436826927019));
#4534=AXIS2_PLACEMENT_3D('',#4535,#4536,#4537);
#4535=CARTESIAN_POINT('',(0.,0.,0.));
#4536=DIRECTION('',(0.,-1.,-6.12323399573677E-17));
#4537=DIRECTION('',(-0.202973913543834,5.99577364663058E-17,-0.979184145307051));
#4538=CARTESIAN_POINT('',(-2.04082402963009,9.25367613967001E-16,-15.1123999933904));
#4539=CARTESIAN_POINT('',(-2.71431452665737,8.72174020884399E-16,-14.2436826927019));
#4540=CARTESIAN_POINT('',(-2.65813946086482,8.72838959510165E-16,-14.2545419645545));
#4541=CARTESIAN_POINT('',(-2.6043000853158,8.73840489419406E-16,-14.2708981892217));
#4542=CARTESIAN_POINT('',(-2.50079959464503,8.76529543594879E-16,-14.3148137765951));
#4543=CARTESIAN_POINT('',(-2.45007841814553,8.78265274497432E-16,-14.3431604134174));
#4544=CARTESIAN_POINT('',(-2.35672659033634,8.82303128707558E-16,-14.4091035769963));
#4545=CARTESIAN_POINT('',(-2.31223310184569,8.84722484421448E-16,-14.4486146542403));
#4546=CARTESIAN_POINT('',(-2.23223757490655,8.90083192183516E-16,-14.5361616558052));
#4547=CARTESIAN_POINT('',(-2.19569933102912,8.93198096886522E-16,-14.5870319100724));
#4548=CARTESIAN_POINT('',(-2.1313734739425,9.00049250584109E-16,-14.6989197409532));
#4549=CARTESIAN_POINT('',(-2.10478307499293,9.0405085854635E-16,-14.7642709583822));
#4550=CARTESIAN_POINT('',(-2.05690224697942,9.1358789025844E-16,-14.9200225059914));
#4551=CARTESIAN_POINT('',(-2.04226496951566,9.19362456187134E-16,-15.0143283243337));
#4552=CARTESIAN_POINT('',(-2.04082402963009,9.25367613967001E-16,-15.1123999933904));
#4553=CARTESIAN_POINT('',(-2.04082402963009,9.25367613967001E-16,-15.1123999933904));
#4554=CARTESIAN_POINT('',(-2.02810329987425,9.38103213224527E-16,-15.3203881131714));
#4555=CARTESIAN_POINT('',(-2.00232420775654,9.50684755411535E-16,-15.5258602900598));
#4556=CARTESIAN_POINT('',(-1.92312403106285,9.76027791670544E-16,-15.9397434811424));
#4557=CARTESIAN_POINT('',(-1.86457253006096,9.88804118146089E-16,-16.1483967268691));
#4558=CARTESIAN_POINT('',(-1.73318793541381,1.01438483470579E-15,-16.5661615318317));
#4559=CARTESIAN_POINT('',(-1.65332732637969,1.02721478273658E-15,-16.7756904840116));
#4560=CARTESIAN_POINT('',(-1.47765427583798,1.05285859558267E-15,-17.1944857295297));
#4561=CARTESIAN_POINT('',(-1.37751412819912,1.06567691138138E-15,-17.4038247129433));
#4562=CARTESIAN_POINT('',(-1.16114946563016,1.09124404337441E-15,-17.8213676650963));
#4563=CARTESIAN_POINT('',(-1.04167549379883,1.10398749311115E-15,-18.0294839929323));
#4564=CARTESIAN_POINT('',(-0.786751873046334,1.12934978928188E-15,-18.4436817222432));
#4565=CARTESIAN_POINT('',(-0.649633379903053,1.14195485106058E-15,-18.6495380032128));
#4566=CARTESIAN_POINT('',(-0.504959223981633,1.15427479650603E-15,-18.8507379811008));
#4567=CARTESIAN_POINT('',(2.04082402963009,9.25367613967001E-16,-15.1123999933904));
#4568=CARTESIAN_POINT('',(0.504959223981635,1.15427479650603E-15,-18.8507379811008));
#4569=CARTESIAN_POINT('',(0.649633379903055,1.14195485106058E-15,-18.6495380032128));
#4570=CARTESIAN_POINT('',(0.786751873046336,1.12934978928188E-15,-18.4436817222432));
#4571=CARTESIAN_POINT('',(1.04167549379883,1.10398749311115E-15,-18.0294839929323));
#4572=CARTESIAN_POINT('',(1.16114946563016,1.09124404337441E-15,-17.8213676650963));
#4573=CARTESIAN_POINT('',(1.37751412819912,1.06567691138138E-15,-17.4038247129433));
#4574=CARTESIAN_POINT('',(1.47765427583798,1.05285859558267E-15,-17.1944857295297));
#4575=CARTESIAN_POINT('',(1.65332732637969,1.02721478273658E-15,-16.7756904840116));
#4576=CARTESIAN_POINT('',(1.73318793541381,1.01438483470579E-15,-16.5661615318317));
#4577=CARTESIAN_POINT('',(1.86457253006096,9.88804118146089E-16,-16.1483967268691));
#4578=CARTESIAN_POINT('',(1.92312403106285,9.76027791670544E-16,-15.9397434811424));
#4579=CARTESIAN_POINT('',(2.00232420775654,9.50684755411535E-16,-15.5258602900598));
#4580=CARTESIAN_POINT('',(2.02810329987426,9.38103213224527E-16,-15.3203881131714));
#4581=CARTESIAN_POINT('',(2.04082402963009,9.25367613967001E-16,-15.1123999933904));
#4582=CARTESIAN_POINT('',(2.71431452665737,8.72174020884399E-16,-14.2436826927019));
#4583=CARTESIAN_POINT('',(2.04082402963009,9.25367613967001E-16,-15.1123999933904));
#4584=CARTESIAN_POINT('',(2.04226496951566,9.19362456187134E-16,-15.0143283243337));
#4585=CARTESIAN_POINT('',(2.05690224697942,9.1358789025844E-16,-14.9200225059914));
#4586=CARTESIAN_POINT('',(2.10478307499293,9.0405085854635E-16,-14.7642709583822));
#4587=CARTESIAN_POINT('',(2.13137347394251,9.00049250584109E-16,-14.6989197409532));
#4588=CARTESIAN_POINT('',(2.19569933102912,8.93198096886522E-16,-14.5870319100724));
#4589=CARTESIAN_POINT('',(2.23223757490656,8.90083192183516E-16,-14.5361616558052));
#4590=CARTESIAN_POINT('',(2.31223310184569,8.84722484421448E-16,-14.4486146542403));
#4591=CARTESIAN_POINT('',(2.35672659033634,8.82303128707558E-16,-14.4091035769963));
#4592=CARTESIAN_POINT('',(2.45007841814553,8.78265274497432E-16,-14.3431604134174));
#4593=CARTESIAN_POINT('',(2.50079959464503,8.76529543594879E-16,-14.3148137765951));
#4594=CARTESIAN_POINT('',(2.6043000853158,8.73840489419406E-16,-14.2708981892217));
#4595=CARTESIAN_POINT('',(2.65813946086482,8.72838959510165E-16,-14.2545419645545));
#4596=CARTESIAN_POINT('',(2.71431452665737,8.72174020884399E-16,-14.2436826927019));
#4597=CARTESIAN_POINT('',(2.9431217463856,8.69387178761435E-16,-14.1981701069522));
#4598=AXIS2_PLACEMENT_3D('',#4599,#4600,#4601);
#4599=CARTESIAN_POINT('',(0.,0.,0.));
#4600=DIRECTION('',(0.,-1.,-6.12323399573677E-17));
#4601=DIRECTION('',(0.187194105286715,6.01499324747861E-17,-0.982322944324272));
#4602=CARTESIAN_POINT('',(3.89778955031235,9.02750015885626E-16,-14.7430265855291));
#4603=CARTESIAN_POINT('',(2.9431217463856,8.69387178761435E-16,-14.1981701069522));
#4604=CARTESIAN_POINT('',(2.99917640333434,8.68685173987619E-16,-14.186705498964));
#4605=CARTESIAN_POINT('',(3.05517675664344,8.68348870311362E-16,-14.1812132431317));
#4606=CARTESIAN_POINT('',(3.1676045092894,8.68407946618446E-16,-14.1821780324428));
#4607=CARTESIAN_POINT('',(3.22531255439736,8.68823023730028E-16,-14.188956756102));
#4608=CARTESIAN_POINT('',(3.33679375361217,8.70366038360516E-16,-14.214156097358));
#4609=CARTESIAN_POINT('',(3.39302061161491,8.71558633377865E-16,-14.2336326520378));
#4610=CARTESIAN_POINT('',(3.50042962869854,8.74636778212339E-16,-14.2839025720934));
#4611=CARTESIAN_POINT('',(3.55365376787906,8.76658388785637E-16,-14.3169179782448));
#4612=CARTESIAN_POINT('',(3.65590072981399,8.81480707251795E-16,-14.395672415353));
#4613=CARTESIAN_POINT('',(3.70547588335978,8.84554628708928E-16,-14.4458733624224));
#4614=CARTESIAN_POINT('',(3.8093155371964,8.92243724721093E-16,-14.5714458298067));
#4615=CARTESIAN_POINT('',(3.85892789251209,8.97235738494189E-16,-14.6529716015896));
#4616=CARTESIAN_POINT('',(3.89778955031235,9.02750015885626E-16,-14.7430265855291));
#4617=CARTESIAN_POINT('',(3.89778955031235,9.02750015885626E-16,-14.7430265855291));
#4618=CARTESIAN_POINT('',(3.98913557974134,9.14218095576064E-16,-14.9303145398751));
#4619=CARTESIAN_POINT('',(4.09158315322278,9.25237853683865E-16,-15.110280847148));
#4620=CARTESIAN_POINT('',(4.32314081560306,9.46795899954352E-16,-15.4623504607785));
#4621=CARTESIAN_POINT('',(4.45708348922533,9.57227672464752E-16,-15.632714234524));
#4622=CARTESIAN_POINT('',(4.73833869659157,9.77782490002433E-16,-15.9683998795931));
#4623=CARTESIAN_POINT('',(4.89230353733214,9.87764474522162E-16,-16.1314180580047));
#4624=CARTESIAN_POINT('',(5.2148702751545,1.00733979166607E-15,-16.4511072476965));
#4625=CARTESIAN_POINT('',(5.38749826864124,1.01683582704726E-15,-16.6061892744131));
#4626=CARTESIAN_POINT('',(5.74717992203714,1.03538678997003E-15,-16.9091494901371));
#4627=CARTESIAN_POINT('',(5.93720214994744,1.04436061632092E-15,-17.0557031961875));
#4628=CARTESIAN_POINT('',(6.33122747424486,1.06181879889827E-15,-17.34081695453));
#4629=CARTESIAN_POINT('',(6.53668623176411,1.07025131440132E-15,-17.47853038356));
#4630=CARTESIAN_POINT('',(6.7473436214332,1.07824336792079E-15,-17.6090505225099));
#4631=CARTESIAN_POINT('',(7.66874065117724,8.07106381300209E-16,-13.1810474965051));
#4632=CARTESIAN_POINT('',(7.68038660501203,1.05457835085031E-15,-17.2225714644345));
#4633=CARTESIAN_POINT('',(7.73705219842123,1.03980611349236E-15,-16.9813225203595));
#4634=CARTESIAN_POINT('',(7.78495537958971,1.02494751182866E-15,-16.7386631401359));
#4635=CARTESIAN_POINT('',(7.8619674864261,9.95542281746751E-16,-16.2584392894325));
#4636=CARTESIAN_POINT('',(7.89270437300139,9.80969283326933E-16,-16.0204441641447));
#4637=CARTESIAN_POINT('',(7.93281248621783,9.52278346342952E-16,-15.5518856049918));
#4638=CARTESIAN_POINT('',(7.94521935830349,9.38089222508746E-16,-15.3201596274433));
#4639=CARTESIAN_POINT('',(7.94725409209975,9.10280952004543E-16,-14.8660161058407));
#4640=CARTESIAN_POINT('',(7.94085241564021,8.96556283746611E-16,-14.6418752634773));
#4641=CARTESIAN_POINT('',(7.90236428403754,8.69844100371336E-16,-14.2056322031292));
#4642=CARTESIAN_POINT('',(7.87661067716219,8.56668299818858E-16,-13.9904550506367));
#4643=CARTESIAN_POINT('',(7.79139585921907,8.31398521106567E-16,-13.577768246084));
#4644=CARTESIAN_POINT('',(7.73658183688619,8.19170620586361E-16,-13.3780714759015));
#4645=CARTESIAN_POINT('',(7.66874065117724,8.07106381300209E-16,-13.1810474965051));
#4646=CARTESIAN_POINT('',(7.95852101833921,7.42180274604901E-16,-12.1207237077929));
#4647=CARTESIAN_POINT('',(7.66874065117724,8.07106381300209E-16,-13.1810474965051));
#4648=CARTESIAN_POINT('',(7.63254150311271,8.01524573967006E-16,-13.0898896649231));
#4649=CARTESIAN_POINT('',(7.60997530991793,7.95846581198787E-16,-12.9971610059796));
#4650=CARTESIAN_POINT('',(7.59460789008406,7.8591354041153E-16,-12.8349421393779));
#4651=CARTESIAN_POINT('',(7.59416538723991,7.81593454481767E-16,-12.7643897820326));
#4652=CARTESIAN_POINT('',(7.61077711085212,7.73756491597344E-16,-12.6364024653649));
#4653=CARTESIAN_POINT('',(7.62506684301614,7.70022508768982E-16,-12.5754218980542));
#4654=CARTESIAN_POINT('',(7.66547028599554,7.63195357241158E-16,-12.4639260523528));
#4655=CARTESIAN_POINT('',(7.69145667468588,7.59917565806653E-16,-12.410395655886));
#4656=CARTESIAN_POINT('',(7.75246716154194,7.53999598717142E-16,-12.3137479188629));
#4657=CARTESIAN_POINT('',(7.78847963009954,7.51207463319089E-16,-12.2681488873708));
#4658=CARTESIAN_POINT('',(7.86729584732477,7.46297815397107E-16,-12.187968252017));
#4659=CARTESIAN_POINT('',(7.91077768824152,7.44110925752159E-16,-12.1522536337863));
#4660=CARTESIAN_POINT('',(7.95852101833921,7.42180274604901E-16,-12.1207237077929));
#4661=CARTESIAN_POINT('',(8.15249441300643,7.34244019686442E-16,-11.9911148291516));
#4662=AXIS2_PLACEMENT_3D('',#4663,#4664,#4665);
#4663=CARTESIAN_POINT('',(0.,0.,0.));
#4664=DIRECTION('',(0.,-1.,-6.12323399573676E-17));
#4665=DIRECTION('',(0.548863518506152,5.11848465244759E-17,-0.835911979847787));
#4666=CARTESIAN_POINT('',(9.24300000476999,7.42696911334936E-16,-12.1291610258898));
#4667=CARTESIAN_POINT('',(8.15249441300643,7.34244019686442E-16,-11.9911148291516));
#4668=CARTESIAN_POINT('',(8.19989484772764,7.3228194537617E-16,-11.9590717239618));
#4669=CARTESIAN_POINT('',(8.24953063264998,7.30659007300525E-16,-11.932567133793));
#4670=CARTESIAN_POINT('',(8.35376954109091,7.28079111906995E-16,-11.890434244615));
#4671=CARTESIAN_POINT('',(8.40967892806437,7.27110343500049E-16,-11.8746130558834));
#4672=CARTESIAN_POINT('',(8.52231749668393,7.2592360856087E-16,-11.8552322035429));
#4673=CARTESIAN_POINT('',(8.58171769476557,7.25707881101188E-16,-11.8517091067637));
#4674=CARTESIAN_POINT('',(8.70018815280788,7.26034843360471E-16,-11.8570488056796));
#4675=CARTESIAN_POINT('',(8.76199529457928,7.26655387920223E-16,-11.8671830674142));
#4676=CARTESIAN_POINT('',(8.88659718827895,7.28714716882904E-16,-11.9008144616107));
#4677=CARTESIAN_POINT('',(8.9516097286935,7.30392975158249E-16,-11.9282224992018));
#4678=CARTESIAN_POINT('',(9.09559956236541,7.35063540304465E-16,-12.0044986165194));
#4679=CARTESIAN_POINT('',(9.17263396417333,7.38513013077726E-16,-12.0608327820219));
#4680=CARTESIAN_POINT('',(9.24300000476999,7.42696911334937E-16,-12.1291610258898));
#4681=CARTESIAN_POINT('',(9.24300000476999,7.42696911334937E-16,-12.1291610258898));
#4682=CARTESIAN_POINT('',(9.3990647289454,7.51151560283818E-16,-12.2672359215212));
#4683=CARTESIAN_POINT('',(9.56258406941757,7.58931876034856E-16,-12.3942981202948));
#4684=CARTESIAN_POINT('',(9.91124666246248,7.73422915196317E-16,-12.6309547493172));
#4685=CARTESIAN_POINT('',(10.1001889508395,7.79921990941115E-16,-12.73709271088));
#4686=CARTESIAN_POINT('',(10.4884962151881,7.92321624816552E-16,-12.9395940995918));
#4687=CARTESIAN_POINT('',(10.6931255363272,7.97935979169007E-16,-13.0312834643354));
#4688=CARTESIAN_POINT('',(11.1134780996715,8.0846263602626E-16,-13.2031968170601));
#4689=CARTESIAN_POINT('',(11.3323128918744,8.13190705684911E-16,-13.2804120543341));
#4690=CARTESIAN_POINT('',(11.78055326489,8.21901283597327E-16,-13.4226665871265));
#4691=CARTESIAN_POINT('',(12.0121945872357,8.25739302848389E-16,-13.4853461981577));
#4692=CARTESIAN_POINT('',(12.4853348313022,8.32635521793772E-16,-13.5979700003868));
#4693=CARTESIAN_POINT('',(12.7278546198534,8.35611716976796E-16,-13.6465749562826));
#4694=CARTESIAN_POINT('',(12.9724245653071,8.38059160870077E-16,-13.6865447483073));
#4695=CARTESIAN_POINT('',(12.1291610258898,5.65970518518027E-16,-9.24300000476999));
#4696=CARTESIAN_POINT('',(13.6865447483073,7.9433191105419E-16,-12.9724245653071));
#4697=CARTESIAN_POINT('',(13.6465749562826,7.79356321010818E-16,-12.7278546198534));
#4698=CARTESIAN_POINT('',(13.5979700003868,7.64506266871862E-16,-12.4853348313022));
#4699=CARTESIAN_POINT('',(13.4853461981577,7.35534782599669E-16,-12.0121945872357));
#4700=CARTESIAN_POINT('',(13.4226665871265,7.21350842401623E-16,-11.78055326489));
#4701=CARTESIAN_POINT('',(13.2804120543341,6.93904035498512E-16,-11.3323128918744));
#4702=CARTESIAN_POINT('',(13.2031968170601,6.80504269107843E-16,-11.1134780996715));
#4703=CARTESIAN_POINT('',(13.0312834643354,6.54765098047194E-16,-10.6931255363272));
#4704=CARTESIAN_POINT('',(12.9395940995918,6.42235165889964E-16,-10.4884962151881));
#4705=CARTESIAN_POINT('',(12.73709271088,6.18458203471453E-16,-10.1001889508395));
#4706=CARTESIAN_POINT('',(12.6309547493172,6.06888825037228E-16,-9.91124666246247));
#4707=CARTESIAN_POINT('',(12.3942981202948,5.85539398609485E-16,-9.56258406941757));
#4708=CARTESIAN_POINT('',(12.2672359215212,5.75526726764088E-16,-9.39906472894539));
#4709=CARTESIAN_POINT('',(12.1291610258898,5.65970518518027E-16,-9.24300000476999));
#4710=CARTESIAN_POINT('',(11.9911148291516,4.9919630939775E-16,-8.15249441300642));
#4711=CARTESIAN_POINT('',(12.1291610258898,5.65970518518027E-16,-9.24300000476999));
#4712=CARTESIAN_POINT('',(12.0608327820219,5.61661841198758E-16,-9.17263396417333));
#4713=CARTESIAN_POINT('',(12.0044986165194,5.56944844518843E-16,-9.0955995623654));
#4714=CARTESIAN_POINT('',(11.9282224992018,5.4812801007304E-16,-8.95160972869349));
#4715=CARTESIAN_POINT('',(11.9008144616107,5.44147140096884E-16,-8.88659718827895));
#4716=CARTESIAN_POINT('',(11.8671830674142,5.36517474582534E-16,-8.76199529457928));
#4717=CARTESIAN_POINT('',(11.8570488056796,5.32732878665795E-16,-8.70018815280788));
#4718=CARTESIAN_POINT('',(11.8517091067638,5.25478655304043E-16,-8.58171769476557));
#4719=CARTESIAN_POINT('',(11.8552322035429,5.21841442181572E-16,-8.52231749668392));
#4720=CARTESIAN_POINT('',(11.8746130558834,5.14944319055549E-16,-8.40967892806437));
#4721=CARTESIAN_POINT('',(11.8904342446151,5.11520856465581E-16,-8.3537695410909));
#4722=CARTESIAN_POINT('',(11.932567133793,5.05138064187142E-16,-8.24953063264998));
#4723=CARTESIAN_POINT('',(11.9590717239618,5.02098748930726E-16,-8.19989484772763));
#4724=CARTESIAN_POINT('',(11.9911148291516,4.9919630939775E-16,-8.15249441300642));
#4725=CARTESIAN_POINT('',(12.1207237077929,4.87318864552802E-16,-7.95852101833921));
#4726=AXIS2_PLACEMENT_3D('',#4727,#4728,#4729);
#4727=CARTESIAN_POINT('',(0.,0.,0.));
#4728=DIRECTION('',(0.,-1.,-6.12323399573676E-17));
#4729=DIRECTION('',(0.826973436493213,3.44273316826034E-17,-0.562240994000443));
#4730=CARTESIAN_POINT('',(13.1810474965051,4.6957493459777E-16,-7.66874065117724));
#4731=CARTESIAN_POINT('',(12.1207237077929,4.87318864552802E-16,-7.9585210183392));
#4732=CARTESIAN_POINT('',(12.1522536337863,4.84395428733564E-16,-7.91077768824152));
#4733=CARTESIAN_POINT('',(12.187968252017,4.81732933868577E-16,-7.86729584732477));
#4734=CARTESIAN_POINT('',(12.2681488873708,4.76906832461288E-16,-7.78847963009954));
#4735=CARTESIAN_POINT('',(12.3137479188629,4.74701704743865E-16,-7.75246716154194));
#4736=CARTESIAN_POINT('',(12.410395655886,4.7096588987173E-16,-7.69145667468587));
#4737=CARTESIAN_POINT('',(12.4639260523528,4.69374682485179E-16,-7.66547028599554));
#4738=CARTESIAN_POINT('',(12.5754218980542,4.66900685129216E-16,-7.62506684301613));
#4739=CARTESIAN_POINT('',(12.6364024653649,4.66025691391449E-16,-7.61077711085211));
#4740=CARTESIAN_POINT('',(12.7643897820326,4.65008516683949E-16,-7.59416538723991));
#4741=CARTESIAN_POINT('',(12.8349421393779,4.65035612168534E-16,-7.59460789008405));
#4742=CARTESIAN_POINT('',(12.9971610059796,4.65976595244068E-16,-7.60997530991792));
#4743=CARTESIAN_POINT('',(13.0898896649231,4.67358376057315E-16,-7.6325415031127));
#4744=CARTESIAN_POINT('',(13.1810474965051,4.6957493459777E-16,-7.66874065117724));
#4745=CARTESIAN_POINT('',(13.1810474965051,4.6957493459777E-16,-7.66874065117724));
#4746=CARTESIAN_POINT('',(13.3780714759015,4.73729009144211E-16,-7.73658183688619));
#4747=CARTESIAN_POINT('',(13.577768246084,4.77085399994128E-16,-7.79139585921906));
#4748=CARTESIAN_POINT('',(13.9904550506367,4.82303302695827E-16,-7.87661067716218));
#4749=CARTESIAN_POINT('',(14.2056322031292,4.83880256307147E-16,-7.90236428403753));
#4750=CARTESIAN_POINT('',(14.6418752634773,4.86236974665765E-16,-7.9408524156402));
#4751=CARTESIAN_POINT('',(14.8660161058407,4.86628964295033E-16,-7.94725409209975));
#4752=CARTESIAN_POINT('',(15.3201596274433,4.86504372783498E-16,-7.94521935830349));
#4753=CARTESIAN_POINT('',(15.5518856049918,4.85744670974141E-16,-7.93281248621782));
#4754=CARTESIAN_POINT('',(16.0204441641447,4.83288757350623E-16,-7.89270437300138));
#4755=CARTESIAN_POINT('',(16.2584392894325,4.81406665862614E-16,-7.86196748642609));
#4756=CARTESIAN_POINT('',(16.7386631401359,4.76691034355975E-16,-7.78495537958971));
#4757=CARTESIAN_POINT('',(16.9813225203595,4.73757810481627E-16,-7.73705219842122));
#4758=CARTESIAN_POINT('',(17.2225714644345,4.70288043602109E-16,-7.68038660501203));
#4759=CARTESIAN_POINT('',(14.7430265855291,2.38670774827001E-16,-3.89778955031234));
#4760=CARTESIAN_POINT('',(17.6090505225099,4.13155638436774E-16,-6.7473436214332));
#4761=CARTESIAN_POINT('',(17.47853038356,4.00256593538024E-16,-6.5366862317641));
#4762=CARTESIAN_POINT('',(17.34081695453,3.87675873050387E-16,-6.33122747424485));
#4763=CARTESIAN_POINT('',(17.0557031961875,3.63548780441195E-16,-5.93720214994743));
#4764=CARTESIAN_POINT('',(16.9091494901371,3.51913274782336E-16,-5.74717992203714));
#4765=CARTESIAN_POINT('',(16.6061892744131,3.2988912550517E-16,-5.38749826864123));
#4766=CARTESIAN_POINT('',(16.4511072476965,3.19318709521831E-16,-5.21487027515449));
#4767=CARTESIAN_POINT('',(16.1314180580047,2.99567193372554E-16,-4.89230353733214));
#4768=CARTESIAN_POINT('',(15.9683998795931,2.90139565902845E-16,-4.73833869659157));
#4769=CARTESIAN_POINT('',(15.632714234524,2.72917651430615E-16,-4.45708348922532));
#4770=CARTESIAN_POINT('',(15.4623504607785,2.64716028104578E-16,-4.32314081560305));
#4771=CARTESIAN_POINT('',(15.110280847148,2.50537210601975E-16,-4.09158315322277));
#4772=CARTESIAN_POINT('',(14.9303145398751,2.44264105954752E-16,-3.98913557974134));
#4773=CARTESIAN_POINT('',(14.7430265855291,2.38670774827001E-16,-3.89778955031234));
#4774=CARTESIAN_POINT('',(14.1981701069522,1.80214231310604E-16,-2.9431217463856));
#4775=CARTESIAN_POINT('',(14.7430265855291,2.38670774827001E-16,-3.89778955031234));
#4776=CARTESIAN_POINT('',(14.6529716015896,2.36291184585269E-16,-3.85892789251209));
#4777=CARTESIAN_POINT('',(14.5714458298067,2.33253303978492E-16,-3.8093155371964));
#4778=CARTESIAN_POINT('',(14.4458733624224,2.26894958993713E-16,-3.70547588335978));
#4779=CARTESIAN_POINT('',(14.395672415353,2.23859356338359E-16,-3.65590072981399));
#4780=CARTESIAN_POINT('',(14.3169179782448,2.17598535605551E-16,-3.55365376787906));
#4781=CARTESIAN_POINT('',(14.2839025720934,2.14339497021311E-16,-3.50042962869854));
#4782=CARTESIAN_POINT('',(14.2336326520378,2.07762591572759E-16,-3.3930206116149));
#4783=CARTESIAN_POINT('',(14.214156097358,2.04319689488801E-16,-3.33679375361217));
#4784=CARTESIAN_POINT('',(14.188956756102,1.97493434799625E-16,-3.22531255439736));
#4785=CARTESIAN_POINT('',(14.1821780324428,1.93959836163299E-16,-3.1676045092894));
#4786=CARTESIAN_POINT('',(14.1812132431317,1.87075621792639E-16,-3.05517675664344));
#4787=CARTESIAN_POINT('',(14.186705498964,1.83646589121083E-16,-2.99917640333433));
#4788=CARTESIAN_POINT('',(14.1981701069522,1.80214231310604E-16,-2.9431217463856));
#4789=CARTESIAN_POINT('',(14.2436826927019,1.66203829847505E-16,-2.71431452665737));
#4790=AXIS2_PLACEMENT_3D('',#4791,#4792,#4793);
#4791=CARTESIAN_POINT('',(0.,0.,0.));
#4792=DIRECTION('',(1.54074395550979E-33,-1.,-6.12323399573677E-17));
#4793=DIRECTION('',(0.979184145307051,1.24285676765934E-17,-0.202973913543834));
#4794=CARTESIAN_POINT('',(15.1123999933904,1.24964430775474E-16,-2.04082402963009));
#4795=CARTESIAN_POINT('',(14.2436826927019,1.66203829847505E-16,-2.71431452665737));
#4796=CARTESIAN_POINT('',(14.2545419645545,1.62764099121768E-16,-2.65813946086482));
#4797=CARTESIAN_POINT('',(14.2708981892217,1.59467388175058E-16,-2.6043000853158));
#4798=CARTESIAN_POINT('',(14.3148137765951,1.53129810944552E-16,-2.50079959464503));
#4799=CARTESIAN_POINT('',(14.3431604134174,1.50024034622097E-16,-2.45007841814553));
#4800=CARTESIAN_POINT('',(14.4091035769963,1.44307883766042E-16,-2.35672659033633));
#4801=CARTESIAN_POINT('',(14.4486146542403,1.41583443352894E-16,-2.31223310184569));
#4802=CARTESIAN_POINT('',(14.5361616558052,1.36685130052288E-16,-2.23223757490655));
#4803=CARTESIAN_POINT('',(14.5870319100724,1.34447807881739E-16,-2.19569933102911));
#4804=CARTESIAN_POINT('',(14.6989197409532,1.30508985132563E-16,-2.1313734739425));
#4805=CARTESIAN_POINT('',(14.7642709583822,1.28880792784481E-16,-2.10478307499293));
#4806=CARTESIAN_POINT('',(14.9200225059914,1.25948937646117E-16,-2.05690224697942));
#4807=CARTESIAN_POINT('',(15.0143283243337,1.25052662896406E-16,-2.04226496951566));
#4808=CARTESIAN_POINT('',(15.1123999933904,1.24964430775474E-16,-2.04082402963009));
#4809=CARTESIAN_POINT('',(15.1123999933904,1.24964430775474E-16,-2.04082402963009));
#4810=CARTESIAN_POINT('',(15.3203881131714,1.24185510726559E-16,-2.02810329987425));
#4811=CARTESIAN_POINT('',(15.5258602900598,1.22606996594215E-16,-2.00232420775654));
#4812=CARTESIAN_POINT('',(15.9397434811424,1.17757384450223E-16,-1.92312403106284));
#4813=CARTESIAN_POINT('',(16.1483967268691,1.14172139035862E-16,-1.86457253006096));
#4814=CARTESIAN_POINT('',(16.5661615318317,1.06127152871267E-16,-1.73318793541381));
#4815=CARTESIAN_POINT('',(16.7756904840116,1.01237100909687E-16,-1.65332732637969));
#4816=CARTESIAN_POINT('',(17.1944857295297,9.0480228957569E-17,-1.47765427583798));
#4817=CARTESIAN_POINT('',(17.4038247129433,8.43484133939653E-17,-1.37751412819912));
#4818=CARTESIAN_POINT('',(17.8213676650963,7.10998988207816E-17,-1.16114946563016));
#4819=CARTESIAN_POINT('',(18.0294839929323,6.37842279615488E-17,-1.04167549379883));
#4820=CARTESIAN_POINT('',(18.4436817222432,4.81746581524687E-17,-0.786751873046331));
#4821=CARTESIAN_POINT('',(18.6495380032128,3.97785719658774E-17,-0.649633379903051));
#4822=CARTESIAN_POINT('',(18.8507379811008,3.09198348674518E-17,-0.504959223981631));
#4823=CARTESIAN_POINT('',(15.1123999933904,-1.24964430775475E-16,2.04082402963009));
#4824=CARTESIAN_POINT('',(18.8507379811008,-3.09198348674522E-17,0.504959223981638));
#4825=CARTESIAN_POINT('',(18.6495380032128,-3.97785719658779E-17,0.649633379903059));
#4826=CARTESIAN_POINT('',(18.4436817222432,-4.81746581524692E-17,0.786751873046339));
#4827=CARTESIAN_POINT('',(18.0294839929323,-6.37842279615493E-17,1.04167549379884));
#4828=CARTESIAN_POINT('',(17.8213676650963,-7.1099898820782E-17,1.16114946563016));
#4829=CARTESIAN_POINT('',(17.4038247129433,-8.43484133939657E-17,1.37751412819912));
#4830=CARTESIAN_POINT('',(17.1944857295297,-9.04802289575694E-17,1.47765427583798));
#4831=CARTESIAN_POINT('',(16.7756904840116,-1.01237100909687E-16,1.65332732637969));
#4832=CARTESIAN_POINT('',(16.5661615318317,-1.06127152871267E-16,1.73318793541382));
#4833=CARTESIAN_POINT('',(16.1483967268691,-1.14172139035862E-16,1.86457253006096));
#4834=CARTESIAN_POINT('',(15.9397434811424,-1.17757384450224E-16,1.92312403106285));
#4835=CARTESIAN_POINT('',(15.5258602900598,-1.22606996594216E-16,2.00232420775654));
#4836=CARTESIAN_POINT('',(15.3203881131714,-1.2418551072656E-16,2.02810329987426));
#4837=CARTESIAN_POINT('',(15.1123999933904,-1.24964430775475E-16,2.04082402963009));
#4838=CARTESIAN_POINT('',(14.2436826927019,-1.66203829847506E-16,2.71431452665737));
#4839=CARTESIAN_POINT('',(15.1123999933904,-1.24964430775475E-16,2.04082402963009));
#4840=CARTESIAN_POINT('',(15.0143283243337,-1.25052662896406E-16,2.04226496951566));
#4841=CARTESIAN_POINT('',(14.9200225059914,-1.25948937646117E-16,2.05690224697942));
#4842=CARTESIAN_POINT('',(14.7642709583822,-1.28880792784481E-16,2.10478307499293));
#4843=CARTESIAN_POINT('',(14.6989197409532,-1.30508985132563E-16,2.13137347394251));
#4844=CARTESIAN_POINT('',(14.5870319100724,-1.3444780788174E-16,2.19569933102912));
#4845=CARTESIAN_POINT('',(14.5361616558052,-1.36685130052288E-16,2.23223757490656));
#4846=CARTESIAN_POINT('',(14.4486146542403,-1.41583443352894E-16,2.31223310184569));
#4847=CARTESIAN_POINT('',(14.4091035769963,-1.44307883766043E-16,2.35672659033634));
#4848=CARTESIAN_POINT('',(14.3431604134174,-1.50024034622097E-16,2.45007841814554));
#4849=CARTESIAN_POINT('',(14.3148137765951,-1.53129810944552E-16,2.50079959464504));
#4850=CARTESIAN_POINT('',(14.2708981892217,-1.59467388175059E-16,2.6043000853158));
#4851=CARTESIAN_POINT('',(14.2545419645545,-1.62764099121769E-16,2.65813946086482));
#4852=CARTESIAN_POINT('',(14.2436826927019,-1.66203829847506E-16,2.71431452665737));
#4853=CARTESIAN_POINT('',(14.1981701069522,-1.80214231310605E-16,2.9431217463856));
#4854=AXIS2_PLACEMENT_3D('',#4855,#4856,#4857);
#4855=CARTESIAN_POINT('',(0.,0.,0.));
#4856=DIRECTION('',(1.54074395550979E-33,-1.,-6.12323399573677E-17));
#4857=DIRECTION('',(0.982322944324272,-1.14623330929314E-17,0.187194105286715));
#4858=CARTESIAN_POINT('',(14.7430265855291,-2.38670774827001E-16,3.89778955031235));
#4859=CARTESIAN_POINT('',(14.1981701069522,-1.80214231310605E-16,2.9431217463856));
#4860=CARTESIAN_POINT('',(14.186705498964,-1.83646589121084E-16,2.99917640333434));
#4861=CARTESIAN_POINT('',(14.1812132431317,-1.87075621792639E-16,3.05517675664345));
#4862=CARTESIAN_POINT('',(14.1821780324428,-1.939598361633E-16,3.16760450928941));
#4863=CARTESIAN_POINT('',(14.188956756102,-1.97493434799625E-16,3.22531255439737));
#4864=CARTESIAN_POINT('',(14.214156097358,-2.04319689488802E-16,3.33679375361217));
#4865=CARTESIAN_POINT('',(14.2336326520378,-2.0776259157276E-16,3.39302061161491));
#4866=CARTESIAN_POINT('',(14.2839025720934,-2.14339497021311E-16,3.50042962869854));
#4867=CARTESIAN_POINT('',(14.3169179782448,-2.17598535605552E-16,3.55365376787907));
#4868=CARTESIAN_POINT('',(14.395672415353,-2.23859356338359E-16,3.655900729814));
#4869=CARTESIAN_POINT('',(14.4458733624224,-2.26894958993714E-16,3.70547588335978));
#4870=CARTESIAN_POINT('',(14.5714458298067,-2.33253303978493E-16,3.8093155371964));
#4871=CARTESIAN_POINT('',(14.6529716015896,-2.36291184585269E-16,3.85892789251209));
#4872=CARTESIAN_POINT('',(14.7430265855291,-2.38670774827001E-16,3.89778955031235));
#4873=CARTESIAN_POINT('',(14.7430265855291,-2.38670774827001E-16,3.89778955031235));
#4874=CARTESIAN_POINT('',(14.9303145398751,-2.44264105954753E-16,3.98913557974134));
#4875=CARTESIAN_POINT('',(15.110280847148,-2.50537210601976E-16,4.09158315322278));
#4876=CARTESIAN_POINT('',(15.4623504607785,-2.64716028104578E-16,4.32314081560306));
#4877=CARTESIAN_POINT('',(15.632714234524,-2.72917651430616E-16,4.45708348922533));
#4878=CARTESIAN_POINT('',(15.9683998795931,-2.90139565902846E-16,4.73833869659157));
#4879=CARTESIAN_POINT('',(16.1314180580047,-2.99567193372554E-16,4.89230353733215));
#4880=CARTESIAN_POINT('',(16.4511072476966,-3.19318709521832E-16,5.2148702751545));
#4881=CARTESIAN_POINT('',(16.6061892744131,-3.2988912550517E-16,5.38749826864124));
#4882=CARTESIAN_POINT('',(16.9091494901371,-3.51913274782336E-16,5.74717992203715));
#4883=CARTESIAN_POINT('',(17.0557031961875,-3.63548780441196E-16,5.93720214994744));
#4884=CARTESIAN_POINT('',(17.34081695453,-3.87675873050388E-16,6.33122747424486));
#4885=CARTESIAN_POINT('',(17.47853038356,-4.00256593538025E-16,6.53668623176411));
#4886=CARTESIAN_POINT('',(17.6090505225099,-4.13155638436774E-16,6.74734362143321));
#4887=CARTESIAN_POINT('',(13.1810474965051,-4.6957493459777E-16,7.66874065117725));
#4888=CARTESIAN_POINT('',(17.2225714644345,-4.7028804360211E-16,7.68038660501203));
#4889=CARTESIAN_POINT('',(16.9813225203595,-4.73757810481628E-16,7.73705219842123));
#4890=CARTESIAN_POINT('',(16.7386631401359,-4.76691034355976E-16,7.78495537958972));
#4891=CARTESIAN_POINT('',(16.2584392894325,-4.81406665862614E-16,7.8619674864261));
#4892=CARTESIAN_POINT('',(16.0204441641447,-4.83288757350624E-16,7.89270437300139));
#4893=CARTESIAN_POINT('',(15.5518856049918,-4.85744670974141E-16,7.93281248621783));
#4894=CARTESIAN_POINT('',(15.3201596274433,-4.86504372783498E-16,7.94521935830349));
#4895=CARTESIAN_POINT('',(14.8660161058407,-4.86628964295033E-16,7.94725409209975));
#4896=CARTESIAN_POINT('',(14.6418752634773,-4.86236974665765E-16,7.94085241564021));
#4897=CARTESIAN_POINT('',(14.2056322031292,-4.83880256307147E-16,7.90236428403754));
#4898=CARTESIAN_POINT('',(13.9904550506367,-4.82303302695827E-16,7.87661067716219));
#4899=CARTESIAN_POINT('',(13.577768246084,-4.77085399994129E-16,7.79139585921907));
#4900=CARTESIAN_POINT('',(13.3780714759015,-4.73729009144211E-16,7.73658183688619));
#4901=CARTESIAN_POINT('',(13.1810474965051,-4.6957493459777E-16,7.66874065117725));
#4902=CARTESIAN_POINT('',(12.1207237077929,-4.87318864552802E-16,7.95852101833921));
#4903=CARTESIAN_POINT('',(13.1810474965051,-4.6957493459777E-16,7.66874065117725));
#4904=CARTESIAN_POINT('',(13.0898896649231,-4.67358376057315E-16,7.63254150311271));
#4905=CARTESIAN_POINT('',(12.9971610059796,-4.65976595244069E-16,7.60997530991793));
#4906=CARTESIAN_POINT('',(12.8349421393779,-4.65035612168534E-16,7.59460789008406));
#4907=CARTESIAN_POINT('',(12.7643897820326,-4.65008516683949E-16,7.59416538723991));
#4908=CARTESIAN_POINT('',(12.6364024653649,-4.66025691391449E-16,7.61077711085212));
#4909=CARTESIAN_POINT('',(12.5754218980542,-4.66900685129216E-16,7.62506684301614));
#4910=CARTESIAN_POINT('',(12.4639260523528,-4.69374682485179E-16,7.66547028599554));
#4911=CARTESIAN_POINT('',(12.410395655886,-4.7096588987173E-16,7.69145667468588));
#4912=CARTESIAN_POINT('',(12.3137479188629,-4.74701704743865E-16,7.75246716154194));
#4913=CARTESIAN_POINT('',(12.2681488873708,-4.76906832461288E-16,7.78847963009954));
#4914=CARTESIAN_POINT('',(12.187968252017,-4.81732933868577E-16,7.86729584732477));
#4915=CARTESIAN_POINT('',(12.1522536337863,-4.84395428733564E-16,7.91077768824153));
#4916=CARTESIAN_POINT('',(12.1207237077929,-4.87318864552802E-16,7.95852101833921));
#4917=CARTESIAN_POINT('',(11.9911148291516,-4.9919630939775E-16,8.15249441300643));
#4918=AXIS2_PLACEMENT_3D('',#4919,#4920,#4921);
#4919=CARTESIAN_POINT('',(0.,0.,0.));
#4920=DIRECTION('',(0.,-1.,-6.12323399573677E-17));
#4921=DIRECTION('',(0.835911979847787,-3.36081975553657E-17,0.548863518506152));
#4922=CARTESIAN_POINT('',(12.1291610258898,-5.65970518518027E-16,9.24300000476999));
#4923=CARTESIAN_POINT('',(11.9911148291516,-4.9919630939775E-16,8.15249441300643));
#4924=CARTESIAN_POINT('',(11.9590717239618,-5.02098748930726E-16,8.19989484772764));
#4925=CARTESIAN_POINT('',(11.932567133793,-5.05138064187142E-16,8.24953063264999));
#4926=CARTESIAN_POINT('',(11.890434244615,-5.11520856465582E-16,8.35376954109091));
#4927=CARTESIAN_POINT('',(11.8746130558834,-5.14944319055549E-16,8.40967892806438));
#4928=CARTESIAN_POINT('',(11.8552322035429,-5.21841442181573E-16,8.52231749668393));
#4929=CARTESIAN_POINT('',(11.8517091067637,-5.25478655304043E-16,8.58171769476557));
#4930=CARTESIAN_POINT('',(11.8570488056796,-5.32732878665795E-16,8.70018815280789));
#4931=CARTESIAN_POINT('',(11.8671830674142,-5.36517474582535E-16,8.76199529457928));
#4932=CARTESIAN_POINT('',(11.9008144616107,-5.44147140096885E-16,8.88659718827896));
#4933=CARTESIAN_POINT('',(11.9282224992018,-5.4812801007304E-16,8.9516097286935));
#4934=CARTESIAN_POINT('',(12.0044986165194,-5.56944844518843E-16,9.09559956236541));
#4935=CARTESIAN_POINT('',(12.0608327820219,-5.61661841198759E-16,9.17263396417333));
#4936=CARTESIAN_POINT('',(12.1291610258898,-5.65970518518027E-16,9.24300000476999));
#4937=CARTESIAN_POINT('',(12.1291610258898,-5.65970518518027E-16,9.24300000476999));
#4938=CARTESIAN_POINT('',(12.2672359215212,-5.75526726764088E-16,9.3990647289454));
#4939=CARTESIAN_POINT('',(12.3942981202948,-5.85539398609485E-16,9.56258406941758));
#4940=CARTESIAN_POINT('',(12.6309547493172,-6.06888825037228E-16,9.91124666246248));
#4941=CARTESIAN_POINT('',(12.73709271088,-6.18458203471453E-16,10.1001889508395));
#4942=CARTESIAN_POINT('',(12.9395940995918,-6.42235165889964E-16,10.4884962151881));
#4943=CARTESIAN_POINT('',(13.0312834643354,-6.54765098047194E-16,10.6931255363272));
#4944=CARTESIAN_POINT('',(13.2031968170601,-6.80504269107843E-16,11.1134780996715));
#4945=CARTESIAN_POINT('',(13.2804120543341,-6.93904035498513E-16,11.3323128918744));
#4946=CARTESIAN_POINT('',(13.4226665871265,-7.21350842401623E-16,11.78055326489));
#4947=CARTESIAN_POINT('',(13.4853461981577,-7.3553478259967E-16,12.0121945872357));
#4948=CARTESIAN_POINT('',(13.5979700003868,-7.64506266871863E-16,12.4853348313022));
#4949=CARTESIAN_POINT('',(13.6465749562826,-7.79356321010818E-16,12.7278546198534));
#4950=CARTESIAN_POINT('',(13.6865447483073,-7.9433191105419E-16,12.9724245653071));
#4951=CARTESIAN_POINT('',(9.24300000476999,-7.42696911334937E-16,12.1291610258898));
#4952=CARTESIAN_POINT('',(12.9724245653071,-8.38059160870077E-16,13.6865447483073));
#4953=CARTESIAN_POINT('',(12.7278546198534,-8.35611716976796E-16,13.6465749562826));
#4954=CARTESIAN_POINT('',(12.4853348313022,-8.32635521793772E-16,13.5979700003868));
#4955=CARTESIAN_POINT('',(12.0121945872357,-8.25739302848389E-16,13.4853461981577));
#4956=CARTESIAN_POINT('',(11.78055326489,-8.21901283597328E-16,13.4226665871265));
#4957=CARTESIAN_POINT('',(11.3323128918744,-8.13190705684911E-16,13.2804120543341));
#4958=CARTESIAN_POINT('',(11.1134780996715,-8.08462636026261E-16,13.2031968170601));
#4959=CARTESIAN_POINT('',(10.6931255363272,-7.97935979169007E-16,13.0312834643354));
#4960=CARTESIAN_POINT('',(10.4884962151881,-7.92321624816552E-16,12.9395940995918));
#4961=CARTESIAN_POINT('',(10.1001889508395,-7.79921990941115E-16,12.73709271088));
#4962=CARTESIAN_POINT('',(9.91124666246247,-7.73422915196317E-16,12.6309547493172));
#4963=CARTESIAN_POINT('',(9.56258406941757,-7.58931876034856E-16,12.3942981202948));
#4964=CARTESIAN_POINT('',(9.39906472894539,-7.51151560283818E-16,12.2672359215212));
#4965=CARTESIAN_POINT('',(9.24300000476999,-7.42696911334937E-16,12.1291610258898));
#4966=CARTESIAN_POINT('',(8.15249441300642,-7.34244019686443E-16,11.9911148291516));
#4967=CARTESIAN_POINT('',(9.24300000476999,-7.42696911334937E-16,12.1291610258898));
#4968=CARTESIAN_POINT('',(9.17263396417333,-7.38513013077727E-16,12.0608327820219));
#4969=CARTESIAN_POINT('',(9.0955995623654,-7.35063540304465E-16,12.0044986165194));
#4970=CARTESIAN_POINT('',(8.95160972869349,-7.30392975158249E-16,11.9282224992018));
#4971=CARTESIAN_POINT('',(8.88659718827895,-7.28714716882904E-16,11.9008144616107));
#4972=CARTESIAN_POINT('',(8.76199529457928,-7.26655387920223E-16,11.8671830674142));
#4973=CARTESIAN_POINT('',(8.70018815280788,-7.26034843360471E-16,11.8570488056796));
#4974=CARTESIAN_POINT('',(8.58171769476556,-7.25707881101188E-16,11.8517091067638));
#4975=CARTESIAN_POINT('',(8.52231749668392,-7.2592360856087E-16,11.8552322035429));
#4976=CARTESIAN_POINT('',(8.40967892806437,-7.27110343500049E-16,11.8746130558834));
#4977=CARTESIAN_POINT('',(8.3537695410909,-7.28079111906995E-16,11.8904342446151));
#4978=CARTESIAN_POINT('',(8.24953063264998,-7.30659007300525E-16,11.932567133793));
#4979=CARTESIAN_POINT('',(8.19989484772763,-7.3228194537617E-16,11.9590717239618));
#4980=CARTESIAN_POINT('',(8.15249441300642,-7.34244019686443E-16,11.9911148291516));
#4981=CARTESIAN_POINT('',(7.9585210183392,-7.42180274604901E-16,12.1207237077929));
#4982=AXIS2_PLACEMENT_3D('',#4983,#4984,#4985);
#4983=CARTESIAN_POINT('',(0.,0.,0.));
#4984=DIRECTION('',(-6.16297582203916E-33,-1.,-6.12323399573677E-17));
#4985=DIRECTION('',(0.562240994000443,-5.0637518599065E-17,0.826973436493213));
#4986=CARTESIAN_POINT('',(7.66874065117724,-8.07106381300209E-16,13.1810474965051));
#4987=CARTESIAN_POINT('',(7.9585210183392,-7.42180274604901E-16,12.1207237077929));
#4988=CARTESIAN_POINT('',(7.91077768824152,-7.4411092575216E-16,12.1522536337863));
#4989=CARTESIAN_POINT('',(7.86729584732477,-7.46297815397107E-16,12.187968252017));
#4990=CARTESIAN_POINT('',(7.78847963009954,-7.5120746331909E-16,12.2681488873708));
#4991=CARTESIAN_POINT('',(7.75246716154194,-7.53999598717142E-16,12.3137479188629));
#4992=CARTESIAN_POINT('',(7.69145667468587,-7.59917565806653E-16,12.410395655886));
#4993=CARTESIAN_POINT('',(7.66547028599554,-7.63195357241158E-16,12.4639260523528));
#4994=CARTESIAN_POINT('',(7.62506684301613,-7.70022508768982E-16,12.5754218980542));
#4995=CARTESIAN_POINT('',(7.61077711085211,-7.73756491597345E-16,12.6364024653649));
#4996=CARTESIAN_POINT('',(7.59416538723991,-7.81593454481767E-16,12.7643897820326));
#4997=CARTESIAN_POINT('',(7.59460789008405,-7.85913540411531E-16,12.8349421393779));
#4998=CARTESIAN_POINT('',(7.60997530991792,-7.95846581198787E-16,12.9971610059796));
#4999=CARTESIAN_POINT('',(7.6325415031127,-8.01524573967006E-16,13.0898896649231));
#5000=CARTESIAN_POINT('',(7.66874065117724,-8.0710638130021E-16,13.1810474965051));
#5001=CARTESIAN_POINT('',(7.66874065117724,-8.0710638130021E-16,13.1810474965051));
#5002=CARTESIAN_POINT('',(7.73658183688619,-8.19170620586361E-16,13.3780714759015));
#5003=CARTESIAN_POINT('',(7.79139585921906,-8.31398521106567E-16,13.577768246084));
#5004=CARTESIAN_POINT('',(7.87661067716218,-8.56668299818859E-16,13.9904550506367));
#5005=CARTESIAN_POINT('',(7.90236428403753,-8.69844100371336E-16,14.2056322031292));
#5006=CARTESIAN_POINT('',(7.9408524156402,-8.96556283746612E-16,14.6418752634773));
#5007=CARTESIAN_POINT('',(7.94725409209975,-9.10280952004543E-16,14.8660161058407));
#5008=CARTESIAN_POINT('',(7.94521935830349,-9.38089222508747E-16,15.3201596274433));
#5009=CARTESIAN_POINT('',(7.93281248621782,-9.52278346342952E-16,15.5518856049918));
#5010=CARTESIAN_POINT('',(7.89270437300138,-9.80969283326933E-16,16.0204441641447));
#5011=CARTESIAN_POINT('',(7.86196748642609,-9.95542281746752E-16,16.2584392894325));
#5012=CARTESIAN_POINT('',(7.78495537958971,-1.02494751182866E-15,16.7386631401359));
#5013=CARTESIAN_POINT('',(7.73705219842122,-1.03980611349236E-15,16.9813225203595));
#5014=CARTESIAN_POINT('',(7.68038660501202,-1.05457835085031E-15,17.2225714644345));
#5015=CARTESIAN_POINT('',(3.89778955031234,-9.02750015885626E-16,14.7430265855291));
#5016=CARTESIAN_POINT('',(6.7473436214332,-1.07824336792079E-15,17.6090505225099));
#5017=CARTESIAN_POINT('',(6.5366862317641,-1.07025131440132E-15,17.47853038356));
#5018=CARTESIAN_POINT('',(6.33122747424485,-1.06181879889827E-15,17.34081695453));
#5019=CARTESIAN_POINT('',(5.93720214994743,-1.04436061632092E-15,17.0557031961875));
#5020=CARTESIAN_POINT('',(5.74717992203714,-1.03538678997003E-15,16.9091494901371));
#5021=CARTESIAN_POINT('',(5.38749826864123,-1.01683582704726E-15,16.6061892744131));
#5022=CARTESIAN_POINT('',(5.21487027515449,-1.00733979166607E-15,16.4511072476965));
#5023=CARTESIAN_POINT('',(4.89230353733214,-9.87764474522162E-16,16.1314180580047));
#5024=CARTESIAN_POINT('',(4.73833869659156,-9.77782490002433E-16,15.9683998795931));
#5025=CARTESIAN_POINT('',(4.45708348922532,-9.57227672464752E-16,15.632714234524));
#5026=CARTESIAN_POINT('',(4.32314081560305,-9.46795899954352E-16,15.4623504607785));
#5027=CARTESIAN_POINT('',(4.09158315322277,-9.25237853683865E-16,15.110280847148));
#5028=CARTESIAN_POINT('',(3.98913557974134,-9.14218095576064E-16,14.9303145398751));
#5029=CARTESIAN_POINT('',(3.89778955031234,-9.02750015885626E-16,14.7430265855291));
#5030=CARTESIAN_POINT('',(2.94312174638559,-8.69387178761435E-16,14.1981701069522));
#5031=CARTESIAN_POINT('',(3.89778955031234,-9.02750015885626E-16,14.7430265855291));
#5032=CARTESIAN_POINT('',(3.85892789251209,-8.97235738494189E-16,14.6529716015896));
#5033=CARTESIAN_POINT('',(3.8093155371964,-8.92243724721093E-16,14.5714458298067));
#5034=CARTESIAN_POINT('',(3.70547588335978,-8.84554628708928E-16,14.4458733624224));
#5035=CARTESIAN_POINT('',(3.65590072981399,-8.81480707251795E-16,14.395672415353));
#5036=CARTESIAN_POINT('',(3.55365376787906,-8.76658388785637E-16,14.3169179782448));
#5037=CARTESIAN_POINT('',(3.50042962869854,-8.74636778212339E-16,14.2839025720934));
#5038=CARTESIAN_POINT('',(3.3930206116149,-8.71558633377865E-16,14.2336326520378));
#5039=CARTESIAN_POINT('',(3.33679375361217,-8.70366038360516E-16,14.214156097358));
#5040=CARTESIAN_POINT('',(3.22531255439736,-8.68823023730028E-16,14.188956756102));
#5041=CARTESIAN_POINT('',(3.1676045092894,-8.68407946618446E-16,14.1821780324428));
#5042=CARTESIAN_POINT('',(3.05517675664344,-8.68348870311362E-16,14.1812132431317));
#5043=CARTESIAN_POINT('',(2.99917640333433,-8.68685173987619E-16,14.186705498964));
#5044=CARTESIAN_POINT('',(2.94312174638559,-8.69387178761435E-16,14.1981701069522));
#5045=CARTESIAN_POINT('',(2.71431452665737,-8.72174020884399E-16,14.2436826927019));
#5046=AXIS2_PLACEMENT_3D('',#5047,#5048,#5049);
#5047=CARTESIAN_POINT('',(0.,0.,0.));
#5048=DIRECTION('',(-1.54074395550979E-33,-1.,-6.12323399573677E-17));
#5049=DIRECTION('',(0.202973913543834,-5.99577364663059E-17,0.979184145307051));
#5050=CARTESIAN_POINT('',(2.04082402963008,-9.25367613967001E-16,15.1123999933904));
#5051=CARTESIAN_POINT('',(2.71431452665736,-8.72174020884399E-16,14.2436826927019));
#5052=CARTESIAN_POINT('',(2.65813946086481,-8.72838959510165E-16,14.2545419645545));
#5053=CARTESIAN_POINT('',(2.60430008531579,-8.73840489419406E-16,14.2708981892217));
#5054=CARTESIAN_POINT('',(2.50079959464503,-8.76529543594879E-16,14.3148137765951));
#5055=CARTESIAN_POINT('',(2.45007841814553,-8.78265274497432E-16,14.3431604134174));
#5056=CARTESIAN_POINT('',(2.35672659033633,-8.82303128707558E-16,14.4091035769963));
#5057=CARTESIAN_POINT('',(2.31223310184568,-8.84722484421448E-16,14.4486146542403));
#5058=CARTESIAN_POINT('',(2.23223757490655,-8.90083192183516E-16,14.5361616558052));
#5059=CARTESIAN_POINT('',(2.19569933102911,-8.93198096886522E-16,14.5870319100724));
#5060=CARTESIAN_POINT('',(2.1313734739425,-9.00049250584109E-16,14.6989197409532));
#5061=CARTESIAN_POINT('',(2.10478307499293,-9.0405085854635E-16,14.7642709583822));
#5062=CARTESIAN_POINT('',(2.05690224697942,-9.1358789025844E-16,14.9200225059914));
#5063=CARTESIAN_POINT('',(2.04226496951566,-9.19362456187134E-16,15.0143283243337));
#5064=CARTESIAN_POINT('',(2.04082402963009,-9.25367613967001E-16,15.1123999933904));
#5065=CARTESIAN_POINT('',(2.04082402963009,-9.25367613967001E-16,15.1123999933904));
#5066=CARTESIAN_POINT('',(2.02810329987425,-9.38103213224527E-16,15.3203881131714));
#5067=CARTESIAN_POINT('',(2.00232420775653,-9.50684755411535E-16,15.5258602900598));
#5068=CARTESIAN_POINT('',(1.92312403106284,-9.76027791670544E-16,15.9397434811424));
#5069=CARTESIAN_POINT('',(1.86457253006095,-9.88804118146089E-16,16.1483967268691));
#5070=CARTESIAN_POINT('',(1.73318793541381,-1.01438483470579E-15,16.5661615318317));
#5071=CARTESIAN_POINT('',(1.65332732637969,-1.02721478273658E-15,16.7756904840116));
#5072=CARTESIAN_POINT('',(1.47765427583798,-1.05285859558267E-15,17.1944857295297));
#5073=CARTESIAN_POINT('',(1.37751412819912,-1.06567691138138E-15,17.4038247129433));
#5074=CARTESIAN_POINT('',(1.16114946563016,-1.09124404337441E-15,17.8213676650963));
#5075=CARTESIAN_POINT('',(1.04167549379883,-1.10398749311115E-15,18.0294839929323));
#5076=CARTESIAN_POINT('',(0.786751873046329,-1.12934978928188E-15,18.4436817222432));
#5077=CARTESIAN_POINT('',(0.649633379903049,-1.14195485106058E-15,18.6495380032128));
#5078=CARTESIAN_POINT('',(0.504959223981628,-1.15427479650603E-15,18.8507379811008));
#5079=CARTESIAN_POINT('',(-2.04082402963009,-9.25367613967001E-16,15.1123999933904));
#5080=CARTESIAN_POINT('',(-0.50495922398164,-1.15427479650603E-15,18.8507379811008));
#5081=CARTESIAN_POINT('',(-0.649633379903061,-1.14195485106058E-15,18.6495380032128));
#5082=CARTESIAN_POINT('',(-0.786751873046341,-1.12934978928188E-15,18.4436817222432));
#5083=CARTESIAN_POINT('',(-1.04167549379884,-1.10398749311115E-15,18.0294839929323));
#5084=CARTESIAN_POINT('',(-1.16114946563016,-1.09124404337441E-15,17.8213676650963));
#5085=CARTESIAN_POINT('',(-1.37751412819912,-1.06567691138138E-15,17.4038247129433));
#5086=CARTESIAN_POINT('',(-1.47765427583799,-1.05285859558267E-15,17.1944857295297));
#5087=CARTESIAN_POINT('',(-1.6533273263797,-1.02721478273658E-15,16.7756904840116));
#5088=CARTESIAN_POINT('',(-1.73318793541382,-1.01438483470579E-15,16.5661615318317));
#5089=CARTESIAN_POINT('',(-1.86457253006096,-9.88804118146089E-16,16.1483967268691));
#5090=CARTESIAN_POINT('',(-1.92312403106285,-9.76027791670544E-16,15.9397434811424));
#5091=CARTESIAN_POINT('',(-2.00232420775654,-9.50684755411535E-16,15.5258602900598));
#5092=CARTESIAN_POINT('',(-2.02810329987426,-9.38103213224527E-16,15.3203881131714));
#5093=CARTESIAN_POINT('',(-2.04082402963009,-9.25367613967001E-16,15.1123999933904));
#5094=CARTESIAN_POINT('',(-2.71431452665737,-8.72174020884399E-16,14.2436826927019));
#5095=CARTESIAN_POINT('',(-2.04082402963009,-9.25367613967001E-16,15.1123999933904));
#5096=CARTESIAN_POINT('',(-2.04226496951567,-9.19362456187134E-16,15.0143283243337));
#5097=CARTESIAN_POINT('',(-2.05690224697942,-9.1358789025844E-16,14.9200225059914));
#5098=CARTESIAN_POINT('',(-2.10478307499294,-9.0405085854635E-16,14.7642709583822));
#5099=CARTESIAN_POINT('',(-2.13137347394251,-9.00049250584109E-16,14.6989197409532));
#5100=CARTESIAN_POINT('',(-2.19569933102912,-8.93198096886522E-16,14.5870319100724));
#5101=CARTESIAN_POINT('',(-2.23223757490656,-8.90083192183516E-16,14.5361616558052));
#5102=CARTESIAN_POINT('',(-2.31223310184569,-8.84722484421448E-16,14.4486146542403));
#5103=CARTESIAN_POINT('',(-2.35672659033634,-8.82303128707558E-16,14.4091035769963));
#5104=CARTESIAN_POINT('',(-2.45007841814554,-8.78265274497432E-16,14.3431604134174));
#5105=CARTESIAN_POINT('',(-2.50079959464504,-8.76529543594878E-16,14.3148137765951));
#5106=CARTESIAN_POINT('',(-2.6043000853158,-8.73840489419406E-16,14.2708981892217));
#5107=CARTESIAN_POINT('',(-2.65813946086482,-8.72838959510165E-16,14.2545419645545));
#5108=CARTESIAN_POINT('',(-2.71431452665737,-8.72174020884399E-16,14.2436826927019));
#5109=CARTESIAN_POINT('',(-2.9431217463856,-8.69387178761435E-16,14.1981701069522));
#5110=AXIS2_PLACEMENT_3D('',#5111,#5112,#5113);
#5111=CARTESIAN_POINT('',(0.,0.,0.));
#5112=DIRECTION('',(1.54074395550979E-33,-1.,-6.12323399573677E-17));
#5113=DIRECTION('',(-0.187194105286715,-6.01499324747862E-17,0.982322944324272));
#5114=CARTESIAN_POINT('',(-3.89778955031235,-9.02750015885626E-16,14.7430265855291));
#5115=CARTESIAN_POINT('',(-2.9431217463856,-8.69387178761434E-16,14.1981701069522));
#5116=CARTESIAN_POINT('',(-2.99917640333434,-8.68685173987619E-16,14.186705498964));
#5117=CARTESIAN_POINT('',(-3.05517675664345,-8.68348870311362E-16,14.1812132431317));
#5118=CARTESIAN_POINT('',(-3.16760450928941,-8.68407946618446E-16,14.1821780324428));
#5119=CARTESIAN_POINT('',(-3.22531255439737,-8.68823023730028E-16,14.188956756102));
#5120=CARTESIAN_POINT('',(-3.33679375361217,-8.70366038360516E-16,14.214156097358));
#5121=CARTESIAN_POINT('',(-3.39302061161491,-8.71558633377865E-16,14.2336326520378));
#5122=CARTESIAN_POINT('',(-3.50042962869854,-8.74636778212338E-16,14.2839025720934));
#5123=CARTESIAN_POINT('',(-3.55365376787907,-8.76658388785637E-16,14.3169179782448));
#5124=CARTESIAN_POINT('',(-3.655900729814,-8.81480707251795E-16,14.395672415353));
#5125=CARTESIAN_POINT('',(-3.70547588335979,-8.84554628708928E-16,14.4458733624224));
#5126=CARTESIAN_POINT('',(-3.8093155371964,-8.92243724721093E-16,14.5714458298067));
#5127=CARTESIAN_POINT('',(-3.85892789251209,-8.97235738494189E-16,14.6529716015896));
#5128=CARTESIAN_POINT('',(-3.89778955031235,-9.02750015885626E-16,14.7430265855291));
#5129=CARTESIAN_POINT('',(-3.89778955031235,-9.02750015885626E-16,14.7430265855291));
#5130=CARTESIAN_POINT('',(-3.98913557974134,-9.14218095576064E-16,14.9303145398751));
#5131=CARTESIAN_POINT('',(-4.09158315322278,-9.25237853683865E-16,15.110280847148));
#5132=CARTESIAN_POINT('',(-4.32314081560306,-9.46795899954352E-16,15.4623504607785));
#5133=CARTESIAN_POINT('',(-4.45708348922533,-9.57227672464752E-16,15.632714234524));
#5134=CARTESIAN_POINT('',(-4.73833869659157,-9.77782490002433E-16,15.9683998795931));
#5135=CARTESIAN_POINT('',(-4.89230353733215,-9.87764474522162E-16,16.1314180580047));
#5136=CARTESIAN_POINT('',(-5.2148702751545,-1.00733979166607E-15,16.4511072476965));
#5137=CARTESIAN_POINT('',(-5.38749826864124,-1.01683582704726E-15,16.6061892744131));
#5138=CARTESIAN_POINT('',(-5.74717992203715,-1.03538678997003E-15,16.9091494901371));
#5139=CARTESIAN_POINT('',(-5.93720214994744,-1.04436061632092E-15,17.0557031961875));
#5140=CARTESIAN_POINT('',(-6.33122747424486,-1.06181879889827E-15,17.34081695453));
#5141=CARTESIAN_POINT('',(-6.53668623176411,-1.07025131440132E-15,17.47853038356));
#5142=CARTESIAN_POINT('',(-6.74734362143321,-1.07824336792079E-15,17.6090505225099));
#5143=CARTESIAN_POINT('',(-7.66874065117725,-8.07106381300209E-16,13.1810474965051));
#5144=CARTESIAN_POINT('',(-7.68038660501203,-1.05457835085031E-15,17.2225714644345));
#5145=CARTESIAN_POINT('',(-7.73705219842123,-1.03980611349236E-15,16.9813225203595));
#5146=CARTESIAN_POINT('',(-7.78495537958972,-1.02494751182866E-15,16.7386631401359));
#5147=CARTESIAN_POINT('',(-7.8619674864261,-9.95542281746751E-16,16.2584392894325));
#5148=CARTESIAN_POINT('',(-7.89270437300139,-9.80969283326933E-16,16.0204441641447));
#5149=CARTESIAN_POINT('',(-7.93281248621783,-9.52278346342952E-16,15.5518856049918));
#5150=CARTESIAN_POINT('',(-7.94521935830349,-9.38089222508746E-16,15.3201596274433));
#5151=CARTESIAN_POINT('',(-7.94725409209975,-9.10280952004542E-16,14.8660161058407));
#5152=CARTESIAN_POINT('',(-7.94085241564021,-8.96556283746611E-16,14.6418752634773));
#5153=CARTESIAN_POINT('',(-7.90236428403754,-8.69844100371336E-16,14.2056322031292));
#5154=CARTESIAN_POINT('',(-7.87661067716219,-8.56668299818858E-16,13.9904550506367));
#5155=CARTESIAN_POINT('',(-7.79139585921907,-8.31398521106566E-16,13.577768246084));
#5156=CARTESIAN_POINT('',(-7.73658183688619,-8.19170620586361E-16,13.3780714759015));
#5157=CARTESIAN_POINT('',(-7.66874065117725,-8.07106381300209E-16,13.1810474965051));
#5158=CARTESIAN_POINT('',(-7.95852101833921,-7.42180274604901E-16,12.1207237077929));
#5159=CARTESIAN_POINT('',(-7.66874065117725,-8.07106381300209E-16,13.1810474965051));
#5160=CARTESIAN_POINT('',(-7.63254150311271,-8.01524573967006E-16,13.0898896649231));
#5161=CARTESIAN_POINT('',(-7.60997530991793,-7.95846581198787E-16,12.9971610059796));
#5162=CARTESIAN_POINT('',(-7.59460789008406,-7.8591354041153E-16,12.8349421393779));
#5163=CARTESIAN_POINT('',(-7.59416538723991,-7.81593454481767E-16,12.7643897820326));
#5164=CARTESIAN_POINT('',(-7.61077711085212,-7.73756491597345E-16,12.6364024653649));
#5165=CARTESIAN_POINT('',(-7.62506684301614,-7.70022508768982E-16,12.5754218980542));
#5166=CARTESIAN_POINT('',(-7.66547028599554,-7.63195357241158E-16,12.4639260523528));
#5167=CARTESIAN_POINT('',(-7.69145667468588,-7.59917565806652E-16,12.410395655886));
#5168=CARTESIAN_POINT('',(-7.75246716154194,-7.53999598717141E-16,12.3137479188629));
#5169=CARTESIAN_POINT('',(-7.78847963009954,-7.51207463319089E-16,12.2681488873708));
#5170=CARTESIAN_POINT('',(-7.86729584732477,-7.46297815397107E-16,12.187968252017));
#5171=CARTESIAN_POINT('',(-7.91077768824153,-7.44110925752159E-16,12.1522536337863));
#5172=CARTESIAN_POINT('',(-7.95852101833921,-7.42180274604901E-16,12.1207237077929));
#5173=CARTESIAN_POINT('',(-8.15249441300643,-7.34244019686442E-16,11.9911148291516));
#5174=AXIS2_PLACEMENT_3D('',#5175,#5176,#5177);
#5175=CARTESIAN_POINT('',(0.,0.,0.));
#5176=DIRECTION('',(0.,-1.,-6.12323399573676E-17));
#5177=DIRECTION('',(-0.548863518506152,-5.11848465244759E-17,0.835911979847787));
#5178=CARTESIAN_POINT('',(-9.24300000476999,-7.42696911334936E-16,12.1291610258898));
#5179=CARTESIAN_POINT('',(-8.15249441300643,-7.34244019686442E-16,11.9911148291516));
#5180=CARTESIAN_POINT('',(-8.19989484772764,-7.3228194537617E-16,11.9590717239618));
#5181=CARTESIAN_POINT('',(-8.24953063264999,-7.30659007300525E-16,11.932567133793));
#5182=CARTESIAN_POINT('',(-8.35376954109091,-7.28079111906995E-16,11.890434244615));
#5183=CARTESIAN_POINT('',(-8.40967892806438,-7.27110343500049E-16,11.8746130558834));
#5184=CARTESIAN_POINT('',(-8.52231749668393,-7.2592360856087E-16,11.8552322035429));
#5185=CARTESIAN_POINT('',(-8.58171769476557,-7.25707881101188E-16,11.8517091067637));
#5186=CARTESIAN_POINT('',(-8.70018815280789,-7.26034843360471E-16,11.8570488056796));
#5187=CARTESIAN_POINT('',(-8.76199529457928,-7.26655387920223E-16,11.8671830674142));
#5188=CARTESIAN_POINT('',(-8.88659718827896,-7.28714716882904E-16,11.9008144616107));
#5189=CARTESIAN_POINT('',(-8.9516097286935,-7.30392975158249E-16,11.9282224992018));
#5190=CARTESIAN_POINT('',(-9.09559956236541,-7.35063540304465E-16,12.0044986165194));
#5191=CARTESIAN_POINT('',(-9.17263396417333,-7.38513013077726E-16,12.0608327820218));
#5192=CARTESIAN_POINT('',(-9.24300000476999,-7.42696911334937E-16,12.1291610258898));
#5193=CARTESIAN_POINT('',(-9.24300000476999,-7.42696911334937E-16,12.1291610258898));
#5194=CARTESIAN_POINT('',(-9.3990647289454,-7.51151560283818E-16,12.2672359215212));
#5195=CARTESIAN_POINT('',(-9.56258406941758,-7.58931876034856E-16,12.3942981202948));
#5196=CARTESIAN_POINT('',(-9.91124666246248,-7.73422915196316E-16,12.6309547493172));
#5197=CARTESIAN_POINT('',(-10.1001889508395,-7.79921990941115E-16,12.73709271088));
#5198=CARTESIAN_POINT('',(-10.4884962151881,-7.92321624816552E-16,12.9395940995918));
#5199=CARTESIAN_POINT('',(-10.6931255363272,-7.97935979169007E-16,13.0312834643354));
#5200=CARTESIAN_POINT('',(-11.1134780996715,-8.0846263602626E-16,13.2031968170601));
#5201=CARTESIAN_POINT('',(-11.3323128918744,-8.13190705684911E-16,13.2804120543341));
#5202=CARTESIAN_POINT('',(-11.78055326489,-8.21901283597327E-16,13.4226665871265));
#5203=CARTESIAN_POINT('',(-12.0121945872357,-8.25739302848389E-16,13.4853461981577));
#5204=CARTESIAN_POINT('',(-12.4853348313022,-8.32635521793771E-16,13.5979700003868));
#5205=CARTESIAN_POINT('',(-12.7278546198534,-8.35611716976796E-16,13.6465749562826));
#5206=CARTESIAN_POINT('',(-12.9724245653071,-8.38059160870077E-16,13.6865447483073));
#5207=CARTESIAN_POINT('',(-12.1291610258898,-5.65970518518027E-16,9.24300000476998));
#5208=CARTESIAN_POINT('',(-13.6865447483073,-7.9433191105419E-16,12.9724245653071));
#5209=CARTESIAN_POINT('',(-13.6465749562826,-7.79356321010818E-16,12.7278546198534));
#5210=CARTESIAN_POINT('',(-13.5979700003868,-7.64506266871862E-16,12.4853348313022));
#5211=CARTESIAN_POINT('',(-13.4853461981577,-7.35534782599669E-16,12.0121945872357));
#5212=CARTESIAN_POINT('',(-13.4226665871265,-7.21350842401623E-16,11.78055326489));
#5213=CARTESIAN_POINT('',(-13.2804120543341,-6.93904035498512E-16,11.3323128918744));
#5214=CARTESIAN_POINT('',(-13.2031968170601,-6.80504269107843E-16,11.1134780996715));
#5215=CARTESIAN_POINT('',(-13.0312834643354,-6.54765098047194E-16,10.6931255363272));
#5216=CARTESIAN_POINT('',(-12.9395940995918,-6.42235165889963E-16,10.4884962151881));
#5217=CARTESIAN_POINT('',(-12.73709271088,-6.18458203471452E-16,10.1001889508395));
#5218=CARTESIAN_POINT('',(-12.6309547493172,-6.06888825037228E-16,9.91124666246247));
#5219=CARTESIAN_POINT('',(-12.3942981202948,-5.85539398609485E-16,9.56258406941757));
#5220=CARTESIAN_POINT('',(-12.2672359215212,-5.75526726764088E-16,9.39906472894539));
#5221=CARTESIAN_POINT('',(-12.1291610258898,-5.65970518518026E-16,9.24300000476998));
#5222=CARTESIAN_POINT('',(-11.9911148291516,-4.9919630939775E-16,8.15249441300642));
#5223=CARTESIAN_POINT('',(-12.1291610258898,-5.65970518518026E-16,9.24300000476998));
#5224=CARTESIAN_POINT('',(-12.0608327820219,-5.61661841198758E-16,9.17263396417333));
#5225=CARTESIAN_POINT('',(-12.0044986165194,-5.56944844518843E-16,9.0955995623654));
#5226=CARTESIAN_POINT('',(-11.9282224992018,-5.4812801007304E-16,8.95160972869349));
#5227=CARTESIAN_POINT('',(-11.9008144616107,-5.44147140096884E-16,8.88659718827895));
#5228=CARTESIAN_POINT('',(-11.8671830674142,-5.36517474582534E-16,8.76199529457928));
#5229=CARTESIAN_POINT('',(-11.8570488056796,-5.32732878665794E-16,8.70018815280788));
#5230=CARTESIAN_POINT('',(-11.8517091067638,-5.25478655304042E-16,8.58171769476556));
#5231=CARTESIAN_POINT('',(-11.8552322035429,-5.21841442181572E-16,8.52231749668392));
#5232=CARTESIAN_POINT('',(-11.8746130558834,-5.14944319055549E-16,8.40967892806437));
#5233=CARTESIAN_POINT('',(-11.8904342446151,-5.11520856465581E-16,8.3537695410909));
#5234=CARTESIAN_POINT('',(-11.932567133793,-5.05138064187142E-16,8.24953063264998));
#5235=CARTESIAN_POINT('',(-11.9590717239618,-5.02098748930726E-16,8.19989484772763));
#5236=CARTESIAN_POINT('',(-11.9911148291516,-4.9919630939775E-16,8.15249441300642));
#5237=CARTESIAN_POINT('',(-12.1207237077929,-4.87318864552802E-16,7.9585210183392));
#5238=AXIS2_PLACEMENT_3D('',#5239,#5240,#5241);
#5239=CARTESIAN_POINT('',(0.,0.,0.));
#5240=DIRECTION('',(0.,-1.,-6.12323399573677E-17));
#5241=DIRECTION('',(-0.826973436493213,-3.44273316826034E-17,0.562240994000443));
#5242=CARTESIAN_POINT('',(-13.1810474965051,-4.69574934597769E-16,7.66874065117723));
#5243=CARTESIAN_POINT('',(-12.1207237077929,-4.87318864552802E-16,7.9585210183392));
#5244=CARTESIAN_POINT('',(-12.1522536337863,-4.84395428733564E-16,7.91077768824152));
#5245=CARTESIAN_POINT('',(-12.187968252017,-4.81732933868577E-16,7.86729584732477));
#5246=CARTESIAN_POINT('',(-12.2681488873708,-4.76906832461288E-16,7.78847963009953));
#5247=CARTESIAN_POINT('',(-12.3137479188629,-4.74701704743865E-16,7.75246716154193));
#5248=CARTESIAN_POINT('',(-12.410395655886,-4.7096588987173E-16,7.69145667468587));
#5249=CARTESIAN_POINT('',(-12.4639260523528,-4.69374682485179E-16,7.66547028599554));
#5250=CARTESIAN_POINT('',(-12.5754218980542,-4.66900685129216E-16,7.62506684301613));
#5251=CARTESIAN_POINT('',(-12.6364024653649,-4.66025691391449E-16,7.61077711085211));
#5252=CARTESIAN_POINT('',(-12.7643897820326,-4.65008516683949E-16,7.59416538723991));
#5253=CARTESIAN_POINT('',(-12.8349421393779,-4.65035612168533E-16,7.59460789008405));
#5254=CARTESIAN_POINT('',(-12.9971610059796,-4.65976595244068E-16,7.60997530991792));
#5255=CARTESIAN_POINT('',(-13.0898896649231,-4.67358376057315E-16,7.6325415031127));
#5256=CARTESIAN_POINT('',(-13.1810474965051,-4.6957493459777E-16,7.66874065117724));
#5257=CARTESIAN_POINT('',(-13.1810474965051,-4.6957493459777E-16,7.66874065117724));
#5258=CARTESIAN_POINT('',(-13.3780714759015,-4.73729009144211E-16,7.73658183688618));
#5259=CARTESIAN_POINT('',(-13.577768246084,-4.77085399994128E-16,7.79139585921906));
#5260=CARTESIAN_POINT('',(-13.9904550506367,-4.82303302695826E-16,7.87661067716218));
#5261=CARTESIAN_POINT('',(-14.2056322031292,-4.83880256307146E-16,7.90236428403753));
#5262=CARTESIAN_POINT('',(-14.6418752634773,-4.86236974665765E-16,7.9408524156402));
#5263=CARTESIAN_POINT('',(-14.8660161058407,-4.86628964295033E-16,7.94725409209974));
#5264=CARTESIAN_POINT('',(-15.3201596274433,-4.86504372783498E-16,7.94521935830348));
#5265=CARTESIAN_POINT('',(-15.5518856049918,-4.85744670974141E-16,7.93281248621782));
#5266=CARTESIAN_POINT('',(-16.0204441641447,-4.83288757350623E-16,7.89270437300138));
#5267=CARTESIAN_POINT('',(-16.2584392894325,-4.81406665862614E-16,7.86196748642609));
#5268=CARTESIAN_POINT('',(-16.7386631401359,-4.76691034355975E-16,7.7849553795897));
#5269=CARTESIAN_POINT('',(-16.9813225203595,-4.73757810481627E-16,7.73705219842122));
#5270=CARTESIAN_POINT('',(-17.2225714644345,-4.70288043602109E-16,7.68038660501202));
#5271=CARTESIAN_POINT('',(-14.7430265855291,-2.38670774827001E-16,3.89778955031235));
#5272=CARTESIAN_POINT('',(-17.6090505225099,-4.13155638436774E-16,6.7473436214332));
#5273=CARTESIAN_POINT('',(-17.47853038356,-4.00256593538024E-16,6.53668623176411));
#5274=CARTESIAN_POINT('',(-17.34081695453,-3.87675873050387E-16,6.33122747424486));
#5275=CARTESIAN_POINT('',(-17.0557031961875,-3.63548780441196E-16,5.93720214994744));
#5276=CARTESIAN_POINT('',(-16.9091494901371,-3.51913274782336E-16,5.74717992203714));
#5277=CARTESIAN_POINT('',(-16.6061892744131,-3.2988912550517E-16,5.38749826864123));
#5278=CARTESIAN_POINT('',(-16.4511072476965,-3.19318709521831E-16,5.21487027515449));
#5279=CARTESIAN_POINT('',(-16.1314180580047,-2.99567193372554E-16,4.89230353733214));
#5280=CARTESIAN_POINT('',(-15.9683998795931,-2.90139565902845E-16,4.73833869659157));
#5281=CARTESIAN_POINT('',(-15.632714234524,-2.72917651430616E-16,4.45708348922533));
#5282=CARTESIAN_POINT('',(-15.4623504607785,-2.64716028104578E-16,4.32314081560306));
#5283=CARTESIAN_POINT('',(-15.110280847148,-2.50537210601975E-16,4.09158315322278));
#5284=CARTESIAN_POINT('',(-14.9303145398751,-2.44264105954753E-16,3.98913557974134));
#5285=CARTESIAN_POINT('',(-14.7430265855291,-2.38670774827001E-16,3.89778955031235));
#5286=CARTESIAN_POINT('',(-14.1981701069522,-1.80214231310605E-16,2.9431217463856));
#5287=CARTESIAN_POINT('',(-14.7430265855291,-2.38670774827001E-16,3.89778955031235));
#5288=CARTESIAN_POINT('',(-14.6529716015896,-2.36291184585269E-16,3.85892789251209));
#5289=CARTESIAN_POINT('',(-14.5714458298067,-2.33253303978493E-16,3.8093155371964));
#5290=CARTESIAN_POINT('',(-14.4458733624224,-2.26894958993713E-16,3.70547588335978));
#5291=CARTESIAN_POINT('',(-14.395672415353,-2.23859356338359E-16,3.65590072981399));
#5292=CARTESIAN_POINT('',(-14.3169179782448,-2.17598535605551E-16,3.55365376787906));
#5293=CARTESIAN_POINT('',(-14.2839025720934,-2.14339497021311E-16,3.50042962869854));
#5294=CARTESIAN_POINT('',(-14.2336326520378,-2.07762591572759E-16,3.39302061161491));
#5295=CARTESIAN_POINT('',(-14.214156097358,-2.04319689488801E-16,3.33679375361217));
#5296=CARTESIAN_POINT('',(-14.188956756102,-1.97493434799625E-16,3.22531255439736));
#5297=CARTESIAN_POINT('',(-14.1821780324428,-1.93959836163299E-16,3.1676045092894));
#5298=CARTESIAN_POINT('',(-14.1812132431317,-1.87075621792639E-16,3.05517675664344));
#5299=CARTESIAN_POINT('',(-14.186705498964,-1.83646589121083E-16,2.99917640333434));
#5300=CARTESIAN_POINT('',(-14.1981701069522,-1.80214231310605E-16,2.9431217463856));
#5301=CARTESIAN_POINT('',(-14.2436826927019,-1.66203829847506E-16,2.71431452665737));
#5302=AXIS2_PLACEMENT_3D('',#5303,#5304,#5305);
#5303=CARTESIAN_POINT('',(0.,0.,0.));
#5304=DIRECTION('',(0.,-1.,-6.12323399573676E-17));
#5305=DIRECTION('',(-0.979184145307051,-1.24285676765934E-17,0.202973913543834));
#5306=CARTESIAN_POINT('',(-15.1123999933904,-1.24964430775475E-16,2.04082402963009));
#5307=CARTESIAN_POINT('',(-14.2436826927019,-1.66203829847505E-16,2.71431452665737));
#5308=CARTESIAN_POINT('',(-14.2545419645545,-1.62764099121769E-16,2.65813946086482));
#5309=CARTESIAN_POINT('',(-14.2708981892217,-1.59467388175059E-16,2.6043000853158));
#5310=CARTESIAN_POINT('',(-14.3148137765951,-1.53129810944552E-16,2.50079959464503));
#5311=CARTESIAN_POINT('',(-14.3431604134174,-1.50024034622097E-16,2.45007841814553));
#5312=CARTESIAN_POINT('',(-14.4091035769963,-1.44307883766043E-16,2.35672659033634));
#5313=CARTESIAN_POINT('',(-14.4486146542403,-1.41583443352894E-16,2.31223310184569));
#5314=CARTESIAN_POINT('',(-14.5361616558052,-1.36685130052288E-16,2.23223757490656));
#5315=CARTESIAN_POINT('',(-14.5870319100724,-1.3444780788174E-16,2.19569933102912));
#5316=CARTESIAN_POINT('',(-14.6989197409532,-1.30508985132563E-16,2.13137347394251));
#5317=CARTESIAN_POINT('',(-14.7642709583822,-1.28880792784481E-16,2.10478307499293));
#5318=CARTESIAN_POINT('',(-14.9200225059914,-1.25948937646117E-16,2.05690224697942));
#5319=CARTESIAN_POINT('',(-15.0143283243337,-1.25052662896406E-16,2.04226496951566));
#5320=CARTESIAN_POINT('',(-15.1123999933904,-1.24964430775475E-16,2.04082402963009));
#5321=CARTESIAN_POINT('',(-15.1123999933904,-1.24964430775475E-16,2.04082402963009));
#5322=CARTESIAN_POINT('',(-15.3203881131714,-1.2418551072656E-16,2.02810329987425));
#5323=CARTESIAN_POINT('',(-15.5258602900598,-1.22606996594215E-16,2.00232420775654));
#5324=CARTESIAN_POINT('',(-15.9397434811424,-1.17757384450223E-16,1.92312403106285));
#5325=CARTESIAN_POINT('',(-16.1483967268691,-1.14172139035862E-16,1.86457253006096));
#5326=CARTESIAN_POINT('',(-16.5661615318317,-1.06127152871267E-16,1.73318793541381));
#5327=CARTESIAN_POINT('',(-16.7756904840116,-1.01237100909687E-16,1.65332732637969));
#5328=CARTESIAN_POINT('',(-17.1944857295297,-9.04802289575692E-17,1.47765427583798));
#5329=CARTESIAN_POINT('',(-17.4038247129433,-8.43484133939655E-17,1.37751412819912));
#5330=CARTESIAN_POINT('',(-17.8213676650963,-7.10998988207818E-17,1.16114946563016));
#5331=CARTESIAN_POINT('',(-18.0294839929323,-6.37842279615489E-17,1.04167549379883));
#5332=CARTESIAN_POINT('',(-18.4436817222432,-4.81746581524689E-17,0.786751873046335));
#5333=CARTESIAN_POINT('',(-18.6495380032128,-3.97785719658776E-17,0.649633379903054));
#5334=CARTESIAN_POINT('',(-18.8507379811008,-3.0919834867452E-17,0.504959223981634));
#5335=CARTESIAN_POINT('',(-18.8507379811008,3.0919834867452E-17,-0.504959223981634));
#5336=CARTESIAN_POINT('',(-18.6495380032128,3.97785719658776E-17,-0.649633379903054));
#5337=CARTESIAN_POINT('',(-18.4436817222432,4.81746581524689E-17,-0.786751873046335));
#5338=CARTESIAN_POINT('',(-18.0294839929323,6.37842279615489E-17,-1.04167549379883));
#5339=CARTESIAN_POINT('',(-17.8213676650963,7.10998988207818E-17,-1.16114946563016));
#5340=CARTESIAN_POINT('',(-17.4038247129433,8.43484133939655E-17,-1.37751412819912));
#5341=CARTESIAN_POINT('',(-17.1944857295297,9.04802289575692E-17,-1.47765427583798));
#5342=CARTESIAN_POINT('',(-16.7756904840116,1.01237100909687E-16,-1.65332732637969));
#5343=CARTESIAN_POINT('',(-16.5661615318317,1.06127152871267E-16,-1.73318793541381));
#5344=CARTESIAN_POINT('',(-16.1483967268691,1.14172139035862E-16,-1.86457253006096));
#5345=CARTESIAN_POINT('',(-15.9397434811424,1.17757384450223E-16,-1.92312403106285));
#5346=CARTESIAN_POINT('',(-15.5258602900598,1.22606996594215E-16,-2.00232420775654));
#5347=CARTESIAN_POINT('',(-15.3203881131714,1.2418551072656E-16,-2.02810329987425));
#5348=CARTESIAN_POINT('',(-15.1123999933904,1.24964430775475E-16,-2.04082402963009));
#5349=CARTESIAN_POINT('',(-12.1291610258898,-5.65970518518026E-16,9.24300000476998));
#5350=VECTOR('',#5351,1.);
#5351=DIRECTION('',(0.,1.,0.));
#5352=CARTESIAN_POINT('',(-13.1810474965051,-4.69574934597769E-16,7.66874065117723));
#5353=VECTOR('',#5354,1.);
#5354=DIRECTION('',(0.,1.,1.0449157878825E-16));
#5355=CARTESIAN_POINT('',(-12.1207237077929,-4.87318864552802E-16,7.9585210183392));
#5356=VECTOR('',#5357,1.);
#5357=DIRECTION('',(0.,1.,1.0449157878825E-16));
#5358=CARTESIAN_POINT('',(-11.9911148291516,-4.9919630939775E-16,8.15249441300642));
#5359=VECTOR('',#5360,1.);
#5360=DIRECTION('',(0.,1.,0.));
#5361=CARTESIAN_POINT('',(-7.66874065117725,-8.07106381300209E-16,13.1810474965051));
#5362=VECTOR('',#5363,1.);
#5363=DIRECTION('',(0.,1.,0.));
#5364=CARTESIAN_POINT('',(-9.24300000476999,-7.42696911334936E-16,12.1291610258898));
#5365=VECTOR('',#5366,1.);
#5366=DIRECTION('',(0.,1.,0.));
#5367=CARTESIAN_POINT('',(-8.15249441300643,-7.34244019686442E-16,11.9911148291516));
#5368=VECTOR('',#5369,1.);
#5369=DIRECTION('',(0.,1.,0.));
#5370=CARTESIAN_POINT('',(-7.95852101833921,-7.42180274604901E-16,12.1207237077929));
#5371=VECTOR('',#5372,1.);
#5372=DIRECTION('',(0.,1.,0.));
#5373=CARTESIAN_POINT('',(-2.04082402963009,-9.25367613967001E-16,15.1123999933904));
#5374=VECTOR('',#5375,1.);
#5375=DIRECTION('',(0.,1.,0.));
#5376=CARTESIAN_POINT('',(-3.89778955031235,-9.02750015885626E-16,14.7430265855291));
#5377=VECTOR('',#5378,1.);
#5378=DIRECTION('',(0.,1.,0.));
#5379=CARTESIAN_POINT('',(-2.9431217463856,-8.69387178761435E-16,14.1981701069522));
#5380=VECTOR('',#5381,1.);
#5381=DIRECTION('',(0.,1.,0.));
#5382=CARTESIAN_POINT('',(-2.71431452665737,-8.72174020884399E-16,14.2436826927019));
#5383=VECTOR('',#5384,1.);
#5384=DIRECTION('',(0.,1.,0.));
#5385=CARTESIAN_POINT('',(3.89778955031234,-9.02750015885626E-16,14.7430265855291));
#5386=VECTOR('',#5387,1.);
#5387=DIRECTION('',(0.,1.,0.));
#5388=CARTESIAN_POINT('',(2.04082402963008,-9.25367613967001E-16,15.1123999933904));
#5389=VECTOR('',#5390,1.);
#5390=DIRECTION('',(0.,1.,0.));
#5391=CARTESIAN_POINT('',(2.71431452665736,-8.72174020884399E-16,14.2436826927019));
#5392=VECTOR('',#5393,1.);
#5393=DIRECTION('',(0.,1.,0.));
#5394=CARTESIAN_POINT('',(2.94312174638559,-8.69387178761435E-16,14.1981701069522));
#5395=VECTOR('',#5396,1.);
#5396=DIRECTION('',(0.,1.,0.));
#5397=CARTESIAN_POINT('',(9.24300000476999,-7.42696911334937E-16,12.1291610258898));
#5398=VECTOR('',#5399,1.);
#5399=DIRECTION('',(0.,1.,0.));
#5400=CARTESIAN_POINT('',(7.66874065117723,-8.07106381300209E-16,13.1810474965051));
#5401=VECTOR('',#5402,1.);
#5402=DIRECTION('',(0.,1.,0.));
#5403=CARTESIAN_POINT('',(7.9585210183392,-7.42180274604901E-16,12.1207237077929));
#5404=VECTOR('',#5405,1.);
#5405=DIRECTION('',(0.,1.,0.));
#5406=CARTESIAN_POINT('',(8.15249441300642,-7.34244019686443E-16,11.9911148291516));
#5407=VECTOR('',#5408,1.);
#5408=DIRECTION('',(0.,1.,0.));
#5409=CARTESIAN_POINT('',(13.1810474965051,-4.6957493459777E-16,7.66874065117725));
#5410=VECTOR('',#5411,1.);
#5411=DIRECTION('',(0.,1.,1.0449157878825E-16));
#5412=CARTESIAN_POINT('',(12.1291610258898,-5.65970518518027E-16,9.24300000476999));
#5413=VECTOR('',#5414,1.);
#5414=DIRECTION('',(0.,1.,0.));
#5415=CARTESIAN_POINT('',(11.9911148291516,-4.9919630939775E-16,8.15249441300643));
#5416=VECTOR('',#5417,1.);
#5417=DIRECTION('',(0.,1.,0.));
#5418=CARTESIAN_POINT('',(12.1207237077929,-4.87318864552802E-16,7.95852101833921));
#5419=VECTOR('',#5420,1.);
#5420=DIRECTION('',(0.,1.,1.0449157878825E-16));
#5421=CARTESIAN_POINT('',(15.1123999933904,-1.24964430775475E-16,2.04082402963009));
#5422=VECTOR('',#5423,1.);
#5423=DIRECTION('',(0.,1.,5.2245789394125E-17));
#5424=CARTESIAN_POINT('',(14.7430265855291,-2.38670774827001E-16,3.89778955031235));
#5425=VECTOR('',#5426,1.);
#5426=DIRECTION('',(0.,1.,5.2245789394125E-17));
#5427=CARTESIAN_POINT('',(14.1981701069522,-1.80214231310605E-16,2.9431217463856));
#5428=VECTOR('',#5429,1.);
#5429=DIRECTION('',(0.,1.,5.2245789394125E-17));
#5430=CARTESIAN_POINT('',(14.2436826927019,-1.66203829847506E-16,2.71431452665737));
#5431=VECTOR('',#5432,1.);
#5432=DIRECTION('',(0.,1.,5.2245789394125E-17));
#5433=CARTESIAN_POINT('',(14.7430265855291,2.38670774827001E-16,-3.89778955031234));
#5434=VECTOR('',#5435,1.);
#5435=DIRECTION('',(0.,1.,5.2245789394125E-17));
#5436=CARTESIAN_POINT('',(15.1123999933904,1.24964430775474E-16,-2.04082402963009));
#5437=VECTOR('',#5438,1.);
#5438=DIRECTION('',(0.,1.,5.2245789394125E-17));
#5439=CARTESIAN_POINT('',(14.2436826927019,1.66203829847505E-16,-2.71431452665737));
#5440=VECTOR('',#5441,1.);
#5441=DIRECTION('',(0.,1.,5.2245789394125E-17));
#5442=CARTESIAN_POINT('',(14.1981701069522,1.80214231310604E-16,-2.9431217463856));
#5443=VECTOR('',#5444,1.);
#5444=DIRECTION('',(0.,1.,5.2245789394125E-17));
#5445=CARTESIAN_POINT('',(12.1291610258898,5.65970518518027E-16,-9.24300000476999));
#5446=VECTOR('',#5447,1.);
#5447=DIRECTION('',(0.,1.,0.));
#5448=CARTESIAN_POINT('',(13.1810474965051,4.69574934597769E-16,-7.66874065117724));
#5449=VECTOR('',#5450,1.);
#5450=DIRECTION('',(0.,1.,1.0449157878825E-16));
#5451=CARTESIAN_POINT('',(12.1207237077929,4.87318864552802E-16,-7.9585210183392));
#5452=VECTOR('',#5453,1.);
#5453=DIRECTION('',(0.,1.,1.0449157878825E-16));
#5454=CARTESIAN_POINT('',(11.9911148291516,4.9919630939775E-16,-8.15249441300642));
#5455=VECTOR('',#5456,1.);
#5456=DIRECTION('',(0.,1.,0.));
#5457=CARTESIAN_POINT('',(7.66874065117724,8.07106381300209E-16,-13.1810474965051));
#5458=VECTOR('',#5459,1.);
#5459=DIRECTION('',(0.,1.,0.));
#5460=CARTESIAN_POINT('',(9.24300000476999,7.42696911334936E-16,-12.1291610258898));
#5461=VECTOR('',#5462,1.);
#5462=DIRECTION('',(0.,1.,0.));
#5463=CARTESIAN_POINT('',(8.15249441300642,7.34244019686442E-16,-11.9911148291516));
#5464=VECTOR('',#5465,1.);
#5465=DIRECTION('',(0.,1.,0.));
#5466=CARTESIAN_POINT('',(7.95852101833921,7.42180274604901E-16,-12.1207237077929));
#5467=VECTOR('',#5468,1.);
#5468=DIRECTION('',(0.,1.,0.));
#5469=CARTESIAN_POINT('',(2.04082402963009,9.25367613967001E-16,-15.1123999933904));
#5470=VECTOR('',#5471,1.);
#5471=DIRECTION('',(0.,1.,0.));
#5472=CARTESIAN_POINT('',(3.89778955031235,9.02750015885625E-16,-14.7430265855291));
#5473=VECTOR('',#5474,1.);
#5474=DIRECTION('',(0.,1.,0.));
#5475=CARTESIAN_POINT('',(2.9431217463856,8.69387178761434E-16,-14.1981701069522));
#5476=VECTOR('',#5477,1.);
#5477=DIRECTION('',(0.,1.,0.));
#5478=CARTESIAN_POINT('',(2.71431452665737,8.72174020884399E-16,-14.2436826927019));
#5479=VECTOR('',#5480,1.);
#5480=DIRECTION('',(0.,1.,0.));
#5481=CARTESIAN_POINT('',(-3.89778955031235,9.02750015885626E-16,-14.7430265855291));
#5482=VECTOR('',#5483,1.);
#5483=DIRECTION('',(0.,1.,0.));
#5484=CARTESIAN_POINT('',(-2.04082402963009,9.25367613967001E-16,-15.1123999933904));
#5485=VECTOR('',#5486,1.);
#5486=DIRECTION('',(0.,1.,0.));
#5487=CARTESIAN_POINT('',(-2.71431452665737,8.72174020884399E-16,-14.2436826927019));
#5488=VECTOR('',#5489,1.);
#5489=DIRECTION('',(0.,1.,0.));
#5490=CARTESIAN_POINT('',(-2.9431217463856,8.69387178761435E-16,-14.1981701069522));
#5491=VECTOR('',#5492,1.);
#5492=DIRECTION('',(0.,1.,0.));
#5493=CARTESIAN_POINT('',(-9.24300000476999,7.42696911334937E-16,-12.1291610258898));
#5494=VECTOR('',#5495,1.);
#5495=DIRECTION('',(0.,1.,0.));
#5496=CARTESIAN_POINT('',(-7.66874065117724,8.07106381300209E-16,-13.1810474965051));
#5497=VECTOR('',#5498,1.);
#5498=DIRECTION('',(0.,1.,0.));
#5499=CARTESIAN_POINT('',(-7.95852101833921,7.42180274604901E-16,-12.1207237077929));
#5500=VECTOR('',#5501,1.);
#5501=DIRECTION('',(0.,1.,0.));
#5502=CARTESIAN_POINT('',(-8.15249441300643,7.34244019686443E-16,-11.9911148291516));
#5503=VECTOR('',#5504,1.);
#5504=DIRECTION('',(0.,1.,0.));
#5505=CARTESIAN_POINT('',(-13.1810474965051,4.6957493459777E-16,-7.66874065117724));
#5506=VECTOR('',#5507,1.);
#5507=DIRECTION('',(0.,1.,1.0449157878825E-16));
#5508=CARTESIAN_POINT('',(-12.1291610258898,5.65970518518027E-16,-9.24300000476998));
#5509=VECTOR('',#5510,1.);
#5510=DIRECTION('',(0.,1.,0.));
#5511=CARTESIAN_POINT('',(-11.9911148291516,4.9919630939775E-16,-8.15249441300642));
#5512=VECTOR('',#5513,1.);
#5513=DIRECTION('',(0.,1.,0.));
#5514=CARTESIAN_POINT('',(-12.1207237077929,4.87318864552802E-16,-7.95852101833921));
#5515=VECTOR('',#5516,1.);
#5516=DIRECTION('',(0.,1.,1.0449157878825E-16));
#5517=CARTESIAN_POINT('',(-15.1123999933904,1.24964430775475E-16,-2.04082402963009));
#5518=VECTOR('',#5519,1.);
#5519=DIRECTION('',(0.,1.,5.2245789394125E-17));
#5520=CARTESIAN_POINT('',(-14.7430265855291,2.38670774827001E-16,-3.89778955031234));
#5521=VECTOR('',#5522,1.);
#5522=DIRECTION('',(0.,1.,5.2245789394125E-17));
#5523=CARTESIAN_POINT('',(-14.1981701069522,1.80214231310605E-16,-2.9431217463856));
#5524=VECTOR('',#5525,1.);
#5525=DIRECTION('',(0.,1.,5.2245789394125E-17));
#5526=CARTESIAN_POINT('',(-14.2436826927019,1.66203829847506E-16,-2.71431452665737));
#5527=VECTOR('',#5528,1.);
#5528=DIRECTION('',(0.,1.,5.2245789394125E-17));
#5529=CARTESIAN_POINT('',(-15.1123999933904,-1.24964430775475E-16,2.04082402963009));
#5530=VECTOR('',#5531,1.);
#5531=DIRECTION('',(0.,1.,5.2245789394125E-17));
#5532=CARTESIAN_POINT('',(-14.7430265855291,-2.38670774827001E-16,3.89778955031235));
#5533=VECTOR('',#5534,1.);
#5534=DIRECTION('',(0.,1.,5.2245789394125E-17));
#5535=CARTESIAN_POINT('',(-14.2436826927019,-1.66203829847506E-16,2.71431452665737));
#5536=VECTOR('',#5537,1.);
#5537=DIRECTION('',(0.,1.,5.2245789394125E-17));
#5538=CARTESIAN_POINT('',(-14.1981701069522,-1.80214231310605E-16,2.9431217463856));
#5539=VECTOR('',#5540,1.);
#5540=DIRECTION('',(0.,1.,5.2245789394125E-17));
ENDSEC;
END-ISO-10303-21;
